$MeshFormat
2.2 0 8
$EndMeshFormat
$Nodes
8320
1 0.6278925538063049 -0.02915199100971222 -1.283431887626648
2 0.6269999742507935 -0.02915717102587223 -1.28343141078949
3 0.6269999742507935 3.784281157514157e-17 -1.284810066223145
4 0.6278925538063049 3.784281157514157e-17 -1.284810066223145
5 0.6305680871009827 -0.02913647145032883 -1.283433318138123
6 0.6305680871009827 3.784281157514157e-17 -1.284810066223145
7 0.6350201964378357 -0.02911067381501198 -1.283435821533203
8 0.6350201964378357 3.784281157514157e-17 -1.284810066223145
9 0.6412380933761597 -0.02907871827483177 -1.283438801765442
10 0.6412380933761597 3.784281157514157e-17 -1.284810066223145
11 0.649206817150116 -0.02905484288930893 -1.283441066741943
12 0.649206817150116 3.784281157514157e-17 -1.284810066223145
13 0.6589071750640869 -0.02902582846581936 -1.283443808555603
14 0.6589071750640869 3.784281157514157e-17 -1.284810066223145
15 0.6703158020973206 -0.02898721396923065 -1.28344738483429
16 0.6703158020973206 3.784281157514157e-17 -1.284810066223145
17 0.6834052205085754 -0.02894148603081703 -1.283451676368713
18 0.6834052205085754 3.784281157514157e-17 -1.284810066223145
19 0.6981438994407654 -0.02890533953905106 -1.28345513343811
20 0.6981438994407654 3.784281157514157e-17 -1.284810066223145
21 0.7144963145256042 -0.02888743579387665 -1.283456802368164
22 0.7144963145256042 3.784281157514157e-17 -1.284810066223145
23 0.7324230670928955 -0.02881921268999577 -1.2834632396698
24 0.7324230670928955 3.784281157514157e-17 -1.284810066223145
25 0.7518810033798218 -0.02873557806015015 -1.283470988273621
26 0.7518810033798218 3.784281157514157e-17 -1.284810066223145
27 0.7728232145309448 -0.02863769419491291 -1.283480167388916
28 0.7728232145309448 3.784281157514157e-17 -1.284810066223145
29 0.7951992154121399 -0.02852008119225502 -1.283491134643555
30 0.7951992154121399 3.784281157514157e-17 -1.284810066223145
31 0.8189551830291748 -0.02839231304824352 -1.28350293636322
32 0.8189551830291748 3.784281157514157e-17 -1.284810066223145
33 0.8440338373184204 -0.02824937738478184 -1.283516049385071
34 0.8440338373184204 3.784281157514157e-17 -1.284810066223145
35 0.8703747987747192 -0.02811251394450665 -1.283528566360474
36 0.8703747987747192 3.784281157514157e-17 -1.284810066223145
37 0.8979145288467407 -0.0280061736702919 -1.283538222312927
38 0.8979145288467407 3.784281157514157e-17 -1.284810066223145
39 0.9265867471694946 -0.02793375216424465 -1.283544898033142
40 0.9265867471694946 3.784281157514157e-17 -1.284810066223145
41 0.9563224315643311 -0.02779130637645721 -1.283557772636414
42 0.9563224315643311 3.784281157514157e-17 -1.284810066223145
43 0.9870498180389404 -0.02764894068241119 -1.283570528030396
44 0.9870498180389404 3.784281157514157e-17 -1.284810066223145
45 1.018694996833801 -0.02748380228877068 -1.283585429191589
46 1.018694996833801 3.784281157514157e-17 -1.284810066223145
47 1.051181674003601 -0.02730144560337067 -1.283601641654968
48 1.051181674003601 3.784281157514157e-17 -1.284810066223145
49 1.084431529045105 -0.02714640647172928 -1.283615350723267
50 1.084431529045105 3.784281157514157e-17 -1.284810066223145
51 1.118364572525024 -0.02706972137093544 -1.283622026443481
52 1.118364572525024 3.784281157514157e-17 -1.284810066223145
53 1.152899026870728 -0.02692057378590107 -1.283635139465332
54 1.152899026870728 3.784281157514157e-17 -1.284810066223145
55 1.187951683998108 -0.02675663679838181 -1.283649444580078
56 1.187951683998108 3.784281157514157e-17 -1.284810066223145
57 1.223438024520874 -0.02657119557261467 -1.283665537834167
58 1.223438024520874 3.784281157514157e-17 -1.284810066223145
59 1.259272694587708 -0.02638294734060764 -1.283681631088257
60 1.259272694587708 3.784281157514157e-17 -1.284810066223145
61 1.295369267463684 -0.02621275000274181 -1.283696174621582
62 1.295369267463684 3.784281157514157e-17 -1.284810066223145
63 1.331640839576721 -0.02610545232892036 -1.283705353736877
64 1.331640839576721 3.784281157514157e-17 -1.284810066223145
65 1.368000030517578 -0.02597038820385933 -1.283716797828674
66 1.368000030517578 3.784281157514157e-17 -1.284810066223145
67 1.404359102249146 -0.02581176534295082 -1.283730149269104
68 1.404359102249146 3.784281157514157e-17 -1.284810066223145
69 1.440630674362183 -0.02563112042844296 -1.283745169639587
70 1.440630674362183 3.784281157514157e-17 -1.284810066223145
71 1.476727247238159 -0.02544782124459743 -1.28376042842865
72 1.476727247238159 3.784281157514157e-17 -1.284810066223145
73 1.512561917304993 -0.02528354153037071 -1.283773899078369
74 1.512561917304993 3.784281157514157e-17 -1.284810066223145
75 1.548048257827759 -0.02520683966577053 -1.283780217170715
76 1.548048257827759 3.784281157514157e-17 -1.284810066223145
77 1.583100914955139 -0.02506362274289131 -1.283791899681091
78 1.583100914955139 3.784281157514157e-17 -1.284810066223145
79 1.617635369300842 -0.02490433864295483 -1.283804774284363
80 1.617635369300842 3.784281157514157e-17 -1.284810066223145
81 1.651568412780762 -0.02474042028188705 -1.283818006515503
82 1.651568412780762 3.784281157514157e-17 -1.284810066223145
83 1.684818267822266 -0.02456779032945633 -1.283831834793091
84 1.684818267822266 3.784281157514157e-17 -1.284810066223145
85 1.717304944992065 -0.02443681098520756 -1.283842206001282
86 1.717304944992065 3.784281157514157e-17 -1.284810066223145
87 1.748950123786926 -0.02436942420899868 -1.283847570419312
88 1.748950123786926 3.784281157514157e-17 -1.284810066223145
89 1.779677510261536 -0.02424700185656548 -1.283857226371765
90 1.779677510261536 3.784281157514157e-17 -1.284810066223145
91 1.809413194656372 -0.02412061579525471 -1.283867239952087
92 1.809413194656372 3.784281157514157e-17 -1.284810066223145
93 1.838085412979126 -0.02398375049233437 -1.283877849578857
94 1.838085412979126 3.784281157514157e-17 -1.284810066223145
95 1.865625143051147 -0.02384508773684502 -1.283888578414917
96 1.865625143051147 3.784281157514157e-17 -1.284810066223145
97 1.891966104507446 -0.02373010292649269 -1.283897519111633
98 1.891966104507446 3.784281157514157e-17 -1.284810066223145
99 1.917044758796692 -0.02362600155174732 -1.283905506134033
100 1.917044758796692 3.784281157514157e-17 -1.284810066223145
101 1.940800786018372 -0.023597352206707 -1.283907651901245
102 1.940800786018372 3.784281157514157e-17 -1.284810066223145
103 1.963176846504211 -0.02351557277143002 -1.283913969993591
104 1.963176846504211 3.784281157514157e-17 -1.284810066223145
105 1.984119057655334 -0.02343109622597694 -1.283920407295227
106 1.984119057655334 3.784281157514157e-17 -1.284810066223145
107 2.003576993942261 -0.02334314212203026 -1.283927083015442
108 2.003576993942261 3.784281157514157e-17 -1.284810066223145
109 2.021503686904907 -0.02326838299632072 -1.283932685852051
110 2.021503686904907 3.784281157514157e-17 -1.284810066223145
111 2.037856101989746 -0.02319693379104137 -1.28393816947937
112 2.037856101989746 3.784281157514157e-17 -1.284810066223145
113 2.052594900131226 -0.02312461100518703 -1.2839435338974
114 2.052594900131226 3.784281157514157e-17 -1.284810066223145
115 2.06568431854248 -0.02305364795029163 -1.28394889831543
116 2.06568431854248 3.784281157514157e-17 -1.284810066223145
117 2.077092885971069 -0.02299912460148335 -1.283952951431274
118 2.077092885971069 3.784281157514157e-17 -1.284810066223145
119 2.086793184280396 -0.02295685186982155 -1.283956050872803
120 2.086793184280396 3.784281157514157e-17 -1.284810066223145
121 2.094762086868286 -0.02292890474200249 -1.283958196640015
122 2.094762086868286 3.784281157514157e-17 -1.284810066223145
123 2.100979804992676 -0.02291210740804672 -1.28395938873291
124 2.100979804992676 3.784281157514157e-17 -1.284810066223145
125 2.105432033538818 -0.02289745584130287 -1.283960461616516
126 2.105432033538818 3.784281157514157e-17 -1.284810066223145
127 2.108107566833496 -0.02288724854588509 -1.283961296081543
128 2.108107566833496 3.784281157514157e-17 -1.284810066223145
129 2.109000205993652 -0.02288384363055229 -1.283961534500122
130 2.109000205993652 3.784281157514157e-17 -1.284810066223145
131 0.6278925538063049 -0.0579349473118782 -1.279330492019653
132 0.6269999742507935 -0.05794515460729599 -1.279328465461731
133 0.6305680871009827 -0.05790435895323753 -1.279336333274841
134 0.6350201964378357 -0.05785350874066353 -1.279345989227295
135 0.6412380933761597 -0.05779052525758743 -1.27935802936554
136 0.649206817150116 -0.05774339661002159 -1.279366970062256
137 0.6589071750640869 -0.05768612027168274 -1.279377818107605
138 0.6703158020973206 -0.05761002376675606 -1.279392242431641
139 0.6834052205085754 -0.05751993134617805 -1.279409408569336
140 0.6981438994407654 -0.05744890868663788 -1.279422879219055
141 0.7144963145256042 -0.05741378292441368 -1.27942943572998
142 0.7324230670928955 -0.05727972090244293 -1.279454827308655
143 0.7518810033798218 -0.05711542442440987 -1.279485702514648
144 0.7728232145309448 -0.05692318826913834 -1.279521822929382
145 0.7951992154121399 -0.05669232830405235 -1.2795649766922
146 0.8189551830291748 -0.05644139274954796 -1.279611706733704
147 0.8440338373184204 -0.05616051331162453 -1.279663801193237
148 0.8703747987747192 -0.0558917410671711 -1.279713273048401
149 0.8979145288467407 -0.05568292737007141 -1.279751658439636
150 0.9265867471694946 -0.0555407702922821 -1.279777646064758
151 0.9563224315643311 -0.05526106804609299 -1.279828667640686
152 0.9870498180389404 -0.05498121306300163 -1.279879331588745
153 1.018694996833801 -0.05465667322278023 -1.279937863349915
154 1.051181674003601 -0.05429818853735924 -1.280002117156982
155 1.084431529045105 -0.05399326980113983 -1.280056357383728
156 1.118364572525024 -0.05384283140301704 -1.280082941055298
157 1.152899026870728 -0.05354957655072212 -1.280134797096252
158 1.187951683998108 -0.05322717502713203 -1.2801913022995
159 1.223438024520874 -0.05286241695284843 -1.28025484085083
160 1.259272694587708 -0.05249196290969849 -1.280318975448608
161 1.295369267463684 -0.05215717852115631 -1.280376434326172
162 1.331640839576721 -0.05194614455103874 -1.280412554740906
163 1.368000030517578 -0.05168057233095169 -1.280457735061646
164 1.404359102249146 -0.05136829242110252 -1.280510544776917
165 1.440630674362183 -0.05101282149553299 -1.280570268630981
166 1.476727247238159 -0.05065175890922546 -1.280630469322205
167 1.512561917304993 -0.05032826960086823 -1.280683994293213
168 1.548048257827759 -0.05017753317952156 -1.280708909034729
169 1.583100914955139 -0.04989546164870262 -1.280755162239075
170 1.617635369300842 -0.04958181083202362 -1.280806303024292
171 1.651568412780762 -0.049258753657341 -1.280858635902405
172 1.684818267822266 -0.04891872406005859 -1.280913352966309
173 1.717304944992065 -0.04866055771708488 -1.280954599380493
174 1.748950123786926 -0.04852809756994247 -1.280975699424744
175 1.779677510261536 -0.04828682541847229 -1.281013965606689
176 1.809413194656372 -0.04803770035505295 -1.281053304672241
177 1.838085412979126 -0.04776803031563759 -1.281095623970032
178 1.865625143051147 -0.04749453812837601 -1.281138300895691
179 1.891966104507446 -0.04726774245500565 -1.281173467636108
180 1.917044758796692 -0.04706256836652756 -1.281205177307129
181 1.940800786018372 -0.04700635001063347 -1.281213760375977
182 1.963176846504211 -0.04684505239129066 -1.281238555908203
183 1.984119057655334 -0.04667847603559494 -1.281264066696167
184 2.003576993942261 -0.04650514200329781 -1.281290531158447
185 2.021503686904907 -0.04635763168334961 -1.281312942504883
186 2.037856101989746 -0.04621664807200432 -1.281334280967712
187 2.052594900131226 -0.04607392102479935 -1.281355857849121
188 2.06568431854248 -0.04593396931886673 -1.281376957893372
189 2.077092885971069 -0.04582647234201431 -1.281393051147461
190 2.086793184280396 -0.04574305564165115 -1.281405568122864
191 2.094762086868286 -0.04568790644407272 -1.281413793563843
192 2.100979804992676 -0.0456547699868679 -1.281418800354004
193 2.105432033538818 -0.04562591761350632 -1.281423091888428
194 2.108107566833496 -0.04560583829879761 -1.281426072120667
195 2.109000205993652 -0.04559914022684097 -1.281427025794983
196 0.6278925538063049 -0.08599285781383514 -1.272603631019592
197 0.6269999742507935 -0.08600780367851257 -1.272599339485168
198 0.6305680871009827 -0.08594807982444763 -1.272616624832153
199 0.6350201964378357 -0.08587364107370377 -1.272638201713562
200 0.6412380933761597 -0.08578144758939743 -1.272664904594421
201 0.649206817150116 -0.08571228384971619 -1.272684812545776
202 0.6589071750640869 -0.08562822639942169 -1.272709131240845
203 0.6703158020973206 -0.08551685512065887 -1.272741198539734
204 0.6834052205085754 -0.08538505434989929 -1.272779107093811
205 0.6981438994407654 -0.08528164029121399 -1.272808790206909
206 0.7144963145256042 -0.08523062616586685 -1.272823452949524
207 0.7324230670928955 -0.08503534644842148 -1.272879481315613
208 0.7518810033798218 -0.08479618281126022 -1.272947788238525
209 0.7728232145309448 -0.08451645076274872 -1.273027420043945
210 0.7951992154121399 -0.08418084681034088 -1.273122668266296
211 0.8189551830291748 -0.08381569385528564 -1.273225784301758
212 0.8440338373184204 -0.08340656757354736 -1.273340821266174
213 0.8703747987747192 -0.08301553875207901 -1.273450136184692
214 0.8979145288467407 -0.08271176367998123 -1.273534655570984
215 0.9265867471694946 -0.08250509202480316 -1.273591995239258
216 0.9563224315643311 -0.08209823817014694 -1.273704528808594
217 0.9870498180389404 -0.08169039338827133 -1.273816585540771
218 1.018694996833801 -0.08121761679649353 -1.273945808410645
219 1.051181674003601 -0.08069514483213425 -1.27408754825592
220 1.084431529045105 -0.08025039732456207 -1.274207592010498
221 1.118364572525024 -0.08003190904855728 -1.274266242980957
222 1.152899026870728 -0.079604372382164 -1.274380564689636
223 1.187951683998108 -0.07913417369127274 -1.274505496025085
224 1.223438024520874 -0.07860203832387924 -1.274645924568176
225 1.259272694587708 -0.07806117087602615 -1.274787664413452
226 1.295369267463684 -0.07757275551557541 -1.274914741516113
227 1.331640839576721 -0.07726491987705231 -1.274994492530823
228 1.368000030517578 -0.07687773555517197 -1.275094151496887
229 1.404359102249146 -0.07642147690057755 -1.275210976600647
230 1.440630674362183 -0.0759025439620018 -1.27534294128418
231 1.476727247238159 -0.0753745511174202 -1.275476336479187
232 1.512561917304993 -0.07490174472332001 -1.275594830513
233 1.548048257827759 -0.07468218356370926 -1.275649547576904
234 1.583100914955139 -0.07426977157592773 -1.275751948356628
235 1.617635369300842 -0.07381138205528259 -1.275865077972412
236 1.651568412780762 -0.07333853840827942 -1.275981068611145
237 1.684818267822266 -0.07284131646156311 -1.276102066040039
238 1.717304944992065 -0.07246340811252594 -1.276193499565125
239 1.748950123786926 -0.07227037847042084 -1.276239991188049
240 1.779677510261536 -0.07191725075244904 -1.27632474899292
241 1.809413194656372 -0.07155252993106842 -1.276411771774292
242 1.838085412979126 -0.07115799933671951 -1.276505351066589
243 1.865625143051147 -0.070757195353508 -1.276600003242493
244 1.891966104507446 -0.07042481005191803 -1.276677966117859
245 1.917044758796692 -0.07012448459863663 -1.276748061180115
246 1.940800786018372 -0.07004279643297195 -1.276767134666443
247 1.963176846504211 -0.06980643421411514 -1.276821970939636
248 1.984119057655334 -0.0695624053478241 -1.276878476142883
249 2.003576993942261 -0.06930873543024063 -1.276937007904053
250 2.021503686904907 -0.06909241527318954 -1.276986718177795
251 2.037856101989746 -0.06888563930988312 -1.277034044265747
252 2.052594900131226 -0.06867627799510956 -1.277081847190857
253 2.06568431854248 -0.06847120076417923 -1.277128577232361
254 2.077092885971069 -0.06831376999616623 -1.277164220809937
255 2.086793184280396 -0.06819143146276474 -1.277191996574402
256 2.094762086868286 -0.06811054050922394 -1.277210235595703
257 2.100979804992676 -0.06806196272373199 -1.277221202850342
258 2.105432033538818 -0.068019799888134 -1.277230739593506
259 2.108107566833496 -0.0679905042052269 -1.277237415313721
260 2.109000205993652 -0.06798072904348373 -1.277239561080933
261 0.6278925538063049 -0.1129950061440468 -1.263409614562988
262 0.6269999742507935 -0.1130142658948898 -1.263402104377747
263 0.6305680871009827 -0.1129373088479042 -1.263432383537292
264 0.6350201964378357 -0.1128413900732994 -1.263469934463501
265 0.6412380933761597 -0.1127226129174232 -1.263516545295715
266 0.649206817150116 -0.112633191049099 -1.263551592826843
267 0.6589071750640869 -0.112524501979351 -1.263594031333923
268 0.6703158020973206 -0.1123810335993767 -1.263650178909302
269 0.6834052205085754 -0.1122113689780235 -1.263716340065002
270 0.6981438994407654 -0.1120791062712669 -1.263767838478088
271 0.7144963145256042 -0.1120140999555588 -1.263793110847473
272 0.7324230670928955 -0.1117642596364021 -1.263890147209167
273 0.7518810033798218 -0.1114585176110268 -1.264008641242981
274 0.7728232145309448 -0.1111010983586311 -1.264146566390991
275 0.7951992154121399 -0.1106728985905647 -1.264311194419861
276 0.8189551830291748 -0.1102063357830048 -1.264489769935608
277 0.8440338373184204 -0.1096828952431679 -1.264688968658447
278 0.8703747987747192 -0.1091834008693695 -1.264878153800964
279 0.8979145288467407 -0.1087954267859459 -1.265024423599243
280 0.9265867471694946 -0.1085317209362984 -1.26512348651886
281 0.9563224315643311 -0.1080121770501137 -1.265317797660828
282 0.9870498180389404 -0.1074899584054947 -1.265512108802795
283 1.018694996833801 -0.1068849638104439 -1.265735864639282
284 1.051181674003601 -0.1062159389257431 -1.265981554985046
285 1.084431529045105 -0.1056457981467247 -1.266189694404602
286 1.118364572525024 -0.1053674146533012 -1.266290783882141
287 1.152899026870728 -0.104819729924202 -1.266488909721375
288 1.187951683998108 -0.1042170599102974 -1.266705513000488
289 1.223438024520874 -0.1035347133874893 -1.266949057579041
290 1.259272694587708 -0.1028404012322426 -1.267194986343384
291 1.295369267463684 -0.1022141054272652 -1.267415285110474
292 1.331640839576721 -0.1018194556236267 -1.267553329467773
293 1.368000030517578 -0.1013234406709671 -1.267725944519043
294 1.404359102249146 -0.100737176835537 -1.267928719520569
295 1.440630674362183 -0.1000711396336555 -1.268157601356506
296 1.476727247238159 -0.09939184039831161 -1.268389225006104
297 1.512561917304993 -0.09878399968147278 -1.268594980239868
298 1.548048257827759 -0.09850309789180756 -1.268689632415771
299 1.583100914955139 -0.09797264635562897 -1.268867492675781
300 1.617635369300842 -0.09738340973854065 -1.269063830375671
301 1.651568412780762 -0.09677429497241974 -1.269265413284302
302 1.684818267822266 -0.09613464772701263 -1.26947557926178
303 1.717304944992065 -0.09564773738384247 -1.269634485244751
304 1.748950123786926 -0.09540065377950668 -1.269714832305908
305 1.779677510261536 -0.0949457660317421 -1.269862055778503
306 1.809413194656372 -0.09447579830884933 -1.270013332366943
307 1.838085412979126 -0.09396788477897644 -1.27017605304718
308 1.865625143051147 -0.09345066547393799 -1.27034056186676
309 1.891966104507446 -0.09302172064781189 -1.270476341247559
310 1.917044758796692 -0.09263482689857483 -1.270598173141479
311 1.940800786018372 -0.09253069758415222 -1.270630955696106
312 1.963176846504211 -0.09222570061683655 -1.270726442337036
313 1.984119057655334 -0.09191097319126129 -1.270824670791626
314 2.003576993942261 -0.09158426523208618 -1.270926237106323
315 2.021503686904907 -0.09130485355854034 -1.271012783050537
316 2.037856101989746 -0.09103772789239883 -1.271095275878906
317 2.052594900131226 -0.09076719731092453 -1.271178603172302
318 2.06568431854248 -0.09050259739160538 -1.271259784698486
319 2.077092885971069 -0.09029965847730637 -1.271321892738342
320 2.086793184280396 -0.09014161676168442 -1.271370053291321
321 2.094762086868286 -0.09003710001707077 -1.27140200138092
322 2.100979804992676 -0.08997438848018646 -1.271421074867249
323 2.105432033538818 -0.08992017805576324 -1.271437525749207
324 2.108107566833496 -0.08988261967897415 -1.271448969841003
325 2.109000205993652 -0.08987009525299072 -1.271452784538269
326 0.6278925538063049 -0.138646736741066 -1.251959919929504
327 0.6269999742507935 -0.1386697739362717 -1.251948356628418
328 0.6305680871009827 -0.1385777443647385 -1.251994490623474
329 0.6350201964378357 -0.1384630054235458 -1.252052068710327
330 0.6412380933761597 -0.1383209675550461 -1.252123236656189
331 0.649206817150116 -0.1382135450839996 -1.252176880836487
332 0.6589071750640869 -0.1380829662084579 -1.252242207527161
333 0.6703158020973206 -0.1379114389419556 -1.252327799797058
334 0.6834052205085754 -0.1377087533473969 -1.252428770065308
335 0.6981438994407654 -0.1375520825386047 -1.252506732940674
336 0.7144963145256042 -0.1374754458665848 -1.25254487991333
337 0.7324230670928955 -0.1371793299913406 -1.252691745758057
338 0.7518810033798218 -0.1368173658847809 -1.252870798110962
339 0.7728232145309448 -0.1363945156335831 -1.253079175949097
340 0.7951992154121399 -0.135888859629631 -1.253327369689941
341 0.8189551830291748 -0.1353368759155273 -1.253596901893616
342 0.8440338373184204 -0.1347165107727051 -1.2538982629776
343 0.8703747987747192 -0.1341257840394974 -1.254183650016785
344 0.8979145288467407 -0.1336670517921448 -1.254404187202454
345 0.9265867471694946 -0.1333556324243546 -1.254553437232971
346 0.9563224315643311 -0.1327414512634277 -1.254846453666687
347 0.9870498180389404 -0.1321219205856323 -1.25514030456543
348 1.018694996833801 -0.1314047574996948 -1.255478382110596
349 1.051181674003601 -0.1306110173463821 -1.255849957466125
350 1.084431529045105 -0.1299336105585098 -1.256164908409119
351 1.118364572525024 -0.1296055018901825 -1.256316661834717
352 1.152899026870728 -0.1289553642272949 -1.256616115570068
353 1.187951683998108 -0.1282394677400589 -1.256943821907043
354 1.223438024520874 -0.1274284869432449 -1.257312297821045
355 1.259272694587708 -0.1266020685434341 -1.257684946060181
356 1.295369267463684 -0.1258576810359955 -1.258018016815186
357 1.331640839576721 -0.1253887712955475 -1.258226752281189
358 1.368000030517578 -0.124799981713295 -1.258487343788147
359 1.404359102249146 -0.124101310968399 -1.258794784545898
360 1.440630674362183 -0.1233087629079819 -1.259141087532043
361 1.476727247238159 -0.1224978938698769 -1.259492516517639
362 1.512561917304993 -0.1217730417847633 -1.259804487228394
363 1.548048257827759 -0.121440201997757 -1.259946942329407
364 1.583100914955139 -0.1208072528243065 -1.260216593742371
365 1.617635369300842 -0.1201047003269196 -1.2605140209198
366 1.651568412780762 -0.1193764358758926 -1.260820150375366
367 1.684818267822266 -0.1186130195856094 -1.261138677597046
368 1.717304944992065 -0.1180307269096375 -1.261379957199097
369 1.748950123786926 -0.1177377626299858 -1.261500954627991
370 1.779677510261536 -0.1171939447522163 -1.261724472045898
371 1.809413194656372 -0.1166318356990814 -1.261954188346863
372 1.838085412979126 -0.1160250902175903 -1.262200713157654
373 1.865625143051147 -0.1154052838683128 -1.26245105266571
374 1.891966104507446 -0.1148912459611893 -1.262657403945923
375 1.917044758796692 -0.1144286543130875 -1.262842297554016
376 1.940800786018372 -0.1143058985471725 -1.262891173362732
377 1.963176846504211 -0.113940455019474 -1.263036370277405
378 1.984119057655334 -0.1135635897517204 -1.263185620307922
379 2.003576993942261 -0.1131731197237968 -1.263339638710022
380 2.021503686904907 -0.1128378957509995 -1.263471364974976
381 2.037856101989746 -0.112517349421978 -1.263596892356873
382 2.052594900131226 -0.1121926158666611 -1.263723611831665
383 2.06568431854248 -0.1118756309151649 -1.26384699344635
384 2.077092885971069 -0.1116327717900276 -1.263941168785095
385 2.086793184280396 -0.1114431321620941 -1.264014482498169
386 2.094762086868286 -0.1113176941871643 -1.264063000679016
387 2.100979804992676 -0.1112425103783607 -1.264092087745667
388 2.105432033538818 -0.111177884042263 -1.264117002487183
389 2.108107566833496 -0.1111332625150681 -1.264134168624878
390 2.109000205993652 -0.111118383705616 -1.264139890670776
391 0.6278925538063049 -0.1626982241868973 -1.238509893417358
392 0.6269999742507935 -0.1627244055271149 -1.238493680953979
393 0.6305680871009827 -0.1626197844743729 -1.238558411598206
394 0.6350201964378357 -0.1624893695116043 -1.238639116287231
395 0.6412380933761597 -0.1623279452323914 -1.238738894462585
396 0.649206817150116 -0.1622051894664764 -1.23881459236145
397 0.6589071750640869 -0.1620559543371201 -1.238906502723694
398 0.6703158020973206 -0.1618610769510269 -1.239026546478271
399 0.6834052205085754 -0.1616310179233551 -1.239167809486389
400 0.6981438994407654 -0.1614550203084946 -1.239275693893433
401 0.7144963145256042 -0.1613694578409195 -1.239328145980835
402 0.7324230670928955 -0.1610366106033325 -1.239531636238098
403 0.7518810033798218 -0.1606303006410599 -1.239779353141785
404 0.7728232145309448 -0.1601560711860657 -1.240067362785339
405 0.7951992154121399 -0.1595902889966965 -1.240409374237061
406 0.8189551830291748 -0.1589712351560593 -1.240781784057617
407 0.8440338373184204 -0.1582739651203156 -1.241198897361755
408 0.8703747987747192 -0.1576117724180222 -1.241592645645142
409 0.8979145288467407 -0.157097652554512 -1.241896867752075
410 0.9265867471694946 -0.1567492187023163 -1.242102265357971
411 0.9563224315643311 -0.1560610830783844 -1.24250602722168
412 0.9870498180389404 -0.155363917350769 -1.242912769317627
413 1.018694996833801 -0.1545576751232147 -1.243380069732666
414 1.051181674003601 -0.1536643654108047 -1.243894100189209
415 1.084431529045105 -0.1529006212949753 -1.244330406188965
416 1.118364572525024 -0.1525344401597977 -1.244538545608521
417 1.152899026870728 -0.1518022865056992 -1.244952797889709
418 1.187951683998108 -0.1509953886270523 -1.24540638923645
419 1.223438024520874 -0.1500807255506516 -1.245916604995728
420 1.259272694587708 -0.1491469442844391 -1.246433258056641
421 1.295369267463684 -0.1483073830604553 -1.246894240379333
422 1.331640839576721 -0.1477787047624588 -1.247182846069336
423 1.368000030517578 -0.1471157073974609 -1.247542858123779
424 1.404359102249146 -0.1463250815868378 -1.247969388961792
425 1.440630674362183 -0.1454299241304398 -1.248448729515076
426 1.476727247238159 -0.1445104777812958 -1.248937129974365
427 1.512561917304993 -0.1436895728111267 -1.249369859695435
428 1.548048257827759 -0.1433156728744507 -1.249565958976746
429 1.583100914955139 -0.1425983309745789 -1.249940276145935
430 1.617635369300842 -0.1418028771877289 -1.250352621078491
431 1.651568412780762 -0.1409754604101181 -1.250778436660767
432 1.684818267822266 -0.140110045671463 -1.251220345497131
433 1.717304944992065 -0.1394483000040054 -1.251556038856506
434 1.748950123786926 -0.139118954539299 -1.25172233581543
435 1.779677510261536 -0.1385011672973633 -1.252032876014709
436 1.809413194656372 -0.1378622651100159 -1.252352356910706
437 1.838085412979126 -0.1371736973524094 -1.252694487571716
438 1.865625143051147 -0.1364675611257553 -1.253043174743652
439 1.891966104507446 -0.1358818709850311 -1.253330707550049
440 1.917044758796692 -0.1353563368320465 -1.253587484359741
441 1.940800786018372 -0.1352193653583527 -1.2536541223526
442 1.963176846504211 -0.1348031014204025 -1.253856301307678
443 1.984119057655334 -0.1343741416931152 -1.254063844680786
444 2.003576993942261 -0.1339307725429535 -1.254277586936951
445 2.021503686904907 -0.133548304438591 -1.254461169242859
446 2.037856101989746 -0.133182480931282 -1.254636168479919
447 2.052594900131226 -0.1328117698431015 -1.254812955856323
448 2.06568431854248 -0.1324507594108582 -1.254984498023987
449 2.077092885971069 -0.1321745663881302 -1.255115389823914
450 2.086793184280396 -0.1319581717252731 -1.255217671394348
451 2.094762086868286 -0.1318149864673615 -1.255285263061523
452 2.100979804992676 -0.1317293047904968 -1.255325675010681
453 2.105432033538818 -0.131656140089035 -1.255360126495361
454 2.108107566833496 -0.131605863571167 -1.255383729934692
455 2.109000205993652 -0.1315890997648239 -1.255391716957092
456 0.6278925538063049 -0.1849507242441177 -1.22334885597229
457 0.6269999742507935 -0.1849793493747711 -1.223327398300171
458 0.6305680871009827 -0.1848649382591248 -1.223412871360779
459 0.6350201964378357 -0.1847222596406937 -1.223519325256348
460 0.6412380933761597 -0.1845457255840302 -1.223650932312012
461 0.649206817150116 -0.1844106316566467 -1.223751425743103
462 0.6589071750640869 -0.1842463463544846 -1.223873496055603
463 0.6703158020973206 -0.1840333044528961 -1.224031567573547
464 0.6834052205085754 -0.183782085776329 -1.224217653274536
465 0.6981438994407654 -0.1835922747850418 -1.224357962608337
466 0.7144963145256042 -0.183500662446022 -1.224425673484802
467 0.7324230670928955 -0.1831413954496384 -1.224690318107605
468 0.7518810033798218 -0.1827035993337631 -1.225011944770813
469 0.7728232145309448 -0.1821931302547455 -1.225385308265686
470 0.7951992154121399 -0.1815858334302902 -1.225827574729919
471 0.8189551830291748 -0.1809194833040237 -1.226310133934021
472 0.8440338373184204 -0.180166944861412 -1.226851940155029
473 0.8703747987747192 -0.179454579949379 -1.227361559867859
474 0.8979145288467407 -0.1789017170667648 -1.227755069732666
475 0.9265867471694946 -0.1785277277231216 -1.228020191192627
476 0.9563224315643311 -0.1777879744768143 -1.22854220867157
477 0.9870498180389404 -0.1770344972610474 -1.229070544242859
478 1.018694996833801 -0.1761641502380371 -1.229676723480225
479 1.051181674003601 -0.1751985996961594 -1.23034393787384
480 1.084431529045105 -0.1743712872266769 -1.230911493301392
481 1.118364572525024 -0.1739795655012131 -1.231178760528564
482 1.152899026870728 -0.1731875985860825 -1.231716513633728
483 1.187951683998108 -0.1723139137029648 -1.232305526733398
484 1.223438024520874 -0.1713227033615112 -1.232968688011169
485 1.259272694587708 -0.1703086048364639 -1.233641386032104
486 1.295369267463684 -0.1693988144397736 -1.234240055084229
487 1.331640839576721 -0.1688262075185776 -1.234614372253418
488 1.368000030517578 -0.1681092232465744 -1.235080718994141
489 1.404359102249146 -0.1672490388154984 -1.235636353492737
490 1.440630674362183 -0.1662774085998535 -1.23625922203064
491 1.476727247238159 -0.1652746349573135 -1.236896753311157
492 1.512561917304993 -0.1643807291984558 -1.237460374832153
493 1.548048257827759 -0.1639776080846786 -1.237713217735291
494 1.583100914955139 -0.1631957590579987 -1.238201141357422
495 1.617635369300842 -0.162329837679863 -1.23873770236969
496 1.651568412780762 -0.1614253520965576 -1.239293932914734
497 1.684818267822266 -0.1604818999767303 -1.239869594573975
498 1.717304944992065 -0.1597583144903183 -1.240307927131653
499 1.748950123786926 -0.1594029515981674 -1.240522265434265
500 1.779677510261536 -0.158727765083313 -1.240927696228027
501 1.809413194656372 -0.1580290347337723 -1.241344809532166
502 1.838085412979126 -0.157277449965477 -1.241790652275085
503 1.865625143051147 -0.156502977013588 -1.242246985435486
504 1.891966104507446 -0.1558606028556824 -1.242623329162598
505 1.917044758796692 -0.1552862226963043 -1.242957949638367
506 1.940800786018372 -0.155139833688736 -1.243042945861816
507 1.963176846504211 -0.1546834260225296 -1.24330747127533
508 1.984119057655334 -0.1542135626077652 -1.243578553199768
509 2.003576993942261 -0.1537293046712875 -1.243856906890869
510 2.021503686904907 -0.1533091366291046 -1.244097471237183
511 2.037856101989746 -0.152907133102417 -1.244326710700989
512 2.052594900131226 -0.1524995714426041 -1.244558453559875
513 2.06568431854248 -0.1521038711071014 -1.244782567024231
514 2.077092885971069 -0.151801660656929 -1.244953155517578
515 2.086793184280396 -0.1515638828277588 -1.245087146759033
516 2.094762086868286 -0.1514064967632294 -1.245175719261169
517 2.100979804992676 -0.1513124704360962 -1.24522852897644
518 2.105432033538818 -0.151232898235321 -1.245273232460022
519 2.108107566833496 -0.1511785089969635 -1.245303750038147
520 2.109000205993652 -0.1511603742837906 -1.245313882827759
521 0.6278925538063049 -0.2052601873874664 -1.206787943840027
522 0.6269999742507935 -0.2052905261516571 -1.206761002540588
523 0.6305680871009827 -0.2051692456007004 -1.206868767738342
524 0.6350201964378357 -0.2050179690122604 -1.207002997398376
525 0.6412380933761597 -0.2048308551311493 -1.207168817520142
526 0.649206817150116 -0.2046866118907928 -1.207296371459961
527 0.6589071750640869 -0.2045111507177353 -1.207451462745667
528 0.6703158020973206 -0.2042853981256485 -1.207650542259216
529 0.6834052205085754 -0.2040195614099503 -1.207884550094604
530 0.6981438994407654 -0.2038215845823288 -1.20805835723877
531 0.7144963145256042 -0.2037268728017807 -1.208141446113586
532 0.7324230670928955 -0.2033518105745316 -1.208469748497009
533 0.7518810033798218 -0.2028956711292267 -1.20886766910553
534 0.7728232145309448 -0.2023644894361496 -1.209329009056091
535 0.7951992154121399 -0.2017346769571304 -1.20987331867218
536 0.8189551830291748 -0.2010413259267807 -1.210469126701355
537 0.8440338373184204 -0.2002557963132858 -1.211139798164368
538 0.8703747987747192 -0.199515089392662 -1.2117680311203
539 0.8979145288467407 -0.1989404708147049 -1.212252736091614
540 0.9265867471694946 -0.1985526978969574 -1.212578415870667
541 0.9563224315643311 -0.1977841705083847 -1.213220715522766
542 0.9870498180389404 -0.1969963759183884 -1.213874816894531
543 1.018694996833801 -0.1960877329111099 -1.214623808860779
544 1.051181674003601 -0.1950781345367432 -1.215449094772339
545 1.084431529045105 -0.1942108422517776 -1.216152548789978
546 1.118364572525024 -0.1938063651323318 -1.216478824615479
547 1.152899026870728 -0.1929775774478912 -1.217143774032593
548 1.187951683998108 -0.1920621544122696 -1.217872977256775
549 1.223438024520874 -0.1910226345062256 -1.218694090843201
550 1.259272694587708 -0.1899563372135162 -1.219528913497925
551 1.295369267463684 -0.1890022903680801 -1.220269441604614
552 1.331640839576721 -0.1884021759033203 -1.22073221206665
553 1.368000030517578 -0.1876521855592728 -1.221307277679443
554 1.404359102249146 -0.1867458671331406 -1.221997380256653
555 1.440630674362183 -0.1857250034809113 -1.222768425941467
556 1.476727247238159 -0.1846654564142227 -1.223561763763428
557 1.512561917304993 -0.1837226450443268 -1.22426164150238
558 1.548048257827759 -0.1833025962114334 -1.224571704864502
559 1.583100914955139 -0.1824771463871002 -1.225177764892578
560 1.617635369300842 -0.1815643012523651 -1.225843191146851
561 1.651568412780762 -0.1806060075759888 -1.226536273956299
562 1.684818267822266 -0.1796097308397293 -1.227250814437866
563 1.717304944992065 -0.1788428872823715 -1.227796912193298
564 1.748950123786926 -0.1784723103046417 -1.228059411048889
565 1.779677510261536 -0.1777572184801102 -1.228563904762268
566 1.809413194656372 -0.1770166009664536 -1.229083061218262
567 1.838085412979126 -0.1762218028306961 -1.229636669158936
568 1.865625143051147 -0.1753981709480286 -1.230206489562988
569 1.891966104507446 -0.174714982509613 -1.230676174163818
570 1.917044758796692 -0.1741066873073578 -1.231092095375061
571 1.940800786018372 -0.173955887556076 -1.231194853782654
572 1.963176846504211 -0.173470675945282 -1.231524705886841
573 1.984119057655334 -0.1729717403650284 -1.231862425804138
574 2.003576993942261 -0.1724593341350555 -1.232207775115967
575 2.021503686904907 -0.1720116287469864 -1.232508420944214
576 2.037856101989746 -0.1715831458568573 -1.232795000076294
577 2.052594900131226 -0.1711485087871552 -1.233084678649902
578 2.06568431854248 -0.1707280278205872 -1.23336386680603
579 2.077092885971069 -0.1704075485467911 -1.233575940132141
580 2.086793184280396 -0.1701541543006897 -1.23374330997467
581 2.094762086868286 -0.1699863821268082 -1.233853936195374
582 2.100979804992676 -0.1698863357305527 -1.233919739723206
583 2.105432033538818 -0.1698025465011597 -1.233974933624268
584 2.108107566833496 -0.1697456687688828 -1.234012365341187
585 2.109000205993652 -0.169726699590683 -1.2340247631073
586 0.6278925538063049 -0.2235382199287415 -1.189149141311646
587 0.6269999742507935 -0.2235695272684097 -1.189116358757019
588 0.6305680871009827 -0.2234443426132202 -1.189247488975525
589 0.6350201964378357 -0.2232881784439087 -1.189410805702209
590 0.6412380933761597 -0.2230950891971588 -1.189612507820129
591 0.649206817150116 -0.2229449898004532 -1.18976891040802
592 0.6589071750640869 -0.2227623909711838 -1.189959049224854
593 0.6703158020973206 -0.2225294858217239 -1.190201044082642
594 0.6834052205085754 -0.2222556173801422 -1.190485000610352
595 0.6981438994407654 -0.2220550328493118 -1.19069242477417
596 0.7144963145256042 -0.2219600826501846 -1.19079053401947
597 0.7324230670928955 -0.2215796709060669 -1.191182494163513
598 0.7518810033798218 -0.2211181074380875 -1.191656351089478
599 0.7728232145309448 -0.2205814272165298 -1.192204833030701
600 0.7951992154121399 -0.2199476361274719 -1.192848920822144
601 0.8189551830291748 -0.219247117638588 -1.193556547164917
602 0.8440338373184204 -0.2184505313634872 -1.194355607032776
603 0.8703747987747192 -0.2177028656005859 -1.195100426673889
604 0.8979145288467407 -0.2171231210231781 -1.195674419403076
605 0.9265867471694946 -0.2167330235242844 -1.196058869361877
606 0.9563224315643311 -0.2159581184387207 -1.196818709373474
607 0.9870498180389404 -0.215157762169838 -1.197597980499268
608 1.018694996833801 -0.2142362147569656 -1.198488235473633
609 1.051181674003601 -0.2132104784250259 -1.199470520019531
610 1.084431529045105 -0.2123266458511353 -1.200309634208679
611 1.118364572525024 -0.2119218558073044 -1.200691819190979
612 1.152899026870728 -0.2110790312290192 -1.201483011245728
613 1.187951683998108 -0.2101467847824097 -1.202351331710815
614 1.223438024520874 -0.2090870141983032 -1.203329801559448
615 1.259272694587708 -0.2079966515302658 -1.204326987266541
616 1.295369267463684 -0.2070241570472717 -1.205208301544189
617 1.331640839576721 -0.2064129263162613 -1.205758452415466
618 1.368000030517578 -0.205650731921196 -1.206440329551697
619 1.404359102249146 -0.2047217935323715 -1.207265257835388
620 1.440630674362183 -0.2036789804697037 -1.208183407783508
621 1.476727247238159 -0.2025893926620483 -1.209133982658386
622 1.512561917304993 -0.2016219943761826 -1.209970355033875
623 1.548048257827759 -0.2011971920728683 -1.210335493087769
624 1.583100914955139 -0.2003492265939713 -1.211060285568237
625 1.617635369300842 -0.1994131356477737 -1.211854219436646
626 1.651568412780762 -0.1984246969223022 -1.212685704231262
627 1.684818267822266 -0.1974010616540909 -1.213539361953735
628 1.717304944992065 -0.19660983979702 -1.214194178581238
629 1.748950123786926 -0.1962348371744156 -1.214502930641174
630 1.779677510261536 -0.1954975873231888 -1.215107083320618
631 1.809413194656372 -0.1947333514690399 -1.215729355812073
632 1.838085412979126 -0.1939154863357544 -1.21639084815979
633 1.865625143051147 -0.1930622607469559 -1.217076063156128
634 1.891966104507446 -0.1923545002937317 -1.21764075756073
635 1.917044758796692 -0.191727489233017 -1.218138098716736
636 1.940800786018372 -0.1915772259235382 -1.218256950378418
637 1.963176846504211 -0.1910748332738876 -1.218653082847595
638 1.984119057655334 -0.1905589550733566 -1.219058036804199
639 2.003576993942261 -0.1900313496589661 -1.219470381736755
640 2.021503686904907 -0.18956658244133 -1.219832181930542
641 2.037856101989746 -0.1891215741634369 -1.220177173614502
642 2.052594900131226 -0.1886699199676514 -1.220526099205017
643 2.06568431854248 -0.1882348209619522 -1.220860838890076
644 2.077092885971069 -0.1879040151834488 -1.221114635467529
645 2.086793184280396 -0.1876409351825714 -1.221315979957581
646 2.094762086868286 -0.187466636300087 -1.221449017524719
647 2.100979804992676 -0.1873629838228226 -1.221528053283691
648 2.105432033538818 -0.187277227640152 -1.221593499183655
649 2.108107566833496 -0.187219500541687 -1.221637487411499
650 2.109000205993652 -0.1872002482414246 -1.221652150154114
651 0.6278925538063049 -0.239750400185585 -1.170753717422485
652 0.6269999742507935 -0.2397819608449936 -1.170714855194092
653 0.6305680871009827 -0.2396558076143265 -1.170869946479797
654 0.6350201964378357 -0.2394984066486359 -1.171063184738159
655 0.6412380933761597 -0.2393038421869278 -1.171301603317261
656 0.649206817150116 -0.2391512393951416 -1.171488165855408
657 0.6589071750640869 -0.2389655113220215 -1.171714901924133
658 0.6703158020973206 -0.2387309074401855 -1.172000765800476
659 0.6834052205085754 -0.2384554743766785 -1.172335386276245
660 0.6981438994407654 -0.2382575422525406 -1.172575354576111
661 0.7144963145256042 -0.2381649762392044 -1.172687411308289
662 0.7324230670928955 -0.2377890944480896 -1.173141121864319
663 0.7518810033798218 -0.2373342514038086 -1.173687934875488
664 0.7728232145309448 -0.2368063181638718 -1.174319386482239
665 0.7951992154121399 -0.2361858040094376 -1.175057291984558
666 0.8189551830291748 -0.235496774315834 -1.175871133804321
667 0.8440338373184204 -0.234709843993187 -1.176793694496155
668 0.8703747987747192 -0.2339752167463303 -1.177648425102234
669 0.8979145288467407 -0.2334059625864029 -1.178306460380554
670 0.9265867471694946 -0.2330241948366165 -1.178745627403259
671 0.9563224315643311 -0.2322638630867004 -1.179615378379822
672 0.9870498180389404 -0.2314715683460236 -1.180514693260193
673 1.018694996833801 -0.2305611670017242 -1.181539535522461
674 1.051181674003601 -0.2295457422733307 -1.182671785354614
675 1.084431529045105 -0.2286677211523056 -1.183641910552979
676 1.118364572525024 -0.2282741963863373 -1.1840740442276
677 1.152899026870728 -0.2274390012025833 -1.184985756874084
678 1.187951683998108 -0.2265136986970901 -1.18598735332489
679 1.223438024520874 -0.2254605144262314 -1.187116742134094
680 1.259272694587708 -0.2243730872869492 -1.188270926475525
681 1.295369267463684 -0.2234068959951401 -1.189286708831787
682 1.331640839576721 -0.222800150513649 -1.189919829368591
683 1.368000030517578 -0.2220456451177597 -1.190702080726624
684 1.404359102249146 -0.2211168110370636 -1.191657662391663
685 1.440630674362183 -0.2200782597064972 -1.192716479301453
686 1.476727247238159 -0.2189846485853195 -1.193820476531982
687 1.512561917304993 -0.218016192317009 -1.194788932800293
688 1.548048257827759 -0.2175982296466827 -1.195204138755798
689 1.583100914955139 -0.2167482525110245 -1.196043968200684
690 1.617635369300842 -0.2158119231462479 -1.196961522102356
691 1.651568412780762 -0.2148164659738541 -1.197928547859192
692 1.684818267822266 -0.2137902826070786 -1.19891631603241
693 1.717304944992065 -0.2129932045936584 -1.199677348136902
694 1.748950123786926 -0.2126240879297256 -1.200027942657471
695 1.779677510261536 -0.2118820995092392 -1.200729250907898
696 1.809413194656372 -0.2111121714115143 -1.201452016830444
697 1.838085412979126 -0.2102909237146378 -1.202217578887939
698 1.865625143051147 -0.2094274759292603 -1.203016519546509
699 1.891966104507446 -0.2087112069129944 -1.203674554824829
700 1.917044758796692 -0.2080804109573364 -1.204250693321228
701 1.940800786018372 -0.2079353928565979 -1.20438277721405
702 1.963176846504211 -0.2074273079633713 -1.204843878746033
703 1.984119057655334 -0.2069064527750015 -1.205314517021179
704 2.003576993942261 -0.206376388669014 -1.205791234970093
705 2.021503686904907 -0.205904945731163 -1.206213474273682
706 2.037856101989746 -0.2054533511400223 -1.206616163253784
707 2.052594900131226 -0.2049946933984756 -1.207023620605469
708 2.06568431854248 -0.2045550346374512 -1.207412719726562
709 2.077092885971069 -0.2042217254638672 -1.207706570625305
710 2.086793184280396 -0.2039548307657242 -1.20794141292572
711 2.094762086868286 -0.203777939081192 -1.208096623420715
712 2.100979804992676 -0.2036730200052261 -1.208188652992249
713 2.105432033538818 -0.2035874873399734 -1.208263635635376
714 2.108107566833496 -0.2035305202007294 -1.208313465118408
715 2.109000205993652 -0.2035115212202072 -1.208330154418945
716 0.6278925538063049 -0.2539125680923462 -1.151912450790405
717 0.6269999742507935 -0.2539436519145966 -1.151867628097534
718 0.6305680871009827 -0.2538193464279175 -1.152046799659729
719 0.6350201964378357 -0.2536641955375671 -1.152269959449768
720 0.6412380933761597 -0.2534724771976471 -1.15254533290863
721 0.649206817150116 -0.2533206045627594 -1.152762889862061
722 0.6589071750640869 -0.2531357109546661 -1.153027296066284
723 0.6703158020973206 -0.2529045641422272 -1.153356909751892
724 0.6834052205085754 -0.2526336908340454 -1.15374219417572
725 0.6981438994407654 -0.2524431347846985 -1.154012441635132
726 0.7144963145256042 -0.2523552775382996 -1.154136776924133
727 0.7324230670928955 -0.2519928514957428 -1.154648542404175
728 0.7518810033798218 -0.2515556812286377 -1.15526282787323
729 0.7728232145309448 -0.251049280166626 -1.155970573425293
730 0.7951992154121399 -0.2504573464393616 -1.156792521476746
731 0.8189551830291748 -0.2497965097427368 -1.157703518867493
732 0.8440338373184204 -0.249037966132164 -1.158740639686584
733 0.8703747987747192 -0.2483343034982681 -1.159694671630859
734 0.8979145288467407 -0.2477894574403763 -1.160428166389465
735 0.9265867471694946 -0.2474255561828613 -1.160915613174438
736 0.9563224315643311 -0.2466985136270523 -1.161883354187012
737 0.9870498180389404 -0.245933011174202 -1.162893891334534
738 1.018694996833801 -0.2450555264949799 -1.164041757583618
739 1.051181674003601 -0.2440744936466217 -1.165312051773071
740 1.084431529045105 -0.2432227581739426 -1.166404008865356
741 1.118364572525024 -0.2428507208824158 -1.166877746582031
742 1.152899026870728 -0.2420429289340973 -1.167899966239929
743 1.187951683998108 -0.2411463111639023 -1.169024348258972
744 1.223438024520874 -0.2401243448257446 -1.170292854309082
745 1.259272694587708 -0.2390648573637009 -1.17159366607666
746 1.295369267463684 -0.2381276488304138 -1.172732472419739
747 1.331640839576721 -0.2375397831201553 -1.173441171646118
748 1.368000030517578 -0.2368111163377762 -1.17431366443634
749 1.404359102249146 -0.2359035313129425 -1.175391316413879
750 1.440630674362183 -0.2348934859037399 -1.176579117774963
751 1.476727247238159 -0.2338202595710754 -1.177827954292297
752 1.512561917304993 -0.2328727394342422 -1.178919315338135
753 1.548048257827759 -0.2324721813201904 -1.179377675056458
754 1.583100914955139 -0.2316393703222275 -1.180324792861938
755 1.617635369300842 -0.2307242900133133 -1.181356549263
756 1.651568412780762 -0.2297436743974686 -1.182451963424683
757 1.684818267822266 -0.2287382632493973 -1.183564305305481
758 1.717304944992065 -0.2279528677463531 -1.184425711631775
759 1.748950123786926 -0.2275990843772888 -1.184811592102051
760 1.779677510261536 -0.2268688380718231 -1.185603976249695
761 1.809413194656372 -0.2261102199554443 -1.186421394348145
762 1.838085412979126 -0.2253041714429855 -1.187283396720886
763 1.865625143051147 -0.2244490385055542 -1.188190698623657
764 1.891966104507446 -0.2237396389245987 -1.188937902450562
765 1.917044758796692 -0.2231192141771317 -1.189587235450745
766 1.940800786018372 -0.2229837030172348 -1.189728617668152
767 1.963176846504211 -0.2224809229373932 -1.190251469612122
768 1.984119057655334 -0.2219665199518204 -1.190783858299255
769 2.003576993942261 -0.2214460819959641 -1.191319942474365
770 2.021503686904907 -0.2209779620170593 -1.191799879074097
771 2.037856101989746 -0.220529317855835 -1.192257881164551
772 2.052594900131226 -0.220073327422142 -1.192721486091614
773 2.06568431854248 -0.2196387201547623 -1.193161487579346
774 2.077092885971069 -0.2193104177713394 -1.193492770195007
775 2.086793184280396 -0.2190453857183456 -1.193759441375732
776 2.094762086868286 -0.2188696265220642 -1.193935871124268
777 2.100979804992676 -0.2187657207250595 -1.194040060043335
778 2.105432033538818 -0.2186824977397919 -1.194123506546021
779 2.108107566833496 -0.2186277508735657 -1.194178342819214
780 2.109000205993652 -0.2186094969511032 -1.194196581840515
781 0.6278925538063049 -0.2660850882530212 -1.132917523384094
782 0.6269999742507935 -0.2661150693893433 -1.132866740226746
783 0.6305680871009827 -0.2659952044487 -1.133069634437561
784 0.6350201964378357 -0.2658455371856689 -1.133322477340698
785 0.6412380933761597 -0.2656606435775757 -1.133634090423584
786 0.649206817150116 -0.265512615442276 -1.133882999420166
787 0.6589071750640869 -0.2653323113918304 -1.134185433387756
788 0.6703158020973206 -0.2651094198226929 -1.134558320045471
789 0.6834052205085754 -0.2648486495018005 -1.134992837905884
790 0.6981438994407654 -0.2646695673465729 -1.135290503501892
791 0.7144963145256042 -0.264588326215744 -1.135425209999084
792 0.7324230670928955 -0.2642471194267273 -1.135989427566528
793 0.7518810033798218 -0.2638369798660278 -1.136664032936096
794 0.7728232145309448 -0.2633630037307739 -1.137438893318176
795 0.7951992154121399 -0.2628125548362732 -1.13833224773407
796 0.8189551830291748 -0.2621941268444061 -1.139328002929688
797 0.8440338373184204 -0.2614801526069641 -1.140467286109924
798 0.8703747987747192 -0.2608226835727692 -1.141506671905518
799 0.8979145288467407 -0.2603140771389008 -1.142304539680481
800 0.9265867471694946 -0.2599759995937347 -1.142831921577454
801 0.9563224315643311 -0.2592981159687042 -1.143882274627686
802 0.9870498180389404 -0.2585757076740265 -1.144991517066956
803 1.018694996833801 -0.2577499449253082 -1.146246910095215
804 1.051181674003601 -0.2568242251873016 -1.147638559341431
805 1.084431529045105 -0.256016731262207 -1.148839354515076
806 1.118364572525024 -0.2556746602058411 -1.149344325065613
807 1.152899026870728 -0.2549115121364594 -1.150463461875916
808 1.187951683998108 -0.2540626525878906 -1.151695847511292
809 1.223438024520874 -0.2530935406684875 -1.153087496757507
810 1.259272694587708 -0.2520841360092163 -1.15451979637146
811 1.295369267463684 -0.251195877790451 -1.155766129493713
812 1.331640839576721 -0.2506394982337952 -1.156540274620056
813 1.368000030517578 -0.2499525249004364 -1.157489061355591
814 1.404359102249146 -0.2490850836038589 -1.158676505088806
815 1.440630674362183 -0.2481250315904617 -1.159976959228516
816 1.476727247238159 -0.2470942288637161 -1.161357641220093
817 1.512561917304993 -0.2461873888969421 -1.162559151649475
818 1.548048257827759 -0.2458133548498154 -1.163051128387451
819 1.583100914955139 -0.2450150549411774 -1.1640944480896
820 1.617635369300842 -0.2441404908895493 -1.165227055549622
821 1.651568412780762 -0.2431946843862534 -1.166439771652222
822 1.684818267822266 -0.2422310709953308 -1.167662739753723
823 1.717304944992065 -0.2414733916521072 -1.168615460395813
824 1.748950123786926 -0.241143211722374 -1.169028162956238
825 1.779677510261536 -0.2404397428035736 -1.169902801513672
826 1.809413194656372 -0.2397079765796661 -1.170805811882019
827 1.838085412979126 -0.2389340549707413 -1.171753287315369
828 1.865625143051147 -0.2381043434143066 -1.172760725021362
829 1.891966104507446 -0.2374160587787628 -1.173589825630188
830 1.917044758796692 -0.236818939447403 -1.174304366111755
831 1.940800786018372 -0.2366965711116791 -1.174450278282166
832 1.963176846504211 -0.2362092882394791 -1.175029397010803
833 1.984119057655334 -0.235711857676506 -1.175617694854736
834 2.003576993942261 -0.2352120578289032 -1.17620575428009
835 2.021503686904907 -0.2347565889358521 -1.176739096641541
836 2.037856101989746 -0.2343198210000992 -1.177248239517212
837 2.052594900131226 -0.2338755130767822 -1.177763938903809
838 2.06568431854248 -0.2334548979997635 -1.178249955177307
839 2.077092885971069 -0.2331384420394897 -1.178614377975464
840 2.086793184280396 -0.2328806072473526 -1.178910374641418
841 2.094762086868286 -0.2327094674110413 -1.17910635471344
842 2.100979804992676 -0.2326087057590485 -1.179221630096436
843 2.105432033538818 -0.2325296550989151 -1.179311990737915
844 2.108107566833496 -0.232478454709053 -1.179370522499084
845 2.109000205993652 -0.2324613779783249 -1.179390072822571
846 0.6278925538063049 -0.2763662040233612 -1.11403501033783
847 0.6269999742507935 -0.2763944864273071 -1.113978385925293
848 0.6305680871009827 -0.2762813568115234 -1.114204525947571
849 0.6350201964378357 -0.2761400640010834 -1.114486217498779
850 0.6412380933761597 -0.2759655714035034 -1.114833116531372
851 0.649206817150116 -0.275824248790741 -1.115113258361816
852 0.6589071750640869 -0.2756520211696625 -1.115453720092773
853 0.6703158020973206 -0.2754416167736053 -1.115868210792542
854 0.6834052205085754 -0.2751959562301636 -1.116350293159485
855 0.6981438994407654 -0.2750316262245178 -1.116671562194824
856 0.7144963145256042 -0.2749584913253784 -1.116814255714417
857 0.7324230670928955 -0.2746448218822479 -1.117424130439758
858 0.7518810033798218 -0.274269312620163 -1.118149995803833
859 0.7728232145309448 -0.2738364934921265 -1.118980884552002
860 0.7951992154121399 -0.2733376324176788 -1.119930863380432
861 0.8189551830291748 -0.2727730572223663 -1.120996594429016
862 0.8440338373184204 -0.2721167802810669 -1.122222781181335
863 0.8703747987747192 -0.2715176343917847 -1.12333083152771
864 0.8979145288467407 -0.2710546851158142 -1.124179720878601
865 0.9265867471694946 -0.2707487344741821 -1.12473726272583
866 0.9563224315643311 -0.2701326012611389 -1.12585186958313
867 0.9870498180389404 -0.2694666683673859 -1.127044558525085
868 1.018694996833801 -0.2687079310417175 -1.128388404846191
869 1.051181674003601 -0.2678547203540802 -1.129881262779236
870 1.084431529045105 -0.2671063840389252 -1.131174921989441
871 1.118364572525024 -0.2668008804321289 -1.131698966026306
872 1.152899026870728 -0.2660965919494629 -1.132897973060608
873 1.187951683998108 -0.2653113007545471 -1.134220600128174
874 1.223438024520874 -0.2644131183624268 -1.135715246200562
875 1.259272694587708 -0.2634725570678711 -1.13726019859314
876 1.295369267463684 -0.2626499235630035 -1.13859498500824
877 1.331640839576721 -0.2621354758739471 -1.139422059059143
878 1.368000030517578 -0.2615033090114594 -1.140430569648743
879 1.404359102249146 -0.2606921494007111 -1.141712069511414
880 1.440630674362183 -0.2598002254962921 -1.143105268478394
881 1.476727247238159 -0.2588308751583099 -1.144600987434387
882 1.512561917304993 -0.2579816877841949 -1.145895957946777
883 1.548048257827759 -0.2576416432857513 -1.146410584449768
884 1.583100914955139 -0.2568927705287933 -1.147536158561707
885 1.617635369300842 -0.2560752630233765 -1.148752689361572
886 1.651568412780762 -0.255181759595871 -1.150068283081055
887 1.684818267822266 -0.254278153181076 -1.151384234428406
888 1.717304944992065 -0.2535622417926788 -1.152416467666626
889 1.748950123786926 -0.253262460231781 -1.152846097946167
890 1.779677510261536 -0.2525989413261414 -1.153791427612305
891 1.809413194656372 -0.2519077360630035 -1.154768347740173
892 1.838085412979126 -0.2511806488037109 -1.155787467956543
893 1.865625143051147 -0.2503916323184967 -1.156883478164673
894 1.891966104507446 -0.2497371435165405 -1.157785058021545
895 1.917044758796692 -0.2491746991872787 -1.158554315567017
896 1.940800786018372 -0.2490683495998383 -1.15869927406311
897 1.963176846504211 -0.2486056238412857 -1.159327745437622
898 1.984119057655334 -0.2481345236301422 -1.159964203834534
899 2.003576993942261 -0.2476650178432465 -1.160595059394836
900 2.021503686904907 -0.247230589389801 -1.161175847053528
901 2.037856101989746 -0.2468137294054031 -1.161730527877808
902 2.052594900131226 -0.2463892698287964 -1.162292718887329
903 2.06568431854248 -0.2459905594587326 -1.162818312644958
904 2.077092885971069 -0.2456920444965363 -1.163210272789001
905 2.086793184280396 -0.2454461455345154 -1.163532137870789
906 2.094762086868286 -0.2452828139066696 -1.163745522499084
907 2.100979804992676 -0.2451870888471603 -1.163870453834534
908 2.105432033538818 -0.2451138198375702 -1.163965940475464
909 2.108107566833496 -0.2450672537088394 -1.164026498794556
910 2.109000205993652 -0.2450517266988754 -1.164046764373779
911 0.6278925538063049 -0.284884124994278 -1.095500469207764
912 0.6269999742507935 -0.2849102318286896 -1.095438361167908
913 0.6305680871009827 -0.2848058640956879 -1.095686554908752
914 0.6350201964378357 -0.2846754491329193 -1.095995903015137
915 0.6412380933761597 -0.2845144271850586 -1.096376538276672
916 0.649206817150116 -0.2843824326992035 -1.09668755531311
917 0.6589071750640869 -0.2842214405536652 -1.097065687179565
918 0.6703158020973206 -0.2840271890163422 -1.097519874572754
919 0.6834052205085754 -0.2838007807731628 -1.098046898841858
920 0.6981438994407654 -0.283653736114502 -1.098387598991394
921 0.7144963145256042 -0.283589780330658 -1.098535537719727
922 0.7324230670928955 -0.2833084464073181 -1.099183559417725
923 0.7518810033798218 -0.2829731702804565 -1.099950551986694
924 0.7728232145309448 -0.2825879454612732 -1.100824952125549
925 0.7951992154121399 -0.2821478843688965 -1.101814866065979
926 0.8189551830291748 -0.2816455066204071 -1.102933764457703
927 0.8440338373184204 -0.2810569405555725 -1.104229688644409
928 0.8703747987747192 -0.2805249392986298 -1.105387568473816
929 0.8979145288467407 -0.2801144421100616 -1.106272578239441
930 0.9265867471694946 -0.2798450291156769 -1.106849431991577
931 0.9563224315643311 -0.2792997062206268 -1.108007669448853
932 0.9870498180389404 -0.2787004709243774 -1.10926628112793
933 1.018694996833801 -0.2780203521251678 -1.110677242279053
934 1.051181674003601 -0.2772527635097504 -1.112248182296753
935 1.084431529045105 -0.2765752971172333 -1.113616228103638
936 1.118364572525024 -0.2763107120990753 -1.114145874977112
937 1.152899026870728 -0.2756762504577637 -1.115405797958374
938 1.187951683998108 -0.2749668061733246 -1.116798043251038
939 1.223438024520874 -0.2741536796092987 -1.118372559547424
940 1.259272694587708 -0.2732968330383301 -1.120008230209351
941 1.295369267463684 -0.2725528180599213 -1.12140953540802
942 1.331640839576721 -0.2720884680747986 -1.122275352478027
943 1.368000030517578 -0.271521121263504 -1.123324513435364
944 1.404359102249146 -0.2707792818546295 -1.124681711196899
945 1.440630674362183 -0.2699698209762573 -1.126144528388977
946 1.476727247238159 -0.2690776586532593 -1.127735495567322
947 1.512561917304993 -0.2682998478412628 -1.129104852676392
948 1.548048257827759 -0.2679993510246277 -1.129629611968994
949 1.583100914955139 -0.2673121094703674 -1.130820751190186
950 1.617635369300842 -0.2665650844573975 -1.132101774215698
951 1.651568412780762 -0.2657384872436523 -1.133502960205078
952 1.684818267822266 -0.2649097740650177 -1.134891152381897
953 1.717304944992065 -0.2642474174499512 -1.13598895072937
954 1.748950123786926 -0.2639831602573395 -1.13642406463623
955 1.779677510261536 -0.2633706033229828 -1.137426495552063
956 1.809413194656372 -0.2627313733100891 -1.138463497161865
957 1.838085412979126 -0.2620633244514465 -1.139537572860718
958 1.865625143051147 -0.2613280713558197 -1.140708565711975
959 1.891966104507446 -0.2607182264328003 -1.141671061515808
960 1.917044758796692 -0.2601999342441559 -1.142482876777649
961 1.940800786018372 -0.2601116299629211 -1.14262068271637
962 1.963176846504211 -0.2596811950206757 -1.143289923667908
963 1.984119057655334 -0.2592443227767944 -1.143965244293213
964 2.003576993942261 -0.2588131427764893 -1.144628167152405
965 2.021503686904907 -0.2584070265293121 -1.145249128341675
966 2.037856101989746 -0.2580170035362244 -1.145842432975769
967 2.052594900131226 -0.2576194703578949 -1.146444082260132
968 2.06568431854248 -0.2572494149208069 -1.147001385688782
969 2.077092885971069 -0.2569739520549774 -1.147414565086365
970 2.086793184280396 -0.2567441463470459 -1.14775824546814
971 2.094762086868286 -0.2565913498401642 -1.147986173629761
972 2.100979804992676 -0.2565022706985474 -1.148118853569031
973 2.105432033538818 -0.2564360797405243 -1.1482173204422
974 2.108107566833496 -0.2563950419425964 -1.14827835559845
975 2.109000205993652 -0.2563813626766205 -1.148298621177673
976 0.6278925538063049 -0.2917894124984741 -1.077515840530396
977 0.6269999742507935 -0.2918128967285156 -1.077448487281799
978 0.6305680871009827 -0.291718989610672 -1.077717661857605
979 0.6350201964378357 -0.2916015386581421 -1.07805323600769
980 0.6412380933761597 -0.291456550359726 -1.078465700149536
981 0.649206817150116 -0.2913361489772797 -1.07880699634552
982 0.6589071750640869 -0.2911891341209412 -1.079221725463867
983 0.6703158020973206 -0.2910140454769135 -1.079713463783264
984 0.6834052205085754 -0.2908103764057159 -1.080282092094421
985 0.6981438994407654 -0.2906822860240936 -1.08063793182373
986 0.7144963145256042 -0.2906280159950256 -1.080788254737854
987 0.7324230670928955 -0.2903822958469391 -1.08146595954895
988 0.7518810033798218 -0.2900910079479218 -1.082263112068176
989 0.7728232145309448 -0.2897574603557587 -1.083167552947998
990 0.7951992154121399 -0.2893804013729095 -1.084179759025574
991 0.8189551830291748 -0.2889455258846283 -1.085333824157715
992 0.8440338373184204 -0.2884313464164734 -1.08668065071106
993 0.8703747987747192 -0.2879720032215118 -1.087868332862854
994 0.8979145288467407 -0.2876181304454803 -1.088773369789124
995 0.9265867471694946 -0.2873877882957458 -1.08935809135437
996 0.9563224315643311 -0.2869187891483307 -1.090537905693054
997 0.9870498180389404 -0.2863932549953461 -1.091843485832214
998 1.018694996833801 -0.2857994735240936 -1.093298316001892
999 1.051181674003601 -0.2851264178752899 -1.094922184944153
1000 1.084431529045105 -0.2845280468463898 -1.096344470977783
1001 1.118364572525024 -0.2843067049980164 -1.09686553478241
1002 1.152899026870728 -0.2837495505809784 -1.09816575050354
1003 1.187951683998108 -0.2831245362758636 -1.099604964256287
1004 1.223438024520874 -0.2824064493179321 -1.101234436035156
1005 1.259272694587708 -0.2816442549228668 -1.102936506271362
1006 1.295369267463684 -0.2809879779815674 -1.104380488395691
1007 1.331640839576721 -0.2805794477462769 -1.105269551277161
1008 1.368000030517578 -0.2800836563110352 -1.106338620185852
1009 1.404359102249146 -0.2794208526611328 -1.107751369476318
1010 1.440630674362183 -0.2787041962146759 -1.109258413314819
1011 1.476727247238159 -0.2779012322425842 -1.110922455787659
1012 1.512561917304993 -0.2772051692008972 -1.112344741821289
1013 1.548048257827759 -0.2769477963447571 -1.112866044044495
1014 1.583100914955139 -0.2763314843177795 -1.114104390144348
1015 1.617635369300842 -0.2756649255752563 -1.11542820930481
1016 1.651568412780762 -0.2749167382717133 -1.11689567565918
1017 1.684818267822266 -0.2741742432117462 -1.118333101272583
1018 1.717304944992065 -0.2735747098922729 -1.119480490684509
1019 1.748950123786926 -0.2733492851257324 -1.119908809661865
1020 1.779677510261536 -0.2727962732315063 -1.120952963829041
1021 1.809413194656372 -0.2722180783748627 -1.122034430503845
1022 1.838085412979126 -0.2716183960437775 -1.123145222663879
1023 1.865625143051147 -0.2709474861621857 -1.124375343322754
1024 1.891966104507446 -0.2703910768032074 -1.125385642051697
1025 1.917044758796692 -0.2699243426322937 -1.126226186752319
1026 1.940800786018372 -0.2698551714420319 -1.126350164413452
1027 1.963176846504211 -0.2694632709026337 -1.127050638198853
1028 1.984119057655334 -0.2690669894218445 -1.12775444984436
1029 2.003576993942261 -0.2686803340911865 -1.128437042236328
1030 2.021503686904907 -0.2683084309101105 -1.129089832305908
1031 2.037856101989746 -0.2679510116577148 -1.129713773727417
1032 2.052594900131226 -0.2675862312316895 -1.1303471326828
1033 2.06568431854248 -0.2672502994537354 -1.130927324295044
1034 2.077092885971069 -0.2670018970966339 -1.131354451179504
1035 2.086793184280396 -0.2667915523052216 -1.131714940071106
1036 2.094762086868286 -0.2666515707969666 -1.131954193115234
1037 2.100979804992676 -0.2665704488754272 -1.132092595100403
1038 2.105432033538818 -0.2665123343467712 -1.132191777229309
1039 2.108107566833496 -0.2664773762226105 -1.132251262664795
1040 2.109000205993652 -0.2664657235145569 -1.13227105140686
1041 0.6278925538063049 -0.2972469925880432 -1.060247659683228
1042 0.6269999742507935 -0.2972674965858459 -1.06017541885376
1043 0.6305680871009827 -0.2971853911876678 -1.060464262962341
1044 0.6350201964378357 -0.2970825731754303 -1.060824155807495
1045 0.6412380933761597 -0.2969556450843811 -1.061266541481018
1046 0.649206817150116 -0.2968487739562988 -1.061637043952942
1047 0.6589071750640869 -0.2967181205749512 -1.062087535858154
1048 0.6703158020973206 -0.2965645492076874 -1.062613964080811
1049 0.6834052205085754 -0.296386182308197 -1.063220858573914
1050 0.6981438994407654 -0.2962779700756073 -1.063586950302124
1051 0.7144963145256042 -0.2962334752082825 -1.063736915588379
1052 0.7324230670928955 -0.2960252165794373 -1.064435482025146
1053 0.7518810033798218 -0.2957797050476074 -1.065251350402832
1054 0.7728232145309448 -0.2954996824264526 -1.066172122955322
1055 0.7951992154121399 -0.2951870262622833 -1.067188262939453
1056 0.8189551830291748 -0.2948219776153564 -1.068359017372131
1057 0.8440338373184204 -0.2943857312202454 -1.069737315177917
1058 0.8703747987747192 -0.2940012514591217 -1.070933818817139
1059 0.8979145288467407 -0.2937056422233582 -1.071842551231384
1060 0.9265867471694946 -0.2935152053833008 -1.072422981262207
1061 0.9563224315643311 -0.2931245267391205 -1.073601841926575
1062 0.9870498180389404 -0.2926765084266663 -1.074934482574463
1063 1.018694996833801 -0.2921729385852814 -1.076408982276917
1064 1.051181674003601 -0.2915992736816406 -1.078059673309326
1065 1.084431529045105 -0.2910848557949066 -1.079514980316162
1066 1.118364572525024 -0.2909069657325745 -1.080012917518616
1067 1.152899026870728 -0.2904312610626221 -1.081331372261047
1068 1.187951683998108 -0.2898955643177032 -1.082794070243835
1069 1.223438024520874 -0.2892783582210541 -1.084451794624329
1070 1.259272694587708 -0.2886176407337189 -1.08619487285614
1071 1.295369267463684 -0.2880544364452362 -1.087656259536743
1072 1.331640839576721 -0.2877049148082733 -1.088552236557007
1073 1.368000030517578 -0.2872843146324158 -1.089619636535645
1074 1.404359102249146 -0.2867068946361542 -1.091066360473633
1075 1.440630674362183 -0.2860892713069916 -1.092590928077698
1076 1.476727247238159 -0.2853838205337524 -1.094304203987122
1077 1.512561917304993 -0.284776359796524 -1.095756649971008
1078 1.548048257827759 -0.2845636010169983 -1.096260547637939
1079 1.583100914955139 -0.2840244770050049 -1.09752631187439
1080 1.617635369300842 -0.283444881439209 -1.098869800567627
1081 1.651568412780762 -0.2827833294868469 -1.100382328033447
1082 1.684818267822266 -0.2821346819400787 -1.101844429969788
1083 1.717304944992065 -0.2816045880317688 -1.103024363517761
1084 1.748950123786926 -0.2814195454120636 -1.103433132171631
1085 1.779677510261536 -0.2809321582317352 -1.104502439498901
1086 1.809413194656372 -0.2804214656352997 -1.105611324310303
1087 1.838085412979126 -0.27989661693573 -1.106739163398743
1088 1.865625143051147 -0.2792979776859283 -1.108011364936829
1089 1.891966104507446 -0.2788015902042389 -1.109054923057556
1090 1.917044758796692 -0.2783915400505066 -1.109909415245056
1091 1.940800786018372 -0.2783417105674744 -1.110012769699097
1092 1.963176846504211 -0.2779929637908936 -1.11073362827301
1093 1.984119057655334 -0.2776418924331665 -1.111454606056213
1094 2.003576993942261 -0.2773040533065796 -1.112143874168396
1095 2.021503686904907 -0.2769709229469299 -1.112819314002991
1096 2.037856101989746 -0.2766505181789398 -1.113465070724487
1097 2.052594900131226 -0.276322990655899 -1.114121317863464
1098 2.06568431854248 -0.2760251462459564 -1.114714741706848
1099 2.077092885971069 -0.275806725025177 -1.115147948265076
1100 2.086793184280396 -0.2756184339523315 -1.115519881248474
1101 2.094762086868286 -0.2754929959774017 -1.115767121315002
1102 2.100979804992676 -0.2754208147525787 -1.115909099578857
1103 2.105432033538818 -0.2753713428974152 -1.116006255149841
1104 2.108107566833496 -0.2753428220748901 -1.11606228351593
1105 2.109000205993652 -0.2753333151340485 -1.11608099937439
1106 0.6278925538063049 -0.3014290332794189 -1.043827295303345
1107 0.6269999742507935 -0.3014463484287262 -1.043750524520874
1108 0.6305680871009827 -0.30137699842453 -1.044057488441467
1109 0.6350201964378357 -0.3012900650501251 -1.044440150260925
1110 0.6412380933761597 -0.3011826872825623 -1.044909834861755
1111 0.649206817150116 -0.3010908961296082 -1.045308709144592
1112 0.6589071750640869 -0.3009785115718842 -1.045793652534485
1113 0.6703158020973206 -0.3008481562137604 -1.046351790428162
1114 0.6834052205085754 -0.30069699883461 -1.046993374824524
1115 0.6981438994407654 -0.30060875415802 -1.047365069389343
1116 0.7144963145256042 -0.3005737960338593 -1.047511696815491
1117 0.7324230670928955 -0.300403356552124 -1.048222422599792
1118 0.7518810033798218 -0.3002037107944489 -1.049045562744141
1119 0.7728232145309448 -0.299977034330368 -1.049968481063843
1120 0.7951992154121399 -0.2997275292873383 -1.050970315933228
1121 0.8189551830291748 -0.2994319796562195 -1.052139163017273
1122 0.8440338373184204 -0.2990741729736328 -1.053529143333435
1123 0.8703747987747192 -0.2987638115882874 -1.054713726043701
1124 0.8979145288467407 -0.2985257804393768 -1.055609345436096
1125 0.9265867471694946 -0.2983743250370026 -1.056173801422119
1126 0.9563224315643311 -0.2980608344078064 -1.057328581809998
1127 0.9870498180389404 -0.297691136598587 -1.058668375015259
1128 1.018694996833801 -0.2972781658172607 -1.060137867927551
1129 1.051181674003601 -0.296804815530777 -1.06178879737854
1130 1.084431529045105 -0.296375960111618 -1.063255548477173
1131 1.118364572525024 -0.2962397933006287 -1.063715696334839
1132 1.152899026870728 -0.2958464622497559 -1.065030336380005
1133 1.187951683998108 -0.2954014837741852 -1.066492557525635
1134 1.223438024520874 -0.2948870658874512 -1.068151473999023
1135 1.259272694587708 -0.2943308055400848 -1.06990921497345
1136 1.295369267463684 -0.2938622534275055 -1.071362257003784
1137 1.331640839576721 -0.2935725450515747 -1.072248578071594
1138 1.368000030517578 -0.2932276129722595 -1.073292255401611
1139 1.404359102249146 -0.292738676071167 -1.074750781059265
1140 1.440630674362183 -0.2922223806381226 -1.076265215873718
1141 1.476727247238159 -0.2916190624237061 -1.078003287315369
1142 1.512561917304993 -0.2911036312580109 -1.079462289810181
1143 1.548048257827759 -0.2909350395202637 -1.079934358596802
1144 1.583100914955139 -0.2904763519763947 -1.081207156181335
1145 1.617635369300842 -0.2899868488311768 -1.082546472549438
1146 1.651568412780762 -0.2894168794155121 -1.084082245826721
1147 1.684818267822266 -0.2888659536838531 -1.085543513298035
1148 1.717304944992065 -0.2884093225002289 -1.086737990379333
1149 1.748950123786926 -0.2882643640041351 -1.087114095687866
1150 1.779677510261536 -0.2878461480140686 -1.088191151618958
1151 1.809413194656372 -0.2874068021774292 -1.089309930801392
1152 1.838085412979126 -0.2869602143764496 -1.090434312820435
1153 1.865625143051147 -0.2864391207695007 -1.091730237007141
1154 1.891966104507446 -0.2860071063041687 -1.09279191493988
1155 1.917044758796692 -0.285656750202179 -1.093644857406616
1156 1.940800786018372 -0.2856254279613495 -1.093720674514771
1157 1.963176846504211 -0.2853228449821472 -1.094450950622559
1158 1.984119057655334 -0.2850198447704315 -1.095176935195923
1159 2.003576993942261 -0.2847331166267395 -1.095859289169312
1160 2.021503686904907 -0.2844419181346893 -1.096547484397888
1161 2.037856101989746 -0.2841615080833435 -1.097205996513367
1162 2.052594900131226 -0.2838744521141052 -1.097875714302063
1163 2.06568431854248 -0.2836171984672546 -1.098472237586975
1164 2.077092885971069 -0.283430427312851 -1.098903059959412
1165 2.086793184280396 -0.2832659780979156 -1.099281072616577
1166 2.094762086868286 -0.2831562459468842 -1.09953248500824
1167 2.100979804992676 -0.2830936312675476 -1.09967565536499
1168 2.105432033538818 -0.283053070306778 -1.099768280982971
1169 2.108107566833496 -0.2830309867858887 -1.099818706512451
1170 2.109000205993652 -0.2830236256122589 -1.099835515022278
1171 0.6278925538063049 -0.3045085072517395 -1.0283522605896
1172 0.6269999742507935 -0.3045224845409393 -1.028271317481995
1173 0.6305680871009827 -0.3044665455818176 -1.028594970703125
1174 0.6350201964378357 -0.3043963015079498 -1.028998374938965
1175 0.6412380933761597 -0.3043093979358673 -1.02949321269989
1176 0.649206817150116 -0.3042339682579041 -1.029919028282166
1177 0.6589071750640869 -0.3041413724422455 -1.030437111854553
1178 0.6703158020973206 -0.3040353357791901 -1.031024098396301
1179 0.6834052205085754 -0.3039124310016632 -1.031696557998657
1180 0.6981438994407654 -0.3038436770439148 -1.032068967819214
1181 0.7144963145256042 -0.3038176000118256 -1.032209634780884
1182 0.7324230670928955 -0.3036841452121735 -1.032923817634583
1183 0.7518810033798218 -0.303528904914856 -1.033742904663086
1184 0.7728232145309448 -0.303353488445282 -1.034654378890991
1185 0.7951992154121399 -0.3031637370586395 -1.035624027252197
1186 0.8189551830291748 -0.3029348850250244 -1.036772489547729
1187 0.8440338373184204 -0.3026533722877502 -1.03815484046936
1188 0.8703747987747192 -0.3024137318134308 -1.039306879043579
1189 0.8979145288467407 -0.3022304773330688 -1.040173292160034
1190 0.9265867471694946 -0.3021156787872314 -1.040709972381592
1191 0.9563224315643311 -0.3018753528594971 -1.041818499565125
1192 0.9870498180389404 -0.3015821576118469 -1.043145298957825
1193 1.018694996833801 -0.3012568652629852 -1.044585824012756
1194 1.051181674003601 -0.3008812367916107 -1.046210646629333
1195 1.084431529045105 -0.3005366623401642 -1.047667264938354
1196 1.118364572525024 -0.3004387617111206 -1.048075437545776
1197 1.152899026870728 -0.300125777721405 -1.04936420917511
1198 1.187951683998108 -0.2997696995735168 -1.050802111625671
1199 1.223438024520874 -0.2993563115596771 -1.052435278892517
1200 1.259272694587708 -0.2989038825035095 -1.054181456565857
1201 1.295369267463684 -0.2985281348228455 -1.055600643157959
1202 1.331640839576721 -0.2982968688011169 -1.056460738182068
1203 1.368000030517578 -0.2980251610279083 -1.057458877563477
1204 1.404359102249146 -0.2976246774196625 -1.05890679359436
1205 1.440630674362183 -0.2972082793712616 -1.060383796691895
1206 1.476727247238159 -0.2967082560062408 -1.062121391296387
1207 1.512561917304993 -0.296284943819046 -1.063563346862793
1208 1.548048257827759 -0.2961583435535431 -1.063989639282227
1209 1.583100914955139 -0.2957804799079895 -1.065248847007751
1210 1.617635369300842 -0.2953807711601257 -1.066560029983521
1211 1.651568412780762 -0.2949042320251465 -1.06809663772583
1212 1.684818267822266 -0.2944514155387878 -1.069531202316284
1213 1.717304944992065 -0.2940696775913239 -1.070722103118896
1214 1.748950123786926 -0.2939627766609192 -1.071052670478821
1215 1.779677510261536 -0.2936148047447205 -1.072119951248169
1216 1.809413194656372 -0.293248176574707 -1.073230385780334
1217 1.838085412979126 -0.2928804159164429 -1.074330449104309
1218 1.865625143051147 -0.2924394309520721 -1.075631618499756
1219 1.891966104507446 -0.2920739352703094 -1.076695919036865
1220 1.917044758796692 -0.2917839884757996 -1.077531456947327
1221 1.940800786018372 -0.2917695343494415 -1.07757294178009
1222 1.963176846504211 -0.2915144860744476 -1.078301191329956
1223 1.984119057655334 -0.2912607192993164 -1.079020023345947
1224 2.003576993942261 -0.2910254895687103 -1.079681396484375
1225 2.021503686904907 -0.290777862071991 -1.080372452735901
1226 2.037856101989746 -0.2905391454696655 -1.081033945083618
1227 2.052594900131226 -0.2902942597866058 -1.08170759677887
1228 2.06568431854248 -0.2900786697864532 -1.08229672908783
1229 2.077092885971069 -0.2899240255355835 -1.082716941833496
1230 2.086793184280396 -0.2897843420505524 -1.083094954490662
1231 2.094762086868286 -0.2896910011768341 -1.083346724510193
1232 2.100979804992676 -0.2896382808685303 -1.083488702774048
1233 2.105432033538818 -0.2896064817905426 -1.083574175834656
1234 2.108107566833496 -0.2895905673503876 -1.083616971969604
1235 2.109000205993652 -0.2895852327346802 -1.083631157875061
1236 0.6278925538063049 -0.3066536486148834 -1.013888359069824
1237 0.6269999742507935 -0.3066641390323639 -1.013803601264954
1238 0.6305680871009827 -0.3066219985485077 -1.014142394065857
1239 0.6350201964378357 -0.3065688610076904 -1.014564752578735
1240 0.6412380933761597 -0.3065029978752136 -1.015082240104675
1241 0.649206817150116 -0.3064447641372681 -1.015533804893494
1242 0.6589071750640869 -0.3063730299472809 -1.016083359718323
1243 0.6703158020973206 -0.3062918186187744 -1.016696214675903
1244 0.6834052205085754 -0.3061976134777069 -1.017395734786987
1245 0.6981438994407654 -0.3061472773551941 -1.017764568328857
1246 0.7144963145256042 -0.3061291575431824 -1.01789653301239
1247 0.7324230670928955 -0.306030809879303 -1.018605709075928
1248 0.7518810033798218 -0.3059172332286835 -1.019409894943237
1249 0.7728232145309448 -0.3057895004749298 -1.020296812057495
1250 0.7951992154121399 -0.3056541383266449 -1.021217226982117
1251 0.8189551830291748 -0.3054870665073395 -1.022327661514282
1252 0.8440338373184204 -0.3052774965763092 -1.023683547973633
1253 0.8703747987747192 -0.3051029443740845 -1.024783372879028
1254 0.8979145288467407 -0.3049699068069458 -1.025604963302612
1255 0.9265867471694946 -0.3048881888389587 -1.026102662086487
1256 0.9563224315643311 -0.3047146499156952 -1.027143478393555
1257 0.9870498180389404 -0.3044936954975128 -1.028438091278076
1258 1.018694996833801 -0.3042504787445068 -1.029826164245605
1259 1.051181674003601 -0.3039669096469879 -1.031399488449097
1260 1.084431529045105 -0.3037026822566986 -1.032824993133545
1261 1.118364572525024 -0.3036381602287292 -1.033167719841003
1262 1.152899026870728 -0.3034009337425232 -1.034409403800964
1263 1.187951683998108 -0.3031290769577026 -1.035799622535706
1264 1.223438024520874 -0.3028117716312408 -1.037380933761597
1265 1.259272694587708 -0.3024592101573944 -1.039089918136597
1266 1.295369267463684 -0.3021713495254517 -1.040450215339661
1267 1.331640839576721 -0.3019952476024628 -1.041267991065979
1268 1.368000030517578 -0.301791787147522 -1.042199492454529
1269 1.404359102249146 -0.3014768958091736 -1.043614864349365
1270 1.440630674362183 -0.3011556565761566 -1.045027494430542
1271 1.476727247238159 -0.3007567822933197 -1.046740293502808
1272 1.512561917304993 -0.3004227578639984 -1.048141837120056
1273 1.548048257827759 -0.3003341853618622 -1.048508763313293
1274 1.583100914955139 -0.3000349104404449 -1.049733996391296
1275 1.617635369300842 -0.2997217774391174 -1.050993323326111
1276 1.651568412780762 -0.2993375062942505 -1.05250871181488
1277 1.684818267822266 -0.2989798188209534 -1.05389130115509
1278 1.717304944992065 -0.2986719906330109 -1.055060505867004
1279 1.748950123786926 -0.2985995709896088 -1.055332779884338
1280 1.779677510261536 -0.2983206212520599 -1.056372880935669
1281 1.809413194656372 -0.2980256080627441 -1.057457327842712
1282 1.838085412979126 -0.2977344989776611 -1.058512330055237
1283 1.865625143051147 -0.2973737418651581 -1.059800267219543
1284 1.891966104507446 -0.2970747649669647 -1.060851573944092
1285 1.917044758796692 -0.2968438565731049 -1.061653971672058
1286 1.940800786018372 -0.2968437075614929 -1.061654448509216
1287 1.963176846504211 -0.2966360449790955 -1.062369227409363
1288 1.984119057655334 -0.2964309751987457 -1.063068866729736
1289 2.003576993942261 -0.2962457537651062 -1.063695549964905
1290 2.021503686904907 -0.2960420548915863 -1.064379215240479
1291 2.037856101989746 -0.2958453297615051 -1.065034151077271
1292 2.052594900131226 -0.2956430613994598 -1.065701961517334
1293 2.06568431854248 -0.2954687178134918 -1.066273331642151
1294 2.077092885971069 -0.2953455746173859 -1.066674470901489
1295 2.086793184280396 -0.2952308058738708 -1.067046642303467
1296 2.094762086868286 -0.2951539158821106 -1.067295074462891
1297 2.100979804992676 -0.2951110303401947 -1.06743323802948
1298 2.105432033538818 -0.2950875163078308 -1.067508935928345
1299 2.108107566833496 -0.2950772345066071 -1.06754207611084
1300 2.109000205993652 -0.2950738072395325 -1.067553162574768
1301 0.6278925538063049 -0.3080234825611115 -1.0004723072052
1302 0.6269999742507935 -0.3080305159091949 -1.000384211540222
1303 0.6305680871009827 -0.3080022037029266 -1.000736474990845
1304 0.6350201964378357 -0.3079663217067719 -1.001175880432129
1305 0.6412380933761597 -0.3079215288162231 -1.001713514328003
1306 0.649206817150116 -0.307881087064743 -1.002189755439758
1307 0.6589071750640869 -0.3078308701515198 -1.002769231796265
1308 0.6703158020973206 -0.3077745139598846 -1.003404974937439
1309 0.6834052205085754 -0.3077087998390198 -1.004127979278564
1310 0.6981438994407654 -0.3076753616333008 -1.004488825798035
1311 0.7144963145256042 -0.3076640963554382 -1.00460958480835
1312 0.7324230670928955 -0.3075980842113495 -1.005305767059326
1313 0.7518810033798218 -0.3075223565101624 -1.00608491897583
1314 0.7728232145309448 -0.3074374794960022 -1.006934642791748
1315 0.7951992154121399 -0.307349681854248 -1.007789969444275
1316 0.8189551830291748 -0.3072379529476166 -1.008845686912537
1317 0.8440338373184204 -0.3070940375328064 -1.010157346725464
1318 0.8703747987747192 -0.3069771826267242 -1.011186361312866
1319 0.8979145288467407 -0.3068883419036865 -1.011948585510254
1320 0.9265867471694946 -0.3068352341651917 -1.012396812438965
1321 0.9563224315643311 -0.3067200779914856 -1.013349652290344
1322 0.9870498180389404 -0.3065651953220367 -1.014593839645386
1323 1.018694996833801 -0.3063961267471313 -1.015907168388367
1324 1.051181674003601 -0.306196391582489 -1.017404794692993
1325 1.084431529045105 -0.3060064613819122 -1.018779397010803
1326 1.118364572525024 -0.3059691786766052 -1.019043922424316
1327 1.152899026870728 -0.3058009147644043 -1.020218253135681
1328 1.187951683998108 -0.3056062161922455 -1.021538734436035
1329 1.223438024520874 -0.3053772449493408 -1.023043274879456
1330 1.259272694587708 -0.3051178753376007 -1.024690389633179
1331 1.295369267463684 -0.3049103915691376 -1.025968074798584
1332 1.331640839576721 -0.3047843277454376 -1.026728272438049
1333 1.368000030517578 -0.304641991853714 -1.027572870254517
1334 1.404359102249146 -0.3044074177742004 -1.028934836387634
1335 1.440630674362183 -0.3041735887527466 -1.0302574634552
1336 1.476727247238159 -0.3038709163665771 -1.031921625137329
1337 1.512561917304993 -0.3036206364631653 -1.033260345458984
1338 1.548048257827759 -0.3035647571086884 -1.033554792404175
1339 1.583100914955139 -0.3033394813537598 -1.034726619720459
1340 1.617635369300842 -0.3031069040298462 -1.035911560058594
1341 1.651568412780762 -0.3028111159801483 -1.037384152412415
1342 1.684818267822266 -0.3025425672531128 -1.038690209388733
1343 1.717304944992065 -0.3023054897785187 -1.039820075035095
1344 1.748950123786926 -0.3022626042366028 -1.040022253990173
1345 1.779677510261536 -0.3020492792129517 -1.04101824760437
1346 1.809413194656372 -0.3018226325511932 -1.042059183120728
1347 1.838085412979126 -0.3016035258769989 -1.043049454689026
1348 1.865625143051147 -0.3013206720352173 -1.044305682182312
1349 1.891966104507446 -0.3010862767696381 -1.045328736305237
1350 1.917044758796692 -0.3009110987186432 -1.046082973480225
1351 1.940800786018372 -0.3009219765663147 -1.04603636264801
1352 1.963176846504211 -0.3007600605487823 -1.04672646522522
1353 1.984119057655334 -0.3006016612052917 -1.047394871711731
1354 2.003576993942261 -0.3004632294178009 -1.04797351360321
1355 2.021503686904907 -0.3003023862838745 -1.048640012741089
1356 2.037856101989746 -0.3001467287540436 -1.049278736114502
1357 2.052594900131226 -0.2999862432479858 -1.049931168556213
1358 2.06568431854248 -0.2998514473438263 -1.050474524497986
1359 2.077092885971069 -0.2997580766677856 -1.050848484039307
1360 2.086793184280396 -0.2996675372123718 -1.051209211349487
1361 2.094762086868286 -0.2996067702770233 -1.051450252532959
1362 2.100979804992676 -0.2995733618736267 -1.051582455635071
1363 2.105432033538818 -0.2995572984218597 -1.051645874977112
1364 2.108107566833496 -0.2995518445968628 -1.051667451858521
1365 2.109000205993652 -0.2995500266551971 -1.051674604415894
1366 0.6278925538063049 -0.3087645173072815 -0.9881149530410767
1367 0.6269999742507935 -0.3087681233882904 -0.9880237579345703
1368 0.6305680871009827 -0.308753490447998 -0.9883881807327271
1369 0.6350201964378357 -0.3087346255779266 -0.9888426661491394
1370 0.6412380933761597 -0.3087106347084045 -0.9893984198570251
1371 0.649206817150116 -0.3086882531642914 -0.9898977875709534
1372 0.6589071750640869 -0.3086598813533783 -0.990505576133728
1373 0.6703158020973206 -0.3086279332637787 -0.9911614060401917
1374 0.6834052205085754 -0.3085900843143463 -0.9919042587280273
1375 0.6981438994407654 -0.3085716664791107 -0.992253303527832
1376 0.7144963145256042 -0.3085659146308899 -0.992360532283783
1377 0.7324230670928955 -0.3085289001464844 -0.9930363297462463
1378 0.7518810033798218 -0.3084864318370819 -0.993780791759491
1379 0.7728232145309448 -0.3084386885166168 -0.9945819973945618
1380 0.7951992154121399 -0.3083904981613159 -0.9953572154045105
1381 0.8189551830291748 -0.30832639336586 -0.9963429570198059
1382 0.8440338373184204 -0.3082405030727386 -0.9975938200950623
1383 0.8703747987747192 -0.3081725239753723 -0.9985348582267761
1384 0.8979145288467407 -0.3081209063529968 -0.9992239475250244
1385 0.9265867471694946 -0.3080910742282867 -0.9996131062507629
1386 0.9563224315643311 -0.308024525642395 -1.00045919418335
1387 0.9870498180389404 -0.307928055524826 -1.001635789871216
1388 1.018694996833801 -0.3078234195709229 -1.002854108810425
1389 1.051181674003601 -0.3076972365379333 -1.004253387451172
1390 1.084431529045105 -0.3075737655162811 -1.005558490753174
1391 1.118364572525024 -0.3075568079948425 -1.005733013153076
1392 1.152899026870728 -0.3074489831924438 -1.006821155548096
1393 1.187951683998108 -0.3073223829269409 -1.008051156997681
1394 1.223438024520874 -0.3071717321872711 -1.009455561637878
1395 1.259272694587708 -0.3069965541362762 -1.011017799377441
1396 1.295369267463684 -0.3068597316741943 -1.012190699577332
1397 1.331640839576721 -0.3067773282527924 -1.012878894805908
1398 1.368000030517578 -0.3066870868206024 -1.013618111610413
1399 1.404359102249146 -0.3065254688262939 -1.014906525611877
1400 1.440630674362183 -0.3063688278198242 -1.016115188598633
1401 1.476727247238159 -0.3061549663543701 -1.017708301544189
1402 1.512561917304993 -0.3059806227684021 -1.018962979316711
1403 1.548048257827759 -0.3059508800506592 -1.019173145294189
1404 1.583100914955139 -0.3057929575443268 -1.020272970199585
1405 1.617635369300842 -0.3056325912475586 -1.021362066268921
1406 1.651568412780762 -0.3054191470146179 -1.02277147769928
1407 1.684818267822266 -0.3052311837673187 -1.023977875709534
1408 1.717304944992065 -0.3050597310066223 -1.025051832199097
1409 1.748950123786926 -0.3050401508808136 -1.025172829627991
1410 1.779677510261536 -0.3048872351646423 -1.026108622550964
1411 1.809413194656372 -0.3047237396240234 -1.027089595794678
1412 1.838085412979126 -0.3045697510242462 -1.027996182441711
1413 1.865625143051147 -0.304360419511795 -1.029203295707703
1414 1.891966104507446 -0.3041868209838867 -1.030183434486389
1415 1.917044758796692 -0.3040623664855957 -1.030875086784363
1416 1.940800786018372 -0.3040803372859955 -1.030775666236877
1417 1.963176846504211 -0.3039612174034119 -1.03143048286438
1418 1.984119057655334 -0.3038460314273834 -1.032056212425232
1419 2.003576993942261 -0.3037496507167816 -1.032574415206909
1420 2.021503686904907 -0.3036293983459473 -1.033213973045349
1421 2.037856101989746 -0.3035127818584442 -1.033827424049377
1422 2.052594900131226 -0.3033920526504517 -1.034455299377441
1423 2.06568431854248 -0.3032938241958618 -1.034961104393005
1424 2.077092885971069 -0.3032275140285492 -1.035300016403198
1425 2.086793184280396 -0.3031598925590515 -1.035643577575684
1426 2.094762086868286 -0.3031143844127655 -1.035873770713806
1427 2.100979804992676 -0.3030897974967957 -1.03599750995636
1428 2.105432033538818 -0.3030800819396973 -1.036046504974365
1429 2.108107566833496 -0.3030784726142883 -1.036054611206055
1430 2.109000205993652 -0.3030779361724854 -1.036057233810425
1431 0.6278925538063049 -0.3090083599090576 -0.9768044948577881
1432 0.6269999742507935 -0.3090086579322815 -0.9767106175422668
1433 0.6305680871009827 -0.309007316827774 -0.9770857691764832
1434 0.6350201964378357 -0.3090050220489502 -0.97755366563797
1435 0.6412380933761597 -0.3090012669563293 -0.9781251549720764
1436 0.649206817150116 -0.3089968860149384 -0.9786463975906372
1437 0.6589071750640869 -0.3089903891086578 -0.979280948638916
1438 0.6703158020973206 -0.3089820742607117 -0.9799540638923645
1439 0.6834052205085754 -0.3089709281921387 -0.9807134866714478
1440 0.6981438994407654 -0.3089654445648193 -0.9810469746589661
1441 0.7144963145256042 -0.3089638948440552 -0.9811385869979858
1442 0.7324230670928955 -0.3089520037174225 -0.9817872047424316
1443 0.7518810033798218 -0.3089376091957092 -0.9824883341789246
1444 0.7728232145309448 -0.3089206516742706 -0.9832304120063782
1445 0.7951992154121399 -0.3089035153388977 -0.9839121103286743
1446 0.8189551830291748 -0.3088785111904144 -0.9848137497901917
1447 0.8440338373184204 -0.3088419735431671 -0.9859886169433594
1448 0.8703747987747192 -0.308813214302063 -0.9868260622024536
1449 0.8979145288467407 -0.3087910711765289 -0.9874296188354492
1450 0.9265867471694946 -0.3087788224220276 -0.9877508878707886
1451 0.9563224315643311 -0.3087500035762787 -0.9884733557701111
1452 0.9870498180389404 -0.3087031841278076 -0.9895669221878052
1453 1.018694996833801 -0.3086519539356232 -0.9906711578369141
1454 1.051181674003601 -0.3085876107215881 -0.9919514656066895
1455 1.084431529045105 -0.3085214197635651 -0.9931698441505432
1456 1.118364572525024 -0.3085172474384308 -0.9932439923286438
1457 1.152899026870728 -0.308459997177124 -0.9942285418510437
1458 1.187951683998108 -0.3083910048007965 -0.9953493475914001
1459 1.223438024520874 -0.3083069920539856 -0.9966320395469666
1460 1.259272694587708 -0.3082051575183868 -0.998088002204895
1461 1.295369267463684 -0.3081276118755341 -0.9991358518600464
1462 1.331640839576721 -0.308081328868866 -0.9997389912605286
1463 1.368000030517578 -0.3080328106880188 -1.00035548210144
1464 1.404359102249146 -0.3079350590705872 -1.00155234336853
1465 1.440630674362183 -0.3078434765338898 -1.002624869346619
1466 1.476727247238159 -0.3077089786529541 -1.004125952720642
1467 1.512561917304993 -0.3076008558273315 -1.005277037620544
1468 1.548048257827759 -0.3075897991657257 -1.005392074584961
1469 1.583100914955139 -0.3074908852577209 -1.006402730941772
1470 1.617635369300842 -0.3073924481868744 -1.007376432418823
1471 1.651568412780762 -0.3072532117366791 -1.008703589439392
1472 1.684818267822266 -0.3071350455284119 -1.009788870811462
1473 1.717304944992065 -0.3070224821567535 -1.010791182518005
1474 1.748950123786926 -0.307019054889679 -1.010821104049683
1475 1.779677510261536 -0.306919664144516 -1.01168167591095
1476 1.809413194656372 -0.3068124353885651 -1.012587308883667
1477 1.838085412979126 -0.3067147731781006 -1.013392806053162
1478 1.865625143051147 -0.3065727055072784 -1.014534473419189
1479 1.891966104507446 -0.306454598903656 -1.01545786857605
1480 1.917044758796692 -0.3063743114471436 -1.01607358455658
1481 1.940800786018372 -0.3063949346542358 -1.015916466712952
1482 1.963176846504211 -0.3063145279884338 -1.016525864601135
1483 1.984119057655334 -0.3062378466129303 -1.017098546028137
1484 2.003576993942261 -0.3061773777008057 -1.017544388771057
1485 2.021503686904907 -0.3060944676399231 -1.018148064613342
1486 2.037856101989746 -0.3060137331485748 -1.018727540969849
1487 2.052594900131226 -0.3059297502040863 -1.019322156906128
1488 2.06568431854248 -0.3058640658855438 -1.019781231880188
1489 2.077092885971069 -0.3058212697505951 -1.02007794380188
1490 2.086793184280396 -0.3057745695114136 -1.020399212837219
1491 2.094762086868286 -0.305743008852005 -1.020615100860596
1492 2.100979804992676 -0.3057263791561127 -1.020728349685669
1493 2.105432033538818 -0.305721640586853 -1.020760536193848
1494 2.108107566833496 -0.3057226538658142 -1.020753622055054
1495 2.109000205993652 -0.3057230114936829 -1.020751357078552
1496 0.6278925538063049 -0.3088703155517578 -0.9665099382400513
1497 0.6269999742507935 -0.3088674247264862 -0.9664137363433838
1498 0.6305680871009827 -0.3088788688182831 -0.9667981863021851
1499 0.6350201964378357 -0.3088924586772919 -0.9672778248786926
1500 0.6412380933761597 -0.3089080452919006 -0.9678629040718079
1501 0.649206817150116 -0.3089214861392975 -0.9684047698974609
1502 0.6589071750640869 -0.308936595916748 -0.9690645337104797
1503 0.6703158020973206 -0.308950811624527 -0.969752311706543
1504 0.6834052205085754 -0.3089649677276611 -0.9705250263214111
1505 0.6981438994407654 -0.308970183134079 -0.9708397388458252
1506 0.7144963145256042 -0.3089713752269745 -0.9709138870239258
1507 0.7324230670928955 -0.3089804947376251 -0.9715291261672974
1508 0.7518810033798218 -0.3089887797832489 -0.9721789956092834
1509 0.7728232145309448 -0.3089959323406219 -0.9728525280952454
1510 0.7951992154121399 -0.3090009093284607 -0.9734286665916443
1511 0.8189551830291748 -0.3090060353279114 -0.9742335677146912
1512 0.8440338373184204 -0.3090096116065979 -0.9753186702728271
1513 0.8703747987747192 -0.3090099096298218 -0.9760385751724243
1514 0.8979145288467407 -0.3090091049671173 -0.9765455722808838
1515 0.9265867471694946 -0.3090084195137024 -0.9767911434173584
1516 0.9563224315643311 -0.3090059757232666 -0.9773748517036438
1517 0.9870498180389404 -0.3089993000030518 -0.9783710837364197
1518 1.018694996833801 -0.3089896738529205 -0.979344367980957
1519 1.051181674003601 -0.3089744448661804 -0.9804871082305908
1520 1.084431529045105 -0.3089554905891418 -0.9816032648086548
1521 1.118364572525024 -0.3089561760425568 -0.9815678596496582
1522 1.152899026870728 -0.3089388012886047 -0.9824333190917969
1523 1.187951683998108 -0.3089158535003662 -0.9834277033805847
1524 1.223438024520874 -0.3088855445384979 -0.9845694303512573
1525 1.259272694587708 -0.3088448941707611 -0.985899806022644
1526 1.295369267463684 -0.3088139891624451 -0.986804187297821
1527 1.331640839576721 -0.3087955415248871 -0.987310528755188
1528 1.368000030517578 -0.3087773323059082 -0.9877892136573792
1529 1.404359102249146 -0.3087331354618073 -0.9888777136802673
1530 1.440630674362183 -0.3086929619312286 -0.9897943735122681
1531 1.476727247238159 -0.308626800775528 -0.9911842346191406
1532 1.512561917304993 -0.3085737526416779 -0.9922140836715698
1533 1.548048257827759 -0.3085731863975525 -0.9922245740890503
1534 1.583100914955139 -0.3085236251354218 -0.9931305646896362
1535 1.617635369300842 -0.3084752857685089 -0.9939708709716797
1536 1.651568412780762 -0.3084005415439606 -0.9951983094215393
1537 1.684818267822266 -0.3083396553993225 -0.9961432218551636
1538 1.717304944992065 -0.308277815580368 -0.9970596432685852
1539 1.748950123786926 -0.3082826137542725 -0.9969897866249084
1540 1.779677510261536 -0.308228611946106 -0.997761607170105
1541 1.809413194656372 -0.3081693649291992 -0.9985776543617249
1542 1.838085412979126 -0.308117687702179 -0.9992664456367493
1543 1.865625143051147 -0.3080350458621979 -1.000327467918396
1544 1.891966104507446 -0.3079658448696136 -1.001181602478027
1545 1.917044758796692 -0.3079218864440918 -1.001709222793579
1546 1.940800786018372 -0.3079402446746826 -1.001489996910095
1547 1.963176846504211 -0.3078934550285339 -1.002044916152954
1548 1.984119057655334 -0.3078495860099792 -1.002554655075073
1549 2.003576993942261 -0.307817816734314 -1.002917766571045
1550 2.021503686904907 -0.3077680170536041 -1.003477215766907
1551 2.037856101989746 -0.3077192008495331 -1.00401496887207
1552 2.052594900131226 -0.3076679706573486 -1.004568099975586
1553 2.06568431854248 -0.3076299130916595 -1.004972219467163
1554 2.077092885971069 -0.3076062798500061 -1.005220293998718
1555 2.086793184280396 -0.3075780272483826 -1.00551438331604
1556 2.094762086868286 -0.3075587749481201 -1.005712747573853
1557 2.100979804992676 -0.3075489699840546 -1.005813598632812
1558 2.105432033538818 -0.3075476288795471 -1.005827188491821
1559 2.108107566833496 -0.307549923658371 -1.005803823471069
1560 2.109000205993652 -0.3075506687164307 -1.005796074867249
1561 0.6278925538063049 -0.3084487318992615 -0.9571837782859802
1562 0.6269999742507935 -0.3084427714347839 -0.9570855498313904
1563 0.6305680871009827 -0.3084663450717926 -0.9574781060218811
1564 0.6350201964378357 -0.308495044708252 -0.9579678177833557
1565 0.6412380933761597 -0.3085289597511292 -0.9585645198822021
1566 0.649206817150116 -0.3085598051548004 -0.9591256976127625
1567 0.6589071750640869 -0.3085959553718567 -0.9598090648651123
1568 0.6703158020973206 -0.3086314499378204 -0.9605091214179993
1569 0.6834052205085754 -0.308669239282608 -0.9612921476364136
1570 0.6981438994407654 -0.3086828589439392 -0.9615851044654846
1571 0.7144963145256042 -0.3086853921413422 -0.9616401791572571
1572 0.7324230670928955 -0.3087112903594971 -0.9622164964675903
1573 0.7518810033798218 -0.3087367713451385 -0.9628080725669861
1574 0.7728232145309448 -0.3087612986564636 -0.963404655456543
1575 0.7951992154121399 -0.3087794184684753 -0.9638646841049194
1576 0.8189551830291748 -0.3088055551052094 -0.9645616412162781
1577 0.8440338373184204 -0.3088397979736328 -0.9655448794364929
1578 0.8703747987747192 -0.3088588118553162 -0.9661348462104797
1579 0.8979145288467407 -0.3088710904121399 -0.9665355682373047
1580 0.9265867471694946 -0.3088759481906891 -0.9666986465454102
1581 0.9563224315643311 -0.3088883459568024 -0.9671303033828735
1582 0.9870498180389404 -0.3089119493961334 -0.9680167436599731
1583 1.018694996833801 -0.3089317083358765 -0.9688442349433899
1584 1.051181674003601 -0.3089523911476135 -0.9698329567909241
1585 1.084431529045105 -0.3089700937271118 -0.9708331227302551
1586 1.118364572525024 -0.3089675903320312 -0.9706801772117615
1587 1.152899026870728 -0.3089788556098938 -0.9714128375053406
1588 1.187951683998108 -0.3089897930622101 -0.9722657799720764
1589 1.223438024520874 -0.3089994788169861 -0.9732493758201599
1590 1.259272694587708 -0.3090069890022278 -0.9744370579719543
1591 1.295369267463684 -0.3090093731880188 -0.9751818776130676
1592 1.331640839576721 -0.3090099096298218 -0.9755811095237732
1593 1.368000030517578 -0.3090099692344666 -0.9759086966514587
1594 1.404359102249146 -0.3090081214904785 -0.9768739938735962
1595 1.440630674362183 -0.3090046644210815 -0.9776172637939453
1596 1.476727247238159 -0.3089946508407593 -0.9788790345191956
1597 1.512561917304993 -0.3089844882488251 -0.9797717928886414
1598 1.548048257827759 -0.3089857697486877 -0.9796695709228516
1599 1.583100914955139 -0.3089748919010162 -0.9804571866989136
1600 1.617635369300842 -0.3089637160301208 -0.9811484813690186
1601 1.651568412780762 -0.3089424669742584 -0.982260525226593
1602 1.684818267822266 -0.3089250028133392 -0.9830479025840759
1603 1.717304944992065 -0.3089047074317932 -0.9838657379150391
1604 1.748950123786926 -0.3089092969894409 -0.9836886525154114
1605 1.779677510261536 -0.3088914155960083 -0.9843596816062927
1606 1.809413194656372 -0.3088708221912384 -0.9850738048553467
1607 1.838085412979126 -0.3088535368442535 -0.9856318235397339
1608 1.865625143051147 -0.3088212609291077 -0.9865986704826355
1609 1.891966104507446 -0.3087932467460632 -0.9873722195625305
1610 1.917044758796692 -0.30877685546875 -0.9878010749816895
1611 1.940800786018372 -0.3087877929210663 -0.9875163435935974
1612 1.963176846504211 -0.3087687492370605 -0.988008439540863
1613 1.984119057655334 -0.308751106262207 -0.9884467720985413
1614 2.003576993942261 -0.3087398707866669 -0.988717794418335
1615 2.021503686904907 -0.308718204498291 -0.9892256259918213
1616 2.037856101989746 -0.3086965680122375 -0.9897143244743347
1617 2.052594900131226 -0.3086734116077423 -0.9902188777923584
1618 2.06568431854248 -0.3086572587490082 -0.9905607104301453
1619 2.077092885971069 -0.3086479306221008 -0.990754246711731
1620 2.086793184280396 -0.3086351156234741 -0.9910169243812561
1621 2.094762086868286 -0.308626264333725 -0.9911949038505554
1622 2.100979804992676 -0.3086219429969788 -0.9912816286087036
1623 2.105432033538818 -0.308622270822525 -0.991274893283844
1624 2.108107566833496 -0.3086243271827698 -0.9912339448928833
1625 2.109000205993652 -0.3086250126361847 -0.9912203550338745
1626 0.6278925538063049 -0.3078250885009766 -0.9487650394439697
1627 0.6269999742507935 -0.3078162968158722 -0.9486651420593262
1628 0.6305680871009827 -0.307851254940033 -0.9490644931793213
1629 0.6350201964378357 -0.3078941106796265 -0.9495627880096436
1630 0.6412380933761597 -0.307945191860199 -0.9501692652702332
1631 0.649206817150116 -0.3079928457736969 -0.9507484436035156
1632 0.6589071750640869 -0.3080494105815887 -0.9514538645744324
1633 0.6703158020973206 -0.3081046938896179 -0.9521638154983521
1634 0.6834052205085754 -0.3081643283367157 -0.9529544115066528
1635 0.6981438994407654 -0.3081841170787811 -0.9532229900360107
1636 0.7144963145256042 -0.3081866502761841 -0.9532576203346252
1637 0.7324230670928955 -0.308225154876709 -0.9537900686264038
1638 0.7518810033798218 -0.3082623481750488 -0.9543173313140869
1639 0.7728232145309448 -0.3082976043224335 -0.9548296332359314
1640 0.7951992154121399 -0.3083202242851257 -0.9551644325256348
1641 0.8189551830291748 -0.3083584308624268 -0.9557437896728516
1642 0.8440338373184204 -0.3084138333797455 -0.9566144943237305
1643 0.8703747987747192 -0.3084414601325989 -0.9570638537406921
1644 0.8979145288467407 -0.3084587156772614 -0.9573500156402588
1645 0.9265867471694946 -0.3084631860256195 -0.9574247598648071
1646 0.9563224315643311 -0.3084790408611298 -0.9576931595802307
1647 0.9870498180389404 -0.308523029088974 -0.9584588408470154
1648 1.018694996833801 -0.3085598945617676 -0.95912766456604
1649 1.051181674003601 -0.3086031377315521 -0.9599481225013733
1650 1.084431529045105 -0.3086467087268829 -0.9608202576637268
1651 1.118364572525024 -0.3086331486701965 -0.9605433940887451
1652 1.152899026870728 -0.3086616396903992 -0.9611314535140991
1653 1.187951683998108 -0.3086940348148346 -0.9618299007415771
1654 1.223438024520874 -0.3087296783924103 -0.9626405835151672
1655 1.259272694587708 -0.3087718486785889 -0.9636706113815308
1656 1.295369267463684 -0.3087937831878662 -0.9642421007156372
1657 1.331640839576721 -0.3088042438030243 -0.9645254015922546
1658 1.368000030517578 -0.3088102340698242 -0.964690625667572
1659 1.404359102249146 -0.308838963508606 -0.9655200242996216
1660 1.440630674362183 -0.3088569343090057 -0.9660750031471252
1661 1.476727247238159 -0.3088901340961456 -0.967193603515625
1662 1.512561917304993 -0.3089099228382111 -0.9679358005523682
1663 1.548048257827759 -0.3089042007923126 -0.9677141904830933
1664 1.583100914955139 -0.308920681476593 -0.9683714509010315
1665 1.617635369300842 -0.3089329600334167 -0.9689003825187683
1666 1.651568412780762 -0.3089533448219299 -0.9698833823204041
1667 1.684818267822266 -0.3089645206928253 -0.9704985618591309
1668 1.717304944992065 -0.308975875377655 -0.9712067842483521
1669 1.748950123786926 -0.3089714050292969 -0.9709165096282959
1670 1.779677510261536 -0.3089797496795654 -0.9714761972427368
1671 1.809413194656372 -0.3089875876903534 -0.972077488899231
1672 1.838085412979126 -0.3089922964572906 -0.9724929332733154
1673 1.865625143051147 -0.3090003132820129 -0.9733537435531616
1674 1.891966104507446 -0.3090049624443054 -0.974036693572998
1675 1.917044758796692 -0.3090066313743591 -0.9743577241897583
1676 1.940800786018372 -0.3090047836303711 -0.9740047454833984
1677 1.963176846504211 -0.3090069591999054 -0.9744269251823425
1678 1.984119057655334 -0.3090083301067352 -0.9747864007949829
1679 2.003576993942261 -0.3090088665485382 -0.9749575853347778
1680 2.021503686904907 -0.3090097606182098 -0.9754071831703186
1681 2.037856101989746 -0.3090099990367889 -0.9758405685424805
1682 2.052594900131226 -0.3090096116065979 -0.9762901067733765
1683 2.06568431854248 -0.3090090453624725 -0.9765632748603821
1684 2.077092885971069 -0.3090086877346039 -0.9766974449157715
1685 2.086793184280396 -0.3090079426765442 -0.9769249558448792
1686 2.094762086868286 -0.3090073466300964 -0.9770801067352295
1687 2.100979804992676 -0.3090070486068726 -0.977151095867157
1688 2.105432033538818 -0.3090071678161621 -0.9771227836608887
1689 2.108107566833496 -0.3090074062347412 -0.9770633578300476
1690 2.109000205993652 -0.3090074956417084 -0.9770435690879822
1691 0.6278925538063049 -0.3070647418498993 -0.9411817789077759
1692 0.6269999742507935 -0.3070532977581024 -0.9410805106163025
1693 0.6305680871009827 -0.3070988357067108 -0.9414854645729065
1694 0.6350201964378357 -0.3071548938751221 -0.9419909119606018
1695 0.6412380933761597 -0.3072218894958496 -0.9426053166389465
1696 0.649206817150116 -0.3072856962680817 -0.9432011842727661
1697 0.6589071750640869 -0.3073618412017822 -0.9439270496368408
1698 0.6703158020973206 -0.3074354231357574 -0.9446448087692261
1699 0.6834052205085754 -0.3075149953365326 -0.9454402923583984
1700 0.6981438994407654 -0.307538777589798 -0.9456822276115417
1701 0.7144963145256042 -0.3075400590896606 -0.9456952810287476
1702 0.7324230670928955 -0.3075870871543884 -0.9461796879768372
1703 0.7518810033798218 -0.3076308071613312 -0.9466372728347778
1704 0.7728232145309448 -0.3076705038547516 -0.9470590353012085
1705 0.7951992154121399 -0.3076893091201782 -0.9472610950469971
1706 0.8189551830291748 -0.307731032371521 -0.947714626789093
1707 0.8440338373184204 -0.3077984750270844 -0.9484636187553406
1708 0.8703747987747192 -0.307824969291687 -0.9487635493278503
1709 0.8979145288467407 -0.3078393638134003 -0.94892817735672
1710 0.9265867471694946 -0.3078377842903137 -0.9489098191261292
1711 0.9563224315643311 -0.3078461289405823 -0.9490055441856384
1712 0.9870498180389404 -0.3079007863998413 -0.9496413469314575
1713 1.018694996833801 -0.307942807674408 -0.9501405954360962
1714 1.051181674003601 -0.3079954981803894 -0.9507808685302734
1715 1.084431529045105 -0.3080542385578156 -0.9515147805213928
1716 1.118364572525024 -0.3080219626426697 -0.9511087536811829
1717 1.152899026870728 -0.3080563843250275 -0.9515423178672791
1718 1.187951683998108 -0.3080978989601135 -0.9520754218101501
1719 1.223438024520874 -0.3081454336643219 -0.9527007937431335
1720 1.259272694587708 -0.3082086741924286 -0.9535605907440186
1721 1.295369267463684 -0.3082363307476044 -0.9539471864700317
1722 1.331640839576721 -0.3082476556301117 -0.954107403755188
1723 1.368000030517578 -0.3082472085952759 -0.9541010856628418
1724 1.404359102249146 -0.3082945048809052 -0.9547837376594543
1725 1.440630674362183 -0.3083184361457825 -0.955138087272644
1726 1.476727247238159 -0.3083814680576324 -0.9561010003089905
1727 1.512561917304993 -0.3084179759025574 -0.9566811919212341
1728 1.548048257827759 -0.3083963394165039 -0.9563350081443787
1729 1.583100914955139 -0.3084285259246826 -0.9568519592285156
1730 1.617635369300842 -0.3084501624107361 -0.9572074413299561
1731 1.651568412780762 -0.3084997832775116 -0.9580498337745667
1732 1.684818267822266 -0.3085242509841919 -0.9584807157516479
1733 1.717304944992065 -0.3085567653179169 -0.9590699672698975
1734 1.748950123786926 -0.3085343837738037 -0.9586618542671204
1735 1.779677510261536 -0.3085584938526154 -0.9591016173362732
1736 1.809413194656372 -0.308584064245224 -0.9595810174942017
1737 1.838085412979126 -0.3085977733135223 -0.959844172000885
1738 1.865625143051147 -0.3086353838443756 -0.9605887532234192
1739 1.891966104507446 -0.3086636066436768 -0.9611727595329285
1740 1.917044758796692 -0.3086732923984528 -0.9613783359527588
1741 1.940800786018372 -0.3086532354354858 -0.9609553217887878
1742 1.963176846504211 -0.3086696863174438 -0.9613016843795776
1743 1.984119057655334 -0.3086824715137482 -0.9615761041641235
1744 2.003576993942261 -0.3086854517459869 -0.9616411328315735
1745 2.021503686904907 -0.3087029159069061 -0.9620268940925598
1746 2.037856101989746 -0.3087193071842194 -0.9623996615409851
1747 2.052594900131226 -0.3087359368801117 -0.9627887606620789
1748 2.06568431854248 -0.3087442815303802 -0.9629880785942078
1749 2.077092885971069 -0.3087472021579742 -0.9630588889122009
1750 2.086793184280396 -0.308754950761795 -0.9632480144500732
1751 2.094762086868286 -0.3087602257728577 -0.9633781909942627
1752 2.100979804992676 -0.308762401342392 -0.9634323120117188
1753 2.105432033538818 -0.3087603449821472 -0.9633813500404358
1754 2.108107566833496 -0.3087571859359741 -0.9633026719093323
1755 2.109000205993652 -0.3087561130523682 -0.9632765054702759
1756 0.6278925538063049 -0.3062177896499634 -0.9343530535697937
1757 0.6269999742507935 -0.3062039017677307 -0.9342506527900696
1758 0.6305680871009827 -0.3062591850757599 -0.9346601963043213
1759 0.6350201964378357 -0.3063274323940277 -0.935171365737915
1760 0.6412380933761597 -0.30640909075737 -0.9357919692993164
1761 0.649206817150116 -0.3064883053302765 -0.936403214931488
1762 0.6589071750640869 -0.3065831065177917 -0.9371479749679565
1763 0.6703158020973206 -0.3066734373569489 -0.9378713369369507
1764 0.6834052205085754 -0.3067710697650909 -0.9386693239212036
1765 0.6981438994407654 -0.3067968189716339 -0.9388827085494995
1766 0.7144963145256042 -0.3067956864833832 -0.9388731718063354
1767 0.7324230670928955 -0.3068474531173706 -0.9393059611320496
1768 0.7518810033798218 -0.3068928420543671 -0.9396894574165344
1769 0.7728232145309448 -0.3069310188293457 -0.9400156140327454
1770 0.7951992154121399 -0.3069383800029755 -0.9400786757469177
1771 0.8189551830291748 -0.3069755733013153 -0.940399706363678
1772 0.8440338373184204 -0.3070464134216309 -0.9410194158554077
1773 0.8703747987747192 -0.3070625960826874 -0.9411627054214478
1774 0.8979145288467407 -0.3070668280124664 -0.9412001967430115
1775 0.9265867471694946 -0.3070538341999054 -0.9410850405693054
1776 0.9563224315643311 -0.3070442676544189 -0.9410006999969482
1777 0.9870498180389404 -0.3071003258228302 -0.9414989352226257
1778 1.018694996833801 -0.3071359992027283 -0.9418199062347412
1779 1.051181674003601 -0.3071855008602142 -0.9422702789306641
1780 1.084431529045105 -0.3072490394115448 -0.942857563495636
1781 1.118364572525024 -0.3071907758712769 -0.9423186779022217
1782 1.152899026870728 -0.3072202205657959 -0.9425897598266602
1783 1.187951683998108 -0.307258814573288 -0.9429486989974976
1784 1.223438024520874 -0.3073044717311859 -0.9433788061141968
1785 1.259272694587708 -0.3073753714561462 -0.9440579414367676
1786 1.295369267463684 -0.3073952198028564 -0.9442506432533264
1787 1.331640839576721 -0.3073984384536743 -0.9442819952964783
1788 1.368000030517578 -0.307379424571991 -0.9440972208976746
1789 1.404359102249146 -0.3074333369731903 -0.9446243047714233
1790 1.440630674362183 -0.3074479103088379 -0.9447683691978455
1791 1.476727247238159 -0.3075272738933563 -0.9455651044845581
1792 1.512561917304993 -0.3075672388076782 -0.9459742903709412
1793 1.548048257827759 -0.307520866394043 -0.9454998970031738
1794 1.583100914955139 -0.3075569570064545 -0.9458685517311096
1795 1.617635369300842 -0.3075737953186035 -0.9460418820381165
1796 1.651568412780762 -0.3076399862766266 -0.9467341899871826
1797 1.684818267822266 -0.3076622784137726 -0.9469712376594543
1798 1.717304944992065 -0.307705283164978 -0.9474340081214905
1799 1.748950123786926 -0.3076560795307159 -0.9469050765037537
1800 1.779677510261536 -0.3076852858066559 -0.9472178220748901
1801 1.809413194656372 -0.3077176511287689 -0.9475682377815247
1802 1.838085412979126 -0.3077270984649658 -0.9476714730262756
1803 1.865625143051147 -0.3077831566333771 -0.9482915997505188
1804 1.891966104507446 -0.30782550573349 -0.948769748210907
1805 1.917044758796692 -0.3078329265117645 -0.9488542079925537
1806 1.940800786018372 -0.3077892661094666 -0.9483602643013
1807 1.963176846504211 -0.3078128397464752 -0.9486258625984192
1808 1.984119057655334 -0.3078290820121765 -0.9488104581832886
1809 2.003576993942261 -0.3078250586986542 -0.9487645626068115
1810 2.021503686904907 -0.3078527748584747 -0.9490820169448853
1811 2.037856101989746 -0.3078793287277222 -0.9493896961212158
1812 2.052594900131226 -0.3079069554805756 -0.9497140049934387
1813 2.06568431854248 -0.3079172074794769 -0.9498353004455566
1814 2.077092885971069 -0.307917594909668 -0.9498397707939148
1815 2.086793184280396 -0.307930052280426 -0.9499880075454712
1816 2.094762086868286 -0.3079387247562408 -0.950091540813446
1817 2.100979804992676 -0.307941734790802 -0.9501277208328247
1818 2.105432033538818 -0.3079355359077454 -0.9500534534454346
1819 2.108107566833496 -0.3079273104667664 -0.9499551653862
1820 2.109000205993652 -0.3079245388507843 -0.9499224424362183
1821 0.6278925538063049 -0.3053204417228699 -0.9281910061836243
1822 0.6269999742507935 -0.3053042888641357 -0.9280877113342285
1823 0.6305680871009827 -0.305368572473526 -0.928500771522522
1824 0.6350201964378357 -0.3054479658603668 -0.9290162920951843
1825 0.6412380933761597 -0.305543065071106 -0.9296414852142334
1826 0.649206817150116 -0.3056368827819824 -0.930266797542572
1827 0.6589071750640869 -0.3057494461536407 -0.9310288429260254
1828 0.6703158020973206 -0.305855005979538 -0.9317558407783508
1829 0.6834052205085754 -0.3059688806533813 -0.9325538873672485
1830 0.6981438994407654 -0.3059947192668915 -0.9327371716499329
1831 0.7144963145256042 -0.3059901297092438 -0.9327044486999512
1832 0.7324230670928955 -0.3060431480407715 -0.9330825805664062
1833 0.7518810033798218 -0.3060856759548187 -0.9333884716033936
1834 0.7728232145309448 -0.3061169683933258 -0.9336148500442505
1835 0.7951992154121399 -0.3061058521270752 -0.9335342645645142
1836 0.8189551830291748 -0.3061310946941376 -0.9337174892425537
1837 0.8440338373184204 -0.3061972856521606 -0.9342018365859985
1838 0.8703747987747192 -0.3061946928501129 -0.9341829419136047
1839 0.8979145288467407 -0.306181937456131 -0.9340891242027283
1840 0.9265867471694946 -0.3061526119709015 -0.9338744878768921
1841 0.9563224315643311 -0.3061155378818512 -0.9336045980453491
1842 0.9870498180389404 -0.3061642348766327 -0.9339593052864075
1843 1.018694996833801 -0.3061827719211578 -0.9340952038764954
1844 1.051181674003601 -0.3062171339988708 -0.9343481659889221
1845 1.084431529045105 -0.3062755763530731 -0.9347822666168213
1846 1.118364572525024 -0.3061845302581787 -0.9341080784797668
1847 1.152899026870728 -0.3061984777450562 -0.9342107176780701
1848 1.187951683998108 -0.3062226176261902 -0.9343888163566589
1849 1.223438024520874 -0.3062532544136047 -0.9346160292625427
1850 1.259272694587708 -0.3063188195228577 -0.9351065754890442
1851 1.295369267463684 -0.3063177466392517 -0.9350985288619995
1852 1.331640839576721 -0.3063042461872101 -0.9349969029426575
1853 1.368000030517578 -0.3062549829483032 -0.9346288442611694
1854 1.404359102249146 -0.3063037991523743 -0.9349936246871948
1855 1.440630674362183 -0.3062940239906311 -0.9349203705787659
1856 1.476727247238159 -0.3063764572143555 -0.9355428218841553
1857 1.512561917304993 -0.3064067661762238 -0.9357740879058838
1858 1.548048257827759 -0.3063271641731262 -0.9351693987846375
1859 1.583100914955139 -0.3063555359840393 -0.9353837966918945
1860 1.617635369300842 -0.3063535392284393 -0.9353687763214111
1861 1.651568412780762 -0.3064236640930176 -0.9359036087989807
1862 1.684818267822266 -0.3064284026622772 -0.9359399676322937
1863 1.717304944992065 -0.306471198797226 -0.9362704753875732
1864 1.748950123786926 -0.3063865005970001 -0.9356192350387573
1865 1.779677510261536 -0.3064101338386536 -0.9357998967170715
1866 1.809413194656372 -0.3064382374286652 -0.9360158443450928
1867 1.838085412979126 -0.3064302206039429 -0.9359539747238159
1868 1.865625143051147 -0.3064934313297272 -0.9364432096481323
1869 1.891966104507446 -0.3065403401851654 -0.9368101954460144
1870 1.917044758796692 -0.3065351545810699 -0.9367694854736328
1871 1.940800786018372 -0.3064627051353455 -0.9362046122550964
1872 1.963176846504211 -0.3064860701560974 -0.9363859295845032
1873 1.984119057655334 -0.3064977824687958 -0.9364770650863647
1874 2.003576993942261 -0.3064772188663483 -0.9363172054290771
1875 2.021503686904907 -0.3065087497234344 -0.9365627765655518
1876 2.037856101989746 -0.3065392971038818 -0.9368021488189697
1877 2.052594900131226 -0.3065717816352844 -0.93705815076828
1878 2.06568431854248 -0.3065768778324127 -0.9370986223220825
1879 2.077092885971069 -0.3065688014030457 -0.9370347261428833
1880 2.086793184280396 -0.306582123041153 -0.9371401071548462
1881 2.094762086868286 -0.3065916299819946 -0.9372157454490662
1882 2.100979804992676 -0.3065938353538513 -0.9372333288192749
1883 2.105432033538818 -0.3065814971923828 -0.9371353387832642
1884 2.108107566833496 -0.306566596031189 -0.9370172619819641
1885 2.109000205993652 -0.3065616190433502 -0.9369779229164124
1886 0.6278925538063049 -0.3043964505195618 -0.9226024746894836
1887 0.6269999742507935 -0.3043782711029053 -0.9224985837936401
1888 0.6305680871009827 -0.3044507503509521 -0.9229140281677246
1889 0.6350201964378357 -0.3045403659343719 -0.9234326481819153
1890 0.6412380933761597 -0.3046477138996124 -0.9240607619285583
1891 0.649206817150116 -0.3047553896903992 -0.9246987700462341
1892 0.6589071750640869 -0.3048847317695618 -0.9254763126373291
1893 0.6703158020973206 -0.3050041496753693 -0.9262050986289978
1894 0.6834052205085754 -0.3051325082778931 -0.9270010590553284
1895 0.6981438994407654 -0.3051567673683167 -0.9271529912948608
1896 0.7144963145256042 -0.3051477670669556 -0.9270965456962585
1897 0.7324230670928955 -0.3051988482475281 -0.9274176955223083
1898 0.7518810033798218 -0.3052344918251038 -0.9276431798934937
1899 0.7728232145309448 -0.3052539825439453 -0.927766740322113
1900 0.7951992154121399 -0.3052181005477905 -0.9275393486022949
1901 0.8189551830291748 -0.3052246570587158 -0.9275808930397034
1902 0.8440338373184204 -0.305278867483139 -0.9279252886772156
1903 0.8703747987747192 -0.3052498400211334 -0.9277404546737671
1904 0.8979145288467407 -0.3052138686180115 -0.927512526512146
1905 0.9265867471694946 -0.305163711309433 -0.9271965622901917
1906 0.9563224315643311 -0.3050902485847473 -0.9267376661300659
1907 0.9870498180389404 -0.3051234483718872 -0.9269444346427917
1908 1.018694996833801 -0.3051148355007172 -0.9268906712532043
1909 1.051181674003601 -0.3051228821277618 -0.92694091796875
1910 1.084431529045105 -0.3051669597625732 -0.9272169470787048
1911 1.118364572525024 -0.3050368428230286 -0.9264065623283386
1912 1.152899026870728 -0.3050254881381989 -0.9263365864753723
1913 1.187951683998108 -0.3050242960453033 -0.9263292551040649
1914 1.223438024520874 -0.3050273954868317 -0.9263483881950378
1915 1.259272694587708 -0.3050752580165863 -0.926644504070282
1916 1.295369267463684 -0.3050408363342285 -0.9264313578605652
1917 1.331640839576721 -0.305002361536026 -0.9261942505836487
1918 1.368000030517578 -0.304911732673645 -0.9256401658058167
1919 1.404359102249146 -0.3049442172050476 -0.9258379340171814
1920 1.440630674362183 -0.3048957288265228 -0.925542950630188
1921 1.476727247238159 -0.3049683272838593 -0.9259853363037109
1922 1.512561917304993 -0.3049762845039368 -0.926034152507782
1923 1.548048257827759 -0.3048553466796875 -0.9252984523773193
1924 1.583100914955139 -0.3048646450042725 -0.9253546595573425
1925 1.617635369300842 -0.3048302829265594 -0.9251474738121033
1926 1.651568412780762 -0.3048918843269348 -0.9255197048187256
1927 1.684818267822266 -0.3048640489578247 -0.925351083278656
1928 1.717304944992065 -0.3048961460590363 -0.9255454540252686
1929 1.748950123786926 -0.3047676384449005 -0.9247718453407288
1930 1.779677510261536 -0.3047751784324646 -0.9248170256614685
1931 1.809413194656372 -0.3047882318496704 -0.9248949885368347
1932 1.838085412979126 -0.3047497272491455 -0.9246650338172913
1933 1.865625143051147 -0.3048088848590851 -0.925018846988678
1934 1.891966104507446 -0.3048507869243622 -0.9252710938453674
1935 1.917044758796692 -0.3048228621482849 -0.9251028299331665
1936 1.940800786018372 -0.3047165870666504 -0.9244678616523743
1937 1.963176846504211 -0.3047325015068054 -0.9245625138282776
1938 1.984119057655334 -0.3047317564487457 -0.9245581030845642
1939 2.003576993942261 -0.3046853244304657 -0.9242826104164124
1940 2.021503686904907 -0.3047142326831818 -0.9244540333747864
1941 2.037856101989746 -0.3047426342964172 -0.9246227741241455
1942 2.052594900131226 -0.3047736883163452 -0.924808144569397
1943 2.06568431854248 -0.3047666549682617 -0.9247660040855408
1944 2.077092885971069 -0.3047442734241486 -0.9246326684951782
1945 2.086793184280396 -0.3047545850276947 -0.9246939420700073
1946 2.094762086868286 -0.3047624230384827 -0.9247408509254456
1947 2.100979804992676 -0.3047621846199036 -0.9247393608093262
1948 2.105432033538818 -0.304741770029068 -0.9246176481246948
1949 2.108107566833496 -0.3047185838222504 -0.9244799017906189
1950 2.109000205993652 -0.304710865020752 -0.9244340062141418
1951 0.6278925538063049 -0.3034586608409882 -0.9174903631210327
1952 0.6269999742507935 -0.3034386336803436 -0.9173861145973206
1953 0.6305680871009827 -0.3035185635089874 -0.9178029298782349
1954 0.6350201964378357 -0.303617537021637 -0.9183233380317688
1955 0.6412380933761597 -0.3037360310554504 -0.9189528226852417
1956 0.649206817150116 -0.3038568198680878 -0.9196020364761353
1957 0.6589071750640869 -0.3040021061897278 -0.9203934073448181
1958 0.6703158020973206 -0.3041340112686157 -0.9211220145225525
1959 0.6834052205085754 -0.3042752742767334 -0.921913743019104
1960 0.6981438994407654 -0.304296463727951 -0.9220334887504578
1961 0.7144963145256042 -0.3042822480201721 -0.9219530820846558
1962 0.7324230670928955 -0.3043285608291626 -0.9222154021263123
1963 0.7518810033798218 -0.3043537437915802 -0.9223586320877075
1964 0.7728232145309448 -0.3043570220470428 -0.9223774075508118
1965 0.7951992154121399 -0.3042908012866974 -0.9220013618469238
1966 0.8189551830291748 -0.3042726516723633 -0.9218989014625549
1967 0.8440338373184204 -0.3043082356452942 -0.9221001267433167
1968 0.8703747987747192 -0.3042457699775696 -0.9217472672462463
1969 0.8979145288467407 -0.3041809499263763 -0.921383798122406
1970 0.9265867471694946 -0.3041059076786041 -0.9209659099578857
1971 0.9563224315643311 -0.3039880692958832 -0.9203163385391235
1972 0.9870498180389404 -0.3039982914924622 -0.9203723669052124
1973 1.018694996833801 -0.3039533197879791 -0.9201263785362244
1974 1.051181674003601 -0.3039247691631317 -0.9199707508087158
1975 1.084431529045105 -0.3039458692073822 -0.9200856685638428
1976 1.118364572525024 -0.303770899772644 -0.9191395044326782
1977 1.152899026870728 -0.3037251532077789 -0.9188947081565857
1978 1.187951683998108 -0.3036884963512421 -0.9186994433403015
1979 1.223438024520874 -0.3036523759365082 -0.9185075759887695
1980 1.259272694587708 -0.3036708831787109 -0.9186058044433594
1981 1.295369267463684 -0.3035914301872253 -0.9181855320930481
1982 1.331640839576721 -0.3035202920436859 -0.9178119301795959
1983 1.368000030517578 -0.3033778071403503 -0.9170711636543274
1984 1.404359102249146 -0.3033832609653473 -0.9170992374420166
1985 1.440630674362183 -0.3032824695110321 -0.9165807962417603
1986 1.476727247238159 -0.3033328652381897 -0.9168394804000854
1987 1.512561917304993 -0.3033064007759094 -0.916703462600708
1988 1.548048257827759 -0.3031364679336548 -0.915837824344635
1989 1.583100914955139 -0.3031158447265625 -0.9157337546348572
1990 1.617635369300842 -0.3030361533164978 -0.9153329133987427
1991 1.651568412780762 -0.3030772805213928 -0.9155394434928894
1992 1.684818267822266 -0.3030024468898773 -0.9151642918586731
1993 1.717304944992065 -0.3030136525630951 -0.915220320224762
1994 1.748950123786926 -0.3028334677219391 -0.9143258929252625
1995 1.779677510261536 -0.3028148114681244 -0.9142341017723083
1996 1.809413194656372 -0.3028022944927216 -0.9141724705696106
1997 1.838085412979126 -0.3027208149433136 -0.9137734770774841
1998 1.865625143051147 -0.3027649521827698 -0.913989245891571
1999 1.891966104507446 -0.3027925789356232 -0.9141247272491455
2000 1.917044758796692 -0.3027320504188538 -0.9138283729553223
2001 1.940800786018372 -0.3025872409343719 -0.9131250977516174
2002 1.963176846504211 -0.3025886416435242 -0.9131319522857666
2003 1.984119057655334 -0.3025677502155304 -0.9130310416221619
2004 2.003576993942261 -0.3024863600730896 -0.9126400351524353
2005 2.021503686904907 -0.3025063574314117 -0.9127358794212341
2006 2.037856101989746 -0.3025265336036682 -0.9128327369689941
2007 2.052594900131226 -0.3025501072406769 -0.9129461050033569
2008 2.06568431854248 -0.30252406001091 -0.9128208756446838
2009 2.077092885971069 -0.3024817705154419 -0.9126180410385132
2010 2.086793184280396 -0.3024852275848389 -0.9126346111297607
2011 2.094762086868286 -0.3024889230728149 -0.9126522541046143
2012 2.100979804992676 -0.3024846017360687 -0.9126315712928772
2013 2.105432033538818 -0.3024542331695557 -0.9124864339828491
2014 2.108107566833496 -0.3024213314056396 -0.9123294353485107
2015 2.109000205993652 -0.302410364151001 -0.9122771024703979
2016 0.6278925538063049 -0.3025103211402893 -0.9127549529075623
2017 0.6269999742507935 -0.3024885654449463 -0.9126506447792053
2018 0.6305680871009827 -0.3025753796100616 -0.9130678176879883
2019 0.6350201964378357 -0.3026829063892365 -0.9135887026786804
2020 0.6412380933761597 -0.3028115332126617 -0.914218008518219
2021 0.649206817150116 -0.3029448091983795 -0.9148768782615662
2022 0.6589071750640869 -0.3031052350997925 -0.9156801700592041
2023 0.6703158020973206 -0.3032484650611877 -0.9164068102836609
2024 0.6834052205085754 -0.3034012615680695 -0.9171923398971558
2025 0.6981438994407654 -0.3034180104732513 -0.9172792434692383
2026 0.7144963145256042 -0.3033978641033173 -0.9171748757362366
2027 0.7324230670928955 -0.3034369051456451 -0.917377233505249
2028 0.7518810033798218 -0.3034484088420868 -0.9174370765686035
2029 0.7728232145309448 -0.3034316897392273 -0.9173501133918762
2030 0.7951992154121399 -0.3033300936222076 -0.9168251156806946
2031 0.8189551830291748 -0.3032819032669067 -0.9165777564048767
2032 0.8440338373184204 -0.3032929003238678 -0.9166341423988342
2033 0.8703747987747192 -0.3031907379627228 -0.9161128401756287
2034 0.8979145288467407 -0.3030920326709747 -0.9156137108802795
2035 0.9265867471694946 -0.3029884397983551 -0.915094256401062
2036 0.9563224315643311 -0.3028189539909363 -0.914254367351532
2037 0.9870498180389404 -0.3027994632720947 -0.9141585230827332
2038 1.018694996833801 -0.3027097582817078 -0.9137195348739624
2039 1.051181674003601 -0.3026352226734161 -0.9133572578430176
2040 1.084431529045105 -0.3026254177093506 -0.9133096933364868
2041 1.118364572525024 -0.3024003505706787 -0.9122295379638672
2042 1.152899026870728 -0.3023117780685425 -0.9118096828460693
2043 1.187951683998108 -0.3022302985191345 -0.9114259481430054
2044 1.223438024520874 -0.3021441102027893 -0.9110226035118103
2045 1.259272694587708 -0.3021224439144135 -0.9109216332435608
2046 1.295369267463684 -0.3019871115684509 -0.9102945327758789
2047 1.331640839576721 -0.3018761277198792 -0.9097849130630493
2048 1.368000030517578 -0.3016721308231354 -0.9088589549064636
2049 1.404359102249146 -0.301640510559082 -0.90871661901474
2050 1.440630674362183 -0.3014747500419617 -0.9079755544662476
2051 1.476727247238159 -0.3014912903308868 -0.9080491065979004
2052 1.512561917304993 -0.3014189898967743 -0.9077282547950745
2053 1.548048257827759 -0.301192969083786 -0.9067350029945374
2054 1.583100914955139 -0.3011322319507599 -0.9064707159996033
2055 1.617635369300842 -0.3009949624538422 -0.9058771729469299
2056 1.651568412780762 -0.3010042309761047 -0.9059170484542847
2057 1.684818267822266 -0.300868809223175 -0.9053362607955933
2058 1.717304944992065 -0.300849437713623 -0.9052536487579346
2059 1.748950123786926 -0.3006102442741394 -0.9042412042617798
2060 1.779677510261536 -0.3005557656288147 -0.9040126800537109
2061 1.809413194656372 -0.3005076348781586 -0.9038115739822388
2062 1.838085412979126 -0.3003713488578796 -0.9032449722290039
2063 1.865625143051147 -0.3003899455070496 -0.9033219814300537
2064 1.891966104507446 -0.3003943264484406 -0.903340220451355
2065 1.917044758796692 -0.300291895866394 -0.9029168486595154
2066 1.940800786018372 -0.3001042008399963 -0.9021478295326233
2067 1.963176846504211 -0.3000843226909637 -0.9020668864250183
2068 1.984119057655334 -0.3000358939170837 -0.90187007188797
2069 2.003576993942261 -0.2999110221862793 -0.9013650417327881
2070 2.021503686904907 -0.299915999174118 -0.9013851284980774
2071 2.037856101989746 -0.2999221086502075 -0.9014098048210144
2072 2.052594900131226 -0.2999323010444641 -0.9014508724212646
2073 2.06568431854248 -0.299880713224411 -0.9012430906295776
2074 2.077092885971069 -0.2998130917549133 -0.9009716510772705
2075 2.086793184280396 -0.2998060882091522 -0.9009435772895813
2076 2.094762086868286 -0.2998031973838806 -0.9009320139884949
2077 2.100979804992676 -0.2997932732105255 -0.9008922576904297
2078 2.105432033538818 -0.2997512519359589 -0.9007242321968079
2079 2.108107566833496 -0.2997072041034698 -0.9005486369132996
2080 2.109000205993652 -0.2996925115585327 -0.9004901051521301
2081 0.6278925538063049 -0.3015464842319489 -0.908295214176178
2082 0.6269999742507935 -0.3015231490135193 -0.9081910252571106
2083 0.6305680871009827 -0.3016162216663361 -0.908607542514801
2084 0.6350201964378357 -0.3017316162586212 -0.9091276526451111
2085 0.6412380933761597 -0.3018696010112762 -0.9097551107406616
2086 0.649206817150116 -0.3020147383213043 -0.9104220867156982
2087 0.6589071750640869 -0.3021896481513977 -0.9112353324890137
2088 0.6703158020973206 -0.3023431897163391 -0.9119582176208496
2089 0.6834052205085754 -0.3025062680244446 -0.9127355217933655
2090 0.6981438994407654 -0.3025174736976624 -0.9127892851829529
2091 0.7144963145256042 -0.302490770816803 -0.9126611948013306
2092 0.7324230670928955 -0.3025203347206116 -0.9128029942512512
2093 0.7518810033798218 -0.3025153875350952 -0.9127792119979858
2094 0.7728232145309448 -0.3024752140045166 -0.9125866293907166
2095 0.7951992154121399 -0.3023338317871094 -0.9119139313697815
2096 0.8189551830291748 -0.3022508025169373 -0.9115222096443176
2097 0.8440338373184204 -0.3022319078445435 -0.9114335179328918
2098 0.8703747987747192 -0.3020844757556915 -0.9107450842857361
2099 0.8979145288467407 -0.3019473552703857 -0.9101115465164185
2100 0.9265867471694946 -0.3018118739128113 -0.9094918966293335
2101 0.9563224315643311 -0.3015842437744141 -0.9084640741348267
2102 0.9870498180389404 -0.3015289008617401 -0.908216655254364
2103 1.018694996833801 -0.3013868629932404 -0.9075860977172852
2104 1.051181674003601 -0.3012577891349792 -0.9070183634757996
2105 1.084431529045105 -0.3012098670005798 -0.9068087935447693
2106 1.118364572525024 -0.3009299635887146 -0.9055979251861572
2107 1.152899026870728 -0.3007909059524536 -0.9050045013427734
2108 1.187951683998108 -0.3006560504436493 -0.9044339060783386
2109 1.223438024520874 -0.3005098700523376 -0.903820812702179
2110 1.259272694587708 -0.3004380464553833 -0.9035216569900513
2111 1.295369267463684 -0.3002368211746216 -0.9026903510093689
2112 1.331640839576721 -0.3000793755054474 -0.9020467400550842
2113 1.368000030517578 -0.2998049855232239 -0.9009391665458679
2114 1.404359102249146 -0.2997270226478577 -0.900627613067627
2115 1.440630674362183 -0.2994845509529114 -0.8996673226356506
2116 1.476727247238159 -0.2994563579559326 -0.899556577205658
2117 1.512561917304993 -0.2993276715278625 -0.8990528583526611
2118 1.548048257827759 -0.2990390658378601 -0.8979359865188599
2119 1.583100914955139 -0.2989287078380585 -0.8975133299827576
2120 1.617635369300842 -0.2987225353717804 -0.8967302441596985
2121 1.651568412780762 -0.298689216375351 -0.8966045379638672
2122 1.684818267822266 -0.2984805405139923 -0.8958216309547424
2123 1.717304944992065 -0.2984215319156647 -0.8956016898155212
2124 1.748950123786926 -0.2981166541576385 -0.8944756984710693
2125 1.779677510261536 -0.298017293214798 -0.8941123485565186
2126 1.809413194656372 -0.2979242503643036 -0.8937736749649048
2127 1.838085412979126 -0.2977221012115479 -0.8930429816246033
2128 1.865625143051147 -0.297705203294754 -0.8929822444915771
2129 1.891966104507446 -0.2976779341697693 -0.8928842544555664
2130 1.917044758796692 -0.2975248694419861 -0.8923367261886597
2131 1.940800786018372 -0.2972904145717621 -0.8915053606033325
2132 1.963176846504211 -0.2972428798675537 -0.8913378715515137
2133 1.984119057655334 -0.2971600294113159 -0.8910468220710754
2134 2.003576993942261 -0.2969836592674255 -0.8904309272766113
2135 2.021503686904907 -0.2969678640365601 -0.8903760313987732
2136 2.037856101989746 -0.2969544231891632 -0.8903292417526245
2137 2.052594900131226 -0.2969456017017365 -0.8902986645698547
2138 2.06568431854248 -0.2968623638153076 -0.8900100588798523
2139 2.077092885971069 -0.2967644035816193 -0.8896718621253967
2140 2.086793184280396 -0.2967434525489807 -0.8895996809005737
2141 2.094762086868286 -0.2967317402362823 -0.8895593285560608
2142 2.100979804992676 -0.2967147529125214 -0.8895008563995361
2143 2.105432033538818 -0.2966594398021698 -0.8893109560012817
2144 2.108107566833496 -0.2966029942035675 -0.8891175985336304
2145 2.109000205993652 -0.2965841591358185 -0.8890531659126282
2146 0.6278925538063049 -0.300555020570755 -0.9040095806121826
2147 0.6269999742507935 -0.3005302250385284 -0.9039058685302734
2148 0.6305680871009827 -0.3006291389465332 -0.9043206572532654
2149 0.6350201964378357 -0.3007518351078033 -0.9048386812210083
2150 0.6412380933761597 -0.300898402929306 -0.9054628014564514
2151 0.649206817150116 -0.3010550141334534 -0.9061360955238342
2152 0.6589071750640869 -0.3012438118457794 -0.9069571495056152
2153 0.6703158020973206 -0.3014068603515625 -0.9076744318008423
2154 0.6834052205085754 -0.3015792369842529 -0.9084416627883911
2155 0.6981438994407654 -0.301583856344223 -0.9084624052047729
2156 0.7144963145256042 -0.301550030708313 -0.9083110094070435
2157 0.7324230670928955 -0.3015682101249695 -0.9083923101425171
2158 0.7518810033798218 -0.3015443086624146 -0.9082854986190796
2159 0.7728232145309448 -0.3014776408672333 -0.907988429069519
2160 0.7951992154121399 -0.3012925386428833 -0.9071706533432007
2161 0.8189551830291748 -0.3011703789234161 -0.9066365361213684
2162 0.8440338373184204 -0.3011168837547302 -0.9064040780067444
2163 0.8703747987747192 -0.3009191453456879 -0.905551552772522
2164 0.8979145288467407 -0.3007394671440125 -0.9047863483428955
2165 0.9265867471694946 -0.3005691766738892 -0.9040688872337341
2166 0.9563224315643311 -0.300277441740036 -0.9028573632240295
2167 0.9870498180389404 -0.3001807332038879 -0.9024603962898254
2168 1.018694996833801 -0.2999795377254486 -0.9016416668891907
2169 1.051181674003601 -0.2997881770133972 -0.9008719325065613
2170 1.084431529045105 -0.299695611000061 -0.9005024433135986
2171 1.118364572525024 -0.2993565201759338 -0.8991654515266418
2172 1.152899026870728 -0.2991600334644318 -0.8984019756317139
2173 1.187951683998108 -0.2989639937877655 -0.8976481556892395
2174 1.223438024520874 -0.2987487614154816 -0.89682936668396
2175 1.259272694587708 -0.2986176609992981 -0.8963351249694824
2176 1.295369267463684 -0.2983414828777313 -0.8953043818473816
2177 1.331640839576721 -0.2981315553188324 -0.8945304155349731
2178 1.368000030517578 -0.2977786660194397 -0.8932467699050903
2179 1.404359102249146 -0.2976458668708801 -0.8927691578865051
2180 1.440630674362183 -0.2973159849643707 -0.8915955424308777
2181 1.476727247238159 -0.2972330749034882 -0.8913034200668335
2182 1.512561917304993 -0.2970382571220398 -0.8906210660934448
2183 1.548048257827759 -0.2966812551021576 -0.8893858790397644
2184 1.583100914955139 -0.2965125143527985 -0.8888086080551147
2185 1.617635369300842 -0.2962270975112915 -0.887841522693634
2186 1.651568412780762 -0.2961413562297821 -0.887553334236145
2187 1.684818267822266 -0.2958478033542633 -0.8865741491317749
2188 1.717304944992065 -0.2957407534122467 -0.8862199187278748
2189 1.748950123786926 -0.2953642308712006 -0.8849861621856689
2190 1.779677510261536 -0.2952117323875427 -0.8844916224479675
2191 1.809413194656372 -0.2950651347637177 -0.8840190172195435
2192 1.838085412979126 -0.2947870492935181 -0.8831297755241394
2193 1.865625143051147 -0.2947254776954651 -0.8829340934753418
2194 1.891966104507446 -0.2946587204933167 -0.8827224969863892
2195 1.917044758796692 -0.2944470643997192 -0.8820551037788391
2196 1.940800786018372 -0.2941624224185944 -0.8811656832695007
2197 1.963176846504211 -0.2940813004970551 -0.8809139728546143
2198 1.984119057655334 -0.2939576804637909 -0.8805316090583801
2199 2.003576993942261 -0.2937226295471191 -0.8798094391822815
2200 2.021503686904907 -0.2936806976795197 -0.8796812295913696
2201 2.037856101989746 -0.293642520904541 -0.879564642906189
2202 2.052594900131226 -0.2936095297336578 -0.8794640898704529
2203 2.06568431854248 -0.293489009141922 -0.8790974617004395
2204 2.077092885971069 -0.2933561503887177 -0.8786951899528503
2205 2.086793184280396 -0.2933180630207062 -0.8785802125930786
2206 2.094762086868286 -0.2932953834533691 -0.8785118460655212
2207 2.100979804992676 -0.2932699918746948 -0.8784353137016296
2208 2.105432033538818 -0.2931999862194061 -0.8782246708869934
2209 2.108107566833496 -0.2931300103664398 -0.8780146837234497
2210 2.109000205993652 -0.2931066751480103 -0.8779447078704834
2211 0.6278925538063049 -0.2995176017284393 -0.8997974991798401
2212 0.6269999742507935 -0.2994914352893829 -0.8996944427490234
2213 0.6305680871009827 -0.299595832824707 -0.9001064896583557
2214 0.6350201964378357 -0.2997253835201263 -0.9006210565567017
2215 0.6412380933761597 -0.2998799979686737 -0.9012402892112732
2216 0.649206817150116 -0.3000477254390717 -0.9019180536270142
2217 0.6589071750640869 -0.3002500534057617 -0.9027447104454041
2218 0.6703158020973206 -0.3004218935966492 -0.903454601764679
2219 0.6834052205085754 -0.3006027638912201 -0.9042097926139832
2220 0.6981438994407654 -0.3005999326705933 -0.9041979312896729
2221 0.7144963145256042 -0.3005584478378296 -0.9040240049362183
2222 0.7324230670928955 -0.3005635440349579 -0.9040453433990479
2223 0.7518810033798218 -0.3005185127258301 -0.9038569331169128
2224 0.7728232145309448 -0.3004226088523865 -0.9034575819969177
2225 0.7951992154121399 -0.3001901805400848 -0.9024990200996399
2226 0.8189551830291748 -0.3000250458717346 -0.9018259644508362
2227 0.8440338373184204 -0.2999326884746552 -0.9014524817466736
2228 0.8703747987747192 -0.2996800541877747 -0.9004405736923218
2229 0.8979145288467407 -0.2994541227817535 -0.8995477557182312
2230 0.9265867471694946 -0.2992462515830994 -0.8987360596656799
2231 0.9563224315643311 -0.2988851070404053 -0.897347092628479
2232 0.9870498180389404 -0.2987420558929443 -0.8968040347099304
2233 1.018694996833801 -0.298475444316864 -0.8958025574684143
2234 1.051181674003601 -0.2982148230075836 -0.89483642578125
2235 1.084431529045105 -0.2980716228485107 -0.8943108320236206
2236 1.118364572525024 -0.2976694703102112 -0.892853856086731
2237 1.152899026870728 -0.2974092662334442 -0.8919256329536438
2238 1.187951683998108 -0.2971449792385101 -0.890994131565094
2239 1.223438024520874 -0.2968524992465973 -0.8899759650230408
2240 1.259272694587708 -0.2966538965702057 -0.8892919421195984
2241 1.295369267463684 -0.2962945103645325 -0.8880689144134521
2242 1.331640839576721 -0.2960267066955566 -0.8871695399284363
2243 1.368000030517578 -0.2955880761146545 -0.885717511177063
2244 1.404359102249146 -0.2953927218914032 -0.8850789070129395
2245 1.440630674362183 -0.2949658036231995 -0.8837003111839294
2246 1.476727247238159 -0.2948191165924072 -0.8832318186759949
2247 1.512561917304993 -0.2945493757724762 -0.8823770880699158
2248 1.548048257827759 -0.2941188514232635 -0.8810303807258606
2249 1.583100914955139 -0.2938838303089142 -0.8803040385246277
2250 1.617635369300842 -0.2935098111629486 -0.8791607022285461
2251 1.651568412780762 -0.2933626770973206 -0.878714919090271
2252 1.684818267822266 -0.2929738461971283 -0.8775477409362793
2253 1.717304944992065 -0.2928111553192139 -0.8770639896392822
2254 1.748950123786926 -0.2923578023910522 -0.8757295608520508
2255 1.779677510261536 -0.2921446561813354 -0.875109076499939
2256 1.809413194656372 -0.2919367551803589 -0.8745077848434448
2257 1.838085412979126 -0.2915737330913544 -0.8734675049781799
2258 1.865625143051147 -0.2914590835571289 -0.8731414079666138
2259 1.891966104507446 -0.2913457155227661 -0.8728201389312744
2260 1.917044758796692 -0.2910683453083038 -0.8720387816429138
2261 1.940800786018372 -0.2907306551933289 -0.8710963129997253
2262 1.963176846504211 -0.290610671043396 -0.8707637786865234
2263 1.984119057655334 -0.290440559387207 -0.8702942728996277
2264 2.003576993942261 -0.2901403903961182 -0.8694716095924377
2265 2.021503686904907 -0.2900674939155579 -0.8692728877067566
2266 2.037856101989746 -0.289999932050705 -0.8690891265869141
2267 2.052594900131226 -0.2899380326271057 -0.8689210414886475
2268 2.06568431854248 -0.289775162935257 -0.8684802651405334
2269 2.077092885971069 -0.2896033525466919 -0.8680174946784973
2270 2.086793184280396 -0.2895452678203583 -0.8678615093231201
2271 2.094762086868286 -0.2895097136497498 -0.8677662014961243
2272 2.100979804992676 -0.2894747257232666 -0.8676724433898926
2273 2.105432033538818 -0.2893887460231781 -0.8674425482749939
2274 2.108107566833496 -0.2893043160438538 -0.8672173619270325
2275 2.109000205993652 -0.2892761528491974 -0.8671423196792603
2276 0.6278925538063049 -0.2984103262424469 -0.895560085773468
2277 0.6269999742507935 -0.2983828783035278 -0.8954580426216125
2278 0.6305680871009827 -0.2984924614429474 -0.8958661556243896
2279 0.6350201964378357 -0.2986285388469696 -0.8963759541511536
2280 0.6412380933761597 -0.2987908124923706 -0.8969886898994446
2281 0.649206817150116 -0.2989694178104401 -0.8976689577102661
2282 0.6589071750640869 -0.2991850674152374 -0.8984988331794739
2283 0.6703158020973206 -0.2993652522563934 -0.8991995453834534
2284 0.6834052205085754 -0.2995539605617523 -0.8999409079551697
2285 0.6981438994407654 -0.2995428740978241 -0.8998970985412598
2286 0.7144963145256042 -0.2994932532310486 -0.8997015953063965
2287 0.7324230670928955 -0.2994837462902069 -0.8996641635894775
2288 0.7518810033798218 -0.2994155585765839 -0.8993964195251465
2289 0.7728232145309448 -0.2992879450321198 -0.8988981246948242
2290 0.7951992154121399 -0.2990048229694366 -0.8978045582771301
2291 0.8189551830291748 -0.2987931370735168 -0.8969975113868713
2292 0.8440338373184204 -0.2986580729484558 -0.8964871168136597
2293 0.8703747987747192 -0.2983463108539581 -0.8953223824501038
2294 0.8979145288467407 -0.2980707287788391 -0.8943074941635132
2295 0.9265867471694946 -0.2978227734565735 -0.8934060335159302
2296 0.9563224315643311 -0.2973873019218445 -0.8918477892875671
2297 0.9870498180389404 -0.2971933782100677 -0.8911638259887695
2298 1.018694996833801 -0.2968557178974152 -0.8899869918823242
2299 1.051181674003601 -0.2965194582939148 -0.8888322114944458
2300 1.084431529045105 -0.2963203191757202 -0.8881561160087585
2301 1.118364572525024 -0.2958515882492065 -0.8865866661071777
2302 1.152899026870728 -0.2955219447612762 -0.8855007290840149
2303 1.187951683998108 -0.2951830923557281 -0.8843991756439209
2304 1.223438024520874 -0.2948060631752014 -0.8831902742385864
2305 1.259272694587708 -0.2945324778556824 -0.8823238611221313
2306 1.295369267463684 -0.2940825521945953 -0.8809177875518799
2307 1.331640839576721 -0.2937520444393158 -0.8798995018005371
2308 1.368000030517578 -0.2932212948799133 -0.8782886862754822
2309 1.404359102249146 -0.2929564714431763 -0.8774960041046143
2310 1.440630674362183 -0.2924240231513977 -0.875923216342926
2311 1.476727247238159 -0.2922053635120392 -0.875285267829895
2312 1.512561917304993 -0.2918529212474823 -0.8742665648460388
2313 1.548048257827759 -0.2913444042205811 -0.8728164434432983
2314 1.583100914955139 -0.2910361289978027 -0.8719484210014343
2315 1.617635369300842 -0.2905653715133667 -0.8706385493278503
2316 1.651568412780762 -0.2903488278388977 -0.870042085647583
2317 1.684818267822266 -0.289855569601059 -0.8686975836753845
2318 1.717304944992065 -0.2896305024623871 -0.8680904507637024
2319 1.748950123786926 -0.2890959084033966 -0.8666636943817139
2320 1.779677510261536 -0.2888155877590179 -0.865924060344696
2321 1.809413194656372 -0.2885394990444183 -0.8652009963989258
2322 1.838085412979126 -0.2880837023258209 -0.8640191555023193
2323 1.865625143051147 -0.2879084944725037 -0.8635686635971069
2324 1.891966104507446 -0.2877422273159027 -0.8631430864334106
2325 1.917044758796692 -0.2873929738998413 -0.8622550368309021
2326 1.940800786018372 -0.28699991106987 -0.8612651824951172
2327 1.963176846504211 -0.2868363857269287 -0.8608562350273132
2328 1.984119057655334 -0.2866148054599762 -0.8603048920631409
2329 2.003576993942261 -0.2862440645694733 -0.859389066696167
2330 2.021503686904907 -0.2861358523368835 -0.8591233491897583
2331 2.037856101989746 -0.2860347628593445 -0.8588757514953613
2332 2.052594900131226 -0.2859397530555725 -0.8586435914039612
2333 2.06568431854248 -0.2857302129268646 -0.8581334352493286
2334 2.077092885971069 -0.2855159640312195 -0.8576145172119141
2335 2.086793184280396 -0.285435289144516 -0.8574197888374329
2336 2.094762086868286 -0.2853851914405823 -0.8572990894317627
2337 2.100979804992676 -0.2853395640850067 -0.8571892380714417
2338 2.105432033538818 -0.2852365970611572 -0.8569418787956238
2339 2.108107566833496 -0.2851369380950928 -0.856702983379364
2340 2.109000205993652 -0.2851036787033081 -0.8566234111785889
2341 0.6278925538063049 -0.2972041070461273 -0.8912015557289124
2342 0.6269999742507935 -0.297175407409668 -0.8911007642745972
2343 0.6305680871009827 -0.2972899973392487 -0.8915039300918579
2344 0.6350201964378357 -0.2974323630332947 -0.89200758934021
2345 0.6412380933761597 -0.2976019978523254 -0.8926121592521667
2346 0.649206817150116 -0.297791451215744 -0.8932929039001465
2347 0.6589071750640869 -0.2980203032493591 -0.894123375415802
2348 0.6703158020973206 -0.298208475112915 -0.894813060760498
2349 0.6834052205085754 -0.2984046339988708 -0.8955388069152832
2350 0.6981438994407654 -0.2983845174312592 -0.8954641819000244
2351 0.7144963145256042 -0.298326313495636 -0.8952482342720032
2352 0.7324230670928955 -0.2983008325099945 -0.8951539397239685
2353 0.7518810033798218 -0.2982076108455658 -0.894809901714325
2354 0.7728232145309448 -0.2980459630489349 -0.8942170739173889
2355 0.7951992154121399 -0.2977089583873749 -0.8929956555366516
2356 0.8189551830291748 -0.2974474430084229 -0.8920611143112183
2357 0.8440338373184204 -0.2972660660743713 -0.8914195895195007
2358 0.8703747987747192 -0.2968912720680237 -0.890110194683075
2359 0.8979145288467407 -0.2965627908706665 -0.8889801502227783
2360 0.9265867471694946 -0.2962724566459656 -0.8879944682121277
2361 0.9563224315643311 -0.2957580983638763 -0.8862772583961487
2362 0.9870498180389404 -0.2955091893672943 -0.8854590058326721
2363 1.018694996833801 -0.2950953543186188 -0.8841162323951721
2364 1.051181674003601 -0.294677734375 -0.8827827572822571
2365 1.084431529045105 -0.2944177985191345 -0.8819632530212402
2366 1.118364572525024 -0.2938793301582336 -0.8802902102470398
2367 1.152899026870728 -0.2934752106666565 -0.8790556192398071
2368 1.187951683998108 -0.2930561602115631 -0.8777934908866882
2369 1.223438024520874 -0.2925879955291748 -0.8764046430587769
2370 1.259272694587708 -0.2922328412532806 -0.8753652572631836
2371 1.295369267463684 -0.2916859090328217 -0.8737877011299133
2372 1.331640839576721 -0.2912884950637817 -0.8726584315299988
2373 1.368000030517578 -0.29066002368927 -0.8709003925323486
2374 1.404359102249146 -0.2903197407722473 -0.8699622750282288
2375 1.440630674362183 -0.289674311876297 -0.8682083487510681
2376 1.476727247238159 -0.2893765568733215 -0.8674100041389465
2377 1.512561917304993 -0.2889346480369568 -0.866237461566925
2378 1.548048257827759 -0.2883444726467133 -0.8646935224533081
2379 1.583100914955139 -0.2879568636417389 -0.8636928200721741
2380 1.617635369300842 -0.2873823940753937 -0.8622282743453979
2381 1.651568412780762 -0.2870894074440002 -0.8614897131919861
2382 1.684818267822266 -0.2864839136600494 -0.859980583190918
2383 1.717304944992065 -0.2861906886100769 -0.8592578768730164
2384 1.748950123786926 -0.2855713665485382 -0.8577484488487244
2385 1.779677510261536 -0.2852182388305664 -0.8568978309631348
2386 1.809413194656372 -0.2848681211471558 -0.8560613989830017
2387 1.838085412979126 -0.2843129932880402 -0.8547492027282715
2388 1.865625143051147 -0.284070760011673 -0.8541818261146545
2389 1.891966104507446 -0.2838461399078369 -0.8536584973335266
2390 1.917044758796692 -0.2834198474884033 -0.8526725769042969
2391 1.940800786018372 -0.2829697728157043 -0.8516417145729065
2392 1.963176846504211 -0.2827586829662323 -0.8511617183685303
2393 1.984119057655334 -0.282481461763382 -0.8505347371101379
2394 2.003576993942261 -0.2820356488227844 -0.8495340943336487
2395 2.021503686904907 -0.2818884551525116 -0.8492058515548706
2396 2.037856101989746 -0.2817502915859222 -0.848898708820343
2397 2.052594900131226 -0.2816185653209686 -0.8486065864562988
2398 2.06568431854248 -0.2813586592674255 -0.8480327129364014
2399 2.077092885971069 -0.2810991406440735 -0.8474627733230591
2400 2.086793184280396 -0.2809937298297882 -0.8472321033477783
2401 2.094762086868286 -0.2809276878833771 -0.8470878601074219
2402 2.100979804992676 -0.2808705270290375 -0.8469631671905518
2403 2.105432033538818 -0.2807497978210449 -0.8467003107070923
2404 2.108107566833496 -0.2806343138217926 -0.8464494943618774
2405 2.109000205993652 -0.2805957794189453 -0.8463659286499023
2406 0.6278925538063049 -0.2958647608757019 -0.8866303563117981
2407 0.6269999742507935 -0.2958348095417023 -0.8865310549736023
2408 0.6305680871009827 -0.2959543466567993 -0.8869282007217407
2409 0.6350201964378357 -0.2961028814315796 -0.8874242901802063
2410 0.6412380933761597 -0.2962797284126282 -0.8880190253257751
2411 0.649206817150116 -0.2964800298213959 -0.8886979222297668
2412 0.6589071750640869 -0.2967221438884735 -0.8895263075828552
2413 0.6703158020973206 -0.296918123960495 -0.8902032375335693
2414 0.6834052205085754 -0.2971214056015015 -0.8909115791320801
2415 0.6981438994407654 -0.2970916330814362 -0.8908074498176575
2416 0.7144963145256042 -0.2970243394374847 -0.8905725479125977
2417 0.7324230670928955 -0.2969816029071808 -0.8904237151145935
2418 0.7518810033798218 -0.2968615889549255 -0.8900074362754822
2419 0.7728232145309448 -0.2966636717319489 -0.8893254995346069
2420 0.7951992154121399 -0.2962696850299835 -0.8879851102828979
2421 0.8189551830291748 -0.2959551811218262 -0.8869310021400452
2422 0.8440338373184204 -0.2957242131233215 -0.88616544008255
2423 0.8703747987747192 -0.2952826619148254 -0.8847213387489319
2424 0.8979145288467407 -0.2948983013629913 -0.883484423160553
2425 0.9265867471694946 -0.294563353061676 -0.8824211955070496
2426 0.9563224315643311 -0.2939659357070923 -0.880557119846344
2427 0.9870498180389404 -0.2936582863330841 -0.8796128034591675
2428 1.018694996833801 -0.2931636273860931 -0.8781154751777649
2429 1.051181674003601 -0.2926594614982605 -0.8766152858734131
2430 1.084431529045105 -0.2923344373703003 -0.875661313533783
2431 1.118364572525024 -0.291723370552063 -0.8738949298858643
2432 1.152899026870728 -0.2912403047084808 -0.8725223541259766
2433 1.187951683998108 -0.290736049413681 -0.871111273765564
2434 1.223438024520874 -0.2901710569858551 -0.8695553541183472
2435 1.259272694587708 -0.289728581905365 -0.8683545589447021
2436 1.295369267463684 -0.2890790402889252 -0.8666190505027771
2437 1.331640839576721 -0.288611114025116 -0.865388035774231
2438 1.368000030517578 -0.2878802418708801 -0.8634962439537048
2439 1.404359102249146 -0.2874592542648315 -0.8624230027198792
2440 1.440630674362183 -0.2866947054862976 -0.8605033755302429
2441 1.476727247238159 -0.2863116860389709 -0.8595554828643799
2442 1.512561917304993 -0.2857745885848999 -0.8582412004470825
2443 1.548048257827759 -0.2850998640060425 -0.8566142320632935
2444 1.583100914955139 -0.2846278846263885 -0.8554915189743042
2445 1.617635369300842 -0.2839439213275909 -0.8538860082626343
2446 1.651568412780762 -0.2835686802864075 -0.8530157208442688
2447 1.684818267822266 -0.2828445732593536 -0.8513568043708801
2448 1.717304944992065 -0.2824782729148865 -0.8505275249481201
2449 1.748950123786926 -0.281771719455719 -0.8489462733268738
2450 1.779677510261536 -0.281341165304184 -0.8479942083358765
2451 1.809413194656372 -0.2809122204780579 -0.847054123878479
2452 1.838085412979126 -0.2802525460720062 -0.8456244468688965
2453 1.865625143051147 -0.2799379527568817 -0.8449492454528809
2454 1.891966104507446 -0.27965047955513 -0.8443359732627869
2455 1.917044758796692 -0.2791430652141571 -0.8432620167732239
2456 1.940800786018372 -0.2786349654197693 -0.8421971201896667
2457 1.963176846504211 -0.278373122215271 -0.8416523933410645
2458 1.984119057655334 -0.278036892414093 -0.8409569263458252
2459 2.003576993942261 -0.2775125503540039 -0.8398810625076294
2460 2.021503686904907 -0.2773233652114868 -0.8394954800605774
2461 2.037856101989746 -0.2771452367305756 -0.8391336798667908
2462 2.052594900131226 -0.2769737839698792 -0.8387865424156189
2463 2.06568431854248 -0.2766607105731964 -0.8381554484367371
2464 2.077092885971069 -0.2763537466526031 -0.8375401496887207
2465 2.086793184280396 -0.2762218713760376 -0.8372768759727478
2466 2.094762086868286 -0.2761386632919312 -0.8371111154556274
2467 2.100979804992676 -0.276069313287735 -0.8369731307029724
2468 2.105432033538818 -0.275930255651474 -0.8366969227790833
2469 2.108107566833496 -0.2757986187934875 -0.8364360928535461
2470 2.109000205993652 -0.2757546901702881 -0.8363491892814636
2471 0.6278925538063049 -0.2943530082702637 -0.8817602396011353
2472 0.6269999742507935 -0.2943218648433685 -0.8816627264022827
2473 0.6305680871009827 -0.2944462597370148 -0.8820526003837585
2474 0.6350201964378357 -0.2946009337902069 -0.8825397491455078
2475 0.6412380933761597 -0.2947849035263062 -0.883122980594635
2476 0.649206817150116 -0.2949962019920349 -0.8837977647781372
2477 0.6589071750640869 -0.2952517569065094 -0.8846212029457092
2478 0.6703158020973206 -0.2954554557800293 -0.8852834701538086
2479 0.6834052205085754 -0.2956657409667969 -0.8859726786613464
2480 0.6981438994407654 -0.2956255972385406 -0.8858407139778137
2481 0.7144963145256042 -0.2955487668514252 -0.8855885863304138
2482 0.7324230670928955 -0.2954875528812408 -0.8853882551193237
2483 0.7518810033798218 -0.2953390777111053 -0.8849044442176819
2484 0.7728232145309448 -0.2951027154922485 -0.8841399550437927
2485 0.7951992154121399 -0.2946487367153168 -0.8826909065246582
2486 0.8189551830291748 -0.2942782640457153 -0.8815265297889709
2487 0.8440338373184204 -0.2939945757389069 -0.8806455135345459
2488 0.8703747987747192 -0.2934827506542206 -0.8790784478187561
2489 0.8979145288467407 -0.2930396795272827 -0.8777443170547485
2490 0.9265867471694946 -0.2926580905914307 -0.8766112327575684
2491 0.9563224315643311 -0.2919737100601196 -0.8746143579483032
2492 0.9870498180389404 -0.2916039526462555 -0.8735536932945251
2493 1.018694996833801 -0.29102423787117 -0.8719151616096497
2494 1.051181674003601 -0.2904289364814758 -0.8702622652053833
2495 1.084431529045105 -0.2900349497795105 -0.8691843152046204
2496 1.118364572525024 -0.2893489003181458 -0.8673362731933594
2497 1.152899026870728 -0.2887829542160034 -0.8658382296562195
2498 1.187951683998108 -0.2881892025470734 -0.8642914295196533
2499 1.223438024520874 -0.2875224947929382 -0.8625834584236145
2500 1.259272694587708 -0.2869877517223358 -0.8612346649169922
2501 1.295369267463684 -0.2862309515476227 -0.8593568205833435
2502 1.331640839576721 -0.2856895327568054 -0.8580347299575806
2503 1.368000030517578 -0.2848525643348694 -0.8560243844985962
2504 1.404359102249146 -0.2843465805053711 -0.8548281192779541
2505 1.440630674362183 -0.2834579348564148 -0.8527602553367615
2506 1.476727247238159 -0.2829845547676086 -0.8516753911972046
2507 1.512561917304993 -0.2823476493358612 -0.8502333760261536
2508 1.548048257827759 -0.2815863490104675 -0.8485352993011475
2509 1.583100914955139 -0.2810260057449341 -0.8473026752471924
2510 1.617635369300842 -0.2802281379699707 -0.8455718755722046
2511 1.651568412780762 -0.2797658741474152 -0.8445817232131958
2512 1.684818267822266 -0.2789183259010315 -0.8427897095680237
2513 1.717304944992065 -0.2784751653671265 -0.8418643474578857
2514 1.748950123786926 -0.2776797711849213 -0.8402230143547058
2515 1.779677510261536 -0.277168333530426 -0.8391804695129395
2516 1.809413194656372 -0.2766568958759308 -0.838147759437561
2517 1.838085412979126 -0.2758889198303223 -0.8366149067878723
2518 1.865625143051147 -0.275497704744339 -0.8358421921730042
2519 1.891966104507446 -0.2751438617706299 -0.8351478576660156
2520 1.917044758796692 -0.2745524644851685 -0.8339968919754028
2521 1.940800786018372 -0.2739860117435455 -0.8329054713249207
2522 1.963176846504211 -0.2736709415912628 -0.832302987575531
2523 1.984119057655334 -0.2732733190059662 -0.8315472006797791
2524 2.003576993942261 -0.272668182849884 -0.8304066061973572
2525 2.021503686904907 -0.2724346816539764 -0.8299695253372192
2526 2.037856101989746 -0.2722143232822418 -0.8295586109161377
2527 2.052594900131226 -0.2720008790493011 -0.829162061214447
2528 2.06568431854248 -0.2716326117515564 -0.8284809589385986
2529 2.077092885971069 -0.2712767422199249 -0.8278266787528992
2530 2.086793184280396 -0.271117091178894 -0.8275343775749207
2531 2.094762086868286 -0.2710159122943878 -0.8273494839668274
2532 2.100979804992676 -0.2709338665008545 -0.8271998167037964
2533 2.105432033538818 -0.2707761824131012 -0.8269127011299133
2534 2.108107566833496 -0.2706282138824463 -0.8266438841819763
2535 2.109000205993652 -0.2705788612365723 -0.8265543580055237
2536 0.6278925538063049 -0.2926243543624878 -0.8765116930007935
2537 0.6269999742507935 -0.2925919592380524 -0.8764163255691528
2538 0.6305680871009827 -0.2927212715148926 -0.8767977952957153
2539 0.6350201964378357 -0.2928820550441742 -0.8772745132446289
2540 0.6412380933761597 -0.2930732071399689 -0.877844512462616
2541 0.649206817150116 -0.293295681476593 -0.8785126805305481
2542 0.6589071750640869 -0.2935649156570435 -0.8793281316757202
2543 0.6703158020973206 -0.2937763333320618 -0.8799738883972168
2544 0.6834052205085754 -0.2939935028553009 -0.8806422352790833
2545 0.6981438994407654 -0.293942391872406 -0.8804845213890076
2546 0.7144963145256042 -0.2938555479049683 -0.8802170753479004
2547 0.7324230670928955 -0.2937746644020081 -0.8799688220024109
2548 0.7518810033798218 -0.293596088886261 -0.8794230818748474
2549 0.7728232145309448 -0.2933191657066345 -0.878583550453186
2550 0.7951992154121399 -0.2928022742271423 -0.8770376443862915
2551 0.8189551830291748 -0.2923729717731476 -0.8757739067077637
2552 0.8440338373184204 -0.2920336425304413 -0.874787449836731
2553 0.8703747987747192 -0.2914482653141022 -0.8731107115745544
2554 0.8979145288467407 -0.2909438908100128 -0.8716903328895569
2555 0.9265867471694946 -0.2905137836933136 -0.8704960942268372
2556 0.9563224315643311 -0.2897389233112335 -0.8683823943138123
2557 0.9870498180389404 -0.2893039882183075 -0.8672165274620056
2558 1.018694996833801 -0.2886355519294739 -0.865451991558075
2559 1.051181674003601 -0.2879450619220734 -0.8636625409126282
2560 1.084431529045105 -0.2874788045883179 -0.8624725937843323
2561 1.118364572525024 -0.2867157757282257 -0.8605557680130005
2562 1.152899026870728 -0.2860636413097382 -0.8589464426040649
2563 1.187951683998108 -0.2853768765926361 -0.8572790026664734
2564 1.223438024520874 -0.2846044301986694 -0.8554360270500183
2565 1.259272694587708 -0.2839733362197876 -0.853954553604126
2566 1.295369267463684 -0.2831056714057922 -0.8519518971443176
2567 1.331640839576721 -0.2824885249137878 -0.8505505919456482
2568 1.368000030517578 -0.2815426588058472 -0.8484386801719666
2569 1.404359102249146 -0.2809483110904694 -0.8471329212188721
2570 1.440630674362183 -0.2799319326877594 -0.8449363708496094
2571 1.476727247238159 -0.2793642580509186 -0.8437288403511047
2572 1.512561917304993 -0.2786241471767426 -0.8421745896339417
2573 1.548048257827759 -0.2777751088142395 -0.8404184579849243
2574 1.583100914955139 -0.2771235108375549 -0.839089572429657
2575 1.617635369300842 -0.2762087285518646 -0.8372506499290466
2576 1.651568412780762 -0.2756558954715729 -0.8361539840698242
2577 1.684818267822266 -0.2746816873550415 -0.8342474102973938
2578 1.717304944992065 -0.2741589248180389 -0.8332375288009644
2579 1.748950123786926 -0.2732742428779602 -0.8315489292144775
2580 1.779677510261536 -0.2726795077323914 -0.8304278254508972
2581 1.809413194656372 -0.2720831334590912 -0.8293147087097168
2582 1.838085412979126 -0.2712045907974243 -0.8276944756507874
2583 1.865625143051147 -0.2707337439060211 -0.826835572719574
2584 1.891966104507446 -0.2703111171722412 -0.8260700106620789
2585 1.917044758796692 -0.2696340680122375 -0.8248541951179504
2586 1.940800786018372 -0.2690096795558929 -0.8237441778182983
2587 1.963176846504211 -0.2686398029327393 -0.8230916857719421
2588 1.984119057655334 -0.2681792676448822 -0.8222844004631042
2589 2.003576993942261 -0.267492264509201 -0.8210904002189636
2590 2.021503686904907 -0.267212837934494 -0.8206083178520203
2591 2.037856101989746 -0.2669487595558167 -0.8201544880867004
2592 2.052594900131226 -0.2666918039321899 -0.8197146058082581
2593 2.06568431854248 -0.2662671506404877 -0.8189912438392639
2594 2.077092885971069 -0.2658617198467255 -0.8183048367500305
2595 2.086793184280396 -0.2656734585762024 -0.8179875016212463
2596 2.094762086868286 -0.265553742647171 -0.8177860975265503
2597 2.100979804992676 -0.265458732843399 -0.8176265954971313
2598 2.105432033538818 -0.2652823925018311 -0.8173310160636902
2599 2.108107566833496 -0.2651182115077972 -0.8170564770698547
2600 2.109000205993652 -0.2650634348392487 -0.8169650435447693
2601 0.6278925538063049 -0.2906286120414734 -0.8708134293556213
2602 0.6269999742507935 -0.2905950248241425 -0.8707204461097717
2603 0.6305680871009827 -0.2907292246818542 -0.8710923194885254
2604 0.6350201964378357 -0.2908961772918701 -0.8715571165084839
2605 0.6412380933761597 -0.2910945117473602 -0.8721121549606323
2606 0.649206817150116 -0.2913283705711365 -0.872771143913269
2607 0.6589071750640869 -0.2916115820407867 -0.8735754489898682
2608 0.6703158020973206 -0.2918307483196259 -0.8742027878761292
2609 0.6834052205085754 -0.2920547723770142 -0.8748486042022705
2610 0.6981438994407654 -0.2919920980930328 -0.8746674656867981
2611 0.7144963145256042 -0.2918947637081146 -0.8743869066238403
2612 0.7324230670928955 -0.2917931377887726 -0.8740948438644409
2613 0.7518810033798218 -0.291582852602005 -0.8734935522079468
2614 0.7728232145309448 -0.2912634015083313 -0.8725876212120056
2615 0.7951992154121399 -0.2906808257102966 -0.8709580898284912
2616 0.8189551830291748 -0.2901900112628937 -0.8696070909500122
2617 0.8440338373184204 -0.2897923290729523 -0.8685266375541687
2618 0.8703747987747192 -0.2891303896903992 -0.8667550683021545
2619 0.8979145288467407 -0.2885623872280121 -0.8652607798576355
2620 0.9265867471694946 -0.288082093000412 -0.8640149831771851
2621 0.9563224315643311 -0.2872136533260345 -0.8618022203445435
2622 0.9870498180389404 -0.2867109775543213 -0.8605437874794006
2623 1.018694996833801 -0.285950630903244 -0.8586701154708862
2624 1.051181674003601 -0.2851616144180298 -0.8567620515823364
2625 1.084431529045105 -0.2846203446388245 -0.8554736375808716
2626 1.118364572525024 -0.2837788164615631 -0.8535022139549255
2627 1.152899026870728 -0.2830379903316498 -0.8517972826957703
2628 1.187951683998108 -0.2822553813457489 -0.8500261306762695
2629 1.223438024520874 -0.2813742160797119 -0.8480669260025024
2630 1.259272694587708 -0.2806437015533447 -0.8464698791503906
2631 1.295369267463684 -0.2796625792980194 -0.8443617224693298
2632 1.331640839576721 -0.2789681553840637 -0.8428942561149597
2633 1.368000030517578 -0.2779117524623871 -0.8406991958618164
2634 1.404359102249146 -0.2772267460823059 -0.8392990827560425
2635 1.440630674362183 -0.2760803997516632 -0.8369951248168945
2636 1.476727247238159 -0.2754156589508057 -0.8356807827949524
2637 1.512561917304993 -0.2745702266693115 -0.834031343460083
2638 1.548048257827759 -0.2736333012580872 -0.8322312831878662
2639 1.583100914955139 -0.2728886902332306 -0.8308209180831909
2640 1.617635369300842 -0.271855503320694 -0.828892707824707
2641 1.651568412780762 -0.2712098956108093 -0.8277041912078857
2642 1.684818267822266 -0.2701074779033661 -0.825702965259552
2643 1.717304944992065 -0.2695035636425018 -0.8246212601661682
2644 1.748950123786926 -0.2685301899909973 -0.8228989839553833
2645 1.779677510261536 -0.2678510248661041 -0.8217123746871948
2646 1.809413194656372 -0.2671685516834259 -0.8205320239067078
2647 1.838085412979126 -0.2661787569522858 -0.818841278553009
2648 1.865625143051147 -0.2656265795230865 -0.8179086446762085
2649 1.891966104507446 -0.265133798122406 -0.8170825242996216
2650 1.917044758796692 -0.2643707096576691 -0.8158146739006042
2651 1.940800786018372 -0.2636895477771759 -0.8146944642066956
2652 1.963176846504211 -0.2632641792297363 -0.8140003085136414
2653 1.984119057655334 -0.262740284204483 -0.813150942325592
2654 2.003576993942261 -0.2619715332984924 -0.8119156360626221
2655 2.021503686904907 -0.2616454362869263 -0.811395525932312
2656 2.037856101989746 -0.2613368630409241 -0.8109054565429688
2657 2.052594900131226 -0.2610355615615845 -0.8104288578033447
2658 2.06568431854248 -0.260554313659668 -0.8096716403961182
2659 2.077092885971069 -0.2600993812084198 -0.8089603185653687
2660 2.086793184280396 -0.2598822116851807 -0.8086222410202026
2661 2.094762086868286 -0.2597436904907227 -0.8084071278572083
2662 2.100979804992676 -0.2596356570720673 -0.8082395792007446
2663 2.105432033538818 -0.2594409584999084 -0.807938277721405
2664 2.108107566833496 -0.2592608630657196 -0.8076602220535278
2665 2.109000205993652 -0.259200781583786 -0.8075675964355469
2666 0.6278925538063049 -0.288309782743454 -0.8646035194396973
2667 0.6269999742507935 -0.2882749438285828 -0.8645132780075073
2668 0.6305680871009827 -0.2884140908718109 -0.8648743629455566
2669 0.6350201964378357 -0.2885872423648834 -0.8653256893157959
2670 0.6412380933761597 -0.288792759180069 -0.8658640384674072
2671 0.649206817150116 -0.2890382409095764 -0.8665111064910889
2672 0.6589071750640869 -0.289335697889328 -0.8673009872436523
2673 0.6703158020973206 -0.2895626127719879 -0.8679080605506897
2674 0.6834052205085754 -0.289793461561203 -0.8685296773910522
2675 0.6981438994407654 -0.2897186279296875 -0.8683277368545532
2676 0.7144963145256042 -0.2896104156970978 -0.8680363893508911
2677 0.7324230670928955 -0.2894869744777679 -0.8677052855491638
2678 0.7518810033798218 -0.2892435491085052 -0.8670555949211121
2679 0.7728232145309448 -0.2888797223567963 -0.8660927414894104
2680 0.7951992154121399 -0.2882289290428162 -0.8643941879272461
2681 0.8189551830291748 -0.2876741886138916 -0.8629694581031799
2682 0.8440338373184204 -0.2872157692909241 -0.8618075847625732
2683 0.8703747987747192 -0.2864746749401093 -0.8599576950073242
2684 0.8979145288467407 -0.2858410477638245 -0.8584029674530029
2685 0.9265867471694946 -0.2853091657161713 -0.857116162776947
2686 0.9563224315643311 -0.2843447327613831 -0.8548237681388855
2687 0.9870498180389404 -0.2837721407413483 -0.8534866571426392
2688 1.018694996833801 -0.2829174697399139 -0.8515225648880005
2689 1.051181674003601 -0.2820273637771606 -0.8495156168937683
2690 1.084431529045105 -0.281408965587616 -0.8481435179710388
2691 1.118364572525024 -0.280488133430481 -0.8461328148841858
2692 1.152899026870728 -0.2796568274497986 -0.8443495035171509
2693 1.187951683998108 -0.2787765860557556 -0.8424928784370422
2694 1.223438024520874 -0.2777847051620483 -0.8404381275177002
2695 1.259272694587708 -0.2769528031349182 -0.8387441039085388
2696 1.295369267463684 -0.2758568525314331 -0.8365514278411865
2697 1.331640839576721 -0.275084525346756 -0.8350318074226379
2698 1.368000030517578 -0.27391716837883 -0.8327736258506775
2699 1.404359102249146 -0.2731402516365051 -0.831295371055603
2700 1.440630674362183 -0.2718633115291595 -0.8289071321487427
2701 1.476727247238159 -0.2711000144481659 -0.8275031447410583
2702 1.512561917304993 -0.2701485157012939 -0.8257768154144287
2703 1.548048257827759 -0.2691246271133423 -0.8239477276802063
2704 1.583100914955139 -0.2682865560054779 -0.8224719762802124
2705 1.617635369300842 -0.2671350538730621 -0.8204744458198547
2706 1.651568412780762 -0.2663957476615906 -0.8192098736763
2707 1.684818267822266 -0.2651654779911041 -0.8171354532241821
2708 1.717304944992065 -0.2644799947738647 -0.815995454788208
2709 1.748950123786926 -0.2634197771549225 -0.8142537474632263
2710 1.779677510261536 -0.2626563310623169 -0.8130154013633728
2711 1.809413194656372 -0.2618878483772278 -0.8117819428443909
2712 1.838085412979126 -0.2607878744602203 -0.8100385665893555
2713 1.865625143051147 -0.2601539492607117 -0.8090454339981079
2714 1.891966104507446 -0.2595908343791962 -0.8081701397895813
2715 1.917044758796692 -0.2587426900863647 -0.8068639039993286
2716 1.940800786018372 -0.258006751537323 -0.805742084980011
2717 1.963176846504211 -0.2575260400772095 -0.8050150275230408
2718 1.984119057655334 -0.2569393217563629 -0.8041335940361023
2719 2.003576993942261 -0.2560903131961823 -0.8028696179389954
2720 2.021503686904907 -0.255717545747757 -0.802318811416626
2721 2.037856101989746 -0.2553644776344299 -0.8017995357513428
2722 2.052594900131226 -0.2550188004970551 -0.8012933135032654
2723 2.06568431854248 -0.2544816732406616 -0.8005109429359436
2724 2.077092885971069 -0.2539781630039215 -0.7997822165489197
2725 2.086793184280396 -0.2537322342395782 -0.7994279265403748
2726 2.094762086868286 -0.2535750567913055 -0.7992019653320312
2727 2.100979804992676 -0.2534541189670563 -0.7990284562110901
2728 2.105432033538818 -0.2532415688037872 -0.7987241148948669
2729 2.108107566833496 -0.2530461549758911 -0.798444926738739
2730 2.109000205993652 -0.2529809474945068 -0.7983519434928894
2731 0.6278925538063049 -0.2856056094169617 -0.8578312993049622
2732 0.6269999742507935 -0.2855695188045502 -0.857744038105011
2733 0.6305680871009827 -0.2857136130332947 -0.8580930829048157
2734 0.6350201964378357 -0.2858929634094238 -0.8585294485092163
2735 0.6412380933761597 -0.2861056923866272 -0.859049379825592
2736 0.649206817150116 -0.2863629162311554 -0.8596817255020142
2737 0.6589071750640869 -0.2866747677326202 -0.860453724861145
2738 0.6703158020973206 -0.286909431219101 -0.8610387444496155
2739 0.6834052205085754 -0.287147045135498 -0.8616344928741455
2740 0.6981438994407654 -0.2870595157146454 -0.8614146709442139
2741 0.7144963145256042 -0.2869400084018707 -0.8611151576042175
2742 0.7324230670928955 -0.2867938280105591 -0.860750138759613
2743 0.7518810033798218 -0.2865159809589386 -0.860059916973114
2744 0.7728232145309448 -0.2861061692237854 -0.8590505719184875
2745 0.7951992154121399 -0.2853851020336151 -0.8572988510131836
2746 0.8189551830291748 -0.2847644686698914 -0.8558151125907898
2747 0.8440338373184204 -0.2842433154582977 -0.8545857071876526
2748 0.8703747987747192 -0.2834210395812988 -0.8526753187179565
2749 0.8979145288467407 -0.2827202975749969 -0.8510746955871582
2750 0.9265867471694946 -0.2821359038352966 -0.8497582674026489
2751 0.9563224315643311 -0.2810737490653992 -0.8474071621894836
2752 0.9870498180389404 -0.2804297208786011 -0.8460065126419067
2753 1.018694996833801 -0.2794791162014008 -0.8439720869064331
2754 1.051181674003601 -0.2784863412380219 -0.8418875932693481
2755 1.084431529045105 -0.2777895033359528 -0.8404479622840881
2756 1.118364572525024 -0.2767893075942993 -0.8384142518043518
2757 1.152899026870728 -0.2758667171001434 -0.8365709781646729
2758 1.187951683998108 -0.2748881280422211 -0.8346486687660217
2759 1.223438024520874 -0.2737848460674286 -0.8325204849243164
2760 1.259272694587708 -0.2728507518768311 -0.8307495713233948
2761 1.295369267463684 -0.2716400325298309 -0.828494668006897
2762 1.331640839576721 -0.2707901000976562 -0.8269379734992981
2763 1.368000030517578 -0.2695127725601196 -0.8246377110481262
2764 1.404359102249146 -0.2686438858509064 -0.8230988383293152
2765 1.440630674362183 -0.2672374248504639 -0.8206506371498108
2766 1.476727247238159 -0.2663754820823669 -0.8191753625869751
2767 1.512561917304993 -0.2653186917304993 -0.8173917531967163
2768 1.548048257827759 -0.2642099261283875 -0.8155493140220642
2769 1.583100914955139 -0.2632793188095093 -0.8140249252319336
2770 1.617635369300842 -0.26201131939888 -0.8119792342185974
2771 1.651568412780762 -0.2611788809299469 -0.8106553554534912
2772 1.684818267822266 -0.2598229348659515 -0.8085301518440247
2773 1.717304944992065 -0.2590568661689758 -0.8073461055755615
2774 1.748950123786926 -0.2579128444194794 -0.8055997490882874
2775 1.779677510261536 -0.2570666074752808 -0.8043242692947388
2776 1.809413194656372 -0.2562136352062225 -0.8030523657798767
2777 1.838085412979126 -0.2550062239170074 -0.8012749552726746
2778 1.865625143051147 -0.2542915642261505 -0.8002352714538574
2779 1.891966104507446 -0.2536590993404388 -0.7993227243423462
2780 1.917044758796692 -0.2527282536029816 -0.7979922294616699
2781 1.940800786018372 -0.2519403398036957 -0.7968775629997253
2782 1.963176846504211 -0.2514055073261261 -0.7961268424987793
2783 1.984119057655334 -0.2507575750350952 -0.7952236533164978
2784 2.003576993942261 -0.2498310506343842 -0.7939439415931702
2785 2.021503686904907 -0.2494124323129654 -0.793370246887207
2786 2.037856101989746 -0.2490157037973404 -0.7928290963172913
2787 2.052594900131226 -0.2486263960599899 -0.7923004627227783
2788 2.06568431854248 -0.2480351030826569 -0.7915019989013672
2789 2.077092885971069 -0.2474847584962845 -0.7907636165618896
2790 2.086793184280396 -0.247210755944252 -0.7903977036476135
2791 2.094762086868286 -0.2470352947711945 -0.7901639938354492
2792 2.100979804992676 -0.2469018995761871 -0.7899866104125977
2793 2.105432033538818 -0.2466723471879959 -0.7896819710731506
2794 2.108107566833496 -0.2464624047279358 -0.789404034614563
2795 2.109000205993652 -0.2463923543691635 -0.7893114686012268
2796 0.6278925538063049 -0.2824476361274719 -0.8504584431648254
2797 0.6269999742507935 -0.2824103534221649 -0.8503745198249817
2798 0.6305680871009827 -0.2825593054294586 -0.850710391998291
2799 0.6350201964378357 -0.2827447950839996 -0.8511301875114441
2800 0.6412380933761597 -0.2829645872116089 -0.851629912853241
2801 0.649206817150116 -0.2832335829734802 -0.8522446751594543
2802 0.6589071750640869 -0.2835598587989807 -0.8529953360557556
2803 0.6703158020973206 -0.2838021814823151 -0.8535563945770264
2804 0.6834052205085754 -0.2840463221073151 -0.8541247844696045
2805 0.6981438994407654 -0.2839457094669342 -0.8538901805877686
2806 0.7144963145256042 -0.2838146388530731 -0.8535853624343872
2807 0.7324230670928955 -0.28364497423172 -0.8531920313835144
2808 0.7518810033798218 -0.2833316326141357 -0.8524697422981262
2809 0.7728232145309448 -0.2828746736049652 -0.8514251708984375
2810 0.7951992154121399 -0.2820817828178406 -0.8496372103691101
2811 0.8189551830291748 -0.2813938558101654 -0.8481102585792542
2812 0.8440338373184204 -0.2808085680007935 -0.8468282222747803
2813 0.8703747987747192 -0.2799038887023926 -0.8448764085769653
2814 0.8979145288467407 -0.2791352570056915 -0.8432455062866211
2815 0.9265867471694946 -0.2784978747367859 -0.8419115543365479
2816 0.9563224315643311 -0.2773374021053314 -0.8395240306854248
2817 0.9870498180389404 -0.2766211628913879 -0.8380759954452515
2818 1.018694996833801 -0.2755741477012634 -0.8359927535057068
2819 1.051181674003601 -0.2744782865047455 -0.8338533639907837
2820 1.084431529045105 -0.2737026214599609 -0.8323634266853333
2821 1.118364572525024 -0.2726239860057831 -0.8303237557411194
2822 1.152899026870728 -0.2716104686260223 -0.8284401297569275
2823 1.187951683998108 -0.2705339789390564 -0.82647305727005
2824 1.223438024520874 -0.2693201303482056 -0.8242947459220886
2825 1.259272694587708 -0.2682844400405884 -0.8224682211875916
2826 1.295369267463684 -0.2669605314731598 -0.8201746940612793
2827 1.331640839576721 -0.2660343945026398 -0.8185967206954956
2828 1.368000030517578 -0.2646495699882507 -0.8162763714790344
2829 1.404359102249146 -0.2636900544166565 -0.8146952986717224
2830 1.440630674362183 -0.2621570825576782 -0.8122125864028931
2831 1.476727247238159 -0.2611979246139526 -0.8106854557991028
2832 1.512561917304993 -0.2600381672382355 -0.8088648915290833
2833 1.548048257827759 -0.2588478922843933 -0.8070251941680908
2834 1.583100914955139 -0.2578270733356476 -0.805469810962677
2835 1.617635369300842 -0.2564462423324585 -0.8033978343009949
2836 1.651568412780762 -0.2555227875709534 -0.8020321130752563
2837 1.684818267822266 -0.2540454566478729 -0.7998793721199036
2838 1.717304944992065 -0.2532010674476624 -0.7986661791801453
2839 1.748950123786926 -0.2519776821136475 -0.796930193901062
2840 1.779677510261536 -0.2510514855384827 -0.7956324815750122
2841 1.809413194656372 -0.2501169741153717 -0.7943374514579773
2842 1.838085412979126 -0.2488067448139191 -0.7925450801849365
2843 1.865625143051147 -0.2480137646198273 -0.7914732694625854
2844 1.891966104507446 -0.2473141998052597 -0.7905356884002686
2845 1.917044758796692 -0.2463044673204422 -0.7891953587532043
2846 1.940800786018372 -0.2454681992530823 -0.7880966663360596
2847 1.963176846504211 -0.2448813319206238 -0.7873317003250122
2848 1.984119057655334 -0.2441748827695847 -0.7864173054695129
2849 2.003576993942261 -0.2431749999523163 -0.7851351499557495
2850 2.021503686904907 -0.2427122443914413 -0.7845463752746582
2851 2.037856101989746 -0.2422734349966049 -0.7839908599853516
2852 2.052594900131226 -0.241842120885849 -0.783447265625
2853 2.06568431854248 -0.2411992996931076 -0.7826418280601501
2854 2.077092885971069 -0.2406046837568283 -0.7819017171859741
2855 2.086793184280396 -0.2403038144111633 -0.7815289497375488
2856 2.094762086868286 -0.2401108592748642 -0.7812904715538025
2857 2.100979804992676 -0.2399655878543854 -0.7811112999916077
2858 2.105432033538818 -0.2397201806306839 -0.780809223651886
2859 2.108107566833496 -0.2394967675209045 -0.7805348634719849
2860 2.109000205993652 -0.2394222319126129 -0.7804434895515442
2861 0.6278925538063049 -0.2787613570690155 -0.8424610495567322
2862 0.6269999742507935 -0.2787229120731354 -0.842380702495575
2863 0.6305680871009827 -0.2788765430450439 -0.8427021503448486
2864 0.6350201964378357 -0.2790679931640625 -0.8431039452552795
2865 0.6412380933761597 -0.2792946398258209 -0.8435817360877991
2866 0.649206817150116 -0.2795751988887787 -0.8441759943962097
2867 0.6589071750640869 -0.2799157500267029 -0.8449017405509949
2868 0.6703158020973206 -0.280165433883667 -0.8454370498657227
2869 0.6834052205085754 -0.2804158329963684 -0.8459765315055847
2870 0.6981438994407654 -0.2803018391132355 -0.8457305431365967
2871 0.7144963145256042 -0.2801590263843536 -0.8454232811927795
2872 0.7324230670928955 -0.2799653112888336 -0.8450077772140503
2873 0.7518810033798218 -0.2796159088611603 -0.8442624807357788
2874 0.7728232145309448 -0.2791110575199127 -0.8431946039199829
2875 0.7951992154121399 -0.2782457172870636 -0.8413883447647095
2876 0.8189551830291748 -0.2774899005889893 -0.8398348689079285
2877 0.8440338373184204 -0.2768398523330688 -0.8385161161422729
2878 0.8703747987747192 -0.2758525311946869 -0.8365428447723389
2879 0.8979145288467407 -0.2750160694122314 -0.8348981142044067
2880 0.9265867471694946 -0.2743259966373444 -0.8335592746734619
2881 0.9563224315643311 -0.2730678617954254 -0.8311586976051331
2882 0.9870498180389404 -0.2722796499729156 -0.829680323600769
2883 1.018694996833801 -0.271136999130249 -0.8275707960128784
2884 1.051181674003601 -0.269939124584198 -0.8254003524780273
2885 1.084431529045105 -0.2690854072570801 -0.8238782286643982
2886 1.118364572525024 -0.2679303586483002 -0.8218503594398499
2887 1.152899026870728 -0.2668275833129883 -0.819946825504303
2888 1.187951683998108 -0.2656552195549011 -0.817956805229187
2889 1.223438024520874 -0.2643332481384277 -0.8157528042793274
2890 1.259272694587708 -0.2631981074810028 -0.8138928413391113
2891 1.295369267463684 -0.2617644369602203 -0.8115850687026978
2892 1.331640839576721 -0.2607646584510803 -0.8100020289421082
2893 1.368000030517578 -0.2592765688896179 -0.8076844811439514
2894 1.404359102249146 -0.2582292258739471 -0.8060801029205322
2895 1.440630674362183 -0.2565748393535614 -0.8035892844200134
2896 1.476727247238159 -0.2555215060710907 -0.8020302653312683
2897 1.512561917304993 -0.2542628943920135 -0.800193727016449
2898 1.548048257827759 -0.2529958188533783 -0.7983731627464294
2899 1.583100914955139 -0.2518887221813202 -0.7968049049377441
2900 1.617635369300842 -0.2504006922245026 -0.7947291135787964
2901 1.651568412780762 -0.2493899315595627 -0.7933394908905029
2902 1.684818267822266 -0.2477976381778717 -0.791182816028595
2903 1.717304944992065 -0.2468786090612411 -0.7899556159973145
2904 1.748950123786926 -0.2455816566944122 -0.7882451415061951
2905 1.779677510261536 -0.2445798218250275 -0.7869405746459961
2906 1.809413194656372 -0.2435682266950607 -0.7856377363204956
2907 1.838085412979126 -0.2421616315841675 -0.7838497161865234
2908 1.865625143051147 -0.2412942051887512 -0.7827604413032532
2909 1.891966104507446 -0.2405310422182083 -0.7818103432655334
2910 1.917044758796692 -0.2394476681947708 -0.7804746627807617
2911 1.940800786018372 -0.2385675758123398 -0.7794007062911987
2912 1.963176846504211 -0.2379318028688431 -0.7786309719085693
2913 1.984119057655334 -0.2371706366539001 -0.7777160406112671
2914 2.003576993942261 -0.2361028790473938 -0.7764445543289185
2915 2.021503686904907 -0.2355985045433044 -0.7758486866950989
2916 2.037856101989746 -0.2351200580596924 -0.7752863168716431
2917 2.052594900131226 -0.2346491068601608 -0.7747354507446289
2918 2.06568431854248 -0.2339584231376648 -0.773932158946991
2919 2.077092885971069 -0.233322948217392 -0.7731980085372925
2920 2.086793184280396 -0.2329969257116318 -0.7728231549263
2921 2.094762086868286 -0.2327875941991806 -0.7725831270217896
2922 2.100979804992676 -0.2326312810182571 -0.7724041938781738
2923 2.105432033538818 -0.2323714643716812 -0.7721074223518372
2924 2.108107566833496 -0.2321358919143677 -0.7718389630317688
2925 2.109000205993652 -0.2320573180913925 -0.7717495560646057
2926 0.6278925538063049 -0.2744666039943695 -0.8338307738304138
2927 0.6269999742507935 -0.2744270265102386 -0.833754301071167
2928 0.6305680871009827 -0.2745851278305054 -0.8340601325035095
2929 0.6350201964378357 -0.2747821509838104 -0.8344424962997437
2930 0.6412380933761597 -0.275015264749527 -0.8348965644836426
2931 0.649206817150116 -0.2753070294857025 -0.8354674577713013
2932 0.6589071750640869 -0.2756613194942474 -0.8361647129058838
2933 0.6703158020973206 -0.2759179174900055 -0.8366724848747253
2934 0.6834052205085754 -0.2761740684509277 -0.8371816277503967
2935 0.6981438994407654 -0.2760465741157532 -0.8369278907775879
2936 0.7144963145256042 -0.2758920788764954 -0.8366212248802185
2937 0.7324230670928955 -0.2756741046905518 -0.8361899256706238
2938 0.7518810033798218 -0.275288462638855 -0.8354310989379883
2939 0.7728232145309448 -0.2747357785701752 -0.8343523740768433
2940 0.7951992154121399 -0.2737984955310822 -0.8325465321540833
2941 0.8189551830291748 -0.2729752361774445 -0.8309839367866516
2942 0.8440338373184204 -0.2722607254981995 -0.829645037651062
2943 0.8703747987747192 -0.2711919248104095 -0.8276712894439697
2944 0.8979145288467407 -0.2702887654304504 -0.8260296583175659
2945 0.9265867471694946 -0.269547164440155 -0.8246990442276001
2946 0.9563224315643311 -0.2681936621665955 -0.8223095536231995
2947 0.9870498180389404 -0.2673348784446716 -0.8208186030387878
2948 1.018694996833801 -0.2660989761352539 -0.8187060952186584
2949 1.051181674003601 -0.2648018300533295 -0.8165292739868164
2950 1.084431529045105 -0.2638720870018005 -0.8149936199188232
2951 1.118364572525024 -0.2626440823078156 -0.8129956722259521
2952 1.152899026870728 -0.2614552974700928 -0.8110933303833008
2953 1.187951683998108 -0.2601906657218933 -0.8091027140617371
2954 1.223438024520874 -0.2587649822235107 -0.8068980574607849
2955 1.259272694587708 -0.2575342953205109 -0.8050274848937988
2956 1.295369267463684 -0.2559962570667267 -0.8027303814888
2957 1.331640839576721 -0.2549267709255219 -0.8011589050292969
2958 1.368000030517578 -0.2533415853977203 -0.7988672256469727
2959 1.404359102249146 -0.2522108554840088 -0.7972590923309326
2960 1.440630674362183 -0.2504423558712006 -0.7947867512702942
2961 1.476727247238159 -0.2492997050285339 -0.7932162284851074
2962 1.512561917304993 -0.2479481846094131 -0.7913850545883179
2963 1.548048257827759 -0.2466105669736862 -0.789600133895874
2964 1.583100914955139 -0.245422750711441 -0.7880373001098633
2965 1.617635369300842 -0.2438351809978485 -0.7859801650047302
2966 1.651568412780762 -0.2427424937486649 -0.7845848202705383
2967 1.684818267822266 -0.2410438805818558 -0.7824479341506958
2968 1.717304944992065 -0.2400553822517395 -0.7812220454216003
2969 1.748950123786926 -0.2386921346187592 -0.7795521020889282
2970 1.779677510261536 -0.2376204431056976 -0.778255820274353
2971 1.809413194656372 -0.2365377247333527 -0.7769606709480286
2972 1.838085412979126 -0.2350431531667709 -0.7751961946487427
2973 1.865625143051147 -0.2341066598892212 -0.774104118347168
2974 1.891966104507446 -0.2332847118377686 -0.7731539607048035
2975 1.917044758796692 -0.2321344166994095 -0.7718372941017151
2976 1.940800786018372 -0.2312158644199371 -0.7707965970039368
2977 1.963176846504211 -0.2305352687835693 -0.7700315117835999
2978 1.984119057655334 -0.2297242879867554 -0.7691265344619751
2979 2.003576993942261 -0.2285955101251602 -0.7678787112236023
2980 2.021503686904907 -0.2280529141426086 -0.7672837376594543
2981 2.037856101989746 -0.2275380641222 -0.7667220234870911
2982 2.052594900131226 -0.2270307093858719 -0.7661712169647217
2983 2.06568431854248 -0.2262967526912689 -0.7653791308403015
2984 2.077092885971069 -0.2256246656179428 -0.7646586298942566
2985 2.086793184280396 -0.2252757400274277 -0.7642863988876343
2986 2.094762086868286 -0.2250514626502991 -0.7640477418899536
2987 2.100979804992676 -0.2248851954936981 -0.7638711929321289
2988 2.105432033538818 -0.2246126681566238 -0.7635824084281921
2989 2.108107566833496 -0.2243665009737015 -0.763322114944458
2990 2.109000205993652 -0.2242843955755234 -0.7632354497909546
2991 0.6278925538063049 -0.2694784700870514 -0.8245765566825867
2992 0.6269999742507935 -0.2694379091262817 -0.8245043158531189
2993 0.6305680871009827 -0.2696000039577484 -0.8247933387756348
2994 0.6350201964378357 -0.2698021233081818 -0.8251547813415527
2995 0.6412380933761597 -0.2700411081314087 -0.8255835771560669
2996 0.649206817150116 -0.2703433334827423 -0.8261281251907349
2997 0.6589071750640869 -0.2707105278968811 -0.8267933130264282
2998 0.6703158020973206 -0.2709733843803406 -0.8272718787193298
2999 0.6834052205085754 -0.2712345719337463 -0.8277494311332703
3000 0.6981438994407654 -0.2710936963558197 -0.8274915814399719
3001 0.7144963145256042 -0.270927757024765 -0.8271886706352234
3002 0.7324230670928955 -0.2706857025623322 -0.826748251914978
3003 0.7518810033798218 -0.2702644169330597 -0.8259857296943665
3004 0.7728232145309448 -0.2696647644042969 -0.8249090313911438
3005 0.7951992154121399 -0.2686574161052704 -0.8231226801872253
3006 0.8189551830291748 -0.2677684724330902 -0.8215689063072205
3007 0.8440338373184204 -0.2669910192489624 -0.8202269673347473
3008 0.8703747987747192 -0.2658434808254242 -0.8182740807533264
3009 0.8979145288467407 -0.2648761570453644 -0.8166528940200806
3010 0.9265867471694946 -0.2640852332115173 -0.8153439164161682
3011 0.9563224315643311 -0.2626405954360962 -0.8129900097846985
3012 0.9870498180389404 -0.261713981628418 -0.811504602432251
3013 1.018694996833801 -0.260389119386673 -0.8094128966331482
3014 1.051181674003601 -0.2589974701404572 -0.8072547912597656
3015 1.084431529045105 -0.2579952478408813 -0.8057246804237366
3016 1.118364572525024 -0.2566992938518524 -0.803774893283844
3017 1.152899026870728 -0.2554295063018799 -0.8018950223922729
3018 1.187951683998108 -0.2540781497955322 -0.7999265789985657
3019 1.223438024520874 -0.252555251121521 -0.7977465987205505
3020 1.259272694587708 -0.2512349486351013 -0.7958884239196777
3021 1.295369267463684 -0.2496001124382019 -0.793627142906189
3022 1.331640839576721 -0.2484663724899292 -0.7920837998390198
3023 1.368000030517578 -0.2467923015356064 -0.7898410558700562
3024 1.404359102249146 -0.2455843389034271 -0.7882486581802368
3025 1.440630674362183 -0.243711531162262 -0.7858214378356934
3026 1.476727247238159 -0.2424862235784531 -0.7842599153518677
3027 1.512561917304993 -0.2410497665405273 -0.7824552655220032
3028 1.548048257827759 -0.2396493554115295 -0.7807221412658691
3029 1.583100914955139 -0.2383881211280823 -0.7791829109191895
3030 1.617635369300842 -0.2367108464241028 -0.7771668434143066
3031 1.651568412780762 -0.2355433702468872 -0.7757837772369385
3032 1.684818267822266 -0.2337494343519211 -0.7736901640892029
3033 1.717304944992065 -0.2326980978250504 -0.7724806070327759
3034 1.748950123786926 -0.2312772572040558 -0.7708658576011658
3035 1.779677510261536 -0.2301430702209473 -0.7695929408073425
3036 1.809413194656372 -0.2289967387914658 -0.7683206796646118
3037 1.838085412979126 -0.2274244725704193 -0.7665984630584717
3038 1.865625143051147 -0.2264257967472076 -0.7655180096626282
3039 1.891966104507446 -0.2255510836839676 -0.7645800113677979
3040 1.917044758796692 -0.2243420779705048 -0.763296365737915
3041 1.940800786018372 -0.2233913093805313 -0.7622970938682556
3042 1.963176846504211 -0.2226709574460983 -0.7615458965301514
3043 1.984119057655334 -0.2218161821365356 -0.7606610655784607
3044 2.003576993942261 -0.2206345945596695 -0.7594494819641113
3045 2.021503686904907 -0.2200579792261124 -0.7588630318641663
3046 2.037856101989746 -0.2195107489824295 -0.7583093047142029
3047 2.052594900131226 -0.2189709842205048 -0.7577658891677856
3048 2.06568431854248 -0.2181993275880814 -0.7569936513900757
3049 2.077092885971069 -0.2174956649541855 -0.7562941908836365
3050 2.086793184280396 -0.2171265780925751 -0.7559291124343872
3051 2.094762086868286 -0.2168891429901123 -0.7556948661804199
3052 2.100979804992676 -0.2167141884565353 -0.755522608757019
3053 2.105432033538818 -0.2164309769868851 -0.7552443146705627
3054 2.108107566833496 -0.2161760032176971 -0.7549943923950195
3055 2.109000205993652 -0.2160909473896027 -0.7549111843109131
3056 0.6278925538063049 -0.263708770275116 -0.814725935459137
3057 0.6269999742507935 -0.2636673450469971 -0.8146581053733826
3058 0.6305680871009827 -0.2638328969478607 -0.8149293065071106
3059 0.6350201964378357 -0.2640393972396851 -0.8152684569358826
3060 0.6412380933761597 -0.2642833590507507 -0.8156704306602478
3061 0.649206817150116 -0.2645949721336365 -0.8161858916282654
3062 0.6589071750640869 -0.2649738192558289 -0.8168155550956726
3063 0.6703158020973206 -0.265241950750351 -0.8172633647918701
3064 0.6834052205085754 -0.2655072510242462 -0.8177080154418945
3065 0.6981438994407654 -0.2653533816337585 -0.8174498677253723
3066 0.7144963145256042 -0.2651765644550323 -0.8171539306640625
3067 0.7324230670928955 -0.2649111449718475 -0.8167111873626709
3068 0.7518810033798218 -0.2644554972648621 -0.815954864025116
3069 0.7728232145309448 -0.263810932636261 -0.8148933053016663
3070 0.7951992154121399 -0.2627370953559875 -0.8131458163261414
3071 0.8189551830291748 -0.2617857158184052 -0.811618983745575
3072 0.8440338373184204 -0.2609483301639557 -0.8102912902832031
3073 0.8703747987747192 -0.2597266435623169 -0.8083806037902832
3074 0.8979145288467407 -0.2586992383003235 -0.8067973852157593
3075 0.9265867471694946 -0.2578624188899994 -0.8055233359336853
3076 0.9563224315643311 -0.2563331425189972 -0.8032297492027283
3077 0.9870498180389404 -0.2553430199623108 -0.8017680644989014
3078 1.018694996833801 -0.2539356350898743 -0.7997208833694458
3079 1.051181674003601 -0.2524564862251282 -0.7976065874099731
3080 1.084431529045105 -0.2513871192932129 -0.7961010932922363
3081 1.118364572525024 -0.2500299215316772 -0.7942174673080444
3082 1.152899026870728 -0.2486860901117325 -0.7923813462257385
3083 1.187951683998108 -0.2472556531429291 -0.790457546710968
3084 1.223438024520874 -0.2456444501876831 -0.7883273959159851
3085 1.259272694587708 -0.2442425191402435 -0.7865045666694641
3086 1.295369267463684 -0.2425208538770676 -0.7843037843704224
3087 1.331640839576721 -0.2413298785686493 -0.7828050255775452
3088 1.368000030517578 -0.2395773977041245 -0.780633807182312
3089 1.404359102249146 -0.2383002191781998 -0.7790763974189758
3090 1.440630674362183 -0.2363354861736298 -0.7767203450202942
3091 1.476727247238159 -0.235036164522171 -0.7751880288124084
3092 1.512561917304993 -0.233524814248085 -0.7734307050704956
3093 1.548048257827759 -0.2320709824562073 -0.7717651128768921
3094 1.583100914955139 -0.230745404958725 -0.7702671885490417
3095 1.617635369300842 -0.2289904952049255 -0.7683137655258179
3096 1.651568412780762 -0.2277571558952332 -0.7669606804847717
3097 1.684818267822266 -0.2258811742067337 -0.7649330496788025
3098 1.717304944992065 -0.2247751653194427 -0.7637544870376587
3099 1.748950123786926 -0.2233069539070129 -0.762208878993988
3100 1.779677510261536 -0.222119078040123 -0.7609738111495972
3101 1.809413194656372 -0.2209181934595108 -0.759739100933075
3102 1.838085412979126 -0.2192804664373398 -0.7580771446228027
3103 1.865625143051147 -0.2182279527187347 -0.7570222020149231
3104 1.891966104507446 -0.2173078060150146 -0.7561082243919373
3105 1.917044758796692 -0.2160497307777405 -0.7548708319664001
3106 1.940800786018372 -0.2150738090276718 -0.7539206743240356
3107 1.963176846504211 -0.214319720864296 -0.7531922459602356
3108 1.984119057655334 -0.2134281992912292 -0.7523372769355774
3109 2.003576993942261 -0.2122032940387726 -0.7511737942695618
3110 2.021503686904907 -0.2115976959466934 -0.7506032586097717
3111 2.037856101989746 -0.2110228687524796 -0.750064492225647
3112 2.052594900131226 -0.2104554921388626 -0.7495354413986206
3113 2.06568431854248 -0.2096526026725769 -0.7487912774085999
3114 2.077092885971069 -0.2089231759309769 -0.7481197714805603
3115 2.086793184280396 -0.2085371613502502 -0.7477661967277527
3116 2.094762086868286 -0.2082886397838593 -0.7475391626358032
3117 2.100979804992676 -0.2081065028905869 -0.747373104095459
3118 2.105432033538818 -0.2078148722648621 -0.7471077442169189
3119 2.108107566833496 -0.2075530886650085 -0.7468701004981995
3120 2.109000205993652 -0.2074657827615738 -0.7467910051345825
3121 0.6278925538063049 -0.2570677697658539 -0.8043259978294373
3122 0.6269999742507935 -0.2570256888866425 -0.8042629361152649
3123 0.6305680871009827 -0.257193922996521 -0.8045153021812439
3124 0.6350201964378357 -0.2574038505554199 -0.8048309087753296
3125 0.6412380933761597 -0.257651686668396 -0.8052046298980713
3126 0.649206817150116 -0.2579712569713593 -0.8056882619857788
3127 0.6589071750640869 -0.2583599388599396 -0.806279182434082
3128 0.6703158020973206 -0.2586321532726288 -0.8066947460174561
3129 0.6834052205085754 -0.2589003145694733 -0.8071056008338928
3130 0.6981438994407654 -0.2587341964244843 -0.8068509101867676
3131 0.7144963145256042 -0.258547306060791 -0.8065651059150696
3132 0.7324230670928955 -0.2582598924636841 -0.8061267733573914
3133 0.7518810033798218 -0.2577721774578094 -0.8053867220878601
3134 0.7728232145309448 -0.2570859491825104 -0.8043532371520996
3135 0.7951992154121399 -0.2559511363506317 -0.8026636838912964
3136 0.8189551830291748 -0.254942387342453 -0.8011817336082458
3137 0.8440338373184204 -0.254049688577652 -0.7998854517936707
3138 0.8703747987747192 -0.2527606785297394 -0.7980383038520813
3139 0.8979145288467407 -0.251679003238678 -0.7965101599693298
3140 0.9265867471694946 -0.2508010864257812 -0.7952840924263
3141 0.9563224315643311 -0.2491961419582367 -0.793074905872345
3142 0.9870498180389404 -0.2481487095355988 -0.7916549444198608
3143 1.018694996833801 -0.2466675788164139 -0.7896756529808044
3144 1.051181674003601 -0.2451104819774628 -0.7876297831535339
3145 1.084431529045105 -0.2439810633659363 -0.7861676812171936
3146 1.118364572525024 -0.2425713092088699 -0.7843676805496216
3147 1.152899026870728 -0.2411625236272812 -0.7825959324836731
3148 1.187951683998108 -0.2396629303693771 -0.780738890171051
3149 1.223438024520874 -0.2379748225212097 -0.7786828875541687
3150 1.259272694587708 -0.2365015894174576 -0.7769176959991455
3151 1.295369267463684 -0.2347055673599243 -0.7748013138771057
3152 1.331640839576721 -0.2334660589694977 -0.773362934589386
3153 1.368000030517578 -0.2316479831933975 -0.7712849974632263
3154 1.404359102249146 -0.2303115576505661 -0.7697811722755432
3155 1.440630674362183 -0.2282699048519135 -0.7675213217735291
3156 1.476727247238159 -0.2269072532653809 -0.7660375833511353
3157 1.512561917304993 -0.2253331393003464 -0.7643475532531738
3158 1.548048257827759 -0.2238369286060333 -0.7627643346786499
3159 1.583100914955139 -0.2224578857421875 -0.7613247036933899
3160 1.617635369300842 -0.2206396162509918 -0.759454607963562
3161 1.651568412780762 -0.2193511128425598 -0.7581483125686646
3162 1.684818267822266 -0.2174087464809418 -0.7562081217765808
3163 1.717304944992065 -0.2162577211856842 -0.7550744414329529
3164 1.748950123786926 -0.2147538214921951 -0.7536109685897827
3165 1.779677510261536 -0.2135225981473923 -0.7524275183677673
3166 1.809413194656372 -0.2122776955366135 -0.7512441277503967
3167 1.838085412979126 -0.2105885744094849 -0.7496592998504639
3168 1.865625143051147 -0.2094920128583908 -0.7486431002616882
3169 1.891966104507446 -0.2085349410772324 -0.7477641701698303
3170 1.917044758796692 -0.2072388082742691 -0.7465856075286865
3171 1.940800786018372 -0.206245630979538 -0.7456915378570557
3172 1.963176846504211 -0.2054647654294968 -0.744994044303894
3173 1.984119057655334 -0.2045445293188095 -0.7441781163215637
3174 2.003576993942261 -0.2032870650291443 -0.7430737018585205
3175 2.021503686904907 -0.2026582658290863 -0.7425259351730347
3176 2.037856101989746 -0.2020613700151443 -0.7420086860656738
3177 2.052594900131226 -0.2014718502759933 -0.7415004968643188
3178 2.06568431854248 -0.2006450742483139 -0.7407920956611633
3179 2.077092885971069 -0.1998964250087738 -0.7401549220085144
3180 2.086793184280396 -0.1994971334934235 -0.7398168444633484
3181 2.094762086868286 -0.1992399245500565 -0.7395996451377869
3182 2.100979804992676 -0.1990522891283035 -0.739441454410553
3183 2.105432033538818 -0.1987547427415848 -0.7391912341117859
3184 2.108107566833496 -0.1984883844852448 -0.7389677166938782
3185 2.109000205993652 -0.198399543762207 -0.7388932704925537
3186 0.6278925538063049 -0.2494667321443558 -0.7934445142745972
3187 0.6269999742507935 -0.2494242191314697 -0.7933863997459412
3188 0.6305680871009827 -0.2495941966772079 -0.7936190366744995
3189 0.6350201964378357 -0.2498063296079636 -0.793910026550293
3190 0.6412380933761597 -0.2500566244125366 -0.7942542433738708
3191 0.649206817150116 -0.250382274389267 -0.7947036623954773
3192 0.6589071750640869 -0.2507784962654114 -0.7952527403831482
3193 0.6703158020973206 -0.2510531842708588 -0.795634925365448
3194 0.6834052205085754 -0.2513226866722107 -0.7960110306739807
3195 0.6981438994407654 -0.2511454820632935 -0.7957635521888733
3196 0.7144963145256042 -0.2509497702121735 -0.7954908609390259
3197 0.7324230670928955 -0.250642329454422 -0.7950637340545654
3198 0.7518810033798218 -0.2501258850097656 -0.7943496704101562
3199 0.7728232145309448 -0.2494026571512222 -0.7933568954467773
3200 0.7951992154121399 -0.2482146173715591 -0.7917438149452209
3201 0.8189551830291748 -0.2471555471420288 -0.7903240919113159
3202 0.8440338373184204 -0.2462139874696732 -0.789076030254364
3203 0.8703747987747192 -0.2448667883872986 -0.7873128056526184
3204 0.8979145288467407 -0.2437386363744736 -0.7858561873435974
3205 0.9265867471694946 -0.242825910449028 -0.7846907377243042
3206 0.9563224315643311 -0.2411570698022842 -0.7825891375541687
3207 0.9870498180389404 -0.2400603592395782 -0.7812281847000122
3208 1.018694996833801 -0.2385168671607971 -0.7793391346931458
3209 1.051181674003601 -0.2368940263986588 -0.7773852944374084
3210 1.084431529045105 -0.2357137054204941 -0.775984525680542
3211 1.118364572525024 -0.234262079000473 -0.7742846012115479
3212 1.152899026870728 -0.2327997088432312 -0.7725969552993774
3213 1.187951683998108 -0.2312432527542114 -0.7708274722099304
3214 1.223438024520874 -0.2294922769069672 -0.7688689231872559
3215 1.259272694587708 -0.2279604077339172 -0.7671825885772705
3216 1.295369267463684 -0.2261051386594772 -0.7651732563972473
3217 1.331640839576721 -0.2248275130987167 -0.7638099789619446
3218 1.368000030517578 -0.2229590266942978 -0.7618457078933716
3219 1.404359102249146 -0.2215752750635147 -0.7604129910469055
3220 1.440630674362183 -0.2194744646549225 -0.7582727074623108
3221 1.476727247238159 -0.2180611789226532 -0.7568559646606445
3222 1.512561917304993 -0.2164385467767715 -0.7552517652511597
3223 1.548048257827759 -0.214912623167038 -0.7537645697593689
3224 1.583100914955139 -0.2134927958250046 -0.7523990273475647
3225 1.617635369300842 -0.2116276174783707 -0.7506313323974609
3226 1.651568412780762 -0.2102964371442795 -0.7493875622749329
3227 1.684818267822266 -0.2083055973052979 -0.7475546002388
3228 1.717304944992065 -0.2071206569671631 -0.746478796005249
3229 1.748950123786926 -0.2055941224098206 -0.7451092600822449
3230 1.779677510261536 -0.2043313086032867 -0.7439900040626526
3231 1.809413194656372 -0.2030543982982635 -0.7428706288337708
3232 1.838085412979126 -0.2013297230005264 -0.7413783669471741
3233 1.865625143051147 -0.200200229883194 -0.7404130101203918
3234 1.891966104507446 -0.1992159187793732 -0.7395793795585632
3235 1.917044758796692 -0.1978940516710281 -0.7384708523750305
3236 1.940800786018372 -0.1968922317028046 -0.7376390695571899
3237 1.963176846504211 -0.1960923373699188 -0.7369800806045532
3238 1.984119057655334 -0.1951524317264557 -0.7362114191055298
3239 2.003576993942261 -0.1938742697238922 -0.7351759672164917
3240 2.021503686904907 -0.1932287514209747 -0.7346572875976562
3241 2.037856101989746 -0.1926159709692001 -0.7341675162315369
3242 2.052594900131226 -0.1920104622840881 -0.733686089515686
3243 2.06568431854248 -0.1911679357290268 -0.7330203056335449
3244 2.077092885971069 -0.1904072314500809 -0.7324232459068298
3245 2.086793184280396 -0.1899987608194351 -0.7321042418479919
3246 2.094762086868286 -0.1897355020046234 -0.7318992018699646
3247 2.100979804992676 -0.1895442306995392 -0.73175048828125
3248 2.105432033538818 -0.1892435252666473 -0.7315172553062439
3249 2.108107566833496 -0.1889749765396118 -0.7313094735145569
3250 2.109000205993652 -0.1888854205608368 -0.7312402725219727
3251 0.6278925538063049 -0.2408206611871719 -0.7821699976921082
3252 0.6269999742507935 -0.2407780140638351 -0.7821169495582581
3253 0.6305680871009827 -0.2409485578536987 -0.7823291420936584
3254 0.6350201964378357 -0.241161435842514 -0.7825945615768433
3255 0.6412380933761597 -0.2414124757051468 -0.7829083800315857
3256 0.649206817150116 -0.2417418360710144 -0.7833213210105896
3257 0.6589071750640869 -0.2421427667140961 -0.7838259339332581
3258 0.6703158020973206 -0.2424180805683136 -0.7841736674308777
3259 0.6834052205085754 -0.2426871061325073 -0.7845144867897034
3260 0.6981438994407654 -0.2425003945827484 -0.7842778563499451
3261 0.7144963145256042 -0.2422974556684494 -0.7840211987495422
3262 0.7324230670928955 -0.2419727444648743 -0.7836116552352905
3263 0.7518810033798218 -0.2414320409297943 -0.7829328179359436
3264 0.7728232145309448 -0.2406780421733856 -0.7819927334785461
3265 0.7951992154121399 -0.2394467443227768 -0.780473530292511
3266 0.8189551830291748 -0.2383465468883514 -0.7791325449943542
3267 0.8440338373184204 -0.2373645454645157 -0.7779484391212463
3268 0.8703747987747192 -0.2359708845615387 -0.7762883305549622
3269 0.8979145288467407 -0.2348060607910156 -0.7749187350273132
3270 0.9265867471694946 -0.233866423368454 -0.7738255858421326
3271 0.9563224315643311 -0.2321482598781586 -0.7718530893325806
3272 0.9870498180389404 -0.2310123890638351 -0.7705673575401306
3273 1.018694996833801 -0.2294205576181412 -0.7687894105911255
3274 1.051181674003601 -0.2277469485998154 -0.7669495940208435
3275 1.084431529045105 -0.2265269756317139 -0.7656269669532776
3276 1.118364572525024 -0.2250462025403976 -0.7640421986579895
3277 1.152899026870728 -0.2235439270734787 -0.7624568939208984
3278 1.187951683998108 -0.2219453305006027 -0.7607943415641785
3279 1.223438024520874 -0.2201482057571411 -0.7589545845985413
3280 1.259272694587708 -0.2185727655887604 -0.7573666572570801
3281 1.295369267463684 -0.2166759520769119 -0.7554849982261658
3282 1.331640839576721 -0.2153723537921906 -0.7542104721069336
3283 1.368000030517578 -0.2134710252285004 -0.7523782253265381
3284 1.404359102249146 -0.2120538204908371 -0.7510327100753784
3285 1.440630674362183 -0.2099142223596573 -0.7490331530570984
3286 1.476727247238159 -0.2084649801254272 -0.7477002143859863
3287 1.512561917304993 -0.2068101465702057 -0.7461987733840942
3288 1.548048257827759 -0.2052687406539917 -0.744819700717926
3289 1.583100914955139 -0.2038225382566452 -0.743542492389679
3290 1.617635369300842 -0.2019290179014206 -0.7418943643569946
3291 1.651568412780762 -0.2005692571401596 -0.7407273650169373
3292 1.684818267822266 -0.1985500007867813 -0.7390193939208984
3293 1.717304944992065 -0.1973436176776886 -0.738012969493866
3294 1.748950123786926 -0.1958088427782059 -0.7367475628852844
3295 1.779677510261536 -0.1945275217294693 -0.7357037663459778
3296 1.809413194656372 -0.193231925368309 -0.7346597909927368
3297 1.838085412979126 -0.1914891451597214 -0.7332735657691956
3298 1.865625143051147 -0.1903391033411026 -0.7323699593544006
3299 1.891966104507446 -0.1893382519483566 -0.7315906882286072
3300 1.917044758796692 -0.1880041360855103 -0.730562150478363
3301 1.940800786018372 -0.1870029419660568 -0.7297978401184082
3302 1.963176846504211 -0.1861926019191742 -0.7291839122772217
3303 1.984119057655334 -0.1852428466081619 -0.7284697294235229
3304 2.003576993942261 -0.1839568614959717 -0.7275117635726929
3305 2.021503686904907 -0.1833017617464066 -0.7270277738571167
3306 2.037856101989746 -0.1826798766851425 -0.726570725440979
3307 2.052594900131226 -0.1820651292800903 -0.7261213064193726
3308 2.06568431854248 -0.1812156289815903 -0.7255040407180786
3309 2.077092885971069 -0.1804506629705429 -0.7249519824981689
3310 2.086793184280396 -0.1800374537706375 -0.7246552705764771
3311 2.094762086868286 -0.1797710210084915 -0.724464476108551
3312 2.100979804992676 -0.1795781254768372 -0.7243266105651855
3313 2.105432033538818 -0.1792771965265274 -0.7241119742393494
3314 2.108107566833496 -0.1790090352296829 -0.7239211797714233
3315 2.109000205993652 -0.1789196133613586 -0.7238576412200928
3316 0.6278925538063049 -0.2310516834259033 -0.770611584186554
3317 0.6269999742507935 -0.231009230017662 -0.7705637812614441
3318 0.6305680871009827 -0.2311789840459824 -0.7707549929618835
3319 0.6350201964378357 -0.2313909083604813 -0.7709941864013672
3320 0.6412380933761597 -0.2316406816244125 -0.7712767720222473
3321 0.649206817150116 -0.2319709658622742 -0.7716514468193054
3322 0.6589071750640869 -0.2323731780052185 -0.77210932970047
3323 0.6703158020973206 -0.2326468974351883 -0.7724220752716064
3324 0.6834052205085754 -0.2329133599996567 -0.7727272510528564
3325 0.6981438994407654 -0.2327191233634949 -0.7725046873092651
3326 0.7144963145256042 -0.232510969042778 -0.772266685962677
3327 0.7324230670928955 -0.2321725636720657 -0.7718807458877563
3328 0.7518810033798218 -0.2316132932901382 -0.7712457180023193
3329 0.7728232145309448 -0.2308363169431686 -0.770369291305542
3330 0.7951992154121399 -0.2295742034912109 -0.7689598202705383
3331 0.8189551830291748 -0.2284441888332367 -0.7677124738693237
3332 0.8440338373184204 -0.2274322211742401 -0.766606867313385
3333 0.8703747987747192 -0.2260063588619232 -0.7650672197341919
3334 0.8979145288467407 -0.2248167544603348 -0.7637985944747925
3335 0.9265867471694946 -0.2238596975803375 -0.7627882361412048
3336 0.9563224315643311 -0.2221097201108932 -0.7609641551971436
3337 0.9870498180389404 -0.2209468334913254 -0.7597683668136597
3338 1.018694996833801 -0.2193233668804169 -0.7581203579902649
3339 1.051181674003601 -0.2176167666912079 -0.7564142346382141
3340 1.084431529045105 -0.2163704335689545 -0.7551849484443665
3341 1.118364572525024 -0.2148752957582474 -0.753728449344635
3342 1.152899026870728 -0.2133490592241287 -0.752261757850647
3343 1.187951683998108 -0.2117254436016083 -0.7507233023643494
3344 1.223438024520874 -0.2099015116691589 -0.7490214109420776
3345 1.259272694587708 -0.2082998901605606 -0.7475494146347046
3346 1.295369267463684 -0.2063817530870438 -0.7458136081695557
3347 1.331640839576721 -0.2050659656524658 -0.7446396350860596
3348 1.368000030517578 -0.2031516283750534 -0.7429554462432861
3349 1.404359102249146 -0.2017166912555695 -0.7417112588882446
3350 1.440630674362183 -0.1995611786842346 -0.7398709654808044
3351 1.476727247238159 -0.1980925649404526 -0.7386365532875061
3352 1.512561917304993 -0.19642373919487 -0.7372525334358215
3353 1.548048257827759 -0.1948825418949127 -0.7359918355941772
3354 1.583100914955139 -0.1934259384870529 -0.7348154187202454
3355 1.617635369300842 -0.191524550318718 -0.7333015203475952
3356 1.651568412780762 -0.1901518702507019 -0.7322236299514771
3357 1.684818267822266 -0.1881261765956879 -0.7306557297706604
3358 1.717304944992065 -0.1869120448827744 -0.7297287583351135
3359 1.748950123786926 -0.1853845864534378 -0.7285759449005127
3360 1.779677510261536 -0.184099018573761 -0.7276171445846558
3361 1.809413194656372 -0.1827992349863052 -0.7266582846641541
3362 1.838085412979126 -0.1810572445392609 -0.7253894805908203
3363 1.865625143051147 -0.1799000948667526 -0.7245568633079529
3364 1.891966104507446 -0.1788943558931351 -0.7238397002220154
3365 1.917044758796692 -0.177562490105629 -0.7228993773460388
3366 1.940800786018372 -0.1765717715024948 -0.7222066521644592
3367 1.963176846504211 -0.1757601797580719 -0.7216435074806213
3368 1.984119057655334 -0.1748111248016357 -0.7209898233413696
3369 2.003576993942261 -0.1735310703516006 -0.7201163172721863
3370 2.021503686904907 -0.1728740185499191 -0.7196716070175171
3371 2.037856101989746 -0.1722503155469894 -0.7192517518997192
3372 2.052594900131226 -0.1716335862874985 -0.7188387513160706
3373 2.06568431854248 -0.1707864999771118 -0.7182749509811401
3374 2.077092885971069 -0.1700255125761032 -0.7177718877792358
3375 2.086793184280396 -0.1696122884750366 -0.7175000905990601
3376 2.094762086868286 -0.1693457514047623 -0.7173252701759338
3377 2.100979804992676 -0.1691533923149109 -0.7171993255615234
3378 2.105432033538818 -0.1688553243875504 -0.7170045971870422
3379 2.108107566833496 -0.1685902327299118 -0.7168318629264832
3380 2.109000205993652 -0.1685018390417099 -0.7167743444442749
3381 0.6278925538063049 -0.2200926691293716 -0.7588981986045837
3382 0.6269999742507935 -0.2200507968664169 -0.7588557600975037
3383 0.6305680871009827 -0.2202181965112686 -0.7590256333351135
3384 0.6350201964378357 -0.2204272300004959 -0.7592381834983826
3385 0.6412380933761597 -0.2206734418869019 -0.759489119052887
3386 0.649206817150116 -0.2210014015436172 -0.7598242163658142
3387 0.6589071750640869 -0.2214009314775467 -0.7602337598800659
3388 0.6703158020973206 -0.2216705679893494 -0.760511040687561
3389 0.6834052205085754 -0.2219321131706238 -0.7607806921005249
3390 0.6981438994407654 -0.2217328250408173 -0.7605751752853394
3391 0.7144963145256042 -0.221521869301796 -0.7603580355644226
3392 0.7324230670928955 -0.2211741060018539 -0.7600010633468628
3393 0.7518810033798218 -0.2206031382083893 -0.7594174146652222
3394 0.7728232145309448 -0.2198125571012497 -0.7586143612861633
3395 0.7951992154121399 -0.2185343950986862 -0.7573282718658447
3396 0.8189551830291748 -0.2173880934715271 -0.7561876177787781
3397 0.8440338373184204 -0.2163585871458054 -0.7551733255386353
3398 0.8703747987747192 -0.2149173319339752 -0.7537691593170166
3399 0.8979145288467407 -0.2137168794870377 -0.752613365650177
3400 0.9265867471694946 -0.2127534151077271 -0.7516947984695435
3401 0.9563224315643311 -0.2109919190406799 -0.7500355839729309
3402 0.9870498180389404 -0.2098161578178406 -0.7489424347877502
3403 1.018694996833801 -0.2081803679466248 -0.7474403977394104
3404 1.051181674003601 -0.2064612060785294 -0.7458849549293518
3405 1.084431529045105 -0.2052037715911865 -0.7447619438171387
3406 1.118364572525024 -0.2037109881639481 -0.7434446811676025
3407 1.152899026870728 -0.2021788954734802 -0.7421103119850159
3408 1.187951683998108 -0.2005496025085449 -0.7407106161117554
3409 1.223438024520874 -0.1987206488847733 -0.7391625642776489
3410 1.259272694587708 -0.1971124261617661 -0.7378212809562683
3411 1.295369267463684 -0.1951955109834671 -0.7362464666366577
3412 1.331640839576721 -0.1938828229904175 -0.7351828217506409
3413 1.368000030517578 -0.1919773668050766 -0.7336598038673401
3414 1.404359102249146 -0.1905421167612076 -0.7325288057327271
3415 1.440630674362183 -0.1883958280086517 -0.7308629155158997
3416 1.476727247238159 -0.1869260519742966 -0.7297394275665283
3417 1.512561917304993 -0.1852631717920303 -0.7284849882125854
3418 1.548048257827759 -0.1837391704320908 -0.727350652217865
3419 1.583100914955139 -0.1822895407676697 -0.7262850999832153
3420 1.617635369300842 -0.1804024279117584 -0.7249172925949097
3421 1.651568412780762 -0.1790338009595871 -0.7239387631416321
3422 1.684818267822266 -0.1770253479480743 -0.7225230932235718
3423 1.717304944992065 -0.1758182048797607 -0.7216836214065552
3424 1.748950123786926 -0.174314558506012 -0.7206498384475708
3425 1.779677510261536 -0.1730400174856186 -0.7197837233543396
3426 1.809413194656372 -0.171751543879509 -0.7189176082611084
3427 1.838085412979126 -0.1700303852558136 -0.7177751064300537
3428 1.865625143051147 -0.168880507349968 -0.7170210480690002
3429 1.891966104507446 -0.1678822338581085 -0.7163723111152649
3430 1.917044758796692 -0.1665679216384888 -0.7155265212059021
3431 1.940800786018372 -0.1655979752540588 -0.7149083018302917
3432 1.963176846504211 -0.164794847369194 -0.7144002318382263
3433 1.984119057655334 -0.163857638835907 -0.7138117551803589
3434 2.003576993942261 -0.1625979095697403 -0.7130280733108521
3435 2.021503686904907 -0.1619469821453094 -0.7126263976097107
3436 2.037856101989746 -0.1613291501998901 -0.7122471928596497
3437 2.052594900131226 -0.1607180386781693 -0.7118741273880005
3438 2.06568431854248 -0.1598831862211227 -0.7113675475120544
3439 2.077092885971069 -0.1591347754001617 -0.7109164595603943
3440 2.086793184280396 -0.1587265133857727 -0.710671603679657
3441 2.094762086868286 -0.1584631055593491 -0.7105140686035156
3442 2.100979804992676 -0.1582735329866409 -0.7104009389877319
3443 2.105432033538818 -0.1579815298318863 -0.7102270126342773
3444 2.108107566833496 -0.1577222943305969 -0.7100729942321777
3445 2.109000205993652 -0.1576358526945114 -0.7100216746330261
3446 0.6278925538063049 -0.2078910171985626 -0.7471769452095032
3447 0.6269999742507935 -0.2078501731157303 -0.7471398115158081
3448 0.6305680871009827 -0.2080134749412537 -0.7472884058952332
3449 0.6350201964378357 -0.2082174569368362 -0.747474193572998
3450 0.6412380933761597 -0.2084575742483139 -0.7476934194564819
3451 0.649206817150116 -0.208779588341713 -0.7479881048202515
3452 0.6589071750640869 -0.2091719657182693 -0.7483483552932739
3453 0.6703158020973206 -0.209434762597084 -0.7485902905464172
3454 0.6834052205085754 -0.209688812494278 -0.7488247156143188
3455 0.6981438994407654 -0.2094873487949371 -0.7486388087272644
3456 0.7144963145256042 -0.2092763930559158 -0.7484444379806519
3457 0.7324230670928955 -0.2089243680238724 -0.748120903968811
3458 0.7518810033798218 -0.208349734544754 -0.7475948929786682
3459 0.7728232145309448 -0.2075563967227936 -0.746873140335083
3460 0.7951992154121399 -0.2062791883945465 -0.7457216382026672
3461 0.8189551830291748 -0.2051321119070053 -0.7446983456611633
3462 0.8440338373184204 -0.2040993869304657 -0.7437857389450073
3463 0.8703747987747192 -0.2026618719100952 -0.742529034614563
3464 0.8979145288467407 -0.2014663517475128 -0.7414957880973816
3465 0.9265867471694946 -0.2005089521408081 -0.7406759262084961
3466 0.9563224315643311 -0.1987587958574295 -0.7391946315765381
3467 0.9870498180389404 -0.1975861042737961 -0.7382144331932068
3468 1.018694996833801 -0.1959596425294876 -0.7368711829185486
3469 1.051181674003601 -0.1942507773637772 -0.7354797720909119
3470 1.084431529045105 -0.1929992735385895 -0.7344735860824585
3471 1.118364572525024 -0.1915272772312164 -0.7333036661148071
3472 1.152899026870728 -0.1900093406438828 -0.7321124672889709
3473 1.187951683998108 -0.1883957386016846 -0.7308628559112549
3474 1.223438024520874 -0.1865857094526291 -0.7294812202453613
3475 1.259272694587708 -0.1849923431873322 -0.7282823324203491
3476 1.295369267463684 -0.1831011772155762 -0.7268800735473633
3477 1.331640839576721 -0.1818082332611084 -0.7259341478347778
3478 1.368000030517578 -0.1799352765083313 -0.7245820164680481
3479 1.404359102249146 -0.1785185486078262 -0.7235733270645142
3480 1.440630674362183 -0.176408514380455 -0.7220931053161621
3481 1.476727247238159 -0.1749572455883026 -0.7210901379585266
3482 1.512561917304993 -0.1733216494321823 -0.7199743390083313
3483 1.548048257827759 -0.1718328446149826 -0.7189719676971436
3484 1.583100914955139 -0.1704087108373642 -0.7180248498916626
3485 1.617635369300842 -0.1685593873262405 -0.7168117761611938
3486 1.651568412780762 -0.1672128289937973 -0.7159403562545776
3487 1.684818267822266 -0.1652465760707855 -0.7146856188774109
3488 1.717304944992065 -0.1640620082616806 -0.7139396667480469
3489 1.748950123786926 -0.1625994294881821 -0.7130290269851685
3490 1.779677510261536 -0.1613519340753555 -0.7122611403465271
3491 1.809413194656372 -0.1600909978151321 -0.7114933133125305
3492 1.838085412979126 -0.1584116071462631 -0.7104833126068115
3493 1.865625143051147 -0.1572840362787247 -0.7098133563995361
3494 1.891966104507446 -0.1563061326742172 -0.7092375159263611
3495 1.917044758796692 -0.1550252884626389 -0.7084905505180359
3496 1.940800786018372 -0.1540866643190384 -0.7079484462738037
3497 1.963176846504211 -0.1533021181821823 -0.7074986100196838
3498 1.984119057655334 -0.1523882746696472 -0.7069784998893738
3499 2.003576993942261 -0.1511636972427368 -0.7062880396842957
3500 2.021503686904907 -0.1505272835493088 -0.705932080745697
3501 2.037856101989746 -0.149923250079155 -0.7055960297584534
3502 2.052594900131226 -0.1493256837129593 -0.7052653431892395
3503 2.06568431854248 -0.1485131680965424 -0.7048184275627136
3504 2.077092885971069 -0.1477861553430557 -0.7044212818145752
3505 2.086793184280396 -0.1473879814147949 -0.704204797744751
3506 2.094762086868286 -0.147131010890007 -0.7040655016899109
3507 2.100979804992676 -0.146946519613266 -0.7039657235145569
3508 2.105432033538818 -0.1466638743877411 -0.7038130760192871
3509 2.108107566833496 -0.1464133113622665 -0.7036781311035156
3510 2.109000205993652 -0.1463297754526138 -0.703633189201355
3511 0.6278925538063049 -0.194412499666214 -0.7356106042861938
3512 0.6269999742507935 -0.1943731606006622 -0.7355787754058838
3513 0.6305680871009827 -0.1945305019617081 -0.7357061505317688
3514 0.6350201964378357 -0.1947270631790161 -0.7358655333518982
3515 0.6412380933761597 -0.1949583441019058 -0.736053466796875
3516 0.649206817150116 -0.1952704191207886 -0.7363075613975525
3517 0.6589071750640869 -0.1956508308649063 -0.7366182208061218
3518 0.6703158020973206 -0.1959037780761719 -0.7368253469467163
3519 0.6834052205085754 -0.1961475610733032 -0.7370254397392273
3520 0.6981438994407654 -0.1959472000598907 -0.736860990524292
3521 0.7144963145256042 -0.195739358663559 -0.7366906404495239
3522 0.7324230670928955 -0.1953888684511185 -0.7364041805267334
3523 0.7518810033798218 -0.1948195844888687 -0.73594069480896
3524 0.7728232145309448 -0.1940356642007828 -0.7353060841560364
3525 0.7951992154121399 -0.1927783340215683 -0.7342970371246338
3526 0.8189551830291748 -0.1916477531194687 -0.7333988547325134
3527 0.8440338373184204 -0.190627783536911 -0.7325959205627441
3528 0.8703747987747192 -0.1892151534557343 -0.7314952611923218
3529 0.8979145288467407 -0.1880419701337814 -0.7305911183357239
3530 0.9265867471694946 -0.1871042996644974 -0.7298749089241028
3531 0.9563224315643311 -0.1853905320167542 -0.7285804152488708
3532 0.9870498180389404 -0.1842384040355682 -0.7277206182479858
3533 1.018694996833801 -0.1826449036598206 -0.7265450954437256
3534 1.051181674003601 -0.18097123503685 -0.7253272533416748
3535 1.084431529045105 -0.1797441989183426 -0.7244452834129333
3536 1.118364572525024 -0.1783127784729004 -0.7234278321266174
3537 1.152899026870728 -0.1768306195735931 -0.7223870754241943
3538 1.187951683998108 -0.1752556562423706 -0.7212953567504883
3539 1.223438024520874 -0.1734902411699295 -0.7200886011123657
3540 1.259272694587708 -0.1719347238540649 -0.7190401554107666
3541 1.295369267463684 -0.1700954884290695 -0.717818021774292
3542 1.331640839576721 -0.1688398718833923 -0.7169945240020752
3543 1.368000030517578 -0.1670244187116623 -0.7158191800117493
3544 1.404359102249146 -0.1656461805105209 -0.7149388790130615
3545 1.440630674362183 -0.1636008620262146 -0.7136512994766235
3546 1.476727247238159 -0.1621888130903244 -0.7127753496170044
3547 1.512561917304993 -0.1606028825044632 -0.7118040323257446
3548 1.548048257827759 -0.1591679900884628 -0.710936427116394
3549 1.583100914955139 -0.1577887088060379 -0.7101123929023743
3550 1.617635369300842 -0.1560016125440598 -0.7090591788291931
3551 1.651568412780762 -0.15469591319561 -0.7082998156547546
3552 1.684818267822266 -0.1527977138757706 -0.7072110176086426
3553 1.717304944992065 -0.1516518294811249 -0.7065623998641968
3554 1.748950123786926 -0.1502479910850525 -0.7057764530181885
3555 1.779677510261536 -0.1490440517663956 -0.7051100730895996
3556 1.809413194656372 -0.1478273719549179 -0.7044436931610107
3557 1.838085412979126 -0.1462111622095108 -0.7035694718360901
3558 1.865625143051147 -0.1451213508844376 -0.7029869556427002
3559 1.891966104507446 -0.1441770792007446 -0.7024867534637451
3560 1.917044758796692 -0.1429458856582642 -0.7018408179283142
3561 1.940800786018372 -0.1420492976903915 -0.7013748288154602
3562 1.963176846504211 -0.1412936300039291 -0.7009850144386292
3563 1.984119057655334 -0.1404148489236832 -0.700534999370575
3564 2.003576993942261 -0.139240488409996 -0.6999390721321106
3565 2.021503686904907 -0.1386270970106125 -0.6996303200721741
3566 2.037856101989746 -0.1380449533462524 -0.6993388533592224
3567 2.052594900131226 -0.1374689638614655 -0.6990519762039185
3568 2.06568431854248 -0.1366890221834183 -0.698665976524353
3569 2.077092885971069 -0.1359923183917999 -0.6983234286308289
3570 2.086793184280396 -0.1356094032526016 -0.6981360912322998
3571 2.094762086868286 -0.1353622227907181 -0.6980155110359192
3572 2.100979804992676 -0.1351851522922516 -0.6979292631149292
3573 2.105432033538818 -0.1349151283502579 -0.6977980732917786
3574 2.108107566833496 -0.1346760988235474 -0.6976822018623352
3575 2.109000205993652 -0.1345964074134827 -0.6976436376571655
3576 0.6278925538063049 -0.1796447783708572 -0.7243742346763611
3577 0.6269999742507935 -0.1796074211597443 -0.7243475317955017
3578 0.6305680871009827 -0.179756835103035 -0.7244543433189392
3579 0.6350201964378357 -0.1799435168504715 -0.7245879173278809
3580 0.6412380933761597 -0.1801630854606628 -0.7247453331947327
3581 0.649206817150116 -0.1804610043764114 -0.7249594330787659
3582 0.6589071750640869 -0.1808242499828339 -0.7252211570739746
3583 0.6703158020973206 -0.1810642331838608 -0.7253944873809814
3584 0.6834052205085754 -0.181294858455658 -0.7255614399909973
3585 0.6981438994407654 -0.1810991764068604 -0.7254197597503662
3586 0.7144963145256042 -0.1808978319168091 -0.7252742648124695
3587 0.7324230670928955 -0.1805552095174789 -0.7250272035598755
3588 0.7518810033798218 -0.1800010949373245 -0.7246292233467102
3589 0.7728232145309448 -0.1792398244142532 -0.7240853905677795
3590 0.7951992154121399 -0.1780228316783905 -0.7232232093811035
3591 0.8189551830291748 -0.1769274324178696 -0.7224546670913696
3592 0.8440338373184204 -0.1759374439716339 -0.7217661738395691
3593 0.8703747987747192 -0.1745724231004715 -0.7208262085914612
3594 0.8979145288467407 -0.1734402030706406 -0.7200546860694885
3595 0.9265867471694946 -0.1725368648767471 -0.7194443941116333
3596 0.9563224315643311 -0.1708861738443375 -0.7183411121368408
3597 0.9870498180389404 -0.1697732955217361 -0.7176058888435364
3598 1.018694996833801 -0.1682378798723221 -0.7166028022766113
3599 1.051181674003601 -0.1666257530450821 -0.7155635356903076
3600 1.084431529045105 -0.1654428392648697 -0.7148098945617676
3601 1.118364572525024 -0.1640728116035461 -0.7139464616775513
3602 1.152899026870728 -0.1626491397619247 -0.7130597829818726
3603 1.187951683998108 -0.1611369550228119 -0.7121296525001526
3604 1.223438024520874 -0.1594430208206177 -0.7111018896102905
3605 1.259272694587708 -0.1579494178295135 -0.7102079391479492
3606 1.295369267463684 -0.1561893075704575 -0.7091690301895142
3607 1.331640839576721 -0.1549893021583557 -0.7084696888923645
3608 1.368000030517578 -0.1532571762800217 -0.7074729800224304
3609 1.404359102249146 -0.1519380956888199 -0.7067238092422485
3610 1.440630674362183 -0.1499867886304855 -0.7056313157081604
3611 1.476727247238159 -0.1486353278160095 -0.7048854231834412
3612 1.512561917304993 -0.1471220552921295 -0.7040606737136841
3613 1.548048257827759 -0.145760178565979 -0.7033277153968811
3614 1.583100914955139 -0.1444455236196518 -0.702628493309021
3615 1.617635369300842 -0.1427455395460129 -0.7017363309860229
3616 1.651568412780762 -0.141499862074852 -0.7010911703109741
3617 1.684818267822266 -0.1396959275007248 -0.7001694440841675
3618 1.717304944992065 -0.1386050879955292 -0.6996192932128906
3619 1.748950123786926 -0.1372778117656708 -0.6989571452140808
3620 1.779677510261536 -0.1361341178417206 -0.698392927646637
3621 1.809413194656372 -0.1349785178899765 -0.6978288292884827
3622 1.838085412979126 -0.13344706594944 -0.6970903873443604
3623 1.865625143051147 -0.1324105560779572 -0.6965964436531067
3624 1.891966104507446 -0.131513237953186 -0.6961727142333984
3625 1.917044758796692 -0.1303479224443436 -0.6956275701522827
3626 1.940800786018372 -0.1295039802789688 -0.6952365040779114
3627 1.963176846504211 -0.1287875026464462 -0.6949068903923035
3628 1.984119057655334 -0.1279555112123489 -0.6945269107818604
3629 2.003576993942261 -0.1268463432788849 -0.6940249800682068
3630 2.021503686904907 -0.1262644678354263 -0.6937637329101562
3631 2.037856101989746 -0.1257122755050659 -0.6935172080993652
3632 2.052594900131226 -0.1251658648252487 -0.6932744979858398
3633 2.06568431854248 -0.1244286522269249 -0.6929489970207214
3634 2.077092885971069 -0.1237710937857628 -0.6926606893539429
3635 2.086793184280396 -0.1234085932374001 -0.692502498626709
3636 2.094762086868286 -0.1231745555996895 -0.6924006342887878
3637 2.100979804992676 -0.1230072006583214 -0.6923279762268066
3638 2.105432033538818 -0.1227530539035797 -0.6922178268432617
3639 2.108107566833496 -0.1225283592939377 -0.6921206712722778
3640 2.109000205993652 -0.1224534511566162 -0.6920883059501648
3641 0.6278925538063049 -0.1636005342006683 -0.7136511206626892
3642 0.6269999742507935 -0.1635656654834747 -0.7136293649673462
3643 0.6305680871009827 -0.163705125451088 -0.713716447353363
3644 0.6350201964378357 -0.16387939453125 -0.7138253450393677
3645 0.6412380933761597 -0.1640842705965042 -0.7139536142349243
3646 0.649206817150116 -0.1643636673688889 -0.7141289114952087
3647 0.6589071750640869 -0.1647043973207474 -0.714343249797821
3648 0.6703158020973206 -0.1649281978607178 -0.7144843935966492
3649 0.6834052205085754 -0.1651427149772644 -0.7146198749542236
3650 0.6981438994407654 -0.1649555116891861 -0.7145016193389893
3651 0.7144963145256042 -0.1647642552852631 -0.7143809795379639
3652 0.7324230670928955 -0.1644362062215805 -0.7141745090484619
3653 0.7518810033798218 -0.1639076620340347 -0.713843047618866
3654 0.7728232145309448 -0.1631829589605331 -0.7133910059928894
3655 0.7951992154121399 -0.1620277464389801 -0.7126761078834534
3656 0.8189551830291748 -0.1609870791435242 -0.7120380997657776
3657 0.8440338373184204 -0.1600451767444611 -0.7114655375480652
3658 0.8703747987747192 -0.1587514728307724 -0.7106865644454956
3659 0.8979145288467407 -0.1576796174049377 -0.7100476622581482
3660 0.9265867471694946 -0.1568257659673691 -0.7095428705215454
3661 0.9563224315643311 -0.1552658230066299 -0.7086302042007446
3662 0.9870498180389404 -0.1542115807533264 -0.7080203294754028
3663 1.018694996833801 -0.1527602076530457 -0.7071897387504578
3664 1.051181674003601 -0.1512368619441986 -0.7063290476799011
3665 1.084431529045105 -0.1501183062791824 -0.7057043313980103
3666 1.118364572525024 -0.1488309502601624 -0.7049928307533264
3667 1.152899026870728 -0.1474890857934952 -0.7042596936225891
3668 1.187951683998108 -0.1460643410682678 -0.703490674495697
3669 1.223438024520874 -0.144469365477562 -0.7026411294937134
3670 1.259272694587708 -0.1430621892213821 -0.7019014954566956
3671 1.295369267463684 -0.1414088308811188 -0.7010442614555359
3672 1.331640839576721 -0.1402829438447952 -0.7004677057266235
3673 1.368000030517578 -0.1386602520942688 -0.6996469497680664
3674 1.404359102249146 -0.137421190738678 -0.6990283131599426
3675 1.440630674362183 -0.1355934292078018 -0.6981282830238342
3676 1.476727247238159 -0.1343240588903427 -0.6975119709968567
3677 1.512561917304993 -0.1329064965248108 -0.6968321800231934
3678 1.548048257827759 -0.1316367238759995 -0.6962307691574097
3679 1.583100914955139 -0.1304064691066742 -0.6956548094749451
3680 1.617635369300842 -0.1288184225559235 -0.69492107629776
3681 1.651568412780762 -0.1276518702507019 -0.6943889856338501
3682 1.684818267822266 -0.125968262553215 -0.6936312913894653
3683 1.717304944992065 -0.1249487027525902 -0.6931783556938171
3684 1.748950123786926 -0.1237155571579933 -0.6926363706588745
3685 1.779677510261536 -0.1226486042141914 -0.692172646522522
3686 1.809413194656372 -0.121570773422718 -0.6917089819908142
3687 1.838085412979126 -0.1201452910900116 -0.6911031603813171
3688 1.865625143051147 -0.1191774383187294 -0.690696656703949
3689 1.891966104507446 -0.1183401867747307 -0.6903481483459473
3690 1.917044758796692 -0.1172566488385201 -0.6899013519287109
3691 1.940800786018372 -0.1164757162332535 -0.6895822882652283
3692 1.963176846504211 -0.1158085614442825 -0.689311683177948
3693 1.984119057655334 -0.1150348037481308 -0.689000129699707
3694 2.003576993942261 -0.1140054613351822 -0.6885893940925598
3695 2.021503686904907 -0.1134634092450142 -0.6883748173713684
3696 2.037856101989746 -0.1129490733146667 -0.6881723403930664
3697 2.052594900131226 -0.1124400794506073 -0.6879729628562927
3698 2.06568431854248 -0.1117554977536201 -0.687706470489502
3699 2.077092885971069 -0.1111456751823425 -0.6874706745147705
3700 2.086793184280396 -0.1108086109161377 -0.6873409748077393
3701 2.094762086868286 -0.1105909645557404 -0.6872574687004089
3702 2.100979804992676 -0.1104355901479721 -0.6871979236602783
3703 2.105432033538818 -0.1102004647254944 -0.6871080994606018
3704 2.108107566833496 -0.1099928170442581 -0.6870288848876953
3705 2.109000205993652 -0.1099235936999321 -0.6870025396347046
3706 0.6278925538063049 -0.1463198363780975 -0.70362788438797
3707 0.6269999742507935 -0.1462879627943039 -0.7036107182502747
3708 0.6305680871009827 -0.1464154422283173 -0.7036792635917664
3709 0.6350201964378357 -0.1465747654438019 -0.7037650942802429
3710 0.6412380933761597 -0.1467620134353638 -0.7038660645484924
3711 0.649206817150116 -0.1470184773206711 -0.7040045857429504
3712 0.6589071750640869 -0.1473313122987747 -0.7041740417480469
3713 0.6703158020973206 -0.1475357562303543 -0.7042850255966187
3714 0.6834052205085754 -0.1477312445640564 -0.7043913602828979
3715 0.6981438994407654 -0.1475563943386078 -0.7042962908744812
3716 0.7144963145256042 -0.1473788619041443 -0.7041998505592346
3717 0.7324230670928955 -0.1470722854137421 -0.7040337324142456
3718 0.7518810033798218 -0.1465799361467361 -0.7037678360939026
3719 0.7728232145309448 -0.1459059864282608 -0.7034057974815369
3720 0.7951992154121399 -0.1448343843221664 -0.7028344869613647
3721 0.8189551830291748 -0.1438683569431305 -0.7023240923881531
3722 0.8440338373184204 -0.1429929286241531 -0.7018653750419617
3723 0.8703747987747192 -0.1417945325374603 -0.7012431025505066
3724 0.8979145288467407 -0.1408026218414307 -0.7007331252098083
3725 0.9265867471694946 -0.1400135457515717 -0.7003306150436401
3726 0.9563224315643311 -0.1385722011327744 -0.6996027827262878
3727 0.9870498180389404 -0.1375961303710938 -0.6991152167320251
3728 1.018694996833801 -0.1362549215555191 -0.6984522938728333
3729 1.051181674003601 -0.1348476409912109 -0.6977653503417969
3730 1.084431529045105 -0.133813738822937 -0.6972662210464478
3731 1.118364572525024 -0.1326302587985992 -0.6967007517814636
3732 1.152899026870728 -0.1313934475183487 -0.6961163878440857
3733 1.187951683998108 -0.1300807297229767 -0.6955034136772156
3734 1.223438024520874 -0.1286119967699051 -0.6948264837265015
3735 1.259272694587708 -0.1273156106472015 -0.694236695766449
3736 1.295369267463684 -0.1257963180541992 -0.6935546398162842
3737 1.331640839576721 -0.1247628331184387 -0.6930962800979614
3738 1.368000030517578 -0.1232752650976181 -0.6924444437026978
3739 1.404359102249146 -0.1221368163824081 -0.6919518709182739
3740 1.440630674362183 -0.1204615607857704 -0.6912368535995483
3741 1.476727247238159 -0.1192954257130623 -0.690746009349823
3742 1.512561917304993 -0.1179961636662483 -0.6902057528495789
3743 1.548048257827759 -0.1168370693922043 -0.689729630947113
3744 1.583100914955139 -0.1157105192542076 -0.6892721056938171
3745 1.617635369300842 -0.1142585873603821 -0.6886900067329407
3746 1.651568412780762 -0.1131897792220116 -0.6882669925689697
3747 1.684818267822266 -0.1116517633199692 -0.6876662373542786
3748 1.717304944992065 -0.1107192486524582 -0.6873066425323486
3749 1.748950123786926 -0.1095971912145615 -0.686878502368927
3750 1.779677510261536 -0.1086229383945465 -0.6865108013153076
3751 1.809413194656372 -0.1076389327645302 -0.6861432790756226
3752 1.838085412979126 -0.1063398793339729 -0.6856638193130493
3753 1.865625143051147 -0.1054554805159569 -0.6853412389755249
3754 1.891966104507446 -0.1046909466385841 -0.6850647926330566
3755 1.917044758796692 -0.1037044525146484 -0.6847114562988281
3756 1.940800786018372 -0.1029964461922646 -0.6844601631164551
3757 1.963176846504211 -0.1023883000016212 -0.6842458844184875
3758 1.984119057655334 -0.1016837656497955 -0.6839994192123413
3759 2.003576993942261 -0.1007482185959816 -0.6836751103401184
3760 2.021503686904907 -0.1002539768815041 -0.683505117893219
3761 2.037856101989746 -0.09978504478931427 -0.6833446621894836
3762 2.052594900131226 -0.09932095557451248 -0.6831867694854736
3763 2.06568431854248 -0.0986984521150589 -0.6829761862754822
3764 2.077092885971069 -0.09814456105232239 -0.6827901005744934
3765 2.086793184280396 -0.09783772379159927 -0.6826874613761902
3766 2.094762086868286 -0.09763956815004349 -0.6826214194297791
3767 2.100979804992676 -0.09749830514192581 -0.6825743913650513
3768 2.105432033538818 -0.097285196185112 -0.6825036406517029
3769 2.108107566833496 -0.09709716588258743 -0.6824413537979126
3770 2.109000205993652 -0.09703448414802551 -0.6824206113815308
3771 0.6278925538063049 -0.1278716623783112 -0.6944887638092041
3772 0.6269999742507935 -0.1278432756662369 -0.6944758892059326
3773 0.6305680871009827 -0.127956822514534 -0.6945275068283081
3774 0.6350201964378357 -0.1280987411737442 -0.6945921182632446
3775 0.6412380933761597 -0.1282654851675034 -0.6946681141853333
3776 0.649206817150116 -0.1284947544336319 -0.6947728395462036
3777 0.6589071750640869 -0.1287744641304016 -0.6949008703231812
3778 0.6703158020973206 -0.1289564371109009 -0.6949843764305115
3779 0.6834052205085754 -0.1291300803422928 -0.6950641870498657
3780 0.6981438994407654 -0.1289714723825455 -0.6949912905693054
3781 0.7144963145256042 -0.1288112252950668 -0.6949177384376526
3782 0.7324230670928955 -0.1285329759120941 -0.6947903037071228
3783 0.7518810033798218 -0.1280872821807861 -0.6945868730545044
3784 0.7728232145309448 -0.1274781227111816 -0.6943102478981018
3785 0.7951992154121399 -0.1265115588903427 -0.6938744783401489
3786 0.8189551830291748 -0.1256397515535355 -0.693484902381897
3787 0.8440338373184204 -0.124848872423172 -0.6931342482566833
3788 0.8703747987747192 -0.1237693056464195 -0.692659854888916
3789 0.8979145288467407 -0.1228765249252319 -0.6922712922096252
3790 0.9265867471694946 -0.122167132794857 -0.6919649243354797
3791 0.9563224315643311 -0.1208715885877609 -0.6914107799530029
3792 0.9870498180389404 -0.1199927479028702 -0.6910388469696045
3793 1.018694996833801 -0.1187871024012566 -0.6905338168144226
3794 1.051181674003601 -0.1175224483013153 -0.6900104880332947
3795 1.084431529045105 -0.1165929138660431 -0.6896300315856934
3796 1.118364572525024 -0.115533821284771 -0.6892008185386658
3797 1.152899026870728 -0.1144245713949203 -0.6887561082839966
3798 1.187951683998108 -0.1132476106286049 -0.6882897615432739
3799 1.223438024520874 -0.1119314730167389 -0.6877747774124146
3800 1.259272694587708 -0.1107693463563919 -0.6873258948326111
3801 1.295369267463684 -0.1094103902578354 -0.6868077516555786
3802 1.331640839576721 -0.1084868088364601 -0.6864597797393799
3803 1.368000030517578 -0.1071589663624763 -0.685965359210968
3804 1.404359102249146 -0.1061408296227455 -0.6855909824371338
3805 1.440630674362183 -0.1046457514166832 -0.685048520565033
3806 1.476727247238159 -0.1036030426621437 -0.6846753358840942
3807 1.512561917304993 -0.102443590760231 -0.6842653155326843
3808 1.548048257827759 -0.1014127880334854 -0.6839051246643066
3809 1.583100914955139 -0.1004083007574081 -0.6835581064224243
3810 1.617635369300842 -0.09911538660526276 -0.6831170320510864
3811 1.651568412780762 -0.0981619730591774 -0.6827959418296814
3812 1.684818267822266 -0.09679344296455383 -0.6823409795761108
3813 1.717304944992065 -0.09596285969018936 -0.6820683479309082
3814 1.748950123786926 -0.09496783465147018 -0.6817451119422913
3815 1.779677510261536 -0.09410131722688675 -0.6814666986465454
3816 1.809413194656372 -0.09322628378868103 -0.6811883449554443
3817 1.838085412979126 -0.09207285195589066 -0.6808258295059204
3818 1.865625143051147 -0.0912858247756958 -0.6805813312530518
3819 1.891966104507446 -0.09060584753751755 -0.6803719401359558
3820 1.917044758796692 -0.08973070234060287 -0.6801049709320068
3821 1.940800786018372 -0.08910484611988068 -0.679915726184845
3822 1.963176846504211 -0.08856479823589325 -0.6797536611557007
3823 1.984119057655334 -0.08793973922729492 -0.6795673966407776
3824 2.003576993942261 -0.08711102604866028 -0.6793226003646851
3825 2.021503686904907 -0.08667203783988953 -0.6791939735412598
3826 2.037856101989746 -0.08625556528568268 -0.6790726184844971
3827 2.052594900131226 -0.08584336936473846 -0.6789531111717224
3828 2.06568431854248 -0.08529175072908401 -0.6787941455841064
3829 2.077092885971069 -0.08480139821767807 -0.6786537766456604
3830 2.086793184280396 -0.08452924340963364 -0.6785762310028076
3831 2.094762086868286 -0.08435347676277161 -0.6785262823104858
3832 2.100979804992676 -0.08422831445932388 -0.6784908175468445
3833 2.105432033538818 -0.08404000103473663 -0.6784375309944153
3834 2.108107566833496 -0.08387397229671478 -0.6783906221389771
3835 2.109000205993652 -0.08381862938404083 -0.6783750653266907
3836 0.6278925538063049 -0.108354240655899 -0.6864100694656372
3837 0.6269999742507935 -0.1083297953009605 -0.6864009499549866
3838 0.6305680871009827 -0.1084275841712952 -0.6864375472068787
3839 0.6350201964378357 -0.1085498183965683 -0.6864833831787109
3840 0.6412380933761597 -0.1086933761835098 -0.6865372657775879
3841 0.649206817150116 -0.1088914275169373 -0.6866117715835571
3842 0.6589071750640869 -0.1091330796480179 -0.6867029070854187
3843 0.6703158020973206 -0.1092896908521652 -0.6867620348930359
3844 0.6834052205085754 -0.109438881278038 -0.686818540096283
3845 0.6981438994407654 -0.1093001887202263 -0.6867660284042358
3846 0.7144963145256042 -0.1091606542468071 -0.6867132782936096
3847 0.7324230670928955 -0.1089172288775444 -0.6866214871406555
3848 0.7518810033798218 -0.1085281893610954 -0.6864752769470215
3849 0.7728232145309448 -0.1079970970749855 -0.6862766146659851
3850 0.7951992154121399 -0.1071559190750122 -0.6859642267227173
3851 0.8189551830291748 -0.1063968390226364 -0.6856847405433655
3852 0.8440338373184204 -0.105707660317421 -0.6854329109191895
3853 0.8703747987747192 -0.1047691404819489 -0.6850929260253906
3854 0.8979145288467407 -0.1039935722947121 -0.6848145723342896
3855 0.9265867471694946 -0.1033779159188271 -0.6845952868461609
3856 0.9563224315643311 -0.1022537425160408 -0.6841986775398254
3857 0.9870498180389404 -0.1014900952577591 -0.6839320063591003
3858 1.018694996833801 -0.1004438921809196 -0.6835703253746033
3859 1.051181674003601 -0.09934678673744202 -0.6831955313682556
3860 1.084431529045105 -0.09854011237621307 -0.682922899723053
3861 1.118364572525024 -0.09762454032897949 -0.6826164126396179
3862 1.152899026870728 -0.09666387736797333 -0.6822983026504517
3863 1.187951683998108 -0.09564487636089325 -0.681964635848999
3864 1.223438024520874 -0.09450587630271912 -0.6815963387489319
3865 1.259272694587708 -0.09349987655878067 -0.6812750697135925
3866 1.295369267463684 -0.09232565760612488 -0.6809048652648926
3867 1.331640839576721 -0.09152824431657791 -0.680656373500824
3868 1.368000030517578 -0.0903829038143158 -0.6803036332130432
3869 1.404359102249146 -0.08950334042310715 -0.6800360679626465
3870 1.440630674362183 -0.08821401745080948 -0.6796489357948303
3871 1.476727247238159 -0.08731339126825333 -0.6793821454048157
3872 1.512561917304993 -0.08631359040737152 -0.6790894865989685
3873 1.548048257827759 -0.08542728424072266 -0.6788330674171448
3874 1.583100914955139 -0.08456172049045563 -0.6785854697227478
3875 1.617635369300842 -0.0834488719701767 -0.6782711148262024
3876 1.651568412780762 -0.0826270654797554 -0.6780418157577515
3877 1.684818267822266 -0.08144991099834442 -0.6777176856994629
3878 1.717304944992065 -0.08073489367961884 -0.6775231957435608
3879 1.748950123786926 -0.0798814445734024 -0.6772935390472412
3880 1.779677510261536 -0.07913639396429062 -0.6770951151847839
3881 1.809413194656372 -0.0783841460943222 -0.676896870136261
3882 1.838085412979126 -0.07739382982254028 -0.6766389012336731
3883 1.865625143051147 -0.07671685516834259 -0.6764645576477051
3884 1.891966104507446 -0.07613224536180496 -0.6763153672218323
3885 1.917044758796692 -0.07538142800331116 -0.6761255264282227
3886 1.940800786018372 -0.07484608143568039 -0.6759913563728333
3887 1.963176846504211 -0.07438237965106964 -0.6758759617805481
3888 1.984119057655334 -0.07384610176086426 -0.6757434606552124
3889 2.003576993942261 -0.07313602417707443 -0.6755695939064026
3890 2.021503686904907 -0.07275903970003128 -0.6754780411720276
3891 2.037856101989746 -0.07240141928195953 -0.6753916144371033
3892 2.052594900131226 -0.07204746454954147 -0.675306499004364
3893 2.06568431854248 -0.07157467305660248 -0.6751935482025146
3894 2.077092885971069 -0.07115474343299866 -0.6750938892364502
3895 2.086793184280396 -0.07092130929231644 -0.675038754940033
3896 2.094762086868286 -0.07077053189277649 -0.6750032305717468
3897 2.100979804992676 -0.07066327333450317 -0.6749780178070068
3898 2.105432033538818 -0.07050224393606186 -0.6749402284622192
3899 2.108107566833496 -0.07036036998033524 -0.6749070286750793
3900 2.109000205993652 -0.07031308114528656 -0.6748959422111511
3901 0.6278925538063049 -0.08789422363042831 -0.6795538663864136
3902 0.6269999742507935 -0.08787412941455841 -0.679547905921936
3903 0.6305680871009827 -0.08795451372861862 -0.6795717477798462
3904 0.6350201964378357 -0.08805499225854874 -0.6796016097068787
3905 0.6412380933761597 -0.08817297965288162 -0.6796367168426514
3906 0.649206817150116 -0.08833618462085724 -0.6796853542327881
3907 0.6589071750640869 -0.08853534609079361 -0.6797448396682739
3908 0.6703158020973206 -0.08866402506828308 -0.6797833442687988
3909 0.6834052205085754 -0.08878641575574875 -0.6798200607299805
3910 0.6981438994407654 -0.0886709913611412 -0.679785430431366
3911 0.7144963145256042 -0.08855525404214859 -0.6797508001327515
3912 0.7324230670928955 -0.08835259079933167 -0.6796902418136597
3913 0.7518810033798218 -0.08802927285432816 -0.6795939803123474
3914 0.7728232145309448 -0.08758834004402161 -0.679463267326355
3915 0.7951992154121399 -0.08689095079898834 -0.6792580485343933
3916 0.8189551830291748 -0.08626141399145126 -0.6790742874145508
3917 0.8440338373184204 -0.08568946272134781 -0.67890864610672
3918 0.8703747987747192 -0.08491206914186478 -0.6786853671073914
3919 0.8979145288467407 -0.08427003771066666 -0.67850261926651
3920 0.9265867471694946 -0.08376079052686691 -0.6783587336540222
3921 0.9563224315643311 -0.08283105492591858 -0.6780984997749329
3922 0.9870498180389404 -0.08219877630472183 -0.677923321723938
3923 1.018694996833801 -0.08133351802825928 -0.6776859164237976
3924 1.051181674003601 -0.08042637258768082 -0.6774398684501648
3925 1.084431529045105 -0.07975918799638748 -0.6772608160972595
3926 1.118364572525024 -0.07900429517030716 -0.6770601868629456
3927 1.152899026870728 -0.07821106910705566 -0.6768515110015869
3928 1.187951683998108 -0.07736987620592117 -0.6766327023506165
3929 1.223438024520874 -0.07642997801303864 -0.6763911843299866
3930 1.259272694587708 -0.07559966295957565 -0.6761804819107056
3931 1.295369267463684 -0.0746319442987442 -0.6759379506111145
3932 1.331640839576721 -0.07397519052028656 -0.6757752895355225
3933 1.368000030517578 -0.07303261011838913 -0.6755444407463074
3934 1.404359102249146 -0.07230786979198456 -0.6753690838813782
3935 1.440630674362183 -0.07124699652194977 -0.675115704536438
3936 1.476727247238159 -0.07050503045320511 -0.6749408841133118
3937 1.512561917304993 -0.06968246400356293 -0.6747493147850037
3938 1.548048257827759 -0.06895497441291809 -0.6745818257331848
3939 1.583100914955139 -0.06824327260255814 -0.6744198203086853
3940 1.617635369300842 -0.06732906401157379 -0.674214243888855
3941 1.651568412780762 -0.06665319204330444 -0.6740641593933105
3942 1.684818267822266 -0.06568670272827148 -0.673852264881134
3943 1.717304944992065 -0.06509926915168762 -0.6737250685691833
3944 1.748950123786926 -0.06440017372369766 -0.6735752820968628
3945 1.779677510261536 -0.06378867477178574 -0.6734456419944763
3946 1.809413194656372 -0.06317134201526642 -0.6733160614967346
3947 1.838085412979126 -0.06235950067639351 -0.6731476187705994
3948 1.865625143051147 -0.06180370226502419 -0.6730336546897888
3949 1.891966104507446 -0.06132392957806587 -0.6729360818862915
3950 1.917044758796692 -0.06070880964398384 -0.6728122234344482
3951 1.940800786018372 -0.06027127429842949 -0.6727248430252075
3952 1.963176846504211 -0.05989113077521324 -0.6726495027542114
3953 1.984119057655334 -0.05945176631212234 -0.6725630164146423
3954 2.003576993942261 -0.05887062847614288 -0.6724497079849243
3955 2.021503686904907 -0.0585615485906601 -0.6723898649215698
3956 2.037856101989746 -0.05826836451888084 -0.6723334193229675
3957 2.052594900131226 -0.05797817558050156 -0.6722778677940369
3958 2.06568431854248 -0.05759115889668465 -0.6722041964530945
3959 2.077092885971069 -0.05724763125181198 -0.6721392273902893
3960 2.086793184280396 -0.05705643072724342 -0.672103226184845
3961 2.094762086868286 -0.05693292990326881 -0.6720800399780273
3962 2.100979804992676 -0.05684514343738556 -0.6720635890960693
3963 2.105432033538818 -0.05671357735991478 -0.6720390319824219
3964 2.108107566833496 -0.05659772083163261 -0.6720173954963684
3965 2.109000205993652 -0.05655910447239876 -0.6720102429389954
3966 0.6278925538063049 -0.06664448976516724 -0.6740622520446777
3967 0.6269999742507935 -0.06662909686565399 -0.6740588545799255
3968 0.6305680871009827 -0.06669067591428757 -0.6740724444389343
3969 0.6350201964378357 -0.06676766276359558 -0.6740894913673401
3970 0.6412380933761597 -0.06685804575681686 -0.6741094589233398
3971 0.649206817150116 -0.06698331981897354 -0.67413729429245
3972 0.6589071750640869 -0.06713621318340302 -0.6741712689399719
3973 0.6703158020973206 -0.06723475456237793 -0.6741932034492493
3974 0.6834052205085754 -0.06732837855815887 -0.6742141246795654
3975 0.6981438994407654 -0.06723909825086594 -0.6741941571235657
3976 0.7144963145256042 -0.0671498104929924 -0.6741743087768555
3977 0.7324230670928955 -0.06699301302433014 -0.6741394400596619
3978 0.7518810033798218 -0.06674320995807648 -0.6740840673446655
3979 0.7728232145309448 -0.06640279293060303 -0.6740089654922485
3980 0.7951992154121399 -0.06586498022079468 -0.6738911271095276
3981 0.8189551830291748 -0.06537935137748718 -0.6737855672836304
3982 0.8440338373184204 -0.06493793427944183 -0.6736903786659241
3983 0.8703747987747192 -0.06433884054422379 -0.673562228679657
3984 0.8979145288467407 -0.06384429335594177 -0.6734573841094971
3985 0.9265867471694946 -0.06345226615667343 -0.6733748316764832
3986 0.9563224315643311 -0.0627366304397583 -0.6732255816459656
3987 0.9870498180389404 -0.06224954128265381 -0.6731249690055847
3988 1.018694996833801 -0.06158353388309479 -0.6729887723922729
3989 1.051181674003601 -0.06088541820645332 -0.6728476285934448
3990 1.084431529045105 -0.06037186458706856 -0.6727448701858521
3991 1.118364572525024 -0.05979219451546669 -0.6726300120353699
3992 1.152899026870728 -0.05918241292238235 -0.6725103855133057
3993 1.187951683998108 -0.05853588879108429 -0.6723849177360535
3994 1.223438024520874 -0.05781370773911476 -0.6722464561462402
3995 1.259272694587708 -0.05717562884092331 -0.6721256375312805
3996 1.295369267463684 -0.0564328208565712 -0.6719867587089539
3997 1.331640839576721 -0.05592894926667213 -0.6718935966491699
3998 1.368000030517578 -0.05520623922348022 -0.6717614531517029
3999 1.404359102249146 -0.05465002357959747 -0.6716609597206116
4000 1.440630674362183 -0.05383674427866936 -0.671515941619873
4001 1.476727247238159 -0.05326740071177483 -0.6714158058166504
4002 1.512561917304993 -0.05263686180114746 -0.6713061332702637
4003 1.548048257827759 -0.05208020657300949 -0.6712104082107544
4004 1.583100914955139 -0.05153490602970123 -0.6711176633834839
4005 1.617635369300842 -0.05083494260907173 -0.6710001230239868
4006 1.651568412780762 -0.05031701177358627 -0.6709141731262207
4007 1.684818267822266 -0.04957734420895576 -0.6707930564880371
4008 1.717304944992065 -0.04912755265831947 -0.6707202792167664
4009 1.748950123786926 -0.04859348386526108 -0.6706347465515137
4010 1.779677510261536 -0.04812562838196754 -0.6705605983734131
4011 1.809413194656372 -0.04765336215496063 -0.6704865097999573
4012 1.838085412979126 -0.04703279584646225 -0.6703903079032898
4013 1.865625143051147 -0.04660746455192566 -0.6703251004219055
4014 1.891966104507446 -0.0462404303252697 -0.6702693104743958
4015 1.917044758796692 -0.04577047005295753 -0.6701985597610474
4016 1.940800786018372 -0.0454368069767952 -0.6701487898826599
4017 1.963176846504211 -0.04514623060822487 -0.6701057553291321
4018 1.984119057655334 -0.04481055215001106 -0.6700563430786133
4019 2.003576993942261 -0.04436691850423813 -0.669991672039032
4020 2.021503686904907 -0.04413064569234848 -0.6699574589729309
4021 2.037856101989746 -0.04390653595328331 -0.6699252128601074
4022 2.052594900131226 -0.0436847135424614 -0.6698934435844421
4023 2.06568431854248 -0.04338922724127769 -0.6698514223098755
4024 2.077092885971069 -0.04312707111239433 -0.6698143482208252
4025 2.086793184280396 -0.04298102483153343 -0.6697937846183777
4026 2.094762086868286 -0.04288668558001518 -0.6697805523872375
4027 2.100979804992676 -0.04281966760754585 -0.6697711944580078
4028 2.105432033538818 -0.04271936044096947 -0.6697571277618408
4029 2.108107566833496 -0.04263107106089592 -0.6697448492050171
4030 2.109000205993652 -0.04260164126753807 -0.6697407364845276
4031 0.6278925538063049 -0.04478076100349426 -0.6700519919395447
4032 0.6269999742507935 -0.04477034136652946 -0.6700504422187805
4033 0.6305680871009827 -0.04481202736496925 -0.6700565814971924
4034 0.6350201964378357 -0.04486414045095444 -0.6700642108917236
4035 0.6412380933761597 -0.04492531716823578 -0.6700732111930847
4036 0.649206817150116 -0.04501023888587952 -0.6700856685638428
4037 0.6589071750640869 -0.04511388391256332 -0.67010098695755
4038 0.6703158020973206 -0.04518057033419609 -0.670110821723938
4039 0.6834052205085754 -0.04524387791752815 -0.6701201796531677
4040 0.6981438994407654 -0.04518302902579308 -0.6701111793518066
4041 0.7144963145256042 -0.04512228816747665 -0.6701021790504456
4042 0.7324230670928955 -0.04501540586352348 -0.6700864434242249
4043 0.7518810033798218 -0.04484529048204422 -0.670061469078064
4044 0.7728232145309448 -0.04461358860135078 -0.6700275540351868
4045 0.7951992154121399 -0.044247817248106 -0.6699743866920471
4046 0.8189551830291748 -0.04391748085618019 -0.6699267625808716
4047 0.8440338373184204 -0.04361710324883461 -0.6698837876319885
4048 0.8703747987747192 -0.04320986568927765 -0.6698260307312012
4049 0.8979145288467407 -0.0428737998008728 -0.6697787642478943
4050 0.9265867471694946 -0.04260752350091934 -0.6697415709495544
4051 0.9563224315643311 -0.04212147742509842 -0.669674277305603
4052 0.9870498180389404 -0.04179045930504799 -0.669628918170929
4053 1.018694996833801 -0.04133813083171844 -0.6695675253868103
4054 1.051181674003601 -0.04086405411362648 -0.669503927230835
4055 1.084431529045105 -0.04051526263356209 -0.6694575548171997
4056 1.118364572525024 -0.04012223333120346 -0.6694058775901794
4057 1.152899026870728 -0.03970846906304359 -0.6693519353866577
4058 1.187951683998108 -0.0392698347568512 -0.6692954301834106
4059 1.223438024520874 -0.03877997398376465 -0.6692330837249756
4060 1.259272694587708 -0.03834711387753487 -0.6691786050796509
4061 1.295369267463684 -0.03784362226724625 -0.6691160798072815
4062 1.331640839576721 -0.03750221058726311 -0.6690741181373596
4063 1.368000030517578 -0.037012729793787 -0.6690146923065186
4064 1.404359102249146 -0.03663576394319534 -0.668969452381134
4065 1.440630674362183 -0.03608500584959984 -0.668904185295105
4066 1.476727247238159 -0.03569918870925903 -0.66885906457901
4067 1.512561917304993 -0.03527221456170082 -0.668809711933136
4068 1.548048257827759 -0.03489575535058975 -0.6687666773796082
4069 1.583100914955139 -0.03452662751078606 -0.6687249541282654
4070 1.617635369300842 -0.03405304253101349 -0.6686720848083496
4071 1.651568412780762 -0.03370240330696106 -0.6686334013938904
4072 1.684818267822266 -0.03320211544632912 -0.6685789227485657
4073 1.717304944992065 -0.03289778530597687 -0.668546199798584
4074 1.748950123786926 -0.03253701701760292 -0.6685077548027039
4075 1.779677510261536 -0.03222063928842545 -0.6684744358062744
4076 1.809413194656372 -0.03190130740404129 -0.668441116809845
4077 1.838085412979126 -0.03148193657398224 -0.6683979034423828
4078 1.865625143051147 -0.03119427710771561 -0.6683685779571533
4079 1.891966104507446 -0.03094609826803207 -0.6683434844017029
4080 1.917044758796692 -0.03062862157821655 -0.6683117151260376
4081 1.940800786018372 -0.03040351532399654 -0.6682893633842468
4082 1.963176846504211 -0.03020715154707432 -0.6682699918746948
4083 1.984119057655334 -0.02998038753867149 -0.6682478189468384
4084 2.003576993942261 -0.02968087047338486 -0.6682187914848328
4085 2.021503686904907 -0.02952119894325733 -0.6682034134864807
4086 2.037856101989746 -0.02936975099146366 -0.6681889295578003
4087 2.052594900131226 -0.029219850897789 -0.6681746244430542
4088 2.06568431854248 -0.02902033366262913 -0.6681557297706604
4089 2.077092885971069 -0.02884338609874249 -0.6681391000747681
4090 2.086793184280396 -0.02874474227428436 -0.6681298613548279
4091 2.094762086868286 -0.02868102118372917 -0.6681239008903503
4092 2.100979804992676 -0.0286357719451189 -0.6681197285652161
4093 2.105432033538818 -0.02856811322271824 -0.6681134104728699
4094 2.108107566833496 -0.02850857935845852 -0.6681079268455505
4095 2.109000205993652 -0.02848873473703861 -0.6681060791015625
4096 0.6278925538063049 -0.0224970206618309 -0.6676100492477417
4097 0.6269999742507935 -0.02249176241457462 -0.6676096320152283
4098 0.6305680871009827 -0.02251279726624489 -0.6676111817359924
4099 0.6350201964378357 -0.02253909595310688 -0.6676130890846252
4100 0.6412380933761597 -0.02256996370851994 -0.6676153540611267
4101 0.649206817150116 -0.02261285297572613 -0.6676185131072998
4102 0.6589071750640869 -0.02266520075500011 -0.6676223874092102
4103 0.6703158020973206 -0.02269884571433067 -0.667624831199646
4104 0.6834052205085754 -0.02273077145218849 -0.667627215385437
4105 0.6981438994407654 -0.02269994094967842 -0.6676249504089355
4106 0.7144963145256042 -0.02266919799149036 -0.6676226854324341
4107 0.7324230670928955 -0.02261503785848618 -0.6676186919212341
4108 0.7518810033798218 -0.02252888679504395 -0.6676123738288879
4109 0.7728232145309448 -0.02241158112883568 -0.6676037907600403
4110 0.7951992154121399 -0.02222648821771145 -0.6675904393196106
4111 0.8189551830291748 -0.02205930836498737 -0.667578399181366
4112 0.8440338373184204 -0.0219072587788105 -0.6675675511360168
4113 0.8703747987747192 -0.02170124463737011 -0.6675530076026917
4114 0.8979145288467407 -0.02153127081692219 -0.6675410866737366
4115 0.9265867471694946 -0.02139662764966488 -0.6675316691398621
4116 0.9563224315643311 -0.02115087397396564 -0.6675147414207458
4117 0.9870498180389404 -0.02098344452679157 -0.667503297328949
4118 1.018694996833801 -0.02075473964214325 -0.6674878001213074
4119 1.051181674003601 -0.02051505818963051 -0.6674717664718628
4120 1.084431529045105 -0.02033870480954647 -0.6674600839614868
4121 1.118364572525024 -0.02014018595218658 -0.667447030544281
4122 1.152899026870728 -0.01993109472095966 -0.6674334406852722
4123 1.187951683998108 -0.01970945671200752 -0.6674191951751709
4124 1.223438024520874 -0.01946196518838406 -0.667403519153595
4125 1.259272694587708 -0.01924326084554195 -0.6673898100852966
4126 1.295369267463684 -0.01898899301886559 -0.6673740148544312
4127 1.331640839576721 -0.01881661266088486 -0.6673634648323059
4128 1.368000030517578 -0.01856953650712967 -0.6673485040664673
4129 1.404359102249146 -0.01837917976081371 -0.6673370599746704
4130 1.440630674362183 -0.01810119673609734 -0.6673206686973572
4131 1.476727247238159 -0.01790638454258442 -0.6673092842102051
4132 1.512561917304993 -0.01769088767468929 -0.667296826839447
4133 1.548048257827759 -0.01750103011727333 -0.6672860383987427
4134 1.583100914955139 -0.01731476560235023 -0.6672754883766174
4135 1.617635369300842 -0.01707586273550987 -0.6672621965408325
4136 1.651568412780762 -0.01689891889691353 -0.6672524213790894
4137 1.684818267822266 -0.01664659380912781 -0.667238712310791
4138 1.717304944992065 -0.01649307273328304 -0.667230486869812
4139 1.748950123786926 -0.01631125621497631 -0.6672208309173584
4140 1.779677510261536 -0.01615170948207378 -0.6672124266624451
4141 1.809413194656372 -0.01599068194627762 -0.6672040224075317
4142 1.838085412979126 -0.0157792791724205 -0.6671931743621826
4143 1.865625143051147 -0.01563420332968235 -0.6671857833862305
4144 1.891966104507446 -0.01550905592739582 -0.6671794652938843
4145 1.917044758796692 -0.01534905191510916 -0.6671714782714844
4146 1.940800786018372 -0.01523569226264954 -0.6671658754348755
4147 1.963176846504211 -0.0151367075741291 -0.6671609878540039
4148 1.984119057655334 -0.01502242404967546 -0.667155385017395
4149 2.003576993942261 -0.01487152464687824 -0.6671481132507324
4150 2.021503686904907 -0.0147910350933671 -0.667144238948822
4151 2.037856101989746 -0.01471469365060329 -0.6671405434608459
4152 2.052594900131226 -0.01463913079351187 -0.6671369671821594
4153 2.06568431854248 -0.0145386066287756 -0.6671321988105774
4154 2.077092885971069 -0.01444947440177202 -0.6671280264854431
4155 2.086793184280396 -0.01439976412802935 -0.6671257019042969
4156 2.094762086868286 -0.0143676521256566 -0.6671242117881775
4157 2.100979804992676 -0.01434485521167517 -0.6671231389045715
4158 2.105432033538818 -0.01431078836321831 -0.6671215891838074
4159 2.108107566833496 -0.01428081654012203 -0.6671202182769775
4160 2.109000205993652 -0.01427082624286413 -0.6671197414398193
4161 0.6278925538063049 0 -0.6667900085449219
4162 0.6269999742507935 0 -0.6667900085449219
4163 0.6305680871009827 0 -0.6667900085449219
4164 0.6350201964378357 0 -0.6667900085449219
4165 0.6412380933761597 0 -0.6667900085449219
4166 0.649206817150116 0 -0.6667900085449219
4167 0.6589071750640869 0 -0.6667900085449219
4168 0.6703158020973206 0 -0.6667900085449219
4169 0.6834052205085754 0 -0.6667900085449219
4170 0.6981438994407654 0 -0.6667900085449219
4171 0.7144963145256042 0 -0.6667900085449219
4172 0.7324230670928955 0 -0.6667900085449219
4173 0.7518810033798218 0 -0.6667900085449219
4174 0.7728232145309448 0 -0.6667900085449219
4175 0.7951992154121399 0 -0.6667900085449219
4176 0.8189551830291748 0 -0.6667900085449219
4177 0.8440338373184204 0 -0.6667900085449219
4178 0.8703747987747192 0 -0.6667900085449219
4179 0.8979145288467407 0 -0.6667900085449219
4180 0.9265867471694946 0 -0.6667900085449219
4181 0.9563224315643311 0 -0.6667900085449219
4182 0.9870498180389404 0 -0.6667900085449219
4183 1.018694996833801 0 -0.6667900085449219
4184 1.051181674003601 0 -0.6667900085449219
4185 1.084431529045105 0 -0.6667900085449219
4186 1.118364572525024 0 -0.6667900085449219
4187 1.152899026870728 0 -0.6667900085449219
4188 1.187951683998108 0 -0.6667900085449219
4189 1.223438024520874 0 -0.6667900085449219
4190 1.259272694587708 0 -0.6667900085449219
4191 1.295369267463684 0 -0.6667900085449219
4192 1.331640839576721 0 -0.6667900085449219
4193 1.368000030517578 0 -0.6667900085449219
4194 1.404359102249146 0 -0.6667900085449219
4195 1.440630674362183 0 -0.6667900085449219
4196 1.476727247238159 0 -0.6667900085449219
4197 1.512561917304993 0 -0.6667900085449219
4198 1.548048257827759 0 -0.6667900085449219
4199 1.583100914955139 0 -0.6667900085449219
4200 1.617635369300842 0 -0.6667900085449219
4201 1.651568412780762 0 -0.6667900085449219
4202 1.684818267822266 0 -0.6667900085449219
4203 1.717304944992065 0 -0.6667900085449219
4204 1.748950123786926 0 -0.6667900085449219
4205 1.779677510261536 0 -0.6667900085449219
4206 1.809413194656372 0 -0.6667900085449219
4207 1.838085412979126 0 -0.6667900085449219
4208 1.865625143051147 0 -0.6667900085449219
4209 1.891966104507446 0 -0.6667900085449219
4210 1.917044758796692 0 -0.6667900085449219
4211 1.940800786018372 0 -0.6667900085449219
4212 1.963176846504211 0 -0.6667900085449219
4213 1.984119057655334 0 -0.6667900085449219
4214 2.003576993942261 0 -0.6667900085449219
4215 2.021503686904907 0 -0.6667900085449219
4216 2.037856101989746 0 -0.6667900085449219
4217 2.052594900131226 0 -0.6667900085449219
4218 2.06568431854248 0 -0.6667900085449219
4219 2.077092885971069 0 -0.6667900085449219
4220 2.086793184280396 0 -0.6667900085449219
4221 2.094762086868286 0 -0.6667900085449219
4222 2.100979804992676 0 -0.6667900085449219
4223 2.105432033538818 0 -0.6667900085449219
4224 2.108107566833496 0 -0.6667900085449219
4225 2.109000205993652 0 -0.6667900085449219
4226 0.6269999742507935 0.02249176241457462 -0.6676096320152283
4227 0.6278925538063049 0.0224970206618309 -0.6676100492477417
4228 0.6305680871009827 0.02251279726624489 -0.6676111817359924
4229 0.6350201964378357 0.02253909595310688 -0.6676130890846252
4230 0.6412380933761597 0.02256996370851994 -0.6676153540611267
4231 0.649206817150116 0.02261285297572613 -0.6676185131072998
4232 0.6589071750640869 0.02266520075500011 -0.6676223874092102
4233 0.6703158020973206 0.02269884571433067 -0.667624831199646
4234 0.6834052205085754 0.02273077145218849 -0.667627215385437
4235 0.6981438994407654 0.02269994094967842 -0.6676249504089355
4236 0.7144963145256042 0.02266919799149036 -0.6676226854324341
4237 0.7324230670928955 0.02261503785848618 -0.6676186919212341
4238 0.7518810033798218 0.02252888679504395 -0.6676123738288879
4239 0.7728232145309448 0.02241158112883568 -0.6676037907600403
4240 0.7951992154121399 0.02222648821771145 -0.6675904393196106
4241 0.8189551830291748 0.02205930836498737 -0.667578399181366
4242 0.8440338373184204 0.0219072587788105 -0.6675675511360168
4243 0.8703747987747192 0.02170124463737011 -0.6675530076026917
4244 0.8979145288467407 0.02153127081692219 -0.6675410866737366
4245 0.9265867471694946 0.02139662764966488 -0.6675316691398621
4246 0.9563224315643311 0.02115087397396564 -0.6675147414207458
4247 0.9870498180389404 0.02098344452679157 -0.667503297328949
4248 1.018694996833801 0.02075473964214325 -0.6674878001213074
4249 1.051181674003601 0.02051505818963051 -0.6674717664718628
4250 1.084431529045105 0.02033870480954647 -0.6674600839614868
4251 1.118364572525024 0.02014018595218658 -0.667447030544281
4252 1.152899026870728 0.01993109472095966 -0.6674334406852722
4253 1.187951683998108 0.01970945671200752 -0.6674191951751709
4254 1.223438024520874 0.01946196518838406 -0.667403519153595
4255 1.259272694587708 0.01924326084554195 -0.6673898100852966
4256 1.295369267463684 0.01898899301886559 -0.6673740148544312
4257 1.331640839576721 0.01881661266088486 -0.6673634648323059
4258 1.368000030517578 0.01856953650712967 -0.6673485040664673
4259 1.404359102249146 0.01837917976081371 -0.6673370599746704
4260 1.440630674362183 0.01810119673609734 -0.6673206686973572
4261 1.476727247238159 0.01790638454258442 -0.6673092842102051
4262 1.512561917304993 0.01769088767468929 -0.667296826839447
4263 1.548048257827759 0.01750103011727333 -0.6672860383987427
4264 1.583100914955139 0.01731476560235023 -0.6672754883766174
4265 1.617635369300842 0.01707586273550987 -0.6672621965408325
4266 1.651568412780762 0.01689891889691353 -0.6672524213790894
4267 1.684818267822266 0.01664659380912781 -0.667238712310791
4268 1.717304944992065 0.01649307273328304 -0.667230486869812
4269 1.748950123786926 0.01631125621497631 -0.6672208309173584
4270 1.779677510261536 0.01615170948207378 -0.6672124266624451
4271 1.809413194656372 0.01599068194627762 -0.6672040224075317
4272 1.838085412979126 0.0157792791724205 -0.6671931743621826
4273 1.865625143051147 0.01563420332968235 -0.6671857833862305
4274 1.891966104507446 0.01550905592739582 -0.6671794652938843
4275 1.917044758796692 0.01534905191510916 -0.6671714782714844
4276 1.940800786018372 0.01523569226264954 -0.6671658754348755
4277 1.963176846504211 0.0151367075741291 -0.6671609878540039
4278 1.984119057655334 0.01502242404967546 -0.667155385017395
4279 2.003576993942261 0.01487152464687824 -0.6671481132507324
4280 2.021503686904907 0.0147910350933671 -0.667144238948822
4281 2.037856101989746 0.01471469365060329 -0.6671405434608459
4282 2.052594900131226 0.01463913079351187 -0.6671369671821594
4283 2.06568431854248 0.0145386066287756 -0.6671321988105774
4284 2.077092885971069 0.01444947440177202 -0.6671280264854431
4285 2.086793184280396 0.01439976412802935 -0.6671257019042969
4286 2.094762086868286 0.0143676521256566 -0.6671242117881775
4287 2.100979804992676 0.01434485521167517 -0.6671231389045715
4288 2.105432033538818 0.01431078836321831 -0.6671215891838074
4289 2.108107566833496 0.01428081654012203 -0.6671202182769775
4290 2.109000205993652 0.01427082624286413 -0.6671197414398193
4291 0.6269999742507935 0.04477034136652946 -0.6700504422187805
4292 0.6278925538063049 0.04478076100349426 -0.6700519919395447
4293 0.6305680871009827 0.04481202736496925 -0.6700565814971924
4294 0.6350201964378357 0.04486414045095444 -0.6700642108917236
4295 0.6412380933761597 0.04492531716823578 -0.6700732111930847
4296 0.649206817150116 0.04501023888587952 -0.6700856685638428
4297 0.6589071750640869 0.04511388391256332 -0.67010098695755
4298 0.6703158020973206 0.04518057033419609 -0.670110821723938
4299 0.6834052205085754 0.04524387791752815 -0.6701201796531677
4300 0.6981438994407654 0.04518302902579308 -0.6701111793518066
4301 0.7144963145256042 0.04512228816747665 -0.6701021790504456
4302 0.7324230670928955 0.04501540586352348 -0.6700864434242249
4303 0.7518810033798218 0.04484529048204422 -0.670061469078064
4304 0.7728232145309448 0.04461358860135078 -0.6700275540351868
4305 0.7951992154121399 0.044247817248106 -0.6699743866920471
4306 0.8189551830291748 0.04391748085618019 -0.6699267625808716
4307 0.8440338373184204 0.04361710324883461 -0.6698837876319885
4308 0.8703747987747192 0.04320986568927765 -0.6698260307312012
4309 0.8979145288467407 0.0428737998008728 -0.6697787642478943
4310 0.9265867471694946 0.04260752350091934 -0.6697415709495544
4311 0.9563224315643311 0.04212147742509842 -0.669674277305603
4312 0.9870498180389404 0.04179045930504799 -0.669628918170929
4313 1.018694996833801 0.04133813083171844 -0.6695675253868103
4314 1.051181674003601 0.04086405411362648 -0.669503927230835
4315 1.084431529045105 0.04051526263356209 -0.6694575548171997
4316 1.118364572525024 0.04012223333120346 -0.6694058775901794
4317 1.152899026870728 0.03970846906304359 -0.6693519353866577
4318 1.187951683998108 0.0392698347568512 -0.6692954301834106
4319 1.223438024520874 0.03877997398376465 -0.6692330837249756
4320 1.259272694587708 0.03834711387753487 -0.6691786050796509
4321 1.295369267463684 0.03784362226724625 -0.6691160798072815
4322 1.331640839576721 0.03750221058726311 -0.6690741181373596
4323 1.368000030517578 0.037012729793787 -0.6690146923065186
4324 1.404359102249146 0.03663576394319534 -0.668969452381134
4325 1.440630674362183 0.03608500584959984 -0.668904185295105
4326 1.476727247238159 0.03569918870925903 -0.66885906457901
4327 1.512561917304993 0.03527221456170082 -0.668809711933136
4328 1.548048257827759 0.03489575535058975 -0.6687666773796082
4329 1.583100914955139 0.03452662751078606 -0.6687249541282654
4330 1.617635369300842 0.03405304253101349 -0.6686720848083496
4331 1.651568412780762 0.03370240330696106 -0.6686334013938904
4332 1.684818267822266 0.03320211544632912 -0.6685789227485657
4333 1.717304944992065 0.03289778530597687 -0.668546199798584
4334 1.748950123786926 0.03253701701760292 -0.6685077548027039
4335 1.779677510261536 0.03222063928842545 -0.6684744358062744
4336 1.809413194656372 0.03190130740404129 -0.668441116809845
4337 1.838085412979126 0.03148193657398224 -0.6683979034423828
4338 1.865625143051147 0.03119427710771561 -0.6683685779571533
4339 1.891966104507446 0.03094609826803207 -0.6683434844017029
4340 1.917044758796692 0.03062862157821655 -0.6683117151260376
4341 1.940800786018372 0.03040351532399654 -0.6682893633842468
4342 1.963176846504211 0.03020715154707432 -0.6682699918746948
4343 1.984119057655334 0.02998038753867149 -0.6682478189468384
4344 2.003576993942261 0.02968087047338486 -0.6682187914848328
4345 2.021503686904907 0.02952119894325733 -0.6682034134864807
4346 2.037856101989746 0.02936975099146366 -0.6681889295578003
4347 2.052594900131226 0.029219850897789 -0.6681746244430542
4348 2.06568431854248 0.02902033366262913 -0.6681557297706604
4349 2.077092885971069 0.02884338609874249 -0.6681391000747681
4350 2.086793184280396 0.02874474227428436 -0.6681298613548279
4351 2.094762086868286 0.02868102118372917 -0.6681239008903503
4352 2.100979804992676 0.0286357719451189 -0.6681197285652161
4353 2.105432033538818 0.02856811322271824 -0.6681134104728699
4354 2.108107566833496 0.02850857935845852 -0.6681079268455505
4355 2.109000205993652 0.02848873473703861 -0.6681060791015625
4356 0.6269999742507935 0.06662909686565399 -0.6740588545799255
4357 0.6278925538063049 0.06664448976516724 -0.6740622520446777
4358 0.6305680871009827 0.06669067591428757 -0.6740724444389343
4359 0.6350201964378357 0.06676766276359558 -0.6740894913673401
4360 0.6412380933761597 0.06685804575681686 -0.6741094589233398
4361 0.649206817150116 0.06698331981897354 -0.67413729429245
4362 0.6589071750640869 0.06713621318340302 -0.6741712689399719
4363 0.6703158020973206 0.06723475456237793 -0.6741932034492493
4364 0.6834052205085754 0.06732837855815887 -0.6742141246795654
4365 0.6981438994407654 0.06723909825086594 -0.6741941571235657
4366 0.7144963145256042 0.0671498104929924 -0.6741743087768555
4367 0.7324230670928955 0.06699301302433014 -0.6741394400596619
4368 0.7518810033798218 0.06674320995807648 -0.6740840673446655
4369 0.7728232145309448 0.06640279293060303 -0.6740089654922485
4370 0.7951992154121399 0.06586498022079468 -0.6738911271095276
4371 0.8189551830291748 0.06537935137748718 -0.6737855672836304
4372 0.8440338373184204 0.06493793427944183 -0.6736903786659241
4373 0.8703747987747192 0.06433884054422379 -0.673562228679657
4374 0.8979145288467407 0.06384429335594177 -0.6734573841094971
4375 0.9265867471694946 0.06345226615667343 -0.6733748316764832
4376 0.9563224315643311 0.0627366304397583 -0.6732255816459656
4377 0.9870498180389404 0.06224954128265381 -0.6731249690055847
4378 1.018694996833801 0.06158353388309479 -0.6729887723922729
4379 1.051181674003601 0.06088541820645332 -0.6728476285934448
4380 1.084431529045105 0.06037186458706856 -0.6727448701858521
4381 1.118364572525024 0.05979219451546669 -0.6726300120353699
4382 1.152899026870728 0.05918241292238235 -0.6725103855133057
4383 1.187951683998108 0.05853588879108429 -0.6723849177360535
4384 1.223438024520874 0.05781370773911476 -0.6722464561462402
4385 1.259272694587708 0.05717562884092331 -0.6721256375312805
4386 1.295369267463684 0.0564328208565712 -0.6719867587089539
4387 1.331640839576721 0.05592894926667213 -0.6718935966491699
4388 1.368000030517578 0.05520623922348022 -0.6717614531517029
4389 1.404359102249146 0.05465002357959747 -0.6716609597206116
4390 1.440630674362183 0.05383674427866936 -0.671515941619873
4391 1.476727247238159 0.05326740071177483 -0.6714158058166504
4392 1.512561917304993 0.05263686180114746 -0.6713061332702637
4393 1.548048257827759 0.05208020657300949 -0.6712104082107544
4394 1.583100914955139 0.05153490602970123 -0.6711176633834839
4395 1.617635369300842 0.05083494260907173 -0.6710001230239868
4396 1.651568412780762 0.05031701177358627 -0.6709141731262207
4397 1.684818267822266 0.04957734420895576 -0.6707930564880371
4398 1.717304944992065 0.04912755265831947 -0.6707202792167664
4399 1.748950123786926 0.04859348386526108 -0.6706347465515137
4400 1.779677510261536 0.04812562838196754 -0.6705605983734131
4401 1.809413194656372 0.04765336215496063 -0.6704865097999573
4402 1.838085412979126 0.04703279584646225 -0.6703903079032898
4403 1.865625143051147 0.04660746455192566 -0.6703251004219055
4404 1.891966104507446 0.0462404303252697 -0.6702693104743958
4405 1.917044758796692 0.04577047005295753 -0.6701985597610474
4406 1.940800786018372 0.0454368069767952 -0.6701487898826599
4407 1.963176846504211 0.04514623060822487 -0.6701057553291321
4408 1.984119057655334 0.04481055215001106 -0.6700563430786133
4409 2.003576993942261 0.04436691850423813 -0.669991672039032
4410 2.021503686904907 0.04413064569234848 -0.6699574589729309
4411 2.037856101989746 0.04390653595328331 -0.6699252128601074
4412 2.052594900131226 0.0436847135424614 -0.6698934435844421
4413 2.06568431854248 0.04338922724127769 -0.6698514223098755
4414 2.077092885971069 0.04312707111239433 -0.6698143482208252
4415 2.086793184280396 0.04298102483153343 -0.6697937846183777
4416 2.094762086868286 0.04288668558001518 -0.6697805523872375
4417 2.100979804992676 0.04281966760754585 -0.6697711944580078
4418 2.105432033538818 0.04271936044096947 -0.6697571277618408
4419 2.108107566833496 0.04263107106089592 -0.6697448492050171
4420 2.109000205993652 0.04260164126753807 -0.6697407364845276
4421 0.6269999742507935 0.08787412941455841 -0.679547905921936
4422 0.6278925538063049 0.08789422363042831 -0.6795538663864136
4423 0.6305680871009827 0.08795451372861862 -0.6795717477798462
4424 0.6350201964378357 0.08805499225854874 -0.6796016097068787
4425 0.6412380933761597 0.08817297965288162 -0.6796367168426514
4426 0.649206817150116 0.08833618462085724 -0.6796853542327881
4427 0.6589071750640869 0.08853534609079361 -0.6797448396682739
4428 0.6703158020973206 0.08866402506828308 -0.6797833442687988
4429 0.6834052205085754 0.08878641575574875 -0.6798200607299805
4430 0.6981438994407654 0.0886709913611412 -0.679785430431366
4431 0.7144963145256042 0.08855525404214859 -0.6797508001327515
4432 0.7324230670928955 0.08835259079933167 -0.6796902418136597
4433 0.7518810033798218 0.08802927285432816 -0.6795939803123474
4434 0.7728232145309448 0.08758834004402161 -0.679463267326355
4435 0.7951992154121399 0.08689095079898834 -0.6792580485343933
4436 0.8189551830291748 0.08626141399145126 -0.6790742874145508
4437 0.8440338373184204 0.08568946272134781 -0.67890864610672
4438 0.8703747987747192 0.08491206914186478 -0.6786853671073914
4439 0.8979145288467407 0.08427003771066666 -0.67850261926651
4440 0.9265867471694946 0.08376079052686691 -0.6783587336540222
4441 0.9563224315643311 0.08283105492591858 -0.6780984997749329
4442 0.9870498180389404 0.08219877630472183 -0.677923321723938
4443 1.018694996833801 0.08133351802825928 -0.6776859164237976
4444 1.051181674003601 0.08042637258768082 -0.6774398684501648
4445 1.084431529045105 0.07975918799638748 -0.6772608160972595
4446 1.118364572525024 0.07900429517030716 -0.6770601868629456
4447 1.152899026870728 0.07821106910705566 -0.6768515110015869
4448 1.187951683998108 0.07736987620592117 -0.6766327023506165
4449 1.223438024520874 0.07642997801303864 -0.6763911843299866
4450 1.259272694587708 0.07559966295957565 -0.6761804819107056
4451 1.295369267463684 0.0746319442987442 -0.6759379506111145
4452 1.331640839576721 0.07397519052028656 -0.6757752895355225
4453 1.368000030517578 0.07303261011838913 -0.6755444407463074
4454 1.404359102249146 0.07230786979198456 -0.6753690838813782
4455 1.440630674362183 0.07124699652194977 -0.675115704536438
4456 1.476727247238159 0.07050503045320511 -0.6749408841133118
4457 1.512561917304993 0.06968246400356293 -0.6747493147850037
4458 1.548048257827759 0.06895497441291809 -0.6745818257331848
4459 1.583100914955139 0.06824327260255814 -0.6744198203086853
4460 1.617635369300842 0.06732906401157379 -0.674214243888855
4461 1.651568412780762 0.06665319204330444 -0.6740641593933105
4462 1.684818267822266 0.06568670272827148 -0.673852264881134
4463 1.717304944992065 0.06509926915168762 -0.6737250685691833
4464 1.748950123786926 0.06440017372369766 -0.6735752820968628
4465 1.779677510261536 0.06378867477178574 -0.6734456419944763
4466 1.809413194656372 0.06317134201526642 -0.6733160614967346
4467 1.838085412979126 0.06235950067639351 -0.6731476187705994
4468 1.865625143051147 0.06180370226502419 -0.6730336546897888
4469 1.891966104507446 0.06132392957806587 -0.6729360818862915
4470 1.917044758796692 0.06070880964398384 -0.6728122234344482
4471 1.940800786018372 0.06027127429842949 -0.6727248430252075
4472 1.963176846504211 0.05989113077521324 -0.6726495027542114
4473 1.984119057655334 0.05945176631212234 -0.6725630164146423
4474 2.003576993942261 0.05887062847614288 -0.6724497079849243
4475 2.021503686904907 0.0585615485906601 -0.6723898649215698
4476 2.037856101989746 0.05826836451888084 -0.6723334193229675
4477 2.052594900131226 0.05797817558050156 -0.6722778677940369
4478 2.06568431854248 0.05759115889668465 -0.6722041964530945
4479 2.077092885971069 0.05724763125181198 -0.6721392273902893
4480 2.086793184280396 0.05705643072724342 -0.672103226184845
4481 2.094762086868286 0.05693292990326881 -0.6720800399780273
4482 2.100979804992676 0.05684514343738556 -0.6720635890960693
4483 2.105432033538818 0.05671357735991478 -0.6720390319824219
4484 2.108107566833496 0.05659772083163261 -0.6720173954963684
4485 2.109000205993652 0.05655910447239876 -0.6720102429389954
4486 0.6269999742507935 0.1083297953009605 -0.6864009499549866
4487 0.6278925538063049 0.108354240655899 -0.6864100694656372
4488 0.6305680871009827 0.1084275841712952 -0.6864375472068787
4489 0.6350201964378357 0.1085498183965683 -0.6864833831787109
4490 0.6412380933761597 0.1086933761835098 -0.6865372657775879
4491 0.649206817150116 0.1088914275169373 -0.6866117715835571
4492 0.6589071750640869 0.1091330796480179 -0.6867029070854187
4493 0.6703158020973206 0.1092896908521652 -0.6867620348930359
4494 0.6834052205085754 0.109438881278038 -0.686818540096283
4495 0.6981438994407654 0.1093001887202263 -0.6867660284042358
4496 0.7144963145256042 0.1091606542468071 -0.6867132782936096
4497 0.7324230670928955 0.1089172288775444 -0.6866214871406555
4498 0.7518810033798218 0.1085281893610954 -0.6864752769470215
4499 0.7728232145309448 0.1079970970749855 -0.6862766146659851
4500 0.7951992154121399 0.1071559190750122 -0.6859642267227173
4501 0.8189551830291748 0.1063968390226364 -0.6856847405433655
4502 0.8440338373184204 0.105707660317421 -0.6854329109191895
4503 0.8703747987747192 0.1047691404819489 -0.6850929260253906
4504 0.8979145288467407 0.1039935722947121 -0.6848145723342896
4505 0.9265867471694946 0.1033779159188271 -0.6845952868461609
4506 0.9563224315643311 0.1022537425160408 -0.6841986775398254
4507 0.9870498180389404 0.1014900952577591 -0.6839320063591003
4508 1.018694996833801 0.1004438921809196 -0.6835703253746033
4509 1.051181674003601 0.09934678673744202 -0.6831955313682556
4510 1.084431529045105 0.09854011237621307 -0.682922899723053
4511 1.118364572525024 0.09762454032897949 -0.6826164126396179
4512 1.152899026870728 0.09666387736797333 -0.6822983026504517
4513 1.187951683998108 0.09564487636089325 -0.681964635848999
4514 1.223438024520874 0.09450587630271912 -0.6815963387489319
4515 1.259272694587708 0.09349987655878067 -0.6812750697135925
4516 1.295369267463684 0.09232565760612488 -0.6809048652648926
4517 1.331640839576721 0.09152824431657791 -0.680656373500824
4518 1.368000030517578 0.0903829038143158 -0.6803036332130432
4519 1.404359102249146 0.08950334042310715 -0.6800360679626465
4520 1.440630674362183 0.08821401745080948 -0.6796489357948303
4521 1.476727247238159 0.08731339126825333 -0.6793821454048157
4522 1.512561917304993 0.08631359040737152 -0.6790894865989685
4523 1.548048257827759 0.08542728424072266 -0.6788330674171448
4524 1.583100914955139 0.08456172049045563 -0.6785854697227478
4525 1.617635369300842 0.0834488719701767 -0.6782711148262024
4526 1.651568412780762 0.0826270654797554 -0.6780418157577515
4527 1.684818267822266 0.08144991099834442 -0.6777176856994629
4528 1.717304944992065 0.08073489367961884 -0.6775231957435608
4529 1.748950123786926 0.0798814445734024 -0.6772935390472412
4530 1.779677510261536 0.07913639396429062 -0.6770951151847839
4531 1.809413194656372 0.0783841460943222 -0.676896870136261
4532 1.838085412979126 0.07739382982254028 -0.6766389012336731
4533 1.865625143051147 0.07671685516834259 -0.6764645576477051
4534 1.891966104507446 0.07613224536180496 -0.6763153672218323
4535 1.917044758796692 0.07538142800331116 -0.6761255264282227
4536 1.940800786018372 0.07484608143568039 -0.6759913563728333
4537 1.963176846504211 0.07438237965106964 -0.6758759617805481
4538 1.984119057655334 0.07384610176086426 -0.6757434606552124
4539 2.003576993942261 0.07313602417707443 -0.6755695939064026
4540 2.021503686904907 0.07275903970003128 -0.6754780411720276
4541 2.037856101989746 0.07240141928195953 -0.6753916144371033
4542 2.052594900131226 0.07204746454954147 -0.675306499004364
4543 2.06568431854248 0.07157467305660248 -0.6751935482025146
4544 2.077092885971069 0.07115474343299866 -0.6750938892364502
4545 2.086793184280396 0.07092130929231644 -0.675038754940033
4546 2.094762086868286 0.07077053189277649 -0.6750032305717468
4547 2.100979804992676 0.07066327333450317 -0.6749780178070068
4548 2.105432033538818 0.07050224393606186 -0.6749402284622192
4549 2.108107566833496 0.07036036998033524 -0.6749070286750793
4550 2.109000205993652 0.07031308114528656 -0.6748959422111511
4551 0.6269999742507935 0.1278432756662369 -0.6944758892059326
4552 0.6278925538063049 0.1278716623783112 -0.6944887638092041
4553 0.6305680871009827 0.127956822514534 -0.6945275068283081
4554 0.6350201964378357 0.1280987411737442 -0.6945921182632446
4555 0.6412380933761597 0.1282654851675034 -0.6946681141853333
4556 0.649206817150116 0.1284947544336319 -0.6947728395462036
4557 0.6589071750640869 0.1287744641304016 -0.6949008703231812
4558 0.6703158020973206 0.1289564371109009 -0.6949843764305115
4559 0.6834052205085754 0.1291300803422928 -0.6950641870498657
4560 0.6981438994407654 0.1289714723825455 -0.6949912905693054
4561 0.7144963145256042 0.1288112252950668 -0.6949177384376526
4562 0.7324230670928955 0.1285329759120941 -0.6947903037071228
4563 0.7518810033798218 0.1280872821807861 -0.6945868730545044
4564 0.7728232145309448 0.1274781227111816 -0.6943102478981018
4565 0.7951992154121399 0.1265115588903427 -0.6938744783401489
4566 0.8189551830291748 0.1256397515535355 -0.693484902381897
4567 0.8440338373184204 0.124848872423172 -0.6931342482566833
4568 0.8703747987747192 0.1237693056464195 -0.692659854888916
4569 0.8979145288467407 0.1228765249252319 -0.6922712922096252
4570 0.9265867471694946 0.122167132794857 -0.6919649243354797
4571 0.9563224315643311 0.1208715885877609 -0.6914107799530029
4572 0.9870498180389404 0.1199927479028702 -0.6910388469696045
4573 1.018694996833801 0.1187871024012566 -0.6905338168144226
4574 1.051181674003601 0.1175224483013153 -0.6900104880332947
4575 1.084431529045105 0.1165929138660431 -0.6896300315856934
4576 1.118364572525024 0.115533821284771 -0.6892008185386658
4577 1.152899026870728 0.1144245713949203 -0.6887561082839966
4578 1.187951683998108 0.1132476106286049 -0.6882897615432739
4579 1.223438024520874 0.1119314730167389 -0.6877747774124146
4580 1.259272694587708 0.1107693463563919 -0.6873258948326111
4581 1.295369267463684 0.1094103902578354 -0.6868077516555786
4582 1.331640839576721 0.1084868088364601 -0.6864597797393799
4583 1.368000030517578 0.1071589663624763 -0.685965359210968
4584 1.404359102249146 0.1061408296227455 -0.6855909824371338
4585 1.440630674362183 0.1046457514166832 -0.685048520565033
4586 1.476727247238159 0.1036030426621437 -0.6846753358840942
4587 1.512561917304993 0.102443590760231 -0.6842653155326843
4588 1.548048257827759 0.1014127880334854 -0.6839051246643066
4589 1.583100914955139 0.1004083007574081 -0.6835581064224243
4590 1.617635369300842 0.09911538660526276 -0.6831170320510864
4591 1.651568412780762 0.0981619730591774 -0.6827959418296814
4592 1.684818267822266 0.09679344296455383 -0.6823409795761108
4593 1.717304944992065 0.09596285969018936 -0.6820683479309082
4594 1.748950123786926 0.09496783465147018 -0.6817451119422913
4595 1.779677510261536 0.09410131722688675 -0.6814666986465454
4596 1.809413194656372 0.09322628378868103 -0.6811883449554443
4597 1.838085412979126 0.09207285195589066 -0.6808258295059204
4598 1.865625143051147 0.0912858247756958 -0.6805813312530518
4599 1.891966104507446 0.09060584753751755 -0.6803719401359558
4600 1.917044758796692 0.08973070234060287 -0.6801049709320068
4601 1.940800786018372 0.08910484611988068 -0.679915726184845
4602 1.963176846504211 0.08856479823589325 -0.6797536611557007
4603 1.984119057655334 0.08793973922729492 -0.6795673966407776
4604 2.003576993942261 0.08711102604866028 -0.6793226003646851
4605 2.021503686904907 0.08667203783988953 -0.6791939735412598
4606 2.037856101989746 0.08625556528568268 -0.6790726184844971
4607 2.052594900131226 0.08584336936473846 -0.6789531111717224
4608 2.06568431854248 0.08529175072908401 -0.6787941455841064
4609 2.077092885971069 0.08480139821767807 -0.6786537766456604
4610 2.086793184280396 0.08452924340963364 -0.6785762310028076
4611 2.094762086868286 0.08435347676277161 -0.6785262823104858
4612 2.100979804992676 0.08422831445932388 -0.6784908175468445
4613 2.105432033538818 0.08404000103473663 -0.6784375309944153
4614 2.108107566833496 0.08387397229671478 -0.6783906221389771
4615 2.109000205993652 0.08381862938404083 -0.6783750653266907
4616 0.6269999742507935 0.1462879627943039 -0.7036107182502747
4617 0.6278925538063049 0.1463198363780975 -0.70362788438797
4618 0.6305680871009827 0.1464154422283173 -0.7036792635917664
4619 0.6350201964378357 0.1465747654438019 -0.7037650942802429
4620 0.6412380933761597 0.1467620134353638 -0.7038660645484924
4621 0.649206817150116 0.1470184773206711 -0.7040045857429504
4622 0.6589071750640869 0.1473313122987747 -0.7041740417480469
4623 0.6703158020973206 0.1475357562303543 -0.7042850255966187
4624 0.6834052205085754 0.1477312445640564 -0.7043913602828979
4625 0.6981438994407654 0.1475563943386078 -0.7042962908744812
4626 0.7144963145256042 0.1473788619041443 -0.7041998505592346
4627 0.7324230670928955 0.1470722854137421 -0.7040337324142456
4628 0.7518810033798218 0.1465799361467361 -0.7037678360939026
4629 0.7728232145309448 0.1459059864282608 -0.7034057974815369
4630 0.7951992154121399 0.1448343843221664 -0.7028344869613647
4631 0.8189551830291748 0.1438683569431305 -0.7023240923881531
4632 0.8440338373184204 0.1429929286241531 -0.7018653750419617
4633 0.8703747987747192 0.1417945325374603 -0.7012431025505066
4634 0.8979145288467407 0.1408026218414307 -0.7007331252098083
4635 0.9265867471694946 0.1400135457515717 -0.7003306150436401
4636 0.9563224315643311 0.1385722011327744 -0.6996027827262878
4637 0.9870498180389404 0.1375961303710938 -0.6991152167320251
4638 1.018694996833801 0.1362549215555191 -0.6984522938728333
4639 1.051181674003601 0.1348476409912109 -0.6977653503417969
4640 1.084431529045105 0.133813738822937 -0.6972662210464478
4641 1.118364572525024 0.1326302587985992 -0.6967007517814636
4642 1.152899026870728 0.1313934475183487 -0.6961163878440857
4643 1.187951683998108 0.1300807297229767 -0.6955034136772156
4644 1.223438024520874 0.1286119967699051 -0.6948264837265015
4645 1.259272694587708 0.1273156106472015 -0.694236695766449
4646 1.295369267463684 0.1257963180541992 -0.6935546398162842
4647 1.331640839576721 0.1247628331184387 -0.6930962800979614
4648 1.368000030517578 0.1232752650976181 -0.6924444437026978
4649 1.404359102249146 0.1221368163824081 -0.6919518709182739
4650 1.440630674362183 0.1204615607857704 -0.6912368535995483
4651 1.476727247238159 0.1192954257130623 -0.690746009349823
4652 1.512561917304993 0.1179961636662483 -0.6902057528495789
4653 1.548048257827759 0.1168370693922043 -0.689729630947113
4654 1.583100914955139 0.1157105192542076 -0.6892721056938171
4655 1.617635369300842 0.1142585873603821 -0.6886900067329407
4656 1.651568412780762 0.1131897792220116 -0.6882669925689697
4657 1.684818267822266 0.1116517633199692 -0.6876662373542786
4658 1.717304944992065 0.1107192486524582 -0.6873066425323486
4659 1.748950123786926 0.1095971912145615 -0.686878502368927
4660 1.779677510261536 0.1086229383945465 -0.6865108013153076
4661 1.809413194656372 0.1076389327645302 -0.6861432790756226
4662 1.838085412979126 0.1063398793339729 -0.6856638193130493
4663 1.865625143051147 0.1054554805159569 -0.6853412389755249
4664 1.891966104507446 0.1046909466385841 -0.6850647926330566
4665 1.917044758796692 0.1037044525146484 -0.6847114562988281
4666 1.940800786018372 0.1029964461922646 -0.6844601631164551
4667 1.963176846504211 0.1023883000016212 -0.6842458844184875
4668 1.984119057655334 0.1016837656497955 -0.6839994192123413
4669 2.003576993942261 0.1007482185959816 -0.6836751103401184
4670 2.021503686904907 0.1002539768815041 -0.683505117893219
4671 2.037856101989746 0.09978504478931427 -0.6833446621894836
4672 2.052594900131226 0.09932095557451248 -0.6831867694854736
4673 2.06568431854248 0.0986984521150589 -0.6829761862754822
4674 2.077092885971069 0.09814456105232239 -0.6827901005744934
4675 2.086793184280396 0.09783772379159927 -0.6826874613761902
4676 2.094762086868286 0.09763956815004349 -0.6826214194297791
4677 2.100979804992676 0.09749830514192581 -0.6825743913650513
4678 2.105432033538818 0.097285196185112 -0.6825036406517029
4679 2.108107566833496 0.09709716588258743 -0.6824413537979126
4680 2.109000205993652 0.09703448414802551 -0.6824206113815308
4681 0.6269999742507935 0.1635656654834747 -0.7136293649673462
4682 0.6278925538063049 0.1636005342006683 -0.7136511206626892
4683 0.6305680871009827 0.163705125451088 -0.713716447353363
4684 0.6350201964378357 0.16387939453125 -0.7138253450393677
4685 0.6412380933761597 0.1640842705965042 -0.7139536142349243
4686 0.649206817150116 0.1643636673688889 -0.7141289114952087
4687 0.6589071750640869 0.1647043973207474 -0.714343249797821
4688 0.6703158020973206 0.1649281978607178 -0.7144843935966492
4689 0.6834052205085754 0.1651427149772644 -0.7146198749542236
4690 0.6981438994407654 0.1649555116891861 -0.7145016193389893
4691 0.7144963145256042 0.1647642552852631 -0.7143809795379639
4692 0.7324230670928955 0.1644362062215805 -0.7141745090484619
4693 0.7518810033798218 0.1639076620340347 -0.713843047618866
4694 0.7728232145309448 0.1631829589605331 -0.7133910059928894
4695 0.7951992154121399 0.1620277464389801 -0.7126761078834534
4696 0.8189551830291748 0.1609870791435242 -0.7120380997657776
4697 0.8440338373184204 0.1600451767444611 -0.7114655375480652
4698 0.8703747987747192 0.1587514728307724 -0.7106865644454956
4699 0.8979145288467407 0.1576796174049377 -0.7100476622581482
4700 0.9265867471694946 0.1568257659673691 -0.7095428705215454
4701 0.9563224315643311 0.1552658230066299 -0.7086302042007446
4702 0.9870498180389404 0.1542115807533264 -0.7080203294754028
4703 1.018694996833801 0.1527602076530457 -0.7071897387504578
4704 1.051181674003601 0.1512368619441986 -0.7063290476799011
4705 1.084431529045105 0.1501183062791824 -0.7057043313980103
4706 1.118364572525024 0.1488309502601624 -0.7049928307533264
4707 1.152899026870728 0.1474890857934952 -0.7042596936225891
4708 1.187951683998108 0.1460643410682678 -0.703490674495697
4709 1.223438024520874 0.144469365477562 -0.7026411294937134
4710 1.259272694587708 0.1430621892213821 -0.7019014954566956
4711 1.295369267463684 0.1414088308811188 -0.7010442614555359
4712 1.331640839576721 0.1402829438447952 -0.7004677057266235
4713 1.368000030517578 0.1386602520942688 -0.6996469497680664
4714 1.404359102249146 0.137421190738678 -0.6990283131599426
4715 1.440630674362183 0.1355934292078018 -0.6981282830238342
4716 1.476727247238159 0.1343240588903427 -0.6975119709968567
4717 1.512561917304993 0.1329064965248108 -0.6968321800231934
4718 1.548048257827759 0.1316367238759995 -0.6962307691574097
4719 1.583100914955139 0.1304064691066742 -0.6956548094749451
4720 1.617635369300842 0.1288184225559235 -0.69492107629776
4721 1.651568412780762 0.1276518702507019 -0.6943889856338501
4722 1.684818267822266 0.125968262553215 -0.6936312913894653
4723 1.717304944992065 0.1249487027525902 -0.6931783556938171
4724 1.748950123786926 0.1237155571579933 -0.6926363706588745
4725 1.779677510261536 0.1226486042141914 -0.692172646522522
4726 1.809413194656372 0.121570773422718 -0.6917089819908142
4727 1.838085412979126 0.1201452910900116 -0.6911031603813171
4728 1.865625143051147 0.1191774383187294 -0.690696656703949
4729 1.891966104507446 0.1183401867747307 -0.6903481483459473
4730 1.917044758796692 0.1172566488385201 -0.6899013519287109
4731 1.940800786018372 0.1164757162332535 -0.6895822882652283
4732 1.963176846504211 0.1158085614442825 -0.689311683177948
4733 1.984119057655334 0.1150348037481308 -0.689000129699707
4734 2.003576993942261 0.1140054613351822 -0.6885893940925598
4735 2.021503686904907 0.1134634092450142 -0.6883748173713684
4736 2.037856101989746 0.1129490733146667 -0.6881723403930664
4737 2.052594900131226 0.1124400794506073 -0.6879729628562927
4738 2.06568431854248 0.1117554977536201 -0.687706470489502
4739 2.077092885971069 0.1111456751823425 -0.6874706745147705
4740 2.086793184280396 0.1108086109161377 -0.6873409748077393
4741 2.094762086868286 0.1105909645557404 -0.6872574687004089
4742 2.100979804992676 0.1104355901479721 -0.6871979236602783
4743 2.105432033538818 0.1102004647254944 -0.6871080994606018
4744 2.108107566833496 0.1099928170442581 -0.6870288848876953
4745 2.109000205993652 0.1099235936999321 -0.6870025396347046
4746 0.6269999742507935 0.1796074211597443 -0.7243475317955017
4747 0.6278925538063049 0.1796447783708572 -0.7243742346763611
4748 0.6305680871009827 0.179756835103035 -0.7244543433189392
4749 0.6350201964378357 0.1799435168504715 -0.7245879173278809
4750 0.6412380933761597 0.1801630854606628 -0.7247453331947327
4751 0.649206817150116 0.1804610043764114 -0.7249594330787659
4752 0.6589071750640869 0.1808242499828339 -0.7252211570739746
4753 0.6703158020973206 0.1810642331838608 -0.7253944873809814
4754 0.6834052205085754 0.181294858455658 -0.7255614399909973
4755 0.6981438994407654 0.1810991764068604 -0.7254197597503662
4756 0.7144963145256042 0.1808978319168091 -0.7252742648124695
4757 0.7324230670928955 0.1805552095174789 -0.7250272035598755
4758 0.7518810033798218 0.1800010949373245 -0.7246292233467102
4759 0.7728232145309448 0.1792398244142532 -0.7240853905677795
4760 0.7951992154121399 0.1780228316783905 -0.7232232093811035
4761 0.8189551830291748 0.1769274324178696 -0.7224546670913696
4762 0.8440338373184204 0.1759374439716339 -0.7217661738395691
4763 0.8703747987747192 0.1745724231004715 -0.7208262085914612
4764 0.8979145288467407 0.1734402030706406 -0.7200546860694885
4765 0.9265867471694946 0.1725368648767471 -0.7194443941116333
4766 0.9563224315643311 0.1708861738443375 -0.7183411121368408
4767 0.9870498180389404 0.1697732955217361 -0.7176058888435364
4768 1.018694996833801 0.1682378798723221 -0.7166028022766113
4769 1.051181674003601 0.1666257530450821 -0.7155635356903076
4770 1.084431529045105 0.1654428392648697 -0.7148098945617676
4771 1.118364572525024 0.1640728116035461 -0.7139464616775513
4772 1.152899026870728 0.1626491397619247 -0.7130597829818726
4773 1.187951683998108 0.1611369550228119 -0.7121296525001526
4774 1.223438024520874 0.1594430208206177 -0.7111018896102905
4775 1.259272694587708 0.1579494178295135 -0.7102079391479492
4776 1.295369267463684 0.1561893075704575 -0.7091690301895142
4777 1.331640839576721 0.1549893021583557 -0.7084696888923645
4778 1.368000030517578 0.1532571762800217 -0.7074729800224304
4779 1.404359102249146 0.1519380956888199 -0.7067238092422485
4780 1.440630674362183 0.1499867886304855 -0.7056313157081604
4781 1.476727247238159 0.1486353278160095 -0.7048854231834412
4782 1.512561917304993 0.1471220552921295 -0.7040606737136841
4783 1.548048257827759 0.145760178565979 -0.7033277153968811
4784 1.583100914955139 0.1444455236196518 -0.702628493309021
4785 1.617635369300842 0.1427455395460129 -0.7017363309860229
4786 1.651568412780762 0.141499862074852 -0.7010911703109741
4787 1.684818267822266 0.1396959275007248 -0.7001694440841675
4788 1.717304944992065 0.1386050879955292 -0.6996192932128906
4789 1.748950123786926 0.1372778117656708 -0.6989571452140808
4790 1.779677510261536 0.1361341178417206 -0.698392927646637
4791 1.809413194656372 0.1349785178899765 -0.6978288292884827
4792 1.838085412979126 0.13344706594944 -0.6970903873443604
4793 1.865625143051147 0.1324105560779572 -0.6965964436531067
4794 1.891966104507446 0.131513237953186 -0.6961727142333984
4795 1.917044758796692 0.1303479224443436 -0.6956275701522827
4796 1.940800786018372 0.1295039802789688 -0.6952365040779114
4797 1.963176846504211 0.1287875026464462 -0.6949068903923035
4798 1.984119057655334 0.1279555112123489 -0.6945269107818604
4799 2.003576993942261 0.1268463432788849 -0.6940249800682068
4800 2.021503686904907 0.1262644678354263 -0.6937637329101562
4801 2.037856101989746 0.1257122755050659 -0.6935172080993652
4802 2.052594900131226 0.1251658648252487 -0.6932744979858398
4803 2.06568431854248 0.1244286522269249 -0.6929489970207214
4804 2.077092885971069 0.1237710937857628 -0.6926606893539429
4805 2.086793184280396 0.1234085932374001 -0.692502498626709
4806 2.094762086868286 0.1231745555996895 -0.6924006342887878
4807 2.100979804992676 0.1230072006583214 -0.6923279762268066
4808 2.105432033538818 0.1227530539035797 -0.6922178268432617
4809 2.108107566833496 0.1225283592939377 -0.6921206712722778
4810 2.109000205993652 0.1224534511566162 -0.6920883059501648
4811 0.6269999742507935 0.1943731606006622 -0.7355787754058838
4812 0.6278925538063049 0.194412499666214 -0.7356106042861938
4813 0.6305680871009827 0.1945305019617081 -0.7357061505317688
4814 0.6350201964378357 0.1947270631790161 -0.7358655333518982
4815 0.6412380933761597 0.1949583441019058 -0.736053466796875
4816 0.649206817150116 0.1952704191207886 -0.7363075613975525
4817 0.6589071750640869 0.1956508308649063 -0.7366182208061218
4818 0.6703158020973206 0.1959037780761719 -0.7368253469467163
4819 0.6834052205085754 0.1961475610733032 -0.7370254397392273
4820 0.6981438994407654 0.1959472000598907 -0.736860990524292
4821 0.7144963145256042 0.195739358663559 -0.7366906404495239
4822 0.7324230670928955 0.1953888684511185 -0.7364041805267334
4823 0.7518810033798218 0.1948195844888687 -0.73594069480896
4824 0.7728232145309448 0.1940356642007828 -0.7353060841560364
4825 0.7951992154121399 0.1927783340215683 -0.7342970371246338
4826 0.8189551830291748 0.1916477531194687 -0.7333988547325134
4827 0.8440338373184204 0.190627783536911 -0.7325959205627441
4828 0.8703747987747192 0.1892151534557343 -0.7314952611923218
4829 0.8979145288467407 0.1880419701337814 -0.7305911183357239
4830 0.9265867471694946 0.1871042996644974 -0.7298749089241028
4831 0.9563224315643311 0.1853905320167542 -0.7285804152488708
4832 0.9870498180389404 0.1842384040355682 -0.7277206182479858
4833 1.018694996833801 0.1826449036598206 -0.7265450954437256
4834 1.051181674003601 0.18097123503685 -0.7253272533416748
4835 1.084431529045105 0.1797441989183426 -0.7244452834129333
4836 1.118364572525024 0.1783127784729004 -0.7234278321266174
4837 1.152899026870728 0.1768306195735931 -0.7223870754241943
4838 1.187951683998108 0.1752556562423706 -0.7212953567504883
4839 1.223438024520874 0.1734902411699295 -0.7200886011123657
4840 1.259272694587708 0.1719347238540649 -0.7190401554107666
4841 1.295369267463684 0.1700954884290695 -0.717818021774292
4842 1.331640839576721 0.1688398718833923 -0.7169945240020752
4843 1.368000030517578 0.1670244187116623 -0.7158191800117493
4844 1.404359102249146 0.1656461805105209 -0.7149388790130615
4845 1.440630674362183 0.1636008620262146 -0.7136512994766235
4846 1.476727247238159 0.1621888130903244 -0.7127753496170044
4847 1.512561917304993 0.1606028825044632 -0.7118040323257446
4848 1.548048257827759 0.1591679900884628 -0.710936427116394
4849 1.583100914955139 0.1577887088060379 -0.7101123929023743
4850 1.617635369300842 0.1560016125440598 -0.7090591788291931
4851 1.651568412780762 0.15469591319561 -0.7082998156547546
4852 1.684818267822266 0.1527977138757706 -0.7072110176086426
4853 1.717304944992065 0.1516518294811249 -0.7065623998641968
4854 1.748950123786926 0.1502479910850525 -0.7057764530181885
4855 1.779677510261536 0.1490440517663956 -0.7051100730895996
4856 1.809413194656372 0.1478273719549179 -0.7044436931610107
4857 1.838085412979126 0.1462111622095108 -0.7035694718360901
4858 1.865625143051147 0.1451213508844376 -0.7029869556427002
4859 1.891966104507446 0.1441770792007446 -0.7024867534637451
4860 1.917044758796692 0.1429458856582642 -0.7018408179283142
4861 1.940800786018372 0.1420492976903915 -0.7013748288154602
4862 1.963176846504211 0.1412936300039291 -0.7009850144386292
4863 1.984119057655334 0.1404148489236832 -0.700534999370575
4864 2.003576993942261 0.139240488409996 -0.6999390721321106
4865 2.021503686904907 0.1386270970106125 -0.6996303200721741
4866 2.037856101989746 0.1380449533462524 -0.6993388533592224
4867 2.052594900131226 0.1374689638614655 -0.6990519762039185
4868 2.06568431854248 0.1366890221834183 -0.698665976524353
4869 2.077092885971069 0.1359923183917999 -0.6983234286308289
4870 2.086793184280396 0.1356094032526016 -0.6981360912322998
4871 2.094762086868286 0.1353622227907181 -0.6980155110359192
4872 2.100979804992676 0.1351851522922516 -0.6979292631149292
4873 2.105432033538818 0.1349151283502579 -0.6977980732917786
4874 2.108107566833496 0.1346760988235474 -0.6976822018623352
4875 2.109000205993652 0.1345964074134827 -0.6976436376571655
4876 0.6269999742507935 0.2078501731157303 -0.7471398115158081
4877 0.6278925538063049 0.2078910171985626 -0.7471769452095032
4878 0.6305680871009827 0.2080134749412537 -0.7472884058952332
4879 0.6350201964378357 0.2082174569368362 -0.747474193572998
4880 0.6412380933761597 0.2084575742483139 -0.7476934194564819
4881 0.649206817150116 0.208779588341713 -0.7479881048202515
4882 0.6589071750640869 0.2091719657182693 -0.7483483552932739
4883 0.6703158020973206 0.209434762597084 -0.7485902905464172
4884 0.6834052205085754 0.209688812494278 -0.7488247156143188
4885 0.6981438994407654 0.2094873487949371 -0.7486388087272644
4886 0.7144963145256042 0.2092763930559158 -0.7484444379806519
4887 0.7324230670928955 0.2089243680238724 -0.748120903968811
4888 0.7518810033798218 0.208349734544754 -0.7475948929786682
4889 0.7728232145309448 0.2075563967227936 -0.746873140335083
4890 0.7951992154121399 0.2062791883945465 -0.7457216382026672
4891 0.8189551830291748 0.2051321119070053 -0.7446983456611633
4892 0.8440338373184204 0.2040993869304657 -0.7437857389450073
4893 0.8703747987747192 0.2026618719100952 -0.742529034614563
4894 0.8979145288467407 0.2014663517475128 -0.7414957880973816
4895 0.9265867471694946 0.2005089521408081 -0.7406759262084961
4896 0.9563224315643311 0.1987587958574295 -0.7391946315765381
4897 0.9870498180389404 0.1975861042737961 -0.7382144331932068
4898 1.018694996833801 0.1959596425294876 -0.7368711829185486
4899 1.051181674003601 0.1942507773637772 -0.7354797720909119
4900 1.084431529045105 0.1929992735385895 -0.7344735860824585
4901 1.118364572525024 0.1915272772312164 -0.7333036661148071
4902 1.152899026870728 0.1900093406438828 -0.7321124672889709
4903 1.187951683998108 0.1883957386016846 -0.7308628559112549
4904 1.223438024520874 0.1865857094526291 -0.7294812202453613
4905 1.259272694587708 0.1849923431873322 -0.7282823324203491
4906 1.295369267463684 0.1831011772155762 -0.7268800735473633
4907 1.331640839576721 0.1818082332611084 -0.7259341478347778
4908 1.368000030517578 0.1799352765083313 -0.7245820164680481
4909 1.404359102249146 0.1785185486078262 -0.7235733270645142
4910 1.440630674362183 0.176408514380455 -0.7220931053161621
4911 1.476727247238159 0.1749572455883026 -0.7210901379585266
4912 1.512561917304993 0.1733216494321823 -0.7199743390083313
4913 1.548048257827759 0.1718328446149826 -0.7189719676971436
4914 1.583100914955139 0.1704087108373642 -0.7180248498916626
4915 1.617635369300842 0.1685593873262405 -0.7168117761611938
4916 1.651568412780762 0.1672128289937973 -0.7159403562545776
4917 1.684818267822266 0.1652465760707855 -0.7146856188774109
4918 1.717304944992065 0.1640620082616806 -0.7139396667480469
4919 1.748950123786926 0.1625994294881821 -0.7130290269851685
4920 1.779677510261536 0.1613519340753555 -0.7122611403465271
4921 1.809413194656372 0.1600909978151321 -0.7114933133125305
4922 1.838085412979126 0.1584116071462631 -0.7104833126068115
4923 1.865625143051147 0.1572840362787247 -0.7098133563995361
4924 1.891966104507446 0.1563061326742172 -0.7092375159263611
4925 1.917044758796692 0.1550252884626389 -0.7084905505180359
4926 1.940800786018372 0.1540866643190384 -0.7079484462738037
4927 1.963176846504211 0.1533021181821823 -0.7074986100196838
4928 1.984119057655334 0.1523882746696472 -0.7069784998893738
4929 2.003576993942261 0.1511636972427368 -0.7062880396842957
4930 2.021503686904907 0.1505272835493088 -0.705932080745697
4931 2.037856101989746 0.149923250079155 -0.7055960297584534
4932 2.052594900131226 0.1493256837129593 -0.7052653431892395
4933 2.06568431854248 0.1485131680965424 -0.7048184275627136
4934 2.077092885971069 0.1477861553430557 -0.7044212818145752
4935 2.086793184280396 0.1473879814147949 -0.704204797744751
4936 2.094762086868286 0.147131010890007 -0.7040655016899109
4937 2.100979804992676 0.146946519613266 -0.7039657235145569
4938 2.105432033538818 0.1466638743877411 -0.7038130760192871
4939 2.108107566833496 0.1464133113622665 -0.7036781311035156
4940 2.109000205993652 0.1463297754526138 -0.703633189201355
4941 0.6269999742507935 0.2200507968664169 -0.7588557600975037
4942 0.6278925538063049 0.2200926691293716 -0.7588981986045837
4943 0.6305680871009827 0.2202181965112686 -0.7590256333351135
4944 0.6350201964378357 0.2204272300004959 -0.7592381834983826
4945 0.6412380933761597 0.2206734418869019 -0.759489119052887
4946 0.649206817150116 0.2210014015436172 -0.7598242163658142
4947 0.6589071750640869 0.2214009314775467 -0.7602337598800659
4948 0.6703158020973206 0.2216705679893494 -0.760511040687561
4949 0.6834052205085754 0.2219321131706238 -0.7607806921005249
4950 0.6981438994407654 0.2217328250408173 -0.7605751752853394
4951 0.7144963145256042 0.221521869301796 -0.7603580355644226
4952 0.7324230670928955 0.2211741060018539 -0.7600010633468628
4953 0.7518810033798218 0.2206031382083893 -0.7594174146652222
4954 0.7728232145309448 0.2198125571012497 -0.7586143612861633
4955 0.7951992154121399 0.2185343950986862 -0.7573282718658447
4956 0.8189551830291748 0.2173880934715271 -0.7561876177787781
4957 0.8440338373184204 0.2163585871458054 -0.7551733255386353
4958 0.8703747987747192 0.2149173319339752 -0.7537691593170166
4959 0.8979145288467407 0.2137168794870377 -0.752613365650177
4960 0.9265867471694946 0.2127534151077271 -0.7516947984695435
4961 0.9563224315643311 0.2109919190406799 -0.7500355839729309
4962 0.9870498180389404 0.2098161578178406 -0.7489424347877502
4963 1.018694996833801 0.2081803679466248 -0.7474403977394104
4964 1.051181674003601 0.2064612060785294 -0.7458849549293518
4965 1.084431529045105 0.2052037715911865 -0.7447619438171387
4966 1.118364572525024 0.2037109881639481 -0.7434446811676025
4967 1.152899026870728 0.2021788954734802 -0.7421103119850159
4968 1.187951683998108 0.2005496025085449 -0.7407106161117554
4969 1.223438024520874 0.1987206488847733 -0.7391625642776489
4970 1.259272694587708 0.1971124261617661 -0.7378212809562683
4971 1.295369267463684 0.1951955109834671 -0.7362464666366577
4972 1.331640839576721 0.1938828229904175 -0.7351828217506409
4973 1.368000030517578 0.1919773668050766 -0.7336598038673401
4974 1.404359102249146 0.1905421167612076 -0.7325288057327271
4975 1.440630674362183 0.1883958280086517 -0.7308629155158997
4976 1.476727247238159 0.1869260519742966 -0.7297394275665283
4977 1.512561917304993 0.1852631717920303 -0.7284849882125854
4978 1.548048257827759 0.1837391704320908 -0.727350652217865
4979 1.583100914955139 0.1822895407676697 -0.7262850999832153
4980 1.617635369300842 0.1804024279117584 -0.7249172925949097
4981 1.651568412780762 0.1790338009595871 -0.7239387631416321
4982 1.684818267822266 0.1770253479480743 -0.7225230932235718
4983 1.717304944992065 0.1758182048797607 -0.7216836214065552
4984 1.748950123786926 0.174314558506012 -0.7206498384475708
4985 1.779677510261536 0.1730400174856186 -0.7197837233543396
4986 1.809413194656372 0.171751543879509 -0.7189176082611084
4987 1.838085412979126 0.1700303852558136 -0.7177751064300537
4988 1.865625143051147 0.168880507349968 -0.7170210480690002
4989 1.891966104507446 0.1678822338581085 -0.7163723111152649
4990 1.917044758796692 0.1665679216384888 -0.7155265212059021
4991 1.940800786018372 0.1655979752540588 -0.7149083018302917
4992 1.963176846504211 0.164794847369194 -0.7144002318382263
4993 1.984119057655334 0.163857638835907 -0.7138117551803589
4994 2.003576993942261 0.1625979095697403 -0.7130280733108521
4995 2.021503686904907 0.1619469821453094 -0.7126263976097107
4996 2.037856101989746 0.1613291501998901 -0.7122471928596497
4997 2.052594900131226 0.1607180386781693 -0.7118741273880005
4998 2.06568431854248 0.1598831862211227 -0.7113675475120544
4999 2.077092885971069 0.1591347754001617 -0.7109164595603943
5000 2.086793184280396 0.1587265133857727 -0.710671603679657
5001 2.094762086868286 0.1584631055593491 -0.7105140686035156
5002 2.100979804992676 0.1582735329866409 -0.7104009389877319
5003 2.105432033538818 0.1579815298318863 -0.7102270126342773
5004 2.108107566833496 0.1577222943305969 -0.7100729942321777
5005 2.109000205993652 0.1576358526945114 -0.7100216746330261
5006 0.6269999742507935 0.231009230017662 -0.7705637812614441
5007 0.6278925538063049 0.2310516834259033 -0.770611584186554
5008 0.6305680871009827 0.2311789840459824 -0.7707549929618835
5009 0.6350201964378357 0.2313909083604813 -0.7709941864013672
5010 0.6412380933761597 0.2316406816244125 -0.7712767720222473
5011 0.649206817150116 0.2319709658622742 -0.7716514468193054
5012 0.6589071750640869 0.2323731780052185 -0.77210932970047
5013 0.6703158020973206 0.2326468974351883 -0.7724220752716064
5014 0.6834052205085754 0.2329133599996567 -0.7727272510528564
5015 0.6981438994407654 0.2327191233634949 -0.7725046873092651
5016 0.7144963145256042 0.232510969042778 -0.772266685962677
5017 0.7324230670928955 0.2321725636720657 -0.7718807458877563
5018 0.7518810033798218 0.2316132932901382 -0.7712457180023193
5019 0.7728232145309448 0.2308363169431686 -0.770369291305542
5020 0.7951992154121399 0.2295742034912109 -0.7689598202705383
5021 0.8189551830291748 0.2284441888332367 -0.7677124738693237
5022 0.8440338373184204 0.2274322211742401 -0.766606867313385
5023 0.8703747987747192 0.2260063588619232 -0.7650672197341919
5024 0.8979145288467407 0.2248167544603348 -0.7637985944747925
5025 0.9265867471694946 0.2238596975803375 -0.7627882361412048
5026 0.9563224315643311 0.2221097201108932 -0.7609641551971436
5027 0.9870498180389404 0.2209468334913254 -0.7597683668136597
5028 1.018694996833801 0.2193233668804169 -0.7581203579902649
5029 1.051181674003601 0.2176167666912079 -0.7564142346382141
5030 1.084431529045105 0.2163704335689545 -0.7551849484443665
5031 1.118364572525024 0.2148752957582474 -0.753728449344635
5032 1.152899026870728 0.2133490592241287 -0.752261757850647
5033 1.187951683998108 0.2117254436016083 -0.7507233023643494
5034 1.223438024520874 0.2099015116691589 -0.7490214109420776
5035 1.259272694587708 0.2082998901605606 -0.7475494146347046
5036 1.295369267463684 0.2063817530870438 -0.7458136081695557
5037 1.331640839576721 0.2050659656524658 -0.7446396350860596
5038 1.368000030517578 0.2031516283750534 -0.7429554462432861
5039 1.404359102249146 0.2017166912555695 -0.7417112588882446
5040 1.440630674362183 0.1995611786842346 -0.7398709654808044
5041 1.476727247238159 0.1980925649404526 -0.7386365532875061
5042 1.512561917304993 0.19642373919487 -0.7372525334358215
5043 1.548048257827759 0.1948825418949127 -0.7359918355941772
5044 1.583100914955139 0.1934259384870529 -0.7348154187202454
5045 1.617635369300842 0.191524550318718 -0.7333015203475952
5046 1.651568412780762 0.1901518702507019 -0.7322236299514771
5047 1.684818267822266 0.1881261765956879 -0.7306557297706604
5048 1.717304944992065 0.1869120448827744 -0.7297287583351135
5049 1.748950123786926 0.1853845864534378 -0.7285759449005127
5050 1.779677510261536 0.184099018573761 -0.7276171445846558
5051 1.809413194656372 0.1827992349863052 -0.7266582846641541
5052 1.838085412979126 0.1810572445392609 -0.7253894805908203
5053 1.865625143051147 0.1799000948667526 -0.7245568633079529
5054 1.891966104507446 0.1788943558931351 -0.7238397002220154
5055 1.917044758796692 0.177562490105629 -0.7228993773460388
5056 1.940800786018372 0.1765717715024948 -0.7222066521644592
5057 1.963176846504211 0.1757601797580719 -0.7216435074806213
5058 1.984119057655334 0.1748111248016357 -0.7209898233413696
5059 2.003576993942261 0.1735310703516006 -0.7201163172721863
5060 2.021503686904907 0.1728740185499191 -0.7196716070175171
5061 2.037856101989746 0.1722503155469894 -0.7192517518997192
5062 2.052594900131226 0.1716335862874985 -0.7188387513160706
5063 2.06568431854248 0.1707864999771118 -0.7182749509811401
5064 2.077092885971069 0.1700255125761032 -0.7177718877792358
5065 2.086793184280396 0.1696122884750366 -0.7175000905990601
5066 2.094762086868286 0.1693457514047623 -0.7173252701759338
5067 2.100979804992676 0.1691533923149109 -0.7171993255615234
5068 2.105432033538818 0.1688553243875504 -0.7170045971870422
5069 2.108107566833496 0.1685902327299118 -0.7168318629264832
5070 2.109000205993652 0.1685018390417099 -0.7167743444442749
5071 0.6269999742507935 0.2407780140638351 -0.7821169495582581
5072 0.6278925538063049 0.2408206611871719 -0.7821699976921082
5073 0.6305680871009827 0.2409485578536987 -0.7823291420936584
5074 0.6350201964378357 0.241161435842514 -0.7825945615768433
5075 0.6412380933761597 0.2414124757051468 -0.7829083800315857
5076 0.649206817150116 0.2417418360710144 -0.7833213210105896
5077 0.6589071750640869 0.2421427667140961 -0.7838259339332581
5078 0.6703158020973206 0.2424180805683136 -0.7841736674308777
5079 0.6834052205085754 0.2426871061325073 -0.7845144867897034
5080 0.6981438994407654 0.2425003945827484 -0.7842778563499451
5081 0.7144963145256042 0.2422974556684494 -0.7840211987495422
5082 0.7324230670928955 0.2419727444648743 -0.7836116552352905
5083 0.7518810033798218 0.2414320409297943 -0.7829328179359436
5084 0.7728232145309448 0.2406780421733856 -0.7819927334785461
5085 0.7951992154121399 0.2394467443227768 -0.780473530292511
5086 0.8189551830291748 0.2383465468883514 -0.7791325449943542
5087 0.8440338373184204 0.2373645454645157 -0.7779484391212463
5088 0.8703747987747192 0.2359708845615387 -0.7762883305549622
5089 0.8979145288467407 0.2348060607910156 -0.7749187350273132
5090 0.9265867471694946 0.233866423368454 -0.7738255858421326
5091 0.9563224315643311 0.2321482598781586 -0.7718530893325806
5092 0.9870498180389404 0.2310123890638351 -0.7705673575401306
5093 1.018694996833801 0.2294205576181412 -0.7687894105911255
5094 1.051181674003601 0.2277469485998154 -0.7669495940208435
5095 1.084431529045105 0.2265269756317139 -0.7656269669532776
5096 1.118364572525024 0.2250462025403976 -0.7640421986579895
5097 1.152899026870728 0.2235439270734787 -0.7624568939208984
5098 1.187951683998108 0.2219453305006027 -0.7607943415641785
5099 1.223438024520874 0.2201482057571411 -0.7589545845985413
5100 1.259272694587708 0.2185727655887604 -0.7573666572570801
5101 1.295369267463684 0.2166759520769119 -0.7554849982261658
5102 1.331640839576721 0.2153723537921906 -0.7542104721069336
5103 1.368000030517578 0.2134710252285004 -0.7523782253265381
5104 1.404359102249146 0.2120538204908371 -0.7510327100753784
5105 1.440630674362183 0.2099142223596573 -0.7490331530570984
5106 1.476727247238159 0.2084649801254272 -0.7477002143859863
5107 1.512561917304993 0.2068101465702057 -0.7461987733840942
5108 1.548048257827759 0.2052687406539917 -0.744819700717926
5109 1.583100914955139 0.2038225382566452 -0.743542492389679
5110 1.617635369300842 0.2019290179014206 -0.7418943643569946
5111 1.651568412780762 0.2005692571401596 -0.7407273650169373
5112 1.684818267822266 0.1985500007867813 -0.7390193939208984
5113 1.717304944992065 0.1973436176776886 -0.738012969493866
5114 1.748950123786926 0.1958088427782059 -0.7367475628852844
5115 1.779677510261536 0.1945275217294693 -0.7357037663459778
5116 1.809413194656372 0.193231925368309 -0.7346597909927368
5117 1.838085412979126 0.1914891451597214 -0.7332735657691956
5118 1.865625143051147 0.1903391033411026 -0.7323699593544006
5119 1.891966104507446 0.1893382519483566 -0.7315906882286072
5120 1.917044758796692 0.1880041360855103 -0.730562150478363
5121 1.940800786018372 0.1870029419660568 -0.7297978401184082
5122 1.963176846504211 0.1861926019191742 -0.7291839122772217
5123 1.984119057655334 0.1852428466081619 -0.7284697294235229
5124 2.003576993942261 0.1839568614959717 -0.7275117635726929
5125 2.021503686904907 0.1833017617464066 -0.7270277738571167
5126 2.037856101989746 0.1826798766851425 -0.726570725440979
5127 2.052594900131226 0.1820651292800903 -0.7261213064193726
5128 2.06568431854248 0.1812156289815903 -0.7255040407180786
5129 2.077092885971069 0.1804506629705429 -0.7249519824981689
5130 2.086793184280396 0.1800374537706375 -0.7246552705764771
5131 2.094762086868286 0.1797710210084915 -0.724464476108551
5132 2.100979804992676 0.1795781254768372 -0.7243266105651855
5133 2.105432033538818 0.1792771965265274 -0.7241119742393494
5134 2.108107566833496 0.1790090352296829 -0.7239211797714233
5135 2.109000205993652 0.1789196133613586 -0.7238576412200928
5136 0.6269999742507935 0.2494242191314697 -0.7933863997459412
5137 0.6278925538063049 0.2494667321443558 -0.7934445142745972
5138 0.6305680871009827 0.2495941966772079 -0.7936190366744995
5139 0.6350201964378357 0.2498063296079636 -0.793910026550293
5140 0.6412380933761597 0.2500566244125366 -0.7942542433738708
5141 0.649206817150116 0.250382274389267 -0.7947036623954773
5142 0.6589071750640869 0.2507784962654114 -0.7952527403831482
5143 0.6703158020973206 0.2510531842708588 -0.795634925365448
5144 0.6834052205085754 0.2513226866722107 -0.7960110306739807
5145 0.6981438994407654 0.2511454820632935 -0.7957635521888733
5146 0.7144963145256042 0.2509497702121735 -0.7954908609390259
5147 0.7324230670928955 0.250642329454422 -0.7950637340545654
5148 0.7518810033798218 0.2501258850097656 -0.7943496704101562
5149 0.7728232145309448 0.2494026571512222 -0.7933568954467773
5150 0.7951992154121399 0.2482146173715591 -0.7917438149452209
5151 0.8189551830291748 0.2471555471420288 -0.7903240919113159
5152 0.8440338373184204 0.2462139874696732 -0.789076030254364
5153 0.8703747987747192 0.2448667883872986 -0.7873128056526184
5154 0.8979145288467407 0.2437386363744736 -0.7858561873435974
5155 0.9265867471694946 0.242825910449028 -0.7846907377243042
5156 0.9563224315643311 0.2411570698022842 -0.7825891375541687
5157 0.9870498180389404 0.2400603592395782 -0.7812281847000122
5158 1.018694996833801 0.2385168671607971 -0.7793391346931458
5159 1.051181674003601 0.2368940263986588 -0.7773852944374084
5160 1.084431529045105 0.2357137054204941 -0.775984525680542
5161 1.118364572525024 0.234262079000473 -0.7742846012115479
5162 1.152899026870728 0.2327997088432312 -0.7725969552993774
5163 1.187951683998108 0.2312432527542114 -0.7708274722099304
5164 1.223438024520874 0.2294922769069672 -0.7688689231872559
5165 1.259272694587708 0.2279604077339172 -0.7671825885772705
5166 1.295369267463684 0.2261051386594772 -0.7651732563972473
5167 1.331640839576721 0.2248275130987167 -0.7638099789619446
5168 1.368000030517578 0.2229590266942978 -0.7618457078933716
5169 1.404359102249146 0.2215752750635147 -0.7604129910469055
5170 1.440630674362183 0.2194744646549225 -0.7582727074623108
5171 1.476727247238159 0.2180611789226532 -0.7568559646606445
5172 1.512561917304993 0.2164385467767715 -0.7552517652511597
5173 1.548048257827759 0.214912623167038 -0.7537645697593689
5174 1.583100914955139 0.2134927958250046 -0.7523990273475647
5175 1.617635369300842 0.2116276174783707 -0.7506313323974609
5176 1.651568412780762 0.2102964371442795 -0.7493875622749329
5177 1.684818267822266 0.2083055973052979 -0.7475546002388
5178 1.717304944992065 0.2071206569671631 -0.746478796005249
5179 1.748950123786926 0.2055941224098206 -0.7451092600822449
5180 1.779677510261536 0.2043313086032867 -0.7439900040626526
5181 1.809413194656372 0.2030543982982635 -0.7428706288337708
5182 1.838085412979126 0.2013297230005264 -0.7413783669471741
5183 1.865625143051147 0.200200229883194 -0.7404130101203918
5184 1.891966104507446 0.1992159187793732 -0.7395793795585632
5185 1.917044758796692 0.1978940516710281 -0.7384708523750305
5186 1.940800786018372 0.1968922317028046 -0.7376390695571899
5187 1.963176846504211 0.1960923373699188 -0.7369800806045532
5188 1.984119057655334 0.1951524317264557 -0.7362114191055298
5189 2.003576993942261 0.1938742697238922 -0.7351759672164917
5190 2.021503686904907 0.1932287514209747 -0.7346572875976562
5191 2.037856101989746 0.1926159709692001 -0.7341675162315369
5192 2.052594900131226 0.1920104622840881 -0.733686089515686
5193 2.06568431854248 0.1911679357290268 -0.7330203056335449
5194 2.077092885971069 0.1904072314500809 -0.7324232459068298
5195 2.086793184280396 0.1899987608194351 -0.7321042418479919
5196 2.094762086868286 0.1897355020046234 -0.7318992018699646
5197 2.100979804992676 0.1895442306995392 -0.73175048828125
5198 2.105432033538818 0.1892435252666473 -0.7315172553062439
5199 2.108107566833496 0.1889749765396118 -0.7313094735145569
5200 2.109000205993652 0.1888854205608368 -0.7312402725219727
5201 0.6269999742507935 0.2570256888866425 -0.8042629361152649
5202 0.6278925538063049 0.2570677697658539 -0.8043259978294373
5203 0.6305680871009827 0.257193922996521 -0.8045153021812439
5204 0.6350201964378357 0.2574038505554199 -0.8048309087753296
5205 0.6412380933761597 0.257651686668396 -0.8052046298980713
5206 0.649206817150116 0.2579712569713593 -0.8056882619857788
5207 0.6589071750640869 0.2583599388599396 -0.806279182434082
5208 0.6703158020973206 0.2586321532726288 -0.8066947460174561
5209 0.6834052205085754 0.2589003145694733 -0.8071056008338928
5210 0.6981438994407654 0.2587341964244843 -0.8068509101867676
5211 0.7144963145256042 0.258547306060791 -0.8065651059150696
5212 0.7324230670928955 0.2582598924636841 -0.8061267733573914
5213 0.7518810033798218 0.2577721774578094 -0.8053867220878601
5214 0.7728232145309448 0.2570859491825104 -0.8043532371520996
5215 0.7951992154121399 0.2559511363506317 -0.8026636838912964
5216 0.8189551830291748 0.254942387342453 -0.8011817336082458
5217 0.8440338373184204 0.254049688577652 -0.7998854517936707
5218 0.8703747987747192 0.2527606785297394 -0.7980383038520813
5219 0.8979145288467407 0.251679003238678 -0.7965101599693298
5220 0.9265867471694946 0.2508010864257812 -0.7952840924263
5221 0.9563224315643311 0.2491961419582367 -0.793074905872345
5222 0.9870498180389404 0.2481487095355988 -0.7916549444198608
5223 1.018694996833801 0.2466675788164139 -0.7896756529808044
5224 1.051181674003601 0.2451104819774628 -0.7876297831535339
5225 1.084431529045105 0.2439810633659363 -0.7861676812171936
5226 1.118364572525024 0.2425713092088699 -0.7843676805496216
5227 1.152899026870728 0.2411625236272812 -0.7825959324836731
5228 1.187951683998108 0.2396629303693771 -0.780738890171051
5229 1.223438024520874 0.2379748225212097 -0.7786828875541687
5230 1.259272694587708 0.2365015894174576 -0.7769176959991455
5231 1.295369267463684 0.2347055673599243 -0.7748013138771057
5232 1.331640839576721 0.2334660589694977 -0.773362934589386
5233 1.368000030517578 0.2316479831933975 -0.7712849974632263
5234 1.404359102249146 0.2303115576505661 -0.7697811722755432
5235 1.440630674362183 0.2282699048519135 -0.7675213217735291
5236 1.476727247238159 0.2269072532653809 -0.7660375833511353
5237 1.512561917304993 0.2253331393003464 -0.7643475532531738
5238 1.548048257827759 0.2238369286060333 -0.7627643346786499
5239 1.583100914955139 0.2224578857421875 -0.7613247036933899
5240 1.617635369300842 0.2206396162509918 -0.759454607963562
5241 1.651568412780762 0.2193511128425598 -0.7581483125686646
5242 1.684818267822266 0.2174087464809418 -0.7562081217765808
5243 1.717304944992065 0.2162577211856842 -0.7550744414329529
5244 1.748950123786926 0.2147538214921951 -0.7536109685897827
5245 1.779677510261536 0.2135225981473923 -0.7524275183677673
5246 1.809413194656372 0.2122776955366135 -0.7512441277503967
5247 1.838085412979126 0.2105885744094849 -0.7496592998504639
5248 1.865625143051147 0.2094920128583908 -0.7486431002616882
5249 1.891966104507446 0.2085349410772324 -0.7477641701698303
5250 1.917044758796692 0.2072388082742691 -0.7465856075286865
5251 1.940800786018372 0.206245630979538 -0.7456915378570557
5252 1.963176846504211 0.2054647654294968 -0.744994044303894
5253 1.984119057655334 0.2045445293188095 -0.7441781163215637
5254 2.003576993942261 0.2032870650291443 -0.7430737018585205
5255 2.021503686904907 0.2026582658290863 -0.7425259351730347
5256 2.037856101989746 0.2020613700151443 -0.7420086860656738
5257 2.052594900131226 0.2014718502759933 -0.7415004968643188
5258 2.06568431854248 0.2006450742483139 -0.7407920956611633
5259 2.077092885971069 0.1998964250087738 -0.7401549220085144
5260 2.086793184280396 0.1994971334934235 -0.7398168444633484
5261 2.094762086868286 0.1992399245500565 -0.7395996451377869
5262 2.100979804992676 0.1990522891283035 -0.739441454410553
5263 2.105432033538818 0.1987547427415848 -0.7391912341117859
5264 2.108107566833496 0.1984883844852448 -0.7389677166938782
5265 2.109000205993652 0.198399543762207 -0.7388932704925537
5266 0.6269999742507935 0.2636673450469971 -0.8146581053733826
5267 0.6278925538063049 0.263708770275116 -0.814725935459137
5268 0.6305680871009827 0.2638328969478607 -0.8149293065071106
5269 0.6350201964378357 0.2640393972396851 -0.8152684569358826
5270 0.6412380933761597 0.2642833590507507 -0.8156704306602478
5271 0.649206817150116 0.2645949721336365 -0.8161858916282654
5272 0.6589071750640869 0.2649738192558289 -0.8168155550956726
5273 0.6703158020973206 0.265241950750351 -0.8172633647918701
5274 0.6834052205085754 0.2655072510242462 -0.8177080154418945
5275 0.6981438994407654 0.2653533816337585 -0.8174498677253723
5276 0.7144963145256042 0.2651765644550323 -0.8171539306640625
5277 0.7324230670928955 0.2649111449718475 -0.8167111873626709
5278 0.7518810033798218 0.2644554972648621 -0.815954864025116
5279 0.7728232145309448 0.263810932636261 -0.8148933053016663
5280 0.7951992154121399 0.2627370953559875 -0.8131458163261414
5281 0.8189551830291748 0.2617857158184052 -0.811618983745575
5282 0.8440338373184204 0.2609483301639557 -0.8102912902832031
5283 0.8703747987747192 0.2597266435623169 -0.8083806037902832
5284 0.8979145288467407 0.2586992383003235 -0.8067973852157593
5285 0.9265867471694946 0.2578624188899994 -0.8055233359336853
5286 0.9563224315643311 0.2563331425189972 -0.8032297492027283
5287 0.9870498180389404 0.2553430199623108 -0.8017680644989014
5288 1.018694996833801 0.2539356350898743 -0.7997208833694458
5289 1.051181674003601 0.2524564862251282 -0.7976065874099731
5290 1.084431529045105 0.2513871192932129 -0.7961010932922363
5291 1.118364572525024 0.2500299215316772 -0.7942174673080444
5292 1.152899026870728 0.2486860901117325 -0.7923813462257385
5293 1.187951683998108 0.2472556531429291 -0.790457546710968
5294 1.223438024520874 0.2456444501876831 -0.7883273959159851
5295 1.259272694587708 0.2442425191402435 -0.7865045666694641
5296 1.295369267463684 0.2425208538770676 -0.7843037843704224
5297 1.331640839576721 0.2413298785686493 -0.7828050255775452
5298 1.368000030517578 0.2395773977041245 -0.780633807182312
5299 1.404359102249146 0.2383002191781998 -0.7790763974189758
5300 1.440630674362183 0.2363354861736298 -0.7767203450202942
5301 1.476727247238159 0.235036164522171 -0.7751880288124084
5302 1.512561917304993 0.233524814248085 -0.7734307050704956
5303 1.548048257827759 0.2320709824562073 -0.7717651128768921
5304 1.583100914955139 0.230745404958725 -0.7702671885490417
5305 1.617635369300842 0.2289904952049255 -0.7683137655258179
5306 1.651568412780762 0.2277571558952332 -0.7669606804847717
5307 1.684818267822266 0.2258811742067337 -0.7649330496788025
5308 1.717304944992065 0.2247751653194427 -0.7637544870376587
5309 1.748950123786926 0.2233069539070129 -0.762208878993988
5310 1.779677510261536 0.222119078040123 -0.7609738111495972
5311 1.809413194656372 0.2209181934595108 -0.759739100933075
5312 1.838085412979126 0.2192804664373398 -0.7580771446228027
5313 1.865625143051147 0.2182279527187347 -0.7570222020149231
5314 1.891966104507446 0.2173078060150146 -0.7561082243919373
5315 1.917044758796692 0.2160497307777405 -0.7548708319664001
5316 1.940800786018372 0.2150738090276718 -0.7539206743240356
5317 1.963176846504211 0.214319720864296 -0.7531922459602356
5318 1.984119057655334 0.2134281992912292 -0.7523372769355774
5319 2.003576993942261 0.2122032940387726 -0.7511737942695618
5320 2.021503686904907 0.2115976959466934 -0.7506032586097717
5321 2.037856101989746 0.2110228687524796 -0.750064492225647
5322 2.052594900131226 0.2104554921388626 -0.7495354413986206
5323 2.06568431854248 0.2096526026725769 -0.7487912774085999
5324 2.077092885971069 0.2089231759309769 -0.7481197714805603
5325 2.086793184280396 0.2085371613502502 -0.7477661967277527
5326 2.094762086868286 0.2082886397838593 -0.7475391626358032
5327 2.100979804992676 0.2081065028905869 -0.747373104095459
5328 2.105432033538818 0.2078148722648621 -0.7471077442169189
5329 2.108107566833496 0.2075530886650085 -0.7468701004981995
5330 2.109000205993652 0.2074657827615738 -0.7467910051345825
5331 0.6269999742507935 0.2694379091262817 -0.8245043158531189
5332 0.6278925538063049 0.2694784700870514 -0.8245765566825867
5333 0.6305680871009827 0.2696000039577484 -0.8247933387756348
5334 0.6350201964378357 0.2698021233081818 -0.8251547813415527
5335 0.6412380933761597 0.2700411081314087 -0.8255835771560669
5336 0.649206817150116 0.2703433334827423 -0.8261281251907349
5337 0.6589071750640869 0.2707105278968811 -0.8267933130264282
5338 0.6703158020973206 0.2709733843803406 -0.8272718787193298
5339 0.6834052205085754 0.2712345719337463 -0.8277494311332703
5340 0.6981438994407654 0.2710936963558197 -0.8274915814399719
5341 0.7144963145256042 0.270927757024765 -0.8271886706352234
5342 0.7324230670928955 0.2706857025623322 -0.826748251914978
5343 0.7518810033798218 0.2702644169330597 -0.8259857296943665
5344 0.7728232145309448 0.2696647644042969 -0.8249090313911438
5345 0.7951992154121399 0.2686574161052704 -0.8231226801872253
5346 0.8189551830291748 0.2677684724330902 -0.8215689063072205
5347 0.8440338373184204 0.2669910192489624 -0.8202269673347473
5348 0.8703747987747192 0.2658434808254242 -0.8182740807533264
5349 0.8979145288467407 0.2648761570453644 -0.8166528940200806
5350 0.9265867471694946 0.2640852332115173 -0.8153439164161682
5351 0.9563224315643311 0.2626405954360962 -0.8129900097846985
5352 0.9870498180389404 0.261713981628418 -0.811504602432251
5353 1.018694996833801 0.260389119386673 -0.8094128966331482
5354 1.051181674003601 0.2589974701404572 -0.8072547912597656
5355 1.084431529045105 0.2579952478408813 -0.8057246804237366
5356 1.118364572525024 0.2566992938518524 -0.803774893283844
5357 1.152899026870728 0.2554295063018799 -0.8018950223922729
5358 1.187951683998108 0.2540781497955322 -0.7999265789985657
5359 1.223438024520874 0.252555251121521 -0.7977465987205505
5360 1.259272694587708 0.2512349486351013 -0.7958884239196777
5361 1.295369267463684 0.2496001124382019 -0.793627142906189
5362 1.331640839576721 0.2484663724899292 -0.7920837998390198
5363 1.368000030517578 0.2467923015356064 -0.7898410558700562
5364 1.404359102249146 0.2455843389034271 -0.7882486581802368
5365 1.440630674362183 0.243711531162262 -0.7858214378356934
5366 1.476727247238159 0.2424862235784531 -0.7842599153518677
5367 1.512561917304993 0.2410497665405273 -0.7824552655220032
5368 1.548048257827759 0.2396493554115295 -0.7807221412658691
5369 1.583100914955139 0.2383881211280823 -0.7791829109191895
5370 1.617635369300842 0.2367108464241028 -0.7771668434143066
5371 1.651568412780762 0.2355433702468872 -0.7757837772369385
5372 1.684818267822266 0.2337494343519211 -0.7736901640892029
5373 1.717304944992065 0.2326980978250504 -0.7724806070327759
5374 1.748950123786926 0.2312772572040558 -0.7708658576011658
5375 1.779677510261536 0.2301430702209473 -0.7695929408073425
5376 1.809413194656372 0.2289967387914658 -0.7683206796646118
5377 1.838085412979126 0.2274244725704193 -0.7665984630584717
5378 1.865625143051147 0.2264257967472076 -0.7655180096626282
5379 1.891966104507446 0.2255510836839676 -0.7645800113677979
5380 1.917044758796692 0.2243420779705048 -0.763296365737915
5381 1.940800786018372 0.2233913093805313 -0.7622970938682556
5382 1.963176846504211 0.2226709574460983 -0.7615458965301514
5383 1.984119057655334 0.2218161821365356 -0.7606610655784607
5384 2.003576993942261 0.2206345945596695 -0.7594494819641113
5385 2.021503686904907 0.2200579792261124 -0.7588630318641663
5386 2.037856101989746 0.2195107489824295 -0.7583093047142029
5387 2.052594900131226 0.2189709842205048 -0.7577658891677856
5388 2.06568431854248 0.2181993275880814 -0.7569936513900757
5389 2.077092885971069 0.2174956649541855 -0.7562941908836365
5390 2.086793184280396 0.2171265780925751 -0.7559291124343872
5391 2.094762086868286 0.2168891429901123 -0.7556948661804199
5392 2.100979804992676 0.2167141884565353 -0.755522608757019
5393 2.105432033538818 0.2164309769868851 -0.7552443146705627
5394 2.108107566833496 0.2161760032176971 -0.7549943923950195
5395 2.109000205993652 0.2160909473896027 -0.7549111843109131
5396 0.6269999742507935 0.2744270265102386 -0.833754301071167
5397 0.6278925538063049 0.2744666039943695 -0.8338307738304138
5398 0.6305680871009827 0.2745851278305054 -0.8340601325035095
5399 0.6350201964378357 0.2747821509838104 -0.8344424962997437
5400 0.6412380933761597 0.275015264749527 -0.8348965644836426
5401 0.649206817150116 0.2753070294857025 -0.8354674577713013
5402 0.6589071750640869 0.2756613194942474 -0.8361647129058838
5403 0.6703158020973206 0.2759179174900055 -0.8366724848747253
5404 0.6834052205085754 0.2761740684509277 -0.8371816277503967
5405 0.6981438994407654 0.2760465741157532 -0.8369278907775879
5406 0.7144963145256042 0.2758920788764954 -0.8366212248802185
5407 0.7324230670928955 0.2756741046905518 -0.8361899256706238
5408 0.7518810033798218 0.275288462638855 -0.8354310989379883
5409 0.7728232145309448 0.2747357785701752 -0.8343523740768433
5410 0.7951992154121399 0.2737984955310822 -0.8325465321540833
5411 0.8189551830291748 0.2729752361774445 -0.8309839367866516
5412 0.8440338373184204 0.2722607254981995 -0.829645037651062
5413 0.8703747987747192 0.2711919248104095 -0.8276712894439697
5414 0.8979145288467407 0.2702887654304504 -0.8260296583175659
5415 0.9265867471694946 0.269547164440155 -0.8246990442276001
5416 0.9563224315643311 0.2681936621665955 -0.8223095536231995
5417 0.9870498180389404 0.2673348784446716 -0.8208186030387878
5418 1.018694996833801 0.2660989761352539 -0.8187060952186584
5419 1.051181674003601 0.2648018300533295 -0.8165292739868164
5420 1.084431529045105 0.2638720870018005 -0.8149936199188232
5421 1.118364572525024 0.2626440823078156 -0.8129956722259521
5422 1.152899026870728 0.2614552974700928 -0.8110933303833008
5423 1.187951683998108 0.2601906657218933 -0.8091027140617371
5424 1.223438024520874 0.2587649822235107 -0.8068980574607849
5425 1.259272694587708 0.2575342953205109 -0.8050274848937988
5426 1.295369267463684 0.2559962570667267 -0.8027303814888
5427 1.331640839576721 0.2549267709255219 -0.8011589050292969
5428 1.368000030517578 0.2533415853977203 -0.7988672256469727
5429 1.404359102249146 0.2522108554840088 -0.7972590923309326
5430 1.440630674362183 0.2504423558712006 -0.7947867512702942
5431 1.476727247238159 0.2492997050285339 -0.7932162284851074
5432 1.512561917304993 0.2479481846094131 -0.7913850545883179
5433 1.548048257827759 0.2466105669736862 -0.789600133895874
5434 1.583100914955139 0.245422750711441 -0.7880373001098633
5435 1.617635369300842 0.2438351809978485 -0.7859801650047302
5436 1.651568412780762 0.2427424937486649 -0.7845848202705383
5437 1.684818267822266 0.2410438805818558 -0.7824479341506958
5438 1.717304944992065 0.2400553822517395 -0.7812220454216003
5439 1.748950123786926 0.2386921346187592 -0.7795521020889282
5440 1.779677510261536 0.2376204431056976 -0.778255820274353
5441 1.809413194656372 0.2365377247333527 -0.7769606709480286
5442 1.838085412979126 0.2350431531667709 -0.7751961946487427
5443 1.865625143051147 0.2341066598892212 -0.774104118347168
5444 1.891966104507446 0.2332847118377686 -0.7731539607048035
5445 1.917044758796692 0.2321344166994095 -0.7718372941017151
5446 1.940800786018372 0.2312158644199371 -0.7707965970039368
5447 1.963176846504211 0.2305352687835693 -0.7700315117835999
5448 1.984119057655334 0.2297242879867554 -0.7691265344619751
5449 2.003576993942261 0.2285955101251602 -0.7678787112236023
5450 2.021503686904907 0.2280529141426086 -0.7672837376594543
5451 2.037856101989746 0.2275380641222 -0.7667220234870911
5452 2.052594900131226 0.2270307093858719 -0.7661712169647217
5453 2.06568431854248 0.2262967526912689 -0.7653791308403015
5454 2.077092885971069 0.2256246656179428 -0.7646586298942566
5455 2.086793184280396 0.2252757400274277 -0.7642863988876343
5456 2.094762086868286 0.2250514626502991 -0.7640477418899536
5457 2.100979804992676 0.2248851954936981 -0.7638711929321289
5458 2.105432033538818 0.2246126681566238 -0.7635824084281921
5459 2.108107566833496 0.2243665009737015 -0.763322114944458
5460 2.109000205993652 0.2242843955755234 -0.7632354497909546
5461 0.6269999742507935 0.2787229120731354 -0.842380702495575
5462 0.6278925538063049 0.2787613570690155 -0.8424610495567322
5463 0.6305680871009827 0.2788765430450439 -0.8427021503448486
5464 0.6350201964378357 0.2790679931640625 -0.8431039452552795
5465 0.6412380933761597 0.2792946398258209 -0.8435817360877991
5466 0.649206817150116 0.2795751988887787 -0.8441759943962097
5467 0.6589071750640869 0.2799157500267029 -0.8449017405509949
5468 0.6703158020973206 0.280165433883667 -0.8454370498657227
5469 0.6834052205085754 0.2804158329963684 -0.8459765315055847
5470 0.6981438994407654 0.2803018391132355 -0.8457305431365967
5471 0.7144963145256042 0.2801590263843536 -0.8454232811927795
5472 0.7324230670928955 0.2799653112888336 -0.8450077772140503
5473 0.7518810033798218 0.2796159088611603 -0.8442624807357788
5474 0.7728232145309448 0.2791110575199127 -0.8431946039199829
5475 0.7951992154121399 0.2782457172870636 -0.8413883447647095
5476 0.8189551830291748 0.2774899005889893 -0.8398348689079285
5477 0.8440338373184204 0.2768398523330688 -0.8385161161422729
5478 0.8703747987747192 0.2758525311946869 -0.8365428447723389
5479 0.8979145288467407 0.2750160694122314 -0.8348981142044067
5480 0.9265867471694946 0.2743259966373444 -0.8335592746734619
5481 0.9563224315643311 0.2730678617954254 -0.8311586976051331
5482 0.9870498180389404 0.2722796499729156 -0.829680323600769
5483 1.018694996833801 0.271136999130249 -0.8275707960128784
5484 1.051181674003601 0.269939124584198 -0.8254003524780273
5485 1.084431529045105 0.2690854072570801 -0.8238782286643982
5486 1.118364572525024 0.2679303586483002 -0.8218503594398499
5487 1.152899026870728 0.2668275833129883 -0.819946825504303
5488 1.187951683998108 0.2656552195549011 -0.817956805229187
5489 1.223438024520874 0.2643332481384277 -0.8157528042793274
5490 1.259272694587708 0.2631981074810028 -0.8138928413391113
5491 1.295369267463684 0.2617644369602203 -0.8115850687026978
5492 1.331640839576721 0.2607646584510803 -0.8100020289421082
5493 1.368000030517578 0.2592765688896179 -0.8076844811439514
5494 1.404359102249146 0.2582292258739471 -0.8060801029205322
5495 1.440630674362183 0.2565748393535614 -0.8035892844200134
5496 1.476727247238159 0.2555215060710907 -0.8020302653312683
5497 1.512561917304993 0.2542628943920135 -0.800193727016449
5498 1.548048257827759 0.2529958188533783 -0.7983731627464294
5499 1.583100914955139 0.2518887221813202 -0.7968049049377441
5500 1.617635369300842 0.2504006922245026 -0.7947291135787964
5501 1.651568412780762 0.2493899315595627 -0.7933394908905029
5502 1.684818267822266 0.2477976381778717 -0.791182816028595
5503 1.717304944992065 0.2468786090612411 -0.7899556159973145
5504 1.748950123786926 0.2455816566944122 -0.7882451415061951
5505 1.779677510261536 0.2445798218250275 -0.7869405746459961
5506 1.809413194656372 0.2435682266950607 -0.7856377363204956
5507 1.838085412979126 0.2421616315841675 -0.7838497161865234
5508 1.865625143051147 0.2412942051887512 -0.7827604413032532
5509 1.891966104507446 0.2405310422182083 -0.7818103432655334
5510 1.917044758796692 0.2394476681947708 -0.7804746627807617
5511 1.940800786018372 0.2385675758123398 -0.7794007062911987
5512 1.963176846504211 0.2379318028688431 -0.7786309719085693
5513 1.984119057655334 0.2371706366539001 -0.7777160406112671
5514 2.003576993942261 0.2361028790473938 -0.7764445543289185
5515 2.021503686904907 0.2355985045433044 -0.7758486866950989
5516 2.037856101989746 0.2351200580596924 -0.7752863168716431
5517 2.052594900131226 0.2346491068601608 -0.7747354507446289
5518 2.06568431854248 0.2339584231376648 -0.773932158946991
5519 2.077092885971069 0.233322948217392 -0.7731980085372925
5520 2.086793184280396 0.2329969257116318 -0.7728231549263
5521 2.094762086868286 0.2327875941991806 -0.7725831270217896
5522 2.100979804992676 0.2326312810182571 -0.7724041938781738
5523 2.105432033538818 0.2323714643716812 -0.7721074223518372
5524 2.108107566833496 0.2321358919143677 -0.7718389630317688
5525 2.109000205993652 0.2320573180913925 -0.7717495560646057
5526 0.6269999742507935 0.2824103534221649 -0.8503745198249817
5527 0.6278925538063049 0.2824476361274719 -0.8504584431648254
5528 0.6305680871009827 0.2825593054294586 -0.850710391998291
5529 0.6350201964378357 0.2827447950839996 -0.8511301875114441
5530 0.6412380933761597 0.2829645872116089 -0.851629912853241
5531 0.649206817150116 0.2832335829734802 -0.8522446751594543
5532 0.6589071750640869 0.2835598587989807 -0.8529953360557556
5533 0.6703158020973206 0.2838021814823151 -0.8535563945770264
5534 0.6834052205085754 0.2840463221073151 -0.8541247844696045
5535 0.6981438994407654 0.2839457094669342 -0.8538901805877686
5536 0.7144963145256042 0.2838146388530731 -0.8535853624343872
5537 0.7324230670928955 0.28364497423172 -0.8531920313835144
5538 0.7518810033798218 0.2833316326141357 -0.8524697422981262
5539 0.7728232145309448 0.2828746736049652 -0.8514251708984375
5540 0.7951992154121399 0.2820817828178406 -0.8496372103691101
5541 0.8189551830291748 0.2813938558101654 -0.8481102585792542
5542 0.8440338373184204 0.2808085680007935 -0.8468282222747803
5543 0.8703747987747192 0.2799038887023926 -0.8448764085769653
5544 0.8979145288467407 0.2791352570056915 -0.8432455062866211
5545 0.9265867471694946 0.2784978747367859 -0.8419115543365479
5546 0.9563224315643311 0.2773374021053314 -0.8395240306854248
5547 0.9870498180389404 0.2766211628913879 -0.8380759954452515
5548 1.018694996833801 0.2755741477012634 -0.8359927535057068
5549 1.051181674003601 0.2744782865047455 -0.8338533639907837
5550 1.084431529045105 0.2737026214599609 -0.8323634266853333
5551 1.118364572525024 0.2726239860057831 -0.8303237557411194
5552 1.152899026870728 0.2716104686260223 -0.8284401297569275
5553 1.187951683998108 0.2705339789390564 -0.82647305727005
5554 1.223438024520874 0.2693201303482056 -0.8242947459220886
5555 1.259272694587708 0.2682844400405884 -0.8224682211875916
5556 1.295369267463684 0.2669605314731598 -0.8201746940612793
5557 1.331640839576721 0.2660343945026398 -0.8185967206954956
5558 1.368000030517578 0.2646495699882507 -0.8162763714790344
5559 1.404359102249146 0.2636900544166565 -0.8146952986717224
5560 1.440630674362183 0.2621570825576782 -0.8122125864028931
5561 1.476727247238159 0.2611979246139526 -0.8106854557991028
5562 1.512561917304993 0.2600381672382355 -0.8088648915290833
5563 1.548048257827759 0.2588478922843933 -0.8070251941680908
5564 1.583100914955139 0.2578270733356476 -0.805469810962677
5565 1.617635369300842 0.2564462423324585 -0.8033978343009949
5566 1.651568412780762 0.2555227875709534 -0.8020321130752563
5567 1.684818267822266 0.2540454566478729 -0.7998793721199036
5568 1.717304944992065 0.2532010674476624 -0.7986661791801453
5569 1.748950123786926 0.2519776821136475 -0.796930193901062
5570 1.779677510261536 0.2510514855384827 -0.7956324815750122
5571 1.809413194656372 0.2501169741153717 -0.7943374514579773
5572 1.838085412979126 0.2488067448139191 -0.7925450801849365
5573 1.865625143051147 0.2480137646198273 -0.7914732694625854
5574 1.891966104507446 0.2473141998052597 -0.7905356884002686
5575 1.917044758796692 0.2463044673204422 -0.7891953587532043
5576 1.940800786018372 0.2454681992530823 -0.7880966663360596
5577 1.963176846504211 0.2448813319206238 -0.7873317003250122
5578 1.984119057655334 0.2441748827695847 -0.7864173054695129
5579 2.003576993942261 0.2431749999523163 -0.7851351499557495
5580 2.021503686904907 0.2427122443914413 -0.7845463752746582
5581 2.037856101989746 0.2422734349966049 -0.7839908599853516
5582 2.052594900131226 0.241842120885849 -0.783447265625
5583 2.06568431854248 0.2411992996931076 -0.7826418280601501
5584 2.077092885971069 0.2406046837568283 -0.7819017171859741
5585 2.086793184280396 0.2403038144111633 -0.7815289497375488
5586 2.094762086868286 0.2401108592748642 -0.7812904715538025
5587 2.100979804992676 0.2399655878543854 -0.7811112999916077
5588 2.105432033538818 0.2397201806306839 -0.780809223651886
5589 2.108107566833496 0.2394967675209045 -0.7805348634719849
5590 2.109000205993652 0.2394222319126129 -0.7804434895515442
5591 0.6269999742507935 0.2855695188045502 -0.857744038105011
5592 0.6278925538063049 0.2856056094169617 -0.8578312993049622
5593 0.6305680871009827 0.2857136130332947 -0.8580930829048157
5594 0.6350201964378357 0.2858929634094238 -0.8585294485092163
5595 0.6412380933761597 0.2861056923866272 -0.859049379825592
5596 0.649206817150116 0.2863629162311554 -0.8596817255020142
5597 0.6589071750640869 0.2866747677326202 -0.860453724861145
5598 0.6703158020973206 0.286909431219101 -0.8610387444496155
5599 0.6834052205085754 0.287147045135498 -0.8616344928741455
5600 0.6981438994407654 0.2870595157146454 -0.8614146709442139
5601 0.7144963145256042 0.2869400084018707 -0.8611151576042175
5602 0.7324230670928955 0.2867938280105591 -0.860750138759613
5603 0.7518810033798218 0.2865159809589386 -0.860059916973114
5604 0.7728232145309448 0.2861061692237854 -0.8590505719184875
5605 0.7951992154121399 0.2853851020336151 -0.8572988510131836
5606 0.8189551830291748 0.2847644686698914 -0.8558151125907898
5607 0.8440338373184204 0.2842433154582977 -0.8545857071876526
5608 0.8703747987747192 0.2834210395812988 -0.8526753187179565
5609 0.8979145288467407 0.2827202975749969 -0.8510746955871582
5610 0.9265867471694946 0.2821359038352966 -0.8497582674026489
5611 0.9563224315643311 0.2810737490653992 -0.8474071621894836
5612 0.9870498180389404 0.2804297208786011 -0.8460065126419067
5613 1.018694996833801 0.2794791162014008 -0.8439720869064331
5614 1.051181674003601 0.2784863412380219 -0.8418875932693481
5615 1.084431529045105 0.2777895033359528 -0.8404479622840881
5616 1.118364572525024 0.2767893075942993 -0.8384142518043518
5617 1.152899026870728 0.2758667171001434 -0.8365709781646729
5618 1.187951683998108 0.2748881280422211 -0.8346486687660217
5619 1.223438024520874 0.2737848460674286 -0.8325204849243164
5620 1.259272694587708 0.2728507518768311 -0.8307495713233948
5621 1.295369267463684 0.2716400325298309 -0.828494668006897
5622 1.331640839576721 0.2707901000976562 -0.8269379734992981
5623 1.368000030517578 0.2695127725601196 -0.8246377110481262
5624 1.404359102249146 0.2686438858509064 -0.8230988383293152
5625 1.440630674362183 0.2672374248504639 -0.8206506371498108
5626 1.476727247238159 0.2663754820823669 -0.8191753625869751
5627 1.512561917304993 0.2653186917304993 -0.8173917531967163
5628 1.548048257827759 0.2642099261283875 -0.8155493140220642
5629 1.583100914955139 0.2632793188095093 -0.8140249252319336
5630 1.617635369300842 0.26201131939888 -0.8119792342185974
5631 1.651568412780762 0.2611788809299469 -0.8106553554534912
5632 1.684818267822266 0.2598229348659515 -0.8085301518440247
5633 1.717304944992065 0.2590568661689758 -0.8073461055755615
5634 1.748950123786926 0.2579128444194794 -0.8055997490882874
5635 1.779677510261536 0.2570666074752808 -0.8043242692947388
5636 1.809413194656372 0.2562136352062225 -0.8030523657798767
5637 1.838085412979126 0.2550062239170074 -0.8012749552726746
5638 1.865625143051147 0.2542915642261505 -0.8002352714538574
5639 1.891966104507446 0.2536590993404388 -0.7993227243423462
5640 1.917044758796692 0.2527282536029816 -0.7979922294616699
5641 1.940800786018372 0.2519403398036957 -0.7968775629997253
5642 1.963176846504211 0.2514055073261261 -0.7961268424987793
5643 1.984119057655334 0.2507575750350952 -0.7952236533164978
5644 2.003576993942261 0.2498310506343842 -0.7939439415931702
5645 2.021503686904907 0.2494124323129654 -0.793370246887207
5646 2.037856101989746 0.2490157037973404 -0.7928290963172913
5647 2.052594900131226 0.2486263960599899 -0.7923004627227783
5648 2.06568431854248 0.2480351030826569 -0.7915019989013672
5649 2.077092885971069 0.2474847584962845 -0.7907636165618896
5650 2.086793184280396 0.247210755944252 -0.7903977036476135
5651 2.094762086868286 0.2470352947711945 -0.7901639938354492
5652 2.100979804992676 0.2469018995761871 -0.7899866104125977
5653 2.105432033538818 0.2466723471879959 -0.7896819710731506
5654 2.108107566833496 0.2464624047279358 -0.789404034614563
5655 2.109000205993652 0.2463923543691635 -0.7893114686012268
5656 0.6269999742507935 0.2882749438285828 -0.8645132780075073
5657 0.6278925538063049 0.288309782743454 -0.8646035194396973
5658 0.6305680871009827 0.2884140908718109 -0.8648743629455566
5659 0.6350201964378357 0.2885872423648834 -0.8653256893157959
5660 0.6412380933761597 0.288792759180069 -0.8658640384674072
5661 0.649206817150116 0.2890382409095764 -0.8665111064910889
5662 0.6589071750640869 0.289335697889328 -0.8673009872436523
5663 0.6703158020973206 0.2895626127719879 -0.8679080605506897
5664 0.6834052205085754 0.289793461561203 -0.8685296773910522
5665 0.6981438994407654 0.2897186279296875 -0.8683277368545532
5666 0.7144963145256042 0.2896104156970978 -0.8680363893508911
5667 0.7324230670928955 0.2894869744777679 -0.8677052855491638
5668 0.7518810033798218 0.2892435491085052 -0.8670555949211121
5669 0.7728232145309448 0.2888797223567963 -0.8660927414894104
5670 0.7951992154121399 0.2882289290428162 -0.8643941879272461
5671 0.8189551830291748 0.2876741886138916 -0.8629694581031799
5672 0.8440338373184204 0.2872157692909241 -0.8618075847625732
5673 0.8703747987747192 0.2864746749401093 -0.8599576950073242
5674 0.8979145288467407 0.2858410477638245 -0.8584029674530029
5675 0.9265867471694946 0.2853091657161713 -0.857116162776947
5676 0.9563224315643311 0.2843447327613831 -0.8548237681388855
5677 0.9870498180389404 0.2837721407413483 -0.8534866571426392
5678 1.018694996833801 0.2829174697399139 -0.8515225648880005
5679 1.051181674003601 0.2820273637771606 -0.8495156168937683
5680 1.084431529045105 0.281408965587616 -0.8481435179710388
5681 1.118364572525024 0.280488133430481 -0.8461328148841858
5682 1.152899026870728 0.2796568274497986 -0.8443495035171509
5683 1.187951683998108 0.2787765860557556 -0.8424928784370422
5684 1.223438024520874 0.2777847051620483 -0.8404381275177002
5685 1.259272694587708 0.2769528031349182 -0.8387441039085388
5686 1.295369267463684 0.2758568525314331 -0.8365514278411865
5687 1.331640839576721 0.275084525346756 -0.8350318074226379
5688 1.368000030517578 0.27391716837883 -0.8327736258506775
5689 1.404359102249146 0.2731402516365051 -0.831295371055603
5690 1.440630674362183 0.2718633115291595 -0.8289071321487427
5691 1.476727247238159 0.2711000144481659 -0.8275031447410583
5692 1.512561917304993 0.2701485157012939 -0.8257768154144287
5693 1.548048257827759 0.2691246271133423 -0.8239477276802063
5694 1.583100914955139 0.2682865560054779 -0.8224719762802124
5695 1.617635369300842 0.2671350538730621 -0.8204744458198547
5696 1.651568412780762 0.2663957476615906 -0.8192098736763
5697 1.684818267822266 0.2651654779911041 -0.8171354532241821
5698 1.717304944992065 0.2644799947738647 -0.815995454788208
5699 1.748950123786926 0.2634197771549225 -0.8142537474632263
5700 1.779677510261536 0.2626563310623169 -0.8130154013633728
5701 1.809413194656372 0.2618878483772278 -0.8117819428443909
5702 1.838085412979126 0.2607878744602203 -0.8100385665893555
5703 1.865625143051147 0.2601539492607117 -0.8090454339981079
5704 1.891966104507446 0.2595908343791962 -0.8081701397895813
5705 1.917044758796692 0.2587426900863647 -0.8068639039993286
5706 1.940800786018372 0.258006751537323 -0.805742084980011
5707 1.963176846504211 0.2575260400772095 -0.8050150275230408
5708 1.984119057655334 0.2569393217563629 -0.8041335940361023
5709 2.003576993942261 0.2560903131961823 -0.8028696179389954
5710 2.021503686904907 0.255717545747757 -0.802318811416626
5711 2.037856101989746 0.2553644776344299 -0.8017995357513428
5712 2.052594900131226 0.2550188004970551 -0.8012933135032654
5713 2.06568431854248 0.2544816732406616 -0.8005109429359436
5714 2.077092885971069 0.2539781630039215 -0.7997822165489197
5715 2.086793184280396 0.2537322342395782 -0.7994279265403748
5716 2.094762086868286 0.2535750567913055 -0.7992019653320312
5717 2.100979804992676 0.2534541189670563 -0.7990284562110901
5718 2.105432033538818 0.2532415688037872 -0.7987241148948669
5719 2.108107566833496 0.2530461549758911 -0.798444926738739
5720 2.109000205993652 0.2529809474945068 -0.7983519434928894
5721 0.6269999742507935 0.2905950248241425 -0.8707204461097717
5722 0.6278925538063049 0.2906286120414734 -0.8708134293556213
5723 0.6305680871009827 0.2907292246818542 -0.8710923194885254
5724 0.6350201964378357 0.2908961772918701 -0.8715571165084839
5725 0.6412380933761597 0.2910945117473602 -0.8721121549606323
5726 0.649206817150116 0.2913283705711365 -0.872771143913269
5727 0.6589071750640869 0.2916115820407867 -0.8735754489898682
5728 0.6703158020973206 0.2918307483196259 -0.8742027878761292
5729 0.6834052205085754 0.2920547723770142 -0.8748486042022705
5730 0.6981438994407654 0.2919920980930328 -0.8746674656867981
5731 0.7144963145256042 0.2918947637081146 -0.8743869066238403
5732 0.7324230670928955 0.2917931377887726 -0.8740948438644409
5733 0.7518810033798218 0.291582852602005 -0.8734935522079468
5734 0.7728232145309448 0.2912634015083313 -0.8725876212120056
5735 0.7951992154121399 0.2906808257102966 -0.8709580898284912
5736 0.8189551830291748 0.2901900112628937 -0.8696070909500122
5737 0.8440338373184204 0.2897923290729523 -0.8685266375541687
5738 0.8703747987747192 0.2891303896903992 -0.8667550683021545
5739 0.8979145288467407 0.2885623872280121 -0.8652607798576355
5740 0.9265867471694946 0.288082093000412 -0.8640149831771851
5741 0.9563224315643311 0.2872136533260345 -0.8618022203445435
5742 0.9870498180389404 0.2867109775543213 -0.8605437874794006
5743 1.018694996833801 0.285950630903244 -0.8586701154708862
5744 1.051181674003601 0.2851616144180298 -0.8567620515823364
5745 1.084431529045105 0.2846203446388245 -0.8554736375808716
5746 1.118364572525024 0.2837788164615631 -0.8535022139549255
5747 1.152899026870728 0.2830379903316498 -0.8517972826957703
5748 1.187951683998108 0.2822553813457489 -0.8500261306762695
5749 1.223438024520874 0.2813742160797119 -0.8480669260025024
5750 1.259272694587708 0.2806437015533447 -0.8464698791503906
5751 1.295369267463684 0.2796625792980194 -0.8443617224693298
5752 1.331640839576721 0.2789681553840637 -0.8428942561149597
5753 1.368000030517578 0.2779117524623871 -0.8406991958618164
5754 1.404359102249146 0.2772267460823059 -0.8392990827560425
5755 1.440630674362183 0.2760803997516632 -0.8369951248168945
5756 1.476727247238159 0.2754156589508057 -0.8356807827949524
5757 1.512561917304993 0.2745702266693115 -0.834031343460083
5758 1.548048257827759 0.2736333012580872 -0.8322312831878662
5759 1.583100914955139 0.2728886902332306 -0.8308209180831909
5760 1.617635369300842 0.271855503320694 -0.828892707824707
5761 1.651568412780762 0.2712098956108093 -0.8277041912078857
5762 1.684818267822266 0.2701074779033661 -0.825702965259552
5763 1.717304944992065 0.2695035636425018 -0.8246212601661682
5764 1.748950123786926 0.2685301899909973 -0.8228989839553833
5765 1.779677510261536 0.2678510248661041 -0.8217123746871948
5766 1.809413194656372 0.2671685516834259 -0.8205320239067078
5767 1.838085412979126 0.2661787569522858 -0.818841278553009
5768 1.865625143051147 0.2656265795230865 -0.8179086446762085
5769 1.891966104507446 0.265133798122406 -0.8170825242996216
5770 1.917044758796692 0.2643707096576691 -0.8158146739006042
5771 1.940800786018372 0.2636895477771759 -0.8146944642066956
5772 1.963176846504211 0.2632641792297363 -0.8140003085136414
5773 1.984119057655334 0.262740284204483 -0.813150942325592
5774 2.003576993942261 0.2619715332984924 -0.8119156360626221
5775 2.021503686904907 0.2616454362869263 -0.811395525932312
5776 2.037856101989746 0.2613368630409241 -0.8109054565429688
5777 2.052594900131226 0.2610355615615845 -0.8104288578033447
5778 2.06568431854248 0.260554313659668 -0.8096716403961182
5779 2.077092885971069 0.2600993812084198 -0.8089603185653687
5780 2.086793184280396 0.2598822116851807 -0.8086222410202026
5781 2.094762086868286 0.2597436904907227 -0.8084071278572083
5782 2.100979804992676 0.2596356570720673 -0.8082395792007446
5783 2.105432033538818 0.2594409584999084 -0.807938277721405
5784 2.108107566833496 0.2592608630657196 -0.8076602220535278
5785 2.109000205993652 0.259200781583786 -0.8075675964355469
5786 0.6269999742507935 0.2925919592380524 -0.8764163255691528
5787 0.6278925538063049 0.2926243543624878 -0.8765116930007935
5788 0.6305680871009827 0.2927212715148926 -0.8767977952957153
5789 0.6350201964378357 0.2928820550441742 -0.8772745132446289
5790 0.6412380933761597 0.2930732071399689 -0.877844512462616
5791 0.649206817150116 0.293295681476593 -0.8785126805305481
5792 0.6589071750640869 0.2935649156570435 -0.8793281316757202
5793 0.6703158020973206 0.2937763333320618 -0.8799738883972168
5794 0.6834052205085754 0.2939935028553009 -0.8806422352790833
5795 0.6981438994407654 0.293942391872406 -0.8804845213890076
5796 0.7144963145256042 0.2938555479049683 -0.8802170753479004
5797 0.7324230670928955 0.2937746644020081 -0.8799688220024109
5798 0.7518810033798218 0.293596088886261 -0.8794230818748474
5799 0.7728232145309448 0.2933191657066345 -0.878583550453186
5800 0.7951992154121399 0.2928022742271423 -0.8770376443862915
5801 0.8189551830291748 0.2923729717731476 -0.8757739067077637
5802 0.8440338373184204 0.2920336425304413 -0.874787449836731
5803 0.8703747987747192 0.2914482653141022 -0.8731107115745544
5804 0.8979145288467407 0.2909438908100128 -0.8716903328895569
5805 0.9265867471694946 0.2905137836933136 -0.8704960942268372
5806 0.9563224315643311 0.2897389233112335 -0.8683823943138123
5807 0.9870498180389404 0.2893039882183075 -0.8672165274620056
5808 1.018694996833801 0.2886355519294739 -0.865451991558075
5809 1.051181674003601 0.2879450619220734 -0.8636625409126282
5810 1.084431529045105 0.2874788045883179 -0.8624725937843323
5811 1.118364572525024 0.2867157757282257 -0.8605557680130005
5812 1.152899026870728 0.2860636413097382 -0.8589464426040649
5813 1.187951683998108 0.2853768765926361 -0.8572790026664734
5814 1.223438024520874 0.2846044301986694 -0.8554360270500183
5815 1.259272694587708 0.2839733362197876 -0.853954553604126
5816 1.295369267463684 0.2831056714057922 -0.8519518971443176
5817 1.331640839576721 0.2824885249137878 -0.8505505919456482
5818 1.368000030517578 0.2815426588058472 -0.8484386801719666
5819 1.404359102249146 0.2809483110904694 -0.8471329212188721
5820 1.440630674362183 0.2799319326877594 -0.8449363708496094
5821 1.476727247238159 0.2793642580509186 -0.8437288403511047
5822 1.512561917304993 0.2786241471767426 -0.8421745896339417
5823 1.548048257827759 0.2777751088142395 -0.8404184579849243
5824 1.583100914955139 0.2771235108375549 -0.839089572429657
5825 1.617635369300842 0.2762087285518646 -0.8372506499290466
5826 1.651568412780762 0.2756558954715729 -0.8361539840698242
5827 1.684818267822266 0.2746816873550415 -0.8342474102973938
5828 1.717304944992065 0.2741589248180389 -0.8332375288009644
5829 1.748950123786926 0.2732742428779602 -0.8315489292144775
5830 1.779677510261536 0.2726795077323914 -0.8304278254508972
5831 1.809413194656372 0.2720831334590912 -0.8293147087097168
5832 1.838085412979126 0.2712045907974243 -0.8276944756507874
5833 1.865625143051147 0.2707337439060211 -0.826835572719574
5834 1.891966104507446 0.2703111171722412 -0.8260700106620789
5835 1.917044758796692 0.2696340680122375 -0.8248541951179504
5836 1.940800786018372 0.2690096795558929 -0.8237441778182983
5837 1.963176846504211 0.2686398029327393 -0.8230916857719421
5838 1.984119057655334 0.2681792676448822 -0.8222844004631042
5839 2.003576993942261 0.267492264509201 -0.8210904002189636
5840 2.021503686904907 0.267212837934494 -0.8206083178520203
5841 2.037856101989746 0.2669487595558167 -0.8201544880867004
5842 2.052594900131226 0.2666918039321899 -0.8197146058082581
5843 2.06568431854248 0.2662671506404877 -0.8189912438392639
5844 2.077092885971069 0.2658617198467255 -0.8183048367500305
5845 2.086793184280396 0.2656734585762024 -0.8179875016212463
5846 2.094762086868286 0.265553742647171 -0.8177860975265503
5847 2.100979804992676 0.265458732843399 -0.8176265954971313
5848 2.105432033538818 0.2652823925018311 -0.8173310160636902
5849 2.108107566833496 0.2651182115077972 -0.8170564770698547
5850 2.109000205993652 0.2650634348392487 -0.8169650435447693
5851 0.6269999742507935 0.2943218648433685 -0.8816627264022827
5852 0.6278925538063049 0.2943530082702637 -0.8817602396011353
5853 0.6305680871009827 0.2944462597370148 -0.8820526003837585
5854 0.6350201964378357 0.2946009337902069 -0.8825397491455078
5855 0.6412380933761597 0.2947849035263062 -0.883122980594635
5856 0.649206817150116 0.2949962019920349 -0.8837977647781372
5857 0.6589071750640869 0.2952517569065094 -0.8846212029457092
5858 0.6703158020973206 0.2954554557800293 -0.8852834701538086
5859 0.6834052205085754 0.2956657409667969 -0.8859726786613464
5860 0.6981438994407654 0.2956255972385406 -0.8858407139778137
5861 0.7144963145256042 0.2955487668514252 -0.8855885863304138
5862 0.7324230670928955 0.2954875528812408 -0.8853882551193237
5863 0.7518810033798218 0.2953390777111053 -0.8849044442176819
5864 0.7728232145309448 0.2951027154922485 -0.8841399550437927
5865 0.7951992154121399 0.2946487367153168 -0.8826909065246582
5866 0.8189551830291748 0.2942782640457153 -0.8815265297889709
5867 0.8440338373184204 0.2939945757389069 -0.8806455135345459
5868 0.8703747987747192 0.2934827506542206 -0.8790784478187561
5869 0.8979145288467407 0.2930396795272827 -0.8777443170547485
5870 0.9265867471694946 0.2926580905914307 -0.8766112327575684
5871 0.9563224315643311 0.2919737100601196 -0.8746143579483032
5872 0.9870498180389404 0.2916039526462555 -0.8735536932945251
5873 1.018694996833801 0.29102423787117 -0.8719151616096497
5874 1.051181674003601 0.2904289364814758 -0.8702622652053833
5875 1.084431529045105 0.2900349497795105 -0.8691843152046204
5876 1.118364572525024 0.2893489003181458 -0.8673362731933594
5877 1.152899026870728 0.2887829542160034 -0.8658382296562195
5878 1.187951683998108 0.2881892025470734 -0.8642914295196533
5879 1.223438024520874 0.2875224947929382 -0.8625834584236145
5880 1.259272694587708 0.2869877517223358 -0.8612346649169922
5881 1.295369267463684 0.2862309515476227 -0.8593568205833435
5882 1.331640839576721 0.2856895327568054 -0.8580347299575806
5883 1.368000030517578 0.2848525643348694 -0.8560243844985962
5884 1.404359102249146 0.2843465805053711 -0.8548281192779541
5885 1.440630674362183 0.2834579348564148 -0.8527602553367615
5886 1.476727247238159 0.2829845547676086 -0.8516753911972046
5887 1.512561917304993 0.2823476493358612 -0.8502333760261536
5888 1.548048257827759 0.2815863490104675 -0.8485352993011475
5889 1.583100914955139 0.2810260057449341 -0.8473026752471924
5890 1.617635369300842 0.2802281379699707 -0.8455718755722046
5891 1.651568412780762 0.2797658741474152 -0.8445817232131958
5892 1.684818267822266 0.2789183259010315 -0.8427897095680237
5893 1.717304944992065 0.2784751653671265 -0.8418643474578857
5894 1.748950123786926 0.2776797711849213 -0.8402230143547058
5895 1.779677510261536 0.277168333530426 -0.8391804695129395
5896 1.809413194656372 0.2766568958759308 -0.838147759437561
5897 1.838085412979126 0.2758889198303223 -0.8366149067878723
5898 1.865625143051147 0.275497704744339 -0.8358421921730042
5899 1.891966104507446 0.2751438617706299 -0.8351478576660156
5900 1.917044758796692 0.2745524644851685 -0.8339968919754028
5901 1.940800786018372 0.2739860117435455 -0.8329054713249207
5902 1.963176846504211 0.2736709415912628 -0.832302987575531
5903 1.984119057655334 0.2732733190059662 -0.8315472006797791
5904 2.003576993942261 0.272668182849884 -0.8304066061973572
5905 2.021503686904907 0.2724346816539764 -0.8299695253372192
5906 2.037856101989746 0.2722143232822418 -0.8295586109161377
5907 2.052594900131226 0.2720008790493011 -0.829162061214447
5908 2.06568431854248 0.2716326117515564 -0.8284809589385986
5909 2.077092885971069 0.2712767422199249 -0.8278266787528992
5910 2.086793184280396 0.271117091178894 -0.8275343775749207
5911 2.094762086868286 0.2710159122943878 -0.8273494839668274
5912 2.100979804992676 0.2709338665008545 -0.8271998167037964
5913 2.105432033538818 0.2707761824131012 -0.8269127011299133
5914 2.108107566833496 0.2706282138824463 -0.8266438841819763
5915 2.109000205993652 0.2705788612365723 -0.8265543580055237
5916 0.6269999742507935 0.2958348095417023 -0.8865310549736023
5917 0.6278925538063049 0.2958647608757019 -0.8866303563117981
5918 0.6305680871009827 0.2959543466567993 -0.8869282007217407
5919 0.6350201964378357 0.2961028814315796 -0.8874242901802063
5920 0.6412380933761597 0.2962797284126282 -0.8880190253257751
5921 0.649206817150116 0.2964800298213959 -0.8886979222297668
5922 0.6589071750640869 0.2967221438884735 -0.8895263075828552
5923 0.6703158020973206 0.296918123960495 -0.8902032375335693
5924 0.6834052205085754 0.2971214056015015 -0.8909115791320801
5925 0.6981438994407654 0.2970916330814362 -0.8908074498176575
5926 0.7144963145256042 0.2970243394374847 -0.8905725479125977
5927 0.7324230670928955 0.2969816029071808 -0.8904237151145935
5928 0.7518810033798218 0.2968615889549255 -0.8900074362754822
5929 0.7728232145309448 0.2966636717319489 -0.8893254995346069
5930 0.7951992154121399 0.2962696850299835 -0.8879851102828979
5931 0.8189551830291748 0.2959551811218262 -0.8869310021400452
5932 0.8440338373184204 0.2957242131233215 -0.88616544008255
5933 0.8703747987747192 0.2952826619148254 -0.8847213387489319
5934 0.8979145288467407 0.2948983013629913 -0.883484423160553
5935 0.9265867471694946 0.294563353061676 -0.8824211955070496
5936 0.9563224315643311 0.2939659357070923 -0.880557119846344
5937 0.9870498180389404 0.2936582863330841 -0.8796128034591675
5938 1.018694996833801 0.2931636273860931 -0.8781154751777649
5939 1.051181674003601 0.2926594614982605 -0.8766152858734131
5940 1.084431529045105 0.2923344373703003 -0.875661313533783
5941 1.118364572525024 0.291723370552063 -0.8738949298858643
5942 1.152899026870728 0.2912403047084808 -0.8725223541259766
5943 1.187951683998108 0.290736049413681 -0.871111273765564
5944 1.223438024520874 0.2901710569858551 -0.8695553541183472
5945 1.259272694587708 0.289728581905365 -0.8683545589447021
5946 1.295369267463684 0.2890790402889252 -0.8666190505027771
5947 1.331640839576721 0.288611114025116 -0.865388035774231
5948 1.368000030517578 0.2878802418708801 -0.8634962439537048
5949 1.404359102249146 0.2874592542648315 -0.8624230027198792
5950 1.440630674362183 0.2866947054862976 -0.8605033755302429
5951 1.476727247238159 0.2863116860389709 -0.8595554828643799
5952 1.512561917304993 0.2857745885848999 -0.8582412004470825
5953 1.548048257827759 0.2850998640060425 -0.8566142320632935
5954 1.583100914955139 0.2846278846263885 -0.8554915189743042
5955 1.617635369300842 0.2839439213275909 -0.8538860082626343
5956 1.651568412780762 0.2835686802864075 -0.8530157208442688
5957 1.684818267822266 0.2828445732593536 -0.8513568043708801
5958 1.717304944992065 0.2824782729148865 -0.8505275249481201
5959 1.748950123786926 0.281771719455719 -0.8489462733268738
5960 1.779677510261536 0.281341165304184 -0.8479942083358765
5961 1.809413194656372 0.2809122204780579 -0.847054123878479
5962 1.838085412979126 0.2802525460720062 -0.8456244468688965
5963 1.865625143051147 0.2799379527568817 -0.8449492454528809
5964 1.891966104507446 0.27965047955513 -0.8443359732627869
5965 1.917044758796692 0.2791430652141571 -0.8432620167732239
5966 1.940800786018372 0.2786349654197693 -0.8421971201896667
5967 1.963176846504211 0.278373122215271 -0.8416523933410645
5968 1.984119057655334 0.278036892414093 -0.8409569263458252
5969 2.003576993942261 0.2775125503540039 -0.8398810625076294
5970 2.021503686904907 0.2773233652114868 -0.8394954800605774
5971 2.037856101989746 0.2771452367305756 -0.8391336798667908
5972 2.052594900131226 0.2769737839698792 -0.8387865424156189
5973 2.06568431854248 0.2766607105731964 -0.8381554484367371
5974 2.077092885971069 0.2763537466526031 -0.8375401496887207
5975 2.086793184280396 0.2762218713760376 -0.8372768759727478
5976 2.094762086868286 0.2761386632919312 -0.8371111154556274
5977 2.100979804992676 0.276069313287735 -0.8369731307029724
5978 2.105432033538818 0.275930255651474 -0.8366969227790833
5979 2.108107566833496 0.2757986187934875 -0.8364360928535461
5980 2.109000205993652 0.2757546901702881 -0.8363491892814636
5981 0.6269999742507935 0.297175407409668 -0.8911007642745972
5982 0.6278925538063049 0.2972041070461273 -0.8912015557289124
5983 0.6305680871009827 0.2972899973392487 -0.8915039300918579
5984 0.6350201964378357 0.2974323630332947 -0.89200758934021
5985 0.6412380933761597 0.2976019978523254 -0.8926121592521667
5986 0.649206817150116 0.297791451215744 -0.8932929039001465
5987 0.6589071750640869 0.2980203032493591 -0.894123375415802
5988 0.6703158020973206 0.298208475112915 -0.894813060760498
5989 0.6834052205085754 0.2984046339988708 -0.8955388069152832
5990 0.6981438994407654 0.2983845174312592 -0.8954641819000244
5991 0.7144963145256042 0.298326313495636 -0.8952482342720032
5992 0.7324230670928955 0.2983008325099945 -0.8951539397239685
5993 0.7518810033798218 0.2982076108455658 -0.894809901714325
5994 0.7728232145309448 0.2980459630489349 -0.8942170739173889
5995 0.7951992154121399 0.2977089583873749 -0.8929956555366516
5996 0.8189551830291748 0.2974474430084229 -0.8920611143112183
5997 0.8440338373184204 0.2972660660743713 -0.8914195895195007
5998 0.8703747987747192 0.2968912720680237 -0.890110194683075
5999 0.8979145288467407 0.2965627908706665 -0.8889801502227783
6000 0.9265867471694946 0.2962724566459656 -0.8879944682121277
6001 0.9563224315643311 0.2957580983638763 -0.8862772583961487
6002 0.9870498180389404 0.2955091893672943 -0.8854590058326721
6003 1.018694996833801 0.2950953543186188 -0.8841162323951721
6004 1.051181674003601 0.294677734375 -0.8827827572822571
6005 1.084431529045105 0.2944177985191345 -0.8819632530212402
6006 1.118364572525024 0.2938793301582336 -0.8802902102470398
6007 1.152899026870728 0.2934752106666565 -0.8790556192398071
6008 1.187951683998108 0.2930561602115631 -0.8777934908866882
6009 1.223438024520874 0.2925879955291748 -0.8764046430587769
6010 1.259272694587708 0.2922328412532806 -0.8753652572631836
6011 1.295369267463684 0.2916859090328217 -0.8737877011299133
6012 1.331640839576721 0.2912884950637817 -0.8726584315299988
6013 1.368000030517578 0.29066002368927 -0.8709003925323486
6014 1.404359102249146 0.2903197407722473 -0.8699622750282288
6015 1.440630674362183 0.289674311876297 -0.8682083487510681
6016 1.476727247238159 0.2893765568733215 -0.8674100041389465
6017 1.512561917304993 0.2889346480369568 -0.866237461566925
6018 1.548048257827759 0.2883444726467133 -0.8646935224533081
6019 1.583100914955139 0.2879568636417389 -0.8636928200721741
6020 1.617635369300842 0.2873823940753937 -0.8622282743453979
6021 1.651568412780762 0.2870894074440002 -0.8614897131919861
6022 1.684818267822266 0.2864839136600494 -0.859980583190918
6023 1.717304944992065 0.2861906886100769 -0.8592578768730164
6024 1.748950123786926 0.2855713665485382 -0.8577484488487244
6025 1.779677510261536 0.2852182388305664 -0.8568978309631348
6026 1.809413194656372 0.2848681211471558 -0.8560613989830017
6027 1.838085412979126 0.2843129932880402 -0.8547492027282715
6028 1.865625143051147 0.284070760011673 -0.8541818261146545
6029 1.891966104507446 0.2838461399078369 -0.8536584973335266
6030 1.917044758796692 0.2834198474884033 -0.8526725769042969
6031 1.940800786018372 0.2829697728157043 -0.8516417145729065
6032 1.963176846504211 0.2827586829662323 -0.8511617183685303
6033 1.984119057655334 0.282481461763382 -0.8505347371101379
6034 2.003576993942261 0.2820356488227844 -0.8495340943336487
6035 2.021503686904907 0.2818884551525116 -0.8492058515548706
6036 2.037856101989746 0.2817502915859222 -0.848898708820343
6037 2.052594900131226 0.2816185653209686 -0.8486065864562988
6038 2.06568431854248 0.2813586592674255 -0.8480327129364014
6039 2.077092885971069 0.2810991406440735 -0.8474627733230591
6040 2.086793184280396 0.2809937298297882 -0.8472321033477783
6041 2.094762086868286 0.2809276878833771 -0.8470878601074219
6042 2.100979804992676 0.2808705270290375 -0.8469631671905518
6043 2.105432033538818 0.2807497978210449 -0.8467003107070923
6044 2.108107566833496 0.2806343138217926 -0.8464494943618774
6045 2.109000205993652 0.2805957794189453 -0.8463659286499023
6046 0.6269999742507935 0.2983828783035278 -0.8954580426216125
6047 0.6278925538063049 0.2984103262424469 -0.895560085773468
6048 0.6305680871009827 0.2984924614429474 -0.8958661556243896
6049 0.6350201964378357 0.2986285388469696 -0.8963759541511536
6050 0.6412380933761597 0.2987908124923706 -0.8969886898994446
6051 0.649206817150116 0.2989694178104401 -0.8976689577102661
6052 0.6589071750640869 0.2991850674152374 -0.8984988331794739
6053 0.6703158020973206 0.2993652522563934 -0.8991995453834534
6054 0.6834052205085754 0.2995539605617523 -0.8999409079551697
6055 0.6981438994407654 0.2995428740978241 -0.8998970985412598
6056 0.7144963145256042 0.2994932532310486 -0.8997015953063965
6057 0.7324230670928955 0.2994837462902069 -0.8996641635894775
6058 0.7518810033798218 0.2994155585765839 -0.8993964195251465
6059 0.7728232145309448 0.2992879450321198 -0.8988981246948242
6060 0.7951992154121399 0.2990048229694366 -0.8978045582771301
6061 0.8189551830291748 0.2987931370735168 -0.8969975113868713
6062 0.8440338373184204 0.2986580729484558 -0.8964871168136597
6063 0.8703747987747192 0.2983463108539581 -0.8953223824501038
6064 0.8979145288467407 0.2980707287788391 -0.8943074941635132
6065 0.9265867471694946 0.2978227734565735 -0.8934060335159302
6066 0.9563224315643311 0.2973873019218445 -0.8918477892875671
6067 0.9870498180389404 0.2971933782100677 -0.8911638259887695
6068 1.018694996833801 0.2968557178974152 -0.8899869918823242
6069 1.051181674003601 0.2965194582939148 -0.8888322114944458
6070 1.084431529045105 0.2963203191757202 -0.8881561160087585
6071 1.118364572525024 0.2958515882492065 -0.8865866661071777
6072 1.152899026870728 0.2955219447612762 -0.8855007290840149
6073 1.187951683998108 0.2951830923557281 -0.8843991756439209
6074 1.223438024520874 0.2948060631752014 -0.8831902742385864
6075 1.259272694587708 0.2945324778556824 -0.8823238611221313
6076 1.295369267463684 0.2940825521945953 -0.8809177875518799
6077 1.331640839576721 0.2937520444393158 -0.8798995018005371
6078 1.368000030517578 0.2932212948799133 -0.8782886862754822
6079 1.404359102249146 0.2929564714431763 -0.8774960041046143
6080 1.440630674362183 0.2924240231513977 -0.875923216342926
6081 1.476727247238159 0.2922053635120392 -0.875285267829895
6082 1.512561917304993 0.2918529212474823 -0.8742665648460388
6083 1.548048257827759 0.2913444042205811 -0.8728164434432983
6084 1.583100914955139 0.2910361289978027 -0.8719484210014343
6085 1.617635369300842 0.2905653715133667 -0.8706385493278503
6086 1.651568412780762 0.2903488278388977 -0.870042085647583
6087 1.684818267822266 0.289855569601059 -0.8686975836753845
6088 1.717304944992065 0.2896305024623871 -0.8680904507637024
6089 1.748950123786926 0.2890959084033966 -0.8666636943817139
6090 1.779677510261536 0.2888155877590179 -0.865924060344696
6091 1.809413194656372 0.2885394990444183 -0.8652009963989258
6092 1.838085412979126 0.2880837023258209 -0.8640191555023193
6093 1.865625143051147 0.2879084944725037 -0.8635686635971069
6094 1.891966104507446 0.2877422273159027 -0.8631430864334106
6095 1.917044758796692 0.2873929738998413 -0.8622550368309021
6096 1.940800786018372 0.28699991106987 -0.8612651824951172
6097 1.963176846504211 0.2868363857269287 -0.8608562350273132
6098 1.984119057655334 0.2866148054599762 -0.8603048920631409
6099 2.003576993942261 0.2862440645694733 -0.859389066696167
6100 2.021503686904907 0.2861358523368835 -0.8591233491897583
6101 2.037856101989746 0.2860347628593445 -0.8588757514953613
6102 2.052594900131226 0.2859397530555725 -0.8586435914039612
6103 2.06568431854248 0.2857302129268646 -0.8581334352493286
6104 2.077092885971069 0.2855159640312195 -0.8576145172119141
6105 2.086793184280396 0.285435289144516 -0.8574197888374329
6106 2.094762086868286 0.2853851914405823 -0.8572990894317627
6107 2.100979804992676 0.2853395640850067 -0.8571892380714417
6108 2.105432033538818 0.2852365970611572 -0.8569418787956238
6109 2.108107566833496 0.2851369380950928 -0.856702983379364
6110 2.109000205993652 0.2851036787033081 -0.8566234111785889
6111 0.6269999742507935 0.2994914352893829 -0.8996944427490234
6112 0.6278925538063049 0.2995176017284393 -0.8997974991798401
6113 0.6305680871009827 0.299595832824707 -0.9001064896583557
6114 0.6350201964378357 0.2997253835201263 -0.9006210565567017
6115 0.6412380933761597 0.2998799979686737 -0.9012402892112732
6116 0.649206817150116 0.3000477254390717 -0.9019180536270142
6117 0.6589071750640869 0.3002500534057617 -0.9027447104454041
6118 0.6703158020973206 0.3004218935966492 -0.903454601764679
6119 0.6834052205085754 0.3006027638912201 -0.9042097926139832
6120 0.6981438994407654 0.3005999326705933 -0.9041979312896729
6121 0.7144963145256042 0.3005584478378296 -0.9040240049362183
6122 0.7324230670928955 0.3005635440349579 -0.9040453433990479
6123 0.7518810033798218 0.3005185127258301 -0.9038569331169128
6124 0.7728232145309448 0.3004226088523865 -0.9034575819969177
6125 0.7951992154121399 0.3001901805400848 -0.9024990200996399
6126 0.8189551830291748 0.3000250458717346 -0.9018259644508362
6127 0.8440338373184204 0.2999326884746552 -0.9014524817466736
6128 0.8703747987747192 0.2996800541877747 -0.9004405736923218
6129 0.8979145288467407 0.2994541227817535 -0.8995477557182312
6130 0.9265867471694946 0.2992462515830994 -0.8987360596656799
6131 0.9563224315643311 0.2988851070404053 -0.897347092628479
6132 0.9870498180389404 0.2987420558929443 -0.8968040347099304
6133 1.018694996833801 0.298475444316864 -0.8958025574684143
6134 1.051181674003601 0.2982148230075836 -0.89483642578125
6135 1.084431529045105 0.2980716228485107 -0.8943108320236206
6136 1.118364572525024 0.2976694703102112 -0.892853856086731
6137 1.152899026870728 0.2974092662334442 -0.8919256329536438
6138 1.187951683998108 0.2971449792385101 -0.890994131565094
6139 1.223438024520874 0.2968524992465973 -0.8899759650230408
6140 1.259272694587708 0.2966538965702057 -0.8892919421195984
6141 1.295369267463684 0.2962945103645325 -0.8880689144134521
6142 1.331640839576721 0.2960267066955566 -0.8871695399284363
6143 1.368000030517578 0.2955880761146545 -0.885717511177063
6144 1.404359102249146 0.2953927218914032 -0.8850789070129395
6145 1.440630674362183 0.2949658036231995 -0.8837003111839294
6146 1.476727247238159 0.2948191165924072 -0.8832318186759949
6147 1.512561917304993 0.2945493757724762 -0.8823770880699158
6148 1.548048257827759 0.2941188514232635 -0.8810303807258606
6149 1.583100914955139 0.2938838303089142 -0.8803040385246277
6150 1.617635369300842 0.2935098111629486 -0.8791607022285461
6151 1.651568412780762 0.2933626770973206 -0.878714919090271
6152 1.684818267822266 0.2929738461971283 -0.8775477409362793
6153 1.717304944992065 0.2928111553192139 -0.8770639896392822
6154 1.748950123786926 0.2923578023910522 -0.8757295608520508
6155 1.779677510261536 0.2921446561813354 -0.875109076499939
6156 1.809413194656372 0.2919367551803589 -0.8745077848434448
6157 1.838085412979126 0.2915737330913544 -0.8734675049781799
6158 1.865625143051147 0.2914590835571289 -0.8731414079666138
6159 1.891966104507446 0.2913457155227661 -0.8728201389312744
6160 1.917044758796692 0.2910683453083038 -0.8720387816429138
6161 1.940800786018372 0.2907306551933289 -0.8710963129997253
6162 1.963176846504211 0.290610671043396 -0.8707637786865234
6163 1.984119057655334 0.290440559387207 -0.8702942728996277
6164 2.003576993942261 0.2901403903961182 -0.8694716095924377
6165 2.021503686904907 0.2900674939155579 -0.8692728877067566
6166 2.037856101989746 0.289999932050705 -0.8690891265869141
6167 2.052594900131226 0.2899380326271057 -0.8689210414886475
6168 2.06568431854248 0.289775162935257 -0.8684802651405334
6169 2.077092885971069 0.2896033525466919 -0.8680174946784973
6170 2.086793184280396 0.2895452678203583 -0.8678615093231201
6171 2.094762086868286 0.2895097136497498 -0.8677662014961243
6172 2.100979804992676 0.2894747257232666 -0.8676724433898926
6173 2.105432033538818 0.2893887460231781 -0.8674425482749939
6174 2.108107566833496 0.2893043160438538 -0.8672173619270325
6175 2.109000205993652 0.2892761528491974 -0.8671423196792603
6176 0.6269999742507935 0.3005302250385284 -0.9039058685302734
6177 0.6278925538063049 0.300555020570755 -0.9040095806121826
6178 0.6305680871009827 0.3006291389465332 -0.9043206572532654
6179 0.6350201964378357 0.3007518351078033 -0.9048386812210083
6180 0.6412380933761597 0.300898402929306 -0.9054628014564514
6181 0.649206817150116 0.3010550141334534 -0.9061360955238342
6182 0.6589071750640869 0.3012438118457794 -0.9069571495056152
6183 0.6703158020973206 0.3014068603515625 -0.9076744318008423
6184 0.6834052205085754 0.3015792369842529 -0.9084416627883911
6185 0.6981438994407654 0.301583856344223 -0.9084624052047729
6186 0.7144963145256042 0.301550030708313 -0.9083110094070435
6187 0.7324230670928955 0.3015682101249695 -0.9083923101425171
6188 0.7518810033798218 0.3015443086624146 -0.9082854986190796
6189 0.7728232145309448 0.3014776408672333 -0.907988429069519
6190 0.7951992154121399 0.3012925386428833 -0.9071706533432007
6191 0.8189551830291748 0.3011703789234161 -0.9066365361213684
6192 0.8440338373184204 0.3011168837547302 -0.9064040780067444
6193 0.8703747987747192 0.3009191453456879 -0.905551552772522
6194 0.8979145288467407 0.3007394671440125 -0.9047863483428955
6195 0.9265867471694946 0.3005691766738892 -0.9040688872337341
6196 0.9563224315643311 0.300277441740036 -0.9028573632240295
6197 0.9870498180389404 0.3001807332038879 -0.9024603962898254
6198 1.018694996833801 0.2999795377254486 -0.9016416668891907
6199 1.051181674003601 0.2997881770133972 -0.9008719325065613
6200 1.084431529045105 0.299695611000061 -0.9005024433135986
6201 1.118364572525024 0.2993565201759338 -0.8991654515266418
6202 1.152899026870728 0.2991600334644318 -0.8984019756317139
6203 1.187951683998108 0.2989639937877655 -0.8976481556892395
6204 1.223438024520874 0.2987487614154816 -0.89682936668396
6205 1.259272694587708 0.2986176609992981 -0.8963351249694824
6206 1.295369267463684 0.2983414828777313 -0.8953043818473816
6207 1.331640839576721 0.2981315553188324 -0.8945304155349731
6208 1.368000030517578 0.2977786660194397 -0.8932467699050903
6209 1.404359102249146 0.2976458668708801 -0.8927691578865051
6210 1.440630674362183 0.2973159849643707 -0.8915955424308777
6211 1.476727247238159 0.2972330749034882 -0.8913034200668335
6212 1.512561917304993 0.2970382571220398 -0.8906210660934448
6213 1.548048257827759 0.2966812551021576 -0.8893858790397644
6214 1.583100914955139 0.2965125143527985 -0.8888086080551147
6215 1.617635369300842 0.2962270975112915 -0.887841522693634
6216 1.651568412780762 0.2961413562297821 -0.887553334236145
6217 1.684818267822266 0.2958478033542633 -0.8865741491317749
6218 1.717304944992065 0.2957407534122467 -0.8862199187278748
6219 1.748950123786926 0.2953642308712006 -0.8849861621856689
6220 1.779677510261536 0.2952117323875427 -0.8844916224479675
6221 1.809413194656372 0.2950651347637177 -0.8840190172195435
6222 1.838085412979126 0.2947870492935181 -0.8831297755241394
6223 1.865625143051147 0.2947254776954651 -0.8829340934753418
6224 1.891966104507446 0.2946587204933167 -0.8827224969863892
6225 1.917044758796692 0.2944470643997192 -0.8820551037788391
6226 1.940800786018372 0.2941624224185944 -0.8811656832695007
6227 1.963176846504211 0.2940813004970551 -0.8809139728546143
6228 1.984119057655334 0.2939576804637909 -0.8805316090583801
6229 2.003576993942261 0.2937226295471191 -0.8798094391822815
6230 2.021503686904907 0.2936806976795197 -0.8796812295913696
6231 2.037856101989746 0.293642520904541 -0.879564642906189
6232 2.052594900131226 0.2936095297336578 -0.8794640898704529
6233 2.06568431854248 0.293489009141922 -0.8790974617004395
6234 2.077092885971069 0.2933561503887177 -0.8786951899528503
6235 2.086793184280396 0.2933180630207062 -0.8785802125930786
6236 2.094762086868286 0.2932953834533691 -0.8785118460655212
6237 2.100979804992676 0.2932699918746948 -0.8784353137016296
6238 2.105432033538818 0.2931999862194061 -0.8782246708869934
6239 2.108107566833496 0.2931300103664398 -0.8780146837234497
6240 2.109000205993652 0.2931066751480103 -0.8779447078704834
6241 0.6269999742507935 0.3015231490135193 -0.9081910252571106
6242 0.6278925538063049 0.3015464842319489 -0.908295214176178
6243 0.6305680871009827 0.3016162216663361 -0.908607542514801
6244 0.6350201964378357 0.3017316162586212 -0.9091276526451111
6245 0.6412380933761597 0.3018696010112762 -0.9097551107406616
6246 0.649206817150116 0.3020147383213043 -0.9104220867156982
6247 0.6589071750640869 0.3021896481513977 -0.9112353324890137
6248 0.6703158020973206 0.3023431897163391 -0.9119582176208496
6249 0.6834052205085754 0.3025062680244446 -0.9127355217933655
6250 0.6981438994407654 0.3025174736976624 -0.9127892851829529
6251 0.7144963145256042 0.302490770816803 -0.9126611948013306
6252 0.7324230670928955 0.3025203347206116 -0.9128029942512512
6253 0.7518810033798218 0.3025153875350952 -0.9127792119979858
6254 0.7728232145309448 0.3024752140045166 -0.9125866293907166
6255 0.7951992154121399 0.3023338317871094 -0.9119139313697815
6256 0.8189551830291748 0.3022508025169373 -0.9115222096443176
6257 0.8440338373184204 0.3022319078445435 -0.9114335179328918
6258 0.8703747987747192 0.3020844757556915 -0.9107450842857361
6259 0.8979145288467407 0.3019473552703857 -0.9101115465164185
6260 0.9265867471694946 0.3018118739128113 -0.9094918966293335
6261 0.9563224315643311 0.3015842437744141 -0.9084640741348267
6262 0.9870498180389404 0.3015289008617401 -0.908216655254364
6263 1.018694996833801 0.3013868629932404 -0.9075860977172852
6264 1.051181674003601 0.3012577891349792 -0.9070183634757996
6265 1.084431529045105 0.3012098670005798 -0.9068087935447693
6266 1.118364572525024 0.3009299635887146 -0.9055979251861572
6267 1.152899026870728 0.3007909059524536 -0.9050045013427734
6268 1.187951683998108 0.3006560504436493 -0.9044339060783386
6269 1.223438024520874 0.3005098700523376 -0.903820812702179
6270 1.259272694587708 0.3004380464553833 -0.9035216569900513
6271 1.295369267463684 0.3002368211746216 -0.9026903510093689
6272 1.331640839576721 0.3000793755054474 -0.9020467400550842
6273 1.368000030517578 0.2998049855232239 -0.9009391665458679
6274 1.404359102249146 0.2997270226478577 -0.900627613067627
6275 1.440630674362183 0.2994845509529114 -0.8996673226356506
6276 1.476727247238159 0.2994563579559326 -0.899556577205658
6277 1.512561917304993 0.2993276715278625 -0.8990528583526611
6278 1.548048257827759 0.2990390658378601 -0.8979359865188599
6279 1.583100914955139 0.2989287078380585 -0.8975133299827576
6280 1.617635369300842 0.2987225353717804 -0.8967302441596985
6281 1.651568412780762 0.298689216375351 -0.8966045379638672
6282 1.684818267822266 0.2984805405139923 -0.8958216309547424
6283 1.717304944992065 0.2984215319156647 -0.8956016898155212
6284 1.748950123786926 0.2981166541576385 -0.8944756984710693
6285 1.779677510261536 0.298017293214798 -0.8941123485565186
6286 1.809413194656372 0.2979242503643036 -0.8937736749649048
6287 1.838085412979126 0.2977221012115479 -0.8930429816246033
6288 1.865625143051147 0.297705203294754 -0.8929822444915771
6289 1.891966104507446 0.2976779341697693 -0.8928842544555664
6290 1.917044758796692 0.2975248694419861 -0.8923367261886597
6291 1.940800786018372 0.2972904145717621 -0.8915053606033325
6292 1.963176846504211 0.2972428798675537 -0.8913378715515137
6293 1.984119057655334 0.2971600294113159 -0.8910468220710754
6294 2.003576993942261 0.2969836592674255 -0.8904309272766113
6295 2.021503686904907 0.2969678640365601 -0.8903760313987732
6296 2.037856101989746 0.2969544231891632 -0.8903292417526245
6297 2.052594900131226 0.2969456017017365 -0.8902986645698547
6298 2.06568431854248 0.2968623638153076 -0.8900100588798523
6299 2.077092885971069 0.2967644035816193 -0.8896718621253967
6300 2.086793184280396 0.2967434525489807 -0.8895996809005737
6301 2.094762086868286 0.2967317402362823 -0.8895593285560608
6302 2.100979804992676 0.2967147529125214 -0.8895008563995361
6303 2.105432033538818 0.2966594398021698 -0.8893109560012817
6304 2.108107566833496 0.2966029942035675 -0.8891175985336304
6305 2.109000205993652 0.2965841591358185 -0.8890531659126282
6306 0.6269999742507935 0.3024885654449463 -0.9126506447792053
6307 0.6278925538063049 0.3025103211402893 -0.9127549529075623
6308 0.6305680871009827 0.3025753796100616 -0.9130678176879883
6309 0.6350201964378357 0.3026829063892365 -0.9135887026786804
6310 0.6412380933761597 0.3028115332126617 -0.914218008518219
6311 0.649206817150116 0.3029448091983795 -0.9148768782615662
6312 0.6589071750640869 0.3031052350997925 -0.9156801700592041
6313 0.6703158020973206 0.3032484650611877 -0.9164068102836609
6314 0.6834052205085754 0.3034012615680695 -0.9171923398971558
6315 0.6981438994407654 0.3034180104732513 -0.9172792434692383
6316 0.7144963145256042 0.3033978641033173 -0.9171748757362366
6317 0.7324230670928955 0.3034369051456451 -0.917377233505249
6318 0.7518810033798218 0.3034484088420868 -0.9174370765686035
6319 0.7728232145309448 0.3034316897392273 -0.9173501133918762
6320 0.7951992154121399 0.3033300936222076 -0.9168251156806946
6321 0.8189551830291748 0.3032819032669067 -0.9165777564048767
6322 0.8440338373184204 0.3032929003238678 -0.9166341423988342
6323 0.8703747987747192 0.3031907379627228 -0.9161128401756287
6324 0.8979145288467407 0.3030920326709747 -0.9156137108802795
6325 0.9265867471694946 0.3029884397983551 -0.915094256401062
6326 0.9563224315643311 0.3028189539909363 -0.914254367351532
6327 0.9870498180389404 0.3027994632720947 -0.9141585230827332
6328 1.018694996833801 0.3027097582817078 -0.9137195348739624
6329 1.051181674003601 0.3026352226734161 -0.9133572578430176
6330 1.084431529045105 0.3026254177093506 -0.9133096933364868
6331 1.118364572525024 0.3024003505706787 -0.9122295379638672
6332 1.152899026870728 0.3023117780685425 -0.9118096828460693
6333 1.187951683998108 0.3022302985191345 -0.9114259481430054
6334 1.223438024520874 0.3021441102027893 -0.9110226035118103
6335 1.259272694587708 0.3021224439144135 -0.9109216332435608
6336 1.295369267463684 0.3019871115684509 -0.9102945327758789
6337 1.331640839576721 0.3018761277198792 -0.9097849130630493
6338 1.368000030517578 0.3016721308231354 -0.9088589549064636
6339 1.404359102249146 0.301640510559082 -0.90871661901474
6340 1.440630674362183 0.3014747500419617 -0.9079755544662476
6341 1.476727247238159 0.3014912903308868 -0.9080491065979004
6342 1.512561917304993 0.3014189898967743 -0.9077282547950745
6343 1.548048257827759 0.301192969083786 -0.9067350029945374
6344 1.583100914955139 0.3011322319507599 -0.9064707159996033
6345 1.617635369300842 0.3009949624538422 -0.9058771729469299
6346 1.651568412780762 0.3010042309761047 -0.9059170484542847
6347 1.684818267822266 0.300868809223175 -0.9053362607955933
6348 1.717304944992065 0.300849437713623 -0.9052536487579346
6349 1.748950123786926 0.3006102442741394 -0.9042412042617798
6350 1.779677510261536 0.3005557656288147 -0.9040126800537109
6351 1.809413194656372 0.3005076348781586 -0.9038115739822388
6352 1.838085412979126 0.3003713488578796 -0.9032449722290039
6353 1.865625143051147 0.3003899455070496 -0.9033219814300537
6354 1.891966104507446 0.3003943264484406 -0.903340220451355
6355 1.917044758796692 0.300291895866394 -0.9029168486595154
6356 1.940800786018372 0.3001042008399963 -0.9021478295326233
6357 1.963176846504211 0.3000843226909637 -0.9020668864250183
6358 1.984119057655334 0.3000358939170837 -0.90187007188797
6359 2.003576993942261 0.2999110221862793 -0.9013650417327881
6360 2.021503686904907 0.299915999174118 -0.9013851284980774
6361 2.037856101989746 0.2999221086502075 -0.9014098048210144
6362 2.052594900131226 0.2999323010444641 -0.9014508724212646
6363 2.06568431854248 0.299880713224411 -0.9012430906295776
6364 2.077092885971069 0.2998130917549133 -0.9009716510772705
6365 2.086793184280396 0.2998060882091522 -0.9009435772895813
6366 2.094762086868286 0.2998031973838806 -0.9009320139884949
6367 2.100979804992676 0.2997932732105255 -0.9008922576904297
6368 2.105432033538818 0.2997512519359589 -0.9007242321968079
6369 2.108107566833496 0.2997072041034698 -0.9005486369132996
6370 2.109000205993652 0.2996925115585327 -0.9004901051521301
6371 0.6269999742507935 0.3034386336803436 -0.9173861145973206
6372 0.6278925538063049 0.3034586608409882 -0.9174903631210327
6373 0.6305680871009827 0.3035185635089874 -0.9178029298782349
6374 0.6350201964378357 0.303617537021637 -0.9183233380317688
6375 0.6412380933761597 0.3037360310554504 -0.9189528226852417
6376 0.649206817150116 0.3038568198680878 -0.9196020364761353
6377 0.6589071750640869 0.3040021061897278 -0.9203934073448181
6378 0.6703158020973206 0.3041340112686157 -0.9211220145225525
6379 0.6834052205085754 0.3042752742767334 -0.921913743019104
6380 0.6981438994407654 0.304296463727951 -0.9220334887504578
6381 0.7144963145256042 0.3042822480201721 -0.9219530820846558
6382 0.7324230670928955 0.3043285608291626 -0.9222154021263123
6383 0.7518810033798218 0.3043537437915802 -0.9223586320877075
6384 0.7728232145309448 0.3043570220470428 -0.9223774075508118
6385 0.7951992154121399 0.3042908012866974 -0.9220013618469238
6386 0.8189551830291748 0.3042726516723633 -0.9218989014625549
6387 0.8440338373184204 0.3043082356452942 -0.9221001267433167
6388 0.8703747987747192 0.3042457699775696 -0.9217472672462463
6389 0.8979145288467407 0.3041809499263763 -0.921383798122406
6390 0.9265867471694946 0.3041059076786041 -0.9209659099578857
6391 0.9563224315643311 0.3039880692958832 -0.9203163385391235
6392 0.9870498180389404 0.3039982914924622 -0.9203723669052124
6393 1.018694996833801 0.3039533197879791 -0.9201263785362244
6394 1.051181674003601 0.3039247691631317 -0.9199707508087158
6395 1.084431529045105 0.3039458692073822 -0.9200856685638428
6396 1.118364572525024 0.303770899772644 -0.9191395044326782
6397 1.152899026870728 0.3037251532077789 -0.9188947081565857
6398 1.187951683998108 0.3036884963512421 -0.9186994433403015
6399 1.223438024520874 0.3036523759365082 -0.9185075759887695
6400 1.259272694587708 0.3036708831787109 -0.9186058044433594
6401 1.295369267463684 0.3035914301872253 -0.9181855320930481
6402 1.331640839576721 0.3035202920436859 -0.9178119301795959
6403 1.368000030517578 0.3033778071403503 -0.9170711636543274
6404 1.404359102249146 0.3033832609653473 -0.9170992374420166
6405 1.440630674362183 0.3032824695110321 -0.9165807962417603
6406 1.476727247238159 0.3033328652381897 -0.9168394804000854
6407 1.512561917304993 0.3033064007759094 -0.916703462600708
6408 1.548048257827759 0.3031364679336548 -0.915837824344635
6409 1.583100914955139 0.3031158447265625 -0.9157337546348572
6410 1.617635369300842 0.3030361533164978 -0.9153329133987427
6411 1.651568412780762 0.3030772805213928 -0.9155394434928894
6412 1.684818267822266 0.3030024468898773 -0.9151642918586731
6413 1.717304944992065 0.3030136525630951 -0.915220320224762
6414 1.748950123786926 0.3028334677219391 -0.9143258929252625
6415 1.779677510261536 0.3028148114681244 -0.9142341017723083
6416 1.809413194656372 0.3028022944927216 -0.9141724705696106
6417 1.838085412979126 0.3027208149433136 -0.9137734770774841
6418 1.865625143051147 0.3027649521827698 -0.913989245891571
6419 1.891966104507446 0.3027925789356232 -0.9141247272491455
6420 1.917044758796692 0.3027320504188538 -0.9138283729553223
6421 1.940800786018372 0.3025872409343719 -0.9131250977516174
6422 1.963176846504211 0.3025886416435242 -0.9131319522857666
6423 1.984119057655334 0.3025677502155304 -0.9130310416221619
6424 2.003576993942261 0.3024863600730896 -0.9126400351524353
6425 2.021503686904907 0.3025063574314117 -0.9127358794212341
6426 2.037856101989746 0.3025265336036682 -0.9128327369689941
6427 2.052594900131226 0.3025501072406769 -0.9129461050033569
6428 2.06568431854248 0.30252406001091 -0.9128208756446838
6429 2.077092885971069 0.3024817705154419 -0.9126180410385132
6430 2.086793184280396 0.3024852275848389 -0.9126346111297607
6431 2.094762086868286 0.3024889230728149 -0.9126522541046143
6432 2.100979804992676 0.3024846017360687 -0.9126315712928772
6433 2.105432033538818 0.3024542331695557 -0.9124864339828491
6434 2.108107566833496 0.3024213314056396 -0.9123294353485107
6435 2.109000205993652 0.302410364151001 -0.9122771024703979
6436 0.6269999742507935 0.3043782711029053 -0.9224985837936401
6437 0.6278925538063049 0.3043964505195618 -0.9226024746894836
6438 0.6305680871009827 0.3044507503509521 -0.9229140281677246
6439 0.6350201964378357 0.3045403659343719 -0.9234326481819153
6440 0.6412380933761597 0.3046477138996124 -0.9240607619285583
6441 0.649206817150116 0.3047553896903992 -0.9246987700462341
6442 0.6589071750640869 0.3048847317695618 -0.9254763126373291
6443 0.6703158020973206 0.3050041496753693 -0.9262050986289978
6444 0.6834052205085754 0.3051325082778931 -0.9270010590553284
6445 0.6981438994407654 0.3051567673683167 -0.9271529912948608
6446 0.7144963145256042 0.3051477670669556 -0.9270965456962585
6447 0.7324230670928955 0.3051988482475281 -0.9274176955223083
6448 0.7518810033798218 0.3052344918251038 -0.9276431798934937
6449 0.7728232145309448 0.3052539825439453 -0.927766740322113
6450 0.7951992154121399 0.3052181005477905 -0.9275393486022949
6451 0.8189551830291748 0.3052246570587158 -0.9275808930397034
6452 0.8440338373184204 0.305278867483139 -0.9279252886772156
6453 0.8703747987747192 0.3052498400211334 -0.9277404546737671
6454 0.8979145288467407 0.3052138686180115 -0.927512526512146
6455 0.9265867471694946 0.305163711309433 -0.9271965622901917
6456 0.9563224315643311 0.3050902485847473 -0.9267376661300659
6457 0.9870498180389404 0.3051234483718872 -0.9269444346427917
6458 1.018694996833801 0.3051148355007172 -0.9268906712532043
6459 1.051181674003601 0.3051228821277618 -0.92694091796875
6460 1.084431529045105 0.3051669597625732 -0.9272169470787048
6461 1.118364572525024 0.3050368428230286 -0.9264065623283386
6462 1.152899026870728 0.3050254881381989 -0.9263365864753723
6463 1.187951683998108 0.3050242960453033 -0.9263292551040649
6464 1.223438024520874 0.3050273954868317 -0.9263483881950378
6465 1.259272694587708 0.3050752580165863 -0.926644504070282
6466 1.295369267463684 0.3050408363342285 -0.9264313578605652
6467 1.331640839576721 0.305002361536026 -0.9261942505836487
6468 1.368000030517578 0.304911732673645 -0.9256401658058167
6469 1.404359102249146 0.3049442172050476 -0.9258379340171814
6470 1.440630674362183 0.3048957288265228 -0.925542950630188
6471 1.476727247238159 0.3049683272838593 -0.9259853363037109
6472 1.512561917304993 0.3049762845039368 -0.926034152507782
6473 1.548048257827759 0.3048553466796875 -0.9252984523773193
6474 1.583100914955139 0.3048646450042725 -0.9253546595573425
6475 1.617635369300842 0.3048302829265594 -0.9251474738121033
6476 1.651568412780762 0.3048918843269348 -0.9255197048187256
6477 1.684818267822266 0.3048640489578247 -0.925351083278656
6478 1.717304944992065 0.3048961460590363 -0.9255454540252686
6479 1.748950123786926 0.3047676384449005 -0.9247718453407288
6480 1.779677510261536 0.3047751784324646 -0.9248170256614685
6481 1.809413194656372 0.3047882318496704 -0.9248949885368347
6482 1.838085412979126 0.3047497272491455 -0.9246650338172913
6483 1.865625143051147 0.3048088848590851 -0.925018846988678
6484 1.891966104507446 0.3048507869243622 -0.9252710938453674
6485 1.917044758796692 0.3048228621482849 -0.9251028299331665
6486 1.940800786018372 0.3047165870666504 -0.9244678616523743
6487 1.963176846504211 0.3047325015068054 -0.9245625138282776
6488 1.984119057655334 0.3047317564487457 -0.9245581030845642
6489 2.003576993942261 0.3046853244304657 -0.9242826104164124
6490 2.021503686904907 0.3047142326831818 -0.9244540333747864
6491 2.037856101989746 0.3047426342964172 -0.9246227741241455
6492 2.052594900131226 0.3047736883163452 -0.924808144569397
6493 2.06568431854248 0.3047666549682617 -0.9247660040855408
6494 2.077092885971069 0.3047442734241486 -0.9246326684951782
6495 2.086793184280396 0.3047545850276947 -0.9246939420700073
6496 2.094762086868286 0.3047624230384827 -0.9247408509254456
6497 2.100979804992676 0.3047621846199036 -0.9247393608093262
6498 2.105432033538818 0.304741770029068 -0.9246176481246948
6499 2.108107566833496 0.3047185838222504 -0.9244799017906189
6500 2.109000205993652 0.304710865020752 -0.9244340062141418
6501 0.6269999742507935 0.3053042888641357 -0.9280877113342285
6502 0.6278925538063049 0.3053204417228699 -0.9281910061836243
6503 0.6305680871009827 0.305368572473526 -0.928500771522522
6504 0.6350201964378357 0.3054479658603668 -0.9290162920951843
6505 0.6412380933761597 0.305543065071106 -0.9296414852142334
6506 0.649206817150116 0.3056368827819824 -0.930266797542572
6507 0.6589071750640869 0.3057494461536407 -0.9310288429260254
6508 0.6703158020973206 0.305855005979538 -0.9317558407783508
6509 0.6834052205085754 0.3059688806533813 -0.9325538873672485
6510 0.6981438994407654 0.3059947192668915 -0.9327371716499329
6511 0.7144963145256042 0.3059901297092438 -0.9327044486999512
6512 0.7324230670928955 0.3060431480407715 -0.9330825805664062
6513 0.7518810033798218 0.3060856759548187 -0.9333884716033936
6514 0.7728232145309448 0.3061169683933258 -0.9336148500442505
6515 0.7951992154121399 0.3061058521270752 -0.9335342645645142
6516 0.8189551830291748 0.3061310946941376 -0.9337174892425537
6517 0.8440338373184204 0.3061972856521606 -0.9342018365859985
6518 0.8703747987747192 0.3061946928501129 -0.9341829419136047
6519 0.8979145288467407 0.306181937456131 -0.9340891242027283
6520 0.9265867471694946 0.3061526119709015 -0.9338744878768921
6521 0.9563224315643311 0.3061155378818512 -0.9336045980453491
6522 0.9870498180389404 0.3061642348766327 -0.9339593052864075
6523 1.018694996833801 0.3061827719211578 -0.9340952038764954
6524 1.051181674003601 0.3062171339988708 -0.9343481659889221
6525 1.084431529045105 0.3062755763530731 -0.9347822666168213
6526 1.118364572525024 0.3061845302581787 -0.9341080784797668
6527 1.152899026870728 0.3061984777450562 -0.9342107176780701
6528 1.187951683998108 0.3062226176261902 -0.9343888163566589
6529 1.223438024520874 0.3062532544136047 -0.9346160292625427
6530 1.259272694587708 0.3063188195228577 -0.9351065754890442
6531 1.295369267463684 0.3063177466392517 -0.9350985288619995
6532 1.331640839576721 0.3063042461872101 -0.9349969029426575
6533 1.368000030517578 0.3062549829483032 -0.9346288442611694
6534 1.404359102249146 0.3063037991523743 -0.9349936246871948
6535 1.440630674362183 0.3062940239906311 -0.9349203705787659
6536 1.476727247238159 0.3063764572143555 -0.9355428218841553
6537 1.512561917304993 0.3064067661762238 -0.9357740879058838
6538 1.548048257827759 0.3063271641731262 -0.9351693987846375
6539 1.583100914955139 0.3063555359840393 -0.9353837966918945
6540 1.617635369300842 0.3063535392284393 -0.9353687763214111
6541 1.651568412780762 0.3064236640930176 -0.9359036087989807
6542 1.684818267822266 0.3064284026622772 -0.9359399676322937
6543 1.717304944992065 0.306471198797226 -0.9362704753875732
6544 1.748950123786926 0.3063865005970001 -0.9356192350387573
6545 1.779677510261536 0.3064101338386536 -0.9357998967170715
6546 1.809413194656372 0.3064382374286652 -0.9360158443450928
6547 1.838085412979126 0.3064302206039429 -0.9359539747238159
6548 1.865625143051147 0.3064934313297272 -0.9364432096481323
6549 1.891966104507446 0.3065403401851654 -0.9368101954460144
6550 1.917044758796692 0.3065351545810699 -0.9367694854736328
6551 1.940800786018372 0.3064627051353455 -0.9362046122550964
6552 1.963176846504211 0.3064860701560974 -0.9363859295845032
6553 1.984119057655334 0.3064977824687958 -0.9364770650863647
6554 2.003576993942261 0.3064772188663483 -0.9363172054290771
6555 2.021503686904907 0.3065087497234344 -0.9365627765655518
6556 2.037856101989746 0.3065392971038818 -0.9368021488189697
6557 2.052594900131226 0.3065717816352844 -0.93705815076828
6558 2.06568431854248 0.3065768778324127 -0.9370986223220825
6559 2.077092885971069 0.3065688014030457 -0.9370347261428833
6560 2.086793184280396 0.306582123041153 -0.9371401071548462
6561 2.094762086868286 0.3065916299819946 -0.9372157454490662
6562 2.100979804992676 0.3065938353538513 -0.9372333288192749
6563 2.105432033538818 0.3065814971923828 -0.9371353387832642
6564 2.108107566833496 0.306566596031189 -0.9370172619819641
6565 2.109000205993652 0.3065616190433502 -0.9369779229164124
6566 0.6269999742507935 0.3062039017677307 -0.9342506527900696
6567 0.6278925538063049 0.3062177896499634 -0.9343530535697937
6568 0.6305680871009827 0.3062591850757599 -0.9346601963043213
6569 0.6350201964378357 0.3063274323940277 -0.935171365737915
6570 0.6412380933761597 0.30640909075737 -0.9357919692993164
6571 0.649206817150116 0.3064883053302765 -0.936403214931488
6572 0.6589071750640869 0.3065831065177917 -0.9371479749679565
6573 0.6703158020973206 0.3066734373569489 -0.9378713369369507
6574 0.6834052205085754 0.3067710697650909 -0.9386693239212036
6575 0.6981438994407654 0.3067968189716339 -0.9388827085494995
6576 0.7144963145256042 0.3067956864833832 -0.9388731718063354
6577 0.7324230670928955 0.3068474531173706 -0.9393059611320496
6578 0.7518810033798218 0.3068928420543671 -0.9396894574165344
6579 0.7728232145309448 0.3069310188293457 -0.9400156140327454
6580 0.7951992154121399 0.3069383800029755 -0.9400786757469177
6581 0.8189551830291748 0.3069755733013153 -0.940399706363678
6582 0.8440338373184204 0.3070464134216309 -0.9410194158554077
6583 0.8703747987747192 0.3070625960826874 -0.9411627054214478
6584 0.8979145288467407 0.3070668280124664 -0.9412001967430115
6585 0.9265867471694946 0.3070538341999054 -0.9410850405693054
6586 0.9563224315643311 0.3070442676544189 -0.9410006999969482
6587 0.9870498180389404 0.3071003258228302 -0.9414989352226257
6588 1.018694996833801 0.3071359992027283 -0.9418199062347412
6589 1.051181674003601 0.3071855008602142 -0.9422702789306641
6590 1.084431529045105 0.3072490394115448 -0.942857563495636
6591 1.118364572525024 0.3071907758712769 -0.9423186779022217
6592 1.152899026870728 0.3072202205657959 -0.9425897598266602
6593 1.187951683998108 0.307258814573288 -0.9429486989974976
6594 1.223438024520874 0.3073044717311859 -0.9433788061141968
6595 1.259272694587708 0.3073753714561462 -0.9440579414367676
6596 1.295369267463684 0.3073952198028564 -0.9442506432533264
6597 1.331640839576721 0.3073984384536743 -0.9442819952964783
6598 1.368000030517578 0.307379424571991 -0.9440972208976746
6599 1.404359102249146 0.3074333369731903 -0.9446243047714233
6600 1.440630674362183 0.3074479103088379 -0.9447683691978455
6601 1.476727247238159 0.3075272738933563 -0.9455651044845581
6602 1.512561917304993 0.3075672388076782 -0.9459742903709412
6603 1.548048257827759 0.307520866394043 -0.9454998970031738
6604 1.583100914955139 0.3075569570064545 -0.9458685517311096
6605 1.617635369300842 0.3075737953186035 -0.9460418820381165
6606 1.651568412780762 0.3076399862766266 -0.9467341899871826
6607 1.684818267822266 0.3076622784137726 -0.9469712376594543
6608 1.717304944992065 0.307705283164978 -0.9474340081214905
6609 1.748950123786926 0.3076560795307159 -0.9469050765037537
6610 1.779677510261536 0.3076852858066559 -0.9472178220748901
6611 1.809413194656372 0.3077176511287689 -0.9475682377815247
6612 1.838085412979126 0.3077270984649658 -0.9476714730262756
6613 1.865625143051147 0.3077831566333771 -0.9482915997505188
6614 1.891966104507446 0.30782550573349 -0.948769748210907
6615 1.917044758796692 0.3078329265117645 -0.9488542079925537
6616 1.940800786018372 0.3077892661094666 -0.9483602643013
6617 1.963176846504211 0.3078128397464752 -0.9486258625984192
6618 1.984119057655334 0.3078290820121765 -0.9488104581832886
6619 2.003576993942261 0.3078250586986542 -0.9487645626068115
6620 2.021503686904907 0.3078527748584747 -0.9490820169448853
6621 2.037856101989746 0.3078793287277222 -0.9493896961212158
6622 2.052594900131226 0.3079069554805756 -0.9497140049934387
6623 2.06568431854248 0.3079172074794769 -0.9498353004455566
6624 2.077092885971069 0.307917594909668 -0.9498397707939148
6625 2.086793184280396 0.307930052280426 -0.9499880075454712
6626 2.094762086868286 0.3079387247562408 -0.950091540813446
6627 2.100979804992676 0.307941734790802 -0.9501277208328247
6628 2.105432033538818 0.3079355359077454 -0.9500534534454346
6629 2.108107566833496 0.3079273104667664 -0.9499551653862
6630 2.109000205993652 0.3079245388507843 -0.9499224424362183
6631 0.6269999742507935 0.3070532977581024 -0.9410805106163025
6632 0.6278925538063049 0.3070647418498993 -0.9411817789077759
6633 0.6305680871009827 0.3070988357067108 -0.9414854645729065
6634 0.6350201964378357 0.3071548938751221 -0.9419909119606018
6635 0.6412380933761597 0.3072218894958496 -0.9426053166389465
6636 0.649206817150116 0.3072856962680817 -0.9432011842727661
6637 0.6589071750640869 0.3073618412017822 -0.9439270496368408
6638 0.6703158020973206 0.3074354231357574 -0.9446448087692261
6639 0.6834052205085754 0.3075149953365326 -0.9454402923583984
6640 0.6981438994407654 0.307538777589798 -0.9456822276115417
6641 0.7144963145256042 0.3075400590896606 -0.9456952810287476
6642 0.7324230670928955 0.3075870871543884 -0.9461796879768372
6643 0.7518810033798218 0.3076308071613312 -0.9466372728347778
6644 0.7728232145309448 0.3076705038547516 -0.9470590353012085
6645 0.7951992154121399 0.3076893091201782 -0.9472610950469971
6646 0.8189551830291748 0.307731032371521 -0.947714626789093
6647 0.8440338373184204 0.3077984750270844 -0.9484636187553406
6648 0.8703747987747192 0.307824969291687 -0.9487635493278503
6649 0.8979145288467407 0.3078393638134003 -0.94892817735672
6650 0.9265867471694946 0.3078377842903137 -0.9489098191261292
6651 0.9563224315643311 0.3078461289405823 -0.9490055441856384
6652 0.9870498180389404 0.3079007863998413 -0.9496413469314575
6653 1.018694996833801 0.307942807674408 -0.9501405954360962
6654 1.051181674003601 0.3079954981803894 -0.9507808685302734
6655 1.084431529045105 0.3080542385578156 -0.9515147805213928
6656 1.118364572525024 0.3080219626426697 -0.9511087536811829
6657 1.152899026870728 0.3080563843250275 -0.9515423178672791
6658 1.187951683998108 0.3080978989601135 -0.9520754218101501
6659 1.223438024520874 0.3081454336643219 -0.9527007937431335
6660 1.259272694587708 0.3082086741924286 -0.9535605907440186
6661 1.295369267463684 0.3082363307476044 -0.9539471864700317
6662 1.331640839576721 0.3082476556301117 -0.954107403755188
6663 1.368000030517578 0.3082472085952759 -0.9541010856628418
6664 1.404359102249146 0.3082945048809052 -0.9547837376594543
6665 1.440630674362183 0.3083184361457825 -0.955138087272644
6666 1.476727247238159 0.3083814680576324 -0.9561010003089905
6667 1.512561917304993 0.3084179759025574 -0.9566811919212341
6668 1.548048257827759 0.3083963394165039 -0.9563350081443787
6669 1.583100914955139 0.3084285259246826 -0.9568519592285156
6670 1.617635369300842 0.3084501624107361 -0.9572074413299561
6671 1.651568412780762 0.3084997832775116 -0.9580498337745667
6672 1.684818267822266 0.3085242509841919 -0.9584807157516479
6673 1.717304944992065 0.3085567653179169 -0.9590699672698975
6674 1.748950123786926 0.3085343837738037 -0.9586618542671204
6675 1.779677510261536 0.3085584938526154 -0.9591016173362732
6676 1.809413194656372 0.308584064245224 -0.9595810174942017
6677 1.838085412979126 0.3085977733135223 -0.959844172000885
6678 1.865625143051147 0.3086353838443756 -0.9605887532234192
6679 1.891966104507446 0.3086636066436768 -0.9611727595329285
6680 1.917044758796692 0.3086732923984528 -0.9613783359527588
6681 1.940800786018372 0.3086532354354858 -0.9609553217887878
6682 1.963176846504211 0.3086696863174438 -0.9613016843795776
6683 1.984119057655334 0.3086824715137482 -0.9615761041641235
6684 2.003576993942261 0.3086854517459869 -0.9616411328315735
6685 2.021503686904907 0.3087029159069061 -0.9620268940925598
6686 2.037856101989746 0.3087193071842194 -0.9623996615409851
6687 2.052594900131226 0.3087359368801117 -0.9627887606620789
6688 2.06568431854248 0.3087442815303802 -0.9629880785942078
6689 2.077092885971069 0.3087472021579742 -0.9630588889122009
6690 2.086793184280396 0.308754950761795 -0.9632480144500732
6691 2.094762086868286 0.3087602257728577 -0.9633781909942627
6692 2.100979804992676 0.308762401342392 -0.9634323120117188
6693 2.105432033538818 0.3087603449821472 -0.9633813500404358
6694 2.108107566833496 0.3087571859359741 -0.9633026719093323
6695 2.109000205993652 0.3087561130523682 -0.9632765054702759
6696 0.6269999742507935 0.3078162968158722 -0.9486651420593262
6697 0.6278925538063049 0.3078250885009766 -0.9487650394439697
6698 0.6305680871009827 0.307851254940033 -0.9490644931793213
6699 0.6350201964378357 0.3078941106796265 -0.9495627880096436
6700 0.6412380933761597 0.307945191860199 -0.9501692652702332
6701 0.649206817150116 0.3079928457736969 -0.9507484436035156
6702 0.6589071750640869 0.3080494105815887 -0.9514538645744324
6703 0.6703158020973206 0.3081046938896179 -0.9521638154983521
6704 0.6834052205085754 0.3081643283367157 -0.9529544115066528
6705 0.6981438994407654 0.3081841170787811 -0.9532229900360107
6706 0.7144963145256042 0.3081866502761841 -0.9532576203346252
6707 0.7324230670928955 0.308225154876709 -0.9537900686264038
6708 0.7518810033798218 0.3082623481750488 -0.9543173313140869
6709 0.7728232145309448 0.3082976043224335 -0.9548296332359314
6710 0.7951992154121399 0.3083202242851257 -0.9551644325256348
6711 0.8189551830291748 0.3083584308624268 -0.9557437896728516
6712 0.8440338373184204 0.3084138333797455 -0.9566144943237305
6713 0.8703747987747192 0.3084414601325989 -0.9570638537406921
6714 0.8979145288467407 0.3084587156772614 -0.9573500156402588
6715 0.9265867471694946 0.3084631860256195 -0.9574247598648071
6716 0.9563224315643311 0.3084790408611298 -0.9576931595802307
6717 0.9870498180389404 0.308523029088974 -0.9584588408470154
6718 1.018694996833801 0.3085598945617676 -0.95912766456604
6719 1.051181674003601 0.3086031377315521 -0.9599481225013733
6720 1.084431529045105 0.3086467087268829 -0.9608202576637268
6721 1.118364572525024 0.3086331486701965 -0.9605433940887451
6722 1.152899026870728 0.3086616396903992 -0.9611314535140991
6723 1.187951683998108 0.3086940348148346 -0.9618299007415771
6724 1.223438024520874 0.3087296783924103 -0.9626405835151672
6725 1.259272694587708 0.3087718486785889 -0.9636706113815308
6726 1.295369267463684 0.3087937831878662 -0.9642421007156372
6727 1.331640839576721 0.3088042438030243 -0.9645254015922546
6728 1.368000030517578 0.3088102340698242 -0.964690625667572
6729 1.404359102249146 0.308838963508606 -0.9655200242996216
6730 1.440630674362183 0.3088569343090057 -0.9660750031471252
6731 1.476727247238159 0.3088901340961456 -0.967193603515625
6732 1.512561917304993 0.3089099228382111 -0.9679358005523682
6733 1.548048257827759 0.3089042007923126 -0.9677141904830933
6734 1.583100914955139 0.308920681476593 -0.9683714509010315
6735 1.617635369300842 0.3089329600334167 -0.9689003825187683
6736 1.651568412780762 0.3089533448219299 -0.9698833823204041
6737 1.684818267822266 0.3089645206928253 -0.9704985618591309
6738 1.717304944992065 0.308975875377655 -0.9712067842483521
6739 1.748950123786926 0.3089714050292969 -0.9709165096282959
6740 1.779677510261536 0.3089797496795654 -0.9714761972427368
6741 1.809413194656372 0.3089875876903534 -0.972077488899231
6742 1.838085412979126 0.3089922964572906 -0.9724929332733154
6743 1.865625143051147 0.3090003132820129 -0.9733537435531616
6744 1.891966104507446 0.3090049624443054 -0.974036693572998
6745 1.917044758796692 0.3090066313743591 -0.9743577241897583
6746 1.940800786018372 0.3090047836303711 -0.9740047454833984
6747 1.963176846504211 0.3090069591999054 -0.9744269251823425
6748 1.984119057655334 0.3090083301067352 -0.9747864007949829
6749 2.003576993942261 0.3090088665485382 -0.9749575853347778
6750 2.021503686904907 0.3090097606182098 -0.9754071831703186
6751 2.037856101989746 0.3090099990367889 -0.9758405685424805
6752 2.052594900131226 0.3090096116065979 -0.9762901067733765
6753 2.06568431854248 0.3090090453624725 -0.9765632748603821
6754 2.077092885971069 0.3090086877346039 -0.9766974449157715
6755 2.086793184280396 0.3090079426765442 -0.9769249558448792
6756 2.094762086868286 0.3090073466300964 -0.9770801067352295
6757 2.100979804992676 0.3090070486068726 -0.977151095867157
6758 2.105432033538818 0.3090071678161621 -0.9771227836608887
6759 2.108107566833496 0.3090074062347412 -0.9770633578300476
6760 2.109000205993652 0.3090074956417084 -0.9770435690879822
6761 0.6269999742507935 0.3084427714347839 -0.9570855498313904
6762 0.6278925538063049 0.3084487318992615 -0.9571837782859802
6763 0.6305680871009827 0.3084663450717926 -0.9574781060218811
6764 0.6350201964378357 0.308495044708252 -0.9579678177833557
6765 0.6412380933761597 0.3085289597511292 -0.9585645198822021
6766 0.649206817150116 0.3085598051548004 -0.9591256976127625
6767 0.6589071750640869 0.3085959553718567 -0.9598090648651123
6768 0.6703158020973206 0.3086314499378204 -0.9605091214179993
6769 0.6834052205085754 0.308669239282608 -0.9612921476364136
6770 0.6981438994407654 0.3086828589439392 -0.9615851044654846
6771 0.7144963145256042 0.3086853921413422 -0.9616401791572571
6772 0.7324230670928955 0.3087112903594971 -0.9622164964675903
6773 0.7518810033798218 0.3087367713451385 -0.9628080725669861
6774 0.7728232145309448 0.3087612986564636 -0.963404655456543
6775 0.7951992154121399 0.3087794184684753 -0.9638646841049194
6776 0.8189551830291748 0.3088055551052094 -0.9645616412162781
6777 0.8440338373184204 0.3088397979736328 -0.9655448794364929
6778 0.8703747987747192 0.3088588118553162 -0.9661348462104797
6779 0.8979145288467407 0.3088710904121399 -0.9665355682373047
6780 0.9265867471694946 0.3088759481906891 -0.9666986465454102
6781 0.9563224315643311 0.3088883459568024 -0.9671303033828735
6782 0.9870498180389404 0.3089119493961334 -0.9680167436599731
6783 1.018694996833801 0.3089317083358765 -0.9688442349433899
6784 1.051181674003601 0.3089523911476135 -0.9698329567909241
6785 1.084431529045105 0.3089700937271118 -0.9708331227302551
6786 1.118364572525024 0.3089675903320312 -0.9706801772117615
6787 1.152899026870728 0.3089788556098938 -0.9714128375053406
6788 1.187951683998108 0.3089897930622101 -0.9722657799720764
6789 1.223438024520874 0.3089994788169861 -0.9732493758201599
6790 1.259272694587708 0.3090069890022278 -0.9744370579719543
6791 1.295369267463684 0.3090093731880188 -0.9751818776130676
6792 1.331640839576721 0.3090099096298218 -0.9755811095237732
6793 1.368000030517578 0.3090099692344666 -0.9759086966514587
6794 1.404359102249146 0.3090081214904785 -0.9768739938735962
6795 1.440630674362183 0.3090046644210815 -0.9776172637939453
6796 1.476727247238159 0.3089946508407593 -0.9788790345191956
6797 1.512561917304993 0.3089844882488251 -0.9797717928886414
6798 1.548048257827759 0.3089857697486877 -0.9796695709228516
6799 1.583100914955139 0.3089748919010162 -0.9804571866989136
6800 1.617635369300842 0.3089637160301208 -0.9811484813690186
6801 1.651568412780762 0.3089424669742584 -0.982260525226593
6802 1.684818267822266 0.3089250028133392 -0.9830479025840759
6803 1.717304944992065 0.3089047074317932 -0.9838657379150391
6804 1.748950123786926 0.3089092969894409 -0.9836886525154114
6805 1.779677510261536 0.3088914155960083 -0.9843596816062927
6806 1.809413194656372 0.3088708221912384 -0.9850738048553467
6807 1.838085412979126 0.3088535368442535 -0.9856318235397339
6808 1.865625143051147 0.3088212609291077 -0.9865986704826355
6809 1.891966104507446 0.3087932467460632 -0.9873722195625305
6810 1.917044758796692 0.30877685546875 -0.9878010749816895
6811 1.940800786018372 0.3087877929210663 -0.9875163435935974
6812 1.963176846504211 0.3087687492370605 -0.988008439540863
6813 1.984119057655334 0.308751106262207 -0.9884467720985413
6814 2.003576993942261 0.3087398707866669 -0.988717794418335
6815 2.021503686904907 0.308718204498291 -0.9892256259918213
6816 2.037856101989746 0.3086965680122375 -0.9897143244743347
6817 2.052594900131226 0.3086734116077423 -0.9902188777923584
6818 2.06568431854248 0.3086572587490082 -0.9905607104301453
6819 2.077092885971069 0.3086479306221008 -0.990754246711731
6820 2.086793184280396 0.3086351156234741 -0.9910169243812561
6821 2.094762086868286 0.308626264333725 -0.9911949038505554
6822 2.100979804992676 0.3086219429969788 -0.9912816286087036
6823 2.105432033538818 0.308622270822525 -0.991274893283844
6824 2.108107566833496 0.3086243271827698 -0.9912339448928833
6825 2.109000205993652 0.3086250126361847 -0.9912203550338745
6826 0.6269999742507935 0.3088674247264862 -0.9664137363433838
6827 0.6278925538063049 0.3088703155517578 -0.9665099382400513
6828 0.6305680871009827 0.3088788688182831 -0.9667981863021851
6829 0.6350201964378357 0.3088924586772919 -0.9672778248786926
6830 0.6412380933761597 0.3089080452919006 -0.9678629040718079
6831 0.649206817150116 0.3089214861392975 -0.9684047698974609
6832 0.6589071750640869 0.308936595916748 -0.9690645337104797
6833 0.6703158020973206 0.308950811624527 -0.969752311706543
6834 0.6834052205085754 0.3089649677276611 -0.9705250263214111
6835 0.6981438994407654 0.308970183134079 -0.9708397388458252
6836 0.7144963145256042 0.3089713752269745 -0.9709138870239258
6837 0.7324230670928955 0.3089804947376251 -0.9715291261672974
6838 0.7518810033798218 0.3089887797832489 -0.9721789956092834
6839 0.7728232145309448 0.3089959323406219 -0.9728525280952454
6840 0.7951992154121399 0.3090009093284607 -0.9734286665916443
6841 0.8189551830291748 0.3090060353279114 -0.9742335677146912
6842 0.8440338373184204 0.3090096116065979 -0.9753186702728271
6843 0.8703747987747192 0.3090099096298218 -0.9760385751724243
6844 0.8979145288467407 0.3090091049671173 -0.9765455722808838
6845 0.9265867471694946 0.3090084195137024 -0.9767911434173584
6846 0.9563224315643311 0.3090059757232666 -0.9773748517036438
6847 0.9870498180389404 0.3089993000030518 -0.9783710837364197
6848 1.018694996833801 0.3089896738529205 -0.979344367980957
6849 1.051181674003601 0.3089744448661804 -0.9804871082305908
6850 1.084431529045105 0.3089554905891418 -0.9816032648086548
6851 1.118364572525024 0.3089561760425568 -0.9815678596496582
6852 1.152899026870728 0.3089388012886047 -0.9824333190917969
6853 1.187951683998108 0.3089158535003662 -0.9834277033805847
6854 1.223438024520874 0.3088855445384979 -0.9845694303512573
6855 1.259272694587708 0.3088448941707611 -0.985899806022644
6856 1.295369267463684 0.3088139891624451 -0.986804187297821
6857 1.331640839576721 0.3087955415248871 -0.987310528755188
6858 1.368000030517578 0.3087773323059082 -0.9877892136573792
6859 1.404359102249146 0.3087331354618073 -0.9888777136802673
6860 1.440630674362183 0.3086929619312286 -0.9897943735122681
6861 1.476727247238159 0.308626800775528 -0.9911842346191406
6862 1.512561917304993 0.3085737526416779 -0.9922140836715698
6863 1.548048257827759 0.3085731863975525 -0.9922245740890503
6864 1.583100914955139 0.3085236251354218 -0.9931305646896362
6865 1.617635369300842 0.3084752857685089 -0.9939708709716797
6866 1.651568412780762 0.3084005415439606 -0.9951983094215393
6867 1.684818267822266 0.3083396553993225 -0.9961432218551636
6868 1.717304944992065 0.308277815580368 -0.9970596432685852
6869 1.748950123786926 0.3082826137542725 -0.9969897866249084
6870 1.779677510261536 0.308228611946106 -0.997761607170105
6871 1.809413194656372 0.3081693649291992 -0.9985776543617249
6872 1.838085412979126 0.308117687702179 -0.9992664456367493
6873 1.865625143051147 0.3080350458621979 -1.000327467918396
6874 1.891966104507446 0.3079658448696136 -1.001181602478027
6875 1.917044758796692 0.3079218864440918 -1.001709222793579
6876 1.940800786018372 0.3079402446746826 -1.001489996910095
6877 1.963176846504211 0.3078934550285339 -1.002044916152954
6878 1.984119057655334 0.3078495860099792 -1.002554655075073
6879 2.003576993942261 0.307817816734314 -1.002917766571045
6880 2.021503686904907 0.3077680170536041 -1.003477215766907
6881 2.037856101989746 0.3077192008495331 -1.00401496887207
6882 2.052594900131226 0.3076679706573486 -1.004568099975586
6883 2.06568431854248 0.3076299130916595 -1.004972219467163
6884 2.077092885971069 0.3076062798500061 -1.005220293998718
6885 2.086793184280396 0.3075780272483826 -1.00551438331604
6886 2.094762086868286 0.3075587749481201 -1.005712747573853
6887 2.100979804992676 0.3075489699840546 -1.005813598632812
6888 2.105432033538818 0.3075476288795471 -1.005827188491821
6889 2.108107566833496 0.307549923658371 -1.005803823471069
6890 2.109000205993652 0.3075506687164307 -1.005796074867249
6891 0.6269999742507935 0.3090086579322815 -0.9767106175422668
6892 0.6278925538063049 0.3090083599090576 -0.9768044948577881
6893 0.6305680871009827 0.309007316827774 -0.9770857691764832
6894 0.6350201964378357 0.3090050220489502 -0.97755366563797
6895 0.6412380933761597 0.3090012669563293 -0.9781251549720764
6896 0.649206817150116 0.3089968860149384 -0.9786463975906372
6897 0.6589071750640869 0.3089903891086578 -0.979280948638916
6898 0.6703158020973206 0.3089820742607117 -0.9799540638923645
6899 0.6834052205085754 0.3089709281921387 -0.9807134866714478
6900 0.6981438994407654 0.3089654445648193 -0.9810469746589661
6901 0.7144963145256042 0.3089638948440552 -0.9811385869979858
6902 0.7324230670928955 0.3089520037174225 -0.9817872047424316
6903 0.7518810033798218 0.3089376091957092 -0.9824883341789246
6904 0.7728232145309448 0.3089206516742706 -0.9832304120063782
6905 0.7951992154121399 0.3089035153388977 -0.9839121103286743
6906 0.8189551830291748 0.3088785111904144 -0.9848137497901917
6907 0.8440338373184204 0.3088419735431671 -0.9859886169433594
6908 0.8703747987747192 0.308813214302063 -0.9868260622024536
6909 0.8979145288467407 0.3087910711765289 -0.9874296188354492
6910 0.9265867471694946 0.3087788224220276 -0.9877508878707886
6911 0.9563224315643311 0.3087500035762787 -0.9884733557701111
6912 0.9870498180389404 0.3087031841278076 -0.9895669221878052
6913 1.018694996833801 0.3086519539356232 -0.9906711578369141
6914 1.051181674003601 0.3085876107215881 -0.9919514656066895
6915 1.084431529045105 0.3085214197635651 -0.9931698441505432
6916 1.118364572525024 0.3085172474384308 -0.9932439923286438
6917 1.152899026870728 0.308459997177124 -0.9942285418510437
6918 1.187951683998108 0.3083910048007965 -0.9953493475914001
6919 1.223438024520874 0.3083069920539856 -0.9966320395469666
6920 1.259272694587708 0.3082051575183868 -0.998088002204895
6921 1.295369267463684 0.3081276118755341 -0.9991358518600464
6922 1.331640839576721 0.308081328868866 -0.9997389912605286
6923 1.368000030517578 0.3080328106880188 -1.00035548210144
6924 1.404359102249146 0.3079350590705872 -1.00155234336853
6925 1.440630674362183 0.3078434765338898 -1.002624869346619
6926 1.476727247238159 0.3077089786529541 -1.004125952720642
6927 1.512561917304993 0.3076008558273315 -1.005277037620544
6928 1.548048257827759 0.3075897991657257 -1.005392074584961
6929 1.583100914955139 0.3074908852577209 -1.006402730941772
6930 1.617635369300842 0.3073924481868744 -1.007376432418823
6931 1.651568412780762 0.3072532117366791 -1.008703589439392
6932 1.684818267822266 0.3071350455284119 -1.009788870811462
6933 1.717304944992065 0.3070224821567535 -1.010791182518005
6934 1.748950123786926 0.307019054889679 -1.010821104049683
6935 1.779677510261536 0.306919664144516 -1.01168167591095
6936 1.809413194656372 0.3068124353885651 -1.012587308883667
6937 1.838085412979126 0.3067147731781006 -1.013392806053162
6938 1.865625143051147 0.3065727055072784 -1.014534473419189
6939 1.891966104507446 0.306454598903656 -1.01545786857605
6940 1.917044758796692 0.3063743114471436 -1.01607358455658
6941 1.940800786018372 0.3063949346542358 -1.015916466712952
6942 1.963176846504211 0.3063145279884338 -1.016525864601135
6943 1.984119057655334 0.3062378466129303 -1.017098546028137
6944 2.003576993942261 0.3061773777008057 -1.017544388771057
6945 2.021503686904907 0.3060944676399231 -1.018148064613342
6946 2.037856101989746 0.3060137331485748 -1.018727540969849
6947 2.052594900131226 0.3059297502040863 -1.019322156906128
6948 2.06568431854248 0.3058640658855438 -1.019781231880188
6949 2.077092885971069 0.3058212697505951 -1.02007794380188
6950 2.086793184280396 0.3057745695114136 -1.020399212837219
6951 2.094762086868286 0.305743008852005 -1.020615100860596
6952 2.100979804992676 0.3057263791561127 -1.020728349685669
6953 2.105432033538818 0.305721640586853 -1.020760536193848
6954 2.108107566833496 0.3057226538658142 -1.020753622055054
6955 2.109000205993652 0.3057230114936829 -1.020751357078552
6956 0.6269999742507935 0.3087681233882904 -0.9880237579345703
6957 0.6278925538063049 0.3087645173072815 -0.9881149530410767
6958 0.6305680871009827 0.308753490447998 -0.9883881807327271
6959 0.6350201964378357 0.3087346255779266 -0.9888426661491394
6960 0.6412380933761597 0.3087106347084045 -0.9893984198570251
6961 0.649206817150116 0.3086882531642914 -0.9898977875709534
6962 0.6589071750640869 0.3086598813533783 -0.990505576133728
6963 0.6703158020973206 0.3086279332637787 -0.9911614060401917
6964 0.6834052205085754 0.3085900843143463 -0.9919042587280273
6965 0.6981438994407654 0.3085716664791107 -0.992253303527832
6966 0.7144963145256042 0.3085659146308899 -0.992360532283783
6967 0.7324230670928955 0.3085289001464844 -0.9930363297462463
6968 0.7518810033798218 0.3084864318370819 -0.993780791759491
6969 0.7728232145309448 0.3084386885166168 -0.9945819973945618
6970 0.7951992154121399 0.3083904981613159 -0.9953572154045105
6971 0.8189551830291748 0.30832639336586 -0.9963429570198059
6972 0.8440338373184204 0.3082405030727386 -0.9975938200950623
6973 0.8703747987747192 0.3081725239753723 -0.9985348582267761
6974 0.8979145288467407 0.3081209063529968 -0.9992239475250244
6975 0.9265867471694946 0.3080910742282867 -0.9996131062507629
6976 0.9563224315643311 0.308024525642395 -1.00045919418335
6977 0.9870498180389404 0.307928055524826 -1.001635789871216
6978 1.018694996833801 0.3078234195709229 -1.002854108810425
6979 1.051181674003601 0.3076972365379333 -1.004253387451172
6980 1.084431529045105 0.3075737655162811 -1.005558490753174
6981 1.118364572525024 0.3075568079948425 -1.005733013153076
6982 1.152899026870728 0.3074489831924438 -1.006821155548096
6983 1.187951683998108 0.3073223829269409 -1.008051156997681
6984 1.223438024520874 0.3071717321872711 -1.009455561637878
6985 1.259272694587708 0.3069965541362762 -1.011017799377441
6986 1.295369267463684 0.3068597316741943 -1.012190699577332
6987 1.331640839576721 0.3067773282527924 -1.012878894805908
6988 1.368000030517578 0.3066870868206024 -1.013618111610413
6989 1.404359102249146 0.3065254688262939 -1.014906525611877
6990 1.440630674362183 0.3063688278198242 -1.016115188598633
6991 1.476727247238159 0.3061549663543701 -1.017708301544189
6992 1.512561917304993 0.3059806227684021 -1.018962979316711
6993 1.548048257827759 0.3059508800506592 -1.019173145294189
6994 1.583100914955139 0.3057929575443268 -1.020272970199585
6995 1.617635369300842 0.3056325912475586 -1.021362066268921
6996 1.651568412780762 0.3054191470146179 -1.02277147769928
6997 1.684818267822266 0.3052311837673187 -1.023977875709534
6998 1.717304944992065 0.3050597310066223 -1.025051832199097
6999 1.748950123786926 0.3050401508808136 -1.025172829627991
7000 1.779677510261536 0.3048872351646423 -1.026108622550964
7001 1.809413194656372 0.3047237396240234 -1.027089595794678
7002 1.838085412979126 0.3045697510242462 -1.027996182441711
7003 1.865625143051147 0.304360419511795 -1.029203295707703
7004 1.891966104507446 0.3041868209838867 -1.030183434486389
7005 1.917044758796692 0.3040623664855957 -1.030875086784363
7006 1.940800786018372 0.3040803372859955 -1.030775666236877
7007 1.963176846504211 0.3039612174034119 -1.03143048286438
7008 1.984119057655334 0.3038460314273834 -1.032056212425232
7009 2.003576993942261 0.3037496507167816 -1.032574415206909
7010 2.021503686904907 0.3036293983459473 -1.033213973045349
7011 2.037856101989746 0.3035127818584442 -1.033827424049377
7012 2.052594900131226 0.3033920526504517 -1.034455299377441
7013 2.06568431854248 0.3032938241958618 -1.034961104393005
7014 2.077092885971069 0.3032275140285492 -1.035300016403198
7015 2.086793184280396 0.3031598925590515 -1.035643577575684
7016 2.094762086868286 0.3031143844127655 -1.035873770713806
7017 2.100979804992676 0.3030897974967957 -1.03599750995636
7018 2.105432033538818 0.3030800819396973 -1.036046504974365
7019 2.108107566833496 0.3030784726142883 -1.036054611206055
7020 2.109000205993652 0.3030779361724854 -1.036057233810425
7021 0.6269999742507935 0.3080305159091949 -1.000384211540222
7022 0.6278925538063049 0.3080234825611115 -1.0004723072052
7023 0.6305680871009827 0.3080022037029266 -1.000736474990845
7024 0.6350201964378357 0.3079663217067719 -1.001175880432129
7025 0.6412380933761597 0.3079215288162231 -1.001713514328003
7026 0.649206817150116 0.307881087064743 -1.002189755439758
7027 0.6589071750640869 0.3078308701515198 -1.002769231796265
7028 0.6703158020973206 0.3077745139598846 -1.003404974937439
7029 0.6834052205085754 0.3077087998390198 -1.004127979278564
7030 0.6981438994407654 0.3076753616333008 -1.004488825798035
7031 0.7144963145256042 0.3076640963554382 -1.00460958480835
7032 0.7324230670928955 0.3075980842113495 -1.005305767059326
7033 0.7518810033798218 0.3075223565101624 -1.00608491897583
7034 0.7728232145309448 0.3074374794960022 -1.006934642791748
7035 0.7951992154121399 0.307349681854248 -1.007789969444275
7036 0.8189551830291748 0.3072379529476166 -1.008845686912537
7037 0.8440338373184204 0.3070940375328064 -1.010157346725464
7038 0.8703747987747192 0.3069771826267242 -1.011186361312866
7039 0.8979145288467407 0.3068883419036865 -1.011948585510254
7040 0.9265867471694946 0.3068352341651917 -1.012396812438965
7041 0.9563224315643311 0.3067200779914856 -1.013349652290344
7042 0.9870498180389404 0.3065651953220367 -1.014593839645386
7043 1.018694996833801 0.3063961267471313 -1.015907168388367
7044 1.051181674003601 0.306196391582489 -1.017404794692993
7045 1.084431529045105 0.3060064613819122 -1.018779397010803
7046 1.118364572525024 0.3059691786766052 -1.019043922424316
7047 1.152899026870728 0.3058009147644043 -1.020218253135681
7048 1.187951683998108 0.3056062161922455 -1.021538734436035
7049 1.223438024520874 0.3053772449493408 -1.023043274879456
7050 1.259272694587708 0.3051178753376007 -1.024690389633179
7051 1.295369267463684 0.3049103915691376 -1.025968074798584
7052 1.331640839576721 0.3047843277454376 -1.026728272438049
7053 1.368000030517578 0.304641991853714 -1.027572870254517
7054 1.404359102249146 0.3044074177742004 -1.028934836387634
7055 1.440630674362183 0.3041735887527466 -1.0302574634552
7056 1.476727247238159 0.3038709163665771 -1.031921625137329
7057 1.512561917304993 0.3036206364631653 -1.033260345458984
7058 1.548048257827759 0.3035647571086884 -1.033554792404175
7059 1.583100914955139 0.3033394813537598 -1.034726619720459
7060 1.617635369300842 0.3031069040298462 -1.035911560058594
7061 1.651568412780762 0.3028111159801483 -1.037384152412415
7062 1.684818267822266 0.3025425672531128 -1.038690209388733
7063 1.717304944992065 0.3023054897785187 -1.039820075035095
7064 1.748950123786926 0.3022626042366028 -1.040022253990173
7065 1.779677510261536 0.3020492792129517 -1.04101824760437
7066 1.809413194656372 0.3018226325511932 -1.042059183120728
7067 1.838085412979126 0.3016035258769989 -1.043049454689026
7068 1.865625143051147 0.3013206720352173 -1.044305682182312
7069 1.891966104507446 0.3010862767696381 -1.045328736305237
7070 1.917044758796692 0.3009110987186432 -1.046082973480225
7071 1.940800786018372 0.3009219765663147 -1.04603636264801
7072 1.963176846504211 0.3007600605487823 -1.04672646522522
7073 1.984119057655334 0.3006016612052917 -1.047394871711731
7074 2.003576993942261 0.3004632294178009 -1.04797351360321
7075 2.021503686904907 0.3003023862838745 -1.048640012741089
7076 2.037856101989746 0.3001467287540436 -1.049278736114502
7077 2.052594900131226 0.2999862432479858 -1.049931168556213
7078 2.06568431854248 0.2998514473438263 -1.050474524497986
7079 2.077092885971069 0.2997580766677856 -1.050848484039307
7080 2.086793184280396 0.2996675372123718 -1.051209211349487
7081 2.094762086868286 0.2996067702770233 -1.051450252532959
7082 2.100979804992676 0.2995733618736267 -1.051582455635071
7083 2.105432033538818 0.2995572984218597 -1.051645874977112
7084 2.108107566833496 0.2995518445968628 -1.051667451858521
7085 2.109000205993652 0.2995500266551971 -1.051674604415894
7086 0.6269999742507935 0.3066641390323639 -1.013803601264954
7087 0.6278925538063049 0.3066536486148834 -1.013888359069824
7088 0.6305680871009827 0.3066219985485077 -1.014142394065857
7089 0.6350201964378357 0.3065688610076904 -1.014564752578735
7090 0.6412380933761597 0.3065029978752136 -1.015082240104675
7091 0.649206817150116 0.3064447641372681 -1.015533804893494
7092 0.6589071750640869 0.3063730299472809 -1.016083359718323
7093 0.6703158020973206 0.3062918186187744 -1.016696214675903
7094 0.6834052205085754 0.3061976134777069 -1.017395734786987
7095 0.6981438994407654 0.3061472773551941 -1.017764568328857
7096 0.7144963145256042 0.3061291575431824 -1.01789653301239
7097 0.7324230670928955 0.306030809879303 -1.018605709075928
7098 0.7518810033798218 0.3059172332286835 -1.019409894943237
7099 0.7728232145309448 0.3057895004749298 -1.020296812057495
7100 0.7951992154121399 0.3056541383266449 -1.021217226982117
7101 0.8189551830291748 0.3054870665073395 -1.022327661514282
7102 0.8440338373184204 0.3052774965763092 -1.023683547973633
7103 0.8703747987747192 0.3051029443740845 -1.024783372879028
7104 0.8979145288467407 0.3049699068069458 -1.025604963302612
7105 0.9265867471694946 0.3048881888389587 -1.026102662086487
7106 0.9563224315643311 0.3047146499156952 -1.027143478393555
7107 0.9870498180389404 0.3044936954975128 -1.028438091278076
7108 1.018694996833801 0.3042504787445068 -1.029826164245605
7109 1.051181674003601 0.3039669096469879 -1.031399488449097
7110 1.084431529045105 0.3037026822566986 -1.032824993133545
7111 1.118364572525024 0.3036381602287292 -1.033167719841003
7112 1.152899026870728 0.3034009337425232 -1.034409403800964
7113 1.187951683998108 0.3031290769577026 -1.035799622535706
7114 1.223438024520874 0.3028117716312408 -1.037380933761597
7115 1.259272694587708 0.3024592101573944 -1.039089918136597
7116 1.295369267463684 0.3021713495254517 -1.040450215339661
7117 1.331640839576721 0.3019952476024628 -1.041267991065979
7118 1.368000030517578 0.301791787147522 -1.042199492454529
7119 1.404359102249146 0.3014768958091736 -1.043614864349365
7120 1.440630674362183 0.3011556565761566 -1.045027494430542
7121 1.476727247238159 0.3007567822933197 -1.046740293502808
7122 1.512561917304993 0.3004227578639984 -1.048141837120056
7123 1.548048257827759 0.3003341853618622 -1.048508763313293
7124 1.583100914955139 0.3000349104404449 -1.049733996391296
7125 1.617635369300842 0.2997217774391174 -1.050993323326111
7126 1.651568412780762 0.2993375062942505 -1.05250871181488
7127 1.684818267822266 0.2989798188209534 -1.05389130115509
7128 1.717304944992065 0.2986719906330109 -1.055060505867004
7129 1.748950123786926 0.2985995709896088 -1.055332779884338
7130 1.779677510261536 0.2983206212520599 -1.056372880935669
7131 1.809413194656372 0.2980256080627441 -1.057457327842712
7132 1.838085412979126 0.2977344989776611 -1.058512330055237
7133 1.865625143051147 0.2973737418651581 -1.059800267219543
7134 1.891966104507446 0.2970747649669647 -1.060851573944092
7135 1.917044758796692 0.2968438565731049 -1.061653971672058
7136 1.940800786018372 0.2968437075614929 -1.061654448509216
7137 1.963176846504211 0.2966360449790955 -1.062369227409363
7138 1.984119057655334 0.2964309751987457 -1.063068866729736
7139 2.003576993942261 0.2962457537651062 -1.063695549964905
7140 2.021503686904907 0.2960420548915863 -1.064379215240479
7141 2.037856101989746 0.2958453297615051 -1.065034151077271
7142 2.052594900131226 0.2956430613994598 -1.065701961517334
7143 2.06568431854248 0.2954687178134918 -1.066273331642151
7144 2.077092885971069 0.2953455746173859 -1.066674470901489
7145 2.086793184280396 0.2952308058738708 -1.067046642303467
7146 2.094762086868286 0.2951539158821106 -1.067295074462891
7147 2.100979804992676 0.2951110303401947 -1.06743323802948
7148 2.105432033538818 0.2950875163078308 -1.067508935928345
7149 2.108107566833496 0.2950772345066071 -1.06754207611084
7150 2.109000205993652 0.2950738072395325 -1.067553162574768
7151 0.6269999742507935 0.3045224845409393 -1.028271317481995
7152 0.6278925538063049 0.3045085072517395 -1.0283522605896
7153 0.6305680871009827 0.3044665455818176 -1.028594970703125
7154 0.6350201964378357 0.3043963015079498 -1.028998374938965
7155 0.6412380933761597 0.3043093979358673 -1.02949321269989
7156 0.649206817150116 0.3042339682579041 -1.029919028282166
7157 0.6589071750640869 0.3041413724422455 -1.030437111854553
7158 0.6703158020973206 0.3040353357791901 -1.031024098396301
7159 0.6834052205085754 0.3039124310016632 -1.031696557998657
7160 0.6981438994407654 0.3038436770439148 -1.032068967819214
7161 0.7144963145256042 0.3038176000118256 -1.032209634780884
7162 0.7324230670928955 0.3036841452121735 -1.032923817634583
7163 0.7518810033798218 0.303528904914856 -1.033742904663086
7164 0.7728232145309448 0.303353488445282 -1.034654378890991
7165 0.7951992154121399 0.3031637370586395 -1.035624027252197
7166 0.8189551830291748 0.3029348850250244 -1.036772489547729
7167 0.8440338373184204 0.3026533722877502 -1.03815484046936
7168 0.8703747987747192 0.3024137318134308 -1.039306879043579
7169 0.8979145288467407 0.3022304773330688 -1.040173292160034
7170 0.9265867471694946 0.3021156787872314 -1.040709972381592
7171 0.9563224315643311 0.3018753528594971 -1.041818499565125
7172 0.9870498180389404 0.3015821576118469 -1.043145298957825
7173 1.018694996833801 0.3012568652629852 -1.044585824012756
7174 1.051181674003601 0.3008812367916107 -1.046210646629333
7175 1.084431529045105 0.3005366623401642 -1.047667264938354
7176 1.118364572525024 0.3004387617111206 -1.048075437545776
7177 1.152899026870728 0.300125777721405 -1.04936420917511
7178 1.187951683998108 0.2997696995735168 -1.050802111625671
7179 1.223438024520874 0.2993563115596771 -1.052435278892517
7180 1.259272694587708 0.2989038825035095 -1.054181456565857
7181 1.295369267463684 0.2985281348228455 -1.055600643157959
7182 1.331640839576721 0.2982968688011169 -1.056460738182068
7183 1.368000030517578 0.2980251610279083 -1.057458877563477
7184 1.404359102249146 0.2976246774196625 -1.05890679359436
7185 1.440630674362183 0.2972082793712616 -1.060383796691895
7186 1.476727247238159 0.2967082560062408 -1.062121391296387
7187 1.512561917304993 0.296284943819046 -1.063563346862793
7188 1.548048257827759 0.2961583435535431 -1.063989639282227
7189 1.583100914955139 0.2957804799079895 -1.065248847007751
7190 1.617635369300842 0.2953807711601257 -1.066560029983521
7191 1.651568412780762 0.2949042320251465 -1.06809663772583
7192 1.684818267822266 0.2944514155387878 -1.069531202316284
7193 1.717304944992065 0.2940696775913239 -1.070722103118896
7194 1.748950123786926 0.2939627766609192 -1.071052670478821
7195 1.779677510261536 0.2936148047447205 -1.072119951248169
7196 1.809413194656372 0.293248176574707 -1.073230385780334
7197 1.838085412979126 0.2928804159164429 -1.074330449104309
7198 1.865625143051147 0.2924394309520721 -1.075631618499756
7199 1.891966104507446 0.2920739352703094 -1.076695919036865
7200 1.917044758796692 0.2917839884757996 -1.077531456947327
7201 1.940800786018372 0.2917695343494415 -1.07757294178009
7202 1.963176846504211 0.2915144860744476 -1.078301191329956
7203 1.984119057655334 0.2912607192993164 -1.079020023345947
7204 2.003576993942261 0.2910254895687103 -1.079681396484375
7205 2.021503686904907 0.290777862071991 -1.080372452735901
7206 2.037856101989746 0.2905391454696655 -1.081033945083618
7207 2.052594900131226 0.2902942597866058 -1.08170759677887
7208 2.06568431854248 0.2900786697864532 -1.08229672908783
7209 2.077092885971069 0.2899240255355835 -1.082716941833496
7210 2.086793184280396 0.2897843420505524 -1.083094954490662
7211 2.094762086868286 0.2896910011768341 -1.083346724510193
7212 2.100979804992676 0.2896382808685303 -1.083488702774048
7213 2.105432033538818 0.2896064817905426 -1.083574175834656
7214 2.108107566833496 0.2895905673503876 -1.083616971969604
7215 2.109000205993652 0.2895852327346802 -1.083631157875061
7216 0.6269999742507935 0.3014463484287262 -1.043750524520874
7217 0.6278925538063049 0.3014290332794189 -1.043827295303345
7218 0.6305680871009827 0.30137699842453 -1.044057488441467
7219 0.6350201964378357 0.3012900650501251 -1.044440150260925
7220 0.6412380933761597 0.3011826872825623 -1.044909834861755
7221 0.649206817150116 0.3010908961296082 -1.045308709144592
7222 0.6589071750640869 0.3009785115718842 -1.045793652534485
7223 0.6703158020973206 0.3008481562137604 -1.046351790428162
7224 0.6834052205085754 0.30069699883461 -1.046993374824524
7225 0.6981438994407654 0.30060875415802 -1.047365069389343
7226 0.7144963145256042 0.3005737960338593 -1.047511696815491
7227 0.7324230670928955 0.300403356552124 -1.048222422599792
7228 0.7518810033798218 0.3002037107944489 -1.049045562744141
7229 0.7728232145309448 0.299977034330368 -1.049968481063843
7230 0.7951992154121399 0.2997275292873383 -1.050970315933228
7231 0.8189551830291748 0.2994319796562195 -1.052139163017273
7232 0.8440338373184204 0.2990741729736328 -1.053529143333435
7233 0.8703747987747192 0.2987638115882874 -1.054713726043701
7234 0.8979145288467407 0.2985257804393768 -1.055609345436096
7235 0.9265867471694946 0.2983743250370026 -1.056173801422119
7236 0.9563224315643311 0.2980608344078064 -1.057328581809998
7237 0.9870498180389404 0.297691136598587 -1.058668375015259
7238 1.018694996833801 0.2972781658172607 -1.060137867927551
7239 1.051181674003601 0.296804815530777 -1.06178879737854
7240 1.084431529045105 0.296375960111618 -1.063255548477173
7241 1.118364572525024 0.2962397933006287 -1.063715696334839
7242 1.152899026870728 0.2958464622497559 -1.065030336380005
7243 1.187951683998108 0.2954014837741852 -1.066492557525635
7244 1.223438024520874 0.2948870658874512 -1.068151473999023
7245 1.259272694587708 0.2943308055400848 -1.06990921497345
7246 1.295369267463684 0.2938622534275055 -1.071362257003784
7247 1.331640839576721 0.2935725450515747 -1.072248578071594
7248 1.368000030517578 0.2932276129722595 -1.073292255401611
7249 1.404359102249146 0.292738676071167 -1.074750781059265
7250 1.440630674362183 0.2922223806381226 -1.076265215873718
7251 1.476727247238159 0.2916190624237061 -1.078003287315369
7252 1.512561917304993 0.2911036312580109 -1.079462289810181
7253 1.548048257827759 0.2909350395202637 -1.079934358596802
7254 1.583100914955139 0.2904763519763947 -1.081207156181335
7255 1.617635369300842 0.2899868488311768 -1.082546472549438
7256 1.651568412780762 0.2894168794155121 -1.084082245826721
7257 1.684818267822266 0.2888659536838531 -1.085543513298035
7258 1.717304944992065 0.2884093225002289 -1.086737990379333
7259 1.748950123786926 0.2882643640041351 -1.087114095687866
7260 1.779677510261536 0.2878461480140686 -1.088191151618958
7261 1.809413194656372 0.2874068021774292 -1.089309930801392
7262 1.838085412979126 0.2869602143764496 -1.090434312820435
7263 1.865625143051147 0.2864391207695007 -1.091730237007141
7264 1.891966104507446 0.2860071063041687 -1.09279191493988
7265 1.917044758796692 0.285656750202179 -1.093644857406616
7266 1.940800786018372 0.2856254279613495 -1.093720674514771
7267 1.963176846504211 0.2853228449821472 -1.094450950622559
7268 1.984119057655334 0.2850198447704315 -1.095176935195923
7269 2.003576993942261 0.2847331166267395 -1.095859289169312
7270 2.021503686904907 0.2844419181346893 -1.096547484397888
7271 2.037856101989746 0.2841615080833435 -1.097205996513367
7272 2.052594900131226 0.2838744521141052 -1.097875714302063
7273 2.06568431854248 0.2836171984672546 -1.098472237586975
7274 2.077092885971069 0.283430427312851 -1.098903059959412
7275 2.086793184280396 0.2832659780979156 -1.099281072616577
7276 2.094762086868286 0.2831562459468842 -1.09953248500824
7277 2.100979804992676 0.2830936312675476 -1.09967565536499
7278 2.105432033538818 0.283053070306778 -1.099768280982971
7279 2.108107566833496 0.2830309867858887 -1.099818706512451
7280 2.109000205993652 0.2830236256122589 -1.099835515022278
7281 0.6269999742507935 0.2972674965858459 -1.06017541885376
7282 0.6278925538063049 0.2972469925880432 -1.060247659683228
7283 0.6305680871009827 0.2971853911876678 -1.060464262962341
7284 0.6350201964378357 0.2970825731754303 -1.060824155807495
7285 0.6412380933761597 0.2969556450843811 -1.061266541481018
7286 0.649206817150116 0.2968487739562988 -1.061637043952942
7287 0.6589071750640869 0.2967181205749512 -1.062087535858154
7288 0.6703158020973206 0.2965645492076874 -1.062613964080811
7289 0.6834052205085754 0.296386182308197 -1.063220858573914
7290 0.6981438994407654 0.2962779700756073 -1.063586950302124
7291 0.7144963145256042 0.2962334752082825 -1.063736915588379
7292 0.7324230670928955 0.2960252165794373 -1.064435482025146
7293 0.7518810033798218 0.2957797050476074 -1.065251350402832
7294 0.7728232145309448 0.2954996824264526 -1.066172122955322
7295 0.7951992154121399 0.2951870262622833 -1.067188262939453
7296 0.8189551830291748 0.2948219776153564 -1.068359017372131
7297 0.8440338373184204 0.2943857312202454 -1.069737315177917
7298 0.8703747987747192 0.2940012514591217 -1.070933818817139
7299 0.8979145288467407 0.2937056422233582 -1.071842551231384
7300 0.9265867471694946 0.2935152053833008 -1.072422981262207
7301 0.9563224315643311 0.2931245267391205 -1.073601841926575
7302 0.9870498180389404 0.2926765084266663 -1.074934482574463
7303 1.018694996833801 0.2921729385852814 -1.076408982276917
7304 1.051181674003601 0.2915992736816406 -1.078059673309326
7305 1.084431529045105 0.2910848557949066 -1.079514980316162
7306 1.118364572525024 0.2909069657325745 -1.080012917518616
7307 1.152899026870728 0.2904312610626221 -1.081331372261047
7308 1.187951683998108 0.2898955643177032 -1.082794070243835
7309 1.223438024520874 0.2892783582210541 -1.084451794624329
7310 1.259272694587708 0.2886176407337189 -1.08619487285614
7311 1.295369267463684 0.2880544364452362 -1.087656259536743
7312 1.331640839576721 0.2877049148082733 -1.088552236557007
7313 1.368000030517578 0.2872843146324158 -1.089619636535645
7314 1.404359102249146 0.2867068946361542 -1.091066360473633
7315 1.440630674362183 0.2860892713069916 -1.092590928077698
7316 1.476727247238159 0.2853838205337524 -1.094304203987122
7317 1.512561917304993 0.284776359796524 -1.095756649971008
7318 1.548048257827759 0.2845636010169983 -1.096260547637939
7319 1.583100914955139 0.2840244770050049 -1.09752631187439
7320 1.617635369300842 0.283444881439209 -1.098869800567627
7321 1.651568412780762 0.2827833294868469 -1.100382328033447
7322 1.684818267822266 0.2821346819400787 -1.101844429969788
7323 1.717304944992065 0.2816045880317688 -1.103024363517761
7324 1.748950123786926 0.2814195454120636 -1.103433132171631
7325 1.779677510261536 0.2809321582317352 -1.104502439498901
7326 1.809413194656372 0.2804214656352997 -1.105611324310303
7327 1.838085412979126 0.27989661693573 -1.106739163398743
7328 1.865625143051147 0.2792979776859283 -1.108011364936829
7329 1.891966104507446 0.2788015902042389 -1.109054923057556
7330 1.917044758796692 0.2783915400505066 -1.109909415245056
7331 1.940800786018372 0.2783417105674744 -1.110012769699097
7332 1.963176846504211 0.2779929637908936 -1.11073362827301
7333 1.984119057655334 0.2776418924331665 -1.111454606056213
7334 2.003576993942261 0.2773040533065796 -1.112143874168396
7335 2.021503686904907 0.2769709229469299 -1.112819314002991
7336 2.037856101989746 0.2766505181789398 -1.113465070724487
7337 2.052594900131226 0.276322990655899 -1.114121317863464
7338 2.06568431854248 0.2760251462459564 -1.114714741706848
7339 2.077092885971069 0.275806725025177 -1.115147948265076
7340 2.086793184280396 0.2756184339523315 -1.115519881248474
7341 2.094762086868286 0.2754929959774017 -1.115767121315002
7342 2.100979804992676 0.2754208147525787 -1.115909099578857
7343 2.105432033538818 0.2753713428974152 -1.116006255149841
7344 2.108107566833496 0.2753428220748901 -1.11606228351593
7345 2.109000205993652 0.2753333151340485 -1.11608099937439
7346 0.6269999742507935 0.2918128967285156 -1.077448487281799
7347 0.6278925538063049 0.2917894124984741 -1.077515840530396
7348 0.6305680871009827 0.291718989610672 -1.077717661857605
7349 0.6350201964378357 0.2916015386581421 -1.07805323600769
7350 0.6412380933761597 0.291456550359726 -1.078465700149536
7351 0.649206817150116 0.2913361489772797 -1.07880699634552
7352 0.6589071750640869 0.2911891341209412 -1.079221725463867
7353 0.6703158020973206 0.2910140454769135 -1.079713463783264
7354 0.6834052205085754 0.2908103764057159 -1.080282092094421
7355 0.6981438994407654 0.2906822860240936 -1.08063793182373
7356 0.7144963145256042 0.2906280159950256 -1.080788254737854
7357 0.7324230670928955 0.2903822958469391 -1.08146595954895
7358 0.7518810033798218 0.2900910079479218 -1.082263112068176
7359 0.7728232145309448 0.2897574603557587 -1.083167552947998
7360 0.7951992154121399 0.2893804013729095 -1.084179759025574
7361 0.8189551830291748 0.2889455258846283 -1.085333824157715
7362 0.8440338373184204 0.2884313464164734 -1.08668065071106
7363 0.8703747987747192 0.2879720032215118 -1.087868332862854
7364 0.8979145288467407 0.2876181304454803 -1.088773369789124
7365 0.9265867471694946 0.2873877882957458 -1.08935809135437
7366 0.9563224315643311 0.2869187891483307 -1.090537905693054
7367 0.9870498180389404 0.2863932549953461 -1.091843485832214
7368 1.018694996833801 0.2857994735240936 -1.093298316001892
7369 1.051181674003601 0.2851264178752899 -1.094922184944153
7370 1.084431529045105 0.2845280468463898 -1.096344470977783
7371 1.118364572525024 0.2843067049980164 -1.09686553478241
7372 1.152899026870728 0.2837495505809784 -1.09816575050354
7373 1.187951683998108 0.2831245362758636 -1.099604964256287
7374 1.223438024520874 0.2824064493179321 -1.101234436035156
7375 1.259272694587708 0.2816442549228668 -1.102936506271362
7376 1.295369267463684 0.2809879779815674 -1.104380488395691
7377 1.331640839576721 0.2805794477462769 -1.105269551277161
7378 1.368000030517578 0.2800836563110352 -1.106338620185852
7379 1.404359102249146 0.2794208526611328 -1.107751369476318
7380 1.440630674362183 0.2787041962146759 -1.109258413314819
7381 1.476727247238159 0.2779012322425842 -1.110922455787659
7382 1.512561917304993 0.2772051692008972 -1.112344741821289
7383 1.548048257827759 0.2769477963447571 -1.112866044044495
7384 1.583100914955139 0.2763314843177795 -1.114104390144348
7385 1.617635369300842 0.2756649255752563 -1.11542820930481
7386 1.651568412780762 0.2749167382717133 -1.11689567565918
7387 1.684818267822266 0.2741742432117462 -1.118333101272583
7388 1.717304944992065 0.2735747098922729 -1.119480490684509
7389 1.748950123786926 0.2733492851257324 -1.119908809661865
7390 1.779677510261536 0.2727962732315063 -1.120952963829041
7391 1.809413194656372 0.2722180783748627 -1.122034430503845
7392 1.838085412979126 0.2716183960437775 -1.123145222663879
7393 1.865625143051147 0.2709474861621857 -1.124375343322754
7394 1.891966104507446 0.2703910768032074 -1.125385642051697
7395 1.917044758796692 0.2699243426322937 -1.126226186752319
7396 1.940800786018372 0.2698551714420319 -1.126350164413452
7397 1.963176846504211 0.2694632709026337 -1.127050638198853
7398 1.984119057655334 0.2690669894218445 -1.12775444984436
7399 2.003576993942261 0.2686803340911865 -1.128437042236328
7400 2.021503686904907 0.2683084309101105 -1.129089832305908
7401 2.037856101989746 0.2679510116577148 -1.129713773727417
7402 2.052594900131226 0.2675862312316895 -1.1303471326828
7403 2.06568431854248 0.2672502994537354 -1.130927324295044
7404 2.077092885971069 0.2670018970966339 -1.131354451179504
7405 2.086793184280396 0.2667915523052216 -1.131714940071106
7406 2.094762086868286 0.2666515707969666 -1.131954193115234
7407 2.100979804992676 0.2665704488754272 -1.132092595100403
7408 2.105432033538818 0.2665123343467712 -1.132191777229309
7409 2.108107566833496 0.2664773762226105 -1.132251262664795
7410 2.109000205993652 0.2664657235145569 -1.13227105140686
7411 0.6269999742507935 0.2849102318286896 -1.095438361167908
7412 0.6278925538063049 0.284884124994278 -1.095500469207764
7413 0.6305680871009827 0.2848058640956879 -1.095686554908752
7414 0.6350201964378357 0.2846754491329193 -1.095995903015137
7415 0.6412380933761597 0.2845144271850586 -1.096376538276672
7416 0.649206817150116 0.2843824326992035 -1.09668755531311
7417 0.6589071750640869 0.2842214405536652 -1.097065687179565
7418 0.6703158020973206 0.2840271890163422 -1.097519874572754
7419 0.6834052205085754 0.2838007807731628 -1.098046898841858
7420 0.6981438994407654 0.283653736114502 -1.098387598991394
7421 0.7144963145256042 0.283589780330658 -1.098535537719727
7422 0.7324230670928955 0.2833084464073181 -1.099183559417725
7423 0.7518810033798218 0.2829731702804565 -1.099950551986694
7424 0.7728232145309448 0.2825879454612732 -1.100824952125549
7425 0.7951992154121399 0.2821478843688965 -1.101814866065979
7426 0.8189551830291748 0.2816455066204071 -1.102933764457703
7427 0.8440338373184204 0.2810569405555725 -1.104229688644409
7428 0.8703747987747192 0.2805249392986298 -1.105387568473816
7429 0.8979145288467407 0.2801144421100616 -1.106272578239441
7430 0.9265867471694946 0.2798450291156769 -1.106849431991577
7431 0.9563224315643311 0.2792997062206268 -1.108007669448853
7432 0.9870498180389404 0.2787004709243774 -1.10926628112793
7433 1.018694996833801 0.2780203521251678 -1.110677242279053
7434 1.051181674003601 0.2772527635097504 -1.112248182296753
7435 1.084431529045105 0.2765752971172333 -1.113616228103638
7436 1.118364572525024 0.2763107120990753 -1.114145874977112
7437 1.152899026870728 0.2756762504577637 -1.115405797958374
7438 1.187951683998108 0.2749668061733246 -1.116798043251038
7439 1.223438024520874 0.2741536796092987 -1.118372559547424
7440 1.259272694587708 0.2732968330383301 -1.120008230209351
7441 1.295369267463684 0.2725528180599213 -1.12140953540802
7442 1.331640839576721 0.2720884680747986 -1.122275352478027
7443 1.368000030517578 0.271521121263504 -1.123324513435364
7444 1.404359102249146 0.2707792818546295 -1.124681711196899
7445 1.440630674362183 0.2699698209762573 -1.126144528388977
7446 1.476727247238159 0.2690776586532593 -1.127735495567322
7447 1.512561917304993 0.2682998478412628 -1.129104852676392
7448 1.548048257827759 0.2679993510246277 -1.129629611968994
7449 1.583100914955139 0.2673121094703674 -1.130820751190186
7450 1.617635369300842 0.2665650844573975 -1.132101774215698
7451 1.651568412780762 0.2657384872436523 -1.133502960205078
7452 1.684818267822266 0.2649097740650177 -1.134891152381897
7453 1.717304944992065 0.2642474174499512 -1.13598895072937
7454 1.748950123786926 0.2639831602573395 -1.13642406463623
7455 1.779677510261536 0.2633706033229828 -1.137426495552063
7456 1.809413194656372 0.2627313733100891 -1.138463497161865
7457 1.838085412979126 0.2620633244514465 -1.139537572860718
7458 1.865625143051147 0.2613280713558197 -1.140708565711975
7459 1.891966104507446 0.2607182264328003 -1.141671061515808
7460 1.917044758796692 0.2601999342441559 -1.142482876777649
7461 1.940800786018372 0.2601116299629211 -1.14262068271637
7462 1.963176846504211 0.2596811950206757 -1.143289923667908
7463 1.984119057655334 0.2592443227767944 -1.143965244293213
7464 2.003576993942261 0.2588131427764893 -1.144628167152405
7465 2.021503686904907 0.2584070265293121 -1.145249128341675
7466 2.037856101989746 0.2580170035362244 -1.145842432975769
7467 2.052594900131226 0.2576194703578949 -1.146444082260132
7468 2.06568431854248 0.2572494149208069 -1.147001385688782
7469 2.077092885971069 0.2569739520549774 -1.147414565086365
7470 2.086793184280396 0.2567441463470459 -1.14775824546814
7471 2.094762086868286 0.2565913498401642 -1.147986173629761
7472 2.100979804992676 0.2565022706985474 -1.148118853569031
7473 2.105432033538818 0.2564360797405243 -1.1482173204422
7474 2.108107566833496 0.2563950419425964 -1.14827835559845
7475 2.109000205993652 0.2563813626766205 -1.148298621177673
7476 0.6269999742507935 0.2763944864273071 -1.113978385925293
7477 0.6278925538063049 0.2763662040233612 -1.11403501033783
7478 0.6305680871009827 0.2762813568115234 -1.114204525947571
7479 0.6350201964378357 0.2761400640010834 -1.114486217498779
7480 0.6412380933761597 0.2759655714035034 -1.114833116531372
7481 0.649206817150116 0.275824248790741 -1.115113258361816
7482 0.6589071750640869 0.2756520211696625 -1.115453720092773
7483 0.6703158020973206 0.2754416167736053 -1.115868210792542
7484 0.6834052205085754 0.2751959562301636 -1.116350293159485
7485 0.6981438994407654 0.2750316262245178 -1.116671562194824
7486 0.7144963145256042 0.2749584913253784 -1.116814255714417
7487 0.7324230670928955 0.2746448218822479 -1.117424130439758
7488 0.7518810033798218 0.274269312620163 -1.118149995803833
7489 0.7728232145309448 0.2738364934921265 -1.118980884552002
7490 0.7951992154121399 0.2733376324176788 -1.119930863380432
7491 0.8189551830291748 0.2727730572223663 -1.120996594429016
7492 0.8440338373184204 0.2721167802810669 -1.122222781181335
7493 0.8703747987747192 0.2715176343917847 -1.12333083152771
7494 0.8979145288467407 0.2710546851158142 -1.124179720878601
7495 0.9265867471694946 0.2707487344741821 -1.12473726272583
7496 0.9563224315643311 0.2701326012611389 -1.12585186958313
7497 0.9870498180389404 0.2694666683673859 -1.127044558525085
7498 1.018694996833801 0.2687079310417175 -1.128388404846191
7499 1.051181674003601 0.2678547203540802 -1.129881262779236
7500 1.084431529045105 0.2671063840389252 -1.131174921989441
7501 1.118364572525024 0.2668008804321289 -1.131698966026306
7502 1.152899026870728 0.2660965919494629 -1.132897973060608
7503 1.187951683998108 0.2653113007545471 -1.134220600128174
7504 1.223438024520874 0.2644131183624268 -1.135715246200562
7505 1.259272694587708 0.2634725570678711 -1.13726019859314
7506 1.295369267463684 0.2626499235630035 -1.13859498500824
7507 1.331640839576721 0.2621354758739471 -1.139422059059143
7508 1.368000030517578 0.2615033090114594 -1.140430569648743
7509 1.404359102249146 0.2606921494007111 -1.141712069511414
7510 1.440630674362183 0.2598002254962921 -1.143105268478394
7511 1.476727247238159 0.2588308751583099 -1.144600987434387
7512 1.512561917304993 0.2579816877841949 -1.145895957946777
7513 1.548048257827759 0.2576416432857513 -1.146410584449768
7514 1.583100914955139 0.2568927705287933 -1.147536158561707
7515 1.617635369300842 0.2560752630233765 -1.148752689361572
7516 1.651568412780762 0.255181759595871 -1.150068283081055
7517 1.684818267822266 0.254278153181076 -1.151384234428406
7518 1.717304944992065 0.2535622417926788 -1.152416467666626
7519 1.748950123786926 0.253262460231781 -1.152846097946167
7520 1.779677510261536 0.2525989413261414 -1.153791427612305
7521 1.809413194656372 0.2519077360630035 -1.154768347740173
7522 1.838085412979126 0.2511806488037109 -1.155787467956543
7523 1.865625143051147 0.2503916323184967 -1.156883478164673
7524 1.891966104507446 0.2497371435165405 -1.157785058021545
7525 1.917044758796692 0.2491746991872787 -1.158554315567017
7526 1.940800786018372 0.2490683495998383 -1.15869927406311
7527 1.963176846504211 0.2486056238412857 -1.159327745437622
7528 1.984119057655334 0.2481345236301422 -1.159964203834534
7529 2.003576993942261 0.2476650178432465 -1.160595059394836
7530 2.021503686904907 0.247230589389801 -1.161175847053528
7531 2.037856101989746 0.2468137294054031 -1.161730527877808
7532 2.052594900131226 0.2463892698287964 -1.162292718887329
7533 2.06568431854248 0.2459905594587326 -1.162818312644958
7534 2.077092885971069 0.2456920444965363 -1.163210272789001
7535 2.086793184280396 0.2454461455345154 -1.163532137870789
7536 2.094762086868286 0.2452828139066696 -1.163745522499084
7537 2.100979804992676 0.2451870888471603 -1.163870453834534
7538 2.105432033538818 0.2451138198375702 -1.163965940475464
7539 2.108107566833496 0.2450672537088394 -1.164026498794556
7540 2.109000205993652 0.2450517266988754 -1.164046764373779
7541 0.6269999742507935 0.2661150693893433 -1.132866740226746
7542 0.6278925538063049 0.2660850882530212 -1.132917523384094
7543 0.6305680871009827 0.2659952044487 -1.133069634437561
7544 0.6350201964378357 0.2658455371856689 -1.133322477340698
7545 0.6412380933761597 0.2656606435775757 -1.133634090423584
7546 0.649206817150116 0.265512615442276 -1.133882999420166
7547 0.6589071750640869 0.2653323113918304 -1.134185433387756
7548 0.6703158020973206 0.2651094198226929 -1.134558320045471
7549 0.6834052205085754 0.2648486495018005 -1.134992837905884
7550 0.6981438994407654 0.2646695673465729 -1.135290503501892
7551 0.7144963145256042 0.264588326215744 -1.135425209999084
7552 0.7324230670928955 0.2642471194267273 -1.135989427566528
7553 0.7518810033798218 0.2638369798660278 -1.136664032936096
7554 0.7728232145309448 0.2633630037307739 -1.137438893318176
7555 0.7951992154121399 0.2628125548362732 -1.13833224773407
7556 0.8189551830291748 0.2621941268444061 -1.139328002929688
7557 0.8440338373184204 0.2614801526069641 -1.140467286109924
7558 0.8703747987747192 0.2608226835727692 -1.141506671905518
7559 0.8979145288467407 0.2603140771389008 -1.142304539680481
7560 0.9265867471694946 0.2599759995937347 -1.142831921577454
7561 0.9563224315643311 0.2592981159687042 -1.143882274627686
7562 0.9870498180389404 0.2585757076740265 -1.144991517066956
7563 1.018694996833801 0.2577499449253082 -1.146246910095215
7564 1.051181674003601 0.2568242251873016 -1.147638559341431
7565 1.084431529045105 0.256016731262207 -1.148839354515076
7566 1.118364572525024 0.2556746602058411 -1.149344325065613
7567 1.152899026870728 0.2549115121364594 -1.150463461875916
7568 1.187951683998108 0.2540626525878906 -1.151695847511292
7569 1.223438024520874 0.2530935406684875 -1.153087496757507
7570 1.259272694587708 0.2520841360092163 -1.15451979637146
7571 1.295369267463684 0.251195877790451 -1.155766129493713
7572 1.331640839576721 0.2506394982337952 -1.156540274620056
7573 1.368000030517578 0.2499525249004364 -1.157489061355591
7574 1.404359102249146 0.2490850836038589 -1.158676505088806
7575 1.440630674362183 0.2481250315904617 -1.159976959228516
7576 1.476727247238159 0.2470942288637161 -1.161357641220093
7577 1.512561917304993 0.2461873888969421 -1.162559151649475
7578 1.548048257827759 0.2458133548498154 -1.163051128387451
7579 1.583100914955139 0.2450150549411774 -1.1640944480896
7580 1.617635369300842 0.2441404908895493 -1.165227055549622
7581 1.651568412780762 0.2431946843862534 -1.166439771652222
7582 1.684818267822266 0.2422310709953308 -1.167662739753723
7583 1.717304944992065 0.2414733916521072 -1.168615460395813
7584 1.748950123786926 0.241143211722374 -1.169028162956238
7585 1.779677510261536 0.2404397428035736 -1.169902801513672
7586 1.809413194656372 0.2397079765796661 -1.170805811882019
7587 1.838085412979126 0.2389340549707413 -1.171753287315369
7588 1.865625143051147 0.2381043434143066 -1.172760725021362
7589 1.891966104507446 0.2374160587787628 -1.173589825630188
7590 1.917044758796692 0.236818939447403 -1.174304366111755
7591 1.940800786018372 0.2366965711116791 -1.174450278282166
7592 1.963176846504211 0.2362092882394791 -1.175029397010803
7593 1.984119057655334 0.235711857676506 -1.175617694854736
7594 2.003576993942261 0.2352120578289032 -1.17620575428009
7595 2.021503686904907 0.2347565889358521 -1.176739096641541
7596 2.037856101989746 0.2343198210000992 -1.177248239517212
7597 2.052594900131226 0.2338755130767822 -1.177763938903809
7598 2.06568431854248 0.2334548979997635 -1.178249955177307
7599 2.077092885971069 0.2331384420394897 -1.178614377975464
7600 2.086793184280396 0.2328806072473526 -1.178910374641418
7601 2.094762086868286 0.2327094674110413 -1.17910635471344
7602 2.100979804992676 0.2326087057590485 -1.179221630096436
7603 2.105432033538818 0.2325296550989151 -1.179311990737915
7604 2.108107566833496 0.232478454709053 -1.179370522499084
7605 2.109000205993652 0.2324613779783249 -1.179390072822571
7606 0.6269999742507935 0.2539436519145966 -1.151867628097534
7607 0.6278925538063049 0.2539125680923462 -1.151912450790405
7608 0.6305680871009827 0.2538193464279175 -1.152046799659729
7609 0.6350201964378357 0.2536641955375671 -1.152269959449768
7610 0.6412380933761597 0.2534724771976471 -1.15254533290863
7611 0.649206817150116 0.2533206045627594 -1.152762889862061
7612 0.6589071750640869 0.2531357109546661 -1.153027296066284
7613 0.6703158020973206 0.2529045641422272 -1.153356909751892
7614 0.6834052205085754 0.2526336908340454 -1.15374219417572
7615 0.6981438994407654 0.2524431347846985 -1.154012441635132
7616 0.7144963145256042 0.2523552775382996 -1.154136776924133
7617 0.7324230670928955 0.2519928514957428 -1.154648542404175
7618 0.7518810033798218 0.2515556812286377 -1.15526282787323
7619 0.7728232145309448 0.251049280166626 -1.155970573425293
7620 0.7951992154121399 0.2504573464393616 -1.156792521476746
7621 0.8189551830291748 0.2497965097427368 -1.157703518867493
7622 0.8440338373184204 0.249037966132164 -1.158740639686584
7623 0.8703747987747192 0.2483343034982681 -1.159694671630859
7624 0.8979145288467407 0.2477894574403763 -1.160428166389465
7625 0.9265867471694946 0.2474255561828613 -1.160915613174438
7626 0.9563224315643311 0.2466985136270523 -1.161883354187012
7627 0.9870498180389404 0.245933011174202 -1.162893891334534
7628 1.018694996833801 0.2450555264949799 -1.164041757583618
7629 1.051181674003601 0.2440744936466217 -1.165312051773071
7630 1.084431529045105 0.2432227581739426 -1.166404008865356
7631 1.118364572525024 0.2428507208824158 -1.166877746582031
7632 1.152899026870728 0.2420429289340973 -1.167899966239929
7633 1.187951683998108 0.2411463111639023 -1.169024348258972
7634 1.223438024520874 0.2401243448257446 -1.170292854309082
7635 1.259272694587708 0.2390648573637009 -1.17159366607666
7636 1.295369267463684 0.2381276488304138 -1.172732472419739
7637 1.331640839576721 0.2375397831201553 -1.173441171646118
7638 1.368000030517578 0.2368111163377762 -1.17431366443634
7639 1.404359102249146 0.2359035313129425 -1.175391316413879
7640 1.440630674362183 0.2348934859037399 -1.176579117774963
7641 1.476727247238159 0.2338202595710754 -1.177827954292297
7642 1.512561917304993 0.2328727394342422 -1.178919315338135
7643 1.548048257827759 0.2324721813201904 -1.179377675056458
7644 1.583100914955139 0.2316393703222275 -1.180324792861938
7645 1.617635369300842 0.2307242900133133 -1.181356549263
7646 1.651568412780762 0.2297436743974686 -1.182451963424683
7647 1.684818267822266 0.2287382632493973 -1.183564305305481
7648 1.717304944992065 0.2279528677463531 -1.184425711631775
7649 1.748950123786926 0.2275990843772888 -1.184811592102051
7650 1.779677510261536 0.2268688380718231 -1.185603976249695
7651 1.809413194656372 0.2261102199554443 -1.186421394348145
7652 1.838085412979126 0.2253041714429855 -1.187283396720886
7653 1.865625143051147 0.2244490385055542 -1.188190698623657
7654 1.891966104507446 0.2237396389245987 -1.188937902450562
7655 1.917044758796692 0.2231192141771317 -1.189587235450745
7656 1.940800786018372 0.2229837030172348 -1.189728617668152
7657 1.963176846504211 0.2224809229373932 -1.190251469612122
7658 1.984119057655334 0.2219665199518204 -1.190783858299255
7659 2.003576993942261 0.2214460819959641 -1.191319942474365
7660 2.021503686904907 0.2209779620170593 -1.191799879074097
7661 2.037856101989746 0.220529317855835 -1.192257881164551
7662 2.052594900131226 0.220073327422142 -1.192721486091614
7663 2.06568431854248 0.2196387201547623 -1.193161487579346
7664 2.077092885971069 0.2193104177713394 -1.193492770195007
7665 2.086793184280396 0.2190453857183456 -1.193759441375732
7666 2.094762086868286 0.2188696265220642 -1.193935871124268
7667 2.100979804992676 0.2187657207250595 -1.194040060043335
7668 2.105432033538818 0.2186824977397919 -1.194123506546021
7669 2.108107566833496 0.2186277508735657 -1.194178342819214
7670 2.109000205993652 0.2186094969511032 -1.194196581840515
7671 0.6269999742507935 0.2397819608449936 -1.170714855194092
7672 0.6278925538063049 0.239750400185585 -1.170753717422485
7673 0.6305680871009827 0.2396558076143265 -1.170869946479797
7674 0.6350201964378357 0.2394984066486359 -1.171063184738159
7675 0.6412380933761597 0.2393038421869278 -1.171301603317261
7676 0.649206817150116 0.2391512393951416 -1.171488165855408
7677 0.6589071750640869 0.2389655113220215 -1.171714901924133
7678 0.6703158020973206 0.2387309074401855 -1.172000765800476
7679 0.6834052205085754 0.2384554743766785 -1.172335386276245
7680 0.6981438994407654 0.2382575422525406 -1.172575354576111
7681 0.7144963145256042 0.2381649762392044 -1.172687411308289
7682 0.7324230670928955 0.2377890944480896 -1.173141121864319
7683 0.7518810033798218 0.2373342514038086 -1.173687934875488
7684 0.7728232145309448 0.2368063181638718 -1.174319386482239
7685 0.7951992154121399 0.2361858040094376 -1.175057291984558
7686 0.8189551830291748 0.235496774315834 -1.175871133804321
7687 0.8440338373184204 0.234709843993187 -1.176793694496155
7688 0.8703747987747192 0.2339752167463303 -1.177648425102234
7689 0.8979145288467407 0.2334059625864029 -1.178306460380554
7690 0.9265867471694946 0.2330241948366165 -1.178745627403259
7691 0.9563224315643311 0.2322638630867004 -1.179615378379822
7692 0.9870498180389404 0.2314715683460236 -1.180514693260193
7693 1.018694996833801 0.2305611670017242 -1.181539535522461
7694 1.051181674003601 0.2295457422733307 -1.182671785354614
7695 1.084431529045105 0.2286677211523056 -1.183641910552979
7696 1.118364572525024 0.2282741963863373 -1.1840740442276
7697 1.152899026870728 0.2274390012025833 -1.184985756874084
7698 1.187951683998108 0.2265136986970901 -1.18598735332489
7699 1.223438024520874 0.2254605144262314 -1.187116742134094
7700 1.259272694587708 0.2243730872869492 -1.188270926475525
7701 1.295369267463684 0.2234068959951401 -1.189286708831787
7702 1.331640839576721 0.222800150513649 -1.189919829368591
7703 1.368000030517578 0.2220456451177597 -1.190702080726624
7704 1.404359102249146 0.2211168110370636 -1.191657662391663
7705 1.440630674362183 0.2200782597064972 -1.192716479301453
7706 1.476727247238159 0.2189846485853195 -1.193820476531982
7707 1.512561917304993 0.218016192317009 -1.194788932800293
7708 1.548048257827759 0.2175982296466827 -1.195204138755798
7709 1.583100914955139 0.2167482525110245 -1.196043968200684
7710 1.617635369300842 0.2158119231462479 -1.196961522102356
7711 1.651568412780762 0.2148164659738541 -1.197928547859192
7712 1.684818267822266 0.2137902826070786 -1.19891631603241
7713 1.717304944992065 0.2129932045936584 -1.199677348136902
7714 1.748950123786926 0.2126240879297256 -1.200027942657471
7715 1.779677510261536 0.2118820995092392 -1.200729250907898
7716 1.809413194656372 0.2111121714115143 -1.201452016830444
7717 1.838085412979126 0.2102909237146378 -1.202217578887939
7718 1.865625143051147 0.2094274759292603 -1.203016519546509
7719 1.891966104507446 0.2087112069129944 -1.203674554824829
7720 1.917044758796692 0.2080804109573364 -1.204250693321228
7721 1.940800786018372 0.2079353928565979 -1.20438277721405
7722 1.963176846504211 0.2074273079633713 -1.204843878746033
7723 1.984119057655334 0.2069064527750015 -1.205314517021179
7724 2.003576993942261 0.206376388669014 -1.205791234970093
7725 2.021503686904907 0.205904945731163 -1.206213474273682
7726 2.037856101989746 0.2054533511400223 -1.206616163253784
7727 2.052594900131226 0.2049946933984756 -1.207023620605469
7728 2.06568431854248 0.2045550346374512 -1.207412719726562
7729 2.077092885971069 0.2042217254638672 -1.207706570625305
7730 2.086793184280396 0.2039548307657242 -1.20794141292572
7731 2.094762086868286 0.203777939081192 -1.208096623420715
7732 2.100979804992676 0.2036730200052261 -1.208188652992249
7733 2.105432033538818 0.2035874873399734 -1.208263635635376
7734 2.108107566833496 0.2035305202007294 -1.208313465118408
7735 2.109000205993652 0.2035115212202072 -1.208330154418945
7736 0.6269999742507935 0.2235695272684097 -1.189116358757019
7737 0.6278925538063049 0.2235382199287415 -1.189149141311646
7738 0.6305680871009827 0.2234443426132202 -1.189247488975525
7739 0.6350201964378357 0.2232881784439087 -1.189410805702209
7740 0.6412380933761597 0.2230950891971588 -1.189612507820129
7741 0.649206817150116 0.2229449898004532 -1.18976891040802
7742 0.6589071750640869 0.2227623909711838 -1.189959049224854
7743 0.6703158020973206 0.2225294858217239 -1.190201044082642
7744 0.6834052205085754 0.2222556173801422 -1.190485000610352
7745 0.6981438994407654 0.2220550328493118 -1.19069242477417
7746 0.7144963145256042 0.2219600826501846 -1.19079053401947
7747 0.7324230670928955 0.2215796709060669 -1.191182494163513
7748 0.7518810033798218 0.2211181074380875 -1.191656351089478
7749 0.7728232145309448 0.2205814272165298 -1.192204833030701
7750 0.7951992154121399 0.2199476361274719 -1.192848920822144
7751 0.8189551830291748 0.219247117638588 -1.193556547164917
7752 0.8440338373184204 0.2184505313634872 -1.194355607032776
7753 0.8703747987747192 0.2177028656005859 -1.195100426673889
7754 0.8979145288467407 0.2171231210231781 -1.195674419403076
7755 0.9265867471694946 0.2167330235242844 -1.196058869361877
7756 0.9563224315643311 0.2159581184387207 -1.196818709373474
7757 0.9870498180389404 0.215157762169838 -1.197597980499268
7758 1.018694996833801 0.2142362147569656 -1.198488235473633
7759 1.051181674003601 0.2132104784250259 -1.199470520019531
7760 1.084431529045105 0.2123266458511353 -1.200309634208679
7761 1.118364572525024 0.2119218558073044 -1.200691819190979
7762 1.152899026870728 0.2110790312290192 -1.201483011245728
7763 1.187951683998108 0.2101467847824097 -1.202351331710815
7764 1.223438024520874 0.2090870141983032 -1.203329801559448
7765 1.259272694587708 0.2079966515302658 -1.204326987266541
7766 1.295369267463684 0.2070241570472717 -1.205208301544189
7767 1.331640839576721 0.2064129263162613 -1.205758452415466
7768 1.368000030517578 0.205650731921196 -1.206440329551697
7769 1.404359102249146 0.2047217935323715 -1.207265257835388
7770 1.440630674362183 0.2036789804697037 -1.208183407783508
7771 1.476727247238159 0.2025893926620483 -1.209133982658386
7772 1.512561917304993 0.2016219943761826 -1.209970355033875
7773 1.548048257827759 0.2011971920728683 -1.210335493087769
7774 1.583100914955139 0.2003492265939713 -1.211060285568237
7775 1.617635369300842 0.1994131356477737 -1.211854219436646
7776 1.651568412780762 0.1984246969223022 -1.212685704231262
7777 1.684818267822266 0.1974010616540909 -1.213539361953735
7778 1.717304944992065 0.19660983979702 -1.214194178581238
7779 1.748950123786926 0.1962348371744156 -1.214502930641174
7780 1.779677510261536 0.1954975873231888 -1.215107083320618
7781 1.809413194656372 0.1947333514690399 -1.215729355812073
7782 1.838085412979126 0.1939154863357544 -1.21639084815979
7783 1.865625143051147 0.1930622607469559 -1.217076063156128
7784 1.891966104507446 0.1923545002937317 -1.21764075756073
7785 1.917044758796692 0.191727489233017 -1.218138098716736
7786 1.940800786018372 0.1915772259235382 -1.218256950378418
7787 1.963176846504211 0.1910748332738876 -1.218653082847595
7788 1.984119057655334 0.1905589550733566 -1.219058036804199
7789 2.003576993942261 0.1900313496589661 -1.219470381736755
7790 2.021503686904907 0.18956658244133 -1.219832181930542
7791 2.037856101989746 0.1891215741634369 -1.220177173614502
7792 2.052594900131226 0.1886699199676514 -1.220526099205017
7793 2.06568431854248 0.1882348209619522 -1.220860838890076
7794 2.077092885971069 0.1879040151834488 -1.221114635467529
7795 2.086793184280396 0.1876409351825714 -1.221315979957581
7796 2.094762086868286 0.187466636300087 -1.221449017524719
7797 2.100979804992676 0.1873629838228226 -1.221528053283691
7798 2.105432033538818 0.187277227640152 -1.221593499183655
7799 2.108107566833496 0.187219500541687 -1.221637487411499
7800 2.109000205993652 0.1872002482414246 -1.221652150154114
7801 0.6269999742507935 0.2052905261516571 -1.206761002540588
7802 0.6278925538063049 0.2052601873874664 -1.206787943840027
7803 0.6305680871009827 0.2051692456007004 -1.206868767738342
7804 0.6350201964378357 0.2050179690122604 -1.207002997398376
7805 0.6412380933761597 0.2048308551311493 -1.207168817520142
7806 0.649206817150116 0.2046866118907928 -1.207296371459961
7807 0.6589071750640869 0.2045111507177353 -1.207451462745667
7808 0.6703158020973206 0.2042853981256485 -1.207650542259216
7809 0.6834052205085754 0.2040195614099503 -1.207884550094604
7810 0.6981438994407654 0.2038215845823288 -1.20805835723877
7811 0.7144963145256042 0.2037268728017807 -1.208141446113586
7812 0.7324230670928955 0.2033518105745316 -1.208469748497009
7813 0.7518810033798218 0.2028956711292267 -1.20886766910553
7814 0.7728232145309448 0.2023644894361496 -1.209329009056091
7815 0.7951992154121399 0.2017346769571304 -1.20987331867218
7816 0.8189551830291748 0.2010413259267807 -1.210469126701355
7817 0.8440338373184204 0.2002557963132858 -1.211139798164368
7818 0.8703747987747192 0.199515089392662 -1.2117680311203
7819 0.8979145288467407 0.1989404708147049 -1.212252736091614
7820 0.9265867471694946 0.1985526978969574 -1.212578415870667
7821 0.9563224315643311 0.1977841705083847 -1.213220715522766
7822 0.9870498180389404 0.1969963759183884 -1.213874816894531
7823 1.018694996833801 0.1960877329111099 -1.214623808860779
7824 1.051181674003601 0.1950781345367432 -1.215449094772339
7825 1.084431529045105 0.1942108422517776 -1.216152548789978
7826 1.118364572525024 0.1938063651323318 -1.216478824615479
7827 1.152899026870728 0.1929775774478912 -1.217143774032593
7828 1.187951683998108 0.1920621544122696 -1.217872977256775
7829 1.223438024520874 0.1910226345062256 -1.218694090843201
7830 1.259272694587708 0.1899563372135162 -1.219528913497925
7831 1.295369267463684 0.1890022903680801 -1.220269441604614
7832 1.331640839576721 0.1884021759033203 -1.22073221206665
7833 1.368000030517578 0.1876521855592728 -1.221307277679443
7834 1.404359102249146 0.1867458671331406 -1.221997380256653
7835 1.440630674362183 0.1857250034809113 -1.222768425941467
7836 1.476727247238159 0.1846654564142227 -1.223561763763428
7837 1.512561917304993 0.1837226450443268 -1.22426164150238
7838 1.548048257827759 0.1833025962114334 -1.224571704864502
7839 1.583100914955139 0.1824771463871002 -1.225177764892578
7840 1.617635369300842 0.1815643012523651 -1.225843191146851
7841 1.651568412780762 0.1806060075759888 -1.226536273956299
7842 1.684818267822266 0.1796097308397293 -1.227250814437866
7843 1.717304944992065 0.1788428872823715 -1.227796912193298
7844 1.748950123786926 0.1784723103046417 -1.228059411048889
7845 1.779677510261536 0.1777572184801102 -1.228563904762268
7846 1.809413194656372 0.1770166009664536 -1.229083061218262
7847 1.838085412979126 0.1762218028306961 -1.229636669158936
7848 1.865625143051147 0.1753981709480286 -1.230206489562988
7849 1.891966104507446 0.174714982509613 -1.230676174163818
7850 1.917044758796692 0.1741066873073578 -1.231092095375061
7851 1.940800786018372 0.173955887556076 -1.231194853782654
7852 1.963176846504211 0.173470675945282 -1.231524705886841
7853 1.984119057655334 0.1729717403650284 -1.231862425804138
7854 2.003576993942261 0.1724593341350555 -1.232207775115967
7855 2.021503686904907 0.1720116287469864 -1.232508420944214
7856 2.037856101989746 0.1715831458568573 -1.232795000076294
7857 2.052594900131226 0.1711485087871552 -1.233084678649902
7858 2.06568431854248 0.1707280278205872 -1.23336386680603
7859 2.077092885971069 0.1704075485467911 -1.233575940132141
7860 2.086793184280396 0.1701541543006897 -1.23374330997467
7861 2.094762086868286 0.1699863821268082 -1.233853936195374
7862 2.100979804992676 0.1698863357305527 -1.233919739723206
7863 2.105432033538818 0.1698025465011597 -1.233974933624268
7864 2.108107566833496 0.1697456687688828 -1.234012365341187
7865 2.109000205993652 0.169726699590683 -1.2340247631073
7866 0.6269999742507935 0.1849793493747711 -1.223327398300171
7867 0.6278925538063049 0.1849507242441177 -1.22334885597229
7868 0.6305680871009827 0.1848649382591248 -1.223412871360779
7869 0.6350201964378357 0.1847222596406937 -1.223519325256348
7870 0.6412380933761597 0.1845457255840302 -1.223650932312012
7871 0.649206817150116 0.1844106316566467 -1.223751425743103
7872 0.6589071750640869 0.1842463463544846 -1.223873496055603
7873 0.6703158020973206 0.1840333044528961 -1.224031567573547
7874 0.6834052205085754 0.183782085776329 -1.224217653274536
7875 0.6981438994407654 0.1835922747850418 -1.224357962608337
7876 0.7144963145256042 0.183500662446022 -1.224425673484802
7877 0.7324230670928955 0.1831413954496384 -1.224690318107605
7878 0.7518810033798218 0.1827035993337631 -1.225011944770813
7879 0.7728232145309448 0.1821931302547455 -1.225385308265686
7880 0.7951992154121399 0.1815858334302902 -1.225827574729919
7881 0.8189551830291748 0.1809194833040237 -1.226310133934021
7882 0.8440338373184204 0.180166944861412 -1.226851940155029
7883 0.8703747987747192 0.179454579949379 -1.227361559867859
7884 0.8979145288467407 0.1789017170667648 -1.227755069732666
7885 0.9265867471694946 0.1785277277231216 -1.228020191192627
7886 0.9563224315643311 0.1777879744768143 -1.22854220867157
7887 0.9870498180389404 0.1770344972610474 -1.229070544242859
7888 1.018694996833801 0.1761641502380371 -1.229676723480225
7889 1.051181674003601 0.1751985996961594 -1.23034393787384
7890 1.084431529045105 0.1743712872266769 -1.230911493301392
7891 1.118364572525024 0.1739795655012131 -1.231178760528564
7892 1.152899026870728 0.1731875985860825 -1.231716513633728
7893 1.187951683998108 0.1723139137029648 -1.232305526733398
7894 1.223438024520874 0.1713227033615112 -1.232968688011169
7895 1.259272694587708 0.1703086048364639 -1.233641386032104
7896 1.295369267463684 0.1693988144397736 -1.234240055084229
7897 1.331640839576721 0.1688262075185776 -1.234614372253418
7898 1.368000030517578 0.1681092232465744 -1.235080718994141
7899 1.404359102249146 0.1672490388154984 -1.235636353492737
7900 1.440630674362183 0.1662774085998535 -1.23625922203064
7901 1.476727247238159 0.1652746349573135 -1.236896753311157
7902 1.512561917304993 0.1643807291984558 -1.237460374832153
7903 1.548048257827759 0.1639776080846786 -1.237713217735291
7904 1.583100914955139 0.1631957590579987 -1.238201141357422
7905 1.617635369300842 0.162329837679863 -1.23873770236969
7906 1.651568412780762 0.1614253520965576 -1.239293932914734
7907 1.684818267822266 0.1604818999767303 -1.239869594573975
7908 1.717304944992065 0.1597583144903183 -1.240307927131653
7909 1.748950123786926 0.1594029515981674 -1.240522265434265
7910 1.779677510261536 0.158727765083313 -1.240927696228027
7911 1.809413194656372 0.1580290347337723 -1.241344809532166
7912 1.838085412979126 0.157277449965477 -1.241790652275085
7913 1.865625143051147 0.156502977013588 -1.242246985435486
7914 1.891966104507446 0.1558606028556824 -1.242623329162598
7915 1.917044758796692 0.1552862226963043 -1.242957949638367
7916 1.940800786018372 0.155139833688736 -1.243042945861816
7917 1.963176846504211 0.1546834260225296 -1.24330747127533
7918 1.984119057655334 0.1542135626077652 -1.243578553199768
7919 2.003576993942261 0.1537293046712875 -1.243856906890869
7920 2.021503686904907 0.1533091366291046 -1.244097471237183
7921 2.037856101989746 0.152907133102417 -1.244326710700989
7922 2.052594900131226 0.1524995714426041 -1.244558453559875
7923 2.06568431854248 0.1521038711071014 -1.244782567024231
7924 2.077092885971069 0.151801660656929 -1.244953155517578
7925 2.086793184280396 0.1515638828277588 -1.245087146759033
7926 2.094762086868286 0.1514064967632294 -1.245175719261169
7927 2.100979804992676 0.1513124704360962 -1.24522852897644
7928 2.105432033538818 0.151232898235321 -1.245273232460022
7929 2.108107566833496 0.1511785089969635 -1.245303750038147
7930 2.109000205993652 0.1511603742837906 -1.245313882827759
7931 0.6269999742507935 0.1627244055271149 -1.238493680953979
7932 0.6278925538063049 0.1626982241868973 -1.238509893417358
7933 0.6305680871009827 0.1626197844743729 -1.238558411598206
7934 0.6350201964378357 0.1624893695116043 -1.238639116287231
7935 0.6412380933761597 0.1623279452323914 -1.238738894462585
7936 0.649206817150116 0.1622051894664764 -1.23881459236145
7937 0.6589071750640869 0.1620559543371201 -1.238906502723694
7938 0.6703158020973206 0.1618610769510269 -1.239026546478271
7939 0.6834052205085754 0.1616310179233551 -1.239167809486389
7940 0.6981438994407654 0.1614550203084946 -1.239275693893433
7941 0.7144963145256042 0.1613694578409195 -1.239328145980835
7942 0.7324230670928955 0.1610366106033325 -1.239531636238098
7943 0.7518810033798218 0.1606303006410599 -1.239779353141785
7944 0.7728232145309448 0.1601560711860657 -1.240067362785339
7945 0.7951992154121399 0.1595902889966965 -1.240409374237061
7946 0.8189551830291748 0.1589712351560593 -1.240781784057617
7947 0.8440338373184204 0.1582739651203156 -1.241198897361755
7948 0.8703747987747192 0.1576117724180222 -1.241592645645142
7949 0.8979145288467407 0.157097652554512 -1.241896867752075
7950 0.9265867471694946 0.1567492187023163 -1.242102265357971
7951 0.9563224315643311 0.1560610830783844 -1.24250602722168
7952 0.9870498180389404 0.155363917350769 -1.242912769317627
7953 1.018694996833801 0.1545576751232147 -1.243380069732666
7954 1.051181674003601 0.1536643654108047 -1.243894100189209
7955 1.084431529045105 0.1529006212949753 -1.244330406188965
7956 1.118364572525024 0.1525344401597977 -1.244538545608521
7957 1.152899026870728 0.1518022865056992 -1.244952797889709
7958 1.187951683998108 0.1509953886270523 -1.24540638923645
7959 1.223438024520874 0.1500807255506516 -1.245916604995728
7960 1.259272694587708 0.1491469442844391 -1.246433258056641
7961 1.295369267463684 0.1483073830604553 -1.246894240379333
7962 1.331640839576721 0.1477787047624588 -1.247182846069336
7963 1.368000030517578 0.1471157073974609 -1.247542858123779
7964 1.404359102249146 0.1463250815868378 -1.247969388961792
7965 1.440630674362183 0.1454299241304398 -1.248448729515076
7966 1.476727247238159 0.1445104777812958 -1.248937129974365
7967 1.512561917304993 0.1436895728111267 -1.249369859695435
7968 1.548048257827759 0.1433156728744507 -1.249565958976746
7969 1.583100914955139 0.1425983309745789 -1.249940276145935
7970 1.617635369300842 0.1418028771877289 -1.250352621078491
7971 1.651568412780762 0.1409754604101181 -1.250778436660767
7972 1.684818267822266 0.140110045671463 -1.251220345497131
7973 1.717304944992065 0.1394483000040054 -1.251556038856506
7974 1.748950123786926 0.139118954539299 -1.25172233581543
7975 1.779677510261536 0.1385011672973633 -1.252032876014709
7976 1.809413194656372 0.1378622651100159 -1.252352356910706
7977 1.838085412979126 0.1371736973524094 -1.252694487571716
7978 1.865625143051147 0.1364675611257553 -1.253043174743652
7979 1.891966104507446 0.1358818709850311 -1.253330707550049
7980 1.917044758796692 0.1353563368320465 -1.253587484359741
7981 1.940800786018372 0.1352193653583527 -1.2536541223526
7982 1.963176846504211 0.1348031014204025 -1.253856301307678
7983 1.984119057655334 0.1343741416931152 -1.254063844680786
7984 2.003576993942261 0.1339307725429535 -1.254277586936951
7985 2.021503686904907 0.133548304438591 -1.254461169242859
7986 2.037856101989746 0.133182480931282 -1.254636168479919
7987 2.052594900131226 0.1328117698431015 -1.254812955856323
7988 2.06568431854248 0.1324507594108582 -1.254984498023987
7989 2.077092885971069 0.1321745663881302 -1.255115389823914
7990 2.086793184280396 0.1319581717252731 -1.255217671394348
7991 2.094762086868286 0.1318149864673615 -1.255285263061523
7992 2.100979804992676 0.1317293047904968 -1.255325675010681
7993 2.105432033538818 0.131656140089035 -1.255360126495361
7994 2.108107566833496 0.131605863571167 -1.255383729934692
7995 2.109000205993652 0.1315890997648239 -1.255391716957092
7996 0.6269999742507935 0.1386697739362717 -1.251948356628418
7997 0.6278925538063049 0.138646736741066 -1.251959919929504
7998 0.6305680871009827 0.1385777443647385 -1.251994490623474
7999 0.6350201964378357 0.1384630054235458 -1.252052068710327
8000 0.6412380933761597 0.1383209675550461 -1.252123236656189
8001 0.649206817150116 0.1382135450839996 -1.252176880836487
8002 0.6589071750640869 0.1380829662084579 -1.252242207527161
8003 0.6703158020973206 0.1379114389419556 -1.252327799797058
8004 0.6834052205085754 0.1377087533473969 -1.252428770065308
8005 0.6981438994407654 0.1375520825386047 -1.252506732940674
8006 0.7144963145256042 0.1374754458665848 -1.25254487991333
8007 0.7324230670928955 0.1371793299913406 -1.252691745758057
8008 0.7518810033798218 0.1368173658847809 -1.252870798110962
8009 0.7728232145309448 0.1363945156335831 -1.253079175949097
8010 0.7951992154121399 0.135888859629631 -1.253327369689941
8011 0.8189551830291748 0.1353368759155273 -1.253596901893616
8012 0.8440338373184204 0.1347165107727051 -1.2538982629776
8013 0.8703747987747192 0.1341257840394974 -1.254183650016785
8014 0.8979145288467407 0.1336670517921448 -1.254404187202454
8015 0.9265867471694946 0.1333556324243546 -1.254553437232971
8016 0.9563224315643311 0.1327414512634277 -1.254846453666687
8017 0.9870498180389404 0.1321219205856323 -1.25514030456543
8018 1.018694996833801 0.1314047574996948 -1.255478382110596
8019 1.051181674003601 0.1306110173463821 -1.255849957466125
8020 1.084431529045105 0.1299336105585098 -1.256164908409119
8021 1.118364572525024 0.1296055018901825 -1.256316661834717
8022 1.152899026870728 0.1289553642272949 -1.256616115570068
8023 1.187951683998108 0.1282394677400589 -1.256943821907043
8024 1.223438024520874 0.1274284869432449 -1.257312297821045
8025 1.259272694587708 0.1266020685434341 -1.257684946060181
8026 1.295369267463684 0.1258576810359955 -1.258018016815186
8027 1.331640839576721 0.1253887712955475 -1.258226752281189
8028 1.368000030517578 0.124799981713295 -1.258487343788147
8029 1.404359102249146 0.124101310968399 -1.258794784545898
8030 1.440630674362183 0.1233087629079819 -1.259141087532043
8031 1.476727247238159 0.1224978938698769 -1.259492516517639
8032 1.512561917304993 0.1217730417847633 -1.259804487228394
8033 1.548048257827759 0.121440201997757 -1.259946942329407
8034 1.583100914955139 0.1208072528243065 -1.260216593742371
8035 1.617635369300842 0.1201047003269196 -1.2605140209198
8036 1.651568412780762 0.1193764358758926 -1.260820150375366
8037 1.684818267822266 0.1186130195856094 -1.261138677597046
8038 1.717304944992065 0.1180307269096375 -1.261379957199097
8039 1.748950123786926 0.1177377626299858 -1.261500954627991
8040 1.779677510261536 0.1171939447522163 -1.261724472045898
8041 1.809413194656372 0.1166318356990814 -1.261954188346863
8042 1.838085412979126 0.1160250902175903 -1.262200713157654
8043 1.865625143051147 0.1154052838683128 -1.26245105266571
8044 1.891966104507446 0.1148912459611893 -1.262657403945923
8045 1.917044758796692 0.1144286543130875 -1.262842297554016
8046 1.940800786018372 0.1143058985471725 -1.262891173362732
8047 1.963176846504211 0.113940455019474 -1.263036370277405
8048 1.984119057655334 0.1135635897517204 -1.263185620307922
8049 2.003576993942261 0.1131731197237968 -1.263339638710022
8050 2.021503686904907 0.1128378957509995 -1.263471364974976
8051 2.037856101989746 0.112517349421978 -1.263596892356873
8052 2.052594900131226 0.1121926158666611 -1.263723611831665
8053 2.06568431854248 0.1118756309151649 -1.26384699344635
8054 2.077092885971069 0.1116327717900276 -1.263941168785095
8055 2.086793184280396 0.1114431321620941 -1.264014482498169
8056 2.094762086868286 0.1113176941871643 -1.264063000679016
8057 2.100979804992676 0.1112425103783607 -1.264092087745667
8058 2.105432033538818 0.111177884042263 -1.264117002487183
8059 2.108107566833496 0.1111332625150681 -1.264134168624878
8060 2.109000205993652 0.111118383705616 -1.264139890670776
8061 0.6269999742507935 0.1130142658948898 -1.263402104377747
8062 0.6278925538063049 0.1129950061440468 -1.263409614562988
8063 0.6305680871009827 0.1129373088479042 -1.263432383537292
8064 0.6350201964378357 0.1128413900732994 -1.263469934463501
8065 0.6412380933761597 0.1127226129174232 -1.263516545295715
8066 0.649206817150116 0.112633191049099 -1.263551592826843
8067 0.6589071750640869 0.112524501979351 -1.263594031333923
8068 0.6703158020973206 0.1123810335993767 -1.263650178909302
8069 0.6834052205085754 0.1122113689780235 -1.263716340065002
8070 0.6981438994407654 0.1120791062712669 -1.263767838478088
8071 0.7144963145256042 0.1120140999555588 -1.263793110847473
8072 0.7324230670928955 0.1117642596364021 -1.263890147209167
8073 0.7518810033798218 0.1114585176110268 -1.264008641242981
8074 0.7728232145309448 0.1111010983586311 -1.264146566390991
8075 0.7951992154121399 0.1106728985905647 -1.264311194419861
8076 0.8189551830291748 0.1102063357830048 -1.264489769935608
8077 0.8440338373184204 0.1096828952431679 -1.264688968658447
8078 0.8703747987747192 0.1091834008693695 -1.264878153800964
8079 0.8979145288467407 0.1087954267859459 -1.265024423599243
8080 0.9265867471694946 0.1085317209362984 -1.26512348651886
8081 0.9563224315643311 0.1080121770501137 -1.265317797660828
8082 0.9870498180389404 0.1074899584054947 -1.265512108802795
8083 1.018694996833801 0.1068849638104439 -1.265735864639282
8084 1.051181674003601 0.1062159389257431 -1.265981554985046
8085 1.084431529045105 0.1056457981467247 -1.266189694404602
8086 1.118364572525024 0.1053674146533012 -1.266290783882141
8087 1.152899026870728 0.104819729924202 -1.266488909721375
8088 1.187951683998108 0.1042170599102974 -1.266705513000488
8089 1.223438024520874 0.1035347133874893 -1.266949057579041
8090 1.259272694587708 0.1028404012322426 -1.267194986343384
8091 1.295369267463684 0.1022141054272652 -1.267415285110474
8092 1.331640839576721 0.1018194556236267 -1.267553329467773
8093 1.368000030517578 0.1013234406709671 -1.267725944519043
8094 1.404359102249146 0.100737176835537 -1.267928719520569
8095 1.440630674362183 0.1000711396336555 -1.268157601356506
8096 1.476727247238159 0.09939184039831161 -1.268389225006104
8097 1.512561917304993 0.09878399968147278 -1.268594980239868
8098 1.548048257827759 0.09850309789180756 -1.268689632415771
8099 1.583100914955139 0.09797264635562897 -1.268867492675781
8100 1.617635369300842 0.09738340973854065 -1.269063830375671
8101 1.651568412780762 0.09677429497241974 -1.269265413284302
8102 1.684818267822266 0.09613464772701263 -1.26947557926178
8103 1.717304944992065 0.09564773738384247 -1.269634485244751
8104 1.748950123786926 0.09540065377950668 -1.269714832305908
8105 1.779677510261536 0.0949457660317421 -1.269862055778503
8106 1.809413194656372 0.09447579830884933 -1.270013332366943
8107 1.838085412979126 0.09396788477897644 -1.27017605304718
8108 1.865625143051147 0.09345066547393799 -1.27034056186676
8109 1.891966104507446 0.09302172064781189 -1.270476341247559
8110 1.917044758796692 0.09263482689857483 -1.270598173141479
8111 1.940800786018372 0.09253069758415222 -1.270630955696106
8112 1.963176846504211 0.09222570061683655 -1.270726442337036
8113 1.984119057655334 0.09191097319126129 -1.270824670791626
8114 2.003576993942261 0.09158426523208618 -1.270926237106323
8115 2.021503686904907 0.09130485355854034 -1.271012783050537
8116 2.037856101989746 0.09103772789239883 -1.271095275878906
8117 2.052594900131226 0.09076719731092453 -1.271178603172302
8118 2.06568431854248 0.09050259739160538 -1.271259784698486
8119 2.077092885971069 0.09029965847730637 -1.271321892738342
8120 2.086793184280396 0.09014161676168442 -1.271370053291321
8121 2.094762086868286 0.09003710001707077 -1.27140200138092
8122 2.100979804992676 0.08997438848018646 -1.271421074867249
8123 2.105432033538818 0.08992017805576324 -1.271437525749207
8124 2.108107566833496 0.08988261967897415 -1.271448969841003
8125 2.109000205993652 0.08987009525299072 -1.271452784538269
8126 0.6269999742507935 0.08600780367851257 -1.272599339485168
8127 0.6278925538063049 0.08599285781383514 -1.272603631019592
8128 0.6305680871009827 0.08594807982444763 -1.272616624832153
8129 0.6350201964378357 0.08587364107370377 -1.272638201713562
8130 0.6412380933761597 0.08578144758939743 -1.272664904594421
8131 0.649206817150116 0.08571228384971619 -1.272684812545776
8132 0.6589071750640869 0.08562822639942169 -1.272709131240845
8133 0.6703158020973206 0.08551685512065887 -1.272741198539734
8134 0.6834052205085754 0.08538505434989929 -1.272779107093811
8135 0.6981438994407654 0.08528164029121399 -1.272808790206909
8136 0.7144963145256042 0.08523062616586685 -1.272823452949524
8137 0.7324230670928955 0.08503534644842148 -1.272879481315613
8138 0.7518810033798218 0.08479618281126022 -1.272947788238525
8139 0.7728232145309448 0.08451645076274872 -1.273027420043945
8140 0.7951992154121399 0.08418084681034088 -1.273122668266296
8141 0.8189551830291748 0.08381569385528564 -1.273225784301758
8142 0.8440338373184204 0.08340656757354736 -1.273340821266174
8143 0.8703747987747192 0.08301553875207901 -1.273450136184692
8144 0.8979145288467407 0.08271176367998123 -1.273534655570984
8145 0.9265867471694946 0.08250509202480316 -1.273591995239258
8146 0.9563224315643311 0.08209823817014694 -1.273704528808594
8147 0.9870498180389404 0.08169039338827133 -1.273816585540771
8148 1.018694996833801 0.08121761679649353 -1.273945808410645
8149 1.051181674003601 0.08069514483213425 -1.27408754825592
8150 1.084431529045105 0.08025039732456207 -1.274207592010498
8151 1.118364572525024 0.08003190904855728 -1.274266242980957
8152 1.152899026870728 0.079604372382164 -1.274380564689636
8153 1.187951683998108 0.07913417369127274 -1.274505496025085
8154 1.223438024520874 0.07860203832387924 -1.274645924568176
8155 1.259272694587708 0.07806117087602615 -1.274787664413452
8156 1.295369267463684 0.07757275551557541 -1.274914741516113
8157 1.331640839576721 0.07726491987705231 -1.274994492530823
8158 1.368000030517578 0.07687773555517197 -1.275094151496887
8159 1.404359102249146 0.07642147690057755 -1.275210976600647
8160 1.440630674362183 0.0759025439620018 -1.27534294128418
8161 1.476727247238159 0.0753745511174202 -1.275476336479187
8162 1.512561917304993 0.07490174472332001 -1.275594830513
8163 1.548048257827759 0.07468218356370926 -1.275649547576904
8164 1.583100914955139 0.07426977157592773 -1.275751948356628
8165 1.617635369300842 0.07381138205528259 -1.275865077972412
8166 1.651568412780762 0.07333853840827942 -1.275981068611145
8167 1.684818267822266 0.07284131646156311 -1.276102066040039
8168 1.717304944992065 0.07246340811252594 -1.276193499565125
8169 1.748950123786926 0.07227037847042084 -1.276239991188049
8170 1.779677510261536 0.07191725075244904 -1.27632474899292
8171 1.809413194656372 0.07155252993106842 -1.276411771774292
8172 1.838085412979126 0.07115799933671951 -1.276505351066589
8173 1.865625143051147 0.070757195353508 -1.276600003242493
8174 1.891966104507446 0.07042481005191803 -1.276677966117859
8175 1.917044758796692 0.07012448459863663 -1.276748061180115
8176 1.940800786018372 0.07004279643297195 -1.276767134666443
8177 1.963176846504211 0.06980643421411514 -1.276821970939636
8178 1.984119057655334 0.0695624053478241 -1.276878476142883
8179 2.003576993942261 0.06930873543024063 -1.276937007904053
8180 2.021503686904907 0.06909241527318954 -1.276986718177795
8181 2.037856101989746 0.06888563930988312 -1.277034044265747
8182 2.052594900131226 0.06867627799510956 -1.277081847190857
8183 2.06568431854248 0.06847120076417923 -1.277128577232361
8184 2.077092885971069 0.06831376999616623 -1.277164220809937
8185 2.086793184280396 0.06819143146276474 -1.277191996574402
8186 2.094762086868286 0.06811054050922394 -1.277210235595703
8187 2.100979804992676 0.06806196272373199 -1.277221202850342
8188 2.105432033538818 0.068019799888134 -1.277230739593506
8189 2.108107566833496 0.0679905042052269 -1.277237415313721
8190 2.109000205993652 0.06798072904348373 -1.277239561080933
8191 0.6269999742507935 0.05794515460729599 -1.279328465461731
8192 0.6278925538063049 0.0579349473118782 -1.279330492019653
8193 0.6305680871009827 0.05790435895323753 -1.279336333274841
8194 0.6350201964378357 0.05785350874066353 -1.279345989227295
8195 0.6412380933761597 0.05779052525758743 -1.27935802936554
8196 0.649206817150116 0.05774339661002159 -1.279366970062256
8197 0.6589071750640869 0.05768612027168274 -1.279377818107605
8198 0.6703158020973206 0.05761002376675606 -1.279392242431641
8199 0.6834052205085754 0.05751993134617805 -1.279409408569336
8200 0.6981438994407654 0.05744890868663788 -1.279422879219055
8201 0.7144963145256042 0.05741378292441368 -1.27942943572998
8202 0.7324230670928955 0.05727972090244293 -1.279454827308655
8203 0.7518810033798218 0.05711542442440987 -1.279485702514648
8204 0.7728232145309448 0.05692318826913834 -1.279521822929382
8205 0.7951992154121399 0.05669232830405235 -1.2795649766922
8206 0.8189551830291748 0.05644139274954796 -1.279611706733704
8207 0.8440338373184204 0.05616051331162453 -1.279663801193237
8208 0.8703747987747192 0.0558917410671711 -1.279713273048401
8209 0.8979145288467407 0.05568292737007141 -1.279751658439636
8210 0.9265867471694946 0.0555407702922821 -1.279777646064758
8211 0.9563224315643311 0.05526106804609299 -1.279828667640686
8212 0.9870498180389404 0.05498121306300163 -1.279879331588745
8213 1.018694996833801 0.05465667322278023 -1.279937863349915
8214 1.051181674003601 0.05429818853735924 -1.280002117156982
8215 1.084431529045105 0.05399326980113983 -1.280056357383728
8216 1.118364572525024 0.05384283140301704 -1.280082941055298
8217 1.152899026870728 0.05354957655072212 -1.280134797096252
8218 1.187951683998108 0.05322717502713203 -1.2801913022995
8219 1.223438024520874 0.05286241695284843 -1.28025484085083
8220 1.259272694587708 0.05249196290969849 -1.280318975448608
8221 1.295369267463684 0.05215717852115631 -1.280376434326172
8222 1.331640839576721 0.05194614455103874 -1.280412554740906
8223 1.368000030517578 0.05168057233095169 -1.280457735061646
8224 1.404359102249146 0.05136829242110252 -1.280510544776917
8225 1.440630674362183 0.05101282149553299 -1.280570268630981
8226 1.476727247238159 0.05065175890922546 -1.280630469322205
8227 1.512561917304993 0.05032826960086823 -1.280683994293213
8228 1.548048257827759 0.05017753317952156 -1.280708909034729
8229 1.583100914955139 0.04989546164870262 -1.280755162239075
8230 1.617635369300842 0.04958181083202362 -1.280806303024292
8231 1.651568412780762 0.049258753657341 -1.280858635902405
8232 1.684818267822266 0.04891872406005859 -1.280913352966309
8233 1.717304944992065 0.04866055771708488 -1.280954599380493
8234 1.748950123786926 0.04852809756994247 -1.280975699424744
8235 1.779677510261536 0.04828682541847229 -1.281013965606689
8236 1.809413194656372 0.04803770035505295 -1.281053304672241
8237 1.838085412979126 0.04776803031563759 -1.281095623970032
8238 1.865625143051147 0.04749453812837601 -1.281138300895691
8239 1.891966104507446 0.04726774245500565 -1.281173467636108
8240 1.917044758796692 0.04706256836652756 -1.281205177307129
8241 1.940800786018372 0.04700635001063347 -1.281213760375977
8242 1.963176846504211 0.04684505239129066 -1.281238555908203
8243 1.984119057655334 0.04667847603559494 -1.281264066696167
8244 2.003576993942261 0.04650514200329781 -1.281290531158447
8245 2.021503686904907 0.04635763168334961 -1.281312942504883
8246 2.037856101989746 0.04621664807200432 -1.281334280967712
8247 2.052594900131226 0.04607392102479935 -1.281355857849121
8248 2.06568431854248 0.04593396931886673 -1.281376957893372
8249 2.077092885971069 0.04582647234201431 -1.281393051147461
8250 2.086793184280396 0.04574305564165115 -1.281405568122864
8251 2.094762086868286 0.04568790644407272 -1.281413793563843
8252 2.100979804992676 0.0456547699868679 -1.281418800354004
8253 2.105432033538818 0.04562591761350632 -1.281423091888428
8254 2.108107566833496 0.04560583829879761 -1.281426072120667
8255 2.109000205993652 0.04559914022684097 -1.281427025794983
8256 0.6269999742507935 0.02915717102587223 -1.28343141078949
8257 0.6278925538063049 0.02915199100971222 -1.283431887626648
8258 0.6305680871009827 0.02913647145032883 -1.283433318138123
8259 0.6350201964378357 0.02911067381501198 -1.283435821533203
8260 0.6412380933761597 0.02907871827483177 -1.283438801765442
8261 0.649206817150116 0.02905484288930893 -1.283441066741943
8262 0.6589071750640869 0.02902582846581936 -1.283443808555603
8263 0.6703158020973206 0.02898721396923065 -1.28344738483429
8264 0.6834052205085754 0.02894148603081703 -1.283451676368713
8265 0.6981438994407654 0.02890533953905106 -1.28345513343811
8266 0.7144963145256042 0.02888743579387665 -1.283456802368164
8267 0.7324230670928955 0.02881921268999577 -1.2834632396698
8268 0.7518810033798218 0.02873557806015015 -1.283470988273621
8269 0.7728232145309448 0.02863769419491291 -1.283480167388916
8270 0.7951992154121399 0.02852008119225502 -1.283491134643555
8271 0.8189551830291748 0.02839231304824352 -1.28350293636322
8272 0.8440338373184204 0.02824937738478184 -1.283516049385071
8273 0.8703747987747192 0.02811251394450665 -1.283528566360474
8274 0.8979145288467407 0.0280061736702919 -1.283538222312927
8275 0.9265867471694946 0.02793375216424465 -1.283544898033142
8276 0.9563224315643311 0.02779130637645721 -1.283557772636414
8277 0.9870498180389404 0.02764894068241119 -1.283570528030396
8278 1.018694996833801 0.02748380228877068 -1.283585429191589
8279 1.051181674003601 0.02730144560337067 -1.283601641654968
8280 1.084431529045105 0.02714640647172928 -1.283615350723267
8281 1.118364572525024 0.02706972137093544 -1.283622026443481
8282 1.152899026870728 0.02692057378590107 -1.283635139465332
8283 1.187951683998108 0.02675663679838181 -1.283649444580078
8284 1.223438024520874 0.02657119557261467 -1.283665537834167
8285 1.259272694587708 0.02638294734060764 -1.283681631088257
8286 1.295369267463684 0.02621275000274181 -1.283696174621582
8287 1.331640839576721 0.02610545232892036 -1.283705353736877
8288 1.368000030517578 0.02597038820385933 -1.283716797828674
8289 1.404359102249146 0.02581176534295082 -1.283730149269104
8290 1.440630674362183 0.02563112042844296 -1.283745169639587
8291 1.476727247238159 0.02544782124459743 -1.28376042842865
8292 1.512561917304993 0.02528354153037071 -1.283773899078369
8293 1.548048257827759 0.02520683966577053 -1.283780217170715
8294 1.583100914955139 0.02506362274289131 -1.283791899681091
8295 1.617635369300842 0.02490433864295483 -1.283804774284363
8296 1.651568412780762 0.02474042028188705 -1.283818006515503
8297 1.684818267822266 0.02456779032945633 -1.283831834793091
8298 1.717304944992065 0.02443681098520756 -1.283842206001282
8299 1.748950123786926 0.02436942420899868 -1.283847570419312
8300 1.779677510261536 0.02424700185656548 -1.283857226371765
8301 1.809413194656372 0.02412061579525471 -1.283867239952087
8302 1.838085412979126 0.02398375049233437 -1.283877849578857
8303 1.865625143051147 0.02384508773684502 -1.283888578414917
8304 1.891966104507446 0.02373010292649269 -1.283897519111633
8305 1.917044758796692 0.02362600155174732 -1.283905506134033
8306 1.940800786018372 0.023597352206707 -1.283907651901245
8307 1.963176846504211 0.02351557277143002 -1.283913969993591
8308 1.984119057655334 0.02343109622597694 -1.283920407295227
8309 2.003576993942261 0.02334314212203026 -1.283927083015442
8310 2.021503686904907 0.02326838299632072 -1.283932685852051
8311 2.037856101989746 0.02319693379104137 -1.28393816947937
8312 2.052594900131226 0.02312461100518703 -1.2839435338974
8313 2.06568431854248 0.02305364795029163 -1.28394889831543
8314 2.077092885971069 0.02299912460148335 -1.283952951431274
8315 2.086793184280396 0.02295685186982155 -1.283956050872803
8316 2.094762086868286 0.02292890474200249 -1.283958196640015
8317 2.100979804992676 0.02291210740804672 -1.28395938873291
8318 2.105432033538818 0.02289745584130287 -1.283960461616516
8319 2.108107566833496 0.02288724854588509 -1.283961296081543
8320 2.109000205993652 0.02288384363055229 -1.283961534500122
$EndNodes
$Elements
16384
1 2 2 0 1 1 2 3
2 2 2 0 1 3 1 4
3 2 2 0 1 5 1 4
4 2 2 0 1 4 5 6
5 2 2 0 1 7 5 6
6 2 2 0 1 6 7 8
7 2 2 0 1 9 7 8
8 2 2 0 1 8 9 10
9 2 2 0 1 11 9 10
10 2 2 0 1 10 11 12
11 2 2 0 1 13 11 12
12 2 2 0 1 12 13 14
13 2 2 0 1 15 13 14
14 2 2 0 1 14 15 16
15 2 2 0 1 17 15 16
16 2 2 0 1 16 17 18
17 2 2 0 1 19 17 18
18 2 2 0 1 18 19 20
19 2 2 0 1 21 19 20
20 2 2 0 1 20 21 22
21 2 2 0 1 23 21 22
22 2 2 0 1 22 23 24
23 2 2 0 1 25 23 24
24 2 2 0 1 24 25 26
25 2 2 0 1 27 25 26
26 2 2 0 1 26 27 28
27 2 2 0 1 29 27 28
28 2 2 0 1 28 29 30
29 2 2 0 1 31 29 30
30 2 2 0 1 30 31 32
31 2 2 0 1 33 31 32
32 2 2 0 1 32 33 34
33 2 2 0 1 35 33 34
34 2 2 0 1 34 35 36
35 2 2 0 1 37 35 36
36 2 2 0 1 36 37 38
37 2 2 0 1 39 37 38
38 2 2 0 1 38 39 40
39 2 2 0 1 41 39 40
40 2 2 0 1 40 41 42
41 2 2 0 1 43 41 42
42 2 2 0 1 42 43 44
43 2 2 0 1 45 43 44
44 2 2 0 1 44 45 46
45 2 2 0 1 47 45 46
46 2 2 0 1 46 47 48
47 2 2 0 1 49 47 48
48 2 2 0 1 48 49 50
49 2 2 0 1 51 49 50
50 2 2 0 1 50 51 52
51 2 2 0 1 53 51 52
52 2 2 0 1 52 53 54
53 2 2 0 1 55 53 54
54 2 2 0 1 54 55 56
55 2 2 0 1 57 55 56
56 2 2 0 1 56 57 58
57 2 2 0 1 59 57 58
58 2 2 0 1 58 59 60
59 2 2 0 1 61 59 60
60 2 2 0 1 60 61 62
61 2 2 0 1 63 61 62
62 2 2 0 1 62 63 64
63 2 2 0 1 65 63 64
64 2 2 0 1 64 65 66
65 2 2 0 1 67 65 66
66 2 2 0 1 66 67 68
67 2 2 0 1 69 67 68
68 2 2 0 1 68 69 70
69 2 2 0 1 71 69 70
70 2 2 0 1 70 71 72
71 2 2 0 1 73 71 72
72 2 2 0 1 72 73 74
73 2 2 0 1 75 73 74
74 2 2 0 1 74 75 76
75 2 2 0 1 77 75 76
76 2 2 0 1 76 77 78
77 2 2 0 1 79 77 78
78 2 2 0 1 78 79 80
79 2 2 0 1 81 79 80
80 2 2 0 1 80 81 82
81 2 2 0 1 83 81 82
82 2 2 0 1 82 83 84
83 2 2 0 1 85 83 84
84 2 2 0 1 84 85 86
85 2 2 0 1 87 85 86
86 2 2 0 1 86 87 88
87 2 2 0 1 89 87 88
88 2 2 0 1 88 89 90
89 2 2 0 1 91 89 90
90 2 2 0 1 90 91 92
91 2 2 0 1 93 91 92
92 2 2 0 1 92 93 94
93 2 2 0 1 95 93 94
94 2 2 0 1 94 95 96
95 2 2 0 1 97 95 96
96 2 2 0 1 96 97 98
97 2 2 0 1 99 97 98
98 2 2 0 1 98 99 100
99 2 2 0 1 101 99 100
100 2 2 0 1 100 101 102
101 2 2 0 1 103 101 102
102 2 2 0 1 102 103 104
103 2 2 0 1 105 103 104
104 2 2 0 1 104 105 106
105 2 2 0 1 107 105 106
106 2 2 0 1 106 107 108
107 2 2 0 1 109 107 108
108 2 2 0 1 108 109 110
109 2 2 0 1 111 109 110
110 2 2 0 1 110 111 112
111 2 2 0 1 113 111 112
112 2 2 0 1 112 113 114
113 2 2 0 1 115 113 114
114 2 2 0 1 114 115 116
115 2 2 0 1 117 115 116
116 2 2 0 1 116 117 118
117 2 2 0 1 119 117 118
118 2 2 0 1 118 119 120
119 2 2 0 1 121 119 120
120 2 2 0 1 120 121 122
121 2 2 0 1 123 121 122
122 2 2 0 1 122 123 124
123 2 2 0 1 125 123 124
124 2 2 0 1 124 125 126
125 2 2 0 1 127 125 126
126 2 2 0 1 126 127 128
127 2 2 0 1 129 127 128
128 2 2 0 1 128 129 130
129 2 2 0 1 131 132 2
130 2 2 0 1 2 131 1
131 2 2 0 1 133 131 1
132 2 2 0 1 1 133 5
133 2 2 0 1 134 133 5
134 2 2 0 1 5 134 7
135 2 2 0 1 135 134 7
136 2 2 0 1 7 135 9
137 2 2 0 1 136 135 9
138 2 2 0 1 9 136 11
139 2 2 0 1 137 136 11
140 2 2 0 1 11 137 13
141 2 2 0 1 138 137 13
142 2 2 0 1 13 138 15
143 2 2 0 1 139 138 15
144 2 2 0 1 15 139 17
145 2 2 0 1 140 139 17
146 2 2 0 1 17 140 19
147 2 2 0 1 141 140 19
148 2 2 0 1 19 141 21
149 2 2 0 1 142 141 21
150 2 2 0 1 21 142 23
151 2 2 0 1 143 142 23
152 2 2 0 1 23 143 25
153 2 2 0 1 144 143 25
154 2 2 0 1 25 144 27
155 2 2 0 1 145 144 27
156 2 2 0 1 27 145 29
157 2 2 0 1 146 145 29
158 2 2 0 1 29 146 31
159 2 2 0 1 147 146 31
160 2 2 0 1 31 147 33
161 2 2 0 1 148 147 33
162 2 2 0 1 33 148 35
163 2 2 0 1 149 148 35
164 2 2 0 1 35 149 37
165 2 2 0 1 150 149 37
166 2 2 0 1 37 150 39
167 2 2 0 1 151 150 39
168 2 2 0 1 39 151 41
169 2 2 0 1 152 151 41
170 2 2 0 1 41 152 43
171 2 2 0 1 153 152 43
172 2 2 0 1 43 153 45
173 2 2 0 1 154 153 45
174 2 2 0 1 45 154 47
175 2 2 0 1 155 154 47
176 2 2 0 1 47 155 49
177 2 2 0 1 156 155 49
178 2 2 0 1 49 156 51
179 2 2 0 1 157 156 51
180 2 2 0 1 51 157 53
181 2 2 0 1 158 157 53
182 2 2 0 1 53 158 55
183 2 2 0 1 159 158 55
184 2 2 0 1 55 159 57
185 2 2 0 1 160 159 57
186 2 2 0 1 57 160 59
187 2 2 0 1 161 160 59
188 2 2 0 1 59 161 61
189 2 2 0 1 162 161 61
190 2 2 0 1 61 162 63
191 2 2 0 1 163 162 63
192 2 2 0 1 63 163 65
193 2 2 0 1 164 163 65
194 2 2 0 1 65 164 67
195 2 2 0 1 165 164 67
196 2 2 0 1 67 165 69
197 2 2 0 1 166 165 69
198 2 2 0 1 69 166 71
199 2 2 0 1 167 166 71
200 2 2 0 1 71 167 73
201 2 2 0 1 168 167 73
202 2 2 0 1 73 168 75
203 2 2 0 1 169 168 75
204 2 2 0 1 75 169 77
205 2 2 0 1 170 169 77
206 2 2 0 1 77 170 79
207 2 2 0 1 171 170 79
208 2 2 0 1 79 171 81
209 2 2 0 1 172 171 81
210 2 2 0 1 81 172 83
211 2 2 0 1 173 172 83
212 2 2 0 1 83 173 85
213 2 2 0 1 174 173 85
214 2 2 0 1 85 174 87
215 2 2 0 1 175 174 87
216 2 2 0 1 87 175 89
217 2 2 0 1 176 175 89
218 2 2 0 1 89 176 91
219 2 2 0 1 177 176 91
220 2 2 0 1 91 177 93
221 2 2 0 1 178 177 93
222 2 2 0 1 93 178 95
223 2 2 0 1 179 178 95
224 2 2 0 1 95 179 97
225 2 2 0 1 180 179 97
226 2 2 0 1 97 180 99
227 2 2 0 1 181 180 99
228 2 2 0 1 99 181 101
229 2 2 0 1 182 181 101
230 2 2 0 1 101 182 103
231 2 2 0 1 183 182 103
232 2 2 0 1 103 183 105
233 2 2 0 1 184 183 105
234 2 2 0 1 105 184 107
235 2 2 0 1 185 184 107
236 2 2 0 1 107 185 109
237 2 2 0 1 186 185 109
238 2 2 0 1 109 186 111
239 2 2 0 1 187 186 111
240 2 2 0 1 111 187 113
241 2 2 0 1 188 187 113
242 2 2 0 1 113 188 115
243 2 2 0 1 189 188 115
244 2 2 0 1 115 189 117
245 2 2 0 1 190 189 117
246 2 2 0 1 117 190 119
247 2 2 0 1 191 190 119
248 2 2 0 1 119 191 121
249 2 2 0 1 192 191 121
250 2 2 0 1 121 192 123
251 2 2 0 1 193 192 123
252 2 2 0 1 123 193 125
253 2 2 0 1 194 193 125
254 2 2 0 1 125 194 127
255 2 2 0 1 195 194 127
256 2 2 0 1 127 195 129
257 2 2 0 1 196 197 132
258 2 2 0 1 132 196 131
259 2 2 0 1 198 196 131
260 2 2 0 1 131 198 133
261 2 2 0 1 199 198 133
262 2 2 0 1 133 199 134
263 2 2 0 1 200 199 134
264 2 2 0 1 134 200 135
265 2 2 0 1 201 200 135
266 2 2 0 1 135 201 136
267 2 2 0 1 202 201 136
268 2 2 0 1 136 202 137
269 2 2 0 1 203 202 137
270 2 2 0 1 137 203 138
271 2 2 0 1 204 203 138
272 2 2 0 1 138 204 139
273 2 2 0 1 205 204 139
274 2 2 0 1 139 205 140
275 2 2 0 1 206 205 140
276 2 2 0 1 140 206 141
277 2 2 0 1 207 206 141
278 2 2 0 1 141 207 142
279 2 2 0 1 208 207 142
280 2 2 0 1 142 208 143
281 2 2 0 1 209 208 143
282 2 2 0 1 143 209 144
283 2 2 0 1 210 209 144
284 2 2 0 1 144 210 145
285 2 2 0 1 211 210 145
286 2 2 0 1 145 211 146
287 2 2 0 1 212 211 146
288 2 2 0 1 146 212 147
289 2 2 0 1 213 212 147
290 2 2 0 1 147 213 148
291 2 2 0 1 214 213 148
292 2 2 0 1 148 214 149
293 2 2 0 1 215 214 149
294 2 2 0 1 149 215 150
295 2 2 0 1 216 215 150
296 2 2 0 1 150 216 151
297 2 2 0 1 217 216 151
298 2 2 0 1 151 217 152
299 2 2 0 1 218 217 152
300 2 2 0 1 152 218 153
301 2 2 0 1 219 218 153
302 2 2 0 1 153 219 154
303 2 2 0 1 220 219 154
304 2 2 0 1 154 220 155
305 2 2 0 1 221 220 155
306 2 2 0 1 155 221 156
307 2 2 0 1 222 221 156
308 2 2 0 1 156 222 157
309 2 2 0 1 223 222 157
310 2 2 0 1 157 223 158
311 2 2 0 1 224 223 158
312 2 2 0 1 158 224 159
313 2 2 0 1 225 224 159
314 2 2 0 1 159 225 160
315 2 2 0 1 226 225 160
316 2 2 0 1 160 226 161
317 2 2 0 1 227 226 161
318 2 2 0 1 161 227 162
319 2 2 0 1 228 227 162
320 2 2 0 1 162 228 163
321 2 2 0 1 229 228 163
322 2 2 0 1 163 229 164
323 2 2 0 1 230 229 164
324 2 2 0 1 164 230 165
325 2 2 0 1 231 230 165
326 2 2 0 1 165 231 166
327 2 2 0 1 232 231 166
328 2 2 0 1 166 232 167
329 2 2 0 1 233 232 167
330 2 2 0 1 167 233 168
331 2 2 0 1 234 233 168
332 2 2 0 1 168 234 169
333 2 2 0 1 235 234 169
334 2 2 0 1 169 235 170
335 2 2 0 1 236 235 170
336 2 2 0 1 170 236 171
337 2 2 0 1 237 236 171
338 2 2 0 1 171 237 172
339 2 2 0 1 238 237 172
340 2 2 0 1 172 238 173
341 2 2 0 1 239 238 173
342 2 2 0 1 173 239 174
343 2 2 0 1 240 239 174
344 2 2 0 1 174 240 175
345 2 2 0 1 241 240 175
346 2 2 0 1 175 241 176
347 2 2 0 1 242 241 176
348 2 2 0 1 176 242 177
349 2 2 0 1 243 242 177
350 2 2 0 1 177 243 178
351 2 2 0 1 244 243 178
352 2 2 0 1 178 244 179
353 2 2 0 1 245 244 179
354 2 2 0 1 179 245 180
355 2 2 0 1 246 245 180
356 2 2 0 1 180 246 181
357 2 2 0 1 247 246 181
358 2 2 0 1 181 247 182
359 2 2 0 1 248 247 182
360 2 2 0 1 182 248 183
361 2 2 0 1 249 248 183
362 2 2 0 1 183 249 184
363 2 2 0 1 250 249 184
364 2 2 0 1 184 250 185
365 2 2 0 1 251 250 185
366 2 2 0 1 185 251 186
367 2 2 0 1 252 251 186
368 2 2 0 1 186 252 187
369 2 2 0 1 253 252 187
370 2 2 0 1 187 253 188
371 2 2 0 1 254 253 188
372 2 2 0 1 188 254 189
373 2 2 0 1 255 254 189
374 2 2 0 1 189 255 190
375 2 2 0 1 256 255 190
376 2 2 0 1 190 256 191
377 2 2 0 1 257 256 191
378 2 2 0 1 191 257 192
379 2 2 0 1 258 257 192
380 2 2 0 1 192 258 193
381 2 2 0 1 259 258 193
382 2 2 0 1 193 259 194
383 2 2 0 1 260 259 194
384 2 2 0 1 194 260 195
385 2 2 0 1 261 262 197
386 2 2 0 1 197 261 196
387 2 2 0 1 263 261 196
388 2 2 0 1 196 263 198
389 2 2 0 1 264 263 198
390 2 2 0 1 198 264 199
391 2 2 0 1 265 264 199
392 2 2 0 1 199 265 200
393 2 2 0 1 266 265 200
394 2 2 0 1 200 266 201
395 2 2 0 1 267 266 201
396 2 2 0 1 201 267 202
397 2 2 0 1 268 267 202
398 2 2 0 1 202 268 203
399 2 2 0 1 269 268 203
400 2 2 0 1 203 269 204
401 2 2 0 1 270 269 204
402 2 2 0 1 204 270 205
403 2 2 0 1 271 270 205
404 2 2 0 1 205 271 206
405 2 2 0 1 272 271 206
406 2 2 0 1 206 272 207
407 2 2 0 1 273 272 207
408 2 2 0 1 207 273 208
409 2 2 0 1 274 273 208
410 2 2 0 1 208 274 209
411 2 2 0 1 275 274 209
412 2 2 0 1 209 275 210
413 2 2 0 1 276 275 210
414 2 2 0 1 210 276 211
415 2 2 0 1 277 276 211
416 2 2 0 1 211 277 212
417 2 2 0 1 278 277 212
418 2 2 0 1 212 278 213
419 2 2 0 1 279 278 213
420 2 2 0 1 213 279 214
421 2 2 0 1 280 279 214
422 2 2 0 1 214 280 215
423 2 2 0 1 281 280 215
424 2 2 0 1 215 281 216
425 2 2 0 1 282 281 216
426 2 2 0 1 216 282 217
427 2 2 0 1 283 282 217
428 2 2 0 1 217 283 218
429 2 2 0 1 284 283 218
430 2 2 0 1 218 284 219
431 2 2 0 1 285 284 219
432 2 2 0 1 219 285 220
433 2 2 0 1 286 285 220
434 2 2 0 1 220 286 221
435 2 2 0 1 287 286 221
436 2 2 0 1 221 287 222
437 2 2 0 1 288 287 222
438 2 2 0 1 222 288 223
439 2 2 0 1 289 288 223
440 2 2 0 1 223 289 224
441 2 2 0 1 290 289 224
442 2 2 0 1 224 290 225
443 2 2 0 1 291 290 225
444 2 2 0 1 225 291 226
445 2 2 0 1 292 291 226
446 2 2 0 1 226 292 227
447 2 2 0 1 293 292 227
448 2 2 0 1 227 293 228
449 2 2 0 1 294 293 228
450 2 2 0 1 228 294 229
451 2 2 0 1 295 294 229
452 2 2 0 1 229 295 230
453 2 2 0 1 296 295 230
454 2 2 0 1 230 296 231
455 2 2 0 1 297 296 231
456 2 2 0 1 231 297 232
457 2 2 0 1 298 297 232
458 2 2 0 1 232 298 233
459 2 2 0 1 299 298 233
460 2 2 0 1 233 299 234
461 2 2 0 1 300 299 234
462 2 2 0 1 234 300 235
463 2 2 0 1 301 300 235
464 2 2 0 1 235 301 236
465 2 2 0 1 302 301 236
466 2 2 0 1 236 302 237
467 2 2 0 1 303 302 237
468 2 2 0 1 237 303 238
469 2 2 0 1 304 303 238
470 2 2 0 1 238 304 239
471 2 2 0 1 305 304 239
472 2 2 0 1 239 305 240
473 2 2 0 1 306 305 240
474 2 2 0 1 240 306 241
475 2 2 0 1 307 306 241
476 2 2 0 1 241 307 242
477 2 2 0 1 308 307 242
478 2 2 0 1 242 308 243
479 2 2 0 1 309 308 243
480 2 2 0 1 243 309 244
481 2 2 0 1 310 309 244
482 2 2 0 1 244 310 245
483 2 2 0 1 311 310 245
484 2 2 0 1 245 311 246
485 2 2 0 1 312 311 246
486 2 2 0 1 246 312 247
487 2 2 0 1 313 312 247
488 2 2 0 1 247 313 248
489 2 2 0 1 314 313 248
490 2 2 0 1 248 314 249
491 2 2 0 1 315 314 249
492 2 2 0 1 249 315 250
493 2 2 0 1 316 315 250
494 2 2 0 1 250 316 251
495 2 2 0 1 317 316 251
496 2 2 0 1 251 317 252
497 2 2 0 1 318 317 252
498 2 2 0 1 252 318 253
499 2 2 0 1 319 318 253
500 2 2 0 1 253 319 254
501 2 2 0 1 320 319 254
502 2 2 0 1 254 320 255
503 2 2 0 1 321 320 255
504 2 2 0 1 255 321 256
505 2 2 0 1 322 321 256
506 2 2 0 1 256 322 257
507 2 2 0 1 323 322 257
508 2 2 0 1 257 323 258
509 2 2 0 1 324 323 258
510 2 2 0 1 258 324 259
511 2 2 0 1 325 324 259
512 2 2 0 1 259 325 260
513 2 2 0 1 326 327 262
514 2 2 0 1 262 326 261
515 2 2 0 1 328 326 261
516 2 2 0 1 261 328 263
517 2 2 0 1 329 328 263
518 2 2 0 1 263 329 264
519 2 2 0 1 330 329 264
520 2 2 0 1 264 330 265
521 2 2 0 1 331 330 265
522 2 2 0 1 265 331 266
523 2 2 0 1 332 331 266
524 2 2 0 1 266 332 267
525 2 2 0 1 333 332 267
526 2 2 0 1 267 333 268
527 2 2 0 1 334 333 268
528 2 2 0 1 268 334 269
529 2 2 0 1 335 334 269
530 2 2 0 1 269 335 270
531 2 2 0 1 336 335 270
532 2 2 0 1 270 336 271
533 2 2 0 1 337 336 271
534 2 2 0 1 271 337 272
535 2 2 0 1 338 337 272
536 2 2 0 1 272 338 273
537 2 2 0 1 339 338 273
538 2 2 0 1 273 339 274
539 2 2 0 1 340 339 274
540 2 2 0 1 274 340 275
541 2 2 0 1 341 340 275
542 2 2 0 1 275 341 276
543 2 2 0 1 342 341 276
544 2 2 0 1 276 342 277
545 2 2 0 1 343 342 277
546 2 2 0 1 277 343 278
547 2 2 0 1 344 343 278
548 2 2 0 1 278 344 279
549 2 2 0 1 345 344 279
550 2 2 0 1 279 345 280
551 2 2 0 1 346 345 280
552 2 2 0 1 280 346 281
553 2 2 0 1 347 346 281
554 2 2 0 1 281 347 282
555 2 2 0 1 348 347 282
556 2 2 0 1 282 348 283
557 2 2 0 1 349 348 283
558 2 2 0 1 283 349 284
559 2 2 0 1 350 349 284
560 2 2 0 1 284 350 285
561 2 2 0 1 351 350 285
562 2 2 0 1 285 351 286
563 2 2 0 1 352 351 286
564 2 2 0 1 286 352 287
565 2 2 0 1 353 352 287
566 2 2 0 1 287 353 288
567 2 2 0 1 354 353 288
568 2 2 0 1 288 354 289
569 2 2 0 1 355 354 289
570 2 2 0 1 289 355 290
571 2 2 0 1 356 355 290
572 2 2 0 1 290 356 291
573 2 2 0 1 357 356 291
574 2 2 0 1 291 357 292
575 2 2 0 1 358 357 292
576 2 2 0 1 292 358 293
577 2 2 0 1 359 358 293
578 2 2 0 1 293 359 294
579 2 2 0 1 360 359 294
580 2 2 0 1 294 360 295
581 2 2 0 1 361 360 295
582 2 2 0 1 295 361 296
583 2 2 0 1 362 361 296
584 2 2 0 1 296 362 297
585 2 2 0 1 363 362 297
586 2 2 0 1 297 363 298
587 2 2 0 1 364 363 298
588 2 2 0 1 298 364 299
589 2 2 0 1 365 364 299
590 2 2 0 1 299 365 300
591 2 2 0 1 366 365 300
592 2 2 0 1 300 366 301
593 2 2 0 1 367 366 301
594 2 2 0 1 301 367 302
595 2 2 0 1 368 367 302
596 2 2 0 1 302 368 303
597 2 2 0 1 369 368 303
598 2 2 0 1 303 369 304
599 2 2 0 1 370 369 304
600 2 2 0 1 304 370 305
601 2 2 0 1 371 370 305
602 2 2 0 1 305 371 306
603 2 2 0 1 372 371 306
604 2 2 0 1 306 372 307
605 2 2 0 1 373 372 307
606 2 2 0 1 307 373 308
607 2 2 0 1 374 373 308
608 2 2 0 1 308 374 309
609 2 2 0 1 375 374 309
610 2 2 0 1 309 375 310
611 2 2 0 1 376 375 310
612 2 2 0 1 310 376 311
613 2 2 0 1 377 376 311
614 2 2 0 1 311 377 312
615 2 2 0 1 378 377 312
616 2 2 0 1 312 378 313
617 2 2 0 1 379 378 313
618 2 2 0 1 313 379 314
619 2 2 0 1 380 379 314
620 2 2 0 1 314 380 315
621 2 2 0 1 381 380 315
622 2 2 0 1 315 381 316
623 2 2 0 1 382 381 316
624 2 2 0 1 316 382 317
625 2 2 0 1 383 382 317
626 2 2 0 1 317 383 318
627 2 2 0 1 384 383 318
628 2 2 0 1 318 384 319
629 2 2 0 1 385 384 319
630 2 2 0 1 319 385 320
631 2 2 0 1 386 385 320
632 2 2 0 1 320 386 321
633 2 2 0 1 387 386 321
634 2 2 0 1 321 387 322
635 2 2 0 1 388 387 322
636 2 2 0 1 322 388 323
637 2 2 0 1 389 388 323
638 2 2 0 1 323 389 324
639 2 2 0 1 390 389 324
640 2 2 0 1 324 390 325
641 2 2 0 1 391 392 327
642 2 2 0 1 327 391 326
643 2 2 0 1 393 391 326
644 2 2 0 1 326 393 328
645 2 2 0 1 394 393 328
646 2 2 0 1 328 394 329
647 2 2 0 1 395 394 329
648 2 2 0 1 329 395 330
649 2 2 0 1 396 395 330
650 2 2 0 1 330 396 331
651 2 2 0 1 397 396 331
652 2 2 0 1 331 397 332
653 2 2 0 1 398 397 332
654 2 2 0 1 332 398 333
655 2 2 0 1 399 398 333
656 2 2 0 1 333 399 334
657 2 2 0 1 400 399 334
658 2 2 0 1 334 400 335
659 2 2 0 1 401 400 335
660 2 2 0 1 335 401 336
661 2 2 0 1 402 401 336
662 2 2 0 1 336 402 337
663 2 2 0 1 403 402 337
664 2 2 0 1 337 403 338
665 2 2 0 1 404 403 338
666 2 2 0 1 338 404 339
667 2 2 0 1 405 404 339
668 2 2 0 1 339 405 340
669 2 2 0 1 406 405 340
670 2 2 0 1 340 406 341
671 2 2 0 1 407 406 341
672 2 2 0 1 341 407 342
673 2 2 0 1 408 407 342
674 2 2 0 1 342 408 343
675 2 2 0 1 409 408 343
676 2 2 0 1 343 409 344
677 2 2 0 1 410 409 344
678 2 2 0 1 344 410 345
679 2 2 0 1 411 410 345
680 2 2 0 1 345 411 346
681 2 2 0 1 412 411 346
682 2 2 0 1 346 412 347
683 2 2 0 1 413 412 347
684 2 2 0 1 347 413 348
685 2 2 0 1 414 413 348
686 2 2 0 1 348 414 349
687 2 2 0 1 415 414 349
688 2 2 0 1 349 415 350
689 2 2 0 1 416 415 350
690 2 2 0 1 350 416 351
691 2 2 0 1 417 416 351
692 2 2 0 1 351 417 352
693 2 2 0 1 418 417 352
694 2 2 0 1 352 418 353
695 2 2 0 1 419 418 353
696 2 2 0 1 353 419 354
697 2 2 0 1 420 419 354
698 2 2 0 1 354 420 355
699 2 2 0 1 421 420 355
700 2 2 0 1 355 421 356
701 2 2 0 1 422 421 356
702 2 2 0 1 356 422 357
703 2 2 0 1 423 422 357
704 2 2 0 1 357 423 358
705 2 2 0 1 424 423 358
706 2 2 0 1 358 424 359
707 2 2 0 1 425 424 359
708 2 2 0 1 359 425 360
709 2 2 0 1 426 425 360
710 2 2 0 1 360 426 361
711 2 2 0 1 427 426 361
712 2 2 0 1 361 427 362
713 2 2 0 1 428 427 362
714 2 2 0 1 362 428 363
715 2 2 0 1 429 428 363
716 2 2 0 1 363 429 364
717 2 2 0 1 430 429 364
718 2 2 0 1 364 430 365
719 2 2 0 1 431 430 365
720 2 2 0 1 365 431 366
721 2 2 0 1 432 431 366
722 2 2 0 1 366 432 367
723 2 2 0 1 433 432 367
724 2 2 0 1 367 433 368
725 2 2 0 1 434 433 368
726 2 2 0 1 368 434 369
727 2 2 0 1 435 434 369
728 2 2 0 1 369 435 370
729 2 2 0 1 436 435 370
730 2 2 0 1 370 436 371
731 2 2 0 1 437 436 371
732 2 2 0 1 371 437 372
733 2 2 0 1 438 437 372
734 2 2 0 1 372 438 373
735 2 2 0 1 439 438 373
736 2 2 0 1 373 439 374
737 2 2 0 1 440 439 374
738 2 2 0 1 374 440 375
739 2 2 0 1 441 440 375
740 2 2 0 1 375 441 376
741 2 2 0 1 442 441 376
742 2 2 0 1 376 442 377
743 2 2 0 1 443 442 377
744 2 2 0 1 377 443 378
745 2 2 0 1 444 443 378
746 2 2 0 1 378 444 379
747 2 2 0 1 445 444 379
748 2 2 0 1 379 445 380
749 2 2 0 1 446 445 380
750 2 2 0 1 380 446 381
751 2 2 0 1 447 446 381
752 2 2 0 1 381 447 382
753 2 2 0 1 448 447 382
754 2 2 0 1 382 448 383
755 2 2 0 1 449 448 383
756 2 2 0 1 383 449 384
757 2 2 0 1 450 449 384
758 2 2 0 1 384 450 385
759 2 2 0 1 451 450 385
760 2 2 0 1 385 451 386
761 2 2 0 1 452 451 386
762 2 2 0 1 386 452 387
763 2 2 0 1 453 452 387
764 2 2 0 1 387 453 388
765 2 2 0 1 454 453 388
766 2 2 0 1 388 454 389
767 2 2 0 1 455 454 389
768 2 2 0 1 389 455 390
769 2 2 0 1 456 457 392
770 2 2 0 1 392 456 391
771 2 2 0 1 458 456 391
772 2 2 0 1 391 458 393
773 2 2 0 1 459 458 393
774 2 2 0 1 393 459 394
775 2 2 0 1 460 459 394
776 2 2 0 1 394 460 395
777 2 2 0 1 461 460 395
778 2 2 0 1 395 461 396
779 2 2 0 1 462 461 396
780 2 2 0 1 396 462 397
781 2 2 0 1 463 462 397
782 2 2 0 1 397 463 398
783 2 2 0 1 464 463 398
784 2 2 0 1 398 464 399
785 2 2 0 1 465 464 399
786 2 2 0 1 399 465 400
787 2 2 0 1 466 465 400
788 2 2 0 1 400 466 401
789 2 2 0 1 467 466 401
790 2 2 0 1 401 467 402
791 2 2 0 1 468 467 402
792 2 2 0 1 402 468 403
793 2 2 0 1 469 468 403
794 2 2 0 1 403 469 404
795 2 2 0 1 470 469 404
796 2 2 0 1 404 470 405
797 2 2 0 1 471 470 405
798 2 2 0 1 405 471 406
799 2 2 0 1 472 471 406
800 2 2 0 1 406 472 407
801 2 2 0 1 473 472 407
802 2 2 0 1 407 473 408
803 2 2 0 1 474 473 408
804 2 2 0 1 408 474 409
805 2 2 0 1 475 474 409
806 2 2 0 1 409 475 410
807 2 2 0 1 476 475 410
808 2 2 0 1 410 476 411
809 2 2 0 1 477 476 411
810 2 2 0 1 411 477 412
811 2 2 0 1 478 477 412
812 2 2 0 1 412 478 413
813 2 2 0 1 479 478 413
814 2 2 0 1 413 479 414
815 2 2 0 1 480 479 414
816 2 2 0 1 414 480 415
817 2 2 0 1 481 480 415
818 2 2 0 1 415 481 416
819 2 2 0 1 482 481 416
820 2 2 0 1 416 482 417
821 2 2 0 1 483 482 417
822 2 2 0 1 417 483 418
823 2 2 0 1 484 483 418
824 2 2 0 1 418 484 419
825 2 2 0 1 485 484 419
826 2 2 0 1 419 485 420
827 2 2 0 1 486 485 420
828 2 2 0 1 420 486 421
829 2 2 0 1 487 486 421
830 2 2 0 1 421 487 422
831 2 2 0 1 488 487 422
832 2 2 0 1 422 488 423
833 2 2 0 1 489 488 423
834 2 2 0 1 423 489 424
835 2 2 0 1 490 489 424
836 2 2 0 1 424 490 425
837 2 2 0 1 491 490 425
838 2 2 0 1 425 491 426
839 2 2 0 1 492 491 426
840 2 2 0 1 426 492 427
841 2 2 0 1 493 492 427
842 2 2 0 1 427 493 428
843 2 2 0 1 494 493 428
844 2 2 0 1 428 494 429
845 2 2 0 1 495 494 429
846 2 2 0 1 429 495 430
847 2 2 0 1 496 495 430
848 2 2 0 1 430 496 431
849 2 2 0 1 497 496 431
850 2 2 0 1 431 497 432
851 2 2 0 1 498 497 432
852 2 2 0 1 432 498 433
853 2 2 0 1 499 498 433
854 2 2 0 1 433 499 434
855 2 2 0 1 500 499 434
856 2 2 0 1 434 500 435
857 2 2 0 1 501 500 435
858 2 2 0 1 435 501 436
859 2 2 0 1 502 501 436
860 2 2 0 1 436 502 437
861 2 2 0 1 503 502 437
862 2 2 0 1 437 503 438
863 2 2 0 1 504 503 438
864 2 2 0 1 438 504 439
865 2 2 0 1 505 504 439
866 2 2 0 1 439 505 440
867 2 2 0 1 506 505 440
868 2 2 0 1 440 506 441
869 2 2 0 1 507 506 441
870 2 2 0 1 441 507 442
871 2 2 0 1 508 507 442
872 2 2 0 1 442 508 443
873 2 2 0 1 509 508 443
874 2 2 0 1 443 509 444
875 2 2 0 1 510 509 444
876 2 2 0 1 444 510 445
877 2 2 0 1 511 510 445
878 2 2 0 1 445 511 446
879 2 2 0 1 512 511 446
880 2 2 0 1 446 512 447
881 2 2 0 1 513 512 447
882 2 2 0 1 447 513 448
883 2 2 0 1 514 513 448
884 2 2 0 1 448 514 449
885 2 2 0 1 515 514 449
886 2 2 0 1 449 515 450
887 2 2 0 1 516 515 450
888 2 2 0 1 450 516 451
889 2 2 0 1 517 516 451
890 2 2 0 1 451 517 452
891 2 2 0 1 518 517 452
892 2 2 0 1 452 518 453
893 2 2 0 1 519 518 453
894 2 2 0 1 453 519 454
895 2 2 0 1 520 519 454
896 2 2 0 1 454 520 455
897 2 2 0 1 521 522 457
898 2 2 0 1 457 521 456
899 2 2 0 1 523 521 456
900 2 2 0 1 456 523 458
901 2 2 0 1 524 523 458
902 2 2 0 1 458 524 459
903 2 2 0 1 525 524 459
904 2 2 0 1 459 525 460
905 2 2 0 1 526 525 460
906 2 2 0 1 460 526 461
907 2 2 0 1 527 526 461
908 2 2 0 1 461 527 462
909 2 2 0 1 528 527 462
910 2 2 0 1 462 528 463
911 2 2 0 1 529 528 463
912 2 2 0 1 463 529 464
913 2 2 0 1 530 529 464
914 2 2 0 1 464 530 465
915 2 2 0 1 531 530 465
916 2 2 0 1 465 531 466
917 2 2 0 1 532 531 466
918 2 2 0 1 466 532 467
919 2 2 0 1 533 532 467
920 2 2 0 1 467 533 468
921 2 2 0 1 534 533 468
922 2 2 0 1 468 534 469
923 2 2 0 1 535 534 469
924 2 2 0 1 469 535 470
925 2 2 0 1 536 535 470
926 2 2 0 1 470 536 471
927 2 2 0 1 537 536 471
928 2 2 0 1 471 537 472
929 2 2 0 1 538 537 472
930 2 2 0 1 472 538 473
931 2 2 0 1 539 538 473
932 2 2 0 1 473 539 474
933 2 2 0 1 540 539 474
934 2 2 0 1 474 540 475
935 2 2 0 1 541 540 475
936 2 2 0 1 475 541 476
937 2 2 0 1 542 541 476
938 2 2 0 1 476 542 477
939 2 2 0 1 543 542 477
940 2 2 0 1 477 543 478
941 2 2 0 1 544 543 478
942 2 2 0 1 478 544 479
943 2 2 0 1 545 544 479
944 2 2 0 1 479 545 480
945 2 2 0 1 546 545 480
946 2 2 0 1 480 546 481
947 2 2 0 1 547 546 481
948 2 2 0 1 481 547 482
949 2 2 0 1 548 547 482
950 2 2 0 1 482 548 483
951 2 2 0 1 549 548 483
952 2 2 0 1 483 549 484
953 2 2 0 1 550 549 484
954 2 2 0 1 484 550 485
955 2 2 0 1 551 550 485
956 2 2 0 1 485 551 486
957 2 2 0 1 552 551 486
958 2 2 0 1 486 552 487
959 2 2 0 1 553 552 487
960 2 2 0 1 487 553 488
961 2 2 0 1 554 553 488
962 2 2 0 1 488 554 489
963 2 2 0 1 555 554 489
964 2 2 0 1 489 555 490
965 2 2 0 1 556 555 490
966 2 2 0 1 490 556 491
967 2 2 0 1 557 556 491
968 2 2 0 1 491 557 492
969 2 2 0 1 558 557 492
970 2 2 0 1 492 558 493
971 2 2 0 1 559 558 493
972 2 2 0 1 493 559 494
973 2 2 0 1 560 559 494
974 2 2 0 1 494 560 495
975 2 2 0 1 561 560 495
976 2 2 0 1 495 561 496
977 2 2 0 1 562 561 496
978 2 2 0 1 496 562 497
979 2 2 0 1 563 562 497
980 2 2 0 1 497 563 498
981 2 2 0 1 564 563 498
982 2 2 0 1 498 564 499
983 2 2 0 1 565 564 499
984 2 2 0 1 499 565 500
985 2 2 0 1 566 565 500
986 2 2 0 1 500 566 501
987 2 2 0 1 567 566 501
988 2 2 0 1 501 567 502
989 2 2 0 1 568 567 502
990 2 2 0 1 502 568 503
991 2 2 0 1 569 568 503
992 2 2 0 1 503 569 504
993 2 2 0 1 570 569 504
994 2 2 0 1 504 570 505
995 2 2 0 1 571 570 505
996 2 2 0 1 505 571 506
997 2 2 0 1 572 571 506
998 2 2 0 1 506 572 507
999 2 2 0 1 573 572 507
1000 2 2 0 1 507 573 508
1001 2 2 0 1 574 573 508
1002 2 2 0 1 508 574 509
1003 2 2 0 1 575 574 509
1004 2 2 0 1 509 575 510
1005 2 2 0 1 576 575 510
1006 2 2 0 1 510 576 511
1007 2 2 0 1 577 576 511
1008 2 2 0 1 511 577 512
1009 2 2 0 1 578 577 512
1010 2 2 0 1 512 578 513
1011 2 2 0 1 579 578 513
1012 2 2 0 1 513 579 514
1013 2 2 0 1 580 579 514
1014 2 2 0 1 514 580 515
1015 2 2 0 1 581 580 515
1016 2 2 0 1 515 581 516
1017 2 2 0 1 582 581 516
1018 2 2 0 1 516 582 517
1019 2 2 0 1 583 582 517
1020 2 2 0 1 517 583 518
1021 2 2 0 1 584 583 518
1022 2 2 0 1 518 584 519
1023 2 2 0 1 585 584 519
1024 2 2 0 1 519 585 520
1025 2 2 0 1 586 587 522
1026 2 2 0 1 522 586 521
1027 2 2 0 1 588 586 521
1028 2 2 0 1 521 588 523
1029 2 2 0 1 589 588 523
1030 2 2 0 1 523 589 524
1031 2 2 0 1 590 589 524
1032 2 2 0 1 524 590 525
1033 2 2 0 1 591 590 525
1034 2 2 0 1 525 591 526
1035 2 2 0 1 592 591 526
1036 2 2 0 1 526 592 527
1037 2 2 0 1 593 592 527
1038 2 2 0 1 527 593 528
1039 2 2 0 1 594 593 528
1040 2 2 0 1 528 594 529
1041 2 2 0 1 595 594 529
1042 2 2 0 1 529 595 530
1043 2 2 0 1 596 595 530
1044 2 2 0 1 530 596 531
1045 2 2 0 1 597 596 531
1046 2 2 0 1 531 597 532
1047 2 2 0 1 598 597 532
1048 2 2 0 1 532 598 533
1049 2 2 0 1 599 598 533
1050 2 2 0 1 533 599 534
1051 2 2 0 1 600 599 534
1052 2 2 0 1 534 600 535
1053 2 2 0 1 601 600 535
1054 2 2 0 1 535 601 536
1055 2 2 0 1 602 601 536
1056 2 2 0 1 536 602 537
1057 2 2 0 1 603 602 537
1058 2 2 0 1 537 603 538
1059 2 2 0 1 604 603 538
1060 2 2 0 1 538 604 539
1061 2 2 0 1 605 604 539
1062 2 2 0 1 539 605 540
1063 2 2 0 1 606 605 540
1064 2 2 0 1 540 606 541
1065 2 2 0 1 607 606 541
1066 2 2 0 1 541 607 542
1067 2 2 0 1 608 607 542
1068 2 2 0 1 542 608 543
1069 2 2 0 1 609 608 543
1070 2 2 0 1 543 609 544
1071 2 2 0 1 610 609 544
1072 2 2 0 1 544 610 545
1073 2 2 0 1 611 610 545
1074 2 2 0 1 545 611 546
1075 2 2 0 1 612 611 546
1076 2 2 0 1 546 612 547
1077 2 2 0 1 613 612 547
1078 2 2 0 1 547 613 548
1079 2 2 0 1 614 613 548
1080 2 2 0 1 548 614 549
1081 2 2 0 1 615 614 549
1082 2 2 0 1 549 615 550
1083 2 2 0 1 616 615 550
1084 2 2 0 1 550 616 551
1085 2 2 0 1 617 616 551
1086 2 2 0 1 551 617 552
1087 2 2 0 1 618 617 552
1088 2 2 0 1 552 618 553
1089 2 2 0 1 619 618 553
1090 2 2 0 1 553 619 554
1091 2 2 0 1 620 619 554
1092 2 2 0 1 554 620 555
1093 2 2 0 1 621 620 555
1094 2 2 0 1 555 621 556
1095 2 2 0 1 622 621 556
1096 2 2 0 1 556 622 557
1097 2 2 0 1 623 622 557
1098 2 2 0 1 557 623 558
1099 2 2 0 1 624 623 558
1100 2 2 0 1 558 624 559
1101 2 2 0 1 625 624 559
1102 2 2 0 1 559 625 560
1103 2 2 0 1 626 625 560
1104 2 2 0 1 560 626 561
1105 2 2 0 1 627 626 561
1106 2 2 0 1 561 627 562
1107 2 2 0 1 628 627 562
1108 2 2 0 1 562 628 563
1109 2 2 0 1 629 628 563
1110 2 2 0 1 563 629 564
1111 2 2 0 1 630 629 564
1112 2 2 0 1 564 630 565
1113 2 2 0 1 631 630 565
1114 2 2 0 1 565 631 566
1115 2 2 0 1 632 631 566
1116 2 2 0 1 566 632 567
1117 2 2 0 1 633 632 567
1118 2 2 0 1 567 633 568
1119 2 2 0 1 634 633 568
1120 2 2 0 1 568 634 569
1121 2 2 0 1 635 634 569
1122 2 2 0 1 569 635 570
1123 2 2 0 1 636 635 570
1124 2 2 0 1 570 636 571
1125 2 2 0 1 637 636 571
1126 2 2 0 1 571 637 572
1127 2 2 0 1 638 637 572
1128 2 2 0 1 572 638 573
1129 2 2 0 1 639 638 573
1130 2 2 0 1 573 639 574
1131 2 2 0 1 640 639 574
1132 2 2 0 1 574 640 575
1133 2 2 0 1 641 640 575
1134 2 2 0 1 575 641 576
1135 2 2 0 1 642 641 576
1136 2 2 0 1 576 642 577
1137 2 2 0 1 643 642 577
1138 2 2 0 1 577 643 578
1139 2 2 0 1 644 643 578
1140 2 2 0 1 578 644 579
1141 2 2 0 1 645 644 579
1142 2 2 0 1 579 645 580
1143 2 2 0 1 646 645 580
1144 2 2 0 1 580 646 581
1145 2 2 0 1 647 646 581
1146 2 2 0 1 581 647 582
1147 2 2 0 1 648 647 582
1148 2 2 0 1 582 648 583
1149 2 2 0 1 649 648 583
1150 2 2 0 1 583 649 584
1151 2 2 0 1 650 649 584
1152 2 2 0 1 584 650 585
1153 2 2 0 1 651 652 587
1154 2 2 0 1 587 651 586
1155 2 2 0 1 653 651 586
1156 2 2 0 1 586 653 588
1157 2 2 0 1 654 653 588
1158 2 2 0 1 588 654 589
1159 2 2 0 1 655 654 589
1160 2 2 0 1 589 655 590
1161 2 2 0 1 656 655 590
1162 2 2 0 1 590 656 591
1163 2 2 0 1 657 656 591
1164 2 2 0 1 591 657 592
1165 2 2 0 1 658 657 592
1166 2 2 0 1 592 658 593
1167 2 2 0 1 659 658 593
1168 2 2 0 1 593 659 594
1169 2 2 0 1 660 659 594
1170 2 2 0 1 594 660 595
1171 2 2 0 1 661 660 595
1172 2 2 0 1 595 661 596
1173 2 2 0 1 662 661 596
1174 2 2 0 1 596 662 597
1175 2 2 0 1 663 662 597
1176 2 2 0 1 597 663 598
1177 2 2 0 1 664 663 598
1178 2 2 0 1 598 664 599
1179 2 2 0 1 665 664 599
1180 2 2 0 1 599 665 600
1181 2 2 0 1 666 665 600
1182 2 2 0 1 600 666 601
1183 2 2 0 1 667 666 601
1184 2 2 0 1 601 667 602
1185 2 2 0 1 668 667 602
1186 2 2 0 1 602 668 603
1187 2 2 0 1 669 668 603
1188 2 2 0 1 603 669 604
1189 2 2 0 1 670 669 604
1190 2 2 0 1 604 670 605
1191 2 2 0 1 671 670 605
1192 2 2 0 1 605 671 606
1193 2 2 0 1 672 671 606
1194 2 2 0 1 606 672 607
1195 2 2 0 1 673 672 607
1196 2 2 0 1 607 673 608
1197 2 2 0 1 674 673 608
1198 2 2 0 1 608 674 609
1199 2 2 0 1 675 674 609
1200 2 2 0 1 609 675 610
1201 2 2 0 1 676 675 610
1202 2 2 0 1 610 676 611
1203 2 2 0 1 677 676 611
1204 2 2 0 1 611 677 612
1205 2 2 0 1 678 677 612
1206 2 2 0 1 612 678 613
1207 2 2 0 1 679 678 613
1208 2 2 0 1 613 679 614
1209 2 2 0 1 680 679 614
1210 2 2 0 1 614 680 615
1211 2 2 0 1 681 680 615
1212 2 2 0 1 615 681 616
1213 2 2 0 1 682 681 616
1214 2 2 0 1 616 682 617
1215 2 2 0 1 683 682 617
1216 2 2 0 1 617 683 618
1217 2 2 0 1 684 683 618
1218 2 2 0 1 618 684 619
1219 2 2 0 1 685 684 619
1220 2 2 0 1 619 685 620
1221 2 2 0 1 686 685 620
1222 2 2 0 1 620 686 621
1223 2 2 0 1 687 686 621
1224 2 2 0 1 621 687 622
1225 2 2 0 1 688 687 622
1226 2 2 0 1 622 688 623
1227 2 2 0 1 689 688 623
1228 2 2 0 1 623 689 624
1229 2 2 0 1 690 689 624
1230 2 2 0 1 624 690 625
1231 2 2 0 1 691 690 625
1232 2 2 0 1 625 691 626
1233 2 2 0 1 692 691 626
1234 2 2 0 1 626 692 627
1235 2 2 0 1 693 692 627
1236 2 2 0 1 627 693 628
1237 2 2 0 1 694 693 628
1238 2 2 0 1 628 694 629
1239 2 2 0 1 695 694 629
1240 2 2 0 1 629 695 630
1241 2 2 0 1 696 695 630
1242 2 2 0 1 630 696 631
1243 2 2 0 1 697 696 631
1244 2 2 0 1 631 697 632
1245 2 2 0 1 698 697 632
1246 2 2 0 1 632 698 633
1247 2 2 0 1 699 698 633
1248 2 2 0 1 633 699 634
1249 2 2 0 1 700 699 634
1250 2 2 0 1 634 700 635
1251 2 2 0 1 701 700 635
1252 2 2 0 1 635 701 636
1253 2 2 0 1 702 701 636
1254 2 2 0 1 636 702 637
1255 2 2 0 1 703 702 637
1256 2 2 0 1 637 703 638
1257 2 2 0 1 704 703 638
1258 2 2 0 1 638 704 639
1259 2 2 0 1 705 704 639
1260 2 2 0 1 639 705 640
1261 2 2 0 1 706 705 640
1262 2 2 0 1 640 706 641
1263 2 2 0 1 707 706 641
1264 2 2 0 1 641 707 642
1265 2 2 0 1 708 707 642
1266 2 2 0 1 642 708 643
1267 2 2 0 1 709 708 643
1268 2 2 0 1 643 709 644
1269 2 2 0 1 710 709 644
1270 2 2 0 1 644 710 645
1271 2 2 0 1 711 710 645
1272 2 2 0 1 645 711 646
1273 2 2 0 1 712 711 646
1274 2 2 0 1 646 712 647
1275 2 2 0 1 713 712 647
1276 2 2 0 1 647 713 648
1277 2 2 0 1 714 713 648
1278 2 2 0 1 648 714 649
1279 2 2 0 1 715 714 649
1280 2 2 0 1 649 715 650
1281 2 2 0 1 716 717 652
1282 2 2 0 1 652 716 651
1283 2 2 0 1 718 716 651
1284 2 2 0 1 651 718 653
1285 2 2 0 1 719 718 653
1286 2 2 0 1 653 719 654
1287 2 2 0 1 720 719 654
1288 2 2 0 1 654 720 655
1289 2 2 0 1 721 720 655
1290 2 2 0 1 655 721 656
1291 2 2 0 1 722 721 656
1292 2 2 0 1 656 722 657
1293 2 2 0 1 723 722 657
1294 2 2 0 1 657 723 658
1295 2 2 0 1 724 723 658
1296 2 2 0 1 658 724 659
1297 2 2 0 1 725 724 659
1298 2 2 0 1 659 725 660
1299 2 2 0 1 726 725 660
1300 2 2 0 1 660 726 661
1301 2 2 0 1 727 726 661
1302 2 2 0 1 661 727 662
1303 2 2 0 1 728 727 662
1304 2 2 0 1 662 728 663
1305 2 2 0 1 729 728 663
1306 2 2 0 1 663 729 664
1307 2 2 0 1 730 729 664
1308 2 2 0 1 664 730 665
1309 2 2 0 1 731 730 665
1310 2 2 0 1 665 731 666
1311 2 2 0 1 732 731 666
1312 2 2 0 1 666 732 667
1313 2 2 0 1 733 732 667
1314 2 2 0 1 667 733 668
1315 2 2 0 1 734 733 668
1316 2 2 0 1 668 734 669
1317 2 2 0 1 735 734 669
1318 2 2 0 1 669 735 670
1319 2 2 0 1 736 735 670
1320 2 2 0 1 670 736 671
1321 2 2 0 1 737 736 671
1322 2 2 0 1 671 737 672
1323 2 2 0 1 738 737 672
1324 2 2 0 1 672 738 673
1325 2 2 0 1 739 738 673
1326 2 2 0 1 673 739 674
1327 2 2 0 1 740 739 674
1328 2 2 0 1 674 740 675
1329 2 2 0 1 741 740 675
1330 2 2 0 1 675 741 676
1331 2 2 0 1 742 741 676
1332 2 2 0 1 676 742 677
1333 2 2 0 1 743 742 677
1334 2 2 0 1 677 743 678
1335 2 2 0 1 744 743 678
1336 2 2 0 1 678 744 679
1337 2 2 0 1 745 744 679
1338 2 2 0 1 679 745 680
1339 2 2 0 1 746 745 680
1340 2 2 0 1 680 746 681
1341 2 2 0 1 747 746 681
1342 2 2 0 1 681 747 682
1343 2 2 0 1 748 747 682
1344 2 2 0 1 682 748 683
1345 2 2 0 1 749 748 683
1346 2 2 0 1 683 749 684
1347 2 2 0 1 750 749 684
1348 2 2 0 1 684 750 685
1349 2 2 0 1 751 750 685
1350 2 2 0 1 685 751 686
1351 2 2 0 1 752 751 686
1352 2 2 0 1 686 752 687
1353 2 2 0 1 753 752 687
1354 2 2 0 1 687 753 688
1355 2 2 0 1 754 753 688
1356 2 2 0 1 688 754 689
1357 2 2 0 1 755 754 689
1358 2 2 0 1 689 755 690
1359 2 2 0 1 756 755 690
1360 2 2 0 1 690 756 691
1361 2 2 0 1 757 756 691
1362 2 2 0 1 691 757 692
1363 2 2 0 1 758 757 692
1364 2 2 0 1 692 758 693
1365 2 2 0 1 759 758 693
1366 2 2 0 1 693 759 694
1367 2 2 0 1 760 759 694
1368 2 2 0 1 694 760 695
1369 2 2 0 1 761 760 695
1370 2 2 0 1 695 761 696
1371 2 2 0 1 762 761 696
1372 2 2 0 1 696 762 697
1373 2 2 0 1 763 762 697
1374 2 2 0 1 697 763 698
1375 2 2 0 1 764 763 698
1376 2 2 0 1 698 764 699
1377 2 2 0 1 765 764 699
1378 2 2 0 1 699 765 700
1379 2 2 0 1 766 765 700
1380 2 2 0 1 700 766 701
1381 2 2 0 1 767 766 701
1382 2 2 0 1 701 767 702
1383 2 2 0 1 768 767 702
1384 2 2 0 1 702 768 703
1385 2 2 0 1 769 768 703
1386 2 2 0 1 703 769 704
1387 2 2 0 1 770 769 704
1388 2 2 0 1 704 770 705
1389 2 2 0 1 771 770 705
1390 2 2 0 1 705 771 706
1391 2 2 0 1 772 771 706
1392 2 2 0 1 706 772 707
1393 2 2 0 1 773 772 707
1394 2 2 0 1 707 773 708
1395 2 2 0 1 774 773 708
1396 2 2 0 1 708 774 709
1397 2 2 0 1 775 774 709
1398 2 2 0 1 709 775 710
1399 2 2 0 1 776 775 710
1400 2 2 0 1 710 776 711
1401 2 2 0 1 777 776 711
1402 2 2 0 1 711 777 712
1403 2 2 0 1 778 777 712
1404 2 2 0 1 712 778 713
1405 2 2 0 1 779 778 713
1406 2 2 0 1 713 779 714
1407 2 2 0 1 780 779 714
1408 2 2 0 1 714 780 715
1409 2 2 0 1 781 782 717
1410 2 2 0 1 717 781 716
1411 2 2 0 1 783 781 716
1412 2 2 0 1 716 783 718
1413 2 2 0 1 784 783 718
1414 2 2 0 1 718 784 719
1415 2 2 0 1 785 784 719
1416 2 2 0 1 719 785 720
1417 2 2 0 1 786 785 720
1418 2 2 0 1 720 786 721
1419 2 2 0 1 787 786 721
1420 2 2 0 1 721 787 722
1421 2 2 0 1 788 787 722
1422 2 2 0 1 722 788 723
1423 2 2 0 1 789 788 723
1424 2 2 0 1 723 789 724
1425 2 2 0 1 790 789 724
1426 2 2 0 1 724 790 725
1427 2 2 0 1 791 790 725
1428 2 2 0 1 725 791 726
1429 2 2 0 1 792 791 726
1430 2 2 0 1 726 792 727
1431 2 2 0 1 793 792 727
1432 2 2 0 1 727 793 728
1433 2 2 0 1 794 793 728
1434 2 2 0 1 728 794 729
1435 2 2 0 1 795 794 729
1436 2 2 0 1 729 795 730
1437 2 2 0 1 796 795 730
1438 2 2 0 1 730 796 731
1439 2 2 0 1 797 796 731
1440 2 2 0 1 731 797 732
1441 2 2 0 1 798 797 732
1442 2 2 0 1 732 798 733
1443 2 2 0 1 799 798 733
1444 2 2 0 1 733 799 734
1445 2 2 0 1 800 799 734
1446 2 2 0 1 734 800 735
1447 2 2 0 1 801 800 735
1448 2 2 0 1 735 801 736
1449 2 2 0 1 802 801 736
1450 2 2 0 1 736 802 737
1451 2 2 0 1 803 802 737
1452 2 2 0 1 737 803 738
1453 2 2 0 1 804 803 738
1454 2 2 0 1 738 804 739
1455 2 2 0 1 805 804 739
1456 2 2 0 1 739 805 740
1457 2 2 0 1 806 805 740
1458 2 2 0 1 740 806 741
1459 2 2 0 1 807 806 741
1460 2 2 0 1 741 807 742
1461 2 2 0 1 808 807 742
1462 2 2 0 1 742 808 743
1463 2 2 0 1 809 808 743
1464 2 2 0 1 743 809 744
1465 2 2 0 1 810 809 744
1466 2 2 0 1 744 810 745
1467 2 2 0 1 811 810 745
1468 2 2 0 1 745 811 746
1469 2 2 0 1 812 811 746
1470 2 2 0 1 746 812 747
1471 2 2 0 1 813 812 747
1472 2 2 0 1 747 813 748
1473 2 2 0 1 814 813 748
1474 2 2 0 1 748 814 749
1475 2 2 0 1 815 814 749
1476 2 2 0 1 749 815 750
1477 2 2 0 1 816 815 750
1478 2 2 0 1 750 816 751
1479 2 2 0 1 817 816 751
1480 2 2 0 1 751 817 752
1481 2 2 0 1 818 817 752
1482 2 2 0 1 752 818 753
1483 2 2 0 1 819 818 753
1484 2 2 0 1 753 819 754
1485 2 2 0 1 820 819 754
1486 2 2 0 1 754 820 755
1487 2 2 0 1 821 820 755
1488 2 2 0 1 755 821 756
1489 2 2 0 1 822 821 756
1490 2 2 0 1 756 822 757
1491 2 2 0 1 823 822 757
1492 2 2 0 1 757 823 758
1493 2 2 0 1 824 823 758
1494 2 2 0 1 758 824 759
1495 2 2 0 1 825 824 759
1496 2 2 0 1 759 825 760
1497 2 2 0 1 826 825 760
1498 2 2 0 1 760 826 761
1499 2 2 0 1 827 826 761
1500 2 2 0 1 761 827 762
1501 2 2 0 1 828 827 762
1502 2 2 0 1 762 828 763
1503 2 2 0 1 829 828 763
1504 2 2 0 1 763 829 764
1505 2 2 0 1 830 829 764
1506 2 2 0 1 764 830 765
1507 2 2 0 1 831 830 765
1508 2 2 0 1 765 831 766
1509 2 2 0 1 832 831 766
1510 2 2 0 1 766 832 767
1511 2 2 0 1 833 832 767
1512 2 2 0 1 767 833 768
1513 2 2 0 1 834 833 768
1514 2 2 0 1 768 834 769
1515 2 2 0 1 835 834 769
1516 2 2 0 1 769 835 770
1517 2 2 0 1 836 835 770
1518 2 2 0 1 770 836 771
1519 2 2 0 1 837 836 771
1520 2 2 0 1 771 837 772
1521 2 2 0 1 838 837 772
1522 2 2 0 1 772 838 773
1523 2 2 0 1 839 838 773
1524 2 2 0 1 773 839 774
1525 2 2 0 1 840 839 774
1526 2 2 0 1 774 840 775
1527 2 2 0 1 841 840 775
1528 2 2 0 1 775 841 776
1529 2 2 0 1 842 841 776
1530 2 2 0 1 776 842 777
1531 2 2 0 1 843 842 777
1532 2 2 0 1 777 843 778
1533 2 2 0 1 844 843 778
1534 2 2 0 1 778 844 779
1535 2 2 0 1 845 844 779
1536 2 2 0 1 779 845 780
1537 2 2 0 1 846 847 782
1538 2 2 0 1 782 846 781
1539 2 2 0 1 848 846 781
1540 2 2 0 1 781 848 783
1541 2 2 0 1 849 848 783
1542 2 2 0 1 783 849 784
1543 2 2 0 1 850 849 784
1544 2 2 0 1 784 850 785
1545 2 2 0 1 851 850 785
1546 2 2 0 1 785 851 786
1547 2 2 0 1 852 851 786
1548 2 2 0 1 786 852 787
1549 2 2 0 1 853 852 787
1550 2 2 0 1 787 853 788
1551 2 2 0 1 854 853 788
1552 2 2 0 1 788 854 789
1553 2 2 0 1 855 854 789
1554 2 2 0 1 789 855 790
1555 2 2 0 1 856 855 790
1556 2 2 0 1 790 856 791
1557 2 2 0 1 857 856 791
1558 2 2 0 1 791 857 792
1559 2 2 0 1 858 857 792
1560 2 2 0 1 792 858 793
1561 2 2 0 1 859 858 793
1562 2 2 0 1 793 859 794
1563 2 2 0 1 860 859 794
1564 2 2 0 1 794 860 795
1565 2 2 0 1 861 860 795
1566 2 2 0 1 795 861 796
1567 2 2 0 1 862 861 796
1568 2 2 0 1 796 862 797
1569 2 2 0 1 863 862 797
1570 2 2 0 1 797 863 798
1571 2 2 0 1 864 863 798
1572 2 2 0 1 798 864 799
1573 2 2 0 1 865 864 799
1574 2 2 0 1 799 865 800
1575 2 2 0 1 866 865 800
1576 2 2 0 1 800 866 801
1577 2 2 0 1 867 866 801
1578 2 2 0 1 801 867 802
1579 2 2 0 1 868 867 802
1580 2 2 0 1 802 868 803
1581 2 2 0 1 869 868 803
1582 2 2 0 1 803 869 804
1583 2 2 0 1 870 869 804
1584 2 2 0 1 804 870 805
1585 2 2 0 1 871 870 805
1586 2 2 0 1 805 871 806
1587 2 2 0 1 872 871 806
1588 2 2 0 1 806 872 807
1589 2 2 0 1 873 872 807
1590 2 2 0 1 807 873 808
1591 2 2 0 1 874 873 808
1592 2 2 0 1 808 874 809
1593 2 2 0 1 875 874 809
1594 2 2 0 1 809 875 810
1595 2 2 0 1 876 875 810
1596 2 2 0 1 810 876 811
1597 2 2 0 1 877 876 811
1598 2 2 0 1 811 877 812
1599 2 2 0 1 878 877 812
1600 2 2 0 1 812 878 813
1601 2 2 0 1 879 878 813
1602 2 2 0 1 813 879 814
1603 2 2 0 1 880 879 814
1604 2 2 0 1 814 880 815
1605 2 2 0 1 881 880 815
1606 2 2 0 1 815 881 816
1607 2 2 0 1 882 881 816
1608 2 2 0 1 816 882 817
1609 2 2 0 1 883 882 817
1610 2 2 0 1 817 883 818
1611 2 2 0 1 884 883 818
1612 2 2 0 1 818 884 819
1613 2 2 0 1 885 884 819
1614 2 2 0 1 819 885 820
1615 2 2 0 1 886 885 820
1616 2 2 0 1 820 886 821
1617 2 2 0 1 887 886 821
1618 2 2 0 1 821 887 822
1619 2 2 0 1 888 887 822
1620 2 2 0 1 822 888 823
1621 2 2 0 1 889 888 823
1622 2 2 0 1 823 889 824
1623 2 2 0 1 890 889 824
1624 2 2 0 1 824 890 825
1625 2 2 0 1 891 890 825
1626 2 2 0 1 825 891 826
1627 2 2 0 1 892 891 826
1628 2 2 0 1 826 892 827
1629 2 2 0 1 893 892 827
1630 2 2 0 1 827 893 828
1631 2 2 0 1 894 893 828
1632 2 2 0 1 828 894 829
1633 2 2 0 1 895 894 829
1634 2 2 0 1 829 895 830
1635 2 2 0 1 896 895 830
1636 2 2 0 1 830 896 831
1637 2 2 0 1 897 896 831
1638 2 2 0 1 831 897 832
1639 2 2 0 1 898 897 832
1640 2 2 0 1 832 898 833
1641 2 2 0 1 899 898 833
1642 2 2 0 1 833 899 834
1643 2 2 0 1 900 899 834
1644 2 2 0 1 834 900 835
1645 2 2 0 1 901 900 835
1646 2 2 0 1 835 901 836
1647 2 2 0 1 902 901 836
1648 2 2 0 1 836 902 837
1649 2 2 0 1 903 902 837
1650 2 2 0 1 837 903 838
1651 2 2 0 1 904 903 838
1652 2 2 0 1 838 904 839
1653 2 2 0 1 905 904 839
1654 2 2 0 1 839 905 840
1655 2 2 0 1 906 905 840
1656 2 2 0 1 840 906 841
1657 2 2 0 1 907 906 841
1658 2 2 0 1 841 907 842
1659 2 2 0 1 908 907 842
1660 2 2 0 1 842 908 843
1661 2 2 0 1 909 908 843
1662 2 2 0 1 843 909 844
1663 2 2 0 1 910 909 844
1664 2 2 0 1 844 910 845
1665 2 2 0 1 911 912 847
1666 2 2 0 1 847 911 846
1667 2 2 0 1 913 911 846
1668 2 2 0 1 846 913 848
1669 2 2 0 1 914 913 848
1670 2 2 0 1 848 914 849
1671 2 2 0 1 915 914 849
1672 2 2 0 1 849 915 850
1673 2 2 0 1 916 915 850
1674 2 2 0 1 850 916 851
1675 2 2 0 1 917 916 851
1676 2 2 0 1 851 917 852
1677 2 2 0 1 918 917 852
1678 2 2 0 1 852 918 853
1679 2 2 0 1 919 918 853
1680 2 2 0 1 853 919 854
1681 2 2 0 1 920 919 854
1682 2 2 0 1 854 920 855
1683 2 2 0 1 921 920 855
1684 2 2 0 1 855 921 856
1685 2 2 0 1 922 921 856
1686 2 2 0 1 856 922 857
1687 2 2 0 1 923 922 857
1688 2 2 0 1 857 923 858
1689 2 2 0 1 924 923 858
1690 2 2 0 1 858 924 859
1691 2 2 0 1 925 924 859
1692 2 2 0 1 859 925 860
1693 2 2 0 1 926 925 860
1694 2 2 0 1 860 926 861
1695 2 2 0 1 927 926 861
1696 2 2 0 1 861 927 862
1697 2 2 0 1 928 927 862
1698 2 2 0 1 862 928 863
1699 2 2 0 1 929 928 863
1700 2 2 0 1 863 929 864
1701 2 2 0 1 930 929 864
1702 2 2 0 1 864 930 865
1703 2 2 0 1 931 930 865
1704 2 2 0 1 865 931 866
1705 2 2 0 1 932 931 866
1706 2 2 0 1 866 932 867
1707 2 2 0 1 933 932 867
1708 2 2 0 1 867 933 868
1709 2 2 0 1 934 933 868
1710 2 2 0 1 868 934 869
1711 2 2 0 1 935 934 869
1712 2 2 0 1 869 935 870
1713 2 2 0 1 936 935 870
1714 2 2 0 1 870 936 871
1715 2 2 0 1 937 936 871
1716 2 2 0 1 871 937 872
1717 2 2 0 1 938 937 872
1718 2 2 0 1 872 938 873
1719 2 2 0 1 939 938 873
1720 2 2 0 1 873 939 874
1721 2 2 0 1 940 939 874
1722 2 2 0 1 874 940 875
1723 2 2 0 1 941 940 875
1724 2 2 0 1 875 941 876
1725 2 2 0 1 942 941 876
1726 2 2 0 1 876 942 877
1727 2 2 0 1 943 942 877
1728 2 2 0 1 877 943 878
1729 2 2 0 1 944 943 878
1730 2 2 0 1 878 944 879
1731 2 2 0 1 945 944 879
1732 2 2 0 1 879 945 880
1733 2 2 0 1 946 945 880
1734 2 2 0 1 880 946 881
1735 2 2 0 1 947 946 881
1736 2 2 0 1 881 947 882
1737 2 2 0 1 948 947 882
1738 2 2 0 1 882 948 883
1739 2 2 0 1 949 948 883
1740 2 2 0 1 883 949 884
1741 2 2 0 1 950 949 884
1742 2 2 0 1 884 950 885
1743 2 2 0 1 951 950 885
1744 2 2 0 1 885 951 886
1745 2 2 0 1 952 951 886
1746 2 2 0 1 886 952 887
1747 2 2 0 1 953 952 887
1748 2 2 0 1 887 953 888
1749 2 2 0 1 954 953 888
1750 2 2 0 1 888 954 889
1751 2 2 0 1 955 954 889
1752 2 2 0 1 889 955 890
1753 2 2 0 1 956 955 890
1754 2 2 0 1 890 956 891
1755 2 2 0 1 957 956 891
1756 2 2 0 1 891 957 892
1757 2 2 0 1 958 957 892
1758 2 2 0 1 892 958 893
1759 2 2 0 1 959 958 893
1760 2 2 0 1 893 959 894
1761 2 2 0 1 960 959 894
1762 2 2 0 1 894 960 895
1763 2 2 0 1 961 960 895
1764 2 2 0 1 895 961 896
1765 2 2 0 1 962 961 896
1766 2 2 0 1 896 962 897
1767 2 2 0 1 963 962 897
1768 2 2 0 1 897 963 898
1769 2 2 0 1 964 963 898
1770 2 2 0 1 898 964 899
1771 2 2 0 1 965 964 899
1772 2 2 0 1 899 965 900
1773 2 2 0 1 966 965 900
1774 2 2 0 1 900 966 901
1775 2 2 0 1 967 966 901
1776 2 2 0 1 901 967 902
1777 2 2 0 1 968 967 902
1778 2 2 0 1 902 968 903
1779 2 2 0 1 969 968 903
1780 2 2 0 1 903 969 904
1781 2 2 0 1 970 969 904
1782 2 2 0 1 904 970 905
1783 2 2 0 1 971 970 905
1784 2 2 0 1 905 971 906
1785 2 2 0 1 972 971 906
1786 2 2 0 1 906 972 907
1787 2 2 0 1 973 972 907
1788 2 2 0 1 907 973 908
1789 2 2 0 1 974 973 908
1790 2 2 0 1 908 974 909
1791 2 2 0 1 975 974 909
1792 2 2 0 1 909 975 910
1793 2 2 0 1 976 977 912
1794 2 2 0 1 912 976 911
1795 2 2 0 1 978 976 911
1796 2 2 0 1 911 978 913
1797 2 2 0 1 979 978 913
1798 2 2 0 1 913 979 914
1799 2 2 0 1 980 979 914
1800 2 2 0 1 914 980 915
1801 2 2 0 1 981 980 915
1802 2 2 0 1 915 981 916
1803 2 2 0 1 982 981 916
1804 2 2 0 1 916 982 917
1805 2 2 0 1 983 982 917
1806 2 2 0 1 917 983 918
1807 2 2 0 1 984 983 918
1808 2 2 0 1 918 984 919
1809 2 2 0 1 985 984 919
1810 2 2 0 1 919 985 920
1811 2 2 0 1 986 985 920
1812 2 2 0 1 920 986 921
1813 2 2 0 1 987 986 921
1814 2 2 0 1 921 987 922
1815 2 2 0 1 988 987 922
1816 2 2 0 1 922 988 923
1817 2 2 0 1 989 988 923
1818 2 2 0 1 923 989 924
1819 2 2 0 1 990 989 924
1820 2 2 0 1 924 990 925
1821 2 2 0 1 991 990 925
1822 2 2 0 1 925 991 926
1823 2 2 0 1 992 991 926
1824 2 2 0 1 926 992 927
1825 2 2 0 1 993 992 927
1826 2 2 0 1 927 993 928
1827 2 2 0 1 994 993 928
1828 2 2 0 1 928 994 929
1829 2 2 0 1 995 994 929
1830 2 2 0 1 929 995 930
1831 2 2 0 1 996 995 930
1832 2 2 0 1 930 996 931
1833 2 2 0 1 997 996 931
1834 2 2 0 1 931 997 932
1835 2 2 0 1 998 997 932
1836 2 2 0 1 932 998 933
1837 2 2 0 1 999 998 933
1838 2 2 0 1 933 999 934
1839 2 2 0 1 1000 999 934
1840 2 2 0 1 934 1000 935
1841 2 2 0 1 1001 1000 935
1842 2 2 0 1 935 1001 936
1843 2 2 0 1 1002 1001 936
1844 2 2 0 1 936 1002 937
1845 2 2 0 1 1003 1002 937
1846 2 2 0 1 937 1003 938
1847 2 2 0 1 1004 1003 938
1848 2 2 0 1 938 1004 939
1849 2 2 0 1 1005 1004 939
1850 2 2 0 1 939 1005 940
1851 2 2 0 1 1006 1005 940
1852 2 2 0 1 940 1006 941
1853 2 2 0 1 1007 1006 941
1854 2 2 0 1 941 1007 942
1855 2 2 0 1 1008 1007 942
1856 2 2 0 1 942 1008 943
1857 2 2 0 1 1009 1008 943
1858 2 2 0 1 943 1009 944
1859 2 2 0 1 1010 1009 944
1860 2 2 0 1 944 1010 945
1861 2 2 0 1 1011 1010 945
1862 2 2 0 1 945 1011 946
1863 2 2 0 1 1012 1011 946
1864 2 2 0 1 946 1012 947
1865 2 2 0 1 1013 1012 947
1866 2 2 0 1 947 1013 948
1867 2 2 0 1 1014 1013 948
1868 2 2 0 1 948 1014 949
1869 2 2 0 1 1015 1014 949
1870 2 2 0 1 949 1015 950
1871 2 2 0 1 1016 1015 950
1872 2 2 0 1 950 1016 951
1873 2 2 0 1 1017 1016 951
1874 2 2 0 1 951 1017 952
1875 2 2 0 1 1018 1017 952
1876 2 2 0 1 952 1018 953
1877 2 2 0 1 1019 1018 953
1878 2 2 0 1 953 1019 954
1879 2 2 0 1 1020 1019 954
1880 2 2 0 1 954 1020 955
1881 2 2 0 1 1021 1020 955
1882 2 2 0 1 955 1021 956
1883 2 2 0 1 1022 1021 956
1884 2 2 0 1 956 1022 957
1885 2 2 0 1 1023 1022 957
1886 2 2 0 1 957 1023 958
1887 2 2 0 1 1024 1023 958
1888 2 2 0 1 958 1024 959
1889 2 2 0 1 1025 1024 959
1890 2 2 0 1 959 1025 960
1891 2 2 0 1 1026 1025 960
1892 2 2 0 1 960 1026 961
1893 2 2 0 1 1027 1026 961
1894 2 2 0 1 961 1027 962
1895 2 2 0 1 1028 1027 962
1896 2 2 0 1 962 1028 963
1897 2 2 0 1 1029 1028 963
1898 2 2 0 1 963 1029 964
1899 2 2 0 1 1030 1029 964
1900 2 2 0 1 964 1030 965
1901 2 2 0 1 1031 1030 965
1902 2 2 0 1 965 1031 966
1903 2 2 0 1 1032 1031 966
1904 2 2 0 1 966 1032 967
1905 2 2 0 1 1033 1032 967
1906 2 2 0 1 967 1033 968
1907 2 2 0 1 1034 1033 968
1908 2 2 0 1 968 1034 969
1909 2 2 0 1 1035 1034 969
1910 2 2 0 1 969 1035 970
1911 2 2 0 1 1036 1035 970
1912 2 2 0 1 970 1036 971
1913 2 2 0 1 1037 1036 971
1914 2 2 0 1 971 1037 972
1915 2 2 0 1 1038 1037 972
1916 2 2 0 1 972 1038 973
1917 2 2 0 1 1039 1038 973
1918 2 2 0 1 973 1039 974
1919 2 2 0 1 1040 1039 974
1920 2 2 0 1 974 1040 975
1921 2 2 0 1 1041 1042 977
1922 2 2 0 1 977 1041 976
1923 2 2 0 1 1043 1041 976
1924 2 2 0 1 976 1043 978
1925 2 2 0 1 1044 1043 978
1926 2 2 0 1 978 1044 979
1927 2 2 0 1 1045 1044 979
1928 2 2 0 1 979 1045 980
1929 2 2 0 1 1046 1045 980
1930 2 2 0 1 980 1046 981
1931 2 2 0 1 1047 1046 981
1932 2 2 0 1 981 1047 982
1933 2 2 0 1 1048 1047 982
1934 2 2 0 1 982 1048 983
1935 2 2 0 1 1049 1048 983
1936 2 2 0 1 983 1049 984
1937 2 2 0 1 1050 1049 984
1938 2 2 0 1 984 1050 985
1939 2 2 0 1 1051 1050 985
1940 2 2 0 1 985 1051 986
1941 2 2 0 1 1052 1051 986
1942 2 2 0 1 986 1052 987
1943 2 2 0 1 1053 1052 987
1944 2 2 0 1 987 1053 988
1945 2 2 0 1 1054 1053 988
1946 2 2 0 1 988 1054 989
1947 2 2 0 1 1055 1054 989
1948 2 2 0 1 989 1055 990
1949 2 2 0 1 1056 1055 990
1950 2 2 0 1 990 1056 991
1951 2 2 0 1 1057 1056 991
1952 2 2 0 1 991 1057 992
1953 2 2 0 1 1058 1057 992
1954 2 2 0 1 992 1058 993
1955 2 2 0 1 1059 1058 993
1956 2 2 0 1 993 1059 994
1957 2 2 0 1 1060 1059 994
1958 2 2 0 1 994 1060 995
1959 2 2 0 1 1061 1060 995
1960 2 2 0 1 995 1061 996
1961 2 2 0 1 1062 1061 996
1962 2 2 0 1 996 1062 997
1963 2 2 0 1 1063 1062 997
1964 2 2 0 1 997 1063 998
1965 2 2 0 1 1064 1063 998
1966 2 2 0 1 998 1064 999
1967 2 2 0 1 1065 1064 999
1968 2 2 0 1 999 1065 1000
1969 2 2 0 1 1066 1065 1000
1970 2 2 0 1 1000 1066 1001
1971 2 2 0 1 1067 1066 1001
1972 2 2 0 1 1001 1067 1002
1973 2 2 0 1 1068 1067 1002
1974 2 2 0 1 1002 1068 1003
1975 2 2 0 1 1069 1068 1003
1976 2 2 0 1 1003 1069 1004
1977 2 2 0 1 1070 1069 1004
1978 2 2 0 1 1004 1070 1005
1979 2 2 0 1 1071 1070 1005
1980 2 2 0 1 1005 1071 1006
1981 2 2 0 1 1072 1071 1006
1982 2 2 0 1 1006 1072 1007
1983 2 2 0 1 1073 1072 1007
1984 2 2 0 1 1007 1073 1008
1985 2 2 0 1 1074 1073 1008
1986 2 2 0 1 1008 1074 1009
1987 2 2 0 1 1075 1074 1009
1988 2 2 0 1 1009 1075 1010
1989 2 2 0 1 1076 1075 1010
1990 2 2 0 1 1010 1076 1011
1991 2 2 0 1 1077 1076 1011
1992 2 2 0 1 1011 1077 1012
1993 2 2 0 1 1078 1077 1012
1994 2 2 0 1 1012 1078 1013
1995 2 2 0 1 1079 1078 1013
1996 2 2 0 1 1013 1079 1014
1997 2 2 0 1 1080 1079 1014
1998 2 2 0 1 1014 1080 1015
1999 2 2 0 1 1081 1080 1015
2000 2 2 0 1 1015 1081 1016
2001 2 2 0 1 1082 1081 1016
2002 2 2 0 1 1016 1082 1017
2003 2 2 0 1 1083 1082 1017
2004 2 2 0 1 1017 1083 1018
2005 2 2 0 1 1084 1083 1018
2006 2 2 0 1 1018 1084 1019
2007 2 2 0 1 1085 1084 1019
2008 2 2 0 1 1019 1085 1020
2009 2 2 0 1 1086 1085 1020
2010 2 2 0 1 1020 1086 1021
2011 2 2 0 1 1087 1086 1021
2012 2 2 0 1 1021 1087 1022
2013 2 2 0 1 1088 1087 1022
2014 2 2 0 1 1022 1088 1023
2015 2 2 0 1 1089 1088 1023
2016 2 2 0 1 1023 1089 1024
2017 2 2 0 1 1090 1089 1024
2018 2 2 0 1 1024 1090 1025
2019 2 2 0 1 1091 1090 1025
2020 2 2 0 1 1025 1091 1026
2021 2 2 0 1 1092 1091 1026
2022 2 2 0 1 1026 1092 1027
2023 2 2 0 1 1093 1092 1027
2024 2 2 0 1 1027 1093 1028
2025 2 2 0 1 1094 1093 1028
2026 2 2 0 1 1028 1094 1029
2027 2 2 0 1 1095 1094 1029
2028 2 2 0 1 1029 1095 1030
2029 2 2 0 1 1096 1095 1030
2030 2 2 0 1 1030 1096 1031
2031 2 2 0 1 1097 1096 1031
2032 2 2 0 1 1031 1097 1032
2033 2 2 0 1 1098 1097 1032
2034 2 2 0 1 1032 1098 1033
2035 2 2 0 1 1099 1098 1033
2036 2 2 0 1 1033 1099 1034
2037 2 2 0 1 1100 1099 1034
2038 2 2 0 1 1034 1100 1035
2039 2 2 0 1 1101 1100 1035
2040 2 2 0 1 1035 1101 1036
2041 2 2 0 1 1102 1101 1036
2042 2 2 0 1 1036 1102 1037
2043 2 2 0 1 1103 1102 1037
2044 2 2 0 1 1037 1103 1038
2045 2 2 0 1 1104 1103 1038
2046 2 2 0 1 1038 1104 1039
2047 2 2 0 1 1105 1104 1039
2048 2 2 0 1 1039 1105 1040
2049 2 2 0 1 1106 1107 1042
2050 2 2 0 1 1042 1106 1041
2051 2 2 0 1 1108 1106 1041
2052 2 2 0 1 1041 1108 1043
2053 2 2 0 1 1109 1108 1043
2054 2 2 0 1 1043 1109 1044
2055 2 2 0 1 1110 1109 1044
2056 2 2 0 1 1044 1110 1045
2057 2 2 0 1 1111 1110 1045
2058 2 2 0 1 1045 1111 1046
2059 2 2 0 1 1112 1111 1046
2060 2 2 0 1 1046 1112 1047
2061 2 2 0 1 1113 1112 1047
2062 2 2 0 1 1047 1113 1048
2063 2 2 0 1 1114 1113 1048
2064 2 2 0 1 1048 1114 1049
2065 2 2 0 1 1115 1114 1049
2066 2 2 0 1 1049 1115 1050
2067 2 2 0 1 1116 1115 1050
2068 2 2 0 1 1050 1116 1051
2069 2 2 0 1 1117 1116 1051
2070 2 2 0 1 1051 1117 1052
2071 2 2 0 1 1118 1117 1052
2072 2 2 0 1 1052 1118 1053
2073 2 2 0 1 1119 1118 1053
2074 2 2 0 1 1053 1119 1054
2075 2 2 0 1 1120 1119 1054
2076 2 2 0 1 1054 1120 1055
2077 2 2 0 1 1121 1120 1055
2078 2 2 0 1 1055 1121 1056
2079 2 2 0 1 1122 1121 1056
2080 2 2 0 1 1056 1122 1057
2081 2 2 0 1 1123 1122 1057
2082 2 2 0 1 1057 1123 1058
2083 2 2 0 1 1124 1123 1058
2084 2 2 0 1 1058 1124 1059
2085 2 2 0 1 1125 1124 1059
2086 2 2 0 1 1059 1125 1060
2087 2 2 0 1 1126 1125 1060
2088 2 2 0 1 1060 1126 1061
2089 2 2 0 1 1127 1126 1061
2090 2 2 0 1 1061 1127 1062
2091 2 2 0 1 1128 1127 1062
2092 2 2 0 1 1062 1128 1063
2093 2 2 0 1 1129 1128 1063
2094 2 2 0 1 1063 1129 1064
2095 2 2 0 1 1130 1129 1064
2096 2 2 0 1 1064 1130 1065
2097 2 2 0 1 1131 1130 1065
2098 2 2 0 1 1065 1131 1066
2099 2 2 0 1 1132 1131 1066
2100 2 2 0 1 1066 1132 1067
2101 2 2 0 1 1133 1132 1067
2102 2 2 0 1 1067 1133 1068
2103 2 2 0 1 1134 1133 1068
2104 2 2 0 1 1068 1134 1069
2105 2 2 0 1 1135 1134 1069
2106 2 2 0 1 1069 1135 1070
2107 2 2 0 1 1136 1135 1070
2108 2 2 0 1 1070 1136 1071
2109 2 2 0 1 1137 1136 1071
2110 2 2 0 1 1071 1137 1072
2111 2 2 0 1 1138 1137 1072
2112 2 2 0 1 1072 1138 1073
2113 2 2 0 1 1139 1138 1073
2114 2 2 0 1 1073 1139 1074
2115 2 2 0 1 1140 1139 1074
2116 2 2 0 1 1074 1140 1075
2117 2 2 0 1 1141 1140 1075
2118 2 2 0 1 1075 1141 1076
2119 2 2 0 1 1142 1141 1076
2120 2 2 0 1 1076 1142 1077
2121 2 2 0 1 1143 1142 1077
2122 2 2 0 1 1077 1143 1078
2123 2 2 0 1 1144 1143 1078
2124 2 2 0 1 1078 1144 1079
2125 2 2 0 1 1145 1144 1079
2126 2 2 0 1 1079 1145 1080
2127 2 2 0 1 1146 1145 1080
2128 2 2 0 1 1080 1146 1081
2129 2 2 0 1 1147 1146 1081
2130 2 2 0 1 1081 1147 1082
2131 2 2 0 1 1148 1147 1082
2132 2 2 0 1 1082 1148 1083
2133 2 2 0 1 1149 1148 1083
2134 2 2 0 1 1083 1149 1084
2135 2 2 0 1 1150 1149 1084
2136 2 2 0 1 1084 1150 1085
2137 2 2 0 1 1151 1150 1085
2138 2 2 0 1 1085 1151 1086
2139 2 2 0 1 1152 1151 1086
2140 2 2 0 1 1086 1152 1087
2141 2 2 0 1 1153 1152 1087
2142 2 2 0 1 1087 1153 1088
2143 2 2 0 1 1154 1153 1088
2144 2 2 0 1 1088 1154 1089
2145 2 2 0 1 1155 1154 1089
2146 2 2 0 1 1089 1155 1090
2147 2 2 0 1 1156 1155 1090
2148 2 2 0 1 1090 1156 1091
2149 2 2 0 1 1157 1156 1091
2150 2 2 0 1 1091 1157 1092
2151 2 2 0 1 1158 1157 1092
2152 2 2 0 1 1092 1158 1093
2153 2 2 0 1 1159 1158 1093
2154 2 2 0 1 1093 1159 1094
2155 2 2 0 1 1160 1159 1094
2156 2 2 0 1 1094 1160 1095
2157 2 2 0 1 1161 1160 1095
2158 2 2 0 1 1095 1161 1096
2159 2 2 0 1 1162 1161 1096
2160 2 2 0 1 1096 1162 1097
2161 2 2 0 1 1163 1162 1097
2162 2 2 0 1 1097 1163 1098
2163 2 2 0 1 1164 1163 1098
2164 2 2 0 1 1098 1164 1099
2165 2 2 0 1 1165 1164 1099
2166 2 2 0 1 1099 1165 1100
2167 2 2 0 1 1166 1165 1100
2168 2 2 0 1 1100 1166 1101
2169 2 2 0 1 1167 1166 1101
2170 2 2 0 1 1101 1167 1102
2171 2 2 0 1 1168 1167 1102
2172 2 2 0 1 1102 1168 1103
2173 2 2 0 1 1169 1168 1103
2174 2 2 0 1 1103 1169 1104
2175 2 2 0 1 1170 1169 1104
2176 2 2 0 1 1104 1170 1105
2177 2 2 0 1 1171 1172 1107
2178 2 2 0 1 1107 1171 1106
2179 2 2 0 1 1173 1171 1106
2180 2 2 0 1 1106 1173 1108
2181 2 2 0 1 1174 1173 1108
2182 2 2 0 1 1108 1174 1109
2183 2 2 0 1 1175 1174 1109
2184 2 2 0 1 1109 1175 1110
2185 2 2 0 1 1176 1175 1110
2186 2 2 0 1 1110 1176 1111
2187 2 2 0 1 1177 1176 1111
2188 2 2 0 1 1111 1177 1112
2189 2 2 0 1 1178 1177 1112
2190 2 2 0 1 1112 1178 1113
2191 2 2 0 1 1179 1178 1113
2192 2 2 0 1 1113 1179 1114
2193 2 2 0 1 1180 1179 1114
2194 2 2 0 1 1114 1180 1115
2195 2 2 0 1 1181 1180 1115
2196 2 2 0 1 1115 1181 1116
2197 2 2 0 1 1182 1181 1116
2198 2 2 0 1 1116 1182 1117
2199 2 2 0 1 1183 1182 1117
2200 2 2 0 1 1117 1183 1118
2201 2 2 0 1 1184 1183 1118
2202 2 2 0 1 1118 1184 1119
2203 2 2 0 1 1185 1184 1119
2204 2 2 0 1 1119 1185 1120
2205 2 2 0 1 1186 1185 1120
2206 2 2 0 1 1120 1186 1121
2207 2 2 0 1 1187 1186 1121
2208 2 2 0 1 1121 1187 1122
2209 2 2 0 1 1188 1187 1122
2210 2 2 0 1 1122 1188 1123
2211 2 2 0 1 1189 1188 1123
2212 2 2 0 1 1123 1189 1124
2213 2 2 0 1 1190 1189 1124
2214 2 2 0 1 1124 1190 1125
2215 2 2 0 1 1191 1190 1125
2216 2 2 0 1 1125 1191 1126
2217 2 2 0 1 1192 1191 1126
2218 2 2 0 1 1126 1192 1127
2219 2 2 0 1 1193 1192 1127
2220 2 2 0 1 1127 1193 1128
2221 2 2 0 1 1194 1193 1128
2222 2 2 0 1 1128 1194 1129
2223 2 2 0 1 1195 1194 1129
2224 2 2 0 1 1129 1195 1130
2225 2 2 0 1 1196 1195 1130
2226 2 2 0 1 1130 1196 1131
2227 2 2 0 1 1197 1196 1131
2228 2 2 0 1 1131 1197 1132
2229 2 2 0 1 1198 1197 1132
2230 2 2 0 1 1132 1198 1133
2231 2 2 0 1 1199 1198 1133
2232 2 2 0 1 1133 1199 1134
2233 2 2 0 1 1200 1199 1134
2234 2 2 0 1 1134 1200 1135
2235 2 2 0 1 1201 1200 1135
2236 2 2 0 1 1135 1201 1136
2237 2 2 0 1 1202 1201 1136
2238 2 2 0 1 1136 1202 1137
2239 2 2 0 1 1203 1202 1137
2240 2 2 0 1 1137 1203 1138
2241 2 2 0 1 1204 1203 1138
2242 2 2 0 1 1138 1204 1139
2243 2 2 0 1 1205 1204 1139
2244 2 2 0 1 1139 1205 1140
2245 2 2 0 1 1206 1205 1140
2246 2 2 0 1 1140 1206 1141
2247 2 2 0 1 1207 1206 1141
2248 2 2 0 1 1141 1207 1142
2249 2 2 0 1 1208 1207 1142
2250 2 2 0 1 1142 1208 1143
2251 2 2 0 1 1209 1208 1143
2252 2 2 0 1 1143 1209 1144
2253 2 2 0 1 1210 1209 1144
2254 2 2 0 1 1144 1210 1145
2255 2 2 0 1 1211 1210 1145
2256 2 2 0 1 1145 1211 1146
2257 2 2 0 1 1212 1211 1146
2258 2 2 0 1 1146 1212 1147
2259 2 2 0 1 1213 1212 1147
2260 2 2 0 1 1147 1213 1148
2261 2 2 0 1 1214 1213 1148
2262 2 2 0 1 1148 1214 1149
2263 2 2 0 1 1215 1214 1149
2264 2 2 0 1 1149 1215 1150
2265 2 2 0 1 1216 1215 1150
2266 2 2 0 1 1150 1216 1151
2267 2 2 0 1 1217 1216 1151
2268 2 2 0 1 1151 1217 1152
2269 2 2 0 1 1218 1217 1152
2270 2 2 0 1 1152 1218 1153
2271 2 2 0 1 1219 1218 1153
2272 2 2 0 1 1153 1219 1154
2273 2 2 0 1 1220 1219 1154
2274 2 2 0 1 1154 1220 1155
2275 2 2 0 1 1221 1220 1155
2276 2 2 0 1 1155 1221 1156
2277 2 2 0 1 1222 1221 1156
2278 2 2 0 1 1156 1222 1157
2279 2 2 0 1 1223 1222 1157
2280 2 2 0 1 1157 1223 1158
2281 2 2 0 1 1224 1223 1158
2282 2 2 0 1 1158 1224 1159
2283 2 2 0 1 1225 1224 1159
2284 2 2 0 1 1159 1225 1160
2285 2 2 0 1 1226 1225 1160
2286 2 2 0 1 1160 1226 1161
2287 2 2 0 1 1227 1226 1161
2288 2 2 0 1 1161 1227 1162
2289 2 2 0 1 1228 1227 1162
2290 2 2 0 1 1162 1228 1163
2291 2 2 0 1 1229 1228 1163
2292 2 2 0 1 1163 1229 1164
2293 2 2 0 1 1230 1229 1164
2294 2 2 0 1 1164 1230 1165
2295 2 2 0 1 1231 1230 1165
2296 2 2 0 1 1165 1231 1166
2297 2 2 0 1 1232 1231 1166
2298 2 2 0 1 1166 1232 1167
2299 2 2 0 1 1233 1232 1167
2300 2 2 0 1 1167 1233 1168
2301 2 2 0 1 1234 1233 1168
2302 2 2 0 1 1168 1234 1169
2303 2 2 0 1 1235 1234 1169
2304 2 2 0 1 1169 1235 1170
2305 2 2 0 1 1236 1237 1172
2306 2 2 0 1 1172 1236 1171
2307 2 2 0 1 1238 1236 1171
2308 2 2 0 1 1171 1238 1173
2309 2 2 0 1 1239 1238 1173
2310 2 2 0 1 1173 1239 1174
2311 2 2 0 1 1240 1239 1174
2312 2 2 0 1 1174 1240 1175
2313 2 2 0 1 1241 1240 1175
2314 2 2 0 1 1175 1241 1176
2315 2 2 0 1 1242 1241 1176
2316 2 2 0 1 1176 1242 1177
2317 2 2 0 1 1243 1242 1177
2318 2 2 0 1 1177 1243 1178
2319 2 2 0 1 1244 1243 1178
2320 2 2 0 1 1178 1244 1179
2321 2 2 0 1 1245 1244 1179
2322 2 2 0 1 1179 1245 1180
2323 2 2 0 1 1246 1245 1180
2324 2 2 0 1 1180 1246 1181
2325 2 2 0 1 1247 1246 1181
2326 2 2 0 1 1181 1247 1182
2327 2 2 0 1 1248 1247 1182
2328 2 2 0 1 1182 1248 1183
2329 2 2 0 1 1249 1248 1183
2330 2 2 0 1 1183 1249 1184
2331 2 2 0 1 1250 1249 1184
2332 2 2 0 1 1184 1250 1185
2333 2 2 0 1 1251 1250 1185
2334 2 2 0 1 1185 1251 1186
2335 2 2 0 1 1252 1251 1186
2336 2 2 0 1 1186 1252 1187
2337 2 2 0 1 1253 1252 1187
2338 2 2 0 1 1187 1253 1188
2339 2 2 0 1 1254 1253 1188
2340 2 2 0 1 1188 1254 1189
2341 2 2 0 1 1255 1254 1189
2342 2 2 0 1 1189 1255 1190
2343 2 2 0 1 1256 1255 1190
2344 2 2 0 1 1190 1256 1191
2345 2 2 0 1 1257 1256 1191
2346 2 2 0 1 1191 1257 1192
2347 2 2 0 1 1258 1257 1192
2348 2 2 0 1 1192 1258 1193
2349 2 2 0 1 1259 1258 1193
2350 2 2 0 1 1193 1259 1194
2351 2 2 0 1 1260 1259 1194
2352 2 2 0 1 1194 1260 1195
2353 2 2 0 1 1261 1260 1195
2354 2 2 0 1 1195 1261 1196
2355 2 2 0 1 1262 1261 1196
2356 2 2 0 1 1196 1262 1197
2357 2 2 0 1 1263 1262 1197
2358 2 2 0 1 1197 1263 1198
2359 2 2 0 1 1264 1263 1198
2360 2 2 0 1 1198 1264 1199
2361 2 2 0 1 1265 1264 1199
2362 2 2 0 1 1199 1265 1200
2363 2 2 0 1 1266 1265 1200
2364 2 2 0 1 1200 1266 1201
2365 2 2 0 1 1267 1266 1201
2366 2 2 0 1 1201 1267 1202
2367 2 2 0 1 1268 1267 1202
2368 2 2 0 1 1202 1268 1203
2369 2 2 0 1 1269 1268 1203
2370 2 2 0 1 1203 1269 1204
2371 2 2 0 1 1270 1269 1204
2372 2 2 0 1 1204 1270 1205
2373 2 2 0 1 1271 1270 1205
2374 2 2 0 1 1205 1271 1206
2375 2 2 0 1 1272 1271 1206
2376 2 2 0 1 1206 1272 1207
2377 2 2 0 1 1273 1272 1207
2378 2 2 0 1 1207 1273 1208
2379 2 2 0 1 1274 1273 1208
2380 2 2 0 1 1208 1274 1209
2381 2 2 0 1 1275 1274 1209
2382 2 2 0 1 1209 1275 1210
2383 2 2 0 1 1276 1275 1210
2384 2 2 0 1 1210 1276 1211
2385 2 2 0 1 1277 1276 1211
2386 2 2 0 1 1211 1277 1212
2387 2 2 0 1 1278 1277 1212
2388 2 2 0 1 1212 1278 1213
2389 2 2 0 1 1279 1278 1213
2390 2 2 0 1 1213 1279 1214
2391 2 2 0 1 1280 1279 1214
2392 2 2 0 1 1214 1280 1215
2393 2 2 0 1 1281 1280 1215
2394 2 2 0 1 1215 1281 1216
2395 2 2 0 1 1282 1281 1216
2396 2 2 0 1 1216 1282 1217
2397 2 2 0 1 1283 1282 1217
2398 2 2 0 1 1217 1283 1218
2399 2 2 0 1 1284 1283 1218
2400 2 2 0 1 1218 1284 1219
2401 2 2 0 1 1285 1284 1219
2402 2 2 0 1 1219 1285 1220
2403 2 2 0 1 1286 1285 1220
2404 2 2 0 1 1220 1286 1221
2405 2 2 0 1 1287 1286 1221
2406 2 2 0 1 1221 1287 1222
2407 2 2 0 1 1288 1287 1222
2408 2 2 0 1 1222 1288 1223
2409 2 2 0 1 1289 1288 1223
2410 2 2 0 1 1223 1289 1224
2411 2 2 0 1 1290 1289 1224
2412 2 2 0 1 1224 1290 1225
2413 2 2 0 1 1291 1290 1225
2414 2 2 0 1 1225 1291 1226
2415 2 2 0 1 1292 1291 1226
2416 2 2 0 1 1226 1292 1227
2417 2 2 0 1 1293 1292 1227
2418 2 2 0 1 1227 1293 1228
2419 2 2 0 1 1294 1293 1228
2420 2 2 0 1 1228 1294 1229
2421 2 2 0 1 1295 1294 1229
2422 2 2 0 1 1229 1295 1230
2423 2 2 0 1 1296 1295 1230
2424 2 2 0 1 1230 1296 1231
2425 2 2 0 1 1297 1296 1231
2426 2 2 0 1 1231 1297 1232
2427 2 2 0 1 1298 1297 1232
2428 2 2 0 1 1232 1298 1233
2429 2 2 0 1 1299 1298 1233
2430 2 2 0 1 1233 1299 1234
2431 2 2 0 1 1300 1299 1234
2432 2 2 0 1 1234 1300 1235
2433 2 2 0 1 1301 1302 1237
2434 2 2 0 1 1237 1301 1236
2435 2 2 0 1 1303 1301 1236
2436 2 2 0 1 1236 1303 1238
2437 2 2 0 1 1304 1303 1238
2438 2 2 0 1 1238 1304 1239
2439 2 2 0 1 1305 1304 1239
2440 2 2 0 1 1239 1305 1240
2441 2 2 0 1 1306 1305 1240
2442 2 2 0 1 1240 1306 1241
2443 2 2 0 1 1307 1306 1241
2444 2 2 0 1 1241 1307 1242
2445 2 2 0 1 1308 1307 1242
2446 2 2 0 1 1242 1308 1243
2447 2 2 0 1 1309 1308 1243
2448 2 2 0 1 1243 1309 1244
2449 2 2 0 1 1310 1309 1244
2450 2 2 0 1 1244 1310 1245
2451 2 2 0 1 1311 1310 1245
2452 2 2 0 1 1245 1311 1246
2453 2 2 0 1 1312 1311 1246
2454 2 2 0 1 1246 1312 1247
2455 2 2 0 1 1313 1312 1247
2456 2 2 0 1 1247 1313 1248
2457 2 2 0 1 1314 1313 1248
2458 2 2 0 1 1248 1314 1249
2459 2 2 0 1 1315 1314 1249
2460 2 2 0 1 1249 1315 1250
2461 2 2 0 1 1316 1315 1250
2462 2 2 0 1 1250 1316 1251
2463 2 2 0 1 1317 1316 1251
2464 2 2 0 1 1251 1317 1252
2465 2 2 0 1 1318 1317 1252
2466 2 2 0 1 1252 1318 1253
2467 2 2 0 1 1319 1318 1253
2468 2 2 0 1 1253 1319 1254
2469 2 2 0 1 1320 1319 1254
2470 2 2 0 1 1254 1320 1255
2471 2 2 0 1 1321 1320 1255
2472 2 2 0 1 1255 1321 1256
2473 2 2 0 1 1322 1321 1256
2474 2 2 0 1 1256 1322 1257
2475 2 2 0 1 1323 1322 1257
2476 2 2 0 1 1257 1323 1258
2477 2 2 0 1 1324 1323 1258
2478 2 2 0 1 1258 1324 1259
2479 2 2 0 1 1325 1324 1259
2480 2 2 0 1 1259 1325 1260
2481 2 2 0 1 1326 1325 1260
2482 2 2 0 1 1260 1326 1261
2483 2 2 0 1 1327 1326 1261
2484 2 2 0 1 1261 1327 1262
2485 2 2 0 1 1328 1327 1262
2486 2 2 0 1 1262 1328 1263
2487 2 2 0 1 1329 1328 1263
2488 2 2 0 1 1263 1329 1264
2489 2 2 0 1 1330 1329 1264
2490 2 2 0 1 1264 1330 1265
2491 2 2 0 1 1331 1330 1265
2492 2 2 0 1 1265 1331 1266
2493 2 2 0 1 1332 1331 1266
2494 2 2 0 1 1266 1332 1267
2495 2 2 0 1 1333 1332 1267
2496 2 2 0 1 1267 1333 1268
2497 2 2 0 1 1334 1333 1268
2498 2 2 0 1 1268 1334 1269
2499 2 2 0 1 1335 1334 1269
2500 2 2 0 1 1269 1335 1270
2501 2 2 0 1 1336 1335 1270
2502 2 2 0 1 1270 1336 1271
2503 2 2 0 1 1337 1336 1271
2504 2 2 0 1 1271 1337 1272
2505 2 2 0 1 1338 1337 1272
2506 2 2 0 1 1272 1338 1273
2507 2 2 0 1 1339 1338 1273
2508 2 2 0 1 1273 1339 1274
2509 2 2 0 1 1340 1339 1274
2510 2 2 0 1 1274 1340 1275
2511 2 2 0 1 1341 1340 1275
2512 2 2 0 1 1275 1341 1276
2513 2 2 0 1 1342 1341 1276
2514 2 2 0 1 1276 1342 1277
2515 2 2 0 1 1343 1342 1277
2516 2 2 0 1 1277 1343 1278
2517 2 2 0 1 1344 1343 1278
2518 2 2 0 1 1278 1344 1279
2519 2 2 0 1 1345 1344 1279
2520 2 2 0 1 1279 1345 1280
2521 2 2 0 1 1346 1345 1280
2522 2 2 0 1 1280 1346 1281
2523 2 2 0 1 1347 1346 1281
2524 2 2 0 1 1281 1347 1282
2525 2 2 0 1 1348 1347 1282
2526 2 2 0 1 1282 1348 1283
2527 2 2 0 1 1349 1348 1283
2528 2 2 0 1 1283 1349 1284
2529 2 2 0 1 1350 1349 1284
2530 2 2 0 1 1284 1350 1285
2531 2 2 0 1 1286 1350 1285
2532 2 2 0 1 1350 1351 1286
2533 2 2 0 1 1352 1351 1286
2534 2 2 0 1 1286 1352 1287
2535 2 2 0 1 1353 1352 1287
2536 2 2 0 1 1287 1353 1288
2537 2 2 0 1 1354 1353 1288
2538 2 2 0 1 1288 1354 1289
2539 2 2 0 1 1355 1354 1289
2540 2 2 0 1 1289 1355 1290
2541 2 2 0 1 1356 1355 1290
2542 2 2 0 1 1290 1356 1291
2543 2 2 0 1 1357 1356 1291
2544 2 2 0 1 1291 1357 1292
2545 2 2 0 1 1358 1357 1292
2546 2 2 0 1 1292 1358 1293
2547 2 2 0 1 1359 1358 1293
2548 2 2 0 1 1293 1359 1294
2549 2 2 0 1 1360 1359 1294
2550 2 2 0 1 1294 1360 1295
2551 2 2 0 1 1361 1360 1295
2552 2 2 0 1 1295 1361 1296
2553 2 2 0 1 1362 1361 1296
2554 2 2 0 1 1296 1362 1297
2555 2 2 0 1 1363 1362 1297
2556 2 2 0 1 1297 1363 1298
2557 2 2 0 1 1364 1363 1298
2558 2 2 0 1 1298 1364 1299
2559 2 2 0 1 1365 1364 1299
2560 2 2 0 1 1299 1365 1300
2561 2 2 0 1 1366 1367 1302
2562 2 2 0 1 1302 1366 1301
2563 2 2 0 1 1368 1366 1301
2564 2 2 0 1 1301 1368 1303
2565 2 2 0 1 1369 1368 1303
2566 2 2 0 1 1303 1369 1304
2567 2 2 0 1 1370 1369 1304
2568 2 2 0 1 1304 1370 1305
2569 2 2 0 1 1371 1370 1305
2570 2 2 0 1 1305 1371 1306
2571 2 2 0 1 1372 1371 1306
2572 2 2 0 1 1306 1372 1307
2573 2 2 0 1 1373 1372 1307
2574 2 2 0 1 1307 1373 1308
2575 2 2 0 1 1374 1373 1308
2576 2 2 0 1 1308 1374 1309
2577 2 2 0 1 1375 1374 1309
2578 2 2 0 1 1309 1375 1310
2579 2 2 0 1 1376 1375 1310
2580 2 2 0 1 1310 1376 1311
2581 2 2 0 1 1377 1376 1311
2582 2 2 0 1 1311 1377 1312
2583 2 2 0 1 1378 1377 1312
2584 2 2 0 1 1312 1378 1313
2585 2 2 0 1 1379 1378 1313
2586 2 2 0 1 1313 1379 1314
2587 2 2 0 1 1380 1379 1314
2588 2 2 0 1 1314 1380 1315
2589 2 2 0 1 1381 1380 1315
2590 2 2 0 1 1315 1381 1316
2591 2 2 0 1 1382 1381 1316
2592 2 2 0 1 1316 1382 1317
2593 2 2 0 1 1383 1382 1317
2594 2 2 0 1 1317 1383 1318
2595 2 2 0 1 1384 1383 1318
2596 2 2 0 1 1318 1384 1319
2597 2 2 0 1 1385 1384 1319
2598 2 2 0 1 1319 1385 1320
2599 2 2 0 1 1386 1385 1320
2600 2 2 0 1 1320 1386 1321
2601 2 2 0 1 1387 1386 1321
2602 2 2 0 1 1321 1387 1322
2603 2 2 0 1 1388 1387 1322
2604 2 2 0 1 1322 1388 1323
2605 2 2 0 1 1389 1388 1323
2606 2 2 0 1 1323 1389 1324
2607 2 2 0 1 1390 1389 1324
2608 2 2 0 1 1324 1390 1325
2609 2 2 0 1 1391 1390 1325
2610 2 2 0 1 1325 1391 1326
2611 2 2 0 1 1392 1391 1326
2612 2 2 0 1 1326 1392 1327
2613 2 2 0 1 1393 1392 1327
2614 2 2 0 1 1327 1393 1328
2615 2 2 0 1 1394 1393 1328
2616 2 2 0 1 1328 1394 1329
2617 2 2 0 1 1395 1394 1329
2618 2 2 0 1 1329 1395 1330
2619 2 2 0 1 1396 1395 1330
2620 2 2 0 1 1330 1396 1331
2621 2 2 0 1 1397 1396 1331
2622 2 2 0 1 1331 1397 1332
2623 2 2 0 1 1398 1397 1332
2624 2 2 0 1 1332 1398 1333
2625 2 2 0 1 1399 1398 1333
2626 2 2 0 1 1333 1399 1334
2627 2 2 0 1 1400 1399 1334
2628 2 2 0 1 1334 1400 1335
2629 2 2 0 1 1401 1400 1335
2630 2 2 0 1 1335 1401 1336
2631 2 2 0 1 1402 1401 1336
2632 2 2 0 1 1336 1402 1337
2633 2 2 0 1 1403 1402 1337
2634 2 2 0 1 1337 1403 1338
2635 2 2 0 1 1404 1403 1338
2636 2 2 0 1 1338 1404 1339
2637 2 2 0 1 1405 1404 1339
2638 2 2 0 1 1339 1405 1340
2639 2 2 0 1 1406 1405 1340
2640 2 2 0 1 1340 1406 1341
2641 2 2 0 1 1407 1406 1341
2642 2 2 0 1 1341 1407 1342
2643 2 2 0 1 1408 1407 1342
2644 2 2 0 1 1342 1408 1343
2645 2 2 0 1 1409 1408 1343
2646 2 2 0 1 1343 1409 1344
2647 2 2 0 1 1410 1409 1344
2648 2 2 0 1 1344 1410 1345
2649 2 2 0 1 1411 1410 1345
2650 2 2 0 1 1345 1411 1346
2651 2 2 0 1 1412 1411 1346
2652 2 2 0 1 1346 1412 1347
2653 2 2 0 1 1413 1412 1347
2654 2 2 0 1 1347 1413 1348
2655 2 2 0 1 1414 1413 1348
2656 2 2 0 1 1348 1414 1349
2657 2 2 0 1 1415 1414 1349
2658 2 2 0 1 1349 1415 1350
2659 2 2 0 1 1351 1415 1350
2660 2 2 0 1 1415 1416 1351
2661 2 2 0 1 1417 1416 1351
2662 2 2 0 1 1351 1417 1352
2663 2 2 0 1 1418 1417 1352
2664 2 2 0 1 1352 1418 1353
2665 2 2 0 1 1419 1418 1353
2666 2 2 0 1 1353 1419 1354
2667 2 2 0 1 1420 1419 1354
2668 2 2 0 1 1354 1420 1355
2669 2 2 0 1 1421 1420 1355
2670 2 2 0 1 1355 1421 1356
2671 2 2 0 1 1422 1421 1356
2672 2 2 0 1 1356 1422 1357
2673 2 2 0 1 1423 1422 1357
2674 2 2 0 1 1357 1423 1358
2675 2 2 0 1 1424 1423 1358
2676 2 2 0 1 1358 1424 1359
2677 2 2 0 1 1425 1424 1359
2678 2 2 0 1 1359 1425 1360
2679 2 2 0 1 1426 1425 1360
2680 2 2 0 1 1360 1426 1361
2681 2 2 0 1 1427 1426 1361
2682 2 2 0 1 1361 1427 1362
2683 2 2 0 1 1428 1427 1362
2684 2 2 0 1 1362 1428 1363
2685 2 2 0 1 1429 1428 1363
2686 2 2 0 1 1363 1429 1364
2687 2 2 0 1 1430 1429 1364
2688 2 2 0 1 1364 1430 1365
2689 2 2 0 1 1431 1432 1367
2690 2 2 0 1 1367 1431 1366
2691 2 2 0 1 1433 1431 1366
2692 2 2 0 1 1366 1433 1368
2693 2 2 0 1 1434 1433 1368
2694 2 2 0 1 1368 1434 1369
2695 2 2 0 1 1435 1434 1369
2696 2 2 0 1 1369 1435 1370
2697 2 2 0 1 1436 1435 1370
2698 2 2 0 1 1370 1436 1371
2699 2 2 0 1 1437 1436 1371
2700 2 2 0 1 1371 1437 1372
2701 2 2 0 1 1438 1437 1372
2702 2 2 0 1 1372 1438 1373
2703 2 2 0 1 1439 1438 1373
2704 2 2 0 1 1373 1439 1374
2705 2 2 0 1 1440 1439 1374
2706 2 2 0 1 1374 1440 1375
2707 2 2 0 1 1441 1440 1375
2708 2 2 0 1 1375 1441 1376
2709 2 2 0 1 1442 1441 1376
2710 2 2 0 1 1376 1442 1377
2711 2 2 0 1 1443 1442 1377
2712 2 2 0 1 1377 1443 1378
2713 2 2 0 1 1444 1443 1378
2714 2 2 0 1 1378 1444 1379
2715 2 2 0 1 1445 1444 1379
2716 2 2 0 1 1379 1445 1380
2717 2 2 0 1 1446 1445 1380
2718 2 2 0 1 1380 1446 1381
2719 2 2 0 1 1447 1446 1381
2720 2 2 0 1 1381 1447 1382
2721 2 2 0 1 1448 1447 1382
2722 2 2 0 1 1382 1448 1383
2723 2 2 0 1 1449 1448 1383
2724 2 2 0 1 1383 1449 1384
2725 2 2 0 1 1450 1449 1384
2726 2 2 0 1 1384 1450 1385
2727 2 2 0 1 1451 1450 1385
2728 2 2 0 1 1385 1451 1386
2729 2 2 0 1 1452 1451 1386
2730 2 2 0 1 1386 1452 1387
2731 2 2 0 1 1453 1452 1387
2732 2 2 0 1 1387 1453 1388
2733 2 2 0 1 1454 1453 1388
2734 2 2 0 1 1388 1454 1389
2735 2 2 0 1 1455 1454 1389
2736 2 2 0 1 1389 1455 1390
2737 2 2 0 1 1456 1455 1390
2738 2 2 0 1 1390 1456 1391
2739 2 2 0 1 1457 1456 1391
2740 2 2 0 1 1391 1457 1392
2741 2 2 0 1 1458 1457 1392
2742 2 2 0 1 1392 1458 1393
2743 2 2 0 1 1459 1458 1393
2744 2 2 0 1 1393 1459 1394
2745 2 2 0 1 1460 1459 1394
2746 2 2 0 1 1394 1460 1395
2747 2 2 0 1 1461 1460 1395
2748 2 2 0 1 1395 1461 1396
2749 2 2 0 1 1462 1461 1396
2750 2 2 0 1 1396 1462 1397
2751 2 2 0 1 1463 1462 1397
2752 2 2 0 1 1397 1463 1398
2753 2 2 0 1 1464 1463 1398
2754 2 2 0 1 1398 1464 1399
2755 2 2 0 1 1465 1464 1399
2756 2 2 0 1 1399 1465 1400
2757 2 2 0 1 1466 1465 1400
2758 2 2 0 1 1400 1466 1401
2759 2 2 0 1 1467 1466 1401
2760 2 2 0 1 1401 1467 1402
2761 2 2 0 1 1468 1467 1402
2762 2 2 0 1 1402 1468 1403
2763 2 2 0 1 1469 1468 1403
2764 2 2 0 1 1403 1469 1404
2765 2 2 0 1 1470 1469 1404
2766 2 2 0 1 1404 1470 1405
2767 2 2 0 1 1471 1470 1405
2768 2 2 0 1 1405 1471 1406
2769 2 2 0 1 1472 1471 1406
2770 2 2 0 1 1406 1472 1407
2771 2 2 0 1 1473 1472 1407
2772 2 2 0 1 1407 1473 1408
2773 2 2 0 1 1474 1473 1408
2774 2 2 0 1 1408 1474 1409
2775 2 2 0 1 1475 1474 1409
2776 2 2 0 1 1409 1475 1410
2777 2 2 0 1 1476 1475 1410
2778 2 2 0 1 1410 1476 1411
2779 2 2 0 1 1477 1476 1411
2780 2 2 0 1 1411 1477 1412
2781 2 2 0 1 1478 1477 1412
2782 2 2 0 1 1412 1478 1413
2783 2 2 0 1 1479 1478 1413
2784 2 2 0 1 1413 1479 1414
2785 2 2 0 1 1480 1479 1414
2786 2 2 0 1 1414 1480 1415
2787 2 2 0 1 1416 1480 1415
2788 2 2 0 1 1480 1481 1416
2789 2 2 0 1 1482 1481 1416
2790 2 2 0 1 1416 1482 1417
2791 2 2 0 1 1483 1482 1417
2792 2 2 0 1 1417 1483 1418
2793 2 2 0 1 1484 1483 1418
2794 2 2 0 1 1418 1484 1419
2795 2 2 0 1 1485 1484 1419
2796 2 2 0 1 1419 1485 1420
2797 2 2 0 1 1486 1485 1420
2798 2 2 0 1 1420 1486 1421
2799 2 2 0 1 1487 1486 1421
2800 2 2 0 1 1421 1487 1422
2801 2 2 0 1 1488 1487 1422
2802 2 2 0 1 1422 1488 1423
2803 2 2 0 1 1489 1488 1423
2804 2 2 0 1 1423 1489 1424
2805 2 2 0 1 1490 1489 1424
2806 2 2 0 1 1424 1490 1425
2807 2 2 0 1 1491 1490 1425
2808 2 2 0 1 1425 1491 1426
2809 2 2 0 1 1492 1491 1426
2810 2 2 0 1 1426 1492 1427
2811 2 2 0 1 1493 1492 1427
2812 2 2 0 1 1427 1493 1428
2813 2 2 0 1 1494 1493 1428
2814 2 2 0 1 1428 1494 1429
2815 2 2 0 1 1495 1494 1429
2816 2 2 0 1 1429 1495 1430
2817 2 2 0 1 1496 1497 1432
2818 2 2 0 1 1432 1496 1431
2819 2 2 0 1 1498 1496 1431
2820 2 2 0 1 1431 1498 1433
2821 2 2 0 1 1499 1498 1433
2822 2 2 0 1 1433 1499 1434
2823 2 2 0 1 1500 1499 1434
2824 2 2 0 1 1434 1500 1435
2825 2 2 0 1 1501 1500 1435
2826 2 2 0 1 1435 1501 1436
2827 2 2 0 1 1502 1501 1436
2828 2 2 0 1 1436 1502 1437
2829 2 2 0 1 1503 1502 1437
2830 2 2 0 1 1437 1503 1438
2831 2 2 0 1 1504 1503 1438
2832 2 2 0 1 1438 1504 1439
2833 2 2 0 1 1440 1504 1439
2834 2 2 0 1 1504 1505 1440
2835 2 2 0 1 1506 1505 1440
2836 2 2 0 1 1440 1506 1441
2837 2 2 0 1 1507 1506 1441
2838 2 2 0 1 1441 1507 1442
2839 2 2 0 1 1508 1507 1442
2840 2 2 0 1 1442 1508 1443
2841 2 2 0 1 1509 1508 1443
2842 2 2 0 1 1443 1509 1444
2843 2 2 0 1 1510 1509 1444
2844 2 2 0 1 1444 1510 1445
2845 2 2 0 1 1511 1510 1445
2846 2 2 0 1 1445 1511 1446
2847 2 2 0 1 1512 1511 1446
2848 2 2 0 1 1446 1512 1447
2849 2 2 0 1 1513 1512 1447
2850 2 2 0 1 1447 1513 1448
2851 2 2 0 1 1514 1513 1448
2852 2 2 0 1 1448 1514 1449
2853 2 2 0 1 1515 1514 1449
2854 2 2 0 1 1449 1515 1450
2855 2 2 0 1 1516 1515 1450
2856 2 2 0 1 1450 1516 1451
2857 2 2 0 1 1517 1516 1451
2858 2 2 0 1 1451 1517 1452
2859 2 2 0 1 1518 1517 1452
2860 2 2 0 1 1452 1518 1453
2861 2 2 0 1 1519 1518 1453
2862 2 2 0 1 1453 1519 1454
2863 2 2 0 1 1520 1519 1454
2864 2 2 0 1 1454 1520 1455
2865 2 2 0 1 1521 1520 1455
2866 2 2 0 1 1455 1521 1456
2867 2 2 0 1 1522 1521 1456
2868 2 2 0 1 1456 1522 1457
2869 2 2 0 1 1523 1522 1457
2870 2 2 0 1 1457 1523 1458
2871 2 2 0 1 1524 1523 1458
2872 2 2 0 1 1458 1524 1459
2873 2 2 0 1 1525 1524 1459
2874 2 2 0 1 1459 1525 1460
2875 2 2 0 1 1526 1525 1460
2876 2 2 0 1 1460 1526 1461
2877 2 2 0 1 1527 1526 1461
2878 2 2 0 1 1461 1527 1462
2879 2 2 0 1 1528 1527 1462
2880 2 2 0 1 1462 1528 1463
2881 2 2 0 1 1529 1528 1463
2882 2 2 0 1 1463 1529 1464
2883 2 2 0 1 1530 1529 1464
2884 2 2 0 1 1464 1530 1465
2885 2 2 0 1 1531 1530 1465
2886 2 2 0 1 1465 1531 1466
2887 2 2 0 1 1532 1531 1466
2888 2 2 0 1 1466 1532 1467
2889 2 2 0 1 1533 1532 1467
2890 2 2 0 1 1467 1533 1468
2891 2 2 0 1 1534 1533 1468
2892 2 2 0 1 1468 1534 1469
2893 2 2 0 1 1535 1534 1469
2894 2 2 0 1 1469 1535 1470
2895 2 2 0 1 1536 1535 1470
2896 2 2 0 1 1470 1536 1471
2897 2 2 0 1 1537 1536 1471
2898 2 2 0 1 1471 1537 1472
2899 2 2 0 1 1538 1537 1472
2900 2 2 0 1 1472 1538 1473
2901 2 2 0 1 1474 1538 1473
2902 2 2 0 1 1538 1539 1474
2903 2 2 0 1 1540 1539 1474
2904 2 2 0 1 1474 1540 1475
2905 2 2 0 1 1541 1540 1475
2906 2 2 0 1 1475 1541 1476
2907 2 2 0 1 1542 1541 1476
2908 2 2 0 1 1476 1542 1477
2909 2 2 0 1 1543 1542 1477
2910 2 2 0 1 1477 1543 1478
2911 2 2 0 1 1544 1543 1478
2912 2 2 0 1 1478 1544 1479
2913 2 2 0 1 1545 1544 1479
2914 2 2 0 1 1479 1545 1480
2915 2 2 0 1 1481 1545 1480
2916 2 2 0 1 1545 1546 1481
2917 2 2 0 1 1547 1546 1481
2918 2 2 0 1 1481 1547 1482
2919 2 2 0 1 1548 1547 1482
2920 2 2 0 1 1482 1548 1483
2921 2 2 0 1 1549 1548 1483
2922 2 2 0 1 1483 1549 1484
2923 2 2 0 1 1550 1549 1484
2924 2 2 0 1 1484 1550 1485
2925 2 2 0 1 1551 1550 1485
2926 2 2 0 1 1485 1551 1486
2927 2 2 0 1 1552 1551 1486
2928 2 2 0 1 1486 1552 1487
2929 2 2 0 1 1553 1552 1487
2930 2 2 0 1 1487 1553 1488
2931 2 2 0 1 1554 1553 1488
2932 2 2 0 1 1488 1554 1489
2933 2 2 0 1 1555 1554 1489
2934 2 2 0 1 1489 1555 1490
2935 2 2 0 1 1556 1555 1490
2936 2 2 0 1 1490 1556 1491
2937 2 2 0 1 1557 1556 1491
2938 2 2 0 1 1491 1557 1492
2939 2 2 0 1 1558 1557 1492
2940 2 2 0 1 1492 1558 1493
2941 2 2 0 1 1494 1558 1493
2942 2 2 0 1 1558 1559 1494
2943 2 2 0 1 1495 1559 1494
2944 2 2 0 1 1559 1560 1495
2945 2 2 0 1 1561 1562 1497
2946 2 2 0 1 1497 1561 1496
2947 2 2 0 1 1563 1561 1496
2948 2 2 0 1 1496 1563 1498
2949 2 2 0 1 1564 1563 1498
2950 2 2 0 1 1498 1564 1499
2951 2 2 0 1 1565 1564 1499
2952 2 2 0 1 1499 1565 1500
2953 2 2 0 1 1566 1565 1500
2954 2 2 0 1 1500 1566 1501
2955 2 2 0 1 1567 1566 1501
2956 2 2 0 1 1501 1567 1502
2957 2 2 0 1 1568 1567 1502
2958 2 2 0 1 1502 1568 1503
2959 2 2 0 1 1569 1568 1503
2960 2 2 0 1 1503 1569 1504
2961 2 2 0 1 1570 1569 1504
2962 2 2 0 1 1504 1570 1505
2963 2 2 0 1 1571 1570 1505
2964 2 2 0 1 1505 1571 1506
2965 2 2 0 1 1572 1571 1506
2966 2 2 0 1 1506 1572 1507
2967 2 2 0 1 1573 1572 1507
2968 2 2 0 1 1507 1573 1508
2969 2 2 0 1 1574 1573 1508
2970 2 2 0 1 1508 1574 1509
2971 2 2 0 1 1575 1574 1509
2972 2 2 0 1 1509 1575 1510
2973 2 2 0 1 1576 1575 1510
2974 2 2 0 1 1510 1576 1511
2975 2 2 0 1 1577 1576 1511
2976 2 2 0 1 1511 1577 1512
2977 2 2 0 1 1578 1577 1512
2978 2 2 0 1 1512 1578 1513
2979 2 2 0 1 1579 1578 1513
2980 2 2 0 1 1513 1579 1514
2981 2 2 0 1 1580 1579 1514
2982 2 2 0 1 1514 1580 1515
2983 2 2 0 1 1581 1580 1515
2984 2 2 0 1 1515 1581 1516
2985 2 2 0 1 1582 1581 1516
2986 2 2 0 1 1516 1582 1517
2987 2 2 0 1 1583 1582 1517
2988 2 2 0 1 1517 1583 1518
2989 2 2 0 1 1584 1583 1518
2990 2 2 0 1 1518 1584 1519
2991 2 2 0 1 1520 1584 1519
2992 2 2 0 1 1584 1585 1520
2993 2 2 0 1 1586 1585 1520
2994 2 2 0 1 1520 1586 1521
2995 2 2 0 1 1587 1586 1521
2996 2 2 0 1 1521 1587 1522
2997 2 2 0 1 1588 1587 1522
2998 2 2 0 1 1522 1588 1523
2999 2 2 0 1 1589 1588 1523
3000 2 2 0 1 1523 1589 1524
3001 2 2 0 1 1590 1589 1524
3002 2 2 0 1 1524 1590 1525
3003 2 2 0 1 1591 1590 1525
3004 2 2 0 1 1525 1591 1526
3005 2 2 0 1 1592 1591 1526
3006 2 2 0 1 1526 1592 1527
3007 2 2 0 1 1593 1592 1527
3008 2 2 0 1 1527 1593 1528
3009 2 2 0 1 1594 1593 1528
3010 2 2 0 1 1528 1594 1529
3011 2 2 0 1 1595 1594 1529
3012 2 2 0 1 1529 1595 1530
3013 2 2 0 1 1596 1595 1530
3014 2 2 0 1 1530 1596 1531
3015 2 2 0 1 1597 1596 1531
3016 2 2 0 1 1531 1597 1532
3017 2 2 0 1 1533 1597 1532
3018 2 2 0 1 1597 1598 1533
3019 2 2 0 1 1599 1598 1533
3020 2 2 0 1 1533 1599 1534
3021 2 2 0 1 1600 1599 1534
3022 2 2 0 1 1534 1600 1535
3023 2 2 0 1 1601 1600 1535
3024 2 2 0 1 1535 1601 1536
3025 2 2 0 1 1602 1601 1536
3026 2 2 0 1 1536 1602 1537
3027 2 2 0 1 1603 1602 1537
3028 2 2 0 1 1537 1603 1538
3029 2 2 0 1 1539 1603 1538
3030 2 2 0 1 1603 1604 1539
3031 2 2 0 1 1605 1604 1539
3032 2 2 0 1 1539 1605 1540
3033 2 2 0 1 1606 1605 1540
3034 2 2 0 1 1540 1606 1541
3035 2 2 0 1 1607 1606 1541
3036 2 2 0 1 1541 1607 1542
3037 2 2 0 1 1608 1607 1542
3038 2 2 0 1 1542 1608 1543
3039 2 2 0 1 1609 1608 1543
3040 2 2 0 1 1543 1609 1544
3041 2 2 0 1 1610 1609 1544
3042 2 2 0 1 1544 1610 1545
3043 2 2 0 1 1546 1610 1545
3044 2 2 0 1 1610 1611 1546
3045 2 2 0 1 1612 1611 1546
3046 2 2 0 1 1546 1612 1547
3047 2 2 0 1 1613 1612 1547
3048 2 2 0 1 1547 1613 1548
3049 2 2 0 1 1614 1613 1548
3050 2 2 0 1 1548 1614 1549
3051 2 2 0 1 1615 1614 1549
3052 2 2 0 1 1549 1615 1550
3053 2 2 0 1 1616 1615 1550
3054 2 2 0 1 1550 1616 1551
3055 2 2 0 1 1617 1616 1551
3056 2 2 0 1 1551 1617 1552
3057 2 2 0 1 1618 1617 1552
3058 2 2 0 1 1552 1618 1553
3059 2 2 0 1 1619 1618 1553
3060 2 2 0 1 1553 1619 1554
3061 2 2 0 1 1620 1619 1554
3062 2 2 0 1 1554 1620 1555
3063 2 2 0 1 1621 1620 1555
3064 2 2 0 1 1555 1621 1556
3065 2 2 0 1 1622 1621 1556
3066 2 2 0 1 1556 1622 1557
3067 2 2 0 1 1623 1622 1557
3068 2 2 0 1 1557 1623 1558
3069 2 2 0 1 1559 1623 1558
3070 2 2 0 1 1623 1624 1559
3071 2 2 0 1 1560 1624 1559
3072 2 2 0 1 1624 1625 1560
3073 2 2 0 1 1626 1627 1562
3074 2 2 0 1 1562 1626 1561
3075 2 2 0 1 1628 1626 1561
3076 2 2 0 1 1561 1628 1563
3077 2 2 0 1 1629 1628 1563
3078 2 2 0 1 1563 1629 1564
3079 2 2 0 1 1630 1629 1564
3080 2 2 0 1 1564 1630 1565
3081 2 2 0 1 1631 1630 1565
3082 2 2 0 1 1565 1631 1566
3083 2 2 0 1 1632 1631 1566
3084 2 2 0 1 1566 1632 1567
3085 2 2 0 1 1633 1632 1567
3086 2 2 0 1 1567 1633 1568
3087 2 2 0 1 1634 1633 1568
3088 2 2 0 1 1568 1634 1569
3089 2 2 0 1 1635 1634 1569
3090 2 2 0 1 1569 1635 1570
3091 2 2 0 1 1636 1635 1570
3092 2 2 0 1 1570 1636 1571
3093 2 2 0 1 1637 1636 1571
3094 2 2 0 1 1571 1637 1572
3095 2 2 0 1 1638 1637 1572
3096 2 2 0 1 1572 1638 1573
3097 2 2 0 1 1639 1638 1573
3098 2 2 0 1 1573 1639 1574
3099 2 2 0 1 1640 1639 1574
3100 2 2 0 1 1574 1640 1575
3101 2 2 0 1 1641 1640 1575
3102 2 2 0 1 1575 1641 1576
3103 2 2 0 1 1642 1641 1576
3104 2 2 0 1 1576 1642 1577
3105 2 2 0 1 1643 1642 1577
3106 2 2 0 1 1577 1643 1578
3107 2 2 0 1 1644 1643 1578
3108 2 2 0 1 1578 1644 1579
3109 2 2 0 1 1645 1644 1579
3110 2 2 0 1 1579 1645 1580
3111 2 2 0 1 1646 1645 1580
3112 2 2 0 1 1580 1646 1581
3113 2 2 0 1 1647 1646 1581
3114 2 2 0 1 1581 1647 1582
3115 2 2 0 1 1648 1647 1582
3116 2 2 0 1 1582 1648 1583
3117 2 2 0 1 1649 1648 1583
3118 2 2 0 1 1583 1649 1584
3119 2 2 0 1 1650 1649 1584
3120 2 2 0 1 1584 1650 1585
3121 2 2 0 1 1586 1650 1585
3122 2 2 0 1 1650 1651 1586
3123 2 2 0 1 1652 1651 1586
3124 2 2 0 1 1586 1652 1587
3125 2 2 0 1 1653 1652 1587
3126 2 2 0 1 1587 1653 1588
3127 2 2 0 1 1654 1653 1588
3128 2 2 0 1 1588 1654 1589
3129 2 2 0 1 1655 1654 1589
3130 2 2 0 1 1589 1655 1590
3131 2 2 0 1 1656 1655 1590
3132 2 2 0 1 1590 1656 1591
3133 2 2 0 1 1657 1656 1591
3134 2 2 0 1 1591 1657 1592
3135 2 2 0 1 1658 1657 1592
3136 2 2 0 1 1592 1658 1593
3137 2 2 0 1 1659 1658 1593
3138 2 2 0 1 1593 1659 1594
3139 2 2 0 1 1660 1659 1594
3140 2 2 0 1 1594 1660 1595
3141 2 2 0 1 1661 1660 1595
3142 2 2 0 1 1595 1661 1596
3143 2 2 0 1 1662 1661 1596
3144 2 2 0 1 1596 1662 1597
3145 2 2 0 1 1598 1662 1597
3146 2 2 0 1 1662 1663 1598
3147 2 2 0 1 1664 1663 1598
3148 2 2 0 1 1598 1664 1599
3149 2 2 0 1 1665 1664 1599
3150 2 2 0 1 1599 1665 1600
3151 2 2 0 1 1601 1665 1600
3152 2 2 0 1 1665 1666 1601
3153 2 2 0 1 1667 1666 1601
3154 2 2 0 1 1601 1667 1602
3155 2 2 0 1 1668 1667 1602
3156 2 2 0 1 1602 1668 1603
3157 2 2 0 1 1604 1668 1603
3158 2 2 0 1 1668 1669 1604
3159 2 2 0 1 1670 1669 1604
3160 2 2 0 1 1604 1670 1605
3161 2 2 0 1 1671 1670 1605
3162 2 2 0 1 1605 1671 1606
3163 2 2 0 1 1672 1671 1606
3164 2 2 0 1 1606 1672 1607
3165 2 2 0 1 1673 1672 1607
3166 2 2 0 1 1607 1673 1608
3167 2 2 0 1 1674 1673 1608
3168 2 2 0 1 1608 1674 1609
3169 2 2 0 1 1675 1674 1609
3170 2 2 0 1 1609 1675 1610
3171 2 2 0 1 1611 1675 1610
3172 2 2 0 1 1675 1676 1611
3173 2 2 0 1 1677 1676 1611
3174 2 2 0 1 1611 1677 1612
3175 2 2 0 1 1678 1677 1612
3176 2 2 0 1 1612 1678 1613
3177 2 2 0 1 1679 1678 1613
3178 2 2 0 1 1613 1679 1614
3179 2 2 0 1 1680 1679 1614
3180 2 2 0 1 1614 1680 1615
3181 2 2 0 1 1681 1680 1615
3182 2 2 0 1 1615 1681 1616
3183 2 2 0 1 1682 1681 1616
3184 2 2 0 1 1616 1682 1617
3185 2 2 0 1 1683 1682 1617
3186 2 2 0 1 1617 1683 1618
3187 2 2 0 1 1684 1683 1618
3188 2 2 0 1 1618 1684 1619
3189 2 2 0 1 1685 1684 1619
3190 2 2 0 1 1619 1685 1620
3191 2 2 0 1 1686 1685 1620
3192 2 2 0 1 1620 1686 1621
3193 2 2 0 1 1687 1686 1621
3194 2 2 0 1 1621 1687 1622
3195 2 2 0 1 1623 1687 1622
3196 2 2 0 1 1687 1688 1623
3197 2 2 0 1 1624 1688 1623
3198 2 2 0 1 1688 1689 1624
3199 2 2 0 1 1625 1689 1624
3200 2 2 0 1 1689 1690 1625
3201 2 2 0 1 1691 1692 1627
3202 2 2 0 1 1627 1691 1626
3203 2 2 0 1 1693 1691 1626
3204 2 2 0 1 1626 1693 1628
3205 2 2 0 1 1694 1693 1628
3206 2 2 0 1 1628 1694 1629
3207 2 2 0 1 1695 1694 1629
3208 2 2 0 1 1629 1695 1630
3209 2 2 0 1 1696 1695 1630
3210 2 2 0 1 1630 1696 1631
3211 2 2 0 1 1697 1696 1631
3212 2 2 0 1 1631 1697 1632
3213 2 2 0 1 1698 1697 1632
3214 2 2 0 1 1632 1698 1633
3215 2 2 0 1 1699 1698 1633
3216 2 2 0 1 1633 1699 1634
3217 2 2 0 1 1700 1699 1634
3218 2 2 0 1 1634 1700 1635
3219 2 2 0 1 1701 1700 1635
3220 2 2 0 1 1635 1701 1636
3221 2 2 0 1 1702 1701 1636
3222 2 2 0 1 1636 1702 1637
3223 2 2 0 1 1703 1702 1637
3224 2 2 0 1 1637 1703 1638
3225 2 2 0 1 1704 1703 1638
3226 2 2 0 1 1638 1704 1639
3227 2 2 0 1 1705 1704 1639
3228 2 2 0 1 1639 1705 1640
3229 2 2 0 1 1706 1705 1640
3230 2 2 0 1 1640 1706 1641
3231 2 2 0 1 1707 1706 1641
3232 2 2 0 1 1641 1707 1642
3233 2 2 0 1 1708 1707 1642
3234 2 2 0 1 1642 1708 1643
3235 2 2 0 1 1709 1708 1643
3236 2 2 0 1 1643 1709 1644
3237 2 2 0 1 1710 1709 1644
3238 2 2 0 1 1644 1710 1645
3239 2 2 0 1 1711 1710 1645
3240 2 2 0 1 1645 1711 1646
3241 2 2 0 1 1712 1711 1646
3242 2 2 0 1 1646 1712 1647
3243 2 2 0 1 1713 1712 1647
3244 2 2 0 1 1647 1713 1648
3245 2 2 0 1 1714 1713 1648
3246 2 2 0 1 1648 1714 1649
3247 2 2 0 1 1715 1714 1649
3248 2 2 0 1 1649 1715 1650
3249 2 2 0 1 1651 1715 1650
3250 2 2 0 1 1715 1716 1651
3251 2 2 0 1 1717 1716 1651
3252 2 2 0 1 1651 1717 1652
3253 2 2 0 1 1718 1717 1652
3254 2 2 0 1 1652 1718 1653
3255 2 2 0 1 1719 1718 1653
3256 2 2 0 1 1653 1719 1654
3257 2 2 0 1 1720 1719 1654
3258 2 2 0 1 1654 1720 1655
3259 2 2 0 1 1721 1720 1655
3260 2 2 0 1 1655 1721 1656
3261 2 2 0 1 1722 1721 1656
3262 2 2 0 1 1656 1722 1657
3263 2 2 0 1 1723 1722 1657
3264 2 2 0 1 1657 1723 1658
3265 2 2 0 1 1724 1723 1658
3266 2 2 0 1 1658 1724 1659
3267 2 2 0 1 1725 1724 1659
3268 2 2 0 1 1659 1725 1660
3269 2 2 0 1 1726 1725 1660
3270 2 2 0 1 1660 1726 1661
3271 2 2 0 1 1727 1726 1661
3272 2 2 0 1 1661 1727 1662
3273 2 2 0 1 1663 1727 1662
3274 2 2 0 1 1727 1728 1663
3275 2 2 0 1 1729 1728 1663
3276 2 2 0 1 1663 1729 1664
3277 2 2 0 1 1730 1729 1664
3278 2 2 0 1 1664 1730 1665
3279 2 2 0 1 1731 1730 1665
3280 2 2 0 1 1665 1731 1666
3281 2 2 0 1 1732 1731 1666
3282 2 2 0 1 1666 1732 1667
3283 2 2 0 1 1733 1732 1667
3284 2 2 0 1 1667 1733 1668
3285 2 2 0 1 1669 1733 1668
3286 2 2 0 1 1733 1734 1669
3287 2 2 0 1 1735 1734 1669
3288 2 2 0 1 1669 1735 1670
3289 2 2 0 1 1736 1735 1670
3290 2 2 0 1 1670 1736 1671
3291 2 2 0 1 1737 1736 1671
3292 2 2 0 1 1671 1737 1672
3293 2 2 0 1 1738 1737 1672
3294 2 2 0 1 1672 1738 1673
3295 2 2 0 1 1739 1738 1673
3296 2 2 0 1 1673 1739 1674
3297 2 2 0 1 1740 1739 1674
3298 2 2 0 1 1674 1740 1675
3299 2 2 0 1 1676 1740 1675
3300 2 2 0 1 1740 1741 1676
3301 2 2 0 1 1742 1741 1676
3302 2 2 0 1 1676 1742 1677
3303 2 2 0 1 1743 1742 1677
3304 2 2 0 1 1677 1743 1678
3305 2 2 0 1 1744 1743 1678
3306 2 2 0 1 1678 1744 1679
3307 2 2 0 1 1745 1744 1679
3308 2 2 0 1 1679 1745 1680
3309 2 2 0 1 1746 1745 1680
3310 2 2 0 1 1680 1746 1681
3311 2 2 0 1 1747 1746 1681
3312 2 2 0 1 1681 1747 1682
3313 2 2 0 1 1748 1747 1682
3314 2 2 0 1 1682 1748 1683
3315 2 2 0 1 1749 1748 1683
3316 2 2 0 1 1683 1749 1684
3317 2 2 0 1 1750 1749 1684
3318 2 2 0 1 1684 1750 1685
3319 2 2 0 1 1751 1750 1685
3320 2 2 0 1 1685 1751 1686
3321 2 2 0 1 1752 1751 1686
3322 2 2 0 1 1686 1752 1687
3323 2 2 0 1 1688 1752 1687
3324 2 2 0 1 1752 1753 1688
3325 2 2 0 1 1689 1753 1688
3326 2 2 0 1 1753 1754 1689
3327 2 2 0 1 1690 1754 1689
3328 2 2 0 1 1754 1755 1690
3329 2 2 0 1 1756 1757 1692
3330 2 2 0 1 1692 1756 1691
3331 2 2 0 1 1758 1756 1691
3332 2 2 0 1 1691 1758 1693
3333 2 2 0 1 1759 1758 1693
3334 2 2 0 1 1693 1759 1694
3335 2 2 0 1 1760 1759 1694
3336 2 2 0 1 1694 1760 1695
3337 2 2 0 1 1761 1760 1695
3338 2 2 0 1 1695 1761 1696
3339 2 2 0 1 1762 1761 1696
3340 2 2 0 1 1696 1762 1697
3341 2 2 0 1 1763 1762 1697
3342 2 2 0 1 1697 1763 1698
3343 2 2 0 1 1764 1763 1698
3344 2 2 0 1 1698 1764 1699
3345 2 2 0 1 1765 1764 1699
3346 2 2 0 1 1699 1765 1700
3347 2 2 0 1 1766 1765 1700
3348 2 2 0 1 1700 1766 1701
3349 2 2 0 1 1767 1766 1701
3350 2 2 0 1 1701 1767 1702
3351 2 2 0 1 1768 1767 1702
3352 2 2 0 1 1702 1768 1703
3353 2 2 0 1 1769 1768 1703
3354 2 2 0 1 1703 1769 1704
3355 2 2 0 1 1770 1769 1704
3356 2 2 0 1 1704 1770 1705
3357 2 2 0 1 1771 1770 1705
3358 2 2 0 1 1705 1771 1706
3359 2 2 0 1 1772 1771 1706
3360 2 2 0 1 1706 1772 1707
3361 2 2 0 1 1773 1772 1707
3362 2 2 0 1 1707 1773 1708
3363 2 2 0 1 1774 1773 1708
3364 2 2 0 1 1708 1774 1709
3365 2 2 0 1 1710 1774 1709
3366 2 2 0 1 1774 1775 1710
3367 2 2 0 1 1711 1775 1710
3368 2 2 0 1 1775 1776 1711
3369 2 2 0 1 1777 1776 1711
3370 2 2 0 1 1711 1777 1712
3371 2 2 0 1 1778 1777 1712
3372 2 2 0 1 1712 1778 1713
3373 2 2 0 1 1779 1778 1713
3374 2 2 0 1 1713 1779 1714
3375 2 2 0 1 1780 1779 1714
3376 2 2 0 1 1714 1780 1715
3377 2 2 0 1 1716 1780 1715
3378 2 2 0 1 1780 1781 1716
3379 2 2 0 1 1782 1781 1716
3380 2 2 0 1 1716 1782 1717
3381 2 2 0 1 1783 1782 1717
3382 2 2 0 1 1717 1783 1718
3383 2 2 0 1 1784 1783 1718
3384 2 2 0 1 1718 1784 1719
3385 2 2 0 1 1785 1784 1719
3386 2 2 0 1 1719 1785 1720
3387 2 2 0 1 1786 1785 1720
3388 2 2 0 1 1720 1786 1721
3389 2 2 0 1 1787 1786 1721
3390 2 2 0 1 1721 1787 1722
3391 2 2 0 1 1723 1787 1722
3392 2 2 0 1 1787 1788 1723
3393 2 2 0 1 1789 1788 1723
3394 2 2 0 1 1723 1789 1724
3395 2 2 0 1 1790 1789 1724
3396 2 2 0 1 1724 1790 1725
3397 2 2 0 1 1791 1790 1725
3398 2 2 0 1 1725 1791 1726
3399 2 2 0 1 1792 1791 1726
3400 2 2 0 1 1726 1792 1727
3401 2 2 0 1 1728 1792 1727
3402 2 2 0 1 1792 1793 1728
3403 2 2 0 1 1794 1793 1728
3404 2 2 0 1 1728 1794 1729
3405 2 2 0 1 1795 1794 1729
3406 2 2 0 1 1729 1795 1730
3407 2 2 0 1 1796 1795 1730
3408 2 2 0 1 1730 1796 1731
3409 2 2 0 1 1797 1796 1731
3410 2 2 0 1 1731 1797 1732
3411 2 2 0 1 1798 1797 1732
3412 2 2 0 1 1732 1798 1733
3413 2 2 0 1 1734 1798 1733
3414 2 2 0 1 1798 1799 1734
3415 2 2 0 1 1800 1799 1734
3416 2 2 0 1 1734 1800 1735
3417 2 2 0 1 1801 1800 1735
3418 2 2 0 1 1735 1801 1736
3419 2 2 0 1 1802 1801 1736
3420 2 2 0 1 1736 1802 1737
3421 2 2 0 1 1803 1802 1737
3422 2 2 0 1 1737 1803 1738
3423 2 2 0 1 1804 1803 1738
3424 2 2 0 1 1738 1804 1739
3425 2 2 0 1 1805 1804 1739
3426 2 2 0 1 1739 1805 1740
3427 2 2 0 1 1741 1805 1740
3428 2 2 0 1 1805 1806 1741
3429 2 2 0 1 1807 1806 1741
3430 2 2 0 1 1741 1807 1742
3431 2 2 0 1 1808 1807 1742
3432 2 2 0 1 1742 1808 1743
3433 2 2 0 1 1744 1808 1743
3434 2 2 0 1 1808 1809 1744
3435 2 2 0 1 1810 1809 1744
3436 2 2 0 1 1744 1810 1745
3437 2 2 0 1 1811 1810 1745
3438 2 2 0 1 1745 1811 1746
3439 2 2 0 1 1812 1811 1746
3440 2 2 0 1 1746 1812 1747
3441 2 2 0 1 1813 1812 1747
3442 2 2 0 1 1747 1813 1748
3443 2 2 0 1 1814 1813 1748
3444 2 2 0 1 1748 1814 1749
3445 2 2 0 1 1815 1814 1749
3446 2 2 0 1 1749 1815 1750
3447 2 2 0 1 1816 1815 1750
3448 2 2 0 1 1750 1816 1751
3449 2 2 0 1 1817 1816 1751
3450 2 2 0 1 1751 1817 1752
3451 2 2 0 1 1753 1817 1752
3452 2 2 0 1 1817 1818 1753
3453 2 2 0 1 1754 1818 1753
3454 2 2 0 1 1818 1819 1754
3455 2 2 0 1 1755 1819 1754
3456 2 2 0 1 1819 1820 1755
3457 2 2 0 1 1821 1822 1757
3458 2 2 0 1 1757 1821 1756
3459 2 2 0 1 1823 1821 1756
3460 2 2 0 1 1756 1823 1758
3461 2 2 0 1 1824 1823 1758
3462 2 2 0 1 1758 1824 1759
3463 2 2 0 1 1825 1824 1759
3464 2 2 0 1 1759 1825 1760
3465 2 2 0 1 1826 1825 1760
3466 2 2 0 1 1760 1826 1761
3467 2 2 0 1 1827 1826 1761
3468 2 2 0 1 1761 1827 1762
3469 2 2 0 1 1828 1827 1762
3470 2 2 0 1 1762 1828 1763
3471 2 2 0 1 1829 1828 1763
3472 2 2 0 1 1763 1829 1764
3473 2 2 0 1 1830 1829 1764
3474 2 2 0 1 1764 1830 1765
3475 2 2 0 1 1766 1830 1765
3476 2 2 0 1 1830 1831 1766
3477 2 2 0 1 1832 1831 1766
3478 2 2 0 1 1766 1832 1767
3479 2 2 0 1 1833 1832 1767
3480 2 2 0 1 1767 1833 1768
3481 2 2 0 1 1834 1833 1768
3482 2 2 0 1 1768 1834 1769
3483 2 2 0 1 1770 1834 1769
3484 2 2 0 1 1834 1835 1770
3485 2 2 0 1 1836 1835 1770
3486 2 2 0 1 1770 1836 1771
3487 2 2 0 1 1837 1836 1771
3488 2 2 0 1 1771 1837 1772
3489 2 2 0 1 1838 1837 1772
3490 2 2 0 1 1772 1838 1773
3491 2 2 0 1 1774 1838 1773
3492 2 2 0 1 1838 1839 1774
3493 2 2 0 1 1775 1839 1774
3494 2 2 0 1 1839 1840 1775
3495 2 2 0 1 1776 1840 1775
3496 2 2 0 1 1840 1841 1776
3497 2 2 0 1 1842 1841 1776
3498 2 2 0 1 1776 1842 1777
3499 2 2 0 1 1843 1842 1777
3500 2 2 0 1 1777 1843 1778
3501 2 2 0 1 1844 1843 1778
3502 2 2 0 1 1778 1844 1779
3503 2 2 0 1 1845 1844 1779
3504 2 2 0 1 1779 1845 1780
3505 2 2 0 1 1781 1845 1780
3506 2 2 0 1 1845 1846 1781
3507 2 2 0 1 1847 1846 1781
3508 2 2 0 1 1781 1847 1782
3509 2 2 0 1 1848 1847 1782
3510 2 2 0 1 1782 1848 1783
3511 2 2 0 1 1849 1848 1783
3512 2 2 0 1 1783 1849 1784
3513 2 2 0 1 1850 1849 1784
3514 2 2 0 1 1784 1850 1785
3515 2 2 0 1 1851 1850 1785
3516 2 2 0 1 1785 1851 1786
3517 2 2 0 1 1787 1851 1786
3518 2 2 0 1 1851 1852 1787
3519 2 2 0 1 1788 1852 1787
3520 2 2 0 1 1852 1853 1788
3521 2 2 0 1 1854 1853 1788
3522 2 2 0 1 1788 1854 1789
3523 2 2 0 1 1855 1854 1789
3524 2 2 0 1 1789 1855 1790
3525 2 2 0 1 1856 1855 1790
3526 2 2 0 1 1790 1856 1791
3527 2 2 0 1 1857 1856 1791
3528 2 2 0 1 1791 1857 1792
3529 2 2 0 1 1793 1857 1792
3530 2 2 0 1 1857 1858 1793
3531 2 2 0 1 1859 1858 1793
3532 2 2 0 1 1793 1859 1794
3533 2 2 0 1 1860 1859 1794
3534 2 2 0 1 1794 1860 1795
3535 2 2 0 1 1861 1860 1795
3536 2 2 0 1 1795 1861 1796
3537 2 2 0 1 1862 1861 1796
3538 2 2 0 1 1796 1862 1797
3539 2 2 0 1 1863 1862 1797
3540 2 2 0 1 1797 1863 1798
3541 2 2 0 1 1799 1863 1798
3542 2 2 0 1 1863 1864 1799
3543 2 2 0 1 1865 1864 1799
3544 2 2 0 1 1799 1865 1800
3545 2 2 0 1 1866 1865 1800
3546 2 2 0 1 1800 1866 1801
3547 2 2 0 1 1867 1866 1801
3548 2 2 0 1 1801 1867 1802
3549 2 2 0 1 1868 1867 1802
3550 2 2 0 1 1802 1868 1803
3551 2 2 0 1 1869 1868 1803
3552 2 2 0 1 1803 1869 1804
3553 2 2 0 1 1870 1869 1804
3554 2 2 0 1 1804 1870 1805
3555 2 2 0 1 1806 1870 1805
3556 2 2 0 1 1870 1871 1806
3557 2 2 0 1 1872 1871 1806
3558 2 2 0 1 1806 1872 1807
3559 2 2 0 1 1873 1872 1807
3560 2 2 0 1 1807 1873 1808
3561 2 2 0 1 1809 1873 1808
3562 2 2 0 1 1873 1874 1809
3563 2 2 0 1 1875 1874 1809
3564 2 2 0 1 1809 1875 1810
3565 2 2 0 1 1876 1875 1810
3566 2 2 0 1 1810 1876 1811
3567 2 2 0 1 1877 1876 1811
3568 2 2 0 1 1811 1877 1812
3569 2 2 0 1 1878 1877 1812
3570 2 2 0 1 1812 1878 1813
3571 2 2 0 1 1814 1878 1813
3572 2 2 0 1 1878 1879 1814
3573 2 2 0 1 1880 1879 1814
3574 2 2 0 1 1814 1880 1815
3575 2 2 0 1 1881 1880 1815
3576 2 2 0 1 1815 1881 1816
3577 2 2 0 1 1882 1881 1816
3578 2 2 0 1 1816 1882 1817
3579 2 2 0 1 1818 1882 1817
3580 2 2 0 1 1882 1883 1818
3581 2 2 0 1 1819 1883 1818
3582 2 2 0 1 1883 1884 1819
3583 2 2 0 1 1820 1884 1819
3584 2 2 0 1 1884 1885 1820
3585 2 2 0 1 1886 1887 1822
3586 2 2 0 1 1822 1886 1821
3587 2 2 0 1 1888 1886 1821
3588 2 2 0 1 1821 1888 1823
3589 2 2 0 1 1889 1888 1823
3590 2 2 0 1 1823 1889 1824
3591 2 2 0 1 1890 1889 1824
3592 2 2 0 1 1824 1890 1825
3593 2 2 0 1 1891 1890 1825
3594 2 2 0 1 1825 1891 1826
3595 2 2 0 1 1892 1891 1826
3596 2 2 0 1 1826 1892 1827
3597 2 2 0 1 1893 1892 1827
3598 2 2 0 1 1827 1893 1828
3599 2 2 0 1 1894 1893 1828
3600 2 2 0 1 1828 1894 1829
3601 2 2 0 1 1895 1894 1829
3602 2 2 0 1 1829 1895 1830
3603 2 2 0 1 1831 1895 1830
3604 2 2 0 1 1895 1896 1831
3605 2 2 0 1 1897 1896 1831
3606 2 2 0 1 1831 1897 1832
3607 2 2 0 1 1898 1897 1832
3608 2 2 0 1 1832 1898 1833
3609 2 2 0 1 1899 1898 1833
3610 2 2 0 1 1833 1899 1834
3611 2 2 0 1 1835 1899 1834
3612 2 2 0 1 1899 1900 1835
3613 2 2 0 1 1901 1900 1835
3614 2 2 0 1 1835 1901 1836
3615 2 2 0 1 1902 1901 1836
3616 2 2 0 1 1836 1902 1837
3617 2 2 0 1 1838 1902 1837
3618 2 2 0 1 1902 1903 1838
3619 2 2 0 1 1839 1903 1838
3620 2 2 0 1 1903 1904 1839
3621 2 2 0 1 1840 1904 1839
3622 2 2 0 1 1904 1905 1840
3623 2 2 0 1 1841 1905 1840
3624 2 2 0 1 1905 1906 1841
3625 2 2 0 1 1907 1906 1841
3626 2 2 0 1 1841 1907 1842
3627 2 2 0 1 1908 1907 1842
3628 2 2 0 1 1842 1908 1843
3629 2 2 0 1 1909 1908 1843
3630 2 2 0 1 1843 1909 1844
3631 2 2 0 1 1910 1909 1844
3632 2 2 0 1 1844 1910 1845
3633 2 2 0 1 1846 1910 1845
3634 2 2 0 1 1910 1911 1846
3635 2 2 0 1 1912 1911 1846
3636 2 2 0 1 1846 1912 1847
3637 2 2 0 1 1913 1912 1847
3638 2 2 0 1 1847 1913 1848
3639 2 2 0 1 1914 1913 1848
3640 2 2 0 1 1848 1914 1849
3641 2 2 0 1 1915 1914 1849
3642 2 2 0 1 1849 1915 1850
3643 2 2 0 1 1851 1915 1850
3644 2 2 0 1 1915 1916 1851
3645 2 2 0 1 1852 1916 1851
3646 2 2 0 1 1916 1917 1852
3647 2 2 0 1 1853 1917 1852
3648 2 2 0 1 1917 1918 1853
3649 2 2 0 1 1919 1918 1853
3650 2 2 0 1 1853 1919 1854
3651 2 2 0 1 1855 1919 1854
3652 2 2 0 1 1919 1920 1855
3653 2 2 0 1 1921 1920 1855
3654 2 2 0 1 1855 1921 1856
3655 2 2 0 1 1922 1921 1856
3656 2 2 0 1 1856 1922 1857
3657 2 2 0 1 1858 1922 1857
3658 2 2 0 1 1922 1923 1858
3659 2 2 0 1 1924 1923 1858
3660 2 2 0 1 1858 1924 1859
3661 2 2 0 1 1860 1924 1859
3662 2 2 0 1 1924 1925 1860
3663 2 2 0 1 1926 1925 1860
3664 2 2 0 1 1860 1926 1861
3665 2 2 0 1 1862 1926 1861
3666 2 2 0 1 1926 1927 1862
3667 2 2 0 1 1928 1927 1862
3668 2 2 0 1 1862 1928 1863
3669 2 2 0 1 1864 1928 1863
3670 2 2 0 1 1928 1929 1864
3671 2 2 0 1 1930 1929 1864
3672 2 2 0 1 1864 1930 1865
3673 2 2 0 1 1931 1930 1865
3674 2 2 0 1 1865 1931 1866
3675 2 2 0 1 1867 1931 1866
3676 2 2 0 1 1931 1932 1867
3677 2 2 0 1 1933 1932 1867
3678 2 2 0 1 1867 1933 1868
3679 2 2 0 1 1934 1933 1868
3680 2 2 0 1 1868 1934 1869
3681 2 2 0 1 1870 1934 1869
3682 2 2 0 1 1934 1935 1870
3683 2 2 0 1 1871 1935 1870
3684 2 2 0 1 1935 1936 1871
3685 2 2 0 1 1937 1936 1871
3686 2 2 0 1 1871 1937 1872
3687 2 2 0 1 1938 1937 1872
3688 2 2 0 1 1872 1938 1873
3689 2 2 0 1 1874 1938 1873
3690 2 2 0 1 1938 1939 1874
3691 2 2 0 1 1940 1939 1874
3692 2 2 0 1 1874 1940 1875
3693 2 2 0 1 1941 1940 1875
3694 2 2 0 1 1875 1941 1876
3695 2 2 0 1 1942 1941 1876
3696 2 2 0 1 1876 1942 1877
3697 2 2 0 1 1878 1942 1877
3698 2 2 0 1 1942 1943 1878
3699 2 2 0 1 1879 1943 1878
3700 2 2 0 1 1943 1944 1879
3701 2 2 0 1 1945 1944 1879
3702 2 2 0 1 1879 1945 1880
3703 2 2 0 1 1946 1945 1880
3704 2 2 0 1 1880 1946 1881
3705 2 2 0 1 1947 1946 1881
3706 2 2 0 1 1881 1947 1882
3707 2 2 0 1 1883 1947 1882
3708 2 2 0 1 1947 1948 1883
3709 2 2 0 1 1884 1948 1883
3710 2 2 0 1 1948 1949 1884
3711 2 2 0 1 1885 1949 1884
3712 2 2 0 1 1949 1950 1885
3713 2 2 0 1 1951 1952 1887
3714 2 2 0 1 1887 1951 1886
3715 2 2 0 1 1953 1951 1886
3716 2 2 0 1 1886 1953 1888
3717 2 2 0 1 1954 1953 1888
3718 2 2 0 1 1888 1954 1889
3719 2 2 0 1 1955 1954 1889
3720 2 2 0 1 1889 1955 1890
3721 2 2 0 1 1956 1955 1890
3722 2 2 0 1 1890 1956 1891
3723 2 2 0 1 1957 1956 1891
3724 2 2 0 1 1891 1957 1892
3725 2 2 0 1 1958 1957 1892
3726 2 2 0 1 1892 1958 1893
3727 2 2 0 1 1959 1958 1893
3728 2 2 0 1 1893 1959 1894
3729 2 2 0 1 1960 1959 1894
3730 2 2 0 1 1894 1960 1895
3731 2 2 0 1 1896 1960 1895
3732 2 2 0 1 1960 1961 1896
3733 2 2 0 1 1962 1961 1896
3734 2 2 0 1 1896 1962 1897
3735 2 2 0 1 1963 1962 1897
3736 2 2 0 1 1897 1963 1898
3737 2 2 0 1 1964 1963 1898
3738 2 2 0 1 1898 1964 1899
3739 2 2 0 1 1900 1964 1899
3740 2 2 0 1 1964 1965 1900
3741 2 2 0 1 1901 1965 1900
3742 2 2 0 1 1965 1966 1901
3743 2 2 0 1 1967 1966 1901
3744 2 2 0 1 1901 1967 1902
3745 2 2 0 1 1903 1967 1902
3746 2 2 0 1 1967 1968 1903
3747 2 2 0 1 1904 1968 1903
3748 2 2 0 1 1968 1969 1904
3749 2 2 0 1 1905 1969 1904
3750 2 2 0 1 1969 1970 1905
3751 2 2 0 1 1906 1970 1905
3752 2 2 0 1 1970 1971 1906
3753 2 2 0 1 1972 1971 1906
3754 2 2 0 1 1906 1972 1907
3755 2 2 0 1 1908 1972 1907
3756 2 2 0 1 1972 1973 1908
3757 2 2 0 1 1909 1973 1908
3758 2 2 0 1 1973 1974 1909
3759 2 2 0 1 1975 1974 1909
3760 2 2 0 1 1909 1975 1910
3761 2 2 0 1 1911 1975 1910
3762 2 2 0 1 1975 1976 1911
3763 2 2 0 1 1912 1976 1911
3764 2 2 0 1 1976 1977 1912
3765 2 2 0 1 1913 1977 1912
3766 2 2 0 1 1977 1978 1913
3767 2 2 0 1 1914 1978 1913
3768 2 2 0 1 1978 1979 1914
3769 2 2 0 1 1980 1979 1914
3770 2 2 0 1 1914 1980 1915
3771 2 2 0 1 1916 1980 1915
3772 2 2 0 1 1980 1981 1916
3773 2 2 0 1 1917 1981 1916
3774 2 2 0 1 1981 1982 1917
3775 2 2 0 1 1918 1982 1917
3776 2 2 0 1 1982 1983 1918
3777 2 2 0 1 1984 1983 1918
3778 2 2 0 1 1918 1984 1919
3779 2 2 0 1 1920 1984 1919
3780 2 2 0 1 1984 1985 1920
3781 2 2 0 1 1986 1985 1920
3782 2 2 0 1 1920 1986 1921
3783 2 2 0 1 1922 1986 1921
3784 2 2 0 1 1986 1987 1922
3785 2 2 0 1 1923 1987 1922
3786 2 2 0 1 1987 1988 1923
3787 2 2 0 1 1924 1988 1923
3788 2 2 0 1 1988 1989 1924
3789 2 2 0 1 1925 1989 1924
3790 2 2 0 1 1989 1990 1925
3791 2 2 0 1 1991 1990 1925
3792 2 2 0 1 1925 1991 1926
3793 2 2 0 1 1927 1991 1926
3794 2 2 0 1 1991 1992 1927
3795 2 2 0 1 1993 1992 1927
3796 2 2 0 1 1927 1993 1928
3797 2 2 0 1 1929 1993 1928
3798 2 2 0 1 1993 1994 1929
3799 2 2 0 1 1930 1994 1929
3800 2 2 0 1 1994 1995 1930
3801 2 2 0 1 1996 1995 1930
3802 2 2 0 1 1930 1996 1931
3803 2 2 0 1 1932 1996 1931
3804 2 2 0 1 1996 1997 1932
3805 2 2 0 1 1998 1997 1932
3806 2 2 0 1 1932 1998 1933
3807 2 2 0 1 1999 1998 1933
3808 2 2 0 1 1933 1999 1934
3809 2 2 0 1 1935 1999 1934
3810 2 2 0 1 1999 2000 1935
3811 2 2 0 1 1936 2000 1935
3812 2 2 0 1 2000 2001 1936
3813 2 2 0 1 2002 2001 1936
3814 2 2 0 1 1936 2002 1937
3815 2 2 0 1 1938 2002 1937
3816 2 2 0 1 2002 2003 1938
3817 2 2 0 1 1939 2003 1938
3818 2 2 0 1 2003 2004 1939
3819 2 2 0 1 2005 2004 1939
3820 2 2 0 1 1939 2005 1940
3821 2 2 0 1 2006 2005 1940
3822 2 2 0 1 1940 2006 1941
3823 2 2 0 1 2007 2006 1941
3824 2 2 0 1 1941 2007 1942
3825 2 2 0 1 1943 2007 1942
3826 2 2 0 1 2007 2008 1943
3827 2 2 0 1 1944 2008 1943
3828 2 2 0 1 2008 2009 1944
3829 2 2 0 1 2010 2009 1944
3830 2 2 0 1 1944 2010 1945
3831 2 2 0 1 2011 2010 1945
3832 2 2 0 1 1945 2011 1946
3833 2 2 0 1 1947 2011 1946
3834 2 2 0 1 2011 2012 1947
3835 2 2 0 1 1948 2012 1947
3836 2 2 0 1 2012 2013 1948
3837 2 2 0 1 1949 2013 1948
3838 2 2 0 1 2013 2014 1949
3839 2 2 0 1 1950 2014 1949
3840 2 2 0 1 2014 2015 1950
3841 2 2 0 1 2016 2017 1952
3842 2 2 0 1 1952 2016 1951
3843 2 2 0 1 2018 2016 1951
3844 2 2 0 1 1951 2018 1953
3845 2 2 0 1 2019 2018 1953
3846 2 2 0 1 1953 2019 1954
3847 2 2 0 1 2020 2019 1954
3848 2 2 0 1 1954 2020 1955
3849 2 2 0 1 2021 2020 1955
3850 2 2 0 1 1955 2021 1956
3851 2 2 0 1 2022 2021 1956
3852 2 2 0 1 1956 2022 1957
3853 2 2 0 1 2023 2022 1957
3854 2 2 0 1 1957 2023 1958
3855 2 2 0 1 2024 2023 1958
3856 2 2 0 1 1958 2024 1959
3857 2 2 0 1 2025 2024 1959
3858 2 2 0 1 1959 2025 1960
3859 2 2 0 1 1961 2025 1960
3860 2 2 0 1 2025 2026 1961
3861 2 2 0 1 2027 2026 1961
3862 2 2 0 1 1961 2027 1962
3863 2 2 0 1 2028 2027 1962
3864 2 2 0 1 1962 2028 1963
3865 2 2 0 1 1964 2028 1963
3866 2 2 0 1 2028 2029 1964
3867 2 2 0 1 1965 2029 1964
3868 2 2 0 1 2029 2030 1965
3869 2 2 0 1 1966 2030 1965
3870 2 2 0 1 2030 2031 1966
3871 2 2 0 1 2032 2031 1966
3872 2 2 0 1 1966 2032 1967
3873 2 2 0 1 1968 2032 1967
3874 2 2 0 1 2032 2033 1968
3875 2 2 0 1 1969 2033 1968
3876 2 2 0 1 2033 2034 1969
3877 2 2 0 1 1970 2034 1969
3878 2 2 0 1 2034 2035 1970
3879 2 2 0 1 1971 2035 1970
3880 2 2 0 1 2035 2036 1971
3881 2 2 0 1 1972 2036 1971
3882 2 2 0 1 2036 2037 1972
3883 2 2 0 1 1973 2037 1972
3884 2 2 0 1 2037 2038 1973
3885 2 2 0 1 1974 2038 1973
3886 2 2 0 1 2038 2039 1974
3887 2 2 0 1 2040 2039 1974
3888 2 2 0 1 1974 2040 1975
3889 2 2 0 1 1976 2040 1975
3890 2 2 0 1 2040 2041 1976
3891 2 2 0 1 1977 2041 1976
3892 2 2 0 1 2041 2042 1977
3893 2 2 0 1 1978 2042 1977
3894 2 2 0 1 2042 2043 1978
3895 2 2 0 1 1979 2043 1978
3896 2 2 0 1 2043 2044 1979
3897 2 2 0 1 1980 2044 1979
3898 2 2 0 1 2044 2045 1980
3899 2 2 0 1 1981 2045 1980
3900 2 2 0 1 2045 2046 1981
3901 2 2 0 1 1982 2046 1981
3902 2 2 0 1 2046 2047 1982
3903 2 2 0 1 1983 2047 1982
3904 2 2 0 1 2047 2048 1983
3905 2 2 0 1 1984 2048 1983
3906 2 2 0 1 2048 2049 1984
3907 2 2 0 1 1985 2049 1984
3908 2 2 0 1 2049 2050 1985
3909 2 2 0 1 2051 2050 1985
3910 2 2 0 1 1985 2051 1986
3911 2 2 0 1 1987 2051 1986
3912 2 2 0 1 2051 2052 1987
3913 2 2 0 1 1988 2052 1987
3914 2 2 0 1 2052 2053 1988
3915 2 2 0 1 1989 2053 1988
3916 2 2 0 1 2053 2054 1989
3917 2 2 0 1 1990 2054 1989
3918 2 2 0 1 2054 2055 1990
3919 2 2 0 1 2056 2055 1990
3920 2 2 0 1 1990 2056 1991
3921 2 2 0 1 1992 2056 1991
3922 2 2 0 1 2056 2057 1992
3923 2 2 0 1 1993 2057 1992
3924 2 2 0 1 2057 2058 1993
3925 2 2 0 1 1994 2058 1993
3926 2 2 0 1 2058 2059 1994
3927 2 2 0 1 1995 2059 1994
3928 2 2 0 1 2059 2060 1995
3929 2 2 0 1 1996 2060 1995
3930 2 2 0 1 2060 2061 1996
3931 2 2 0 1 1997 2061 1996
3932 2 2 0 1 2061 2062 1997
3933 2 2 0 1 2063 2062 1997
3934 2 2 0 1 1997 2063 1998
3935 2 2 0 1 2064 2063 1998
3936 2 2 0 1 1998 2064 1999
3937 2 2 0 1 2000 2064 1999
3938 2 2 0 1 2064 2065 2000
3939 2 2 0 1 2001 2065 2000
3940 2 2 0 1 2065 2066 2001
3941 2 2 0 1 2002 2066 2001
3942 2 2 0 1 2066 2067 2002
3943 2 2 0 1 2003 2067 2002
3944 2 2 0 1 2067 2068 2003
3945 2 2 0 1 2004 2068 2003
3946 2 2 0 1 2068 2069 2004
3947 2 2 0 1 2070 2069 2004
3948 2 2 0 1 2004 2070 2005
3949 2 2 0 1 2071 2070 2005
3950 2 2 0 1 2005 2071 2006
3951 2 2 0 1 2072 2071 2006
3952 2 2 0 1 2006 2072 2007
3953 2 2 0 1 2008 2072 2007
3954 2 2 0 1 2072 2073 2008
3955 2 2 0 1 2009 2073 2008
3956 2 2 0 1 2073 2074 2009
3957 2 2 0 1 2010 2074 2009
3958 2 2 0 1 2074 2075 2010
3959 2 2 0 1 2076 2075 2010
3960 2 2 0 1 2010 2076 2011
3961 2 2 0 1 2012 2076 2011
3962 2 2 0 1 2076 2077 2012
3963 2 2 0 1 2013 2077 2012
3964 2 2 0 1 2077 2078 2013
3965 2 2 0 1 2014 2078 2013
3966 2 2 0 1 2078 2079 2014
3967 2 2 0 1 2015 2079 2014
3968 2 2 0 1 2079 2080 2015
3969 2 2 0 1 2081 2082 2017
3970 2 2 0 1 2017 2081 2016
3971 2 2 0 1 2083 2081 2016
3972 2 2 0 1 2016 2083 2018
3973 2 2 0 1 2084 2083 2018
3974 2 2 0 1 2018 2084 2019
3975 2 2 0 1 2085 2084 2019
3976 2 2 0 1 2019 2085 2020
3977 2 2 0 1 2086 2085 2020
3978 2 2 0 1 2020 2086 2021
3979 2 2 0 1 2087 2086 2021
3980 2 2 0 1 2021 2087 2022
3981 2 2 0 1 2088 2087 2022
3982 2 2 0 1 2022 2088 2023
3983 2 2 0 1 2089 2088 2023
3984 2 2 0 1 2023 2089 2024
3985 2 2 0 1 2090 2089 2024
3986 2 2 0 1 2024 2090 2025
3987 2 2 0 1 2026 2090 2025
3988 2 2 0 1 2090 2091 2026
3989 2 2 0 1 2092 2091 2026
3990 2 2 0 1 2026 2092 2027
3991 2 2 0 1 2093 2092 2027
3992 2 2 0 1 2027 2093 2028
3993 2 2 0 1 2029 2093 2028
3994 2 2 0 1 2093 2094 2029
3995 2 2 0 1 2030 2094 2029
3996 2 2 0 1 2094 2095 2030
3997 2 2 0 1 2031 2095 2030
3998 2 2 0 1 2095 2096 2031
3999 2 2 0 1 2032 2096 2031
4000 2 2 0 1 2096 2097 2032
4001 2 2 0 1 2033 2097 2032
4002 2 2 0 1 2097 2098 2033
4003 2 2 0 1 2034 2098 2033
4004 2 2 0 1 2098 2099 2034
4005 2 2 0 1 2035 2099 2034
4006 2 2 0 1 2099 2100 2035
4007 2 2 0 1 2036 2100 2035
4008 2 2 0 1 2100 2101 2036
4009 2 2 0 1 2037 2101 2036
4010 2 2 0 1 2101 2102 2037
4011 2 2 0 1 2038 2102 2037
4012 2 2 0 1 2102 2103 2038
4013 2 2 0 1 2039 2103 2038
4014 2 2 0 1 2103 2104 2039
4015 2 2 0 1 2040 2104 2039
4016 2 2 0 1 2104 2105 2040
4017 2 2 0 1 2041 2105 2040
4018 2 2 0 1 2105 2106 2041
4019 2 2 0 1 2042 2106 2041
4020 2 2 0 1 2106 2107 2042
4021 2 2 0 1 2043 2107 2042
4022 2 2 0 1 2107 2108 2043
4023 2 2 0 1 2044 2108 2043
4024 2 2 0 1 2108 2109 2044
4025 2 2 0 1 2045 2109 2044
4026 2 2 0 1 2109 2110 2045
4027 2 2 0 1 2046 2110 2045
4028 2 2 0 1 2110 2111 2046
4029 2 2 0 1 2047 2111 2046
4030 2 2 0 1 2111 2112 2047
4031 2 2 0 1 2048 2112 2047
4032 2 2 0 1 2112 2113 2048
4033 2 2 0 1 2049 2113 2048
4034 2 2 0 1 2113 2114 2049
4035 2 2 0 1 2050 2114 2049
4036 2 2 0 1 2114 2115 2050
4037 2 2 0 1 2051 2115 2050
4038 2 2 0 1 2115 2116 2051
4039 2 2 0 1 2052 2116 2051
4040 2 2 0 1 2116 2117 2052
4041 2 2 0 1 2053 2117 2052
4042 2 2 0 1 2117 2118 2053
4043 2 2 0 1 2054 2118 2053
4044 2 2 0 1 2118 2119 2054
4045 2 2 0 1 2055 2119 2054
4046 2 2 0 1 2119 2120 2055
4047 2 2 0 1 2056 2120 2055
4048 2 2 0 1 2120 2121 2056
4049 2 2 0 1 2057 2121 2056
4050 2 2 0 1 2121 2122 2057
4051 2 2 0 1 2058 2122 2057
4052 2 2 0 1 2122 2123 2058
4053 2 2 0 1 2059 2123 2058
4054 2 2 0 1 2123 2124 2059
4055 2 2 0 1 2060 2124 2059
4056 2 2 0 1 2124 2125 2060
4057 2 2 0 1 2061 2125 2060
4058 2 2 0 1 2125 2126 2061
4059 2 2 0 1 2062 2126 2061
4060 2 2 0 1 2126 2127 2062
4061 2 2 0 1 2128 2127 2062
4062 2 2 0 1 2062 2128 2063
4063 2 2 0 1 2064 2128 2063
4064 2 2 0 1 2128 2129 2064
4065 2 2 0 1 2065 2129 2064
4066 2 2 0 1 2129 2130 2065
4067 2 2 0 1 2066 2130 2065
4068 2 2 0 1 2130 2131 2066
4069 2 2 0 1 2067 2131 2066
4070 2 2 0 1 2131 2132 2067
4071 2 2 0 1 2068 2132 2067
4072 2 2 0 1 2132 2133 2068
4073 2 2 0 1 2069 2133 2068
4074 2 2 0 1 2133 2134 2069
4075 2 2 0 1 2070 2134 2069
4076 2 2 0 1 2134 2135 2070
4077 2 2 0 1 2071 2135 2070
4078 2 2 0 1 2135 2136 2071
4079 2 2 0 1 2137 2136 2071
4080 2 2 0 1 2071 2137 2072
4081 2 2 0 1 2073 2137 2072
4082 2 2 0 1 2137 2138 2073
4083 2 2 0 1 2074 2138 2073
4084 2 2 0 1 2138 2139 2074
4085 2 2 0 1 2075 2139 2074
4086 2 2 0 1 2139 2140 2075
4087 2 2 0 1 2076 2140 2075
4088 2 2 0 1 2140 2141 2076
4089 2 2 0 1 2077 2141 2076
4090 2 2 0 1 2141 2142 2077
4091 2 2 0 1 2078 2142 2077
4092 2 2 0 1 2142 2143 2078
4093 2 2 0 1 2079 2143 2078
4094 2 2 0 1 2143 2144 2079
4095 2 2 0 1 2080 2144 2079
4096 2 2 0 1 2144 2145 2080
4097 2 2 0 1 2146 2147 2082
4098 2 2 0 1 2082 2146 2081
4099 2 2 0 1 2148 2146 2081
4100 2 2 0 1 2081 2148 2083
4101 2 2 0 1 2149 2148 2083
4102 2 2 0 1 2083 2149 2084
4103 2 2 0 1 2150 2149 2084
4104 2 2 0 1 2084 2150 2085
4105 2 2 0 1 2151 2150 2085
4106 2 2 0 1 2085 2151 2086
4107 2 2 0 1 2152 2151 2086
4108 2 2 0 1 2086 2152 2087
4109 2 2 0 1 2153 2152 2087
4110 2 2 0 1 2087 2153 2088
4111 2 2 0 1 2154 2153 2088
4112 2 2 0 1 2088 2154 2089
4113 2 2 0 1 2155 2154 2089
4114 2 2 0 1 2089 2155 2090
4115 2 2 0 1 2091 2155 2090
4116 2 2 0 1 2155 2156 2091
4117 2 2 0 1 2157 2156 2091
4118 2 2 0 1 2091 2157 2092
4119 2 2 0 1 2093 2157 2092
4120 2 2 0 1 2157 2158 2093
4121 2 2 0 1 2094 2158 2093
4122 2 2 0 1 2158 2159 2094
4123 2 2 0 1 2095 2159 2094
4124 2 2 0 1 2159 2160 2095
4125 2 2 0 1 2096 2160 2095
4126 2 2 0 1 2160 2161 2096
4127 2 2 0 1 2097 2161 2096
4128 2 2 0 1 2161 2162 2097
4129 2 2 0 1 2098 2162 2097
4130 2 2 0 1 2162 2163 2098
4131 2 2 0 1 2099 2163 2098
4132 2 2 0 1 2163 2164 2099
4133 2 2 0 1 2100 2164 2099
4134 2 2 0 1 2164 2165 2100
4135 2 2 0 1 2101 2165 2100
4136 2 2 0 1 2165 2166 2101
4137 2 2 0 1 2102 2166 2101
4138 2 2 0 1 2166 2167 2102
4139 2 2 0 1 2103 2167 2102
4140 2 2 0 1 2167 2168 2103
4141 2 2 0 1 2104 2168 2103
4142 2 2 0 1 2168 2169 2104
4143 2 2 0 1 2105 2169 2104
4144 2 2 0 1 2169 2170 2105
4145 2 2 0 1 2106 2170 2105
4146 2 2 0 1 2170 2171 2106
4147 2 2 0 1 2107 2171 2106
4148 2 2 0 1 2171 2172 2107
4149 2 2 0 1 2108 2172 2107
4150 2 2 0 1 2172 2173 2108
4151 2 2 0 1 2109 2173 2108
4152 2 2 0 1 2173 2174 2109
4153 2 2 0 1 2110 2174 2109
4154 2 2 0 1 2174 2175 2110
4155 2 2 0 1 2111 2175 2110
4156 2 2 0 1 2175 2176 2111
4157 2 2 0 1 2112 2176 2111
4158 2 2 0 1 2176 2177 2112
4159 2 2 0 1 2113 2177 2112
4160 2 2 0 1 2177 2178 2113
4161 2 2 0 1 2114 2178 2113
4162 2 2 0 1 2178 2179 2114
4163 2 2 0 1 2115 2179 2114
4164 2 2 0 1 2179 2180 2115
4165 2 2 0 1 2116 2180 2115
4166 2 2 0 1 2180 2181 2116
4167 2 2 0 1 2117 2181 2116
4168 2 2 0 1 2181 2182 2117
4169 2 2 0 1 2118 2182 2117
4170 2 2 0 1 2182 2183 2118
4171 2 2 0 1 2119 2183 2118
4172 2 2 0 1 2183 2184 2119
4173 2 2 0 1 2120 2184 2119
4174 2 2 0 1 2184 2185 2120
4175 2 2 0 1 2121 2185 2120
4176 2 2 0 1 2185 2186 2121
4177 2 2 0 1 2122 2186 2121
4178 2 2 0 1 2186 2187 2122
4179 2 2 0 1 2123 2187 2122
4180 2 2 0 1 2187 2188 2123
4181 2 2 0 1 2124 2188 2123
4182 2 2 0 1 2188 2189 2124
4183 2 2 0 1 2125 2189 2124
4184 2 2 0 1 2189 2190 2125
4185 2 2 0 1 2126 2190 2125
4186 2 2 0 1 2190 2191 2126
4187 2 2 0 1 2127 2191 2126
4188 2 2 0 1 2191 2192 2127
4189 2 2 0 1 2128 2192 2127
4190 2 2 0 1 2192 2193 2128
4191 2 2 0 1 2129 2193 2128
4192 2 2 0 1 2193 2194 2129
4193 2 2 0 1 2130 2194 2129
4194 2 2 0 1 2194 2195 2130
4195 2 2 0 1 2131 2195 2130
4196 2 2 0 1 2195 2196 2131
4197 2 2 0 1 2132 2196 2131
4198 2 2 0 1 2196 2197 2132
4199 2 2 0 1 2133 2197 2132
4200 2 2 0 1 2197 2198 2133
4201 2 2 0 1 2134 2198 2133
4202 2 2 0 1 2198 2199 2134
4203 2 2 0 1 2135 2199 2134
4204 2 2 0 1 2199 2200 2135
4205 2 2 0 1 2136 2200 2135
4206 2 2 0 1 2200 2201 2136
4207 2 2 0 1 2137 2201 2136
4208 2 2 0 1 2201 2202 2137
4209 2 2 0 1 2138 2202 2137
4210 2 2 0 1 2202 2203 2138
4211 2 2 0 1 2139 2203 2138
4212 2 2 0 1 2203 2204 2139
4213 2 2 0 1 2140 2204 2139
4214 2 2 0 1 2204 2205 2140
4215 2 2 0 1 2141 2205 2140
4216 2 2 0 1 2205 2206 2141
4217 2 2 0 1 2142 2206 2141
4218 2 2 0 1 2206 2207 2142
4219 2 2 0 1 2143 2207 2142
4220 2 2 0 1 2207 2208 2143
4221 2 2 0 1 2144 2208 2143
4222 2 2 0 1 2208 2209 2144
4223 2 2 0 1 2145 2209 2144
4224 2 2 0 1 2209 2210 2145
4225 2 2 0 1 2211 2212 2147
4226 2 2 0 1 2147 2211 2146
4227 2 2 0 1 2213 2211 2146
4228 2 2 0 1 2146 2213 2148
4229 2 2 0 1 2214 2213 2148
4230 2 2 0 1 2148 2214 2149
4231 2 2 0 1 2215 2214 2149
4232 2 2 0 1 2149 2215 2150
4233 2 2 0 1 2216 2215 2150
4234 2 2 0 1 2150 2216 2151
4235 2 2 0 1 2217 2216 2151
4236 2 2 0 1 2151 2217 2152
4237 2 2 0 1 2218 2217 2152
4238 2 2 0 1 2152 2218 2153
4239 2 2 0 1 2219 2218 2153
4240 2 2 0 1 2153 2219 2154
4241 2 2 0 1 2220 2219 2154
4242 2 2 0 1 2154 2220 2155
4243 2 2 0 1 2156 2220 2155
4244 2 2 0 1 2220 2221 2156
4245 2 2 0 1 2222 2221 2156
4246 2 2 0 1 2156 2222 2157
4247 2 2 0 1 2158 2222 2157
4248 2 2 0 1 2222 2223 2158
4249 2 2 0 1 2159 2223 2158
4250 2 2 0 1 2223 2224 2159
4251 2 2 0 1 2160 2224 2159
4252 2 2 0 1 2224 2225 2160
4253 2 2 0 1 2161 2225 2160
4254 2 2 0 1 2225 2226 2161
4255 2 2 0 1 2162 2226 2161
4256 2 2 0 1 2226 2227 2162
4257 2 2 0 1 2163 2227 2162
4258 2 2 0 1 2227 2228 2163
4259 2 2 0 1 2164 2228 2163
4260 2 2 0 1 2228 2229 2164
4261 2 2 0 1 2165 2229 2164
4262 2 2 0 1 2229 2230 2165
4263 2 2 0 1 2166 2230 2165
4264 2 2 0 1 2230 2231 2166
4265 2 2 0 1 2167 2231 2166
4266 2 2 0 1 2231 2232 2167
4267 2 2 0 1 2168 2232 2167
4268 2 2 0 1 2232 2233 2168
4269 2 2 0 1 2169 2233 2168
4270 2 2 0 1 2233 2234 2169
4271 2 2 0 1 2170 2234 2169
4272 2 2 0 1 2234 2235 2170
4273 2 2 0 1 2171 2235 2170
4274 2 2 0 1 2235 2236 2171
4275 2 2 0 1 2172 2236 2171
4276 2 2 0 1 2236 2237 2172
4277 2 2 0 1 2173 2237 2172
4278 2 2 0 1 2237 2238 2173
4279 2 2 0 1 2174 2238 2173
4280 2 2 0 1 2238 2239 2174
4281 2 2 0 1 2175 2239 2174
4282 2 2 0 1 2239 2240 2175
4283 2 2 0 1 2176 2240 2175
4284 2 2 0 1 2240 2241 2176
4285 2 2 0 1 2177 2241 2176
4286 2 2 0 1 2241 2242 2177
4287 2 2 0 1 2178 2242 2177
4288 2 2 0 1 2242 2243 2178
4289 2 2 0 1 2179 2243 2178
4290 2 2 0 1 2243 2244 2179
4291 2 2 0 1 2180 2244 2179
4292 2 2 0 1 2244 2245 2180
4293 2 2 0 1 2181 2245 2180
4294 2 2 0 1 2245 2246 2181
4295 2 2 0 1 2182 2246 2181
4296 2 2 0 1 2246 2247 2182
4297 2 2 0 1 2183 2247 2182
4298 2 2 0 1 2247 2248 2183
4299 2 2 0 1 2184 2248 2183
4300 2 2 0 1 2248 2249 2184
4301 2 2 0 1 2185 2249 2184
4302 2 2 0 1 2249 2250 2185
4303 2 2 0 1 2186 2250 2185
4304 2 2 0 1 2250 2251 2186
4305 2 2 0 1 2187 2251 2186
4306 2 2 0 1 2251 2252 2187
4307 2 2 0 1 2188 2252 2187
4308 2 2 0 1 2252 2253 2188
4309 2 2 0 1 2189 2253 2188
4310 2 2 0 1 2253 2254 2189
4311 2 2 0 1 2190 2254 2189
4312 2 2 0 1 2254 2255 2190
4313 2 2 0 1 2191 2255 2190
4314 2 2 0 1 2255 2256 2191
4315 2 2 0 1 2192 2256 2191
4316 2 2 0 1 2256 2257 2192
4317 2 2 0 1 2193 2257 2192
4318 2 2 0 1 2257 2258 2193
4319 2 2 0 1 2194 2258 2193
4320 2 2 0 1 2258 2259 2194
4321 2 2 0 1 2195 2259 2194
4322 2 2 0 1 2259 2260 2195
4323 2 2 0 1 2196 2260 2195
4324 2 2 0 1 2260 2261 2196
4325 2 2 0 1 2197 2261 2196
4326 2 2 0 1 2261 2262 2197
4327 2 2 0 1 2198 2262 2197
4328 2 2 0 1 2262 2263 2198
4329 2 2 0 1 2199 2263 2198
4330 2 2 0 1 2263 2264 2199
4331 2 2 0 1 2200 2264 2199
4332 2 2 0 1 2264 2265 2200
4333 2 2 0 1 2201 2265 2200
4334 2 2 0 1 2265 2266 2201
4335 2 2 0 1 2202 2266 2201
4336 2 2 0 1 2266 2267 2202
4337 2 2 0 1 2203 2267 2202
4338 2 2 0 1 2267 2268 2203
4339 2 2 0 1 2204 2268 2203
4340 2 2 0 1 2268 2269 2204
4341 2 2 0 1 2205 2269 2204
4342 2 2 0 1 2269 2270 2205
4343 2 2 0 1 2206 2270 2205
4344 2 2 0 1 2270 2271 2206
4345 2 2 0 1 2207 2271 2206
4346 2 2 0 1 2271 2272 2207
4347 2 2 0 1 2208 2272 2207
4348 2 2 0 1 2272 2273 2208
4349 2 2 0 1 2209 2273 2208
4350 2 2 0 1 2273 2274 2209
4351 2 2 0 1 2210 2274 2209
4352 2 2 0 1 2274 2275 2210
4353 2 2 0 1 2276 2277 2212
4354 2 2 0 1 2212 2276 2211
4355 2 2 0 1 2278 2276 2211
4356 2 2 0 1 2211 2278 2213
4357 2 2 0 1 2279 2278 2213
4358 2 2 0 1 2213 2279 2214
4359 2 2 0 1 2280 2279 2214
4360 2 2 0 1 2214 2280 2215
4361 2 2 0 1 2281 2280 2215
4362 2 2 0 1 2215 2281 2216
4363 2 2 0 1 2282 2281 2216
4364 2 2 0 1 2216 2282 2217
4365 2 2 0 1 2283 2282 2217
4366 2 2 0 1 2217 2283 2218
4367 2 2 0 1 2284 2283 2218
4368 2 2 0 1 2218 2284 2219
4369 2 2 0 1 2220 2284 2219
4370 2 2 0 1 2284 2285 2220
4371 2 2 0 1 2221 2285 2220
4372 2 2 0 1 2285 2286 2221
4373 2 2 0 1 2222 2286 2221
4374 2 2 0 1 2286 2287 2222
4375 2 2 0 1 2223 2287 2222
4376 2 2 0 1 2287 2288 2223
4377 2 2 0 1 2224 2288 2223
4378 2 2 0 1 2288 2289 2224
4379 2 2 0 1 2225 2289 2224
4380 2 2 0 1 2289 2290 2225
4381 2 2 0 1 2226 2290 2225
4382 2 2 0 1 2290 2291 2226
4383 2 2 0 1 2227 2291 2226
4384 2 2 0 1 2291 2292 2227
4385 2 2 0 1 2228 2292 2227
4386 2 2 0 1 2292 2293 2228
4387 2 2 0 1 2229 2293 2228
4388 2 2 0 1 2293 2294 2229
4389 2 2 0 1 2230 2294 2229
4390 2 2 0 1 2294 2295 2230
4391 2 2 0 1 2231 2295 2230
4392 2 2 0 1 2295 2296 2231
4393 2 2 0 1 2232 2296 2231
4394 2 2 0 1 2296 2297 2232
4395 2 2 0 1 2233 2297 2232
4396 2 2 0 1 2297 2298 2233
4397 2 2 0 1 2234 2298 2233
4398 2 2 0 1 2298 2299 2234
4399 2 2 0 1 2235 2299 2234
4400 2 2 0 1 2299 2300 2235
4401 2 2 0 1 2236 2300 2235
4402 2 2 0 1 2300 2301 2236
4403 2 2 0 1 2237 2301 2236
4404 2 2 0 1 2301 2302 2237
4405 2 2 0 1 2238 2302 2237
4406 2 2 0 1 2302 2303 2238
4407 2 2 0 1 2239 2303 2238
4408 2 2 0 1 2303 2304 2239
4409 2 2 0 1 2240 2304 2239
4410 2 2 0 1 2304 2305 2240
4411 2 2 0 1 2241 2305 2240
4412 2 2 0 1 2305 2306 2241
4413 2 2 0 1 2242 2306 2241
4414 2 2 0 1 2306 2307 2242
4415 2 2 0 1 2243 2307 2242
4416 2 2 0 1 2307 2308 2243
4417 2 2 0 1 2244 2308 2243
4418 2 2 0 1 2308 2309 2244
4419 2 2 0 1 2245 2309 2244
4420 2 2 0 1 2309 2310 2245
4421 2 2 0 1 2246 2310 2245
4422 2 2 0 1 2310 2311 2246
4423 2 2 0 1 2247 2311 2246
4424 2 2 0 1 2311 2312 2247
4425 2 2 0 1 2248 2312 2247
4426 2 2 0 1 2312 2313 2248
4427 2 2 0 1 2249 2313 2248
4428 2 2 0 1 2313 2314 2249
4429 2 2 0 1 2250 2314 2249
4430 2 2 0 1 2314 2315 2250
4431 2 2 0 1 2251 2315 2250
4432 2 2 0 1 2315 2316 2251
4433 2 2 0 1 2252 2316 2251
4434 2 2 0 1 2316 2317 2252
4435 2 2 0 1 2253 2317 2252
4436 2 2 0 1 2317 2318 2253
4437 2 2 0 1 2254 2318 2253
4438 2 2 0 1 2318 2319 2254
4439 2 2 0 1 2255 2319 2254
4440 2 2 0 1 2319 2320 2255
4441 2 2 0 1 2256 2320 2255
4442 2 2 0 1 2320 2321 2256
4443 2 2 0 1 2257 2321 2256
4444 2 2 0 1 2321 2322 2257
4445 2 2 0 1 2258 2322 2257
4446 2 2 0 1 2322 2323 2258
4447 2 2 0 1 2259 2323 2258
4448 2 2 0 1 2323 2324 2259
4449 2 2 0 1 2260 2324 2259
4450 2 2 0 1 2324 2325 2260
4451 2 2 0 1 2261 2325 2260
4452 2 2 0 1 2325 2326 2261
4453 2 2 0 1 2262 2326 2261
4454 2 2 0 1 2326 2327 2262
4455 2 2 0 1 2263 2327 2262
4456 2 2 0 1 2327 2328 2263
4457 2 2 0 1 2264 2328 2263
4458 2 2 0 1 2328 2329 2264
4459 2 2 0 1 2265 2329 2264
4460 2 2 0 1 2329 2330 2265
4461 2 2 0 1 2266 2330 2265
4462 2 2 0 1 2330 2331 2266
4463 2 2 0 1 2267 2331 2266
4464 2 2 0 1 2331 2332 2267
4465 2 2 0 1 2268 2332 2267
4466 2 2 0 1 2332 2333 2268
4467 2 2 0 1 2269 2333 2268
4468 2 2 0 1 2333 2334 2269
4469 2 2 0 1 2270 2334 2269
4470 2 2 0 1 2334 2335 2270
4471 2 2 0 1 2271 2335 2270
4472 2 2 0 1 2335 2336 2271
4473 2 2 0 1 2272 2336 2271
4474 2 2 0 1 2336 2337 2272
4475 2 2 0 1 2273 2337 2272
4476 2 2 0 1 2337 2338 2273
4477 2 2 0 1 2274 2338 2273
4478 2 2 0 1 2338 2339 2274
4479 2 2 0 1 2275 2339 2274
4480 2 2 0 1 2339 2340 2275
4481 2 2 0 1 2341 2342 2277
4482 2 2 0 1 2277 2341 2276
4483 2 2 0 1 2343 2341 2276
4484 2 2 0 1 2276 2343 2278
4485 2 2 0 1 2344 2343 2278
4486 2 2 0 1 2278 2344 2279
4487 2 2 0 1 2345 2344 2279
4488 2 2 0 1 2279 2345 2280
4489 2 2 0 1 2346 2345 2280
4490 2 2 0 1 2280 2346 2281
4491 2 2 0 1 2347 2346 2281
4492 2 2 0 1 2281 2347 2282
4493 2 2 0 1 2348 2347 2282
4494 2 2 0 1 2282 2348 2283
4495 2 2 0 1 2349 2348 2283
4496 2 2 0 1 2283 2349 2284
4497 2 2 0 1 2285 2349 2284
4498 2 2 0 1 2349 2350 2285
4499 2 2 0 1 2286 2350 2285
4500 2 2 0 1 2350 2351 2286
4501 2 2 0 1 2287 2351 2286
4502 2 2 0 1 2351 2352 2287
4503 2 2 0 1 2288 2352 2287
4504 2 2 0 1 2352 2353 2288
4505 2 2 0 1 2289 2353 2288
4506 2 2 0 1 2353 2354 2289
4507 2 2 0 1 2290 2354 2289
4508 2 2 0 1 2354 2355 2290
4509 2 2 0 1 2291 2355 2290
4510 2 2 0 1 2355 2356 2291
4511 2 2 0 1 2292 2356 2291
4512 2 2 0 1 2356 2357 2292
4513 2 2 0 1 2293 2357 2292
4514 2 2 0 1 2357 2358 2293
4515 2 2 0 1 2294 2358 2293
4516 2 2 0 1 2358 2359 2294
4517 2 2 0 1 2295 2359 2294
4518 2 2 0 1 2359 2360 2295
4519 2 2 0 1 2296 2360 2295
4520 2 2 0 1 2360 2361 2296
4521 2 2 0 1 2297 2361 2296
4522 2 2 0 1 2361 2362 2297
4523 2 2 0 1 2298 2362 2297
4524 2 2 0 1 2362 2363 2298
4525 2 2 0 1 2299 2363 2298
4526 2 2 0 1 2363 2364 2299
4527 2 2 0 1 2300 2364 2299
4528 2 2 0 1 2364 2365 2300
4529 2 2 0 1 2301 2365 2300
4530 2 2 0 1 2365 2366 2301
4531 2 2 0 1 2302 2366 2301
4532 2 2 0 1 2366 2367 2302
4533 2 2 0 1 2303 2367 2302
4534 2 2 0 1 2367 2368 2303
4535 2 2 0 1 2304 2368 2303
4536 2 2 0 1 2368 2369 2304
4537 2 2 0 1 2305 2369 2304
4538 2 2 0 1 2369 2370 2305
4539 2 2 0 1 2306 2370 2305
4540 2 2 0 1 2370 2371 2306
4541 2 2 0 1 2307 2371 2306
4542 2 2 0 1 2371 2372 2307
4543 2 2 0 1 2308 2372 2307
4544 2 2 0 1 2372 2373 2308
4545 2 2 0 1 2309 2373 2308
4546 2 2 0 1 2373 2374 2309
4547 2 2 0 1 2310 2374 2309
4548 2 2 0 1 2374 2375 2310
4549 2 2 0 1 2311 2375 2310
4550 2 2 0 1 2375 2376 2311
4551 2 2 0 1 2312 2376 2311
4552 2 2 0 1 2376 2377 2312
4553 2 2 0 1 2313 2377 2312
4554 2 2 0 1 2377 2378 2313
4555 2 2 0 1 2314 2378 2313
4556 2 2 0 1 2378 2379 2314
4557 2 2 0 1 2315 2379 2314
4558 2 2 0 1 2379 2380 2315
4559 2 2 0 1 2316 2380 2315
4560 2 2 0 1 2380 2381 2316
4561 2 2 0 1 2317 2381 2316
4562 2 2 0 1 2381 2382 2317
4563 2 2 0 1 2318 2382 2317
4564 2 2 0 1 2382 2383 2318
4565 2 2 0 1 2319 2383 2318
4566 2 2 0 1 2383 2384 2319
4567 2 2 0 1 2320 2384 2319
4568 2 2 0 1 2384 2385 2320
4569 2 2 0 1 2321 2385 2320
4570 2 2 0 1 2385 2386 2321
4571 2 2 0 1 2322 2386 2321
4572 2 2 0 1 2386 2387 2322
4573 2 2 0 1 2323 2387 2322
4574 2 2 0 1 2387 2388 2323
4575 2 2 0 1 2324 2388 2323
4576 2 2 0 1 2388 2389 2324
4577 2 2 0 1 2325 2389 2324
4578 2 2 0 1 2389 2390 2325
4579 2 2 0 1 2326 2390 2325
4580 2 2 0 1 2390 2391 2326
4581 2 2 0 1 2327 2391 2326
4582 2 2 0 1 2391 2392 2327
4583 2 2 0 1 2328 2392 2327
4584 2 2 0 1 2392 2393 2328
4585 2 2 0 1 2329 2393 2328
4586 2 2 0 1 2393 2394 2329
4587 2 2 0 1 2330 2394 2329
4588 2 2 0 1 2394 2395 2330
4589 2 2 0 1 2331 2395 2330
4590 2 2 0 1 2395 2396 2331
4591 2 2 0 1 2332 2396 2331
4592 2 2 0 1 2396 2397 2332
4593 2 2 0 1 2333 2397 2332
4594 2 2 0 1 2397 2398 2333
4595 2 2 0 1 2334 2398 2333
4596 2 2 0 1 2398 2399 2334
4597 2 2 0 1 2335 2399 2334
4598 2 2 0 1 2399 2400 2335
4599 2 2 0 1 2336 2400 2335
4600 2 2 0 1 2400 2401 2336
4601 2 2 0 1 2337 2401 2336
4602 2 2 0 1 2401 2402 2337
4603 2 2 0 1 2338 2402 2337
4604 2 2 0 1 2402 2403 2338
4605 2 2 0 1 2339 2403 2338
4606 2 2 0 1 2403 2404 2339
4607 2 2 0 1 2340 2404 2339
4608 2 2 0 1 2404 2405 2340
4609 2 2 0 1 2406 2407 2342
4610 2 2 0 1 2342 2406 2341
4611 2 2 0 1 2408 2406 2341
4612 2 2 0 1 2341 2408 2343
4613 2 2 0 1 2409 2408 2343
4614 2 2 0 1 2343 2409 2344
4615 2 2 0 1 2410 2409 2344
4616 2 2 0 1 2344 2410 2345
4617 2 2 0 1 2411 2410 2345
4618 2 2 0 1 2345 2411 2346
4619 2 2 0 1 2412 2411 2346
4620 2 2 0 1 2346 2412 2347
4621 2 2 0 1 2413 2412 2347
4622 2 2 0 1 2347 2413 2348
4623 2 2 0 1 2414 2413 2348
4624 2 2 0 1 2348 2414 2349
4625 2 2 0 1 2350 2414 2349
4626 2 2 0 1 2414 2415 2350
4627 2 2 0 1 2351 2415 2350
4628 2 2 0 1 2415 2416 2351
4629 2 2 0 1 2352 2416 2351
4630 2 2 0 1 2416 2417 2352
4631 2 2 0 1 2353 2417 2352
4632 2 2 0 1 2417 2418 2353
4633 2 2 0 1 2354 2418 2353
4634 2 2 0 1 2418 2419 2354
4635 2 2 0 1 2355 2419 2354
4636 2 2 0 1 2419 2420 2355
4637 2 2 0 1 2356 2420 2355
4638 2 2 0 1 2420 2421 2356
4639 2 2 0 1 2357 2421 2356
4640 2 2 0 1 2421 2422 2357
4641 2 2 0 1 2358 2422 2357
4642 2 2 0 1 2422 2423 2358
4643 2 2 0 1 2359 2423 2358
4644 2 2 0 1 2423 2424 2359
4645 2 2 0 1 2360 2424 2359
4646 2 2 0 1 2424 2425 2360
4647 2 2 0 1 2361 2425 2360
4648 2 2 0 1 2425 2426 2361
4649 2 2 0 1 2362 2426 2361
4650 2 2 0 1 2426 2427 2362
4651 2 2 0 1 2363 2427 2362
4652 2 2 0 1 2427 2428 2363
4653 2 2 0 1 2364 2428 2363
4654 2 2 0 1 2428 2429 2364
4655 2 2 0 1 2365 2429 2364
4656 2 2 0 1 2429 2430 2365
4657 2 2 0 1 2366 2430 2365
4658 2 2 0 1 2430 2431 2366
4659 2 2 0 1 2367 2431 2366
4660 2 2 0 1 2431 2432 2367
4661 2 2 0 1 2368 2432 2367
4662 2 2 0 1 2432 2433 2368
4663 2 2 0 1 2369 2433 2368
4664 2 2 0 1 2433 2434 2369
4665 2 2 0 1 2370 2434 2369
4666 2 2 0 1 2434 2435 2370
4667 2 2 0 1 2371 2435 2370
4668 2 2 0 1 2435 2436 2371
4669 2 2 0 1 2372 2436 2371
4670 2 2 0 1 2436 2437 2372
4671 2 2 0 1 2373 2437 2372
4672 2 2 0 1 2437 2438 2373
4673 2 2 0 1 2374 2438 2373
4674 2 2 0 1 2438 2439 2374
4675 2 2 0 1 2375 2439 2374
4676 2 2 0 1 2439 2440 2375
4677 2 2 0 1 2376 2440 2375
4678 2 2 0 1 2440 2441 2376
4679 2 2 0 1 2377 2441 2376
4680 2 2 0 1 2441 2442 2377
4681 2 2 0 1 2378 2442 2377
4682 2 2 0 1 2442 2443 2378
4683 2 2 0 1 2379 2443 2378
4684 2 2 0 1 2443 2444 2379
4685 2 2 0 1 2380 2444 2379
4686 2 2 0 1 2444 2445 2380
4687 2 2 0 1 2381 2445 2380
4688 2 2 0 1 2445 2446 2381
4689 2 2 0 1 2382 2446 2381
4690 2 2 0 1 2446 2447 2382
4691 2 2 0 1 2383 2447 2382
4692 2 2 0 1 2447 2448 2383
4693 2 2 0 1 2384 2448 2383
4694 2 2 0 1 2448 2449 2384
4695 2 2 0 1 2385 2449 2384
4696 2 2 0 1 2449 2450 2385
4697 2 2 0 1 2386 2450 2385
4698 2 2 0 1 2450 2451 2386
4699 2 2 0 1 2387 2451 2386
4700 2 2 0 1 2451 2452 2387
4701 2 2 0 1 2388 2452 2387
4702 2 2 0 1 2452 2453 2388
4703 2 2 0 1 2389 2453 2388
4704 2 2 0 1 2453 2454 2389
4705 2 2 0 1 2390 2454 2389
4706 2 2 0 1 2454 2455 2390
4707 2 2 0 1 2391 2455 2390
4708 2 2 0 1 2455 2456 2391
4709 2 2 0 1 2392 2456 2391
4710 2 2 0 1 2456 2457 2392
4711 2 2 0 1 2393 2457 2392
4712 2 2 0 1 2457 2458 2393
4713 2 2 0 1 2394 2458 2393
4714 2 2 0 1 2458 2459 2394
4715 2 2 0 1 2395 2459 2394
4716 2 2 0 1 2459 2460 2395
4717 2 2 0 1 2396 2460 2395
4718 2 2 0 1 2460 2461 2396
4719 2 2 0 1 2397 2461 2396
4720 2 2 0 1 2461 2462 2397
4721 2 2 0 1 2398 2462 2397
4722 2 2 0 1 2462 2463 2398
4723 2 2 0 1 2399 2463 2398
4724 2 2 0 1 2463 2464 2399
4725 2 2 0 1 2400 2464 2399
4726 2 2 0 1 2464 2465 2400
4727 2 2 0 1 2401 2465 2400
4728 2 2 0 1 2465 2466 2401
4729 2 2 0 1 2402 2466 2401
4730 2 2 0 1 2466 2467 2402
4731 2 2 0 1 2403 2467 2402
4732 2 2 0 1 2467 2468 2403
4733 2 2 0 1 2404 2468 2403
4734 2 2 0 1 2468 2469 2404
4735 2 2 0 1 2405 2469 2404
4736 2 2 0 1 2469 2470 2405
4737 2 2 0 1 2471 2472 2407
4738 2 2 0 1 2407 2471 2406
4739 2 2 0 1 2473 2471 2406
4740 2 2 0 1 2406 2473 2408
4741 2 2 0 1 2474 2473 2408
4742 2 2 0 1 2408 2474 2409
4743 2 2 0 1 2475 2474 2409
4744 2 2 0 1 2409 2475 2410
4745 2 2 0 1 2476 2475 2410
4746 2 2 0 1 2410 2476 2411
4747 2 2 0 1 2477 2476 2411
4748 2 2 0 1 2411 2477 2412
4749 2 2 0 1 2478 2477 2412
4750 2 2 0 1 2412 2478 2413
4751 2 2 0 1 2479 2478 2413
4752 2 2 0 1 2413 2479 2414
4753 2 2 0 1 2415 2479 2414
4754 2 2 0 1 2479 2480 2415
4755 2 2 0 1 2416 2480 2415
4756 2 2 0 1 2480 2481 2416
4757 2 2 0 1 2417 2481 2416
4758 2 2 0 1 2481 2482 2417
4759 2 2 0 1 2418 2482 2417
4760 2 2 0 1 2482 2483 2418
4761 2 2 0 1 2419 2483 2418
4762 2 2 0 1 2483 2484 2419
4763 2 2 0 1 2420 2484 2419
4764 2 2 0 1 2484 2485 2420
4765 2 2 0 1 2421 2485 2420
4766 2 2 0 1 2485 2486 2421
4767 2 2 0 1 2422 2486 2421
4768 2 2 0 1 2486 2487 2422
4769 2 2 0 1 2423 2487 2422
4770 2 2 0 1 2487 2488 2423
4771 2 2 0 1 2424 2488 2423
4772 2 2 0 1 2488 2489 2424
4773 2 2 0 1 2425 2489 2424
4774 2 2 0 1 2489 2490 2425
4775 2 2 0 1 2426 2490 2425
4776 2 2 0 1 2490 2491 2426
4777 2 2 0 1 2427 2491 2426
4778 2 2 0 1 2491 2492 2427
4779 2 2 0 1 2428 2492 2427
4780 2 2 0 1 2492 2493 2428
4781 2 2 0 1 2429 2493 2428
4782 2 2 0 1 2493 2494 2429
4783 2 2 0 1 2430 2494 2429
4784 2 2 0 1 2494 2495 2430
4785 2 2 0 1 2431 2495 2430
4786 2 2 0 1 2495 2496 2431
4787 2 2 0 1 2432 2496 2431
4788 2 2 0 1 2496 2497 2432
4789 2 2 0 1 2433 2497 2432
4790 2 2 0 1 2497 2498 2433
4791 2 2 0 1 2434 2498 2433
4792 2 2 0 1 2498 2499 2434
4793 2 2 0 1 2435 2499 2434
4794 2 2 0 1 2499 2500 2435
4795 2 2 0 1 2436 2500 2435
4796 2 2 0 1 2500 2501 2436
4797 2 2 0 1 2437 2501 2436
4798 2 2 0 1 2501 2502 2437
4799 2 2 0 1 2438 2502 2437
4800 2 2 0 1 2502 2503 2438
4801 2 2 0 1 2439 2503 2438
4802 2 2 0 1 2503 2504 2439
4803 2 2 0 1 2440 2504 2439
4804 2 2 0 1 2504 2505 2440
4805 2 2 0 1 2441 2505 2440
4806 2 2 0 1 2505 2506 2441
4807 2 2 0 1 2442 2506 2441
4808 2 2 0 1 2506 2507 2442
4809 2 2 0 1 2443 2507 2442
4810 2 2 0 1 2507 2508 2443
4811 2 2 0 1 2444 2508 2443
4812 2 2 0 1 2508 2509 2444
4813 2 2 0 1 2445 2509 2444
4814 2 2 0 1 2509 2510 2445
4815 2 2 0 1 2446 2510 2445
4816 2 2 0 1 2510 2511 2446
4817 2 2 0 1 2447 2511 2446
4818 2 2 0 1 2511 2512 2447
4819 2 2 0 1 2448 2512 2447
4820 2 2 0 1 2512 2513 2448
4821 2 2 0 1 2449 2513 2448
4822 2 2 0 1 2513 2514 2449
4823 2 2 0 1 2450 2514 2449
4824 2 2 0 1 2514 2515 2450
4825 2 2 0 1 2451 2515 2450
4826 2 2 0 1 2515 2516 2451
4827 2 2 0 1 2452 2516 2451
4828 2 2 0 1 2516 2517 2452
4829 2 2 0 1 2453 2517 2452
4830 2 2 0 1 2517 2518 2453
4831 2 2 0 1 2454 2518 2453
4832 2 2 0 1 2518 2519 2454
4833 2 2 0 1 2455 2519 2454
4834 2 2 0 1 2519 2520 2455
4835 2 2 0 1 2456 2520 2455
4836 2 2 0 1 2520 2521 2456
4837 2 2 0 1 2457 2521 2456
4838 2 2 0 1 2521 2522 2457
4839 2 2 0 1 2458 2522 2457
4840 2 2 0 1 2522 2523 2458
4841 2 2 0 1 2459 2523 2458
4842 2 2 0 1 2523 2524 2459
4843 2 2 0 1 2460 2524 2459
4844 2 2 0 1 2524 2525 2460
4845 2 2 0 1 2461 2525 2460
4846 2 2 0 1 2525 2526 2461
4847 2 2 0 1 2462 2526 2461
4848 2 2 0 1 2526 2527 2462
4849 2 2 0 1 2463 2527 2462
4850 2 2 0 1 2527 2528 2463
4851 2 2 0 1 2464 2528 2463
4852 2 2 0 1 2528 2529 2464
4853 2 2 0 1 2465 2529 2464
4854 2 2 0 1 2529 2530 2465
4855 2 2 0 1 2466 2530 2465
4856 2 2 0 1 2530 2531 2466
4857 2 2 0 1 2467 2531 2466
4858 2 2 0 1 2531 2532 2467
4859 2 2 0 1 2468 2532 2467
4860 2 2 0 1 2532 2533 2468
4861 2 2 0 1 2469 2533 2468
4862 2 2 0 1 2533 2534 2469
4863 2 2 0 1 2470 2534 2469
4864 2 2 0 1 2534 2535 2470
4865 2 2 0 1 2536 2537 2472
4866 2 2 0 1 2472 2536 2471
4867 2 2 0 1 2538 2536 2471
4868 2 2 0 1 2471 2538 2473
4869 2 2 0 1 2539 2538 2473
4870 2 2 0 1 2473 2539 2474
4871 2 2 0 1 2540 2539 2474
4872 2 2 0 1 2474 2540 2475
4873 2 2 0 1 2541 2540 2475
4874 2 2 0 1 2475 2541 2476
4875 2 2 0 1 2542 2541 2476
4876 2 2 0 1 2476 2542 2477
4877 2 2 0 1 2543 2542 2477
4878 2 2 0 1 2477 2543 2478
4879 2 2 0 1 2544 2543 2478
4880 2 2 0 1 2478 2544 2479
4881 2 2 0 1 2480 2544 2479
4882 2 2 0 1 2544 2545 2480
4883 2 2 0 1 2481 2545 2480
4884 2 2 0 1 2545 2546 2481
4885 2 2 0 1 2482 2546 2481
4886 2 2 0 1 2546 2547 2482
4887 2 2 0 1 2483 2547 2482
4888 2 2 0 1 2547 2548 2483
4889 2 2 0 1 2484 2548 2483
4890 2 2 0 1 2548 2549 2484
4891 2 2 0 1 2485 2549 2484
4892 2 2 0 1 2549 2550 2485
4893 2 2 0 1 2486 2550 2485
4894 2 2 0 1 2550 2551 2486
4895 2 2 0 1 2487 2551 2486
4896 2 2 0 1 2551 2552 2487
4897 2 2 0 1 2488 2552 2487
4898 2 2 0 1 2552 2553 2488
4899 2 2 0 1 2489 2553 2488
4900 2 2 0 1 2553 2554 2489
4901 2 2 0 1 2490 2554 2489
4902 2 2 0 1 2554 2555 2490
4903 2 2 0 1 2491 2555 2490
4904 2 2 0 1 2555 2556 2491
4905 2 2 0 1 2492 2556 2491
4906 2 2 0 1 2556 2557 2492
4907 2 2 0 1 2493 2557 2492
4908 2 2 0 1 2557 2558 2493
4909 2 2 0 1 2494 2558 2493
4910 2 2 0 1 2558 2559 2494
4911 2 2 0 1 2495 2559 2494
4912 2 2 0 1 2559 2560 2495
4913 2 2 0 1 2496 2560 2495
4914 2 2 0 1 2560 2561 2496
4915 2 2 0 1 2497 2561 2496
4916 2 2 0 1 2561 2562 2497
4917 2 2 0 1 2498 2562 2497
4918 2 2 0 1 2562 2563 2498
4919 2 2 0 1 2499 2563 2498
4920 2 2 0 1 2563 2564 2499
4921 2 2 0 1 2500 2564 2499
4922 2 2 0 1 2564 2565 2500
4923 2 2 0 1 2501 2565 2500
4924 2 2 0 1 2565 2566 2501
4925 2 2 0 1 2502 2566 2501
4926 2 2 0 1 2566 2567 2502
4927 2 2 0 1 2503 2567 2502
4928 2 2 0 1 2567 2568 2503
4929 2 2 0 1 2504 2568 2503
4930 2 2 0 1 2568 2569 2504
4931 2 2 0 1 2505 2569 2504
4932 2 2 0 1 2569 2570 2505
4933 2 2 0 1 2506 2570 2505
4934 2 2 0 1 2570 2571 2506
4935 2 2 0 1 2507 2571 2506
4936 2 2 0 1 2571 2572 2507
4937 2 2 0 1 2508 2572 2507
4938 2 2 0 1 2572 2573 2508
4939 2 2 0 1 2509 2573 2508
4940 2 2 0 1 2573 2574 2509
4941 2 2 0 1 2510 2574 2509
4942 2 2 0 1 2574 2575 2510
4943 2 2 0 1 2511 2575 2510
4944 2 2 0 1 2575 2576 2511
4945 2 2 0 1 2512 2576 2511
4946 2 2 0 1 2576 2577 2512
4947 2 2 0 1 2513 2577 2512
4948 2 2 0 1 2577 2578 2513
4949 2 2 0 1 2514 2578 2513
4950 2 2 0 1 2578 2579 2514
4951 2 2 0 1 2515 2579 2514
4952 2 2 0 1 2579 2580 2515
4953 2 2 0 1 2516 2580 2515
4954 2 2 0 1 2580 2581 2516
4955 2 2 0 1 2517 2581 2516
4956 2 2 0 1 2581 2582 2517
4957 2 2 0 1 2518 2582 2517
4958 2 2 0 1 2582 2583 2518
4959 2 2 0 1 2519 2583 2518
4960 2 2 0 1 2583 2584 2519
4961 2 2 0 1 2520 2584 2519
4962 2 2 0 1 2584 2585 2520
4963 2 2 0 1 2521 2585 2520
4964 2 2 0 1 2585 2586 2521
4965 2 2 0 1 2522 2586 2521
4966 2 2 0 1 2586 2587 2522
4967 2 2 0 1 2523 2587 2522
4968 2 2 0 1 2587 2588 2523
4969 2 2 0 1 2524 2588 2523
4970 2 2 0 1 2588 2589 2524
4971 2 2 0 1 2525 2589 2524
4972 2 2 0 1 2589 2590 2525
4973 2 2 0 1 2526 2590 2525
4974 2 2 0 1 2590 2591 2526
4975 2 2 0 1 2527 2591 2526
4976 2 2 0 1 2591 2592 2527
4977 2 2 0 1 2528 2592 2527
4978 2 2 0 1 2592 2593 2528
4979 2 2 0 1 2529 2593 2528
4980 2 2 0 1 2593 2594 2529
4981 2 2 0 1 2530 2594 2529
4982 2 2 0 1 2594 2595 2530
4983 2 2 0 1 2531 2595 2530
4984 2 2 0 1 2595 2596 2531
4985 2 2 0 1 2532 2596 2531
4986 2 2 0 1 2596 2597 2532
4987 2 2 0 1 2533 2597 2532
4988 2 2 0 1 2597 2598 2533
4989 2 2 0 1 2534 2598 2533
4990 2 2 0 1 2598 2599 2534
4991 2 2 0 1 2535 2599 2534
4992 2 2 0 1 2599 2600 2535
4993 2 2 0 1 2601 2602 2537
4994 2 2 0 1 2537 2601 2536
4995 2 2 0 1 2603 2601 2536
4996 2 2 0 1 2536 2603 2538
4997 2 2 0 1 2604 2603 2538
4998 2 2 0 1 2538 2604 2539
4999 2 2 0 1 2605 2604 2539
5000 2 2 0 1 2539 2605 2540
5001 2 2 0 1 2606 2605 2540
5002 2 2 0 1 2540 2606 2541
5003 2 2 0 1 2607 2606 2541
5004 2 2 0 1 2541 2607 2542
5005 2 2 0 1 2608 2607 2542
5006 2 2 0 1 2542 2608 2543
5007 2 2 0 1 2609 2608 2543
5008 2 2 0 1 2543 2609 2544
5009 2 2 0 1 2545 2609 2544
5010 2 2 0 1 2609 2610 2545
5011 2 2 0 1 2546 2610 2545
5012 2 2 0 1 2610 2611 2546
5013 2 2 0 1 2547 2611 2546
5014 2 2 0 1 2611 2612 2547
5015 2 2 0 1 2548 2612 2547
5016 2 2 0 1 2612 2613 2548
5017 2 2 0 1 2549 2613 2548
5018 2 2 0 1 2613 2614 2549
5019 2 2 0 1 2550 2614 2549
5020 2 2 0 1 2614 2615 2550
5021 2 2 0 1 2551 2615 2550
5022 2 2 0 1 2615 2616 2551
5023 2 2 0 1 2552 2616 2551
5024 2 2 0 1 2616 2617 2552
5025 2 2 0 1 2553 2617 2552
5026 2 2 0 1 2617 2618 2553
5027 2 2 0 1 2554 2618 2553
5028 2 2 0 1 2618 2619 2554
5029 2 2 0 1 2555 2619 2554
5030 2 2 0 1 2619 2620 2555
5031 2 2 0 1 2556 2620 2555
5032 2 2 0 1 2620 2621 2556
5033 2 2 0 1 2557 2621 2556
5034 2 2 0 1 2621 2622 2557
5035 2 2 0 1 2558 2622 2557
5036 2 2 0 1 2622 2623 2558
5037 2 2 0 1 2559 2623 2558
5038 2 2 0 1 2623 2624 2559
5039 2 2 0 1 2560 2624 2559
5040 2 2 0 1 2624 2625 2560
5041 2 2 0 1 2561 2625 2560
5042 2 2 0 1 2625 2626 2561
5043 2 2 0 1 2562 2626 2561
5044 2 2 0 1 2626 2627 2562
5045 2 2 0 1 2563 2627 2562
5046 2 2 0 1 2627 2628 2563
5047 2 2 0 1 2564 2628 2563
5048 2 2 0 1 2628 2629 2564
5049 2 2 0 1 2565 2629 2564
5050 2 2 0 1 2629 2630 2565
5051 2 2 0 1 2566 2630 2565
5052 2 2 0 1 2630 2631 2566
5053 2 2 0 1 2567 2631 2566
5054 2 2 0 1 2631 2632 2567
5055 2 2 0 1 2568 2632 2567
5056 2 2 0 1 2632 2633 2568
5057 2 2 0 1 2569 2633 2568
5058 2 2 0 1 2633 2634 2569
5059 2 2 0 1 2570 2634 2569
5060 2 2 0 1 2634 2635 2570
5061 2 2 0 1 2571 2635 2570
5062 2 2 0 1 2635 2636 2571
5063 2 2 0 1 2572 2636 2571
5064 2 2 0 1 2636 2637 2572
5065 2 2 0 1 2573 2637 2572
5066 2 2 0 1 2637 2638 2573
5067 2 2 0 1 2574 2638 2573
5068 2 2 0 1 2638 2639 2574
5069 2 2 0 1 2575 2639 2574
5070 2 2 0 1 2639 2640 2575
5071 2 2 0 1 2576 2640 2575
5072 2 2 0 1 2640 2641 2576
5073 2 2 0 1 2577 2641 2576
5074 2 2 0 1 2641 2642 2577
5075 2 2 0 1 2578 2642 2577
5076 2 2 0 1 2642 2643 2578
5077 2 2 0 1 2579 2643 2578
5078 2 2 0 1 2643 2644 2579
5079 2 2 0 1 2580 2644 2579
5080 2 2 0 1 2644 2645 2580
5081 2 2 0 1 2581 2645 2580
5082 2 2 0 1 2645 2646 2581
5083 2 2 0 1 2582 2646 2581
5084 2 2 0 1 2646 2647 2582
5085 2 2 0 1 2583 2647 2582
5086 2 2 0 1 2647 2648 2583
5087 2 2 0 1 2584 2648 2583
5088 2 2 0 1 2648 2649 2584
5089 2 2 0 1 2585 2649 2584
5090 2 2 0 1 2649 2650 2585
5091 2 2 0 1 2586 2650 2585
5092 2 2 0 1 2650 2651 2586
5093 2 2 0 1 2587 2651 2586
5094 2 2 0 1 2651 2652 2587
5095 2 2 0 1 2588 2652 2587
5096 2 2 0 1 2652 2653 2588
5097 2 2 0 1 2589 2653 2588
5098 2 2 0 1 2653 2654 2589
5099 2 2 0 1 2590 2654 2589
5100 2 2 0 1 2654 2655 2590
5101 2 2 0 1 2591 2655 2590
5102 2 2 0 1 2655 2656 2591
5103 2 2 0 1 2592 2656 2591
5104 2 2 0 1 2656 2657 2592
5105 2 2 0 1 2593 2657 2592
5106 2 2 0 1 2657 2658 2593
5107 2 2 0 1 2594 2658 2593
5108 2 2 0 1 2658 2659 2594
5109 2 2 0 1 2595 2659 2594
5110 2 2 0 1 2659 2660 2595
5111 2 2 0 1 2596 2660 2595
5112 2 2 0 1 2660 2661 2596
5113 2 2 0 1 2597 2661 2596
5114 2 2 0 1 2661 2662 2597
5115 2 2 0 1 2598 2662 2597
5116 2 2 0 1 2662 2663 2598
5117 2 2 0 1 2599 2663 2598
5118 2 2 0 1 2663 2664 2599
5119 2 2 0 1 2600 2664 2599
5120 2 2 0 1 2664 2665 2600
5121 2 2 0 1 2666 2667 2602
5122 2 2 0 1 2602 2666 2601
5123 2 2 0 1 2668 2666 2601
5124 2 2 0 1 2601 2668 2603
5125 2 2 0 1 2669 2668 2603
5126 2 2 0 1 2603 2669 2604
5127 2 2 0 1 2670 2669 2604
5128 2 2 0 1 2604 2670 2605
5129 2 2 0 1 2671 2670 2605
5130 2 2 0 1 2605 2671 2606
5131 2 2 0 1 2672 2671 2606
5132 2 2 0 1 2606 2672 2607
5133 2 2 0 1 2673 2672 2607
5134 2 2 0 1 2607 2673 2608
5135 2 2 0 1 2674 2673 2608
5136 2 2 0 1 2608 2674 2609
5137 2 2 0 1 2610 2674 2609
5138 2 2 0 1 2674 2675 2610
5139 2 2 0 1 2611 2675 2610
5140 2 2 0 1 2675 2676 2611
5141 2 2 0 1 2612 2676 2611
5142 2 2 0 1 2676 2677 2612
5143 2 2 0 1 2613 2677 2612
5144 2 2 0 1 2677 2678 2613
5145 2 2 0 1 2614 2678 2613
5146 2 2 0 1 2678 2679 2614
5147 2 2 0 1 2615 2679 2614
5148 2 2 0 1 2679 2680 2615
5149 2 2 0 1 2616 2680 2615
5150 2 2 0 1 2680 2681 2616
5151 2 2 0 1 2617 2681 2616
5152 2 2 0 1 2681 2682 2617
5153 2 2 0 1 2618 2682 2617
5154 2 2 0 1 2682 2683 2618
5155 2 2 0 1 2619 2683 2618
5156 2 2 0 1 2683 2684 2619
5157 2 2 0 1 2620 2684 2619
5158 2 2 0 1 2684 2685 2620
5159 2 2 0 1 2621 2685 2620
5160 2 2 0 1 2685 2686 2621
5161 2 2 0 1 2622 2686 2621
5162 2 2 0 1 2686 2687 2622
5163 2 2 0 1 2623 2687 2622
5164 2 2 0 1 2687 2688 2623
5165 2 2 0 1 2624 2688 2623
5166 2 2 0 1 2688 2689 2624
5167 2 2 0 1 2625 2689 2624
5168 2 2 0 1 2689 2690 2625
5169 2 2 0 1 2626 2690 2625
5170 2 2 0 1 2690 2691 2626
5171 2 2 0 1 2627 2691 2626
5172 2 2 0 1 2691 2692 2627
5173 2 2 0 1 2628 2692 2627
5174 2 2 0 1 2692 2693 2628
5175 2 2 0 1 2629 2693 2628
5176 2 2 0 1 2693 2694 2629
5177 2 2 0 1 2630 2694 2629
5178 2 2 0 1 2694 2695 2630
5179 2 2 0 1 2631 2695 2630
5180 2 2 0 1 2695 2696 2631
5181 2 2 0 1 2632 2696 2631
5182 2 2 0 1 2696 2697 2632
5183 2 2 0 1 2633 2697 2632
5184 2 2 0 1 2697 2698 2633
5185 2 2 0 1 2634 2698 2633
5186 2 2 0 1 2698 2699 2634
5187 2 2 0 1 2635 2699 2634
5188 2 2 0 1 2699 2700 2635
5189 2 2 0 1 2636 2700 2635
5190 2 2 0 1 2700 2701 2636
5191 2 2 0 1 2637 2701 2636
5192 2 2 0 1 2701 2702 2637
5193 2 2 0 1 2638 2702 2637
5194 2 2 0 1 2702 2703 2638
5195 2 2 0 1 2639 2703 2638
5196 2 2 0 1 2703 2704 2639
5197 2 2 0 1 2640 2704 2639
5198 2 2 0 1 2704 2705 2640
5199 2 2 0 1 2641 2705 2640
5200 2 2 0 1 2705 2706 2641
5201 2 2 0 1 2642 2706 2641
5202 2 2 0 1 2706 2707 2642
5203 2 2 0 1 2643 2707 2642
5204 2 2 0 1 2707 2708 2643
5205 2 2 0 1 2644 2708 2643
5206 2 2 0 1 2708 2709 2644
5207 2 2 0 1 2645 2709 2644
5208 2 2 0 1 2709 2710 2645
5209 2 2 0 1 2646 2710 2645
5210 2 2 0 1 2710 2711 2646
5211 2 2 0 1 2647 2711 2646
5212 2 2 0 1 2711 2712 2647
5213 2 2 0 1 2648 2712 2647
5214 2 2 0 1 2712 2713 2648
5215 2 2 0 1 2649 2713 2648
5216 2 2 0 1 2713 2714 2649
5217 2 2 0 1 2650 2714 2649
5218 2 2 0 1 2714 2715 2650
5219 2 2 0 1 2651 2715 2650
5220 2 2 0 1 2715 2716 2651
5221 2 2 0 1 2652 2716 2651
5222 2 2 0 1 2716 2717 2652
5223 2 2 0 1 2653 2717 2652
5224 2 2 0 1 2717 2718 2653
5225 2 2 0 1 2654 2718 2653
5226 2 2 0 1 2718 2719 2654
5227 2 2 0 1 2655 2719 2654
5228 2 2 0 1 2719 2720 2655
5229 2 2 0 1 2656 2720 2655
5230 2 2 0 1 2720 2721 2656
5231 2 2 0 1 2657 2721 2656
5232 2 2 0 1 2721 2722 2657
5233 2 2 0 1 2658 2722 2657
5234 2 2 0 1 2722 2723 2658
5235 2 2 0 1 2659 2723 2658
5236 2 2 0 1 2723 2724 2659
5237 2 2 0 1 2660 2724 2659
5238 2 2 0 1 2724 2725 2660
5239 2 2 0 1 2661 2725 2660
5240 2 2 0 1 2725 2726 2661
5241 2 2 0 1 2662 2726 2661
5242 2 2 0 1 2726 2727 2662
5243 2 2 0 1 2663 2727 2662
5244 2 2 0 1 2727 2728 2663
5245 2 2 0 1 2664 2728 2663
5246 2 2 0 1 2728 2729 2664
5247 2 2 0 1 2665 2729 2664
5248 2 2 0 1 2729 2730 2665
5249 2 2 0 1 2731 2732 2667
5250 2 2 0 1 2667 2731 2666
5251 2 2 0 1 2733 2731 2666
5252 2 2 0 1 2666 2733 2668
5253 2 2 0 1 2734 2733 2668
5254 2 2 0 1 2668 2734 2669
5255 2 2 0 1 2735 2734 2669
5256 2 2 0 1 2669 2735 2670
5257 2 2 0 1 2736 2735 2670
5258 2 2 0 1 2670 2736 2671
5259 2 2 0 1 2737 2736 2671
5260 2 2 0 1 2671 2737 2672
5261 2 2 0 1 2738 2737 2672
5262 2 2 0 1 2672 2738 2673
5263 2 2 0 1 2739 2738 2673
5264 2 2 0 1 2673 2739 2674
5265 2 2 0 1 2675 2739 2674
5266 2 2 0 1 2739 2740 2675
5267 2 2 0 1 2676 2740 2675
5268 2 2 0 1 2740 2741 2676
5269 2 2 0 1 2677 2741 2676
5270 2 2 0 1 2741 2742 2677
5271 2 2 0 1 2678 2742 2677
5272 2 2 0 1 2742 2743 2678
5273 2 2 0 1 2679 2743 2678
5274 2 2 0 1 2743 2744 2679
5275 2 2 0 1 2680 2744 2679
5276 2 2 0 1 2744 2745 2680
5277 2 2 0 1 2681 2745 2680
5278 2 2 0 1 2745 2746 2681
5279 2 2 0 1 2682 2746 2681
5280 2 2 0 1 2746 2747 2682
5281 2 2 0 1 2683 2747 2682
5282 2 2 0 1 2747 2748 2683
5283 2 2 0 1 2684 2748 2683
5284 2 2 0 1 2748 2749 2684
5285 2 2 0 1 2685 2749 2684
5286 2 2 0 1 2749 2750 2685
5287 2 2 0 1 2686 2750 2685
5288 2 2 0 1 2750 2751 2686
5289 2 2 0 1 2687 2751 2686
5290 2 2 0 1 2751 2752 2687
5291 2 2 0 1 2688 2752 2687
5292 2 2 0 1 2752 2753 2688
5293 2 2 0 1 2689 2753 2688
5294 2 2 0 1 2753 2754 2689
5295 2 2 0 1 2690 2754 2689
5296 2 2 0 1 2754 2755 2690
5297 2 2 0 1 2691 2755 2690
5298 2 2 0 1 2755 2756 2691
5299 2 2 0 1 2692 2756 2691
5300 2 2 0 1 2756 2757 2692
5301 2 2 0 1 2693 2757 2692
5302 2 2 0 1 2757 2758 2693
5303 2 2 0 1 2694 2758 2693
5304 2 2 0 1 2758 2759 2694
5305 2 2 0 1 2695 2759 2694
5306 2 2 0 1 2759 2760 2695
5307 2 2 0 1 2696 2760 2695
5308 2 2 0 1 2760 2761 2696
5309 2 2 0 1 2697 2761 2696
5310 2 2 0 1 2761 2762 2697
5311 2 2 0 1 2698 2762 2697
5312 2 2 0 1 2762 2763 2698
5313 2 2 0 1 2699 2763 2698
5314 2 2 0 1 2763 2764 2699
5315 2 2 0 1 2700 2764 2699
5316 2 2 0 1 2764 2765 2700
5317 2 2 0 1 2701 2765 2700
5318 2 2 0 1 2765 2766 2701
5319 2 2 0 1 2702 2766 2701
5320 2 2 0 1 2766 2767 2702
5321 2 2 0 1 2703 2767 2702
5322 2 2 0 1 2767 2768 2703
5323 2 2 0 1 2704 2768 2703
5324 2 2 0 1 2768 2769 2704
5325 2 2 0 1 2705 2769 2704
5326 2 2 0 1 2769 2770 2705
5327 2 2 0 1 2706 2770 2705
5328 2 2 0 1 2770 2771 2706
5329 2 2 0 1 2707 2771 2706
5330 2 2 0 1 2771 2772 2707
5331 2 2 0 1 2708 2772 2707
5332 2 2 0 1 2772 2773 2708
5333 2 2 0 1 2709 2773 2708
5334 2 2 0 1 2773 2774 2709
5335 2 2 0 1 2710 2774 2709
5336 2 2 0 1 2774 2775 2710
5337 2 2 0 1 2711 2775 2710
5338 2 2 0 1 2775 2776 2711
5339 2 2 0 1 2712 2776 2711
5340 2 2 0 1 2776 2777 2712
5341 2 2 0 1 2713 2777 2712
5342 2 2 0 1 2777 2778 2713
5343 2 2 0 1 2714 2778 2713
5344 2 2 0 1 2778 2779 2714
5345 2 2 0 1 2715 2779 2714
5346 2 2 0 1 2779 2780 2715
5347 2 2 0 1 2716 2780 2715
5348 2 2 0 1 2780 2781 2716
5349 2 2 0 1 2717 2781 2716
5350 2 2 0 1 2781 2782 2717
5351 2 2 0 1 2718 2782 2717
5352 2 2 0 1 2782 2783 2718
5353 2 2 0 1 2719 2783 2718
5354 2 2 0 1 2783 2784 2719
5355 2 2 0 1 2720 2784 2719
5356 2 2 0 1 2784 2785 2720
5357 2 2 0 1 2721 2785 2720
5358 2 2 0 1 2785 2786 2721
5359 2 2 0 1 2722 2786 2721
5360 2 2 0 1 2786 2787 2722
5361 2 2 0 1 2723 2787 2722
5362 2 2 0 1 2787 2788 2723
5363 2 2 0 1 2724 2788 2723
5364 2 2 0 1 2788 2789 2724
5365 2 2 0 1 2725 2789 2724
5366 2 2 0 1 2789 2790 2725
5367 2 2 0 1 2726 2790 2725
5368 2 2 0 1 2790 2791 2726
5369 2 2 0 1 2727 2791 2726
5370 2 2 0 1 2791 2792 2727
5371 2 2 0 1 2728 2792 2727
5372 2 2 0 1 2792 2793 2728
5373 2 2 0 1 2729 2793 2728
5374 2 2 0 1 2793 2794 2729
5375 2 2 0 1 2730 2794 2729
5376 2 2 0 1 2794 2795 2730
5377 2 2 0 1 2796 2797 2732
5378 2 2 0 1 2732 2796 2731
5379 2 2 0 1 2798 2796 2731
5380 2 2 0 1 2731 2798 2733
5381 2 2 0 1 2799 2798 2733
5382 2 2 0 1 2733 2799 2734
5383 2 2 0 1 2800 2799 2734
5384 2 2 0 1 2734 2800 2735
5385 2 2 0 1 2801 2800 2735
5386 2 2 0 1 2735 2801 2736
5387 2 2 0 1 2802 2801 2736
5388 2 2 0 1 2736 2802 2737
5389 2 2 0 1 2803 2802 2737
5390 2 2 0 1 2737 2803 2738
5391 2 2 0 1 2804 2803 2738
5392 2 2 0 1 2738 2804 2739
5393 2 2 0 1 2740 2804 2739
5394 2 2 0 1 2804 2805 2740
5395 2 2 0 1 2741 2805 2740
5396 2 2 0 1 2805 2806 2741
5397 2 2 0 1 2742 2806 2741
5398 2 2 0 1 2806 2807 2742
5399 2 2 0 1 2743 2807 2742
5400 2 2 0 1 2807 2808 2743
5401 2 2 0 1 2744 2808 2743
5402 2 2 0 1 2808 2809 2744
5403 2 2 0 1 2745 2809 2744
5404 2 2 0 1 2809 2810 2745
5405 2 2 0 1 2746 2810 2745
5406 2 2 0 1 2810 2811 2746
5407 2 2 0 1 2747 2811 2746
5408 2 2 0 1 2811 2812 2747
5409 2 2 0 1 2748 2812 2747
5410 2 2 0 1 2812 2813 2748
5411 2 2 0 1 2749 2813 2748
5412 2 2 0 1 2813 2814 2749
5413 2 2 0 1 2750 2814 2749
5414 2 2 0 1 2814 2815 2750
5415 2 2 0 1 2751 2815 2750
5416 2 2 0 1 2815 2816 2751
5417 2 2 0 1 2752 2816 2751
5418 2 2 0 1 2816 2817 2752
5419 2 2 0 1 2753 2817 2752
5420 2 2 0 1 2817 2818 2753
5421 2 2 0 1 2754 2818 2753
5422 2 2 0 1 2818 2819 2754
5423 2 2 0 1 2755 2819 2754
5424 2 2 0 1 2819 2820 2755
5425 2 2 0 1 2756 2820 2755
5426 2 2 0 1 2820 2821 2756
5427 2 2 0 1 2757 2821 2756
5428 2 2 0 1 2821 2822 2757
5429 2 2 0 1 2758 2822 2757
5430 2 2 0 1 2822 2823 2758
5431 2 2 0 1 2759 2823 2758
5432 2 2 0 1 2823 2824 2759
5433 2 2 0 1 2760 2824 2759
5434 2 2 0 1 2824 2825 2760
5435 2 2 0 1 2761 2825 2760
5436 2 2 0 1 2825 2826 2761
5437 2 2 0 1 2762 2826 2761
5438 2 2 0 1 2826 2827 2762
5439 2 2 0 1 2763 2827 2762
5440 2 2 0 1 2827 2828 2763
5441 2 2 0 1 2764 2828 2763
5442 2 2 0 1 2828 2829 2764
5443 2 2 0 1 2765 2829 2764
5444 2 2 0 1 2829 2830 2765
5445 2 2 0 1 2766 2830 2765
5446 2 2 0 1 2830 2831 2766
5447 2 2 0 1 2767 2831 2766
5448 2 2 0 1 2831 2832 2767
5449 2 2 0 1 2768 2832 2767
5450 2 2 0 1 2832 2833 2768
5451 2 2 0 1 2769 2833 2768
5452 2 2 0 1 2833 2834 2769
5453 2 2 0 1 2770 2834 2769
5454 2 2 0 1 2834 2835 2770
5455 2 2 0 1 2771 2835 2770
5456 2 2 0 1 2835 2836 2771
5457 2 2 0 1 2772 2836 2771
5458 2 2 0 1 2836 2837 2772
5459 2 2 0 1 2773 2837 2772
5460 2 2 0 1 2837 2838 2773
5461 2 2 0 1 2774 2838 2773
5462 2 2 0 1 2838 2839 2774
5463 2 2 0 1 2775 2839 2774
5464 2 2 0 1 2839 2840 2775
5465 2 2 0 1 2776 2840 2775
5466 2 2 0 1 2840 2841 2776
5467 2 2 0 1 2777 2841 2776
5468 2 2 0 1 2841 2842 2777
5469 2 2 0 1 2778 2842 2777
5470 2 2 0 1 2842 2843 2778
5471 2 2 0 1 2779 2843 2778
5472 2 2 0 1 2843 2844 2779
5473 2 2 0 1 2780 2844 2779
5474 2 2 0 1 2844 2845 2780
5475 2 2 0 1 2781 2845 2780
5476 2 2 0 1 2845 2846 2781
5477 2 2 0 1 2782 2846 2781
5478 2 2 0 1 2846 2847 2782
5479 2 2 0 1 2783 2847 2782
5480 2 2 0 1 2847 2848 2783
5481 2 2 0 1 2784 2848 2783
5482 2 2 0 1 2848 2849 2784
5483 2 2 0 1 2785 2849 2784
5484 2 2 0 1 2849 2850 2785
5485 2 2 0 1 2786 2850 2785
5486 2 2 0 1 2850 2851 2786
5487 2 2 0 1 2787 2851 2786
5488 2 2 0 1 2851 2852 2787
5489 2 2 0 1 2788 2852 2787
5490 2 2 0 1 2852 2853 2788
5491 2 2 0 1 2789 2853 2788
5492 2 2 0 1 2853 2854 2789
5493 2 2 0 1 2790 2854 2789
5494 2 2 0 1 2854 2855 2790
5495 2 2 0 1 2791 2855 2790
5496 2 2 0 1 2855 2856 2791
5497 2 2 0 1 2792 2856 2791
5498 2 2 0 1 2856 2857 2792
5499 2 2 0 1 2793 2857 2792
5500 2 2 0 1 2857 2858 2793
5501 2 2 0 1 2794 2858 2793
5502 2 2 0 1 2858 2859 2794
5503 2 2 0 1 2795 2859 2794
5504 2 2 0 1 2859 2860 2795
5505 2 2 0 1 2861 2862 2797
5506 2 2 0 1 2797 2861 2796
5507 2 2 0 1 2863 2861 2796
5508 2 2 0 1 2796 2863 2798
5509 2 2 0 1 2864 2863 2798
5510 2 2 0 1 2798 2864 2799
5511 2 2 0 1 2865 2864 2799
5512 2 2 0 1 2799 2865 2800
5513 2 2 0 1 2866 2865 2800
5514 2 2 0 1 2800 2866 2801
5515 2 2 0 1 2867 2866 2801
5516 2 2 0 1 2801 2867 2802
5517 2 2 0 1 2868 2867 2802
5518 2 2 0 1 2802 2868 2803
5519 2 2 0 1 2869 2868 2803
5520 2 2 0 1 2803 2869 2804
5521 2 2 0 1 2805 2869 2804
5522 2 2 0 1 2869 2870 2805
5523 2 2 0 1 2806 2870 2805
5524 2 2 0 1 2870 2871 2806
5525 2 2 0 1 2807 2871 2806
5526 2 2 0 1 2871 2872 2807
5527 2 2 0 1 2808 2872 2807
5528 2 2 0 1 2872 2873 2808
5529 2 2 0 1 2809 2873 2808
5530 2 2 0 1 2873 2874 2809
5531 2 2 0 1 2810 2874 2809
5532 2 2 0 1 2874 2875 2810
5533 2 2 0 1 2811 2875 2810
5534 2 2 0 1 2875 2876 2811
5535 2 2 0 1 2812 2876 2811
5536 2 2 0 1 2876 2877 2812
5537 2 2 0 1 2813 2877 2812
5538 2 2 0 1 2877 2878 2813
5539 2 2 0 1 2814 2878 2813
5540 2 2 0 1 2878 2879 2814
5541 2 2 0 1 2815 2879 2814
5542 2 2 0 1 2879 2880 2815
5543 2 2 0 1 2816 2880 2815
5544 2 2 0 1 2880 2881 2816
5545 2 2 0 1 2817 2881 2816
5546 2 2 0 1 2881 2882 2817
5547 2 2 0 1 2818 2882 2817
5548 2 2 0 1 2882 2883 2818
5549 2 2 0 1 2819 2883 2818
5550 2 2 0 1 2883 2884 2819
5551 2 2 0 1 2820 2884 2819
5552 2 2 0 1 2884 2885 2820
5553 2 2 0 1 2821 2885 2820
5554 2 2 0 1 2885 2886 2821
5555 2 2 0 1 2822 2886 2821
5556 2 2 0 1 2886 2887 2822
5557 2 2 0 1 2823 2887 2822
5558 2 2 0 1 2887 2888 2823
5559 2 2 0 1 2824 2888 2823
5560 2 2 0 1 2888 2889 2824
5561 2 2 0 1 2825 2889 2824
5562 2 2 0 1 2889 2890 2825
5563 2 2 0 1 2826 2890 2825
5564 2 2 0 1 2890 2891 2826
5565 2 2 0 1 2827 2891 2826
5566 2 2 0 1 2891 2892 2827
5567 2 2 0 1 2828 2892 2827
5568 2 2 0 1 2892 2893 2828
5569 2 2 0 1 2829 2893 2828
5570 2 2 0 1 2893 2894 2829
5571 2 2 0 1 2830 2894 2829
5572 2 2 0 1 2894 2895 2830
5573 2 2 0 1 2831 2895 2830
5574 2 2 0 1 2895 2896 2831
5575 2 2 0 1 2832 2896 2831
5576 2 2 0 1 2896 2897 2832
5577 2 2 0 1 2833 2897 2832
5578 2 2 0 1 2897 2898 2833
5579 2 2 0 1 2834 2898 2833
5580 2 2 0 1 2898 2899 2834
5581 2 2 0 1 2835 2899 2834
5582 2 2 0 1 2899 2900 2835
5583 2 2 0 1 2836 2900 2835
5584 2 2 0 1 2900 2901 2836
5585 2 2 0 1 2837 2901 2836
5586 2 2 0 1 2901 2902 2837
5587 2 2 0 1 2838 2902 2837
5588 2 2 0 1 2902 2903 2838
5589 2 2 0 1 2839 2903 2838
5590 2 2 0 1 2903 2904 2839
5591 2 2 0 1 2840 2904 2839
5592 2 2 0 1 2904 2905 2840
5593 2 2 0 1 2841 2905 2840
5594 2 2 0 1 2905 2906 2841
5595 2 2 0 1 2842 2906 2841
5596 2 2 0 1 2906 2907 2842
5597 2 2 0 1 2843 2907 2842
5598 2 2 0 1 2907 2908 2843
5599 2 2 0 1 2844 2908 2843
5600 2 2 0 1 2908 2909 2844
5601 2 2 0 1 2845 2909 2844
5602 2 2 0 1 2909 2910 2845
5603 2 2 0 1 2846 2910 2845
5604 2 2 0 1 2910 2911 2846
5605 2 2 0 1 2847 2911 2846
5606 2 2 0 1 2911 2912 2847
5607 2 2 0 1 2848 2912 2847
5608 2 2 0 1 2912 2913 2848
5609 2 2 0 1 2849 2913 2848
5610 2 2 0 1 2913 2914 2849
5611 2 2 0 1 2850 2914 2849
5612 2 2 0 1 2914 2915 2850
5613 2 2 0 1 2851 2915 2850
5614 2 2 0 1 2915 2916 2851
5615 2 2 0 1 2852 2916 2851
5616 2 2 0 1 2916 2917 2852
5617 2 2 0 1 2853 2917 2852
5618 2 2 0 1 2917 2918 2853
5619 2 2 0 1 2854 2918 2853
5620 2 2 0 1 2918 2919 2854
5621 2 2 0 1 2855 2919 2854
5622 2 2 0 1 2919 2920 2855
5623 2 2 0 1 2856 2920 2855
5624 2 2 0 1 2920 2921 2856
5625 2 2 0 1 2857 2921 2856
5626 2 2 0 1 2921 2922 2857
5627 2 2 0 1 2858 2922 2857
5628 2 2 0 1 2922 2923 2858
5629 2 2 0 1 2859 2923 2858
5630 2 2 0 1 2923 2924 2859
5631 2 2 0 1 2860 2924 2859
5632 2 2 0 1 2924 2925 2860
5633 2 2 0 1 2926 2927 2862
5634 2 2 0 1 2862 2926 2861
5635 2 2 0 1 2928 2926 2861
5636 2 2 0 1 2861 2928 2863
5637 2 2 0 1 2929 2928 2863
5638 2 2 0 1 2863 2929 2864
5639 2 2 0 1 2930 2929 2864
5640 2 2 0 1 2864 2930 2865
5641 2 2 0 1 2931 2930 2865
5642 2 2 0 1 2865 2931 2866
5643 2 2 0 1 2932 2931 2866
5644 2 2 0 1 2866 2932 2867
5645 2 2 0 1 2933 2932 2867
5646 2 2 0 1 2867 2933 2868
5647 2 2 0 1 2934 2933 2868
5648 2 2 0 1 2868 2934 2869
5649 2 2 0 1 2870 2934 2869
5650 2 2 0 1 2934 2935 2870
5651 2 2 0 1 2871 2935 2870
5652 2 2 0 1 2935 2936 2871
5653 2 2 0 1 2872 2936 2871
5654 2 2 0 1 2936 2937 2872
5655 2 2 0 1 2873 2937 2872
5656 2 2 0 1 2937 2938 2873
5657 2 2 0 1 2874 2938 2873
5658 2 2 0 1 2938 2939 2874
5659 2 2 0 1 2875 2939 2874
5660 2 2 0 1 2939 2940 2875
5661 2 2 0 1 2876 2940 2875
5662 2 2 0 1 2940 2941 2876
5663 2 2 0 1 2877 2941 2876
5664 2 2 0 1 2941 2942 2877
5665 2 2 0 1 2878 2942 2877
5666 2 2 0 1 2942 2943 2878
5667 2 2 0 1 2879 2943 2878
5668 2 2 0 1 2943 2944 2879
5669 2 2 0 1 2880 2944 2879
5670 2 2 0 1 2944 2945 2880
5671 2 2 0 1 2881 2945 2880
5672 2 2 0 1 2945 2946 2881
5673 2 2 0 1 2882 2946 2881
5674 2 2 0 1 2946 2947 2882
5675 2 2 0 1 2883 2947 2882
5676 2 2 0 1 2947 2948 2883
5677 2 2 0 1 2884 2948 2883
5678 2 2 0 1 2948 2949 2884
5679 2 2 0 1 2885 2949 2884
5680 2 2 0 1 2949 2950 2885
5681 2 2 0 1 2886 2950 2885
5682 2 2 0 1 2950 2951 2886
5683 2 2 0 1 2887 2951 2886
5684 2 2 0 1 2951 2952 2887
5685 2 2 0 1 2888 2952 2887
5686 2 2 0 1 2952 2953 2888
5687 2 2 0 1 2889 2953 2888
5688 2 2 0 1 2953 2954 2889
5689 2 2 0 1 2890 2954 2889
5690 2 2 0 1 2954 2955 2890
5691 2 2 0 1 2891 2955 2890
5692 2 2 0 1 2955 2956 2891
5693 2 2 0 1 2892 2956 2891
5694 2 2 0 1 2956 2957 2892
5695 2 2 0 1 2893 2957 2892
5696 2 2 0 1 2957 2958 2893
5697 2 2 0 1 2894 2958 2893
5698 2 2 0 1 2958 2959 2894
5699 2 2 0 1 2895 2959 2894
5700 2 2 0 1 2959 2960 2895
5701 2 2 0 1 2896 2960 2895
5702 2 2 0 1 2960 2961 2896
5703 2 2 0 1 2897 2961 2896
5704 2 2 0 1 2961 2962 2897
5705 2 2 0 1 2898 2962 2897
5706 2 2 0 1 2962 2963 2898
5707 2 2 0 1 2899 2963 2898
5708 2 2 0 1 2963 2964 2899
5709 2 2 0 1 2900 2964 2899
5710 2 2 0 1 2964 2965 2900
5711 2 2 0 1 2901 2965 2900
5712 2 2 0 1 2965 2966 2901
5713 2 2 0 1 2902 2966 2901
5714 2 2 0 1 2966 2967 2902
5715 2 2 0 1 2903 2967 2902
5716 2 2 0 1 2967 2968 2903
5717 2 2 0 1 2904 2968 2903
5718 2 2 0 1 2968 2969 2904
5719 2 2 0 1 2905 2969 2904
5720 2 2 0 1 2969 2970 2905
5721 2 2 0 1 2906 2970 2905
5722 2 2 0 1 2970 2971 2906
5723 2 2 0 1 2907 2971 2906
5724 2 2 0 1 2971 2972 2907
5725 2 2 0 1 2908 2972 2907
5726 2 2 0 1 2972 2973 2908
5727 2 2 0 1 2909 2973 2908
5728 2 2 0 1 2973 2974 2909
5729 2 2 0 1 2910 2974 2909
5730 2 2 0 1 2974 2975 2910
5731 2 2 0 1 2911 2975 2910
5732 2 2 0 1 2975 2976 2911
5733 2 2 0 1 2912 2976 2911
5734 2 2 0 1 2976 2977 2912
5735 2 2 0 1 2913 2977 2912
5736 2 2 0 1 2977 2978 2913
5737 2 2 0 1 2914 2978 2913
5738 2 2 0 1 2978 2979 2914
5739 2 2 0 1 2915 2979 2914
5740 2 2 0 1 2979 2980 2915
5741 2 2 0 1 2916 2980 2915
5742 2 2 0 1 2980 2981 2916
5743 2 2 0 1 2917 2981 2916
5744 2 2 0 1 2981 2982 2917
5745 2 2 0 1 2918 2982 2917
5746 2 2 0 1 2982 2983 2918
5747 2 2 0 1 2919 2983 2918
5748 2 2 0 1 2983 2984 2919
5749 2 2 0 1 2920 2984 2919
5750 2 2 0 1 2984 2985 2920
5751 2 2 0 1 2921 2985 2920
5752 2 2 0 1 2985 2986 2921
5753 2 2 0 1 2922 2986 2921
5754 2 2 0 1 2986 2987 2922
5755 2 2 0 1 2923 2987 2922
5756 2 2 0 1 2987 2988 2923
5757 2 2 0 1 2924 2988 2923
5758 2 2 0 1 2988 2989 2924
5759 2 2 0 1 2925 2989 2924
5760 2 2 0 1 2989 2990 2925
5761 2 2 0 1 2991 2992 2927
5762 2 2 0 1 2927 2991 2926
5763 2 2 0 1 2993 2991 2926
5764 2 2 0 1 2926 2993 2928
5765 2 2 0 1 2994 2993 2928
5766 2 2 0 1 2928 2994 2929
5767 2 2 0 1 2995 2994 2929
5768 2 2 0 1 2929 2995 2930
5769 2 2 0 1 2996 2995 2930
5770 2 2 0 1 2930 2996 2931
5771 2 2 0 1 2997 2996 2931
5772 2 2 0 1 2931 2997 2932
5773 2 2 0 1 2998 2997 2932
5774 2 2 0 1 2932 2998 2933
5775 2 2 0 1 2999 2998 2933
5776 2 2 0 1 2933 2999 2934
5777 2 2 0 1 2935 2999 2934
5778 2 2 0 1 2999 3000 2935
5779 2 2 0 1 2936 3000 2935
5780 2 2 0 1 3000 3001 2936
5781 2 2 0 1 2937 3001 2936
5782 2 2 0 1 3001 3002 2937
5783 2 2 0 1 2938 3002 2937
5784 2 2 0 1 3002 3003 2938
5785 2 2 0 1 2939 3003 2938
5786 2 2 0 1 3003 3004 2939
5787 2 2 0 1 2940 3004 2939
5788 2 2 0 1 3004 3005 2940
5789 2 2 0 1 2941 3005 2940
5790 2 2 0 1 3005 3006 2941
5791 2 2 0 1 2942 3006 2941
5792 2 2 0 1 3006 3007 2942
5793 2 2 0 1 2943 3007 2942
5794 2 2 0 1 3007 3008 2943
5795 2 2 0 1 2944 3008 2943
5796 2 2 0 1 3008 3009 2944
5797 2 2 0 1 2945 3009 2944
5798 2 2 0 1 3009 3010 2945
5799 2 2 0 1 2946 3010 2945
5800 2 2 0 1 3010 3011 2946
5801 2 2 0 1 2947 3011 2946
5802 2 2 0 1 3011 3012 2947
5803 2 2 0 1 2948 3012 2947
5804 2 2 0 1 3012 3013 2948
5805 2 2 0 1 2949 3013 2948
5806 2 2 0 1 3013 3014 2949
5807 2 2 0 1 2950 3014 2949
5808 2 2 0 1 3014 3015 2950
5809 2 2 0 1 2951 3015 2950
5810 2 2 0 1 3015 3016 2951
5811 2 2 0 1 2952 3016 2951
5812 2 2 0 1 3016 3017 2952
5813 2 2 0 1 2953 3017 2952
5814 2 2 0 1 3017 3018 2953
5815 2 2 0 1 2954 3018 2953
5816 2 2 0 1 3018 3019 2954
5817 2 2 0 1 2955 3019 2954
5818 2 2 0 1 3019 3020 2955
5819 2 2 0 1 2956 3020 2955
5820 2 2 0 1 3020 3021 2956
5821 2 2 0 1 2957 3021 2956
5822 2 2 0 1 3021 3022 2957
5823 2 2 0 1 2958 3022 2957
5824 2 2 0 1 3022 3023 2958
5825 2 2 0 1 2959 3023 2958
5826 2 2 0 1 3023 3024 2959
5827 2 2 0 1 2960 3024 2959
5828 2 2 0 1 3024 3025 2960
5829 2 2 0 1 2961 3025 2960
5830 2 2 0 1 3025 3026 2961
5831 2 2 0 1 2962 3026 2961
5832 2 2 0 1 3026 3027 2962
5833 2 2 0 1 2963 3027 2962
5834 2 2 0 1 3027 3028 2963
5835 2 2 0 1 2964 3028 2963
5836 2 2 0 1 3028 3029 2964
5837 2 2 0 1 2965 3029 2964
5838 2 2 0 1 3029 3030 2965
5839 2 2 0 1 2966 3030 2965
5840 2 2 0 1 3030 3031 2966
5841 2 2 0 1 2967 3031 2966
5842 2 2 0 1 3031 3032 2967
5843 2 2 0 1 2968 3032 2967
5844 2 2 0 1 3032 3033 2968
5845 2 2 0 1 2969 3033 2968
5846 2 2 0 1 3033 3034 2969
5847 2 2 0 1 2970 3034 2969
5848 2 2 0 1 3034 3035 2970
5849 2 2 0 1 2971 3035 2970
5850 2 2 0 1 3035 3036 2971
5851 2 2 0 1 2972 3036 2971
5852 2 2 0 1 3036 3037 2972
5853 2 2 0 1 2973 3037 2972
5854 2 2 0 1 3037 3038 2973
5855 2 2 0 1 2974 3038 2973
5856 2 2 0 1 3038 3039 2974
5857 2 2 0 1 2975 3039 2974
5858 2 2 0 1 3039 3040 2975
5859 2 2 0 1 2976 3040 2975
5860 2 2 0 1 3040 3041 2976
5861 2 2 0 1 2977 3041 2976
5862 2 2 0 1 3041 3042 2977
5863 2 2 0 1 2978 3042 2977
5864 2 2 0 1 3042 3043 2978
5865 2 2 0 1 2979 3043 2978
5866 2 2 0 1 3043 3044 2979
5867 2 2 0 1 2980 3044 2979
5868 2 2 0 1 3044 3045 2980
5869 2 2 0 1 2981 3045 2980
5870 2 2 0 1 3045 3046 2981
5871 2 2 0 1 2982 3046 2981
5872 2 2 0 1 3046 3047 2982
5873 2 2 0 1 2983 3047 2982
5874 2 2 0 1 3047 3048 2983
5875 2 2 0 1 2984 3048 2983
5876 2 2 0 1 3048 3049 2984
5877 2 2 0 1 2985 3049 2984
5878 2 2 0 1 3049 3050 2985
5879 2 2 0 1 2986 3050 2985
5880 2 2 0 1 3050 3051 2986
5881 2 2 0 1 2987 3051 2986
5882 2 2 0 1 3051 3052 2987
5883 2 2 0 1 2988 3052 2987
5884 2 2 0 1 3052 3053 2988
5885 2 2 0 1 2989 3053 2988
5886 2 2 0 1 3053 3054 2989
5887 2 2 0 1 2990 3054 2989
5888 2 2 0 1 3054 3055 2990
5889 2 2 0 1 3056 3057 2992
5890 2 2 0 1 2992 3056 2991
5891 2 2 0 1 3058 3056 2991
5892 2 2 0 1 2991 3058 2993
5893 2 2 0 1 3059 3058 2993
5894 2 2 0 1 2993 3059 2994
5895 2 2 0 1 3060 3059 2994
5896 2 2 0 1 2994 3060 2995
5897 2 2 0 1 3061 3060 2995
5898 2 2 0 1 2995 3061 2996
5899 2 2 0 1 3062 3061 2996
5900 2 2 0 1 2996 3062 2997
5901 2 2 0 1 3063 3062 2997
5902 2 2 0 1 2997 3063 2998
5903 2 2 0 1 3064 3063 2998
5904 2 2 0 1 2998 3064 2999
5905 2 2 0 1 3000 3064 2999
5906 2 2 0 1 3064 3065 3000
5907 2 2 0 1 3001 3065 3000
5908 2 2 0 1 3065 3066 3001
5909 2 2 0 1 3002 3066 3001
5910 2 2 0 1 3066 3067 3002
5911 2 2 0 1 3003 3067 3002
5912 2 2 0 1 3067 3068 3003
5913 2 2 0 1 3004 3068 3003
5914 2 2 0 1 3068 3069 3004
5915 2 2 0 1 3005 3069 3004
5916 2 2 0 1 3069 3070 3005
5917 2 2 0 1 3006 3070 3005
5918 2 2 0 1 3070 3071 3006
5919 2 2 0 1 3007 3071 3006
5920 2 2 0 1 3071 3072 3007
5921 2 2 0 1 3008 3072 3007
5922 2 2 0 1 3072 3073 3008
5923 2 2 0 1 3009 3073 3008
5924 2 2 0 1 3073 3074 3009
5925 2 2 0 1 3010 3074 3009
5926 2 2 0 1 3074 3075 3010
5927 2 2 0 1 3011 3075 3010
5928 2 2 0 1 3075 3076 3011
5929 2 2 0 1 3012 3076 3011
5930 2 2 0 1 3076 3077 3012
5931 2 2 0 1 3013 3077 3012
5932 2 2 0 1 3077 3078 3013
5933 2 2 0 1 3014 3078 3013
5934 2 2 0 1 3078 3079 3014
5935 2 2 0 1 3015 3079 3014
5936 2 2 0 1 3079 3080 3015
5937 2 2 0 1 3016 3080 3015
5938 2 2 0 1 3080 3081 3016
5939 2 2 0 1 3017 3081 3016
5940 2 2 0 1 3081 3082 3017
5941 2 2 0 1 3018 3082 3017
5942 2 2 0 1 3082 3083 3018
5943 2 2 0 1 3019 3083 3018
5944 2 2 0 1 3083 3084 3019
5945 2 2 0 1 3020 3084 3019
5946 2 2 0 1 3084 3085 3020
5947 2 2 0 1 3021 3085 3020
5948 2 2 0 1 3085 3086 3021
5949 2 2 0 1 3022 3086 3021
5950 2 2 0 1 3086 3087 3022
5951 2 2 0 1 3023 3087 3022
5952 2 2 0 1 3087 3088 3023
5953 2 2 0 1 3024 3088 3023
5954 2 2 0 1 3088 3089 3024
5955 2 2 0 1 3025 3089 3024
5956 2 2 0 1 3089 3090 3025
5957 2 2 0 1 3026 3090 3025
5958 2 2 0 1 3090 3091 3026
5959 2 2 0 1 3027 3091 3026
5960 2 2 0 1 3091 3092 3027
5961 2 2 0 1 3028 3092 3027
5962 2 2 0 1 3092 3093 3028
5963 2 2 0 1 3029 3093 3028
5964 2 2 0 1 3093 3094 3029
5965 2 2 0 1 3030 3094 3029
5966 2 2 0 1 3094 3095 3030
5967 2 2 0 1 3031 3095 3030
5968 2 2 0 1 3095 3096 3031
5969 2 2 0 1 3032 3096 3031
5970 2 2 0 1 3096 3097 3032
5971 2 2 0 1 3033 3097 3032
5972 2 2 0 1 3097 3098 3033
5973 2 2 0 1 3034 3098 3033
5974 2 2 0 1 3098 3099 3034
5975 2 2 0 1 3035 3099 3034
5976 2 2 0 1 3099 3100 3035
5977 2 2 0 1 3036 3100 3035
5978 2 2 0 1 3100 3101 3036
5979 2 2 0 1 3037 3101 3036
5980 2 2 0 1 3101 3102 3037
5981 2 2 0 1 3038 3102 3037
5982 2 2 0 1 3102 3103 3038
5983 2 2 0 1 3039 3103 3038
5984 2 2 0 1 3103 3104 3039
5985 2 2 0 1 3040 3104 3039
5986 2 2 0 1 3104 3105 3040
5987 2 2 0 1 3041 3105 3040
5988 2 2 0 1 3105 3106 3041
5989 2 2 0 1 3042 3106 3041
5990 2 2 0 1 3106 3107 3042
5991 2 2 0 1 3043 3107 3042
5992 2 2 0 1 3107 3108 3043
5993 2 2 0 1 3044 3108 3043
5994 2 2 0 1 3108 3109 3044
5995 2 2 0 1 3045 3109 3044
5996 2 2 0 1 3109 3110 3045
5997 2 2 0 1 3046 3110 3045
5998 2 2 0 1 3110 3111 3046
5999 2 2 0 1 3047 3111 3046
6000 2 2 0 1 3111 3112 3047
6001 2 2 0 1 3048 3112 3047
6002 2 2 0 1 3112 3113 3048
6003 2 2 0 1 3049 3113 3048
6004 2 2 0 1 3113 3114 3049
6005 2 2 0 1 3050 3114 3049
6006 2 2 0 1 3114 3115 3050
6007 2 2 0 1 3051 3115 3050
6008 2 2 0 1 3115 3116 3051
6009 2 2 0 1 3052 3116 3051
6010 2 2 0 1 3116 3117 3052
6011 2 2 0 1 3053 3117 3052
6012 2 2 0 1 3117 3118 3053
6013 2 2 0 1 3054 3118 3053
6014 2 2 0 1 3118 3119 3054
6015 2 2 0 1 3055 3119 3054
6016 2 2 0 1 3119 3120 3055
6017 2 2 0 1 3121 3122 3057
6018 2 2 0 1 3057 3121 3056
6019 2 2 0 1 3123 3121 3056
6020 2 2 0 1 3056 3123 3058
6021 2 2 0 1 3124 3123 3058
6022 2 2 0 1 3058 3124 3059
6023 2 2 0 1 3125 3124 3059
6024 2 2 0 1 3059 3125 3060
6025 2 2 0 1 3126 3125 3060
6026 2 2 0 1 3060 3126 3061
6027 2 2 0 1 3127 3126 3061
6028 2 2 0 1 3061 3127 3062
6029 2 2 0 1 3128 3127 3062
6030 2 2 0 1 3062 3128 3063
6031 2 2 0 1 3129 3128 3063
6032 2 2 0 1 3063 3129 3064
6033 2 2 0 1 3065 3129 3064
6034 2 2 0 1 3129 3130 3065
6035 2 2 0 1 3066 3130 3065
6036 2 2 0 1 3130 3131 3066
6037 2 2 0 1 3067 3131 3066
6038 2 2 0 1 3131 3132 3067
6039 2 2 0 1 3068 3132 3067
6040 2 2 0 1 3132 3133 3068
6041 2 2 0 1 3069 3133 3068
6042 2 2 0 1 3133 3134 3069
6043 2 2 0 1 3070 3134 3069
6044 2 2 0 1 3134 3135 3070
6045 2 2 0 1 3071 3135 3070
6046 2 2 0 1 3135 3136 3071
6047 2 2 0 1 3072 3136 3071
6048 2 2 0 1 3136 3137 3072
6049 2 2 0 1 3073 3137 3072
6050 2 2 0 1 3137 3138 3073
6051 2 2 0 1 3074 3138 3073
6052 2 2 0 1 3138 3139 3074
6053 2 2 0 1 3075 3139 3074
6054 2 2 0 1 3139 3140 3075
6055 2 2 0 1 3076 3140 3075
6056 2 2 0 1 3140 3141 3076
6057 2 2 0 1 3077 3141 3076
6058 2 2 0 1 3141 3142 3077
6059 2 2 0 1 3078 3142 3077
6060 2 2 0 1 3142 3143 3078
6061 2 2 0 1 3079 3143 3078
6062 2 2 0 1 3143 3144 3079
6063 2 2 0 1 3080 3144 3079
6064 2 2 0 1 3144 3145 3080
6065 2 2 0 1 3081 3145 3080
6066 2 2 0 1 3145 3146 3081
6067 2 2 0 1 3082 3146 3081
6068 2 2 0 1 3146 3147 3082
6069 2 2 0 1 3083 3147 3082
6070 2 2 0 1 3147 3148 3083
6071 2 2 0 1 3084 3148 3083
6072 2 2 0 1 3148 3149 3084
6073 2 2 0 1 3085 3149 3084
6074 2 2 0 1 3149 3150 3085
6075 2 2 0 1 3086 3150 3085
6076 2 2 0 1 3150 3151 3086
6077 2 2 0 1 3087 3151 3086
6078 2 2 0 1 3151 3152 3087
6079 2 2 0 1 3088 3152 3087
6080 2 2 0 1 3152 3153 3088
6081 2 2 0 1 3089 3153 3088
6082 2 2 0 1 3153 3154 3089
6083 2 2 0 1 3090 3154 3089
6084 2 2 0 1 3154 3155 3090
6085 2 2 0 1 3091 3155 3090
6086 2 2 0 1 3155 3156 3091
6087 2 2 0 1 3092 3156 3091
6088 2 2 0 1 3156 3157 3092
6089 2 2 0 1 3093 3157 3092
6090 2 2 0 1 3157 3158 3093
6091 2 2 0 1 3094 3158 3093
6092 2 2 0 1 3158 3159 3094
6093 2 2 0 1 3095 3159 3094
6094 2 2 0 1 3159 3160 3095
6095 2 2 0 1 3096 3160 3095
6096 2 2 0 1 3160 3161 3096
6097 2 2 0 1 3097 3161 3096
6098 2 2 0 1 3161 3162 3097
6099 2 2 0 1 3098 3162 3097
6100 2 2 0 1 3162 3163 3098
6101 2 2 0 1 3099 3163 3098
6102 2 2 0 1 3163 3164 3099
6103 2 2 0 1 3100 3164 3099
6104 2 2 0 1 3164 3165 3100
6105 2 2 0 1 3101 3165 3100
6106 2 2 0 1 3165 3166 3101
6107 2 2 0 1 3102 3166 3101
6108 2 2 0 1 3166 3167 3102
6109 2 2 0 1 3103 3167 3102
6110 2 2 0 1 3167 3168 3103
6111 2 2 0 1 3104 3168 3103
6112 2 2 0 1 3168 3169 3104
6113 2 2 0 1 3105 3169 3104
6114 2 2 0 1 3169 3170 3105
6115 2 2 0 1 3106 3170 3105
6116 2 2 0 1 3170 3171 3106
6117 2 2 0 1 3107 3171 3106
6118 2 2 0 1 3171 3172 3107
6119 2 2 0 1 3108 3172 3107
6120 2 2 0 1 3172 3173 3108
6121 2 2 0 1 3109 3173 3108
6122 2 2 0 1 3173 3174 3109
6123 2 2 0 1 3110 3174 3109
6124 2 2 0 1 3174 3175 3110
6125 2 2 0 1 3111 3175 3110
6126 2 2 0 1 3175 3176 3111
6127 2 2 0 1 3112 3176 3111
6128 2 2 0 1 3176 3177 3112
6129 2 2 0 1 3113 3177 3112
6130 2 2 0 1 3177 3178 3113
6131 2 2 0 1 3114 3178 3113
6132 2 2 0 1 3178 3179 3114
6133 2 2 0 1 3115 3179 3114
6134 2 2 0 1 3179 3180 3115
6135 2 2 0 1 3116 3180 3115
6136 2 2 0 1 3180 3181 3116
6137 2 2 0 1 3117 3181 3116
6138 2 2 0 1 3181 3182 3117
6139 2 2 0 1 3118 3182 3117
6140 2 2 0 1 3182 3183 3118
6141 2 2 0 1 3119 3183 3118
6142 2 2 0 1 3183 3184 3119
6143 2 2 0 1 3120 3184 3119
6144 2 2 0 1 3184 3185 3120
6145 2 2 0 1 3186 3187 3122
6146 2 2 0 1 3122 3186 3121
6147 2 2 0 1 3188 3186 3121
6148 2 2 0 1 3121 3188 3123
6149 2 2 0 1 3189 3188 3123
6150 2 2 0 1 3123 3189 3124
6151 2 2 0 1 3190 3189 3124
6152 2 2 0 1 3124 3190 3125
6153 2 2 0 1 3191 3190 3125
6154 2 2 0 1 3125 3191 3126
6155 2 2 0 1 3192 3191 3126
6156 2 2 0 1 3126 3192 3127
6157 2 2 0 1 3193 3192 3127
6158 2 2 0 1 3127 3193 3128
6159 2 2 0 1 3194 3193 3128
6160 2 2 0 1 3128 3194 3129
6161 2 2 0 1 3130 3194 3129
6162 2 2 0 1 3194 3195 3130
6163 2 2 0 1 3131 3195 3130
6164 2 2 0 1 3195 3196 3131
6165 2 2 0 1 3132 3196 3131
6166 2 2 0 1 3196 3197 3132
6167 2 2 0 1 3133 3197 3132
6168 2 2 0 1 3197 3198 3133
6169 2 2 0 1 3134 3198 3133
6170 2 2 0 1 3198 3199 3134
6171 2 2 0 1 3135 3199 3134
6172 2 2 0 1 3199 3200 3135
6173 2 2 0 1 3136 3200 3135
6174 2 2 0 1 3200 3201 3136
6175 2 2 0 1 3137 3201 3136
6176 2 2 0 1 3201 3202 3137
6177 2 2 0 1 3138 3202 3137
6178 2 2 0 1 3202 3203 3138
6179 2 2 0 1 3139 3203 3138
6180 2 2 0 1 3203 3204 3139
6181 2 2 0 1 3140 3204 3139
6182 2 2 0 1 3204 3205 3140
6183 2 2 0 1 3141 3205 3140
6184 2 2 0 1 3205 3206 3141
6185 2 2 0 1 3142 3206 3141
6186 2 2 0 1 3206 3207 3142
6187 2 2 0 1 3143 3207 3142
6188 2 2 0 1 3207 3208 3143
6189 2 2 0 1 3144 3208 3143
6190 2 2 0 1 3208 3209 3144
6191 2 2 0 1 3145 3209 3144
6192 2 2 0 1 3209 3210 3145
6193 2 2 0 1 3146 3210 3145
6194 2 2 0 1 3210 3211 3146
6195 2 2 0 1 3147 3211 3146
6196 2 2 0 1 3211 3212 3147
6197 2 2 0 1 3148 3212 3147
6198 2 2 0 1 3212 3213 3148
6199 2 2 0 1 3149 3213 3148
6200 2 2 0 1 3213 3214 3149
6201 2 2 0 1 3150 3214 3149
6202 2 2 0 1 3214 3215 3150
6203 2 2 0 1 3151 3215 3150
6204 2 2 0 1 3215 3216 3151
6205 2 2 0 1 3152 3216 3151
6206 2 2 0 1 3216 3217 3152
6207 2 2 0 1 3153 3217 3152
6208 2 2 0 1 3217 3218 3153
6209 2 2 0 1 3154 3218 3153
6210 2 2 0 1 3218 3219 3154
6211 2 2 0 1 3155 3219 3154
6212 2 2 0 1 3219 3220 3155
6213 2 2 0 1 3156 3220 3155
6214 2 2 0 1 3220 3221 3156
6215 2 2 0 1 3157 3221 3156
6216 2 2 0 1 3221 3222 3157
6217 2 2 0 1 3158 3222 3157
6218 2 2 0 1 3222 3223 3158
6219 2 2 0 1 3159 3223 3158
6220 2 2 0 1 3223 3224 3159
6221 2 2 0 1 3160 3224 3159
6222 2 2 0 1 3224 3225 3160
6223 2 2 0 1 3161 3225 3160
6224 2 2 0 1 3225 3226 3161
6225 2 2 0 1 3162 3226 3161
6226 2 2 0 1 3226 3227 3162
6227 2 2 0 1 3163 3227 3162
6228 2 2 0 1 3227 3228 3163
6229 2 2 0 1 3164 3228 3163
6230 2 2 0 1 3228 3229 3164
6231 2 2 0 1 3165 3229 3164
6232 2 2 0 1 3229 3230 3165
6233 2 2 0 1 3166 3230 3165
6234 2 2 0 1 3230 3231 3166
6235 2 2 0 1 3167 3231 3166
6236 2 2 0 1 3231 3232 3167
6237 2 2 0 1 3168 3232 3167
6238 2 2 0 1 3232 3233 3168
6239 2 2 0 1 3169 3233 3168
6240 2 2 0 1 3233 3234 3169
6241 2 2 0 1 3170 3234 3169
6242 2 2 0 1 3234 3235 3170
6243 2 2 0 1 3171 3235 3170
6244 2 2 0 1 3235 3236 3171
6245 2 2 0 1 3172 3236 3171
6246 2 2 0 1 3236 3237 3172
6247 2 2 0 1 3173 3237 3172
6248 2 2 0 1 3237 3238 3173
6249 2 2 0 1 3174 3238 3173
6250 2 2 0 1 3238 3239 3174
6251 2 2 0 1 3175 3239 3174
6252 2 2 0 1 3239 3240 3175
6253 2 2 0 1 3176 3240 3175
6254 2 2 0 1 3240 3241 3176
6255 2 2 0 1 3177 3241 3176
6256 2 2 0 1 3241 3242 3177
6257 2 2 0 1 3178 3242 3177
6258 2 2 0 1 3242 3243 3178
6259 2 2 0 1 3179 3243 3178
6260 2 2 0 1 3243 3244 3179
6261 2 2 0 1 3180 3244 3179
6262 2 2 0 1 3244 3245 3180
6263 2 2 0 1 3181 3245 3180
6264 2 2 0 1 3245 3246 3181
6265 2 2 0 1 3182 3246 3181
6266 2 2 0 1 3246 3247 3182
6267 2 2 0 1 3183 3247 3182
6268 2 2 0 1 3247 3248 3183
6269 2 2 0 1 3184 3248 3183
6270 2 2 0 1 3248 3249 3184
6271 2 2 0 1 3185 3249 3184
6272 2 2 0 1 3249 3250 3185
6273 2 2 0 1 3251 3252 3187
6274 2 2 0 1 3187 3251 3186
6275 2 2 0 1 3253 3251 3186
6276 2 2 0 1 3186 3253 3188
6277 2 2 0 1 3254 3253 3188
6278 2 2 0 1 3188 3254 3189
6279 2 2 0 1 3255 3254 3189
6280 2 2 0 1 3189 3255 3190
6281 2 2 0 1 3256 3255 3190
6282 2 2 0 1 3190 3256 3191
6283 2 2 0 1 3257 3256 3191
6284 2 2 0 1 3191 3257 3192
6285 2 2 0 1 3258 3257 3192
6286 2 2 0 1 3192 3258 3193
6287 2 2 0 1 3259 3258 3193
6288 2 2 0 1 3193 3259 3194
6289 2 2 0 1 3195 3259 3194
6290 2 2 0 1 3259 3260 3195
6291 2 2 0 1 3196 3260 3195
6292 2 2 0 1 3260 3261 3196
6293 2 2 0 1 3197 3261 3196
6294 2 2 0 1 3261 3262 3197
6295 2 2 0 1 3198 3262 3197
6296 2 2 0 1 3262 3263 3198
6297 2 2 0 1 3199 3263 3198
6298 2 2 0 1 3263 3264 3199
6299 2 2 0 1 3200 3264 3199
6300 2 2 0 1 3264 3265 3200
6301 2 2 0 1 3201 3265 3200
6302 2 2 0 1 3265 3266 3201
6303 2 2 0 1 3202 3266 3201
6304 2 2 0 1 3266 3267 3202
6305 2 2 0 1 3203 3267 3202
6306 2 2 0 1 3267 3268 3203
6307 2 2 0 1 3204 3268 3203
6308 2 2 0 1 3268 3269 3204
6309 2 2 0 1 3205 3269 3204
6310 2 2 0 1 3269 3270 3205
6311 2 2 0 1 3206 3270 3205
6312 2 2 0 1 3270 3271 3206
6313 2 2 0 1 3207 3271 3206
6314 2 2 0 1 3271 3272 3207
6315 2 2 0 1 3208 3272 3207
6316 2 2 0 1 3272 3273 3208
6317 2 2 0 1 3209 3273 3208
6318 2 2 0 1 3273 3274 3209
6319 2 2 0 1 3210 3274 3209
6320 2 2 0 1 3274 3275 3210
6321 2 2 0 1 3211 3275 3210
6322 2 2 0 1 3275 3276 3211
6323 2 2 0 1 3212 3276 3211
6324 2 2 0 1 3276 3277 3212
6325 2 2 0 1 3213 3277 3212
6326 2 2 0 1 3277 3278 3213
6327 2 2 0 1 3214 3278 3213
6328 2 2 0 1 3278 3279 3214
6329 2 2 0 1 3215 3279 3214
6330 2 2 0 1 3279 3280 3215
6331 2 2 0 1 3216 3280 3215
6332 2 2 0 1 3280 3281 3216
6333 2 2 0 1 3217 3281 3216
6334 2 2 0 1 3281 3282 3217
6335 2 2 0 1 3218 3282 3217
6336 2 2 0 1 3282 3283 3218
6337 2 2 0 1 3219 3283 3218
6338 2 2 0 1 3283 3284 3219
6339 2 2 0 1 3220 3284 3219
6340 2 2 0 1 3284 3285 3220
6341 2 2 0 1 3221 3285 3220
6342 2 2 0 1 3285 3286 3221
6343 2 2 0 1 3222 3286 3221
6344 2 2 0 1 3286 3287 3222
6345 2 2 0 1 3223 3287 3222
6346 2 2 0 1 3287 3288 3223
6347 2 2 0 1 3224 3288 3223
6348 2 2 0 1 3288 3289 3224
6349 2 2 0 1 3225 3289 3224
6350 2 2 0 1 3289 3290 3225
6351 2 2 0 1 3226 3290 3225
6352 2 2 0 1 3290 3291 3226
6353 2 2 0 1 3227 3291 3226
6354 2 2 0 1 3291 3292 3227
6355 2 2 0 1 3228 3292 3227
6356 2 2 0 1 3292 3293 3228
6357 2 2 0 1 3229 3293 3228
6358 2 2 0 1 3293 3294 3229
6359 2 2 0 1 3230 3294 3229
6360 2 2 0 1 3294 3295 3230
6361 2 2 0 1 3231 3295 3230
6362 2 2 0 1 3295 3296 3231
6363 2 2 0 1 3232 3296 3231
6364 2 2 0 1 3296 3297 3232
6365 2 2 0 1 3233 3297 3232
6366 2 2 0 1 3297 3298 3233
6367 2 2 0 1 3234 3298 3233
6368 2 2 0 1 3298 3299 3234
6369 2 2 0 1 3235 3299 3234
6370 2 2 0 1 3299 3300 3235
6371 2 2 0 1 3236 3300 3235
6372 2 2 0 1 3300 3301 3236
6373 2 2 0 1 3237 3301 3236
6374 2 2 0 1 3301 3302 3237
6375 2 2 0 1 3238 3302 3237
6376 2 2 0 1 3302 3303 3238
6377 2 2 0 1 3239 3303 3238
6378 2 2 0 1 3303 3304 3239
6379 2 2 0 1 3240 3304 3239
6380 2 2 0 1 3304 3305 3240
6381 2 2 0 1 3241 3305 3240
6382 2 2 0 1 3305 3306 3241
6383 2 2 0 1 3242 3306 3241
6384 2 2 0 1 3306 3307 3242
6385 2 2 0 1 3243 3307 3242
6386 2 2 0 1 3307 3308 3243
6387 2 2 0 1 3244 3308 3243
6388 2 2 0 1 3308 3309 3244
6389 2 2 0 1 3245 3309 3244
6390 2 2 0 1 3309 3310 3245
6391 2 2 0 1 3246 3310 3245
6392 2 2 0 1 3310 3311 3246
6393 2 2 0 1 3247 3311 3246
6394 2 2 0 1 3311 3312 3247
6395 2 2 0 1 3248 3312 3247
6396 2 2 0 1 3312 3313 3248
6397 2 2 0 1 3249 3313 3248
6398 2 2 0 1 3313 3314 3249
6399 2 2 0 1 3250 3314 3249
6400 2 2 0 1 3314 3315 3250
6401 2 2 0 1 3316 3317 3252
6402 2 2 0 1 3252 3316 3251
6403 2 2 0 1 3318 3316 3251
6404 2 2 0 1 3251 3318 3253
6405 2 2 0 1 3319 3318 3253
6406 2 2 0 1 3253 3319 3254
6407 2 2 0 1 3320 3319 3254
6408 2 2 0 1 3254 3320 3255
6409 2 2 0 1 3321 3320 3255
6410 2 2 0 1 3255 3321 3256
6411 2 2 0 1 3322 3321 3256
6412 2 2 0 1 3256 3322 3257
6413 2 2 0 1 3323 3322 3257
6414 2 2 0 1 3257 3323 3258
6415 2 2 0 1 3324 3323 3258
6416 2 2 0 1 3258 3324 3259
6417 2 2 0 1 3260 3324 3259
6418 2 2 0 1 3324 3325 3260
6419 2 2 0 1 3261 3325 3260
6420 2 2 0 1 3325 3326 3261
6421 2 2 0 1 3262 3326 3261
6422 2 2 0 1 3326 3327 3262
6423 2 2 0 1 3263 3327 3262
6424 2 2 0 1 3327 3328 3263
6425 2 2 0 1 3264 3328 3263
6426 2 2 0 1 3328 3329 3264
6427 2 2 0 1 3265 3329 3264
6428 2 2 0 1 3329 3330 3265
6429 2 2 0 1 3266 3330 3265
6430 2 2 0 1 3330 3331 3266
6431 2 2 0 1 3267 3331 3266
6432 2 2 0 1 3331 3332 3267
6433 2 2 0 1 3268 3332 3267
6434 2 2 0 1 3332 3333 3268
6435 2 2 0 1 3269 3333 3268
6436 2 2 0 1 3333 3334 3269
6437 2 2 0 1 3270 3334 3269
6438 2 2 0 1 3334 3335 3270
6439 2 2 0 1 3271 3335 3270
6440 2 2 0 1 3335 3336 3271
6441 2 2 0 1 3272 3336 3271
6442 2 2 0 1 3336 3337 3272
6443 2 2 0 1 3273 3337 3272
6444 2 2 0 1 3337 3338 3273
6445 2 2 0 1 3274 3338 3273
6446 2 2 0 1 3338 3339 3274
6447 2 2 0 1 3275 3339 3274
6448 2 2 0 1 3339 3340 3275
6449 2 2 0 1 3276 3340 3275
6450 2 2 0 1 3340 3341 3276
6451 2 2 0 1 3277 3341 3276
6452 2 2 0 1 3341 3342 3277
6453 2 2 0 1 3278 3342 3277
6454 2 2 0 1 3342 3343 3278
6455 2 2 0 1 3279 3343 3278
6456 2 2 0 1 3343 3344 3279
6457 2 2 0 1 3280 3344 3279
6458 2 2 0 1 3344 3345 3280
6459 2 2 0 1 3281 3345 3280
6460 2 2 0 1 3345 3346 3281
6461 2 2 0 1 3282 3346 3281
6462 2 2 0 1 3346 3347 3282
6463 2 2 0 1 3283 3347 3282
6464 2 2 0 1 3347 3348 3283
6465 2 2 0 1 3284 3348 3283
6466 2 2 0 1 3348 3349 3284
6467 2 2 0 1 3285 3349 3284
6468 2 2 0 1 3349 3350 3285
6469 2 2 0 1 3286 3350 3285
6470 2 2 0 1 3350 3351 3286
6471 2 2 0 1 3287 3351 3286
6472 2 2 0 1 3351 3352 3287
6473 2 2 0 1 3288 3352 3287
6474 2 2 0 1 3352 3353 3288
6475 2 2 0 1 3289 3353 3288
6476 2 2 0 1 3353 3354 3289
6477 2 2 0 1 3290 3354 3289
6478 2 2 0 1 3354 3355 3290
6479 2 2 0 1 3291 3355 3290
6480 2 2 0 1 3355 3356 3291
6481 2 2 0 1 3292 3356 3291
6482 2 2 0 1 3356 3357 3292
6483 2 2 0 1 3293 3357 3292
6484 2 2 0 1 3357 3358 3293
6485 2 2 0 1 3294 3358 3293
6486 2 2 0 1 3358 3359 3294
6487 2 2 0 1 3295 3359 3294
6488 2 2 0 1 3359 3360 3295
6489 2 2 0 1 3296 3360 3295
6490 2 2 0 1 3360 3361 3296
6491 2 2 0 1 3297 3361 3296
6492 2 2 0 1 3361 3362 3297
6493 2 2 0 1 3298 3362 3297
6494 2 2 0 1 3362 3363 3298
6495 2 2 0 1 3299 3363 3298
6496 2 2 0 1 3363 3364 3299
6497 2 2 0 1 3300 3364 3299
6498 2 2 0 1 3364 3365 3300
6499 2 2 0 1 3301 3365 3300
6500 2 2 0 1 3365 3366 3301
6501 2 2 0 1 3302 3366 3301
6502 2 2 0 1 3366 3367 3302
6503 2 2 0 1 3303 3367 3302
6504 2 2 0 1 3367 3368 3303
6505 2 2 0 1 3304 3368 3303
6506 2 2 0 1 3368 3369 3304
6507 2 2 0 1 3305 3369 3304
6508 2 2 0 1 3369 3370 3305
6509 2 2 0 1 3306 3370 3305
6510 2 2 0 1 3370 3371 3306
6511 2 2 0 1 3307 3371 3306
6512 2 2 0 1 3371 3372 3307
6513 2 2 0 1 3308 3372 3307
6514 2 2 0 1 3372 3373 3308
6515 2 2 0 1 3309 3373 3308
6516 2 2 0 1 3373 3374 3309
6517 2 2 0 1 3310 3374 3309
6518 2 2 0 1 3374 3375 3310
6519 2 2 0 1 3311 3375 3310
6520 2 2 0 1 3375 3376 3311
6521 2 2 0 1 3312 3376 3311
6522 2 2 0 1 3376 3377 3312
6523 2 2 0 1 3313 3377 3312
6524 2 2 0 1 3377 3378 3313
6525 2 2 0 1 3314 3378 3313
6526 2 2 0 1 3378 3379 3314
6527 2 2 0 1 3315 3379 3314
6528 2 2 0 1 3379 3380 3315
6529 2 2 0 1 3381 3382 3317
6530 2 2 0 1 3317 3381 3316
6531 2 2 0 1 3383 3381 3316
6532 2 2 0 1 3316 3383 3318
6533 2 2 0 1 3384 3383 3318
6534 2 2 0 1 3318 3384 3319
6535 2 2 0 1 3385 3384 3319
6536 2 2 0 1 3319 3385 3320
6537 2 2 0 1 3386 3385 3320
6538 2 2 0 1 3320 3386 3321
6539 2 2 0 1 3387 3386 3321
6540 2 2 0 1 3321 3387 3322
6541 2 2 0 1 3388 3387 3322
6542 2 2 0 1 3322 3388 3323
6543 2 2 0 1 3389 3388 3323
6544 2 2 0 1 3323 3389 3324
6545 2 2 0 1 3325 3389 3324
6546 2 2 0 1 3389 3390 3325
6547 2 2 0 1 3326 3390 3325
6548 2 2 0 1 3390 3391 3326
6549 2 2 0 1 3327 3391 3326
6550 2 2 0 1 3391 3392 3327
6551 2 2 0 1 3328 3392 3327
6552 2 2 0 1 3392 3393 3328
6553 2 2 0 1 3329 3393 3328
6554 2 2 0 1 3393 3394 3329
6555 2 2 0 1 3330 3394 3329
6556 2 2 0 1 3394 3395 3330
6557 2 2 0 1 3331 3395 3330
6558 2 2 0 1 3395 3396 3331
6559 2 2 0 1 3332 3396 3331
6560 2 2 0 1 3396 3397 3332
6561 2 2 0 1 3333 3397 3332
6562 2 2 0 1 3397 3398 3333
6563 2 2 0 1 3334 3398 3333
6564 2 2 0 1 3398 3399 3334
6565 2 2 0 1 3335 3399 3334
6566 2 2 0 1 3399 3400 3335
6567 2 2 0 1 3336 3400 3335
6568 2 2 0 1 3400 3401 3336
6569 2 2 0 1 3337 3401 3336
6570 2 2 0 1 3401 3402 3337
6571 2 2 0 1 3338 3402 3337
6572 2 2 0 1 3402 3403 3338
6573 2 2 0 1 3339 3403 3338
6574 2 2 0 1 3403 3404 3339
6575 2 2 0 1 3340 3404 3339
6576 2 2 0 1 3404 3405 3340
6577 2 2 0 1 3341 3405 3340
6578 2 2 0 1 3405 3406 3341
6579 2 2 0 1 3342 3406 3341
6580 2 2 0 1 3406 3407 3342
6581 2 2 0 1 3343 3407 3342
6582 2 2 0 1 3407 3408 3343
6583 2 2 0 1 3344 3408 3343
6584 2 2 0 1 3408 3409 3344
6585 2 2 0 1 3345 3409 3344
6586 2 2 0 1 3409 3410 3345
6587 2 2 0 1 3346 3410 3345
6588 2 2 0 1 3410 3411 3346
6589 2 2 0 1 3347 3411 3346
6590 2 2 0 1 3411 3412 3347
6591 2 2 0 1 3348 3412 3347
6592 2 2 0 1 3412 3413 3348
6593 2 2 0 1 3349 3413 3348
6594 2 2 0 1 3413 3414 3349
6595 2 2 0 1 3350 3414 3349
6596 2 2 0 1 3414 3415 3350
6597 2 2 0 1 3351 3415 3350
6598 2 2 0 1 3415 3416 3351
6599 2 2 0 1 3352 3416 3351
6600 2 2 0 1 3416 3417 3352
6601 2 2 0 1 3353 3417 3352
6602 2 2 0 1 3417 3418 3353
6603 2 2 0 1 3354 3418 3353
6604 2 2 0 1 3418 3419 3354
6605 2 2 0 1 3355 3419 3354
6606 2 2 0 1 3419 3420 3355
6607 2 2 0 1 3356 3420 3355
6608 2 2 0 1 3420 3421 3356
6609 2 2 0 1 3357 3421 3356
6610 2 2 0 1 3421 3422 3357
6611 2 2 0 1 3358 3422 3357
6612 2 2 0 1 3422 3423 3358
6613 2 2 0 1 3359 3423 3358
6614 2 2 0 1 3423 3424 3359
6615 2 2 0 1 3360 3424 3359
6616 2 2 0 1 3424 3425 3360
6617 2 2 0 1 3361 3425 3360
6618 2 2 0 1 3425 3426 3361
6619 2 2 0 1 3362 3426 3361
6620 2 2 0 1 3426 3427 3362
6621 2 2 0 1 3363 3427 3362
6622 2 2 0 1 3427 3428 3363
6623 2 2 0 1 3364 3428 3363
6624 2 2 0 1 3428 3429 3364
6625 2 2 0 1 3365 3429 3364
6626 2 2 0 1 3429 3430 3365
6627 2 2 0 1 3366 3430 3365
6628 2 2 0 1 3430 3431 3366
6629 2 2 0 1 3367 3431 3366
6630 2 2 0 1 3431 3432 3367
6631 2 2 0 1 3368 3432 3367
6632 2 2 0 1 3432 3433 3368
6633 2 2 0 1 3369 3433 3368
6634 2 2 0 1 3433 3434 3369
6635 2 2 0 1 3370 3434 3369
6636 2 2 0 1 3434 3435 3370
6637 2 2 0 1 3371 3435 3370
6638 2 2 0 1 3435 3436 3371
6639 2 2 0 1 3372 3436 3371
6640 2 2 0 1 3436 3437 3372
6641 2 2 0 1 3373 3437 3372
6642 2 2 0 1 3437 3438 3373
6643 2 2 0 1 3374 3438 3373
6644 2 2 0 1 3438 3439 3374
6645 2 2 0 1 3375 3439 3374
6646 2 2 0 1 3439 3440 3375
6647 2 2 0 1 3376 3440 3375
6648 2 2 0 1 3440 3441 3376
6649 2 2 0 1 3377 3441 3376
6650 2 2 0 1 3441 3442 3377
6651 2 2 0 1 3378 3442 3377
6652 2 2 0 1 3442 3443 3378
6653 2 2 0 1 3379 3443 3378
6654 2 2 0 1 3443 3444 3379
6655 2 2 0 1 3380 3444 3379
6656 2 2 0 1 3444 3445 3380
6657 2 2 0 1 3446 3447 3382
6658 2 2 0 1 3382 3446 3381
6659 2 2 0 1 3448 3446 3381
6660 2 2 0 1 3381 3448 3383
6661 2 2 0 1 3449 3448 3383
6662 2 2 0 1 3383 3449 3384
6663 2 2 0 1 3450 3449 3384
6664 2 2 0 1 3384 3450 3385
6665 2 2 0 1 3451 3450 3385
6666 2 2 0 1 3385 3451 3386
6667 2 2 0 1 3452 3451 3386
6668 2 2 0 1 3386 3452 3387
6669 2 2 0 1 3453 3452 3387
6670 2 2 0 1 3387 3453 3388
6671 2 2 0 1 3454 3453 3388
6672 2 2 0 1 3388 3454 3389
6673 2 2 0 1 3390 3454 3389
6674 2 2 0 1 3454 3455 3390
6675 2 2 0 1 3391 3455 3390
6676 2 2 0 1 3455 3456 3391
6677 2 2 0 1 3392 3456 3391
6678 2 2 0 1 3456 3457 3392
6679 2 2 0 1 3393 3457 3392
6680 2 2 0 1 3457 3458 3393
6681 2 2 0 1 3394 3458 3393
6682 2 2 0 1 3458 3459 3394
6683 2 2 0 1 3395 3459 3394
6684 2 2 0 1 3459 3460 3395
6685 2 2 0 1 3396 3460 3395
6686 2 2 0 1 3460 3461 3396
6687 2 2 0 1 3397 3461 3396
6688 2 2 0 1 3461 3462 3397
6689 2 2 0 1 3398 3462 3397
6690 2 2 0 1 3462 3463 3398
6691 2 2 0 1 3399 3463 3398
6692 2 2 0 1 3463 3464 3399
6693 2 2 0 1 3400 3464 3399
6694 2 2 0 1 3464 3465 3400
6695 2 2 0 1 3401 3465 3400
6696 2 2 0 1 3465 3466 3401
6697 2 2 0 1 3402 3466 3401
6698 2 2 0 1 3466 3467 3402
6699 2 2 0 1 3403 3467 3402
6700 2 2 0 1 3467 3468 3403
6701 2 2 0 1 3404 3468 3403
6702 2 2 0 1 3468 3469 3404
6703 2 2 0 1 3405 3469 3404
6704 2 2 0 1 3469 3470 3405
6705 2 2 0 1 3406 3470 3405
6706 2 2 0 1 3470 3471 3406
6707 2 2 0 1 3407 3471 3406
6708 2 2 0 1 3471 3472 3407
6709 2 2 0 1 3408 3472 3407
6710 2 2 0 1 3472 3473 3408
6711 2 2 0 1 3409 3473 3408
6712 2 2 0 1 3473 3474 3409
6713 2 2 0 1 3410 3474 3409
6714 2 2 0 1 3474 3475 3410
6715 2 2 0 1 3411 3475 3410
6716 2 2 0 1 3475 3476 3411
6717 2 2 0 1 3412 3476 3411
6718 2 2 0 1 3476 3477 3412
6719 2 2 0 1 3413 3477 3412
6720 2 2 0 1 3477 3478 3413
6721 2 2 0 1 3414 3478 3413
6722 2 2 0 1 3478 3479 3414
6723 2 2 0 1 3415 3479 3414
6724 2 2 0 1 3479 3480 3415
6725 2 2 0 1 3416 3480 3415
6726 2 2 0 1 3480 3481 3416
6727 2 2 0 1 3417 3481 3416
6728 2 2 0 1 3481 3482 3417
6729 2 2 0 1 3418 3482 3417
6730 2 2 0 1 3482 3483 3418
6731 2 2 0 1 3419 3483 3418
6732 2 2 0 1 3483 3484 3419
6733 2 2 0 1 3420 3484 3419
6734 2 2 0 1 3484 3485 3420
6735 2 2 0 1 3421 3485 3420
6736 2 2 0 1 3485 3486 3421
6737 2 2 0 1 3422 3486 3421
6738 2 2 0 1 3486 3487 3422
6739 2 2 0 1 3423 3487 3422
6740 2 2 0 1 3487 3488 3423
6741 2 2 0 1 3424 3488 3423
6742 2 2 0 1 3488 3489 3424
6743 2 2 0 1 3425 3489 3424
6744 2 2 0 1 3489 3490 3425
6745 2 2 0 1 3426 3490 3425
6746 2 2 0 1 3490 3491 3426
6747 2 2 0 1 3427 3491 3426
6748 2 2 0 1 3491 3492 3427
6749 2 2 0 1 3428 3492 3427
6750 2 2 0 1 3492 3493 3428
6751 2 2 0 1 3429 3493 3428
6752 2 2 0 1 3493 3494 3429
6753 2 2 0 1 3430 3494 3429
6754 2 2 0 1 3494 3495 3430
6755 2 2 0 1 3431 3495 3430
6756 2 2 0 1 3495 3496 3431
6757 2 2 0 1 3432 3496 3431
6758 2 2 0 1 3496 3497 3432
6759 2 2 0 1 3433 3497 3432
6760 2 2 0 1 3497 3498 3433
6761 2 2 0 1 3434 3498 3433
6762 2 2 0 1 3498 3499 3434
6763 2 2 0 1 3435 3499 3434
6764 2 2 0 1 3499 3500 3435
6765 2 2 0 1 3436 3500 3435
6766 2 2 0 1 3500 3501 3436
6767 2 2 0 1 3437 3501 3436
6768 2 2 0 1 3501 3502 3437
6769 2 2 0 1 3438 3502 3437
6770 2 2 0 1 3502 3503 3438
6771 2 2 0 1 3439 3503 3438
6772 2 2 0 1 3503 3504 3439
6773 2 2 0 1 3440 3504 3439
6774 2 2 0 1 3504 3505 3440
6775 2 2 0 1 3441 3505 3440
6776 2 2 0 1 3505 3506 3441
6777 2 2 0 1 3442 3506 3441
6778 2 2 0 1 3506 3507 3442
6779 2 2 0 1 3443 3507 3442
6780 2 2 0 1 3507 3508 3443
6781 2 2 0 1 3444 3508 3443
6782 2 2 0 1 3508 3509 3444
6783 2 2 0 1 3445 3509 3444
6784 2 2 0 1 3509 3510 3445
6785 2 2 0 1 3511 3512 3447
6786 2 2 0 1 3447 3511 3446
6787 2 2 0 1 3513 3511 3446
6788 2 2 0 1 3446 3513 3448
6789 2 2 0 1 3514 3513 3448
6790 2 2 0 1 3448 3514 3449
6791 2 2 0 1 3515 3514 3449
6792 2 2 0 1 3449 3515 3450
6793 2 2 0 1 3516 3515 3450
6794 2 2 0 1 3450 3516 3451
6795 2 2 0 1 3517 3516 3451
6796 2 2 0 1 3451 3517 3452
6797 2 2 0 1 3518 3517 3452
6798 2 2 0 1 3452 3518 3453
6799 2 2 0 1 3519 3518 3453
6800 2 2 0 1 3453 3519 3454
6801 2 2 0 1 3455 3519 3454
6802 2 2 0 1 3519 3520 3455
6803 2 2 0 1 3456 3520 3455
6804 2 2 0 1 3520 3521 3456
6805 2 2 0 1 3457 3521 3456
6806 2 2 0 1 3521 3522 3457
6807 2 2 0 1 3458 3522 3457
6808 2 2 0 1 3522 3523 3458
6809 2 2 0 1 3459 3523 3458
6810 2 2 0 1 3523 3524 3459
6811 2 2 0 1 3460 3524 3459
6812 2 2 0 1 3524 3525 3460
6813 2 2 0 1 3461 3525 3460
6814 2 2 0 1 3525 3526 3461
6815 2 2 0 1 3462 3526 3461
6816 2 2 0 1 3526 3527 3462
6817 2 2 0 1 3463 3527 3462
6818 2 2 0 1 3527 3528 3463
6819 2 2 0 1 3464 3528 3463
6820 2 2 0 1 3528 3529 3464
6821 2 2 0 1 3465 3529 3464
6822 2 2 0 1 3529 3530 3465
6823 2 2 0 1 3466 3530 3465
6824 2 2 0 1 3530 3531 3466
6825 2 2 0 1 3467 3531 3466
6826 2 2 0 1 3531 3532 3467
6827 2 2 0 1 3468 3532 3467
6828 2 2 0 1 3532 3533 3468
6829 2 2 0 1 3469 3533 3468
6830 2 2 0 1 3533 3534 3469
6831 2 2 0 1 3470 3534 3469
6832 2 2 0 1 3534 3535 3470
6833 2 2 0 1 3471 3535 3470
6834 2 2 0 1 3535 3536 3471
6835 2 2 0 1 3472 3536 3471
6836 2 2 0 1 3536 3537 3472
6837 2 2 0 1 3473 3537 3472
6838 2 2 0 1 3537 3538 3473
6839 2 2 0 1 3474 3538 3473
6840 2 2 0 1 3538 3539 3474
6841 2 2 0 1 3475 3539 3474
6842 2 2 0 1 3539 3540 3475
6843 2 2 0 1 3476 3540 3475
6844 2 2 0 1 3540 3541 3476
6845 2 2 0 1 3477 3541 3476
6846 2 2 0 1 3541 3542 3477
6847 2 2 0 1 3478 3542 3477
6848 2 2 0 1 3542 3543 3478
6849 2 2 0 1 3479 3543 3478
6850 2 2 0 1 3543 3544 3479
6851 2 2 0 1 3480 3544 3479
6852 2 2 0 1 3544 3545 3480
6853 2 2 0 1 3481 3545 3480
6854 2 2 0 1 3545 3546 3481
6855 2 2 0 1 3482 3546 3481
6856 2 2 0 1 3546 3547 3482
6857 2 2 0 1 3483 3547 3482
6858 2 2 0 1 3547 3548 3483
6859 2 2 0 1 3484 3548 3483
6860 2 2 0 1 3548 3549 3484
6861 2 2 0 1 3485 3549 3484
6862 2 2 0 1 3549 3550 3485
6863 2 2 0 1 3486 3550 3485
6864 2 2 0 1 3550 3551 3486
6865 2 2 0 1 3487 3551 3486
6866 2 2 0 1 3551 3552 3487
6867 2 2 0 1 3488 3552 3487
6868 2 2 0 1 3552 3553 3488
6869 2 2 0 1 3489 3553 3488
6870 2 2 0 1 3553 3554 3489
6871 2 2 0 1 3490 3554 3489
6872 2 2 0 1 3554 3555 3490
6873 2 2 0 1 3491 3555 3490
6874 2 2 0 1 3555 3556 3491
6875 2 2 0 1 3492 3556 3491
6876 2 2 0 1 3556 3557 3492
6877 2 2 0 1 3493 3557 3492
6878 2 2 0 1 3557 3558 3493
6879 2 2 0 1 3494 3558 3493
6880 2 2 0 1 3558 3559 3494
6881 2 2 0 1 3495 3559 3494
6882 2 2 0 1 3559 3560 3495
6883 2 2 0 1 3496 3560 3495
6884 2 2 0 1 3560 3561 3496
6885 2 2 0 1 3497 3561 3496
6886 2 2 0 1 3561 3562 3497
6887 2 2 0 1 3498 3562 3497
6888 2 2 0 1 3562 3563 3498
6889 2 2 0 1 3499 3563 3498
6890 2 2 0 1 3563 3564 3499
6891 2 2 0 1 3500 3564 3499
6892 2 2 0 1 3564 3565 3500
6893 2 2 0 1 3501 3565 3500
6894 2 2 0 1 3565 3566 3501
6895 2 2 0 1 3502 3566 3501
6896 2 2 0 1 3566 3567 3502
6897 2 2 0 1 3503 3567 3502
6898 2 2 0 1 3567 3568 3503
6899 2 2 0 1 3504 3568 3503
6900 2 2 0 1 3568 3569 3504
6901 2 2 0 1 3505 3569 3504
6902 2 2 0 1 3569 3570 3505
6903 2 2 0 1 3506 3570 3505
6904 2 2 0 1 3570 3571 3506
6905 2 2 0 1 3507 3571 3506
6906 2 2 0 1 3571 3572 3507
6907 2 2 0 1 3508 3572 3507
6908 2 2 0 1 3572 3573 3508
6909 2 2 0 1 3509 3573 3508
6910 2 2 0 1 3573 3574 3509
6911 2 2 0 1 3510 3574 3509
6912 2 2 0 1 3574 3575 3510
6913 2 2 0 1 3576 3577 3512
6914 2 2 0 1 3512 3576 3511
6915 2 2 0 1 3578 3576 3511
6916 2 2 0 1 3511 3578 3513
6917 2 2 0 1 3579 3578 3513
6918 2 2 0 1 3513 3579 3514
6919 2 2 0 1 3580 3579 3514
6920 2 2 0 1 3514 3580 3515
6921 2 2 0 1 3581 3580 3515
6922 2 2 0 1 3515 3581 3516
6923 2 2 0 1 3582 3581 3516
6924 2 2 0 1 3516 3582 3517
6925 2 2 0 1 3583 3582 3517
6926 2 2 0 1 3517 3583 3518
6927 2 2 0 1 3584 3583 3518
6928 2 2 0 1 3518 3584 3519
6929 2 2 0 1 3520 3584 3519
6930 2 2 0 1 3584 3585 3520
6931 2 2 0 1 3521 3585 3520
6932 2 2 0 1 3585 3586 3521
6933 2 2 0 1 3522 3586 3521
6934 2 2 0 1 3586 3587 3522
6935 2 2 0 1 3523 3587 3522
6936 2 2 0 1 3587 3588 3523
6937 2 2 0 1 3524 3588 3523
6938 2 2 0 1 3588 3589 3524
6939 2 2 0 1 3525 3589 3524
6940 2 2 0 1 3589 3590 3525
6941 2 2 0 1 3526 3590 3525
6942 2 2 0 1 3590 3591 3526
6943 2 2 0 1 3527 3591 3526
6944 2 2 0 1 3591 3592 3527
6945 2 2 0 1 3528 3592 3527
6946 2 2 0 1 3592 3593 3528
6947 2 2 0 1 3529 3593 3528
6948 2 2 0 1 3593 3594 3529
6949 2 2 0 1 3530 3594 3529
6950 2 2 0 1 3594 3595 3530
6951 2 2 0 1 3531 3595 3530
6952 2 2 0 1 3595 3596 3531
6953 2 2 0 1 3532 3596 3531
6954 2 2 0 1 3596 3597 3532
6955 2 2 0 1 3533 3597 3532
6956 2 2 0 1 3597 3598 3533
6957 2 2 0 1 3534 3598 3533
6958 2 2 0 1 3598 3599 3534
6959 2 2 0 1 3535 3599 3534
6960 2 2 0 1 3599 3600 3535
6961 2 2 0 1 3536 3600 3535
6962 2 2 0 1 3600 3601 3536
6963 2 2 0 1 3537 3601 3536
6964 2 2 0 1 3601 3602 3537
6965 2 2 0 1 3538 3602 3537
6966 2 2 0 1 3602 3603 3538
6967 2 2 0 1 3539 3603 3538
6968 2 2 0 1 3603 3604 3539
6969 2 2 0 1 3540 3604 3539
6970 2 2 0 1 3604 3605 3540
6971 2 2 0 1 3541 3605 3540
6972 2 2 0 1 3605 3606 3541
6973 2 2 0 1 3542 3606 3541
6974 2 2 0 1 3606 3607 3542
6975 2 2 0 1 3543 3607 3542
6976 2 2 0 1 3607 3608 3543
6977 2 2 0 1 3544 3608 3543
6978 2 2 0 1 3608 3609 3544
6979 2 2 0 1 3545 3609 3544
6980 2 2 0 1 3609 3610 3545
6981 2 2 0 1 3546 3610 3545
6982 2 2 0 1 3610 3611 3546
6983 2 2 0 1 3547 3611 3546
6984 2 2 0 1 3611 3612 3547
6985 2 2 0 1 3548 3612 3547
6986 2 2 0 1 3612 3613 3548
6987 2 2 0 1 3549 3613 3548
6988 2 2 0 1 3613 3614 3549
6989 2 2 0 1 3550 3614 3549
6990 2 2 0 1 3614 3615 3550
6991 2 2 0 1 3551 3615 3550
6992 2 2 0 1 3615 3616 3551
6993 2 2 0 1 3552 3616 3551
6994 2 2 0 1 3616 3617 3552
6995 2 2 0 1 3553 3617 3552
6996 2 2 0 1 3617 3618 3553
6997 2 2 0 1 3554 3618 3553
6998 2 2 0 1 3618 3619 3554
6999 2 2 0 1 3555 3619 3554
7000 2 2 0 1 3619 3620 3555
7001 2 2 0 1 3556 3620 3555
7002 2 2 0 1 3620 3621 3556
7003 2 2 0 1 3557 3621 3556
7004 2 2 0 1 3621 3622 3557
7005 2 2 0 1 3558 3622 3557
7006 2 2 0 1 3622 3623 3558
7007 2 2 0 1 3559 3623 3558
7008 2 2 0 1 3623 3624 3559
7009 2 2 0 1 3560 3624 3559
7010 2 2 0 1 3624 3625 3560
7011 2 2 0 1 3561 3625 3560
7012 2 2 0 1 3625 3626 3561
7013 2 2 0 1 3562 3626 3561
7014 2 2 0 1 3626 3627 3562
7015 2 2 0 1 3563 3627 3562
7016 2 2 0 1 3627 3628 3563
7017 2 2 0 1 3564 3628 3563
7018 2 2 0 1 3628 3629 3564
7019 2 2 0 1 3565 3629 3564
7020 2 2 0 1 3629 3630 3565
7021 2 2 0 1 3566 3630 3565
7022 2 2 0 1 3630 3631 3566
7023 2 2 0 1 3567 3631 3566
7024 2 2 0 1 3631 3632 3567
7025 2 2 0 1 3568 3632 3567
7026 2 2 0 1 3632 3633 3568
7027 2 2 0 1 3569 3633 3568
7028 2 2 0 1 3633 3634 3569
7029 2 2 0 1 3570 3634 3569
7030 2 2 0 1 3634 3635 3570
7031 2 2 0 1 3571 3635 3570
7032 2 2 0 1 3635 3636 3571
7033 2 2 0 1 3572 3636 3571
7034 2 2 0 1 3636 3637 3572
7035 2 2 0 1 3573 3637 3572
7036 2 2 0 1 3637 3638 3573
7037 2 2 0 1 3574 3638 3573
7038 2 2 0 1 3638 3639 3574
7039 2 2 0 1 3575 3639 3574
7040 2 2 0 1 3639 3640 3575
7041 2 2 0 1 3641 3642 3577
7042 2 2 0 1 3577 3641 3576
7043 2 2 0 1 3643 3641 3576
7044 2 2 0 1 3576 3643 3578
7045 2 2 0 1 3644 3643 3578
7046 2 2 0 1 3578 3644 3579
7047 2 2 0 1 3645 3644 3579
7048 2 2 0 1 3579 3645 3580
7049 2 2 0 1 3646 3645 3580
7050 2 2 0 1 3580 3646 3581
7051 2 2 0 1 3647 3646 3581
7052 2 2 0 1 3581 3647 3582
7053 2 2 0 1 3648 3647 3582
7054 2 2 0 1 3582 3648 3583
7055 2 2 0 1 3649 3648 3583
7056 2 2 0 1 3583 3649 3584
7057 2 2 0 1 3585 3649 3584
7058 2 2 0 1 3649 3650 3585
7059 2 2 0 1 3586 3650 3585
7060 2 2 0 1 3650 3651 3586
7061 2 2 0 1 3587 3651 3586
7062 2 2 0 1 3651 3652 3587
7063 2 2 0 1 3588 3652 3587
7064 2 2 0 1 3652 3653 3588
7065 2 2 0 1 3589 3653 3588
7066 2 2 0 1 3653 3654 3589
7067 2 2 0 1 3590 3654 3589
7068 2 2 0 1 3654 3655 3590
7069 2 2 0 1 3591 3655 3590
7070 2 2 0 1 3655 3656 3591
7071 2 2 0 1 3592 3656 3591
7072 2 2 0 1 3656 3657 3592
7073 2 2 0 1 3593 3657 3592
7074 2 2 0 1 3657 3658 3593
7075 2 2 0 1 3594 3658 3593
7076 2 2 0 1 3658 3659 3594
7077 2 2 0 1 3595 3659 3594
7078 2 2 0 1 3659 3660 3595
7079 2 2 0 1 3596 3660 3595
7080 2 2 0 1 3660 3661 3596
7081 2 2 0 1 3597 3661 3596
7082 2 2 0 1 3661 3662 3597
7083 2 2 0 1 3598 3662 3597
7084 2 2 0 1 3662 3663 3598
7085 2 2 0 1 3599 3663 3598
7086 2 2 0 1 3663 3664 3599
7087 2 2 0 1 3600 3664 3599
7088 2 2 0 1 3664 3665 3600
7089 2 2 0 1 3601 3665 3600
7090 2 2 0 1 3665 3666 3601
7091 2 2 0 1 3602 3666 3601
7092 2 2 0 1 3666 3667 3602
7093 2 2 0 1 3603 3667 3602
7094 2 2 0 1 3667 3668 3603
7095 2 2 0 1 3604 3668 3603
7096 2 2 0 1 3668 3669 3604
7097 2 2 0 1 3605 3669 3604
7098 2 2 0 1 3669 3670 3605
7099 2 2 0 1 3606 3670 3605
7100 2 2 0 1 3670 3671 3606
7101 2 2 0 1 3607 3671 3606
7102 2 2 0 1 3671 3672 3607
7103 2 2 0 1 3608 3672 3607
7104 2 2 0 1 3672 3673 3608
7105 2 2 0 1 3609 3673 3608
7106 2 2 0 1 3673 3674 3609
7107 2 2 0 1 3610 3674 3609
7108 2 2 0 1 3674 3675 3610
7109 2 2 0 1 3611 3675 3610
7110 2 2 0 1 3675 3676 3611
7111 2 2 0 1 3612 3676 3611
7112 2 2 0 1 3676 3677 3612
7113 2 2 0 1 3613 3677 3612
7114 2 2 0 1 3677 3678 3613
7115 2 2 0 1 3614 3678 3613
7116 2 2 0 1 3678 3679 3614
7117 2 2 0 1 3615 3679 3614
7118 2 2 0 1 3679 3680 3615
7119 2 2 0 1 3616 3680 3615
7120 2 2 0 1 3680 3681 3616
7121 2 2 0 1 3617 3681 3616
7122 2 2 0 1 3681 3682 3617
7123 2 2 0 1 3618 3682 3617
7124 2 2 0 1 3682 3683 3618
7125 2 2 0 1 3619 3683 3618
7126 2 2 0 1 3683 3684 3619
7127 2 2 0 1 3620 3684 3619
7128 2 2 0 1 3684 3685 3620
7129 2 2 0 1 3621 3685 3620
7130 2 2 0 1 3685 3686 3621
7131 2 2 0 1 3622 3686 3621
7132 2 2 0 1 3686 3687 3622
7133 2 2 0 1 3623 3687 3622
7134 2 2 0 1 3687 3688 3623
7135 2 2 0 1 3624 3688 3623
7136 2 2 0 1 3688 3689 3624
7137 2 2 0 1 3625 3689 3624
7138 2 2 0 1 3689 3690 3625
7139 2 2 0 1 3626 3690 3625
7140 2 2 0 1 3690 3691 3626
7141 2 2 0 1 3627 3691 3626
7142 2 2 0 1 3691 3692 3627
7143 2 2 0 1 3628 3692 3627
7144 2 2 0 1 3692 3693 3628
7145 2 2 0 1 3629 3693 3628
7146 2 2 0 1 3693 3694 3629
7147 2 2 0 1 3630 3694 3629
7148 2 2 0 1 3694 3695 3630
7149 2 2 0 1 3631 3695 3630
7150 2 2 0 1 3695 3696 3631
7151 2 2 0 1 3632 3696 3631
7152 2 2 0 1 3696 3697 3632
7153 2 2 0 1 3633 3697 3632
7154 2 2 0 1 3697 3698 3633
7155 2 2 0 1 3634 3698 3633
7156 2 2 0 1 3698 3699 3634
7157 2 2 0 1 3635 3699 3634
7158 2 2 0 1 3699 3700 3635
7159 2 2 0 1 3636 3700 3635
7160 2 2 0 1 3700 3701 3636
7161 2 2 0 1 3637 3701 3636
7162 2 2 0 1 3701 3702 3637
7163 2 2 0 1 3638 3702 3637
7164 2 2 0 1 3702 3703 3638
7165 2 2 0 1 3639 3703 3638
7166 2 2 0 1 3703 3704 3639
7167 2 2 0 1 3640 3704 3639
7168 2 2 0 1 3704 3705 3640
7169 2 2 0 1 3706 3707 3642
7170 2 2 0 1 3642 3706 3641
7171 2 2 0 1 3708 3706 3641
7172 2 2 0 1 3641 3708 3643
7173 2 2 0 1 3709 3708 3643
7174 2 2 0 1 3643 3709 3644
7175 2 2 0 1 3710 3709 3644
7176 2 2 0 1 3644 3710 3645
7177 2 2 0 1 3711 3710 3645
7178 2 2 0 1 3645 3711 3646
7179 2 2 0 1 3712 3711 3646
7180 2 2 0 1 3646 3712 3647
7181 2 2 0 1 3713 3712 3647
7182 2 2 0 1 3647 3713 3648
7183 2 2 0 1 3714 3713 3648
7184 2 2 0 1 3648 3714 3649
7185 2 2 0 1 3650 3714 3649
7186 2 2 0 1 3714 3715 3650
7187 2 2 0 1 3651 3715 3650
7188 2 2 0 1 3715 3716 3651
7189 2 2 0 1 3652 3716 3651
7190 2 2 0 1 3716 3717 3652
7191 2 2 0 1 3653 3717 3652
7192 2 2 0 1 3717 3718 3653
7193 2 2 0 1 3654 3718 3653
7194 2 2 0 1 3718 3719 3654
7195 2 2 0 1 3655 3719 3654
7196 2 2 0 1 3719 3720 3655
7197 2 2 0 1 3656 3720 3655
7198 2 2 0 1 3720 3721 3656
7199 2 2 0 1 3657 3721 3656
7200 2 2 0 1 3721 3722 3657
7201 2 2 0 1 3658 3722 3657
7202 2 2 0 1 3722 3723 3658
7203 2 2 0 1 3659 3723 3658
7204 2 2 0 1 3723 3724 3659
7205 2 2 0 1 3660 3724 3659
7206 2 2 0 1 3724 3725 3660
7207 2 2 0 1 3661 3725 3660
7208 2 2 0 1 3725 3726 3661
7209 2 2 0 1 3662 3726 3661
7210 2 2 0 1 3726 3727 3662
7211 2 2 0 1 3663 3727 3662
7212 2 2 0 1 3727 3728 3663
7213 2 2 0 1 3664 3728 3663
7214 2 2 0 1 3728 3729 3664
7215 2 2 0 1 3665 3729 3664
7216 2 2 0 1 3729 3730 3665
7217 2 2 0 1 3666 3730 3665
7218 2 2 0 1 3730 3731 3666
7219 2 2 0 1 3667 3731 3666
7220 2 2 0 1 3731 3732 3667
7221 2 2 0 1 3668 3732 3667
7222 2 2 0 1 3732 3733 3668
7223 2 2 0 1 3669 3733 3668
7224 2 2 0 1 3733 3734 3669
7225 2 2 0 1 3670 3734 3669
7226 2 2 0 1 3734 3735 3670
7227 2 2 0 1 3671 3735 3670
7228 2 2 0 1 3735 3736 3671
7229 2 2 0 1 3672 3736 3671
7230 2 2 0 1 3736 3737 3672
7231 2 2 0 1 3673 3737 3672
7232 2 2 0 1 3737 3738 3673
7233 2 2 0 1 3674 3738 3673
7234 2 2 0 1 3738 3739 3674
7235 2 2 0 1 3675 3739 3674
7236 2 2 0 1 3739 3740 3675
7237 2 2 0 1 3676 3740 3675
7238 2 2 0 1 3740 3741 3676
7239 2 2 0 1 3677 3741 3676
7240 2 2 0 1 3741 3742 3677
7241 2 2 0 1 3678 3742 3677
7242 2 2 0 1 3742 3743 3678
7243 2 2 0 1 3679 3743 3678
7244 2 2 0 1 3743 3744 3679
7245 2 2 0 1 3680 3744 3679
7246 2 2 0 1 3744 3745 3680
7247 2 2 0 1 3681 3745 3680
7248 2 2 0 1 3745 3746 3681
7249 2 2 0 1 3682 3746 3681
7250 2 2 0 1 3746 3747 3682
7251 2 2 0 1 3683 3747 3682
7252 2 2 0 1 3747 3748 3683
7253 2 2 0 1 3684 3748 3683
7254 2 2 0 1 3748 3749 3684
7255 2 2 0 1 3685 3749 3684
7256 2 2 0 1 3749 3750 3685
7257 2 2 0 1 3686 3750 3685
7258 2 2 0 1 3750 3751 3686
7259 2 2 0 1 3687 3751 3686
7260 2 2 0 1 3751 3752 3687
7261 2 2 0 1 3688 3752 3687
7262 2 2 0 1 3752 3753 3688
7263 2 2 0 1 3689 3753 3688
7264 2 2 0 1 3753 3754 3689
7265 2 2 0 1 3690 3754 3689
7266 2 2 0 1 3754 3755 3690
7267 2 2 0 1 3691 3755 3690
7268 2 2 0 1 3755 3756 3691
7269 2 2 0 1 3692 3756 3691
7270 2 2 0 1 3756 3757 3692
7271 2 2 0 1 3693 3757 3692
7272 2 2 0 1 3757 3758 3693
7273 2 2 0 1 3694 3758 3693
7274 2 2 0 1 3758 3759 3694
7275 2 2 0 1 3695 3759 3694
7276 2 2 0 1 3759 3760 3695
7277 2 2 0 1 3696 3760 3695
7278 2 2 0 1 3760 3761 3696
7279 2 2 0 1 3697 3761 3696
7280 2 2 0 1 3761 3762 3697
7281 2 2 0 1 3698 3762 3697
7282 2 2 0 1 3762 3763 3698
7283 2 2 0 1 3699 3763 3698
7284 2 2 0 1 3763 3764 3699
7285 2 2 0 1 3700 3764 3699
7286 2 2 0 1 3764 3765 3700
7287 2 2 0 1 3701 3765 3700
7288 2 2 0 1 3765 3766 3701
7289 2 2 0 1 3702 3766 3701
7290 2 2 0 1 3766 3767 3702
7291 2 2 0 1 3703 3767 3702
7292 2 2 0 1 3767 3768 3703
7293 2 2 0 1 3704 3768 3703
7294 2 2 0 1 3768 3769 3704
7295 2 2 0 1 3705 3769 3704
7296 2 2 0 1 3769 3770 3705
7297 2 2 0 1 3771 3772 3707
7298 2 2 0 1 3707 3771 3706
7299 2 2 0 1 3773 3771 3706
7300 2 2 0 1 3706 3773 3708
7301 2 2 0 1 3774 3773 3708
7302 2 2 0 1 3708 3774 3709
7303 2 2 0 1 3775 3774 3709
7304 2 2 0 1 3709 3775 3710
7305 2 2 0 1 3776 3775 3710
7306 2 2 0 1 3710 3776 3711
7307 2 2 0 1 3777 3776 3711
7308 2 2 0 1 3711 3777 3712
7309 2 2 0 1 3778 3777 3712
7310 2 2 0 1 3712 3778 3713
7311 2 2 0 1 3779 3778 3713
7312 2 2 0 1 3713 3779 3714
7313 2 2 0 1 3715 3779 3714
7314 2 2 0 1 3779 3780 3715
7315 2 2 0 1 3716 3780 3715
7316 2 2 0 1 3780 3781 3716
7317 2 2 0 1 3717 3781 3716
7318 2 2 0 1 3781 3782 3717
7319 2 2 0 1 3718 3782 3717
7320 2 2 0 1 3782 3783 3718
7321 2 2 0 1 3719 3783 3718
7322 2 2 0 1 3783 3784 3719
7323 2 2 0 1 3720 3784 3719
7324 2 2 0 1 3784 3785 3720
7325 2 2 0 1 3721 3785 3720
7326 2 2 0 1 3785 3786 3721
7327 2 2 0 1 3722 3786 3721
7328 2 2 0 1 3786 3787 3722
7329 2 2 0 1 3723 3787 3722
7330 2 2 0 1 3787 3788 3723
7331 2 2 0 1 3724 3788 3723
7332 2 2 0 1 3788 3789 3724
7333 2 2 0 1 3725 3789 3724
7334 2 2 0 1 3789 3790 3725
7335 2 2 0 1 3726 3790 3725
7336 2 2 0 1 3790 3791 3726
7337 2 2 0 1 3727 3791 3726
7338 2 2 0 1 3791 3792 3727
7339 2 2 0 1 3728 3792 3727
7340 2 2 0 1 3792 3793 3728
7341 2 2 0 1 3729 3793 3728
7342 2 2 0 1 3793 3794 3729
7343 2 2 0 1 3730 3794 3729
7344 2 2 0 1 3794 3795 3730
7345 2 2 0 1 3731 3795 3730
7346 2 2 0 1 3795 3796 3731
7347 2 2 0 1 3732 3796 3731
7348 2 2 0 1 3796 3797 3732
7349 2 2 0 1 3733 3797 3732
7350 2 2 0 1 3797 3798 3733
7351 2 2 0 1 3734 3798 3733
7352 2 2 0 1 3798 3799 3734
7353 2 2 0 1 3735 3799 3734
7354 2 2 0 1 3799 3800 3735
7355 2 2 0 1 3736 3800 3735
7356 2 2 0 1 3800 3801 3736
7357 2 2 0 1 3737 3801 3736
7358 2 2 0 1 3801 3802 3737
7359 2 2 0 1 3738 3802 3737
7360 2 2 0 1 3802 3803 3738
7361 2 2 0 1 3739 3803 3738
7362 2 2 0 1 3803 3804 3739
7363 2 2 0 1 3740 3804 3739
7364 2 2 0 1 3804 3805 3740
7365 2 2 0 1 3741 3805 3740
7366 2 2 0 1 3805 3806 3741
7367 2 2 0 1 3742 3806 3741
7368 2 2 0 1 3806 3807 3742
7369 2 2 0 1 3743 3807 3742
7370 2 2 0 1 3807 3808 3743
7371 2 2 0 1 3744 3808 3743
7372 2 2 0 1 3808 3809 3744
7373 2 2 0 1 3745 3809 3744
7374 2 2 0 1 3809 3810 3745
7375 2 2 0 1 3746 3810 3745
7376 2 2 0 1 3810 3811 3746
7377 2 2 0 1 3747 3811 3746
7378 2 2 0 1 3811 3812 3747
7379 2 2 0 1 3748 3812 3747
7380 2 2 0 1 3812 3813 3748
7381 2 2 0 1 3749 3813 3748
7382 2 2 0 1 3813 3814 3749
7383 2 2 0 1 3750 3814 3749
7384 2 2 0 1 3814 3815 3750
7385 2 2 0 1 3751 3815 3750
7386 2 2 0 1 3815 3816 3751
7387 2 2 0 1 3752 3816 3751
7388 2 2 0 1 3816 3817 3752
7389 2 2 0 1 3753 3817 3752
7390 2 2 0 1 3817 3818 3753
7391 2 2 0 1 3754 3818 3753
7392 2 2 0 1 3818 3819 3754
7393 2 2 0 1 3755 3819 3754
7394 2 2 0 1 3819 3820 3755
7395 2 2 0 1 3756 3820 3755
7396 2 2 0 1 3820 3821 3756
7397 2 2 0 1 3757 3821 3756
7398 2 2 0 1 3821 3822 3757
7399 2 2 0 1 3758 3822 3757
7400 2 2 0 1 3822 3823 3758
7401 2 2 0 1 3759 3823 3758
7402 2 2 0 1 3823 3824 3759
7403 2 2 0 1 3760 3824 3759
7404 2 2 0 1 3824 3825 3760
7405 2 2 0 1 3761 3825 3760
7406 2 2 0 1 3825 3826 3761
7407 2 2 0 1 3762 3826 3761
7408 2 2 0 1 3826 3827 3762
7409 2 2 0 1 3763 3827 3762
7410 2 2 0 1 3827 3828 3763
7411 2 2 0 1 3764 3828 3763
7412 2 2 0 1 3828 3829 3764
7413 2 2 0 1 3765 3829 3764
7414 2 2 0 1 3829 3830 3765
7415 2 2 0 1 3766 3830 3765
7416 2 2 0 1 3830 3831 3766
7417 2 2 0 1 3767 3831 3766
7418 2 2 0 1 3831 3832 3767
7419 2 2 0 1 3768 3832 3767
7420 2 2 0 1 3832 3833 3768
7421 2 2 0 1 3769 3833 3768
7422 2 2 0 1 3833 3834 3769
7423 2 2 0 1 3770 3834 3769
7424 2 2 0 1 3834 3835 3770
7425 2 2 0 1 3836 3837 3772
7426 2 2 0 1 3772 3836 3771
7427 2 2 0 1 3838 3836 3771
7428 2 2 0 1 3771 3838 3773
7429 2 2 0 1 3839 3838 3773
7430 2 2 0 1 3773 3839 3774
7431 2 2 0 1 3840 3839 3774
7432 2 2 0 1 3774 3840 3775
7433 2 2 0 1 3841 3840 3775
7434 2 2 0 1 3775 3841 3776
7435 2 2 0 1 3842 3841 3776
7436 2 2 0 1 3776 3842 3777
7437 2 2 0 1 3843 3842 3777
7438 2 2 0 1 3777 3843 3778
7439 2 2 0 1 3844 3843 3778
7440 2 2 0 1 3778 3844 3779
7441 2 2 0 1 3780 3844 3779
7442 2 2 0 1 3844 3845 3780
7443 2 2 0 1 3781 3845 3780
7444 2 2 0 1 3845 3846 3781
7445 2 2 0 1 3782 3846 3781
7446 2 2 0 1 3846 3847 3782
7447 2 2 0 1 3783 3847 3782
7448 2 2 0 1 3847 3848 3783
7449 2 2 0 1 3784 3848 3783
7450 2 2 0 1 3848 3849 3784
7451 2 2 0 1 3785 3849 3784
7452 2 2 0 1 3849 3850 3785
7453 2 2 0 1 3786 3850 3785
7454 2 2 0 1 3850 3851 3786
7455 2 2 0 1 3787 3851 3786
7456 2 2 0 1 3851 3852 3787
7457 2 2 0 1 3788 3852 3787
7458 2 2 0 1 3852 3853 3788
7459 2 2 0 1 3789 3853 3788
7460 2 2 0 1 3853 3854 3789
7461 2 2 0 1 3790 3854 3789
7462 2 2 0 1 3854 3855 3790
7463 2 2 0 1 3791 3855 3790
7464 2 2 0 1 3855 3856 3791
7465 2 2 0 1 3792 3856 3791
7466 2 2 0 1 3856 3857 3792
7467 2 2 0 1 3793 3857 3792
7468 2 2 0 1 3857 3858 3793
7469 2 2 0 1 3794 3858 3793
7470 2 2 0 1 3858 3859 3794
7471 2 2 0 1 3795 3859 3794
7472 2 2 0 1 3859 3860 3795
7473 2 2 0 1 3796 3860 3795
7474 2 2 0 1 3860 3861 3796
7475 2 2 0 1 3797 3861 3796
7476 2 2 0 1 3861 3862 3797
7477 2 2 0 1 3798 3862 3797
7478 2 2 0 1 3862 3863 3798
7479 2 2 0 1 3799 3863 3798
7480 2 2 0 1 3863 3864 3799
7481 2 2 0 1 3800 3864 3799
7482 2 2 0 1 3864 3865 3800
7483 2 2 0 1 3801 3865 3800
7484 2 2 0 1 3865 3866 3801
7485 2 2 0 1 3802 3866 3801
7486 2 2 0 1 3866 3867 3802
7487 2 2 0 1 3803 3867 3802
7488 2 2 0 1 3867 3868 3803
7489 2 2 0 1 3804 3868 3803
7490 2 2 0 1 3868 3869 3804
7491 2 2 0 1 3805 3869 3804
7492 2 2 0 1 3869 3870 3805
7493 2 2 0 1 3806 3870 3805
7494 2 2 0 1 3870 3871 3806
7495 2 2 0 1 3807 3871 3806
7496 2 2 0 1 3871 3872 3807
7497 2 2 0 1 3808 3872 3807
7498 2 2 0 1 3872 3873 3808
7499 2 2 0 1 3809 3873 3808
7500 2 2 0 1 3873 3874 3809
7501 2 2 0 1 3810 3874 3809
7502 2 2 0 1 3874 3875 3810
7503 2 2 0 1 3811 3875 3810
7504 2 2 0 1 3875 3876 3811
7505 2 2 0 1 3812 3876 3811
7506 2 2 0 1 3876 3877 3812
7507 2 2 0 1 3813 3877 3812
7508 2 2 0 1 3877 3878 3813
7509 2 2 0 1 3814 3878 3813
7510 2 2 0 1 3878 3879 3814
7511 2 2 0 1 3815 3879 3814
7512 2 2 0 1 3879 3880 3815
7513 2 2 0 1 3816 3880 3815
7514 2 2 0 1 3880 3881 3816
7515 2 2 0 1 3817 3881 3816
7516 2 2 0 1 3881 3882 3817
7517 2 2 0 1 3818 3882 3817
7518 2 2 0 1 3882 3883 3818
7519 2 2 0 1 3819 3883 3818
7520 2 2 0 1 3883 3884 3819
7521 2 2 0 1 3820 3884 3819
7522 2 2 0 1 3884 3885 3820
7523 2 2 0 1 3821 3885 3820
7524 2 2 0 1 3885 3886 3821
7525 2 2 0 1 3822 3886 3821
7526 2 2 0 1 3886 3887 3822
7527 2 2 0 1 3823 3887 3822
7528 2 2 0 1 3887 3888 3823
7529 2 2 0 1 3824 3888 3823
7530 2 2 0 1 3888 3889 3824
7531 2 2 0 1 3825 3889 3824
7532 2 2 0 1 3889 3890 3825
7533 2 2 0 1 3826 3890 3825
7534 2 2 0 1 3890 3891 3826
7535 2 2 0 1 3827 3891 3826
7536 2 2 0 1 3891 3892 3827
7537 2 2 0 1 3828 3892 3827
7538 2 2 0 1 3892 3893 3828
7539 2 2 0 1 3829 3893 3828
7540 2 2 0 1 3893 3894 3829
7541 2 2 0 1 3830 3894 3829
7542 2 2 0 1 3894 3895 3830
7543 2 2 0 1 3831 3895 3830
7544 2 2 0 1 3895 3896 3831
7545 2 2 0 1 3832 3896 3831
7546 2 2 0 1 3896 3897 3832
7547 2 2 0 1 3833 3897 3832
7548 2 2 0 1 3897 3898 3833
7549 2 2 0 1 3834 3898 3833
7550 2 2 0 1 3898 3899 3834
7551 2 2 0 1 3835 3899 3834
7552 2 2 0 1 3899 3900 3835
7553 2 2 0 1 3901 3902 3837
7554 2 2 0 1 3837 3901 3836
7555 2 2 0 1 3903 3901 3836
7556 2 2 0 1 3836 3903 3838
7557 2 2 0 1 3904 3903 3838
7558 2 2 0 1 3838 3904 3839
7559 2 2 0 1 3905 3904 3839
7560 2 2 0 1 3839 3905 3840
7561 2 2 0 1 3906 3905 3840
7562 2 2 0 1 3840 3906 3841
7563 2 2 0 1 3907 3906 3841
7564 2 2 0 1 3841 3907 3842
7565 2 2 0 1 3908 3907 3842
7566 2 2 0 1 3842 3908 3843
7567 2 2 0 1 3909 3908 3843
7568 2 2 0 1 3843 3909 3844
7569 2 2 0 1 3845 3909 3844
7570 2 2 0 1 3909 3910 3845
7571 2 2 0 1 3846 3910 3845
7572 2 2 0 1 3910 3911 3846
7573 2 2 0 1 3847 3911 3846
7574 2 2 0 1 3911 3912 3847
7575 2 2 0 1 3848 3912 3847
7576 2 2 0 1 3912 3913 3848
7577 2 2 0 1 3849 3913 3848
7578 2 2 0 1 3913 3914 3849
7579 2 2 0 1 3850 3914 3849
7580 2 2 0 1 3914 3915 3850
7581 2 2 0 1 3851 3915 3850
7582 2 2 0 1 3915 3916 3851
7583 2 2 0 1 3852 3916 3851
7584 2 2 0 1 3916 3917 3852
7585 2 2 0 1 3853 3917 3852
7586 2 2 0 1 3917 3918 3853
7587 2 2 0 1 3854 3918 3853
7588 2 2 0 1 3918 3919 3854
7589 2 2 0 1 3855 3919 3854
7590 2 2 0 1 3919 3920 3855
7591 2 2 0 1 3856 3920 3855
7592 2 2 0 1 3920 3921 3856
7593 2 2 0 1 3857 3921 3856
7594 2 2 0 1 3921 3922 3857
7595 2 2 0 1 3858 3922 3857
7596 2 2 0 1 3922 3923 3858
7597 2 2 0 1 3859 3923 3858
7598 2 2 0 1 3923 3924 3859
7599 2 2 0 1 3860 3924 3859
7600 2 2 0 1 3924 3925 3860
7601 2 2 0 1 3861 3925 3860
7602 2 2 0 1 3925 3926 3861
7603 2 2 0 1 3862 3926 3861
7604 2 2 0 1 3926 3927 3862
7605 2 2 0 1 3863 3927 3862
7606 2 2 0 1 3927 3928 3863
7607 2 2 0 1 3864 3928 3863
7608 2 2 0 1 3928 3929 3864
7609 2 2 0 1 3865 3929 3864
7610 2 2 0 1 3929 3930 3865
7611 2 2 0 1 3866 3930 3865
7612 2 2 0 1 3930 3931 3866
7613 2 2 0 1 3867 3931 3866
7614 2 2 0 1 3931 3932 3867
7615 2 2 0 1 3868 3932 3867
7616 2 2 0 1 3932 3933 3868
7617 2 2 0 1 3869 3933 3868
7618 2 2 0 1 3933 3934 3869
7619 2 2 0 1 3870 3934 3869
7620 2 2 0 1 3934 3935 3870
7621 2 2 0 1 3871 3935 3870
7622 2 2 0 1 3935 3936 3871
7623 2 2 0 1 3872 3936 3871
7624 2 2 0 1 3936 3937 3872
7625 2 2 0 1 3873 3937 3872
7626 2 2 0 1 3937 3938 3873
7627 2 2 0 1 3874 3938 3873
7628 2 2 0 1 3938 3939 3874
7629 2 2 0 1 3875 3939 3874
7630 2 2 0 1 3939 3940 3875
7631 2 2 0 1 3876 3940 3875
7632 2 2 0 1 3940 3941 3876
7633 2 2 0 1 3877 3941 3876
7634 2 2 0 1 3941 3942 3877
7635 2 2 0 1 3878 3942 3877
7636 2 2 0 1 3942 3943 3878
7637 2 2 0 1 3879 3943 3878
7638 2 2 0 1 3943 3944 3879
7639 2 2 0 1 3880 3944 3879
7640 2 2 0 1 3944 3945 3880
7641 2 2 0 1 3881 3945 3880
7642 2 2 0 1 3945 3946 3881
7643 2 2 0 1 3882 3946 3881
7644 2 2 0 1 3946 3947 3882
7645 2 2 0 1 3883 3947 3882
7646 2 2 0 1 3947 3948 3883
7647 2 2 0 1 3884 3948 3883
7648 2 2 0 1 3948 3949 3884
7649 2 2 0 1 3885 3949 3884
7650 2 2 0 1 3949 3950 3885
7651 2 2 0 1 3886 3950 3885
7652 2 2 0 1 3950 3951 3886
7653 2 2 0 1 3887 3951 3886
7654 2 2 0 1 3951 3952 3887
7655 2 2 0 1 3888 3952 3887
7656 2 2 0 1 3952 3953 3888
7657 2 2 0 1 3889 3953 3888
7658 2 2 0 1 3953 3954 3889
7659 2 2 0 1 3890 3954 3889
7660 2 2 0 1 3954 3955 3890
7661 2 2 0 1 3891 3955 3890
7662 2 2 0 1 3955 3956 3891
7663 2 2 0 1 3892 3956 3891
7664 2 2 0 1 3956 3957 3892
7665 2 2 0 1 3893 3957 3892
7666 2 2 0 1 3957 3958 3893
7667 2 2 0 1 3894 3958 3893
7668 2 2 0 1 3958 3959 3894
7669 2 2 0 1 3895 3959 3894
7670 2 2 0 1 3959 3960 3895
7671 2 2 0 1 3896 3960 3895
7672 2 2 0 1 3960 3961 3896
7673 2 2 0 1 3897 3961 3896
7674 2 2 0 1 3961 3962 3897
7675 2 2 0 1 3898 3962 3897
7676 2 2 0 1 3962 3963 3898
7677 2 2 0 1 3899 3963 3898
7678 2 2 0 1 3963 3964 3899
7679 2 2 0 1 3900 3964 3899
7680 2 2 0 1 3964 3965 3900
7681 2 2 0 1 3966 3967 3902
7682 2 2 0 1 3902 3966 3901
7683 2 2 0 1 3968 3966 3901
7684 2 2 0 1 3901 3968 3903
7685 2 2 0 1 3969 3968 3903
7686 2 2 0 1 3903 3969 3904
7687 2 2 0 1 3970 3969 3904
7688 2 2 0 1 3904 3970 3905
7689 2 2 0 1 3971 3970 3905
7690 2 2 0 1 3905 3971 3906
7691 2 2 0 1 3972 3971 3906
7692 2 2 0 1 3906 3972 3907
7693 2 2 0 1 3973 3972 3907
7694 2 2 0 1 3907 3973 3908
7695 2 2 0 1 3974 3973 3908
7696 2 2 0 1 3908 3974 3909
7697 2 2 0 1 3910 3974 3909
7698 2 2 0 1 3974 3975 3910
7699 2 2 0 1 3911 3975 3910
7700 2 2 0 1 3975 3976 3911
7701 2 2 0 1 3912 3976 3911
7702 2 2 0 1 3976 3977 3912
7703 2 2 0 1 3913 3977 3912
7704 2 2 0 1 3977 3978 3913
7705 2 2 0 1 3914 3978 3913
7706 2 2 0 1 3978 3979 3914
7707 2 2 0 1 3915 3979 3914
7708 2 2 0 1 3979 3980 3915
7709 2 2 0 1 3916 3980 3915
7710 2 2 0 1 3980 3981 3916
7711 2 2 0 1 3917 3981 3916
7712 2 2 0 1 3981 3982 3917
7713 2 2 0 1 3918 3982 3917
7714 2 2 0 1 3982 3983 3918
7715 2 2 0 1 3919 3983 3918
7716 2 2 0 1 3983 3984 3919
7717 2 2 0 1 3920 3984 3919
7718 2 2 0 1 3984 3985 3920
7719 2 2 0 1 3921 3985 3920
7720 2 2 0 1 3985 3986 3921
7721 2 2 0 1 3922 3986 3921
7722 2 2 0 1 3986 3987 3922
7723 2 2 0 1 3923 3987 3922
7724 2 2 0 1 3987 3988 3923
7725 2 2 0 1 3924 3988 3923
7726 2 2 0 1 3988 3989 3924
7727 2 2 0 1 3925 3989 3924
7728 2 2 0 1 3989 3990 3925
7729 2 2 0 1 3926 3990 3925
7730 2 2 0 1 3990 3991 3926
7731 2 2 0 1 3927 3991 3926
7732 2 2 0 1 3991 3992 3927
7733 2 2 0 1 3928 3992 3927
7734 2 2 0 1 3992 3993 3928
7735 2 2 0 1 3929 3993 3928
7736 2 2 0 1 3993 3994 3929
7737 2 2 0 1 3930 3994 3929
7738 2 2 0 1 3994 3995 3930
7739 2 2 0 1 3931 3995 3930
7740 2 2 0 1 3995 3996 3931
7741 2 2 0 1 3932 3996 3931
7742 2 2 0 1 3996 3997 3932
7743 2 2 0 1 3933 3997 3932
7744 2 2 0 1 3997 3998 3933
7745 2 2 0 1 3934 3998 3933
7746 2 2 0 1 3998 3999 3934
7747 2 2 0 1 3935 3999 3934
7748 2 2 0 1 3999 4000 3935
7749 2 2 0 1 3936 4000 3935
7750 2 2 0 1 4000 4001 3936
7751 2 2 0 1 3937 4001 3936
7752 2 2 0 1 4001 4002 3937
7753 2 2 0 1 3938 4002 3937
7754 2 2 0 1 4002 4003 3938
7755 2 2 0 1 3939 4003 3938
7756 2 2 0 1 4003 4004 3939
7757 2 2 0 1 3940 4004 3939
7758 2 2 0 1 4004 4005 3940
7759 2 2 0 1 3941 4005 3940
7760 2 2 0 1 4005 4006 3941
7761 2 2 0 1 3942 4006 3941
7762 2 2 0 1 4006 4007 3942
7763 2 2 0 1 3943 4007 3942
7764 2 2 0 1 4007 4008 3943
7765 2 2 0 1 3944 4008 3943
7766 2 2 0 1 4008 4009 3944
7767 2 2 0 1 3945 4009 3944
7768 2 2 0 1 4009 4010 3945
7769 2 2 0 1 3946 4010 3945
7770 2 2 0 1 4010 4011 3946
7771 2 2 0 1 3947 4011 3946
7772 2 2 0 1 4011 4012 3947
7773 2 2 0 1 3948 4012 3947
7774 2 2 0 1 4012 4013 3948
7775 2 2 0 1 3949 4013 3948
7776 2 2 0 1 4013 4014 3949
7777 2 2 0 1 3950 4014 3949
7778 2 2 0 1 4014 4015 3950
7779 2 2 0 1 3951 4015 3950
7780 2 2 0 1 4015 4016 3951
7781 2 2 0 1 3952 4016 3951
7782 2 2 0 1 4016 4017 3952
7783 2 2 0 1 3953 4017 3952
7784 2 2 0 1 4017 4018 3953
7785 2 2 0 1 3954 4018 3953
7786 2 2 0 1 4018 4019 3954
7787 2 2 0 1 3955 4019 3954
7788 2 2 0 1 4019 4020 3955
7789 2 2 0 1 3956 4020 3955
7790 2 2 0 1 4020 4021 3956
7791 2 2 0 1 3957 4021 3956
7792 2 2 0 1 4021 4022 3957
7793 2 2 0 1 3958 4022 3957
7794 2 2 0 1 4022 4023 3958
7795 2 2 0 1 3959 4023 3958
7796 2 2 0 1 4023 4024 3959
7797 2 2 0 1 3960 4024 3959
7798 2 2 0 1 4024 4025 3960
7799 2 2 0 1 3961 4025 3960
7800 2 2 0 1 4025 4026 3961
7801 2 2 0 1 3962 4026 3961
7802 2 2 0 1 4026 4027 3962
7803 2 2 0 1 3963 4027 3962
7804 2 2 0 1 4027 4028 3963
7805 2 2 0 1 3964 4028 3963
7806 2 2 0 1 4028 4029 3964
7807 2 2 0 1 3965 4029 3964
7808 2 2 0 1 4029 4030 3965
7809 2 2 0 1 4031 4032 3967
7810 2 2 0 1 3967 4031 3966
7811 2 2 0 1 4033 4031 3966
7812 2 2 0 1 3966 4033 3968
7813 2 2 0 1 4034 4033 3968
7814 2 2 0 1 3968 4034 3969
7815 2 2 0 1 4035 4034 3969
7816 2 2 0 1 3969 4035 3970
7817 2 2 0 1 4036 4035 3970
7818 2 2 0 1 3970 4036 3971
7819 2 2 0 1 4037 4036 3971
7820 2 2 0 1 3971 4037 3972
7821 2 2 0 1 4038 4037 3972
7822 2 2 0 1 3972 4038 3973
7823 2 2 0 1 4039 4038 3973
7824 2 2 0 1 3973 4039 3974
7825 2 2 0 1 3975 4039 3974
7826 2 2 0 1 4039 4040 3975
7827 2 2 0 1 3976 4040 3975
7828 2 2 0 1 4040 4041 3976
7829 2 2 0 1 3977 4041 3976
7830 2 2 0 1 4041 4042 3977
7831 2 2 0 1 3978 4042 3977
7832 2 2 0 1 4042 4043 3978
7833 2 2 0 1 3979 4043 3978
7834 2 2 0 1 4043 4044 3979
7835 2 2 0 1 3980 4044 3979
7836 2 2 0 1 4044 4045 3980
7837 2 2 0 1 3981 4045 3980
7838 2 2 0 1 4045 4046 3981
7839 2 2 0 1 3982 4046 3981
7840 2 2 0 1 4046 4047 3982
7841 2 2 0 1 3983 4047 3982
7842 2 2 0 1 4047 4048 3983
7843 2 2 0 1 3984 4048 3983
7844 2 2 0 1 4048 4049 3984
7845 2 2 0 1 3985 4049 3984
7846 2 2 0 1 4049 4050 3985
7847 2 2 0 1 3986 4050 3985
7848 2 2 0 1 4050 4051 3986
7849 2 2 0 1 3987 4051 3986
7850 2 2 0 1 4051 4052 3987
7851 2 2 0 1 3988 4052 3987
7852 2 2 0 1 4052 4053 3988
7853 2 2 0 1 3989 4053 3988
7854 2 2 0 1 4053 4054 3989
7855 2 2 0 1 3990 4054 3989
7856 2 2 0 1 4054 4055 3990
7857 2 2 0 1 3991 4055 3990
7858 2 2 0 1 4055 4056 3991
7859 2 2 0 1 3992 4056 3991
7860 2 2 0 1 4056 4057 3992
7861 2 2 0 1 3993 4057 3992
7862 2 2 0 1 4057 4058 3993
7863 2 2 0 1 3994 4058 3993
7864 2 2 0 1 4058 4059 3994
7865 2 2 0 1 3995 4059 3994
7866 2 2 0 1 4059 4060 3995
7867 2 2 0 1 3996 4060 3995
7868 2 2 0 1 4060 4061 3996
7869 2 2 0 1 3997 4061 3996
7870 2 2 0 1 4061 4062 3997
7871 2 2 0 1 3998 4062 3997
7872 2 2 0 1 4062 4063 3998
7873 2 2 0 1 3999 4063 3998
7874 2 2 0 1 4063 4064 3999
7875 2 2 0 1 4000 4064 3999
7876 2 2 0 1 4064 4065 4000
7877 2 2 0 1 4001 4065 4000
7878 2 2 0 1 4065 4066 4001
7879 2 2 0 1 4002 4066 4001
7880 2 2 0 1 4066 4067 4002
7881 2 2 0 1 4003 4067 4002
7882 2 2 0 1 4067 4068 4003
7883 2 2 0 1 4004 4068 4003
7884 2 2 0 1 4068 4069 4004
7885 2 2 0 1 4005 4069 4004
7886 2 2 0 1 4069 4070 4005
7887 2 2 0 1 4006 4070 4005
7888 2 2 0 1 4070 4071 4006
7889 2 2 0 1 4007 4071 4006
7890 2 2 0 1 4071 4072 4007
7891 2 2 0 1 4008 4072 4007
7892 2 2 0 1 4072 4073 4008
7893 2 2 0 1 4009 4073 4008
7894 2 2 0 1 4073 4074 4009
7895 2 2 0 1 4010 4074 4009
7896 2 2 0 1 4074 4075 4010
7897 2 2 0 1 4011 4075 4010
7898 2 2 0 1 4075 4076 4011
7899 2 2 0 1 4012 4076 4011
7900 2 2 0 1 4076 4077 4012
7901 2 2 0 1 4013 4077 4012
7902 2 2 0 1 4077 4078 4013
7903 2 2 0 1 4014 4078 4013
7904 2 2 0 1 4078 4079 4014
7905 2 2 0 1 4015 4079 4014
7906 2 2 0 1 4079 4080 4015
7907 2 2 0 1 4016 4080 4015
7908 2 2 0 1 4080 4081 4016
7909 2 2 0 1 4017 4081 4016
7910 2 2 0 1 4081 4082 4017
7911 2 2 0 1 4018 4082 4017
7912 2 2 0 1 4082 4083 4018
7913 2 2 0 1 4019 4083 4018
7914 2 2 0 1 4083 4084 4019
7915 2 2 0 1 4020 4084 4019
7916 2 2 0 1 4084 4085 4020
7917 2 2 0 1 4021 4085 4020
7918 2 2 0 1 4085 4086 4021
7919 2 2 0 1 4022 4086 4021
7920 2 2 0 1 4086 4087 4022
7921 2 2 0 1 4023 4087 4022
7922 2 2 0 1 4087 4088 4023
7923 2 2 0 1 4024 4088 4023
7924 2 2 0 1 4088 4089 4024
7925 2 2 0 1 4025 4089 4024
7926 2 2 0 1 4089 4090 4025
7927 2 2 0 1 4026 4090 4025
7928 2 2 0 1 4090 4091 4026
7929 2 2 0 1 4027 4091 4026
7930 2 2 0 1 4091 4092 4027
7931 2 2 0 1 4028 4092 4027
7932 2 2 0 1 4092 4093 4028
7933 2 2 0 1 4029 4093 4028
7934 2 2 0 1 4093 4094 4029
7935 2 2 0 1 4030 4094 4029
7936 2 2 0 1 4094 4095 4030
7937 2 2 0 1 4096 4097 4032
7938 2 2 0 1 4032 4096 4031
7939 2 2 0 1 4098 4096 4031
7940 2 2 0 1 4031 4098 4033
7941 2 2 0 1 4099 4098 4033
7942 2 2 0 1 4033 4099 4034
7943 2 2 0 1 4100 4099 4034
7944 2 2 0 1 4034 4100 4035
7945 2 2 0 1 4101 4100 4035
7946 2 2 0 1 4035 4101 4036
7947 2 2 0 1 4102 4101 4036
7948 2 2 0 1 4036 4102 4037
7949 2 2 0 1 4103 4102 4037
7950 2 2 0 1 4037 4103 4038
7951 2 2 0 1 4104 4103 4038
7952 2 2 0 1 4038 4104 4039
7953 2 2 0 1 4040 4104 4039
7954 2 2 0 1 4104 4105 4040
7955 2 2 0 1 4041 4105 4040
7956 2 2 0 1 4105 4106 4041
7957 2 2 0 1 4042 4106 4041
7958 2 2 0 1 4106 4107 4042
7959 2 2 0 1 4043 4107 4042
7960 2 2 0 1 4107 4108 4043
7961 2 2 0 1 4044 4108 4043
7962 2 2 0 1 4108 4109 4044
7963 2 2 0 1 4045 4109 4044
7964 2 2 0 1 4109 4110 4045
7965 2 2 0 1 4046 4110 4045
7966 2 2 0 1 4110 4111 4046
7967 2 2 0 1 4047 4111 4046
7968 2 2 0 1 4111 4112 4047
7969 2 2 0 1 4048 4112 4047
7970 2 2 0 1 4112 4113 4048
7971 2 2 0 1 4049 4113 4048
7972 2 2 0 1 4113 4114 4049
7973 2 2 0 1 4050 4114 4049
7974 2 2 0 1 4114 4115 4050
7975 2 2 0 1 4051 4115 4050
7976 2 2 0 1 4115 4116 4051
7977 2 2 0 1 4052 4116 4051
7978 2 2 0 1 4116 4117 4052
7979 2 2 0 1 4053 4117 4052
7980 2 2 0 1 4117 4118 4053
7981 2 2 0 1 4054 4118 4053
7982 2 2 0 1 4118 4119 4054
7983 2 2 0 1 4055 4119 4054
7984 2 2 0 1 4119 4120 4055
7985 2 2 0 1 4056 4120 4055
7986 2 2 0 1 4120 4121 4056
7987 2 2 0 1 4057 4121 4056
7988 2 2 0 1 4121 4122 4057
7989 2 2 0 1 4058 4122 4057
7990 2 2 0 1 4122 4123 4058
7991 2 2 0 1 4059 4123 4058
7992 2 2 0 1 4123 4124 4059
7993 2 2 0 1 4060 4124 4059
7994 2 2 0 1 4124 4125 4060
7995 2 2 0 1 4061 4125 4060
7996 2 2 0 1 4125 4126 4061
7997 2 2 0 1 4062 4126 4061
7998 2 2 0 1 4126 4127 4062
7999 2 2 0 1 4063 4127 4062
8000 2 2 0 1 4127 4128 4063
8001 2 2 0 1 4064 4128 4063
8002 2 2 0 1 4128 4129 4064
8003 2 2 0 1 4065 4129 4064
8004 2 2 0 1 4129 4130 4065
8005 2 2 0 1 4066 4130 4065
8006 2 2 0 1 4130 4131 4066
8007 2 2 0 1 4067 4131 4066
8008 2 2 0 1 4131 4132 4067
8009 2 2 0 1 4068 4132 4067
8010 2 2 0 1 4132 4133 4068
8011 2 2 0 1 4069 4133 4068
8012 2 2 0 1 4133 4134 4069
8013 2 2 0 1 4070 4134 4069
8014 2 2 0 1 4134 4135 4070
8015 2 2 0 1 4071 4135 4070
8016 2 2 0 1 4135 4136 4071
8017 2 2 0 1 4072 4136 4071
8018 2 2 0 1 4136 4137 4072
8019 2 2 0 1 4073 4137 4072
8020 2 2 0 1 4137 4138 4073
8021 2 2 0 1 4074 4138 4073
8022 2 2 0 1 4138 4139 4074
8023 2 2 0 1 4075 4139 4074
8024 2 2 0 1 4139 4140 4075
8025 2 2 0 1 4076 4140 4075
8026 2 2 0 1 4140 4141 4076
8027 2 2 0 1 4077 4141 4076
8028 2 2 0 1 4141 4142 4077
8029 2 2 0 1 4078 4142 4077
8030 2 2 0 1 4142 4143 4078
8031 2 2 0 1 4079 4143 4078
8032 2 2 0 1 4143 4144 4079
8033 2 2 0 1 4080 4144 4079
8034 2 2 0 1 4144 4145 4080
8035 2 2 0 1 4081 4145 4080
8036 2 2 0 1 4145 4146 4081
8037 2 2 0 1 4082 4146 4081
8038 2 2 0 1 4146 4147 4082
8039 2 2 0 1 4083 4147 4082
8040 2 2 0 1 4147 4148 4083
8041 2 2 0 1 4084 4148 4083
8042 2 2 0 1 4148 4149 4084
8043 2 2 0 1 4085 4149 4084
8044 2 2 0 1 4149 4150 4085
8045 2 2 0 1 4086 4150 4085
8046 2 2 0 1 4150 4151 4086
8047 2 2 0 1 4087 4151 4086
8048 2 2 0 1 4151 4152 4087
8049 2 2 0 1 4088 4152 4087
8050 2 2 0 1 4152 4153 4088
8051 2 2 0 1 4089 4153 4088
8052 2 2 0 1 4153 4154 4089
8053 2 2 0 1 4090 4154 4089
8054 2 2 0 1 4154 4155 4090
8055 2 2 0 1 4091 4155 4090
8056 2 2 0 1 4155 4156 4091
8057 2 2 0 1 4092 4156 4091
8058 2 2 0 1 4156 4157 4092
8059 2 2 0 1 4093 4157 4092
8060 2 2 0 1 4157 4158 4093
8061 2 2 0 1 4094 4158 4093
8062 2 2 0 1 4158 4159 4094
8063 2 2 0 1 4095 4159 4094
8064 2 2 0 1 4159 4160 4095
8065 2 2 0 1 4161 4162 4097
8066 2 2 0 1 4097 4161 4096
8067 2 2 0 1 4163 4161 4096
8068 2 2 0 1 4096 4163 4098
8069 2 2 0 1 4164 4163 4098
8070 2 2 0 1 4098 4164 4099
8071 2 2 0 1 4165 4164 4099
8072 2 2 0 1 4099 4165 4100
8073 2 2 0 1 4166 4165 4100
8074 2 2 0 1 4100 4166 4101
8075 2 2 0 1 4167 4166 4101
8076 2 2 0 1 4101 4167 4102
8077 2 2 0 1 4168 4167 4102
8078 2 2 0 1 4102 4168 4103
8079 2 2 0 1 4169 4168 4103
8080 2 2 0 1 4103 4169 4104
8081 2 2 0 1 4105 4169 4104
8082 2 2 0 1 4169 4170 4105
8083 2 2 0 1 4106 4170 4105
8084 2 2 0 1 4170 4171 4106
8085 2 2 0 1 4107 4171 4106
8086 2 2 0 1 4171 4172 4107
8087 2 2 0 1 4108 4172 4107
8088 2 2 0 1 4172 4173 4108
8089 2 2 0 1 4109 4173 4108
8090 2 2 0 1 4173 4174 4109
8091 2 2 0 1 4110 4174 4109
8092 2 2 0 1 4174 4175 4110
8093 2 2 0 1 4111 4175 4110
8094 2 2 0 1 4175 4176 4111
8095 2 2 0 1 4112 4176 4111
8096 2 2 0 1 4176 4177 4112
8097 2 2 0 1 4113 4177 4112
8098 2 2 0 1 4177 4178 4113
8099 2 2 0 1 4114 4178 4113
8100 2 2 0 1 4178 4179 4114
8101 2 2 0 1 4115 4179 4114
8102 2 2 0 1 4179 4180 4115
8103 2 2 0 1 4116 4180 4115
8104 2 2 0 1 4180 4181 4116
8105 2 2 0 1 4117 4181 4116
8106 2 2 0 1 4181 4182 4117
8107 2 2 0 1 4118 4182 4117
8108 2 2 0 1 4182 4183 4118
8109 2 2 0 1 4119 4183 4118
8110 2 2 0 1 4183 4184 4119
8111 2 2 0 1 4120 4184 4119
8112 2 2 0 1 4184 4185 4120
8113 2 2 0 1 4121 4185 4120
8114 2 2 0 1 4185 4186 4121
8115 2 2 0 1 4122 4186 4121
8116 2 2 0 1 4186 4187 4122
8117 2 2 0 1 4123 4187 4122
8118 2 2 0 1 4187 4188 4123
8119 2 2 0 1 4124 4188 4123
8120 2 2 0 1 4188 4189 4124
8121 2 2 0 1 4125 4189 4124
8122 2 2 0 1 4189 4190 4125
8123 2 2 0 1 4126 4190 4125
8124 2 2 0 1 4190 4191 4126
8125 2 2 0 1 4127 4191 4126
8126 2 2 0 1 4191 4192 4127
8127 2 2 0 1 4128 4192 4127
8128 2 2 0 1 4192 4193 4128
8129 2 2 0 1 4129 4193 4128
8130 2 2 0 1 4193 4194 4129
8131 2 2 0 1 4130 4194 4129
8132 2 2 0 1 4194 4195 4130
8133 2 2 0 1 4131 4195 4130
8134 2 2 0 1 4195 4196 4131
8135 2 2 0 1 4132 4196 4131
8136 2 2 0 1 4196 4197 4132
8137 2 2 0 1 4133 4197 4132
8138 2 2 0 1 4197 4198 4133
8139 2 2 0 1 4134 4198 4133
8140 2 2 0 1 4198 4199 4134
8141 2 2 0 1 4135 4199 4134
8142 2 2 0 1 4199 4200 4135
8143 2 2 0 1 4136 4200 4135
8144 2 2 0 1 4200 4201 4136
8145 2 2 0 1 4137 4201 4136
8146 2 2 0 1 4201 4202 4137
8147 2 2 0 1 4138 4202 4137
8148 2 2 0 1 4202 4203 4138
8149 2 2 0 1 4139 4203 4138
8150 2 2 0 1 4203 4204 4139
8151 2 2 0 1 4140 4204 4139
8152 2 2 0 1 4204 4205 4140
8153 2 2 0 1 4141 4205 4140
8154 2 2 0 1 4205 4206 4141
8155 2 2 0 1 4142 4206 4141
8156 2 2 0 1 4206 4207 4142
8157 2 2 0 1 4143 4207 4142
8158 2 2 0 1 4207 4208 4143
8159 2 2 0 1 4144 4208 4143
8160 2 2 0 1 4208 4209 4144
8161 2 2 0 1 4145 4209 4144
8162 2 2 0 1 4209 4210 4145
8163 2 2 0 1 4146 4210 4145
8164 2 2 0 1 4210 4211 4146
8165 2 2 0 1 4147 4211 4146
8166 2 2 0 1 4211 4212 4147
8167 2 2 0 1 4148 4212 4147
8168 2 2 0 1 4212 4213 4148
8169 2 2 0 1 4149 4213 4148
8170 2 2 0 1 4213 4214 4149
8171 2 2 0 1 4150 4214 4149
8172 2 2 0 1 4214 4215 4150
8173 2 2 0 1 4151 4215 4150
8174 2 2 0 1 4215 4216 4151
8175 2 2 0 1 4152 4216 4151
8176 2 2 0 1 4216 4217 4152
8177 2 2 0 1 4153 4217 4152
8178 2 2 0 1 4217 4218 4153
8179 2 2 0 1 4154 4218 4153
8180 2 2 0 1 4218 4219 4154
8181 2 2 0 1 4155 4219 4154
8182 2 2 0 1 4219 4220 4155
8183 2 2 0 1 4156 4220 4155
8184 2 2 0 1 4220 4221 4156
8185 2 2 0 1 4157 4221 4156
8186 2 2 0 1 4221 4222 4157
8187 2 2 0 1 4158 4222 4157
8188 2 2 0 1 4222 4223 4158
8189 2 2 0 1 4159 4223 4158
8190 2 2 0 1 4223 4224 4159
8191 2 2 0 1 4160 4224 4159
8192 2 2 0 1 4224 4225 4160
8193 2 2 0 1 4161 4226 4162
8194 2 2 0 1 4226 4227 4161
8195 2 2 0 1 4163 4227 4161
8196 2 2 0 1 4227 4228 4163
8197 2 2 0 1 4164 4228 4163
8198 2 2 0 1 4228 4229 4164
8199 2 2 0 1 4165 4229 4164
8200 2 2 0 1 4229 4230 4165
8201 2 2 0 1 4166 4230 4165
8202 2 2 0 1 4230 4231 4166
8203 2 2 0 1 4167 4231 4166
8204 2 2 0 1 4231 4232 4167
8205 2 2 0 1 4168 4232 4167
8206 2 2 0 1 4232 4233 4168
8207 2 2 0 1 4169 4233 4168
8208 2 2 0 1 4233 4234 4169
8209 2 2 0 1 4235 4234 4169
8210 2 2 0 1 4169 4235 4170
8211 2 2 0 1 4236 4235 4170
8212 2 2 0 1 4170 4236 4171
8213 2 2 0 1 4237 4236 4171
8214 2 2 0 1 4171 4237 4172
8215 2 2 0 1 4238 4237 4172
8216 2 2 0 1 4172 4238 4173
8217 2 2 0 1 4239 4238 4173
8218 2 2 0 1 4173 4239 4174
8219 2 2 0 1 4240 4239 4174
8220 2 2 0 1 4174 4240 4175
8221 2 2 0 1 4241 4240 4175
8222 2 2 0 1 4175 4241 4176
8223 2 2 0 1 4242 4241 4176
8224 2 2 0 1 4176 4242 4177
8225 2 2 0 1 4243 4242 4177
8226 2 2 0 1 4177 4243 4178
8227 2 2 0 1 4244 4243 4178
8228 2 2 0 1 4178 4244 4179
8229 2 2 0 1 4245 4244 4179
8230 2 2 0 1 4179 4245 4180
8231 2 2 0 1 4246 4245 4180
8232 2 2 0 1 4180 4246 4181
8233 2 2 0 1 4247 4246 4181
8234 2 2 0 1 4181 4247 4182
8235 2 2 0 1 4248 4247 4182
8236 2 2 0 1 4182 4248 4183
8237 2 2 0 1 4249 4248 4183
8238 2 2 0 1 4183 4249 4184
8239 2 2 0 1 4250 4249 4184
8240 2 2 0 1 4184 4250 4185
8241 2 2 0 1 4251 4250 4185
8242 2 2 0 1 4185 4251 4186
8243 2 2 0 1 4252 4251 4186
8244 2 2 0 1 4186 4252 4187
8245 2 2 0 1 4253 4252 4187
8246 2 2 0 1 4187 4253 4188
8247 2 2 0 1 4254 4253 4188
8248 2 2 0 1 4188 4254 4189
8249 2 2 0 1 4255 4254 4189
8250 2 2 0 1 4189 4255 4190
8251 2 2 0 1 4256 4255 4190
8252 2 2 0 1 4190 4256 4191
8253 2 2 0 1 4257 4256 4191
8254 2 2 0 1 4191 4257 4192
8255 2 2 0 1 4258 4257 4192
8256 2 2 0 1 4192 4258 4193
8257 2 2 0 1 4259 4258 4193
8258 2 2 0 1 4193 4259 4194
8259 2 2 0 1 4260 4259 4194
8260 2 2 0 1 4194 4260 4195
8261 2 2 0 1 4261 4260 4195
8262 2 2 0 1 4195 4261 4196
8263 2 2 0 1 4262 4261 4196
8264 2 2 0 1 4196 4262 4197
8265 2 2 0 1 4263 4262 4197
8266 2 2 0 1 4197 4263 4198
8267 2 2 0 1 4264 4263 4198
8268 2 2 0 1 4198 4264 4199
8269 2 2 0 1 4265 4264 4199
8270 2 2 0 1 4199 4265 4200
8271 2 2 0 1 4266 4265 4200
8272 2 2 0 1 4200 4266 4201
8273 2 2 0 1 4267 4266 4201
8274 2 2 0 1 4201 4267 4202
8275 2 2 0 1 4268 4267 4202
8276 2 2 0 1 4202 4268 4203
8277 2 2 0 1 4269 4268 4203
8278 2 2 0 1 4203 4269 4204
8279 2 2 0 1 4270 4269 4204
8280 2 2 0 1 4204 4270 4205
8281 2 2 0 1 4271 4270 4205
8282 2 2 0 1 4205 4271 4206
8283 2 2 0 1 4272 4271 4206
8284 2 2 0 1 4206 4272 4207
8285 2 2 0 1 4273 4272 4207
8286 2 2 0 1 4207 4273 4208
8287 2 2 0 1 4274 4273 4208
8288 2 2 0 1 4208 4274 4209
8289 2 2 0 1 4275 4274 4209
8290 2 2 0 1 4209 4275 4210
8291 2 2 0 1 4276 4275 4210
8292 2 2 0 1 4210 4276 4211
8293 2 2 0 1 4277 4276 4211
8294 2 2 0 1 4211 4277 4212
8295 2 2 0 1 4278 4277 4212
8296 2 2 0 1 4212 4278 4213
8297 2 2 0 1 4279 4278 4213
8298 2 2 0 1 4213 4279 4214
8299 2 2 0 1 4280 4279 4214
8300 2 2 0 1 4214 4280 4215
8301 2 2 0 1 4281 4280 4215
8302 2 2 0 1 4215 4281 4216
8303 2 2 0 1 4282 4281 4216
8304 2 2 0 1 4216 4282 4217
8305 2 2 0 1 4283 4282 4217
8306 2 2 0 1 4217 4283 4218
8307 2 2 0 1 4284 4283 4218
8308 2 2 0 1 4218 4284 4219
8309 2 2 0 1 4285 4284 4219
8310 2 2 0 1 4219 4285 4220
8311 2 2 0 1 4286 4285 4220
8312 2 2 0 1 4220 4286 4221
8313 2 2 0 1 4287 4286 4221
8314 2 2 0 1 4221 4287 4222
8315 2 2 0 1 4288 4287 4222
8316 2 2 0 1 4222 4288 4223
8317 2 2 0 1 4289 4288 4223
8318 2 2 0 1 4223 4289 4224
8319 2 2 0 1 4290 4289 4224
8320 2 2 0 1 4224 4290 4225
8321 2 2 0 1 4227 4291 4226
8322 2 2 0 1 4291 4292 4227
8323 2 2 0 1 4228 4292 4227
8324 2 2 0 1 4292 4293 4228
8325 2 2 0 1 4229 4293 4228
8326 2 2 0 1 4293 4294 4229
8327 2 2 0 1 4230 4294 4229
8328 2 2 0 1 4294 4295 4230
8329 2 2 0 1 4231 4295 4230
8330 2 2 0 1 4295 4296 4231
8331 2 2 0 1 4232 4296 4231
8332 2 2 0 1 4296 4297 4232
8333 2 2 0 1 4233 4297 4232
8334 2 2 0 1 4297 4298 4233
8335 2 2 0 1 4234 4298 4233
8336 2 2 0 1 4298 4299 4234
8337 2 2 0 1 4300 4299 4234
8338 2 2 0 1 4234 4300 4235
8339 2 2 0 1 4301 4300 4235
8340 2 2 0 1 4235 4301 4236
8341 2 2 0 1 4302 4301 4236
8342 2 2 0 1 4236 4302 4237
8343 2 2 0 1 4303 4302 4237
8344 2 2 0 1 4237 4303 4238
8345 2 2 0 1 4304 4303 4238
8346 2 2 0 1 4238 4304 4239
8347 2 2 0 1 4305 4304 4239
8348 2 2 0 1 4239 4305 4240
8349 2 2 0 1 4306 4305 4240
8350 2 2 0 1 4240 4306 4241
8351 2 2 0 1 4307 4306 4241
8352 2 2 0 1 4241 4307 4242
8353 2 2 0 1 4308 4307 4242
8354 2 2 0 1 4242 4308 4243
8355 2 2 0 1 4309 4308 4243
8356 2 2 0 1 4243 4309 4244
8357 2 2 0 1 4310 4309 4244
8358 2 2 0 1 4244 4310 4245
8359 2 2 0 1 4311 4310 4245
8360 2 2 0 1 4245 4311 4246
8361 2 2 0 1 4312 4311 4246
8362 2 2 0 1 4246 4312 4247
8363 2 2 0 1 4313 4312 4247
8364 2 2 0 1 4247 4313 4248
8365 2 2 0 1 4314 4313 4248
8366 2 2 0 1 4248 4314 4249
8367 2 2 0 1 4315 4314 4249
8368 2 2 0 1 4249 4315 4250
8369 2 2 0 1 4316 4315 4250
8370 2 2 0 1 4250 4316 4251
8371 2 2 0 1 4317 4316 4251
8372 2 2 0 1 4251 4317 4252
8373 2 2 0 1 4318 4317 4252
8374 2 2 0 1 4252 4318 4253
8375 2 2 0 1 4319 4318 4253
8376 2 2 0 1 4253 4319 4254
8377 2 2 0 1 4320 4319 4254
8378 2 2 0 1 4254 4320 4255
8379 2 2 0 1 4321 4320 4255
8380 2 2 0 1 4255 4321 4256
8381 2 2 0 1 4322 4321 4256
8382 2 2 0 1 4256 4322 4257
8383 2 2 0 1 4323 4322 4257
8384 2 2 0 1 4257 4323 4258
8385 2 2 0 1 4324 4323 4258
8386 2 2 0 1 4258 4324 4259
8387 2 2 0 1 4325 4324 4259
8388 2 2 0 1 4259 4325 4260
8389 2 2 0 1 4326 4325 4260
8390 2 2 0 1 4260 4326 4261
8391 2 2 0 1 4327 4326 4261
8392 2 2 0 1 4261 4327 4262
8393 2 2 0 1 4328 4327 4262
8394 2 2 0 1 4262 4328 4263
8395 2 2 0 1 4329 4328 4263
8396 2 2 0 1 4263 4329 4264
8397 2 2 0 1 4330 4329 4264
8398 2 2 0 1 4264 4330 4265
8399 2 2 0 1 4331 4330 4265
8400 2 2 0 1 4265 4331 4266
8401 2 2 0 1 4332 4331 4266
8402 2 2 0 1 4266 4332 4267
8403 2 2 0 1 4333 4332 4267
8404 2 2 0 1 4267 4333 4268
8405 2 2 0 1 4334 4333 4268
8406 2 2 0 1 4268 4334 4269
8407 2 2 0 1 4335 4334 4269
8408 2 2 0 1 4269 4335 4270
8409 2 2 0 1 4336 4335 4270
8410 2 2 0 1 4270 4336 4271
8411 2 2 0 1 4337 4336 4271
8412 2 2 0 1 4271 4337 4272
8413 2 2 0 1 4338 4337 4272
8414 2 2 0 1 4272 4338 4273
8415 2 2 0 1 4339 4338 4273
8416 2 2 0 1 4273 4339 4274
8417 2 2 0 1 4340 4339 4274
8418 2 2 0 1 4274 4340 4275
8419 2 2 0 1 4341 4340 4275
8420 2 2 0 1 4275 4341 4276
8421 2 2 0 1 4342 4341 4276
8422 2 2 0 1 4276 4342 4277
8423 2 2 0 1 4343 4342 4277
8424 2 2 0 1 4277 4343 4278
8425 2 2 0 1 4344 4343 4278
8426 2 2 0 1 4278 4344 4279
8427 2 2 0 1 4345 4344 4279
8428 2 2 0 1 4279 4345 4280
8429 2 2 0 1 4346 4345 4280
8430 2 2 0 1 4280 4346 4281
8431 2 2 0 1 4347 4346 4281
8432 2 2 0 1 4281 4347 4282
8433 2 2 0 1 4348 4347 4282
8434 2 2 0 1 4282 4348 4283
8435 2 2 0 1 4349 4348 4283
8436 2 2 0 1 4283 4349 4284
8437 2 2 0 1 4350 4349 4284
8438 2 2 0 1 4284 4350 4285
8439 2 2 0 1 4351 4350 4285
8440 2 2 0 1 4285 4351 4286
8441 2 2 0 1 4352 4351 4286
8442 2 2 0 1 4286 4352 4287
8443 2 2 0 1 4353 4352 4287
8444 2 2 0 1 4287 4353 4288
8445 2 2 0 1 4354 4353 4288
8446 2 2 0 1 4288 4354 4289
8447 2 2 0 1 4355 4354 4289
8448 2 2 0 1 4289 4355 4290
8449 2 2 0 1 4292 4356 4291
8450 2 2 0 1 4356 4357 4292
8451 2 2 0 1 4293 4357 4292
8452 2 2 0 1 4357 4358 4293
8453 2 2 0 1 4294 4358 4293
8454 2 2 0 1 4358 4359 4294
8455 2 2 0 1 4295 4359 4294
8456 2 2 0 1 4359 4360 4295
8457 2 2 0 1 4296 4360 4295
8458 2 2 0 1 4360 4361 4296
8459 2 2 0 1 4297 4361 4296
8460 2 2 0 1 4361 4362 4297
8461 2 2 0 1 4298 4362 4297
8462 2 2 0 1 4362 4363 4298
8463 2 2 0 1 4299 4363 4298
8464 2 2 0 1 4363 4364 4299
8465 2 2 0 1 4365 4364 4299
8466 2 2 0 1 4299 4365 4300
8467 2 2 0 1 4366 4365 4300
8468 2 2 0 1 4300 4366 4301
8469 2 2 0 1 4367 4366 4301
8470 2 2 0 1 4301 4367 4302
8471 2 2 0 1 4368 4367 4302
8472 2 2 0 1 4302 4368 4303
8473 2 2 0 1 4369 4368 4303
8474 2 2 0 1 4303 4369 4304
8475 2 2 0 1 4370 4369 4304
8476 2 2 0 1 4304 4370 4305
8477 2 2 0 1 4371 4370 4305
8478 2 2 0 1 4305 4371 4306
8479 2 2 0 1 4372 4371 4306
8480 2 2 0 1 4306 4372 4307
8481 2 2 0 1 4373 4372 4307
8482 2 2 0 1 4307 4373 4308
8483 2 2 0 1 4374 4373 4308
8484 2 2 0 1 4308 4374 4309
8485 2 2 0 1 4375 4374 4309
8486 2 2 0 1 4309 4375 4310
8487 2 2 0 1 4376 4375 4310
8488 2 2 0 1 4310 4376 4311
8489 2 2 0 1 4377 4376 4311
8490 2 2 0 1 4311 4377 4312
8491 2 2 0 1 4378 4377 4312
8492 2 2 0 1 4312 4378 4313
8493 2 2 0 1 4379 4378 4313
8494 2 2 0 1 4313 4379 4314
8495 2 2 0 1 4380 4379 4314
8496 2 2 0 1 4314 4380 4315
8497 2 2 0 1 4381 4380 4315
8498 2 2 0 1 4315 4381 4316
8499 2 2 0 1 4382 4381 4316
8500 2 2 0 1 4316 4382 4317
8501 2 2 0 1 4383 4382 4317
8502 2 2 0 1 4317 4383 4318
8503 2 2 0 1 4384 4383 4318
8504 2 2 0 1 4318 4384 4319
8505 2 2 0 1 4385 4384 4319
8506 2 2 0 1 4319 4385 4320
8507 2 2 0 1 4386 4385 4320
8508 2 2 0 1 4320 4386 4321
8509 2 2 0 1 4387 4386 4321
8510 2 2 0 1 4321 4387 4322
8511 2 2 0 1 4388 4387 4322
8512 2 2 0 1 4322 4388 4323
8513 2 2 0 1 4389 4388 4323
8514 2 2 0 1 4323 4389 4324
8515 2 2 0 1 4390 4389 4324
8516 2 2 0 1 4324 4390 4325
8517 2 2 0 1 4391 4390 4325
8518 2 2 0 1 4325 4391 4326
8519 2 2 0 1 4392 4391 4326
8520 2 2 0 1 4326 4392 4327
8521 2 2 0 1 4393 4392 4327
8522 2 2 0 1 4327 4393 4328
8523 2 2 0 1 4394 4393 4328
8524 2 2 0 1 4328 4394 4329
8525 2 2 0 1 4395 4394 4329
8526 2 2 0 1 4329 4395 4330
8527 2 2 0 1 4396 4395 4330
8528 2 2 0 1 4330 4396 4331
8529 2 2 0 1 4397 4396 4331
8530 2 2 0 1 4331 4397 4332
8531 2 2 0 1 4398 4397 4332
8532 2 2 0 1 4332 4398 4333
8533 2 2 0 1 4399 4398 4333
8534 2 2 0 1 4333 4399 4334
8535 2 2 0 1 4400 4399 4334
8536 2 2 0 1 4334 4400 4335
8537 2 2 0 1 4401 4400 4335
8538 2 2 0 1 4335 4401 4336
8539 2 2 0 1 4402 4401 4336
8540 2 2 0 1 4336 4402 4337
8541 2 2 0 1 4403 4402 4337
8542 2 2 0 1 4337 4403 4338
8543 2 2 0 1 4404 4403 4338
8544 2 2 0 1 4338 4404 4339
8545 2 2 0 1 4405 4404 4339
8546 2 2 0 1 4339 4405 4340
8547 2 2 0 1 4406 4405 4340
8548 2 2 0 1 4340 4406 4341
8549 2 2 0 1 4407 4406 4341
8550 2 2 0 1 4341 4407 4342
8551 2 2 0 1 4408 4407 4342
8552 2 2 0 1 4342 4408 4343
8553 2 2 0 1 4409 4408 4343
8554 2 2 0 1 4343 4409 4344
8555 2 2 0 1 4410 4409 4344
8556 2 2 0 1 4344 4410 4345
8557 2 2 0 1 4411 4410 4345
8558 2 2 0 1 4345 4411 4346
8559 2 2 0 1 4412 4411 4346
8560 2 2 0 1 4346 4412 4347
8561 2 2 0 1 4413 4412 4347
8562 2 2 0 1 4347 4413 4348
8563 2 2 0 1 4414 4413 4348
8564 2 2 0 1 4348 4414 4349
8565 2 2 0 1 4415 4414 4349
8566 2 2 0 1 4349 4415 4350
8567 2 2 0 1 4416 4415 4350
8568 2 2 0 1 4350 4416 4351
8569 2 2 0 1 4417 4416 4351
8570 2 2 0 1 4351 4417 4352
8571 2 2 0 1 4418 4417 4352
8572 2 2 0 1 4352 4418 4353
8573 2 2 0 1 4419 4418 4353
8574 2 2 0 1 4353 4419 4354
8575 2 2 0 1 4420 4419 4354
8576 2 2 0 1 4354 4420 4355
8577 2 2 0 1 4357 4421 4356
8578 2 2 0 1 4421 4422 4357
8579 2 2 0 1 4358 4422 4357
8580 2 2 0 1 4422 4423 4358
8581 2 2 0 1 4359 4423 4358
8582 2 2 0 1 4423 4424 4359
8583 2 2 0 1 4360 4424 4359
8584 2 2 0 1 4424 4425 4360
8585 2 2 0 1 4361 4425 4360
8586 2 2 0 1 4425 4426 4361
8587 2 2 0 1 4362 4426 4361
8588 2 2 0 1 4426 4427 4362
8589 2 2 0 1 4363 4427 4362
8590 2 2 0 1 4427 4428 4363
8591 2 2 0 1 4364 4428 4363
8592 2 2 0 1 4428 4429 4364
8593 2 2 0 1 4430 4429 4364
8594 2 2 0 1 4364 4430 4365
8595 2 2 0 1 4431 4430 4365
8596 2 2 0 1 4365 4431 4366
8597 2 2 0 1 4432 4431 4366
8598 2 2 0 1 4366 4432 4367
8599 2 2 0 1 4433 4432 4367
8600 2 2 0 1 4367 4433 4368
8601 2 2 0 1 4434 4433 4368
8602 2 2 0 1 4368 4434 4369
8603 2 2 0 1 4435 4434 4369
8604 2 2 0 1 4369 4435 4370
8605 2 2 0 1 4436 4435 4370
8606 2 2 0 1 4370 4436 4371
8607 2 2 0 1 4437 4436 4371
8608 2 2 0 1 4371 4437 4372
8609 2 2 0 1 4438 4437 4372
8610 2 2 0 1 4372 4438 4373
8611 2 2 0 1 4439 4438 4373
8612 2 2 0 1 4373 4439 4374
8613 2 2 0 1 4440 4439 4374
8614 2 2 0 1 4374 4440 4375
8615 2 2 0 1 4441 4440 4375
8616 2 2 0 1 4375 4441 4376
8617 2 2 0 1 4442 4441 4376
8618 2 2 0 1 4376 4442 4377
8619 2 2 0 1 4443 4442 4377
8620 2 2 0 1 4377 4443 4378
8621 2 2 0 1 4444 4443 4378
8622 2 2 0 1 4378 4444 4379
8623 2 2 0 1 4445 4444 4379
8624 2 2 0 1 4379 4445 4380
8625 2 2 0 1 4446 4445 4380
8626 2 2 0 1 4380 4446 4381
8627 2 2 0 1 4447 4446 4381
8628 2 2 0 1 4381 4447 4382
8629 2 2 0 1 4448 4447 4382
8630 2 2 0 1 4382 4448 4383
8631 2 2 0 1 4449 4448 4383
8632 2 2 0 1 4383 4449 4384
8633 2 2 0 1 4450 4449 4384
8634 2 2 0 1 4384 4450 4385
8635 2 2 0 1 4451 4450 4385
8636 2 2 0 1 4385 4451 4386
8637 2 2 0 1 4452 4451 4386
8638 2 2 0 1 4386 4452 4387
8639 2 2 0 1 4453 4452 4387
8640 2 2 0 1 4387 4453 4388
8641 2 2 0 1 4454 4453 4388
8642 2 2 0 1 4388 4454 4389
8643 2 2 0 1 4455 4454 4389
8644 2 2 0 1 4389 4455 4390
8645 2 2 0 1 4456 4455 4390
8646 2 2 0 1 4390 4456 4391
8647 2 2 0 1 4457 4456 4391
8648 2 2 0 1 4391 4457 4392
8649 2 2 0 1 4458 4457 4392
8650 2 2 0 1 4392 4458 4393
8651 2 2 0 1 4459 4458 4393
8652 2 2 0 1 4393 4459 4394
8653 2 2 0 1 4460 4459 4394
8654 2 2 0 1 4394 4460 4395
8655 2 2 0 1 4461 4460 4395
8656 2 2 0 1 4395 4461 4396
8657 2 2 0 1 4462 4461 4396
8658 2 2 0 1 4396 4462 4397
8659 2 2 0 1 4463 4462 4397
8660 2 2 0 1 4397 4463 4398
8661 2 2 0 1 4464 4463 4398
8662 2 2 0 1 4398 4464 4399
8663 2 2 0 1 4465 4464 4399
8664 2 2 0 1 4399 4465 4400
8665 2 2 0 1 4466 4465 4400
8666 2 2 0 1 4400 4466 4401
8667 2 2 0 1 4467 4466 4401
8668 2 2 0 1 4401 4467 4402
8669 2 2 0 1 4468 4467 4402
8670 2 2 0 1 4402 4468 4403
8671 2 2 0 1 4469 4468 4403
8672 2 2 0 1 4403 4469 4404
8673 2 2 0 1 4470 4469 4404
8674 2 2 0 1 4404 4470 4405
8675 2 2 0 1 4471 4470 4405
8676 2 2 0 1 4405 4471 4406
8677 2 2 0 1 4472 4471 4406
8678 2 2 0 1 4406 4472 4407
8679 2 2 0 1 4473 4472 4407
8680 2 2 0 1 4407 4473 4408
8681 2 2 0 1 4474 4473 4408
8682 2 2 0 1 4408 4474 4409
8683 2 2 0 1 4475 4474 4409
8684 2 2 0 1 4409 4475 4410
8685 2 2 0 1 4476 4475 4410
8686 2 2 0 1 4410 4476 4411
8687 2 2 0 1 4477 4476 4411
8688 2 2 0 1 4411 4477 4412
8689 2 2 0 1 4478 4477 4412
8690 2 2 0 1 4412 4478 4413
8691 2 2 0 1 4479 4478 4413
8692 2 2 0 1 4413 4479 4414
8693 2 2 0 1 4480 4479 4414
8694 2 2 0 1 4414 4480 4415
8695 2 2 0 1 4481 4480 4415
8696 2 2 0 1 4415 4481 4416
8697 2 2 0 1 4482 4481 4416
8698 2 2 0 1 4416 4482 4417
8699 2 2 0 1 4483 4482 4417
8700 2 2 0 1 4417 4483 4418
8701 2 2 0 1 4484 4483 4418
8702 2 2 0 1 4418 4484 4419
8703 2 2 0 1 4485 4484 4419
8704 2 2 0 1 4419 4485 4420
8705 2 2 0 1 4422 4486 4421
8706 2 2 0 1 4486 4487 4422
8707 2 2 0 1 4423 4487 4422
8708 2 2 0 1 4487 4488 4423
8709 2 2 0 1 4424 4488 4423
8710 2 2 0 1 4488 4489 4424
8711 2 2 0 1 4425 4489 4424
8712 2 2 0 1 4489 4490 4425
8713 2 2 0 1 4426 4490 4425
8714 2 2 0 1 4490 4491 4426
8715 2 2 0 1 4427 4491 4426
8716 2 2 0 1 4491 4492 4427
8717 2 2 0 1 4428 4492 4427
8718 2 2 0 1 4492 4493 4428
8719 2 2 0 1 4429 4493 4428
8720 2 2 0 1 4493 4494 4429
8721 2 2 0 1 4495 4494 4429
8722 2 2 0 1 4429 4495 4430
8723 2 2 0 1 4496 4495 4430
8724 2 2 0 1 4430 4496 4431
8725 2 2 0 1 4497 4496 4431
8726 2 2 0 1 4431 4497 4432
8727 2 2 0 1 4498 4497 4432
8728 2 2 0 1 4432 4498 4433
8729 2 2 0 1 4499 4498 4433
8730 2 2 0 1 4433 4499 4434
8731 2 2 0 1 4500 4499 4434
8732 2 2 0 1 4434 4500 4435
8733 2 2 0 1 4501 4500 4435
8734 2 2 0 1 4435 4501 4436
8735 2 2 0 1 4502 4501 4436
8736 2 2 0 1 4436 4502 4437
8737 2 2 0 1 4503 4502 4437
8738 2 2 0 1 4437 4503 4438
8739 2 2 0 1 4504 4503 4438
8740 2 2 0 1 4438 4504 4439
8741 2 2 0 1 4505 4504 4439
8742 2 2 0 1 4439 4505 4440
8743 2 2 0 1 4506 4505 4440
8744 2 2 0 1 4440 4506 4441
8745 2 2 0 1 4507 4506 4441
8746 2 2 0 1 4441 4507 4442
8747 2 2 0 1 4508 4507 4442
8748 2 2 0 1 4442 4508 4443
8749 2 2 0 1 4509 4508 4443
8750 2 2 0 1 4443 4509 4444
8751 2 2 0 1 4510 4509 4444
8752 2 2 0 1 4444 4510 4445
8753 2 2 0 1 4511 4510 4445
8754 2 2 0 1 4445 4511 4446
8755 2 2 0 1 4512 4511 4446
8756 2 2 0 1 4446 4512 4447
8757 2 2 0 1 4513 4512 4447
8758 2 2 0 1 4447 4513 4448
8759 2 2 0 1 4514 4513 4448
8760 2 2 0 1 4448 4514 4449
8761 2 2 0 1 4515 4514 4449
8762 2 2 0 1 4449 4515 4450
8763 2 2 0 1 4516 4515 4450
8764 2 2 0 1 4450 4516 4451
8765 2 2 0 1 4517 4516 4451
8766 2 2 0 1 4451 4517 4452
8767 2 2 0 1 4518 4517 4452
8768 2 2 0 1 4452 4518 4453
8769 2 2 0 1 4519 4518 4453
8770 2 2 0 1 4453 4519 4454
8771 2 2 0 1 4520 4519 4454
8772 2 2 0 1 4454 4520 4455
8773 2 2 0 1 4521 4520 4455
8774 2 2 0 1 4455 4521 4456
8775 2 2 0 1 4522 4521 4456
8776 2 2 0 1 4456 4522 4457
8777 2 2 0 1 4523 4522 4457
8778 2 2 0 1 4457 4523 4458
8779 2 2 0 1 4524 4523 4458
8780 2 2 0 1 4458 4524 4459
8781 2 2 0 1 4525 4524 4459
8782 2 2 0 1 4459 4525 4460
8783 2 2 0 1 4526 4525 4460
8784 2 2 0 1 4460 4526 4461
8785 2 2 0 1 4527 4526 4461
8786 2 2 0 1 4461 4527 4462
8787 2 2 0 1 4528 4527 4462
8788 2 2 0 1 4462 4528 4463
8789 2 2 0 1 4529 4528 4463
8790 2 2 0 1 4463 4529 4464
8791 2 2 0 1 4530 4529 4464
8792 2 2 0 1 4464 4530 4465
8793 2 2 0 1 4531 4530 4465
8794 2 2 0 1 4465 4531 4466
8795 2 2 0 1 4532 4531 4466
8796 2 2 0 1 4466 4532 4467
8797 2 2 0 1 4533 4532 4467
8798 2 2 0 1 4467 4533 4468
8799 2 2 0 1 4534 4533 4468
8800 2 2 0 1 4468 4534 4469
8801 2 2 0 1 4535 4534 4469
8802 2 2 0 1 4469 4535 4470
8803 2 2 0 1 4536 4535 4470
8804 2 2 0 1 4470 4536 4471
8805 2 2 0 1 4537 4536 4471
8806 2 2 0 1 4471 4537 4472
8807 2 2 0 1 4538 4537 4472
8808 2 2 0 1 4472 4538 4473
8809 2 2 0 1 4539 4538 4473
8810 2 2 0 1 4473 4539 4474
8811 2 2 0 1 4540 4539 4474
8812 2 2 0 1 4474 4540 4475
8813 2 2 0 1 4541 4540 4475
8814 2 2 0 1 4475 4541 4476
8815 2 2 0 1 4542 4541 4476
8816 2 2 0 1 4476 4542 4477
8817 2 2 0 1 4543 4542 4477
8818 2 2 0 1 4477 4543 4478
8819 2 2 0 1 4544 4543 4478
8820 2 2 0 1 4478 4544 4479
8821 2 2 0 1 4545 4544 4479
8822 2 2 0 1 4479 4545 4480
8823 2 2 0 1 4546 4545 4480
8824 2 2 0 1 4480 4546 4481
8825 2 2 0 1 4547 4546 4481
8826 2 2 0 1 4481 4547 4482
8827 2 2 0 1 4548 4547 4482
8828 2 2 0 1 4482 4548 4483
8829 2 2 0 1 4549 4548 4483
8830 2 2 0 1 4483 4549 4484
8831 2 2 0 1 4550 4549 4484
8832 2 2 0 1 4484 4550 4485
8833 2 2 0 1 4487 4551 4486
8834 2 2 0 1 4551 4552 4487
8835 2 2 0 1 4488 4552 4487
8836 2 2 0 1 4552 4553 4488
8837 2 2 0 1 4489 4553 4488
8838 2 2 0 1 4553 4554 4489
8839 2 2 0 1 4490 4554 4489
8840 2 2 0 1 4554 4555 4490
8841 2 2 0 1 4491 4555 4490
8842 2 2 0 1 4555 4556 4491
8843 2 2 0 1 4492 4556 4491
8844 2 2 0 1 4556 4557 4492
8845 2 2 0 1 4493 4557 4492
8846 2 2 0 1 4557 4558 4493
8847 2 2 0 1 4494 4558 4493
8848 2 2 0 1 4558 4559 4494
8849 2 2 0 1 4560 4559 4494
8850 2 2 0 1 4494 4560 4495
8851 2 2 0 1 4561 4560 4495
8852 2 2 0 1 4495 4561 4496
8853 2 2 0 1 4562 4561 4496
8854 2 2 0 1 4496 4562 4497
8855 2 2 0 1 4563 4562 4497
8856 2 2 0 1 4497 4563 4498
8857 2 2 0 1 4564 4563 4498
8858 2 2 0 1 4498 4564 4499
8859 2 2 0 1 4565 4564 4499
8860 2 2 0 1 4499 4565 4500
8861 2 2 0 1 4566 4565 4500
8862 2 2 0 1 4500 4566 4501
8863 2 2 0 1 4567 4566 4501
8864 2 2 0 1 4501 4567 4502
8865 2 2 0 1 4568 4567 4502
8866 2 2 0 1 4502 4568 4503
8867 2 2 0 1 4569 4568 4503
8868 2 2 0 1 4503 4569 4504
8869 2 2 0 1 4570 4569 4504
8870 2 2 0 1 4504 4570 4505
8871 2 2 0 1 4571 4570 4505
8872 2 2 0 1 4505 4571 4506
8873 2 2 0 1 4572 4571 4506
8874 2 2 0 1 4506 4572 4507
8875 2 2 0 1 4573 4572 4507
8876 2 2 0 1 4507 4573 4508
8877 2 2 0 1 4574 4573 4508
8878 2 2 0 1 4508 4574 4509
8879 2 2 0 1 4575 4574 4509
8880 2 2 0 1 4509 4575 4510
8881 2 2 0 1 4576 4575 4510
8882 2 2 0 1 4510 4576 4511
8883 2 2 0 1 4577 4576 4511
8884 2 2 0 1 4511 4577 4512
8885 2 2 0 1 4578 4577 4512
8886 2 2 0 1 4512 4578 4513
8887 2 2 0 1 4579 4578 4513
8888 2 2 0 1 4513 4579 4514
8889 2 2 0 1 4580 4579 4514
8890 2 2 0 1 4514 4580 4515
8891 2 2 0 1 4581 4580 4515
8892 2 2 0 1 4515 4581 4516
8893 2 2 0 1 4582 4581 4516
8894 2 2 0 1 4516 4582 4517
8895 2 2 0 1 4583 4582 4517
8896 2 2 0 1 4517 4583 4518
8897 2 2 0 1 4584 4583 4518
8898 2 2 0 1 4518 4584 4519
8899 2 2 0 1 4585 4584 4519
8900 2 2 0 1 4519 4585 4520
8901 2 2 0 1 4586 4585 4520
8902 2 2 0 1 4520 4586 4521
8903 2 2 0 1 4587 4586 4521
8904 2 2 0 1 4521 4587 4522
8905 2 2 0 1 4588 4587 4522
8906 2 2 0 1 4522 4588 4523
8907 2 2 0 1 4589 4588 4523
8908 2 2 0 1 4523 4589 4524
8909 2 2 0 1 4590 4589 4524
8910 2 2 0 1 4524 4590 4525
8911 2 2 0 1 4591 4590 4525
8912 2 2 0 1 4525 4591 4526
8913 2 2 0 1 4592 4591 4526
8914 2 2 0 1 4526 4592 4527
8915 2 2 0 1 4593 4592 4527
8916 2 2 0 1 4527 4593 4528
8917 2 2 0 1 4594 4593 4528
8918 2 2 0 1 4528 4594 4529
8919 2 2 0 1 4595 4594 4529
8920 2 2 0 1 4529 4595 4530
8921 2 2 0 1 4596 4595 4530
8922 2 2 0 1 4530 4596 4531
8923 2 2 0 1 4597 4596 4531
8924 2 2 0 1 4531 4597 4532
8925 2 2 0 1 4598 4597 4532
8926 2 2 0 1 4532 4598 4533
8927 2 2 0 1 4599 4598 4533
8928 2 2 0 1 4533 4599 4534
8929 2 2 0 1 4600 4599 4534
8930 2 2 0 1 4534 4600 4535
8931 2 2 0 1 4601 4600 4535
8932 2 2 0 1 4535 4601 4536
8933 2 2 0 1 4602 4601 4536
8934 2 2 0 1 4536 4602 4537
8935 2 2 0 1 4603 4602 4537
8936 2 2 0 1 4537 4603 4538
8937 2 2 0 1 4604 4603 4538
8938 2 2 0 1 4538 4604 4539
8939 2 2 0 1 4605 4604 4539
8940 2 2 0 1 4539 4605 4540
8941 2 2 0 1 4606 4605 4540
8942 2 2 0 1 4540 4606 4541
8943 2 2 0 1 4607 4606 4541
8944 2 2 0 1 4541 4607 4542
8945 2 2 0 1 4608 4607 4542
8946 2 2 0 1 4542 4608 4543
8947 2 2 0 1 4609 4608 4543
8948 2 2 0 1 4543 4609 4544
8949 2 2 0 1 4610 4609 4544
8950 2 2 0 1 4544 4610 4545
8951 2 2 0 1 4611 4610 4545
8952 2 2 0 1 4545 4611 4546
8953 2 2 0 1 4612 4611 4546
8954 2 2 0 1 4546 4612 4547
8955 2 2 0 1 4613 4612 4547
8956 2 2 0 1 4547 4613 4548
8957 2 2 0 1 4614 4613 4548
8958 2 2 0 1 4548 4614 4549
8959 2 2 0 1 4615 4614 4549
8960 2 2 0 1 4549 4615 4550
8961 2 2 0 1 4552 4616 4551
8962 2 2 0 1 4616 4617 4552
8963 2 2 0 1 4553 4617 4552
8964 2 2 0 1 4617 4618 4553
8965 2 2 0 1 4554 4618 4553
8966 2 2 0 1 4618 4619 4554
8967 2 2 0 1 4555 4619 4554
8968 2 2 0 1 4619 4620 4555
8969 2 2 0 1 4556 4620 4555
8970 2 2 0 1 4620 4621 4556
8971 2 2 0 1 4557 4621 4556
8972 2 2 0 1 4621 4622 4557
8973 2 2 0 1 4558 4622 4557
8974 2 2 0 1 4622 4623 4558
8975 2 2 0 1 4559 4623 4558
8976 2 2 0 1 4623 4624 4559
8977 2 2 0 1 4625 4624 4559
8978 2 2 0 1 4559 4625 4560
8979 2 2 0 1 4626 4625 4560
8980 2 2 0 1 4560 4626 4561
8981 2 2 0 1 4627 4626 4561
8982 2 2 0 1 4561 4627 4562
8983 2 2 0 1 4628 4627 4562
8984 2 2 0 1 4562 4628 4563
8985 2 2 0 1 4629 4628 4563
8986 2 2 0 1 4563 4629 4564
8987 2 2 0 1 4630 4629 4564
8988 2 2 0 1 4564 4630 4565
8989 2 2 0 1 4631 4630 4565
8990 2 2 0 1 4565 4631 4566
8991 2 2 0 1 4632 4631 4566
8992 2 2 0 1 4566 4632 4567
8993 2 2 0 1 4633 4632 4567
8994 2 2 0 1 4567 4633 4568
8995 2 2 0 1 4634 4633 4568
8996 2 2 0 1 4568 4634 4569
8997 2 2 0 1 4635 4634 4569
8998 2 2 0 1 4569 4635 4570
8999 2 2 0 1 4636 4635 4570
9000 2 2 0 1 4570 4636 4571
9001 2 2 0 1 4637 4636 4571
9002 2 2 0 1 4571 4637 4572
9003 2 2 0 1 4638 4637 4572
9004 2 2 0 1 4572 4638 4573
9005 2 2 0 1 4639 4638 4573
9006 2 2 0 1 4573 4639 4574
9007 2 2 0 1 4640 4639 4574
9008 2 2 0 1 4574 4640 4575
9009 2 2 0 1 4641 4640 4575
9010 2 2 0 1 4575 4641 4576
9011 2 2 0 1 4642 4641 4576
9012 2 2 0 1 4576 4642 4577
9013 2 2 0 1 4643 4642 4577
9014 2 2 0 1 4577 4643 4578
9015 2 2 0 1 4644 4643 4578
9016 2 2 0 1 4578 4644 4579
9017 2 2 0 1 4645 4644 4579
9018 2 2 0 1 4579 4645 4580
9019 2 2 0 1 4646 4645 4580
9020 2 2 0 1 4580 4646 4581
9021 2 2 0 1 4647 4646 4581
9022 2 2 0 1 4581 4647 4582
9023 2 2 0 1 4648 4647 4582
9024 2 2 0 1 4582 4648 4583
9025 2 2 0 1 4649 4648 4583
9026 2 2 0 1 4583 4649 4584
9027 2 2 0 1 4650 4649 4584
9028 2 2 0 1 4584 4650 4585
9029 2 2 0 1 4651 4650 4585
9030 2 2 0 1 4585 4651 4586
9031 2 2 0 1 4652 4651 4586
9032 2 2 0 1 4586 4652 4587
9033 2 2 0 1 4653 4652 4587
9034 2 2 0 1 4587 4653 4588
9035 2 2 0 1 4654 4653 4588
9036 2 2 0 1 4588 4654 4589
9037 2 2 0 1 4655 4654 4589
9038 2 2 0 1 4589 4655 4590
9039 2 2 0 1 4656 4655 4590
9040 2 2 0 1 4590 4656 4591
9041 2 2 0 1 4657 4656 4591
9042 2 2 0 1 4591 4657 4592
9043 2 2 0 1 4658 4657 4592
9044 2 2 0 1 4592 4658 4593
9045 2 2 0 1 4659 4658 4593
9046 2 2 0 1 4593 4659 4594
9047 2 2 0 1 4660 4659 4594
9048 2 2 0 1 4594 4660 4595
9049 2 2 0 1 4661 4660 4595
9050 2 2 0 1 4595 4661 4596
9051 2 2 0 1 4662 4661 4596
9052 2 2 0 1 4596 4662 4597
9053 2 2 0 1 4663 4662 4597
9054 2 2 0 1 4597 4663 4598
9055 2 2 0 1 4664 4663 4598
9056 2 2 0 1 4598 4664 4599
9057 2 2 0 1 4665 4664 4599
9058 2 2 0 1 4599 4665 4600
9059 2 2 0 1 4666 4665 4600
9060 2 2 0 1 4600 4666 4601
9061 2 2 0 1 4667 4666 4601
9062 2 2 0 1 4601 4667 4602
9063 2 2 0 1 4668 4667 4602
9064 2 2 0 1 4602 4668 4603
9065 2 2 0 1 4669 4668 4603
9066 2 2 0 1 4603 4669 4604
9067 2 2 0 1 4670 4669 4604
9068 2 2 0 1 4604 4670 4605
9069 2 2 0 1 4671 4670 4605
9070 2 2 0 1 4605 4671 4606
9071 2 2 0 1 4672 4671 4606
9072 2 2 0 1 4606 4672 4607
9073 2 2 0 1 4673 4672 4607
9074 2 2 0 1 4607 4673 4608
9075 2 2 0 1 4674 4673 4608
9076 2 2 0 1 4608 4674 4609
9077 2 2 0 1 4675 4674 4609
9078 2 2 0 1 4609 4675 4610
9079 2 2 0 1 4676 4675 4610
9080 2 2 0 1 4610 4676 4611
9081 2 2 0 1 4677 4676 4611
9082 2 2 0 1 4611 4677 4612
9083 2 2 0 1 4678 4677 4612
9084 2 2 0 1 4612 4678 4613
9085 2 2 0 1 4679 4678 4613
9086 2 2 0 1 4613 4679 4614
9087 2 2 0 1 4680 4679 4614
9088 2 2 0 1 4614 4680 4615
9089 2 2 0 1 4617 4681 4616
9090 2 2 0 1 4681 4682 4617
9091 2 2 0 1 4618 4682 4617
9092 2 2 0 1 4682 4683 4618
9093 2 2 0 1 4619 4683 4618
9094 2 2 0 1 4683 4684 4619
9095 2 2 0 1 4620 4684 4619
9096 2 2 0 1 4684 4685 4620
9097 2 2 0 1 4621 4685 4620
9098 2 2 0 1 4685 4686 4621
9099 2 2 0 1 4622 4686 4621
9100 2 2 0 1 4686 4687 4622
9101 2 2 0 1 4623 4687 4622
9102 2 2 0 1 4687 4688 4623
9103 2 2 0 1 4624 4688 4623
9104 2 2 0 1 4688 4689 4624
9105 2 2 0 1 4690 4689 4624
9106 2 2 0 1 4624 4690 4625
9107 2 2 0 1 4691 4690 4625
9108 2 2 0 1 4625 4691 4626
9109 2 2 0 1 4692 4691 4626
9110 2 2 0 1 4626 4692 4627
9111 2 2 0 1 4693 4692 4627
9112 2 2 0 1 4627 4693 4628
9113 2 2 0 1 4694 4693 4628
9114 2 2 0 1 4628 4694 4629
9115 2 2 0 1 4695 4694 4629
9116 2 2 0 1 4629 4695 4630
9117 2 2 0 1 4696 4695 4630
9118 2 2 0 1 4630 4696 4631
9119 2 2 0 1 4697 4696 4631
9120 2 2 0 1 4631 4697 4632
9121 2 2 0 1 4698 4697 4632
9122 2 2 0 1 4632 4698 4633
9123 2 2 0 1 4699 4698 4633
9124 2 2 0 1 4633 4699 4634
9125 2 2 0 1 4700 4699 4634
9126 2 2 0 1 4634 4700 4635
9127 2 2 0 1 4701 4700 4635
9128 2 2 0 1 4635 4701 4636
9129 2 2 0 1 4702 4701 4636
9130 2 2 0 1 4636 4702 4637
9131 2 2 0 1 4703 4702 4637
9132 2 2 0 1 4637 4703 4638
9133 2 2 0 1 4704 4703 4638
9134 2 2 0 1 4638 4704 4639
9135 2 2 0 1 4705 4704 4639
9136 2 2 0 1 4639 4705 4640
9137 2 2 0 1 4706 4705 4640
9138 2 2 0 1 4640 4706 4641
9139 2 2 0 1 4707 4706 4641
9140 2 2 0 1 4641 4707 4642
9141 2 2 0 1 4708 4707 4642
9142 2 2 0 1 4642 4708 4643
9143 2 2 0 1 4709 4708 4643
9144 2 2 0 1 4643 4709 4644
9145 2 2 0 1 4710 4709 4644
9146 2 2 0 1 4644 4710 4645
9147 2 2 0 1 4711 4710 4645
9148 2 2 0 1 4645 4711 4646
9149 2 2 0 1 4712 4711 4646
9150 2 2 0 1 4646 4712 4647
9151 2 2 0 1 4713 4712 4647
9152 2 2 0 1 4647 4713 4648
9153 2 2 0 1 4714 4713 4648
9154 2 2 0 1 4648 4714 4649
9155 2 2 0 1 4715 4714 4649
9156 2 2 0 1 4649 4715 4650
9157 2 2 0 1 4716 4715 4650
9158 2 2 0 1 4650 4716 4651
9159 2 2 0 1 4717 4716 4651
9160 2 2 0 1 4651 4717 4652
9161 2 2 0 1 4718 4717 4652
9162 2 2 0 1 4652 4718 4653
9163 2 2 0 1 4719 4718 4653
9164 2 2 0 1 4653 4719 4654
9165 2 2 0 1 4720 4719 4654
9166 2 2 0 1 4654 4720 4655
9167 2 2 0 1 4721 4720 4655
9168 2 2 0 1 4655 4721 4656
9169 2 2 0 1 4722 4721 4656
9170 2 2 0 1 4656 4722 4657
9171 2 2 0 1 4723 4722 4657
9172 2 2 0 1 4657 4723 4658
9173 2 2 0 1 4724 4723 4658
9174 2 2 0 1 4658 4724 4659
9175 2 2 0 1 4725 4724 4659
9176 2 2 0 1 4659 4725 4660
9177 2 2 0 1 4726 4725 4660
9178 2 2 0 1 4660 4726 4661
9179 2 2 0 1 4727 4726 4661
9180 2 2 0 1 4661 4727 4662
9181 2 2 0 1 4728 4727 4662
9182 2 2 0 1 4662 4728 4663
9183 2 2 0 1 4729 4728 4663
9184 2 2 0 1 4663 4729 4664
9185 2 2 0 1 4730 4729 4664
9186 2 2 0 1 4664 4730 4665
9187 2 2 0 1 4731 4730 4665
9188 2 2 0 1 4665 4731 4666
9189 2 2 0 1 4732 4731 4666
9190 2 2 0 1 4666 4732 4667
9191 2 2 0 1 4733 4732 4667
9192 2 2 0 1 4667 4733 4668
9193 2 2 0 1 4734 4733 4668
9194 2 2 0 1 4668 4734 4669
9195 2 2 0 1 4735 4734 4669
9196 2 2 0 1 4669 4735 4670
9197 2 2 0 1 4736 4735 4670
9198 2 2 0 1 4670 4736 4671
9199 2 2 0 1 4737 4736 4671
9200 2 2 0 1 4671 4737 4672
9201 2 2 0 1 4738 4737 4672
9202 2 2 0 1 4672 4738 4673
9203 2 2 0 1 4739 4738 4673
9204 2 2 0 1 4673 4739 4674
9205 2 2 0 1 4740 4739 4674
9206 2 2 0 1 4674 4740 4675
9207 2 2 0 1 4741 4740 4675
9208 2 2 0 1 4675 4741 4676
9209 2 2 0 1 4742 4741 4676
9210 2 2 0 1 4676 4742 4677
9211 2 2 0 1 4743 4742 4677
9212 2 2 0 1 4677 4743 4678
9213 2 2 0 1 4744 4743 4678
9214 2 2 0 1 4678 4744 4679
9215 2 2 0 1 4745 4744 4679
9216 2 2 0 1 4679 4745 4680
9217 2 2 0 1 4682 4746 4681
9218 2 2 0 1 4746 4747 4682
9219 2 2 0 1 4683 4747 4682
9220 2 2 0 1 4747 4748 4683
9221 2 2 0 1 4684 4748 4683
9222 2 2 0 1 4748 4749 4684
9223 2 2 0 1 4685 4749 4684
9224 2 2 0 1 4749 4750 4685
9225 2 2 0 1 4686 4750 4685
9226 2 2 0 1 4750 4751 4686
9227 2 2 0 1 4687 4751 4686
9228 2 2 0 1 4751 4752 4687
9229 2 2 0 1 4688 4752 4687
9230 2 2 0 1 4752 4753 4688
9231 2 2 0 1 4689 4753 4688
9232 2 2 0 1 4753 4754 4689
9233 2 2 0 1 4755 4754 4689
9234 2 2 0 1 4689 4755 4690
9235 2 2 0 1 4756 4755 4690
9236 2 2 0 1 4690 4756 4691
9237 2 2 0 1 4757 4756 4691
9238 2 2 0 1 4691 4757 4692
9239 2 2 0 1 4758 4757 4692
9240 2 2 0 1 4692 4758 4693
9241 2 2 0 1 4759 4758 4693
9242 2 2 0 1 4693 4759 4694
9243 2 2 0 1 4760 4759 4694
9244 2 2 0 1 4694 4760 4695
9245 2 2 0 1 4761 4760 4695
9246 2 2 0 1 4695 4761 4696
9247 2 2 0 1 4762 4761 4696
9248 2 2 0 1 4696 4762 4697
9249 2 2 0 1 4763 4762 4697
9250 2 2 0 1 4697 4763 4698
9251 2 2 0 1 4764 4763 4698
9252 2 2 0 1 4698 4764 4699
9253 2 2 0 1 4765 4764 4699
9254 2 2 0 1 4699 4765 4700
9255 2 2 0 1 4766 4765 4700
9256 2 2 0 1 4700 4766 4701
9257 2 2 0 1 4767 4766 4701
9258 2 2 0 1 4701 4767 4702
9259 2 2 0 1 4768 4767 4702
9260 2 2 0 1 4702 4768 4703
9261 2 2 0 1 4769 4768 4703
9262 2 2 0 1 4703 4769 4704
9263 2 2 0 1 4770 4769 4704
9264 2 2 0 1 4704 4770 4705
9265 2 2 0 1 4771 4770 4705
9266 2 2 0 1 4705 4771 4706
9267 2 2 0 1 4772 4771 4706
9268 2 2 0 1 4706 4772 4707
9269 2 2 0 1 4773 4772 4707
9270 2 2 0 1 4707 4773 4708
9271 2 2 0 1 4774 4773 4708
9272 2 2 0 1 4708 4774 4709
9273 2 2 0 1 4775 4774 4709
9274 2 2 0 1 4709 4775 4710
9275 2 2 0 1 4776 4775 4710
9276 2 2 0 1 4710 4776 4711
9277 2 2 0 1 4777 4776 4711
9278 2 2 0 1 4711 4777 4712
9279 2 2 0 1 4778 4777 4712
9280 2 2 0 1 4712 4778 4713
9281 2 2 0 1 4779 4778 4713
9282 2 2 0 1 4713 4779 4714
9283 2 2 0 1 4780 4779 4714
9284 2 2 0 1 4714 4780 4715
9285 2 2 0 1 4781 4780 4715
9286 2 2 0 1 4715 4781 4716
9287 2 2 0 1 4782 4781 4716
9288 2 2 0 1 4716 4782 4717
9289 2 2 0 1 4783 4782 4717
9290 2 2 0 1 4717 4783 4718
9291 2 2 0 1 4784 4783 4718
9292 2 2 0 1 4718 4784 4719
9293 2 2 0 1 4785 4784 4719
9294 2 2 0 1 4719 4785 4720
9295 2 2 0 1 4786 4785 4720
9296 2 2 0 1 4720 4786 4721
9297 2 2 0 1 4787 4786 4721
9298 2 2 0 1 4721 4787 4722
9299 2 2 0 1 4788 4787 4722
9300 2 2 0 1 4722 4788 4723
9301 2 2 0 1 4789 4788 4723
9302 2 2 0 1 4723 4789 4724
9303 2 2 0 1 4790 4789 4724
9304 2 2 0 1 4724 4790 4725
9305 2 2 0 1 4791 4790 4725
9306 2 2 0 1 4725 4791 4726
9307 2 2 0 1 4792 4791 4726
9308 2 2 0 1 4726 4792 4727
9309 2 2 0 1 4793 4792 4727
9310 2 2 0 1 4727 4793 4728
9311 2 2 0 1 4794 4793 4728
9312 2 2 0 1 4728 4794 4729
9313 2 2 0 1 4795 4794 4729
9314 2 2 0 1 4729 4795 4730
9315 2 2 0 1 4796 4795 4730
9316 2 2 0 1 4730 4796 4731
9317 2 2 0 1 4797 4796 4731
9318 2 2 0 1 4731 4797 4732
9319 2 2 0 1 4798 4797 4732
9320 2 2 0 1 4732 4798 4733
9321 2 2 0 1 4799 4798 4733
9322 2 2 0 1 4733 4799 4734
9323 2 2 0 1 4800 4799 4734
9324 2 2 0 1 4734 4800 4735
9325 2 2 0 1 4801 4800 4735
9326 2 2 0 1 4735 4801 4736
9327 2 2 0 1 4802 4801 4736
9328 2 2 0 1 4736 4802 4737
9329 2 2 0 1 4803 4802 4737
9330 2 2 0 1 4737 4803 4738
9331 2 2 0 1 4804 4803 4738
9332 2 2 0 1 4738 4804 4739
9333 2 2 0 1 4805 4804 4739
9334 2 2 0 1 4739 4805 4740
9335 2 2 0 1 4806 4805 4740
9336 2 2 0 1 4740 4806 4741
9337 2 2 0 1 4807 4806 4741
9338 2 2 0 1 4741 4807 4742
9339 2 2 0 1 4808 4807 4742
9340 2 2 0 1 4742 4808 4743
9341 2 2 0 1 4809 4808 4743
9342 2 2 0 1 4743 4809 4744
9343 2 2 0 1 4810 4809 4744
9344 2 2 0 1 4744 4810 4745
9345 2 2 0 1 4747 4811 4746
9346 2 2 0 1 4811 4812 4747
9347 2 2 0 1 4748 4812 4747
9348 2 2 0 1 4812 4813 4748
9349 2 2 0 1 4749 4813 4748
9350 2 2 0 1 4813 4814 4749
9351 2 2 0 1 4750 4814 4749
9352 2 2 0 1 4814 4815 4750
9353 2 2 0 1 4751 4815 4750
9354 2 2 0 1 4815 4816 4751
9355 2 2 0 1 4752 4816 4751
9356 2 2 0 1 4816 4817 4752
9357 2 2 0 1 4753 4817 4752
9358 2 2 0 1 4817 4818 4753
9359 2 2 0 1 4754 4818 4753
9360 2 2 0 1 4818 4819 4754
9361 2 2 0 1 4820 4819 4754
9362 2 2 0 1 4754 4820 4755
9363 2 2 0 1 4821 4820 4755
9364 2 2 0 1 4755 4821 4756
9365 2 2 0 1 4822 4821 4756
9366 2 2 0 1 4756 4822 4757
9367 2 2 0 1 4823 4822 4757
9368 2 2 0 1 4757 4823 4758
9369 2 2 0 1 4824 4823 4758
9370 2 2 0 1 4758 4824 4759
9371 2 2 0 1 4825 4824 4759
9372 2 2 0 1 4759 4825 4760
9373 2 2 0 1 4826 4825 4760
9374 2 2 0 1 4760 4826 4761
9375 2 2 0 1 4827 4826 4761
9376 2 2 0 1 4761 4827 4762
9377 2 2 0 1 4828 4827 4762
9378 2 2 0 1 4762 4828 4763
9379 2 2 0 1 4829 4828 4763
9380 2 2 0 1 4763 4829 4764
9381 2 2 0 1 4830 4829 4764
9382 2 2 0 1 4764 4830 4765
9383 2 2 0 1 4831 4830 4765
9384 2 2 0 1 4765 4831 4766
9385 2 2 0 1 4832 4831 4766
9386 2 2 0 1 4766 4832 4767
9387 2 2 0 1 4833 4832 4767
9388 2 2 0 1 4767 4833 4768
9389 2 2 0 1 4834 4833 4768
9390 2 2 0 1 4768 4834 4769
9391 2 2 0 1 4835 4834 4769
9392 2 2 0 1 4769 4835 4770
9393 2 2 0 1 4836 4835 4770
9394 2 2 0 1 4770 4836 4771
9395 2 2 0 1 4837 4836 4771
9396 2 2 0 1 4771 4837 4772
9397 2 2 0 1 4838 4837 4772
9398 2 2 0 1 4772 4838 4773
9399 2 2 0 1 4839 4838 4773
9400 2 2 0 1 4773 4839 4774
9401 2 2 0 1 4840 4839 4774
9402 2 2 0 1 4774 4840 4775
9403 2 2 0 1 4841 4840 4775
9404 2 2 0 1 4775 4841 4776
9405 2 2 0 1 4842 4841 4776
9406 2 2 0 1 4776 4842 4777
9407 2 2 0 1 4843 4842 4777
9408 2 2 0 1 4777 4843 4778
9409 2 2 0 1 4844 4843 4778
9410 2 2 0 1 4778 4844 4779
9411 2 2 0 1 4845 4844 4779
9412 2 2 0 1 4779 4845 4780
9413 2 2 0 1 4846 4845 4780
9414 2 2 0 1 4780 4846 4781
9415 2 2 0 1 4847 4846 4781
9416 2 2 0 1 4781 4847 4782
9417 2 2 0 1 4848 4847 4782
9418 2 2 0 1 4782 4848 4783
9419 2 2 0 1 4849 4848 4783
9420 2 2 0 1 4783 4849 4784
9421 2 2 0 1 4850 4849 4784
9422 2 2 0 1 4784 4850 4785
9423 2 2 0 1 4851 4850 4785
9424 2 2 0 1 4785 4851 4786
9425 2 2 0 1 4852 4851 4786
9426 2 2 0 1 4786 4852 4787
9427 2 2 0 1 4853 4852 4787
9428 2 2 0 1 4787 4853 4788
9429 2 2 0 1 4854 4853 4788
9430 2 2 0 1 4788 4854 4789
9431 2 2 0 1 4855 4854 4789
9432 2 2 0 1 4789 4855 4790
9433 2 2 0 1 4856 4855 4790
9434 2 2 0 1 4790 4856 4791
9435 2 2 0 1 4857 4856 4791
9436 2 2 0 1 4791 4857 4792
9437 2 2 0 1 4858 4857 4792
9438 2 2 0 1 4792 4858 4793
9439 2 2 0 1 4859 4858 4793
9440 2 2 0 1 4793 4859 4794
9441 2 2 0 1 4860 4859 4794
9442 2 2 0 1 4794 4860 4795
9443 2 2 0 1 4861 4860 4795
9444 2 2 0 1 4795 4861 4796
9445 2 2 0 1 4862 4861 4796
9446 2 2 0 1 4796 4862 4797
9447 2 2 0 1 4863 4862 4797
9448 2 2 0 1 4797 4863 4798
9449 2 2 0 1 4864 4863 4798
9450 2 2 0 1 4798 4864 4799
9451 2 2 0 1 4865 4864 4799
9452 2 2 0 1 4799 4865 4800
9453 2 2 0 1 4866 4865 4800
9454 2 2 0 1 4800 4866 4801
9455 2 2 0 1 4867 4866 4801
9456 2 2 0 1 4801 4867 4802
9457 2 2 0 1 4868 4867 4802
9458 2 2 0 1 4802 4868 4803
9459 2 2 0 1 4869 4868 4803
9460 2 2 0 1 4803 4869 4804
9461 2 2 0 1 4870 4869 4804
9462 2 2 0 1 4804 4870 4805
9463 2 2 0 1 4871 4870 4805
9464 2 2 0 1 4805 4871 4806
9465 2 2 0 1 4872 4871 4806
9466 2 2 0 1 4806 4872 4807
9467 2 2 0 1 4873 4872 4807
9468 2 2 0 1 4807 4873 4808
9469 2 2 0 1 4874 4873 4808
9470 2 2 0 1 4808 4874 4809
9471 2 2 0 1 4875 4874 4809
9472 2 2 0 1 4809 4875 4810
9473 2 2 0 1 4812 4876 4811
9474 2 2 0 1 4876 4877 4812
9475 2 2 0 1 4813 4877 4812
9476 2 2 0 1 4877 4878 4813
9477 2 2 0 1 4814 4878 4813
9478 2 2 0 1 4878 4879 4814
9479 2 2 0 1 4815 4879 4814
9480 2 2 0 1 4879 4880 4815
9481 2 2 0 1 4816 4880 4815
9482 2 2 0 1 4880 4881 4816
9483 2 2 0 1 4817 4881 4816
9484 2 2 0 1 4881 4882 4817
9485 2 2 0 1 4818 4882 4817
9486 2 2 0 1 4882 4883 4818
9487 2 2 0 1 4819 4883 4818
9488 2 2 0 1 4883 4884 4819
9489 2 2 0 1 4885 4884 4819
9490 2 2 0 1 4819 4885 4820
9491 2 2 0 1 4886 4885 4820
9492 2 2 0 1 4820 4886 4821
9493 2 2 0 1 4887 4886 4821
9494 2 2 0 1 4821 4887 4822
9495 2 2 0 1 4888 4887 4822
9496 2 2 0 1 4822 4888 4823
9497 2 2 0 1 4889 4888 4823
9498 2 2 0 1 4823 4889 4824
9499 2 2 0 1 4890 4889 4824
9500 2 2 0 1 4824 4890 4825
9501 2 2 0 1 4891 4890 4825
9502 2 2 0 1 4825 4891 4826
9503 2 2 0 1 4892 4891 4826
9504 2 2 0 1 4826 4892 4827
9505 2 2 0 1 4893 4892 4827
9506 2 2 0 1 4827 4893 4828
9507 2 2 0 1 4894 4893 4828
9508 2 2 0 1 4828 4894 4829
9509 2 2 0 1 4895 4894 4829
9510 2 2 0 1 4829 4895 4830
9511 2 2 0 1 4896 4895 4830
9512 2 2 0 1 4830 4896 4831
9513 2 2 0 1 4897 4896 4831
9514 2 2 0 1 4831 4897 4832
9515 2 2 0 1 4898 4897 4832
9516 2 2 0 1 4832 4898 4833
9517 2 2 0 1 4899 4898 4833
9518 2 2 0 1 4833 4899 4834
9519 2 2 0 1 4900 4899 4834
9520 2 2 0 1 4834 4900 4835
9521 2 2 0 1 4901 4900 4835
9522 2 2 0 1 4835 4901 4836
9523 2 2 0 1 4902 4901 4836
9524 2 2 0 1 4836 4902 4837
9525 2 2 0 1 4903 4902 4837
9526 2 2 0 1 4837 4903 4838
9527 2 2 0 1 4904 4903 4838
9528 2 2 0 1 4838 4904 4839
9529 2 2 0 1 4905 4904 4839
9530 2 2 0 1 4839 4905 4840
9531 2 2 0 1 4906 4905 4840
9532 2 2 0 1 4840 4906 4841
9533 2 2 0 1 4907 4906 4841
9534 2 2 0 1 4841 4907 4842
9535 2 2 0 1 4908 4907 4842
9536 2 2 0 1 4842 4908 4843
9537 2 2 0 1 4909 4908 4843
9538 2 2 0 1 4843 4909 4844
9539 2 2 0 1 4910 4909 4844
9540 2 2 0 1 4844 4910 4845
9541 2 2 0 1 4911 4910 4845
9542 2 2 0 1 4845 4911 4846
9543 2 2 0 1 4912 4911 4846
9544 2 2 0 1 4846 4912 4847
9545 2 2 0 1 4913 4912 4847
9546 2 2 0 1 4847 4913 4848
9547 2 2 0 1 4914 4913 4848
9548 2 2 0 1 4848 4914 4849
9549 2 2 0 1 4915 4914 4849
9550 2 2 0 1 4849 4915 4850
9551 2 2 0 1 4916 4915 4850
9552 2 2 0 1 4850 4916 4851
9553 2 2 0 1 4917 4916 4851
9554 2 2 0 1 4851 4917 4852
9555 2 2 0 1 4918 4917 4852
9556 2 2 0 1 4852 4918 4853
9557 2 2 0 1 4919 4918 4853
9558 2 2 0 1 4853 4919 4854
9559 2 2 0 1 4920 4919 4854
9560 2 2 0 1 4854 4920 4855
9561 2 2 0 1 4921 4920 4855
9562 2 2 0 1 4855 4921 4856
9563 2 2 0 1 4922 4921 4856
9564 2 2 0 1 4856 4922 4857
9565 2 2 0 1 4923 4922 4857
9566 2 2 0 1 4857 4923 4858
9567 2 2 0 1 4924 4923 4858
9568 2 2 0 1 4858 4924 4859
9569 2 2 0 1 4925 4924 4859
9570 2 2 0 1 4859 4925 4860
9571 2 2 0 1 4926 4925 4860
9572 2 2 0 1 4860 4926 4861
9573 2 2 0 1 4927 4926 4861
9574 2 2 0 1 4861 4927 4862
9575 2 2 0 1 4928 4927 4862
9576 2 2 0 1 4862 4928 4863
9577 2 2 0 1 4929 4928 4863
9578 2 2 0 1 4863 4929 4864
9579 2 2 0 1 4930 4929 4864
9580 2 2 0 1 4864 4930 4865
9581 2 2 0 1 4931 4930 4865
9582 2 2 0 1 4865 4931 4866
9583 2 2 0 1 4932 4931 4866
9584 2 2 0 1 4866 4932 4867
9585 2 2 0 1 4933 4932 4867
9586 2 2 0 1 4867 4933 4868
9587 2 2 0 1 4934 4933 4868
9588 2 2 0 1 4868 4934 4869
9589 2 2 0 1 4935 4934 4869
9590 2 2 0 1 4869 4935 4870
9591 2 2 0 1 4936 4935 4870
9592 2 2 0 1 4870 4936 4871
9593 2 2 0 1 4937 4936 4871
9594 2 2 0 1 4871 4937 4872
9595 2 2 0 1 4938 4937 4872
9596 2 2 0 1 4872 4938 4873
9597 2 2 0 1 4939 4938 4873
9598 2 2 0 1 4873 4939 4874
9599 2 2 0 1 4940 4939 4874
9600 2 2 0 1 4874 4940 4875
9601 2 2 0 1 4877 4941 4876
9602 2 2 0 1 4941 4942 4877
9603 2 2 0 1 4878 4942 4877
9604 2 2 0 1 4942 4943 4878
9605 2 2 0 1 4879 4943 4878
9606 2 2 0 1 4943 4944 4879
9607 2 2 0 1 4880 4944 4879
9608 2 2 0 1 4944 4945 4880
9609 2 2 0 1 4881 4945 4880
9610 2 2 0 1 4945 4946 4881
9611 2 2 0 1 4882 4946 4881
9612 2 2 0 1 4946 4947 4882
9613 2 2 0 1 4883 4947 4882
9614 2 2 0 1 4947 4948 4883
9615 2 2 0 1 4884 4948 4883
9616 2 2 0 1 4948 4949 4884
9617 2 2 0 1 4950 4949 4884
9618 2 2 0 1 4884 4950 4885
9619 2 2 0 1 4951 4950 4885
9620 2 2 0 1 4885 4951 4886
9621 2 2 0 1 4952 4951 4886
9622 2 2 0 1 4886 4952 4887
9623 2 2 0 1 4953 4952 4887
9624 2 2 0 1 4887 4953 4888
9625 2 2 0 1 4954 4953 4888
9626 2 2 0 1 4888 4954 4889
9627 2 2 0 1 4955 4954 4889
9628 2 2 0 1 4889 4955 4890
9629 2 2 0 1 4956 4955 4890
9630 2 2 0 1 4890 4956 4891
9631 2 2 0 1 4957 4956 4891
9632 2 2 0 1 4891 4957 4892
9633 2 2 0 1 4958 4957 4892
9634 2 2 0 1 4892 4958 4893
9635 2 2 0 1 4959 4958 4893
9636 2 2 0 1 4893 4959 4894
9637 2 2 0 1 4960 4959 4894
9638 2 2 0 1 4894 4960 4895
9639 2 2 0 1 4961 4960 4895
9640 2 2 0 1 4895 4961 4896
9641 2 2 0 1 4962 4961 4896
9642 2 2 0 1 4896 4962 4897
9643 2 2 0 1 4963 4962 4897
9644 2 2 0 1 4897 4963 4898
9645 2 2 0 1 4964 4963 4898
9646 2 2 0 1 4898 4964 4899
9647 2 2 0 1 4965 4964 4899
9648 2 2 0 1 4899 4965 4900
9649 2 2 0 1 4966 4965 4900
9650 2 2 0 1 4900 4966 4901
9651 2 2 0 1 4967 4966 4901
9652 2 2 0 1 4901 4967 4902
9653 2 2 0 1 4968 4967 4902
9654 2 2 0 1 4902 4968 4903
9655 2 2 0 1 4969 4968 4903
9656 2 2 0 1 4903 4969 4904
9657 2 2 0 1 4970 4969 4904
9658 2 2 0 1 4904 4970 4905
9659 2 2 0 1 4971 4970 4905
9660 2 2 0 1 4905 4971 4906
9661 2 2 0 1 4972 4971 4906
9662 2 2 0 1 4906 4972 4907
9663 2 2 0 1 4973 4972 4907
9664 2 2 0 1 4907 4973 4908
9665 2 2 0 1 4974 4973 4908
9666 2 2 0 1 4908 4974 4909
9667 2 2 0 1 4975 4974 4909
9668 2 2 0 1 4909 4975 4910
9669 2 2 0 1 4976 4975 4910
9670 2 2 0 1 4910 4976 4911
9671 2 2 0 1 4977 4976 4911
9672 2 2 0 1 4911 4977 4912
9673 2 2 0 1 4978 4977 4912
9674 2 2 0 1 4912 4978 4913
9675 2 2 0 1 4979 4978 4913
9676 2 2 0 1 4913 4979 4914
9677 2 2 0 1 4980 4979 4914
9678 2 2 0 1 4914 4980 4915
9679 2 2 0 1 4981 4980 4915
9680 2 2 0 1 4915 4981 4916
9681 2 2 0 1 4982 4981 4916
9682 2 2 0 1 4916 4982 4917
9683 2 2 0 1 4983 4982 4917
9684 2 2 0 1 4917 4983 4918
9685 2 2 0 1 4984 4983 4918
9686 2 2 0 1 4918 4984 4919
9687 2 2 0 1 4985 4984 4919
9688 2 2 0 1 4919 4985 4920
9689 2 2 0 1 4986 4985 4920
9690 2 2 0 1 4920 4986 4921
9691 2 2 0 1 4987 4986 4921
9692 2 2 0 1 4921 4987 4922
9693 2 2 0 1 4988 4987 4922
9694 2 2 0 1 4922 4988 4923
9695 2 2 0 1 4989 4988 4923
9696 2 2 0 1 4923 4989 4924
9697 2 2 0 1 4990 4989 4924
9698 2 2 0 1 4924 4990 4925
9699 2 2 0 1 4991 4990 4925
9700 2 2 0 1 4925 4991 4926
9701 2 2 0 1 4992 4991 4926
9702 2 2 0 1 4926 4992 4927
9703 2 2 0 1 4993 4992 4927
9704 2 2 0 1 4927 4993 4928
9705 2 2 0 1 4994 4993 4928
9706 2 2 0 1 4928 4994 4929
9707 2 2 0 1 4995 4994 4929
9708 2 2 0 1 4929 4995 4930
9709 2 2 0 1 4996 4995 4930
9710 2 2 0 1 4930 4996 4931
9711 2 2 0 1 4997 4996 4931
9712 2 2 0 1 4931 4997 4932
9713 2 2 0 1 4998 4997 4932
9714 2 2 0 1 4932 4998 4933
9715 2 2 0 1 4999 4998 4933
9716 2 2 0 1 4933 4999 4934
9717 2 2 0 1 5000 4999 4934
9718 2 2 0 1 4934 5000 4935
9719 2 2 0 1 5001 5000 4935
9720 2 2 0 1 4935 5001 4936
9721 2 2 0 1 5002 5001 4936
9722 2 2 0 1 4936 5002 4937
9723 2 2 0 1 5003 5002 4937
9724 2 2 0 1 4937 5003 4938
9725 2 2 0 1 5004 5003 4938
9726 2 2 0 1 4938 5004 4939
9727 2 2 0 1 5005 5004 4939
9728 2 2 0 1 4939 5005 4940
9729 2 2 0 1 4942 5006 4941
9730 2 2 0 1 5006 5007 4942
9731 2 2 0 1 4943 5007 4942
9732 2 2 0 1 5007 5008 4943
9733 2 2 0 1 4944 5008 4943
9734 2 2 0 1 5008 5009 4944
9735 2 2 0 1 4945 5009 4944
9736 2 2 0 1 5009 5010 4945
9737 2 2 0 1 4946 5010 4945
9738 2 2 0 1 5010 5011 4946
9739 2 2 0 1 4947 5011 4946
9740 2 2 0 1 5011 5012 4947
9741 2 2 0 1 4948 5012 4947
9742 2 2 0 1 5012 5013 4948
9743 2 2 0 1 4949 5013 4948
9744 2 2 0 1 5013 5014 4949
9745 2 2 0 1 5015 5014 4949
9746 2 2 0 1 4949 5015 4950
9747 2 2 0 1 5016 5015 4950
9748 2 2 0 1 4950 5016 4951
9749 2 2 0 1 5017 5016 4951
9750 2 2 0 1 4951 5017 4952
9751 2 2 0 1 5018 5017 4952
9752 2 2 0 1 4952 5018 4953
9753 2 2 0 1 5019 5018 4953
9754 2 2 0 1 4953 5019 4954
9755 2 2 0 1 5020 5019 4954
9756 2 2 0 1 4954 5020 4955
9757 2 2 0 1 5021 5020 4955
9758 2 2 0 1 4955 5021 4956
9759 2 2 0 1 5022 5021 4956
9760 2 2 0 1 4956 5022 4957
9761 2 2 0 1 5023 5022 4957
9762 2 2 0 1 4957 5023 4958
9763 2 2 0 1 5024 5023 4958
9764 2 2 0 1 4958 5024 4959
9765 2 2 0 1 5025 5024 4959
9766 2 2 0 1 4959 5025 4960
9767 2 2 0 1 5026 5025 4960
9768 2 2 0 1 4960 5026 4961
9769 2 2 0 1 5027 5026 4961
9770 2 2 0 1 4961 5027 4962
9771 2 2 0 1 5028 5027 4962
9772 2 2 0 1 4962 5028 4963
9773 2 2 0 1 5029 5028 4963
9774 2 2 0 1 4963 5029 4964
9775 2 2 0 1 5030 5029 4964
9776 2 2 0 1 4964 5030 4965
9777 2 2 0 1 5031 5030 4965
9778 2 2 0 1 4965 5031 4966
9779 2 2 0 1 5032 5031 4966
9780 2 2 0 1 4966 5032 4967
9781 2 2 0 1 5033 5032 4967
9782 2 2 0 1 4967 5033 4968
9783 2 2 0 1 5034 5033 4968
9784 2 2 0 1 4968 5034 4969
9785 2 2 0 1 5035 5034 4969
9786 2 2 0 1 4969 5035 4970
9787 2 2 0 1 5036 5035 4970
9788 2 2 0 1 4970 5036 4971
9789 2 2 0 1 5037 5036 4971
9790 2 2 0 1 4971 5037 4972
9791 2 2 0 1 5038 5037 4972
9792 2 2 0 1 4972 5038 4973
9793 2 2 0 1 5039 5038 4973
9794 2 2 0 1 4973 5039 4974
9795 2 2 0 1 5040 5039 4974
9796 2 2 0 1 4974 5040 4975
9797 2 2 0 1 5041 5040 4975
9798 2 2 0 1 4975 5041 4976
9799 2 2 0 1 5042 5041 4976
9800 2 2 0 1 4976 5042 4977
9801 2 2 0 1 5043 5042 4977
9802 2 2 0 1 4977 5043 4978
9803 2 2 0 1 5044 5043 4978
9804 2 2 0 1 4978 5044 4979
9805 2 2 0 1 5045 5044 4979
9806 2 2 0 1 4979 5045 4980
9807 2 2 0 1 5046 5045 4980
9808 2 2 0 1 4980 5046 4981
9809 2 2 0 1 5047 5046 4981
9810 2 2 0 1 4981 5047 4982
9811 2 2 0 1 5048 5047 4982
9812 2 2 0 1 4982 5048 4983
9813 2 2 0 1 5049 5048 4983
9814 2 2 0 1 4983 5049 4984
9815 2 2 0 1 5050 5049 4984
9816 2 2 0 1 4984 5050 4985
9817 2 2 0 1 5051 5050 4985
9818 2 2 0 1 4985 5051 4986
9819 2 2 0 1 5052 5051 4986
9820 2 2 0 1 4986 5052 4987
9821 2 2 0 1 5053 5052 4987
9822 2 2 0 1 4987 5053 4988
9823 2 2 0 1 5054 5053 4988
9824 2 2 0 1 4988 5054 4989
9825 2 2 0 1 5055 5054 4989
9826 2 2 0 1 4989 5055 4990
9827 2 2 0 1 5056 5055 4990
9828 2 2 0 1 4990 5056 4991
9829 2 2 0 1 5057 5056 4991
9830 2 2 0 1 4991 5057 4992
9831 2 2 0 1 5058 5057 4992
9832 2 2 0 1 4992 5058 4993
9833 2 2 0 1 5059 5058 4993
9834 2 2 0 1 4993 5059 4994
9835 2 2 0 1 5060 5059 4994
9836 2 2 0 1 4994 5060 4995
9837 2 2 0 1 5061 5060 4995
9838 2 2 0 1 4995 5061 4996
9839 2 2 0 1 5062 5061 4996
9840 2 2 0 1 4996 5062 4997
9841 2 2 0 1 5063 5062 4997
9842 2 2 0 1 4997 5063 4998
9843 2 2 0 1 5064 5063 4998
9844 2 2 0 1 4998 5064 4999
9845 2 2 0 1 5065 5064 4999
9846 2 2 0 1 4999 5065 5000
9847 2 2 0 1 5066 5065 5000
9848 2 2 0 1 5000 5066 5001
9849 2 2 0 1 5067 5066 5001
9850 2 2 0 1 5001 5067 5002
9851 2 2 0 1 5068 5067 5002
9852 2 2 0 1 5002 5068 5003
9853 2 2 0 1 5069 5068 5003
9854 2 2 0 1 5003 5069 5004
9855 2 2 0 1 5070 5069 5004
9856 2 2 0 1 5004 5070 5005
9857 2 2 0 1 5007 5071 5006
9858 2 2 0 1 5071 5072 5007
9859 2 2 0 1 5008 5072 5007
9860 2 2 0 1 5072 5073 5008
9861 2 2 0 1 5009 5073 5008
9862 2 2 0 1 5073 5074 5009
9863 2 2 0 1 5010 5074 5009
9864 2 2 0 1 5074 5075 5010
9865 2 2 0 1 5011 5075 5010
9866 2 2 0 1 5075 5076 5011
9867 2 2 0 1 5012 5076 5011
9868 2 2 0 1 5076 5077 5012
9869 2 2 0 1 5013 5077 5012
9870 2 2 0 1 5077 5078 5013
9871 2 2 0 1 5014 5078 5013
9872 2 2 0 1 5078 5079 5014
9873 2 2 0 1 5080 5079 5014
9874 2 2 0 1 5014 5080 5015
9875 2 2 0 1 5081 5080 5015
9876 2 2 0 1 5015 5081 5016
9877 2 2 0 1 5082 5081 5016
9878 2 2 0 1 5016 5082 5017
9879 2 2 0 1 5083 5082 5017
9880 2 2 0 1 5017 5083 5018
9881 2 2 0 1 5084 5083 5018
9882 2 2 0 1 5018 5084 5019
9883 2 2 0 1 5085 5084 5019
9884 2 2 0 1 5019 5085 5020
9885 2 2 0 1 5086 5085 5020
9886 2 2 0 1 5020 5086 5021
9887 2 2 0 1 5087 5086 5021
9888 2 2 0 1 5021 5087 5022
9889 2 2 0 1 5088 5087 5022
9890 2 2 0 1 5022 5088 5023
9891 2 2 0 1 5089 5088 5023
9892 2 2 0 1 5023 5089 5024
9893 2 2 0 1 5090 5089 5024
9894 2 2 0 1 5024 5090 5025
9895 2 2 0 1 5091 5090 5025
9896 2 2 0 1 5025 5091 5026
9897 2 2 0 1 5092 5091 5026
9898 2 2 0 1 5026 5092 5027
9899 2 2 0 1 5093 5092 5027
9900 2 2 0 1 5027 5093 5028
9901 2 2 0 1 5094 5093 5028
9902 2 2 0 1 5028 5094 5029
9903 2 2 0 1 5095 5094 5029
9904 2 2 0 1 5029 5095 5030
9905 2 2 0 1 5096 5095 5030
9906 2 2 0 1 5030 5096 5031
9907 2 2 0 1 5097 5096 5031
9908 2 2 0 1 5031 5097 5032
9909 2 2 0 1 5098 5097 5032
9910 2 2 0 1 5032 5098 5033
9911 2 2 0 1 5099 5098 5033
9912 2 2 0 1 5033 5099 5034
9913 2 2 0 1 5100 5099 5034
9914 2 2 0 1 5034 5100 5035
9915 2 2 0 1 5101 5100 5035
9916 2 2 0 1 5035 5101 5036
9917 2 2 0 1 5102 5101 5036
9918 2 2 0 1 5036 5102 5037
9919 2 2 0 1 5103 5102 5037
9920 2 2 0 1 5037 5103 5038
9921 2 2 0 1 5104 5103 5038
9922 2 2 0 1 5038 5104 5039
9923 2 2 0 1 5105 5104 5039
9924 2 2 0 1 5039 5105 5040
9925 2 2 0 1 5106 5105 5040
9926 2 2 0 1 5040 5106 5041
9927 2 2 0 1 5107 5106 5041
9928 2 2 0 1 5041 5107 5042
9929 2 2 0 1 5108 5107 5042
9930 2 2 0 1 5042 5108 5043
9931 2 2 0 1 5109 5108 5043
9932 2 2 0 1 5043 5109 5044
9933 2 2 0 1 5110 5109 5044
9934 2 2 0 1 5044 5110 5045
9935 2 2 0 1 5111 5110 5045
9936 2 2 0 1 5045 5111 5046
9937 2 2 0 1 5112 5111 5046
9938 2 2 0 1 5046 5112 5047
9939 2 2 0 1 5113 5112 5047
9940 2 2 0 1 5047 5113 5048
9941 2 2 0 1 5114 5113 5048
9942 2 2 0 1 5048 5114 5049
9943 2 2 0 1 5115 5114 5049
9944 2 2 0 1 5049 5115 5050
9945 2 2 0 1 5116 5115 5050
9946 2 2 0 1 5050 5116 5051
9947 2 2 0 1 5117 5116 5051
9948 2 2 0 1 5051 5117 5052
9949 2 2 0 1 5118 5117 5052
9950 2 2 0 1 5052 5118 5053
9951 2 2 0 1 5119 5118 5053
9952 2 2 0 1 5053 5119 5054
9953 2 2 0 1 5120 5119 5054
9954 2 2 0 1 5054 5120 5055
9955 2 2 0 1 5121 5120 5055
9956 2 2 0 1 5055 5121 5056
9957 2 2 0 1 5122 5121 5056
9958 2 2 0 1 5056 5122 5057
9959 2 2 0 1 5123 5122 5057
9960 2 2 0 1 5057 5123 5058
9961 2 2 0 1 5124 5123 5058
9962 2 2 0 1 5058 5124 5059
9963 2 2 0 1 5125 5124 5059
9964 2 2 0 1 5059 5125 5060
9965 2 2 0 1 5126 5125 5060
9966 2 2 0 1 5060 5126 5061
9967 2 2 0 1 5127 5126 5061
9968 2 2 0 1 5061 5127 5062
9969 2 2 0 1 5128 5127 5062
9970 2 2 0 1 5062 5128 5063
9971 2 2 0 1 5129 5128 5063
9972 2 2 0 1 5063 5129 5064
9973 2 2 0 1 5130 5129 5064
9974 2 2 0 1 5064 5130 5065
9975 2 2 0 1 5131 5130 5065
9976 2 2 0 1 5065 5131 5066
9977 2 2 0 1 5132 5131 5066
9978 2 2 0 1 5066 5132 5067
9979 2 2 0 1 5133 5132 5067
9980 2 2 0 1 5067 5133 5068
9981 2 2 0 1 5134 5133 5068
9982 2 2 0 1 5068 5134 5069
9983 2 2 0 1 5135 5134 5069
9984 2 2 0 1 5069 5135 5070
9985 2 2 0 1 5072 5136 5071
9986 2 2 0 1 5136 5137 5072
9987 2 2 0 1 5073 5137 5072
9988 2 2 0 1 5137 5138 5073
9989 2 2 0 1 5074 5138 5073
9990 2 2 0 1 5138 5139 5074
9991 2 2 0 1 5075 5139 5074
9992 2 2 0 1 5139 5140 5075
9993 2 2 0 1 5076 5140 5075
9994 2 2 0 1 5140 5141 5076
9995 2 2 0 1 5077 5141 5076
9996 2 2 0 1 5141 5142 5077
9997 2 2 0 1 5078 5142 5077
9998 2 2 0 1 5142 5143 5078
9999 2 2 0 1 5079 5143 5078
10000 2 2 0 1 5143 5144 5079
10001 2 2 0 1 5145 5144 5079
10002 2 2 0 1 5079 5145 5080
10003 2 2 0 1 5146 5145 5080
10004 2 2 0 1 5080 5146 5081
10005 2 2 0 1 5147 5146 5081
10006 2 2 0 1 5081 5147 5082
10007 2 2 0 1 5148 5147 5082
10008 2 2 0 1 5082 5148 5083
10009 2 2 0 1 5149 5148 5083
10010 2 2 0 1 5083 5149 5084
10011 2 2 0 1 5150 5149 5084
10012 2 2 0 1 5084 5150 5085
10013 2 2 0 1 5151 5150 5085
10014 2 2 0 1 5085 5151 5086
10015 2 2 0 1 5152 5151 5086
10016 2 2 0 1 5086 5152 5087
10017 2 2 0 1 5153 5152 5087
10018 2 2 0 1 5087 5153 5088
10019 2 2 0 1 5154 5153 5088
10020 2 2 0 1 5088 5154 5089
10021 2 2 0 1 5155 5154 5089
10022 2 2 0 1 5089 5155 5090
10023 2 2 0 1 5156 5155 5090
10024 2 2 0 1 5090 5156 5091
10025 2 2 0 1 5157 5156 5091
10026 2 2 0 1 5091 5157 5092
10027 2 2 0 1 5158 5157 5092
10028 2 2 0 1 5092 5158 5093
10029 2 2 0 1 5159 5158 5093
10030 2 2 0 1 5093 5159 5094
10031 2 2 0 1 5160 5159 5094
10032 2 2 0 1 5094 5160 5095
10033 2 2 0 1 5161 5160 5095
10034 2 2 0 1 5095 5161 5096
10035 2 2 0 1 5162 5161 5096
10036 2 2 0 1 5096 5162 5097
10037 2 2 0 1 5163 5162 5097
10038 2 2 0 1 5097 5163 5098
10039 2 2 0 1 5164 5163 5098
10040 2 2 0 1 5098 5164 5099
10041 2 2 0 1 5165 5164 5099
10042 2 2 0 1 5099 5165 5100
10043 2 2 0 1 5166 5165 5100
10044 2 2 0 1 5100 5166 5101
10045 2 2 0 1 5167 5166 5101
10046 2 2 0 1 5101 5167 5102
10047 2 2 0 1 5168 5167 5102
10048 2 2 0 1 5102 5168 5103
10049 2 2 0 1 5169 5168 5103
10050 2 2 0 1 5103 5169 5104
10051 2 2 0 1 5170 5169 5104
10052 2 2 0 1 5104 5170 5105
10053 2 2 0 1 5171 5170 5105
10054 2 2 0 1 5105 5171 5106
10055 2 2 0 1 5172 5171 5106
10056 2 2 0 1 5106 5172 5107
10057 2 2 0 1 5173 5172 5107
10058 2 2 0 1 5107 5173 5108
10059 2 2 0 1 5174 5173 5108
10060 2 2 0 1 5108 5174 5109
10061 2 2 0 1 5175 5174 5109
10062 2 2 0 1 5109 5175 5110
10063 2 2 0 1 5176 5175 5110
10064 2 2 0 1 5110 5176 5111
10065 2 2 0 1 5177 5176 5111
10066 2 2 0 1 5111 5177 5112
10067 2 2 0 1 5178 5177 5112
10068 2 2 0 1 5112 5178 5113
10069 2 2 0 1 5179 5178 5113
10070 2 2 0 1 5113 5179 5114
10071 2 2 0 1 5180 5179 5114
10072 2 2 0 1 5114 5180 5115
10073 2 2 0 1 5181 5180 5115
10074 2 2 0 1 5115 5181 5116
10075 2 2 0 1 5182 5181 5116
10076 2 2 0 1 5116 5182 5117
10077 2 2 0 1 5183 5182 5117
10078 2 2 0 1 5117 5183 5118
10079 2 2 0 1 5184 5183 5118
10080 2 2 0 1 5118 5184 5119
10081 2 2 0 1 5185 5184 5119
10082 2 2 0 1 5119 5185 5120
10083 2 2 0 1 5186 5185 5120
10084 2 2 0 1 5120 5186 5121
10085 2 2 0 1 5187 5186 5121
10086 2 2 0 1 5121 5187 5122
10087 2 2 0 1 5188 5187 5122
10088 2 2 0 1 5122 5188 5123
10089 2 2 0 1 5189 5188 5123
10090 2 2 0 1 5123 5189 5124
10091 2 2 0 1 5190 5189 5124
10092 2 2 0 1 5124 5190 5125
10093 2 2 0 1 5191 5190 5125
10094 2 2 0 1 5125 5191 5126
10095 2 2 0 1 5192 5191 5126
10096 2 2 0 1 5126 5192 5127
10097 2 2 0 1 5193 5192 5127
10098 2 2 0 1 5127 5193 5128
10099 2 2 0 1 5194 5193 5128
10100 2 2 0 1 5128 5194 5129
10101 2 2 0 1 5195 5194 5129
10102 2 2 0 1 5129 5195 5130
10103 2 2 0 1 5196 5195 5130
10104 2 2 0 1 5130 5196 5131
10105 2 2 0 1 5197 5196 5131
10106 2 2 0 1 5131 5197 5132
10107 2 2 0 1 5198 5197 5132
10108 2 2 0 1 5132 5198 5133
10109 2 2 0 1 5199 5198 5133
10110 2 2 0 1 5133 5199 5134
10111 2 2 0 1 5200 5199 5134
10112 2 2 0 1 5134 5200 5135
10113 2 2 0 1 5137 5201 5136
10114 2 2 0 1 5201 5202 5137
10115 2 2 0 1 5138 5202 5137
10116 2 2 0 1 5202 5203 5138
10117 2 2 0 1 5139 5203 5138
10118 2 2 0 1 5203 5204 5139
10119 2 2 0 1 5140 5204 5139
10120 2 2 0 1 5204 5205 5140
10121 2 2 0 1 5141 5205 5140
10122 2 2 0 1 5205 5206 5141
10123 2 2 0 1 5142 5206 5141
10124 2 2 0 1 5206 5207 5142
10125 2 2 0 1 5143 5207 5142
10126 2 2 0 1 5207 5208 5143
10127 2 2 0 1 5144 5208 5143
10128 2 2 0 1 5208 5209 5144
10129 2 2 0 1 5210 5209 5144
10130 2 2 0 1 5144 5210 5145
10131 2 2 0 1 5211 5210 5145
10132 2 2 0 1 5145 5211 5146
10133 2 2 0 1 5212 5211 5146
10134 2 2 0 1 5146 5212 5147
10135 2 2 0 1 5213 5212 5147
10136 2 2 0 1 5147 5213 5148
10137 2 2 0 1 5214 5213 5148
10138 2 2 0 1 5148 5214 5149
10139 2 2 0 1 5215 5214 5149
10140 2 2 0 1 5149 5215 5150
10141 2 2 0 1 5216 5215 5150
10142 2 2 0 1 5150 5216 5151
10143 2 2 0 1 5217 5216 5151
10144 2 2 0 1 5151 5217 5152
10145 2 2 0 1 5218 5217 5152
10146 2 2 0 1 5152 5218 5153
10147 2 2 0 1 5219 5218 5153
10148 2 2 0 1 5153 5219 5154
10149 2 2 0 1 5220 5219 5154
10150 2 2 0 1 5154 5220 5155
10151 2 2 0 1 5221 5220 5155
10152 2 2 0 1 5155 5221 5156
10153 2 2 0 1 5222 5221 5156
10154 2 2 0 1 5156 5222 5157
10155 2 2 0 1 5223 5222 5157
10156 2 2 0 1 5157 5223 5158
10157 2 2 0 1 5224 5223 5158
10158 2 2 0 1 5158 5224 5159
10159 2 2 0 1 5225 5224 5159
10160 2 2 0 1 5159 5225 5160
10161 2 2 0 1 5226 5225 5160
10162 2 2 0 1 5160 5226 5161
10163 2 2 0 1 5227 5226 5161
10164 2 2 0 1 5161 5227 5162
10165 2 2 0 1 5228 5227 5162
10166 2 2 0 1 5162 5228 5163
10167 2 2 0 1 5229 5228 5163
10168 2 2 0 1 5163 5229 5164
10169 2 2 0 1 5230 5229 5164
10170 2 2 0 1 5164 5230 5165
10171 2 2 0 1 5231 5230 5165
10172 2 2 0 1 5165 5231 5166
10173 2 2 0 1 5232 5231 5166
10174 2 2 0 1 5166 5232 5167
10175 2 2 0 1 5233 5232 5167
10176 2 2 0 1 5167 5233 5168
10177 2 2 0 1 5234 5233 5168
10178 2 2 0 1 5168 5234 5169
10179 2 2 0 1 5235 5234 5169
10180 2 2 0 1 5169 5235 5170
10181 2 2 0 1 5236 5235 5170
10182 2 2 0 1 5170 5236 5171
10183 2 2 0 1 5237 5236 5171
10184 2 2 0 1 5171 5237 5172
10185 2 2 0 1 5238 5237 5172
10186 2 2 0 1 5172 5238 5173
10187 2 2 0 1 5239 5238 5173
10188 2 2 0 1 5173 5239 5174
10189 2 2 0 1 5240 5239 5174
10190 2 2 0 1 5174 5240 5175
10191 2 2 0 1 5241 5240 5175
10192 2 2 0 1 5175 5241 5176
10193 2 2 0 1 5242 5241 5176
10194 2 2 0 1 5176 5242 5177
10195 2 2 0 1 5243 5242 5177
10196 2 2 0 1 5177 5243 5178
10197 2 2 0 1 5244 5243 5178
10198 2 2 0 1 5178 5244 5179
10199 2 2 0 1 5245 5244 5179
10200 2 2 0 1 5179 5245 5180
10201 2 2 0 1 5246 5245 5180
10202 2 2 0 1 5180 5246 5181
10203 2 2 0 1 5247 5246 5181
10204 2 2 0 1 5181 5247 5182
10205 2 2 0 1 5248 5247 5182
10206 2 2 0 1 5182 5248 5183
10207 2 2 0 1 5249 5248 5183
10208 2 2 0 1 5183 5249 5184
10209 2 2 0 1 5250 5249 5184
10210 2 2 0 1 5184 5250 5185
10211 2 2 0 1 5251 5250 5185
10212 2 2 0 1 5185 5251 5186
10213 2 2 0 1 5252 5251 5186
10214 2 2 0 1 5186 5252 5187
10215 2 2 0 1 5253 5252 5187
10216 2 2 0 1 5187 5253 5188
10217 2 2 0 1 5254 5253 5188
10218 2 2 0 1 5188 5254 5189
10219 2 2 0 1 5255 5254 5189
10220 2 2 0 1 5189 5255 5190
10221 2 2 0 1 5256 5255 5190
10222 2 2 0 1 5190 5256 5191
10223 2 2 0 1 5257 5256 5191
10224 2 2 0 1 5191 5257 5192
10225 2 2 0 1 5258 5257 5192
10226 2 2 0 1 5192 5258 5193
10227 2 2 0 1 5259 5258 5193
10228 2 2 0 1 5193 5259 5194
10229 2 2 0 1 5260 5259 5194
10230 2 2 0 1 5194 5260 5195
10231 2 2 0 1 5261 5260 5195
10232 2 2 0 1 5195 5261 5196
10233 2 2 0 1 5262 5261 5196
10234 2 2 0 1 5196 5262 5197
10235 2 2 0 1 5263 5262 5197
10236 2 2 0 1 5197 5263 5198
10237 2 2 0 1 5264 5263 5198
10238 2 2 0 1 5198 5264 5199
10239 2 2 0 1 5265 5264 5199
10240 2 2 0 1 5199 5265 5200
10241 2 2 0 1 5202 5266 5201
10242 2 2 0 1 5266 5267 5202
10243 2 2 0 1 5203 5267 5202
10244 2 2 0 1 5267 5268 5203
10245 2 2 0 1 5204 5268 5203
10246 2 2 0 1 5268 5269 5204
10247 2 2 0 1 5205 5269 5204
10248 2 2 0 1 5269 5270 5205
10249 2 2 0 1 5206 5270 5205
10250 2 2 0 1 5270 5271 5206
10251 2 2 0 1 5207 5271 5206
10252 2 2 0 1 5271 5272 5207
10253 2 2 0 1 5208 5272 5207
10254 2 2 0 1 5272 5273 5208
10255 2 2 0 1 5209 5273 5208
10256 2 2 0 1 5273 5274 5209
10257 2 2 0 1 5275 5274 5209
10258 2 2 0 1 5209 5275 5210
10259 2 2 0 1 5276 5275 5210
10260 2 2 0 1 5210 5276 5211
10261 2 2 0 1 5277 5276 5211
10262 2 2 0 1 5211 5277 5212
10263 2 2 0 1 5278 5277 5212
10264 2 2 0 1 5212 5278 5213
10265 2 2 0 1 5279 5278 5213
10266 2 2 0 1 5213 5279 5214
10267 2 2 0 1 5280 5279 5214
10268 2 2 0 1 5214 5280 5215
10269 2 2 0 1 5281 5280 5215
10270 2 2 0 1 5215 5281 5216
10271 2 2 0 1 5282 5281 5216
10272 2 2 0 1 5216 5282 5217
10273 2 2 0 1 5283 5282 5217
10274 2 2 0 1 5217 5283 5218
10275 2 2 0 1 5284 5283 5218
10276 2 2 0 1 5218 5284 5219
10277 2 2 0 1 5285 5284 5219
10278 2 2 0 1 5219 5285 5220
10279 2 2 0 1 5286 5285 5220
10280 2 2 0 1 5220 5286 5221
10281 2 2 0 1 5287 5286 5221
10282 2 2 0 1 5221 5287 5222
10283 2 2 0 1 5288 5287 5222
10284 2 2 0 1 5222 5288 5223
10285 2 2 0 1 5289 5288 5223
10286 2 2 0 1 5223 5289 5224
10287 2 2 0 1 5290 5289 5224
10288 2 2 0 1 5224 5290 5225
10289 2 2 0 1 5291 5290 5225
10290 2 2 0 1 5225 5291 5226
10291 2 2 0 1 5292 5291 5226
10292 2 2 0 1 5226 5292 5227
10293 2 2 0 1 5293 5292 5227
10294 2 2 0 1 5227 5293 5228
10295 2 2 0 1 5294 5293 5228
10296 2 2 0 1 5228 5294 5229
10297 2 2 0 1 5295 5294 5229
10298 2 2 0 1 5229 5295 5230
10299 2 2 0 1 5296 5295 5230
10300 2 2 0 1 5230 5296 5231
10301 2 2 0 1 5297 5296 5231
10302 2 2 0 1 5231 5297 5232
10303 2 2 0 1 5298 5297 5232
10304 2 2 0 1 5232 5298 5233
10305 2 2 0 1 5299 5298 5233
10306 2 2 0 1 5233 5299 5234
10307 2 2 0 1 5300 5299 5234
10308 2 2 0 1 5234 5300 5235
10309 2 2 0 1 5301 5300 5235
10310 2 2 0 1 5235 5301 5236
10311 2 2 0 1 5302 5301 5236
10312 2 2 0 1 5236 5302 5237
10313 2 2 0 1 5303 5302 5237
10314 2 2 0 1 5237 5303 5238
10315 2 2 0 1 5304 5303 5238
10316 2 2 0 1 5238 5304 5239
10317 2 2 0 1 5305 5304 5239
10318 2 2 0 1 5239 5305 5240
10319 2 2 0 1 5306 5305 5240
10320 2 2 0 1 5240 5306 5241
10321 2 2 0 1 5307 5306 5241
10322 2 2 0 1 5241 5307 5242
10323 2 2 0 1 5308 5307 5242
10324 2 2 0 1 5242 5308 5243
10325 2 2 0 1 5309 5308 5243
10326 2 2 0 1 5243 5309 5244
10327 2 2 0 1 5310 5309 5244
10328 2 2 0 1 5244 5310 5245
10329 2 2 0 1 5311 5310 5245
10330 2 2 0 1 5245 5311 5246
10331 2 2 0 1 5312 5311 5246
10332 2 2 0 1 5246 5312 5247
10333 2 2 0 1 5313 5312 5247
10334 2 2 0 1 5247 5313 5248
10335 2 2 0 1 5314 5313 5248
10336 2 2 0 1 5248 5314 5249
10337 2 2 0 1 5315 5314 5249
10338 2 2 0 1 5249 5315 5250
10339 2 2 0 1 5316 5315 5250
10340 2 2 0 1 5250 5316 5251
10341 2 2 0 1 5317 5316 5251
10342 2 2 0 1 5251 5317 5252
10343 2 2 0 1 5318 5317 5252
10344 2 2 0 1 5252 5318 5253
10345 2 2 0 1 5319 5318 5253
10346 2 2 0 1 5253 5319 5254
10347 2 2 0 1 5320 5319 5254
10348 2 2 0 1 5254 5320 5255
10349 2 2 0 1 5321 5320 5255
10350 2 2 0 1 5255 5321 5256
10351 2 2 0 1 5322 5321 5256
10352 2 2 0 1 5256 5322 5257
10353 2 2 0 1 5323 5322 5257
10354 2 2 0 1 5257 5323 5258
10355 2 2 0 1 5324 5323 5258
10356 2 2 0 1 5258 5324 5259
10357 2 2 0 1 5325 5324 5259
10358 2 2 0 1 5259 5325 5260
10359 2 2 0 1 5326 5325 5260
10360 2 2 0 1 5260 5326 5261
10361 2 2 0 1 5327 5326 5261
10362 2 2 0 1 5261 5327 5262
10363 2 2 0 1 5328 5327 5262
10364 2 2 0 1 5262 5328 5263
10365 2 2 0 1 5329 5328 5263
10366 2 2 0 1 5263 5329 5264
10367 2 2 0 1 5330 5329 5264
10368 2 2 0 1 5264 5330 5265
10369 2 2 0 1 5267 5331 5266
10370 2 2 0 1 5331 5332 5267
10371 2 2 0 1 5268 5332 5267
10372 2 2 0 1 5332 5333 5268
10373 2 2 0 1 5269 5333 5268
10374 2 2 0 1 5333 5334 5269
10375 2 2 0 1 5270 5334 5269
10376 2 2 0 1 5334 5335 5270
10377 2 2 0 1 5271 5335 5270
10378 2 2 0 1 5335 5336 5271
10379 2 2 0 1 5272 5336 5271
10380 2 2 0 1 5336 5337 5272
10381 2 2 0 1 5273 5337 5272
10382 2 2 0 1 5337 5338 5273
10383 2 2 0 1 5274 5338 5273
10384 2 2 0 1 5338 5339 5274
10385 2 2 0 1 5340 5339 5274
10386 2 2 0 1 5274 5340 5275
10387 2 2 0 1 5341 5340 5275
10388 2 2 0 1 5275 5341 5276
10389 2 2 0 1 5342 5341 5276
10390 2 2 0 1 5276 5342 5277
10391 2 2 0 1 5343 5342 5277
10392 2 2 0 1 5277 5343 5278
10393 2 2 0 1 5344 5343 5278
10394 2 2 0 1 5278 5344 5279
10395 2 2 0 1 5345 5344 5279
10396 2 2 0 1 5279 5345 5280
10397 2 2 0 1 5346 5345 5280
10398 2 2 0 1 5280 5346 5281
10399 2 2 0 1 5347 5346 5281
10400 2 2 0 1 5281 5347 5282
10401 2 2 0 1 5348 5347 5282
10402 2 2 0 1 5282 5348 5283
10403 2 2 0 1 5349 5348 5283
10404 2 2 0 1 5283 5349 5284
10405 2 2 0 1 5350 5349 5284
10406 2 2 0 1 5284 5350 5285
10407 2 2 0 1 5351 5350 5285
10408 2 2 0 1 5285 5351 5286
10409 2 2 0 1 5352 5351 5286
10410 2 2 0 1 5286 5352 5287
10411 2 2 0 1 5353 5352 5287
10412 2 2 0 1 5287 5353 5288
10413 2 2 0 1 5354 5353 5288
10414 2 2 0 1 5288 5354 5289
10415 2 2 0 1 5355 5354 5289
10416 2 2 0 1 5289 5355 5290
10417 2 2 0 1 5356 5355 5290
10418 2 2 0 1 5290 5356 5291
10419 2 2 0 1 5357 5356 5291
10420 2 2 0 1 5291 5357 5292
10421 2 2 0 1 5358 5357 5292
10422 2 2 0 1 5292 5358 5293
10423 2 2 0 1 5359 5358 5293
10424 2 2 0 1 5293 5359 5294
10425 2 2 0 1 5360 5359 5294
10426 2 2 0 1 5294 5360 5295
10427 2 2 0 1 5361 5360 5295
10428 2 2 0 1 5295 5361 5296
10429 2 2 0 1 5362 5361 5296
10430 2 2 0 1 5296 5362 5297
10431 2 2 0 1 5363 5362 5297
10432 2 2 0 1 5297 5363 5298
10433 2 2 0 1 5364 5363 5298
10434 2 2 0 1 5298 5364 5299
10435 2 2 0 1 5365 5364 5299
10436 2 2 0 1 5299 5365 5300
10437 2 2 0 1 5366 5365 5300
10438 2 2 0 1 5300 5366 5301
10439 2 2 0 1 5367 5366 5301
10440 2 2 0 1 5301 5367 5302
10441 2 2 0 1 5368 5367 5302
10442 2 2 0 1 5302 5368 5303
10443 2 2 0 1 5369 5368 5303
10444 2 2 0 1 5303 5369 5304
10445 2 2 0 1 5370 5369 5304
10446 2 2 0 1 5304 5370 5305
10447 2 2 0 1 5371 5370 5305
10448 2 2 0 1 5305 5371 5306
10449 2 2 0 1 5372 5371 5306
10450 2 2 0 1 5306 5372 5307
10451 2 2 0 1 5373 5372 5307
10452 2 2 0 1 5307 5373 5308
10453 2 2 0 1 5374 5373 5308
10454 2 2 0 1 5308 5374 5309
10455 2 2 0 1 5375 5374 5309
10456 2 2 0 1 5309 5375 5310
10457 2 2 0 1 5376 5375 5310
10458 2 2 0 1 5310 5376 5311
10459 2 2 0 1 5377 5376 5311
10460 2 2 0 1 5311 5377 5312
10461 2 2 0 1 5378 5377 5312
10462 2 2 0 1 5312 5378 5313
10463 2 2 0 1 5379 5378 5313
10464 2 2 0 1 5313 5379 5314
10465 2 2 0 1 5380 5379 5314
10466 2 2 0 1 5314 5380 5315
10467 2 2 0 1 5381 5380 5315
10468 2 2 0 1 5315 5381 5316
10469 2 2 0 1 5382 5381 5316
10470 2 2 0 1 5316 5382 5317
10471 2 2 0 1 5383 5382 5317
10472 2 2 0 1 5317 5383 5318
10473 2 2 0 1 5384 5383 5318
10474 2 2 0 1 5318 5384 5319
10475 2 2 0 1 5385 5384 5319
10476 2 2 0 1 5319 5385 5320
10477 2 2 0 1 5386 5385 5320
10478 2 2 0 1 5320 5386 5321
10479 2 2 0 1 5387 5386 5321
10480 2 2 0 1 5321 5387 5322
10481 2 2 0 1 5388 5387 5322
10482 2 2 0 1 5322 5388 5323
10483 2 2 0 1 5389 5388 5323
10484 2 2 0 1 5323 5389 5324
10485 2 2 0 1 5390 5389 5324
10486 2 2 0 1 5324 5390 5325
10487 2 2 0 1 5391 5390 5325
10488 2 2 0 1 5325 5391 5326
10489 2 2 0 1 5392 5391 5326
10490 2 2 0 1 5326 5392 5327
10491 2 2 0 1 5393 5392 5327
10492 2 2 0 1 5327 5393 5328
10493 2 2 0 1 5394 5393 5328
10494 2 2 0 1 5328 5394 5329
10495 2 2 0 1 5395 5394 5329
10496 2 2 0 1 5329 5395 5330
10497 2 2 0 1 5332 5396 5331
10498 2 2 0 1 5396 5397 5332
10499 2 2 0 1 5333 5397 5332
10500 2 2 0 1 5397 5398 5333
10501 2 2 0 1 5334 5398 5333
10502 2 2 0 1 5398 5399 5334
10503 2 2 0 1 5335 5399 5334
10504 2 2 0 1 5399 5400 5335
10505 2 2 0 1 5336 5400 5335
10506 2 2 0 1 5400 5401 5336
10507 2 2 0 1 5337 5401 5336
10508 2 2 0 1 5401 5402 5337
10509 2 2 0 1 5338 5402 5337
10510 2 2 0 1 5402 5403 5338
10511 2 2 0 1 5339 5403 5338
10512 2 2 0 1 5403 5404 5339
10513 2 2 0 1 5405 5404 5339
10514 2 2 0 1 5339 5405 5340
10515 2 2 0 1 5406 5405 5340
10516 2 2 0 1 5340 5406 5341
10517 2 2 0 1 5407 5406 5341
10518 2 2 0 1 5341 5407 5342
10519 2 2 0 1 5408 5407 5342
10520 2 2 0 1 5342 5408 5343
10521 2 2 0 1 5409 5408 5343
10522 2 2 0 1 5343 5409 5344
10523 2 2 0 1 5410 5409 5344
10524 2 2 0 1 5344 5410 5345
10525 2 2 0 1 5411 5410 5345
10526 2 2 0 1 5345 5411 5346
10527 2 2 0 1 5412 5411 5346
10528 2 2 0 1 5346 5412 5347
10529 2 2 0 1 5413 5412 5347
10530 2 2 0 1 5347 5413 5348
10531 2 2 0 1 5414 5413 5348
10532 2 2 0 1 5348 5414 5349
10533 2 2 0 1 5415 5414 5349
10534 2 2 0 1 5349 5415 5350
10535 2 2 0 1 5416 5415 5350
10536 2 2 0 1 5350 5416 5351
10537 2 2 0 1 5417 5416 5351
10538 2 2 0 1 5351 5417 5352
10539 2 2 0 1 5418 5417 5352
10540 2 2 0 1 5352 5418 5353
10541 2 2 0 1 5419 5418 5353
10542 2 2 0 1 5353 5419 5354
10543 2 2 0 1 5420 5419 5354
10544 2 2 0 1 5354 5420 5355
10545 2 2 0 1 5421 5420 5355
10546 2 2 0 1 5355 5421 5356
10547 2 2 0 1 5422 5421 5356
10548 2 2 0 1 5356 5422 5357
10549 2 2 0 1 5423 5422 5357
10550 2 2 0 1 5357 5423 5358
10551 2 2 0 1 5424 5423 5358
10552 2 2 0 1 5358 5424 5359
10553 2 2 0 1 5425 5424 5359
10554 2 2 0 1 5359 5425 5360
10555 2 2 0 1 5426 5425 5360
10556 2 2 0 1 5360 5426 5361
10557 2 2 0 1 5427 5426 5361
10558 2 2 0 1 5361 5427 5362
10559 2 2 0 1 5428 5427 5362
10560 2 2 0 1 5362 5428 5363
10561 2 2 0 1 5429 5428 5363
10562 2 2 0 1 5363 5429 5364
10563 2 2 0 1 5430 5429 5364
10564 2 2 0 1 5364 5430 5365
10565 2 2 0 1 5431 5430 5365
10566 2 2 0 1 5365 5431 5366
10567 2 2 0 1 5432 5431 5366
10568 2 2 0 1 5366 5432 5367
10569 2 2 0 1 5433 5432 5367
10570 2 2 0 1 5367 5433 5368
10571 2 2 0 1 5434 5433 5368
10572 2 2 0 1 5368 5434 5369
10573 2 2 0 1 5435 5434 5369
10574 2 2 0 1 5369 5435 5370
10575 2 2 0 1 5436 5435 5370
10576 2 2 0 1 5370 5436 5371
10577 2 2 0 1 5437 5436 5371
10578 2 2 0 1 5371 5437 5372
10579 2 2 0 1 5438 5437 5372
10580 2 2 0 1 5372 5438 5373
10581 2 2 0 1 5439 5438 5373
10582 2 2 0 1 5373 5439 5374
10583 2 2 0 1 5440 5439 5374
10584 2 2 0 1 5374 5440 5375
10585 2 2 0 1 5441 5440 5375
10586 2 2 0 1 5375 5441 5376
10587 2 2 0 1 5442 5441 5376
10588 2 2 0 1 5376 5442 5377
10589 2 2 0 1 5443 5442 5377
10590 2 2 0 1 5377 5443 5378
10591 2 2 0 1 5444 5443 5378
10592 2 2 0 1 5378 5444 5379
10593 2 2 0 1 5445 5444 5379
10594 2 2 0 1 5379 5445 5380
10595 2 2 0 1 5446 5445 5380
10596 2 2 0 1 5380 5446 5381
10597 2 2 0 1 5447 5446 5381
10598 2 2 0 1 5381 5447 5382
10599 2 2 0 1 5448 5447 5382
10600 2 2 0 1 5382 5448 5383
10601 2 2 0 1 5449 5448 5383
10602 2 2 0 1 5383 5449 5384
10603 2 2 0 1 5450 5449 5384
10604 2 2 0 1 5384 5450 5385
10605 2 2 0 1 5451 5450 5385
10606 2 2 0 1 5385 5451 5386
10607 2 2 0 1 5452 5451 5386
10608 2 2 0 1 5386 5452 5387
10609 2 2 0 1 5453 5452 5387
10610 2 2 0 1 5387 5453 5388
10611 2 2 0 1 5454 5453 5388
10612 2 2 0 1 5388 5454 5389
10613 2 2 0 1 5455 5454 5389
10614 2 2 0 1 5389 5455 5390
10615 2 2 0 1 5456 5455 5390
10616 2 2 0 1 5390 5456 5391
10617 2 2 0 1 5457 5456 5391
10618 2 2 0 1 5391 5457 5392
10619 2 2 0 1 5458 5457 5392
10620 2 2 0 1 5392 5458 5393
10621 2 2 0 1 5459 5458 5393
10622 2 2 0 1 5393 5459 5394
10623 2 2 0 1 5460 5459 5394
10624 2 2 0 1 5394 5460 5395
10625 2 2 0 1 5397 5461 5396
10626 2 2 0 1 5461 5462 5397
10627 2 2 0 1 5398 5462 5397
10628 2 2 0 1 5462 5463 5398
10629 2 2 0 1 5399 5463 5398
10630 2 2 0 1 5463 5464 5399
10631 2 2 0 1 5400 5464 5399
10632 2 2 0 1 5464 5465 5400
10633 2 2 0 1 5401 5465 5400
10634 2 2 0 1 5465 5466 5401
10635 2 2 0 1 5402 5466 5401
10636 2 2 0 1 5466 5467 5402
10637 2 2 0 1 5403 5467 5402
10638 2 2 0 1 5467 5468 5403
10639 2 2 0 1 5404 5468 5403
10640 2 2 0 1 5468 5469 5404
10641 2 2 0 1 5470 5469 5404
10642 2 2 0 1 5404 5470 5405
10643 2 2 0 1 5471 5470 5405
10644 2 2 0 1 5405 5471 5406
10645 2 2 0 1 5472 5471 5406
10646 2 2 0 1 5406 5472 5407
10647 2 2 0 1 5473 5472 5407
10648 2 2 0 1 5407 5473 5408
10649 2 2 0 1 5474 5473 5408
10650 2 2 0 1 5408 5474 5409
10651 2 2 0 1 5475 5474 5409
10652 2 2 0 1 5409 5475 5410
10653 2 2 0 1 5476 5475 5410
10654 2 2 0 1 5410 5476 5411
10655 2 2 0 1 5477 5476 5411
10656 2 2 0 1 5411 5477 5412
10657 2 2 0 1 5478 5477 5412
10658 2 2 0 1 5412 5478 5413
10659 2 2 0 1 5479 5478 5413
10660 2 2 0 1 5413 5479 5414
10661 2 2 0 1 5480 5479 5414
10662 2 2 0 1 5414 5480 5415
10663 2 2 0 1 5481 5480 5415
10664 2 2 0 1 5415 5481 5416
10665 2 2 0 1 5482 5481 5416
10666 2 2 0 1 5416 5482 5417
10667 2 2 0 1 5483 5482 5417
10668 2 2 0 1 5417 5483 5418
10669 2 2 0 1 5484 5483 5418
10670 2 2 0 1 5418 5484 5419
10671 2 2 0 1 5485 5484 5419
10672 2 2 0 1 5419 5485 5420
10673 2 2 0 1 5486 5485 5420
10674 2 2 0 1 5420 5486 5421
10675 2 2 0 1 5487 5486 5421
10676 2 2 0 1 5421 5487 5422
10677 2 2 0 1 5488 5487 5422
10678 2 2 0 1 5422 5488 5423
10679 2 2 0 1 5489 5488 5423
10680 2 2 0 1 5423 5489 5424
10681 2 2 0 1 5490 5489 5424
10682 2 2 0 1 5424 5490 5425
10683 2 2 0 1 5491 5490 5425
10684 2 2 0 1 5425 5491 5426
10685 2 2 0 1 5492 5491 5426
10686 2 2 0 1 5426 5492 5427
10687 2 2 0 1 5493 5492 5427
10688 2 2 0 1 5427 5493 5428
10689 2 2 0 1 5494 5493 5428
10690 2 2 0 1 5428 5494 5429
10691 2 2 0 1 5495 5494 5429
10692 2 2 0 1 5429 5495 5430
10693 2 2 0 1 5496 5495 5430
10694 2 2 0 1 5430 5496 5431
10695 2 2 0 1 5497 5496 5431
10696 2 2 0 1 5431 5497 5432
10697 2 2 0 1 5498 5497 5432
10698 2 2 0 1 5432 5498 5433
10699 2 2 0 1 5499 5498 5433
10700 2 2 0 1 5433 5499 5434
10701 2 2 0 1 5500 5499 5434
10702 2 2 0 1 5434 5500 5435
10703 2 2 0 1 5501 5500 5435
10704 2 2 0 1 5435 5501 5436
10705 2 2 0 1 5502 5501 5436
10706 2 2 0 1 5436 5502 5437
10707 2 2 0 1 5503 5502 5437
10708 2 2 0 1 5437 5503 5438
10709 2 2 0 1 5504 5503 5438
10710 2 2 0 1 5438 5504 5439
10711 2 2 0 1 5505 5504 5439
10712 2 2 0 1 5439 5505 5440
10713 2 2 0 1 5506 5505 5440
10714 2 2 0 1 5440 5506 5441
10715 2 2 0 1 5507 5506 5441
10716 2 2 0 1 5441 5507 5442
10717 2 2 0 1 5508 5507 5442
10718 2 2 0 1 5442 5508 5443
10719 2 2 0 1 5509 5508 5443
10720 2 2 0 1 5443 5509 5444
10721 2 2 0 1 5510 5509 5444
10722 2 2 0 1 5444 5510 5445
10723 2 2 0 1 5511 5510 5445
10724 2 2 0 1 5445 5511 5446
10725 2 2 0 1 5512 5511 5446
10726 2 2 0 1 5446 5512 5447
10727 2 2 0 1 5513 5512 5447
10728 2 2 0 1 5447 5513 5448
10729 2 2 0 1 5514 5513 5448
10730 2 2 0 1 5448 5514 5449
10731 2 2 0 1 5515 5514 5449
10732 2 2 0 1 5449 5515 5450
10733 2 2 0 1 5516 5515 5450
10734 2 2 0 1 5450 5516 5451
10735 2 2 0 1 5517 5516 5451
10736 2 2 0 1 5451 5517 5452
10737 2 2 0 1 5518 5517 5452
10738 2 2 0 1 5452 5518 5453
10739 2 2 0 1 5519 5518 5453
10740 2 2 0 1 5453 5519 5454
10741 2 2 0 1 5520 5519 5454
10742 2 2 0 1 5454 5520 5455
10743 2 2 0 1 5521 5520 5455
10744 2 2 0 1 5455 5521 5456
10745 2 2 0 1 5522 5521 5456
10746 2 2 0 1 5456 5522 5457
10747 2 2 0 1 5523 5522 5457
10748 2 2 0 1 5457 5523 5458
10749 2 2 0 1 5524 5523 5458
10750 2 2 0 1 5458 5524 5459
10751 2 2 0 1 5525 5524 5459
10752 2 2 0 1 5459 5525 5460
10753 2 2 0 1 5462 5526 5461
10754 2 2 0 1 5526 5527 5462
10755 2 2 0 1 5463 5527 5462
10756 2 2 0 1 5527 5528 5463
10757 2 2 0 1 5464 5528 5463
10758 2 2 0 1 5528 5529 5464
10759 2 2 0 1 5465 5529 5464
10760 2 2 0 1 5529 5530 5465
10761 2 2 0 1 5466 5530 5465
10762 2 2 0 1 5530 5531 5466
10763 2 2 0 1 5467 5531 5466
10764 2 2 0 1 5531 5532 5467
10765 2 2 0 1 5468 5532 5467
10766 2 2 0 1 5532 5533 5468
10767 2 2 0 1 5469 5533 5468
10768 2 2 0 1 5533 5534 5469
10769 2 2 0 1 5535 5534 5469
10770 2 2 0 1 5469 5535 5470
10771 2 2 0 1 5536 5535 5470
10772 2 2 0 1 5470 5536 5471
10773 2 2 0 1 5537 5536 5471
10774 2 2 0 1 5471 5537 5472
10775 2 2 0 1 5538 5537 5472
10776 2 2 0 1 5472 5538 5473
10777 2 2 0 1 5539 5538 5473
10778 2 2 0 1 5473 5539 5474
10779 2 2 0 1 5540 5539 5474
10780 2 2 0 1 5474 5540 5475
10781 2 2 0 1 5541 5540 5475
10782 2 2 0 1 5475 5541 5476
10783 2 2 0 1 5542 5541 5476
10784 2 2 0 1 5476 5542 5477
10785 2 2 0 1 5543 5542 5477
10786 2 2 0 1 5477 5543 5478
10787 2 2 0 1 5544 5543 5478
10788 2 2 0 1 5478 5544 5479
10789 2 2 0 1 5545 5544 5479
10790 2 2 0 1 5479 5545 5480
10791 2 2 0 1 5546 5545 5480
10792 2 2 0 1 5480 5546 5481
10793 2 2 0 1 5547 5546 5481
10794 2 2 0 1 5481 5547 5482
10795 2 2 0 1 5548 5547 5482
10796 2 2 0 1 5482 5548 5483
10797 2 2 0 1 5549 5548 5483
10798 2 2 0 1 5483 5549 5484
10799 2 2 0 1 5550 5549 5484
10800 2 2 0 1 5484 5550 5485
10801 2 2 0 1 5551 5550 5485
10802 2 2 0 1 5485 5551 5486
10803 2 2 0 1 5552 5551 5486
10804 2 2 0 1 5486 5552 5487
10805 2 2 0 1 5553 5552 5487
10806 2 2 0 1 5487 5553 5488
10807 2 2 0 1 5554 5553 5488
10808 2 2 0 1 5488 5554 5489
10809 2 2 0 1 5555 5554 5489
10810 2 2 0 1 5489 5555 5490
10811 2 2 0 1 5556 5555 5490
10812 2 2 0 1 5490 5556 5491
10813 2 2 0 1 5557 5556 5491
10814 2 2 0 1 5491 5557 5492
10815 2 2 0 1 5558 5557 5492
10816 2 2 0 1 5492 5558 5493
10817 2 2 0 1 5559 5558 5493
10818 2 2 0 1 5493 5559 5494
10819 2 2 0 1 5560 5559 5494
10820 2 2 0 1 5494 5560 5495
10821 2 2 0 1 5561 5560 5495
10822 2 2 0 1 5495 5561 5496
10823 2 2 0 1 5562 5561 5496
10824 2 2 0 1 5496 5562 5497
10825 2 2 0 1 5563 5562 5497
10826 2 2 0 1 5497 5563 5498
10827 2 2 0 1 5564 5563 5498
10828 2 2 0 1 5498 5564 5499
10829 2 2 0 1 5565 5564 5499
10830 2 2 0 1 5499 5565 5500
10831 2 2 0 1 5566 5565 5500
10832 2 2 0 1 5500 5566 5501
10833 2 2 0 1 5567 5566 5501
10834 2 2 0 1 5501 5567 5502
10835 2 2 0 1 5568 5567 5502
10836 2 2 0 1 5502 5568 5503
10837 2 2 0 1 5569 5568 5503
10838 2 2 0 1 5503 5569 5504
10839 2 2 0 1 5570 5569 5504
10840 2 2 0 1 5504 5570 5505
10841 2 2 0 1 5571 5570 5505
10842 2 2 0 1 5505 5571 5506
10843 2 2 0 1 5572 5571 5506
10844 2 2 0 1 5506 5572 5507
10845 2 2 0 1 5573 5572 5507
10846 2 2 0 1 5507 5573 5508
10847 2 2 0 1 5574 5573 5508
10848 2 2 0 1 5508 5574 5509
10849 2 2 0 1 5575 5574 5509
10850 2 2 0 1 5509 5575 5510
10851 2 2 0 1 5576 5575 5510
10852 2 2 0 1 5510 5576 5511
10853 2 2 0 1 5577 5576 5511
10854 2 2 0 1 5511 5577 5512
10855 2 2 0 1 5578 5577 5512
10856 2 2 0 1 5512 5578 5513
10857 2 2 0 1 5579 5578 5513
10858 2 2 0 1 5513 5579 5514
10859 2 2 0 1 5580 5579 5514
10860 2 2 0 1 5514 5580 5515
10861 2 2 0 1 5581 5580 5515
10862 2 2 0 1 5515 5581 5516
10863 2 2 0 1 5582 5581 5516
10864 2 2 0 1 5516 5582 5517
10865 2 2 0 1 5583 5582 5517
10866 2 2 0 1 5517 5583 5518
10867 2 2 0 1 5584 5583 5518
10868 2 2 0 1 5518 5584 5519
10869 2 2 0 1 5585 5584 5519
10870 2 2 0 1 5519 5585 5520
10871 2 2 0 1 5586 5585 5520
10872 2 2 0 1 5520 5586 5521
10873 2 2 0 1 5587 5586 5521
10874 2 2 0 1 5521 5587 5522
10875 2 2 0 1 5588 5587 5522
10876 2 2 0 1 5522 5588 5523
10877 2 2 0 1 5589 5588 5523
10878 2 2 0 1 5523 5589 5524
10879 2 2 0 1 5590 5589 5524
10880 2 2 0 1 5524 5590 5525
10881 2 2 0 1 5527 5591 5526
10882 2 2 0 1 5591 5592 5527
10883 2 2 0 1 5528 5592 5527
10884 2 2 0 1 5592 5593 5528
10885 2 2 0 1 5529 5593 5528
10886 2 2 0 1 5593 5594 5529
10887 2 2 0 1 5530 5594 5529
10888 2 2 0 1 5594 5595 5530
10889 2 2 0 1 5531 5595 5530
10890 2 2 0 1 5595 5596 5531
10891 2 2 0 1 5532 5596 5531
10892 2 2 0 1 5596 5597 5532
10893 2 2 0 1 5533 5597 5532
10894 2 2 0 1 5597 5598 5533
10895 2 2 0 1 5534 5598 5533
10896 2 2 0 1 5598 5599 5534
10897 2 2 0 1 5600 5599 5534
10898 2 2 0 1 5534 5600 5535
10899 2 2 0 1 5601 5600 5535
10900 2 2 0 1 5535 5601 5536
10901 2 2 0 1 5602 5601 5536
10902 2 2 0 1 5536 5602 5537
10903 2 2 0 1 5603 5602 5537
10904 2 2 0 1 5537 5603 5538
10905 2 2 0 1 5604 5603 5538
10906 2 2 0 1 5538 5604 5539
10907 2 2 0 1 5605 5604 5539
10908 2 2 0 1 5539 5605 5540
10909 2 2 0 1 5606 5605 5540
10910 2 2 0 1 5540 5606 5541
10911 2 2 0 1 5607 5606 5541
10912 2 2 0 1 5541 5607 5542
10913 2 2 0 1 5608 5607 5542
10914 2 2 0 1 5542 5608 5543
10915 2 2 0 1 5609 5608 5543
10916 2 2 0 1 5543 5609 5544
10917 2 2 0 1 5610 5609 5544
10918 2 2 0 1 5544 5610 5545
10919 2 2 0 1 5611 5610 5545
10920 2 2 0 1 5545 5611 5546
10921 2 2 0 1 5612 5611 5546
10922 2 2 0 1 5546 5612 5547
10923 2 2 0 1 5613 5612 5547
10924 2 2 0 1 5547 5613 5548
10925 2 2 0 1 5614 5613 5548
10926 2 2 0 1 5548 5614 5549
10927 2 2 0 1 5615 5614 5549
10928 2 2 0 1 5549 5615 5550
10929 2 2 0 1 5616 5615 5550
10930 2 2 0 1 5550 5616 5551
10931 2 2 0 1 5617 5616 5551
10932 2 2 0 1 5551 5617 5552
10933 2 2 0 1 5618 5617 5552
10934 2 2 0 1 5552 5618 5553
10935 2 2 0 1 5619 5618 5553
10936 2 2 0 1 5553 5619 5554
10937 2 2 0 1 5620 5619 5554
10938 2 2 0 1 5554 5620 5555
10939 2 2 0 1 5621 5620 5555
10940 2 2 0 1 5555 5621 5556
10941 2 2 0 1 5622 5621 5556
10942 2 2 0 1 5556 5622 5557
10943 2 2 0 1 5623 5622 5557
10944 2 2 0 1 5557 5623 5558
10945 2 2 0 1 5624 5623 5558
10946 2 2 0 1 5558 5624 5559
10947 2 2 0 1 5625 5624 5559
10948 2 2 0 1 5559 5625 5560
10949 2 2 0 1 5626 5625 5560
10950 2 2 0 1 5560 5626 5561
10951 2 2 0 1 5627 5626 5561
10952 2 2 0 1 5561 5627 5562
10953 2 2 0 1 5628 5627 5562
10954 2 2 0 1 5562 5628 5563
10955 2 2 0 1 5629 5628 5563
10956 2 2 0 1 5563 5629 5564
10957 2 2 0 1 5630 5629 5564
10958 2 2 0 1 5564 5630 5565
10959 2 2 0 1 5631 5630 5565
10960 2 2 0 1 5565 5631 5566
10961 2 2 0 1 5632 5631 5566
10962 2 2 0 1 5566 5632 5567
10963 2 2 0 1 5633 5632 5567
10964 2 2 0 1 5567 5633 5568
10965 2 2 0 1 5634 5633 5568
10966 2 2 0 1 5568 5634 5569
10967 2 2 0 1 5635 5634 5569
10968 2 2 0 1 5569 5635 5570
10969 2 2 0 1 5636 5635 5570
10970 2 2 0 1 5570 5636 5571
10971 2 2 0 1 5637 5636 5571
10972 2 2 0 1 5571 5637 5572
10973 2 2 0 1 5638 5637 5572
10974 2 2 0 1 5572 5638 5573
10975 2 2 0 1 5639 5638 5573
10976 2 2 0 1 5573 5639 5574
10977 2 2 0 1 5640 5639 5574
10978 2 2 0 1 5574 5640 5575
10979 2 2 0 1 5641 5640 5575
10980 2 2 0 1 5575 5641 5576
10981 2 2 0 1 5642 5641 5576
10982 2 2 0 1 5576 5642 5577
10983 2 2 0 1 5643 5642 5577
10984 2 2 0 1 5577 5643 5578
10985 2 2 0 1 5644 5643 5578
10986 2 2 0 1 5578 5644 5579
10987 2 2 0 1 5645 5644 5579
10988 2 2 0 1 5579 5645 5580
10989 2 2 0 1 5646 5645 5580
10990 2 2 0 1 5580 5646 5581
10991 2 2 0 1 5647 5646 5581
10992 2 2 0 1 5581 5647 5582
10993 2 2 0 1 5648 5647 5582
10994 2 2 0 1 5582 5648 5583
10995 2 2 0 1 5649 5648 5583
10996 2 2 0 1 5583 5649 5584
10997 2 2 0 1 5650 5649 5584
10998 2 2 0 1 5584 5650 5585
10999 2 2 0 1 5651 5650 5585
11000 2 2 0 1 5585 5651 5586
11001 2 2 0 1 5652 5651 5586
11002 2 2 0 1 5586 5652 5587
11003 2 2 0 1 5653 5652 5587
11004 2 2 0 1 5587 5653 5588
11005 2 2 0 1 5654 5653 5588
11006 2 2 0 1 5588 5654 5589
11007 2 2 0 1 5655 5654 5589
11008 2 2 0 1 5589 5655 5590
11009 2 2 0 1 5592 5656 5591
11010 2 2 0 1 5656 5657 5592
11011 2 2 0 1 5593 5657 5592
11012 2 2 0 1 5657 5658 5593
11013 2 2 0 1 5594 5658 5593
11014 2 2 0 1 5658 5659 5594
11015 2 2 0 1 5595 5659 5594
11016 2 2 0 1 5659 5660 5595
11017 2 2 0 1 5596 5660 5595
11018 2 2 0 1 5660 5661 5596
11019 2 2 0 1 5597 5661 5596
11020 2 2 0 1 5661 5662 5597
11021 2 2 0 1 5598 5662 5597
11022 2 2 0 1 5662 5663 5598
11023 2 2 0 1 5599 5663 5598
11024 2 2 0 1 5663 5664 5599
11025 2 2 0 1 5665 5664 5599
11026 2 2 0 1 5599 5665 5600
11027 2 2 0 1 5666 5665 5600
11028 2 2 0 1 5600 5666 5601
11029 2 2 0 1 5667 5666 5601
11030 2 2 0 1 5601 5667 5602
11031 2 2 0 1 5668 5667 5602
11032 2 2 0 1 5602 5668 5603
11033 2 2 0 1 5669 5668 5603
11034 2 2 0 1 5603 5669 5604
11035 2 2 0 1 5670 5669 5604
11036 2 2 0 1 5604 5670 5605
11037 2 2 0 1 5671 5670 5605
11038 2 2 0 1 5605 5671 5606
11039 2 2 0 1 5672 5671 5606
11040 2 2 0 1 5606 5672 5607
11041 2 2 0 1 5673 5672 5607
11042 2 2 0 1 5607 5673 5608
11043 2 2 0 1 5674 5673 5608
11044 2 2 0 1 5608 5674 5609
11045 2 2 0 1 5675 5674 5609
11046 2 2 0 1 5609 5675 5610
11047 2 2 0 1 5676 5675 5610
11048 2 2 0 1 5610 5676 5611
11049 2 2 0 1 5677 5676 5611
11050 2 2 0 1 5611 5677 5612
11051 2 2 0 1 5678 5677 5612
11052 2 2 0 1 5612 5678 5613
11053 2 2 0 1 5679 5678 5613
11054 2 2 0 1 5613 5679 5614
11055 2 2 0 1 5680 5679 5614
11056 2 2 0 1 5614 5680 5615
11057 2 2 0 1 5681 5680 5615
11058 2 2 0 1 5615 5681 5616
11059 2 2 0 1 5682 5681 5616
11060 2 2 0 1 5616 5682 5617
11061 2 2 0 1 5683 5682 5617
11062 2 2 0 1 5617 5683 5618
11063 2 2 0 1 5684 5683 5618
11064 2 2 0 1 5618 5684 5619
11065 2 2 0 1 5685 5684 5619
11066 2 2 0 1 5619 5685 5620
11067 2 2 0 1 5686 5685 5620
11068 2 2 0 1 5620 5686 5621
11069 2 2 0 1 5687 5686 5621
11070 2 2 0 1 5621 5687 5622
11071 2 2 0 1 5688 5687 5622
11072 2 2 0 1 5622 5688 5623
11073 2 2 0 1 5689 5688 5623
11074 2 2 0 1 5623 5689 5624
11075 2 2 0 1 5690 5689 5624
11076 2 2 0 1 5624 5690 5625
11077 2 2 0 1 5691 5690 5625
11078 2 2 0 1 5625 5691 5626
11079 2 2 0 1 5692 5691 5626
11080 2 2 0 1 5626 5692 5627
11081 2 2 0 1 5693 5692 5627
11082 2 2 0 1 5627 5693 5628
11083 2 2 0 1 5694 5693 5628
11084 2 2 0 1 5628 5694 5629
11085 2 2 0 1 5695 5694 5629
11086 2 2 0 1 5629 5695 5630
11087 2 2 0 1 5696 5695 5630
11088 2 2 0 1 5630 5696 5631
11089 2 2 0 1 5697 5696 5631
11090 2 2 0 1 5631 5697 5632
11091 2 2 0 1 5698 5697 5632
11092 2 2 0 1 5632 5698 5633
11093 2 2 0 1 5699 5698 5633
11094 2 2 0 1 5633 5699 5634
11095 2 2 0 1 5700 5699 5634
11096 2 2 0 1 5634 5700 5635
11097 2 2 0 1 5701 5700 5635
11098 2 2 0 1 5635 5701 5636
11099 2 2 0 1 5702 5701 5636
11100 2 2 0 1 5636 5702 5637
11101 2 2 0 1 5703 5702 5637
11102 2 2 0 1 5637 5703 5638
11103 2 2 0 1 5704 5703 5638
11104 2 2 0 1 5638 5704 5639
11105 2 2 0 1 5705 5704 5639
11106 2 2 0 1 5639 5705 5640
11107 2 2 0 1 5706 5705 5640
11108 2 2 0 1 5640 5706 5641
11109 2 2 0 1 5707 5706 5641
11110 2 2 0 1 5641 5707 5642
11111 2 2 0 1 5708 5707 5642
11112 2 2 0 1 5642 5708 5643
11113 2 2 0 1 5709 5708 5643
11114 2 2 0 1 5643 5709 5644
11115 2 2 0 1 5710 5709 5644
11116 2 2 0 1 5644 5710 5645
11117 2 2 0 1 5711 5710 5645
11118 2 2 0 1 5645 5711 5646
11119 2 2 0 1 5712 5711 5646
11120 2 2 0 1 5646 5712 5647
11121 2 2 0 1 5713 5712 5647
11122 2 2 0 1 5647 5713 5648
11123 2 2 0 1 5714 5713 5648
11124 2 2 0 1 5648 5714 5649
11125 2 2 0 1 5715 5714 5649
11126 2 2 0 1 5649 5715 5650
11127 2 2 0 1 5716 5715 5650
11128 2 2 0 1 5650 5716 5651
11129 2 2 0 1 5717 5716 5651
11130 2 2 0 1 5651 5717 5652
11131 2 2 0 1 5718 5717 5652
11132 2 2 0 1 5652 5718 5653
11133 2 2 0 1 5719 5718 5653
11134 2 2 0 1 5653 5719 5654
11135 2 2 0 1 5720 5719 5654
11136 2 2 0 1 5654 5720 5655
11137 2 2 0 1 5657 5721 5656
11138 2 2 0 1 5721 5722 5657
11139 2 2 0 1 5658 5722 5657
11140 2 2 0 1 5722 5723 5658
11141 2 2 0 1 5659 5723 5658
11142 2 2 0 1 5723 5724 5659
11143 2 2 0 1 5660 5724 5659
11144 2 2 0 1 5724 5725 5660
11145 2 2 0 1 5661 5725 5660
11146 2 2 0 1 5725 5726 5661
11147 2 2 0 1 5662 5726 5661
11148 2 2 0 1 5726 5727 5662
11149 2 2 0 1 5663 5727 5662
11150 2 2 0 1 5727 5728 5663
11151 2 2 0 1 5664 5728 5663
11152 2 2 0 1 5728 5729 5664
11153 2 2 0 1 5730 5729 5664
11154 2 2 0 1 5664 5730 5665
11155 2 2 0 1 5731 5730 5665
11156 2 2 0 1 5665 5731 5666
11157 2 2 0 1 5732 5731 5666
11158 2 2 0 1 5666 5732 5667
11159 2 2 0 1 5733 5732 5667
11160 2 2 0 1 5667 5733 5668
11161 2 2 0 1 5734 5733 5668
11162 2 2 0 1 5668 5734 5669
11163 2 2 0 1 5735 5734 5669
11164 2 2 0 1 5669 5735 5670
11165 2 2 0 1 5736 5735 5670
11166 2 2 0 1 5670 5736 5671
11167 2 2 0 1 5737 5736 5671
11168 2 2 0 1 5671 5737 5672
11169 2 2 0 1 5738 5737 5672
11170 2 2 0 1 5672 5738 5673
11171 2 2 0 1 5739 5738 5673
11172 2 2 0 1 5673 5739 5674
11173 2 2 0 1 5740 5739 5674
11174 2 2 0 1 5674 5740 5675
11175 2 2 0 1 5741 5740 5675
11176 2 2 0 1 5675 5741 5676
11177 2 2 0 1 5742 5741 5676
11178 2 2 0 1 5676 5742 5677
11179 2 2 0 1 5743 5742 5677
11180 2 2 0 1 5677 5743 5678
11181 2 2 0 1 5744 5743 5678
11182 2 2 0 1 5678 5744 5679
11183 2 2 0 1 5745 5744 5679
11184 2 2 0 1 5679 5745 5680
11185 2 2 0 1 5746 5745 5680
11186 2 2 0 1 5680 5746 5681
11187 2 2 0 1 5747 5746 5681
11188 2 2 0 1 5681 5747 5682
11189 2 2 0 1 5748 5747 5682
11190 2 2 0 1 5682 5748 5683
11191 2 2 0 1 5749 5748 5683
11192 2 2 0 1 5683 5749 5684
11193 2 2 0 1 5750 5749 5684
11194 2 2 0 1 5684 5750 5685
11195 2 2 0 1 5751 5750 5685
11196 2 2 0 1 5685 5751 5686
11197 2 2 0 1 5752 5751 5686
11198 2 2 0 1 5686 5752 5687
11199 2 2 0 1 5753 5752 5687
11200 2 2 0 1 5687 5753 5688
11201 2 2 0 1 5754 5753 5688
11202 2 2 0 1 5688 5754 5689
11203 2 2 0 1 5755 5754 5689
11204 2 2 0 1 5689 5755 5690
11205 2 2 0 1 5756 5755 5690
11206 2 2 0 1 5690 5756 5691
11207 2 2 0 1 5757 5756 5691
11208 2 2 0 1 5691 5757 5692
11209 2 2 0 1 5758 5757 5692
11210 2 2 0 1 5692 5758 5693
11211 2 2 0 1 5759 5758 5693
11212 2 2 0 1 5693 5759 5694
11213 2 2 0 1 5760 5759 5694
11214 2 2 0 1 5694 5760 5695
11215 2 2 0 1 5761 5760 5695
11216 2 2 0 1 5695 5761 5696
11217 2 2 0 1 5762 5761 5696
11218 2 2 0 1 5696 5762 5697
11219 2 2 0 1 5763 5762 5697
11220 2 2 0 1 5697 5763 5698
11221 2 2 0 1 5764 5763 5698
11222 2 2 0 1 5698 5764 5699
11223 2 2 0 1 5765 5764 5699
11224 2 2 0 1 5699 5765 5700
11225 2 2 0 1 5766 5765 5700
11226 2 2 0 1 5700 5766 5701
11227 2 2 0 1 5767 5766 5701
11228 2 2 0 1 5701 5767 5702
11229 2 2 0 1 5768 5767 5702
11230 2 2 0 1 5702 5768 5703
11231 2 2 0 1 5769 5768 5703
11232 2 2 0 1 5703 5769 5704
11233 2 2 0 1 5770 5769 5704
11234 2 2 0 1 5704 5770 5705
11235 2 2 0 1 5771 5770 5705
11236 2 2 0 1 5705 5771 5706
11237 2 2 0 1 5772 5771 5706
11238 2 2 0 1 5706 5772 5707
11239 2 2 0 1 5773 5772 5707
11240 2 2 0 1 5707 5773 5708
11241 2 2 0 1 5774 5773 5708
11242 2 2 0 1 5708 5774 5709
11243 2 2 0 1 5775 5774 5709
11244 2 2 0 1 5709 5775 5710
11245 2 2 0 1 5776 5775 5710
11246 2 2 0 1 5710 5776 5711
11247 2 2 0 1 5777 5776 5711
11248 2 2 0 1 5711 5777 5712
11249 2 2 0 1 5778 5777 5712
11250 2 2 0 1 5712 5778 5713
11251 2 2 0 1 5779 5778 5713
11252 2 2 0 1 5713 5779 5714
11253 2 2 0 1 5780 5779 5714
11254 2 2 0 1 5714 5780 5715
11255 2 2 0 1 5781 5780 5715
11256 2 2 0 1 5715 5781 5716
11257 2 2 0 1 5782 5781 5716
11258 2 2 0 1 5716 5782 5717
11259 2 2 0 1 5783 5782 5717
11260 2 2 0 1 5717 5783 5718
11261 2 2 0 1 5784 5783 5718
11262 2 2 0 1 5718 5784 5719
11263 2 2 0 1 5785 5784 5719
11264 2 2 0 1 5719 5785 5720
11265 2 2 0 1 5722 5786 5721
11266 2 2 0 1 5786 5787 5722
11267 2 2 0 1 5723 5787 5722
11268 2 2 0 1 5787 5788 5723
11269 2 2 0 1 5724 5788 5723
11270 2 2 0 1 5788 5789 5724
11271 2 2 0 1 5725 5789 5724
11272 2 2 0 1 5789 5790 5725
11273 2 2 0 1 5726 5790 5725
11274 2 2 0 1 5790 5791 5726
11275 2 2 0 1 5727 5791 5726
11276 2 2 0 1 5791 5792 5727
11277 2 2 0 1 5728 5792 5727
11278 2 2 0 1 5792 5793 5728
11279 2 2 0 1 5729 5793 5728
11280 2 2 0 1 5793 5794 5729
11281 2 2 0 1 5795 5794 5729
11282 2 2 0 1 5729 5795 5730
11283 2 2 0 1 5796 5795 5730
11284 2 2 0 1 5730 5796 5731
11285 2 2 0 1 5797 5796 5731
11286 2 2 0 1 5731 5797 5732
11287 2 2 0 1 5798 5797 5732
11288 2 2 0 1 5732 5798 5733
11289 2 2 0 1 5799 5798 5733
11290 2 2 0 1 5733 5799 5734
11291 2 2 0 1 5800 5799 5734
11292 2 2 0 1 5734 5800 5735
11293 2 2 0 1 5801 5800 5735
11294 2 2 0 1 5735 5801 5736
11295 2 2 0 1 5802 5801 5736
11296 2 2 0 1 5736 5802 5737
11297 2 2 0 1 5803 5802 5737
11298 2 2 0 1 5737 5803 5738
11299 2 2 0 1 5804 5803 5738
11300 2 2 0 1 5738 5804 5739
11301 2 2 0 1 5805 5804 5739
11302 2 2 0 1 5739 5805 5740
11303 2 2 0 1 5806 5805 5740
11304 2 2 0 1 5740 5806 5741
11305 2 2 0 1 5807 5806 5741
11306 2 2 0 1 5741 5807 5742
11307 2 2 0 1 5808 5807 5742
11308 2 2 0 1 5742 5808 5743
11309 2 2 0 1 5809 5808 5743
11310 2 2 0 1 5743 5809 5744
11311 2 2 0 1 5810 5809 5744
11312 2 2 0 1 5744 5810 5745
11313 2 2 0 1 5811 5810 5745
11314 2 2 0 1 5745 5811 5746
11315 2 2 0 1 5812 5811 5746
11316 2 2 0 1 5746 5812 5747
11317 2 2 0 1 5813 5812 5747
11318 2 2 0 1 5747 5813 5748
11319 2 2 0 1 5814 5813 5748
11320 2 2 0 1 5748 5814 5749
11321 2 2 0 1 5815 5814 5749
11322 2 2 0 1 5749 5815 5750
11323 2 2 0 1 5816 5815 5750
11324 2 2 0 1 5750 5816 5751
11325 2 2 0 1 5817 5816 5751
11326 2 2 0 1 5751 5817 5752
11327 2 2 0 1 5818 5817 5752
11328 2 2 0 1 5752 5818 5753
11329 2 2 0 1 5819 5818 5753
11330 2 2 0 1 5753 5819 5754
11331 2 2 0 1 5820 5819 5754
11332 2 2 0 1 5754 5820 5755
11333 2 2 0 1 5821 5820 5755
11334 2 2 0 1 5755 5821 5756
11335 2 2 0 1 5822 5821 5756
11336 2 2 0 1 5756 5822 5757
11337 2 2 0 1 5823 5822 5757
11338 2 2 0 1 5757 5823 5758
11339 2 2 0 1 5824 5823 5758
11340 2 2 0 1 5758 5824 5759
11341 2 2 0 1 5825 5824 5759
11342 2 2 0 1 5759 5825 5760
11343 2 2 0 1 5826 5825 5760
11344 2 2 0 1 5760 5826 5761
11345 2 2 0 1 5827 5826 5761
11346 2 2 0 1 5761 5827 5762
11347 2 2 0 1 5828 5827 5762
11348 2 2 0 1 5762 5828 5763
11349 2 2 0 1 5829 5828 5763
11350 2 2 0 1 5763 5829 5764
11351 2 2 0 1 5830 5829 5764
11352 2 2 0 1 5764 5830 5765
11353 2 2 0 1 5831 5830 5765
11354 2 2 0 1 5765 5831 5766
11355 2 2 0 1 5832 5831 5766
11356 2 2 0 1 5766 5832 5767
11357 2 2 0 1 5833 5832 5767
11358 2 2 0 1 5767 5833 5768
11359 2 2 0 1 5834 5833 5768
11360 2 2 0 1 5768 5834 5769
11361 2 2 0 1 5835 5834 5769
11362 2 2 0 1 5769 5835 5770
11363 2 2 0 1 5836 5835 5770
11364 2 2 0 1 5770 5836 5771
11365 2 2 0 1 5837 5836 5771
11366 2 2 0 1 5771 5837 5772
11367 2 2 0 1 5838 5837 5772
11368 2 2 0 1 5772 5838 5773
11369 2 2 0 1 5839 5838 5773
11370 2 2 0 1 5773 5839 5774
11371 2 2 0 1 5840 5839 5774
11372 2 2 0 1 5774 5840 5775
11373 2 2 0 1 5841 5840 5775
11374 2 2 0 1 5775 5841 5776
11375 2 2 0 1 5842 5841 5776
11376 2 2 0 1 5776 5842 5777
11377 2 2 0 1 5843 5842 5777
11378 2 2 0 1 5777 5843 5778
11379 2 2 0 1 5844 5843 5778
11380 2 2 0 1 5778 5844 5779
11381 2 2 0 1 5845 5844 5779
11382 2 2 0 1 5779 5845 5780
11383 2 2 0 1 5846 5845 5780
11384 2 2 0 1 5780 5846 5781
11385 2 2 0 1 5847 5846 5781
11386 2 2 0 1 5781 5847 5782
11387 2 2 0 1 5848 5847 5782
11388 2 2 0 1 5782 5848 5783
11389 2 2 0 1 5849 5848 5783
11390 2 2 0 1 5783 5849 5784
11391 2 2 0 1 5850 5849 5784
11392 2 2 0 1 5784 5850 5785
11393 2 2 0 1 5787 5851 5786
11394 2 2 0 1 5851 5852 5787
11395 2 2 0 1 5788 5852 5787
11396 2 2 0 1 5852 5853 5788
11397 2 2 0 1 5789 5853 5788
11398 2 2 0 1 5853 5854 5789
11399 2 2 0 1 5790 5854 5789
11400 2 2 0 1 5854 5855 5790
11401 2 2 0 1 5791 5855 5790
11402 2 2 0 1 5855 5856 5791
11403 2 2 0 1 5792 5856 5791
11404 2 2 0 1 5856 5857 5792
11405 2 2 0 1 5793 5857 5792
11406 2 2 0 1 5857 5858 5793
11407 2 2 0 1 5794 5858 5793
11408 2 2 0 1 5858 5859 5794
11409 2 2 0 1 5860 5859 5794
11410 2 2 0 1 5794 5860 5795
11411 2 2 0 1 5861 5860 5795
11412 2 2 0 1 5795 5861 5796
11413 2 2 0 1 5862 5861 5796
11414 2 2 0 1 5796 5862 5797
11415 2 2 0 1 5863 5862 5797
11416 2 2 0 1 5797 5863 5798
11417 2 2 0 1 5864 5863 5798
11418 2 2 0 1 5798 5864 5799
11419 2 2 0 1 5865 5864 5799
11420 2 2 0 1 5799 5865 5800
11421 2 2 0 1 5866 5865 5800
11422 2 2 0 1 5800 5866 5801
11423 2 2 0 1 5867 5866 5801
11424 2 2 0 1 5801 5867 5802
11425 2 2 0 1 5868 5867 5802
11426 2 2 0 1 5802 5868 5803
11427 2 2 0 1 5869 5868 5803
11428 2 2 0 1 5803 5869 5804
11429 2 2 0 1 5870 5869 5804
11430 2 2 0 1 5804 5870 5805
11431 2 2 0 1 5871 5870 5805
11432 2 2 0 1 5805 5871 5806
11433 2 2 0 1 5872 5871 5806
11434 2 2 0 1 5806 5872 5807
11435 2 2 0 1 5873 5872 5807
11436 2 2 0 1 5807 5873 5808
11437 2 2 0 1 5874 5873 5808
11438 2 2 0 1 5808 5874 5809
11439 2 2 0 1 5875 5874 5809
11440 2 2 0 1 5809 5875 5810
11441 2 2 0 1 5876 5875 5810
11442 2 2 0 1 5810 5876 5811
11443 2 2 0 1 5877 5876 5811
11444 2 2 0 1 5811 5877 5812
11445 2 2 0 1 5878 5877 5812
11446 2 2 0 1 5812 5878 5813
11447 2 2 0 1 5879 5878 5813
11448 2 2 0 1 5813 5879 5814
11449 2 2 0 1 5880 5879 5814
11450 2 2 0 1 5814 5880 5815
11451 2 2 0 1 5881 5880 5815
11452 2 2 0 1 5815 5881 5816
11453 2 2 0 1 5882 5881 5816
11454 2 2 0 1 5816 5882 5817
11455 2 2 0 1 5883 5882 5817
11456 2 2 0 1 5817 5883 5818
11457 2 2 0 1 5884 5883 5818
11458 2 2 0 1 5818 5884 5819
11459 2 2 0 1 5885 5884 5819
11460 2 2 0 1 5819 5885 5820
11461 2 2 0 1 5886 5885 5820
11462 2 2 0 1 5820 5886 5821
11463 2 2 0 1 5887 5886 5821
11464 2 2 0 1 5821 5887 5822
11465 2 2 0 1 5888 5887 5822
11466 2 2 0 1 5822 5888 5823
11467 2 2 0 1 5889 5888 5823
11468 2 2 0 1 5823 5889 5824
11469 2 2 0 1 5890 5889 5824
11470 2 2 0 1 5824 5890 5825
11471 2 2 0 1 5891 5890 5825
11472 2 2 0 1 5825 5891 5826
11473 2 2 0 1 5892 5891 5826
11474 2 2 0 1 5826 5892 5827
11475 2 2 0 1 5893 5892 5827
11476 2 2 0 1 5827 5893 5828
11477 2 2 0 1 5894 5893 5828
11478 2 2 0 1 5828 5894 5829
11479 2 2 0 1 5895 5894 5829
11480 2 2 0 1 5829 5895 5830
11481 2 2 0 1 5896 5895 5830
11482 2 2 0 1 5830 5896 5831
11483 2 2 0 1 5897 5896 5831
11484 2 2 0 1 5831 5897 5832
11485 2 2 0 1 5898 5897 5832
11486 2 2 0 1 5832 5898 5833
11487 2 2 0 1 5899 5898 5833
11488 2 2 0 1 5833 5899 5834
11489 2 2 0 1 5900 5899 5834
11490 2 2 0 1 5834 5900 5835
11491 2 2 0 1 5901 5900 5835
11492 2 2 0 1 5835 5901 5836
11493 2 2 0 1 5902 5901 5836
11494 2 2 0 1 5836 5902 5837
11495 2 2 0 1 5903 5902 5837
11496 2 2 0 1 5837 5903 5838
11497 2 2 0 1 5904 5903 5838
11498 2 2 0 1 5838 5904 5839
11499 2 2 0 1 5905 5904 5839
11500 2 2 0 1 5839 5905 5840
11501 2 2 0 1 5906 5905 5840
11502 2 2 0 1 5840 5906 5841
11503 2 2 0 1 5907 5906 5841
11504 2 2 0 1 5841 5907 5842
11505 2 2 0 1 5908 5907 5842
11506 2 2 0 1 5842 5908 5843
11507 2 2 0 1 5909 5908 5843
11508 2 2 0 1 5843 5909 5844
11509 2 2 0 1 5910 5909 5844
11510 2 2 0 1 5844 5910 5845
11511 2 2 0 1 5911 5910 5845
11512 2 2 0 1 5845 5911 5846
11513 2 2 0 1 5912 5911 5846
11514 2 2 0 1 5846 5912 5847
11515 2 2 0 1 5913 5912 5847
11516 2 2 0 1 5847 5913 5848
11517 2 2 0 1 5914 5913 5848
11518 2 2 0 1 5848 5914 5849
11519 2 2 0 1 5915 5914 5849
11520 2 2 0 1 5849 5915 5850
11521 2 2 0 1 5852 5916 5851
11522 2 2 0 1 5916 5917 5852
11523 2 2 0 1 5853 5917 5852
11524 2 2 0 1 5917 5918 5853
11525 2 2 0 1 5854 5918 5853
11526 2 2 0 1 5918 5919 5854
11527 2 2 0 1 5855 5919 5854
11528 2 2 0 1 5919 5920 5855
11529 2 2 0 1 5856 5920 5855
11530 2 2 0 1 5920 5921 5856
11531 2 2 0 1 5857 5921 5856
11532 2 2 0 1 5921 5922 5857
11533 2 2 0 1 5858 5922 5857
11534 2 2 0 1 5922 5923 5858
11535 2 2 0 1 5859 5923 5858
11536 2 2 0 1 5923 5924 5859
11537 2 2 0 1 5925 5924 5859
11538 2 2 0 1 5859 5925 5860
11539 2 2 0 1 5926 5925 5860
11540 2 2 0 1 5860 5926 5861
11541 2 2 0 1 5927 5926 5861
11542 2 2 0 1 5861 5927 5862
11543 2 2 0 1 5928 5927 5862
11544 2 2 0 1 5862 5928 5863
11545 2 2 0 1 5929 5928 5863
11546 2 2 0 1 5863 5929 5864
11547 2 2 0 1 5930 5929 5864
11548 2 2 0 1 5864 5930 5865
11549 2 2 0 1 5931 5930 5865
11550 2 2 0 1 5865 5931 5866
11551 2 2 0 1 5932 5931 5866
11552 2 2 0 1 5866 5932 5867
11553 2 2 0 1 5933 5932 5867
11554 2 2 0 1 5867 5933 5868
11555 2 2 0 1 5934 5933 5868
11556 2 2 0 1 5868 5934 5869
11557 2 2 0 1 5935 5934 5869
11558 2 2 0 1 5869 5935 5870
11559 2 2 0 1 5936 5935 5870
11560 2 2 0 1 5870 5936 5871
11561 2 2 0 1 5937 5936 5871
11562 2 2 0 1 5871 5937 5872
11563 2 2 0 1 5938 5937 5872
11564 2 2 0 1 5872 5938 5873
11565 2 2 0 1 5939 5938 5873
11566 2 2 0 1 5873 5939 5874
11567 2 2 0 1 5940 5939 5874
11568 2 2 0 1 5874 5940 5875
11569 2 2 0 1 5941 5940 5875
11570 2 2 0 1 5875 5941 5876
11571 2 2 0 1 5942 5941 5876
11572 2 2 0 1 5876 5942 5877
11573 2 2 0 1 5943 5942 5877
11574 2 2 0 1 5877 5943 5878
11575 2 2 0 1 5944 5943 5878
11576 2 2 0 1 5878 5944 5879
11577 2 2 0 1 5945 5944 5879
11578 2 2 0 1 5879 5945 5880
11579 2 2 0 1 5946 5945 5880
11580 2 2 0 1 5880 5946 5881
11581 2 2 0 1 5947 5946 5881
11582 2 2 0 1 5881 5947 5882
11583 2 2 0 1 5948 5947 5882
11584 2 2 0 1 5882 5948 5883
11585 2 2 0 1 5949 5948 5883
11586 2 2 0 1 5883 5949 5884
11587 2 2 0 1 5950 5949 5884
11588 2 2 0 1 5884 5950 5885
11589 2 2 0 1 5951 5950 5885
11590 2 2 0 1 5885 5951 5886
11591 2 2 0 1 5952 5951 5886
11592 2 2 0 1 5886 5952 5887
11593 2 2 0 1 5953 5952 5887
11594 2 2 0 1 5887 5953 5888
11595 2 2 0 1 5954 5953 5888
11596 2 2 0 1 5888 5954 5889
11597 2 2 0 1 5955 5954 5889
11598 2 2 0 1 5889 5955 5890
11599 2 2 0 1 5956 5955 5890
11600 2 2 0 1 5890 5956 5891
11601 2 2 0 1 5957 5956 5891
11602 2 2 0 1 5891 5957 5892
11603 2 2 0 1 5958 5957 5892
11604 2 2 0 1 5892 5958 5893
11605 2 2 0 1 5959 5958 5893
11606 2 2 0 1 5893 5959 5894
11607 2 2 0 1 5960 5959 5894
11608 2 2 0 1 5894 5960 5895
11609 2 2 0 1 5961 5960 5895
11610 2 2 0 1 5895 5961 5896
11611 2 2 0 1 5962 5961 5896
11612 2 2 0 1 5896 5962 5897
11613 2 2 0 1 5963 5962 5897
11614 2 2 0 1 5897 5963 5898
11615 2 2 0 1 5964 5963 5898
11616 2 2 0 1 5898 5964 5899
11617 2 2 0 1 5965 5964 5899
11618 2 2 0 1 5899 5965 5900
11619 2 2 0 1 5966 5965 5900
11620 2 2 0 1 5900 5966 5901
11621 2 2 0 1 5967 5966 5901
11622 2 2 0 1 5901 5967 5902
11623 2 2 0 1 5968 5967 5902
11624 2 2 0 1 5902 5968 5903
11625 2 2 0 1 5969 5968 5903
11626 2 2 0 1 5903 5969 5904
11627 2 2 0 1 5970 5969 5904
11628 2 2 0 1 5904 5970 5905
11629 2 2 0 1 5971 5970 5905
11630 2 2 0 1 5905 5971 5906
11631 2 2 0 1 5972 5971 5906
11632 2 2 0 1 5906 5972 5907
11633 2 2 0 1 5973 5972 5907
11634 2 2 0 1 5907 5973 5908
11635 2 2 0 1 5974 5973 5908
11636 2 2 0 1 5908 5974 5909
11637 2 2 0 1 5975 5974 5909
11638 2 2 0 1 5909 5975 5910
11639 2 2 0 1 5976 5975 5910
11640 2 2 0 1 5910 5976 5911
11641 2 2 0 1 5977 5976 5911
11642 2 2 0 1 5911 5977 5912
11643 2 2 0 1 5978 5977 5912
11644 2 2 0 1 5912 5978 5913
11645 2 2 0 1 5979 5978 5913
11646 2 2 0 1 5913 5979 5914
11647 2 2 0 1 5980 5979 5914
11648 2 2 0 1 5914 5980 5915
11649 2 2 0 1 5917 5981 5916
11650 2 2 0 1 5981 5982 5917
11651 2 2 0 1 5918 5982 5917
11652 2 2 0 1 5982 5983 5918
11653 2 2 0 1 5919 5983 5918
11654 2 2 0 1 5983 5984 5919
11655 2 2 0 1 5920 5984 5919
11656 2 2 0 1 5984 5985 5920
11657 2 2 0 1 5921 5985 5920
11658 2 2 0 1 5985 5986 5921
11659 2 2 0 1 5922 5986 5921
11660 2 2 0 1 5986 5987 5922
11661 2 2 0 1 5923 5987 5922
11662 2 2 0 1 5987 5988 5923
11663 2 2 0 1 5924 5988 5923
11664 2 2 0 1 5988 5989 5924
11665 2 2 0 1 5990 5989 5924
11666 2 2 0 1 5924 5990 5925
11667 2 2 0 1 5991 5990 5925
11668 2 2 0 1 5925 5991 5926
11669 2 2 0 1 5992 5991 5926
11670 2 2 0 1 5926 5992 5927
11671 2 2 0 1 5993 5992 5927
11672 2 2 0 1 5927 5993 5928
11673 2 2 0 1 5994 5993 5928
11674 2 2 0 1 5928 5994 5929
11675 2 2 0 1 5995 5994 5929
11676 2 2 0 1 5929 5995 5930
11677 2 2 0 1 5996 5995 5930
11678 2 2 0 1 5930 5996 5931
11679 2 2 0 1 5997 5996 5931
11680 2 2 0 1 5931 5997 5932
11681 2 2 0 1 5998 5997 5932
11682 2 2 0 1 5932 5998 5933
11683 2 2 0 1 5999 5998 5933
11684 2 2 0 1 5933 5999 5934
11685 2 2 0 1 6000 5999 5934
11686 2 2 0 1 5934 6000 5935
11687 2 2 0 1 6001 6000 5935
11688 2 2 0 1 5935 6001 5936
11689 2 2 0 1 6002 6001 5936
11690 2 2 0 1 5936 6002 5937
11691 2 2 0 1 6003 6002 5937
11692 2 2 0 1 5937 6003 5938
11693 2 2 0 1 6004 6003 5938
11694 2 2 0 1 5938 6004 5939
11695 2 2 0 1 6005 6004 5939
11696 2 2 0 1 5939 6005 5940
11697 2 2 0 1 6006 6005 5940
11698 2 2 0 1 5940 6006 5941
11699 2 2 0 1 6007 6006 5941
11700 2 2 0 1 5941 6007 5942
11701 2 2 0 1 6008 6007 5942
11702 2 2 0 1 5942 6008 5943
11703 2 2 0 1 6009 6008 5943
11704 2 2 0 1 5943 6009 5944
11705 2 2 0 1 6010 6009 5944
11706 2 2 0 1 5944 6010 5945
11707 2 2 0 1 6011 6010 5945
11708 2 2 0 1 5945 6011 5946
11709 2 2 0 1 6012 6011 5946
11710 2 2 0 1 5946 6012 5947
11711 2 2 0 1 6013 6012 5947
11712 2 2 0 1 5947 6013 5948
11713 2 2 0 1 6014 6013 5948
11714 2 2 0 1 5948 6014 5949
11715 2 2 0 1 6015 6014 5949
11716 2 2 0 1 5949 6015 5950
11717 2 2 0 1 6016 6015 5950
11718 2 2 0 1 5950 6016 5951
11719 2 2 0 1 6017 6016 5951
11720 2 2 0 1 5951 6017 5952
11721 2 2 0 1 6018 6017 5952
11722 2 2 0 1 5952 6018 5953
11723 2 2 0 1 6019 6018 5953
11724 2 2 0 1 5953 6019 5954
11725 2 2 0 1 6020 6019 5954
11726 2 2 0 1 5954 6020 5955
11727 2 2 0 1 6021 6020 5955
11728 2 2 0 1 5955 6021 5956
11729 2 2 0 1 6022 6021 5956
11730 2 2 0 1 5956 6022 5957
11731 2 2 0 1 6023 6022 5957
11732 2 2 0 1 5957 6023 5958
11733 2 2 0 1 6024 6023 5958
11734 2 2 0 1 5958 6024 5959
11735 2 2 0 1 6025 6024 5959
11736 2 2 0 1 5959 6025 5960
11737 2 2 0 1 6026 6025 5960
11738 2 2 0 1 5960 6026 5961
11739 2 2 0 1 6027 6026 5961
11740 2 2 0 1 5961 6027 5962
11741 2 2 0 1 6028 6027 5962
11742 2 2 0 1 5962 6028 5963
11743 2 2 0 1 6029 6028 5963
11744 2 2 0 1 5963 6029 5964
11745 2 2 0 1 6030 6029 5964
11746 2 2 0 1 5964 6030 5965
11747 2 2 0 1 6031 6030 5965
11748 2 2 0 1 5965 6031 5966
11749 2 2 0 1 6032 6031 5966
11750 2 2 0 1 5966 6032 5967
11751 2 2 0 1 6033 6032 5967
11752 2 2 0 1 5967 6033 5968
11753 2 2 0 1 6034 6033 5968
11754 2 2 0 1 5968 6034 5969
11755 2 2 0 1 6035 6034 5969
11756 2 2 0 1 5969 6035 5970
11757 2 2 0 1 6036 6035 5970
11758 2 2 0 1 5970 6036 5971
11759 2 2 0 1 6037 6036 5971
11760 2 2 0 1 5971 6037 5972
11761 2 2 0 1 6038 6037 5972
11762 2 2 0 1 5972 6038 5973
11763 2 2 0 1 6039 6038 5973
11764 2 2 0 1 5973 6039 5974
11765 2 2 0 1 6040 6039 5974
11766 2 2 0 1 5974 6040 5975
11767 2 2 0 1 6041 6040 5975
11768 2 2 0 1 5975 6041 5976
11769 2 2 0 1 6042 6041 5976
11770 2 2 0 1 5976 6042 5977
11771 2 2 0 1 6043 6042 5977
11772 2 2 0 1 5977 6043 5978
11773 2 2 0 1 6044 6043 5978
11774 2 2 0 1 5978 6044 5979
11775 2 2 0 1 6045 6044 5979
11776 2 2 0 1 5979 6045 5980
11777 2 2 0 1 5982 6046 5981
11778 2 2 0 1 6046 6047 5982
11779 2 2 0 1 5983 6047 5982
11780 2 2 0 1 6047 6048 5983
11781 2 2 0 1 5984 6048 5983
11782 2 2 0 1 6048 6049 5984
11783 2 2 0 1 5985 6049 5984
11784 2 2 0 1 6049 6050 5985
11785 2 2 0 1 5986 6050 5985
11786 2 2 0 1 6050 6051 5986
11787 2 2 0 1 5987 6051 5986
11788 2 2 0 1 6051 6052 5987
11789 2 2 0 1 5988 6052 5987
11790 2 2 0 1 6052 6053 5988
11791 2 2 0 1 5989 6053 5988
11792 2 2 0 1 6053 6054 5989
11793 2 2 0 1 6055 6054 5989
11794 2 2 0 1 5989 6055 5990
11795 2 2 0 1 6056 6055 5990
11796 2 2 0 1 5990 6056 5991
11797 2 2 0 1 6057 6056 5991
11798 2 2 0 1 5991 6057 5992
11799 2 2 0 1 6058 6057 5992
11800 2 2 0 1 5992 6058 5993
11801 2 2 0 1 6059 6058 5993
11802 2 2 0 1 5993 6059 5994
11803 2 2 0 1 6060 6059 5994
11804 2 2 0 1 5994 6060 5995
11805 2 2 0 1 6061 6060 5995
11806 2 2 0 1 5995 6061 5996
11807 2 2 0 1 6062 6061 5996
11808 2 2 0 1 5996 6062 5997
11809 2 2 0 1 6063 6062 5997
11810 2 2 0 1 5997 6063 5998
11811 2 2 0 1 6064 6063 5998
11812 2 2 0 1 5998 6064 5999
11813 2 2 0 1 6065 6064 5999
11814 2 2 0 1 5999 6065 6000
11815 2 2 0 1 6066 6065 6000
11816 2 2 0 1 6000 6066 6001
11817 2 2 0 1 6067 6066 6001
11818 2 2 0 1 6001 6067 6002
11819 2 2 0 1 6068 6067 6002
11820 2 2 0 1 6002 6068 6003
11821 2 2 0 1 6069 6068 6003
11822 2 2 0 1 6003 6069 6004
11823 2 2 0 1 6070 6069 6004
11824 2 2 0 1 6004 6070 6005
11825 2 2 0 1 6071 6070 6005
11826 2 2 0 1 6005 6071 6006
11827 2 2 0 1 6072 6071 6006
11828 2 2 0 1 6006 6072 6007
11829 2 2 0 1 6073 6072 6007
11830 2 2 0 1 6007 6073 6008
11831 2 2 0 1 6074 6073 6008
11832 2 2 0 1 6008 6074 6009
11833 2 2 0 1 6075 6074 6009
11834 2 2 0 1 6009 6075 6010
11835 2 2 0 1 6076 6075 6010
11836 2 2 0 1 6010 6076 6011
11837 2 2 0 1 6077 6076 6011
11838 2 2 0 1 6011 6077 6012
11839 2 2 0 1 6078 6077 6012
11840 2 2 0 1 6012 6078 6013
11841 2 2 0 1 6079 6078 6013
11842 2 2 0 1 6013 6079 6014
11843 2 2 0 1 6080 6079 6014
11844 2 2 0 1 6014 6080 6015
11845 2 2 0 1 6081 6080 6015
11846 2 2 0 1 6015 6081 6016
11847 2 2 0 1 6082 6081 6016
11848 2 2 0 1 6016 6082 6017
11849 2 2 0 1 6083 6082 6017
11850 2 2 0 1 6017 6083 6018
11851 2 2 0 1 6084 6083 6018
11852 2 2 0 1 6018 6084 6019
11853 2 2 0 1 6085 6084 6019
11854 2 2 0 1 6019 6085 6020
11855 2 2 0 1 6086 6085 6020
11856 2 2 0 1 6020 6086 6021
11857 2 2 0 1 6087 6086 6021
11858 2 2 0 1 6021 6087 6022
11859 2 2 0 1 6088 6087 6022
11860 2 2 0 1 6022 6088 6023
11861 2 2 0 1 6089 6088 6023
11862 2 2 0 1 6023 6089 6024
11863 2 2 0 1 6090 6089 6024
11864 2 2 0 1 6024 6090 6025
11865 2 2 0 1 6091 6090 6025
11866 2 2 0 1 6025 6091 6026
11867 2 2 0 1 6092 6091 6026
11868 2 2 0 1 6026 6092 6027
11869 2 2 0 1 6093 6092 6027
11870 2 2 0 1 6027 6093 6028
11871 2 2 0 1 6094 6093 6028
11872 2 2 0 1 6028 6094 6029
11873 2 2 0 1 6095 6094 6029
11874 2 2 0 1 6029 6095 6030
11875 2 2 0 1 6096 6095 6030
11876 2 2 0 1 6030 6096 6031
11877 2 2 0 1 6097 6096 6031
11878 2 2 0 1 6031 6097 6032
11879 2 2 0 1 6098 6097 6032
11880 2 2 0 1 6032 6098 6033
11881 2 2 0 1 6099 6098 6033
11882 2 2 0 1 6033 6099 6034
11883 2 2 0 1 6100 6099 6034
11884 2 2 0 1 6034 6100 6035
11885 2 2 0 1 6101 6100 6035
11886 2 2 0 1 6035 6101 6036
11887 2 2 0 1 6102 6101 6036
11888 2 2 0 1 6036 6102 6037
11889 2 2 0 1 6103 6102 6037
11890 2 2 0 1 6037 6103 6038
11891 2 2 0 1 6104 6103 6038
11892 2 2 0 1 6038 6104 6039
11893 2 2 0 1 6105 6104 6039
11894 2 2 0 1 6039 6105 6040
11895 2 2 0 1 6106 6105 6040
11896 2 2 0 1 6040 6106 6041
11897 2 2 0 1 6107 6106 6041
11898 2 2 0 1 6041 6107 6042
11899 2 2 0 1 6108 6107 6042
11900 2 2 0 1 6042 6108 6043
11901 2 2 0 1 6109 6108 6043
11902 2 2 0 1 6043 6109 6044
11903 2 2 0 1 6110 6109 6044
11904 2 2 0 1 6044 6110 6045
11905 2 2 0 1 6047 6111 6046
11906 2 2 0 1 6111 6112 6047
11907 2 2 0 1 6048 6112 6047
11908 2 2 0 1 6112 6113 6048
11909 2 2 0 1 6049 6113 6048
11910 2 2 0 1 6113 6114 6049
11911 2 2 0 1 6050 6114 6049
11912 2 2 0 1 6114 6115 6050
11913 2 2 0 1 6051 6115 6050
11914 2 2 0 1 6115 6116 6051
11915 2 2 0 1 6052 6116 6051
11916 2 2 0 1 6116 6117 6052
11917 2 2 0 1 6053 6117 6052
11918 2 2 0 1 6117 6118 6053
11919 2 2 0 1 6054 6118 6053
11920 2 2 0 1 6118 6119 6054
11921 2 2 0 1 6120 6119 6054
11922 2 2 0 1 6054 6120 6055
11923 2 2 0 1 6121 6120 6055
11924 2 2 0 1 6055 6121 6056
11925 2 2 0 1 6122 6121 6056
11926 2 2 0 1 6056 6122 6057
11927 2 2 0 1 6123 6122 6057
11928 2 2 0 1 6057 6123 6058
11929 2 2 0 1 6124 6123 6058
11930 2 2 0 1 6058 6124 6059
11931 2 2 0 1 6125 6124 6059
11932 2 2 0 1 6059 6125 6060
11933 2 2 0 1 6126 6125 6060
11934 2 2 0 1 6060 6126 6061
11935 2 2 0 1 6127 6126 6061
11936 2 2 0 1 6061 6127 6062
11937 2 2 0 1 6128 6127 6062
11938 2 2 0 1 6062 6128 6063
11939 2 2 0 1 6129 6128 6063
11940 2 2 0 1 6063 6129 6064
11941 2 2 0 1 6130 6129 6064
11942 2 2 0 1 6064 6130 6065
11943 2 2 0 1 6131 6130 6065
11944 2 2 0 1 6065 6131 6066
11945 2 2 0 1 6132 6131 6066
11946 2 2 0 1 6066 6132 6067
11947 2 2 0 1 6133 6132 6067
11948 2 2 0 1 6067 6133 6068
11949 2 2 0 1 6134 6133 6068
11950 2 2 0 1 6068 6134 6069
11951 2 2 0 1 6135 6134 6069
11952 2 2 0 1 6069 6135 6070
11953 2 2 0 1 6136 6135 6070
11954 2 2 0 1 6070 6136 6071
11955 2 2 0 1 6137 6136 6071
11956 2 2 0 1 6071 6137 6072
11957 2 2 0 1 6138 6137 6072
11958 2 2 0 1 6072 6138 6073
11959 2 2 0 1 6139 6138 6073
11960 2 2 0 1 6073 6139 6074
11961 2 2 0 1 6140 6139 6074
11962 2 2 0 1 6074 6140 6075
11963 2 2 0 1 6141 6140 6075
11964 2 2 0 1 6075 6141 6076
11965 2 2 0 1 6142 6141 6076
11966 2 2 0 1 6076 6142 6077
11967 2 2 0 1 6143 6142 6077
11968 2 2 0 1 6077 6143 6078
11969 2 2 0 1 6144 6143 6078
11970 2 2 0 1 6078 6144 6079
11971 2 2 0 1 6145 6144 6079
11972 2 2 0 1 6079 6145 6080
11973 2 2 0 1 6146 6145 6080
11974 2 2 0 1 6080 6146 6081
11975 2 2 0 1 6147 6146 6081
11976 2 2 0 1 6081 6147 6082
11977 2 2 0 1 6148 6147 6082
11978 2 2 0 1 6082 6148 6083
11979 2 2 0 1 6149 6148 6083
11980 2 2 0 1 6083 6149 6084
11981 2 2 0 1 6150 6149 6084
11982 2 2 0 1 6084 6150 6085
11983 2 2 0 1 6151 6150 6085
11984 2 2 0 1 6085 6151 6086
11985 2 2 0 1 6152 6151 6086
11986 2 2 0 1 6086 6152 6087
11987 2 2 0 1 6153 6152 6087
11988 2 2 0 1 6087 6153 6088
11989 2 2 0 1 6154 6153 6088
11990 2 2 0 1 6088 6154 6089
11991 2 2 0 1 6155 6154 6089
11992 2 2 0 1 6089 6155 6090
11993 2 2 0 1 6156 6155 6090
11994 2 2 0 1 6090 6156 6091
11995 2 2 0 1 6157 6156 6091
11996 2 2 0 1 6091 6157 6092
11997 2 2 0 1 6158 6157 6092
11998 2 2 0 1 6092 6158 6093
11999 2 2 0 1 6159 6158 6093
12000 2 2 0 1 6093 6159 6094
12001 2 2 0 1 6160 6159 6094
12002 2 2 0 1 6094 6160 6095
12003 2 2 0 1 6161 6160 6095
12004 2 2 0 1 6095 6161 6096
12005 2 2 0 1 6162 6161 6096
12006 2 2 0 1 6096 6162 6097
12007 2 2 0 1 6163 6162 6097
12008 2 2 0 1 6097 6163 6098
12009 2 2 0 1 6164 6163 6098
12010 2 2 0 1 6098 6164 6099
12011 2 2 0 1 6165 6164 6099
12012 2 2 0 1 6099 6165 6100
12013 2 2 0 1 6166 6165 6100
12014 2 2 0 1 6100 6166 6101
12015 2 2 0 1 6167 6166 6101
12016 2 2 0 1 6101 6167 6102
12017 2 2 0 1 6168 6167 6102
12018 2 2 0 1 6102 6168 6103
12019 2 2 0 1 6169 6168 6103
12020 2 2 0 1 6103 6169 6104
12021 2 2 0 1 6170 6169 6104
12022 2 2 0 1 6104 6170 6105
12023 2 2 0 1 6171 6170 6105
12024 2 2 0 1 6105 6171 6106
12025 2 2 0 1 6172 6171 6106
12026 2 2 0 1 6106 6172 6107
12027 2 2 0 1 6173 6172 6107
12028 2 2 0 1 6107 6173 6108
12029 2 2 0 1 6174 6173 6108
12030 2 2 0 1 6108 6174 6109
12031 2 2 0 1 6175 6174 6109
12032 2 2 0 1 6109 6175 6110
12033 2 2 0 1 6112 6176 6111
12034 2 2 0 1 6176 6177 6112
12035 2 2 0 1 6113 6177 6112
12036 2 2 0 1 6177 6178 6113
12037 2 2 0 1 6114 6178 6113
12038 2 2 0 1 6178 6179 6114
12039 2 2 0 1 6115 6179 6114
12040 2 2 0 1 6179 6180 6115
12041 2 2 0 1 6116 6180 6115
12042 2 2 0 1 6180 6181 6116
12043 2 2 0 1 6117 6181 6116
12044 2 2 0 1 6181 6182 6117
12045 2 2 0 1 6118 6182 6117
12046 2 2 0 1 6182 6183 6118
12047 2 2 0 1 6119 6183 6118
12048 2 2 0 1 6183 6184 6119
12049 2 2 0 1 6120 6184 6119
12050 2 2 0 1 6184 6185 6120
12051 2 2 0 1 6186 6185 6120
12052 2 2 0 1 6120 6186 6121
12053 2 2 0 1 6122 6186 6121
12054 2 2 0 1 6186 6187 6122
12055 2 2 0 1 6188 6187 6122
12056 2 2 0 1 6122 6188 6123
12057 2 2 0 1 6189 6188 6123
12058 2 2 0 1 6123 6189 6124
12059 2 2 0 1 6190 6189 6124
12060 2 2 0 1 6124 6190 6125
12061 2 2 0 1 6191 6190 6125
12062 2 2 0 1 6125 6191 6126
12063 2 2 0 1 6192 6191 6126
12064 2 2 0 1 6126 6192 6127
12065 2 2 0 1 6193 6192 6127
12066 2 2 0 1 6127 6193 6128
12067 2 2 0 1 6194 6193 6128
12068 2 2 0 1 6128 6194 6129
12069 2 2 0 1 6195 6194 6129
12070 2 2 0 1 6129 6195 6130
12071 2 2 0 1 6196 6195 6130
12072 2 2 0 1 6130 6196 6131
12073 2 2 0 1 6197 6196 6131
12074 2 2 0 1 6131 6197 6132
12075 2 2 0 1 6198 6197 6132
12076 2 2 0 1 6132 6198 6133
12077 2 2 0 1 6199 6198 6133
12078 2 2 0 1 6133 6199 6134
12079 2 2 0 1 6200 6199 6134
12080 2 2 0 1 6134 6200 6135
12081 2 2 0 1 6201 6200 6135
12082 2 2 0 1 6135 6201 6136
12083 2 2 0 1 6202 6201 6136
12084 2 2 0 1 6136 6202 6137
12085 2 2 0 1 6203 6202 6137
12086 2 2 0 1 6137 6203 6138
12087 2 2 0 1 6204 6203 6138
12088 2 2 0 1 6138 6204 6139
12089 2 2 0 1 6205 6204 6139
12090 2 2 0 1 6139 6205 6140
12091 2 2 0 1 6206 6205 6140
12092 2 2 0 1 6140 6206 6141
12093 2 2 0 1 6207 6206 6141
12094 2 2 0 1 6141 6207 6142
12095 2 2 0 1 6208 6207 6142
12096 2 2 0 1 6142 6208 6143
12097 2 2 0 1 6209 6208 6143
12098 2 2 0 1 6143 6209 6144
12099 2 2 0 1 6210 6209 6144
12100 2 2 0 1 6144 6210 6145
12101 2 2 0 1 6211 6210 6145
12102 2 2 0 1 6145 6211 6146
12103 2 2 0 1 6212 6211 6146
12104 2 2 0 1 6146 6212 6147
12105 2 2 0 1 6213 6212 6147
12106 2 2 0 1 6147 6213 6148
12107 2 2 0 1 6214 6213 6148
12108 2 2 0 1 6148 6214 6149
12109 2 2 0 1 6215 6214 6149
12110 2 2 0 1 6149 6215 6150
12111 2 2 0 1 6216 6215 6150
12112 2 2 0 1 6150 6216 6151
12113 2 2 0 1 6217 6216 6151
12114 2 2 0 1 6151 6217 6152
12115 2 2 0 1 6218 6217 6152
12116 2 2 0 1 6152 6218 6153
12117 2 2 0 1 6219 6218 6153
12118 2 2 0 1 6153 6219 6154
12119 2 2 0 1 6220 6219 6154
12120 2 2 0 1 6154 6220 6155
12121 2 2 0 1 6221 6220 6155
12122 2 2 0 1 6155 6221 6156
12123 2 2 0 1 6222 6221 6156
12124 2 2 0 1 6156 6222 6157
12125 2 2 0 1 6223 6222 6157
12126 2 2 0 1 6157 6223 6158
12127 2 2 0 1 6224 6223 6158
12128 2 2 0 1 6158 6224 6159
12129 2 2 0 1 6225 6224 6159
12130 2 2 0 1 6159 6225 6160
12131 2 2 0 1 6226 6225 6160
12132 2 2 0 1 6160 6226 6161
12133 2 2 0 1 6227 6226 6161
12134 2 2 0 1 6161 6227 6162
12135 2 2 0 1 6228 6227 6162
12136 2 2 0 1 6162 6228 6163
12137 2 2 0 1 6229 6228 6163
12138 2 2 0 1 6163 6229 6164
12139 2 2 0 1 6230 6229 6164
12140 2 2 0 1 6164 6230 6165
12141 2 2 0 1 6231 6230 6165
12142 2 2 0 1 6165 6231 6166
12143 2 2 0 1 6232 6231 6166
12144 2 2 0 1 6166 6232 6167
12145 2 2 0 1 6233 6232 6167
12146 2 2 0 1 6167 6233 6168
12147 2 2 0 1 6234 6233 6168
12148 2 2 0 1 6168 6234 6169
12149 2 2 0 1 6235 6234 6169
12150 2 2 0 1 6169 6235 6170
12151 2 2 0 1 6236 6235 6170
12152 2 2 0 1 6170 6236 6171
12153 2 2 0 1 6237 6236 6171
12154 2 2 0 1 6171 6237 6172
12155 2 2 0 1 6238 6237 6172
12156 2 2 0 1 6172 6238 6173
12157 2 2 0 1 6239 6238 6173
12158 2 2 0 1 6173 6239 6174
12159 2 2 0 1 6240 6239 6174
12160 2 2 0 1 6174 6240 6175
12161 2 2 0 1 6177 6241 6176
12162 2 2 0 1 6241 6242 6177
12163 2 2 0 1 6178 6242 6177
12164 2 2 0 1 6242 6243 6178
12165 2 2 0 1 6179 6243 6178
12166 2 2 0 1 6243 6244 6179
12167 2 2 0 1 6180 6244 6179
12168 2 2 0 1 6244 6245 6180
12169 2 2 0 1 6181 6245 6180
12170 2 2 0 1 6245 6246 6181
12171 2 2 0 1 6182 6246 6181
12172 2 2 0 1 6246 6247 6182
12173 2 2 0 1 6183 6247 6182
12174 2 2 0 1 6247 6248 6183
12175 2 2 0 1 6184 6248 6183
12176 2 2 0 1 6248 6249 6184
12177 2 2 0 1 6185 6249 6184
12178 2 2 0 1 6249 6250 6185
12179 2 2 0 1 6251 6250 6185
12180 2 2 0 1 6185 6251 6186
12181 2 2 0 1 6187 6251 6186
12182 2 2 0 1 6251 6252 6187
12183 2 2 0 1 6253 6252 6187
12184 2 2 0 1 6187 6253 6188
12185 2 2 0 1 6254 6253 6188
12186 2 2 0 1 6188 6254 6189
12187 2 2 0 1 6255 6254 6189
12188 2 2 0 1 6189 6255 6190
12189 2 2 0 1 6256 6255 6190
12190 2 2 0 1 6190 6256 6191
12191 2 2 0 1 6257 6256 6191
12192 2 2 0 1 6191 6257 6192
12193 2 2 0 1 6258 6257 6192
12194 2 2 0 1 6192 6258 6193
12195 2 2 0 1 6259 6258 6193
12196 2 2 0 1 6193 6259 6194
12197 2 2 0 1 6260 6259 6194
12198 2 2 0 1 6194 6260 6195
12199 2 2 0 1 6261 6260 6195
12200 2 2 0 1 6195 6261 6196
12201 2 2 0 1 6262 6261 6196
12202 2 2 0 1 6196 6262 6197
12203 2 2 0 1 6263 6262 6197
12204 2 2 0 1 6197 6263 6198
12205 2 2 0 1 6264 6263 6198
12206 2 2 0 1 6198 6264 6199
12207 2 2 0 1 6265 6264 6199
12208 2 2 0 1 6199 6265 6200
12209 2 2 0 1 6266 6265 6200
12210 2 2 0 1 6200 6266 6201
12211 2 2 0 1 6267 6266 6201
12212 2 2 0 1 6201 6267 6202
12213 2 2 0 1 6268 6267 6202
12214 2 2 0 1 6202 6268 6203
12215 2 2 0 1 6269 6268 6203
12216 2 2 0 1 6203 6269 6204
12217 2 2 0 1 6270 6269 6204
12218 2 2 0 1 6204 6270 6205
12219 2 2 0 1 6271 6270 6205
12220 2 2 0 1 6205 6271 6206
12221 2 2 0 1 6272 6271 6206
12222 2 2 0 1 6206 6272 6207
12223 2 2 0 1 6273 6272 6207
12224 2 2 0 1 6207 6273 6208
12225 2 2 0 1 6274 6273 6208
12226 2 2 0 1 6208 6274 6209
12227 2 2 0 1 6275 6274 6209
12228 2 2 0 1 6209 6275 6210
12229 2 2 0 1 6276 6275 6210
12230 2 2 0 1 6210 6276 6211
12231 2 2 0 1 6277 6276 6211
12232 2 2 0 1 6211 6277 6212
12233 2 2 0 1 6278 6277 6212
12234 2 2 0 1 6212 6278 6213
12235 2 2 0 1 6279 6278 6213
12236 2 2 0 1 6213 6279 6214
12237 2 2 0 1 6280 6279 6214
12238 2 2 0 1 6214 6280 6215
12239 2 2 0 1 6281 6280 6215
12240 2 2 0 1 6215 6281 6216
12241 2 2 0 1 6282 6281 6216
12242 2 2 0 1 6216 6282 6217
12243 2 2 0 1 6283 6282 6217
12244 2 2 0 1 6217 6283 6218
12245 2 2 0 1 6284 6283 6218
12246 2 2 0 1 6218 6284 6219
12247 2 2 0 1 6285 6284 6219
12248 2 2 0 1 6219 6285 6220
12249 2 2 0 1 6286 6285 6220
12250 2 2 0 1 6220 6286 6221
12251 2 2 0 1 6287 6286 6221
12252 2 2 0 1 6221 6287 6222
12253 2 2 0 1 6288 6287 6222
12254 2 2 0 1 6222 6288 6223
12255 2 2 0 1 6289 6288 6223
12256 2 2 0 1 6223 6289 6224
12257 2 2 0 1 6290 6289 6224
12258 2 2 0 1 6224 6290 6225
12259 2 2 0 1 6291 6290 6225
12260 2 2 0 1 6225 6291 6226
12261 2 2 0 1 6292 6291 6226
12262 2 2 0 1 6226 6292 6227
12263 2 2 0 1 6293 6292 6227
12264 2 2 0 1 6227 6293 6228
12265 2 2 0 1 6294 6293 6228
12266 2 2 0 1 6228 6294 6229
12267 2 2 0 1 6295 6294 6229
12268 2 2 0 1 6229 6295 6230
12269 2 2 0 1 6296 6295 6230
12270 2 2 0 1 6230 6296 6231
12271 2 2 0 1 6297 6296 6231
12272 2 2 0 1 6231 6297 6232
12273 2 2 0 1 6298 6297 6232
12274 2 2 0 1 6232 6298 6233
12275 2 2 0 1 6299 6298 6233
12276 2 2 0 1 6233 6299 6234
12277 2 2 0 1 6300 6299 6234
12278 2 2 0 1 6234 6300 6235
12279 2 2 0 1 6301 6300 6235
12280 2 2 0 1 6235 6301 6236
12281 2 2 0 1 6302 6301 6236
12282 2 2 0 1 6236 6302 6237
12283 2 2 0 1 6303 6302 6237
12284 2 2 0 1 6237 6303 6238
12285 2 2 0 1 6304 6303 6238
12286 2 2 0 1 6238 6304 6239
12287 2 2 0 1 6305 6304 6239
12288 2 2 0 1 6239 6305 6240
12289 2 2 0 1 6242 6306 6241
12290 2 2 0 1 6306 6307 6242
12291 2 2 0 1 6243 6307 6242
12292 2 2 0 1 6307 6308 6243
12293 2 2 0 1 6244 6308 6243
12294 2 2 0 1 6308 6309 6244
12295 2 2 0 1 6245 6309 6244
12296 2 2 0 1 6309 6310 6245
12297 2 2 0 1 6246 6310 6245
12298 2 2 0 1 6310 6311 6246
12299 2 2 0 1 6247 6311 6246
12300 2 2 0 1 6311 6312 6247
12301 2 2 0 1 6248 6312 6247
12302 2 2 0 1 6312 6313 6248
12303 2 2 0 1 6249 6313 6248
12304 2 2 0 1 6313 6314 6249
12305 2 2 0 1 6250 6314 6249
12306 2 2 0 1 6314 6315 6250
12307 2 2 0 1 6316 6315 6250
12308 2 2 0 1 6250 6316 6251
12309 2 2 0 1 6252 6316 6251
12310 2 2 0 1 6316 6317 6252
12311 2 2 0 1 6253 6317 6252
12312 2 2 0 1 6317 6318 6253
12313 2 2 0 1 6319 6318 6253
12314 2 2 0 1 6253 6319 6254
12315 2 2 0 1 6320 6319 6254
12316 2 2 0 1 6254 6320 6255
12317 2 2 0 1 6321 6320 6255
12318 2 2 0 1 6255 6321 6256
12319 2 2 0 1 6322 6321 6256
12320 2 2 0 1 6256 6322 6257
12321 2 2 0 1 6323 6322 6257
12322 2 2 0 1 6257 6323 6258
12323 2 2 0 1 6324 6323 6258
12324 2 2 0 1 6258 6324 6259
12325 2 2 0 1 6325 6324 6259
12326 2 2 0 1 6259 6325 6260
12327 2 2 0 1 6326 6325 6260
12328 2 2 0 1 6260 6326 6261
12329 2 2 0 1 6327 6326 6261
12330 2 2 0 1 6261 6327 6262
12331 2 2 0 1 6328 6327 6262
12332 2 2 0 1 6262 6328 6263
12333 2 2 0 1 6329 6328 6263
12334 2 2 0 1 6263 6329 6264
12335 2 2 0 1 6330 6329 6264
12336 2 2 0 1 6264 6330 6265
12337 2 2 0 1 6331 6330 6265
12338 2 2 0 1 6265 6331 6266
12339 2 2 0 1 6332 6331 6266
12340 2 2 0 1 6266 6332 6267
12341 2 2 0 1 6333 6332 6267
12342 2 2 0 1 6267 6333 6268
12343 2 2 0 1 6334 6333 6268
12344 2 2 0 1 6268 6334 6269
12345 2 2 0 1 6335 6334 6269
12346 2 2 0 1 6269 6335 6270
12347 2 2 0 1 6336 6335 6270
12348 2 2 0 1 6270 6336 6271
12349 2 2 0 1 6337 6336 6271
12350 2 2 0 1 6271 6337 6272
12351 2 2 0 1 6338 6337 6272
12352 2 2 0 1 6272 6338 6273
12353 2 2 0 1 6339 6338 6273
12354 2 2 0 1 6273 6339 6274
12355 2 2 0 1 6340 6339 6274
12356 2 2 0 1 6274 6340 6275
12357 2 2 0 1 6341 6340 6275
12358 2 2 0 1 6275 6341 6276
12359 2 2 0 1 6342 6341 6276
12360 2 2 0 1 6276 6342 6277
12361 2 2 0 1 6343 6342 6277
12362 2 2 0 1 6277 6343 6278
12363 2 2 0 1 6344 6343 6278
12364 2 2 0 1 6278 6344 6279
12365 2 2 0 1 6345 6344 6279
12366 2 2 0 1 6279 6345 6280
12367 2 2 0 1 6346 6345 6280
12368 2 2 0 1 6280 6346 6281
12369 2 2 0 1 6347 6346 6281
12370 2 2 0 1 6281 6347 6282
12371 2 2 0 1 6348 6347 6282
12372 2 2 0 1 6282 6348 6283
12373 2 2 0 1 6349 6348 6283
12374 2 2 0 1 6283 6349 6284
12375 2 2 0 1 6350 6349 6284
12376 2 2 0 1 6284 6350 6285
12377 2 2 0 1 6351 6350 6285
12378 2 2 0 1 6285 6351 6286
12379 2 2 0 1 6352 6351 6286
12380 2 2 0 1 6286 6352 6287
12381 2 2 0 1 6288 6352 6287
12382 2 2 0 1 6352 6353 6288
12383 2 2 0 1 6354 6353 6288
12384 2 2 0 1 6288 6354 6289
12385 2 2 0 1 6355 6354 6289
12386 2 2 0 1 6289 6355 6290
12387 2 2 0 1 6356 6355 6290
12388 2 2 0 1 6290 6356 6291
12389 2 2 0 1 6357 6356 6291
12390 2 2 0 1 6291 6357 6292
12391 2 2 0 1 6358 6357 6292
12392 2 2 0 1 6292 6358 6293
12393 2 2 0 1 6359 6358 6293
12394 2 2 0 1 6293 6359 6294
12395 2 2 0 1 6360 6359 6294
12396 2 2 0 1 6294 6360 6295
12397 2 2 0 1 6361 6360 6295
12398 2 2 0 1 6295 6361 6296
12399 2 2 0 1 6297 6361 6296
12400 2 2 0 1 6361 6362 6297
12401 2 2 0 1 6363 6362 6297
12402 2 2 0 1 6297 6363 6298
12403 2 2 0 1 6364 6363 6298
12404 2 2 0 1 6298 6364 6299
12405 2 2 0 1 6365 6364 6299
12406 2 2 0 1 6299 6365 6300
12407 2 2 0 1 6366 6365 6300
12408 2 2 0 1 6300 6366 6301
12409 2 2 0 1 6367 6366 6301
12410 2 2 0 1 6301 6367 6302
12411 2 2 0 1 6368 6367 6302
12412 2 2 0 1 6302 6368 6303
12413 2 2 0 1 6369 6368 6303
12414 2 2 0 1 6303 6369 6304
12415 2 2 0 1 6370 6369 6304
12416 2 2 0 1 6304 6370 6305
12417 2 2 0 1 6307 6371 6306
12418 2 2 0 1 6371 6372 6307
12419 2 2 0 1 6308 6372 6307
12420 2 2 0 1 6372 6373 6308
12421 2 2 0 1 6309 6373 6308
12422 2 2 0 1 6373 6374 6309
12423 2 2 0 1 6310 6374 6309
12424 2 2 0 1 6374 6375 6310
12425 2 2 0 1 6311 6375 6310
12426 2 2 0 1 6375 6376 6311
12427 2 2 0 1 6312 6376 6311
12428 2 2 0 1 6376 6377 6312
12429 2 2 0 1 6313 6377 6312
12430 2 2 0 1 6377 6378 6313
12431 2 2 0 1 6314 6378 6313
12432 2 2 0 1 6378 6379 6314
12433 2 2 0 1 6315 6379 6314
12434 2 2 0 1 6379 6380 6315
12435 2 2 0 1 6381 6380 6315
12436 2 2 0 1 6315 6381 6316
12437 2 2 0 1 6317 6381 6316
12438 2 2 0 1 6381 6382 6317
12439 2 2 0 1 6318 6382 6317
12440 2 2 0 1 6382 6383 6318
12441 2 2 0 1 6384 6383 6318
12442 2 2 0 1 6318 6384 6319
12443 2 2 0 1 6385 6384 6319
12444 2 2 0 1 6319 6385 6320
12445 2 2 0 1 6386 6385 6320
12446 2 2 0 1 6320 6386 6321
12447 2 2 0 1 6322 6386 6321
12448 2 2 0 1 6386 6387 6322
12449 2 2 0 1 6388 6387 6322
12450 2 2 0 1 6322 6388 6323
12451 2 2 0 1 6389 6388 6323
12452 2 2 0 1 6323 6389 6324
12453 2 2 0 1 6390 6389 6324
12454 2 2 0 1 6324 6390 6325
12455 2 2 0 1 6391 6390 6325
12456 2 2 0 1 6325 6391 6326
12457 2 2 0 1 6392 6391 6326
12458 2 2 0 1 6326 6392 6327
12459 2 2 0 1 6393 6392 6327
12460 2 2 0 1 6327 6393 6328
12461 2 2 0 1 6394 6393 6328
12462 2 2 0 1 6328 6394 6329
12463 2 2 0 1 6330 6394 6329
12464 2 2 0 1 6394 6395 6330
12465 2 2 0 1 6396 6395 6330
12466 2 2 0 1 6330 6396 6331
12467 2 2 0 1 6397 6396 6331
12468 2 2 0 1 6331 6397 6332
12469 2 2 0 1 6398 6397 6332
12470 2 2 0 1 6332 6398 6333
12471 2 2 0 1 6399 6398 6333
12472 2 2 0 1 6333 6399 6334
12473 2 2 0 1 6400 6399 6334
12474 2 2 0 1 6334 6400 6335
12475 2 2 0 1 6401 6400 6335
12476 2 2 0 1 6335 6401 6336
12477 2 2 0 1 6402 6401 6336
12478 2 2 0 1 6336 6402 6337
12479 2 2 0 1 6403 6402 6337
12480 2 2 0 1 6337 6403 6338
12481 2 2 0 1 6404 6403 6338
12482 2 2 0 1 6338 6404 6339
12483 2 2 0 1 6405 6404 6339
12484 2 2 0 1 6339 6405 6340
12485 2 2 0 1 6341 6405 6340
12486 2 2 0 1 6405 6406 6341
12487 2 2 0 1 6407 6406 6341
12488 2 2 0 1 6341 6407 6342
12489 2 2 0 1 6408 6407 6342
12490 2 2 0 1 6342 6408 6343
12491 2 2 0 1 6409 6408 6343
12492 2 2 0 1 6343 6409 6344
12493 2 2 0 1 6410 6409 6344
12494 2 2 0 1 6344 6410 6345
12495 2 2 0 1 6346 6410 6345
12496 2 2 0 1 6410 6411 6346
12497 2 2 0 1 6412 6411 6346
12498 2 2 0 1 6346 6412 6347
12499 2 2 0 1 6413 6412 6347
12500 2 2 0 1 6347 6413 6348
12501 2 2 0 1 6414 6413 6348
12502 2 2 0 1 6348 6414 6349
12503 2 2 0 1 6415 6414 6349
12504 2 2 0 1 6349 6415 6350
12505 2 2 0 1 6416 6415 6350
12506 2 2 0 1 6350 6416 6351
12507 2 2 0 1 6417 6416 6351
12508 2 2 0 1 6351 6417 6352
12509 2 2 0 1 6353 6417 6352
12510 2 2 0 1 6417 6418 6353
12511 2 2 0 1 6354 6418 6353
12512 2 2 0 1 6418 6419 6354
12513 2 2 0 1 6420 6419 6354
12514 2 2 0 1 6354 6420 6355
12515 2 2 0 1 6421 6420 6355
12516 2 2 0 1 6355 6421 6356
12517 2 2 0 1 6422 6421 6356
12518 2 2 0 1 6356 6422 6357
12519 2 2 0 1 6423 6422 6357
12520 2 2 0 1 6357 6423 6358
12521 2 2 0 1 6424 6423 6358
12522 2 2 0 1 6358 6424 6359
12523 2 2 0 1 6360 6424 6359
12524 2 2 0 1 6424 6425 6360
12525 2 2 0 1 6361 6425 6360
12526 2 2 0 1 6425 6426 6361
12527 2 2 0 1 6362 6426 6361
12528 2 2 0 1 6426 6427 6362
12529 2 2 0 1 6428 6427 6362
12530 2 2 0 1 6362 6428 6363
12531 2 2 0 1 6429 6428 6363
12532 2 2 0 1 6363 6429 6364
12533 2 2 0 1 6430 6429 6364
12534 2 2 0 1 6364 6430 6365
12535 2 2 0 1 6366 6430 6365
12536 2 2 0 1 6430 6431 6366
12537 2 2 0 1 6432 6431 6366
12538 2 2 0 1 6366 6432 6367
12539 2 2 0 1 6433 6432 6367
12540 2 2 0 1 6367 6433 6368
12541 2 2 0 1 6434 6433 6368
12542 2 2 0 1 6368 6434 6369
12543 2 2 0 1 6435 6434 6369
12544 2 2 0 1 6369 6435 6370
12545 2 2 0 1 6372 6436 6371
12546 2 2 0 1 6436 6437 6372
12547 2 2 0 1 6373 6437 6372
12548 2 2 0 1 6437 6438 6373
12549 2 2 0 1 6374 6438 6373
12550 2 2 0 1 6438 6439 6374
12551 2 2 0 1 6375 6439 6374
12552 2 2 0 1 6439 6440 6375
12553 2 2 0 1 6376 6440 6375
12554 2 2 0 1 6440 6441 6376
12555 2 2 0 1 6377 6441 6376
12556 2 2 0 1 6441 6442 6377
12557 2 2 0 1 6378 6442 6377
12558 2 2 0 1 6442 6443 6378
12559 2 2 0 1 6379 6443 6378
12560 2 2 0 1 6443 6444 6379
12561 2 2 0 1 6380 6444 6379
12562 2 2 0 1 6444 6445 6380
12563 2 2 0 1 6446 6445 6380
12564 2 2 0 1 6380 6446 6381
12565 2 2 0 1 6382 6446 6381
12566 2 2 0 1 6446 6447 6382
12567 2 2 0 1 6383 6447 6382
12568 2 2 0 1 6447 6448 6383
12569 2 2 0 1 6384 6448 6383
12570 2 2 0 1 6448 6449 6384
12571 2 2 0 1 6450 6449 6384
12572 2 2 0 1 6384 6450 6385
12573 2 2 0 1 6451 6450 6385
12574 2 2 0 1 6385 6451 6386
12575 2 2 0 1 6387 6451 6386
12576 2 2 0 1 6451 6452 6387
12577 2 2 0 1 6453 6452 6387
12578 2 2 0 1 6387 6453 6388
12579 2 2 0 1 6454 6453 6388
12580 2 2 0 1 6388 6454 6389
12581 2 2 0 1 6455 6454 6389
12582 2 2 0 1 6389 6455 6390
12583 2 2 0 1 6456 6455 6390
12584 2 2 0 1 6390 6456 6391
12585 2 2 0 1 6392 6456 6391
12586 2 2 0 1 6456 6457 6392
12587 2 2 0 1 6458 6457 6392
12588 2 2 0 1 6392 6458 6393
12589 2 2 0 1 6459 6458 6393
12590 2 2 0 1 6393 6459 6394
12591 2 2 0 1 6395 6459 6394
12592 2 2 0 1 6459 6460 6395
12593 2 2 0 1 6461 6460 6395
12594 2 2 0 1 6395 6461 6396
12595 2 2 0 1 6462 6461 6396
12596 2 2 0 1 6396 6462 6397
12597 2 2 0 1 6463 6462 6397
12598 2 2 0 1 6397 6463 6398
12599 2 2 0 1 6464 6463 6398
12600 2 2 0 1 6398 6464 6399
12601 2 2 0 1 6400 6464 6399
12602 2 2 0 1 6464 6465 6400
12603 2 2 0 1 6466 6465 6400
12604 2 2 0 1 6400 6466 6401
12605 2 2 0 1 6467 6466 6401
12606 2 2 0 1 6401 6467 6402
12607 2 2 0 1 6468 6467 6402
12608 2 2 0 1 6402 6468 6403
12609 2 2 0 1 6404 6468 6403
12610 2 2 0 1 6468 6469 6404
12611 2 2 0 1 6470 6469 6404
12612 2 2 0 1 6404 6470 6405
12613 2 2 0 1 6406 6470 6405
12614 2 2 0 1 6470 6471 6406
12615 2 2 0 1 6472 6471 6406
12616 2 2 0 1 6406 6472 6407
12617 2 2 0 1 6473 6472 6407
12618 2 2 0 1 6407 6473 6408
12619 2 2 0 1 6474 6473 6408
12620 2 2 0 1 6408 6474 6409
12621 2 2 0 1 6475 6474 6409
12622 2 2 0 1 6409 6475 6410
12623 2 2 0 1 6411 6475 6410
12624 2 2 0 1 6475 6476 6411
12625 2 2 0 1 6477 6476 6411
12626 2 2 0 1 6411 6477 6412
12627 2 2 0 1 6413 6477 6412
12628 2 2 0 1 6477 6478 6413
12629 2 2 0 1 6479 6478 6413
12630 2 2 0 1 6413 6479 6414
12631 2 2 0 1 6480 6479 6414
12632 2 2 0 1 6414 6480 6415
12633 2 2 0 1 6416 6480 6415
12634 2 2 0 1 6480 6481 6416
12635 2 2 0 1 6482 6481 6416
12636 2 2 0 1 6416 6482 6417
12637 2 2 0 1 6418 6482 6417
12638 2 2 0 1 6482 6483 6418
12639 2 2 0 1 6419 6483 6418
12640 2 2 0 1 6483 6484 6419
12641 2 2 0 1 6485 6484 6419
12642 2 2 0 1 6419 6485 6420
12643 2 2 0 1 6486 6485 6420
12644 2 2 0 1 6420 6486 6421
12645 2 2 0 1 6422 6486 6421
12646 2 2 0 1 6486 6487 6422
12647 2 2 0 1 6488 6487 6422
12648 2 2 0 1 6422 6488 6423
12649 2 2 0 1 6489 6488 6423
12650 2 2 0 1 6423 6489 6424
12651 2 2 0 1 6425 6489 6424
12652 2 2 0 1 6489 6490 6425
12653 2 2 0 1 6426 6490 6425
12654 2 2 0 1 6490 6491 6426
12655 2 2 0 1 6427 6491 6426
12656 2 2 0 1 6491 6492 6427
12657 2 2 0 1 6493 6492 6427
12658 2 2 0 1 6427 6493 6428
12659 2 2 0 1 6494 6493 6428
12660 2 2 0 1 6428 6494 6429
12661 2 2 0 1 6430 6494 6429
12662 2 2 0 1 6494 6495 6430
12663 2 2 0 1 6431 6495 6430
12664 2 2 0 1 6495 6496 6431
12665 2 2 0 1 6497 6496 6431
12666 2 2 0 1 6431 6497 6432
12667 2 2 0 1 6498 6497 6432
12668 2 2 0 1 6432 6498 6433
12669 2 2 0 1 6499 6498 6433
12670 2 2 0 1 6433 6499 6434
12671 2 2 0 1 6500 6499 6434
12672 2 2 0 1 6434 6500 6435
12673 2 2 0 1 6437 6501 6436
12674 2 2 0 1 6501 6502 6437
12675 2 2 0 1 6438 6502 6437
12676 2 2 0 1 6502 6503 6438
12677 2 2 0 1 6439 6503 6438
12678 2 2 0 1 6503 6504 6439
12679 2 2 0 1 6440 6504 6439
12680 2 2 0 1 6504 6505 6440
12681 2 2 0 1 6441 6505 6440
12682 2 2 0 1 6505 6506 6441
12683 2 2 0 1 6442 6506 6441
12684 2 2 0 1 6506 6507 6442
12685 2 2 0 1 6443 6507 6442
12686 2 2 0 1 6507 6508 6443
12687 2 2 0 1 6444 6508 6443
12688 2 2 0 1 6508 6509 6444
12689 2 2 0 1 6445 6509 6444
12690 2 2 0 1 6509 6510 6445
12691 2 2 0 1 6511 6510 6445
12692 2 2 0 1 6445 6511 6446
12693 2 2 0 1 6447 6511 6446
12694 2 2 0 1 6511 6512 6447
12695 2 2 0 1 6448 6512 6447
12696 2 2 0 1 6512 6513 6448
12697 2 2 0 1 6449 6513 6448
12698 2 2 0 1 6513 6514 6449
12699 2 2 0 1 6515 6514 6449
12700 2 2 0 1 6449 6515 6450
12701 2 2 0 1 6451 6515 6450
12702 2 2 0 1 6515 6516 6451
12703 2 2 0 1 6452 6516 6451
12704 2 2 0 1 6516 6517 6452
12705 2 2 0 1 6518 6517 6452
12706 2 2 0 1 6452 6518 6453
12707 2 2 0 1 6519 6518 6453
12708 2 2 0 1 6453 6519 6454
12709 2 2 0 1 6520 6519 6454
12710 2 2 0 1 6454 6520 6455
12711 2 2 0 1 6521 6520 6455
12712 2 2 0 1 6455 6521 6456
12713 2 2 0 1 6457 6521 6456
12714 2 2 0 1 6521 6522 6457
12715 2 2 0 1 6458 6522 6457
12716 2 2 0 1 6522 6523 6458
12717 2 2 0 1 6459 6523 6458
12718 2 2 0 1 6523 6524 6459
12719 2 2 0 1 6460 6524 6459
12720 2 2 0 1 6524 6525 6460
12721 2 2 0 1 6526 6525 6460
12722 2 2 0 1 6460 6526 6461
12723 2 2 0 1 6462 6526 6461
12724 2 2 0 1 6526 6527 6462
12725 2 2 0 1 6463 6527 6462
12726 2 2 0 1 6527 6528 6463
12727 2 2 0 1 6464 6528 6463
12728 2 2 0 1 6528 6529 6464
12729 2 2 0 1 6465 6529 6464
12730 2 2 0 1 6529 6530 6465
12731 2 2 0 1 6531 6530 6465
12732 2 2 0 1 6465 6531 6466
12733 2 2 0 1 6532 6531 6466
12734 2 2 0 1 6466 6532 6467
12735 2 2 0 1 6533 6532 6467
12736 2 2 0 1 6467 6533 6468
12737 2 2 0 1 6469 6533 6468
12738 2 2 0 1 6533 6534 6469
12739 2 2 0 1 6535 6534 6469
12740 2 2 0 1 6469 6535 6470
12741 2 2 0 1 6471 6535 6470
12742 2 2 0 1 6535 6536 6471
12743 2 2 0 1 6472 6536 6471
12744 2 2 0 1 6536 6537 6472
12745 2 2 0 1 6538 6537 6472
12746 2 2 0 1 6472 6538 6473
12747 2 2 0 1 6474 6538 6473
12748 2 2 0 1 6538 6539 6474
12749 2 2 0 1 6540 6539 6474
12750 2 2 0 1 6474 6540 6475
12751 2 2 0 1 6476 6540 6475
12752 2 2 0 1 6540 6541 6476
12753 2 2 0 1 6542 6541 6476
12754 2 2 0 1 6476 6542 6477
12755 2 2 0 1 6478 6542 6477
12756 2 2 0 1 6542 6543 6478
12757 2 2 0 1 6544 6543 6478
12758 2 2 0 1 6478 6544 6479
12759 2 2 0 1 6480 6544 6479
12760 2 2 0 1 6544 6545 6480
12761 2 2 0 1 6481 6545 6480
12762 2 2 0 1 6545 6546 6481
12763 2 2 0 1 6547 6546 6481
12764 2 2 0 1 6481 6547 6482
12765 2 2 0 1 6483 6547 6482
12766 2 2 0 1 6547 6548 6483
12767 2 2 0 1 6484 6548 6483
12768 2 2 0 1 6548 6549 6484
12769 2 2 0 1 6550 6549 6484
12770 2 2 0 1 6484 6550 6485
12771 2 2 0 1 6551 6550 6485
12772 2 2 0 1 6485 6551 6486
12773 2 2 0 1 6487 6551 6486
12774 2 2 0 1 6551 6552 6487
12775 2 2 0 1 6488 6552 6487
12776 2 2 0 1 6552 6553 6488
12777 2 2 0 1 6554 6553 6488
12778 2 2 0 1 6488 6554 6489
12779 2 2 0 1 6490 6554 6489
12780 2 2 0 1 6554 6555 6490
12781 2 2 0 1 6491 6555 6490
12782 2 2 0 1 6555 6556 6491
12783 2 2 0 1 6492 6556 6491
12784 2 2 0 1 6556 6557 6492
12785 2 2 0 1 6558 6557 6492
12786 2 2 0 1 6492 6558 6493
12787 2 2 0 1 6559 6558 6493
12788 2 2 0 1 6493 6559 6494
12789 2 2 0 1 6495 6559 6494
12790 2 2 0 1 6559 6560 6495
12791 2 2 0 1 6496 6560 6495
12792 2 2 0 1 6560 6561 6496
12793 2 2 0 1 6497 6561 6496
12794 2 2 0 1 6561 6562 6497
12795 2 2 0 1 6563 6562 6497
12796 2 2 0 1 6497 6563 6498
12797 2 2 0 1 6564 6563 6498
12798 2 2 0 1 6498 6564 6499
12799 2 2 0 1 6565 6564 6499
12800 2 2 0 1 6499 6565 6500
12801 2 2 0 1 6502 6566 6501
12802 2 2 0 1 6566 6567 6502
12803 2 2 0 1 6503 6567 6502
12804 2 2 0 1 6567 6568 6503
12805 2 2 0 1 6504 6568 6503
12806 2 2 0 1 6568 6569 6504
12807 2 2 0 1 6505 6569 6504
12808 2 2 0 1 6569 6570 6505
12809 2 2 0 1 6506 6570 6505
12810 2 2 0 1 6570 6571 6506
12811 2 2 0 1 6507 6571 6506
12812 2 2 0 1 6571 6572 6507
12813 2 2 0 1 6508 6572 6507
12814 2 2 0 1 6572 6573 6508
12815 2 2 0 1 6509 6573 6508
12816 2 2 0 1 6573 6574 6509
12817 2 2 0 1 6510 6574 6509
12818 2 2 0 1 6574 6575 6510
12819 2 2 0 1 6576 6575 6510
12820 2 2 0 1 6510 6576 6511
12821 2 2 0 1 6512 6576 6511
12822 2 2 0 1 6576 6577 6512
12823 2 2 0 1 6513 6577 6512
12824 2 2 0 1 6577 6578 6513
12825 2 2 0 1 6514 6578 6513
12826 2 2 0 1 6578 6579 6514
12827 2 2 0 1 6580 6579 6514
12828 2 2 0 1 6514 6580 6515
12829 2 2 0 1 6516 6580 6515
12830 2 2 0 1 6580 6581 6516
12831 2 2 0 1 6517 6581 6516
12832 2 2 0 1 6581 6582 6517
12833 2 2 0 1 6518 6582 6517
12834 2 2 0 1 6582 6583 6518
12835 2 2 0 1 6584 6583 6518
12836 2 2 0 1 6518 6584 6519
12837 2 2 0 1 6585 6584 6519
12838 2 2 0 1 6519 6585 6520
12839 2 2 0 1 6586 6585 6520
12840 2 2 0 1 6520 6586 6521
12841 2 2 0 1 6522 6586 6521
12842 2 2 0 1 6586 6587 6522
12843 2 2 0 1 6523 6587 6522
12844 2 2 0 1 6587 6588 6523
12845 2 2 0 1 6524 6588 6523
12846 2 2 0 1 6588 6589 6524
12847 2 2 0 1 6525 6589 6524
12848 2 2 0 1 6589 6590 6525
12849 2 2 0 1 6591 6590 6525
12850 2 2 0 1 6525 6591 6526
12851 2 2 0 1 6527 6591 6526
12852 2 2 0 1 6591 6592 6527
12853 2 2 0 1 6528 6592 6527
12854 2 2 0 1 6592 6593 6528
12855 2 2 0 1 6529 6593 6528
12856 2 2 0 1 6593 6594 6529
12857 2 2 0 1 6530 6594 6529
12858 2 2 0 1 6594 6595 6530
12859 2 2 0 1 6531 6595 6530
12860 2 2 0 1 6595 6596 6531
12861 2 2 0 1 6597 6596 6531
12862 2 2 0 1 6531 6597 6532
12863 2 2 0 1 6598 6597 6532
12864 2 2 0 1 6532 6598 6533
12865 2 2 0 1 6534 6598 6533
12866 2 2 0 1 6598 6599 6534
12867 2 2 0 1 6535 6599 6534
12868 2 2 0 1 6599 6600 6535
12869 2 2 0 1 6536 6600 6535
12870 2 2 0 1 6600 6601 6536
12871 2 2 0 1 6537 6601 6536
12872 2 2 0 1 6601 6602 6537
12873 2 2 0 1 6603 6602 6537
12874 2 2 0 1 6537 6603 6538
12875 2 2 0 1 6539 6603 6538
12876 2 2 0 1 6603 6604 6539
12877 2 2 0 1 6540 6604 6539
12878 2 2 0 1 6604 6605 6540
12879 2 2 0 1 6541 6605 6540
12880 2 2 0 1 6605 6606 6541
12881 2 2 0 1 6542 6606 6541
12882 2 2 0 1 6606 6607 6542
12883 2 2 0 1 6543 6607 6542
12884 2 2 0 1 6607 6608 6543
12885 2 2 0 1 6609 6608 6543
12886 2 2 0 1 6543 6609 6544
12887 2 2 0 1 6545 6609 6544
12888 2 2 0 1 6609 6610 6545
12889 2 2 0 1 6546 6610 6545
12890 2 2 0 1 6610 6611 6546
12891 2 2 0 1 6547 6611 6546
12892 2 2 0 1 6611 6612 6547
12893 2 2 0 1 6548 6612 6547
12894 2 2 0 1 6612 6613 6548
12895 2 2 0 1 6549 6613 6548
12896 2 2 0 1 6613 6614 6549
12897 2 2 0 1 6550 6614 6549
12898 2 2 0 1 6614 6615 6550
12899 2 2 0 1 6616 6615 6550
12900 2 2 0 1 6550 6616 6551
12901 2 2 0 1 6552 6616 6551
12902 2 2 0 1 6616 6617 6552
12903 2 2 0 1 6553 6617 6552
12904 2 2 0 1 6617 6618 6553
12905 2 2 0 1 6619 6618 6553
12906 2 2 0 1 6553 6619 6554
12907 2 2 0 1 6555 6619 6554
12908 2 2 0 1 6619 6620 6555
12909 2 2 0 1 6556 6620 6555
12910 2 2 0 1 6620 6621 6556
12911 2 2 0 1 6557 6621 6556
12912 2 2 0 1 6621 6622 6557
12913 2 2 0 1 6558 6622 6557
12914 2 2 0 1 6622 6623 6558
12915 2 2 0 1 6624 6623 6558
12916 2 2 0 1 6558 6624 6559
12917 2 2 0 1 6560 6624 6559
12918 2 2 0 1 6624 6625 6560
12919 2 2 0 1 6561 6625 6560
12920 2 2 0 1 6625 6626 6561
12921 2 2 0 1 6562 6626 6561
12922 2 2 0 1 6626 6627 6562
12923 2 2 0 1 6628 6627 6562
12924 2 2 0 1 6562 6628 6563
12925 2 2 0 1 6629 6628 6563
12926 2 2 0 1 6563 6629 6564
12927 2 2 0 1 6630 6629 6564
12928 2 2 0 1 6564 6630 6565
12929 2 2 0 1 6567 6631 6566
12930 2 2 0 1 6631 6632 6567
12931 2 2 0 1 6568 6632 6567
12932 2 2 0 1 6632 6633 6568
12933 2 2 0 1 6569 6633 6568
12934 2 2 0 1 6633 6634 6569
12935 2 2 0 1 6570 6634 6569
12936 2 2 0 1 6634 6635 6570
12937 2 2 0 1 6571 6635 6570
12938 2 2 0 1 6635 6636 6571
12939 2 2 0 1 6572 6636 6571
12940 2 2 0 1 6636 6637 6572
12941 2 2 0 1 6573 6637 6572
12942 2 2 0 1 6637 6638 6573
12943 2 2 0 1 6574 6638 6573
12944 2 2 0 1 6638 6639 6574
12945 2 2 0 1 6575 6639 6574
12946 2 2 0 1 6639 6640 6575
12947 2 2 0 1 6576 6640 6575
12948 2 2 0 1 6640 6641 6576
12949 2 2 0 1 6577 6641 6576
12950 2 2 0 1 6641 6642 6577
12951 2 2 0 1 6578 6642 6577
12952 2 2 0 1 6642 6643 6578
12953 2 2 0 1 6579 6643 6578
12954 2 2 0 1 6643 6644 6579
12955 2 2 0 1 6580 6644 6579
12956 2 2 0 1 6644 6645 6580
12957 2 2 0 1 6581 6645 6580
12958 2 2 0 1 6645 6646 6581
12959 2 2 0 1 6582 6646 6581
12960 2 2 0 1 6646 6647 6582
12961 2 2 0 1 6583 6647 6582
12962 2 2 0 1 6647 6648 6583
12963 2 2 0 1 6584 6648 6583
12964 2 2 0 1 6648 6649 6584
12965 2 2 0 1 6650 6649 6584
12966 2 2 0 1 6584 6650 6585
12967 2 2 0 1 6651 6650 6585
12968 2 2 0 1 6585 6651 6586
12969 2 2 0 1 6587 6651 6586
12970 2 2 0 1 6651 6652 6587
12971 2 2 0 1 6588 6652 6587
12972 2 2 0 1 6652 6653 6588
12973 2 2 0 1 6589 6653 6588
12974 2 2 0 1 6653 6654 6589
12975 2 2 0 1 6590 6654 6589
12976 2 2 0 1 6654 6655 6590
12977 2 2 0 1 6656 6655 6590
12978 2 2 0 1 6590 6656 6591
12979 2 2 0 1 6592 6656 6591
12980 2 2 0 1 6656 6657 6592
12981 2 2 0 1 6593 6657 6592
12982 2 2 0 1 6657 6658 6593
12983 2 2 0 1 6594 6658 6593
12984 2 2 0 1 6658 6659 6594
12985 2 2 0 1 6595 6659 6594
12986 2 2 0 1 6659 6660 6595
12987 2 2 0 1 6596 6660 6595
12988 2 2 0 1 6660 6661 6596
12989 2 2 0 1 6597 6661 6596
12990 2 2 0 1 6661 6662 6597
12991 2 2 0 1 6663 6662 6597
12992 2 2 0 1 6597 6663 6598
12993 2 2 0 1 6599 6663 6598
12994 2 2 0 1 6663 6664 6599
12995 2 2 0 1 6600 6664 6599
12996 2 2 0 1 6664 6665 6600
12997 2 2 0 1 6601 6665 6600
12998 2 2 0 1 6665 6666 6601
12999 2 2 0 1 6602 6666 6601
13000 2 2 0 1 6666 6667 6602
13001 2 2 0 1 6668 6667 6602
13002 2 2 0 1 6602 6668 6603
13003 2 2 0 1 6604 6668 6603
13004 2 2 0 1 6668 6669 6604
13005 2 2 0 1 6605 6669 6604
13006 2 2 0 1 6669 6670 6605
13007 2 2 0 1 6606 6670 6605
13008 2 2 0 1 6670 6671 6606
13009 2 2 0 1 6607 6671 6606
13010 2 2 0 1 6671 6672 6607
13011 2 2 0 1 6608 6672 6607
13012 2 2 0 1 6672 6673 6608
13013 2 2 0 1 6674 6673 6608
13014 2 2 0 1 6608 6674 6609
13015 2 2 0 1 6610 6674 6609
13016 2 2 0 1 6674 6675 6610
13017 2 2 0 1 6611 6675 6610
13018 2 2 0 1 6675 6676 6611
13019 2 2 0 1 6612 6676 6611
13020 2 2 0 1 6676 6677 6612
13021 2 2 0 1 6613 6677 6612
13022 2 2 0 1 6677 6678 6613
13023 2 2 0 1 6614 6678 6613
13024 2 2 0 1 6678 6679 6614
13025 2 2 0 1 6615 6679 6614
13026 2 2 0 1 6679 6680 6615
13027 2 2 0 1 6681 6680 6615
13028 2 2 0 1 6615 6681 6616
13029 2 2 0 1 6617 6681 6616
13030 2 2 0 1 6681 6682 6617
13031 2 2 0 1 6618 6682 6617
13032 2 2 0 1 6682 6683 6618
13033 2 2 0 1 6684 6683 6618
13034 2 2 0 1 6618 6684 6619
13035 2 2 0 1 6620 6684 6619
13036 2 2 0 1 6684 6685 6620
13037 2 2 0 1 6621 6685 6620
13038 2 2 0 1 6685 6686 6621
13039 2 2 0 1 6622 6686 6621
13040 2 2 0 1 6686 6687 6622
13041 2 2 0 1 6623 6687 6622
13042 2 2 0 1 6687 6688 6623
13043 2 2 0 1 6624 6688 6623
13044 2 2 0 1 6688 6689 6624
13045 2 2 0 1 6625 6689 6624
13046 2 2 0 1 6689 6690 6625
13047 2 2 0 1 6626 6690 6625
13048 2 2 0 1 6690 6691 6626
13049 2 2 0 1 6627 6691 6626
13050 2 2 0 1 6691 6692 6627
13051 2 2 0 1 6693 6692 6627
13052 2 2 0 1 6627 6693 6628
13053 2 2 0 1 6694 6693 6628
13054 2 2 0 1 6628 6694 6629
13055 2 2 0 1 6695 6694 6629
13056 2 2 0 1 6629 6695 6630
13057 2 2 0 1 6632 6696 6631
13058 2 2 0 1 6696 6697 6632
13059 2 2 0 1 6633 6697 6632
13060 2 2 0 1 6697 6698 6633
13061 2 2 0 1 6634 6698 6633
13062 2 2 0 1 6698 6699 6634
13063 2 2 0 1 6635 6699 6634
13064 2 2 0 1 6699 6700 6635
13065 2 2 0 1 6636 6700 6635
13066 2 2 0 1 6700 6701 6636
13067 2 2 0 1 6637 6701 6636
13068 2 2 0 1 6701 6702 6637
13069 2 2 0 1 6638 6702 6637
13070 2 2 0 1 6702 6703 6638
13071 2 2 0 1 6639 6703 6638
13072 2 2 0 1 6703 6704 6639
13073 2 2 0 1 6640 6704 6639
13074 2 2 0 1 6704 6705 6640
13075 2 2 0 1 6641 6705 6640
13076 2 2 0 1 6705 6706 6641
13077 2 2 0 1 6642 6706 6641
13078 2 2 0 1 6706 6707 6642
13079 2 2 0 1 6643 6707 6642
13080 2 2 0 1 6707 6708 6643
13081 2 2 0 1 6644 6708 6643
13082 2 2 0 1 6708 6709 6644
13083 2 2 0 1 6645 6709 6644
13084 2 2 0 1 6709 6710 6645
13085 2 2 0 1 6646 6710 6645
13086 2 2 0 1 6710 6711 6646
13087 2 2 0 1 6647 6711 6646
13088 2 2 0 1 6711 6712 6647
13089 2 2 0 1 6648 6712 6647
13090 2 2 0 1 6712 6713 6648
13091 2 2 0 1 6649 6713 6648
13092 2 2 0 1 6713 6714 6649
13093 2 2 0 1 6650 6714 6649
13094 2 2 0 1 6714 6715 6650
13095 2 2 0 1 6651 6715 6650
13096 2 2 0 1 6715 6716 6651
13097 2 2 0 1 6652 6716 6651
13098 2 2 0 1 6716 6717 6652
13099 2 2 0 1 6653 6717 6652
13100 2 2 0 1 6717 6718 6653
13101 2 2 0 1 6654 6718 6653
13102 2 2 0 1 6718 6719 6654
13103 2 2 0 1 6655 6719 6654
13104 2 2 0 1 6719 6720 6655
13105 2 2 0 1 6721 6720 6655
13106 2 2 0 1 6655 6721 6656
13107 2 2 0 1 6657 6721 6656
13108 2 2 0 1 6721 6722 6657
13109 2 2 0 1 6658 6722 6657
13110 2 2 0 1 6722 6723 6658
13111 2 2 0 1 6659 6723 6658
13112 2 2 0 1 6723 6724 6659
13113 2 2 0 1 6660 6724 6659
13114 2 2 0 1 6724 6725 6660
13115 2 2 0 1 6661 6725 6660
13116 2 2 0 1 6725 6726 6661
13117 2 2 0 1 6662 6726 6661
13118 2 2 0 1 6726 6727 6662
13119 2 2 0 1 6663 6727 6662
13120 2 2 0 1 6727 6728 6663
13121 2 2 0 1 6664 6728 6663
13122 2 2 0 1 6728 6729 6664
13123 2 2 0 1 6665 6729 6664
13124 2 2 0 1 6729 6730 6665
13125 2 2 0 1 6666 6730 6665
13126 2 2 0 1 6730 6731 6666
13127 2 2 0 1 6667 6731 6666
13128 2 2 0 1 6731 6732 6667
13129 2 2 0 1 6733 6732 6667
13130 2 2 0 1 6667 6733 6668
13131 2 2 0 1 6669 6733 6668
13132 2 2 0 1 6733 6734 6669
13133 2 2 0 1 6670 6734 6669
13134 2 2 0 1 6734 6735 6670
13135 2 2 0 1 6671 6735 6670
13136 2 2 0 1 6735 6736 6671
13137 2 2 0 1 6672 6736 6671
13138 2 2 0 1 6736 6737 6672
13139 2 2 0 1 6673 6737 6672
13140 2 2 0 1 6737 6738 6673
13141 2 2 0 1 6739 6738 6673
13142 2 2 0 1 6673 6739 6674
13143 2 2 0 1 6675 6739 6674
13144 2 2 0 1 6739 6740 6675
13145 2 2 0 1 6676 6740 6675
13146 2 2 0 1 6740 6741 6676
13147 2 2 0 1 6677 6741 6676
13148 2 2 0 1 6741 6742 6677
13149 2 2 0 1 6678 6742 6677
13150 2 2 0 1 6742 6743 6678
13151 2 2 0 1 6679 6743 6678
13152 2 2 0 1 6743 6744 6679
13153 2 2 0 1 6680 6744 6679
13154 2 2 0 1 6744 6745 6680
13155 2 2 0 1 6746 6745 6680
13156 2 2 0 1 6680 6746 6681
13157 2 2 0 1 6682 6746 6681
13158 2 2 0 1 6746 6747 6682
13159 2 2 0 1 6683 6747 6682
13160 2 2 0 1 6747 6748 6683
13161 2 2 0 1 6684 6748 6683
13162 2 2 0 1 6748 6749 6684
13163 2 2 0 1 6685 6749 6684
13164 2 2 0 1 6749 6750 6685
13165 2 2 0 1 6686 6750 6685
13166 2 2 0 1 6750 6751 6686
13167 2 2 0 1 6687 6751 6686
13168 2 2 0 1 6751 6752 6687
13169 2 2 0 1 6688 6752 6687
13170 2 2 0 1 6752 6753 6688
13171 2 2 0 1 6689 6753 6688
13172 2 2 0 1 6753 6754 6689
13173 2 2 0 1 6690 6754 6689
13174 2 2 0 1 6754 6755 6690
13175 2 2 0 1 6691 6755 6690
13176 2 2 0 1 6755 6756 6691
13177 2 2 0 1 6692 6756 6691
13178 2 2 0 1 6756 6757 6692
13179 2 2 0 1 6758 6757 6692
13180 2 2 0 1 6692 6758 6693
13181 2 2 0 1 6759 6758 6693
13182 2 2 0 1 6693 6759 6694
13183 2 2 0 1 6760 6759 6694
13184 2 2 0 1 6694 6760 6695
13185 2 2 0 1 6697 6761 6696
13186 2 2 0 1 6761 6762 6697
13187 2 2 0 1 6698 6762 6697
13188 2 2 0 1 6762 6763 6698
13189 2 2 0 1 6699 6763 6698
13190 2 2 0 1 6763 6764 6699
13191 2 2 0 1 6700 6764 6699
13192 2 2 0 1 6764 6765 6700
13193 2 2 0 1 6701 6765 6700
13194 2 2 0 1 6765 6766 6701
13195 2 2 0 1 6702 6766 6701
13196 2 2 0 1 6766 6767 6702
13197 2 2 0 1 6703 6767 6702
13198 2 2 0 1 6767 6768 6703
13199 2 2 0 1 6704 6768 6703
13200 2 2 0 1 6768 6769 6704
13201 2 2 0 1 6705 6769 6704
13202 2 2 0 1 6769 6770 6705
13203 2 2 0 1 6706 6770 6705
13204 2 2 0 1 6770 6771 6706
13205 2 2 0 1 6707 6771 6706
13206 2 2 0 1 6771 6772 6707
13207 2 2 0 1 6708 6772 6707
13208 2 2 0 1 6772 6773 6708
13209 2 2 0 1 6709 6773 6708
13210 2 2 0 1 6773 6774 6709
13211 2 2 0 1 6710 6774 6709
13212 2 2 0 1 6774 6775 6710
13213 2 2 0 1 6711 6775 6710
13214 2 2 0 1 6775 6776 6711
13215 2 2 0 1 6712 6776 6711
13216 2 2 0 1 6776 6777 6712
13217 2 2 0 1 6713 6777 6712
13218 2 2 0 1 6777 6778 6713
13219 2 2 0 1 6714 6778 6713
13220 2 2 0 1 6778 6779 6714
13221 2 2 0 1 6715 6779 6714
13222 2 2 0 1 6779 6780 6715
13223 2 2 0 1 6716 6780 6715
13224 2 2 0 1 6780 6781 6716
13225 2 2 0 1 6717 6781 6716
13226 2 2 0 1 6781 6782 6717
13227 2 2 0 1 6718 6782 6717
13228 2 2 0 1 6782 6783 6718
13229 2 2 0 1 6719 6783 6718
13230 2 2 0 1 6783 6784 6719
13231 2 2 0 1 6720 6784 6719
13232 2 2 0 1 6784 6785 6720
13233 2 2 0 1 6786 6785 6720
13234 2 2 0 1 6720 6786 6721
13235 2 2 0 1 6722 6786 6721
13236 2 2 0 1 6786 6787 6722
13237 2 2 0 1 6723 6787 6722
13238 2 2 0 1 6787 6788 6723
13239 2 2 0 1 6724 6788 6723
13240 2 2 0 1 6788 6789 6724
13241 2 2 0 1 6725 6789 6724
13242 2 2 0 1 6789 6790 6725
13243 2 2 0 1 6726 6790 6725
13244 2 2 0 1 6790 6791 6726
13245 2 2 0 1 6727 6791 6726
13246 2 2 0 1 6791 6792 6727
13247 2 2 0 1 6728 6792 6727
13248 2 2 0 1 6792 6793 6728
13249 2 2 0 1 6729 6793 6728
13250 2 2 0 1 6793 6794 6729
13251 2 2 0 1 6730 6794 6729
13252 2 2 0 1 6794 6795 6730
13253 2 2 0 1 6731 6795 6730
13254 2 2 0 1 6795 6796 6731
13255 2 2 0 1 6732 6796 6731
13256 2 2 0 1 6796 6797 6732
13257 2 2 0 1 6798 6797 6732
13258 2 2 0 1 6732 6798 6733
13259 2 2 0 1 6734 6798 6733
13260 2 2 0 1 6798 6799 6734
13261 2 2 0 1 6735 6799 6734
13262 2 2 0 1 6799 6800 6735
13263 2 2 0 1 6801 6800 6735
13264 2 2 0 1 6735 6801 6736
13265 2 2 0 1 6737 6801 6736
13266 2 2 0 1 6801 6802 6737
13267 2 2 0 1 6738 6802 6737
13268 2 2 0 1 6802 6803 6738
13269 2 2 0 1 6804 6803 6738
13270 2 2 0 1 6738 6804 6739
13271 2 2 0 1 6740 6804 6739
13272 2 2 0 1 6804 6805 6740
13273 2 2 0 1 6741 6805 6740
13274 2 2 0 1 6805 6806 6741
13275 2 2 0 1 6742 6806 6741
13276 2 2 0 1 6806 6807 6742
13277 2 2 0 1 6743 6807 6742
13278 2 2 0 1 6807 6808 6743
13279 2 2 0 1 6744 6808 6743
13280 2 2 0 1 6808 6809 6744
13281 2 2 0 1 6745 6809 6744
13282 2 2 0 1 6809 6810 6745
13283 2 2 0 1 6811 6810 6745
13284 2 2 0 1 6745 6811 6746
13285 2 2 0 1 6747 6811 6746
13286 2 2 0 1 6811 6812 6747
13287 2 2 0 1 6748 6812 6747
13288 2 2 0 1 6812 6813 6748
13289 2 2 0 1 6749 6813 6748
13290 2 2 0 1 6813 6814 6749
13291 2 2 0 1 6750 6814 6749
13292 2 2 0 1 6814 6815 6750
13293 2 2 0 1 6751 6815 6750
13294 2 2 0 1 6815 6816 6751
13295 2 2 0 1 6752 6816 6751
13296 2 2 0 1 6816 6817 6752
13297 2 2 0 1 6753 6817 6752
13298 2 2 0 1 6817 6818 6753
13299 2 2 0 1 6754 6818 6753
13300 2 2 0 1 6818 6819 6754
13301 2 2 0 1 6755 6819 6754
13302 2 2 0 1 6819 6820 6755
13303 2 2 0 1 6756 6820 6755
13304 2 2 0 1 6820 6821 6756
13305 2 2 0 1 6757 6821 6756
13306 2 2 0 1 6821 6822 6757
13307 2 2 0 1 6823 6822 6757
13308 2 2 0 1 6757 6823 6758
13309 2 2 0 1 6824 6823 6758
13310 2 2 0 1 6758 6824 6759
13311 2 2 0 1 6825 6824 6759
13312 2 2 0 1 6759 6825 6760
13313 2 2 0 1 6762 6826 6761
13314 2 2 0 1 6826 6827 6762
13315 2 2 0 1 6763 6827 6762
13316 2 2 0 1 6827 6828 6763
13317 2 2 0 1 6764 6828 6763
13318 2 2 0 1 6828 6829 6764
13319 2 2 0 1 6765 6829 6764
13320 2 2 0 1 6829 6830 6765
13321 2 2 0 1 6766 6830 6765
13322 2 2 0 1 6830 6831 6766
13323 2 2 0 1 6767 6831 6766
13324 2 2 0 1 6831 6832 6767
13325 2 2 0 1 6768 6832 6767
13326 2 2 0 1 6832 6833 6768
13327 2 2 0 1 6769 6833 6768
13328 2 2 0 1 6833 6834 6769
13329 2 2 0 1 6770 6834 6769
13330 2 2 0 1 6834 6835 6770
13331 2 2 0 1 6771 6835 6770
13332 2 2 0 1 6835 6836 6771
13333 2 2 0 1 6772 6836 6771
13334 2 2 0 1 6836 6837 6772
13335 2 2 0 1 6773 6837 6772
13336 2 2 0 1 6837 6838 6773
13337 2 2 0 1 6774 6838 6773
13338 2 2 0 1 6838 6839 6774
13339 2 2 0 1 6775 6839 6774
13340 2 2 0 1 6839 6840 6775
13341 2 2 0 1 6776 6840 6775
13342 2 2 0 1 6840 6841 6776
13343 2 2 0 1 6777 6841 6776
13344 2 2 0 1 6841 6842 6777
13345 2 2 0 1 6778 6842 6777
13346 2 2 0 1 6842 6843 6778
13347 2 2 0 1 6779 6843 6778
13348 2 2 0 1 6843 6844 6779
13349 2 2 0 1 6780 6844 6779
13350 2 2 0 1 6844 6845 6780
13351 2 2 0 1 6781 6845 6780
13352 2 2 0 1 6845 6846 6781
13353 2 2 0 1 6782 6846 6781
13354 2 2 0 1 6846 6847 6782
13355 2 2 0 1 6783 6847 6782
13356 2 2 0 1 6847 6848 6783
13357 2 2 0 1 6784 6848 6783
13358 2 2 0 1 6848 6849 6784
13359 2 2 0 1 6850 6849 6784
13360 2 2 0 1 6784 6850 6785
13361 2 2 0 1 6786 6850 6785
13362 2 2 0 1 6850 6851 6786
13363 2 2 0 1 6787 6851 6786
13364 2 2 0 1 6851 6852 6787
13365 2 2 0 1 6788 6852 6787
13366 2 2 0 1 6852 6853 6788
13367 2 2 0 1 6789 6853 6788
13368 2 2 0 1 6853 6854 6789
13369 2 2 0 1 6790 6854 6789
13370 2 2 0 1 6854 6855 6790
13371 2 2 0 1 6791 6855 6790
13372 2 2 0 1 6855 6856 6791
13373 2 2 0 1 6792 6856 6791
13374 2 2 0 1 6856 6857 6792
13375 2 2 0 1 6793 6857 6792
13376 2 2 0 1 6857 6858 6793
13377 2 2 0 1 6794 6858 6793
13378 2 2 0 1 6858 6859 6794
13379 2 2 0 1 6795 6859 6794
13380 2 2 0 1 6859 6860 6795
13381 2 2 0 1 6796 6860 6795
13382 2 2 0 1 6860 6861 6796
13383 2 2 0 1 6797 6861 6796
13384 2 2 0 1 6861 6862 6797
13385 2 2 0 1 6863 6862 6797
13386 2 2 0 1 6797 6863 6798
13387 2 2 0 1 6799 6863 6798
13388 2 2 0 1 6863 6864 6799
13389 2 2 0 1 6800 6864 6799
13390 2 2 0 1 6864 6865 6800
13391 2 2 0 1 6801 6865 6800
13392 2 2 0 1 6865 6866 6801
13393 2 2 0 1 6802 6866 6801
13394 2 2 0 1 6866 6867 6802
13395 2 2 0 1 6803 6867 6802
13396 2 2 0 1 6867 6868 6803
13397 2 2 0 1 6869 6868 6803
13398 2 2 0 1 6803 6869 6804
13399 2 2 0 1 6805 6869 6804
13400 2 2 0 1 6869 6870 6805
13401 2 2 0 1 6806 6870 6805
13402 2 2 0 1 6870 6871 6806
13403 2 2 0 1 6807 6871 6806
13404 2 2 0 1 6871 6872 6807
13405 2 2 0 1 6808 6872 6807
13406 2 2 0 1 6872 6873 6808
13407 2 2 0 1 6809 6873 6808
13408 2 2 0 1 6873 6874 6809
13409 2 2 0 1 6810 6874 6809
13410 2 2 0 1 6874 6875 6810
13411 2 2 0 1 6876 6875 6810
13412 2 2 0 1 6810 6876 6811
13413 2 2 0 1 6812 6876 6811
13414 2 2 0 1 6876 6877 6812
13415 2 2 0 1 6813 6877 6812
13416 2 2 0 1 6877 6878 6813
13417 2 2 0 1 6814 6878 6813
13418 2 2 0 1 6878 6879 6814
13419 2 2 0 1 6815 6879 6814
13420 2 2 0 1 6879 6880 6815
13421 2 2 0 1 6816 6880 6815
13422 2 2 0 1 6880 6881 6816
13423 2 2 0 1 6817 6881 6816
13424 2 2 0 1 6881 6882 6817
13425 2 2 0 1 6818 6882 6817
13426 2 2 0 1 6882 6883 6818
13427 2 2 0 1 6819 6883 6818
13428 2 2 0 1 6883 6884 6819
13429 2 2 0 1 6820 6884 6819
13430 2 2 0 1 6884 6885 6820
13431 2 2 0 1 6821 6885 6820
13432 2 2 0 1 6885 6886 6821
13433 2 2 0 1 6822 6886 6821
13434 2 2 0 1 6886 6887 6822
13435 2 2 0 1 6823 6887 6822
13436 2 2 0 1 6887 6888 6823
13437 2 2 0 1 6889 6888 6823
13438 2 2 0 1 6823 6889 6824
13439 2 2 0 1 6890 6889 6824
13440 2 2 0 1 6824 6890 6825
13441 2 2 0 1 6827 6891 6826
13442 2 2 0 1 6891 6892 6827
13443 2 2 0 1 6828 6892 6827
13444 2 2 0 1 6892 6893 6828
13445 2 2 0 1 6829 6893 6828
13446 2 2 0 1 6893 6894 6829
13447 2 2 0 1 6830 6894 6829
13448 2 2 0 1 6894 6895 6830
13449 2 2 0 1 6831 6895 6830
13450 2 2 0 1 6895 6896 6831
13451 2 2 0 1 6832 6896 6831
13452 2 2 0 1 6896 6897 6832
13453 2 2 0 1 6833 6897 6832
13454 2 2 0 1 6897 6898 6833
13455 2 2 0 1 6834 6898 6833
13456 2 2 0 1 6898 6899 6834
13457 2 2 0 1 6900 6899 6834
13458 2 2 0 1 6834 6900 6835
13459 2 2 0 1 6836 6900 6835
13460 2 2 0 1 6900 6901 6836
13461 2 2 0 1 6837 6901 6836
13462 2 2 0 1 6901 6902 6837
13463 2 2 0 1 6838 6902 6837
13464 2 2 0 1 6902 6903 6838
13465 2 2 0 1 6839 6903 6838
13466 2 2 0 1 6903 6904 6839
13467 2 2 0 1 6840 6904 6839
13468 2 2 0 1 6904 6905 6840
13469 2 2 0 1 6841 6905 6840
13470 2 2 0 1 6905 6906 6841
13471 2 2 0 1 6842 6906 6841
13472 2 2 0 1 6906 6907 6842
13473 2 2 0 1 6843 6907 6842
13474 2 2 0 1 6907 6908 6843
13475 2 2 0 1 6844 6908 6843
13476 2 2 0 1 6908 6909 6844
13477 2 2 0 1 6845 6909 6844
13478 2 2 0 1 6909 6910 6845
13479 2 2 0 1 6846 6910 6845
13480 2 2 0 1 6910 6911 6846
13481 2 2 0 1 6847 6911 6846
13482 2 2 0 1 6911 6912 6847
13483 2 2 0 1 6848 6912 6847
13484 2 2 0 1 6912 6913 6848
13485 2 2 0 1 6849 6913 6848
13486 2 2 0 1 6913 6914 6849
13487 2 2 0 1 6850 6914 6849
13488 2 2 0 1 6914 6915 6850
13489 2 2 0 1 6851 6915 6850
13490 2 2 0 1 6915 6916 6851
13491 2 2 0 1 6852 6916 6851
13492 2 2 0 1 6916 6917 6852
13493 2 2 0 1 6853 6917 6852
13494 2 2 0 1 6917 6918 6853
13495 2 2 0 1 6854 6918 6853
13496 2 2 0 1 6918 6919 6854
13497 2 2 0 1 6855 6919 6854
13498 2 2 0 1 6919 6920 6855
13499 2 2 0 1 6856 6920 6855
13500 2 2 0 1 6920 6921 6856
13501 2 2 0 1 6857 6921 6856
13502 2 2 0 1 6921 6922 6857
13503 2 2 0 1 6858 6922 6857
13504 2 2 0 1 6922 6923 6858
13505 2 2 0 1 6859 6923 6858
13506 2 2 0 1 6923 6924 6859
13507 2 2 0 1 6860 6924 6859
13508 2 2 0 1 6924 6925 6860
13509 2 2 0 1 6861 6925 6860
13510 2 2 0 1 6925 6926 6861
13511 2 2 0 1 6862 6926 6861
13512 2 2 0 1 6926 6927 6862
13513 2 2 0 1 6863 6927 6862
13514 2 2 0 1 6927 6928 6863
13515 2 2 0 1 6864 6928 6863
13516 2 2 0 1 6928 6929 6864
13517 2 2 0 1 6865 6929 6864
13518 2 2 0 1 6929 6930 6865
13519 2 2 0 1 6866 6930 6865
13520 2 2 0 1 6930 6931 6866
13521 2 2 0 1 6867 6931 6866
13522 2 2 0 1 6931 6932 6867
13523 2 2 0 1 6868 6932 6867
13524 2 2 0 1 6932 6933 6868
13525 2 2 0 1 6934 6933 6868
13526 2 2 0 1 6868 6934 6869
13527 2 2 0 1 6870 6934 6869
13528 2 2 0 1 6934 6935 6870
13529 2 2 0 1 6871 6935 6870
13530 2 2 0 1 6935 6936 6871
13531 2 2 0 1 6872 6936 6871
13532 2 2 0 1 6936 6937 6872
13533 2 2 0 1 6873 6937 6872
13534 2 2 0 1 6937 6938 6873
13535 2 2 0 1 6874 6938 6873
13536 2 2 0 1 6938 6939 6874
13537 2 2 0 1 6875 6939 6874
13538 2 2 0 1 6939 6940 6875
13539 2 2 0 1 6941 6940 6875
13540 2 2 0 1 6875 6941 6876
13541 2 2 0 1 6877 6941 6876
13542 2 2 0 1 6941 6942 6877
13543 2 2 0 1 6878 6942 6877
13544 2 2 0 1 6942 6943 6878
13545 2 2 0 1 6879 6943 6878
13546 2 2 0 1 6943 6944 6879
13547 2 2 0 1 6880 6944 6879
13548 2 2 0 1 6944 6945 6880
13549 2 2 0 1 6881 6945 6880
13550 2 2 0 1 6945 6946 6881
13551 2 2 0 1 6882 6946 6881
13552 2 2 0 1 6946 6947 6882
13553 2 2 0 1 6883 6947 6882
13554 2 2 0 1 6947 6948 6883
13555 2 2 0 1 6884 6948 6883
13556 2 2 0 1 6948 6949 6884
13557 2 2 0 1 6885 6949 6884
13558 2 2 0 1 6949 6950 6885
13559 2 2 0 1 6886 6950 6885
13560 2 2 0 1 6950 6951 6886
13561 2 2 0 1 6887 6951 6886
13562 2 2 0 1 6951 6952 6887
13563 2 2 0 1 6888 6952 6887
13564 2 2 0 1 6952 6953 6888
13565 2 2 0 1 6954 6953 6888
13566 2 2 0 1 6888 6954 6889
13567 2 2 0 1 6955 6954 6889
13568 2 2 0 1 6889 6955 6890
13569 2 2 0 1 6892 6956 6891
13570 2 2 0 1 6956 6957 6892
13571 2 2 0 1 6893 6957 6892
13572 2 2 0 1 6957 6958 6893
13573 2 2 0 1 6894 6958 6893
13574 2 2 0 1 6958 6959 6894
13575 2 2 0 1 6895 6959 6894
13576 2 2 0 1 6959 6960 6895
13577 2 2 0 1 6896 6960 6895
13578 2 2 0 1 6960 6961 6896
13579 2 2 0 1 6897 6961 6896
13580 2 2 0 1 6961 6962 6897
13581 2 2 0 1 6898 6962 6897
13582 2 2 0 1 6962 6963 6898
13583 2 2 0 1 6899 6963 6898
13584 2 2 0 1 6963 6964 6899
13585 2 2 0 1 6900 6964 6899
13586 2 2 0 1 6964 6965 6900
13587 2 2 0 1 6901 6965 6900
13588 2 2 0 1 6965 6966 6901
13589 2 2 0 1 6902 6966 6901
13590 2 2 0 1 6966 6967 6902
13591 2 2 0 1 6903 6967 6902
13592 2 2 0 1 6967 6968 6903
13593 2 2 0 1 6904 6968 6903
13594 2 2 0 1 6968 6969 6904
13595 2 2 0 1 6905 6969 6904
13596 2 2 0 1 6969 6970 6905
13597 2 2 0 1 6906 6970 6905
13598 2 2 0 1 6970 6971 6906
13599 2 2 0 1 6907 6971 6906
13600 2 2 0 1 6971 6972 6907
13601 2 2 0 1 6908 6972 6907
13602 2 2 0 1 6972 6973 6908
13603 2 2 0 1 6909 6973 6908
13604 2 2 0 1 6973 6974 6909
13605 2 2 0 1 6910 6974 6909
13606 2 2 0 1 6974 6975 6910
13607 2 2 0 1 6911 6975 6910
13608 2 2 0 1 6975 6976 6911
13609 2 2 0 1 6912 6976 6911
13610 2 2 0 1 6976 6977 6912
13611 2 2 0 1 6913 6977 6912
13612 2 2 0 1 6977 6978 6913
13613 2 2 0 1 6914 6978 6913
13614 2 2 0 1 6978 6979 6914
13615 2 2 0 1 6915 6979 6914
13616 2 2 0 1 6979 6980 6915
13617 2 2 0 1 6916 6980 6915
13618 2 2 0 1 6980 6981 6916
13619 2 2 0 1 6917 6981 6916
13620 2 2 0 1 6981 6982 6917
13621 2 2 0 1 6918 6982 6917
13622 2 2 0 1 6982 6983 6918
13623 2 2 0 1 6919 6983 6918
13624 2 2 0 1 6983 6984 6919
13625 2 2 0 1 6920 6984 6919
13626 2 2 0 1 6984 6985 6920
13627 2 2 0 1 6921 6985 6920
13628 2 2 0 1 6985 6986 6921
13629 2 2 0 1 6922 6986 6921
13630 2 2 0 1 6986 6987 6922
13631 2 2 0 1 6923 6987 6922
13632 2 2 0 1 6987 6988 6923
13633 2 2 0 1 6924 6988 6923
13634 2 2 0 1 6988 6989 6924
13635 2 2 0 1 6925 6989 6924
13636 2 2 0 1 6989 6990 6925
13637 2 2 0 1 6926 6990 6925
13638 2 2 0 1 6990 6991 6926
13639 2 2 0 1 6927 6991 6926
13640 2 2 0 1 6991 6992 6927
13641 2 2 0 1 6928 6992 6927
13642 2 2 0 1 6992 6993 6928
13643 2 2 0 1 6929 6993 6928
13644 2 2 0 1 6993 6994 6929
13645 2 2 0 1 6930 6994 6929
13646 2 2 0 1 6994 6995 6930
13647 2 2 0 1 6931 6995 6930
13648 2 2 0 1 6995 6996 6931
13649 2 2 0 1 6932 6996 6931
13650 2 2 0 1 6996 6997 6932
13651 2 2 0 1 6933 6997 6932
13652 2 2 0 1 6997 6998 6933
13653 2 2 0 1 6934 6998 6933
13654 2 2 0 1 6998 6999 6934
13655 2 2 0 1 6935 6999 6934
13656 2 2 0 1 6999 7000 6935
13657 2 2 0 1 6936 7000 6935
13658 2 2 0 1 7000 7001 6936
13659 2 2 0 1 6937 7001 6936
13660 2 2 0 1 7001 7002 6937
13661 2 2 0 1 6938 7002 6937
13662 2 2 0 1 7002 7003 6938
13663 2 2 0 1 6939 7003 6938
13664 2 2 0 1 7003 7004 6939
13665 2 2 0 1 6940 7004 6939
13666 2 2 0 1 7004 7005 6940
13667 2 2 0 1 7006 7005 6940
13668 2 2 0 1 6940 7006 6941
13669 2 2 0 1 6942 7006 6941
13670 2 2 0 1 7006 7007 6942
13671 2 2 0 1 6943 7007 6942
13672 2 2 0 1 7007 7008 6943
13673 2 2 0 1 6944 7008 6943
13674 2 2 0 1 7008 7009 6944
13675 2 2 0 1 6945 7009 6944
13676 2 2 0 1 7009 7010 6945
13677 2 2 0 1 6946 7010 6945
13678 2 2 0 1 7010 7011 6946
13679 2 2 0 1 6947 7011 6946
13680 2 2 0 1 7011 7012 6947
13681 2 2 0 1 6948 7012 6947
13682 2 2 0 1 7012 7013 6948
13683 2 2 0 1 6949 7013 6948
13684 2 2 0 1 7013 7014 6949
13685 2 2 0 1 6950 7014 6949
13686 2 2 0 1 7014 7015 6950
13687 2 2 0 1 6951 7015 6950
13688 2 2 0 1 7015 7016 6951
13689 2 2 0 1 6952 7016 6951
13690 2 2 0 1 7016 7017 6952
13691 2 2 0 1 6953 7017 6952
13692 2 2 0 1 7017 7018 6953
13693 2 2 0 1 6954 7018 6953
13694 2 2 0 1 7018 7019 6954
13695 2 2 0 1 6955 7019 6954
13696 2 2 0 1 7019 7020 6955
13697 2 2 0 1 6957 7021 6956
13698 2 2 0 1 7021 7022 6957
13699 2 2 0 1 6958 7022 6957
13700 2 2 0 1 7022 7023 6958
13701 2 2 0 1 6959 7023 6958
13702 2 2 0 1 7023 7024 6959
13703 2 2 0 1 6960 7024 6959
13704 2 2 0 1 7024 7025 6960
13705 2 2 0 1 6961 7025 6960
13706 2 2 0 1 7025 7026 6961
13707 2 2 0 1 6962 7026 6961
13708 2 2 0 1 7026 7027 6962
13709 2 2 0 1 6963 7027 6962
13710 2 2 0 1 7027 7028 6963
13711 2 2 0 1 6964 7028 6963
13712 2 2 0 1 7028 7029 6964
13713 2 2 0 1 6965 7029 6964
13714 2 2 0 1 7029 7030 6965
13715 2 2 0 1 6966 7030 6965
13716 2 2 0 1 7030 7031 6966
13717 2 2 0 1 6967 7031 6966
13718 2 2 0 1 7031 7032 6967
13719 2 2 0 1 6968 7032 6967
13720 2 2 0 1 7032 7033 6968
13721 2 2 0 1 6969 7033 6968
13722 2 2 0 1 7033 7034 6969
13723 2 2 0 1 6970 7034 6969
13724 2 2 0 1 7034 7035 6970
13725 2 2 0 1 6971 7035 6970
13726 2 2 0 1 7035 7036 6971
13727 2 2 0 1 6972 7036 6971
13728 2 2 0 1 7036 7037 6972
13729 2 2 0 1 6973 7037 6972
13730 2 2 0 1 7037 7038 6973
13731 2 2 0 1 6974 7038 6973
13732 2 2 0 1 7038 7039 6974
13733 2 2 0 1 6975 7039 6974
13734 2 2 0 1 7039 7040 6975
13735 2 2 0 1 6976 7040 6975
13736 2 2 0 1 7040 7041 6976
13737 2 2 0 1 6977 7041 6976
13738 2 2 0 1 7041 7042 6977
13739 2 2 0 1 6978 7042 6977
13740 2 2 0 1 7042 7043 6978
13741 2 2 0 1 6979 7043 6978
13742 2 2 0 1 7043 7044 6979
13743 2 2 0 1 6980 7044 6979
13744 2 2 0 1 7044 7045 6980
13745 2 2 0 1 6981 7045 6980
13746 2 2 0 1 7045 7046 6981
13747 2 2 0 1 6982 7046 6981
13748 2 2 0 1 7046 7047 6982
13749 2 2 0 1 6983 7047 6982
13750 2 2 0 1 7047 7048 6983
13751 2 2 0 1 6984 7048 6983
13752 2 2 0 1 7048 7049 6984
13753 2 2 0 1 6985 7049 6984
13754 2 2 0 1 7049 7050 6985
13755 2 2 0 1 6986 7050 6985
13756 2 2 0 1 7050 7051 6986
13757 2 2 0 1 6987 7051 6986
13758 2 2 0 1 7051 7052 6987
13759 2 2 0 1 6988 7052 6987
13760 2 2 0 1 7052 7053 6988
13761 2 2 0 1 6989 7053 6988
13762 2 2 0 1 7053 7054 6989
13763 2 2 0 1 6990 7054 6989
13764 2 2 0 1 7054 7055 6990
13765 2 2 0 1 6991 7055 6990
13766 2 2 0 1 7055 7056 6991
13767 2 2 0 1 6992 7056 6991
13768 2 2 0 1 7056 7057 6992
13769 2 2 0 1 6993 7057 6992
13770 2 2 0 1 7057 7058 6993
13771 2 2 0 1 6994 7058 6993
13772 2 2 0 1 7058 7059 6994
13773 2 2 0 1 6995 7059 6994
13774 2 2 0 1 7059 7060 6995
13775 2 2 0 1 6996 7060 6995
13776 2 2 0 1 7060 7061 6996
13777 2 2 0 1 6997 7061 6996
13778 2 2 0 1 7061 7062 6997
13779 2 2 0 1 6998 7062 6997
13780 2 2 0 1 7062 7063 6998
13781 2 2 0 1 6999 7063 6998
13782 2 2 0 1 7063 7064 6999
13783 2 2 0 1 7000 7064 6999
13784 2 2 0 1 7064 7065 7000
13785 2 2 0 1 7001 7065 7000
13786 2 2 0 1 7065 7066 7001
13787 2 2 0 1 7002 7066 7001
13788 2 2 0 1 7066 7067 7002
13789 2 2 0 1 7003 7067 7002
13790 2 2 0 1 7067 7068 7003
13791 2 2 0 1 7004 7068 7003
13792 2 2 0 1 7068 7069 7004
13793 2 2 0 1 7005 7069 7004
13794 2 2 0 1 7069 7070 7005
13795 2 2 0 1 7071 7070 7005
13796 2 2 0 1 7005 7071 7006
13797 2 2 0 1 7007 7071 7006
13798 2 2 0 1 7071 7072 7007
13799 2 2 0 1 7008 7072 7007
13800 2 2 0 1 7072 7073 7008
13801 2 2 0 1 7009 7073 7008
13802 2 2 0 1 7073 7074 7009
13803 2 2 0 1 7010 7074 7009
13804 2 2 0 1 7074 7075 7010
13805 2 2 0 1 7011 7075 7010
13806 2 2 0 1 7075 7076 7011
13807 2 2 0 1 7012 7076 7011
13808 2 2 0 1 7076 7077 7012
13809 2 2 0 1 7013 7077 7012
13810 2 2 0 1 7077 7078 7013
13811 2 2 0 1 7014 7078 7013
13812 2 2 0 1 7078 7079 7014
13813 2 2 0 1 7015 7079 7014
13814 2 2 0 1 7079 7080 7015
13815 2 2 0 1 7016 7080 7015
13816 2 2 0 1 7080 7081 7016
13817 2 2 0 1 7017 7081 7016
13818 2 2 0 1 7081 7082 7017
13819 2 2 0 1 7018 7082 7017
13820 2 2 0 1 7082 7083 7018
13821 2 2 0 1 7019 7083 7018
13822 2 2 0 1 7083 7084 7019
13823 2 2 0 1 7020 7084 7019
13824 2 2 0 1 7084 7085 7020
13825 2 2 0 1 7022 7086 7021
13826 2 2 0 1 7086 7087 7022
13827 2 2 0 1 7023 7087 7022
13828 2 2 0 1 7087 7088 7023
13829 2 2 0 1 7024 7088 7023
13830 2 2 0 1 7088 7089 7024
13831 2 2 0 1 7025 7089 7024
13832 2 2 0 1 7089 7090 7025
13833 2 2 0 1 7026 7090 7025
13834 2 2 0 1 7090 7091 7026
13835 2 2 0 1 7027 7091 7026
13836 2 2 0 1 7091 7092 7027
13837 2 2 0 1 7028 7092 7027
13838 2 2 0 1 7092 7093 7028
13839 2 2 0 1 7029 7093 7028
13840 2 2 0 1 7093 7094 7029
13841 2 2 0 1 7030 7094 7029
13842 2 2 0 1 7094 7095 7030
13843 2 2 0 1 7031 7095 7030
13844 2 2 0 1 7095 7096 7031
13845 2 2 0 1 7032 7096 7031
13846 2 2 0 1 7096 7097 7032
13847 2 2 0 1 7033 7097 7032
13848 2 2 0 1 7097 7098 7033
13849 2 2 0 1 7034 7098 7033
13850 2 2 0 1 7098 7099 7034
13851 2 2 0 1 7035 7099 7034
13852 2 2 0 1 7099 7100 7035
13853 2 2 0 1 7036 7100 7035
13854 2 2 0 1 7100 7101 7036
13855 2 2 0 1 7037 7101 7036
13856 2 2 0 1 7101 7102 7037
13857 2 2 0 1 7038 7102 7037
13858 2 2 0 1 7102 7103 7038
13859 2 2 0 1 7039 7103 7038
13860 2 2 0 1 7103 7104 7039
13861 2 2 0 1 7040 7104 7039
13862 2 2 0 1 7104 7105 7040
13863 2 2 0 1 7041 7105 7040
13864 2 2 0 1 7105 7106 7041
13865 2 2 0 1 7042 7106 7041
13866 2 2 0 1 7106 7107 7042
13867 2 2 0 1 7043 7107 7042
13868 2 2 0 1 7107 7108 7043
13869 2 2 0 1 7044 7108 7043
13870 2 2 0 1 7108 7109 7044
13871 2 2 0 1 7045 7109 7044
13872 2 2 0 1 7109 7110 7045
13873 2 2 0 1 7046 7110 7045
13874 2 2 0 1 7110 7111 7046
13875 2 2 0 1 7047 7111 7046
13876 2 2 0 1 7111 7112 7047
13877 2 2 0 1 7048 7112 7047
13878 2 2 0 1 7112 7113 7048
13879 2 2 0 1 7049 7113 7048
13880 2 2 0 1 7113 7114 7049
13881 2 2 0 1 7050 7114 7049
13882 2 2 0 1 7114 7115 7050
13883 2 2 0 1 7051 7115 7050
13884 2 2 0 1 7115 7116 7051
13885 2 2 0 1 7052 7116 7051
13886 2 2 0 1 7116 7117 7052
13887 2 2 0 1 7053 7117 7052
13888 2 2 0 1 7117 7118 7053
13889 2 2 0 1 7054 7118 7053
13890 2 2 0 1 7118 7119 7054
13891 2 2 0 1 7055 7119 7054
13892 2 2 0 1 7119 7120 7055
13893 2 2 0 1 7056 7120 7055
13894 2 2 0 1 7120 7121 7056
13895 2 2 0 1 7057 7121 7056
13896 2 2 0 1 7121 7122 7057
13897 2 2 0 1 7058 7122 7057
13898 2 2 0 1 7122 7123 7058
13899 2 2 0 1 7059 7123 7058
13900 2 2 0 1 7123 7124 7059
13901 2 2 0 1 7060 7124 7059
13902 2 2 0 1 7124 7125 7060
13903 2 2 0 1 7061 7125 7060
13904 2 2 0 1 7125 7126 7061
13905 2 2 0 1 7062 7126 7061
13906 2 2 0 1 7126 7127 7062
13907 2 2 0 1 7063 7127 7062
13908 2 2 0 1 7127 7128 7063
13909 2 2 0 1 7064 7128 7063
13910 2 2 0 1 7128 7129 7064
13911 2 2 0 1 7065 7129 7064
13912 2 2 0 1 7129 7130 7065
13913 2 2 0 1 7066 7130 7065
13914 2 2 0 1 7130 7131 7066
13915 2 2 0 1 7067 7131 7066
13916 2 2 0 1 7131 7132 7067
13917 2 2 0 1 7068 7132 7067
13918 2 2 0 1 7132 7133 7068
13919 2 2 0 1 7069 7133 7068
13920 2 2 0 1 7133 7134 7069
13921 2 2 0 1 7070 7134 7069
13922 2 2 0 1 7134 7135 7070
13923 2 2 0 1 7136 7135 7070
13924 2 2 0 1 7070 7136 7071
13925 2 2 0 1 7072 7136 7071
13926 2 2 0 1 7136 7137 7072
13927 2 2 0 1 7073 7137 7072
13928 2 2 0 1 7137 7138 7073
13929 2 2 0 1 7074 7138 7073
13930 2 2 0 1 7138 7139 7074
13931 2 2 0 1 7075 7139 7074
13932 2 2 0 1 7139 7140 7075
13933 2 2 0 1 7076 7140 7075
13934 2 2 0 1 7140 7141 7076
13935 2 2 0 1 7077 7141 7076
13936 2 2 0 1 7141 7142 7077
13937 2 2 0 1 7078 7142 7077
13938 2 2 0 1 7142 7143 7078
13939 2 2 0 1 7079 7143 7078
13940 2 2 0 1 7143 7144 7079
13941 2 2 0 1 7080 7144 7079
13942 2 2 0 1 7144 7145 7080
13943 2 2 0 1 7081 7145 7080
13944 2 2 0 1 7145 7146 7081
13945 2 2 0 1 7082 7146 7081
13946 2 2 0 1 7146 7147 7082
13947 2 2 0 1 7083 7147 7082
13948 2 2 0 1 7147 7148 7083
13949 2 2 0 1 7084 7148 7083
13950 2 2 0 1 7148 7149 7084
13951 2 2 0 1 7085 7149 7084
13952 2 2 0 1 7149 7150 7085
13953 2 2 0 1 7087 7151 7086
13954 2 2 0 1 7151 7152 7087
13955 2 2 0 1 7088 7152 7087
13956 2 2 0 1 7152 7153 7088
13957 2 2 0 1 7089 7153 7088
13958 2 2 0 1 7153 7154 7089
13959 2 2 0 1 7090 7154 7089
13960 2 2 0 1 7154 7155 7090
13961 2 2 0 1 7091 7155 7090
13962 2 2 0 1 7155 7156 7091
13963 2 2 0 1 7092 7156 7091
13964 2 2 0 1 7156 7157 7092
13965 2 2 0 1 7093 7157 7092
13966 2 2 0 1 7157 7158 7093
13967 2 2 0 1 7094 7158 7093
13968 2 2 0 1 7158 7159 7094
13969 2 2 0 1 7095 7159 7094
13970 2 2 0 1 7159 7160 7095
13971 2 2 0 1 7096 7160 7095
13972 2 2 0 1 7160 7161 7096
13973 2 2 0 1 7097 7161 7096
13974 2 2 0 1 7161 7162 7097
13975 2 2 0 1 7098 7162 7097
13976 2 2 0 1 7162 7163 7098
13977 2 2 0 1 7099 7163 7098
13978 2 2 0 1 7163 7164 7099
13979 2 2 0 1 7100 7164 7099
13980 2 2 0 1 7164 7165 7100
13981 2 2 0 1 7101 7165 7100
13982 2 2 0 1 7165 7166 7101
13983 2 2 0 1 7102 7166 7101
13984 2 2 0 1 7166 7167 7102
13985 2 2 0 1 7103 7167 7102
13986 2 2 0 1 7167 7168 7103
13987 2 2 0 1 7104 7168 7103
13988 2 2 0 1 7168 7169 7104
13989 2 2 0 1 7105 7169 7104
13990 2 2 0 1 7169 7170 7105
13991 2 2 0 1 7106 7170 7105
13992 2 2 0 1 7170 7171 7106
13993 2 2 0 1 7107 7171 7106
13994 2 2 0 1 7171 7172 7107
13995 2 2 0 1 7108 7172 7107
13996 2 2 0 1 7172 7173 7108
13997 2 2 0 1 7109 7173 7108
13998 2 2 0 1 7173 7174 7109
13999 2 2 0 1 7110 7174 7109
14000 2 2 0 1 7174 7175 7110
14001 2 2 0 1 7111 7175 7110
14002 2 2 0 1 7175 7176 7111
14003 2 2 0 1 7112 7176 7111
14004 2 2 0 1 7176 7177 7112
14005 2 2 0 1 7113 7177 7112
14006 2 2 0 1 7177 7178 7113
14007 2 2 0 1 7114 7178 7113
14008 2 2 0 1 7178 7179 7114
14009 2 2 0 1 7115 7179 7114
14010 2 2 0 1 7179 7180 7115
14011 2 2 0 1 7116 7180 7115
14012 2 2 0 1 7180 7181 7116
14013 2 2 0 1 7117 7181 7116
14014 2 2 0 1 7181 7182 7117
14015 2 2 0 1 7118 7182 7117
14016 2 2 0 1 7182 7183 7118
14017 2 2 0 1 7119 7183 7118
14018 2 2 0 1 7183 7184 7119
14019 2 2 0 1 7120 7184 7119
14020 2 2 0 1 7184 7185 7120
14021 2 2 0 1 7121 7185 7120
14022 2 2 0 1 7185 7186 7121
14023 2 2 0 1 7122 7186 7121
14024 2 2 0 1 7186 7187 7122
14025 2 2 0 1 7123 7187 7122
14026 2 2 0 1 7187 7188 7123
14027 2 2 0 1 7124 7188 7123
14028 2 2 0 1 7188 7189 7124
14029 2 2 0 1 7125 7189 7124
14030 2 2 0 1 7189 7190 7125
14031 2 2 0 1 7126 7190 7125
14032 2 2 0 1 7190 7191 7126
14033 2 2 0 1 7127 7191 7126
14034 2 2 0 1 7191 7192 7127
14035 2 2 0 1 7128 7192 7127
14036 2 2 0 1 7192 7193 7128
14037 2 2 0 1 7129 7193 7128
14038 2 2 0 1 7193 7194 7129
14039 2 2 0 1 7130 7194 7129
14040 2 2 0 1 7194 7195 7130
14041 2 2 0 1 7131 7195 7130
14042 2 2 0 1 7195 7196 7131
14043 2 2 0 1 7132 7196 7131
14044 2 2 0 1 7196 7197 7132
14045 2 2 0 1 7133 7197 7132
14046 2 2 0 1 7197 7198 7133
14047 2 2 0 1 7134 7198 7133
14048 2 2 0 1 7198 7199 7134
14049 2 2 0 1 7135 7199 7134
14050 2 2 0 1 7199 7200 7135
14051 2 2 0 1 7136 7200 7135
14052 2 2 0 1 7200 7201 7136
14053 2 2 0 1 7137 7201 7136
14054 2 2 0 1 7201 7202 7137
14055 2 2 0 1 7138 7202 7137
14056 2 2 0 1 7202 7203 7138
14057 2 2 0 1 7139 7203 7138
14058 2 2 0 1 7203 7204 7139
14059 2 2 0 1 7140 7204 7139
14060 2 2 0 1 7204 7205 7140
14061 2 2 0 1 7141 7205 7140
14062 2 2 0 1 7205 7206 7141
14063 2 2 0 1 7142 7206 7141
14064 2 2 0 1 7206 7207 7142
14065 2 2 0 1 7143 7207 7142
14066 2 2 0 1 7207 7208 7143
14067 2 2 0 1 7144 7208 7143
14068 2 2 0 1 7208 7209 7144
14069 2 2 0 1 7145 7209 7144
14070 2 2 0 1 7209 7210 7145
14071 2 2 0 1 7146 7210 7145
14072 2 2 0 1 7210 7211 7146
14073 2 2 0 1 7147 7211 7146
14074 2 2 0 1 7211 7212 7147
14075 2 2 0 1 7148 7212 7147
14076 2 2 0 1 7212 7213 7148
14077 2 2 0 1 7149 7213 7148
14078 2 2 0 1 7213 7214 7149
14079 2 2 0 1 7150 7214 7149
14080 2 2 0 1 7214 7215 7150
14081 2 2 0 1 7152 7216 7151
14082 2 2 0 1 7216 7217 7152
14083 2 2 0 1 7153 7217 7152
14084 2 2 0 1 7217 7218 7153
14085 2 2 0 1 7154 7218 7153
14086 2 2 0 1 7218 7219 7154
14087 2 2 0 1 7155 7219 7154
14088 2 2 0 1 7219 7220 7155
14089 2 2 0 1 7156 7220 7155
14090 2 2 0 1 7220 7221 7156
14091 2 2 0 1 7157 7221 7156
14092 2 2 0 1 7221 7222 7157
14093 2 2 0 1 7158 7222 7157
14094 2 2 0 1 7222 7223 7158
14095 2 2 0 1 7159 7223 7158
14096 2 2 0 1 7223 7224 7159
14097 2 2 0 1 7160 7224 7159
14098 2 2 0 1 7224 7225 7160
14099 2 2 0 1 7161 7225 7160
14100 2 2 0 1 7225 7226 7161
14101 2 2 0 1 7162 7226 7161
14102 2 2 0 1 7226 7227 7162
14103 2 2 0 1 7163 7227 7162
14104 2 2 0 1 7227 7228 7163
14105 2 2 0 1 7164 7228 7163
14106 2 2 0 1 7228 7229 7164
14107 2 2 0 1 7165 7229 7164
14108 2 2 0 1 7229 7230 7165
14109 2 2 0 1 7166 7230 7165
14110 2 2 0 1 7230 7231 7166
14111 2 2 0 1 7167 7231 7166
14112 2 2 0 1 7231 7232 7167
14113 2 2 0 1 7168 7232 7167
14114 2 2 0 1 7232 7233 7168
14115 2 2 0 1 7169 7233 7168
14116 2 2 0 1 7233 7234 7169
14117 2 2 0 1 7170 7234 7169
14118 2 2 0 1 7234 7235 7170
14119 2 2 0 1 7171 7235 7170
14120 2 2 0 1 7235 7236 7171
14121 2 2 0 1 7172 7236 7171
14122 2 2 0 1 7236 7237 7172
14123 2 2 0 1 7173 7237 7172
14124 2 2 0 1 7237 7238 7173
14125 2 2 0 1 7174 7238 7173
14126 2 2 0 1 7238 7239 7174
14127 2 2 0 1 7175 7239 7174
14128 2 2 0 1 7239 7240 7175
14129 2 2 0 1 7176 7240 7175
14130 2 2 0 1 7240 7241 7176
14131 2 2 0 1 7177 7241 7176
14132 2 2 0 1 7241 7242 7177
14133 2 2 0 1 7178 7242 7177
14134 2 2 0 1 7242 7243 7178
14135 2 2 0 1 7179 7243 7178
14136 2 2 0 1 7243 7244 7179
14137 2 2 0 1 7180 7244 7179
14138 2 2 0 1 7244 7245 7180
14139 2 2 0 1 7181 7245 7180
14140 2 2 0 1 7245 7246 7181
14141 2 2 0 1 7182 7246 7181
14142 2 2 0 1 7246 7247 7182
14143 2 2 0 1 7183 7247 7182
14144 2 2 0 1 7247 7248 7183
14145 2 2 0 1 7184 7248 7183
14146 2 2 0 1 7248 7249 7184
14147 2 2 0 1 7185 7249 7184
14148 2 2 0 1 7249 7250 7185
14149 2 2 0 1 7186 7250 7185
14150 2 2 0 1 7250 7251 7186
14151 2 2 0 1 7187 7251 7186
14152 2 2 0 1 7251 7252 7187
14153 2 2 0 1 7188 7252 7187
14154 2 2 0 1 7252 7253 7188
14155 2 2 0 1 7189 7253 7188
14156 2 2 0 1 7253 7254 7189
14157 2 2 0 1 7190 7254 7189
14158 2 2 0 1 7254 7255 7190
14159 2 2 0 1 7191 7255 7190
14160 2 2 0 1 7255 7256 7191
14161 2 2 0 1 7192 7256 7191
14162 2 2 0 1 7256 7257 7192
14163 2 2 0 1 7193 7257 7192
14164 2 2 0 1 7257 7258 7193
14165 2 2 0 1 7194 7258 7193
14166 2 2 0 1 7258 7259 7194
14167 2 2 0 1 7195 7259 7194
14168 2 2 0 1 7259 7260 7195
14169 2 2 0 1 7196 7260 7195
14170 2 2 0 1 7260 7261 7196
14171 2 2 0 1 7197 7261 7196
14172 2 2 0 1 7261 7262 7197
14173 2 2 0 1 7198 7262 7197
14174 2 2 0 1 7262 7263 7198
14175 2 2 0 1 7199 7263 7198
14176 2 2 0 1 7263 7264 7199
14177 2 2 0 1 7200 7264 7199
14178 2 2 0 1 7264 7265 7200
14179 2 2 0 1 7201 7265 7200
14180 2 2 0 1 7265 7266 7201
14181 2 2 0 1 7202 7266 7201
14182 2 2 0 1 7266 7267 7202
14183 2 2 0 1 7203 7267 7202
14184 2 2 0 1 7267 7268 7203
14185 2 2 0 1 7204 7268 7203
14186 2 2 0 1 7268 7269 7204
14187 2 2 0 1 7205 7269 7204
14188 2 2 0 1 7269 7270 7205
14189 2 2 0 1 7206 7270 7205
14190 2 2 0 1 7270 7271 7206
14191 2 2 0 1 7207 7271 7206
14192 2 2 0 1 7271 7272 7207
14193 2 2 0 1 7208 7272 7207
14194 2 2 0 1 7272 7273 7208
14195 2 2 0 1 7209 7273 7208
14196 2 2 0 1 7273 7274 7209
14197 2 2 0 1 7210 7274 7209
14198 2 2 0 1 7274 7275 7210
14199 2 2 0 1 7211 7275 7210
14200 2 2 0 1 7275 7276 7211
14201 2 2 0 1 7212 7276 7211
14202 2 2 0 1 7276 7277 7212
14203 2 2 0 1 7213 7277 7212
14204 2 2 0 1 7277 7278 7213
14205 2 2 0 1 7214 7278 7213
14206 2 2 0 1 7278 7279 7214
14207 2 2 0 1 7215 7279 7214
14208 2 2 0 1 7279 7280 7215
14209 2 2 0 1 7217 7281 7216
14210 2 2 0 1 7281 7282 7217
14211 2 2 0 1 7218 7282 7217
14212 2 2 0 1 7282 7283 7218
14213 2 2 0 1 7219 7283 7218
14214 2 2 0 1 7283 7284 7219
14215 2 2 0 1 7220 7284 7219
14216 2 2 0 1 7284 7285 7220
14217 2 2 0 1 7221 7285 7220
14218 2 2 0 1 7285 7286 7221
14219 2 2 0 1 7222 7286 7221
14220 2 2 0 1 7286 7287 7222
14221 2 2 0 1 7223 7287 7222
14222 2 2 0 1 7287 7288 7223
14223 2 2 0 1 7224 7288 7223
14224 2 2 0 1 7288 7289 7224
14225 2 2 0 1 7225 7289 7224
14226 2 2 0 1 7289 7290 7225
14227 2 2 0 1 7226 7290 7225
14228 2 2 0 1 7290 7291 7226
14229 2 2 0 1 7227 7291 7226
14230 2 2 0 1 7291 7292 7227
14231 2 2 0 1 7228 7292 7227
14232 2 2 0 1 7292 7293 7228
14233 2 2 0 1 7229 7293 7228
14234 2 2 0 1 7293 7294 7229
14235 2 2 0 1 7230 7294 7229
14236 2 2 0 1 7294 7295 7230
14237 2 2 0 1 7231 7295 7230
14238 2 2 0 1 7295 7296 7231
14239 2 2 0 1 7232 7296 7231
14240 2 2 0 1 7296 7297 7232
14241 2 2 0 1 7233 7297 7232
14242 2 2 0 1 7297 7298 7233
14243 2 2 0 1 7234 7298 7233
14244 2 2 0 1 7298 7299 7234
14245 2 2 0 1 7235 7299 7234
14246 2 2 0 1 7299 7300 7235
14247 2 2 0 1 7236 7300 7235
14248 2 2 0 1 7300 7301 7236
14249 2 2 0 1 7237 7301 7236
14250 2 2 0 1 7301 7302 7237
14251 2 2 0 1 7238 7302 7237
14252 2 2 0 1 7302 7303 7238
14253 2 2 0 1 7239 7303 7238
14254 2 2 0 1 7303 7304 7239
14255 2 2 0 1 7240 7304 7239
14256 2 2 0 1 7304 7305 7240
14257 2 2 0 1 7241 7305 7240
14258 2 2 0 1 7305 7306 7241
14259 2 2 0 1 7242 7306 7241
14260 2 2 0 1 7306 7307 7242
14261 2 2 0 1 7243 7307 7242
14262 2 2 0 1 7307 7308 7243
14263 2 2 0 1 7244 7308 7243
14264 2 2 0 1 7308 7309 7244
14265 2 2 0 1 7245 7309 7244
14266 2 2 0 1 7309 7310 7245
14267 2 2 0 1 7246 7310 7245
14268 2 2 0 1 7310 7311 7246
14269 2 2 0 1 7247 7311 7246
14270 2 2 0 1 7311 7312 7247
14271 2 2 0 1 7248 7312 7247
14272 2 2 0 1 7312 7313 7248
14273 2 2 0 1 7249 7313 7248
14274 2 2 0 1 7313 7314 7249
14275 2 2 0 1 7250 7314 7249
14276 2 2 0 1 7314 7315 7250
14277 2 2 0 1 7251 7315 7250
14278 2 2 0 1 7315 7316 7251
14279 2 2 0 1 7252 7316 7251
14280 2 2 0 1 7316 7317 7252
14281 2 2 0 1 7253 7317 7252
14282 2 2 0 1 7317 7318 7253
14283 2 2 0 1 7254 7318 7253
14284 2 2 0 1 7318 7319 7254
14285 2 2 0 1 7255 7319 7254
14286 2 2 0 1 7319 7320 7255
14287 2 2 0 1 7256 7320 7255
14288 2 2 0 1 7320 7321 7256
14289 2 2 0 1 7257 7321 7256
14290 2 2 0 1 7321 7322 7257
14291 2 2 0 1 7258 7322 7257
14292 2 2 0 1 7322 7323 7258
14293 2 2 0 1 7259 7323 7258
14294 2 2 0 1 7323 7324 7259
14295 2 2 0 1 7260 7324 7259
14296 2 2 0 1 7324 7325 7260
14297 2 2 0 1 7261 7325 7260
14298 2 2 0 1 7325 7326 7261
14299 2 2 0 1 7262 7326 7261
14300 2 2 0 1 7326 7327 7262
14301 2 2 0 1 7263 7327 7262
14302 2 2 0 1 7327 7328 7263
14303 2 2 0 1 7264 7328 7263
14304 2 2 0 1 7328 7329 7264
14305 2 2 0 1 7265 7329 7264
14306 2 2 0 1 7329 7330 7265
14307 2 2 0 1 7266 7330 7265
14308 2 2 0 1 7330 7331 7266
14309 2 2 0 1 7267 7331 7266
14310 2 2 0 1 7331 7332 7267
14311 2 2 0 1 7268 7332 7267
14312 2 2 0 1 7332 7333 7268
14313 2 2 0 1 7269 7333 7268
14314 2 2 0 1 7333 7334 7269
14315 2 2 0 1 7270 7334 7269
14316 2 2 0 1 7334 7335 7270
14317 2 2 0 1 7271 7335 7270
14318 2 2 0 1 7335 7336 7271
14319 2 2 0 1 7272 7336 7271
14320 2 2 0 1 7336 7337 7272
14321 2 2 0 1 7273 7337 7272
14322 2 2 0 1 7337 7338 7273
14323 2 2 0 1 7274 7338 7273
14324 2 2 0 1 7338 7339 7274
14325 2 2 0 1 7275 7339 7274
14326 2 2 0 1 7339 7340 7275
14327 2 2 0 1 7276 7340 7275
14328 2 2 0 1 7340 7341 7276
14329 2 2 0 1 7277 7341 7276
14330 2 2 0 1 7341 7342 7277
14331 2 2 0 1 7278 7342 7277
14332 2 2 0 1 7342 7343 7278
14333 2 2 0 1 7279 7343 7278
14334 2 2 0 1 7343 7344 7279
14335 2 2 0 1 7280 7344 7279
14336 2 2 0 1 7344 7345 7280
14337 2 2 0 1 7282 7346 7281
14338 2 2 0 1 7346 7347 7282
14339 2 2 0 1 7283 7347 7282
14340 2 2 0 1 7347 7348 7283
14341 2 2 0 1 7284 7348 7283
14342 2 2 0 1 7348 7349 7284
14343 2 2 0 1 7285 7349 7284
14344 2 2 0 1 7349 7350 7285
14345 2 2 0 1 7286 7350 7285
14346 2 2 0 1 7350 7351 7286
14347 2 2 0 1 7287 7351 7286
14348 2 2 0 1 7351 7352 7287
14349 2 2 0 1 7288 7352 7287
14350 2 2 0 1 7352 7353 7288
14351 2 2 0 1 7289 7353 7288
14352 2 2 0 1 7353 7354 7289
14353 2 2 0 1 7290 7354 7289
14354 2 2 0 1 7354 7355 7290
14355 2 2 0 1 7291 7355 7290
14356 2 2 0 1 7355 7356 7291
14357 2 2 0 1 7292 7356 7291
14358 2 2 0 1 7356 7357 7292
14359 2 2 0 1 7293 7357 7292
14360 2 2 0 1 7357 7358 7293
14361 2 2 0 1 7294 7358 7293
14362 2 2 0 1 7358 7359 7294
14363 2 2 0 1 7295 7359 7294
14364 2 2 0 1 7359 7360 7295
14365 2 2 0 1 7296 7360 7295
14366 2 2 0 1 7360 7361 7296
14367 2 2 0 1 7297 7361 7296
14368 2 2 0 1 7361 7362 7297
14369 2 2 0 1 7298 7362 7297
14370 2 2 0 1 7362 7363 7298
14371 2 2 0 1 7299 7363 7298
14372 2 2 0 1 7363 7364 7299
14373 2 2 0 1 7300 7364 7299
14374 2 2 0 1 7364 7365 7300
14375 2 2 0 1 7301 7365 7300
14376 2 2 0 1 7365 7366 7301
14377 2 2 0 1 7302 7366 7301
14378 2 2 0 1 7366 7367 7302
14379 2 2 0 1 7303 7367 7302
14380 2 2 0 1 7367 7368 7303
14381 2 2 0 1 7304 7368 7303
14382 2 2 0 1 7368 7369 7304
14383 2 2 0 1 7305 7369 7304
14384 2 2 0 1 7369 7370 7305
14385 2 2 0 1 7306 7370 7305
14386 2 2 0 1 7370 7371 7306
14387 2 2 0 1 7307 7371 7306
14388 2 2 0 1 7371 7372 7307
14389 2 2 0 1 7308 7372 7307
14390 2 2 0 1 7372 7373 7308
14391 2 2 0 1 7309 7373 7308
14392 2 2 0 1 7373 7374 7309
14393 2 2 0 1 7310 7374 7309
14394 2 2 0 1 7374 7375 7310
14395 2 2 0 1 7311 7375 7310
14396 2 2 0 1 7375 7376 7311
14397 2 2 0 1 7312 7376 7311
14398 2 2 0 1 7376 7377 7312
14399 2 2 0 1 7313 7377 7312
14400 2 2 0 1 7377 7378 7313
14401 2 2 0 1 7314 7378 7313
14402 2 2 0 1 7378 7379 7314
14403 2 2 0 1 7315 7379 7314
14404 2 2 0 1 7379 7380 7315
14405 2 2 0 1 7316 7380 7315
14406 2 2 0 1 7380 7381 7316
14407 2 2 0 1 7317 7381 7316
14408 2 2 0 1 7381 7382 7317
14409 2 2 0 1 7318 7382 7317
14410 2 2 0 1 7382 7383 7318
14411 2 2 0 1 7319 7383 7318
14412 2 2 0 1 7383 7384 7319
14413 2 2 0 1 7320 7384 7319
14414 2 2 0 1 7384 7385 7320
14415 2 2 0 1 7321 7385 7320
14416 2 2 0 1 7385 7386 7321
14417 2 2 0 1 7322 7386 7321
14418 2 2 0 1 7386 7387 7322
14419 2 2 0 1 7323 7387 7322
14420 2 2 0 1 7387 7388 7323
14421 2 2 0 1 7324 7388 7323
14422 2 2 0 1 7388 7389 7324
14423 2 2 0 1 7325 7389 7324
14424 2 2 0 1 7389 7390 7325
14425 2 2 0 1 7326 7390 7325
14426 2 2 0 1 7390 7391 7326
14427 2 2 0 1 7327 7391 7326
14428 2 2 0 1 7391 7392 7327
14429 2 2 0 1 7328 7392 7327
14430 2 2 0 1 7392 7393 7328
14431 2 2 0 1 7329 7393 7328
14432 2 2 0 1 7393 7394 7329
14433 2 2 0 1 7330 7394 7329
14434 2 2 0 1 7394 7395 7330
14435 2 2 0 1 7331 7395 7330
14436 2 2 0 1 7395 7396 7331
14437 2 2 0 1 7332 7396 7331
14438 2 2 0 1 7396 7397 7332
14439 2 2 0 1 7333 7397 7332
14440 2 2 0 1 7397 7398 7333
14441 2 2 0 1 7334 7398 7333
14442 2 2 0 1 7398 7399 7334
14443 2 2 0 1 7335 7399 7334
14444 2 2 0 1 7399 7400 7335
14445 2 2 0 1 7336 7400 7335
14446 2 2 0 1 7400 7401 7336
14447 2 2 0 1 7337 7401 7336
14448 2 2 0 1 7401 7402 7337
14449 2 2 0 1 7338 7402 7337
14450 2 2 0 1 7402 7403 7338
14451 2 2 0 1 7339 7403 7338
14452 2 2 0 1 7403 7404 7339
14453 2 2 0 1 7340 7404 7339
14454 2 2 0 1 7404 7405 7340
14455 2 2 0 1 7341 7405 7340
14456 2 2 0 1 7405 7406 7341
14457 2 2 0 1 7342 7406 7341
14458 2 2 0 1 7406 7407 7342
14459 2 2 0 1 7343 7407 7342
14460 2 2 0 1 7407 7408 7343
14461 2 2 0 1 7344 7408 7343
14462 2 2 0 1 7408 7409 7344
14463 2 2 0 1 7345 7409 7344
14464 2 2 0 1 7409 7410 7345
14465 2 2 0 1 7347 7411 7346
14466 2 2 0 1 7411 7412 7347
14467 2 2 0 1 7348 7412 7347
14468 2 2 0 1 7412 7413 7348
14469 2 2 0 1 7349 7413 7348
14470 2 2 0 1 7413 7414 7349
14471 2 2 0 1 7350 7414 7349
14472 2 2 0 1 7414 7415 7350
14473 2 2 0 1 7351 7415 7350
14474 2 2 0 1 7415 7416 7351
14475 2 2 0 1 7352 7416 7351
14476 2 2 0 1 7416 7417 7352
14477 2 2 0 1 7353 7417 7352
14478 2 2 0 1 7417 7418 7353
14479 2 2 0 1 7354 7418 7353
14480 2 2 0 1 7418 7419 7354
14481 2 2 0 1 7355 7419 7354
14482 2 2 0 1 7419 7420 7355
14483 2 2 0 1 7356 7420 7355
14484 2 2 0 1 7420 7421 7356
14485 2 2 0 1 7357 7421 7356
14486 2 2 0 1 7421 7422 7357
14487 2 2 0 1 7358 7422 7357
14488 2 2 0 1 7422 7423 7358
14489 2 2 0 1 7359 7423 7358
14490 2 2 0 1 7423 7424 7359
14491 2 2 0 1 7360 7424 7359
14492 2 2 0 1 7424 7425 7360
14493 2 2 0 1 7361 7425 7360
14494 2 2 0 1 7425 7426 7361
14495 2 2 0 1 7362 7426 7361
14496 2 2 0 1 7426 7427 7362
14497 2 2 0 1 7363 7427 7362
14498 2 2 0 1 7427 7428 7363
14499 2 2 0 1 7364 7428 7363
14500 2 2 0 1 7428 7429 7364
14501 2 2 0 1 7365 7429 7364
14502 2 2 0 1 7429 7430 7365
14503 2 2 0 1 7366 7430 7365
14504 2 2 0 1 7430 7431 7366
14505 2 2 0 1 7367 7431 7366
14506 2 2 0 1 7431 7432 7367
14507 2 2 0 1 7368 7432 7367
14508 2 2 0 1 7432 7433 7368
14509 2 2 0 1 7369 7433 7368
14510 2 2 0 1 7433 7434 7369
14511 2 2 0 1 7370 7434 7369
14512 2 2 0 1 7434 7435 7370
14513 2 2 0 1 7371 7435 7370
14514 2 2 0 1 7435 7436 7371
14515 2 2 0 1 7372 7436 7371
14516 2 2 0 1 7436 7437 7372
14517 2 2 0 1 7373 7437 7372
14518 2 2 0 1 7437 7438 7373
14519 2 2 0 1 7374 7438 7373
14520 2 2 0 1 7438 7439 7374
14521 2 2 0 1 7375 7439 7374
14522 2 2 0 1 7439 7440 7375
14523 2 2 0 1 7376 7440 7375
14524 2 2 0 1 7440 7441 7376
14525 2 2 0 1 7377 7441 7376
14526 2 2 0 1 7441 7442 7377
14527 2 2 0 1 7378 7442 7377
14528 2 2 0 1 7442 7443 7378
14529 2 2 0 1 7379 7443 7378
14530 2 2 0 1 7443 7444 7379
14531 2 2 0 1 7380 7444 7379
14532 2 2 0 1 7444 7445 7380
14533 2 2 0 1 7381 7445 7380
14534 2 2 0 1 7445 7446 7381
14535 2 2 0 1 7382 7446 7381
14536 2 2 0 1 7446 7447 7382
14537 2 2 0 1 7383 7447 7382
14538 2 2 0 1 7447 7448 7383
14539 2 2 0 1 7384 7448 7383
14540 2 2 0 1 7448 7449 7384
14541 2 2 0 1 7385 7449 7384
14542 2 2 0 1 7449 7450 7385
14543 2 2 0 1 7386 7450 7385
14544 2 2 0 1 7450 7451 7386
14545 2 2 0 1 7387 7451 7386
14546 2 2 0 1 7451 7452 7387
14547 2 2 0 1 7388 7452 7387
14548 2 2 0 1 7452 7453 7388
14549 2 2 0 1 7389 7453 7388
14550 2 2 0 1 7453 7454 7389
14551 2 2 0 1 7390 7454 7389
14552 2 2 0 1 7454 7455 7390
14553 2 2 0 1 7391 7455 7390
14554 2 2 0 1 7455 7456 7391
14555 2 2 0 1 7392 7456 7391
14556 2 2 0 1 7456 7457 7392
14557 2 2 0 1 7393 7457 7392
14558 2 2 0 1 7457 7458 7393
14559 2 2 0 1 7394 7458 7393
14560 2 2 0 1 7458 7459 7394
14561 2 2 0 1 7395 7459 7394
14562 2 2 0 1 7459 7460 7395
14563 2 2 0 1 7396 7460 7395
14564 2 2 0 1 7460 7461 7396
14565 2 2 0 1 7397 7461 7396
14566 2 2 0 1 7461 7462 7397
14567 2 2 0 1 7398 7462 7397
14568 2 2 0 1 7462 7463 7398
14569 2 2 0 1 7399 7463 7398
14570 2 2 0 1 7463 7464 7399
14571 2 2 0 1 7400 7464 7399
14572 2 2 0 1 7464 7465 7400
14573 2 2 0 1 7401 7465 7400
14574 2 2 0 1 7465 7466 7401
14575 2 2 0 1 7402 7466 7401
14576 2 2 0 1 7466 7467 7402
14577 2 2 0 1 7403 7467 7402
14578 2 2 0 1 7467 7468 7403
14579 2 2 0 1 7404 7468 7403
14580 2 2 0 1 7468 7469 7404
14581 2 2 0 1 7405 7469 7404
14582 2 2 0 1 7469 7470 7405
14583 2 2 0 1 7406 7470 7405
14584 2 2 0 1 7470 7471 7406
14585 2 2 0 1 7407 7471 7406
14586 2 2 0 1 7471 7472 7407
14587 2 2 0 1 7408 7472 7407
14588 2 2 0 1 7472 7473 7408
14589 2 2 0 1 7409 7473 7408
14590 2 2 0 1 7473 7474 7409
14591 2 2 0 1 7410 7474 7409
14592 2 2 0 1 7474 7475 7410
14593 2 2 0 1 7412 7476 7411
14594 2 2 0 1 7476 7477 7412
14595 2 2 0 1 7413 7477 7412
14596 2 2 0 1 7477 7478 7413
14597 2 2 0 1 7414 7478 7413
14598 2 2 0 1 7478 7479 7414
14599 2 2 0 1 7415 7479 7414
14600 2 2 0 1 7479 7480 7415
14601 2 2 0 1 7416 7480 7415
14602 2 2 0 1 7480 7481 7416
14603 2 2 0 1 7417 7481 7416
14604 2 2 0 1 7481 7482 7417
14605 2 2 0 1 7418 7482 7417
14606 2 2 0 1 7482 7483 7418
14607 2 2 0 1 7419 7483 7418
14608 2 2 0 1 7483 7484 7419
14609 2 2 0 1 7420 7484 7419
14610 2 2 0 1 7484 7485 7420
14611 2 2 0 1 7421 7485 7420
14612 2 2 0 1 7485 7486 7421
14613 2 2 0 1 7422 7486 7421
14614 2 2 0 1 7486 7487 7422
14615 2 2 0 1 7423 7487 7422
14616 2 2 0 1 7487 7488 7423
14617 2 2 0 1 7424 7488 7423
14618 2 2 0 1 7488 7489 7424
14619 2 2 0 1 7425 7489 7424
14620 2 2 0 1 7489 7490 7425
14621 2 2 0 1 7426 7490 7425
14622 2 2 0 1 7490 7491 7426
14623 2 2 0 1 7427 7491 7426
14624 2 2 0 1 7491 7492 7427
14625 2 2 0 1 7428 7492 7427
14626 2 2 0 1 7492 7493 7428
14627 2 2 0 1 7429 7493 7428
14628 2 2 0 1 7493 7494 7429
14629 2 2 0 1 7430 7494 7429
14630 2 2 0 1 7494 7495 7430
14631 2 2 0 1 7431 7495 7430
14632 2 2 0 1 7495 7496 7431
14633 2 2 0 1 7432 7496 7431
14634 2 2 0 1 7496 7497 7432
14635 2 2 0 1 7433 7497 7432
14636 2 2 0 1 7497 7498 7433
14637 2 2 0 1 7434 7498 7433
14638 2 2 0 1 7498 7499 7434
14639 2 2 0 1 7435 7499 7434
14640 2 2 0 1 7499 7500 7435
14641 2 2 0 1 7436 7500 7435
14642 2 2 0 1 7500 7501 7436
14643 2 2 0 1 7437 7501 7436
14644 2 2 0 1 7501 7502 7437
14645 2 2 0 1 7438 7502 7437
14646 2 2 0 1 7502 7503 7438
14647 2 2 0 1 7439 7503 7438
14648 2 2 0 1 7503 7504 7439
14649 2 2 0 1 7440 7504 7439
14650 2 2 0 1 7504 7505 7440
14651 2 2 0 1 7441 7505 7440
14652 2 2 0 1 7505 7506 7441
14653 2 2 0 1 7442 7506 7441
14654 2 2 0 1 7506 7507 7442
14655 2 2 0 1 7443 7507 7442
14656 2 2 0 1 7507 7508 7443
14657 2 2 0 1 7444 7508 7443
14658 2 2 0 1 7508 7509 7444
14659 2 2 0 1 7445 7509 7444
14660 2 2 0 1 7509 7510 7445
14661 2 2 0 1 7446 7510 7445
14662 2 2 0 1 7510 7511 7446
14663 2 2 0 1 7447 7511 7446
14664 2 2 0 1 7511 7512 7447
14665 2 2 0 1 7448 7512 7447
14666 2 2 0 1 7512 7513 7448
14667 2 2 0 1 7449 7513 7448
14668 2 2 0 1 7513 7514 7449
14669 2 2 0 1 7450 7514 7449
14670 2 2 0 1 7514 7515 7450
14671 2 2 0 1 7451 7515 7450
14672 2 2 0 1 7515 7516 7451
14673 2 2 0 1 7452 7516 7451
14674 2 2 0 1 7516 7517 7452
14675 2 2 0 1 7453 7517 7452
14676 2 2 0 1 7517 7518 7453
14677 2 2 0 1 7454 7518 7453
14678 2 2 0 1 7518 7519 7454
14679 2 2 0 1 7455 7519 7454
14680 2 2 0 1 7519 7520 7455
14681 2 2 0 1 7456 7520 7455
14682 2 2 0 1 7520 7521 7456
14683 2 2 0 1 7457 7521 7456
14684 2 2 0 1 7521 7522 7457
14685 2 2 0 1 7458 7522 7457
14686 2 2 0 1 7522 7523 7458
14687 2 2 0 1 7459 7523 7458
14688 2 2 0 1 7523 7524 7459
14689 2 2 0 1 7460 7524 7459
14690 2 2 0 1 7524 7525 7460
14691 2 2 0 1 7461 7525 7460
14692 2 2 0 1 7525 7526 7461
14693 2 2 0 1 7462 7526 7461
14694 2 2 0 1 7526 7527 7462
14695 2 2 0 1 7463 7527 7462
14696 2 2 0 1 7527 7528 7463
14697 2 2 0 1 7464 7528 7463
14698 2 2 0 1 7528 7529 7464
14699 2 2 0 1 7465 7529 7464
14700 2 2 0 1 7529 7530 7465
14701 2 2 0 1 7466 7530 7465
14702 2 2 0 1 7530 7531 7466
14703 2 2 0 1 7467 7531 7466
14704 2 2 0 1 7531 7532 7467
14705 2 2 0 1 7468 7532 7467
14706 2 2 0 1 7532 7533 7468
14707 2 2 0 1 7469 7533 7468
14708 2 2 0 1 7533 7534 7469
14709 2 2 0 1 7470 7534 7469
14710 2 2 0 1 7534 7535 7470
14711 2 2 0 1 7471 7535 7470
14712 2 2 0 1 7535 7536 7471
14713 2 2 0 1 7472 7536 7471
14714 2 2 0 1 7536 7537 7472
14715 2 2 0 1 7473 7537 7472
14716 2 2 0 1 7537 7538 7473
14717 2 2 0 1 7474 7538 7473
14718 2 2 0 1 7538 7539 7474
14719 2 2 0 1 7475 7539 7474
14720 2 2 0 1 7539 7540 7475
14721 2 2 0 1 7477 7541 7476
14722 2 2 0 1 7541 7542 7477
14723 2 2 0 1 7478 7542 7477
14724 2 2 0 1 7542 7543 7478
14725 2 2 0 1 7479 7543 7478
14726 2 2 0 1 7543 7544 7479
14727 2 2 0 1 7480 7544 7479
14728 2 2 0 1 7544 7545 7480
14729 2 2 0 1 7481 7545 7480
14730 2 2 0 1 7545 7546 7481
14731 2 2 0 1 7482 7546 7481
14732 2 2 0 1 7546 7547 7482
14733 2 2 0 1 7483 7547 7482
14734 2 2 0 1 7547 7548 7483
14735 2 2 0 1 7484 7548 7483
14736 2 2 0 1 7548 7549 7484
14737 2 2 0 1 7485 7549 7484
14738 2 2 0 1 7549 7550 7485
14739 2 2 0 1 7486 7550 7485
14740 2 2 0 1 7550 7551 7486
14741 2 2 0 1 7487 7551 7486
14742 2 2 0 1 7551 7552 7487
14743 2 2 0 1 7488 7552 7487
14744 2 2 0 1 7552 7553 7488
14745 2 2 0 1 7489 7553 7488
14746 2 2 0 1 7553 7554 7489
14747 2 2 0 1 7490 7554 7489
14748 2 2 0 1 7554 7555 7490
14749 2 2 0 1 7491 7555 7490
14750 2 2 0 1 7555 7556 7491
14751 2 2 0 1 7492 7556 7491
14752 2 2 0 1 7556 7557 7492
14753 2 2 0 1 7493 7557 7492
14754 2 2 0 1 7557 7558 7493
14755 2 2 0 1 7494 7558 7493
14756 2 2 0 1 7558 7559 7494
14757 2 2 0 1 7495 7559 7494
14758 2 2 0 1 7559 7560 7495
14759 2 2 0 1 7496 7560 7495
14760 2 2 0 1 7560 7561 7496
14761 2 2 0 1 7497 7561 7496
14762 2 2 0 1 7561 7562 7497
14763 2 2 0 1 7498 7562 7497
14764 2 2 0 1 7562 7563 7498
14765 2 2 0 1 7499 7563 7498
14766 2 2 0 1 7563 7564 7499
14767 2 2 0 1 7500 7564 7499
14768 2 2 0 1 7564 7565 7500
14769 2 2 0 1 7501 7565 7500
14770 2 2 0 1 7565 7566 7501
14771 2 2 0 1 7502 7566 7501
14772 2 2 0 1 7566 7567 7502
14773 2 2 0 1 7503 7567 7502
14774 2 2 0 1 7567 7568 7503
14775 2 2 0 1 7504 7568 7503
14776 2 2 0 1 7568 7569 7504
14777 2 2 0 1 7505 7569 7504
14778 2 2 0 1 7569 7570 7505
14779 2 2 0 1 7506 7570 7505
14780 2 2 0 1 7570 7571 7506
14781 2 2 0 1 7507 7571 7506
14782 2 2 0 1 7571 7572 7507
14783 2 2 0 1 7508 7572 7507
14784 2 2 0 1 7572 7573 7508
14785 2 2 0 1 7509 7573 7508
14786 2 2 0 1 7573 7574 7509
14787 2 2 0 1 7510 7574 7509
14788 2 2 0 1 7574 7575 7510
14789 2 2 0 1 7511 7575 7510
14790 2 2 0 1 7575 7576 7511
14791 2 2 0 1 7512 7576 7511
14792 2 2 0 1 7576 7577 7512
14793 2 2 0 1 7513 7577 7512
14794 2 2 0 1 7577 7578 7513
14795 2 2 0 1 7514 7578 7513
14796 2 2 0 1 7578 7579 7514
14797 2 2 0 1 7515 7579 7514
14798 2 2 0 1 7579 7580 7515
14799 2 2 0 1 7516 7580 7515
14800 2 2 0 1 7580 7581 7516
14801 2 2 0 1 7517 7581 7516
14802 2 2 0 1 7581 7582 7517
14803 2 2 0 1 7518 7582 7517
14804 2 2 0 1 7582 7583 7518
14805 2 2 0 1 7519 7583 7518
14806 2 2 0 1 7583 7584 7519
14807 2 2 0 1 7520 7584 7519
14808 2 2 0 1 7584 7585 7520
14809 2 2 0 1 7521 7585 7520
14810 2 2 0 1 7585 7586 7521
14811 2 2 0 1 7522 7586 7521
14812 2 2 0 1 7586 7587 7522
14813 2 2 0 1 7523 7587 7522
14814 2 2 0 1 7587 7588 7523
14815 2 2 0 1 7524 7588 7523
14816 2 2 0 1 7588 7589 7524
14817 2 2 0 1 7525 7589 7524
14818 2 2 0 1 7589 7590 7525
14819 2 2 0 1 7526 7590 7525
14820 2 2 0 1 7590 7591 7526
14821 2 2 0 1 7527 7591 7526
14822 2 2 0 1 7591 7592 7527
14823 2 2 0 1 7528 7592 7527
14824 2 2 0 1 7592 7593 7528
14825 2 2 0 1 7529 7593 7528
14826 2 2 0 1 7593 7594 7529
14827 2 2 0 1 7530 7594 7529
14828 2 2 0 1 7594 7595 7530
14829 2 2 0 1 7531 7595 7530
14830 2 2 0 1 7595 7596 7531
14831 2 2 0 1 7532 7596 7531
14832 2 2 0 1 7596 7597 7532
14833 2 2 0 1 7533 7597 7532
14834 2 2 0 1 7597 7598 7533
14835 2 2 0 1 7534 7598 7533
14836 2 2 0 1 7598 7599 7534
14837 2 2 0 1 7535 7599 7534
14838 2 2 0 1 7599 7600 7535
14839 2 2 0 1 7536 7600 7535
14840 2 2 0 1 7600 7601 7536
14841 2 2 0 1 7537 7601 7536
14842 2 2 0 1 7601 7602 7537
14843 2 2 0 1 7538 7602 7537
14844 2 2 0 1 7602 7603 7538
14845 2 2 0 1 7539 7603 7538
14846 2 2 0 1 7603 7604 7539
14847 2 2 0 1 7540 7604 7539
14848 2 2 0 1 7604 7605 7540
14849 2 2 0 1 7542 7606 7541
14850 2 2 0 1 7606 7607 7542
14851 2 2 0 1 7543 7607 7542
14852 2 2 0 1 7607 7608 7543
14853 2 2 0 1 7544 7608 7543
14854 2 2 0 1 7608 7609 7544
14855 2 2 0 1 7545 7609 7544
14856 2 2 0 1 7609 7610 7545
14857 2 2 0 1 7546 7610 7545
14858 2 2 0 1 7610 7611 7546
14859 2 2 0 1 7547 7611 7546
14860 2 2 0 1 7611 7612 7547
14861 2 2 0 1 7548 7612 7547
14862 2 2 0 1 7612 7613 7548
14863 2 2 0 1 7549 7613 7548
14864 2 2 0 1 7613 7614 7549
14865 2 2 0 1 7550 7614 7549
14866 2 2 0 1 7614 7615 7550
14867 2 2 0 1 7551 7615 7550
14868 2 2 0 1 7615 7616 7551
14869 2 2 0 1 7552 7616 7551
14870 2 2 0 1 7616 7617 7552
14871 2 2 0 1 7553 7617 7552
14872 2 2 0 1 7617 7618 7553
14873 2 2 0 1 7554 7618 7553
14874 2 2 0 1 7618 7619 7554
14875 2 2 0 1 7555 7619 7554
14876 2 2 0 1 7619 7620 7555
14877 2 2 0 1 7556 7620 7555
14878 2 2 0 1 7620 7621 7556
14879 2 2 0 1 7557 7621 7556
14880 2 2 0 1 7621 7622 7557
14881 2 2 0 1 7558 7622 7557
14882 2 2 0 1 7622 7623 7558
14883 2 2 0 1 7559 7623 7558
14884 2 2 0 1 7623 7624 7559
14885 2 2 0 1 7560 7624 7559
14886 2 2 0 1 7624 7625 7560
14887 2 2 0 1 7561 7625 7560
14888 2 2 0 1 7625 7626 7561
14889 2 2 0 1 7562 7626 7561
14890 2 2 0 1 7626 7627 7562
14891 2 2 0 1 7563 7627 7562
14892 2 2 0 1 7627 7628 7563
14893 2 2 0 1 7564 7628 7563
14894 2 2 0 1 7628 7629 7564
14895 2 2 0 1 7565 7629 7564
14896 2 2 0 1 7629 7630 7565
14897 2 2 0 1 7566 7630 7565
14898 2 2 0 1 7630 7631 7566
14899 2 2 0 1 7567 7631 7566
14900 2 2 0 1 7631 7632 7567
14901 2 2 0 1 7568 7632 7567
14902 2 2 0 1 7632 7633 7568
14903 2 2 0 1 7569 7633 7568
14904 2 2 0 1 7633 7634 7569
14905 2 2 0 1 7570 7634 7569
14906 2 2 0 1 7634 7635 7570
14907 2 2 0 1 7571 7635 7570
14908 2 2 0 1 7635 7636 7571
14909 2 2 0 1 7572 7636 7571
14910 2 2 0 1 7636 7637 7572
14911 2 2 0 1 7573 7637 7572
14912 2 2 0 1 7637 7638 7573
14913 2 2 0 1 7574 7638 7573
14914 2 2 0 1 7638 7639 7574
14915 2 2 0 1 7575 7639 7574
14916 2 2 0 1 7639 7640 7575
14917 2 2 0 1 7576 7640 7575
14918 2 2 0 1 7640 7641 7576
14919 2 2 0 1 7577 7641 7576
14920 2 2 0 1 7641 7642 7577
14921 2 2 0 1 7578 7642 7577
14922 2 2 0 1 7642 7643 7578
14923 2 2 0 1 7579 7643 7578
14924 2 2 0 1 7643 7644 7579
14925 2 2 0 1 7580 7644 7579
14926 2 2 0 1 7644 7645 7580
14927 2 2 0 1 7581 7645 7580
14928 2 2 0 1 7645 7646 7581
14929 2 2 0 1 7582 7646 7581
14930 2 2 0 1 7646 7647 7582
14931 2 2 0 1 7583 7647 7582
14932 2 2 0 1 7647 7648 7583
14933 2 2 0 1 7584 7648 7583
14934 2 2 0 1 7648 7649 7584
14935 2 2 0 1 7585 7649 7584
14936 2 2 0 1 7649 7650 7585
14937 2 2 0 1 7586 7650 7585
14938 2 2 0 1 7650 7651 7586
14939 2 2 0 1 7587 7651 7586
14940 2 2 0 1 7651 7652 7587
14941 2 2 0 1 7588 7652 7587
14942 2 2 0 1 7652 7653 7588
14943 2 2 0 1 7589 7653 7588
14944 2 2 0 1 7653 7654 7589
14945 2 2 0 1 7590 7654 7589
14946 2 2 0 1 7654 7655 7590
14947 2 2 0 1 7591 7655 7590
14948 2 2 0 1 7655 7656 7591
14949 2 2 0 1 7592 7656 7591
14950 2 2 0 1 7656 7657 7592
14951 2 2 0 1 7593 7657 7592
14952 2 2 0 1 7657 7658 7593
14953 2 2 0 1 7594 7658 7593
14954 2 2 0 1 7658 7659 7594
14955 2 2 0 1 7595 7659 7594
14956 2 2 0 1 7659 7660 7595
14957 2 2 0 1 7596 7660 7595
14958 2 2 0 1 7660 7661 7596
14959 2 2 0 1 7597 7661 7596
14960 2 2 0 1 7661 7662 7597
14961 2 2 0 1 7598 7662 7597
14962 2 2 0 1 7662 7663 7598
14963 2 2 0 1 7599 7663 7598
14964 2 2 0 1 7663 7664 7599
14965 2 2 0 1 7600 7664 7599
14966 2 2 0 1 7664 7665 7600
14967 2 2 0 1 7601 7665 7600
14968 2 2 0 1 7665 7666 7601
14969 2 2 0 1 7602 7666 7601
14970 2 2 0 1 7666 7667 7602
14971 2 2 0 1 7603 7667 7602
14972 2 2 0 1 7667 7668 7603
14973 2 2 0 1 7604 7668 7603
14974 2 2 0 1 7668 7669 7604
14975 2 2 0 1 7605 7669 7604
14976 2 2 0 1 7669 7670 7605
14977 2 2 0 1 7607 7671 7606
14978 2 2 0 1 7671 7672 7607
14979 2 2 0 1 7608 7672 7607
14980 2 2 0 1 7672 7673 7608
14981 2 2 0 1 7609 7673 7608
14982 2 2 0 1 7673 7674 7609
14983 2 2 0 1 7610 7674 7609
14984 2 2 0 1 7674 7675 7610
14985 2 2 0 1 7611 7675 7610
14986 2 2 0 1 7675 7676 7611
14987 2 2 0 1 7612 7676 7611
14988 2 2 0 1 7676 7677 7612
14989 2 2 0 1 7613 7677 7612
14990 2 2 0 1 7677 7678 7613
14991 2 2 0 1 7614 7678 7613
14992 2 2 0 1 7678 7679 7614
14993 2 2 0 1 7615 7679 7614
14994 2 2 0 1 7679 7680 7615
14995 2 2 0 1 7616 7680 7615
14996 2 2 0 1 7680 7681 7616
14997 2 2 0 1 7617 7681 7616
14998 2 2 0 1 7681 7682 7617
14999 2 2 0 1 7618 7682 7617
15000 2 2 0 1 7682 7683 7618
15001 2 2 0 1 7619 7683 7618
15002 2 2 0 1 7683 7684 7619
15003 2 2 0 1 7620 7684 7619
15004 2 2 0 1 7684 7685 7620
15005 2 2 0 1 7621 7685 7620
15006 2 2 0 1 7685 7686 7621
15007 2 2 0 1 7622 7686 7621
15008 2 2 0 1 7686 7687 7622
15009 2 2 0 1 7623 7687 7622
15010 2 2 0 1 7687 7688 7623
15011 2 2 0 1 7624 7688 7623
15012 2 2 0 1 7688 7689 7624
15013 2 2 0 1 7625 7689 7624
15014 2 2 0 1 7689 7690 7625
15015 2 2 0 1 7626 7690 7625
15016 2 2 0 1 7690 7691 7626
15017 2 2 0 1 7627 7691 7626
15018 2 2 0 1 7691 7692 7627
15019 2 2 0 1 7628 7692 7627
15020 2 2 0 1 7692 7693 7628
15021 2 2 0 1 7629 7693 7628
15022 2 2 0 1 7693 7694 7629
15023 2 2 0 1 7630 7694 7629
15024 2 2 0 1 7694 7695 7630
15025 2 2 0 1 7631 7695 7630
15026 2 2 0 1 7695 7696 7631
15027 2 2 0 1 7632 7696 7631
15028 2 2 0 1 7696 7697 7632
15029 2 2 0 1 7633 7697 7632
15030 2 2 0 1 7697 7698 7633
15031 2 2 0 1 7634 7698 7633
15032 2 2 0 1 7698 7699 7634
15033 2 2 0 1 7635 7699 7634
15034 2 2 0 1 7699 7700 7635
15035 2 2 0 1 7636 7700 7635
15036 2 2 0 1 7700 7701 7636
15037 2 2 0 1 7637 7701 7636
15038 2 2 0 1 7701 7702 7637
15039 2 2 0 1 7638 7702 7637
15040 2 2 0 1 7702 7703 7638
15041 2 2 0 1 7639 7703 7638
15042 2 2 0 1 7703 7704 7639
15043 2 2 0 1 7640 7704 7639
15044 2 2 0 1 7704 7705 7640
15045 2 2 0 1 7641 7705 7640
15046 2 2 0 1 7705 7706 7641
15047 2 2 0 1 7642 7706 7641
15048 2 2 0 1 7706 7707 7642
15049 2 2 0 1 7643 7707 7642
15050 2 2 0 1 7707 7708 7643
15051 2 2 0 1 7644 7708 7643
15052 2 2 0 1 7708 7709 7644
15053 2 2 0 1 7645 7709 7644
15054 2 2 0 1 7709 7710 7645
15055 2 2 0 1 7646 7710 7645
15056 2 2 0 1 7710 7711 7646
15057 2 2 0 1 7647 7711 7646
15058 2 2 0 1 7711 7712 7647
15059 2 2 0 1 7648 7712 7647
15060 2 2 0 1 7712 7713 7648
15061 2 2 0 1 7649 7713 7648
15062 2 2 0 1 7713 7714 7649
15063 2 2 0 1 7650 7714 7649
15064 2 2 0 1 7714 7715 7650
15065 2 2 0 1 7651 7715 7650
15066 2 2 0 1 7715 7716 7651
15067 2 2 0 1 7652 7716 7651
15068 2 2 0 1 7716 7717 7652
15069 2 2 0 1 7653 7717 7652
15070 2 2 0 1 7717 7718 7653
15071 2 2 0 1 7654 7718 7653
15072 2 2 0 1 7718 7719 7654
15073 2 2 0 1 7655 7719 7654
15074 2 2 0 1 7719 7720 7655
15075 2 2 0 1 7656 7720 7655
15076 2 2 0 1 7720 7721 7656
15077 2 2 0 1 7657 7721 7656
15078 2 2 0 1 7721 7722 7657
15079 2 2 0 1 7658 7722 7657
15080 2 2 0 1 7722 7723 7658
15081 2 2 0 1 7659 7723 7658
15082 2 2 0 1 7723 7724 7659
15083 2 2 0 1 7660 7724 7659
15084 2 2 0 1 7724 7725 7660
15085 2 2 0 1 7661 7725 7660
15086 2 2 0 1 7725 7726 7661
15087 2 2 0 1 7662 7726 7661
15088 2 2 0 1 7726 7727 7662
15089 2 2 0 1 7663 7727 7662
15090 2 2 0 1 7727 7728 7663
15091 2 2 0 1 7664 7728 7663
15092 2 2 0 1 7728 7729 7664
15093 2 2 0 1 7665 7729 7664
15094 2 2 0 1 7729 7730 7665
15095 2 2 0 1 7666 7730 7665
15096 2 2 0 1 7730 7731 7666
15097 2 2 0 1 7667 7731 7666
15098 2 2 0 1 7731 7732 7667
15099 2 2 0 1 7668 7732 7667
15100 2 2 0 1 7732 7733 7668
15101 2 2 0 1 7669 7733 7668
15102 2 2 0 1 7733 7734 7669
15103 2 2 0 1 7670 7734 7669
15104 2 2 0 1 7734 7735 7670
15105 2 2 0 1 7672 7736 7671
15106 2 2 0 1 7736 7737 7672
15107 2 2 0 1 7673 7737 7672
15108 2 2 0 1 7737 7738 7673
15109 2 2 0 1 7674 7738 7673
15110 2 2 0 1 7738 7739 7674
15111 2 2 0 1 7675 7739 7674
15112 2 2 0 1 7739 7740 7675
15113 2 2 0 1 7676 7740 7675
15114 2 2 0 1 7740 7741 7676
15115 2 2 0 1 7677 7741 7676
15116 2 2 0 1 7741 7742 7677
15117 2 2 0 1 7678 7742 7677
15118 2 2 0 1 7742 7743 7678
15119 2 2 0 1 7679 7743 7678
15120 2 2 0 1 7743 7744 7679
15121 2 2 0 1 7680 7744 7679
15122 2 2 0 1 7744 7745 7680
15123 2 2 0 1 7681 7745 7680
15124 2 2 0 1 7745 7746 7681
15125 2 2 0 1 7682 7746 7681
15126 2 2 0 1 7746 7747 7682
15127 2 2 0 1 7683 7747 7682
15128 2 2 0 1 7747 7748 7683
15129 2 2 0 1 7684 7748 7683
15130 2 2 0 1 7748 7749 7684
15131 2 2 0 1 7685 7749 7684
15132 2 2 0 1 7749 7750 7685
15133 2 2 0 1 7686 7750 7685
15134 2 2 0 1 7750 7751 7686
15135 2 2 0 1 7687 7751 7686
15136 2 2 0 1 7751 7752 7687
15137 2 2 0 1 7688 7752 7687
15138 2 2 0 1 7752 7753 7688
15139 2 2 0 1 7689 7753 7688
15140 2 2 0 1 7753 7754 7689
15141 2 2 0 1 7690 7754 7689
15142 2 2 0 1 7754 7755 7690
15143 2 2 0 1 7691 7755 7690
15144 2 2 0 1 7755 7756 7691
15145 2 2 0 1 7692 7756 7691
15146 2 2 0 1 7756 7757 7692
15147 2 2 0 1 7693 7757 7692
15148 2 2 0 1 7757 7758 7693
15149 2 2 0 1 7694 7758 7693
15150 2 2 0 1 7758 7759 7694
15151 2 2 0 1 7695 7759 7694
15152 2 2 0 1 7759 7760 7695
15153 2 2 0 1 7696 7760 7695
15154 2 2 0 1 7760 7761 7696
15155 2 2 0 1 7697 7761 7696
15156 2 2 0 1 7761 7762 7697
15157 2 2 0 1 7698 7762 7697
15158 2 2 0 1 7762 7763 7698
15159 2 2 0 1 7699 7763 7698
15160 2 2 0 1 7763 7764 7699
15161 2 2 0 1 7700 7764 7699
15162 2 2 0 1 7764 7765 7700
15163 2 2 0 1 7701 7765 7700
15164 2 2 0 1 7765 7766 7701
15165 2 2 0 1 7702 7766 7701
15166 2 2 0 1 7766 7767 7702
15167 2 2 0 1 7703 7767 7702
15168 2 2 0 1 7767 7768 7703
15169 2 2 0 1 7704 7768 7703
15170 2 2 0 1 7768 7769 7704
15171 2 2 0 1 7705 7769 7704
15172 2 2 0 1 7769 7770 7705
15173 2 2 0 1 7706 7770 7705
15174 2 2 0 1 7770 7771 7706
15175 2 2 0 1 7707 7771 7706
15176 2 2 0 1 7771 7772 7707
15177 2 2 0 1 7708 7772 7707
15178 2 2 0 1 7772 7773 7708
15179 2 2 0 1 7709 7773 7708
15180 2 2 0 1 7773 7774 7709
15181 2 2 0 1 7710 7774 7709
15182 2 2 0 1 7774 7775 7710
15183 2 2 0 1 7711 7775 7710
15184 2 2 0 1 7775 7776 7711
15185 2 2 0 1 7712 7776 7711
15186 2 2 0 1 7776 7777 7712
15187 2 2 0 1 7713 7777 7712
15188 2 2 0 1 7777 7778 7713
15189 2 2 0 1 7714 7778 7713
15190 2 2 0 1 7778 7779 7714
15191 2 2 0 1 7715 7779 7714
15192 2 2 0 1 7779 7780 7715
15193 2 2 0 1 7716 7780 7715
15194 2 2 0 1 7780 7781 7716
15195 2 2 0 1 7717 7781 7716
15196 2 2 0 1 7781 7782 7717
15197 2 2 0 1 7718 7782 7717
15198 2 2 0 1 7782 7783 7718
15199 2 2 0 1 7719 7783 7718
15200 2 2 0 1 7783 7784 7719
15201 2 2 0 1 7720 7784 7719
15202 2 2 0 1 7784 7785 7720
15203 2 2 0 1 7721 7785 7720
15204 2 2 0 1 7785 7786 7721
15205 2 2 0 1 7722 7786 7721
15206 2 2 0 1 7786 7787 7722
15207 2 2 0 1 7723 7787 7722
15208 2 2 0 1 7787 7788 7723
15209 2 2 0 1 7724 7788 7723
15210 2 2 0 1 7788 7789 7724
15211 2 2 0 1 7725 7789 7724
15212 2 2 0 1 7789 7790 7725
15213 2 2 0 1 7726 7790 7725
15214 2 2 0 1 7790 7791 7726
15215 2 2 0 1 7727 7791 7726
15216 2 2 0 1 7791 7792 7727
15217 2 2 0 1 7728 7792 7727
15218 2 2 0 1 7792 7793 7728
15219 2 2 0 1 7729 7793 7728
15220 2 2 0 1 7793 7794 7729
15221 2 2 0 1 7730 7794 7729
15222 2 2 0 1 7794 7795 7730
15223 2 2 0 1 7731 7795 7730
15224 2 2 0 1 7795 7796 7731
15225 2 2 0 1 7732 7796 7731
15226 2 2 0 1 7796 7797 7732
15227 2 2 0 1 7733 7797 7732
15228 2 2 0 1 7797 7798 7733
15229 2 2 0 1 7734 7798 7733
15230 2 2 0 1 7798 7799 7734
15231 2 2 0 1 7735 7799 7734
15232 2 2 0 1 7799 7800 7735
15233 2 2 0 1 7737 7801 7736
15234 2 2 0 1 7801 7802 7737
15235 2 2 0 1 7738 7802 7737
15236 2 2 0 1 7802 7803 7738
15237 2 2 0 1 7739 7803 7738
15238 2 2 0 1 7803 7804 7739
15239 2 2 0 1 7740 7804 7739
15240 2 2 0 1 7804 7805 7740
15241 2 2 0 1 7741 7805 7740
15242 2 2 0 1 7805 7806 7741
15243 2 2 0 1 7742 7806 7741
15244 2 2 0 1 7806 7807 7742
15245 2 2 0 1 7743 7807 7742
15246 2 2 0 1 7807 7808 7743
15247 2 2 0 1 7744 7808 7743
15248 2 2 0 1 7808 7809 7744
15249 2 2 0 1 7745 7809 7744
15250 2 2 0 1 7809 7810 7745
15251 2 2 0 1 7746 7810 7745
15252 2 2 0 1 7810 7811 7746
15253 2 2 0 1 7747 7811 7746
15254 2 2 0 1 7811 7812 7747
15255 2 2 0 1 7748 7812 7747
15256 2 2 0 1 7812 7813 7748
15257 2 2 0 1 7749 7813 7748
15258 2 2 0 1 7813 7814 7749
15259 2 2 0 1 7750 7814 7749
15260 2 2 0 1 7814 7815 7750
15261 2 2 0 1 7751 7815 7750
15262 2 2 0 1 7815 7816 7751
15263 2 2 0 1 7752 7816 7751
15264 2 2 0 1 7816 7817 7752
15265 2 2 0 1 7753 7817 7752
15266 2 2 0 1 7817 7818 7753
15267 2 2 0 1 7754 7818 7753
15268 2 2 0 1 7818 7819 7754
15269 2 2 0 1 7755 7819 7754
15270 2 2 0 1 7819 7820 7755
15271 2 2 0 1 7756 7820 7755
15272 2 2 0 1 7820 7821 7756
15273 2 2 0 1 7757 7821 7756
15274 2 2 0 1 7821 7822 7757
15275 2 2 0 1 7758 7822 7757
15276 2 2 0 1 7822 7823 7758
15277 2 2 0 1 7759 7823 7758
15278 2 2 0 1 7823 7824 7759
15279 2 2 0 1 7760 7824 7759
15280 2 2 0 1 7824 7825 7760
15281 2 2 0 1 7761 7825 7760
15282 2 2 0 1 7825 7826 7761
15283 2 2 0 1 7762 7826 7761
15284 2 2 0 1 7826 7827 7762
15285 2 2 0 1 7763 7827 7762
15286 2 2 0 1 7827 7828 7763
15287 2 2 0 1 7764 7828 7763
15288 2 2 0 1 7828 7829 7764
15289 2 2 0 1 7765 7829 7764
15290 2 2 0 1 7829 7830 7765
15291 2 2 0 1 7766 7830 7765
15292 2 2 0 1 7830 7831 7766
15293 2 2 0 1 7767 7831 7766
15294 2 2 0 1 7831 7832 7767
15295 2 2 0 1 7768 7832 7767
15296 2 2 0 1 7832 7833 7768
15297 2 2 0 1 7769 7833 7768
15298 2 2 0 1 7833 7834 7769
15299 2 2 0 1 7770 7834 7769
15300 2 2 0 1 7834 7835 7770
15301 2 2 0 1 7771 7835 7770
15302 2 2 0 1 7835 7836 7771
15303 2 2 0 1 7772 7836 7771
15304 2 2 0 1 7836 7837 7772
15305 2 2 0 1 7773 7837 7772
15306 2 2 0 1 7837 7838 7773
15307 2 2 0 1 7774 7838 7773
15308 2 2 0 1 7838 7839 7774
15309 2 2 0 1 7775 7839 7774
15310 2 2 0 1 7839 7840 7775
15311 2 2 0 1 7776 7840 7775
15312 2 2 0 1 7840 7841 7776
15313 2 2 0 1 7777 7841 7776
15314 2 2 0 1 7841 7842 7777
15315 2 2 0 1 7778 7842 7777
15316 2 2 0 1 7842 7843 7778
15317 2 2 0 1 7779 7843 7778
15318 2 2 0 1 7843 7844 7779
15319 2 2 0 1 7780 7844 7779
15320 2 2 0 1 7844 7845 7780
15321 2 2 0 1 7781 7845 7780
15322 2 2 0 1 7845 7846 7781
15323 2 2 0 1 7782 7846 7781
15324 2 2 0 1 7846 7847 7782
15325 2 2 0 1 7783 7847 7782
15326 2 2 0 1 7847 7848 7783
15327 2 2 0 1 7784 7848 7783
15328 2 2 0 1 7848 7849 7784
15329 2 2 0 1 7785 7849 7784
15330 2 2 0 1 7849 7850 7785
15331 2 2 0 1 7786 7850 7785
15332 2 2 0 1 7850 7851 7786
15333 2 2 0 1 7787 7851 7786
15334 2 2 0 1 7851 7852 7787
15335 2 2 0 1 7788 7852 7787
15336 2 2 0 1 7852 7853 7788
15337 2 2 0 1 7789 7853 7788
15338 2 2 0 1 7853 7854 7789
15339 2 2 0 1 7790 7854 7789
15340 2 2 0 1 7854 7855 7790
15341 2 2 0 1 7791 7855 7790
15342 2 2 0 1 7855 7856 7791
15343 2 2 0 1 7792 7856 7791
15344 2 2 0 1 7856 7857 7792
15345 2 2 0 1 7793 7857 7792
15346 2 2 0 1 7857 7858 7793
15347 2 2 0 1 7794 7858 7793
15348 2 2 0 1 7858 7859 7794
15349 2 2 0 1 7795 7859 7794
15350 2 2 0 1 7859 7860 7795
15351 2 2 0 1 7796 7860 7795
15352 2 2 0 1 7860 7861 7796
15353 2 2 0 1 7797 7861 7796
15354 2 2 0 1 7861 7862 7797
15355 2 2 0 1 7798 7862 7797
15356 2 2 0 1 7862 7863 7798
15357 2 2 0 1 7799 7863 7798
15358 2 2 0 1 7863 7864 7799
15359 2 2 0 1 7800 7864 7799
15360 2 2 0 1 7864 7865 7800
15361 2 2 0 1 7802 7866 7801
15362 2 2 0 1 7866 7867 7802
15363 2 2 0 1 7803 7867 7802
15364 2 2 0 1 7867 7868 7803
15365 2 2 0 1 7804 7868 7803
15366 2 2 0 1 7868 7869 7804
15367 2 2 0 1 7805 7869 7804
15368 2 2 0 1 7869 7870 7805
15369 2 2 0 1 7806 7870 7805
15370 2 2 0 1 7870 7871 7806
15371 2 2 0 1 7807 7871 7806
15372 2 2 0 1 7871 7872 7807
15373 2 2 0 1 7808 7872 7807
15374 2 2 0 1 7872 7873 7808
15375 2 2 0 1 7809 7873 7808
15376 2 2 0 1 7873 7874 7809
15377 2 2 0 1 7810 7874 7809
15378 2 2 0 1 7874 7875 7810
15379 2 2 0 1 7811 7875 7810
15380 2 2 0 1 7875 7876 7811
15381 2 2 0 1 7812 7876 7811
15382 2 2 0 1 7876 7877 7812
15383 2 2 0 1 7813 7877 7812
15384 2 2 0 1 7877 7878 7813
15385 2 2 0 1 7814 7878 7813
15386 2 2 0 1 7878 7879 7814
15387 2 2 0 1 7815 7879 7814
15388 2 2 0 1 7879 7880 7815
15389 2 2 0 1 7816 7880 7815
15390 2 2 0 1 7880 7881 7816
15391 2 2 0 1 7817 7881 7816
15392 2 2 0 1 7881 7882 7817
15393 2 2 0 1 7818 7882 7817
15394 2 2 0 1 7882 7883 7818
15395 2 2 0 1 7819 7883 7818
15396 2 2 0 1 7883 7884 7819
15397 2 2 0 1 7820 7884 7819
15398 2 2 0 1 7884 7885 7820
15399 2 2 0 1 7821 7885 7820
15400 2 2 0 1 7885 7886 7821
15401 2 2 0 1 7822 7886 7821
15402 2 2 0 1 7886 7887 7822
15403 2 2 0 1 7823 7887 7822
15404 2 2 0 1 7887 7888 7823
15405 2 2 0 1 7824 7888 7823
15406 2 2 0 1 7888 7889 7824
15407 2 2 0 1 7825 7889 7824
15408 2 2 0 1 7889 7890 7825
15409 2 2 0 1 7826 7890 7825
15410 2 2 0 1 7890 7891 7826
15411 2 2 0 1 7827 7891 7826
15412 2 2 0 1 7891 7892 7827
15413 2 2 0 1 7828 7892 7827
15414 2 2 0 1 7892 7893 7828
15415 2 2 0 1 7829 7893 7828
15416 2 2 0 1 7893 7894 7829
15417 2 2 0 1 7830 7894 7829
15418 2 2 0 1 7894 7895 7830
15419 2 2 0 1 7831 7895 7830
15420 2 2 0 1 7895 7896 7831
15421 2 2 0 1 7832 7896 7831
15422 2 2 0 1 7896 7897 7832
15423 2 2 0 1 7833 7897 7832
15424 2 2 0 1 7897 7898 7833
15425 2 2 0 1 7834 7898 7833
15426 2 2 0 1 7898 7899 7834
15427 2 2 0 1 7835 7899 7834
15428 2 2 0 1 7899 7900 7835
15429 2 2 0 1 7836 7900 7835
15430 2 2 0 1 7900 7901 7836
15431 2 2 0 1 7837 7901 7836
15432 2 2 0 1 7901 7902 7837
15433 2 2 0 1 7838 7902 7837
15434 2 2 0 1 7902 7903 7838
15435 2 2 0 1 7839 7903 7838
15436 2 2 0 1 7903 7904 7839
15437 2 2 0 1 7840 7904 7839
15438 2 2 0 1 7904 7905 7840
15439 2 2 0 1 7841 7905 7840
15440 2 2 0 1 7905 7906 7841
15441 2 2 0 1 7842 7906 7841
15442 2 2 0 1 7906 7907 7842
15443 2 2 0 1 7843 7907 7842
15444 2 2 0 1 7907 7908 7843
15445 2 2 0 1 7844 7908 7843
15446 2 2 0 1 7908 7909 7844
15447 2 2 0 1 7845 7909 7844
15448 2 2 0 1 7909 7910 7845
15449 2 2 0 1 7846 7910 7845
15450 2 2 0 1 7910 7911 7846
15451 2 2 0 1 7847 7911 7846
15452 2 2 0 1 7911 7912 7847
15453 2 2 0 1 7848 7912 7847
15454 2 2 0 1 7912 7913 7848
15455 2 2 0 1 7849 7913 7848
15456 2 2 0 1 7913 7914 7849
15457 2 2 0 1 7850 7914 7849
15458 2 2 0 1 7914 7915 7850
15459 2 2 0 1 7851 7915 7850
15460 2 2 0 1 7915 7916 7851
15461 2 2 0 1 7852 7916 7851
15462 2 2 0 1 7916 7917 7852
15463 2 2 0 1 7853 7917 7852
15464 2 2 0 1 7917 7918 7853
15465 2 2 0 1 7854 7918 7853
15466 2 2 0 1 7918 7919 7854
15467 2 2 0 1 7855 7919 7854
15468 2 2 0 1 7919 7920 7855
15469 2 2 0 1 7856 7920 7855
15470 2 2 0 1 7920 7921 7856
15471 2 2 0 1 7857 7921 7856
15472 2 2 0 1 7921 7922 7857
15473 2 2 0 1 7858 7922 7857
15474 2 2 0 1 7922 7923 7858
15475 2 2 0 1 7859 7923 7858
15476 2 2 0 1 7923 7924 7859
15477 2 2 0 1 7860 7924 7859
15478 2 2 0 1 7924 7925 7860
15479 2 2 0 1 7861 7925 7860
15480 2 2 0 1 7925 7926 7861
15481 2 2 0 1 7862 7926 7861
15482 2 2 0 1 7926 7927 7862
15483 2 2 0 1 7863 7927 7862
15484 2 2 0 1 7927 7928 7863
15485 2 2 0 1 7864 7928 7863
15486 2 2 0 1 7928 7929 7864
15487 2 2 0 1 7865 7929 7864
15488 2 2 0 1 7929 7930 7865
15489 2 2 0 1 7867 7931 7866
15490 2 2 0 1 7931 7932 7867
15491 2 2 0 1 7868 7932 7867
15492 2 2 0 1 7932 7933 7868
15493 2 2 0 1 7869 7933 7868
15494 2 2 0 1 7933 7934 7869
15495 2 2 0 1 7870 7934 7869
15496 2 2 0 1 7934 7935 7870
15497 2 2 0 1 7871 7935 7870
15498 2 2 0 1 7935 7936 7871
15499 2 2 0 1 7872 7936 7871
15500 2 2 0 1 7936 7937 7872
15501 2 2 0 1 7873 7937 7872
15502 2 2 0 1 7937 7938 7873
15503 2 2 0 1 7874 7938 7873
15504 2 2 0 1 7938 7939 7874
15505 2 2 0 1 7875 7939 7874
15506 2 2 0 1 7939 7940 7875
15507 2 2 0 1 7876 7940 7875
15508 2 2 0 1 7940 7941 7876
15509 2 2 0 1 7877 7941 7876
15510 2 2 0 1 7941 7942 7877
15511 2 2 0 1 7878 7942 7877
15512 2 2 0 1 7942 7943 7878
15513 2 2 0 1 7879 7943 7878
15514 2 2 0 1 7943 7944 7879
15515 2 2 0 1 7880 7944 7879
15516 2 2 0 1 7944 7945 7880
15517 2 2 0 1 7881 7945 7880
15518 2 2 0 1 7945 7946 7881
15519 2 2 0 1 7882 7946 7881
15520 2 2 0 1 7946 7947 7882
15521 2 2 0 1 7883 7947 7882
15522 2 2 0 1 7947 7948 7883
15523 2 2 0 1 7884 7948 7883
15524 2 2 0 1 7948 7949 7884
15525 2 2 0 1 7885 7949 7884
15526 2 2 0 1 7949 7950 7885
15527 2 2 0 1 7886 7950 7885
15528 2 2 0 1 7950 7951 7886
15529 2 2 0 1 7887 7951 7886
15530 2 2 0 1 7951 7952 7887
15531 2 2 0 1 7888 7952 7887
15532 2 2 0 1 7952 7953 7888
15533 2 2 0 1 7889 7953 7888
15534 2 2 0 1 7953 7954 7889
15535 2 2 0 1 7890 7954 7889
15536 2 2 0 1 7954 7955 7890
15537 2 2 0 1 7891 7955 7890
15538 2 2 0 1 7955 7956 7891
15539 2 2 0 1 7892 7956 7891
15540 2 2 0 1 7956 7957 7892
15541 2 2 0 1 7893 7957 7892
15542 2 2 0 1 7957 7958 7893
15543 2 2 0 1 7894 7958 7893
15544 2 2 0 1 7958 7959 7894
15545 2 2 0 1 7895 7959 7894
15546 2 2 0 1 7959 7960 7895
15547 2 2 0 1 7896 7960 7895
15548 2 2 0 1 7960 7961 7896
15549 2 2 0 1 7897 7961 7896
15550 2 2 0 1 7961 7962 7897
15551 2 2 0 1 7898 7962 7897
15552 2 2 0 1 7962 7963 7898
15553 2 2 0 1 7899 7963 7898
15554 2 2 0 1 7963 7964 7899
15555 2 2 0 1 7900 7964 7899
15556 2 2 0 1 7964 7965 7900
15557 2 2 0 1 7901 7965 7900
15558 2 2 0 1 7965 7966 7901
15559 2 2 0 1 7902 7966 7901
15560 2 2 0 1 7966 7967 7902
15561 2 2 0 1 7903 7967 7902
15562 2 2 0 1 7967 7968 7903
15563 2 2 0 1 7904 7968 7903
15564 2 2 0 1 7968 7969 7904
15565 2 2 0 1 7905 7969 7904
15566 2 2 0 1 7969 7970 7905
15567 2 2 0 1 7906 7970 7905
15568 2 2 0 1 7970 7971 7906
15569 2 2 0 1 7907 7971 7906
15570 2 2 0 1 7971 7972 7907
15571 2 2 0 1 7908 7972 7907
15572 2 2 0 1 7972 7973 7908
15573 2 2 0 1 7909 7973 7908
15574 2 2 0 1 7973 7974 7909
15575 2 2 0 1 7910 7974 7909
15576 2 2 0 1 7974 7975 7910
15577 2 2 0 1 7911 7975 7910
15578 2 2 0 1 7975 7976 7911
15579 2 2 0 1 7912 7976 7911
15580 2 2 0 1 7976 7977 7912
15581 2 2 0 1 7913 7977 7912
15582 2 2 0 1 7977 7978 7913
15583 2 2 0 1 7914 7978 7913
15584 2 2 0 1 7978 7979 7914
15585 2 2 0 1 7915 7979 7914
15586 2 2 0 1 7979 7980 7915
15587 2 2 0 1 7916 7980 7915
15588 2 2 0 1 7980 7981 7916
15589 2 2 0 1 7917 7981 7916
15590 2 2 0 1 7981 7982 7917
15591 2 2 0 1 7918 7982 7917
15592 2 2 0 1 7982 7983 7918
15593 2 2 0 1 7919 7983 7918
15594 2 2 0 1 7983 7984 7919
15595 2 2 0 1 7920 7984 7919
15596 2 2 0 1 7984 7985 7920
15597 2 2 0 1 7921 7985 7920
15598 2 2 0 1 7985 7986 7921
15599 2 2 0 1 7922 7986 7921
15600 2 2 0 1 7986 7987 7922
15601 2 2 0 1 7923 7987 7922
15602 2 2 0 1 7987 7988 7923
15603 2 2 0 1 7924 7988 7923
15604 2 2 0 1 7988 7989 7924
15605 2 2 0 1 7925 7989 7924
15606 2 2 0 1 7989 7990 7925
15607 2 2 0 1 7926 7990 7925
15608 2 2 0 1 7990 7991 7926
15609 2 2 0 1 7927 7991 7926
15610 2 2 0 1 7991 7992 7927
15611 2 2 0 1 7928 7992 7927
15612 2 2 0 1 7992 7993 7928
15613 2 2 0 1 7929 7993 7928
15614 2 2 0 1 7993 7994 7929
15615 2 2 0 1 7930 7994 7929
15616 2 2 0 1 7994 7995 7930
15617 2 2 0 1 7932 7996 7931
15618 2 2 0 1 7996 7997 7932
15619 2 2 0 1 7933 7997 7932
15620 2 2 0 1 7997 7998 7933
15621 2 2 0 1 7934 7998 7933
15622 2 2 0 1 7998 7999 7934
15623 2 2 0 1 7935 7999 7934
15624 2 2 0 1 7999 8000 7935
15625 2 2 0 1 7936 8000 7935
15626 2 2 0 1 8000 8001 7936
15627 2 2 0 1 7937 8001 7936
15628 2 2 0 1 8001 8002 7937
15629 2 2 0 1 7938 8002 7937
15630 2 2 0 1 8002 8003 7938
15631 2 2 0 1 7939 8003 7938
15632 2 2 0 1 8003 8004 7939
15633 2 2 0 1 7940 8004 7939
15634 2 2 0 1 8004 8005 7940
15635 2 2 0 1 7941 8005 7940
15636 2 2 0 1 8005 8006 7941
15637 2 2 0 1 7942 8006 7941
15638 2 2 0 1 8006 8007 7942
15639 2 2 0 1 7943 8007 7942
15640 2 2 0 1 8007 8008 7943
15641 2 2 0 1 7944 8008 7943
15642 2 2 0 1 8008 8009 7944
15643 2 2 0 1 7945 8009 7944
15644 2 2 0 1 8009 8010 7945
15645 2 2 0 1 7946 8010 7945
15646 2 2 0 1 8010 8011 7946
15647 2 2 0 1 7947 8011 7946
15648 2 2 0 1 8011 8012 7947
15649 2 2 0 1 7948 8012 7947
15650 2 2 0 1 8012 8013 7948
15651 2 2 0 1 7949 8013 7948
15652 2 2 0 1 8013 8014 7949
15653 2 2 0 1 7950 8014 7949
15654 2 2 0 1 8014 8015 7950
15655 2 2 0 1 7951 8015 7950
15656 2 2 0 1 8015 8016 7951
15657 2 2 0 1 7952 8016 7951
15658 2 2 0 1 8016 8017 7952
15659 2 2 0 1 7953 8017 7952
15660 2 2 0 1 8017 8018 7953
15661 2 2 0 1 7954 8018 7953
15662 2 2 0 1 8018 8019 7954
15663 2 2 0 1 7955 8019 7954
15664 2 2 0 1 8019 8020 7955
15665 2 2 0 1 7956 8020 7955
15666 2 2 0 1 8020 8021 7956
15667 2 2 0 1 7957 8021 7956
15668 2 2 0 1 8021 8022 7957
15669 2 2 0 1 7958 8022 7957
15670 2 2 0 1 8022 8023 7958
15671 2 2 0 1 7959 8023 7958
15672 2 2 0 1 8023 8024 7959
15673 2 2 0 1 7960 8024 7959
15674 2 2 0 1 8024 8025 7960
15675 2 2 0 1 7961 8025 7960
15676 2 2 0 1 8025 8026 7961
15677 2 2 0 1 7962 8026 7961
15678 2 2 0 1 8026 8027 7962
15679 2 2 0 1 7963 8027 7962
15680 2 2 0 1 8027 8028 7963
15681 2 2 0 1 7964 8028 7963
15682 2 2 0 1 8028 8029 7964
15683 2 2 0 1 7965 8029 7964
15684 2 2 0 1 8029 8030 7965
15685 2 2 0 1 7966 8030 7965
15686 2 2 0 1 8030 8031 7966
15687 2 2 0 1 7967 8031 7966
15688 2 2 0 1 8031 8032 7967
15689 2 2 0 1 7968 8032 7967
15690 2 2 0 1 8032 8033 7968
15691 2 2 0 1 7969 8033 7968
15692 2 2 0 1 8033 8034 7969
15693 2 2 0 1 7970 8034 7969
15694 2 2 0 1 8034 8035 7970
15695 2 2 0 1 7971 8035 7970
15696 2 2 0 1 8035 8036 7971
15697 2 2 0 1 7972 8036 7971
15698 2 2 0 1 8036 8037 7972
15699 2 2 0 1 7973 8037 7972
15700 2 2 0 1 8037 8038 7973
15701 2 2 0 1 7974 8038 7973
15702 2 2 0 1 8038 8039 7974
15703 2 2 0 1 7975 8039 7974
15704 2 2 0 1 8039 8040 7975
15705 2 2 0 1 7976 8040 7975
15706 2 2 0 1 8040 8041 7976
15707 2 2 0 1 7977 8041 7976
15708 2 2 0 1 8041 8042 7977
15709 2 2 0 1 7978 8042 7977
15710 2 2 0 1 8042 8043 7978
15711 2 2 0 1 7979 8043 7978
15712 2 2 0 1 8043 8044 7979
15713 2 2 0 1 7980 8044 7979
15714 2 2 0 1 8044 8045 7980
15715 2 2 0 1 7981 8045 7980
15716 2 2 0 1 8045 8046 7981
15717 2 2 0 1 7982 8046 7981
15718 2 2 0 1 8046 8047 7982
15719 2 2 0 1 7983 8047 7982
15720 2 2 0 1 8047 8048 7983
15721 2 2 0 1 7984 8048 7983
15722 2 2 0 1 8048 8049 7984
15723 2 2 0 1 7985 8049 7984
15724 2 2 0 1 8049 8050 7985
15725 2 2 0 1 7986 8050 7985
15726 2 2 0 1 8050 8051 7986
15727 2 2 0 1 7987 8051 7986
15728 2 2 0 1 8051 8052 7987
15729 2 2 0 1 7988 8052 7987
15730 2 2 0 1 8052 8053 7988
15731 2 2 0 1 7989 8053 7988
15732 2 2 0 1 8053 8054 7989
15733 2 2 0 1 7990 8054 7989
15734 2 2 0 1 8054 8055 7990
15735 2 2 0 1 7991 8055 7990
15736 2 2 0 1 8055 8056 7991
15737 2 2 0 1 7992 8056 7991
15738 2 2 0 1 8056 8057 7992
15739 2 2 0 1 7993 8057 7992
15740 2 2 0 1 8057 8058 7993
15741 2 2 0 1 7994 8058 7993
15742 2 2 0 1 8058 8059 7994
15743 2 2 0 1 7995 8059 7994
15744 2 2 0 1 8059 8060 7995
15745 2 2 0 1 7997 8061 7996
15746 2 2 0 1 8061 8062 7997
15747 2 2 0 1 7998 8062 7997
15748 2 2 0 1 8062 8063 7998
15749 2 2 0 1 7999 8063 7998
15750 2 2 0 1 8063 8064 7999
15751 2 2 0 1 8000 8064 7999
15752 2 2 0 1 8064 8065 8000
15753 2 2 0 1 8001 8065 8000
15754 2 2 0 1 8065 8066 8001
15755 2 2 0 1 8002 8066 8001
15756 2 2 0 1 8066 8067 8002
15757 2 2 0 1 8003 8067 8002
15758 2 2 0 1 8067 8068 8003
15759 2 2 0 1 8004 8068 8003
15760 2 2 0 1 8068 8069 8004
15761 2 2 0 1 8005 8069 8004
15762 2 2 0 1 8069 8070 8005
15763 2 2 0 1 8006 8070 8005
15764 2 2 0 1 8070 8071 8006
15765 2 2 0 1 8007 8071 8006
15766 2 2 0 1 8071 8072 8007
15767 2 2 0 1 8008 8072 8007
15768 2 2 0 1 8072 8073 8008
15769 2 2 0 1 8009 8073 8008
15770 2 2 0 1 8073 8074 8009
15771 2 2 0 1 8010 8074 8009
15772 2 2 0 1 8074 8075 8010
15773 2 2 0 1 8011 8075 8010
15774 2 2 0 1 8075 8076 8011
15775 2 2 0 1 8012 8076 8011
15776 2 2 0 1 8076 8077 8012
15777 2 2 0 1 8013 8077 8012
15778 2 2 0 1 8077 8078 8013
15779 2 2 0 1 8014 8078 8013
15780 2 2 0 1 8078 8079 8014
15781 2 2 0 1 8015 8079 8014
15782 2 2 0 1 8079 8080 8015
15783 2 2 0 1 8016 8080 8015
15784 2 2 0 1 8080 8081 8016
15785 2 2 0 1 8017 8081 8016
15786 2 2 0 1 8081 8082 8017
15787 2 2 0 1 8018 8082 8017
15788 2 2 0 1 8082 8083 8018
15789 2 2 0 1 8019 8083 8018
15790 2 2 0 1 8083 8084 8019
15791 2 2 0 1 8020 8084 8019
15792 2 2 0 1 8084 8085 8020
15793 2 2 0 1 8021 8085 8020
15794 2 2 0 1 8085 8086 8021
15795 2 2 0 1 8022 8086 8021
15796 2 2 0 1 8086 8087 8022
15797 2 2 0 1 8023 8087 8022
15798 2 2 0 1 8087 8088 8023
15799 2 2 0 1 8024 8088 8023
15800 2 2 0 1 8088 8089 8024
15801 2 2 0 1 8025 8089 8024
15802 2 2 0 1 8089 8090 8025
15803 2 2 0 1 8026 8090 8025
15804 2 2 0 1 8090 8091 8026
15805 2 2 0 1 8027 8091 8026
15806 2 2 0 1 8091 8092 8027
15807 2 2 0 1 8028 8092 8027
15808 2 2 0 1 8092 8093 8028
15809 2 2 0 1 8029 8093 8028
15810 2 2 0 1 8093 8094 8029
15811 2 2 0 1 8030 8094 8029
15812 2 2 0 1 8094 8095 8030
15813 2 2 0 1 8031 8095 8030
15814 2 2 0 1 8095 8096 8031
15815 2 2 0 1 8032 8096 8031
15816 2 2 0 1 8096 8097 8032
15817 2 2 0 1 8033 8097 8032
15818 2 2 0 1 8097 8098 8033
15819 2 2 0 1 8034 8098 8033
15820 2 2 0 1 8098 8099 8034
15821 2 2 0 1 8035 8099 8034
15822 2 2 0 1 8099 8100 8035
15823 2 2 0 1 8036 8100 8035
15824 2 2 0 1 8100 8101 8036
15825 2 2 0 1 8037 8101 8036
15826 2 2 0 1 8101 8102 8037
15827 2 2 0 1 8038 8102 8037
15828 2 2 0 1 8102 8103 8038
15829 2 2 0 1 8039 8103 8038
15830 2 2 0 1 8103 8104 8039
15831 2 2 0 1 8040 8104 8039
15832 2 2 0 1 8104 8105 8040
15833 2 2 0 1 8041 8105 8040
15834 2 2 0 1 8105 8106 8041
15835 2 2 0 1 8042 8106 8041
15836 2 2 0 1 8106 8107 8042
15837 2 2 0 1 8043 8107 8042
15838 2 2 0 1 8107 8108 8043
15839 2 2 0 1 8044 8108 8043
15840 2 2 0 1 8108 8109 8044
15841 2 2 0 1 8045 8109 8044
15842 2 2 0 1 8109 8110 8045
15843 2 2 0 1 8046 8110 8045
15844 2 2 0 1 8110 8111 8046
15845 2 2 0 1 8047 8111 8046
15846 2 2 0 1 8111 8112 8047
15847 2 2 0 1 8048 8112 8047
15848 2 2 0 1 8112 8113 8048
15849 2 2 0 1 8049 8113 8048
15850 2 2 0 1 8113 8114 8049
15851 2 2 0 1 8050 8114 8049
15852 2 2 0 1 8114 8115 8050
15853 2 2 0 1 8051 8115 8050
15854 2 2 0 1 8115 8116 8051
15855 2 2 0 1 8052 8116 8051
15856 2 2 0 1 8116 8117 8052
15857 2 2 0 1 8053 8117 8052
15858 2 2 0 1 8117 8118 8053
15859 2 2 0 1 8054 8118 8053
15860 2 2 0 1 8118 8119 8054
15861 2 2 0 1 8055 8119 8054
15862 2 2 0 1 8119 8120 8055
15863 2 2 0 1 8056 8120 8055
15864 2 2 0 1 8120 8121 8056
15865 2 2 0 1 8057 8121 8056
15866 2 2 0 1 8121 8122 8057
15867 2 2 0 1 8058 8122 8057
15868 2 2 0 1 8122 8123 8058
15869 2 2 0 1 8059 8123 8058
15870 2 2 0 1 8123 8124 8059
15871 2 2 0 1 8060 8124 8059
15872 2 2 0 1 8124 8125 8060
15873 2 2 0 1 8062 8126 8061
15874 2 2 0 1 8126 8127 8062
15875 2 2 0 1 8063 8127 8062
15876 2 2 0 1 8127 8128 8063
15877 2 2 0 1 8064 8128 8063
15878 2 2 0 1 8128 8129 8064
15879 2 2 0 1 8065 8129 8064
15880 2 2 0 1 8129 8130 8065
15881 2 2 0 1 8066 8130 8065
15882 2 2 0 1 8130 8131 8066
15883 2 2 0 1 8067 8131 8066
15884 2 2 0 1 8131 8132 8067
15885 2 2 0 1 8068 8132 8067
15886 2 2 0 1 8132 8133 8068
15887 2 2 0 1 8069 8133 8068
15888 2 2 0 1 8133 8134 8069
15889 2 2 0 1 8070 8134 8069
15890 2 2 0 1 8134 8135 8070
15891 2 2 0 1 8071 8135 8070
15892 2 2 0 1 8135 8136 8071
15893 2 2 0 1 8072 8136 8071
15894 2 2 0 1 8136 8137 8072
15895 2 2 0 1 8073 8137 8072
15896 2 2 0 1 8137 8138 8073
15897 2 2 0 1 8074 8138 8073
15898 2 2 0 1 8138 8139 8074
15899 2 2 0 1 8075 8139 8074
15900 2 2 0 1 8139 8140 8075
15901 2 2 0 1 8076 8140 8075
15902 2 2 0 1 8140 8141 8076
15903 2 2 0 1 8077 8141 8076
15904 2 2 0 1 8141 8142 8077
15905 2 2 0 1 8078 8142 8077
15906 2 2 0 1 8142 8143 8078
15907 2 2 0 1 8079 8143 8078
15908 2 2 0 1 8143 8144 8079
15909 2 2 0 1 8080 8144 8079
15910 2 2 0 1 8144 8145 8080
15911 2 2 0 1 8081 8145 8080
15912 2 2 0 1 8145 8146 8081
15913 2 2 0 1 8082 8146 8081
15914 2 2 0 1 8146 8147 8082
15915 2 2 0 1 8083 8147 8082
15916 2 2 0 1 8147 8148 8083
15917 2 2 0 1 8084 8148 8083
15918 2 2 0 1 8148 8149 8084
15919 2 2 0 1 8085 8149 8084
15920 2 2 0 1 8149 8150 8085
15921 2 2 0 1 8086 8150 8085
15922 2 2 0 1 8150 8151 8086
15923 2 2 0 1 8087 8151 8086
15924 2 2 0 1 8151 8152 8087
15925 2 2 0 1 8088 8152 8087
15926 2 2 0 1 8152 8153 8088
15927 2 2 0 1 8089 8153 8088
15928 2 2 0 1 8153 8154 8089
15929 2 2 0 1 8090 8154 8089
15930 2 2 0 1 8154 8155 8090
15931 2 2 0 1 8091 8155 8090
15932 2 2 0 1 8155 8156 8091
15933 2 2 0 1 8092 8156 8091
15934 2 2 0 1 8156 8157 8092
15935 2 2 0 1 8093 8157 8092
15936 2 2 0 1 8157 8158 8093
15937 2 2 0 1 8094 8158 8093
15938 2 2 0 1 8158 8159 8094
15939 2 2 0 1 8095 8159 8094
15940 2 2 0 1 8159 8160 8095
15941 2 2 0 1 8096 8160 8095
15942 2 2 0 1 8160 8161 8096
15943 2 2 0 1 8097 8161 8096
15944 2 2 0 1 8161 8162 8097
15945 2 2 0 1 8098 8162 8097
15946 2 2 0 1 8162 8163 8098
15947 2 2 0 1 8099 8163 8098
15948 2 2 0 1 8163 8164 8099
15949 2 2 0 1 8100 8164 8099
15950 2 2 0 1 8164 8165 8100
15951 2 2 0 1 8101 8165 8100
15952 2 2 0 1 8165 8166 8101
15953 2 2 0 1 8102 8166 8101
15954 2 2 0 1 8166 8167 8102
15955 2 2 0 1 8103 8167 8102
15956 2 2 0 1 8167 8168 8103
15957 2 2 0 1 8104 8168 8103
15958 2 2 0 1 8168 8169 8104
15959 2 2 0 1 8105 8169 8104
15960 2 2 0 1 8169 8170 8105
15961 2 2 0 1 8106 8170 8105
15962 2 2 0 1 8170 8171 8106
15963 2 2 0 1 8107 8171 8106
15964 2 2 0 1 8171 8172 8107
15965 2 2 0 1 8108 8172 8107
15966 2 2 0 1 8172 8173 8108
15967 2 2 0 1 8109 8173 8108
15968 2 2 0 1 8173 8174 8109
15969 2 2 0 1 8110 8174 8109
15970 2 2 0 1 8174 8175 8110
15971 2 2 0 1 8111 8175 8110
15972 2 2 0 1 8175 8176 8111
15973 2 2 0 1 8112 8176 8111
15974 2 2 0 1 8176 8177 8112
15975 2 2 0 1 8113 8177 8112
15976 2 2 0 1 8177 8178 8113
15977 2 2 0 1 8114 8178 8113
15978 2 2 0 1 8178 8179 8114
15979 2 2 0 1 8115 8179 8114
15980 2 2 0 1 8179 8180 8115
15981 2 2 0 1 8116 8180 8115
15982 2 2 0 1 8180 8181 8116
15983 2 2 0 1 8117 8181 8116
15984 2 2 0 1 8181 8182 8117
15985 2 2 0 1 8118 8182 8117
15986 2 2 0 1 8182 8183 8118
15987 2 2 0 1 8119 8183 8118
15988 2 2 0 1 8183 8184 8119
15989 2 2 0 1 8120 8184 8119
15990 2 2 0 1 8184 8185 8120
15991 2 2 0 1 8121 8185 8120
15992 2 2 0 1 8185 8186 8121
15993 2 2 0 1 8122 8186 8121
15994 2 2 0 1 8186 8187 8122
15995 2 2 0 1 8123 8187 8122
15996 2 2 0 1 8187 8188 8123
15997 2 2 0 1 8124 8188 8123
15998 2 2 0 1 8188 8189 8124
15999 2 2 0 1 8125 8189 8124
16000 2 2 0 1 8189 8190 8125
16001 2 2 0 1 8127 8191 8126
16002 2 2 0 1 8191 8192 8127
16003 2 2 0 1 8128 8192 8127
16004 2 2 0 1 8192 8193 8128
16005 2 2 0 1 8129 8193 8128
16006 2 2 0 1 8193 8194 8129
16007 2 2 0 1 8130 8194 8129
16008 2 2 0 1 8194 8195 8130
16009 2 2 0 1 8131 8195 8130
16010 2 2 0 1 8195 8196 8131
16011 2 2 0 1 8132 8196 8131
16012 2 2 0 1 8196 8197 8132
16013 2 2 0 1 8133 8197 8132
16014 2 2 0 1 8197 8198 8133
16015 2 2 0 1 8134 8198 8133
16016 2 2 0 1 8198 8199 8134
16017 2 2 0 1 8135 8199 8134
16018 2 2 0 1 8199 8200 8135
16019 2 2 0 1 8136 8200 8135
16020 2 2 0 1 8200 8201 8136
16021 2 2 0 1 8137 8201 8136
16022 2 2 0 1 8201 8202 8137
16023 2 2 0 1 8138 8202 8137
16024 2 2 0 1 8202 8203 8138
16025 2 2 0 1 8139 8203 8138
16026 2 2 0 1 8203 8204 8139
16027 2 2 0 1 8140 8204 8139
16028 2 2 0 1 8204 8205 8140
16029 2 2 0 1 8141 8205 8140
16030 2 2 0 1 8205 8206 8141
16031 2 2 0 1 8142 8206 8141
16032 2 2 0 1 8206 8207 8142
16033 2 2 0 1 8143 8207 8142
16034 2 2 0 1 8207 8208 8143
16035 2 2 0 1 8144 8208 8143
16036 2 2 0 1 8208 8209 8144
16037 2 2 0 1 8145 8209 8144
16038 2 2 0 1 8209 8210 8145
16039 2 2 0 1 8146 8210 8145
16040 2 2 0 1 8210 8211 8146
16041 2 2 0 1 8147 8211 8146
16042 2 2 0 1 8211 8212 8147
16043 2 2 0 1 8148 8212 8147
16044 2 2 0 1 8212 8213 8148
16045 2 2 0 1 8149 8213 8148
16046 2 2 0 1 8213 8214 8149
16047 2 2 0 1 8150 8214 8149
16048 2 2 0 1 8214 8215 8150
16049 2 2 0 1 8151 8215 8150
16050 2 2 0 1 8215 8216 8151
16051 2 2 0 1 8152 8216 8151
16052 2 2 0 1 8216 8217 8152
16053 2 2 0 1 8153 8217 8152
16054 2 2 0 1 8217 8218 8153
16055 2 2 0 1 8154 8218 8153
16056 2 2 0 1 8218 8219 8154
16057 2 2 0 1 8155 8219 8154
16058 2 2 0 1 8219 8220 8155
16059 2 2 0 1 8156 8220 8155
16060 2 2 0 1 8220 8221 8156
16061 2 2 0 1 8157 8221 8156
16062 2 2 0 1 8221 8222 8157
16063 2 2 0 1 8158 8222 8157
16064 2 2 0 1 8222 8223 8158
16065 2 2 0 1 8159 8223 8158
16066 2 2 0 1 8223 8224 8159
16067 2 2 0 1 8160 8224 8159
16068 2 2 0 1 8224 8225 8160
16069 2 2 0 1 8161 8225 8160
16070 2 2 0 1 8225 8226 8161
16071 2 2 0 1 8162 8226 8161
16072 2 2 0 1 8226 8227 8162
16073 2 2 0 1 8163 8227 8162
16074 2 2 0 1 8227 8228 8163
16075 2 2 0 1 8164 8228 8163
16076 2 2 0 1 8228 8229 8164
16077 2 2 0 1 8165 8229 8164
16078 2 2 0 1 8229 8230 8165
16079 2 2 0 1 8166 8230 8165
16080 2 2 0 1 8230 8231 8166
16081 2 2 0 1 8167 8231 8166
16082 2 2 0 1 8231 8232 8167
16083 2 2 0 1 8168 8232 8167
16084 2 2 0 1 8232 8233 8168
16085 2 2 0 1 8169 8233 8168
16086 2 2 0 1 8233 8234 8169
16087 2 2 0 1 8170 8234 8169
16088 2 2 0 1 8234 8235 8170
16089 2 2 0 1 8171 8235 8170
16090 2 2 0 1 8235 8236 8171
16091 2 2 0 1 8172 8236 8171
16092 2 2 0 1 8236 8237 8172
16093 2 2 0 1 8173 8237 8172
16094 2 2 0 1 8237 8238 8173
16095 2 2 0 1 8174 8238 8173
16096 2 2 0 1 8238 8239 8174
16097 2 2 0 1 8175 8239 8174
16098 2 2 0 1 8239 8240 8175
16099 2 2 0 1 8176 8240 8175
16100 2 2 0 1 8240 8241 8176
16101 2 2 0 1 8177 8241 8176
16102 2 2 0 1 8241 8242 8177
16103 2 2 0 1 8178 8242 8177
16104 2 2 0 1 8242 8243 8178
16105 2 2 0 1 8179 8243 8178
16106 2 2 0 1 8243 8244 8179
16107 2 2 0 1 8180 8244 8179
16108 2 2 0 1 8244 8245 8180
16109 2 2 0 1 8181 8245 8180
16110 2 2 0 1 8245 8246 8181
16111 2 2 0 1 8182 8246 8181
16112 2 2 0 1 8246 8247 8182
16113 2 2 0 1 8183 8247 8182
16114 2 2 0 1 8247 8248 8183
16115 2 2 0 1 8184 8248 8183
16116 2 2 0 1 8248 8249 8184
16117 2 2 0 1 8185 8249 8184
16118 2 2 0 1 8249 8250 8185
16119 2 2 0 1 8186 8250 8185
16120 2 2 0 1 8250 8251 8186
16121 2 2 0 1 8187 8251 8186
16122 2 2 0 1 8251 8252 8187
16123 2 2 0 1 8188 8252 8187
16124 2 2 0 1 8252 8253 8188
16125 2 2 0 1 8189 8253 8188
16126 2 2 0 1 8253 8254 8189
16127 2 2 0 1 8190 8254 8189
16128 2 2 0 1 8254 8255 8190
16129 2 2 0 1 8192 8256 8191
16130 2 2 0 1 8256 8257 8192
16131 2 2 0 1 8193 8257 8192
16132 2 2 0 1 8257 8258 8193
16133 2 2 0 1 8194 8258 8193
16134 2 2 0 1 8258 8259 8194
16135 2 2 0 1 8195 8259 8194
16136 2 2 0 1 8259 8260 8195
16137 2 2 0 1 8196 8260 8195
16138 2 2 0 1 8260 8261 8196
16139 2 2 0 1 8197 8261 8196
16140 2 2 0 1 8261 8262 8197
16141 2 2 0 1 8198 8262 8197
16142 2 2 0 1 8262 8263 8198
16143 2 2 0 1 8199 8263 8198
16144 2 2 0 1 8263 8264 8199
16145 2 2 0 1 8200 8264 8199
16146 2 2 0 1 8264 8265 8200
16147 2 2 0 1 8201 8265 8200
16148 2 2 0 1 8265 8266 8201
16149 2 2 0 1 8202 8266 8201
16150 2 2 0 1 8266 8267 8202
16151 2 2 0 1 8203 8267 8202
16152 2 2 0 1 8267 8268 8203
16153 2 2 0 1 8204 8268 8203
16154 2 2 0 1 8268 8269 8204
16155 2 2 0 1 8205 8269 8204
16156 2 2 0 1 8269 8270 8205
16157 2 2 0 1 8206 8270 8205
16158 2 2 0 1 8270 8271 8206
16159 2 2 0 1 8207 8271 8206
16160 2 2 0 1 8271 8272 8207
16161 2 2 0 1 8208 8272 8207
16162 2 2 0 1 8272 8273 8208
16163 2 2 0 1 8209 8273 8208
16164 2 2 0 1 8273 8274 8209
16165 2 2 0 1 8210 8274 8209
16166 2 2 0 1 8274 8275 8210
16167 2 2 0 1 8211 8275 8210
16168 2 2 0 1 8275 8276 8211
16169 2 2 0 1 8212 8276 8211
16170 2 2 0 1 8276 8277 8212
16171 2 2 0 1 8213 8277 8212
16172 2 2 0 1 8277 8278 8213
16173 2 2 0 1 8214 8278 8213
16174 2 2 0 1 8278 8279 8214
16175 2 2 0 1 8215 8279 8214
16176 2 2 0 1 8279 8280 8215
16177 2 2 0 1 8216 8280 8215
16178 2 2 0 1 8280 8281 8216
16179 2 2 0 1 8217 8281 8216
16180 2 2 0 1 8281 8282 8217
16181 2 2 0 1 8218 8282 8217
16182 2 2 0 1 8282 8283 8218
16183 2 2 0 1 8219 8283 8218
16184 2 2 0 1 8283 8284 8219
16185 2 2 0 1 8220 8284 8219
16186 2 2 0 1 8284 8285 8220
16187 2 2 0 1 8221 8285 8220
16188 2 2 0 1 8285 8286 8221
16189 2 2 0 1 8222 8286 8221
16190 2 2 0 1 8286 8287 8222
16191 2 2 0 1 8223 8287 8222
16192 2 2 0 1 8287 8288 8223
16193 2 2 0 1 8224 8288 8223
16194 2 2 0 1 8288 8289 8224
16195 2 2 0 1 8225 8289 8224
16196 2 2 0 1 8289 8290 8225
16197 2 2 0 1 8226 8290 8225
16198 2 2 0 1 8290 8291 8226
16199 2 2 0 1 8227 8291 8226
16200 2 2 0 1 8291 8292 8227
16201 2 2 0 1 8228 8292 8227
16202 2 2 0 1 8292 8293 8228
16203 2 2 0 1 8229 8293 8228
16204 2 2 0 1 8293 8294 8229
16205 2 2 0 1 8230 8294 8229
16206 2 2 0 1 8294 8295 8230
16207 2 2 0 1 8231 8295 8230
16208 2 2 0 1 8295 8296 8231
16209 2 2 0 1 8232 8296 8231
16210 2 2 0 1 8296 8297 8232
16211 2 2 0 1 8233 8297 8232
16212 2 2 0 1 8297 8298 8233
16213 2 2 0 1 8234 8298 8233
16214 2 2 0 1 8298 8299 8234
16215 2 2 0 1 8235 8299 8234
16216 2 2 0 1 8299 8300 8235
16217 2 2 0 1 8236 8300 8235
16218 2 2 0 1 8300 8301 8236
16219 2 2 0 1 8237 8301 8236
16220 2 2 0 1 8301 8302 8237
16221 2 2 0 1 8238 8302 8237
16222 2 2 0 1 8302 8303 8238
16223 2 2 0 1 8239 8303 8238
16224 2 2 0 1 8303 8304 8239
16225 2 2 0 1 8240 8304 8239
16226 2 2 0 1 8304 8305 8240
16227 2 2 0 1 8241 8305 8240
16228 2 2 0 1 8305 8306 8241
16229 2 2 0 1 8242 8306 8241
16230 2 2 0 1 8306 8307 8242
16231 2 2 0 1 8243 8307 8242
16232 2 2 0 1 8307 8308 8243
16233 2 2 0 1 8244 8308 8243
16234 2 2 0 1 8308 8309 8244
16235 2 2 0 1 8245 8309 8244
16236 2 2 0 1 8309 8310 8245
16237 2 2 0 1 8246 8310 8245
16238 2 2 0 1 8310 8311 8246
16239 2 2 0 1 8247 8311 8246
16240 2 2 0 1 8311 8312 8247
16241 2 2 0 1 8248 8312 8247
16242 2 2 0 1 8312 8313 8248
16243 2 2 0 1 8249 8313 8248
16244 2 2 0 1 8313 8314 8249
16245 2 2 0 1 8250 8314 8249
16246 2 2 0 1 8314 8315 8250
16247 2 2 0 1 8251 8315 8250
16248 2 2 0 1 8315 8316 8251
16249 2 2 0 1 8252 8316 8251
16250 2 2 0 1 8316 8317 8252
16251 2 2 0 1 8253 8317 8252
16252 2 2 0 1 8317 8318 8253
16253 2 2 0 1 8254 8318 8253
16254 2 2 0 1 8318 8319 8254
16255 2 2 0 1 8255 8319 8254
16256 2 2 0 1 8319 8320 8255
16257 2 2 0 1 8257 3 8256
16258 2 2 0 1 3 4 8257
16259 2 2 0 1 8258 4 8257
16260 2 2 0 1 4 6 8258
16261 2 2 0 1 8259 6 8258
16262 2 2 0 1 6 8 8259
16263 2 2 0 1 8260 8 8259
16264 2 2 0 1 8 10 8260
16265 2 2 0 1 8261 10 8260
16266 2 2 0 1 10 12 8261
16267 2 2 0 1 8262 12 8261
16268 2 2 0 1 12 14 8262
16269 2 2 0 1 8263 14 8262
16270 2 2 0 1 14 16 8263
16271 2 2 0 1 8264 16 8263
16272 2 2 0 1 16 18 8264
16273 2 2 0 1 8265 18 8264
16274 2 2 0 1 18 20 8265
16275 2 2 0 1 8266 20 8265
16276 2 2 0 1 20 22 8266
16277 2 2 0 1 8267 22 8266
16278 2 2 0 1 22 24 8267
16279 2 2 0 1 8268 24 8267
16280 2 2 0 1 24 26 8268
16281 2 2 0 1 8269 26 8268
16282 2 2 0 1 26 28 8269
16283 2 2 0 1 8270 28 8269
16284 2 2 0 1 28 30 8270
16285 2 2 0 1 8271 30 8270
16286 2 2 0 1 30 32 8271
16287 2 2 0 1 8272 32 8271
16288 2 2 0 1 32 34 8272
16289 2 2 0 1 8273 34 8272
16290 2 2 0 1 34 36 8273
16291 2 2 0 1 8274 36 8273
16292 2 2 0 1 36 38 8274
16293 2 2 0 1 8275 38 8274
16294 2 2 0 1 38 40 8275
16295 2 2 0 1 8276 40 8275
16296 2 2 0 1 40 42 8276
16297 2 2 0 1 8277 42 8276
16298 2 2 0 1 42 44 8277
16299 2 2 0 1 8278 44 8277
16300 2 2 0 1 44 46 8278
16301 2 2 0 1 8279 46 8278
16302 2 2 0 1 46 48 8279
16303 2 2 0 1 8280 48 8279
16304 2 2 0 1 48 50 8280
16305 2 2 0 1 8281 50 8280
16306 2 2 0 1 50 52 8281
16307 2 2 0 1 8282 52 8281
16308 2 2 0 1 52 54 8282
16309 2 2 0 1 8283 54 8282
16310 2 2 0 1 54 56 8283
16311 2 2 0 1 8284 56 8283
16312 2 2 0 1 56 58 8284
16313 2 2 0 1 8285 58 8284
16314 2 2 0 1 58 60 8285
16315 2 2 0 1 8286 60 8285
16316 2 2 0 1 60 62 8286
16317 2 2 0 1 8287 62 8286
16318 2 2 0 1 62 64 8287
16319 2 2 0 1 8288 64 8287
16320 2 2 0 1 64 66 8288
16321 2 2 0 1 8289 66 8288
16322 2 2 0 1 66 68 8289
16323 2 2 0 1 8290 68 8289
16324 2 2 0 1 68 70 8290
16325 2 2 0 1 8291 70 8290
16326 2 2 0 1 70 72 8291
16327 2 2 0 1 8292 72 8291
16328 2 2 0 1 72 74 8292
16329 2 2 0 1 8293 74 8292
16330 2 2 0 1 74 76 8293
16331 2 2 0 1 8294 76 8293
16332 2 2 0 1 76 78 8294
16333 2 2 0 1 8295 78 8294
16334 2 2 0 1 78 80 8295
16335 2 2 0 1 8296 80 8295
16336 2 2 0 1 80 82 8296
16337 2 2 0 1 8297 82 8296
16338 2 2 0 1 82 84 8297
16339 2 2 0 1 8298 84 8297
16340 2 2 0 1 84 86 8298
16341 2 2 0 1 8299 86 8298
16342 2 2 0 1 86 88 8299
16343 2 2 0 1 8300 88 8299
16344 2 2 0 1 88 90 8300
16345 2 2 0 1 8301 90 8300
16346 2 2 0 1 90 92 8301
16347 2 2 0 1 8302 92 8301
16348 2 2 0 1 92 94 8302
16349 2 2 0 1 8303 94 8302
16350 2 2 0 1 94 96 8303
16351 2 2 0 1 8304 96 8303
16352 2 2 0 1 96 98 8304
16353 2 2 0 1 8305 98 8304
16354 2 2 0 1 98 100 8305
16355 2 2 0 1 8306 100 8305
16356 2 2 0 1 100 102 8306
16357 2 2 0 1 8307 102 8306
16358 2 2 0 1 102 104 8307
16359 2 2 0 1 8308 104 8307
16360 2 2 0 1 104 106 8308
16361 2 2 0 1 8309 106 8308
16362 2 2 0 1 106 108 8309
16363 2 2 0 1 8310 108 8309
16364 2 2 0 1 108 110 8310
16365 2 2 0 1 8311 110 8310
16366 2 2 0 1 110 112 8311
16367 2 2 0 1 8312 112 8311
16368 2 2 0 1 112 114 8312
16369 2 2 0 1 8313 114 8312
16370 2 2 0 1 114 116 8313
16371 2 2 0 1 8314 116 8313
16372 2 2 0 1 116 118 8314
16373 2 2 0 1 8315 118 8314
16374 2 2 0 1 118 120 8315
16375 2 2 0 1 8316 120 8315
16376 2 2 0 1 120 122 8316
16377 2 2 0 1 8317 122 8316
16378 2 2 0 1 122 124 8317
16379 2 2 0 1 8318 124 8317
16380 2 2 0 1 124 126 8318
16381 2 2 0 1 8319 126 8318
16382 2 2 0 1 126 128 8319
16383 2 2 0 1 8320 128 8319
16384 2 2 0 1 128 130 8320
$EndElements
