$MeshFormat
2.2 0 8
$EndMeshFormat
$Nodes
8320
1 0.3781499862670898 3.784281157514157e-17 -1.284810066223145
2 0.3779999911785126 -0.02895338274538517 -1.283450603485107
3 0.3779999911785126 3.784281157514157e-17 -1.284810066223145
4 0.3781499862670898 -0.02895442768931389 -1.283450484275818
5 0.3785994946956635 3.784281157514157e-17 -1.284810185432434
6 0.3785994946956635 -0.0289575606584549 -1.283450365066528
7 0.3793475329875946 3.784281157514157e-17 -1.284810900688171
8 0.3793475329875946 -0.02896276861429214 -1.283450603485107
9 0.3803922533988953 3.784281157514157e-17 -1.284812808036804
10 0.3803922533988953 -0.02897003479301929 -1.283451914787292
11 0.3817311227321625 3.784281157514157e-17 -1.284816861152649
12 0.3817311227321625 -0.0289794635027647 -1.283455014228821
13 0.3833609223365784 3.784281157514157e-17 -1.284824013710022
14 0.3833609223365784 -0.02899104170501232 -1.283461093902588
15 0.3852777779102325 3.784281157514157e-17 -1.284835577011108
16 0.3852777779102325 -0.02900462970137596 -1.283471345901489
17 0.3874770104885101 3.784281157514157e-17 -1.284852981567383
18 0.3874770104885101 -0.02902018092572689 -1.283487200737
19 0.3899533450603485 3.784281157514157e-17 -1.28487753868103
20 0.3899533450603485 -0.02903764322400093 -1.283510088920593
21 0.3927008211612701 3.784281157514157e-17 -1.284910678863525
22 0.3927008211612701 -0.02905695885419846 -1.283541560173035
23 0.3957127928733826 3.784281157514157e-17 -1.284954071044922
24 0.3957127928733826 -0.02907805889844894 -1.283582925796509
25 0.398982048034668 3.784281157514157e-17 -1.285008907318115
26 0.398982048034668 -0.02910087630152702 -1.283635497093201
27 0.4025006592273712 3.784281157514157e-17 -1.285076379776001
28 0.4025006592273712 -0.02911053597927094 -1.28370213508606
29 0.406260222196579 3.784281157514157e-17 -1.285157561302185
30 0.406260222196579 -0.02911438979208469 -1.283782958984375
31 0.4102515876293182 3.784281157514157e-17 -1.285253405570984
32 0.4102515876293182 -0.02911810390651226 -1.283878445625305
33 0.4144652187824249 3.784281157514157e-17 -1.285364389419556
34 0.4144652187824249 -0.02911819703876972 -1.283989429473877
35 0.4188909232616425 3.784281157514157e-17 -1.285490870475769
36 0.4188909232616425 -0.02911829389631748 -1.284115791320801
37 0.423518031835556 3.784281157514157e-17 -1.285632610321045
38 0.423518031835556 -0.02911839447915554 -1.284257650375366
39 0.4283354580402374 3.784281157514157e-17 -1.285789370536804
40 0.4283354580402374 -0.02911850064992905 -1.284414410591125
41 0.4333315193653107 3.784281157514157e-17 -1.28596043586731
42 0.4333315193653107 -0.02911861054599285 -1.284585475921631
43 0.4384942352771759 3.784281157514157e-17 -1.286144733428955
44 0.4384942352771759 -0.02911872230470181 -1.284769773483276
45 0.4438110888004303 3.784281157514157e-17 -1.286340832710266
46 0.4438110888004303 -0.02911883033812046 -1.284965753555298
47 0.4492693841457367 3.784281157514157e-17 -1.286546945571899
48 0.4492693841457367 -0.02911894395947456 -1.285171866416931
49 0.454855889081955 -0.02911859937012196 -1.285386085510254
50 0.454855889081955 3.784281157514157e-17 -1.286761045455933
51 0.4605571925640106 -0.02911821380257607 -1.285606026649475
52 0.4605571925640106 3.784281157514157e-17 -1.286980986595154
53 0.4663595855236053 -0.02911805547773838 -1.285829186439514
54 0.4663595855236053 3.784281157514157e-17 -1.287204146385193
55 0.4722490012645721 -0.02911800518631935 -1.286052942276001
56 0.4722490012645721 3.784281157514157e-17 -1.28742790222168
57 0.4782112538814545 -0.02911795303225517 -1.286274433135986
58 0.4782112538814545 3.784281157514157e-17 -1.287649393081665
59 0.4842320382595062 -0.02911790087819099 -1.286490797996521
60 0.4842320382595062 3.784281157514157e-17 -1.2878657579422
61 0.490296870470047 -0.02911785244941711 -1.286699175834656
62 0.490296870470047 3.784281157514157e-17 -1.288074135780334
63 0.496391087770462 -0.02911780774593353 -1.286896705627441
64 0.496391087770462 3.784281157514157e-17 -1.28827166557312
65 0.5024999976158142 -0.02911776304244995 -1.287080645561218
66 0.5024999976158142 3.784281157514157e-17 -1.288455605506897
67 0.508608877658844 -0.02911771833896637 -1.287248373031616
68 0.508608877658844 3.784281157514157e-17 -1.288623332977295
69 0.514703094959259 -0.02911769412457943 -1.287397503852844
70 0.514703094959259 3.784281157514157e-17 -1.288772463798523
71 0.5207679271697998 3.784281157514157e-17 -1.288900971412659
72 0.5207679271697998 -0.02911771088838577 -1.28752601146698
73 0.5267887115478516 3.784281157514157e-17 -1.28900682926178
74 0.5267887115478516 -0.02911772578954697 -1.287631988525391
75 0.5327510237693787 3.784281157514157e-17 -1.289088726043701
76 0.5327510237693787 -0.02911774069070816 -1.287713885307312
77 0.5386404395103455 3.784281157514157e-17 -1.289145469665527
78 0.5386404395103455 -0.02911775372922421 -1.287770509719849
79 0.5444427728652954 3.784281157514157e-17 -1.289176344871521
80 0.5444427728652954 -0.02911776304244995 -1.287801384925842
81 0.5501440763473511 3.784281157514157e-17 -1.289180874824524
82 0.5501440763473511 -0.0291177723556757 -1.287805914878845
83 0.5557305812835693 3.784281157514157e-17 -1.289159297943115
84 0.5557305812835693 -0.02911778166890144 -1.287784457206726
85 0.5611888766288757 3.784281157514157e-17 -1.289112210273743
86 0.5611888766288757 -0.02911779098212719 -1.287737250328064
87 0.5665057897567749 3.784281157514157e-17 -1.289040207862854
88 0.5665057897567749 -0.02911781892180443 -1.287665367126465
89 0.5716684460639954 3.784281157514157e-17 -1.288944959640503
90 0.5716684460639954 -0.02911785617470741 -1.287569999694824
91 0.5766645669937134 3.784281157514157e-17 -1.288827896118164
92 0.5766645669937134 -0.02911789156496525 -1.287452936172485
93 0.58148193359375 3.784281157514157e-17 -1.288691163063049
94 0.58148193359375 -0.02911792509257793 -1.287316203117371
95 0.5861090421676636 3.784281157514157e-17 -1.28853702545166
96 0.5861090421676636 -0.02911795862019062 -1.287162065505981
97 0.5905347466468811 3.784281157514157e-17 -1.288368225097656
98 0.5905347466468811 -0.02911800891160965 -1.286993265151978
99 0.5947483777999878 3.784281157514157e-17 -1.288187503814697
100 0.5947483777999878 -0.02911807410418987 -1.286812543869019
101 0.5987398028373718 3.784281157514157e-17 -1.287997841835022
102 0.5987398028373718 -0.0291181355714798 -1.286622881889343
103 0.6024993062019348 3.784281157514157e-17 -1.287802696228027
104 0.6024993062019348 -0.02911819331347942 -1.286427736282349
105 0.6060179471969604 3.784281157514157e-17 -1.287604928016663
106 0.6060179471969604 -0.02911824733018875 -1.286229968070984
107 0.6092872023582458 3.784281157514157e-17 -1.287408113479614
108 0.6092872023582458 -0.02911829762160778 -1.286033153533936
109 0.6122991442680359 3.784281157514157e-17 -1.287215352058411
110 0.6122991442680359 -0.02911834232509136 -1.285840392112732
111 0.6150466203689575 3.784281157514157e-17 -1.28702986240387
112 0.6150466203689575 -0.02912285923957825 -1.285654544830322
113 0.6175229549407959 3.784281157514157e-17 -1.28685474395752
114 0.6175229549407959 -0.02912996523082256 -1.285478711128235
115 0.6197221875190735 3.784281157514157e-17 -1.28669273853302
116 0.6197221875190735 -0.02913627587258816 -1.285316109657288
117 0.62163907289505 3.784281157514157e-17 -1.286546587944031
118 0.62163907289505 -0.02914177812635899 -1.285169363021851
119 0.6232688426971436 3.784281157514157e-17 -1.286418676376343
120 0.6232688426971436 -0.02914645709097385 -1.285040974617004
121 0.6246077418327332 3.784281157514157e-17 -1.286311030387878
122 0.6246077418327332 -0.02915030159056187 -1.284932971000671
123 0.6256524324417114 3.784281157514157e-17 -1.286225438117981
124 0.6256524324417114 -0.02915330044925213 -1.284847140312195
125 0.6264004707336426 3.784281157514157e-17 -1.286163330078125
126 0.6264004707336426 -0.02915544807910919 -1.28478479385376
127 0.6268500089645386 3.784281157514157e-17 -1.286125540733337
128 0.6268500089645386 -0.02915673889219761 -1.284747004508972
129 0.6269999742507935 3.784281157514157e-17 -1.286112904548645
130 0.6269999742507935 -0.02915717102587223 -1.28473424911499
131 0.3779999911785126 -0.05754522606730461 -1.279404520988464
132 0.3781499862670898 -0.05754727870225906 -1.279404163360596
133 0.3785994946956635 -0.05755342915654182 -1.279403209686279
134 0.3793475329875946 -0.0575636588037014 -1.279402017593384
135 0.3803922533988953 -0.05757792294025421 -1.279401183128357
136 0.3817311227321625 -0.05759643390774727 -1.279401659965515
137 0.3833609223365784 -0.05761915817856789 -1.279404520988464
138 0.3852777779102325 -0.05764583125710487 -1.27941107749939
139 0.3874770104885101 -0.05767635628581047 -1.279422640800476
140 0.3899533450603485 -0.05771062895655632 -1.279440641403198
141 0.3927008211612701 -0.05774853751063347 -1.27946662902832
142 0.3957127928733826 -0.05778995156288147 -1.279502153396606
143 0.398982048034668 -0.05783473700284958 -1.279548406600952
144 0.4025006592273712 -0.05785364285111427 -1.279612302780151
145 0.406260222196579 -0.05786113813519478 -1.279692053794861
146 0.4102515876293182 -0.0578683577477932 -1.279786586761475
147 0.4144652187824249 -0.05786854028701782 -1.279897570610046
148 0.4188909232616425 -0.05786873027682304 -1.28002393245697
149 0.423518031835556 -0.05786892771720886 -1.280165672302246
150 0.4283354580402374 -0.05786913633346558 -1.280322432518005
151 0.4333315193653107 -0.05786935240030289 -1.280493378639221
152 0.4384942352771759 -0.0578695684671402 -1.280677676200867
153 0.4438110888004303 -0.05786978453397751 -1.280873656272888
154 0.4492693841457367 -0.05787000432610512 -1.281079769134521
155 0.454855889081955 -0.0578693300485611 -1.281293988227844
156 0.4605571925640106 -0.05786857008934021 -1.281514048576355
157 0.4663595855236053 -0.05786826089024544 -1.281737327575684
158 0.4722490012645721 -0.05786816030740738 -1.28196108341217
159 0.4782112538814545 -0.05786805972456932 -1.282182574272156
160 0.4842320382595062 -0.05786795541644096 -1.28239893913269
161 0.490296870470047 -0.0578678585588932 -1.282607316970825
162 0.496391087770462 -0.05786777287721634 -1.282804846763611
163 0.5024999976158142 -0.05786768347024918 -1.282988786697388
164 0.508608877658844 -0.05786759778857231 -1.283156633377075
165 0.514703094959259 -0.05786754935979843 -1.283305764198303
166 0.5207679271697998 -0.05786757916212082 -1.283434271812439
167 0.5267887115478516 -0.05786760896444321 -1.28354012966156
168 0.5327510237693787 -0.05786763876676559 -1.283622026443481
169 0.5386404395103455 -0.05786766856908798 -1.283678770065308
170 0.5444427728652954 -0.05786768719553947 -1.283709526062012
171 0.5501440763473511 -0.05786770209670067 -1.283714175224304
172 0.5557305812835693 -0.05786772072315216 -1.283692598342896
173 0.5611888766288757 -0.05786773934960365 -1.283645391464233
174 0.5665057897567749 -0.05786779522895813 -1.283573508262634
175 0.5716684460639954 -0.0578678660094738 -1.283478140830994
176 0.5766645669937134 -0.05786793678998947 -1.283361077308655
177 0.58148193359375 -0.05786800384521484 -1.28322434425354
178 0.5861090421676636 -0.05786806717514992 -1.283070206642151
179 0.5905347466468811 -0.05786817148327827 -1.282901406288147
180 0.5947483777999878 -0.05786829814314842 -1.282720565795898
181 0.5987398028373718 -0.05786841735243797 -1.282531023025513
182 0.6024993062019348 -0.05786853283643723 -1.282335758209229
183 0.6060179471969604 -0.05786863714456558 -1.282138109207153
184 0.6092872023582458 -0.05786873772740364 -1.281941175460815
185 0.6122991442680359 -0.0578688271343708 -1.281748414039612
186 0.6150466203689575 -0.05787770450115204 -1.281561255455017
187 0.6175229549407959 -0.05789167433977127 -1.281383395195007
188 0.6197221875190735 -0.05790407955646515 -1.281219124794006
189 0.62163907289505 -0.05791489779949188 -1.281070828437805
190 0.6232688426971436 -0.05792409554123878 -1.280941128730774
191 0.6246077418327332 -0.05793165042996407 -1.280832052230835
192 0.6256524324417114 -0.05793754756450653 -1.280745387077332
193 0.6264004707336426 -0.05794177204370499 -1.280682444572449
194 0.6268500089645386 -0.05794430896639824 -1.280644178390503
195 0.6269999742507935 -0.05794515460729599 -1.280631422996521
196 0.3779999911785126 -0.08542659878730774 -1.272767186164856
197 0.3781499862670898 -0.08542958647012711 -1.272766351699829
198 0.3785994946956635 -0.08543852716684341 -1.272763848304749
199 0.3793475329875946 -0.08545339852571487 -1.272760391235352
200 0.3803922533988953 -0.08547414839267731 -1.272756338119507
201 0.3817311227321625 -0.08550106734037399 -1.272752523422241
202 0.3833609223365784 -0.08553410321474075 -1.27275025844574
203 0.3852777779102325 -0.08557287603616714 -1.272750616073608
204 0.3874770104885101 -0.08561725169420242 -1.272755146026611
205 0.3899533450603485 -0.08566707372665405 -1.272765398025513
206 0.3927008211612701 -0.0857221782207489 -1.272782683372498
207 0.3957127928733826 -0.08578237891197205 -1.27280855178833
208 0.398982048034668 -0.08584747463464737 -1.272844552993774
209 0.4025006592273712 -0.08587483316659927 -1.27290415763855
210 0.406260222196579 -0.08588554710149765 -1.272982358932495
211 0.4102515876293182 -0.08589587360620499 -1.273075222969055
212 0.4144652187824249 -0.08589613437652588 -1.273186087608337
213 0.4188909232616425 -0.08589641749858856 -1.273312449455261
214 0.423518031835556 -0.08589670062065125 -1.273454070091248
215 0.4283354580402374 -0.08589700609445572 -1.273610830307007
216 0.4333315193653107 -0.08589731901884079 -1.273781776428223
217 0.4384942352771759 -0.08589763194322586 -1.273965954780579
218 0.4438110888004303 -0.08589794486761093 -1.2741619348526
219 0.4492693841457367 -0.0858982652425766 -1.274367928504944
220 0.454855889081955 -0.08589728176593781 -1.274582386016846
221 0.4605571925640106 -0.08589617908000946 -1.274802565574646
222 0.4663595855236053 -0.08589572459459305 -1.275025963783264
223 0.4722490012645721 -0.08589557558298111 -1.275249719619751
224 0.4782112538814545 -0.08589543402194977 -1.275471210479736
225 0.4842320382595062 -0.08589527755975723 -1.275687694549561
226 0.490296870470047 -0.08589514344930649 -1.275896072387695
227 0.496391087770462 -0.08589501678943634 -1.276093602180481
228 0.5024999976158142 -0.0858948826789856 -1.276277542114258
229 0.508608877658844 -0.08589475601911545 -1.276445388793945
230 0.514703094959259 -0.08589468896389008 -1.276594519615173
231 0.5207679271697998 -0.08589473366737366 -1.276723027229309
232 0.5267887115478516 -0.08589477837085724 -1.27682888507843
233 0.5327510237693787 -0.08589482307434082 -1.276910781860352
234 0.5386404395103455 -0.0858948603272438 -1.276967525482178
235 0.5444427728652954 -0.08589489012956619 -1.276998281478882
236 0.5501440763473511 -0.08589491248130798 -1.277002930641174
237 0.5557305812835693 -0.08589494228363037 -1.276981353759766
238 0.5611888766288757 -0.08589496463537216 -1.276934146881104
239 0.5665057897567749 -0.08589504659175873 -1.276862263679504
240 0.5716684460639954 -0.08589515089988708 -1.276766896247864
241 0.5766645669937134 -0.08589525520801544 -1.276649832725525
242 0.58148193359375 -0.0858953520655632 -1.276512980461121
243 0.5861090421676636 -0.08589544892311096 -1.276358842849731
244 0.5905347466468811 -0.0858955979347229 -1.276190042495728
245 0.5947483777999878 -0.08589578419923782 -1.276009202003479
246 0.5987398028373718 -0.08589595556259155 -1.275819659233093
247 0.6024993062019348 -0.08589612692594528 -1.27562427520752
248 0.6060179471969604 -0.08589627593755722 -1.275426626205444
249 0.6092872023582458 -0.08589642494916916 -1.275229692459106
250 0.6122991442680359 -0.0858965590596199 -1.275036931037903
251 0.6150466203689575 -0.08590949326753616 -1.274847745895386
252 0.6175229549407959 -0.08592985570430756 -1.274666666984558
253 0.6197221875190735 -0.08594793826341629 -1.274499416351318
254 0.62163907289505 -0.08596370369195938 -1.274348735809326
255 0.6232688426971436 -0.08597710728645325 -1.274216890335083
256 0.6246077418327332 -0.0859881266951561 -1.274106025695801
257 0.6256524324417114 -0.08599671721458435 -1.274017930030823
258 0.6264004707336426 -0.08600287139415741 -1.273954033851624
259 0.6268500089645386 -0.08600657433271408 -1.27391529083252
260 0.6269999742507935 -0.08600780367851257 -1.273902297019958
261 0.3779999911785126 -0.1122730225324631 -1.263692259788513
262 0.3781499862670898 -0.1122768297791481 -1.263690829277039
263 0.3785994946956635 -0.1122882515192032 -1.263686537742615
264 0.3793475329875946 -0.1123072430491447 -1.2636798620224
265 0.3803922533988953 -0.1123337373137474 -1.263671398162842
266 0.3817311227321625 -0.1123680844902992 -1.263661980628967
267 0.3833609223365784 -0.1124102398753166 -1.263652682304382
268 0.3852777779102325 -0.1124597117304802 -1.263644933700562
269 0.3874770104885101 -0.1125163286924362 -1.263640165328979
270 0.3899533450603485 -0.1125798970460892 -1.2636399269104
271 0.3927008211612701 -0.1126501932740211 -1.263645648956299
272 0.3957127928733826 -0.1127269938588142 -1.263658881187439
273 0.398982048034668 -0.112810030579567 -1.263681054115295
274 0.4025006592273712 -0.1128447204828262 -1.263735055923462
275 0.406260222196579 -0.1128580644726753 -1.263810992240906
276 0.4102515876293182 -0.1128709241747856 -1.263901829719543
277 0.4144652187824249 -0.1128712669014931 -1.264012694358826
278 0.4188909232616425 -0.1128716170787811 -1.26413893699646
279 0.423518031835556 -0.112871989607811 -1.264280557632446
280 0.4283354580402374 -0.1128723695874214 -1.264437198638916
281 0.4333315193653107 -0.1128727719187737 -1.264608144760132
282 0.4384942352771759 -0.1128731742501259 -1.264792203903198
283 0.4438110888004303 -0.1128735765814781 -1.26498806476593
284 0.4492693841457367 -0.1128739863634109 -1.265194058418274
285 0.454855889081955 -0.1128727197647095 -1.265408754348755
286 0.4605571925640106 -0.1128713041543961 -1.265629172325134
287 0.4663595855236053 -0.1128707230091095 -1.265852570533752
288 0.4722490012645721 -0.1128705367445946 -1.266076326370239
289 0.4782112538814545 -0.1128703504800797 -1.266297936439514
290 0.4842320382595062 -0.1128701567649841 -1.266514420509338
291 0.490296870470047 -0.1128699779510498 -1.266722798347473
292 0.496391087770462 -0.1128698140382767 -1.266920447349548
293 0.5024999976158142 -0.1128696501255035 -1.267104387283325
294 0.508608877658844 -0.1128694862127304 -1.267272233963013
295 0.514703094959259 -0.1128693968057632 -1.26742148399353
296 0.5207679271697998 -0.112869456410408 -1.267549872398376
297 0.5267887115478516 -0.1128695160150528 -1.267655730247498
298 0.5327510237693787 -0.112869568169117 -1.267737627029419
299 0.5386404395103455 -0.1128696203231812 -1.267794370651245
300 0.5444427728652954 -0.1128696501255035 -1.267825126647949
301 0.5501440763473511 -0.1128696873784065 -1.267829775810242
302 0.5557305812835693 -0.1128697171807289 -1.267808198928833
303 0.5611888766288757 -0.1128697469830513 -1.267760992050171
304 0.5665057897567749 -0.1128698587417603 -1.267688989639282
305 0.5716684460639954 -0.112869992852211 -1.267593622207642
306 0.5766645669937134 -0.1128701195120811 -1.267476558685303
307 0.58148193359375 -0.1128702461719513 -1.267339706420898
308 0.5861090421676636 -0.1128703728318214 -1.267185568809509
309 0.5905347466468811 -0.1128705590963364 -1.267016649246216
310 0.5947483777999878 -0.1128708049654961 -1.266835927963257
311 0.5987398028373718 -0.112871028482914 -1.266646265983582
312 0.6024993062019348 -0.1128712445497513 -1.266450881958008
313 0.6060179471969604 -0.1128714457154274 -1.266253113746643
314 0.6092872023582458 -0.1128716319799423 -1.266056180000305
315 0.6122991442680359 -0.1128718033432961 -1.265863418579102
316 0.6150466203689575 -0.1128883734345436 -1.265671372413635
317 0.6175229549407959 -0.1129144430160522 -1.265486001968384
318 0.6197221875190735 -0.1129376068711281 -1.265314936637878
319 0.62163907289505 -0.1129577904939651 -1.265160918235779
320 0.6232688426971436 -0.1129749566316605 -1.265026211738586
321 0.6246077418327332 -0.1129890605807304 -1.264912962913513
322 0.6256524324417114 -0.1130000650882721 -1.264823079109192
323 0.6264004707336426 -0.1130079478025436 -1.264757871627808
324 0.6268500089645386 -0.1130126863718033 -1.264718294143677
325 0.6269999742507935 -0.1130142658948898 -1.264705061912537
326 0.3779999911785126 -0.1377949416637421 -1.252385854721069
327 0.3781499862670898 -0.1377994567155838 -1.252383589744568
328 0.3785994946956635 -0.1378129571676254 -1.252377033233643
329 0.3793475329875946 -0.1378353983163834 -1.252366662025452
330 0.3803922533988953 -0.1378667056560516 -1.252352952957153
331 0.3817311227321625 -0.1379072815179825 -1.252336740493774
332 0.3833609223365784 -0.1379570662975311 -1.252319097518921
333 0.3852777779102325 -0.1380154937505722 -1.252301454544067
334 0.3874770104885101 -0.1380823403596878 -1.252285480499268
335 0.3899533450603485 -0.1381573975086212 -1.252272486686707
336 0.3927008211612701 -0.1382404118776321 -1.252264142036438
337 0.3957127928733826 -0.1383310854434967 -1.252262115478516
338 0.398982048034668 -0.1384291052818298 -1.252267837524414
339 0.4025006592273712 -0.1384697258472443 -1.252315044403076
340 0.406260222196579 -0.138484999537468 -1.252388596534729
341 0.4102515876293182 -0.1384996920824051 -1.252477049827576
342 0.4144652187824249 -0.1385000944137573 -1.252587795257568
343 0.4188909232616425 -0.1385005116462708 -1.252714037895203
344 0.423518031835556 -0.1385009437799454 -1.252855658531189
345 0.4283354580402374 -0.1385014057159424 -1.253012180328369
346 0.4333315193653107 -0.1385018676519394 -1.253183007240295
347 0.4384942352771759 -0.1385023444890976 -1.253367066383362
348 0.4438110888004303 -0.1385028213262558 -1.253562808036804
349 0.4492693841457367 -0.1385033130645752 -1.253768682479858
350 0.454855889081955 -0.1385018080472946 -1.253983616828918
351 0.4605571925640106 -0.1385001242160797 -1.254204392433167
352 0.4663595855236053 -0.1384994387626648 -1.254427909851074
353 0.4722490012645721 -0.1384992152452469 -1.254651784896851
354 0.4782112538814545 -0.138498991727829 -1.254873275756836
355 0.4842320382595062 -0.1384987682104111 -1.25508987903595
356 0.490296870470047 -0.1384985446929932 -1.255298256874084
357 0.496391087770462 -0.1384983509778976 -1.25549590587616
358 0.5024999976158142 -0.1384981572628021 -1.255679965019226
359 0.508608877658844 -0.1384979635477066 -1.255847811698914
360 0.514703094959259 -0.1384978592395782 -1.255997061729431
361 0.5207679271697998 -0.1384979337453842 -1.256125450134277
362 0.5267887115478516 -0.1384980082511902 -1.256231307983398
363 0.5327510237693787 -0.138498067855835 -1.25631320476532
364 0.5386404395103455 -0.1384981274604797 -1.256369948387146
365 0.5444427728652954 -0.1384981721639633 -1.25640070438385
366 0.5501440763473511 -0.1384982019662857 -1.256405234336853
367 0.5557305812835693 -0.1384982466697693 -1.256383657455444
368 0.5611888766288757 -0.1384982764720917 -1.256336450576782
369 0.5665057897567749 -0.1384984105825424 -1.256264567375183
370 0.5716684460639954 -0.1384985744953156 -1.256169080734253
371 0.5766645669937134 -0.1384987235069275 -1.256052017211914
372 0.58148193359375 -0.1384988725185394 -1.25591516494751
373 0.5861090421676636 -0.1384990215301514 -1.255761027336121
374 0.5905347466468811 -0.1384992450475693 -1.255591988563538
375 0.5947483777999878 -0.1384995430707932 -1.255411148071289
376 0.5987398028373718 -0.1384998112916946 -1.255221486091614
377 0.6024993062019348 -0.1385000646114349 -1.25502610206604
378 0.6060179471969604 -0.138500303030014 -1.254828333854675
379 0.6092872023582458 -0.1385005265474319 -1.254631400108337
380 0.6122991442680359 -0.1385007351636887 -1.254438519477844
381 0.6150466203689575 -0.1385203897953033 -1.254243135452271
382 0.6175229549407959 -0.138551339507103 -1.254052519798279
383 0.6197221875190735 -0.1385788172483444 -1.253876686096191
384 0.62163907289505 -0.1386027634143829 -1.253718495368958
385 0.6232688426971436 -0.1386231333017349 -1.253580331802368
386 0.6246077418327332 -0.1386398673057556 -1.253464341163635
387 0.6256524324417114 -0.1386529356241226 -1.253372192382812
388 0.6264004707336426 -0.1386622786521912 -1.253305315971375
389 0.6268500089645386 -0.1386678963899612 -1.253264784812927
390 0.6269999742507935 -0.1386697739362717 -1.253251194953918
391 0.3779999911785126 -0.1617462486028671 -1.239097118377686
392 0.3781499862670898 -0.1617513000965118 -1.239094018936157
393 0.3785994946956635 -0.1617664098739624 -1.239084839820862
394 0.3793475329875946 -0.1617915630340576 -1.239070177078247
395 0.3803922533988953 -0.1618266254663467 -1.239050507545471
396 0.3817311227321625 -0.1618720591068268 -1.239026546478271
397 0.3833609223365784 -0.1619277596473694 -1.238999485969543
398 0.3852777779102325 -0.1619931310415268 -1.238970875740051
399 0.3874770104885101 -0.1620679348707199 -1.23894214630127
400 0.3899533450603485 -0.1621519029140472 -1.238914966583252
401 0.3927008211612701 -0.1622447669506073 -1.238890886306763
402 0.3957127928733826 -0.1623461991548538 -1.238871574401855
403 0.398982048034668 -0.1624558418989182 -1.238858699798584
404 0.4025006592273712 -0.1625008136034012 -1.238898396492004
405 0.406260222196579 -0.1625171899795532 -1.238969445228577
406 0.4102515876293182 -0.1625329703092575 -1.239055514335632
407 0.4144652187824249 -0.1625334024429321 -1.239166259765625
408 0.4188909232616425 -0.1625338792800903 -1.23929238319397
409 0.423518031835556 -0.1625343710184097 -1.239433884620667
410 0.4283354580402374 -0.1625348776578903 -1.239590406417847
411 0.4333315193653107 -0.1625353991985321 -1.239761114120483
412 0.4384942352771759 -0.1625359356403351 -1.23994505405426
413 0.4438110888004303 -0.1625364720821381 -1.240140795707703
414 0.4492693841457367 -0.162537008523941 -1.240346550941467
415 0.454855889081955 -0.1625353246927261 -1.240561723709106
416 0.4605571925640106 -0.1625334322452545 -1.240782856941223
417 0.4663595855236053 -0.1625326573848724 -1.24100649356842
418 0.4722490012645721 -0.1625324040651321 -1.241230368614197
419 0.4782112538814545 -0.1625321507453918 -1.241451978683472
420 0.4842320382595062 -0.1625318825244904 -1.241668581962585
421 0.490296870470047 -0.1625316441059113 -1.24187707901001
422 0.496391087770462 -0.1625314354896545 -1.242074728012085
423 0.5024999976158142 -0.1625312119722366 -1.242258787155151
424 0.508608877658844 -0.1625310033559799 -1.242426633834839
425 0.514703094959259 -0.1625308841466904 -1.242575883865356
426 0.5207679271697998 -0.1625309586524963 -1.242704272270203
427 0.5267887115478516 -0.1625310331583023 -1.242810249328613
428 0.5327510237693787 -0.1625311076641083 -1.242892026901245
429 0.5386404395103455 -0.1625311821699142 -1.242948770523071
430 0.5444427728652954 -0.1625312268733978 -1.242979526519775
431 0.5501440763473511 -0.1625312566757202 -1.242984056472778
432 0.5557305812835693 -0.1625313013792038 -1.24296247959137
433 0.5611888766288757 -0.1625313460826874 -1.242915272712708
434 0.5665057897567749 -0.1625314950942993 -1.242843270301819
435 0.5716684460639954 -0.1625316739082336 -1.242747902870178
436 0.5766645669937134 -0.162531852722168 -1.24263072013855
437 0.58148193359375 -0.1625320166349411 -1.242493867874146
438 0.5861090421676636 -0.1625321805477142 -1.242339611053467
439 0.5905347466468811 -0.1625324487686157 -1.242170572280884
440 0.5947483777999878 -0.162532776594162 -1.241989731788635
441 0.5987398028373718 -0.1625330746173859 -1.24179995059967
442 0.6024993062019348 -0.1625333726406097 -1.241604566574097
443 0.6060179471969604 -0.1625336408615112 -1.241406679153442
444 0.6092872023582458 -0.1625338941812515 -1.241209745407104
445 0.6122991442680359 -0.1625341325998306 -1.241016745567322
446 0.6150466203689575 -0.1625562608242035 -1.240817666053772
447 0.6175229549407959 -0.1625910848379135 -1.240620970726013
448 0.6197221875190735 -0.1626220196485519 -1.240439772605896
449 0.62163907289505 -0.1626489758491516 -1.24027693271637
450 0.6232688426971436 -0.1626719087362289 -1.240134835243225
451 0.6246077418327332 -0.162690743803978 -1.240015506744385
452 0.6256524324417114 -0.1627054363489151 -1.239920854568481
453 0.6264004707336426 -0.1627159714698792 -1.2398521900177
454 0.6268500089645386 -0.1627222895622253 -1.239810585975647
455 0.6269999742507935 -0.1627244055271149 -1.23979663848877
456 0.3779999911785126 -0.1839303523302078 -1.22410786151886
457 0.3781499862670898 -0.1839357763528824 -1.224103927612305
458 0.3785994946956635 -0.1839520335197449 -1.22409200668335
459 0.3793475329875946 -0.1839790493249893 -1.224072694778442
460 0.3803922533988953 -0.1840167492628098 -1.22404670715332
461 0.3817311227321625 -0.1840655356645584 -1.224014520645142
462 0.3833609223365784 -0.1841253340244293 -1.223977327346802
463 0.3852777779102325 -0.1841955035924911 -1.223936915397644
464 0.3874770104885101 -0.1842757910490036 -1.223894596099854
465 0.3899533450603485 -0.184365913271904 -1.223852157592773
466 0.3927008211612701 -0.1844655573368073 -1.223811268806458
467 0.3957127928733826 -0.1845743954181671 -1.223773598670959
468 0.398982048034668 -0.1846920400857925 -1.223740696907043
469 0.4025006592273712 -0.1847396790981293 -1.223772644996643
470 0.406260222196579 -0.1847563236951828 -1.223841547966003
471 0.4102515876293182 -0.1847723722457886 -1.223925352096558
472 0.4144652187824249 -0.184772863984108 -1.224035978317261
473 0.4188909232616425 -0.1847733557224274 -1.224162101745605
474 0.423518031835556 -0.1847738772630692 -1.224303483963013
475 0.4283354580402374 -0.1847744286060333 -1.224459886550903
476 0.4333315193653107 -0.1847749948501587 -1.22463047504425
477 0.4384942352771759 -0.1847755759954453 -1.224814295768738
478 0.4438110888004303 -0.1847761422395706 -1.225009918212891
479 0.4492693841457367 -0.1847767382860184 -1.225215673446655
480 0.454855889081955 -0.1847749054431915 -1.225431084632874
481 0.4605571925640106 -0.1847728490829468 -1.225652575492859
482 0.4663595855236053 -0.1847720146179199 -1.225876331329346
483 0.4722490012645721 -0.1847717314958572 -1.226100325584412
484 0.4782112538814545 -0.1847714632749557 -1.226321935653687
485 0.4842320382595062 -0.1847711801528931 -1.2265385389328
486 0.490296870470047 -0.1847709268331528 -1.226747155189514
487 0.496391087770462 -0.1847706884145737 -1.226944804191589
488 0.5024999976158142 -0.1847704499959946 -1.227128982543945
489 0.508608877658844 -0.1847702264785767 -1.227296829223633
490 0.514703094959259 -0.1847700923681259 -1.22744619846344
491 0.5207679271697998 -0.1847701817750931 -1.227574586868286
492 0.5267887115478516 -0.184770256280899 -1.227680444717407
493 0.5327510237693787 -0.1847703456878662 -1.227762222290039
494 0.5386404395103455 -0.1847704201936722 -1.227818846702576
495 0.5444427728652954 -0.1847704648971558 -1.227849721908569
496 0.5501440763473511 -0.1847705096006393 -1.227854251861572
497 0.5557305812835693 -0.1847705543041229 -1.227832674980164
498 0.5611888766288757 -0.1847705990076065 -1.227785468101501
499 0.5665057897567749 -0.1847707629203796 -1.227713465690613
500 0.5716684460639954 -0.1847709566354752 -1.227617979049683
501 0.5766645669937134 -0.1847711503505707 -1.227500796318054
502 0.58148193359375 -0.184771329164505 -1.22736382484436
503 0.5861090421676636 -0.1847715079784393 -1.227209568023682
504 0.5905347466468811 -0.184771791100502 -1.227040529251099
505 0.5947483777999878 -0.1847721487283707 -1.226859569549561
506 0.5987398028373718 -0.1847724914550781 -1.226669788360596
507 0.6024993062019348 -0.1847728043794632 -1.226474285125732
508 0.6060179471969604 -0.1847731024026871 -1.226276397705078
509 0.6092872023582458 -0.1847733855247498 -1.226079344749451
510 0.6122991442680359 -0.1847736388444901 -1.225886344909668
511 0.6150466203689575 -0.1847975701093674 -1.225683093070984
512 0.6175229549407959 -0.1848352253437042 -1.2254798412323
513 0.6197221875190735 -0.1848686635494232 -1.225292801856995
514 0.62163907289505 -0.1848978102207184 -1.225124955177307
515 0.6232688426971436 -0.1849226057529449 -1.224978446960449
516 0.6246077418327332 -0.1849429607391357 -1.224855661392212
517 0.6256524324417114 -0.1849588453769684 -1.224758148193359
518 0.6264004707336426 -0.1849702298641205 -1.224687457084656
519 0.6268500089645386 -0.1849770694971085 -1.224644660949707
520 0.6269999742507935 -0.1849793493747711 -1.224630355834961
521 0.3779999911785126 -0.2042038440704346 -1.207722306251526
522 0.3781499862670898 -0.2042094767093658 -1.207717418670654
523 0.3785994946956635 -0.2042263597249985 -1.20770275592804
524 0.3793475329875946 -0.2042544335126877 -1.20767867565155
525 0.3803922533988953 -0.2042935788631439 -1.207646131515503
526 0.3817311227321625 -0.2043442130088806 -1.207605481147766
527 0.3833609223365784 -0.2044062316417694 -1.207558035850525
528 0.3852777779102325 -0.204478994011879 -1.207505345344543
529 0.3874770104885101 -0.2045622318983078 -1.207449197769165
530 0.3899533450603485 -0.2046556770801544 -1.207391262054443
531 0.3927008211612701 -0.2047590017318726 -1.207333087921143
532 0.3957127928733826 -0.2048718184232712 -1.207276582717896
533 0.398982048034668 -0.2049937546253204 -1.207223296165466
534 0.4025006592273712 -0.205042377114296 -1.207247614860535
535 0.406260222196579 -0.2050585150718689 -1.207314610481262
536 0.4102515876293182 -0.2050740569829941 -1.207396626472473
537 0.4144652187824249 -0.2050745487213135 -1.207507252693176
538 0.4188909232616425 -0.2050750702619553 -1.207633137702942
539 0.423518031835556 -0.2050756216049194 -1.20777440071106
540 0.4283354580402374 -0.2050761878490448 -1.207930684089661
541 0.4333315193653107 -0.2050767689943314 -1.208101272583008
542 0.4384942352771759 -0.2050773799419403 -1.208284974098206
543 0.4438110888004303 -0.2050779759883881 -1.208480596542358
544 0.4492693841457367 -0.205078586935997 -1.208686113357544
545 0.454855889081955 -0.205076664686203 -1.20890200138092
546 0.4605571925640106 -0.2050745189189911 -1.209123730659485
547 0.4663595855236053 -0.2050736397504807 -1.209347724914551
548 0.4722490012645721 -0.205073356628418 -1.209571719169617
549 0.4782112538814545 -0.2050730586051941 -1.209793448448181
550 0.4842320382595062 -0.2050727605819702 -1.210010051727295
551 0.490296870470047 -0.2050724923610687 -1.210218667984009
552 0.496391087770462 -0.2050722539424896 -1.210416436195374
553 0.5024999976158142 -0.2050720006227493 -1.210600614547729
554 0.508608877658844 -0.2050717622041702 -1.210768580436707
555 0.514703094959259 -0.2050716280937195 -1.210917830467224
556 0.5207679271697998 -0.2050717175006866 -1.21104621887207
557 0.5267887115478516 -0.2050718069076538 -1.211152076721191
558 0.5327510237693787 -0.205071896314621 -1.211233854293823
559 0.5386404395103455 -0.2050719708204269 -1.211290597915649
560 0.5444427728652954 -0.2050720155239105 -1.211321353912354
561 0.5501440763473511 -0.2050720602273941 -1.211325883865356
562 0.5557305812835693 -0.2050721198320389 -1.211304306983948
563 0.5611888766288757 -0.2050721645355225 -1.211257100105286
564 0.5665057897567749 -0.2050723284482956 -1.211184978485107
565 0.5716684460639954 -0.2050725370645523 -1.211089491844177
566 0.5766645669937134 -0.2050727307796478 -1.210972309112549
567 0.58148193359375 -0.2050729244947433 -1.210835337638855
568 0.5861090421676636 -0.2050731182098389 -1.210681080818176
569 0.5905347466468811 -0.2050734162330627 -1.210511922836304
570 0.5947483777999878 -0.2050738036632538 -1.210330963134766
571 0.5987398028373718 -0.2050741612911224 -1.210141062736511
572 0.6024993062019348 -0.2050744891166687 -1.209945440292358
573 0.6060179471969604 -0.2050748020410538 -1.209747552871704
574 0.6092872023582458 -0.2050751000642776 -1.209550380706787
575 0.6122991442680359 -0.2050753682851791 -1.209357500076294
576 0.6150466203689575 -0.2051004022359848 -1.209149718284607
577 0.6175229549407959 -0.2051397860050201 -1.208939671516418
578 0.6197221875190735 -0.2051747739315033 -1.208746552467346
579 0.62163907289505 -0.2052052617073059 -1.208573341369629
580 0.6232688426971436 -0.2052311897277832 -1.208422422409058
581 0.6246077418327332 -0.2052524834871292 -1.208295822143555
582 0.6256524324417114 -0.2052690982818604 -1.208195447921753
583 0.6264004707336426 -0.2052810043096542 -1.208122730255127
584 0.6268500089645386 -0.2052881419658661 -1.208078742027283
585 0.6269999742507935 -0.2052905261516571 -1.208063960075378
586 0.3779999911785126 -0.2224774062633514 -1.190255165100098
587 0.3781499862670898 -0.2224830836057663 -1.19024920463562
588 0.3785994946956635 -0.2225001007318497 -1.190231680870056
589 0.3793475329875946 -0.2225283980369568 -1.190203070640564
590 0.3803922533988953 -0.2225678563117981 -1.190164089202881
591 0.3817311227321625 -0.2226188480854034 -1.190115094184875
592 0.3833609223365784 -0.2226812690496445 -1.190057396888733
593 0.3852777779102325 -0.2227544784545898 -1.189992904663086
594 0.3874770104885101 -0.2228382378816605 -1.189923048019409
595 0.3899533450603485 -0.2229322493076324 -1.189849734306335
596 0.3927008211612701 -0.2230361849069595 -1.189774632453918
597 0.3957127928733826 -0.2231496572494507 -1.189699530601501
598 0.398982048034668 -0.223272293806076 -1.189626216888428
599 0.4025006592273712 -0.2233202904462814 -1.189643621444702
600 0.406260222196579 -0.2233351618051529 -1.189709305763245
601 0.4102515876293182 -0.2233495116233826 -1.18979012966156
602 0.4144652187824249 -0.2233500182628632 -1.189900517463684
603 0.4188909232616425 -0.2233505398035049 -1.19002640247345
604 0.423518031835556 -0.2233510911464691 -1.190167665481567
605 0.4283354580402374 -0.2233516573905945 -1.190323829650879
606 0.4333315193653107 -0.2233522534370422 -1.190494298934937
607 0.4384942352771759 -0.22335284948349 -1.190677881240845
608 0.4438110888004303 -0.2233534604310989 -1.190873384475708
609 0.4492693841457367 -0.2233540713787079 -1.191078782081604
610 0.454855889081955 -0.2233521193265915 -1.191295027732849
611 0.4605571925640106 -0.2233499437570572 -1.191517233848572
612 0.4663595855236053 -0.2233490347862244 -1.191741347312927
613 0.4722490012645721 -0.2233487516641617 -1.191965341567993
614 0.4782112538814545 -0.2233484536409378 -1.192187070846558
615 0.4842320382595062 -0.2233481556177139 -1.192403793334961
616 0.490296870470047 -0.2233478724956512 -1.192612528800964
617 0.496391087770462 -0.2233476340770721 -1.192810297012329
618 0.5024999976158142 -0.2233473807573318 -1.192994475364685
619 0.508608877658844 -0.2233471274375916 -1.193162441253662
620 0.514703094959259 -0.2233469933271408 -1.193311810493469
621 0.5207679271697998 -0.223347082734108 -1.193440198898315
622 0.5267887115478516 -0.2233471721410751 -1.193545937538147
623 0.5327510237693787 -0.2233472615480423 -1.193627715110779
624 0.5386404395103455 -0.2233473509550095 -1.193684458732605
625 0.5444427728652954 -0.223347395658493 -1.193715214729309
626 0.5501440763473511 -0.2233474403619766 -1.193719744682312
627 0.5557305812835693 -0.2233474850654602 -1.193698167800903
628 0.5611888766288757 -0.2233475297689438 -1.193650841712952
629 0.5665057897567749 -0.2233477085828781 -1.193578839302063
630 0.5716684460639954 -0.2233479171991348 -1.193483233451843
631 0.5766645669937134 -0.2233481258153915 -1.193365931510925
632 0.58148193359375 -0.2233483344316483 -1.193228960037231
633 0.5861090421676636 -0.2233485132455826 -1.193074703216553
634 0.5905347466468811 -0.2233488410711288 -1.19290554523468
635 0.5947483777999878 -0.2233492285013199 -1.192724466323853
636 0.5987398028373718 -0.2233495861291885 -1.192534446716309
637 0.6024993062019348 -0.2233499437570572 -1.192338824272156
638 0.6060179471969604 -0.2233502566814423 -1.192140817642212
639 0.6092872023582458 -0.2233505696058273 -1.191943645477295
640 0.6122991442680359 -0.2233508378267288 -1.191750645637512
641 0.6150466203689575 -0.2233762890100479 -1.191538572311401
642 0.6175229549407959 -0.2234163284301758 -1.191321492195129
643 0.6197221875190735 -0.2234518826007843 -1.19112229347229
644 0.62163907289505 -0.2234828621149063 -1.190943717956543
645 0.6232688426971436 -0.2235092222690582 -1.190788149833679
646 0.6246077418327332 -0.2235308587551117 -1.1906578540802
647 0.6256524324417114 -0.2235477417707443 -1.190554618835449
648 0.6264004707336426 -0.2235598415136337 -1.190479755401611
649 0.6268500089645386 -0.2235671132802963 -1.190434455871582
650 0.6269999742507935 -0.2235695272684097 -1.19041919708252
651 0.3779999911785126 -0.2387143969535828 -1.17202091217041
652 0.3781499862670898 -0.2387199699878693 -1.172014117240906
653 0.3785994946956635 -0.2387366592884064 -1.171993970870972
654 0.3793475329875946 -0.2387644201517105 -1.171960949897766
655 0.3803922533988953 -0.2388031333684921 -1.171915650367737
656 0.3817311227321625 -0.2388530969619751 -1.171858787536621
657 0.3833609223365784 -0.2389142066240311 -1.171791553497314
658 0.3852777779102325 -0.2389858663082123 -1.17171573638916
659 0.3874770104885101 -0.239067867398262 -1.171633005142212
660 0.3899533450603485 -0.2391598671674728 -1.171545147895813
661 0.3927008211612701 -0.2392615675926208 -1.171453952789307
662 0.3957127928733826 -0.2393726110458374 -1.171361446380615
663 0.398982048034668 -0.2394925802946091 -1.171269178390503
664 0.4025006592273712 -0.2395384907722473 -1.171280264854431
665 0.406260222196579 -0.2395515143871307 -1.171345591545105
666 0.4102515876293182 -0.239564061164856 -1.171426057815552
667 0.4144652187824249 -0.2395645529031754 -1.171536445617676
668 0.4188909232616425 -0.2395650595426559 -1.171662211418152
669 0.423518031835556 -0.2395655959844589 -1.17180335521698
670 0.4283354580402374 -0.2395661622285843 -1.171959400177002
671 0.4333315193653107 -0.2395667433738708 -1.17212975025177
672 0.4384942352771759 -0.2395673245191574 -1.172313332557678
673 0.4438110888004303 -0.2395679205656052 -1.172508597373962
674 0.4492693841457367 -0.2395685315132141 -1.172713994979858
675 0.454855889081955 -0.2395665943622589 -1.172930598258972
676 0.4605571925640106 -0.2395644336938858 -1.173153162002563
677 0.4663595855236053 -0.2395635396242142 -1.173377394676208
678 0.4722490012645721 -0.2395632416009903 -1.173601388931274
679 0.4782112538814545 -0.2395629584789276 -1.173823356628418
680 0.4842320382595062 -0.2395626604557037 -1.174040079116821
681 0.490296870470047 -0.2395623773336411 -1.174248814582825
682 0.496391087770462 -0.239562138915062 -1.174446582794189
683 0.5024999976158142 -0.2395618855953217 -1.174630761146545
684 0.508608877658844 -0.2395616471767426 -1.174798846244812
685 0.514703094959259 -0.2395615130662918 -1.174948215484619
686 0.5207679271697998 -0.239561602473259 -1.175076484680176
687 0.5267887115478516 -0.2395616918802261 -1.175182342529297
688 0.5327510237693787 -0.2395617812871933 -1.175264120101929
689 0.5386404395103455 -0.2395618706941605 -1.175320744514465
690 0.5444427728652954 -0.239561915397644 -1.175351500511169
691 0.5501440763473511 -0.2395619601011276 -1.175356030464172
692 0.5557305812835693 -0.2395620048046112 -1.175334453582764
693 0.5611888766288757 -0.2395620495080948 -1.175287246704102
694 0.5665057897567749 -0.2395622134208679 -1.175215125083923
695 0.5716684460639954 -0.2395624369382858 -1.175119519233704
696 0.5766645669937134 -0.2395626455545425 -1.175002217292786
697 0.58148193359375 -0.2395628392696381 -1.174865245819092
698 0.5861090421676636 -0.2395630329847336 -1.174710869789124
699 0.5905347466468811 -0.2395633459091187 -1.174541592597961
700 0.5947483777999878 -0.2395637482404709 -1.174360394477844
701 0.5987398028373718 -0.2395641058683395 -1.1741703748703
702 0.6024993062019348 -0.2395644634962082 -1.173974752426147
703 0.6060179471969604 -0.2395647913217545 -1.173776626586914
704 0.6092872023582458 -0.2395650893449783 -1.173579454421997
705 0.6122991442680359 -0.239565372467041 -1.173386335372925
706 0.6150466203689575 -0.239590585231781 -1.17316997051239
707 0.6175229549407959 -0.2396302372217178 -1.172946095466614
708 0.6197221875190735 -0.2396654486656189 -1.172740817070007
709 0.62163907289505 -0.239696130156517 -1.17255699634552
710 0.6232688426971436 -0.2397222220897675 -1.172396898269653
711 0.6246077418327332 -0.2397436648607254 -1.172262907028198
712 0.6256524324417114 -0.2397603839635849 -1.172156810760498
713 0.6264004707336426 -0.2397723644971848 -1.172079920768738
714 0.6268500089645386 -0.2397795617580414 -1.172033429145813
715 0.6269999742507935 -0.2397819608449936 -1.172017812728882
716 0.3779999911785126 -0.2529272437095642 -1.153324604034424
717 0.3781499862670898 -0.2529325783252716 -1.153317093849182
718 0.3785994946956635 -0.2529485523700714 -1.153294444084167
719 0.3793475329875946 -0.2529750764369965 -1.153257369995117
720 0.3803922533988953 -0.253012090921402 -1.153206467628479
721 0.3817311227321625 -0.2530598044395447 -1.15314245223999
722 0.3833609223365784 -0.2531180679798126 -1.153066515922546
723 0.3852777779102325 -0.25318643450737 -1.152980327606201
724 0.3874770104885101 -0.2532646059989929 -1.152885913848877
725 0.3899533450603485 -0.2533523440361023 -1.152784943580627
726 0.3927008211612701 -0.2534492909908295 -1.152679204940796
727 0.3957127928733826 -0.2535551190376282 -1.152570724487305
728 0.398982048034668 -0.2536694407463074 -1.152461290359497
729 0.4025006592273712 -0.2537120580673218 -1.152467489242554
730 0.406260222196579 -0.2537227272987366 -1.152533411979675
731 0.4102515876293182 -0.2537330389022827 -1.15261447429657
732 0.4144652187824249 -0.2537335157394409 -1.152724742889404
733 0.4188909232616425 -0.2537339925765991 -1.152850389480591
734 0.423518031835556 -0.2537344992160797 -1.152991533279419
735 0.4283354580402374 -0.2537350356578827 -1.153147459030151
736 0.4333315193653107 -0.2537356019020081 -1.153317809104919
737 0.4384942352771759 -0.2537361681461334 -1.153501272201538
738 0.4438110888004303 -0.2537367343902588 -1.153696417808533
739 0.4492693841457367 -0.2537373304367065 -1.153901696205139
740 0.454855889081955 -0.2537354528903961 -1.154118537902832
741 0.4605571925640106 -0.2537333369255066 -1.154341578483582
742 0.4663595855236053 -0.2537324726581573 -1.154565930366516
743 0.4722490012645721 -0.2537322044372559 -1.154790043830872
744 0.4782112538814545 -0.253731906414032 -1.155012011528015
745 0.4842320382595062 -0.2537316381931305 -1.155228734016418
746 0.490296870470047 -0.253731369972229 -1.155437469482422
747 0.496391087770462 -0.2537311315536499 -1.155635356903076
748 0.5024999976158142 -0.2537308931350708 -1.155819654464722
749 0.508608877658844 -0.2537306547164917 -1.155987739562988
750 0.514703094959259 -0.2537305355072021 -1.156137108802795
751 0.5207679271697998 -0.2537306249141693 -1.156265377998352
752 0.5267887115478516 -0.2537307143211365 -1.156371235847473
753 0.5327510237693787 -0.2537307739257812 -1.156453013420105
754 0.5386404395103455 -0.2537308633327484 -1.156509637832642
755 0.5444427728652954 -0.2537309229373932 -1.156540393829346
756 0.5501440763473511 -0.2537309527397156 -1.156544923782349
757 0.5557305812835693 -0.2537310123443604 -1.15652322769165
758 0.5611888766288757 -0.2537310421466827 -1.156476020812988
759 0.5665057897567749 -0.2537312209606171 -1.15640389919281
760 0.5716684460639954 -0.2537314295768738 -1.15630829334259
761 0.5766645669937134 -0.2537316083908081 -1.156190872192383
762 0.58148193359375 -0.2537318170070648 -1.156053900718689
763 0.5861090421676636 -0.2537319958209991 -1.155899524688721
764 0.5905347466468811 -0.2537323236465454 -1.155730247497559
765 0.5947483777999878 -0.2537327110767365 -1.155548930168152
766 0.5987398028373718 -0.2537330687046051 -1.155358791351318
767 0.6024993062019348 -0.2537333965301514 -1.155163049697876
768 0.6060179471969604 -0.2537337243556976 -1.154964923858643
769 0.6092872023582458 -0.2537340223789215 -1.154767751693726
770 0.6122991442680359 -0.2537343204021454 -1.154574513435364
771 0.6150466203689575 -0.2537586688995361 -1.154353976249695
772 0.6175229549407959 -0.2537969946861267 -1.154123663902283
773 0.6197221875190735 -0.2538310587406158 -1.153912663459778
774 0.62163907289505 -0.2538607120513916 -1.153723835945129
775 0.6232688426971436 -0.2538859248161316 -1.153559446334839
776 0.6246077418327332 -0.253906637430191 -1.153421998023987
777 0.6256524324417114 -0.2539227902889252 -1.153313159942627
778 0.6264004707336426 -0.253934383392334 -1.153234243392944
779 0.6268500089645386 -0.2539413273334503 -1.153186559677124
780 0.6269999742507935 -0.2539436519145966 -1.153170585632324
781 0.3779999911785126 -0.2651721835136414 -1.134453415870667
782 0.3781499862670898 -0.2651771306991577 -1.134445071220398
783 0.3785994946956635 -0.2651920318603516 -1.134420394897461
784 0.3793475329875946 -0.2652167677879333 -1.134379744529724
785 0.3803922533988953 -0.2652512788772583 -1.134323954582214
786 0.3817311227321625 -0.265295684337616 -1.134253621101379
787 0.3833609223365784 -0.2653498351573944 -1.134170055389404
788 0.3852777779102325 -0.265413373708725 -1.134075164794922
789 0.3874770104885101 -0.2654860317707062 -1.133970618247986
790 0.3899533450603485 -0.2655675411224365 -1.133858203887939
791 0.3927008211612701 -0.2656576335430145 -1.133739948272705
792 0.3957127928733826 -0.2657559216022491 -1.133617639541626
793 0.398982048034668 -0.2658621072769165 -1.133493423461914
794 0.4025006592273712 -0.2659004330635071 -1.133496165275574
795 0.406260222196579 -0.2659084796905518 -1.133563756942749
796 0.4102515876293182 -0.2659162878990173 -1.133646488189697
797 0.4144652187824249 -0.2659167051315308 -1.133756756782532
798 0.4188909232616425 -0.265917181968689 -1.133882403373718
799 0.423518031835556 -0.2659176588058472 -1.134023308753967
800 0.4283354580402374 -0.2659181356430054 -1.1341792345047
801 0.4333315193653107 -0.2659186720848083 -1.134349465370178
802 0.4384942352771759 -0.2659191787242889 -1.134532809257507
803 0.4438110888004303 -0.2659197151660919 -1.134727954864502
804 0.4492693841457367 -0.2659202814102173 -1.134933233261108
805 0.454855889081955 -0.265918493270874 -1.13515031337738
806 0.4605571925640106 -0.2659165263175964 -1.135373592376709
807 0.4663595855236053 -0.2659156918525696 -1.135598182678223
808 0.4722490012645721 -0.2659154236316681 -1.135822296142578
809 0.4782112538814545 -0.2659151554107666 -1.136044263839722
810 0.4842320382595062 -0.2659148871898651 -1.136261105537415
811 0.490296870470047 -0.2659146189689636 -1.136469960212708
812 0.496391087770462 -0.2659144103527069 -1.136667847633362
813 0.5024999976158142 -0.2659141719341278 -1.136852145195007
814 0.508608877658844 -0.2659139633178711 -1.137020230293274
815 0.514703094959259 -0.2659138441085815 -1.137169599533081
816 0.5207679271697998 -0.2659139335155487 -1.137297987937927
817 0.5267887115478516 -0.2659140229225159 -1.137403726577759
818 0.5327510237693787 -0.2659140825271606 -1.137485504150391
819 0.5386404395103455 -0.2659141719341278 -1.137542128562927
820 0.5444427728652954 -0.2659142017364502 -1.137572765350342
821 0.5501440763473511 -0.265914261341095 -1.137577295303345
822 0.5557305812835693 -0.2659142911434174 -1.137555718421936
823 0.5611888766288757 -0.2659143209457397 -1.137508511543274
824 0.5665057897567749 -0.2659144997596741 -1.137436270713806
825 0.5716684460639954 -0.2659146785736084 -1.137340664863586
826 0.5766645669937134 -0.2659148871898651 -1.137223243713379
827 0.58148193359375 -0.2659150660037994 -1.137086153030396
828 0.5861090421676636 -0.2659152448177338 -1.136931777000427
829 0.5905347466468811 -0.2659155428409576 -1.136762380599976
830 0.5947483777999878 -0.2659159302711487 -1.136581063270569
831 0.5987398028373718 -0.2659162878990173 -1.136390924453735
832 0.6024993062019348 -0.2659166157245636 -1.136195182800293
833 0.6060179471969604 -0.2659169137477875 -1.13599693775177
834 0.6092872023582458 -0.2659172117710114 -1.135799646377563
835 0.6122991442680359 -0.2659174799919128 -1.135606408119202
836 0.6150466203689575 -0.2659404873847961 -1.135382056236267
837 0.6175229549407959 -0.2659766674041748 -1.135145664215088
838 0.6197221875190735 -0.2660087943077087 -1.134929418563843
839 0.62163907289505 -0.2660368084907532 -1.134735822677612
840 0.6232688426971436 -0.2660605907440186 -1.134567618370056
841 0.6246077418327332 -0.2660801410675049 -1.134426832199097
842 0.6256524324417114 -0.2660953998565674 -1.134315490722656
843 0.6264004707336426 -0.2661063373088837 -1.13423478603363
844 0.6268500089645386 -0.266112893819809 -1.134186029434204
845 0.6269999742507935 -0.2661150693893433 -1.134169697761536
846 0.3779999911785126 -0.2755425572395325 -1.11566948890686
847 0.3781499862670898 -0.275547057390213 -1.115660667419434
848 0.3785994946956635 -0.275560587644577 -1.115634202957153
849 0.3793475329875946 -0.2755830883979797 -1.115590572357178
850 0.3803922533988953 -0.2756144404411316 -1.115530729293823
851 0.3817311227321625 -0.2756547033786774 -1.115455269813538
852 0.3833609223365784 -0.2757037580013275 -1.115365505218506
853 0.3852777779102325 -0.2757613062858582 -1.115263342857361
854 0.3874770104885101 -0.2758270800113678 -1.115150570869446
855 0.3899533450603485 -0.2759008705615997 -1.115028858184814
856 0.3927008211612701 -0.2759824097156525 -1.114900350570679
857 0.3957127928733826 -0.2760713398456573 -1.114766955375671
858 0.398982048034668 -0.2761673927307129 -1.114630579948425
859 0.4025006592273712 -0.2762007713317871 -1.114631533622742
860 0.406260222196579 -0.2762061059474945 -1.114702224731445
861 0.4102515876293182 -0.2762112617492676 -1.114787697792053
862 0.4144652187824249 -0.2762116491794586 -1.114897966384888
863 0.4188909232616425 -0.276212066411972 -1.115023493766785
864 0.423518031835556 -0.2762124836444855 -1.115164399147034
865 0.4283354580402374 -0.2762129604816437 -1.115320324897766
866 0.4333315193653107 -0.2762134075164795 -1.115490436553955
867 0.4384942352771759 -0.2762138843536377 -1.115673780441284
868 0.4438110888004303 -0.2762143909931183 -1.115868806838989
869 0.4492693841457367 -0.2762148976325989 -1.116073966026306
870 0.454855889081955 -0.2762132585048676 -1.116291403770447
871 0.4605571925640106 -0.2762114107608795 -1.116514921188354
872 0.4663595855236053 -0.2762106657028198 -1.116739630699158
873 0.4722490012645721 -0.2762103974819183 -1.116963863372803
874 0.4782112538814545 -0.2762101590633392 -1.117185831069946
875 0.4842320382595062 -0.2762098908424377 -1.117402672767639
876 0.490296870470047 -0.276209682226181 -1.117611527442932
877 0.496391087770462 -0.2762094736099243 -1.117809534072876
878 0.5024999976158142 -0.2762092649936676 -1.117993831634521
879 0.508608877658844 -0.2762090563774109 -1.118162035942078
880 0.514703094959259 -0.2762089371681213 -1.118311405181885
881 0.5207679271697998 -0.2762090265750885 -1.118439674377441
882 0.5267887115478516 -0.2762091159820557 -1.118545413017273
883 0.5327510237693787 -0.2762091755867004 -1.118627190589905
884 0.5386404395103455 -0.2762092649936676 -1.118683815002441
885 0.5444427728652954 -0.27620929479599 -1.118714570999146
886 0.5501440763473511 -0.2762093245983124 -1.118719100952148
887 0.5557305812835693 -0.2762093544006348 -1.11869740486145
888 0.5611888766288757 -0.2762093842029572 -1.118650197982788
889 0.5665057897567749 -0.2762095332145691 -1.11857795715332
890 0.5716684460639954 -0.2762097418308258 -1.118482232093811
891 0.5766645669937134 -0.2762099206447601 -1.118364810943604
892 0.58148193359375 -0.2762100994586945 -1.11822772026062
893 0.5861090421676636 -0.2762102484703064 -1.118073344230652
894 0.5905347466468811 -0.2762105464935303 -1.1179039478302
895 0.5947483777999878 -0.2762109041213989 -1.117722511291504
896 0.5987398028373718 -0.2762112319469452 -1.117532253265381
897 0.6024993062019348 -0.2762115299701691 -1.117336392402649
898 0.6060179471969604 -0.2762118279933929 -1.117138147354126
899 0.6092872023582458 -0.2762120962142944 -1.11694073677063
900 0.6122991442680359 -0.2762123644351959 -1.116747498512268
901 0.6150466203689575 -0.2762335538864136 -1.116519689559937
902 0.6175229549407959 -0.2762669324874878 -1.116278052330017
903 0.6197221875190735 -0.2762965261936188 -1.1160569190979
904 0.62163907289505 -0.2763223350048065 -1.115859270095825
905 0.6232688426971436 -0.2763442695140839 -1.115687489509583
906 0.6246077418327332 -0.2763622999191284 -1.115543842315674
907 0.6256524324417114 -0.276376336812973 -1.115430116653442
908 0.6264004707336426 -0.2763864099979401 -1.115347862243652
909 0.6268500089645386 -0.2763924598693848 -1.11529803276062
910 0.6269999742507935 -0.2763944864273071 -1.115281343460083
911 0.3779999911785126 -0.2841616272926331 -1.097205758094788
912 0.3781499862670898 -0.284165620803833 -1.097196340560913
913 0.3785994946956635 -0.2841776013374329 -1.097168564796448
914 0.3793475329875946 -0.2841974794864655 -1.097122669219971
915 0.3803922533988953 -0.284225195646286 -1.097059607505798
916 0.3817311227321625 -0.2842607498168945 -1.096980333328247
917 0.3833609223365784 -0.2843039929866791 -1.096885919570923
918 0.3852777779102325 -0.2843546867370605 -1.096778392791748
919 0.3874770104885101 -0.2844126224517822 -1.096659421920776
920 0.3899533450603485 -0.2844776213169098 -1.096530914306641
921 0.3927008211612701 -0.2845494151115417 -1.096394777297974
922 0.3957127928733826 -0.2846277058124542 -1.096253037452698
923 0.398982048034668 -0.2847122251987457 -1.096107602119446
924 0.4025006592273712 -0.2847402393817902 -1.096108794212341
925 0.406260222196579 -0.2847428917884827 -1.096183657646179
926 0.4102515876293182 -0.2847455143928528 -1.096273303031921
927 0.4144652187824249 -0.284745842218399 -1.096383452415466
928 0.4188909232616425 -0.2847462296485901 -1.096508979797363
929 0.423518031835556 -0.2847466170787811 -1.096649885177612
930 0.4283354580402374 -0.2847470045089722 -1.096805691719055
931 0.4333315193653107 -0.2847474217414856 -1.096975803375244
932 0.4384942352771759 -0.284747838973999 -1.097159028053284
933 0.4438110888004303 -0.2847482860088348 -1.097354054450989
934 0.4492693841457367 -0.2847487330436707 -1.097559094429016
935 0.454855889081955 -0.2847472429275513 -1.097776770591736
936 0.4605571925640106 -0.2847455739974976 -1.098000645637512
937 0.4663595855236053 -0.284744918346405 -1.098225474357605
938 0.4722490012645721 -0.2847446799278259 -1.09844970703125
939 0.4782112538814545 -0.2847444415092468 -1.098671674728394
940 0.4842320382595062 -0.2847442328929901 -1.098888635635376
941 0.490296870470047 -0.2847440242767334 -1.099097490310669
942 0.496391087770462 -0.2847438454627991 -1.099295496940613
943 0.5024999976158142 -0.2847436368465424 -1.099479794502258
944 0.508608877658844 -0.284743458032608 -1.099647998809814
945 0.514703094959259 -0.2847433686256409 -1.099797368049622
946 0.5207679271697998 -0.2847434282302856 -1.099925756454468
947 0.5267887115478516 -0.2847435176372528 -1.100031495094299
948 0.5327510237693787 -0.2847435772418976 -1.100113272666931
949 0.5386404395103455 -0.2847436368465424 -1.100169777870178
950 0.5444427728652954 -0.2847436666488647 -1.100200533866882
951 0.5501440763473511 -0.2847437262535095 -1.100205063819885
952 0.5557305812835693 -0.2847437560558319 -1.100183486938477
953 0.5611888766288757 -0.2847437858581543 -1.100136160850525
954 0.5665057897567749 -0.2847439050674438 -1.100063920021057
955 0.5716684460639954 -0.2847440838813782 -1.099968194961548
956 0.5766645669937134 -0.2847442328929901 -1.09985077381134
957 0.58148193359375 -0.2847444117069244 -1.099713563919067
958 0.5861090421676636 -0.2847445607185364 -1.099559187889099
959 0.5905347466468811 -0.2847448289394379 -1.099389672279358
960 0.5947483777999878 -0.2847451567649841 -1.099208235740662
961 0.5987398028373718 -0.284745454788208 -1.099017858505249
962 0.6024993062019348 -0.2847457230091095 -1.098821997642517
963 0.6060179471969604 -0.284745991230011 -1.098623633384705
964 0.6092872023582458 -0.2847462594509125 -1.098426222801208
965 0.6122991442680359 -0.2847464978694916 -1.098232984542847
966 0.6150466203689575 -0.2847655713558197 -1.098002195358276
967 0.6175229549407959 -0.2847955524921417 -1.097755789756775
968 0.6197221875190735 -0.2848221957683563 -1.097530603408813
969 0.62163907289505 -0.284845381975174 -1.097329258918762
970 0.6232688426971436 -0.2848651111125946 -1.097154378890991
971 0.6246077418327332 -0.2848812937736511 -1.097008228302002
972 0.6256524324417114 -0.2848939299583435 -1.096892595291138
973 0.6264004707336426 -0.284902960062027 -1.096808910369873
974 0.6268500089645386 -0.2849084138870239 -1.096758246421814
975 0.6269999742507935 -0.2849102318286896 -1.096741318702698
976 0.3779999911785126 -0.2911748588085175 -1.079262018203735
977 0.3781499862670898 -0.291178286075592 -1.079252362251282
978 0.3785994946956635 -0.2911885678768158 -1.0792236328125
979 0.3793475329875946 -0.2912056446075439 -1.079176187515259
980 0.3803922533988953 -0.2912294566631317 -1.079110980033875
981 0.3817311227321625 -0.2912599146366119 -1.079029083251953
982 0.3833609223365784 -0.2912968993186951 -1.078931927680969
983 0.3852777779102325 -0.2913402318954468 -1.078820943832397
984 0.3874770104885101 -0.2913897633552551 -1.078698039054871
985 0.3899533450603485 -0.2914453148841858 -1.078565120697021
986 0.3927008211612701 -0.2915066480636597 -1.078424096107483
987 0.3957127928733826 -0.2915734946727753 -1.078277111053467
988 0.398982048034668 -0.2916456758975983 -1.078126072883606
989 0.4025006592273712 -0.2916682362556458 -1.078129172325134
990 0.406260222196579 -0.2916685044765472 -1.078209638595581
991 0.4102515876293182 -0.2916687726974487 -1.078304648399353
992 0.4144652187824249 -0.2916690707206726 -1.078414797782898
993 0.4188909232616425 -0.2916693985462189 -1.078540325164795
994 0.423518031835556 -0.2916697263717651 -1.078681230545044
995 0.4283354580402374 -0.2916700541973114 -1.078837037086487
996 0.4333315193653107 -0.2916704118251801 -1.079007029533386
997 0.4384942352771759 -0.2916707694530487 -1.079190254211426
998 0.4438110888004303 -0.2916711568832397 -1.079385280609131
999 0.4492693841457367 -0.2916715443134308 -1.079590320587158
1000 0.454855889081955 -0.2916702330112457 -1.079808115959167
1001 0.4605571925640106 -0.2916687726974487 -1.080032229423523
1002 0.4663595855236053 -0.291668176651001 -1.080257058143616
1003 0.4722490012645721 -0.2916679978370667 -1.08048141002655
1004 0.4782112538814545 -0.2916677892208099 -1.080703377723694
1005 0.4842320382595062 -0.2916675806045532 -1.080920338630676
1006 0.490296870470047 -0.2916674017906189 -1.081129312515259
1007 0.496391087770462 -0.291667252779007 -1.081327319145203
1008 0.5024999976158142 -0.2916670739650726 -1.081511616706848
1009 0.508608877658844 -0.2916669249534607 -1.081679821014404
1010 0.514703094959259 -0.2916668355464935 -1.081829309463501
1011 0.5207679271697998 -0.2916668951511383 -1.081957578659058
1012 0.5267887115478516 -0.2916669547557831 -1.082063317298889
1013 0.5327510237693787 -0.2916670143604279 -1.082144975662231
1014 0.5386404395103455 -0.2916670739650726 -1.082201600074768
1015 0.5444427728652954 -0.291667103767395 -1.082232356071472
1016 0.5501440763473511 -0.2916671335697174 -1.082236886024475
1017 0.5557305812835693 -0.2916671633720398 -1.082215189933777
1018 0.5611888766288757 -0.2916671931743622 -1.082167983055115
1019 0.5665057897567749 -0.2916673123836517 -1.082095742225647
1020 0.5716684460639954 -0.2916674613952637 -1.081999897956848
1021 0.5766645669937134 -0.2916676104068756 -1.081882476806641
1022 0.58148193359375 -0.2916677594184875 -1.081745266914368
1023 0.5861090421676636 -0.2916678786277771 -1.08159077167511
1024 0.5905347466468811 -0.2916681170463562 -1.081421256065369
1025 0.5947483777999878 -0.2916684150695801 -1.081239700317383
1026 0.5987398028373718 -0.2916686832904816 -1.08104944229126
1027 0.6024993062019348 -0.2916689515113831 -1.080853462219238
1028 0.6060179471969604 -0.2916691899299622 -1.080654978752136
1029 0.6092872023582458 -0.2916694283485413 -1.08045756816864
1030 0.6122991442680359 -0.291669636964798 -1.080264210700989
1031 0.6150466203689575 -0.2916863262653351 -1.080031037330627
1032 0.6175229549407959 -0.2917125821113586 -1.079780697822571
1033 0.6197221875190735 -0.2917358577251434 -1.079552054405212
1034 0.62163907289505 -0.2917561531066895 -1.079347729682922
1035 0.6232688426971436 -0.2917734086513519 -1.079170346260071
1036 0.6246077418327332 -0.2917875945568085 -1.079022169113159
1037 0.6256524324417114 -0.2917986214160919 -1.078904867172241
1038 0.6264004707336426 -0.291806548833847 -1.078819990158081
1039 0.6268500089645386 -0.2918112874031067 -1.078768610954285
1040 0.6269999742507935 -0.2918128967285156 -1.078751444816589
1041 0.3779999911785126 -0.29674232006073 -1.062004208564758
1042 0.3781499862670898 -0.2967451810836792 -1.061994433403015
1043 0.3785994946956635 -0.2967537343502045 -1.061965227127075
1044 0.3793475329875946 -0.296767920255661 -1.061916947364807
1045 0.3803922533988953 -0.2967877089977264 -1.061850666999817
1046 0.3817311227321625 -0.2968129217624664 -1.06176769733429
1047 0.3833609223365784 -0.2968434989452362 -1.061669230461121
1048 0.3852777779102325 -0.2968793213367462 -1.061556935310364
1049 0.3874770104885101 -0.2969202399253845 -1.061432361602783
1050 0.3899533450603485 -0.2969660758972168 -1.061297655105591
1051 0.3927008211612701 -0.2970167100429535 -1.061154723167419
1052 0.3957127928733826 -0.2970718741416931 -1.061005711555481
1053 0.398982048034668 -0.2971313893795013 -1.060852289199829
1054 0.4025006592273712 -0.2971486747264862 -1.060859322547913
1055 0.406260222196579 -0.2971469163894653 -1.060946702957153
1056 0.4102515876293182 -0.297145277261734 -1.061048269271851
1057 0.4144652187824249 -0.2971455156803131 -1.061158418655396
1058 0.4188909232616425 -0.2971457839012146 -1.061283946037292
1059 0.423518031835556 -0.2971460521221161 -1.061424732208252
1060 0.4283354580402374 -0.2971463203430176 -1.061580538749695
1061 0.4333315193653107 -0.2971466183662415 -1.061750650405884
1062 0.4384942352771759 -0.2971469163894653 -1.061933755874634
1063 0.4438110888004303 -0.2971472442150116 -1.062128782272339
1064 0.4492693841457367 -0.2971475720405579 -1.062333703041077
1065 0.454855889081955 -0.2971464693546295 -1.062551736831665
1066 0.4605571925640106 -0.2971452176570892 -1.06277596950531
1067 0.4663595855236053 -0.2971447110176086 -1.063000917434692
1068 0.4722490012645721 -0.2971445322036743 -1.063225269317627
1069 0.4782112538814545 -0.2971443831920624 -1.06344735622406
1070 0.4842320382595062 -0.2971442043781281 -1.063664317131042
1071 0.490296870470047 -0.2971440553665161 -1.063873291015625
1072 0.496391087770462 -0.2971439063549042 -1.064071297645569
1073 0.5024999976158142 -0.2971437871456146 -1.064255714416504
1074 0.508608877658844 -0.2971436381340027 -1.06442391872406
1075 0.514703094959259 -0.2971435785293579 -1.064573287963867
1076 0.5207679271697998 -0.2971436381340027 -1.064701557159424
1077 0.5267887115478516 -0.2971436679363251 -1.064807295799255
1078 0.5327510237693787 -0.2971437275409698 -1.064888954162598
1079 0.5386404395103455 -0.2971437871456146 -1.064945578575134
1080 0.5444427728652954 -0.297143816947937 -1.064976334571838
1081 0.5501440763473511 -0.297143816947937 -1.064980864524841
1082 0.5557305812835693 -0.2971438467502594 -1.064959168434143
1083 0.5611888766288757 -0.2971438765525818 -1.064911961555481
1084 0.5665057897567749 -0.297143965959549 -1.064839601516724
1085 0.5716684460639954 -0.2971441149711609 -1.064743876457214
1086 0.5766645669937134 -0.2971442341804504 -1.064626336097717
1087 0.58148193359375 -0.29714435338974 -1.064489126205444
1088 0.5861090421676636 -0.2971444725990295 -1.064334630966187
1089 0.5905347466468811 -0.2971446812152863 -1.064165115356445
1090 0.5947483777999878 -0.2971449196338654 -1.063983559608459
1091 0.5987398028373718 -0.2971451580524445 -1.063793063163757
1092 0.6024993062019348 -0.2971453964710236 -1.063597083091736
1093 0.6060179471969604 -0.2971456050872803 -1.063398599624634
1094 0.6092872023582458 -0.297145813703537 -1.063201069831848
1095 0.6122991442680359 -0.2971459925174713 -1.063007712364197
1096 0.6150466203689575 -0.2971601486206055 -1.062772512435913
1097 0.6175229549407959 -0.2971824407577515 -1.062519311904907
1098 0.6197221875190735 -0.2972021996974945 -1.062287926673889
1099 0.62163907289505 -0.2972194254398346 -1.062081217765808
1100 0.6232688426971436 -0.2972340285778046 -1.061901807785034
1101 0.6246077418327332 -0.2972460687160492 -1.061751961708069
1102 0.6256524324417114 -0.2972554266452789 -1.061633348464966
1103 0.6264004707336426 -0.2972621321678162 -1.061547636985779
1104 0.6268500089645386 -0.2972661554813385 -1.061495661735535
1105 0.6269999742507935 -0.2972674965858459 -1.06147837638855
1106 0.3779999911785126 -0.3010318875312805 -1.045563817024231
1107 0.3781499862670898 -0.301034152507782 -1.045554041862488
1108 0.3785994946956635 -0.3010409772396088 -1.045524716377258
1109 0.3793475329875946 -0.3010523021221161 -1.04547655582428
1110 0.3803922533988953 -0.3010680973529816 -1.04541015625
1111 0.3817311227321625 -0.3010881543159485 -1.045327305793762
1112 0.3833609223365784 -0.3011123836040497 -1.045229434967041
1113 0.3852777779102325 -0.3011407852172852 -1.045117735862732
1114 0.3874770104885101 -0.301173210144043 -1.044993996620178
1115 0.3899533450603485 -0.301209568977356 -1.044860124588013
1116 0.3927008211612701 -0.301249623298645 -1.044718146324158
1117 0.3957127928733826 -0.3012933135032654 -1.044569969177246
1118 0.398982048034668 -0.3013403713703156 -1.044417858123779
1119 0.4025006592273712 -0.3013527989387512 -1.044430494308472
1120 0.406260222196579 -0.3013495802879333 -1.044525980949402
1121 0.4102515876293182 -0.301346480846405 -1.044635534286499
1122 0.4144652187824249 -0.3013466894626617 -1.044745564460754
1123 0.4188909232616425 -0.3013468980789185 -1.044871091842651
1124 0.423518031835556 -0.3013471066951752 -1.0450119972229
1125 0.4283354580402374 -0.3013473153114319 -1.045167684555054
1126 0.4333315193653107 -0.301347553730011 -1.045337796211243
1127 0.4384942352771759 -0.3013477921485901 -1.045521020889282
1128 0.4438110888004303 -0.3013480603694916 -1.045715928077698
1129 0.4492693841457367 -0.3013483285903931 -1.045920848846436
1130 0.454855889081955 -0.301347404718399 -1.046139001846313
1131 0.4605571925640106 -0.3013463914394379 -1.046363472938538
1132 0.4663595855236053 -0.3013459742069244 -1.04658842086792
1133 0.4722490012645721 -0.3013458251953125 -1.046812772750854
1134 0.4782112538814545 -0.3013457059860229 -1.047034859657288
1135 0.4842320382595062 -0.301345556974411 -1.04725193977356
1136 0.490296870470047 -0.3013454377651215 -1.047460794448853
1137 0.496391087770462 -0.3013453185558319 -1.047658801078796
1138 0.5024999976158142 -0.3013451993465424 -1.047843217849731
1139 0.508608877658844 -0.3013451099395752 -1.048011422157288
1140 0.514703094959259 -0.3013450503349304 -1.048160910606384
1141 0.5207679271697998 -0.3013450801372528 -1.048289179801941
1142 0.5267887115478516 -0.3013451397418976 -1.048394918441772
1143 0.5327510237693787 -0.30134516954422 -1.048476576805115
1144 0.5386404395103455 -0.3013452291488647 -1.048533082008362
1145 0.5444427728652954 -0.3013452291488647 -1.048563838005066
1146 0.5501440763473511 -0.3013452589511871 -1.048568367958069
1147 0.5557305812835693 -0.3013452589511871 -1.04854679107666
1148 0.5611888766288757 -0.3013452887535095 -1.048499464988708
1149 0.5665057897567749 -0.3013453781604767 -1.048427224159241
1150 0.5716684460639954 -0.3013454973697662 -1.048331379890442
1151 0.5766645669937134 -0.3013455867767334 -1.048213839530945
1152 0.58148193359375 -0.3013457059860229 -1.048076629638672
1153 0.5861090421676636 -0.3013457953929901 -1.047922134399414
1154 0.5905347466468811 -0.3013459742069244 -1.047752499580383
1155 0.5947483777999878 -0.3013461828231812 -1.047570824623108
1156 0.5987398028373718 -0.3013463914394379 -1.047380447387695
1157 0.6024993062019348 -0.3013465702533722 -1.047184348106384
1158 0.6060179471969604 -0.3013467490673065 -1.046985864639282
1159 0.6092872023582458 -0.3013469278812408 -1.046788334846497
1160 0.6122991442680359 -0.3013470768928528 -1.046594858169556
1161 0.6150466203689575 -0.3013586699962616 -1.046358346939087
1162 0.6175229549407959 -0.3013768494129181 -1.04610276222229
1163 0.6197221875190735 -0.3013930022716522 -1.045869469642639
1164 0.62163907289505 -0.3014070689678192 -1.045661091804504
1165 0.6232688426971436 -0.3014190196990967 -1.045480251312256
1166 0.6246077418327332 -0.3014288544654846 -1.045329213142395
1167 0.6256524324417114 -0.3014364838600159 -1.045209646224976
1168 0.6264004707336426 -0.3014419674873352 -1.045123219490051
1169 0.6268500089645386 -0.3014452755451202 -1.045070886611938
1170 0.6269999742507935 -0.3014463484287262 -1.045053482055664
1171 0.3779999911785126 -0.3042125999927521 -1.030039072036743
1172 0.3781499862670898 -0.3042143285274506 -1.03002941608429
1173 0.3785994946956635 -0.3042194843292236 -1.030000567436218
1174 0.3793475329875946 -0.3042280673980713 -1.029953122138977
1175 0.3803922533988953 -0.3042400479316711 -1.029887676239014
1176 0.3817311227321625 -0.3042551875114441 -1.02980649471283
1177 0.3833609223365784 -0.3042734265327454 -1.02971076965332
1178 0.3852777779102325 -0.3042947947978973 -1.029601693153381
1179 0.3874770104885101 -0.3043191432952881 -1.029480934143066
1180 0.3899533450603485 -0.3043464422225952 -1.029350399971008
1181 0.3927008211612701 -0.3043765425682068 -1.029212117195129
1182 0.3957127928733826 -0.3044092953205109 -1.029068112373352
1183 0.398982048034668 -0.3044445812702179 -1.028920292854309
1184 0.4025006592273712 -0.3044527769088745 -1.028940677642822
1185 0.406260222196579 -0.304448664188385 -1.029045462608337
1186 0.4102515876293182 -0.3044447600841522 -1.029163837432861
1187 0.4144652187824249 -0.3044449090957642 -1.029273986816406
1188 0.4188909232616425 -0.3044450581073761 -1.029399514198303
1189 0.423518031835556 -0.3044452369213104 -1.029540300369263
1190 0.4283354580402374 -0.3044453859329224 -1.029696106910706
1191 0.4333315193653107 -0.3044455647468567 -1.029866218566895
1192 0.4384942352771759 -0.304445743560791 -1.030049443244934
1193 0.4438110888004303 -0.3044459521770477 -1.03024435043335
1194 0.4492693841457367 -0.3044461607933044 -1.030449271202087
1195 0.454855889081955 -0.3044454455375671 -1.030667543411255
1196 0.4605571925640106 -0.3044446408748627 -1.030892014503479
1197 0.4663595855236053 -0.3044443130493164 -1.031117081642151
1198 0.4722490012645721 -0.3044441938400269 -1.031341433525085
1199 0.4782112538814545 -0.3044441044330597 -1.031563520431519
1200 0.4842320382595062 -0.3044439852237701 -1.031780600547791
1201 0.490296870470047 -0.304443895816803 -1.031989574432373
1202 0.496391087770462 -0.3044438064098358 -1.032187581062317
1203 0.5024999976158142 -0.3044437170028687 -1.032371997833252
1204 0.508608877658844 -0.3044436275959015 -1.032540202140808
1205 0.514703094959259 -0.3044435977935791 -1.032689571380615
1206 0.5207679271697998 -0.3044436275959015 -1.032817840576172
1207 0.5267887115478516 -0.3044436573982239 -1.032923579216003
1208 0.5327510237693787 -0.3044436872005463 -1.033005237579346
1209 0.5386404395103455 -0.3044437170028687 -1.033061861991882
1210 0.5444427728652954 -0.304443746805191 -1.033092498779297
1211 0.5501440763473511 -0.304443746805191 -1.0330970287323
1212 0.5557305812835693 -0.3044437766075134 -1.033075451850891
1213 0.5611888766288757 -0.3044437766075134 -1.033028244972229
1214 0.5665057897567749 -0.3044438362121582 -1.032955884933472
1215 0.5716684460639954 -0.3044439256191254 -1.032860040664673
1216 0.5766645669937134 -0.3044440150260925 -1.032742500305176
1217 0.58148193359375 -0.3044441044330597 -1.032605290412903
1218 0.5861090421676636 -0.3044441640377045 -1.032450675964355
1219 0.5905347466468811 -0.3044443130493164 -1.032281041145325
1220 0.5947483777999878 -0.3044444918632507 -1.032099366188049
1221 0.5987398028373718 -0.3044446408748627 -1.031908869743347
1222 0.6024993062019348 -0.304444819688797 -1.031712770462036
1223 0.6060179471969604 -0.3044449388980865 -1.031514286994934
1224 0.6092872023582458 -0.3044450879096985 -1.031316637992859
1225 0.6122991442680359 -0.304445207118988 -1.031123161315918
1226 0.6150466203689575 -0.3044542372226715 -1.030885696411133
1227 0.6175229549407959 -0.3044684231281281 -1.03062891960144
1228 0.6197221875190735 -0.3044809699058533 -1.030394315719604
1229 0.62163907289505 -0.3044919371604919 -1.030184864997864
1230 0.6232688426971436 -0.3045012354850769 -1.030003190040588
1231 0.6246077418327332 -0.3045088648796082 -1.029851317405701
1232 0.6256524324417114 -0.3045147955417633 -1.029731273651123
1233 0.6264004707336426 -0.3045190572738647 -1.029644370079041
1234 0.6268500089645386 -0.3045216202735901 -1.029591798782349
1235 0.6269999742507935 -0.3045224845409393 -1.029574275016785
1236 0.3779999911785126 -0.3064495325088501 -1.015497088432312
1237 0.3781499862670898 -0.306450754404068 -1.015487790107727
1238 0.3785994946956635 -0.3064543902873993 -1.015459775924683
1239 0.3793475329875946 -0.306460440158844 -1.015413641929626
1240 0.3803922533988953 -0.3064689040184021 -1.015350222587585
1241 0.3817311227321625 -0.3064795136451721 -1.015271902084351
1242 0.3833609223365784 -0.3064922392368317 -1.015179991722107
1243 0.3852777779102325 -0.3065071403980255 -1.015075325965881
1244 0.3874770104885101 -0.3065241575241089 -1.014959692955017
1245 0.3899533450603485 -0.3065431714057922 -1.014835000038147
1246 0.3927008211612701 -0.3065640926361084 -1.014703154563904
1247 0.3957127928733826 -0.3065868616104126 -1.01456618309021
1248 0.398982048034668 -0.3066113591194153 -1.014425992965698
1249 0.4025006592273712 -0.3066161274909973 -1.014455556869507
1250 0.406260222196579 -0.3066118657588959 -1.014570832252502
1251 0.4102515876293182 -0.3066077828407288 -1.014699220657349
1252 0.4144652187824249 -0.3066079020500183 -1.014809370040894
1253 0.4188909232616425 -0.3066079914569855 -1.014934897422791
1254 0.423518031835556 -0.306608110666275 -1.01507580280304
1255 0.4283354580402374 -0.3066082298755646 -1.015231609344482
1256 0.4333315193653107 -0.3066083490848541 -1.015401721000671
1257 0.4384942352771759 -0.3066084682941437 -1.015584945678711
1258 0.4438110888004303 -0.3066086173057556 -1.015779852867126
1259 0.4492693841457367 -0.3066087663173676 -1.015984892845154
1260 0.454855889081955 -0.306608259677887 -1.016203165054321
1261 0.4605571925640106 -0.3066076636314392 -1.016427636146545
1262 0.4663595855236053 -0.3066074252128601 -1.016652703285217
1263 0.4722490012645721 -0.3066073358058929 -1.016877055168152
1264 0.4782112538814545 -0.3066072762012482 -1.017099261283875
1265 0.4842320382595062 -0.306607186794281 -1.017316341400146
1266 0.490296870470047 -0.3066070973873138 -1.017525196075439
1267 0.496391087770462 -0.3066070377826691 -1.017723202705383
1268 0.5024999976158142 -0.3066069781780243 -1.017907738685608
1269 0.508608877658844 -0.3066069185733795 -1.018075942993164
1270 0.514703094959259 -0.3066068887710571 -1.018225312232971
1271 0.5207679271697998 -0.3066069185733795 -1.018353581428528
1272 0.5267887115478516 -0.3066069483757019 -1.018459320068359
1273 0.5327510237693787 -0.3066069781780243 -1.018540978431702
1274 0.5386404395103455 -0.3066070079803467 -1.018597483634949
1275 0.5444427728652954 -0.3066070079803467 -1.018628239631653
1276 0.5501440763473511 -0.3066070079803467 -1.018632769584656
1277 0.5557305812835693 -0.3066070377826691 -1.018611192703247
1278 0.5611888766288757 -0.3066070377826691 -1.018563866615295
1279 0.5665057897567749 -0.3066070973873138 -1.018491625785828
1280 0.5716684460639954 -0.3066071569919586 -1.018395781517029
1281 0.5766645669937134 -0.3066072165966034 -1.018278121948242
1282 0.58148193359375 -0.3066072762012482 -1.018140912055969
1283 0.5861090421676636 -0.3066073358058929 -1.017986297607422
1284 0.5905347466468811 -0.3066074252128601 -1.017816662788391
1285 0.5947483777999878 -0.306607574224472 -1.017634987831116
1286 0.5987398028373718 -0.3066076934337616 -1.017444372177124
1287 0.6024993062019348 -0.3066078126430511 -1.017248272895813
1288 0.6060179471969604 -0.3066079020500183 -1.017049670219421
1289 0.6092872023582458 -0.3066080212593079 -1.016852021217346
1290 0.6122991442680359 -0.306608110666275 -1.016658544540405
1291 0.6150466203689575 -0.3066146671772003 -1.016420722007751
1292 0.6175229549407959 -0.3066249489784241 -1.016163349151611
1293 0.6197221875190735 -0.3066340684890747 -1.015928268432617
1294 0.62163907289505 -0.3066420257091522 -1.015718460083008
1295 0.6232688426971436 -0.3066487610340118 -1.015536308288574
1296 0.6246077418327332 -0.3066542744636536 -1.015384197235107
1297 0.6256524324417114 -0.3066585958003998 -1.015263795852661
1298 0.6264004707336426 -0.3066616952419281 -1.015176892280579
1299 0.6268500089645386 -0.3066635429859161 -1.015124201774597
1300 0.6269999742507935 -0.3066641390323639 -1.015106558799744
1301 0.3779999911785126 -0.3078992962837219 -1.001976490020752
1302 0.3781499862670898 -0.3079000413417816 -1.001967549324036
1303 0.3785994946956635 -0.3079023361206055 -1.001940727233887
1304 0.3793475329875946 -0.3079061210155487 -1.001896739006042
1305 0.3803922533988953 -0.3079114258289337 -1.001836180686951
1306 0.3817311227321625 -0.3079180419445038 -1.001761913299561
1307 0.3833609223365784 -0.3079259097576141 -1.001675367355347
1308 0.3852777779102325 -0.3079351186752319 -1.001577019691467
1309 0.3874770104885101 -0.3079456090927124 -1.001468539237976
1310 0.3899533450603485 -0.3079573512077332 -1.001351833343506
1311 0.3927008211612701 -0.3079702258110046 -1.001228928565979
1312 0.3957127928733826 -0.3079842031002045 -1.001101732254028
1313 0.398982048034668 -0.3079992234706879 -1.000972151756287
1314 0.4025006592273712 -0.3080013990402222 -1.001012682914734
1315 0.406260222196579 -0.3079977333545685 -1.001139163970947
1316 0.4102515876293182 -0.3079941868782043 -1.001278519630432
1317 0.4144652187824249 -0.3079942464828491 -1.001388669013977
1318 0.4188909232616425 -0.3079943358898163 -1.001514315605164
1319 0.423518031835556 -0.3079943954944611 -1.001655220985413
1320 0.4283354580402374 -0.3079944550991058 -1.001811146736145
1321 0.4333315193653107 -0.307994544506073 -1.001981258392334
1322 0.4384942352771759 -0.3079946339130402 -1.002164483070374
1323 0.4438110888004303 -0.3079947233200073 -1.002359509468079
1324 0.4492693841457367 -0.3079948127269745 -1.002564430236816
1325 0.454855889081955 -0.3079944550991058 -1.002782821655273
1326 0.4605571925640106 -0.3079940974712372 -1.003007292747498
1327 0.4663595855236053 -0.3079939484596252 -1.003232359886169
1328 0.4722490012645721 -0.3079938888549805 -1.003456830978394
1329 0.4782112538814545 -0.3079938292503357 -1.003678917884827
1330 0.4842320382595062 -0.3079937696456909 -1.003895998001099
1331 0.490296870470047 -0.3079937398433685 -1.004104971885681
1332 0.496391087770462 -0.3079936802387238 -1.004302978515625
1333 0.5024999976158142 -0.3079936504364014 -1.00448739528656
1334 0.508608877658844 -0.307993620634079 -1.004655599594116
1335 0.514703094959259 -0.3079935908317566 -1.004804968833923
1336 0.5207679271697998 -0.307993620634079 -1.00493323802948
1337 0.5267887115478516 -0.307993620634079 -1.005038976669312
1338 0.5327510237693787 -0.3079936504364014 -1.005120635032654
1339 0.5386404395103455 -0.3079936504364014 -1.005177140235901
1340 0.5444427728652954 -0.3079936504364014 -1.005207896232605
1341 0.5501440763473511 -0.3079936802387238 -1.005212426185608
1342 0.5557305812835693 -0.3079936802387238 -1.005190849304199
1343 0.5611888766288757 -0.3079936802387238 -1.005143523216248
1344 0.5665057897567749 -0.3079937100410461 -1.00507128238678
1345 0.5716684460639954 -0.3079937696456909 -1.004975318908691
1346 0.5766645669937134 -0.3079937994480133 -1.004857778549194
1347 0.58148193359375 -0.3079938292503357 -1.004720568656921
1348 0.5861090421676636 -0.3079938888549805 -1.004565954208374
1349 0.5905347466468811 -0.3079939484596252 -1.004396200180054
1350 0.5947483777999878 -0.3079940378665924 -1.004214406013489
1351 0.5987398028373718 -0.3079941272735596 -1.004023909568787
1352 0.6024993062019348 -0.3079941868782043 -1.003827691078186
1353 0.6060179471969604 -0.3079942762851715 -1.003629088401794
1354 0.6092872023582458 -0.3079943358898163 -1.003431439399719
1355 0.6122991442680359 -0.3079943954944611 -1.003237962722778
1356 0.6150466203689575 -0.3079986274242401 -1.003000259399414
1357 0.6175229549407959 -0.3080052733421326 -1.002743005752563
1358 0.6197221875190735 -0.3080111742019653 -1.002508163452148
1359 0.62163907289505 -0.3080162703990936 -1.002298474311829
1360 0.6232688426971436 -0.3080206215381622 -1.002116441726685
1361 0.6246077418327332 -0.3080241680145264 -1.001964449882507
1362 0.6256524324417114 -0.3080269396305084 -1.00184428691864
1363 0.6264004707336426 -0.3080289363861084 -1.001757264137268
1364 0.6268500089645386 -0.3080301284790039 -1.001704692840576
1365 0.6269999742507935 -0.3080305159091949 -1.001687049865723
1366 0.3779999911785126 -0.3087065815925598 -0.9894900918006897
1367 0.3781499862670898 -0.3087069690227509 -0.9894816279411316
1368 0.3785994946956635 -0.3087081015110016 -0.9894564747810364
1369 0.3793475329875946 -0.3087099492549896 -0.989415168762207
1370 0.3803922533988953 -0.3087125420570374 -0.9893583655357361
1371 0.3817311227321625 -0.3087157309055328 -0.9892892837524414
1372 0.3833609223365784 -0.3087195158004761 -0.9892094731330872
1373 0.3852777779102325 -0.3087239265441895 -0.9891189932823181
1374 0.3874770104885101 -0.3087289333343506 -0.9890196323394775
1375 0.3899533450603485 -0.3087345063686371 -0.9889131188392639
1376 0.3927008211612701 -0.3087405860424042 -0.9888014197349548
1377 0.3957127928733826 -0.3087471723556519 -0.9886865019798279
1378 0.398982048034668 -0.308754175901413 -0.9885702729225159
1379 0.4025006592273712 -0.3087547719478607 -0.9886230826377869
1380 0.406260222196579 -0.3087524175643921 -0.9887619018554688
1381 0.4102515876293182 -0.3087501525878906 -0.9889129996299744
1382 0.4144652187824249 -0.308750182390213 -0.9890232086181641
1383 0.4188909232616425 -0.3087502121925354 -0.9891488552093506
1384 0.423518031835556 -0.3087502717971802 -0.9892898201942444
1385 0.4283354580402374 -0.3087503015995026 -0.9894458055496216
1386 0.4333315193653107 -0.308750331401825 -0.9896159768104553
1387 0.4384942352771759 -0.3087503612041473 -0.9897993206977844
1388 0.4438110888004303 -0.3087504208087921 -0.9899942874908447
1389 0.4492693841457367 -0.3087504506111145 -0.9901993274688721
1390 0.454855889081955 -0.3087502717971802 -0.9904176592826843
1391 0.4605571925640106 -0.3087500929832458 -0.9906421303749084
1392 0.4663595855236053 -0.3087500035762787 -0.9908671975135803
1393 0.4722490012645721 -0.3087500035762787 -0.9910916090011597
1394 0.4782112538814545 -0.3087499737739563 -0.9913137555122375
1395 0.4842320382595062 -0.3087499439716339 -0.9915307760238647
1396 0.490296870470047 -0.3087499141693115 -0.9917397499084473
1397 0.496391087770462 -0.3087498843669891 -0.9919377565383911
1398 0.5024999976158142 -0.3087498843669891 -0.9921221733093262
1399 0.508608877658844 -0.3087498545646667 -0.9922903776168823
1400 0.514703094959259 -0.3087498545646667 -0.9924397468566895
1401 0.5207679271697998 -0.3087498545646667 -0.9925680160522461
1402 0.5267887115478516 -0.3087498545646667 -0.9926736950874329
1403 0.5327510237693787 -0.3087498843669891 -0.9927553534507751
1404 0.5386404395103455 -0.3087498843669891 -0.992811918258667
1405 0.5444427728652954 -0.3087498843669891 -0.9928426742553711
1406 0.5501440763473511 -0.3087498843669891 -0.992847204208374
1407 0.5557305812835693 -0.3087498843669891 -0.9928255677223206
1408 0.5611888766288757 -0.3087498843669891 -0.9927783608436584
1409 0.5665057897567749 -0.3087499141693115 -0.9927060008049011
1410 0.5716684460639954 -0.3087499439716339 -0.9926101565361023
1411 0.5766645669937134 -0.3087499439716339 -0.9924925565719604
1412 0.58148193359375 -0.3087499737739563 -0.9923552870750427
1413 0.5861090421676636 -0.3087500035762787 -0.9922006726264954
1414 0.5905347466468811 -0.3087500333786011 -0.9920309782028198
1415 0.5947483777999878 -0.3087500631809235 -0.9918491244316101
1416 0.5987398028373718 -0.3087501227855682 -0.9916585087776184
1417 0.6024993062019348 -0.3087501525878906 -0.9914622902870178
1418 0.6060179471969604 -0.308750182390213 -0.9912636876106262
1419 0.6092872023582458 -0.3087502419948578 -0.9910659790039062
1420 0.6122991442680359 -0.3087502717971802 -0.9908724427223206
1421 0.6150466203689575 -0.3087523877620697 -0.9906353354454041
1422 0.6175229549407959 -0.3087556958198547 -0.9903790354728699
1423 0.6197221875190735 -0.3087585866451263 -0.9901450276374817
1424 0.62163907289505 -0.3087611198425293 -0.9899360537528992
1425 0.6232688426971436 -0.3087632656097412 -0.9897546768188477
1426 0.6246077418327332 -0.3087650239467621 -0.9896031618118286
1427 0.6256524324417114 -0.3087663948535919 -0.9894833564758301
1428 0.6264004707336426 -0.3087673485279083 -0.9893966913223267
1429 0.6268500089645386 -0.3087679445743561 -0.9893442392349243
1430 0.6269999742507935 -0.3087681233882904 -0.9893267154693604
1431 0.3779999911785126 -0.3090019524097443 -0.978028416633606
1432 0.3781499862670898 -0.309002012014389 -0.9780206680297852
1433 0.3785994946956635 -0.3090021908283234 -0.9779974818229675
1434 0.3793475329875946 -0.3090024590492249 -0.9779593348503113
1435 0.3803922533988953 -0.3090028464794159 -0.9779070615768433
1436 0.3817311227321625 -0.3090032935142517 -0.97784423828125
1437 0.3833609223365784 -0.3090038001537323 -0.9777724146842957
1438 0.3852777779102325 -0.3090043663978577 -0.9776913523674011
1439 0.3874770104885101 -0.3090049922466278 -0.9776027202606201
1440 0.3899533450603485 -0.3090056478977203 -0.9775082468986511
1441 0.3927008211612701 -0.3090063035488129 -0.9774099588394165
1442 0.3957127928733826 -0.3090069890022278 -0.9773096442222595
1443 0.398982048034668 -0.3090076148509979 -0.977209210395813
1444 0.4025006592273712 -0.3090076446533203 -0.9772756099700928
1445 0.406260222196579 -0.3090073466300964 -0.9774274826049805
1446 0.4102515876293182 -0.3090070486068726 -0.9775910973548889
1447 0.4144652187824249 -0.3090070784091949 -0.9777014255523682
1448 0.4188909232616425 -0.3090070784091949 -0.9778270721435547
1449 0.423518031835556 -0.3090070784091949 -0.977968156337738
1450 0.4283354580402374 -0.3090070784091949 -0.9781241416931152
1451 0.4333315193653107 -0.3090070784091949 -0.9782944321632385
1452 0.4384942352771759 -0.3090070784091949 -0.9784777760505676
1453 0.4438110888004303 -0.3090070784091949 -0.9786728620529175
1454 0.4492693841457367 -0.3090070784091949 -0.9788779616355896
1455 0.454855889081955 -0.3090070784091949 -0.9790961742401123
1456 0.4605571925640106 -0.3090070486068726 -0.9793206453323364
1457 0.4663595855236053 -0.3090070486068726 -0.9795456528663635
1458 0.4722490012645721 -0.3090070486068726 -0.9797700643539429
1459 0.4782112538814545 -0.3090070486068726 -0.9799922108650208
1460 0.4842320382595062 -0.3090070486068726 -0.9802092313766479
1461 0.490296870470047 -0.3090070188045502 -0.9804182052612305
1462 0.496391087770462 -0.3090070188045502 -0.9806161522865295
1463 0.5024999976158142 -0.3090070188045502 -0.9808005690574646
1464 0.508608877658844 -0.3090070188045502 -0.9809687733650208
1465 0.514703094959259 -0.3090070188045502 -0.9811181426048279
1466 0.5207679271697998 -0.3090070188045502 -0.9812463521957397
1467 0.5267887115478516 -0.3090070188045502 -0.9813520908355713
1468 0.5327510237693787 -0.3090070188045502 -0.9814337491989136
1469 0.5386404395103455 -0.3090070188045502 -0.9814902544021606
1470 0.5444427728652954 -0.3090070188045502 -0.9815210700035095
1471 0.5501440763473511 -0.3090070188045502 -0.9815255999565125
1472 0.5557305812835693 -0.3090070188045502 -0.981503963470459
1473 0.5611888766288757 -0.3090070188045502 -0.9814567565917969
1474 0.5665057897567749 -0.3090070188045502 -0.9813843965530396
1475 0.5716684460639954 -0.3090070486068726 -0.9812885522842407
1476 0.5766645669937134 -0.3090070486068726 -0.9811709523200989
1477 0.58148193359375 -0.3090070486068726 -0.9810336828231812
1478 0.5861090421676636 -0.3090070486068726 -0.9808790683746338
1479 0.5905347466468811 -0.3090070486068726 -0.9807093143463135
1480 0.5947483777999878 -0.3090070486068726 -0.9805274605751038
1481 0.5987398028373718 -0.3090070486068726 -0.9803368449211121
1482 0.6024993062019348 -0.3090070486068726 -0.9801405668258667
1483 0.6060179471969604 -0.3090070784091949 -0.9799419045448303
1484 0.6092872023582458 -0.3090070784091949 -0.9797441959381104
1485 0.6122991442680359 -0.3090070784091949 -0.9795506596565247
1486 0.6150466203689575 -0.3090072870254517 -0.9793145060539246
1487 0.6175229549407959 -0.3090076148509979 -0.9790598154067993
1488 0.6197221875190735 -0.3090078830718994 -0.9788272380828857
1489 0.62163907289505 -0.3090080916881561 -0.9786194562911987
1490 0.6232688426971436 -0.3090082705020905 -0.9784391522407532
1491 0.6246077418327332 -0.3090084195137024 -0.9782885313034058
1492 0.6256524324417114 -0.3090085387229919 -0.9781693816184998
1493 0.6264004707336426 -0.3090085983276367 -0.9780831933021545
1494 0.6268500089645386 -0.3090086579322815 -0.9780310392379761
1495 0.6269999742507935 -0.3090086579322815 -0.9780135750770569
1496 0.3779999911785126 -0.3089002072811127 -0.9675628542900085
1497 0.3781499862670898 -0.308899998664856 -0.967555820941925
1498 0.3785994946956635 -0.3088994324207306 -0.9675348997116089
1499 0.3793475329875946 -0.3088985085487366 -0.9675005078315735
1500 0.3803922533988953 -0.3088971674442291 -0.9674534797668457
1501 0.3817311227321625 -0.3088955581188202 -0.9673977494239807
1502 0.3833609223365784 -0.3088936507701874 -0.9673351049423218
1503 0.3852777779102325 -0.3088913857936859 -0.967264711856842
1504 0.3874770104885101 -0.3088887929916382 -0.9671883583068848
1505 0.3899533450603485 -0.3088858127593994 -0.9671077132225037
1506 0.3927008211612701 -0.3088825047016144 -0.9670246839523315
1507 0.3957127928733826 -0.3088788092136383 -0.9669410586357117
1508 0.398982048034668 -0.308874785900116 -0.9668586254119873
1509 0.4025006592273712 -0.3088752031326294 -0.9669398069381714
1510 0.406260222196579 -0.3088776767253876 -0.9671053290367126
1511 0.4102515876293182 -0.3088800311088562 -0.9672821164131165
1512 0.4144652187824249 -0.3088800013065338 -0.9673924446105957
1513 0.4188909232616425 -0.3088800013065338 -0.9675182104110718
1514 0.423518031835556 -0.3088799715042114 -0.9676593542098999
1515 0.4283354580402374 -0.308879941701889 -0.9678153991699219
1516 0.4333315193653107 -0.308879941701889 -0.9679857492446899
1517 0.4384942352771759 -0.3088799118995667 -0.9681692123413086
1518 0.4438110888004303 -0.3088798820972443 -0.9683643579483032
1519 0.4492693841457367 -0.3088798522949219 -0.9685695171356201
1520 0.454855889081955 -0.3088799715042114 -0.9687876105308533
1521 0.4605571925640106 -0.308880090713501 -0.9690120220184326
1522 0.4663595855236053 -0.3088801503181458 -0.9692370295524597
1523 0.4722490012645721 -0.3088801801204681 -0.9694613814353943
1524 0.4782112538814545 -0.3088801801204681 -0.9696835279464722
1525 0.4842320382595062 -0.3088802099227905 -0.9699005484580994
1526 0.490296870470047 -0.3088802397251129 -0.9701094627380371
1527 0.496391087770462 -0.3088802397251129 -0.970307469367981
1528 0.5024999976158142 -0.3088802397251129 -0.9704918265342712
1529 0.508608877658844 -0.3088802695274353 -0.9706599712371826
1530 0.514703094959259 -0.3088802695274353 -0.9708094000816345
1531 0.5207679271697998 -0.3088802695274353 -0.9709376096725464
1532 0.5267887115478516 -0.3088802695274353 -0.9710432887077332
1533 0.5327510237693787 -0.3088802397251129 -0.9711250066757202
1534 0.5386404395103455 -0.3088802397251129 -0.9711815118789673
1535 0.5444427728652954 -0.3088802397251129 -0.9712122678756714
1536 0.5501440763473511 -0.3088802397251129 -0.9712168574333191
1537 0.5557305812835693 -0.3088802397251129 -0.9711952209472656
1538 0.5611888766288757 -0.3088802397251129 -0.9711480140686035
1539 0.5665057897567749 -0.3088802397251129 -0.9710756540298462
1540 0.5716684460639954 -0.3088802099227905 -0.9709798097610474
1541 0.5766645669937134 -0.3088802099227905 -0.9708622097969055
1542 0.58148193359375 -0.3088801801204681 -0.9707249402999878
1543 0.5861090421676636 -0.3088801801204681 -0.9705703258514404
1544 0.5905347466468811 -0.3088801503181458 -0.9704005122184753
1545 0.5947483777999878 -0.3088801205158234 -0.9702186584472656
1546 0.5987398028373718 -0.3088800609111786 -0.9700279831886292
1547 0.6024993062019348 -0.3088800311088562 -0.9698317050933838
1548 0.6060179471969604 -0.3088800013065338 -0.9696330428123474
1549 0.6092872023582458 -0.3088800013065338 -0.9694352746009827
1550 0.6122991442680359 -0.3088799715042114 -0.969241738319397
1551 0.6150466203689575 -0.3088785409927368 -0.9690070152282715
1552 0.6175229549407959 -0.3088762760162354 -0.9687544703483582
1553 0.6197221875190735 -0.308874249458313 -0.9685238599777222
1554 0.62163907289505 -0.3088724613189697 -0.9683178067207336
1555 0.6232688426971436 -0.308870941400528 -0.9681389331817627
1556 0.6246077418327332 -0.3088696599006653 -0.9679895043373108
1557 0.6256524324417114 -0.3088686764240265 -0.9678712487220764
1558 0.6264004707336426 -0.3088679909706116 -0.9677857160568237
1559 0.6268500089645386 -0.3088675439357758 -0.9677339792251587
1560 0.6269999742507935 -0.3088674247264862 -0.9677166938781738
1561 0.3779999911785126 -0.3084996938705444 -0.9580482840538025
1562 0.3781499862670898 -0.3084993362426758 -0.9580420851707458
1563 0.3785994946956635 -0.3084982633590698 -0.9580236673355103
1564 0.3793475329875946 -0.3084964752197266 -0.9579935073852539
1565 0.3803922533988953 -0.308493971824646 -0.9579523205757141
1566 0.3817311227321625 -0.3084909915924072 -0.957904577255249
1567 0.3833609223365784 -0.3084875047206879 -0.9578520059585571
1568 0.3852777779102325 -0.3084834218025208 -0.9577935338020325
1569 0.3874770104885101 -0.3084787428379059 -0.957730770111084
1570 0.3899533450603485 -0.3084734380245209 -0.9576654434204102
1571 0.3927008211612701 -0.3084675669670105 -0.9575992822647095
1572 0.3957127928733826 -0.3084610998630524 -0.9575341939926147
1573 0.398982048034668 -0.3084540963172913 -0.9574717879295349
1574 0.4025006592273712 -0.3084558546543121 -0.9575686454772949
1575 0.406260222196579 -0.3084617555141449 -0.9577483534812927
1576 0.4102515876293182 -0.3084673881530762 -0.9579388499259949
1577 0.4144652187824249 -0.3084673285484314 -0.9580492973327637
1578 0.4188909232616425 -0.308467298746109 -0.9581751227378845
1579 0.423518031835556 -0.3084672689437866 -0.9583163261413574
1580 0.4283354580402374 -0.3084672391414642 -0.9584724903106689
1581 0.4333315193653107 -0.3084672093391418 -0.9586428999900818
1582 0.4384942352771759 -0.3084671497344971 -0.9588264226913452
1583 0.4438110888004303 -0.3084670901298523 -0.9590216279029846
1584 0.4492693841457367 -0.3084670603275299 -0.9592268466949463
1585 0.454855889081955 -0.3084672689437866 -0.9594448804855347
1586 0.4605571925640106 -0.3084675371646881 -0.9596691131591797
1587 0.4663595855236053 -0.3084676563739777 -0.9598941206932068
1588 0.4722490012645721 -0.3084676861763 -0.9601184725761414
1589 0.4782112538814545 -0.3084677159786224 -0.9603405594825745
1590 0.4842320382595062 -0.3084677457809448 -0.9605575799942017
1591 0.490296870470047 -0.3084678053855896 -0.9607664942741394
1592 0.496391087770462 -0.3084678053855896 -0.9609644412994385
1593 0.5024999976158142 -0.308467835187912 -0.9611487984657288
1594 0.508608877658844 -0.3084678649902344 -0.9613169431686401
1595 0.514703094959259 -0.3084678649902344 -0.9614663124084473
1596 0.5207679271697998 -0.3084678649902344 -0.9615945816040039
1597 0.5267887115478516 -0.308467835187912 -0.9617002606391907
1598 0.5327510237693787 -0.308467835187912 -0.961781919002533
1599 0.5386404395103455 -0.308467835187912 -0.9618384838104248
1600 0.5444427728652954 -0.308467835187912 -0.9618692398071289
1601 0.5501440763473511 -0.308467835187912 -0.9618738293647766
1602 0.5557305812835693 -0.3084678053855896 -0.9618522524833679
1603 0.5611888766288757 -0.3084678053855896 -0.961804986000061
1604 0.5665057897567749 -0.3084678053855896 -0.9617326855659485
1605 0.5716684460639954 -0.3084677457809448 -0.9616367816925049
1606 0.5766645669937134 -0.3084677159786224 -0.961519181728363
1607 0.58148193359375 -0.3084676861763 -0.9613819122314453
1608 0.5861090421676636 -0.3084676563739777 -0.9612272977828979
1609 0.5905347466468811 -0.3084675967693329 -0.9610574841499329
1610 0.5947483777999878 -0.3084675371646881 -0.9608756303787231
1611 0.5987398028373718 -0.3084674775600433 -0.9606848955154419
1612 0.6024993062019348 -0.3084674179553986 -0.9604886174201965
1613 0.6060179471969604 -0.3084673583507538 -0.9602899551391602
1614 0.6092872023582458 -0.308467298746109 -0.9600921869277954
1615 0.6122991442680359 -0.3084672391414642 -0.9598985910415649
1616 0.6150466203689575 -0.3084644079208374 -0.9596655964851379
1617 0.6175229549407959 -0.3084599673748016 -0.9594158530235291
1618 0.6197221875190735 -0.3084560036659241 -0.9591876268386841
1619 0.62163907289505 -0.3084525465965271 -0.9589837193489075
1620 0.6232688426971436 -0.3084495961666107 -0.9588066339492798
1621 0.6246077418327332 -0.3084471523761749 -0.9586586952209473
1622 0.6256524324417114 -0.3084452450275421 -0.9585415720939636
1623 0.6264004707336426 -0.3084438741207123 -0.9584568738937378
1624 0.6268500089645386 -0.3084430694580078 -0.9584056735038757
1625 0.6269999742507935 -0.3084427714347839 -0.9583885073661804
1626 0.3779999911785126 -0.3078824579715729 -0.9494262337684631
1627 0.3781499862670898 -0.3078820109367371 -0.9494209885597229
1628 0.3785994946956635 -0.3078806400299072 -0.949405312538147
1629 0.3793475329875946 -0.3078783750534058 -0.9493796825408936
1630 0.3803922533988953 -0.3078752160072327 -0.9493448734283447
1631 0.3817311227321625 -0.3078715205192566 -0.9493057727813721
1632 0.3833609223365784 -0.3078673183917999 -0.9492642283439636
1633 0.3852777779102325 -0.307862401008606 -0.9492186903953552
1634 0.3874770104885101 -0.3078567385673523 -0.949170708656311
1635 0.3899533450603485 -0.3078503906726837 -0.9491219520568848
1636 0.3927008211612701 -0.3078433275222778 -0.9490741491317749
1637 0.3957127928733826 -0.3078356087207794 -0.9490290880203247
1638 0.398982048034668 -0.3078272640705109 -0.9489884376525879
1639 0.4025006592273712 -0.3078312575817108 -0.9491017460823059
1640 0.406260222196579 -0.3078411519527435 -0.9492961168289185
1641 0.4102515876293182 -0.3078506290912628 -0.9495006203651428
1642 0.4144652187824249 -0.307850569486618 -0.9496111869812012
1643 0.4188909232616425 -0.3078505396842957 -0.9497370719909668
1644 0.423518031835556 -0.3078504800796509 -0.9498783946037292
1645 0.4283354580402374 -0.3078504502773285 -0.9500346779823303
1646 0.4333315193653107 -0.3078503906726837 -0.9502051472663879
1647 0.4384942352771759 -0.3078503310680389 -0.9503887891769409
1648 0.4438110888004303 -0.3078502714633942 -0.9505840539932251
1649 0.4492693841457367 -0.3078502118587494 -0.9507893919944763
1650 0.454855889081955 -0.3078505396842957 -0.9510073065757751
1651 0.4605571925640106 -0.3078508973121643 -0.9512313604354858
1652 0.4663595855236053 -0.3078510463237762 -0.9514562487602234
1653 0.4722490012645721 -0.307851105928421 -0.951680600643158
1654 0.4782112538814545 -0.3078511655330658 -0.9519027471542358
1655 0.4842320382595062 -0.3078511953353882 -0.9521197080612183
1656 0.490296870470047 -0.307851254940033 -0.952328622341156
1657 0.496391087770462 -0.3078512847423553 -0.9525265693664551
1658 0.5024999976158142 -0.3078513145446777 -0.9527108669281006
1659 0.508608877658844 -0.3078513443470001 -0.952879011631012
1660 0.514703094959259 -0.3078513741493225 -0.9530283212661743
1661 0.5207679271697998 -0.3078513443470001 -0.953156590461731
1662 0.5267887115478516 -0.3078513443470001 -0.9532622694969177
1663 0.5327510237693787 -0.3078513145446777 -0.95334392786026
1664 0.5386404395103455 -0.3078512847423553 -0.9534004926681519
1665 0.5444427728652954 -0.3078512847423553 -0.9534313082695007
1666 0.5501440763473511 -0.3078512847423553 -0.9534358382225037
1667 0.5557305812835693 -0.3078512847423553 -0.953414261341095
1668 0.5611888766288757 -0.3078512847423553 -0.9533670544624329
1669 0.5665057897567749 -0.307851254940033 -0.9532947540283203
1670 0.5716684460639954 -0.3078511953353882 -0.9531988501548767
1671 0.5766645669937134 -0.3078511655330658 -0.9530812501907349
1672 0.58148193359375 -0.307851105928421 -0.9529439806938171
1673 0.5861090421676636 -0.3078510761260986 -0.9527893662452698
1674 0.5905347466468811 -0.3078509867191315 -0.9526195526123047
1675 0.5947483777999878 -0.3078508675098419 -0.9524376392364502
1676 0.5987398028373718 -0.3078507781028748 -0.9522469043731689
1677 0.6024993062019348 -0.3078506886959076 -0.9520506262779236
1678 0.6060179471969604 -0.3078505992889404 -0.9518519043922424
1679 0.6092872023582458 -0.3078505098819733 -0.9516541361808777
1680 0.6122991442680359 -0.3078504502773285 -0.9514605402946472
1681 0.6150466203689575 -0.3078464865684509 -0.9512295722961426
1682 0.6175229549407959 -0.3078402578830719 -0.9509830474853516
1683 0.6197221875190735 -0.3078347444534302 -0.9507576823234558
1684 0.62163907289505 -0.307829886674881 -0.9505562782287598
1685 0.6232688426971436 -0.3078257739543915 -0.9503813982009888
1686 0.6246077418327332 -0.3078223764896393 -0.95023512840271
1687 0.6256524324417114 -0.3078197240829468 -0.9501194357872009
1688 0.6264004707336426 -0.3078178465366364 -0.9500356912612915
1689 0.6268500089645386 -0.3078166842460632 -0.9499850869178772
1690 0.6269999742507935 -0.3078162968158722 -0.9499680995941162
1691 0.3779999911785126 -0.3071146309375763 -0.9416270852088928
1692 0.3781499862670898 -0.3071141541004181 -0.941622793674469
1693 0.3785994946956635 -0.3071126937866211 -0.9416100978851318
1694 0.3793475329875946 -0.3071103096008301 -0.94158935546875
1695 0.3803922533988953 -0.3071069717407227 -0.9415613412857056
1696 0.3817311227321625 -0.3071032166481018 -0.9415315389633179
1697 0.3833609223365784 -0.3070990741252899 -0.9415016770362854
1698 0.3852777779102325 -0.3070942163467407 -0.9414699077606201
1699 0.3874770104885101 -0.3070886731147766 -0.9414376616477966
1700 0.3899533450603485 -0.3070824444293976 -0.9414066076278687
1701 0.3927008211612701 -0.3070755302906036 -0.9413784146308899
1702 0.3957127928733826 -0.3070679903030396 -0.9413546919822693
1703 0.398982048034668 -0.3070598542690277 -0.9413371682167053
1704 0.4025006592273712 -0.307066947221756 -0.9414676427841187
1705 0.406260222196579 -0.3070813417434692 -0.9416769742965698
1706 0.4102515876293182 -0.3070951402187347 -0.9418958425521851
1707 0.4144652187824249 -0.30709508061409 -0.9420064687728882
1708 0.4188909232616425 -0.3070950508117676 -0.9421324729919434
1709 0.423518031835556 -0.3070949912071228 -0.9422738552093506
1710 0.4283354580402374 -0.3070949614048004 -0.9424301981925964
1711 0.4333315193653107 -0.3070949018001556 -0.9426008462905884
1712 0.4384942352771759 -0.3070948421955109 -0.9427845478057861
1713 0.4438110888004303 -0.3070947825908661 -0.9429799318313599
1714 0.4492693841457367 -0.3070946931838989 -0.9431852698326111
1715 0.454855889081955 -0.30709508061409 -0.9434030652046204
1716 0.4605571925640106 -0.3070955276489258 -0.9436269402503967
1717 0.4663595855236053 -0.3070957362651825 -0.9438518285751343
1718 0.4722490012645721 -0.3070957958698273 -0.9440761208534241
1719 0.4782112538814545 -0.307095855474472 -0.9442982077598572
1720 0.4842320382595062 -0.3070959150791168 -0.9445152282714844
1721 0.490296870470047 -0.3070959746837616 -0.9447240829467773
1722 0.496391087770462 -0.3070960342884064 -0.9449219703674316
1723 0.5024999976158142 -0.3070960640907288 -0.9451062679290771
1724 0.508608877658844 -0.3070960938930511 -0.9452744126319885
1725 0.514703094959259 -0.3070961236953735 -0.9454237222671509
1726 0.5207679271697998 -0.3070960938930511 -0.9455519318580627
1727 0.5267887115478516 -0.3070960640907288 -0.9456576704978943
1728 0.5327510237693787 -0.3070960640907288 -0.9457393288612366
1729 0.5386404395103455 -0.3070960342884064 -0.9457958936691284
1730 0.5444427728652954 -0.3070960342884064 -0.9458266496658325
1731 0.5501440763473511 -0.3070960342884064 -0.9458312392234802
1732 0.5557305812835693 -0.3070960342884064 -0.9458096623420715
1733 0.5611888766288757 -0.3070960342884064 -0.9457624554634094
1734 0.5665057897567749 -0.3070959746837616 -0.9456901550292969
1735 0.5716684460639954 -0.3070959150791168 -0.9455942511558533
1736 0.5766645669937134 -0.307095855474472 -0.9454766511917114
1737 0.58148193359375 -0.3070957958698273 -0.9453393816947937
1738 0.5861090421676636 -0.3070957362651825 -0.9451847672462463
1739 0.5905347466468811 -0.3070956170558929 -0.9450149536132812
1740 0.5947483777999878 -0.3070954978466034 -0.9448330402374268
1741 0.5987398028373718 -0.3070953488349915 -0.9446423053741455
1742 0.6024993062019348 -0.3070952296257019 -0.9444459676742554
1743 0.6060179471969604 -0.3070951104164124 -0.9442472457885742
1744 0.6092872023582458 -0.3070950210094452 -0.9440494775772095
1745 0.6122991442680359 -0.307094931602478 -0.943855881690979
1746 0.6150466203689575 -0.3070901036262512 -0.9436272382736206
1747 0.6175229549407959 -0.3070825040340424 -0.9433843493461609
1748 0.6197221875190735 -0.3070757389068604 -0.9431622624397278
1749 0.62163907289505 -0.3070698380470276 -0.9429636597633362
1750 0.6232688426971436 -0.3070648312568665 -0.9427911639213562
1751 0.6246077418327332 -0.3070606887340546 -0.9426469206809998
1752 0.6256524324417114 -0.3070574700832367 -0.9425327777862549
1753 0.6264004707336426 -0.3070551753044128 -0.9424501657485962
1754 0.6268500089645386 -0.3070537745952606 -0.9424001574516296
1755 0.6269999742507935 -0.3070532977581024 -0.9423834085464478
1756 0.3779999911785126 -0.3062473833560944 -0.9345723390579224
1757 0.3781499862670898 -0.3062469363212585 -0.9345690608024597
1758 0.3785994946956635 -0.3062456250190735 -0.9345594644546509
1759 0.3793475329875946 -0.3062434196472168 -0.9345438480377197
1760 0.3803922533988953 -0.3062403798103333 -0.9345231056213379
1761 0.3817311227321625 -0.3062371015548706 -0.9345030188560486
1762 0.3833609223365784 -0.3062337934970856 -0.9344854950904846
1763 0.3852777779102325 -0.3062298893928528 -0.934468150138855
1764 0.3874770104885101 -0.3062254190444946 -0.9344524145126343
1765 0.3899533450603485 -0.3062204122543335 -0.9344399571418762
1766 0.3927008211612701 -0.3062148690223694 -0.934432327747345
1767 0.3957127928733826 -0.3062088489532471 -0.9344311356544495
1768 0.398982048034668 -0.3062023222446442 -0.9344379305839539
1769 0.4025006592273712 -0.3062132596969604 -0.9345859885215759
1770 0.406260222196579 -0.3062326014041901 -0.9348104000091553
1771 0.4102515876293182 -0.3062511682510376 -0.9350438117980957
1772 0.4144652187824249 -0.3062511086463928 -0.9351544976234436
1773 0.4188909232616425 -0.3062510788440704 -0.9352806210517883
1774 0.423518031835556 -0.306251049041748 -0.9354221224784851
1775 0.4283354580402374 -0.3062509894371033 -0.9355785846710205
1776 0.4333315193653107 -0.3062509596347809 -0.9357492923736572
1777 0.4384942352771759 -0.3062509000301361 -0.9359331130981445
1778 0.4438110888004303 -0.3062508106231689 -0.936128556728363
1779 0.4492693841457367 -0.3062507212162018 -0.9363340735435486
1780 0.454855889081955 -0.3062511682510376 -0.9365516304969788
1781 0.4605571925640106 -0.3062517046928406 -0.9367753863334656
1782 0.4663595855236053 -0.3062519133090973 -0.9370001554489136
1783 0.4722490012645721 -0.3062520027160645 -0.9372244477272034
1784 0.4782112538814545 -0.3062520623207092 -0.9374464750289917
1785 0.4842320382595062 -0.3062521517276764 -0.9376634955406189
1786 0.490296870470047 -0.3062522113323212 -0.9378723502159119
1787 0.496391087770462 -0.3062522411346436 -0.9380701780319214
1788 0.5024999976158142 -0.3062523007392883 -0.9382544755935669
1789 0.508608877658844 -0.3062523305416107 -0.9384225010871887
1790 0.514703094959259 -0.3062523603439331 -0.9385718107223511
1791 0.5207679271697998 -0.3062523305416107 -0.9387000799179077
1792 0.5267887115478516 -0.3062523007392883 -0.9388057589530945
1793 0.5327510237693787 -0.3062522709369659 -0.9388874769210815
1794 0.5386404395103455 -0.3062522411346436 -0.9389439821243286
1795 0.5444427728652954 -0.3062522411346436 -0.9389747977256775
1796 0.5501440763473511 -0.3062522411346436 -0.9389793872833252
1797 0.5557305812835693 -0.3062522411346436 -0.9389578700065613
1798 0.5611888766288757 -0.3062522411346436 -0.9389106631278992
1799 0.5665057897567749 -0.3062521815299988 -0.9388383030891418
1800 0.5716684460639954 -0.306252121925354 -0.938742458820343
1801 0.5766645669937134 -0.3062520325183868 -0.9386248588562012
1802 0.58148193359375 -0.3062519729137421 -0.9384875893592834
1803 0.5861090421676636 -0.3062519133090973 -0.9383329749107361
1804 0.5905347466468811 -0.3062517642974854 -0.938163161277771
1805 0.5947483777999878 -0.3062516152858734 -0.9379811882972717
1806 0.5987398028373718 -0.3062514662742615 -0.9377904534339905
1807 0.6024993062019348 -0.3062513172626495 -0.9375941157341003
1808 0.6060179471969604 -0.3062511682510376 -0.9373953938484192
1809 0.6092872023582458 -0.306251049041748 -0.9371976256370544
1810 0.6122991442680359 -0.3062509298324585 -0.9370039701461792
1811 0.6150466203689575 -0.3062454462051392 -0.9367778897285461
1812 0.6175229549407959 -0.3062368631362915 -0.9365390539169312
1813 0.6197221875190735 -0.3062292337417603 -0.9363205432891846
1814 0.62163907289505 -0.3062225878238678 -0.9361250996589661
1815 0.6232688426971436 -0.3062168955802917 -0.9359552264213562
1816 0.6246077418327332 -0.3062122464179993 -0.9358131885528564
1817 0.6256524324417114 -0.306208610534668 -0.9357007145881653
1818 0.6264004707336426 -0.3062059879302979 -0.9356192946434021
1819 0.6268500089645386 -0.3062044084072113 -0.9355700612068176
1820 0.6269999742507935 -0.3062039017677307 -0.9355535507202148
1821 0.3779999911785126 -0.305318146944046 -0.9281764030456543
1822 0.3781499862670898 -0.3053178191184998 -0.9281742572784424
1823 0.3785994946956635 -0.3053167760372162 -0.9281678199768066
1824 0.3793475329875946 -0.3053150773048401 -0.9281576871871948
1825 0.3803922533988953 -0.3053127229213715 -0.9281443953514099
1826 0.3817311227321625 -0.3053105175495148 -0.9281343817710876
1827 0.3833609223365784 -0.3053086698055267 -0.9281296730041504
1828 0.3852777779102325 -0.3053064942359924 -0.9281272888183594
1829 0.3874770104885101 -0.3053040206432343 -0.9281287789344788
1830 0.3899533450603485 -0.3053012490272522 -0.9281355738639832
1831 0.3927008211612701 -0.3052981793880463 -0.9281492829322815
1832 0.3957127928733826 -0.3052948713302612 -0.9281713962554932
1833 0.398982048034668 -0.3052912950515747 -0.9282034039497375
1834 0.4025006592273712 -0.3053067028522491 -0.9283694624900818
1835 0.406260222196579 -0.3053313791751862 -0.9286090135574341
1836 0.4102515876293182 -0.305355042219162 -0.9288569688796997
1837 0.4144652187824249 -0.3053550124168396 -0.9289677739143372
1838 0.4188909232616425 -0.3053549826145172 -0.9290939569473267
1839 0.423518031835556 -0.3053549528121948 -0.929235577583313
1840 0.4283354580402374 -0.3053549230098724 -0.9293921589851379
1841 0.4333315193653107 -0.30535489320755 -0.9295629858970642
1842 0.4384942352771759 -0.3053548336029053 -0.9297469258308411
1843 0.4438110888004303 -0.3053547441959381 -0.9299424886703491
1844 0.4492693841457367 -0.3053546845912933 -0.9301480650901794
1845 0.454855889081955 -0.3053551614284515 -0.9303654432296753
1846 0.4605571925640106 -0.3053557276725769 -0.930588960647583
1847 0.4663595855236053 -0.305355966091156 -0.9308136701583862
1848 0.4722490012645721 -0.3053560554981232 -0.9310379028320312
1849 0.4782112538814545 -0.3053561449050903 -0.9312599897384644
1850 0.4842320382595062 -0.3053562343120575 -0.931476891040802
1851 0.490296870470047 -0.3053562939167023 -0.931685745716095
1852 0.496391087770462 -0.305356353521347 -0.9318835735321045
1853 0.5024999976158142 -0.3053563833236694 -0.9320678114891052
1854 0.508608877658844 -0.3053564429283142 -0.9322358369827271
1855 0.514703094959259 -0.3053564727306366 -0.9323851466178894
1856 0.5207679271697998 -0.3053564131259918 -0.9325133562088013
1857 0.5267887115478516 -0.3053563833236694 -0.9326190948486328
1858 0.5327510237693787 -0.305356353521347 -0.9327007532119751
1859 0.5386404395103455 -0.3053563237190247 -0.9327573180198669
1860 0.5444427728652954 -0.3053563237190247 -0.9327881336212158
1861 0.5501440763473511 -0.3053563237190247 -0.9327927231788635
1862 0.5557305812835693 -0.3053563237190247 -0.9327712059020996
1863 0.5611888766288757 -0.3053563237190247 -0.9327239990234375
1864 0.5665057897567749 -0.3053562641143799 -0.932651698589325
1865 0.5716684460639954 -0.3053561747074127 -0.9325557947158813
1866 0.5766645669937134 -0.3053561151027679 -0.9324382543563843
1867 0.58148193359375 -0.3053560256958008 -0.9323009848594666
1868 0.5861090421676636 -0.3053559362888336 -0.9321463704109192
1869 0.5905347466468811 -0.3053557872772217 -0.9319765567779541
1870 0.5947483777999878 -0.3053556084632874 -0.9317945837974548
1871 0.5987398028373718 -0.305355429649353 -0.9316038489341736
1872 0.6024993062019348 -0.3053552508354187 -0.9314075112342834
1873 0.6060179471969604 -0.3053550720214844 -0.9312087893486023
1874 0.6092872023582458 -0.3053549230098724 -0.9310109615325928
1875 0.6122991442680359 -0.3053548038005829 -0.9308173060417175
1876 0.6150466203689575 -0.3053489327430725 -0.9305939674377441
1877 0.6175229549407959 -0.3053396940231323 -0.9303595423698425
1878 0.6197221875190735 -0.3053314983844757 -0.9301448464393616
1879 0.62163907289505 -0.3053243458271027 -0.9299527406692505
1880 0.6232688426971436 -0.3053182661533356 -0.9297857880592346
1881 0.6246077418327332 -0.3053132593631744 -0.9296460747718811
1882 0.6256524324417114 -0.3053093552589417 -0.929535448551178
1883 0.6264004707336426 -0.3053065538406372 -0.9294553399085999
1884 0.6268500089645386 -0.3053048551082611 -0.9294068813323975
1885 0.6269999742507935 -0.3053042888641357 -0.9293906688690186
1886 0.3779999911785126 -0.3043519556522369 -0.9223485589027405
1887 0.3781499862670898 -0.3043517768383026 -0.9223474860191345
1888 0.3785994946956635 -0.3043512105941772 -0.922344446182251
1889 0.3793475329875946 -0.3043502569198608 -0.9223397970199585
1890 0.3803922533988953 -0.3043489456176758 -0.9223341941833496
1891 0.3817311227321625 -0.3043483197689056 -0.922334611415863
1892 0.3833609223365784 -0.3043485283851624 -0.9223430156707764
1893 0.3852777779102325 -0.3043487966060638 -0.9223560094833374
1894 0.3874770104885101 -0.3043490946292877 -0.9223751425743103
1895 0.3899533450603485 -0.3043494522571564 -0.9224017262458801
1896 0.3927008211612701 -0.3043498694896698 -0.922437310218811
1897 0.3957127928733826 -0.304350346326828 -0.9224833250045776
1898 0.398982048034668 -0.304350882768631 -0.9225412607192993
1899 0.4025006592273712 -0.3043713569641113 -0.9227253794670105
1900 0.406260222196579 -0.3044016659259796 -0.9229799509048462
1901 0.4102515876293182 -0.30443075299263 -0.923242449760437
1902 0.4144652187824249 -0.3044307231903076 -0.9233533143997192
1903 0.4188909232616425 -0.3044306933879852 -0.9234796762466431
1904 0.423518031835556 -0.3044306933879852 -0.9236213564872742
1905 0.4283354580402374 -0.3044306635856628 -0.9237780570983887
1906 0.4333315193653107 -0.3044306635856628 -0.9239490032196045
1907 0.4384942352771759 -0.3044306337833405 -0.9241330623626709
1908 0.4438110888004303 -0.3044305443763733 -0.9243286848068237
1909 0.4492693841457367 -0.3044304549694061 -0.9245343804359436
1910 0.454855889081955 -0.3044309914112091 -0.9247515797615051
1911 0.4605571925640106 -0.3044315874576569 -0.9249748587608337
1912 0.4663595855236053 -0.304431825876236 -0.9251994490623474
1913 0.4722490012645721 -0.3044319152832031 -0.9254236817359924
1914 0.4782112538814545 -0.3044320344924927 -0.9256457090377808
1915 0.4842320382595062 -0.3044321238994598 -0.9258626699447632
1916 0.490296870470047 -0.3044321835041046 -0.9260714650154114
1917 0.496391087770462 -0.3044322431087494 -0.9262692332267761
1918 0.5024999976158142 -0.3044322729110718 -0.9264534115791321
1919 0.508608877658844 -0.3044323325157166 -0.9266214370727539
1920 0.514703094959259 -0.3044323325157166 -0.9267707467079163
1921 0.5207679271697998 -0.3044323027133942 -0.9268989562988281
1922 0.5267887115478516 -0.3044322729110718 -0.9270046949386597
1923 0.5327510237693787 -0.3044322431087494 -0.927086353302002
1924 0.5386404395103455 -0.304432213306427 -0.9271429181098938
1925 0.5444427728652954 -0.304432213306427 -0.9271737337112427
1926 0.5501440763473511 -0.304432213306427 -0.9271783828735352
1927 0.5557305812835693 -0.304432213306427 -0.9271568059921265
1928 0.5611888766288757 -0.304432213306427 -0.9271096587181091
1929 0.5665057897567749 -0.3044321537017822 -0.9270373582839966
1930 0.5716684460639954 -0.3044320642948151 -0.926941454410553
1931 0.5766645669937134 -0.3044319748878479 -0.9268239140510559
1932 0.58148193359375 -0.3044318854808807 -0.9266866445541382
1933 0.5861090421676636 -0.3044317960739136 -0.9265320301055908
1934 0.5905347466468811 -0.3044316172599792 -0.9263622164726257
1935 0.5947483777999878 -0.3044314086437225 -0.9261802434921265
1936 0.5987398028373718 -0.3044312000274658 -0.9259895086288452
1937 0.6024993062019348 -0.3044309914112091 -0.9257931709289551
1938 0.6060179471969604 -0.3044308125972748 -0.9255944490432739
1939 0.6092872023582458 -0.3044306635856628 -0.9253966212272644
1940 0.6122991442680359 -0.3044304847717285 -0.9252029657363892
1941 0.6150466203689575 -0.3044244050979614 -0.9249825477600098
1942 0.6175229549407959 -0.3044148683547974 -0.9247527122497559
1943 0.6197221875190735 -0.3044064044952393 -0.9245421290397644
1944 0.62163907289505 -0.3043990135192871 -0.9243536591529846
1945 0.6232688426971436 -0.3043926954269409 -0.9241896867752075
1946 0.6246077418327332 -0.3043875396251678 -0.9240524768829346
1947 0.6256524324417114 -0.3043834865093231 -0.9239437580108643
1948 0.6264004707336426 -0.3043805956840515 -0.9238650798797607
1949 0.6268500089645386 -0.304378867149353 -0.9238174557685852
1950 0.6269999742507935 -0.3043782711029053 -0.9238015413284302
1951 0.3779999911785126 -0.3033628761768341 -0.916994035243988
1952 0.3781499862670898 -0.3033628761768341 -0.9169940948486328
1953 0.3785994946956635 -0.3033629059791565 -0.9169943928718567
1954 0.3793475329875946 -0.3033629655838013 -0.9169954061508179
1955 0.3803922533988953 -0.303363025188446 -0.9169976711273193
1956 0.3817311227321625 -0.3033643960952759 -0.917008638381958
1957 0.3833609223365784 -0.3033671975135803 -0.9170303344726562
1958 0.3852777779102325 -0.3033705055713654 -0.9170590043067932
1959 0.3874770104885101 -0.303374320268631 -0.917095959186554
1960 0.3899533450603485 -0.3033785820007324 -0.9171426296234131
1961 0.3927008211612701 -0.3033833503723145 -0.9172004461288452
1962 0.3957127928733826 -0.3033885955810547 -0.917270839214325
1963 0.398982048034668 -0.3033942580223083 -0.9173550009727478
1964 0.4025006592273712 -0.3034202754497528 -0.9175571799278259
1965 0.406260222196579 -0.3034564852714539 -0.9178266525268555
1966 0.4102515876293182 -0.3034912049770355 -0.9181033968925476
1967 0.4144652187824249 -0.3034912049770355 -0.9182144403457642
1968 0.4188909232616425 -0.3034912347793579 -0.9183408617973328
1969 0.423518031835556 -0.3034912347793579 -0.9184826612472534
1970 0.4283354580402374 -0.3034912347793579 -0.9186394810676575
1971 0.4333315193653107 -0.3034912347793579 -0.9188105463981628
1972 0.4384942352771759 -0.3034912049770355 -0.9189947247505188
1973 0.4438110888004303 -0.3034911453723907 -0.9191904067993164
1974 0.4492693841457367 -0.303491085767746 -0.9193962216377258
1975 0.454855889081955 -0.303491622209549 -0.9196131825447083
1976 0.4605571925640106 -0.3034922182559967 -0.9198362231254578
1977 0.4663595855236053 -0.3034924864768982 -0.9200607538223267
1978 0.4722490012645721 -0.3034925758838654 -0.9202849864959717
1979 0.4782112538814545 -0.3034926652908325 -0.9205069541931152
1980 0.4842320382595062 -0.3034927845001221 -0.9207238554954529
1981 0.490296870470047 -0.3034928441047668 -0.9209326505661011
1982 0.496391087770462 -0.3034929037094116 -0.9211304187774658
1983 0.5024999976158142 -0.303492933511734 -0.921314537525177
1984 0.508608877658844 -0.3034929931163788 -0.9214825034141541
1985 0.514703094959259 -0.3034929931163788 -0.9216317534446716
1986 0.5207679271697998 -0.3034929633140564 -0.9217600226402283
1987 0.5267887115478516 -0.303492933511734 -0.9218657612800598
1988 0.5327510237693787 -0.3034928739070892 -0.9219474196434021
1989 0.5386404395103455 -0.3034928441047668 -0.9220039844512939
1990 0.5444427728652954 -0.3034928441047668 -0.9220348596572876
1991 0.5501440763473511 -0.3034928739070892 -0.9220394492149353
1992 0.5557305812835693 -0.3034928739070892 -0.9220179319381714
1993 0.5611888766288757 -0.3034928739070892 -0.9219707846641541
1994 0.5665057897567749 -0.3034927845001221 -0.9218984842300415
1995 0.5716684460639954 -0.3034926950931549 -0.9218026399612427
1996 0.5766645669937134 -0.3034926056861877 -0.9216850399971008
1997 0.58148193359375 -0.3034924864768982 -0.9215477705001831
1998 0.5861090421676636 -0.303492397069931 -0.9213932156562805
1999 0.5905347466468811 -0.3034922182559967 -0.9212234020233154
2000 0.5947483777999878 -0.3034919798374176 -0.9210414290428162
2001 0.5987398028373718 -0.3034917414188385 -0.9208506941795349
2002 0.6024993062019348 -0.3034915328025818 -0.920654296875
2003 0.6060179471969604 -0.3034913241863251 -0.9204555749893188
2004 0.6092872023582458 -0.3034911453723907 -0.9202578067779541
2005 0.6122991442680359 -0.3034909963607788 -0.9200641512870789
2006 0.6150466203689575 -0.3034848868846893 -0.919846773147583
2007 0.6175229549407959 -0.3034753203392029 -0.9196217656135559
2008 0.6197221875190735 -0.303466796875 -0.9194154739379883
2009 0.62163907289505 -0.3034594058990479 -0.9192306995391846
2010 0.6232688426971436 -0.3034530878067017 -0.9190699458122253
2011 0.6246077418327332 -0.3034479022026062 -0.9189352989196777
2012 0.6256524324417114 -0.3034438490867615 -0.9188286662101746
2013 0.6264004707336426 -0.3034409582614899 -0.9187514781951904
2014 0.6268500089645386 -0.303439199924469 -0.9187046885490417
2015 0.6269999742507935 -0.3034386336803436 -0.9186890721321106
2016 0.3781499862670898 -0.3023555278778076 -0.9120166897773743
2017 0.3779999911785126 -0.3023552596569061 -0.9120154976844788
2018 0.3785994946956635 -0.3023562729358673 -0.9120203852653503
2019 0.3793475329875946 -0.3023575246334076 -0.9120270609855652
2020 0.3803922533988953 -0.3023592829704285 -0.9120373129844666
2021 0.3817311227321625 -0.3023629784584045 -0.9120588898658752
2022 0.3833609223365784 -0.3023688793182373 -0.9120939373970032
2023 0.3852777779102325 -0.3023757636547089 -0.9121383428573608
2024 0.3874770104885101 -0.302383691072464 -0.9121932983398438
2025 0.3899533450603485 -0.3023926019668579 -0.9122601747512817
2026 0.3927008211612701 -0.3024024665355682 -0.9123403429985046
2027 0.3957127928733826 -0.302413284778595 -0.9124351143836975
2028 0.398982048034668 -0.3024249970912933 -0.9125456809997559
2029 0.4025006592273712 -0.3024569749832153 -0.9127657413482666
2030 0.406260222196579 -0.3024993240833282 -0.9130497574806213
2031 0.4102515876293182 -0.3025399148464203 -0.9133404493331909
2032 0.4144652187824249 -0.3025399446487427 -0.9134515523910522
2033 0.4188909232616425 -0.3025399446487427 -0.9135780930519104
2034 0.423518031835556 -0.3025399744510651 -0.9137200117111206
2035 0.4283354580402374 -0.3025400042533875 -0.9138769507408142
2036 0.4333315193653107 -0.3025400340557098 -0.9140481352806091
2037 0.4384942352771759 -0.3025400340557098 -0.9142324328422546
2038 0.4438110888004303 -0.3025400042533875 -0.9144282341003418
2039 0.4492693841457367 -0.3025399446487427 -0.914634108543396
2040 0.454855889081955 -0.3025404810905457 -0.9148508906364441
2041 0.4605571925640106 -0.3025411069393158 -0.9150736927986145
2042 0.4663595855236053 -0.3025413453578949 -0.9152981042861938
2043 0.4722490012645721 -0.3025414645671844 -0.9155223369598389
2044 0.4782112538814545 -0.3025415539741516 -0.9157443046569824
2045 0.4842320382595062 -0.3025416433811188 -0.9159611463546753
2046 0.490296870470047 -0.3025417327880859 -0.9161698818206787
2047 0.496391087770462 -0.3025417625904083 -0.9163675904273987
2048 0.5024999976158142 -0.3025418221950531 -0.9165517091751099
2049 0.508608877658844 -0.3025418519973755 -0.9167196750640869
2050 0.514703094959259 -0.3025418519973755 -0.9168689250946045
2051 0.5207679271697998 -0.3025418221950531 -0.9169971346855164
2052 0.5267887115478516 -0.3025417625904083 -0.9171028733253479
2053 0.5327510237693787 -0.3025417327880859 -0.917184591293335
2054 0.5386404395103455 -0.3025417029857635 -0.9172411561012268
2055 0.5444427728652954 -0.3025417029857635 -0.9172720313072205
2056 0.5501440763473511 -0.3025417029857635 -0.9172766208648682
2057 0.5557305812835693 -0.3025417327880859 -0.9172551035881042
2058 0.5611888766288757 -0.3025417327880859 -0.9172079563140869
2059 0.5665057897567749 -0.3025416433811188 -0.9171356558799744
2060 0.5716684460639954 -0.3025415539741516 -0.9170398116111755
2061 0.5766645669937134 -0.3025414347648621 -0.9169222712516785
2062 0.58148193359375 -0.3025413453578949 -0.9167850017547607
2063 0.5861090421676636 -0.3025412559509277 -0.9166304469108582
2064 0.5905347466468811 -0.302541047334671 -0.9164606332778931
2065 0.5947483777999878 -0.3025407791137695 -0.9162786602973938
2066 0.5987398028373718 -0.3025405406951904 -0.9160879254341125
2067 0.6024993062019348 -0.3025403022766113 -0.9158915877342224
2068 0.6060179471969604 -0.3025400936603546 -0.9156928658485413
2069 0.6092872023582458 -0.3025398850440979 -0.9154950380325317
2070 0.6122991442680359 -0.3025397062301636 -0.9153013825416565
2071 0.6150466203689575 -0.3025337159633636 -0.9150872230529785
2072 0.6175229549407959 -0.3025243878364563 -0.9148671627044678
2073 0.6197221875190735 -0.3025160729885101 -0.9146653413772583
2074 0.62163907289505 -0.3025088608264923 -0.914484441280365
2075 0.6232688426971436 -0.3025026917457581 -0.9143269062042236
2076 0.6246077418327332 -0.3024976253509521 -0.9141950011253357
2077 0.6256524324417114 -0.3024936616420746 -0.9140905141830444
2078 0.6264004707336426 -0.3024908304214478 -0.9140147566795349
2079 0.6268500089645386 -0.3024891316890717 -0.9139689207077026
2080 0.6269999742507935 -0.3024885654449463 -0.9139536023139954
2081 0.3781499862670898 -0.3013257384300232 -0.9073165655136108
2082 0.3779999911785126 -0.3013252019882202 -0.9073142409324646
2083 0.3785994946956635 -0.3013273179531097 -0.9073237180709839
2084 0.3793475329875946 -0.3013299405574799 -0.9073359966278076
2085 0.3803922533988953 -0.3013336360454559 -0.9073541164398193
2086 0.3817311227321625 -0.3013400137424469 -0.9073863625526428
2087 0.3833609223365784 -0.3013493716716766 -0.9074347019195557
2088 0.3852777779102325 -0.3013603687286377 -0.9074947237968445
2089 0.3874770104885101 -0.3013729453086853 -0.90756756067276
2090 0.3899533450603485 -0.3013871014118195 -0.9076545834541321
2091 0.3927008211612701 -0.301402747631073 -0.9077569842338562
2092 0.3957127928733826 -0.3014198541641235 -0.9078760743141174
2093 0.398982048034668 -0.3014383912086487 -0.9080129265785217
2094 0.4025006592273712 -0.3014766871929169 -0.9082505106925964
2095 0.406260222196579 -0.301525354385376 -0.9085485339164734
2096 0.4102515876293182 -0.3015719950199127 -0.908852756023407
2097 0.4144652187824249 -0.3015720546245575 -0.9089639782905579
2098 0.4188909232616425 -0.3015721142292023 -0.9090905785560608
2099 0.423518031835556 -0.301572173833847 -0.9092326164245605
2100 0.4283354580402374 -0.3015722334384918 -0.9093896746635437
2101 0.4333315193653107 -0.3015722632408142 -0.9095609784126282
2102 0.4384942352771759 -0.3015722930431366 -0.9097453951835632
2103 0.4438110888004303 -0.3015722632408142 -0.9099413156509399
2104 0.4492693841457367 -0.3015722334384918 -0.9101473093032837
2105 0.454855889081955 -0.3015727698802948 -0.9103638529777527
2106 0.4605571925640106 -0.3015733659267426 -0.910586416721344
2107 0.4663595855236053 -0.301573634147644 -0.9108107089996338
2108 0.4722490012645721 -0.3015737235546112 -0.911034882068634
2109 0.4782112538814545 -0.3015738129615784 -0.9112567901611328
2110 0.4842320382595062 -0.3015739321708679 -0.9114736318588257
2111 0.490296870470047 -0.3015739917755127 -0.9116823673248291
2112 0.496391087770462 -0.3015740215778351 -0.9118800163269043
2113 0.5024999976158142 -0.3015740811824799 -0.9120641350746155
2114 0.508608877658844 -0.3015741109848022 -0.9122320413589478
2115 0.514703094959259 -0.3015741109848022 -0.9123812317848206
2116 0.5207679271697998 -0.3015740811824799 -0.9125095009803772
2117 0.5267887115478516 -0.3015740215778351 -0.9126152396202087
2118 0.5327510237693787 -0.3015739917755127 -0.912696897983551
2119 0.5386404395103455 -0.3015739619731903 -0.9127535223960876
2120 0.5444427728652954 -0.3015739619731903 -0.9127843976020813
2121 0.5501440763473511 -0.3015739619731903 -0.912788987159729
2122 0.5557305812835693 -0.3015739917755127 -0.9127675294876099
2123 0.5611888766288757 -0.3015739917755127 -0.9127203822135925
2124 0.5665057897567749 -0.3015739023685455 -0.91264808177948
2125 0.5716684460639954 -0.301573783159256 -0.9125522375106812
2126 0.5766645669937134 -0.3015736937522888 -0.9124346971511841
2127 0.58148193359375 -0.3015735745429993 -0.9122974872589111
2128 0.5861090421676636 -0.3015734851360321 -0.9121429324150085
2129 0.5905347466468811 -0.301573246717453 -0.9119730591773987
2130 0.5947483777999878 -0.3015729784965515 -0.9117911458015442
2131 0.5987398028373718 -0.30157271027565 -0.9116004109382629
2132 0.6024993062019348 -0.3015724718570709 -0.911404013633728
2133 0.6060179471969604 -0.3015722334384918 -0.9112052917480469
2134 0.6092872023582458 -0.3015720248222351 -0.9110075235366821
2135 0.6122991442680359 -0.3015718162059784 -0.9108138680458069
2136 0.6150466203689575 -0.3015661239624023 -0.9106029272079468
2137 0.6175229549407959 -0.3015572428703308 -0.9103879928588867
2138 0.6197221875190735 -0.3015493452548981 -0.9101907014846802
2139 0.62163907289505 -0.3015424311161041 -0.910013735294342
2140 0.6232688426971436 -0.3015365898609161 -0.9098595976829529
2141 0.6246077418327332 -0.3015317618846893 -0.9097304940223694
2142 0.6256524324417114 -0.3015280067920685 -0.9096280932426453
2143 0.6264004707336426 -0.3015252947807312 -0.9095539450645447
2144 0.6268500089645386 -0.3015236854553223 -0.909509003162384
2145 0.6269999742507935 -0.3015231490135193 -0.9094939827919006
2146 0.3781499862670898 -0.3002622127532959 -0.9027946591377258
2147 0.3779999911785126 -0.300261378288269 -0.9027912020683289
2148 0.3785994946956635 -0.3002647161483765 -0.9028052091598511
2149 0.3793475329875946 -0.3002689182758331 -0.9028230905532837
2150 0.3803922533988953 -0.3002747297286987 -0.902849018573761
2151 0.3817311227321625 -0.3002841174602509 -0.9028916954994202
2152 0.3833609223365784 -0.3002973198890686 -0.9029532074928284
2153 0.3852777779102325 -0.3003127872943878 -0.9030286073684692
2154 0.3874770104885101 -0.3003305196762085 -0.9031190872192383
2155 0.3899533450603485 -0.3003504276275635 -0.9032258987426758
2156 0.3927008211612701 -0.300372451543808 -0.9033502340316772
2157 0.3957127928733826 -0.3003965020179749 -0.9034932255744934
2158 0.398982048034668 -0.3004225492477417 -0.9036560654640198
2159 0.4025006592273712 -0.3004675209522247 -0.9039106369018555
2160 0.406260222196579 -0.3005226850509644 -0.9042220115661621
2161 0.4102515876293182 -0.3005755543708801 -0.9045391082763672
2162 0.4144652187824249 -0.3005756437778473 -0.9046503901481628
2163 0.4188909232616425 -0.3005757331848145 -0.9047771692276001
2164 0.423518031835556 -0.3005757927894592 -0.9049193263053894
2165 0.4283354580402374 -0.3005758821964264 -0.9050764441490173
2166 0.4333315193653107 -0.3005759716033936 -0.9052478671073914
2167 0.4384942352771759 -0.3005760312080383 -0.905432403087616
2168 0.4438110888004303 -0.3005760312080383 -0.9056284427642822
2169 0.4492693841457367 -0.3005760312080383 -0.9058344960212708
2170 0.454855889081955 -0.3005765378475189 -0.9060508608818054
2171 0.4605571925640106 -0.3005771040916443 -0.9062731266021729
2172 0.4663595855236053 -0.3005773723125458 -0.9064973592758179
2173 0.4722490012645721 -0.3005774617195129 -0.9067214727401733
2174 0.4782112538814545 -0.3005775511264801 -0.9069433808326721
2175 0.4842320382595062 -0.3005776703357697 -0.9071601629257202
2176 0.490296870470047 -0.3005777299404144 -0.9073688387870789
2177 0.496391087770462 -0.3005777597427368 -0.9075664877891541
2178 0.5024999976158142 -0.3005777895450592 -0.9077505469322205
2179 0.508608877658844 -0.3005778193473816 -0.9079184532165527
2180 0.514703094959259 -0.3005778193473816 -0.9080675840377808
2181 0.5207679271697998 -0.3005777597427368 -0.9081958532333374
2182 0.5267887115478516 -0.3005777299404144 -0.9083015918731689
2183 0.5327510237693787 -0.3005776703357697 -0.908383309841156
2184 0.5386404395103455 -0.3005776405334473 -0.9084398746490479
2185 0.5444427728652954 -0.3005776703357697 -0.9084708094596863
2186 0.5501440763473511 -0.3005776703357697 -0.9084754586219788
2187 0.5557305812835693 -0.300577700138092 -0.9084539413452148
2188 0.5611888766288757 -0.300577700138092 -0.9084067940711975
2189 0.5665057897567749 -0.3005776107311249 -0.9083345532417297
2190 0.5716684460639954 -0.3005774915218353 -0.9082387089729309
2191 0.5766645669937134 -0.3005773723125458 -0.9081211686134338
2192 0.58148193359375 -0.3005772829055786 -0.9079839587211609
2193 0.5861090421676636 -0.3005771636962891 -0.9078294038772583
2194 0.5905347466468811 -0.30057692527771 -0.9076595902442932
2195 0.5947483777999878 -0.3005766272544861 -0.9074776172637939
2196 0.5987398028373718 -0.3005763590335846 -0.9072868824005127
2197 0.6024993062019348 -0.3005760908126831 -0.9070905447006226
2198 0.6060179471969604 -0.300575852394104 -0.9068918824195862
2199 0.6092872023582458 -0.3005756139755249 -0.9066940546035767
2200 0.6122991442680359 -0.3005754053592682 -0.9065004587173462
2201 0.6150466203689575 -0.3005701303482056 -0.906292736530304
2202 0.6175229549407959 -0.3005618751049042 -0.9060829877853394
2203 0.6197221875190735 -0.3005545139312744 -0.9058902859687805
2204 0.62163907289505 -0.3005481362342834 -0.9057173728942871
2205 0.6232688426971436 -0.3005426824092865 -0.9055666327476501
2206 0.6246077418327332 -0.3005382120609283 -0.9054402709007263
2207 0.6256524324417114 -0.300534725189209 -0.9053401350975037
2208 0.6264004707336426 -0.3005322217941284 -0.9052675366401672
2209 0.6268500089645386 -0.300530731678009 -0.905223548412323
2210 0.6269999742507935 -0.3005302250385284 -0.9052088260650635
2211 0.3781499862670898 -0.2991473078727722 -0.8983528017997742
2212 0.3779999911785126 -0.2991461157798767 -0.8983482718467712
2213 0.3785994946956635 -0.299150824546814 -0.8983666300773621
2214 0.3793475329875946 -0.2991566956043243 -0.898389995098114
2215 0.3803922533988953 -0.299164891242981 -0.8984235525131226
2216 0.3817311227321625 -0.299177497625351 -0.8984764218330383
2217 0.3833609223365784 -0.2991948425769806 -0.8985507488250732
2218 0.3852777779102325 -0.2992151975631714 -0.8986411690711975
2219 0.3874770104885101 -0.2992385029792786 -0.8987488150596619
2220 0.3899533450603485 -0.2992646396160126 -0.8988749384880066
2221 0.3927008211612701 -0.2992935478687286 -0.8990206122398376
2222 0.3957127928733826 -0.2993251383304596 -0.8991870284080505
2223 0.398982048034668 -0.2993592917919159 -0.8993751406669617
2224 0.4025006592273712 -0.29941126704216 -0.8996459245681763
2225 0.406260222196579 -0.2994731068611145 -0.8999698758125305
2226 0.4102515876293182 -0.2995323836803436 -0.9002991318702698
2227 0.4144652187824249 -0.2995324730873108 -0.900410532951355
2228 0.4188909232616425 -0.2995325922966003 -0.900537371635437
2229 0.423518031835556 -0.2995327115058899 -0.9006796479225159
2230 0.4283354580402374 -0.2995328307151794 -0.9008368849754333
2231 0.4333315193653107 -0.299532949924469 -0.9010084271430969
2232 0.4384942352771759 -0.2995330393314362 -0.9011930823326111
2233 0.4438110888004303 -0.2995330691337585 -0.9013891816139221
2234 0.4492693841457367 -0.2995330691337585 -0.901595413684845
2235 0.454855889081955 -0.2995335757732391 -0.9018114805221558
2236 0.4605571925640106 -0.2995341122150421 -0.9020335078239441
2237 0.4663595855236053 -0.2995343506336212 -0.9022576212882996
2238 0.4722490012645721 -0.2995344400405884 -0.902481734752655
2239 0.4782112538814545 -0.2995345294475555 -0.902703583240509
2240 0.4842320382595062 -0.2995346486568451 -0.9029203653335571
2241 0.490296870470047 -0.2995347082614899 -0.903128981590271
2242 0.496391087770462 -0.2995347380638123 -0.9033266305923462
2243 0.5024999976158142 -0.2995347380638123 -0.9035106301307678
2244 0.508608877658844 -0.2995347678661346 -0.9036784768104553
2245 0.514703094959259 -0.2995347678661346 -0.9038276076316833
2246 0.5207679271697998 -0.2995347082614899 -0.90395587682724
2247 0.5267887115478516 -0.2995346784591675 -0.9040616154670715
2248 0.5327510237693787 -0.2995346188545227 -0.9041433334350586
2249 0.5386404395103455 -0.2995345890522003 -0.9041999578475952
2250 0.5444427728652954 -0.2995346188545227 -0.9042308330535889
2251 0.5501440763473511 -0.2995346188545227 -0.9042354822158813
2252 0.5557305812835693 -0.2995346486568451 -0.9042140245437622
2253 0.5611888766288757 -0.2995346486568451 -0.9041668772697449
2254 0.5665057897567749 -0.2995345592498779 -0.9040946364402771
2255 0.5716684460639954 -0.2995344400405884 -0.9039987921714783
2256 0.5766645669937134 -0.2995343208312988 -0.903881311416626
2257 0.58148193359375 -0.2995342314243317 -0.903744101524353
2258 0.5861090421676636 -0.2995341122150421 -0.9035895466804504
2259 0.5905347466468811 -0.299533873796463 -0.9034197330474854
2260 0.5947483777999878 -0.2995335459709167 -0.9032378196716309
2261 0.5987398028373718 -0.2995332479476929 -0.9030470848083496
2262 0.6024993062019348 -0.2995329797267914 -0.9028507471084595
2263 0.6060179471969604 -0.2995327115058899 -0.9026520252227783
2264 0.6092872023582458 -0.2995324730873108 -0.9024542570114136
2265 0.6122991442680359 -0.2995322644710541 -0.9022606611251831
2266 0.6150466203689575 -0.2995274662971497 -0.9020562767982483
2267 0.6175229549407959 -0.2995200157165527 -0.9018517136573792
2268 0.6197221875190735 -0.2995133996009827 -0.901663601398468
2269 0.62163907289505 -0.2995076179504395 -0.9014946818351746
2270 0.6232688426971436 -0.2995027005672455 -0.9013473987579346
2271 0.6246077418327332 -0.2994986474514008 -0.90122389793396
2272 0.6256524324417114 -0.29949551820755 -0.9011258482933044
2273 0.6264004707336426 -0.2994932532310486 -0.901054859161377
2274 0.6268500089645386 -0.2994918823242188 -0.9010118246078491
2275 0.6269999742507935 -0.2994914352893829 -0.9009974002838135
2276 0.3781499862670898 -0.2979575395584106 -0.8938946723937988
2277 0.3779999911785126 -0.2979559898376465 -0.8938890695571899
2278 0.3785994946956635 -0.2979621589183807 -0.8939116597175598
2279 0.3793475329875946 -0.2979698479175568 -0.8939403295516968
2280 0.3803922533988953 -0.2979805469512939 -0.8939812779426575
2281 0.3817311227321625 -0.2979966402053833 -0.8940439224243164
2282 0.3833609223365784 -0.2980184555053711 -0.8941305875778198
2283 0.3852777779102325 -0.2980439960956573 -0.8942354917526245
2284 0.3874770104885101 -0.2980732619762421 -0.8943597078323364
2285 0.3899533450603485 -0.2981060743331909 -0.8945044279098511
2286 0.3927008211612701 -0.2981423735618591 -0.8946707248687744
2287 0.3957127928733826 -0.2981819808483124 -0.8948596119880676
2288 0.398982048034668 -0.2982248067855835 -0.8950720429420471
2289 0.4025006592273712 -0.2982840538024902 -0.8953582048416138
2290 0.406260222196579 -0.2983527779579163 -0.895693838596344
2291 0.4102515876293182 -0.2984186112880707 -0.896034300327301
2292 0.4144652187824249 -0.2984187602996826 -0.896145761013031
2293 0.4188909232616425 -0.2984189093112946 -0.8962727189064026
2294 0.423518031835556 -0.2984190583229065 -0.8964150547981262
2295 0.4283354580402374 -0.2984192073345184 -0.896572470664978
2296 0.4333315193653107 -0.2984193563461304 -0.8967441320419312
2297 0.4384942352771759 -0.2984195053577423 -0.8969288468360901
2298 0.4438110888004303 -0.2984195351600647 -0.8971250653266907
2299 0.4492693841457367 -0.2984195947647095 -0.8973313570022583
2300 0.454855889081955 -0.2984200417995453 -0.8975472450256348
2301 0.4605571925640106 -0.2984205484390259 -0.8977689743041992
2302 0.4663595855236053 -0.2984207570552826 -0.8979929685592651
2303 0.4722490012645721 -0.2984208762645721 -0.8982170820236206
2304 0.4782112538814545 -0.2984209656715393 -0.8984389305114746
2305 0.4842320382595062 -0.2984210550785065 -0.8986556529998779
2306 0.490296870470047 -0.2984211146831512 -0.8988642692565918
2307 0.496391087770462 -0.2984211146831512 -0.8990617990493774
2308 0.5024999976158142 -0.2984211444854736 -0.8992457985877991
2309 0.508608877658844 -0.2984211444854736 -0.8994135856628418
2310 0.514703094959259 -0.2984211444854736 -0.8995627164840698
2311 0.5207679271697998 -0.2984211146831512 -0.8996910452842712
2312 0.5267887115478516 -0.2984210550785065 -0.8997967839241028
2313 0.5327510237693787 -0.2984209954738617 -0.8998785018920898
2314 0.5386404395103455 -0.2984209656715393 -0.8999350666999817
2315 0.5444427728652954 -0.2984209954738617 -0.8999660015106201
2316 0.5501440763473511 -0.2984210252761841 -0.8999706506729126
2317 0.5557305812835693 -0.2984210252761841 -0.8999491930007935
2318 0.5611888766288757 -0.2984210550785065 -0.8999020457267761
2319 0.5665057897567749 -0.2984209656715393 -0.8998298048973083
2320 0.5716684460639954 -0.2984208464622498 -0.8997340202331543
2321 0.5766645669937134 -0.2984207272529602 -0.899616539478302
2322 0.58148193359375 -0.2984206080436707 -0.8994793295860291
2323 0.5861090421676636 -0.2984204888343811 -0.8993248343467712
2324 0.5905347466468811 -0.2984202206134796 -0.8991550207138062
2325 0.5947483777999878 -0.2984198927879333 -0.8989731073379517
2326 0.5987398028373718 -0.2984195947647095 -0.8987823724746704
2327 0.6024993062019348 -0.2984192967414856 -0.898586094379425
2328 0.6060179471969604 -0.2984190285205841 -0.8983873724937439
2329 0.6092872023582458 -0.298418790102005 -0.8981896042823792
2330 0.6122991442680359 -0.2984185516834259 -0.8979960083961487
2331 0.6150466203689575 -0.2984143495559692 -0.8977949023246765
2332 0.6175229549407959 -0.2984078526496887 -0.8975954651832581
2333 0.6197221875190735 -0.2984020411968231 -0.8974120020866394
2334 0.62163907289505 -0.2983970046043396 -0.8972470760345459
2335 0.6232688426971436 -0.2983927130699158 -0.8971031904220581
2336 0.6246077418327332 -0.298389196395874 -0.8969824314117432
2337 0.6256524324417114 -0.298386424779892 -0.8968866467475891
2338 0.6264004707336426 -0.2983844578266144 -0.896817147731781
2339 0.6268500089645386 -0.2983832657337189 -0.8967750668525696
2340 0.6269999742507935 -0.2983828783035278 -0.8967609405517578
2341 0.3781499862670898 -0.2966640889644623 -0.8893268704414368
2342 0.3779999911785126 -0.2966621518135071 -0.8893202543258667
2343 0.3785994946956635 -0.2966698706150055 -0.8893468976020813
2344 0.3793475329875946 -0.2966794669628143 -0.8893806338310242
2345 0.3803922533988953 -0.2966928780078888 -0.8894286155700684
2346 0.3817311227321625 -0.2967126965522766 -0.8895006775856018
2347 0.3833609223365784 -0.2967391908168793 -0.8895990252494812
2348 0.3852777779102325 -0.2967702746391296 -0.8897176384925842
2349 0.3874770104885101 -0.2968058586120605 -0.8898576498031616
2350 0.3899533450603485 -0.2968457639217377 -0.8900200724601746
2351 0.3927008211612701 -0.2968898713588715 -0.890205979347229
2352 0.3957127928733826 -0.2969380021095276 -0.8904162645339966
2353 0.398982048034668 -0.2969900369644165 -0.8906518816947937
2354 0.4025006592273712 -0.2970568537712097 -0.8909522891044617
2355 0.406260222196579 -0.2971326410770416 -0.8912984728813171
2356 0.4102515876293182 -0.2972052693367004 -0.891649067401886
2357 0.4144652187824249 -0.2972054481506348 -0.8917606472969055
2358 0.4188909232616425 -0.2972056269645691 -0.8918876647949219
2359 0.423518031835556 -0.2972058057785034 -0.8920301198959351
2360 0.4283354580402374 -0.2972060143947601 -0.8921875953674316
2361 0.4333315193653107 -0.2972061932086945 -0.8923593759536743
2362 0.4384942352771759 -0.2972063720226288 -0.8925442099571228
2363 0.4438110888004303 -0.2972064316272736 -0.8927405476570129
2364 0.4492693841457367 -0.2972065210342407 -0.8929468989372253
2365 0.454855889081955 -0.2972069382667542 -0.8931625485420227
2366 0.4605571925640106 -0.29720738530159 -0.8933840394020081
2367 0.4663595855236053 -0.2972075939178467 -0.8936079740524292
2368 0.4722490012645721 -0.2972076833248138 -0.8938319683074951
2369 0.4782112538814545 -0.297207772731781 -0.8940538167953491
2370 0.4842320382595062 -0.2972078621387482 -0.8942705392837524
2371 0.490296870470047 -0.2972079217433929 -0.8944790959358215
2372 0.496391087770462 -0.2972079217433929 -0.8946766257286072
2373 0.5024999976158142 -0.2972079217433929 -0.894860565662384
2374 0.508608877658844 -0.2972079515457153 -0.8950283527374268
2375 0.514703094959259 -0.2972079217433929 -0.89517742395401
2376 0.5207679271697998 -0.2972078919410706 -0.8953057527542114
2377 0.5267887115478516 -0.2972078323364258 -0.895411491394043
2378 0.5327510237693787 -0.297207772731781 -0.89549320936203
2379 0.5386404395103455 -0.2972077429294586 -0.8955498337745667
2380 0.5444427728652954 -0.297207772731781 -0.8955807685852051
2381 0.5501440763473511 -0.2972078025341034 -0.8955854177474976
2382 0.5557305812835693 -0.2972078323364258 -0.8955639600753784
2383 0.5611888766288757 -0.2972078621387482 -0.8955168724060059
2384 0.5665057897567749 -0.2972077429294586 -0.8954446315765381
2385 0.5716684460639954 -0.2972076237201691 -0.895348846912384
2386 0.5766645669937134 -0.2972075045108795 -0.8952313661575317
2387 0.58148193359375 -0.29720738530159 -0.8950942158699036
2388 0.5861090421676636 -0.2972072660923004 -0.894939661026001
2389 0.5905347466468811 -0.2972069978713989 -0.8947699069976807
2390 0.5947483777999878 -0.2972066700458527 -0.8945879936218262
2391 0.5987398028373718 -0.2972063422203064 -0.8943973183631897
2392 0.6024993062019348 -0.2972060441970825 -0.8942009806632996
2393 0.6060179471969604 -0.2972057461738586 -0.8940023183822632
2394 0.6092872023582458 -0.2972055077552795 -0.8938045501708984
2395 0.6122991442680359 -0.2972052395343781 -0.893610954284668
2396 0.6150466203689575 -0.2972017228603363 -0.8934130668640137
2397 0.6175229549407959 -0.2971962690353394 -0.8932187557220459
2398 0.6197221875190735 -0.2971914410591125 -0.8930397629737854
2399 0.62163907289505 -0.2971872091293335 -0.8928787708282471
2400 0.6232688426971436 -0.2971836030483246 -0.8927382230758667
2401 0.6246077418327332 -0.2971806526184082 -0.8926202654838562
2402 0.6256524324417114 -0.2971783578395844 -0.8925265669822693
2403 0.6264004707336426 -0.297176718711853 -0.8924586772918701
2404 0.6268500089645386 -0.2971757352352142 -0.8924174904823303
2405 0.6269999742507935 -0.297175407409668 -0.8924036622047424
2406 0.3781499862670898 -0.2952329516410828 -0.8845603466033936
2407 0.3779999911785126 -0.2952306270599365 -0.8845527768135071
2408 0.3785994946956635 -0.2952399551868439 -0.8845831751823425
2409 0.3793475329875946 -0.2952516376972198 -0.8846216797828674
2410 0.3803922533988953 -0.2952678799629211 -0.8846762776374817
2411 0.3817311227321625 -0.2952916026115417 -0.8847571015357971
2412 0.3833609223365784 -0.2953230738639832 -0.88486647605896
2413 0.3852777779102325 -0.2953599989414215 -0.8849980235099792
2414 0.3874770104885101 -0.2954022288322449 -0.8851527571678162
2415 0.3899533450603485 -0.2954495847225189 -0.8853318095207214
2416 0.3927008211612701 -0.2955019474029541 -0.8855360150337219
2417 0.3957127928733826 -0.2955590784549713 -0.8857663869857788
2418 0.398982048034668 -0.2956207990646362 -0.8860237002372742
2419 0.4025006592273712 -0.2956955134868622 -0.8863370418548584
2420 0.406260222196579 -0.2957785725593567 -0.8866925239562988
2421 0.4102515876293182 -0.2958582043647766 -0.8870521187782288
2422 0.4144652187824249 -0.2958584129810333 -0.8871637582778931
2423 0.4188909232616425 -0.2958586513996124 -0.887290894985199
2424 0.423518031835556 -0.2958588600158691 -0.8874334096908569
2425 0.4283354580402374 -0.2958590984344482 -0.8875910043716431
2426 0.4333315193653107 -0.2958593368530273 -0.8877629041671753
2427 0.4384942352771759 -0.2958595454692841 -0.8879477977752686
2428 0.4438110888004303 -0.2958596646785736 -0.8881442546844482
2429 0.4492693841457367 -0.2958597540855408 -0.8883507251739502
2430 0.454855889081955 -0.2958601415157318 -0.8885661363601685
2431 0.4605571925640106 -0.2958605587482452 -0.8887873291969299
2432 0.4663595855236053 -0.2958607375621796 -0.8890111446380615
2433 0.4722490012645721 -0.2958608269691467 -0.8892351388931274
2434 0.4782112538814545 -0.2958609163761139 -0.8894569277763367
2435 0.4842320382595062 -0.2958610057830811 -0.8896735906600952
2436 0.490296870470047 -0.2958610355854034 -0.8898821473121643
2437 0.496391087770462 -0.2958610355854034 -0.89007967710495
2438 0.5024999976158142 -0.2958610355854034 -0.890263557434082
2439 0.508608877658844 -0.2958610355854034 -0.89043128490448
2440 0.514703094959259 -0.2958610057830811 -0.890580415725708
2441 0.5207679271697998 -0.2958609461784363 -0.8907086849212646
2442 0.5267887115478516 -0.2958609163761139 -0.890814483165741
2443 0.5327510237693787 -0.2958608567714691 -0.890896201133728
2444 0.5386404395103455 -0.2958608269691467 -0.8909528255462646
2445 0.5444427728652954 -0.2958608567714691 -0.8909837603569031
2446 0.5501440763473511 -0.2958608865737915 -0.8909884095191956
2447 0.5557305812835693 -0.2958609163761139 -0.8909669518470764
2448 0.5611888766288757 -0.2958609461784363 -0.8909198641777039
2449 0.5665057897567749 -0.2958608567714691 -0.8908476233482361
2450 0.5716684460639954 -0.2958607077598572 -0.8907518982887268
2451 0.5766645669937134 -0.2958605885505676 -0.8906344175338745
2452 0.58148193359375 -0.2958604693412781 -0.8904972672462463
2453 0.5861090421676636 -0.2958603501319885 -0.8903427720069885
2454 0.5905347466468811 -0.295860081911087 -0.8901730179786682
2455 0.5947483777999878 -0.2958597242832184 -0.8899911046028137
2456 0.5987398028373718 -0.2958593964576721 -0.8898004293441772
2457 0.6024993062019348 -0.2958590686321259 -0.8896041512489319
2458 0.6060179471969604 -0.295858770608902 -0.8894054889678955
2459 0.6092872023582458 -0.2958585023880005 -0.8892077803611755
2460 0.6122991442680359 -0.2958582639694214 -0.8890141844749451
2461 0.6150466203689575 -0.2958554625511169 -0.8888194561004639
2462 0.6175229549407959 -0.2958511710166931 -0.8886300921440125
2463 0.6197221875190735 -0.2958473861217499 -0.8884555101394653
2464 0.62163907289505 -0.2958440780639648 -0.8882983326911926
2465 0.6232688426971436 -0.295841246843338 -0.8881610631942749
2466 0.6246077418327332 -0.2958389520645142 -0.8880457878112793
2467 0.6256524324417114 -0.2958371341228485 -0.8879541754722595
2468 0.6264004707336426 -0.2958358526229858 -0.8878877758979797
2469 0.6268500089645386 -0.2958350777626038 -0.8878474831581116
2470 0.6269999742507935 -0.2958348095417023 -0.8878340125083923
2471 0.3781499862670898 -0.2936250269412994 -0.879511296749115
2472 0.3779999911785126 -0.2936222553253174 -0.8795028328895569
2473 0.3785994946956635 -0.2936333417892456 -0.8795368075370789
2474 0.3793475329875946 -0.2936471402645111 -0.8795796632766724
2475 0.3803922533988953 -0.2936663925647736 -0.8796404004096985
2476 0.3817311227321625 -0.2936941981315613 -0.8797293305397034
2477 0.3833609223365784 -0.2937309145927429 -0.8798487782478333
2478 0.3852777779102325 -0.2937739491462708 -0.8799921870231628
2479 0.3874770104885101 -0.2938231825828552 -0.8801605701446533
2480 0.3899533450603485 -0.2938784062862396 -0.8803548216819763
2481 0.3927008211612701 -0.2939394116401672 -0.880575954914093
2482 0.3957127928733826 -0.294005960226059 -0.8808248043060303
2483 0.398982048034668 -0.2940778732299805 -0.8811021447181702
2484 0.4025006592273712 -0.294160783290863 -0.8814269304275513
2485 0.406260222196579 -0.2942513823509216 -0.8817902803421021
2486 0.4102515876293182 -0.2943382561206818 -0.8821574449539185
2487 0.4144652187824249 -0.2943384945392609 -0.8822692036628723
2488 0.4188909232616425 -0.2943387627601624 -0.882396399974823
2489 0.423518031835556 -0.2943390309810638 -0.8825390338897705
2490 0.4283354580402374 -0.2943392992019653 -0.8826967477798462
2491 0.4333315193653107 -0.2943395972251892 -0.8828687071800232
2492 0.4384942352771759 -0.2943398356437683 -0.883053719997406
2493 0.4438110888004303 -0.2943399846553802 -0.8832502365112305
2494 0.4492693841457367 -0.2943401336669922 -0.8834567666053772
2495 0.454855889081955 -0.2943404614925385 -0.8836719393730164
2496 0.4605571925640106 -0.2943407893180847 -0.8838929533958435
2497 0.4663595855236053 -0.294340968132019 -0.8841166496276855
2498 0.4722490012645721 -0.2943410575389862 -0.8843406438827515
2499 0.4782112538814545 -0.294341117143631 -0.8845623731613159
2500 0.4842320382595062 -0.2943412065505981 -0.8847790360450745
2501 0.490296870470047 -0.2943412661552429 -0.8849875330924988
2502 0.496391087770462 -0.2943412363529205 -0.8851850032806396
2503 0.5024999976158142 -0.2943412363529205 -0.8853688836097717
2504 0.508608877658844 -0.2943412065505981 -0.8855365514755249
2505 0.514703094959259 -0.2943411767482758 -0.8856856822967529
2506 0.5207679271697998 -0.294341117143631 -0.8858139514923096
2507 0.5267887115478516 -0.2943410873413086 -0.8859197497367859
2508 0.5327510237693787 -0.2943410277366638 -0.8860014677047729
2509 0.5386404395103455 -0.2943409979343414 -0.8860580921173096
2510 0.5444427728652954 -0.2943410277366638 -0.886089026927948
2511 0.5501440763473511 -0.2943410575389862 -0.8860937356948853
2512 0.5557305812835693 -0.2943410873413086 -0.8860722780227661
2513 0.5611888766288757 -0.2943411469459534 -0.8860251903533936
2514 0.5665057897567749 -0.2943410277366638 -0.8859530091285706
2515 0.5716684460639954 -0.2943409085273743 -0.8858572244644165
2516 0.5766645669937134 -0.2943407893180847 -0.885739803314209
2517 0.58148193359375 -0.2943406701087952 -0.8856026530265808
2518 0.5861090421676636 -0.2943405508995056 -0.885448157787323
2519 0.5905347466468811 -0.2943402528762817 -0.8852784037590027
2520 0.5947483777999878 -0.2943398654460907 -0.885096549987793
2521 0.5987398028373718 -0.2943395376205444 -0.8849059343338013
2522 0.6024993062019348 -0.2943392097949982 -0.8847096562385559
2523 0.6060179471969604 -0.2943389117717743 -0.8845109939575195
2524 0.6092872023582458 -0.2943386137485504 -0.8843132853507996
2525 0.6122991442680359 -0.2943383455276489 -0.8841196894645691
2526 0.6150466203689575 -0.294336348772049 -0.8839280009269714
2527 0.6175229549407959 -0.2943333685398102 -0.8837434649467468
2528 0.6197221875190735 -0.2943306863307953 -0.8835731148719788
2529 0.62163907289505 -0.294328361749649 -0.8834196925163269
2530 0.6232688426971436 -0.2943263947963715 -0.8832855224609375
2531 0.6246077418327332 -0.2943247556686401 -0.8831728100776672
2532 0.6256524324417114 -0.2943234741687775 -0.8830832839012146
2533 0.6264004707336426 -0.2943225800991058 -0.8830182552337646
2534 0.6268500089645386 -0.2943220436573029 -0.8829788565635681
2535 0.6269999742507935 -0.2943218648433685 -0.8829656839370728
2536 0.3781499862670898 -0.2917958498001099 -0.8741026520729065
2537 0.3779999911785126 -0.291792631149292 -0.8740933537483215
2538 0.3785994946956635 -0.2918055057525635 -0.8741305470466614
2539 0.3793475329875946 -0.2918215692043304 -0.8741773962974548
2540 0.3803922533988953 -0.291843980550766 -0.8742436766624451
2541 0.3817311227321625 -0.2918760776519775 -0.8743399381637573
2542 0.3833609223365784 -0.2919182479381561 -0.8744684457778931
2543 0.3852777779102325 -0.2919676899909973 -0.8746225833892822
2544 0.3874770104885101 -0.2920242249965668 -0.8748031854629517
2545 0.3899533450603485 -0.2920876443386078 -0.8750112056732178
2546 0.3927008211612701 -0.2921577095985413 -0.8752475380897522
2547 0.3957127928733826 -0.2922341525554657 -0.8755130767822266
2548 0.398982048034668 -0.2923167049884796 -0.8758084177970886
2549 0.4025006592273712 -0.2924081087112427 -0.8761430382728577
2550 0.406260222196579 -0.2925065159797668 -0.8765127062797546
2551 0.4102515876293182 -0.2926008701324463 -0.8768859505653381
2552 0.4144652187824249 -0.2926011681556702 -0.8769977688789368
2553 0.4188909232616425 -0.292601466178894 -0.877125084400177
2554 0.423518031835556 -0.2926017642021179 -0.8772677779197693
2555 0.4283354580402374 -0.2926020920276642 -0.8774255514144897
2556 0.4333315193653107 -0.2926024198532104 -0.8775975704193115
2557 0.4384942352771759 -0.2926027178764343 -0.8777827024459839
2558 0.4438110888004303 -0.2926028966903687 -0.8779792785644531
2559 0.4492693841457367 -0.292603075504303 -0.8781859278678894
2560 0.454855889081955 -0.2926033437252045 -0.8784008622169495
2561 0.4605571925640106 -0.2926036417484283 -0.8786216378211975
2562 0.4663595855236053 -0.2926037907600403 -0.87884521484375
2563 0.4722490012645721 -0.2926038503646851 -0.8790691494941711
2564 0.4782112538814545 -0.2926039397716522 -0.8792908787727356
2565 0.4842320382595062 -0.2926040291786194 -0.8795074820518494
2566 0.490296870470047 -0.2926040589809418 -0.8797159790992737
2567 0.496391087770462 -0.2926040291786194 -0.8799134492874146
2568 0.5024999976158142 -0.292603999376297 -0.8800972700119019
2569 0.508608877658844 -0.2926039695739746 -0.880264937877655
2570 0.514703094959259 -0.2926039397716522 -0.8804140090942383
2571 0.5207679271697998 -0.2926038801670074 -0.8805423378944397
2572 0.5267887115478516 -0.2926038205623627 -0.8806480765342712
2573 0.5327510237693787 -0.2926037907600403 -0.8807298541069031
2574 0.5386404395103455 -0.2926037609577179 -0.8807864785194397
2575 0.5444427728652954 -0.2926037907600403 -0.8808174133300781
2576 0.5501440763473511 -0.2926038205623627 -0.8808221220970154
2577 0.5557305812835693 -0.2926038503646851 -0.8808006644248962
2578 0.5611888766288757 -0.2926039099693298 -0.8807535767555237
2579 0.5665057897567749 -0.2926038205623627 -0.8806813955307007
2580 0.5716684460639954 -0.2926036715507507 -0.8805856704711914
2581 0.5766645669937134 -0.2926035523414612 -0.8804682493209839
2582 0.58148193359375 -0.2926034331321716 -0.8803311586380005
2583 0.5861090421676636 -0.2926033139228821 -0.8801766633987427
2584 0.5905347466468811 -0.2926029860973358 -0.8800069689750671
2585 0.5947483777999878 -0.2926025986671448 -0.8798251152038574
2586 0.5987398028373718 -0.2926022410392761 -0.8796344995498657
2587 0.6024993062019348 -0.2926019132137299 -0.8794382214546204
2588 0.6060179471969604 -0.2926015853881836 -0.8792396187782288
2589 0.6092872023582458 -0.2926013171672821 -0.8790419101715088
2590 0.6122991442680359 -0.2926010191440582 -0.8788483738899231
2591 0.6150466203689575 -0.2925998866558075 -0.8786595463752747
2592 0.6175229549407959 -0.2925982475280762 -0.878479540348053
2593 0.6197221875190735 -0.2925967872142792 -0.8783133029937744
2594 0.62163907289505 -0.2925955355167389 -0.8781633973121643
2595 0.6232688426971436 -0.2925944328308105 -0.8780322670936584
2596 0.6246077418327332 -0.2925935685634613 -0.877921998500824
2597 0.6256524324417114 -0.292592853307724 -0.8778343796730042
2598 0.6264004707336426 -0.2925923764705658 -0.8777707815170288
2599 0.6268500089645386 -0.2925920784473419 -0.8777321577072144
2600 0.6269999742507935 -0.2925919592380524 -0.8777192831039429
2601 0.3781499862670898 -0.2896954715251923 -0.8682653307914734
2602 0.3779999911785126 -0.2896917760372162 -0.8682553768157959
2603 0.3785994946956635 -0.2897065579891205 -0.8682953715324402
2604 0.3793475329875946 -0.2897249758243561 -0.8683457374572754
2605 0.3803922533988953 -0.2897506356239319 -0.8684169054031372
2606 0.3817311227321625 -0.2897872030735016 -0.8685196042060852
2607 0.3833609223365784 -0.2898350656032562 -0.8686561584472656
2608 0.3852777779102325 -0.2898911833763123 -0.8688195943832397
2609 0.3874770104885101 -0.2899553179740906 -0.8690109252929688
2610 0.3899533450603485 -0.2900272905826569 -0.8692309856414795
2611 0.3927008211612701 -0.2901068031787872 -0.8694806694984436
2612 0.3957127928733826 -0.2901935279369354 -0.8697607517242432
2613 0.398982048034668 -0.2902871668338776 -0.8700718283653259
2614 0.4025006592273712 -0.2903874218463898 -0.8704144358634949
2615 0.406260222196579 -0.2904938757419586 -0.8707887530326843
2616 0.4102515876293182 -0.2905959486961365 -0.871166467666626
2617 0.4144652187824249 -0.2905962765216827 -0.8712783455848694
2618 0.4188909232616425 -0.2905966341495514 -0.8714057207107544
2619 0.423518031835556 -0.29059699177742 -0.8715484738349915
2620 0.4283354580402374 -0.2905973494052887 -0.8717063069343567
2621 0.4333315193653107 -0.2905977368354797 -0.871878445148468
2622 0.4384942352771759 -0.290598064661026 -0.8720636367797852
2623 0.4438110888004303 -0.2905982732772827 -0.8722602725028992
2624 0.4492693841457367 -0.2905985116958618 -0.8724669814109802
2625 0.454855889081955 -0.2905987203121185 -0.872681736946106
2626 0.4605571925640106 -0.2905989587306976 -0.8729022741317749
2627 0.4663595855236053 -0.2905990779399872 -0.8731257319450378
2628 0.4722490012645721 -0.290599137544632 -0.873349666595459
2629 0.4782112538814545 -0.2905991971492767 -0.8735713958740234
2630 0.4842320382595062 -0.2905992865562439 -0.8737879395484924
2631 0.490296870470047 -0.2905993163585663 -0.873996376991272
2632 0.496391087770462 -0.2905992567539215 -0.8741938471794128
2633 0.5024999976158142 -0.2905992269515991 -0.8743776679039001
2634 0.508608877658844 -0.2905991971492767 -0.8745452761650085
2635 0.514703094959259 -0.290599137544632 -0.8746943473815918
2636 0.5207679271697998 -0.2905991077423096 -0.8748226761817932
2637 0.5267887115478516 -0.2905990481376648 -0.8749284744262695
2638 0.5327510237693787 -0.29059898853302 -0.8750101923942566
2639 0.5386404395103455 -0.2905989587306976 -0.8750668168067932
2640 0.5444427728652954 -0.2905990183353424 -0.8750978112220764
2641 0.5501440763473511 -0.2905990481376648 -0.8751025199890137
2642 0.5557305812835693 -0.2905991077423096 -0.8750810623168945
2643 0.5611888766288757 -0.290599137544632 -0.875033974647522
2644 0.5665057897567749 -0.2905990481376648 -0.874961793422699
2645 0.5716684460639954 -0.2905988991260529 -0.8748661279678345
2646 0.5766645669937134 -0.2905987799167633 -0.874748706817627
2647 0.58148193359375 -0.2905986607074738 -0.8746116161346436
2648 0.5861090421676636 -0.2905985414981842 -0.8744571805000305
2649 0.5905347466468811 -0.2905982136726379 -0.8742874264717102
2650 0.5947483777999878 -0.2905978262424469 -0.8741056323051453
2651 0.5987398028373718 -0.2905974388122559 -0.8739150166511536
2652 0.6024993062019348 -0.2905970811843872 -0.873718798160553
2653 0.6060179471969604 -0.2905967533588409 -0.8735202550888062
2654 0.6092872023582458 -0.2905964553356171 -0.8733225464820862
2655 0.6122991442680359 -0.2905961871147156 -0.8731290102005005
2656 0.6150466203689575 -0.2905959486961365 -0.8729429244995117
2657 0.6175229549407959 -0.2905957698822021 -0.8727672100067139
2658 0.6197221875190735 -0.2905955910682678 -0.8726047873497009
2659 0.62163907289505 -0.2905954420566559 -0.8724582195281982
2660 0.6232688426971436 -0.2905953228473663 -0.8723298907279968
2661 0.6246077418327332 -0.2905952036380768 -0.8722219467163086
2662 0.6256524324417114 -0.2905951142311096 -0.8721361756324768
2663 0.6264004707336426 -0.2905950546264648 -0.8720738291740417
2664 0.6268500089645386 -0.2905950248241425 -0.8720360398292542
2665 0.6269999742507935 -0.2905950248241425 -0.8720234036445618
2666 0.3781499862670898 -0.2872682213783264 -0.8619397878646851
2667 0.3779999911785126 -0.2872640192508698 -0.8619292378425598
2668 0.3785994946956635 -0.2872807681560516 -0.8619716167449951
2669 0.3793475329875946 -0.2873015999794006 -0.8620249629020691
2670 0.3803922533988953 -0.287330687046051 -0.86210036277771
2671 0.3817311227321625 -0.2873718738555908 -0.8622085452079773
2672 0.3833609223365784 -0.2874256074428558 -0.8623517155647278
2673 0.3852777779102325 -0.2874886393547058 -0.862523078918457
2674 0.3874770104885101 -0.2875607013702393 -0.8627234101295471
2675 0.3899533450603485 -0.2876414954662323 -0.8629536032676697
2676 0.3927008211612701 -0.2877307832241058 -0.8632145524024963
2677 0.3957127928733826 -0.2878281772136688 -0.8635069131851196
2678 0.398982048034668 -0.2879333794116974 -0.8638313412666321
2679 0.4025006592273712 -0.2880426943302155 -0.8641799092292786
2680 0.406260222196579 -0.2881574332714081 -0.8645569682121277
2681 0.4102515876293182 -0.2882674932479858 -0.8649373650550842
2682 0.4144652187824249 -0.2882678508758545 -0.8650493025779724
2683 0.4188909232616425 -0.2882682383060455 -0.8651767373085022
2684 0.423518031835556 -0.288268655538559 -0.865319550037384
2685 0.4283354580402374 -0.2882690727710724 -0.865477442741394
2686 0.4333315193653107 -0.2882694900035858 -0.8656496405601501
2687 0.4384942352771759 -0.2882698774337769 -0.8658348917961121
2688 0.4438110888004303 -0.288270115852356 -0.8660315871238708
2689 0.4492693841457367 -0.2882703840732574 -0.8662383556365967
2690 0.454855889081955 -0.2882705628871918 -0.8664529323577881
2691 0.4605571925640106 -0.2882707118988037 -0.8666732907295227
2692 0.4663595855236053 -0.2882708013057709 -0.8668966889381409
2693 0.4722490012645721 -0.2882708609104156 -0.8671205639839172
2694 0.4782112538814545 -0.2882709205150604 -0.8673422336578369
2695 0.4842320382595062 -0.2882710099220276 -0.8675587773323059
2696 0.490296870470047 -0.2882710099220276 -0.8677672147750854
2697 0.496391087770462 -0.2882709503173828 -0.8679646253585815
2698 0.5024999976158142 -0.2882709205150604 -0.8681483864784241
2699 0.508608877658844 -0.2882708609104156 -0.8683159947395325
2700 0.514703094959259 -0.2882708013057709 -0.8684650659561157
2701 0.5207679271697998 -0.2882707715034485 -0.8685933947563171
2702 0.5267887115478516 -0.2882707118988037 -0.8686991930007935
2703 0.5327510237693787 -0.2882706522941589 -0.8687809109687805
2704 0.5386404395103455 -0.2882706224918365 -0.8688375949859619
2705 0.5444427728652954 -0.2882706820964813 -0.8688685297966003
2706 0.5501440763473511 -0.2882707417011261 -0.8688732385635376
2707 0.5557305812835693 -0.2882707715034485 -0.8688518404960632
2708 0.5611888766288757 -0.2882708311080933 -0.8688047528266907
2709 0.5665057897567749 -0.2882707118988037 -0.8687325716018677
2710 0.5716684460639954 -0.2882705926895142 -0.8686369061470032
2711 0.5766645669937134 -0.2882704436779022 -0.8685194849967957
2712 0.58148193359375 -0.2882703244686127 -0.868382453918457
2713 0.5861090421676636 -0.2882702052593231 -0.868228018283844
2714 0.5905347466468811 -0.2882698774337769 -0.8680583238601685
2715 0.5947483777999878 -0.2882694602012634 -0.8678765296936035
2716 0.5987398028373718 -0.2882690727710724 -0.8676859736442566
2717 0.6024993062019348 -0.2882687151432037 -0.8674898147583008
2718 0.6060179471969604 -0.2882683873176575 -0.867291271686554
2719 0.6092872023582458 -0.2882680594921112 -0.867093563079834
2720 0.6122991442680359 -0.2882677614688873 -0.8669000864028931
2721 0.6150466203689575 -0.288268506526947 -0.8667165637016296
2722 0.6175229549407959 -0.2882698476314545 -0.866544783115387
2723 0.6197221875190735 -0.28827103972435 -0.8663858771324158
2724 0.62163907289505 -0.2882720530033112 -0.8662424087524414
2725 0.6232688426971436 -0.2882729172706604 -0.8661167025566101
2726 0.6246077418327332 -0.2882736623287201 -0.8660109639167786
2727 0.6256524324417114 -0.2882741987705231 -0.8659268021583557
2728 0.6264004707336426 -0.2882746160030365 -0.8658657073974609
2729 0.6268500089645386 -0.2882748544216156 -0.8658286333084106
2730 0.6269999742507935 -0.2882749438285828 -0.8658161759376526
2731 0.3781499862670898 -0.2844524383544922 -0.8550772666931152
2732 0.3779999911785126 -0.2844477593898773 -0.855066180229187
2733 0.3785994946956635 -0.2844665050506592 -0.8551105260848999
2734 0.3793475329875946 -0.2844898402690887 -0.8551663160324097
2735 0.3803922533988953 -0.2845224142074585 -0.8552451133728027
2736 0.3817311227321625 -0.2845683991909027 -0.8553576469421387
2737 0.3833609223365784 -0.2846281826496124 -0.8555061817169189
2738 0.3852777779102325 -0.2846983075141907 -0.8556838035583496
2739 0.3874770104885101 -0.284778505563736 -0.8558913469314575
2740 0.3899533450603485 -0.284868448972702 -0.8561296463012695
2741 0.3927008211612701 -0.2849677801132202 -0.8563995361328125
2742 0.3957127928733826 -0.2850761711597443 -0.856701672077179
2743 0.398982048034668 -0.2851932346820831 -0.8570366501808167
2744 0.4025006592273712 -0.2853119075298309 -0.8573890924453735
2745 0.406260222196579 -0.2854351103305817 -0.8577669858932495
2746 0.4102515876293182 -0.2855533063411713 -0.8581481575965881
2747 0.4144652187824249 -0.2855537235736847 -0.8582601547241211
2748 0.4188909232616425 -0.2855541408061981 -0.8583875894546509
2749 0.423518031835556 -0.2855545878410339 -0.8585305213928223
2750 0.4283354580402374 -0.2855550646781921 -0.8586884140968323
2751 0.4333315193653107 -0.2855555713176727 -0.8588606715202332
2752 0.4384942352771759 -0.2855559885501862 -0.8590459823608398
2753 0.4438110888004303 -0.28555628657341 -0.8592427372932434
2754 0.4492693841457367 -0.2855565845966339 -0.859449565410614
2755 0.454855889081955 -0.2855566740036011 -0.8596639633178711
2756 0.4605571925640106 -0.2855567634105682 -0.8598840832710266
2757 0.4663595855236053 -0.285556823015213 -0.860107421875
2758 0.4722490012645721 -0.2855568826198578 -0.8603312969207764
2759 0.4782112538814545 -0.2855569422245026 -0.8605529069900513
2760 0.4842320382595062 -0.2855570018291473 -0.8607694506645203
2761 0.490296870470047 -0.2855570018291473 -0.860977828502655
2762 0.496391087770462 -0.2855569422245026 -0.8611751794815063
2763 0.5024999976158142 -0.2855568826198578 -0.8613590002059937
2764 0.508608877658844 -0.285556823015213 -0.8615265488624573
2765 0.514703094959259 -0.2855567634105682 -0.8616755604743958
2766 0.5207679271697998 -0.2855567038059235 -0.8618039488792419
2767 0.5267887115478516 -0.2855566740036011 -0.8619097471237183
2768 0.5327510237693787 -0.2855566143989563 -0.8619915246963501
2769 0.5386404395103455 -0.2855565845966339 -0.8620481491088867
2770 0.5444427728652954 -0.2855566442012787 -0.8620790839195251
2771 0.5501440763473511 -0.2855567038059235 -0.8620838522911072
2772 0.5557305812835693 -0.2855567336082458 -0.862062394618988
2773 0.5611888766288757 -0.2855567932128906 -0.8620153665542603
2774 0.5665057897567749 -0.2855567038059235 -0.8619431853294373
2775 0.5716684460639954 -0.2855565547943115 -0.8618475198745728
2776 0.5766645669937134 -0.285556435585022 -0.86173015832901
2777 0.58148193359375 -0.28555628657341 -0.8615930676460266
2778 0.5861090421676636 -0.2855561673641205 -0.8614386916160583
2779 0.5905347466468811 -0.2855558395385742 -0.8612690567970276
2780 0.5947483777999878 -0.2855554223060608 -0.8610873222351074
2781 0.5987398028373718 -0.2855550050735474 -0.8608967661857605
2782 0.6024993062019348 -0.2855546474456787 -0.8607006072998047
2783 0.6060179471969604 -0.2855542898178101 -0.8605020642280579
2784 0.6092872023582458 -0.2855539619922638 -0.8603044748306274
2785 0.6122991442680359 -0.2855536639690399 -0.8601109981536865
2786 0.6150466203689575 -0.2855554223060608 -0.8599297404289246
2787 0.6175229549407959 -0.2855583429336548 -0.859761655330658
2788 0.6197221875190735 -0.2855609357357025 -0.8596059679985046
2789 0.62163907289505 -0.285563200712204 -0.8594652414321899
2790 0.6232688426971436 -0.2855651378631592 -0.8593419790267944
2791 0.6246077418327332 -0.2855667173862457 -0.8592381477355957
2792 0.6256524324417114 -0.2855679392814636 -0.8591555953025818
2793 0.6264004707336426 -0.2855688333511353 -0.859095573425293
2794 0.6268500089645386 -0.2855693697929382 -0.8590591549873352
2795 0.6269999742507935 -0.2855695188045502 -0.8590469360351562
2796 0.3781499862670898 -0.2811806201934814 -0.8476413488388062
2797 0.3779999911785126 -0.2811754047870636 -0.8476299047470093
2798 0.3785994946956635 -0.2811962068080902 -0.8476757407188416
2799 0.3793475329875946 -0.2812221348285675 -0.8477333784103394
2800 0.3803922533988953 -0.2812582552433014 -0.847814679145813
2801 0.3817311227321625 -0.2813090980052948 -0.8479304313659668
2802 0.3833609223365784 -0.2813750803470612 -0.8480829000473022
2803 0.3852777779102325 -0.2814524471759796 -0.8482650518417358
2804 0.3874770104885101 -0.2815409302711487 -0.8484777808189392
2805 0.3899533450603485 -0.2816401720046997 -0.848721981048584
2806 0.3927008211612701 -0.281749814748764 -0.8489983081817627
2807 0.3957127928733826 -0.2818694412708282 -0.8493075966835022
2808 0.398982048034668 -0.2819986045360565 -0.8496502637863159
2809 0.4025006592273712 -0.282126784324646 -0.850004255771637
2810 0.406260222196579 -0.2822585701942444 -0.8503808379173279
2811 0.4102515876293182 -0.2823850214481354 -0.8507608771324158
2812 0.4144652187824249 -0.2823854684829712 -0.8508728742599487
2813 0.4188909232616425 -0.2823859751224518 -0.8510003685951233
2814 0.423518031835556 -0.28238645195961 -0.8511433005332947
2815 0.4283354580402374 -0.282386988401413 -0.8513012528419495
2816 0.4333315193653107 -0.2823875248432159 -0.8514735102653503
2817 0.4384942352771759 -0.2823880016803741 -0.8516588807106018
2818 0.4438110888004303 -0.2823883295059204 -0.8518556952476501
2819 0.4492693841457367 -0.2823886871337891 -0.8520625233650208
2820 0.454855889081955 -0.2823887169361115 -0.8522768020629883
2821 0.4605571925640106 -0.2823887169361115 -0.8524967432022095
2822 0.4663595855236053 -0.2823887765407562 -0.8527199625968933
2823 0.4722490012645721 -0.2823888063430786 -0.8529438376426697
2824 0.4782112538814545 -0.2823888659477234 -0.8531654477119446
2825 0.4842320382595062 -0.2823889255523682 -0.8533819317817688
2826 0.490296870470047 -0.2823889255523682 -0.8535903096199036
2827 0.496391087770462 -0.282388836145401 -0.8537876605987549
2828 0.5024999976158142 -0.2823887467384338 -0.8539714217185974
2829 0.508608877658844 -0.2823886871337891 -0.854138970375061
2830 0.514703094959259 -0.2823886275291443 -0.8542879819869995
2831 0.5207679271697998 -0.2823885679244995 -0.8544163107872009
2832 0.5267887115478516 -0.2823885083198547 -0.854522168636322
2833 0.5327510237693787 -0.2823884785175323 -0.8546039462089539
2834 0.5386404395103455 -0.28238844871521 -0.8546605706214905
2835 0.5444427728652954 -0.2823885083198547 -0.8546915650367737
2836 0.5501440763473511 -0.2823885679244995 -0.8546962738037109
2837 0.5557305812835693 -0.2823885977268219 -0.8546748161315918
2838 0.5611888766288757 -0.2823886573314667 -0.854627788066864
2839 0.5665057897567749 -0.2823885679244995 -0.8545556664466858
2840 0.5716684460639954 -0.2823884189128876 -0.8544600009918213
2841 0.5766645669937134 -0.282388299703598 -0.8543426394462585
2842 0.58148193359375 -0.2823881804943085 -0.8542056083679199
2843 0.5861090421676636 -0.2823880314826965 -0.8540512323379517
2844 0.5905347466468811 -0.2823877036571503 -0.8538815975189209
2845 0.5947483777999878 -0.2823872566223145 -0.8536999225616455
2846 0.5987398028373718 -0.282386839389801 -0.8535094261169434
2847 0.6024993062019348 -0.28238645195961 -0.8533133268356323
2848 0.6060179471969604 -0.2823860943317413 -0.8531147837638855
2849 0.6092872023582458 -0.2823857665061951 -0.8529171943664551
2850 0.6122991442680359 -0.2823854386806488 -0.8527237772941589
2851 0.6150466203689575 -0.2823882400989532 -0.8525446057319641
2852 0.6175229549407959 -0.282392829656601 -0.8523797392845154
2853 0.6197221875190735 -0.2823969125747681 -0.8522269129753113
2854 0.62163907289505 -0.2824004590511322 -0.8520887494087219
2855 0.6232688426971436 -0.2824034690856934 -0.8519675731658936
2856 0.6246077418327332 -0.2824059426784515 -0.8518655300140381
2857 0.6256524324417114 -0.2824078798294067 -0.8517842888832092
2858 0.6264004707336426 -0.2824092507362366 -0.8517252802848816
2859 0.6268500089645386 -0.2824100852012634 -0.8516894578933716
2860 0.6269999742507935 -0.2824103534221649 -0.851677417755127
2861 0.3781499862670898 -0.2773794531822205 -0.839609682559967
2862 0.3779999911785126 -0.277373731136322 -0.8395980000495911
2863 0.3785994946956635 -0.2773966193199158 -0.8396447896957397
2864 0.3793475329875946 -0.2774251103401184 -0.8397035598754883
2865 0.3803922533988953 -0.2774648666381836 -0.8397865891456604
2866 0.3817311227321625 -0.2775205969810486 -0.8399043083190918
2867 0.3833609223365784 -0.277592808008194 -0.8400590419769287
2868 0.3852777779102325 -0.2776775062084198 -0.840243935585022
2869 0.3874770104885101 -0.2777743637561798 -0.8404598236083984
2870 0.3899533450603485 -0.277882993221283 -0.8407074809074402
2871 0.3927008211612701 -0.2780030071735382 -0.8409877419471741
2872 0.3957127928733826 -0.2781339585781097 -0.8413012623786926
2873 0.398982048034668 -0.2782754004001617 -0.8416486382484436
2874 0.4025006592273712 -0.2784130871295929 -0.8420016765594482
2875 0.406260222196579 -0.2785534858703613 -0.842374861240387
2876 0.4102515876293182 -0.2786881923675537 -0.8427515625953674
2877 0.4144652187824249 -0.2786886990070343 -0.8428636193275452
2878 0.4188909232616425 -0.2786892056465149 -0.8429911136627197
2879 0.423518031835556 -0.2786897718906403 -0.8431341052055359
2880 0.4283354580402374 -0.2786903381347656 -0.8432920575141907
2881 0.4333315193653107 -0.2786909341812134 -0.8434643745422363
2882 0.4384942352771759 -0.2786914706230164 -0.8436497449874878
2883 0.4438110888004303 -0.2786918580532074 -0.8438465595245361
2884 0.4492693841457367 -0.278692215681076 -0.8440535068511963
2885 0.454855889081955 -0.2786921858787537 -0.8442676067352295
2886 0.4605571925640106 -0.2786921262741089 -0.8444873690605164
2887 0.4663595855236053 -0.2786921262741089 -0.8447105288505554
2888 0.4722490012645721 -0.2786921858787537 -0.844934344291687
2889 0.4782112538814545 -0.2786922454833984 -0.8451559543609619
2890 0.4842320382595062 -0.2786922752857208 -0.8453724384307861
2891 0.490296870470047 -0.2786922752857208 -0.8455807566642761
2892 0.496391087770462 -0.2786921858787537 -0.8457781076431274
2893 0.5024999976158142 -0.2786920666694641 -0.84596186876297
2894 0.508608877658844 -0.2786919772624969 -0.8461294174194336
2895 0.514703094959259 -0.2786919176578522 -0.8462784290313721
2896 0.5207679271697998 -0.2786918580532074 -0.8464067578315735
2897 0.5267887115478516 -0.278691828250885 -0.8465126156806946
2898 0.5327510237693787 -0.2786917686462402 -0.8465943932533264
2899 0.5386404395103455 -0.2786917388439178 -0.846651017665863
2900 0.5444427728652954 -0.2786917984485626 -0.8466820120811462
2901 0.5501440763473511 -0.2786918580532074 -0.8466867208480835
2902 0.5557305812835693 -0.2786919176578522 -0.8466653227806091
2903 0.5611888766288757 -0.2786919772624969 -0.8466182351112366
2904 0.5665057897567749 -0.2786918878555298 -0.8465461134910583
2905 0.5716684460639954 -0.2786917388439178 -0.8464505076408386
2906 0.5766645669937134 -0.2786916196346283 -0.8463332056999207
2907 0.58148193359375 -0.2786914706230164 -0.846196174621582
2908 0.5861090421676636 -0.2786913514137268 -0.8460417985916138
2909 0.5905347466468811 -0.2786909937858582 -0.845872163772583
2910 0.5947483777999878 -0.2786905467510223 -0.8456905484199524
2911 0.5987398028373718 -0.2786901295185089 -0.845500111579895
2912 0.6024993062019348 -0.2786897420883179 -0.845304012298584
2913 0.6060179471969604 -0.2786893546581268 -0.8451055884361267
2914 0.6092872023582458 -0.2786889970302582 -0.8449079990386963
2915 0.6122991442680359 -0.2786886990070343 -0.8447145819664001
2916 0.6150466203689575 -0.2786925733089447 -0.8445371985435486
2917 0.6175229549407959 -0.2786988615989685 -0.8443751335144043
2918 0.6197221875190735 -0.278704434633255 -0.8442248106002808
2919 0.62163907289505 -0.2787092924118042 -0.8440888524055481
2920 0.6232688426971436 -0.2787134349346161 -0.8439695239067078
2921 0.6246077418327332 -0.2787168323993683 -0.8438690304756165
2922 0.6256524324417114 -0.2787194848060608 -0.8437889814376831
2923 0.6264004707336426 -0.2787213921546936 -0.8437307476997375
2924 0.6268500089645386 -0.2787225246429443 -0.8436954617500305
2925 0.6269999742507935 -0.2787229120731354 -0.8436836004257202
2926 0.3781499862670898 -0.2729705572128296 -0.8309751152992249
2927 0.3779999911785126 -0.2729643285274506 -0.8309633731842041
2928 0.3785994946956635 -0.2729892432689667 -0.8310105204582214
2929 0.3793475329875946 -0.273020327091217 -0.8310698866844177
2930 0.3803922533988953 -0.2730636596679688 -0.8311535716056824
2931 0.3817311227321625 -0.2731242775917053 -0.8312720656394958
2932 0.3833609223365784 -0.2732026875019073 -0.8314275145530701
2933 0.3852777779102325 -0.2732946276664734 -0.8316131830215454
2934 0.3874770104885101 -0.2733998000621796 -0.8318300247192383
2935 0.3899533450603485 -0.2735177874565125 -0.832078754901886
2936 0.3927008211612701 -0.2736481130123138 -0.8323601484298706
2937 0.3957127928733826 -0.2737903594970703 -0.8326749801635742
2938 0.398982048034668 -0.2739439606666565 -0.833023726940155
2939 0.4025006592273712 -0.2740910947322845 -0.833373486995697
2940 0.406260222196579 -0.2742399275302887 -0.8337410092353821
2941 0.4102515876293182 -0.2743827700614929 -0.834112286567688
2942 0.4144652187824249 -0.2743833363056183 -0.8342242836952209
2943 0.4188909232616425 -0.2743839025497437 -0.8343518376350403
2944 0.423518031835556 -0.2743844985961914 -0.8344947695732117
2945 0.4283354580402374 -0.2743851244449615 -0.8346527814865112
2946 0.4333315193653107 -0.2743857800960541 -0.8348250985145569
2947 0.4384942352771759 -0.2743863761425018 -0.8350104689598083
2948 0.4438110888004303 -0.2743867635726929 -0.8352073431015015
2949 0.4492693841457367 -0.2743872106075287 -0.8354142904281616
2950 0.454855889081955 -0.2743870913982391 -0.8356282114982605
2951 0.4605571925640106 -0.2743869423866272 -0.8358478546142578
2952 0.4663595855236053 -0.2743869423866272 -0.8360710144042969
2953 0.4722490012645721 -0.2743869721889496 -0.8362947702407837
2954 0.4782112538814545 -0.274387001991272 -0.8365163803100586
2955 0.4842320382595062 -0.2743870615959167 -0.836732804775238
2956 0.490296870470047 -0.2743870317935944 -0.836941123008728
2957 0.496391087770462 -0.2743869125843048 -0.8371384739875793
2958 0.5024999976158142 -0.2743868231773376 -0.8373221755027771
2959 0.508608877658844 -0.2743867039680481 -0.8374897241592407
2960 0.514703094959259 -0.2743866145610809 -0.8376387357711792
2961 0.5207679271697998 -0.2743865847587585 -0.8377671241760254
2962 0.5267887115478516 -0.2743865251541138 -0.8378729224205017
2963 0.5327510237693787 -0.274386465549469 -0.8379546999931335
2964 0.5386404395103455 -0.274386465549469 -0.8380113840103149
2965 0.5444427728652954 -0.2743865251541138 -0.8380423784255981
2966 0.5501440763473511 -0.2743865847587585 -0.8380470871925354
2967 0.5557305812835693 -0.2743866443634033 -0.838025689125061
2968 0.5611888766288757 -0.2743867337703705 -0.8379786014556885
2969 0.5665057897567749 -0.2743866145610809 -0.837906539440155
2970 0.5716684460639954 -0.2743864953517914 -0.8378109335899353
2971 0.5766645669937134 -0.2743863463401794 -0.8376935720443726
2972 0.58148193359375 -0.2743862271308899 -0.8375566005706787
2973 0.5861090421676636 -0.274386078119278 -0.8374022245407104
2974 0.5905347466468811 -0.2743857204914093 -0.8372327089309692
2975 0.5947483777999878 -0.2743852734565735 -0.8370510935783386
2976 0.5987398028373718 -0.2743848264217377 -0.8368606567382812
2977 0.6024993062019348 -0.2743844091892242 -0.836664617061615
2978 0.6060179471969604 -0.2743840217590332 -0.8364662528038025
2979 0.6092872023582458 -0.2743836939334869 -0.8362687230110168
2980 0.6122991442680359 -0.2743833661079407 -0.8360753059387207
2981 0.6150466203689575 -0.274388313293457 -0.8358994126319885
2982 0.6175229549407959 -0.2743963301181793 -0.8357397317886353
2983 0.6197221875190735 -0.27440345287323 -0.8355914950370789
2984 0.62163907289505 -0.274409681558609 -0.8354573845863342
2985 0.6232688426971436 -0.2744149565696716 -0.8353396058082581
2986 0.6246077418327332 -0.2744192779064178 -0.835240364074707
2987 0.6256524324417114 -0.27442267537117 -0.8351612687110901
2988 0.6264004707336426 -0.2744250893592834 -0.8351038098335266
2989 0.6268500089645386 -0.2744265496730804 -0.835068941116333
2990 0.6269999742507935 -0.2744270265102386 -0.835057258605957
2991 0.3781499862670898 -0.267871230840683 -0.8217474818229675
2992 0.3779999911785126 -0.2678644955158234 -0.8217357397079468
2993 0.3785994946956635 -0.2678914368152618 -0.8217827677726746
2994 0.3793475329875946 -0.2679250240325928 -0.8218419551849365
2995 0.3803922533988953 -0.2679718434810638 -0.8219254016876221
2996 0.3817311227321625 -0.2680371999740601 -0.8220432996749878
2997 0.3833609223365784 -0.2681216299533844 -0.8221977353096008
2998 0.3852777779102325 -0.2682206928730011 -0.8223823308944702
2999 0.3874770104885101 -0.2683339416980743 -0.8225978016853333
3000 0.3899533450603485 -0.2684610188007355 -0.8228451013565063
3001 0.3927008211612701 -0.2686014473438263 -0.8231249451637268
3002 0.3957127928733826 -0.2687546908855438 -0.8234379887580872
3003 0.398982048034668 -0.2689202129840851 -0.8237848877906799
3004 0.4025006592273712 -0.2690764367580414 -0.8241287469863892
3005 0.406260222196579 -0.2692334055900574 -0.8244882822036743
3006 0.4102515876293182 -0.2693840861320496 -0.824851930141449
3007 0.4144652187824249 -0.2693846821784973 -0.8249639272689819
3008 0.4188909232616425 -0.2693853080272675 -0.8250914812088013
3009 0.423518031835556 -0.26938596367836 -0.8252344131469727
3010 0.4283354580402374 -0.2693866193294525 -0.8253924250602722
3011 0.4333315193653107 -0.2693873345851898 -0.8255647420883179
3012 0.4384942352771759 -0.26938796043396 -0.8257501125335693
3013 0.4438110888004303 -0.2693884074687958 -0.8259469866752625
3014 0.4492693841457367 -0.269388884305954 -0.8261539340019226
3015 0.454855889081955 -0.2693887054920197 -0.8263677954673767
3016 0.4605571925640106 -0.2693884968757629 -0.8265873193740845
3017 0.4663595855236053 -0.2693884372711182 -0.826810359954834
3018 0.4722490012645721 -0.2693884670734406 -0.8270341157913208
3019 0.4782112538814545 -0.2693884968757629 -0.8272556662559509
3020 0.4842320382595062 -0.2693885266780853 -0.8274721503257751
3021 0.490296870470047 -0.2693884968757629 -0.8276804685592651
3022 0.496391087770462 -0.2693883776664734 -0.8278777599334717
3023 0.5024999976158142 -0.2693882584571838 -0.8280614614486694
3024 0.508608877658844 -0.2693881392478943 -0.8282290101051331
3025 0.514703094959259 -0.2693880498409271 -0.8283780217170715
3026 0.5207679271697998 -0.2693879902362823 -0.8285064101219177
3027 0.5267887115478516 -0.26938796043396 -0.828612208366394
3028 0.5327510237693787 -0.2693879008293152 -0.8286940455436707
3029 0.5386404395103455 -0.2693878710269928 -0.8287507295608521
3030 0.5444427728652954 -0.26938796043396 -0.8287816643714905
3031 0.5501440763473511 -0.2693880200386047 -0.8287863731384277
3032 0.5557305812835693 -0.2693881094455719 -0.8287649750709534
3033 0.5611888766288757 -0.2693881690502167 -0.8287178874015808
3034 0.5665057897567749 -0.2693880796432495 -0.8286458253860474
3035 0.5716684460639954 -0.2693879306316376 -0.8285502195358276
3036 0.5766645669937134 -0.269387811422348 -0.8284329771995544
3037 0.58148193359375 -0.2693876624107361 -0.8282959461212158
3038 0.5861090421676636 -0.2693875432014465 -0.8281416296958923
3039 0.5905347466468811 -0.2693871557712555 -0.8279721140861511
3040 0.5947483777999878 -0.2693866789340973 -0.8277905583381653
3041 0.5987398028373718 -0.2693862318992615 -0.8276002407073975
3042 0.6024993062019348 -0.269385814666748 -0.8274042010307312
3043 0.6060179471969604 -0.269385427236557 -0.8272058367729187
3044 0.6092872023582458 -0.2693850696086884 -0.8270083665847778
3045 0.6122991442680359 -0.2693847417831421 -0.8268150091171265
3046 0.6150466203689575 -0.2693907916545868 -0.8266403079032898
3047 0.6175229549407959 -0.26940056681633 -0.8264825344085693
3048 0.6197221875190735 -0.2694092094898224 -0.8263359665870667
3049 0.62163907289505 -0.2694167792797089 -0.8262032866477966
3050 0.6232688426971436 -0.2694231867790222 -0.8260867595672607
3051 0.6246077418327332 -0.2694284617900848 -0.8259885311126709
3052 0.6256524324417114 -0.2694326043128967 -0.8259102702140808
3053 0.6264004707336426 -0.2694355547428131 -0.8258533477783203
3054 0.6268500089645386 -0.269437313079834 -0.8258188366889954
3055 0.6269999742507935 -0.2694379091262817 -0.8258072137832642
3056 0.3781499862670898 -0.2619958817958832 -0.8119545578956604
3057 0.3779999911785126 -0.2619886696338654 -0.811942994594574
3058 0.3785994946956635 -0.2620175182819366 -0.8119893074035645
3059 0.3793475329875946 -0.2620534896850586 -0.8120476007461548
3060 0.3803922533988953 -0.2621036469936371 -0.8121297955513
3061 0.3817311227321625 -0.2621735334396362 -0.812245786190033
3062 0.3833609223365784 -0.262263685464859 -0.8123975992202759
3063 0.3852777779102325 -0.2623694837093353 -0.8125790357589722
3064 0.3874770104885101 -0.262490451335907 -0.8127909898757935
3065 0.3899533450603485 -0.2626261711120605 -0.8130342364311218
3066 0.3927008211612701 -0.2627761662006378 -0.8133096694946289
3067 0.3957127928733826 -0.2629399001598358 -0.8136178851127625
3068 0.398982048034668 -0.2631167769432068 -0.813959538936615
3069 0.4025006592273712 -0.2632815837860107 -0.8142949342727661
3070 0.406260222196579 -0.2634461224079132 -0.8146442770957947
3071 0.4102515876293182 -0.2636041045188904 -0.8149980902671814
3072 0.4144652187824249 -0.2636047303676605 -0.8151101469993591
3073 0.4188909232616425 -0.2636054158210754 -0.8152376413345337
3074 0.423518031835556 -0.2636061012744904 -0.8153805732727051
3075 0.4283354580402374 -0.26360684633255 -0.8155385255813599
3076 0.4333315193653107 -0.2636075913906097 -0.8157108426094055
3077 0.4384942352771759 -0.2636082768440247 -0.815896213054657
3078 0.4438110888004303 -0.2636087536811829 -0.8160930871963501
3079 0.4492693841457367 -0.2636092603206635 -0.8163000345230103
3080 0.454855889081955 -0.2636090219020844 -0.8165137767791748
3081 0.4605571925640106 -0.2636087238788605 -0.8167332410812378
3082 0.4663595855236053 -0.2636086642742157 -0.8169562220573425
3083 0.4722490012645721 -0.2636086642742157 -0.8171799778938293
3084 0.4782112538814545 -0.2636086940765381 -0.8174015283584595
3085 0.4842320382595062 -0.2636087238788605 -0.8176179528236389
3086 0.490296870470047 -0.2636086642742157 -0.8178262710571289
3087 0.496391087770462 -0.2636085450649261 -0.8180235624313354
3088 0.5024999976158142 -0.2636083960533142 -0.8182072639465332
3089 0.508608877658844 -0.2636082768440247 -0.8183748126029968
3090 0.514703094959259 -0.2636081874370575 -0.8185238242149353
3091 0.5207679271697998 -0.2636081278324127 -0.8186522126197815
3092 0.5267887115478516 -0.2636080682277679 -0.8187580108642578
3093 0.5327510237693787 -0.2636080384254456 -0.8188398480415344
3094 0.5386404395103455 -0.2636080086231232 -0.8188965320587158
3095 0.5444427728652954 -0.2636080980300903 -0.8189274668693542
3096 0.5501440763473511 -0.2636081576347351 -0.8189322352409363
3097 0.5557305812835693 -0.2636082470417023 -0.8189107775688171
3098 0.5611888766288757 -0.263608306646347 -0.8188636898994446
3099 0.5665057897567749 -0.2636082172393799 -0.8187916874885559
3100 0.5716684460639954 -0.2636080682277679 -0.8186960816383362
3101 0.5766645669937134 -0.2636079490184784 -0.818578839302063
3102 0.58148193359375 -0.2636078000068665 -0.8184418678283691
3103 0.5861090421676636 -0.2636076807975769 -0.8182875514030457
3104 0.5905347466468811 -0.2636072933673859 -0.8181180953979492
3105 0.5947483777999878 -0.2636068165302277 -0.8179365992546082
3106 0.5987398028373718 -0.2636063694953918 -0.8177462816238403
3107 0.6024993062019348 -0.2636059522628784 -0.8175503015518188
3108 0.6060179471969604 -0.263605535030365 -0.8173519968986511
3109 0.6092872023582458 -0.2636051774024963 -0.8171545267105103
3110 0.6122991442680359 -0.2636048197746277 -0.8169612288475037
3111 0.6150466203689575 -0.2636119723320007 -0.8167874813079834
3112 0.6175229549407959 -0.26362344622612 -0.816631019115448
3113 0.6197221875190735 -0.2636336386203766 -0.8164857029914856
3114 0.62163907289505 -0.2636425197124481 -0.8163540959358215
3115 0.6232688426971436 -0.2636500597000122 -0.8162384629249573
3116 0.6246077418327332 -0.2636562585830688 -0.8161410093307495
3117 0.6256524324417114 -0.2636610865592957 -0.8160632848739624
3118 0.6264004707336426 -0.263664573431015 -0.8160068392753601
3119 0.6268500089645386 -0.2636666297912598 -0.8159725666046143
3120 0.6269999742507935 -0.2636673450469971 -0.8159610629081726
3121 0.3781499862670898 -0.2552579045295715 -0.8016432523727417
3122 0.3779999911785126 -0.2552502453327179 -0.8016319870948792
3123 0.3785994946956635 -0.2552808523178101 -0.8016770482063293
3124 0.3793475329875946 -0.2553190290927887 -0.8017337918281555
3125 0.3803922533988953 -0.2553722560405731 -0.8018137812614441
3126 0.3817311227321625 -0.2554462850093842 -0.8019264936447144
3127 0.3833609223365784 -0.2555417418479919 -0.8020740151405334
3128 0.3852777779102325 -0.2556536793708801 -0.8022503256797791
3129 0.3874770104885101 -0.2557817399501801 -0.8024564385414124
3130 0.3899533450603485 -0.2559254467487335 -0.8026931881904602
3131 0.3927008211612701 -0.2560842633247375 -0.8029613494873047
3132 0.3957127928733826 -0.2562576532363892 -0.8032616972923279
3133 0.398982048034668 -0.2564449608325958 -0.8035947680473328
3134 0.4025006592273712 -0.256617546081543 -0.80391925573349
3135 0.406260222196579 -0.2567888796329498 -0.8042562007904053
3136 0.4102515876293182 -0.2569534182548523 -0.8045980930328369
3137 0.4144652187824249 -0.2569540739059448 -0.8047100901603699
3138 0.4188909232616425 -0.2569547891616821 -0.8048375248908997
3139 0.423518031835556 -0.2569555342197418 -0.804980456829071
3140 0.4283354580402374 -0.2569563090801239 -0.8051384091377258
3141 0.4333315193653107 -0.2569571137428284 -0.8053106665611267
3142 0.4384942352771759 -0.2569578289985657 -0.8054960370063782
3143 0.4438110888004303 -0.2569583654403687 -0.8056928515434265
3144 0.4492693841457367 -0.2569589018821716 -0.8058997988700867
3145 0.454855889081955 -0.2569586038589478 -0.8061134815216064
3146 0.4605571925640106 -0.2569582164287567 -0.8063328266143799
3147 0.4663595855236053 -0.2569580972194672 -0.8065558075904846
3148 0.4722490012645721 -0.2569581270217896 -0.8067795634269714
3149 0.4782112538814545 -0.2569581270217896 -0.8070010542869568
3150 0.4842320382595062 -0.2569581568241119 -0.8072174787521362
3151 0.490296870470047 -0.2569580972194672 -0.8074257969856262
3152 0.496391087770462 -0.2569579482078552 -0.8076230883598328
3153 0.5024999976158142 -0.2569577991962433 -0.8078067898750305
3154 0.508608877658844 -0.2569576501846313 -0.8079743385314941
3155 0.514703094959259 -0.2569575607776642 -0.8081233501434326
3156 0.5207679271697998 -0.2569575011730194 -0.8082517385482788
3157 0.5267887115478516 -0.256957471370697 -0.8083575963973999
3158 0.5327510237693787 -0.2569574117660522 -0.8084393739700317
3159 0.5386404395103455 -0.2569573819637299 -0.8084961175918579
3160 0.5444427728652954 -0.256957471370697 -0.8085270524024963
3161 0.5501440763473511 -0.2569575607776642 -0.8085317611694336
3162 0.5557305812835693 -0.256957620382309 -0.8085103034973145
3163 0.5611888766288757 -0.2569577097892761 -0.8084632754325867
3164 0.5665057897567749 -0.256957620382309 -0.8083912134170532
3165 0.5716684460639954 -0.256957471370697 -0.8082956671714783
3166 0.5766645669937134 -0.2569573521614075 -0.8081784248352051
3167 0.58148193359375 -0.2569572329521179 -0.8080414533615112
3168 0.5861090421676636 -0.256957083940506 -0.8078871965408325
3169 0.5905347466468811 -0.2569566965103149 -0.8077177405357361
3170 0.5947483777999878 -0.2569562196731567 -0.8075363039970398
3171 0.5987398028373718 -0.2569557428359985 -0.8073460459709167
3172 0.6024993062019348 -0.2569553256034851 -0.8071501851081848
3173 0.6060179471969604 -0.2569549083709717 -0.8069518804550171
3174 0.6092872023582458 -0.256954550743103 -0.806754469871521
3175 0.6122991442680359 -0.2569541931152344 -0.8065612316131592
3176 0.6150466203689575 -0.256962388753891 -0.8063880205154419
3177 0.6175229549407959 -0.2569755017757416 -0.8062324523925781
3178 0.6197221875190735 -0.2569871544837952 -0.8060879111289978
3179 0.62163907289505 -0.256997287273407 -0.8059569597244263
3180 0.6232688426971436 -0.2570059299468994 -0.8058419823646545
3181 0.6246077418327332 -0.2570130228996277 -0.8057449460029602
3182 0.6256524324417114 -0.2570185363292694 -0.8056676387786865
3183 0.6264004707336426 -0.257022500038147 -0.8056114315986633
3184 0.6268500089645386 -0.257024884223938 -0.805577278137207
3185 0.6269999742507935 -0.2570256888866425 -0.8055658340454102
3186 0.3781499862670898 -0.2475719451904297 -0.7908803224563599
3187 0.3779999911785126 -0.247563898563385 -0.7908695340156555
3188 0.3785994946956635 -0.2475960701704025 -0.7909127473831177
3189 0.3793475329875946 -0.2476361691951752 -0.7909672260284424
3190 0.3803922533988953 -0.2476921081542969 -0.7910440564155579
3191 0.3817311227321625 -0.2477697879076004 -0.79115229845047
3192 0.3833609223365784 -0.2478698492050171 -0.7912937998771667
3193 0.3852777779102325 -0.2479872405529022 -0.7914631962776184
3194 0.3874770104885101 -0.24812151491642 -0.791661262512207
3195 0.3899533450603485 -0.2482722103595734 -0.7918890118598938
3196 0.3927008211612701 -0.2484387904405594 -0.7921472191810608
3197 0.3957127928733826 -0.2486206442117691 -0.7924366593360901
3198 0.398982048034668 -0.2488171607255936 -0.792758047580719
3199 0.4025006592273712 -0.2489963918924332 -0.7930691242218018
3200 0.406260222196579 -0.2491734474897385 -0.7933915257453918
3201 0.4102515876293182 -0.2493434846401215 -0.793719470500946
3202 0.4144652187824249 -0.2493441849946976 -0.7938314080238342
3203 0.4188909232616425 -0.2493449449539185 -0.793958842754364
3204 0.423518031835556 -0.2493457198143005 -0.7941016554832458
3205 0.4283354580402374 -0.249346524477005 -0.7942596077919006
3206 0.4333315193653107 -0.2493473738431931 -0.7944318056106567
3207 0.4384942352771759 -0.2493481338024139 -0.7946171164512634
3208 0.4438110888004303 -0.2493487000465393 -0.7948139309883118
3209 0.4492693841457367 -0.2493492811918259 -0.7950208187103271
3210 0.454855889081955 -0.249348908662796 -0.7952345013618469
3211 0.4605571925640106 -0.2493484616279602 -0.7954537868499756
3212 0.4663595855236053 -0.2493483126163483 -0.7956767678260803
3213 0.4722490012645721 -0.2493483275175095 -0.7959004640579224
3214 0.4782112538814545 -0.2493483275175095 -0.7961220145225525
3215 0.4842320382595062 -0.2493483424186707 -0.7963383793830872
3216 0.490296870470047 -0.2493482679128647 -0.7965466380119324
3217 0.496391087770462 -0.2493481189012527 -0.7967439889907837
3218 0.5024999976158142 -0.2493479549884796 -0.7969276905059814
3219 0.508608877658844 -0.2493478059768677 -0.7970952391624451
3220 0.514703094959259 -0.2493476867675781 -0.7972442507743835
3221 0.5207679271697998 -0.2493476420640945 -0.7973726391792297
3222 0.5267887115478516 -0.249347597360611 -0.7974784970283508
3223 0.5327510237693787 -0.2493475526571274 -0.7975603342056274
3224 0.5386404395103455 -0.249347522854805 -0.7976170182228088
3225 0.5444427728652954 -0.2493476122617722 -0.7976479530334473
3226 0.5501440763473511 -0.2493477016687393 -0.7976526618003845
3227 0.5557305812835693 -0.2493477910757065 -0.7976312637329102
3228 0.5611888766288757 -0.2493478655815125 -0.7975841760635376
3229 0.5665057897567749 -0.2493477761745453 -0.7975121140480042
3230 0.5716684460639954 -0.2493476420640945 -0.797416627407074
3231 0.5766645669937134 -0.2493475079536438 -0.7972993850708008
3232 0.58148193359375 -0.2493473738431931 -0.7971624732017517
3233 0.5861090421676636 -0.2493472546339035 -0.7970081567764282
3234 0.5905347466468811 -0.2493468523025513 -0.7968388199806213
3235 0.5947483777999878 -0.2493463754653931 -0.7966574430465698
3236 0.5987398028373718 -0.2493458986282349 -0.7964672446250916
3237 0.6024993062019348 -0.2493454664945602 -0.7962713837623596
3238 0.6060179471969604 -0.249345064163208 -0.7960731387138367
3239 0.6092872023582458 -0.249344676733017 -0.7958757877349854
3240 0.6122991442680359 -0.2493443340063095 -0.7956825494766235
3241 0.6150466203689575 -0.2493534982204437 -0.7955095767974854
3242 0.6175229549407959 -0.2493681460618973 -0.795354425907135
3243 0.6197221875190735 -0.2493811547756195 -0.7952102422714233
3244 0.62163907289505 -0.249392494559288 -0.7950795888900757
3245 0.6232688426971436 -0.2494021356105804 -0.7949648499488831
3246 0.6246077418327332 -0.2494100630283356 -0.794867992401123
3247 0.6256524324417114 -0.249416247010231 -0.7947908639907837
3248 0.6264004707336426 -0.2494206726551056 -0.79473477602005
3249 0.6268500089645386 -0.2494233399629593 -0.7947007417678833
3250 0.6269999742507935 -0.2494242191314697 -0.7946892976760864
3251 0.3781499862670898 -0.2388567477464676 -0.7797524929046631
3252 0.3779999911785126 -0.2388483881950378 -0.7797423005104065
3253 0.3785994946956635 -0.238881841301918 -0.7797832489013672
3254 0.3793475329875946 -0.2389235347509384 -0.7798348069190979
3255 0.3803922533988953 -0.2389816790819168 -0.7799076437950134
3256 0.3817311227321625 -0.2390623539686203 -0.7800101041793823
3257 0.3833609223365784 -0.2391662001609802 -0.7801441550254822
3258 0.3852777779102325 -0.2392880171537399 -0.7803046703338623
3259 0.3874770104885101 -0.239427387714386 -0.7804927229881287
3260 0.3899533450603485 -0.2395838052034378 -0.7807091474533081
3261 0.3927008211612701 -0.2397567182779312 -0.7809548377990723
3262 0.3957127928733826 -0.2399455457925797 -0.781230628490448
3263 0.398982048034668 -0.2401496022939682 -0.7815371751785278
3264 0.4025006592273712 -0.2403340637683868 -0.7818326950073242
3265 0.406260222196579 -0.2405154407024384 -0.7821385860443115
3266 0.4102515876293182 -0.240689679980278 -0.7824506163597107
3267 0.4144652187824249 -0.2406904101371765 -0.7825624942779541
3268 0.4188909232616425 -0.2406911849975586 -0.7826898694038391
3269 0.423518031835556 -0.2406920045614243 -0.7828326821327209
3270 0.4283354580402374 -0.2406928539276123 -0.7829905152320862
3271 0.4333315193653107 -0.2406937330961227 -0.7831626534461975
3272 0.4384942352771759 -0.240694522857666 -0.7833479046821594
3273 0.4438110888004303 -0.2406951189041138 -0.7835447192192078
3274 0.4492693841457367 -0.2406957298517227 -0.7837516069412231
3275 0.454855889081955 -0.2406952977180481 -0.7839652299880981
3276 0.4605571925640106 -0.2406947761774063 -0.784184455871582
3277 0.4663595855236053 -0.2406946122646332 -0.7844074368476868
3278 0.4722490012645721 -0.2406946122646332 -0.7846311330795288
3279 0.4782112538814545 -0.240694597363472 -0.7848526239395142
3280 0.4842320382595062 -0.240694597363472 -0.7850690484046936
3281 0.490296870470047 -0.240694522857666 -0.7852773070335388
3282 0.496391087770462 -0.2406943589448929 -0.7854746580123901
3283 0.5024999976158142 -0.2406941950321198 -0.7856583595275879
3284 0.508608877658844 -0.2406940311193466 -0.7858259081840515
3285 0.514703094959259 -0.2406939119100571 -0.78597491979599
3286 0.5207679271697998 -0.2406938672065735 -0.7861033082008362
3287 0.5267887115478516 -0.2406938225030899 -0.7862091660499573
3288 0.5327510237693787 -0.2406937777996063 -0.7862910032272339
3289 0.5386404395103455 -0.2406937628984451 -0.7863477468490601
3290 0.5444427728652954 -0.2406938523054123 -0.7863786816596985
3291 0.5501440763473511 -0.2406939417123795 -0.7863833904266357
3292 0.5557305812835693 -0.2406940162181854 -0.7863619327545166
3293 0.5611888766288757 -0.2406941056251526 -0.786314845085144
3294 0.5665057897567749 -0.2406940311193466 -0.7862428426742554
3295 0.5716684460639954 -0.2406938821077347 -0.7861473560333252
3296 0.5766645669937134 -0.2406937628984451 -0.786030113697052
3297 0.58148193359375 -0.2406936287879944 -0.7858932018280029
3298 0.5861090421676636 -0.2406935095787048 -0.7857389450073242
3299 0.5905347466468811 -0.2406931072473526 -0.7855696082115173
3300 0.5947483777999878 -0.2406926155090332 -0.7853882908821106
3301 0.5987398028373718 -0.2406921535730362 -0.7851981520652771
3302 0.6024993062019348 -0.2406917214393616 -0.7850023508071899
3303 0.6060179471969604 -0.2406913042068481 -0.7848041653633118
3304 0.6092872023582458 -0.2406909316778183 -0.7846068739891052
3305 0.6122991442680359 -0.2406905740499496 -0.7844136953353882
3306 0.6150466203689575 -0.2407006174325943 -0.7842406630516052
3307 0.6175229549407959 -0.2407166510820389 -0.7840853929519653
3308 0.6197221875190735 -0.240730881690979 -0.7839411497116089
3309 0.62163907289505 -0.2407432943582535 -0.7838103771209717
3310 0.6232688426971436 -0.2407538443803787 -0.7836955785751343
3311 0.6246077418327332 -0.2407625168561935 -0.7835987210273743
3312 0.6256524324417114 -0.2407692819833755 -0.7835215330123901
3313 0.6264004707336426 -0.2407741248607635 -0.7834653854370117
3314 0.6268500089645386 -0.2407770454883575 -0.7834312915802002
3315 0.6269999742507935 -0.2407780140638351 -0.7834199070930481
3316 0.3781499862670898 -0.2290382832288742 -0.7683665752410889
3317 0.3779999911785126 -0.2290296852588654 -0.7683570384979248
3318 0.3785994946956635 -0.2290640622377396 -0.7683951854705811
3319 0.3793475329875946 -0.2291069179773331 -0.7684432864189148
3320 0.3803922533988953 -0.2291667014360428 -0.7685112357139587
3321 0.3817311227321625 -0.2292495518922806 -0.7686069011688232
3322 0.3833609223365784 -0.2293561100959778 -0.7687320113182068
3323 0.3852777779102325 -0.2294811308383942 -0.768882155418396
3324 0.3874770104885101 -0.2296241670846939 -0.7690582275390625
3325 0.3899533450603485 -0.2297847419977188 -0.7692612409591675
3326 0.3927008211612701 -0.2299622595310211 -0.7694920301437378
3327 0.3957127928733826 -0.2301561236381531 -0.7697515487670898
3328 0.398982048034668 -0.230365663766861 -0.7700405120849609
3329 0.4025006592273712 -0.2305535972118378 -0.7703183889389038
3330 0.406260222196579 -0.230737641453743 -0.7706060409545898
3331 0.4102515876293182 -0.230914443731308 -0.770900547504425
3332 0.4144652187824249 -0.2309152036905289 -0.7710123658180237
3333 0.4188909232616425 -0.2309160083532333 -0.7711396813392639
3334 0.423518031835556 -0.2309168428182602 -0.771282434463501
3335 0.4283354580402374 -0.2309177070856094 -0.7714402079582214
3336 0.4333315193653107 -0.2309186160564423 -0.771612286567688
3337 0.4384942352771759 -0.2309194356203079 -0.7717974781990051
3338 0.4438110888004303 -0.2309200465679169 -0.7719942331314087
3339 0.4492693841457367 -0.2309206873178482 -0.7722010612487793
3340 0.454855889081955 -0.2309201955795288 -0.7724146842956543
3341 0.4605571925640106 -0.2309196144342422 -0.7726339101791382
3342 0.4663595855236053 -0.2309194356203079 -0.7728568315505981
3343 0.4722490012645721 -0.2309194207191467 -0.773080587387085
3344 0.4782112538814545 -0.2309194207191467 -0.7733020782470703
3345 0.4842320382595062 -0.2309194058179855 -0.773518443107605
3346 0.490296870470047 -0.2309193164110184 -0.7737267017364502
3347 0.496391087770462 -0.2309191524982452 -0.7739240527153015
3348 0.5024999976158142 -0.2309189736843109 -0.774107813835144
3349 0.508608877658844 -0.2309187948703766 -0.7742753624916077
3350 0.514703094959259 -0.230918675661087 -0.7744243741035461
3351 0.5207679271697998 -0.2309186309576035 -0.7745527625083923
3352 0.5267887115478516 -0.2309185862541199 -0.7746586203575134
3353 0.5327510237693787 -0.2309185415506363 -0.77474045753479
3354 0.5386404395103455 -0.2309185266494751 -0.7747972011566162
3355 0.5444427728652954 -0.2309186160564423 -0.7748281359672546
3356 0.5501440763473511 -0.2309187054634094 -0.7748328447341919
3357 0.5557305812835693 -0.2309187948703766 -0.7748113870620728
3358 0.5611888766288757 -0.2309188842773438 -0.7747642993927002
3359 0.5665057897567749 -0.2309188097715378 -0.7746922969818115
3360 0.5716684460639954 -0.230918675661087 -0.7745968103408813
3361 0.5766645669937134 -0.2309185415506363 -0.7744796276092529
3362 0.58148193359375 -0.2309184223413467 -0.7743427157402039
3363 0.5861090421676636 -0.2309183031320572 -0.7741884589195251
3364 0.5905347466468811 -0.2309179157018661 -0.774019181728363
3365 0.5947483777999878 -0.2309174239635468 -0.7738379240036011
3366 0.5987398028373718 -0.2309169620275497 -0.7736478447914124
3367 0.6024993062019348 -0.2309165298938751 -0.77345210313797
3368 0.6060179471969604 -0.2309161126613617 -0.7732539772987366
3369 0.6092872023582458 -0.2309157401323318 -0.77305668592453
3370 0.6122991442680359 -0.2309153974056244 -0.7728635668754578
3371 0.6150466203689575 -0.2309261709451675 -0.7726902365684509
3372 0.6175229549407959 -0.2309433817863464 -0.7725344300270081
3373 0.6197221875190735 -0.2309586554765701 -0.7723895907402039
3374 0.62163907289505 -0.2309719771146774 -0.772258460521698
3375 0.6232688426971436 -0.2309833019971848 -0.7721432447433472
3376 0.6246077418327332 -0.2309926003217697 -0.7720460891723633
3377 0.6256524324417114 -0.2309998720884323 -0.7719686627388
3378 0.6264004707336426 -0.2310050576925278 -0.7719123363494873
3379 0.6268500089645386 -0.2310081869363785 -0.771878182888031
3380 0.6269999742507935 -0.231009230017662 -0.7718667387962341
3381 0.3781499862670898 -0.2180532068014145 -0.7568480372428894
3382 0.3779999911785126 -0.2180444747209549 -0.7568393349647522
3383 0.3785994946956635 -0.2180793732404709 -0.7568742632865906
3384 0.3793475329875946 -0.2181228995323181 -0.7569183707237244
3385 0.3803922533988953 -0.2181835919618607 -0.7569807767868042
3386 0.3817311227321625 -0.2182676196098328 -0.7570686340332031
3387 0.3833609223365784 -0.2183756530284882 -0.7571836113929749
3388 0.3852777779102325 -0.218502402305603 -0.7573218941688538
3389 0.3874770104885101 -0.2186474353075027 -0.7574843764305115
3390 0.3899533450603485 -0.2188102602958679 -0.7576720714569092
3391 0.3927008211612701 -0.218990296125412 -0.7578859925270081
3392 0.3957127928733826 -0.219186931848526 -0.758126974105835
3393 0.398982048034668 -0.2193994969129562 -0.7583959102630615
3394 0.4025006592273712 -0.2195888012647629 -0.7586544156074524
3395 0.406260222196579 -0.2197735160589218 -0.7589223980903625
3396 0.4102515876293182 -0.2199510037899017 -0.7591979503631592
3397 0.4144652187824249 -0.2199517786502838 -0.759309709072113
3398 0.4188909232616425 -0.2199525833129883 -0.7594369649887085
3399 0.423518031835556 -0.2199534326791763 -0.759579598903656
3400 0.4283354580402374 -0.219954326748848 -0.7597373127937317
3401 0.4333315193653107 -0.2199552357196808 -0.7599092721939087
3402 0.4384942352771759 -0.2199560701847076 -0.7600944042205811
3403 0.4438110888004303 -0.219956710934639 -0.7602910995483398
3404 0.4492693841457367 -0.2199573516845703 -0.7604978680610657
3405 0.454855889081955 -0.2199568301439285 -0.7607114911079407
3406 0.4605571925640106 -0.2199561893939972 -0.7609307765960693
3407 0.4663595855236053 -0.2199559807777405 -0.7611536979675293
3408 0.4722490012645721 -0.2199559658765793 -0.7613774538040161
3409 0.4782112538814545 -0.2199559509754181 -0.7615988850593567
3410 0.4842320382595062 -0.2199559360742569 -0.7618152499198914
3411 0.490296870470047 -0.2199558466672897 -0.7620235681533813
3412 0.496391087770462 -0.2199556678533554 -0.7622209191322327
3413 0.5024999976158142 -0.2199554890394211 -0.7624046802520752
3414 0.508608877658844 -0.2199553102254868 -0.7625722289085388
3415 0.514703094959259 -0.219955176115036 -0.7627212405204773
3416 0.5207679271697998 -0.2199551463127136 -0.7628496885299683
3417 0.5267887115478516 -0.21995510160923 -0.7629555463790894
3418 0.5327510237693787 -0.2199550569057465 -0.763037383556366
3419 0.5386404395103455 -0.2199550420045853 -0.7630941271781921
3420 0.5444427728652954 -0.2199551463127136 -0.7631250023841858
3421 0.5501440763473511 -0.2199552357196808 -0.763129711151123
3422 0.5557305812835693 -0.2199553251266479 -0.7631082534790039
3423 0.5611888766288757 -0.2199554145336151 -0.7630611658096313
3424 0.5665057897567749 -0.2199553400278091 -0.7629891633987427
3425 0.5716684460639954 -0.2199552059173584 -0.7628937363624573
3426 0.5766645669937134 -0.2199550867080688 -0.7627765536308289
3427 0.58148193359375 -0.2199549674987793 -0.7626396417617798
3428 0.5861090421676636 -0.2199548482894897 -0.7624854445457458
3429 0.5905347466468811 -0.2199544608592987 -0.7623162269592285
3430 0.5947483777999878 -0.2199539840221405 -0.7621350288391113
3431 0.5987398028373718 -0.2199535220861435 -0.7619450092315674
3432 0.6024993062019348 -0.2199530899524689 -0.7617493271827698
3433 0.6060179471969604 -0.2199526876211166 -0.7615512013435364
3434 0.6092872023582458 -0.219952329993248 -0.7613540291786194
3435 0.6122991442680359 -0.2199519872665405 -0.7611609101295471
3436 0.6150466203689575 -0.2199633419513702 -0.7609869241714478
3437 0.6175229549407959 -0.219981461763382 -0.7608301639556885
3438 0.6197221875190735 -0.2199975401163101 -0.7606844902038574
3439 0.62163907289505 -0.2200115770101547 -0.7605525255203247
3440 0.6232688426971436 -0.2200234979391098 -0.7604366540908813
3441 0.6246077418327332 -0.2200332880020142 -0.7603389620780945
3442 0.6256524324417114 -0.2200409322977066 -0.7602611184120178
3443 0.6264004707336426 -0.2200464159250259 -0.760204553604126
3444 0.6268500089645386 -0.2200497090816498 -0.7601701617240906
3445 0.6269999742507935 -0.2200507968664169 -0.7601586580276489
3446 0.3781499862670898 -0.2058525234460831 -0.7453398108482361
3447 0.3779999911785126 -0.2058437764644623 -0.7453320026397705
3448 0.3785994946956635 -0.205878734588623 -0.7453634142875671
3449 0.3793475329875946 -0.2059223055839539 -0.7454030513763428
3450 0.3803922533988953 -0.2059831023216248 -0.7454593181610107
3451 0.3817311227321625 -0.2060671895742416 -0.7455385327339172
3452 0.3833609223365784 -0.2061752378940582 -0.7456424832344055
3453 0.3852777779102325 -0.2063020318746567 -0.7457676529884338
3454 0.3874770104885101 -0.2064471244812012 -0.7459152340888977
3455 0.3899533450603485 -0.2066100090742111 -0.7460861206054688
3456 0.3927008211612701 -0.2067901492118835 -0.7462814450263977
3457 0.3957127928733826 -0.2069869339466095 -0.746502161026001
3458 0.398982048034668 -0.2071996778249741 -0.7467490434646606
3459 0.4025006592273712 -0.2073879688978195 -0.7469868659973145
3460 0.406260222196579 -0.2075711041688919 -0.747234046459198
3461 0.4102515876293182 -0.2077470719814301 -0.7474895715713501
3462 0.4144652187824249 -0.2077478617429733 -0.7476012706756592
3463 0.4188909232616425 -0.2077486664056778 -0.7477284073829651
3464 0.423518031835556 -0.2077495157718658 -0.7478709816932678
3465 0.4283354580402374 -0.2077504098415375 -0.748028576374054
3466 0.4333315193653107 -0.2077513337135315 -0.7482004761695862
3467 0.4384942352771759 -0.2077521681785583 -0.748385488986969
3468 0.4438110888004303 -0.2077528089284897 -0.748582124710083
3469 0.4492693841457367 -0.2077534645795822 -0.7487888336181641
3470 0.454855889081955 -0.2077528983354568 -0.7490024566650391
3471 0.4605571925640106 -0.2077522277832031 -0.7492218017578125
3472 0.4663595855236053 -0.2077520042657852 -0.7494447231292725
3473 0.4722490012645721 -0.207751989364624 -0.7496684789657593
3474 0.4782112538814545 -0.2077519595623016 -0.7498899102210999
3475 0.4842320382595062 -0.2077519446611404 -0.7501062750816345
3476 0.490296870470047 -0.2077518552541733 -0.7503145933151245
3477 0.496391087770462 -0.207751676440239 -0.7505119442939758
3478 0.5024999976158142 -0.2077514827251434 -0.7506957054138184
3479 0.508608877658844 -0.2077513039112091 -0.7508633136749268
3480 0.514703094959259 -0.2077511698007584 -0.7510123252868652
3481 0.5207679271697998 -0.2077511250972748 -0.7511407732963562
3482 0.5267887115478516 -0.2077510952949524 -0.7512466311454773
3483 0.5327510237693787 -0.2077510505914688 -0.7513285279273987
3484 0.5386404395103455 -0.2077510356903076 -0.7513852119445801
3485 0.5444427728652954 -0.207751139998436 -0.7514161467552185
3486 0.5501440763473511 -0.2077512294054031 -0.751420795917511
3487 0.5557305812835693 -0.2077513188123703 -0.7513993382453918
3488 0.5611888766288757 -0.2077514082193375 -0.7513522505760193
3489 0.5665057897567749 -0.2077513337135315 -0.7512802481651306
3490 0.5716684460639954 -0.2077512145042419 -0.7511848211288452
3491 0.5766645669937134 -0.2077510952949524 -0.7510676383972168
3492 0.58148193359375 -0.2077509760856628 -0.7509307861328125
3493 0.5861090421676636 -0.2077508717775345 -0.7507765889167786
3494 0.5905347466468811 -0.2077504843473434 -0.750607430934906
3495 0.5947483777999878 -0.2077500224113464 -0.7504262924194336
3496 0.5987398028373718 -0.2077495753765106 -0.7502363324165344
3497 0.6024993062019348 -0.2077491581439972 -0.7500406503677368
3498 0.6060179471969604 -0.2077487707138062 -0.749842643737793
3499 0.6092872023582458 -0.2077484130859375 -0.749645471572876
3500 0.6122991442680359 -0.20774807035923 -0.7494524121284485
3501 0.6150466203689575 -0.2077598124742508 -0.7492775917053223
3502 0.6175229549407959 -0.2077785283327103 -0.7491194605827332
3503 0.6197221875190735 -0.2077951580286026 -0.7489725351333618
3504 0.62163907289505 -0.207809641957283 -0.7488395571708679
3505 0.6232688426971436 -0.2078219652175903 -0.7487228512763977
3506 0.6246077418327332 -0.207832083106041 -0.7486243844032288
3507 0.6256524324417114 -0.2078399956226349 -0.7485460042953491
3508 0.6264004707336426 -0.2078456431627274 -0.7484889626502991
3509 0.6268500089645386 -0.2078490406274796 -0.7484543919563293
3510 0.6269999742507935 -0.2078501731157303 -0.7484427690505981
3511 0.3781499862670898 -0.1924051344394684 -0.7339996099472046
3512 0.3779999911785126 -0.1923965066671371 -0.7339927554130554
3513 0.3785994946956635 -0.1924309879541397 -0.7340203523635864
3514 0.3793475329875946 -0.1924739629030228 -0.7340552806854248
3515 0.3803922533988953 -0.1925339251756668 -0.7341049909591675
3516 0.3817311227321625 -0.1926168203353882 -0.7341750264167786
3517 0.3833609223365784 -0.192723274230957 -0.7342671155929565
3518 0.3852777779102325 -0.1928482055664062 -0.7343783974647522
3519 0.3874770104885101 -0.1929911971092224 -0.7345100045204163
3520 0.3899533450603485 -0.1931517273187637 -0.7346630692481995
3521 0.3927008211612701 -0.1933292746543884 -0.7348385453224182
3522 0.3957127928733826 -0.1935232430696487 -0.7350375652313232
3523 0.398982048034668 -0.1937329918146133 -0.7352610230445862
3524 0.4025006592273712 -0.1939176172018051 -0.7354772090911865
3525 0.406260222196579 -0.1940966546535492 -0.7357028722763062
3526 0.4102515876293182 -0.1942687332630157 -0.7359377145767212
3527 0.4144652187824249 -0.1942694932222366 -0.7360492944717407
3528 0.4188909232616425 -0.1942702978849411 -0.7361763715744019
3529 0.423518031835556 -0.1942711472511292 -0.736318826675415
3530 0.4283354580402374 -0.1942720115184784 -0.7364763617515564
3531 0.4333315193653107 -0.1942729204893112 -0.7366481423377991
3532 0.4384942352771759 -0.1942737549543381 -0.7368330955505371
3533 0.4438110888004303 -0.1942743808031082 -0.7370296716690063
3534 0.4492693841457367 -0.1942750364542007 -0.7372362613677979
3535 0.454855889081955 -0.1942744553089142 -0.7374499440193176
3536 0.4605571925640106 -0.1942737698554993 -0.7376693487167358
3537 0.4663595855236053 -0.1942735314369202 -0.7378922700881958
3538 0.4722490012645721 -0.1942735016345978 -0.7381160259246826
3539 0.4782112538814545 -0.1942734867334366 -0.7383374571800232
3540 0.4842320382595062 -0.1942734569311142 -0.7385538220405579
3541 0.490296870470047 -0.194273367524147 -0.7387621402740479
3542 0.496391087770462 -0.1942731738090515 -0.7389594912528992
3543 0.5024999976158142 -0.1942729949951172 -0.7391433119773865
3544 0.508608877658844 -0.1942728161811829 -0.7393109202384949
3545 0.514703094959259 -0.1942726820707321 -0.7394599318504333
3546 0.5207679271697998 -0.1942726522684097 -0.7395883798599243
3547 0.5267887115478516 -0.1942726075649261 -0.7396942973136902
3548 0.5327510237693787 -0.1942725777626038 -0.7397761344909668
3549 0.5386404395103455 -0.1942725628614426 -0.739832878112793
3550 0.5444427728652954 -0.1942726522684097 -0.7398637533187866
3551 0.5501440763473511 -0.1942727416753769 -0.7398684024810791
3552 0.5557305812835693 -0.1942728310823441 -0.73984694480896
3553 0.5611888766288757 -0.1942729204893112 -0.7397998571395874
3554 0.5665057897567749 -0.1942728608846664 -0.7397278547286987
3555 0.5716684460639954 -0.1942727416753769 -0.7396324276924133
3556 0.5766645669937134 -0.1942726224660873 -0.7395153045654297
3557 0.58148193359375 -0.194272518157959 -0.7393784523010254
3558 0.5861090421676636 -0.1942724138498306 -0.7392242550849915
3559 0.5905347466468811 -0.1942720413208008 -0.7390551567077637
3560 0.5947483777999878 -0.194271594285965 -0.738874077796936
3561 0.5987398028373718 -0.1942711770534515 -0.7386841773986816
3562 0.6024993062019348 -0.1942707747220993 -0.7384885549545288
3563 0.6060179471969604 -0.1942703872919083 -0.7382906079292297
3564 0.6092872023582458 -0.1942700445652008 -0.7380934953689575
3565 0.6122991442680359 -0.1942697316408157 -0.7379004955291748
3566 0.6150466203689575 -0.1942816227674484 -0.7377246022224426
3567 0.6175229549407959 -0.194300577044487 -0.737564742565155
3568 0.6197221875190735 -0.194317415356636 -0.7374163866043091
3569 0.62163907289505 -0.194332093000412 -0.7372820973396301
3570 0.6232688426971436 -0.1943445801734924 -0.7371642589569092
3571 0.6246077418327332 -0.1943548321723938 -0.7370649576187134
3572 0.6256524324417114 -0.1943628340959549 -0.7369858026504517
3573 0.6264004707336426 -0.1943685561418533 -0.7369282841682434
3574 0.6268500089645386 -0.1943719983100891 -0.7368934154510498
3575 0.6269999742507935 -0.1943731606006622 -0.7368816733360291
3576 0.3781499862670898 -0.1777012050151825 -0.7229968309402466
3577 0.3779999911785126 -0.1776928305625916 -0.7229909300804138
3578 0.3785994946956635 -0.1777262687683105 -0.7230145931243896
3579 0.3793475329875946 -0.1777679473161697 -0.7230446338653564
3580 0.3803922533988953 -0.1778260767459869 -0.72308748960495
3581 0.3817311227321625 -0.177906408905983 -0.7231480479240417
3582 0.3833609223365784 -0.1780095249414444 -0.723227858543396
3583 0.3852777779102325 -0.1781305521726608 -0.7233247756958008
3584 0.3874770104885101 -0.1782690733671188 -0.7234398722648621
3585 0.3899533450603485 -0.1784246265888214 -0.7235743403434753
3586 0.3927008211612701 -0.1785966753959656 -0.7237293124198914
3587 0.3957127928733826 -0.178784653544426 -0.7239059209823608
3588 0.398982048034668 -0.1789879202842712 -0.7241050004959106
3589 0.4025006592273712 -0.1791660189628601 -0.7242991328239441
3590 0.406260222196579 -0.179338276386261 -0.7245030999183655
3591 0.4102515876293182 -0.179503858089447 -0.7247170209884644
3592 0.4144652187824249 -0.1795046031475067 -0.7248285412788391
3593 0.4188909232616425 -0.1795053780078888 -0.7249554991722107
3594 0.423518031835556 -0.1795061975717545 -0.7250978350639343
3595 0.4283354580402374 -0.1795070469379425 -0.7252552509307861
3596 0.4333315193653107 -0.1795079261064529 -0.725426971912384
3597 0.4384942352771759 -0.1795087307691574 -0.7256118059158325
3598 0.4438110888004303 -0.1795093417167664 -0.7258082628250122
3599 0.4492693841457367 -0.1795099824666977 -0.7260148525238037
3600 0.454855889081955 -0.1795093864202499 -0.7262285947799683
3601 0.4605571925640106 -0.179508700966835 -0.7264479994773865
3602 0.4663595855236053 -0.1795084625482559 -0.7266709804534912
3603 0.4722490012645721 -0.1795084327459335 -0.7268946766853333
3604 0.4782112538814545 -0.1795084029436111 -0.7271161675453186
3605 0.4842320382595062 -0.1795083731412888 -0.7273325324058533
3606 0.490296870470047 -0.1795082837343216 -0.7275408506393433
3607 0.496391087770462 -0.1795081049203873 -0.7277382612228394
3608 0.5024999976158142 -0.1795079261064529 -0.7279220223426819
3609 0.508608877658844 -0.1795077472925186 -0.7280896902084351
3610 0.514703094959259 -0.1795076131820679 -0.7282387614250183
3611 0.5207679271697998 -0.1795075833797455 -0.7283671498298645
3612 0.5267887115478516 -0.1795075535774231 -0.7284730672836304
3613 0.5327510237693787 -0.1795075088739395 -0.7285549640655518
3614 0.5386404395103455 -0.1795075088739395 -0.7286116480827332
3615 0.5444427728652954 -0.1795075982809067 -0.7286425232887268
3616 0.5501440763473511 -0.1795076876878738 -0.7286471724510193
3617 0.5557305812835693 -0.1795077621936798 -0.7286257147789001
3618 0.5611888766288757 -0.179507851600647 -0.7285785675048828
3619 0.5665057897567749 -0.1795077919960022 -0.7285066246986389
3620 0.5716684460639954 -0.1795076876878738 -0.7284111976623535
3621 0.5766645669937134 -0.1795075833797455 -0.7282940745353699
3622 0.58148193359375 -0.1795074790716171 -0.7281572818756104
3623 0.5861090421676636 -0.1795073747634888 -0.7280030846595764
3624 0.5905347466468811 -0.1795070320367813 -0.7278339862823486
3625 0.5947483777999878 -0.1795065999031067 -0.7276529669761658
3626 0.5987398028373718 -0.1795061975717545 -0.7274631261825562
3627 0.6024993062019348 -0.1795058250427246 -0.7272676229476929
3628 0.6060179471969604 -0.179505467414856 -0.7270696759223938
3629 0.6092872023582458 -0.1795051395893097 -0.7268726229667664
3630 0.6122991442680359 -0.1795048266649246 -0.7266796231269836
3631 0.6150466203689575 -0.1795166283845901 -0.7265025973320007
3632 0.6175229549407959 -0.1795354336500168 -0.7263408303260803
3633 0.6197221875190735 -0.1795521378517151 -0.7261908054351807
3634 0.62163907289505 -0.1795666962862015 -0.7260550260543823
3635 0.6232688426971436 -0.1795790791511536 -0.7259359359741211
3636 0.6246077418327332 -0.1795892417430878 -0.7258355617523193
3637 0.6256524324417114 -0.1795971840620041 -0.7257556319236755
3638 0.6264004707336426 -0.1796028614044189 -0.7256975173950195
3639 0.6268500089645386 -0.1796062737703323 -0.7256622910499573
3640 0.6269999742507935 -0.1796074211597443 -0.7256504893302917
3641 0.3781499862670898 -0.1617550402879715 -0.7125083804130554
3642 0.3779999911785126 -0.1617470979690552 -0.7125034928321838
3643 0.3785994946956635 -0.1617788672447205 -0.7125232219696045
3644 0.3793475329875946 -0.1618184894323349 -0.7125482559204102
3645 0.3803922533988953 -0.1618737727403641 -0.7125841975212097
3646 0.3817311227321625 -0.161950096487999 -0.7126351594924927
3647 0.3833609223365784 -0.1620480567216873 -0.7127026319503784
3648 0.3852777779102325 -0.1621630191802979 -0.7127850651741028
3649 0.3874770104885101 -0.1622946113348007 -0.7128835916519165
3650 0.3899533450603485 -0.1624424010515213 -0.7129994034767151
3651 0.3927008211612701 -0.162605881690979 -0.713133692741394
3652 0.3957127928733826 -0.1627845019102097 -0.7132876515388489
3653 0.398982048034668 -0.1629776954650879 -0.7134622931480408
3654 0.4025006592273712 -0.1631462424993515 -0.7136344909667969
3655 0.406260222196579 -0.1633089184761047 -0.7138169407844543
3656 0.4102515876293182 -0.163465291261673 -0.7140101790428162
3657 0.4144652187824249 -0.1634659916162491 -0.7141215801239014
3658 0.4188909232616425 -0.1634667366743088 -0.7142484784126282
3659 0.423518031835556 -0.1634675115346909 -0.714390754699707
3660 0.4283354580402374 -0.1634683310985565 -0.7145480513572693
3661 0.4333315193653107 -0.1634691655635834 -0.7147196531295776
3662 0.4384942352771759 -0.1634699404239655 -0.7149043679237366
3663 0.4438110888004303 -0.163470521569252 -0.7151008248329163
3664 0.4492693841457367 -0.163471132516861 -0.7153072953224182
3665 0.454855889081955 -0.1634705513715744 -0.7155210971832275
3666 0.4605571925640106 -0.1634698659181595 -0.7157405614852905
3667 0.4663595855236053 -0.1634696274995804 -0.71596360206604
3668 0.4722490012645721 -0.163469597697258 -0.7161872982978821
3669 0.4782112538814545 -0.1634695678949356 -0.7164087891578674
3670 0.4842320382595062 -0.1634695380926132 -0.7166251540184021
3671 0.490296870470047 -0.1634694486856461 -0.7168334722518921
3672 0.496391087770462 -0.1634692698717117 -0.7170308828353882
3673 0.5024999976158142 -0.1634691059589386 -0.7172147035598755
3674 0.508608877658844 -0.1634689271450043 -0.7173823118209839
3675 0.514703094959259 -0.1634688079357147 -0.7175314426422119
3676 0.5207679271697998 -0.1634687781333923 -0.7176598906517029
3677 0.5267887115478516 -0.1634687483310699 -0.717765748500824
3678 0.5327510237693787 -0.1634687185287476 -0.7178476452827454
3679 0.5386404395103455 -0.1634687036275864 -0.7179043889045715
3680 0.5444427728652954 -0.1634687930345535 -0.7179352641105652
3681 0.5501440763473511 -0.1634688824415207 -0.7179399132728577
3682 0.5557305812835693 -0.1634689569473267 -0.7179183959960938
3683 0.5611888766288757 -0.1634690463542938 -0.7178712487220764
3684 0.5665057897567749 -0.163468986749649 -0.7177993059158325
3685 0.5716684460639954 -0.1634688824415207 -0.7177039384841919
3686 0.5766645669937134 -0.1634687930345535 -0.7175868153572083
3687 0.58148193359375 -0.1634686887264252 -0.717449963092804
3688 0.5861090421676636 -0.163468599319458 -0.7172958254814148
3689 0.5905347466468811 -0.1634682863950729 -0.7171267867088318
3690 0.5947483777999878 -0.1634678840637207 -0.7169458270072937
3691 0.5987398028373718 -0.1634675115346909 -0.7167560458183289
3692 0.6024993062019348 -0.1634671539068222 -0.7165605425834656
3693 0.6060179471969604 -0.1634668260812759 -0.7163626551628113
3694 0.6092872023582458 -0.1634665131568909 -0.7161656618118286
3695 0.6122991442680359 -0.1634662300348282 -0.7159727215766907
3696 0.6150466203689575 -0.1634776741266251 -0.7157943844795227
3697 0.6175229549407959 -0.1634958982467651 -0.7156305909156799
3698 0.6197221875190735 -0.1635120809078217 -0.7154786586761475
3699 0.62163907289505 -0.1635261923074722 -0.715341329574585
3700 0.6232688426971436 -0.1635381877422333 -0.7152208685874939
3701 0.6246077418327332 -0.1635480523109436 -0.7151193618774414
3702 0.6256524324417114 -0.1635557413101196 -0.7150385975837708
3703 0.6264004707336426 -0.1635612398386002 -0.714979887008667
3704 0.6268500089645386 -0.1635645627975464 -0.7149442434310913
3705 0.6269999742507935 -0.1635656654834747 -0.7149323225021362
3706 0.3781499862670898 -0.1446073800325394 -0.702714204788208
3707 0.3779999911785126 -0.1445999890565872 -0.7027102708816528
3708 0.3785994946956635 -0.1446295082569122 -0.7027260661125183
3709 0.3793475329875946 -0.144666314125061 -0.7027462720870972
3710 0.3803922533988953 -0.1447176486253738 -0.7027754187583923
3711 0.3817311227321625 -0.1447885185480118 -0.7028170228004456
3712 0.3833609223365784 -0.1448794454336166 -0.7028723955154419
3713 0.3852777779102325 -0.144986167550087 -0.7029406428337097
3714 0.3874770104885101 -0.1451083272695541 -0.7030229568481445
3715 0.3899533450603485 -0.1452455371618271 -0.7031205296516418
3716 0.3927008211612701 -0.1453973054885864 -0.7032346129417419
3717 0.3957127928733826 -0.1455631703138351 -0.7033664584159851
3718 0.398982048034668 -0.1457425802946091 -0.7035171389579773
3719 0.4025006592273712 -0.1458985507488251 -0.7036681175231934
3720 0.406260222196579 -0.1460487693548203 -0.7038298845291138
3721 0.4102515876293182 -0.1461932063102722 -0.7040032148361206
3722 0.4144652187824249 -0.1461938619613647 -0.704114556312561
3723 0.4188909232616425 -0.1461945474147797 -0.7042413353919983
3724 0.423518031835556 -0.1461952775716782 -0.7043835520744324
3725 0.4283354580402374 -0.1461960226297379 -0.7045407295227051
3726 0.4333315193653107 -0.1461968123912811 -0.7047122120857239
3727 0.4384942352771759 -0.1461975127458572 -0.704896867275238
3728 0.4438110888004303 -0.1461980640888214 -0.7050932049751282
3729 0.4492693841457367 -0.1461986303329468 -0.7052996158599854
3730 0.454855889081955 -0.1461980789899826 -0.7055134773254395
3731 0.4605571925640106 -0.1461974382400513 -0.705733060836792
3732 0.4663595855236053 -0.1461971998214722 -0.7059561014175415
3733 0.4722490012645721 -0.1461971700191498 -0.7061797976493835
3734 0.4782112538814545 -0.1461971402168274 -0.7064012885093689
3735 0.4842320382595062 -0.146197110414505 -0.7066176533699036
3736 0.490296870470047 -0.1461970210075378 -0.7068259716033936
3737 0.496391087770462 -0.1461968570947647 -0.7070233821868896
3738 0.5024999976158142 -0.1461966931819916 -0.7072072625160217
3739 0.508608877658844 -0.1461965441703796 -0.7073749303817749
3740 0.514703094959259 -0.1461964249610901 -0.7075240015983582
3741 0.5207679271697998 -0.1461963951587677 -0.7076524496078491
3742 0.5267887115478516 -0.1461963653564453 -0.707758367061615
3743 0.5327510237693787 -0.1461963355541229 -0.7078402638435364
3744 0.5386404395103455 -0.1461963355541229 -0.7078969478607178
3745 0.5444427728652954 -0.1461964100599289 -0.7079278230667114
3746 0.5501440763473511 -0.1461964845657349 -0.7079324722290039
3747 0.5557305812835693 -0.146196573972702 -0.70791095495224
3748 0.5611888766288757 -0.146196648478508 -0.7078638076782227
3749 0.5665057897567749 -0.1461965888738632 -0.7077918648719788
3750 0.5716684460639954 -0.1461964994668961 -0.7076964974403381
3751 0.5766645669937134 -0.1461964100599289 -0.7075793743133545
3752 0.58148193359375 -0.1461963355541229 -0.707442581653595
3753 0.5861090421676636 -0.1461962461471558 -0.7072884440422058
3754 0.5905347466468811 -0.1461959481239319 -0.7071194648742676
3755 0.5947483777999878 -0.1461955904960632 -0.7069385647773743
3756 0.5987398028373718 -0.1461952477693558 -0.7067487835884094
3757 0.6024993062019348 -0.1461949199438095 -0.7065533995628357
3758 0.6060179471969604 -0.1461946219205856 -0.7063555121421814
3759 0.6092872023582458 -0.1461943387985229 -0.7061585187911987
3760 0.6122991442680359 -0.1461940854787827 -0.7059656381607056
3761 0.6150466203689575 -0.1462048888206482 -0.7057859897613525
3762 0.6175229549407959 -0.1462220847606659 -0.7056200504302979
3763 0.6197221875190735 -0.1462373733520508 -0.7054662704467773
3764 0.62163907289505 -0.1462506949901581 -0.7053272724151611
3765 0.6232688426971436 -0.1462620198726654 -0.7052054405212402
3766 0.6246077418327332 -0.1462713330984116 -0.705102801322937
3767 0.6256524324417114 -0.146278589963913 -0.70502108335495
3768 0.6264004707336426 -0.1462837904691696 -0.7049617767333984
3769 0.6268500089645386 -0.1462869197130203 -0.7049257159233093
3770 0.6269999742507935 -0.1462879627943039 -0.7049136757850647
3771 0.3781499862670898 -0.1263266354799271 -0.6937915682792664
3772 0.3779999911785126 -0.1263199746608734 -0.6937885880470276
3773 0.3785994946956635 -0.1263466328382492 -0.6938007473945618
3774 0.3793475329875946 -0.1263798624277115 -0.6938163042068481
3775 0.3803922533988953 -0.1264262199401855 -0.6938390135765076
3776 0.3817311227321625 -0.1264901906251907 -0.6938717365264893
3777 0.3833609223365784 -0.1265722364187241 -0.6939157247543335
3778 0.3852777779102325 -0.1266685575246811 -0.6939705610275269
3779 0.3874770104885101 -0.1267788112163544 -0.6940374970436096
3780 0.3899533450603485 -0.1269026547670364 -0.6941177845001221
3781 0.3927008211612701 -0.1270396560430527 -0.694212794303894
3782 0.3957127928733826 -0.1271893978118896 -0.6943236589431763
3783 0.398982048034668 -0.1273513585329056 -0.6944516897201538
3784 0.4025006592273712 -0.1274917423725128 -0.6945827007293701
3785 0.406260222196579 -0.1276267468929291 -0.6947251558303833
3786 0.4102515876293182 -0.1277565360069275 -0.6948798894882202
3787 0.4144652187824249 -0.1277571320533752 -0.6949911117553711
3788 0.4188909232616425 -0.1277577579021454 -0.6951178312301636
3789 0.423518031835556 -0.1277584135532379 -0.6952599287033081
3790 0.4283354580402374 -0.1277590841054916 -0.695417046546936
3791 0.4333315193653107 -0.1277597993612289 -0.6955884099006653
3792 0.4384942352771759 -0.1277604401111603 -0.6957729458808899
3793 0.4438110888004303 -0.1277609318494797 -0.6959692239761353
3794 0.4492693841457367 -0.1277614384889603 -0.6961755752563477
3795 0.454855889081955 -0.1277609318494797 -0.6963894963264465
3796 0.4605571925640106 -0.1277603358030319 -0.6966091394424438
3797 0.4663595855236053 -0.1277601271867752 -0.6968322396278381
3798 0.4722490012645721 -0.1277600973844528 -0.6970559358596802
3799 0.4782112538814545 -0.1277600675821304 -0.6972774267196655
3800 0.4842320382595062 -0.127760037779808 -0.6974937915802002
3801 0.490296870470047 -0.1277599483728409 -0.6977021098136902
3802 0.496391087770462 -0.1277598142623901 -0.6978995800018311
3803 0.5024999976158142 -0.1277596652507782 -0.6980834603309631
3804 0.508608877658844 -0.1277595162391663 -0.6982511281967163
3805 0.514703094959259 -0.1277594119310379 -0.6984002590179443
3806 0.5207679271697998 -0.1277593821287155 -0.6985287070274353
3807 0.5267887115478516 -0.1277593672275543 -0.6986346244812012
3808 0.5327510237693787 -0.1277593374252319 -0.6987164616584778
3809 0.5386404395103455 -0.1277593374252319 -0.698773205280304
3810 0.5444427728652954 -0.1277594119310379 -0.6988040804862976
3811 0.5501440763473511 -0.1277594715356827 -0.6988086700439453
3812 0.5557305812835693 -0.1277595460414886 -0.6987871527671814
3813 0.5611888766288757 -0.1277596056461334 -0.6987400054931641
3814 0.5665057897567749 -0.1277595609426498 -0.6986680626869202
3815 0.5716684460639954 -0.1277594864368439 -0.6985726952552795
3816 0.5766645669937134 -0.1277594119310379 -0.6984556317329407
3817 0.58148193359375 -0.1277593374252319 -0.6983188390731812
3818 0.5861090421676636 -0.127759262919426 -0.698164701461792
3819 0.5905347466468811 -0.1277590095996857 -0.6979957222938538
3820 0.5947483777999878 -0.1277586817741394 -0.6978148818016052
3821 0.5987398028373718 -0.1277583688497543 -0.6976251602172852
3822 0.6024993062019348 -0.1277580857276917 -0.6974298357963562
3823 0.6060179471969604 -0.1277578175067902 -0.6972320079803467
3824 0.6092872023582458 -0.1277575641870499 -0.6970350742340088
3825 0.6122991442680359 -0.1277573257684708 -0.6968421936035156
3826 0.6150466203689575 -0.1277672350406647 -0.6966612339019775
3827 0.6175229549407959 -0.1277829706668854 -0.6964932084083557
3828 0.6197221875190735 -0.1277969628572464 -0.6963375806808472
3829 0.62163907289505 -0.127809152007103 -0.696196973323822
3830 0.6232688426971436 -0.1278195232152939 -0.6960737109184265
3831 0.6246077418327332 -0.1278280466794968 -0.6959699392318726
3832 0.6256524324417114 -0.1278346925973892 -0.6958873867988586
3833 0.6264004707336426 -0.1278394609689713 -0.6958274245262146
3834 0.6268500089645386 -0.1278423219919205 -0.6957910060882568
3835 0.6269999742507935 -0.1278432756662369 -0.6957787871360779
3836 0.3781499862670898 -0.1070092916488647 -0.6859100461006165
3837 0.3779999911785126 -0.1070034876465797 -0.6859079003334045
3838 0.3785994946956635 -0.1070267036557198 -0.6859166622161865
3839 0.3793475329875946 -0.1070556491613388 -0.6859281063079834
3840 0.3803922533988953 -0.1070960387587547 -0.6859449148178101
3841 0.3817311227321625 -0.1071517467498779 -0.6859695315361023
3842 0.3833609223365784 -0.1072231903672218 -0.6860030889511108
3843 0.3852777779102325 -0.1073070541024208 -0.6860457062721252
3844 0.3874770104885101 -0.1074030622839928 -0.6860986351966858
3845 0.3899533450603485 -0.1075109019875526 -0.6861631870269775
3846 0.3927008211612701 -0.1076302155852318 -0.6862407326698303
3847 0.3957127928733826 -0.1077606230974197 -0.6863325238227844
3848 0.398982048034668 -0.1079016923904419 -0.6864398717880249
3849 0.4025006592273712 -0.1080236583948135 -0.6865528225898743
3850 0.406260222196579 -0.1081407815217972 -0.6866778135299683
3851 0.4102515876293182 -0.1082533970475197 -0.6868157386779785
3852 0.4144652187824249 -0.1082539111375809 -0.6869269609451294
3853 0.4188909232616425 -0.1082544550299644 -0.6870535612106323
3854 0.423518031835556 -0.1082550287246704 -0.6871955394744873
3855 0.4283354580402374 -0.1082556173205376 -0.6873525381088257
3856 0.4333315193653107 -0.1082562357187271 -0.6875238418579102
3857 0.4384942352771759 -0.1082567945122719 -0.68770831823349
3858 0.4438110888004303 -0.1082572340965271 -0.6879045367240906
3859 0.4492693841457367 -0.1082576811313629 -0.6881108283996582
3860 0.454855889081955 -0.1082572266459465 -0.6883248090744019
3861 0.4605571925640106 -0.1082566976547241 -0.6885445117950439
3862 0.4663595855236053 -0.1082565039396286 -0.6887676119804382
3863 0.4722490012645721 -0.1082564815878868 -0.6889913082122803
3864 0.4782112538814545 -0.1082564517855644 -0.6892127990722656
3865 0.4842320382595062 -0.108256421983242 -0.6894291639328003
3866 0.490296870470047 -0.1082563549280167 -0.6896375417709351
3867 0.496391087770462 -0.1082562208175659 -0.6898350119590759
3868 0.5024999976158142 -0.1082560941576958 -0.690018892288208
3869 0.508608877658844 -0.1082559674978256 -0.690186619758606
3870 0.514703094959259 -0.1082558780908585 -0.690335750579834
3871 0.5207679271697998 -0.1082558557391167 -0.690464198589325
3872 0.5267887115478516 -0.1082558333873749 -0.6905701160430908
3873 0.5327510237693787 -0.1082558184862137 -0.6906519532203674
3874 0.5386404395103455 -0.1082558110356331 -0.6907086968421936
3875 0.5444427728652954 -0.1082558706402779 -0.6907395720481873
3876 0.5501440763473511 -0.1082559302449226 -0.690744161605835
3877 0.5557305812835693 -0.1082559898495674 -0.690722644329071
3878 0.5611888766288757 -0.1082560494542122 -0.6906754970550537
3879 0.5665057897567749 -0.1082560122013092 -0.6906035542488098
3880 0.5716684460639954 -0.1082559451460838 -0.6905081868171692
3881 0.5766645669937134 -0.1082558780908585 -0.6903911232948303
3882 0.58148193359375 -0.1082558184862137 -0.6902543306350708
3883 0.5861090421676636 -0.1082557588815689 -0.6901001930236816
3884 0.5905347466468811 -0.1082555279135704 -0.6899312734603882
3885 0.5947483777999878 -0.1082552522420883 -0.6897504925727844
3886 0.5987398028373718 -0.1082549914717674 -0.6895608305931091
3887 0.6024993062019348 -0.1082547381520271 -0.6893655061721802
3888 0.6060179471969604 -0.1082545071840286 -0.6891677379608154
3889 0.6092872023582458 -0.1082542911171913 -0.6889708042144775
3890 0.6122991442680359 -0.1082540974020958 -0.6887779831886292
3891 0.6150466203689575 -0.1082628145813942 -0.6885957717895508
3892 0.6175229549407959 -0.1082766875624657 -0.6884257793426514
3893 0.6197221875190735 -0.108289010822773 -0.6882684230804443
3894 0.62163907289505 -0.1082997471094131 -0.688126266002655
3895 0.6232688426971436 -0.108308881521225 -0.6880017518997192
3896 0.6246077418327332 -0.1083163842558861 -0.6878969073295593
3897 0.6256524324417114 -0.1083222404122353 -0.6878135204315186
3898 0.6264004707336426 -0.1083264350891113 -0.6877529621124268
3899 0.6268500089645386 -0.1083289533853531 -0.6877161860466003
3900 0.6269999742507935 -0.1083297953009605 -0.6877038478851318
3901 0.3781499862670898 -0.08677894622087479 -0.6792252659797668
3902 0.3779999911785126 -0.08677412569522858 -0.6792238354682922
3903 0.3785994946956635 -0.08679339289665222 -0.6792296767234802
3904 0.3793475329875946 -0.08681740611791611 -0.679237425327301
3905 0.3803922533988953 -0.08685091137886047 -0.6792491674423218
3906 0.3817311227321625 -0.08689712733030319 -0.6792666912078857
3907 0.3833609223365784 -0.08695637434720993 -0.6792912483215332
3908 0.3852777779102325 -0.08702593296766281 -0.6793231964111328
3909 0.3874770104885101 -0.08710556477308273 -0.6793639659881592
3910 0.3899533450603485 -0.0871950164437294 -0.6794148087501526
3911 0.3927008211612701 -0.08729398995637894 -0.6794771552085876
3912 0.3957127928733826 -0.08740216493606567 -0.6795523762702942
3913 0.398982048034668 -0.08751919865608215 -0.6796416640281677
3914 0.4025006592273712 -0.08762017637491226 -0.6797389984130859
3915 0.406260222196579 -0.08771703392267227 -0.6798489093780518
3916 0.4102515876293182 -0.08781017363071442 -0.6799723505973816
3917 0.4144652187824249 -0.08781060576438904 -0.6800834536552429
3918 0.4188909232616425 -0.08781106024980545 -0.6802099943161011
3919 0.423518031835556 -0.08781152963638306 -0.6803519129753113
3920 0.4283354580402374 -0.08781202137470245 -0.6805088520050049
3921 0.4333315193653107 -0.08781253546476364 -0.6806800961494446
3922 0.4384942352771759 -0.08781299740076065 -0.6808645129203796
3923 0.4438110888004303 -0.0878133624792099 -0.6810606718063354
3924 0.4492693841457367 -0.08781373500823975 -0.6812669038772583
3925 0.454855889081955 -0.08781334757804871 -0.6814809441566467
3926 0.4605571925640106 -0.08781290799379349 -0.6817007064819336
3927 0.4663595855236053 -0.08781274408102036 -0.6819238066673279
3928 0.4722490012645721 -0.08781272172927856 -0.6821475625038147
3929 0.4782112538814545 -0.08781269937753677 -0.6823689937591553
3930 0.4842320382595062 -0.08781267702579498 -0.6825854182243347
3931 0.490296870470047 -0.08781260997056961 -0.6827937364578247
3932 0.496391087770462 -0.08781250566244125 -0.6829912662506104
3933 0.5024999976158142 -0.0878124013543129 -0.6831751465797424
3934 0.508608877658844 -0.08781228959560394 -0.6833428740501404
3935 0.514703094959259 -0.08781221508979797 -0.6834920048713684
3936 0.5207679271697998 -0.08781220018863678 -0.6836204528808594
3937 0.5267887115478516 -0.08781218528747559 -0.6837263703346252
3938 0.5327510237693787 -0.08781217038631439 -0.6838082671165466
3939 0.5386404395103455 -0.0878121629357338 -0.6838650107383728
3940 0.5444427728652954 -0.08781221508979797 -0.6838958263397217
3941 0.5501440763473511 -0.08781226724386215 -0.6839004158973694
3942 0.5557305812835693 -0.08781231939792633 -0.6838788986206055
3943 0.5611888766288757 -0.08781236410140991 -0.6838317513465881
3944 0.5665057897567749 -0.08781233429908752 -0.6837598085403442
3945 0.5716684460639954 -0.08781228214502335 -0.6836644411087036
3946 0.5766645669937134 -0.08781222254037857 -0.6835473775863647
3947 0.58148193359375 -0.08781217783689499 -0.68341064453125
3948 0.5861090421676636 -0.08781212568283081 -0.6832565069198608
3949 0.5905347466468811 -0.08781193941831589 -0.6830876469612122
3950 0.5947483777999878 -0.08781170845031738 -0.6829068660736084
3951 0.5987398028373718 -0.08781149238348007 -0.6827172040939331
3952 0.6024993062019348 -0.08781129121780396 -0.6825218796730042
3953 0.6060179471969604 -0.08781109750270844 -0.6823241710662842
3954 0.6092872023582458 -0.08781091868877411 -0.6821272969245911
3955 0.6122991442680359 -0.08781076222658157 -0.6819344758987427
3956 0.6150466203689575 -0.08781805634498596 -0.6817511916160583
3957 0.6175229549407959 -0.08782967180013657 -0.6815794706344604
3958 0.6197221875190735 -0.08783998340368271 -0.6814205050468445
3959 0.62163907289505 -0.0878489762544632 -0.6812770366668701
3960 0.6232688426971436 -0.08785662055015564 -0.6811513304710388
3961 0.6246077418327332 -0.08786290138959885 -0.6810455918312073
3962 0.6256524324417114 -0.08786780387163162 -0.6809614300727844
3963 0.6264004707336426 -0.08787131309509277 -0.6809003353118896
3964 0.6268500089645386 -0.0878734290599823 -0.6808632612228394
3965 0.6269999742507935 -0.08787412941455841 -0.6808508634567261
3966 0.3781499862670898 -0.06578425318002701 -0.6738735437393188
3967 0.3779999911785126 -0.06578053534030914 -0.673872709274292
3968 0.3785994946956635 -0.06579539924860001 -0.6738761067390442
3969 0.3793475329875946 -0.06581392884254456 -0.6738808751106262
3970 0.3803922533988953 -0.06583978980779648 -0.6738884449005127
3971 0.3817311227321625 -0.06587544083595276 -0.6739002466201782
3972 0.3833609223365784 -0.06592114269733429 -0.6739174127578735
3973 0.3852777779102325 -0.06597480177879333 -0.6739406585693359
3974 0.3874770104885101 -0.06603623926639557 -0.6739714741706848
3975 0.3899533450603485 -0.06610524654388428 -0.6740111112594604
3976 0.3927008211612701 -0.06618160754442215 -0.6740610599517822
3977 0.3957127928733826 -0.06626506894826889 -0.67412269115448
3978 0.398982048034668 -0.06635536998510361 -0.6741973757743835
3979 0.4025006592273712 -0.06643316149711609 -0.6742819547653198
3980 0.406260222196579 -0.06650771945714951 -0.6743796467781067
3981 0.4102515876293182 -0.06657940894365311 -0.674491286277771
3982 0.4144652187824249 -0.06657974421977997 -0.6746023297309875
3983 0.4188909232616425 -0.06658009439706802 -0.6747288107872009
3984 0.423518031835556 -0.06658045947551727 -0.6748706698417664
3985 0.4283354580402374 -0.06658083945512772 -0.6750275492668152
3986 0.4333315193653107 -0.06658123433589935 -0.6751987338066101
3987 0.4384942352771759 -0.06658159196376801 -0.6753830909729004
3988 0.4438110888004303 -0.06658187508583069 -0.6755791902542114
3989 0.4492693841457367 -0.06658215820789337 -0.6757853627204895
3990 0.454855889081955 -0.06658186018466949 -0.6759994626045227
3991 0.4605571925640106 -0.06658151000738144 -0.6762192845344543
3992 0.4663595855236053 -0.06658139079809189 -0.6764424443244934
3993 0.4722490012645721 -0.0665813684463501 -0.6766661405563354
3994 0.4782112538814545 -0.0665813535451889 -0.6768876314163208
3995 0.4842320382595062 -0.06658133119344711 -0.6771039962768555
3996 0.490296870470047 -0.06658128648996353 -0.6773123741149902
3997 0.496391087770462 -0.06658120453357697 -0.6775099039077759
3998 0.5024999976158142 -0.0665811151266098 -0.677693784236908
3999 0.508608877658844 -0.06658103317022324 -0.6778615117073059
4000 0.514703094959259 -0.06658097356557846 -0.6780107021331787
4001 0.5207679271697998 -0.06658096611499786 -0.6781391501426697
4002 0.5267887115478516 -0.06658095121383667 -0.6782450675964355
4003 0.5327510237693787 -0.06658093631267548 -0.6783269643783569
4004 0.5386404395103455 -0.06658093631267548 -0.6783836483955383
4005 0.5444427728652954 -0.06658097356557846 -0.678414523601532
4006 0.5501440763473511 -0.06658101826906204 -0.6784191131591797
4007 0.5557305812835693 -0.06658105552196503 -0.678397536277771
4008 0.5611888766288757 -0.06658109277486801 -0.6783503890037537
4009 0.5665057897567749 -0.06658107042312622 -0.6782784461975098
4010 0.5716684460639954 -0.06658102571964264 -0.6781831383705139
4011 0.5766645669937134 -0.06658098846673965 -0.678066074848175
4012 0.58148193359375 -0.06658094376325607 -0.6779292821884155
4013 0.5861090421676636 -0.06658090651035309 -0.6777752041816711
4014 0.5905347466468811 -0.06658076494932175 -0.6776063442230225
4015 0.5947483777999878 -0.06658059358596802 -0.6774255633354187
4016 0.5987398028373718 -0.06658042967319489 -0.6772359609603882
4017 0.6024993062019348 -0.06658027321100235 -0.677040696144104
4018 0.6060179471969604 -0.06658012419939041 -0.676842987537384
4019 0.6092872023582458 -0.06657999008893967 -0.6766461133956909
4020 0.6122991442680359 -0.06657986342906952 -0.6764533519744873
4021 0.6150466203689575 -0.06658553332090378 -0.6762691140174866
4022 0.6175229549407959 -0.06659455597400665 -0.6760959029197693
4023 0.6197221875190735 -0.06660257279872894 -0.675935685634613
4024 0.62163907289505 -0.06660955399274826 -0.6757910847663879
4025 0.6232688426971436 -0.06661549210548401 -0.675664484500885
4026 0.6246077418327332 -0.06662037223577499 -0.6755579113960266
4027 0.6256524324417114 -0.06662418693304062 -0.675473153591156
4028 0.6264004707336426 -0.06662691384553909 -0.6754116415977478
4029 0.6268500089645386 -0.06662855297327042 -0.6753742694854736
4030 0.6269999742507935 -0.06662909686565399 -0.6753617525100708
4031 0.3781499862670898 -0.04419563338160515 -0.6699668765068054
4032 0.3779999911785126 -0.04419310390949249 -0.6699665188789368
4033 0.3785994946956635 -0.04420321807265282 -0.6699681282043457
4034 0.3793475329875946 -0.04421582818031311 -0.669970691204071
4035 0.3803922533988953 -0.04423341900110245 -0.6699751615524292
4036 0.3817311227321625 -0.04425767436623573 -0.6699826717376709
4037 0.3833609223365784 -0.0442887656390667 -0.6699943542480469
4038 0.3852777779102325 -0.04432526603341103 -0.6700112223625183
4039 0.3874770104885101 -0.04436706006526947 -0.6700345873832703
4040 0.3899533450603485 -0.04441400617361069 -0.6700659990310669
4041 0.3927008211612701 -0.04446595162153244 -0.6701067686080933
4042 0.3957127928733826 -0.0445227362215519 -0.670158326625824
4043 0.398982048034668 -0.04458417370915413 -0.6702221035957336
4044 0.4025006592273712 -0.0446370393037796 -0.6702973246574402
4045 0.406260222196579 -0.04468767717480659 -0.6703859567642212
4046 0.4102515876293182 -0.04473637416958809 -0.6704888939857483
4047 0.4144652187824249 -0.0447366014122963 -0.6705999374389648
4048 0.4188909232616425 -0.0447368398308754 -0.6707263588905334
4049 0.423518031835556 -0.0447370857000351 -0.6708681583404541
4050 0.4283354580402374 -0.04473734647035599 -0.6710250377655029
4051 0.4333315193653107 -0.04473761469125748 -0.6711961030960083
4052 0.4384942352771759 -0.04473786056041718 -0.6713804006576538
4053 0.4438110888004303 -0.0447380505502224 -0.6715764999389648
4054 0.4492693841457367 -0.04473824426531792 -0.6717826724052429
4055 0.454855889081955 -0.0447380393743515 -0.6719967722892761
4056 0.4605571925640106 -0.0447378009557724 -0.6722166538238525
4057 0.4663595855236053 -0.04473771527409554 -0.6724398136138916
4058 0.4722490012645721 -0.04473770409822464 -0.6726635098457336
4059 0.4782112538814545 -0.04473768919706345 -0.672885000705719
4060 0.4842320382595062 -0.04473767802119255 -0.6731013655662537
4061 0.490296870470047 -0.04473764449357986 -0.6733097434043884
4062 0.496391087770462 -0.04473758861422539 -0.6735072731971741
4063 0.5024999976158142 -0.04473753273487091 -0.6736912131309509
4064 0.508608877658844 -0.04473747313022614 -0.6738589406013489
4065 0.514703094959259 -0.04473743587732315 -0.6740081310272217
4066 0.5207679271697998 -0.04473742470145226 -0.6741365790367126
4067 0.5267887115478516 -0.04473741725087166 -0.6742424964904785
4068 0.5327510237693787 -0.04473740980029106 -0.6743243932723999
4069 0.5386404395103455 -0.04473740607500076 -0.6743810772895813
4070 0.5444427728652954 -0.04473743587732315 -0.674411952495575
4071 0.5501440763473511 -0.04473746195435524 -0.6744165420532227
4072 0.5557305812835693 -0.04473748803138733 -0.674394965171814
4073 0.5611888766288757 -0.04473751410841942 -0.6743478178977966
4074 0.5665057897567749 -0.04473749920725822 -0.6742758750915527
4075 0.5716684460639954 -0.04473746940493584 -0.6741805672645569
4076 0.5766645669937134 -0.04473744332790375 -0.674063503742218
4077 0.58148193359375 -0.04473741725087166 -0.6739267110824585
4078 0.5861090421676636 -0.04473739117383957 -0.6737726330757141
4079 0.5905347466468811 -0.04473729431629181 -0.6736037731170654
4080 0.5947483777999878 -0.04473717510700226 -0.6734230518341064
4081 0.5987398028373718 -0.0447370633482933 -0.6732334494590759
4082 0.6024993062019348 -0.04473695904016495 -0.6730381846427917
4083 0.6060179471969604 -0.04473685845732689 -0.6728405356407166
4084 0.6092872023582458 -0.04473676905035973 -0.6726436614990234
4085 0.6122991442680359 -0.04473668336868286 -0.6724509000778198
4086 0.6150466203689575 -0.04474056139588356 -0.6722660064697266
4087 0.6175229549407959 -0.04474672675132751 -0.6720917224884033
4088 0.6197221875190735 -0.04475220665335655 -0.6719305515289307
4089 0.62163907289505 -0.04475698247551918 -0.6717850565910339
4090 0.6232688426971436 -0.0447610430419445 -0.6716577410697937
4091 0.6246077418327332 -0.04476437717676163 -0.6715505719184875
4092 0.6256524324417114 -0.04476698115468025 -0.6714653968811035
4093 0.6264004707336426 -0.04476884752511978 -0.6714035272598267
4094 0.6268500089645386 -0.04476996883749962 -0.6713659763336182
4095 0.6269999742507935 -0.04477034136652946 -0.6713533997535706
4096 0.3781499862670898 -0.02220090292394161 -0.6675885915756226
4097 0.3779999911785126 -0.02219962142407894 -0.667588472366333
4098 0.3785994946956635 -0.02220474183559418 -0.667589008808136
4099 0.3793475329875946 -0.02221112325787544 -0.6675902009010315
4100 0.3803922533988953 -0.02222002856433392 -0.6675927639007568
4101 0.3817311227321625 -0.02223230339586735 -0.6675976514816284
4102 0.3833609223365784 -0.02224803902208805 -0.667605996131897
4103 0.3852777779102325 -0.02226651273667812 -0.6676188707351685
4104 0.3874770104885101 -0.02228766493499279 -0.6676377654075623
4105 0.3899533450603485 -0.02231142483651638 -0.6676640510559082
4106 0.3927008211612701 -0.02233771793544292 -0.6676991581916809
4107 0.3957127928733826 -0.02236645668745041 -0.6677445769309998
4108 0.398982048034668 -0.02239755354821682 -0.6678016185760498
4109 0.4025006592273712 -0.02242429554462433 -0.6678710579872131
4110 0.406260222196579 -0.02244989946484566 -0.6679542064666748
4111 0.4102515876293182 -0.02247452177107334 -0.6680518388748169
4112 0.4144652187824249 -0.02247463539242744 -0.6681628227233887
4113 0.4188909232616425 -0.02247475646436214 -0.6682892441749573
4114 0.423518031835556 -0.02247488126158714 -0.6684310436248779
4115 0.4283354580402374 -0.02247501350939274 -0.6685878038406372
4116 0.4333315193653107 -0.02247514761984348 -0.6687588691711426
4117 0.4384942352771759 -0.02247527241706848 -0.6689431667327881
4118 0.4438110888004303 -0.02247536927461624 -0.6691392064094543
4119 0.4492693841457367 -0.02247546799480915 -0.6693453788757324
4120 0.454855889081955 -0.02247536368668079 -0.6695594787597656
4121 0.4605571925640106 -0.02247524261474609 -0.6697794198989868
4122 0.4663595855236053 -0.02247519977390766 -0.6700025796890259
4123 0.4722490012645721 -0.02247519232332706 -0.6702262759208679
4124 0.4782112538814545 -0.02247518673539162 -0.6704477667808533
4125 0.4842320382595062 -0.02247517928481102 -0.6706641316413879
4126 0.490296870470047 -0.02247516252100468 -0.6708725094795227
4127 0.496391087770462 -0.02247513458132744 -0.6710700392723083
4128 0.5024999976158142 -0.02247510477900505 -0.6712539792060852
4129 0.508608877658844 -0.02247507683932781 -0.6714217662811279
4130 0.514703094959259 -0.02247505635023117 -0.671570897102356
4131 0.5207679271697998 -0.02247505262494087 -0.6716993451118469
4132 0.5267887115478516 -0.02247504889965057 -0.6718052625656128
4133 0.5327510237693787 -0.02247504331171513 -0.6718871593475342
4134 0.5386404395103455 -0.02247504331171513 -0.6719439029693604
4135 0.5444427728652954 -0.02247505635023117 -0.6719747185707092
4136 0.5501440763473511 -0.02247507125139236 -0.6719793081283569
4137 0.5557305812835693 -0.02247508428990841 -0.671957790851593
4138 0.5611888766288757 -0.02247509732842445 -0.6719105839729309
4139 0.5665057897567749 -0.02247508801519871 -0.6718387007713318
4140 0.5716684460639954 -0.02247507497668266 -0.6717433333396912
4141 0.5766645669937134 -0.02247506007552147 -0.6716262698173523
4142 0.58148193359375 -0.02247504703700542 -0.6714895367622375
4143 0.5861090421676636 -0.02247503399848938 -0.6713354587554932
4144 0.5905347466468811 -0.0224749855697155 -0.6711665987968445
4145 0.5947483777999878 -0.02247492596507072 -0.6709858775138855
4146 0.5987398028373718 -0.02247487008571625 -0.670796275138855
4147 0.6024993062019348 -0.02247481606900692 -0.6706010699272156
4148 0.6060179471969604 -0.02247476577758789 -0.6704033613204956
4149 0.6092872023582458 -0.02247472107410431 -0.6702065467834473
4150 0.6122991442680359 -0.02247467823326588 -0.6700137853622437
4151 0.6150466203689575 -0.02247664518654346 -0.6698284149169922
4152 0.6175229549407959 -0.02247977629303932 -0.6696534752845764
4153 0.6197221875190735 -0.02248255722224712 -0.669491708278656
4154 0.62163907289505 -0.02248498052358627 -0.6693457365036011
4155 0.6232688426971436 -0.02248704247176647 -0.6692179441452026
4156 0.6246077418327332 -0.02248873561620712 -0.6691104173660278
4157 0.6256524324417114 -0.02249005809426308 -0.6690249443054199
4158 0.6264004707336426 -0.02249100431799889 -0.6689628958702087
4159 0.6268500089645386 -0.0224915724247694 -0.6689252257347107
4160 0.6269999742507935 -0.02249176241457462 -0.6689125895500183
4161 0.3781499862670898 0 -0.6667900085449219
4162 0.3779999911785126 0 -0.6667900085449219
4163 0.3785994946956635 0 -0.6667901873588562
4164 0.3793475329875946 0 -0.6667909026145935
4165 0.3803922533988953 0 -0.6667928695678711
4166 0.3817311227321625 0 -0.666796863079071
4167 0.3833609223365784 0 -0.6668040156364441
4168 0.3852777779102325 0 -0.6668156385421753
4169 0.3874770104885101 0 -0.6668329238891602
4170 0.3899533450603485 0 -0.6668574810028076
4171 0.3927008211612701 0 -0.6668907403945923
4172 0.3957127928733826 0 -0.666934072971344
4173 0.398982048034668 0 -0.6669888496398926
4174 0.4025006592273712 0 -0.6670563220977783
4175 0.406260222196579 0 -0.667137622833252
4176 0.4102515876293182 0 -0.667233407497406
4177 0.4144652187824249 0 -0.6673443913459778
4178 0.4188909232616425 0 -0.6674708127975464
4179 0.423518031835556 0 -0.667612612247467
4180 0.4283354580402374 0 -0.6677694320678711
4181 0.4333315193653107 0 -0.6679404973983765
4182 0.4384942352771759 0 -0.6681247353553772
4183 0.4438110888004303 0 -0.6683207750320435
4184 0.4492693841457367 0 -0.6685268878936768
4185 0.454855889081955 0 -0.6687410473823547
4186 0.4605571925640106 0 -0.6689609885215759
4187 0.4663595855236053 0 -0.669184148311615
4188 0.4722490012645721 0 -0.669407844543457
4189 0.4782112538814545 0 -0.6696293354034424
4190 0.4842320382595062 0 -0.6698457598686218
4191 0.490296870470047 0 -0.6700541377067566
4192 0.496391087770462 0 -0.6702516674995422
4193 0.5024999976158142 0 -0.6704355478286743
4194 0.508608877658844 0 -0.670603334903717
4195 0.514703094959259 0 -0.6707524657249451
4196 0.5207679271697998 0 -0.6708809733390808
4197 0.5267887115478516 0 -0.6709868907928467
4198 0.5327510237693787 0 -0.6710687279701233
4199 0.5386404395103455 0 -0.6711254715919495
4200 0.5444427728652954 0 -0.6711562871932983
4201 0.5501440763473511 0 -0.671160876750946
4202 0.5557305812835693 0 -0.6711393594741821
4203 0.5611888766288757 0 -0.67109215259552
4204 0.5665057897567749 0 -0.6710202693939209
4205 0.5716684460639954 0 -0.6709249019622803
4206 0.5766645669937134 0 -0.6708078980445862
4207 0.58148193359375 0 -0.6706711053848267
4208 0.5861090421676636 0 -0.6705170273780823
4209 0.5905347466468811 0 -0.6703481674194336
4210 0.5947483777999878 0 -0.6701674461364746
4211 0.5987398028373718 0 -0.6699779033660889
4212 0.6024993062019348 0 -0.6697826385498047
4213 0.6060179471969604 0 -0.6695849895477295
4214 0.6092872023582458 0 -0.6693881154060364
4215 0.6122991442680359 0 -0.6691954135894775
4216 0.6150466203689575 0 -0.6690099239349365
4217 0.6175229549407959 0 -0.6688347458839417
4218 0.6197221875190735 0 -0.6686727404594421
4219 0.62163907289505 0 -0.6685265898704529
4220 0.6232688426971436 0 -0.6683986783027649
4221 0.6246077418327332 0 -0.6682910323143005
4222 0.6256524324417114 0 -0.6682054400444031
4223 0.6264004707336426 0 -0.6681432723999023
4224 0.6268500089645386 0 -0.6681056022644043
4225 0.6269999742507935 0 -0.6680929660797119
4226 0.3779999911785126 0.02219962142407894 -0.667588472366333
4227 0.3781499862670898 0.02220090292394161 -0.6675885915756226
4228 0.3785994946956635 0.02220474183559418 -0.667589008808136
4229 0.3793475329875946 0.02221112325787544 -0.6675902009010315
4230 0.3803922533988953 0.02222002856433392 -0.6675927639007568
4231 0.3817311227321625 0.02223230339586735 -0.6675976514816284
4232 0.3833609223365784 0.02224803902208805 -0.667605996131897
4233 0.3852777779102325 0.02226651273667812 -0.6676188707351685
4234 0.3874770104885101 0.02228766493499279 -0.6676377654075623
4235 0.3899533450603485 0.02231142483651638 -0.6676640510559082
4236 0.3927008211612701 0.02233771793544292 -0.6676991581916809
4237 0.3957127928733826 0.02236645668745041 -0.6677445769309998
4238 0.398982048034668 0.02239755354821682 -0.6678016185760498
4239 0.4025006592273712 0.02242429554462433 -0.6678710579872131
4240 0.406260222196579 0.02244989946484566 -0.6679542064666748
4241 0.4102515876293182 0.02247452177107334 -0.6680518388748169
4242 0.4144652187824249 0.02247463539242744 -0.6681628227233887
4243 0.4188909232616425 0.02247475646436214 -0.6682892441749573
4244 0.423518031835556 0.02247488126158714 -0.6684310436248779
4245 0.4283354580402374 0.02247501350939274 -0.6685878038406372
4246 0.4333315193653107 0.02247514761984348 -0.6687588691711426
4247 0.4384942352771759 0.02247527241706848 -0.6689431667327881
4248 0.4438110888004303 0.02247536927461624 -0.6691392064094543
4249 0.4492693841457367 0.02247546799480915 -0.6693453788757324
4250 0.454855889081955 0.02247536368668079 -0.6695594787597656
4251 0.4605571925640106 0.02247524261474609 -0.6697794198989868
4252 0.4663595855236053 0.02247519977390766 -0.6700025796890259
4253 0.4722490012645721 0.02247519232332706 -0.6702262759208679
4254 0.4782112538814545 0.02247518673539162 -0.6704477667808533
4255 0.4842320382595062 0.02247517928481102 -0.6706641316413879
4256 0.490296870470047 0.02247516252100468 -0.6708725094795227
4257 0.496391087770462 0.02247513458132744 -0.6710700392723083
4258 0.5024999976158142 0.02247510477900505 -0.6712539792060852
4259 0.508608877658844 0.02247507683932781 -0.6714217662811279
4260 0.514703094959259 0.02247505635023117 -0.671570897102356
4261 0.5207679271697998 0.02247505262494087 -0.6716993451118469
4262 0.5267887115478516 0.02247504889965057 -0.6718052625656128
4263 0.5327510237693787 0.02247504331171513 -0.6718871593475342
4264 0.5386404395103455 0.02247504331171513 -0.6719439029693604
4265 0.5444427728652954 0.02247505635023117 -0.6719747185707092
4266 0.5501440763473511 0.02247507125139236 -0.6719793081283569
4267 0.5557305812835693 0.02247508428990841 -0.671957790851593
4268 0.5611888766288757 0.02247509732842445 -0.6719105839729309
4269 0.5665057897567749 0.02247508801519871 -0.6718387007713318
4270 0.5716684460639954 0.02247507497668266 -0.6717433333396912
4271 0.5766645669937134 0.02247506007552147 -0.6716262698173523
4272 0.58148193359375 0.02247504703700542 -0.6714895367622375
4273 0.5861090421676636 0.02247503399848938 -0.6713354587554932
4274 0.5905347466468811 0.0224749855697155 -0.6711665987968445
4275 0.5947483777999878 0.02247492596507072 -0.6709858775138855
4276 0.5987398028373718 0.02247487008571625 -0.670796275138855
4277 0.6024993062019348 0.02247481606900692 -0.6706010699272156
4278 0.6060179471969604 0.02247476577758789 -0.6704033613204956
4279 0.6092872023582458 0.02247472107410431 -0.6702065467834473
4280 0.6122991442680359 0.02247467823326588 -0.6700137853622437
4281 0.6150466203689575 0.02247664518654346 -0.6698284149169922
4282 0.6175229549407959 0.02247977629303932 -0.6696534752845764
4283 0.6197221875190735 0.02248255722224712 -0.669491708278656
4284 0.62163907289505 0.02248498052358627 -0.6693457365036011
4285 0.6232688426971436 0.02248704247176647 -0.6692179441452026
4286 0.6246077418327332 0.02248873561620712 -0.6691104173660278
4287 0.6256524324417114 0.02249005809426308 -0.6690249443054199
4288 0.6264004707336426 0.02249100431799889 -0.6689628958702087
4289 0.6268500089645386 0.0224915724247694 -0.6689252257347107
4290 0.6269999742507935 0.02249176241457462 -0.6689125895500183
4291 0.3779999911785126 0.04419310390949249 -0.6699665188789368
4292 0.3781499862670898 0.04419563338160515 -0.6699668765068054
4293 0.3785994946956635 0.04420321807265282 -0.6699681282043457
4294 0.3793475329875946 0.04421582818031311 -0.669970691204071
4295 0.3803922533988953 0.04423341900110245 -0.6699751615524292
4296 0.3817311227321625 0.04425767436623573 -0.6699826717376709
4297 0.3833609223365784 0.0442887656390667 -0.6699943542480469
4298 0.3852777779102325 0.04432526603341103 -0.6700112223625183
4299 0.3874770104885101 0.04436706006526947 -0.6700345873832703
4300 0.3899533450603485 0.04441400617361069 -0.6700659990310669
4301 0.3927008211612701 0.04446595162153244 -0.6701067686080933
4302 0.3957127928733826 0.0445227362215519 -0.670158326625824
4303 0.398982048034668 0.04458417370915413 -0.6702221035957336
4304 0.4025006592273712 0.0446370393037796 -0.6702973246574402
4305 0.406260222196579 0.04468767717480659 -0.6703859567642212
4306 0.4102515876293182 0.04473637416958809 -0.6704888939857483
4307 0.4144652187824249 0.0447366014122963 -0.6705999374389648
4308 0.4188909232616425 0.0447368398308754 -0.6707263588905334
4309 0.423518031835556 0.0447370857000351 -0.6708681583404541
4310 0.4283354580402374 0.04473734647035599 -0.6710250377655029
4311 0.4333315193653107 0.04473761469125748 -0.6711961030960083
4312 0.4384942352771759 0.04473786056041718 -0.6713804006576538
4313 0.4438110888004303 0.0447380505502224 -0.6715764999389648
4314 0.4492693841457367 0.04473824426531792 -0.6717826724052429
4315 0.454855889081955 0.0447380393743515 -0.6719967722892761
4316 0.4605571925640106 0.0447378009557724 -0.6722166538238525
4317 0.4663595855236053 0.04473771527409554 -0.6724398136138916
4318 0.4722490012645721 0.04473770409822464 -0.6726635098457336
4319 0.4782112538814545 0.04473768919706345 -0.672885000705719
4320 0.4842320382595062 0.04473767802119255 -0.6731013655662537
4321 0.490296870470047 0.04473764449357986 -0.6733097434043884
4322 0.496391087770462 0.04473758861422539 -0.6735072731971741
4323 0.5024999976158142 0.04473753273487091 -0.6736912131309509
4324 0.508608877658844 0.04473747313022614 -0.6738589406013489
4325 0.514703094959259 0.04473743587732315 -0.6740081310272217
4326 0.5207679271697998 0.04473742470145226 -0.6741365790367126
4327 0.5267887115478516 0.04473741725087166 -0.6742424964904785
4328 0.5327510237693787 0.04473740980029106 -0.6743243932723999
4329 0.5386404395103455 0.04473740607500076 -0.6743810772895813
4330 0.5444427728652954 0.04473743587732315 -0.674411952495575
4331 0.5501440763473511 0.04473746195435524 -0.6744165420532227
4332 0.5557305812835693 0.04473748803138733 -0.674394965171814
4333 0.5611888766288757 0.04473751410841942 -0.6743478178977966
4334 0.5665057897567749 0.04473749920725822 -0.6742758750915527
4335 0.5716684460639954 0.04473746940493584 -0.6741805672645569
4336 0.5766645669937134 0.04473744332790375 -0.674063503742218
4337 0.58148193359375 0.04473741725087166 -0.6739267110824585
4338 0.5861090421676636 0.04473739117383957 -0.6737726330757141
4339 0.5905347466468811 0.04473729431629181 -0.6736037731170654
4340 0.5947483777999878 0.04473717510700226 -0.6734230518341064
4341 0.5987398028373718 0.0447370633482933 -0.6732334494590759
4342 0.6024993062019348 0.04473695904016495 -0.6730381846427917
4343 0.6060179471969604 0.04473685845732689 -0.6728405356407166
4344 0.6092872023582458 0.04473676905035973 -0.6726436614990234
4345 0.6122991442680359 0.04473668336868286 -0.6724509000778198
4346 0.6150466203689575 0.04474056139588356 -0.6722660064697266
4347 0.6175229549407959 0.04474672675132751 -0.6720917224884033
4348 0.6197221875190735 0.04475220665335655 -0.6719305515289307
4349 0.62163907289505 0.04475698247551918 -0.6717850565910339
4350 0.6232688426971436 0.0447610430419445 -0.6716577410697937
4351 0.6246077418327332 0.04476437717676163 -0.6715505719184875
4352 0.6256524324417114 0.04476698115468025 -0.6714653968811035
4353 0.6264004707336426 0.04476884752511978 -0.6714035272598267
4354 0.6268500089645386 0.04476996883749962 -0.6713659763336182
4355 0.6269999742507935 0.04477034136652946 -0.6713533997535706
4356 0.3779999911785126 0.06578053534030914 -0.673872709274292
4357 0.3781499862670898 0.06578425318002701 -0.6738735437393188
4358 0.3785994946956635 0.06579539924860001 -0.6738761067390442
4359 0.3793475329875946 0.06581392884254456 -0.6738808751106262
4360 0.3803922533988953 0.06583978980779648 -0.6738884449005127
4361 0.3817311227321625 0.06587544083595276 -0.6739002466201782
4362 0.3833609223365784 0.06592114269733429 -0.6739174127578735
4363 0.3852777779102325 0.06597480177879333 -0.6739406585693359
4364 0.3874770104885101 0.06603623926639557 -0.6739714741706848
4365 0.3899533450603485 0.06610524654388428 -0.6740111112594604
4366 0.3927008211612701 0.06618160754442215 -0.6740610599517822
4367 0.3957127928733826 0.06626506894826889 -0.67412269115448
4368 0.398982048034668 0.06635536998510361 -0.6741973757743835
4369 0.4025006592273712 0.06643316149711609 -0.6742819547653198
4370 0.406260222196579 0.06650771945714951 -0.6743796467781067
4371 0.4102515876293182 0.06657940894365311 -0.674491286277771
4372 0.4144652187824249 0.06657974421977997 -0.6746023297309875
4373 0.4188909232616425 0.06658009439706802 -0.6747288107872009
4374 0.423518031835556 0.06658045947551727 -0.6748706698417664
4375 0.4283354580402374 0.06658083945512772 -0.6750275492668152
4376 0.4333315193653107 0.06658123433589935 -0.6751987338066101
4377 0.4384942352771759 0.06658159196376801 -0.6753830909729004
4378 0.4438110888004303 0.06658187508583069 -0.6755791902542114
4379 0.4492693841457367 0.06658215820789337 -0.6757853627204895
4380 0.454855889081955 0.06658186018466949 -0.6759994626045227
4381 0.4605571925640106 0.06658151000738144 -0.6762192845344543
4382 0.4663595855236053 0.06658139079809189 -0.6764424443244934
4383 0.4722490012645721 0.0665813684463501 -0.6766661405563354
4384 0.4782112538814545 0.0665813535451889 -0.6768876314163208
4385 0.4842320382595062 0.06658133119344711 -0.6771039962768555
4386 0.490296870470047 0.06658128648996353 -0.6773123741149902
4387 0.496391087770462 0.06658120453357697 -0.6775099039077759
4388 0.5024999976158142 0.0665811151266098 -0.677693784236908
4389 0.508608877658844 0.06658103317022324 -0.6778615117073059
4390 0.514703094959259 0.06658097356557846 -0.6780107021331787
4391 0.5207679271697998 0.06658096611499786 -0.6781391501426697
4392 0.5267887115478516 0.06658095121383667 -0.6782450675964355
4393 0.5327510237693787 0.06658093631267548 -0.6783269643783569
4394 0.5386404395103455 0.06658093631267548 -0.6783836483955383
4395 0.5444427728652954 0.06658097356557846 -0.678414523601532
4396 0.5501440763473511 0.06658101826906204 -0.6784191131591797
4397 0.5557305812835693 0.06658105552196503 -0.678397536277771
4398 0.5611888766288757 0.06658109277486801 -0.6783503890037537
4399 0.5665057897567749 0.06658107042312622 -0.6782784461975098
4400 0.5716684460639954 0.06658102571964264 -0.6781831383705139
4401 0.5766645669937134 0.06658098846673965 -0.678066074848175
4402 0.58148193359375 0.06658094376325607 -0.6779292821884155
4403 0.5861090421676636 0.06658090651035309 -0.6777752041816711
4404 0.5905347466468811 0.06658076494932175 -0.6776063442230225
4405 0.5947483777999878 0.06658059358596802 -0.6774255633354187
4406 0.5987398028373718 0.06658042967319489 -0.6772359609603882
4407 0.6024993062019348 0.06658027321100235 -0.677040696144104
4408 0.6060179471969604 0.06658012419939041 -0.676842987537384
4409 0.6092872023582458 0.06657999008893967 -0.6766461133956909
4410 0.6122991442680359 0.06657986342906952 -0.6764533519744873
4411 0.6150466203689575 0.06658553332090378 -0.6762691140174866
4412 0.6175229549407959 0.06659455597400665 -0.6760959029197693
4413 0.6197221875190735 0.06660257279872894 -0.675935685634613
4414 0.62163907289505 0.06660955399274826 -0.6757910847663879
4415 0.6232688426971436 0.06661549210548401 -0.675664484500885
4416 0.6246077418327332 0.06662037223577499 -0.6755579113960266
4417 0.6256524324417114 0.06662418693304062 -0.675473153591156
4418 0.6264004707336426 0.06662691384553909 -0.6754116415977478
4419 0.6268500089645386 0.06662855297327042 -0.6753742694854736
4420 0.6269999742507935 0.06662909686565399 -0.6753617525100708
4421 0.3779999911785126 0.08677412569522858 -0.6792238354682922
4422 0.3781499862670898 0.08677894622087479 -0.6792252659797668
4423 0.3785994946956635 0.08679339289665222 -0.6792296767234802
4424 0.3793475329875946 0.08681740611791611 -0.679237425327301
4425 0.3803922533988953 0.08685091137886047 -0.6792491674423218
4426 0.3817311227321625 0.08689712733030319 -0.6792666912078857
4427 0.3833609223365784 0.08695637434720993 -0.6792912483215332
4428 0.3852777779102325 0.08702593296766281 -0.6793231964111328
4429 0.3874770104885101 0.08710556477308273 -0.6793639659881592
4430 0.3899533450603485 0.0871950164437294 -0.6794148087501526
4431 0.3927008211612701 0.08729398995637894 -0.6794771552085876
4432 0.3957127928733826 0.08740216493606567 -0.6795523762702942
4433 0.398982048034668 0.08751919865608215 -0.6796416640281677
4434 0.4025006592273712 0.08762017637491226 -0.6797389984130859
4435 0.406260222196579 0.08771703392267227 -0.6798489093780518
4436 0.4102515876293182 0.08781017363071442 -0.6799723505973816
4437 0.4144652187824249 0.08781060576438904 -0.6800834536552429
4438 0.4188909232616425 0.08781106024980545 -0.6802099943161011
4439 0.423518031835556 0.08781152963638306 -0.6803519129753113
4440 0.4283354580402374 0.08781202137470245 -0.6805088520050049
4441 0.4333315193653107 0.08781253546476364 -0.6806800961494446
4442 0.4384942352771759 0.08781299740076065 -0.6808645129203796
4443 0.4438110888004303 0.0878133624792099 -0.6810606718063354
4444 0.4492693841457367 0.08781373500823975 -0.6812669038772583
4445 0.454855889081955 0.08781334757804871 -0.6814809441566467
4446 0.4605571925640106 0.08781290799379349 -0.6817007064819336
4447 0.4663595855236053 0.08781274408102036 -0.6819238066673279
4448 0.4722490012645721 0.08781272172927856 -0.6821475625038147
4449 0.4782112538814545 0.08781269937753677 -0.6823689937591553
4450 0.4842320382595062 0.08781267702579498 -0.6825854182243347
4451 0.490296870470047 0.08781260997056961 -0.6827937364578247
4452 0.496391087770462 0.08781250566244125 -0.6829912662506104
4453 0.5024999976158142 0.0878124013543129 -0.6831751465797424
4454 0.508608877658844 0.08781228959560394 -0.6833428740501404
4455 0.514703094959259 0.08781221508979797 -0.6834920048713684
4456 0.5207679271697998 0.08781220018863678 -0.6836204528808594
4457 0.5267887115478516 0.08781218528747559 -0.6837263703346252
4458 0.5327510237693787 0.08781217038631439 -0.6838082671165466
4459 0.5386404395103455 0.0878121629357338 -0.6838650107383728
4460 0.5444427728652954 0.08781221508979797 -0.6838958263397217
4461 0.5501440763473511 0.08781226724386215 -0.6839004158973694
4462 0.5557305812835693 0.08781231939792633 -0.6838788986206055
4463 0.5611888766288757 0.08781236410140991 -0.6838317513465881
4464 0.5665057897567749 0.08781233429908752 -0.6837598085403442
4465 0.5716684460639954 0.08781228214502335 -0.6836644411087036
4466 0.5766645669937134 0.08781222254037857 -0.6835473775863647
4467 0.58148193359375 0.08781217783689499 -0.68341064453125
4468 0.5861090421676636 0.08781212568283081 -0.6832565069198608
4469 0.5905347466468811 0.08781193941831589 -0.6830876469612122
4470 0.5947483777999878 0.08781170845031738 -0.6829068660736084
4471 0.5987398028373718 0.08781149238348007 -0.6827172040939331
4472 0.6024993062019348 0.08781129121780396 -0.6825218796730042
4473 0.6060179471969604 0.08781109750270844 -0.6823241710662842
4474 0.6092872023582458 0.08781091868877411 -0.6821272969245911
4475 0.6122991442680359 0.08781076222658157 -0.6819344758987427
4476 0.6150466203689575 0.08781805634498596 -0.6817511916160583
4477 0.6175229549407959 0.08782967180013657 -0.6815794706344604
4478 0.6197221875190735 0.08783998340368271 -0.6814205050468445
4479 0.62163907289505 0.0878489762544632 -0.6812770366668701
4480 0.6232688426971436 0.08785662055015564 -0.6811513304710388
4481 0.6246077418327332 0.08786290138959885 -0.6810455918312073
4482 0.6256524324417114 0.08786780387163162 -0.6809614300727844
4483 0.6264004707336426 0.08787131309509277 -0.6809003353118896
4484 0.6268500089645386 0.0878734290599823 -0.6808632612228394
4485 0.6269999742507935 0.08787412941455841 -0.6808508634567261
4486 0.3779999911785126 0.1070034876465797 -0.6859079003334045
4487 0.3781499862670898 0.1070092916488647 -0.6859100461006165
4488 0.3785994946956635 0.1070267036557198 -0.6859166622161865
4489 0.3793475329875946 0.1070556491613388 -0.6859281063079834
4490 0.3803922533988953 0.1070960387587547 -0.6859449148178101
4491 0.3817311227321625 0.1071517467498779 -0.6859695315361023
4492 0.3833609223365784 0.1072231903672218 -0.6860030889511108
4493 0.3852777779102325 0.1073070541024208 -0.6860457062721252
4494 0.3874770104885101 0.1074030622839928 -0.6860986351966858
4495 0.3899533450603485 0.1075109019875526 -0.6861631870269775
4496 0.3927008211612701 0.1076302155852318 -0.6862407326698303
4497 0.3957127928733826 0.1077606230974197 -0.6863325238227844
4498 0.398982048034668 0.1079016923904419 -0.6864398717880249
4499 0.4025006592273712 0.1080236583948135 -0.6865528225898743
4500 0.406260222196579 0.1081407815217972 -0.6866778135299683
4501 0.4102515876293182 0.1082533970475197 -0.6868157386779785
4502 0.4144652187824249 0.1082539111375809 -0.6869269609451294
4503 0.4188909232616425 0.1082544550299644 -0.6870535612106323
4504 0.423518031835556 0.1082550287246704 -0.6871955394744873
4505 0.4283354580402374 0.1082556173205376 -0.6873525381088257
4506 0.4333315193653107 0.1082562357187271 -0.6875238418579102
4507 0.4384942352771759 0.1082567945122719 -0.68770831823349
4508 0.4438110888004303 0.1082572340965271 -0.6879045367240906
4509 0.4492693841457367 0.1082576811313629 -0.6881108283996582
4510 0.454855889081955 0.1082572266459465 -0.6883248090744019
4511 0.4605571925640106 0.1082566976547241 -0.6885445117950439
4512 0.4663595855236053 0.1082565039396286 -0.6887676119804382
4513 0.4722490012645721 0.1082564815878868 -0.6889913082122803
4514 0.4782112538814545 0.1082564517855644 -0.6892127990722656
4515 0.4842320382595062 0.108256421983242 -0.6894291639328003
4516 0.490296870470047 0.1082563549280167 -0.6896375417709351
4517 0.496391087770462 0.1082562208175659 -0.6898350119590759
4518 0.5024999976158142 0.1082560941576958 -0.690018892288208
4519 0.508608877658844 0.1082559674978256 -0.690186619758606
4520 0.514703094959259 0.1082558780908585 -0.690335750579834
4521 0.5207679271697998 0.1082558557391167 -0.690464198589325
4522 0.5267887115478516 0.1082558333873749 -0.6905701160430908
4523 0.5327510237693787 0.1082558184862137 -0.6906519532203674
4524 0.5386404395103455 0.1082558110356331 -0.6907086968421936
4525 0.5444427728652954 0.1082558706402779 -0.6907395720481873
4526 0.5501440763473511 0.1082559302449226 -0.690744161605835
4527 0.5557305812835693 0.1082559898495674 -0.690722644329071
4528 0.5611888766288757 0.1082560494542122 -0.6906754970550537
4529 0.5665057897567749 0.1082560122013092 -0.6906035542488098
4530 0.5716684460639954 0.1082559451460838 -0.6905081868171692
4531 0.5766645669937134 0.1082558780908585 -0.6903911232948303
4532 0.58148193359375 0.1082558184862137 -0.6902543306350708
4533 0.5861090421676636 0.1082557588815689 -0.6901001930236816
4534 0.5905347466468811 0.1082555279135704 -0.6899312734603882
4535 0.5947483777999878 0.1082552522420883 -0.6897504925727844
4536 0.5987398028373718 0.1082549914717674 -0.6895608305931091
4537 0.6024993062019348 0.1082547381520271 -0.6893655061721802
4538 0.6060179471969604 0.1082545071840286 -0.6891677379608154
4539 0.6092872023582458 0.1082542911171913 -0.6889708042144775
4540 0.6122991442680359 0.1082540974020958 -0.6887779831886292
4541 0.6150466203689575 0.1082628145813942 -0.6885957717895508
4542 0.6175229549407959 0.1082766875624657 -0.6884257793426514
4543 0.6197221875190735 0.108289010822773 -0.6882684230804443
4544 0.62163907289505 0.1082997471094131 -0.688126266002655
4545 0.6232688426971436 0.108308881521225 -0.6880017518997192
4546 0.6246077418327332 0.1083163842558861 -0.6878969073295593
4547 0.6256524324417114 0.1083222404122353 -0.6878135204315186
4548 0.6264004707336426 0.1083264350891113 -0.6877529621124268
4549 0.6268500089645386 0.1083289533853531 -0.6877161860466003
4550 0.6269999742507935 0.1083297953009605 -0.6877038478851318
4551 0.3779999911785126 0.1263199746608734 -0.6937885880470276
4552 0.3781499862670898 0.1263266354799271 -0.6937915682792664
4553 0.3785994946956635 0.1263466328382492 -0.6938007473945618
4554 0.3793475329875946 0.1263798624277115 -0.6938163042068481
4555 0.3803922533988953 0.1264262199401855 -0.6938390135765076
4556 0.3817311227321625 0.1264901906251907 -0.6938717365264893
4557 0.3833609223365784 0.1265722364187241 -0.6939157247543335
4558 0.3852777779102325 0.1266685575246811 -0.6939705610275269
4559 0.3874770104885101 0.1267788112163544 -0.6940374970436096
4560 0.3899533450603485 0.1269026547670364 -0.6941177845001221
4561 0.3927008211612701 0.1270396560430527 -0.694212794303894
4562 0.3957127928733826 0.1271893978118896 -0.6943236589431763
4563 0.398982048034668 0.1273513585329056 -0.6944516897201538
4564 0.4025006592273712 0.1274917423725128 -0.6945827007293701
4565 0.406260222196579 0.1276267468929291 -0.6947251558303833
4566 0.4102515876293182 0.1277565360069275 -0.6948798894882202
4567 0.4144652187824249 0.1277571320533752 -0.6949911117553711
4568 0.4188909232616425 0.1277577579021454 -0.6951178312301636
4569 0.423518031835556 0.1277584135532379 -0.6952599287033081
4570 0.4283354580402374 0.1277590841054916 -0.695417046546936
4571 0.4333315193653107 0.1277597993612289 -0.6955884099006653
4572 0.4384942352771759 0.1277604401111603 -0.6957729458808899
4573 0.4438110888004303 0.1277609318494797 -0.6959692239761353
4574 0.4492693841457367 0.1277614384889603 -0.6961755752563477
4575 0.454855889081955 0.1277609318494797 -0.6963894963264465
4576 0.4605571925640106 0.1277603358030319 -0.6966091394424438
4577 0.4663595855236053 0.1277601271867752 -0.6968322396278381
4578 0.4722490012645721 0.1277600973844528 -0.6970559358596802
4579 0.4782112538814545 0.1277600675821304 -0.6972774267196655
4580 0.4842320382595062 0.127760037779808 -0.6974937915802002
4581 0.490296870470047 0.1277599483728409 -0.6977021098136902
4582 0.496391087770462 0.1277598142623901 -0.6978995800018311
4583 0.5024999976158142 0.1277596652507782 -0.6980834603309631
4584 0.508608877658844 0.1277595162391663 -0.6982511281967163
4585 0.514703094959259 0.1277594119310379 -0.6984002590179443
4586 0.5207679271697998 0.1277593821287155 -0.6985287070274353
4587 0.5267887115478516 0.1277593672275543 -0.6986346244812012
4588 0.5327510237693787 0.1277593374252319 -0.6987164616584778
4589 0.5386404395103455 0.1277593374252319 -0.698773205280304
4590 0.5444427728652954 0.1277594119310379 -0.6988040804862976
4591 0.5501440763473511 0.1277594715356827 -0.6988086700439453
4592 0.5557305812835693 0.1277595460414886 -0.6987871527671814
4593 0.5611888766288757 0.1277596056461334 -0.6987400054931641
4594 0.5665057897567749 0.1277595609426498 -0.6986680626869202
4595 0.5716684460639954 0.1277594864368439 -0.6985726952552795
4596 0.5766645669937134 0.1277594119310379 -0.6984556317329407
4597 0.58148193359375 0.1277593374252319 -0.6983188390731812
4598 0.5861090421676636 0.127759262919426 -0.698164701461792
4599 0.5905347466468811 0.1277590095996857 -0.6979957222938538
4600 0.5947483777999878 0.1277586817741394 -0.6978148818016052
4601 0.5987398028373718 0.1277583688497543 -0.6976251602172852
4602 0.6024993062019348 0.1277580857276917 -0.6974298357963562
4603 0.6060179471969604 0.1277578175067902 -0.6972320079803467
4604 0.6092872023582458 0.1277575641870499 -0.6970350742340088
4605 0.6122991442680359 0.1277573257684708 -0.6968421936035156
4606 0.6150466203689575 0.1277672350406647 -0.6966612339019775
4607 0.6175229549407959 0.1277829706668854 -0.6964932084083557
4608 0.6197221875190735 0.1277969628572464 -0.6963375806808472
4609 0.62163907289505 0.127809152007103 -0.696196973323822
4610 0.6232688426971436 0.1278195232152939 -0.6960737109184265
4611 0.6246077418327332 0.1278280466794968 -0.6959699392318726
4612 0.6256524324417114 0.1278346925973892 -0.6958873867988586
4613 0.6264004707336426 0.1278394609689713 -0.6958274245262146
4614 0.6268500089645386 0.1278423219919205 -0.6957910060882568
4615 0.6269999742507935 0.1278432756662369 -0.6957787871360779
4616 0.3779999911785126 0.1445999890565872 -0.7027102708816528
4617 0.3781499862670898 0.1446073800325394 -0.702714204788208
4618 0.3785994946956635 0.1446295082569122 -0.7027260661125183
4619 0.3793475329875946 0.144666314125061 -0.7027462720870972
4620 0.3803922533988953 0.1447176486253738 -0.7027754187583923
4621 0.3817311227321625 0.1447885185480118 -0.7028170228004456
4622 0.3833609223365784 0.1448794454336166 -0.7028723955154419
4623 0.3852777779102325 0.144986167550087 -0.7029406428337097
4624 0.3874770104885101 0.1451083272695541 -0.7030229568481445
4625 0.3899533450603485 0.1452455371618271 -0.7031205296516418
4626 0.3927008211612701 0.1453973054885864 -0.7032346129417419
4627 0.3957127928733826 0.1455631703138351 -0.7033664584159851
4628 0.398982048034668 0.1457425802946091 -0.7035171389579773
4629 0.4025006592273712 0.1458985507488251 -0.7036681175231934
4630 0.406260222196579 0.1460487693548203 -0.7038298845291138
4631 0.4102515876293182 0.1461932063102722 -0.7040032148361206
4632 0.4144652187824249 0.1461938619613647 -0.704114556312561
4633 0.4188909232616425 0.1461945474147797 -0.7042413353919983
4634 0.423518031835556 0.1461952775716782 -0.7043835520744324
4635 0.4283354580402374 0.1461960226297379 -0.7045407295227051
4636 0.4333315193653107 0.1461968123912811 -0.7047122120857239
4637 0.4384942352771759 0.1461975127458572 -0.704896867275238
4638 0.4438110888004303 0.1461980640888214 -0.7050932049751282
4639 0.4492693841457367 0.1461986303329468 -0.7052996158599854
4640 0.454855889081955 0.1461980789899826 -0.7055134773254395
4641 0.4605571925640106 0.1461974382400513 -0.705733060836792
4642 0.4663595855236053 0.1461971998214722 -0.7059561014175415
4643 0.4722490012645721 0.1461971700191498 -0.7061797976493835
4644 0.4782112538814545 0.1461971402168274 -0.7064012885093689
4645 0.4842320382595062 0.146197110414505 -0.7066176533699036
4646 0.490296870470047 0.1461970210075378 -0.7068259716033936
4647 0.496391087770462 0.1461968570947647 -0.7070233821868896
4648 0.5024999976158142 0.1461966931819916 -0.7072072625160217
4649 0.508608877658844 0.1461965441703796 -0.7073749303817749
4650 0.514703094959259 0.1461964249610901 -0.7075240015983582
4651 0.5207679271697998 0.1461963951587677 -0.7076524496078491
4652 0.5267887115478516 0.1461963653564453 -0.707758367061615
4653 0.5327510237693787 0.1461963355541229 -0.7078402638435364
4654 0.5386404395103455 0.1461963355541229 -0.7078969478607178
4655 0.5444427728652954 0.1461964100599289 -0.7079278230667114
4656 0.5501440763473511 0.1461964845657349 -0.7079324722290039
4657 0.5557305812835693 0.146196573972702 -0.70791095495224
4658 0.5611888766288757 0.146196648478508 -0.7078638076782227
4659 0.5665057897567749 0.1461965888738632 -0.7077918648719788
4660 0.5716684460639954 0.1461964994668961 -0.7076964974403381
4661 0.5766645669937134 0.1461964100599289 -0.7075793743133545
4662 0.58148193359375 0.1461963355541229 -0.707442581653595
4663 0.5861090421676636 0.1461962461471558 -0.7072884440422058
4664 0.5905347466468811 0.1461959481239319 -0.7071194648742676
4665 0.5947483777999878 0.1461955904960632 -0.7069385647773743
4666 0.5987398028373718 0.1461952477693558 -0.7067487835884094
4667 0.6024993062019348 0.1461949199438095 -0.7065533995628357
4668 0.6060179471969604 0.1461946219205856 -0.7063555121421814
4669 0.6092872023582458 0.1461943387985229 -0.7061585187911987
4670 0.6122991442680359 0.1461940854787827 -0.7059656381607056
4671 0.6150466203689575 0.1462048888206482 -0.7057859897613525
4672 0.6175229549407959 0.1462220847606659 -0.7056200504302979
4673 0.6197221875190735 0.1462373733520508 -0.7054662704467773
4674 0.62163907289505 0.1462506949901581 -0.7053272724151611
4675 0.6232688426971436 0.1462620198726654 -0.7052054405212402
4676 0.6246077418327332 0.1462713330984116 -0.705102801322937
4677 0.6256524324417114 0.146278589963913 -0.70502108335495
4678 0.6264004707336426 0.1462837904691696 -0.7049617767333984
4679 0.6268500089645386 0.1462869197130203 -0.7049257159233093
4680 0.6269999742507935 0.1462879627943039 -0.7049136757850647
4681 0.3779999911785126 0.1617470979690552 -0.7125034928321838
4682 0.3781499862670898 0.1617550402879715 -0.7125083804130554
4683 0.3785994946956635 0.1617788672447205 -0.7125232219696045
4684 0.3793475329875946 0.1618184894323349 -0.7125482559204102
4685 0.3803922533988953 0.1618737727403641 -0.7125841975212097
4686 0.3817311227321625 0.161950096487999 -0.7126351594924927
4687 0.3833609223365784 0.1620480567216873 -0.7127026319503784
4688 0.3852777779102325 0.1621630191802979 -0.7127850651741028
4689 0.3874770104885101 0.1622946113348007 -0.7128835916519165
4690 0.3899533450603485 0.1624424010515213 -0.7129994034767151
4691 0.3927008211612701 0.162605881690979 -0.713133692741394
4692 0.3957127928733826 0.1627845019102097 -0.7132876515388489
4693 0.398982048034668 0.1629776954650879 -0.7134622931480408
4694 0.4025006592273712 0.1631462424993515 -0.7136344909667969
4695 0.406260222196579 0.1633089184761047 -0.7138169407844543
4696 0.4102515876293182 0.163465291261673 -0.7140101790428162
4697 0.4144652187824249 0.1634659916162491 -0.7141215801239014
4698 0.4188909232616425 0.1634667366743088 -0.7142484784126282
4699 0.423518031835556 0.1634675115346909 -0.714390754699707
4700 0.4283354580402374 0.1634683310985565 -0.7145480513572693
4701 0.4333315193653107 0.1634691655635834 -0.7147196531295776
4702 0.4384942352771759 0.1634699404239655 -0.7149043679237366
4703 0.4438110888004303 0.163470521569252 -0.7151008248329163
4704 0.4492693841457367 0.163471132516861 -0.7153072953224182
4705 0.454855889081955 0.1634705513715744 -0.7155210971832275
4706 0.4605571925640106 0.1634698659181595 -0.7157405614852905
4707 0.4663595855236053 0.1634696274995804 -0.71596360206604
4708 0.4722490012645721 0.163469597697258 -0.7161872982978821
4709 0.4782112538814545 0.1634695678949356 -0.7164087891578674
4710 0.4842320382595062 0.1634695380926132 -0.7166251540184021
4711 0.490296870470047 0.1634694486856461 -0.7168334722518921
4712 0.496391087770462 0.1634692698717117 -0.7170308828353882
4713 0.5024999976158142 0.1634691059589386 -0.7172147035598755
4714 0.508608877658844 0.1634689271450043 -0.7173823118209839
4715 0.514703094959259 0.1634688079357147 -0.7175314426422119
4716 0.5207679271697998 0.1634687781333923 -0.7176598906517029
4717 0.5267887115478516 0.1634687483310699 -0.717765748500824
4718 0.5327510237693787 0.1634687185287476 -0.7178476452827454
4719 0.5386404395103455 0.1634687036275864 -0.7179043889045715
4720 0.5444427728652954 0.1634687930345535 -0.7179352641105652
4721 0.5501440763473511 0.1634688824415207 -0.7179399132728577
4722 0.5557305812835693 0.1634689569473267 -0.7179183959960938
4723 0.5611888766288757 0.1634690463542938 -0.7178712487220764
4724 0.5665057897567749 0.163468986749649 -0.7177993059158325
4725 0.5716684460639954 0.1634688824415207 -0.7177039384841919
4726 0.5766645669937134 0.1634687930345535 -0.7175868153572083
4727 0.58148193359375 0.1634686887264252 -0.717449963092804
4728 0.5861090421676636 0.163468599319458 -0.7172958254814148
4729 0.5905347466468811 0.1634682863950729 -0.7171267867088318
4730 0.5947483777999878 0.1634678840637207 -0.7169458270072937
4731 0.5987398028373718 0.1634675115346909 -0.7167560458183289
4732 0.6024993062019348 0.1634671539068222 -0.7165605425834656
4733 0.6060179471969604 0.1634668260812759 -0.7163626551628113
4734 0.6092872023582458 0.1634665131568909 -0.7161656618118286
4735 0.6122991442680359 0.1634662300348282 -0.7159727215766907
4736 0.6150466203689575 0.1634776741266251 -0.7157943844795227
4737 0.6175229549407959 0.1634958982467651 -0.7156305909156799
4738 0.6197221875190735 0.1635120809078217 -0.7154786586761475
4739 0.62163907289505 0.1635261923074722 -0.715341329574585
4740 0.6232688426971436 0.1635381877422333 -0.7152208685874939
4741 0.6246077418327332 0.1635480523109436 -0.7151193618774414
4742 0.6256524324417114 0.1635557413101196 -0.7150385975837708
4743 0.6264004707336426 0.1635612398386002 -0.714979887008667
4744 0.6268500089645386 0.1635645627975464 -0.7149442434310913
4745 0.6269999742507935 0.1635656654834747 -0.7149323225021362
4746 0.3779999911785126 0.1776928305625916 -0.7229909300804138
4747 0.3781499862670898 0.1777012050151825 -0.7229968309402466
4748 0.3785994946956635 0.1777262687683105 -0.7230145931243896
4749 0.3793475329875946 0.1777679473161697 -0.7230446338653564
4750 0.3803922533988953 0.1778260767459869 -0.72308748960495
4751 0.3817311227321625 0.177906408905983 -0.7231480479240417
4752 0.3833609223365784 0.1780095249414444 -0.723227858543396
4753 0.3852777779102325 0.1781305521726608 -0.7233247756958008
4754 0.3874770104885101 0.1782690733671188 -0.7234398722648621
4755 0.3899533450603485 0.1784246265888214 -0.7235743403434753
4756 0.3927008211612701 0.1785966753959656 -0.7237293124198914
4757 0.3957127928733826 0.178784653544426 -0.7239059209823608
4758 0.398982048034668 0.1789879202842712 -0.7241050004959106
4759 0.4025006592273712 0.1791660189628601 -0.7242991328239441
4760 0.406260222196579 0.179338276386261 -0.7245030999183655
4761 0.4102515876293182 0.179503858089447 -0.7247170209884644
4762 0.4144652187824249 0.1795046031475067 -0.7248285412788391
4763 0.4188909232616425 0.1795053780078888 -0.7249554991722107
4764 0.423518031835556 0.1795061975717545 -0.7250978350639343
4765 0.4283354580402374 0.1795070469379425 -0.7252552509307861
4766 0.4333315193653107 0.1795079261064529 -0.725426971912384
4767 0.4384942352771759 0.1795087307691574 -0.7256118059158325
4768 0.4438110888004303 0.1795093417167664 -0.7258082628250122
4769 0.4492693841457367 0.1795099824666977 -0.7260148525238037
4770 0.454855889081955 0.1795093864202499 -0.7262285947799683
4771 0.4605571925640106 0.179508700966835 -0.7264479994773865
4772 0.4663595855236053 0.1795084625482559 -0.7266709804534912
4773 0.4722490012645721 0.1795084327459335 -0.7268946766853333
4774 0.4782112538814545 0.1795084029436111 -0.7271161675453186
4775 0.4842320382595062 0.1795083731412888 -0.7273325324058533
4776 0.490296870470047 0.1795082837343216 -0.7275408506393433
4777 0.496391087770462 0.1795081049203873 -0.7277382612228394
4778 0.5024999976158142 0.1795079261064529 -0.7279220223426819
4779 0.508608877658844 0.1795077472925186 -0.7280896902084351
4780 0.514703094959259 0.1795076131820679 -0.7282387614250183
4781 0.5207679271697998 0.1795075833797455 -0.7283671498298645
4782 0.5267887115478516 0.1795075535774231 -0.7284730672836304
4783 0.5327510237693787 0.1795075088739395 -0.7285549640655518
4784 0.5386404395103455 0.1795075088739395 -0.7286116480827332
4785 0.5444427728652954 0.1795075982809067 -0.7286425232887268
4786 0.5501440763473511 0.1795076876878738 -0.7286471724510193
4787 0.5557305812835693 0.1795077621936798 -0.7286257147789001
4788 0.5611888766288757 0.179507851600647 -0.7285785675048828
4789 0.5665057897567749 0.1795077919960022 -0.7285066246986389
4790 0.5716684460639954 0.1795076876878738 -0.7284111976623535
4791 0.5766645669937134 0.1795075833797455 -0.7282940745353699
4792 0.58148193359375 0.1795074790716171 -0.7281572818756104
4793 0.5861090421676636 0.1795073747634888 -0.7280030846595764
4794 0.5905347466468811 0.1795070320367813 -0.7278339862823486
4795 0.5947483777999878 0.1795065999031067 -0.7276529669761658
4796 0.5987398028373718 0.1795061975717545 -0.7274631261825562
4797 0.6024993062019348 0.1795058250427246 -0.7272676229476929
4798 0.6060179471969604 0.179505467414856 -0.7270696759223938
4799 0.6092872023582458 0.1795051395893097 -0.7268726229667664
4800 0.6122991442680359 0.1795048266649246 -0.7266796231269836
4801 0.6150466203689575 0.1795166283845901 -0.7265025973320007
4802 0.6175229549407959 0.1795354336500168 -0.7263408303260803
4803 0.6197221875190735 0.1795521378517151 -0.7261908054351807
4804 0.62163907289505 0.1795666962862015 -0.7260550260543823
4805 0.6232688426971436 0.1795790791511536 -0.7259359359741211
4806 0.6246077418327332 0.1795892417430878 -0.7258355617523193
4807 0.6256524324417114 0.1795971840620041 -0.7257556319236755
4808 0.6264004707336426 0.1796028614044189 -0.7256975173950195
4809 0.6268500089645386 0.1796062737703323 -0.7256622910499573
4810 0.6269999742507935 0.1796074211597443 -0.7256504893302917
4811 0.3779999911785126 0.1923965066671371 -0.7339927554130554
4812 0.3781499862670898 0.1924051344394684 -0.7339996099472046
4813 0.3785994946956635 0.1924309879541397 -0.7340203523635864
4814 0.3793475329875946 0.1924739629030228 -0.7340552806854248
4815 0.3803922533988953 0.1925339251756668 -0.7341049909591675
4816 0.3817311227321625 0.1926168203353882 -0.7341750264167786
4817 0.3833609223365784 0.192723274230957 -0.7342671155929565
4818 0.3852777779102325 0.1928482055664062 -0.7343783974647522
4819 0.3874770104885101 0.1929911971092224 -0.7345100045204163
4820 0.3899533450603485 0.1931517273187637 -0.7346630692481995
4821 0.3927008211612701 0.1933292746543884 -0.7348385453224182
4822 0.3957127928733826 0.1935232430696487 -0.7350375652313232
4823 0.398982048034668 0.1937329918146133 -0.7352610230445862
4824 0.4025006592273712 0.1939176172018051 -0.7354772090911865
4825 0.406260222196579 0.1940966546535492 -0.7357028722763062
4826 0.4102515876293182 0.1942687332630157 -0.7359377145767212
4827 0.4144652187824249 0.1942694932222366 -0.7360492944717407
4828 0.4188909232616425 0.1942702978849411 -0.7361763715744019
4829 0.423518031835556 0.1942711472511292 -0.736318826675415
4830 0.4283354580402374 0.1942720115184784 -0.7364763617515564
4831 0.4333315193653107 0.1942729204893112 -0.7366481423377991
4832 0.4384942352771759 0.1942737549543381 -0.7368330955505371
4833 0.4438110888004303 0.1942743808031082 -0.7370296716690063
4834 0.4492693841457367 0.1942750364542007 -0.7372362613677979
4835 0.454855889081955 0.1942744553089142 -0.7374499440193176
4836 0.4605571925640106 0.1942737698554993 -0.7376693487167358
4837 0.4663595855236053 0.1942735314369202 -0.7378922700881958
4838 0.4722490012645721 0.1942735016345978 -0.7381160259246826
4839 0.4782112538814545 0.1942734867334366 -0.7383374571800232
4840 0.4842320382595062 0.1942734569311142 -0.7385538220405579
4841 0.490296870470047 0.194273367524147 -0.7387621402740479
4842 0.496391087770462 0.1942731738090515 -0.7389594912528992
4843 0.5024999976158142 0.1942729949951172 -0.7391433119773865
4844 0.508608877658844 0.1942728161811829 -0.7393109202384949
4845 0.514703094959259 0.1942726820707321 -0.7394599318504333
4846 0.5207679271697998 0.1942726522684097 -0.7395883798599243
4847 0.5267887115478516 0.1942726075649261 -0.7396942973136902
4848 0.5327510237693787 0.1942725777626038 -0.7397761344909668
4849 0.5386404395103455 0.1942725628614426 -0.739832878112793
4850 0.5444427728652954 0.1942726522684097 -0.7398637533187866
4851 0.5501440763473511 0.1942727416753769 -0.7398684024810791
4852 0.5557305812835693 0.1942728310823441 -0.73984694480896
4853 0.5611888766288757 0.1942729204893112 -0.7397998571395874
4854 0.5665057897567749 0.1942728608846664 -0.7397278547286987
4855 0.5716684460639954 0.1942727416753769 -0.7396324276924133
4856 0.5766645669937134 0.1942726224660873 -0.7395153045654297
4857 0.58148193359375 0.194272518157959 -0.7393784523010254
4858 0.5861090421676636 0.1942724138498306 -0.7392242550849915
4859 0.5905347466468811 0.1942720413208008 -0.7390551567077637
4860 0.5947483777999878 0.194271594285965 -0.738874077796936
4861 0.5987398028373718 0.1942711770534515 -0.7386841773986816
4862 0.6024993062019348 0.1942707747220993 -0.7384885549545288
4863 0.6060179471969604 0.1942703872919083 -0.7382906079292297
4864 0.6092872023582458 0.1942700445652008 -0.7380934953689575
4865 0.6122991442680359 0.1942697316408157 -0.7379004955291748
4866 0.6150466203689575 0.1942816227674484 -0.7377246022224426
4867 0.6175229549407959 0.194300577044487 -0.737564742565155
4868 0.6197221875190735 0.194317415356636 -0.7374163866043091
4869 0.62163907289505 0.194332093000412 -0.7372820973396301
4870 0.6232688426971436 0.1943445801734924 -0.7371642589569092
4871 0.6246077418327332 0.1943548321723938 -0.7370649576187134
4872 0.6256524324417114 0.1943628340959549 -0.7369858026504517
4873 0.6264004707336426 0.1943685561418533 -0.7369282841682434
4874 0.6268500089645386 0.1943719983100891 -0.7368934154510498
4875 0.6269999742507935 0.1943731606006622 -0.7368816733360291
4876 0.3779999911785126 0.2058437764644623 -0.7453320026397705
4877 0.3781499862670898 0.2058525234460831 -0.7453398108482361
4878 0.3785994946956635 0.205878734588623 -0.7453634142875671
4879 0.3793475329875946 0.2059223055839539 -0.7454030513763428
4880 0.3803922533988953 0.2059831023216248 -0.7454593181610107
4881 0.3817311227321625 0.2060671895742416 -0.7455385327339172
4882 0.3833609223365784 0.2061752378940582 -0.7456424832344055
4883 0.3852777779102325 0.2063020318746567 -0.7457676529884338
4884 0.3874770104885101 0.2064471244812012 -0.7459152340888977
4885 0.3899533450603485 0.2066100090742111 -0.7460861206054688
4886 0.3927008211612701 0.2067901492118835 -0.7462814450263977
4887 0.3957127928733826 0.2069869339466095 -0.746502161026001
4888 0.398982048034668 0.2071996778249741 -0.7467490434646606
4889 0.4025006592273712 0.2073879688978195 -0.7469868659973145
4890 0.406260222196579 0.2075711041688919 -0.747234046459198
4891 0.4102515876293182 0.2077470719814301 -0.7474895715713501
4892 0.4144652187824249 0.2077478617429733 -0.7476012706756592
4893 0.4188909232616425 0.2077486664056778 -0.7477284073829651
4894 0.423518031835556 0.2077495157718658 -0.7478709816932678
4895 0.4283354580402374 0.2077504098415375 -0.748028576374054
4896 0.4333315193653107 0.2077513337135315 -0.7482004761695862
4897 0.4384942352771759 0.2077521681785583 -0.748385488986969
4898 0.4438110888004303 0.2077528089284897 -0.748582124710083
4899 0.4492693841457367 0.2077534645795822 -0.7487888336181641
4900 0.454855889081955 0.2077528983354568 -0.7490024566650391
4901 0.4605571925640106 0.2077522277832031 -0.7492218017578125
4902 0.4663595855236053 0.2077520042657852 -0.7494447231292725
4903 0.4722490012645721 0.207751989364624 -0.7496684789657593
4904 0.4782112538814545 0.2077519595623016 -0.7498899102210999
4905 0.4842320382595062 0.2077519446611404 -0.7501062750816345
4906 0.490296870470047 0.2077518552541733 -0.7503145933151245
4907 0.496391087770462 0.207751676440239 -0.7505119442939758
4908 0.5024999976158142 0.2077514827251434 -0.7506957054138184
4909 0.508608877658844 0.2077513039112091 -0.7508633136749268
4910 0.514703094959259 0.2077511698007584 -0.7510123252868652
4911 0.5207679271697998 0.2077511250972748 -0.7511407732963562
4912 0.5267887115478516 0.2077510952949524 -0.7512466311454773
4913 0.5327510237693787 0.2077510505914688 -0.7513285279273987
4914 0.5386404395103455 0.2077510356903076 -0.7513852119445801
4915 0.5444427728652954 0.207751139998436 -0.7514161467552185
4916 0.5501440763473511 0.2077512294054031 -0.751420795917511
4917 0.5557305812835693 0.2077513188123703 -0.7513993382453918
4918 0.5611888766288757 0.2077514082193375 -0.7513522505760193
4919 0.5665057897567749 0.2077513337135315 -0.7512802481651306
4920 0.5716684460639954 0.2077512145042419 -0.7511848211288452
4921 0.5766645669937134 0.2077510952949524 -0.7510676383972168
4922 0.58148193359375 0.2077509760856628 -0.7509307861328125
4923 0.5861090421676636 0.2077508717775345 -0.7507765889167786
4924 0.5905347466468811 0.2077504843473434 -0.750607430934906
4925 0.5947483777999878 0.2077500224113464 -0.7504262924194336
4926 0.5987398028373718 0.2077495753765106 -0.7502363324165344
4927 0.6024993062019348 0.2077491581439972 -0.7500406503677368
4928 0.6060179471969604 0.2077487707138062 -0.749842643737793
4929 0.6092872023582458 0.2077484130859375 -0.749645471572876
4930 0.6122991442680359 0.20774807035923 -0.7494524121284485
4931 0.6150466203689575 0.2077598124742508 -0.7492775917053223
4932 0.6175229549407959 0.2077785283327103 -0.7491194605827332
4933 0.6197221875190735 0.2077951580286026 -0.7489725351333618
4934 0.62163907289505 0.207809641957283 -0.7488395571708679
4935 0.6232688426971436 0.2078219652175903 -0.7487228512763977
4936 0.6246077418327332 0.207832083106041 -0.7486243844032288
4937 0.6256524324417114 0.2078399956226349 -0.7485460042953491
4938 0.6264004707336426 0.2078456431627274 -0.7484889626502991
4939 0.6268500089645386 0.2078490406274796 -0.7484543919563293
4940 0.6269999742507935 0.2078501731157303 -0.7484427690505981
4941 0.3779999911785126 0.2180444747209549 -0.7568393349647522
4942 0.3781499862670898 0.2180532068014145 -0.7568480372428894
4943 0.3785994946956635 0.2180793732404709 -0.7568742632865906
4944 0.3793475329875946 0.2181228995323181 -0.7569183707237244
4945 0.3803922533988953 0.2181835919618607 -0.7569807767868042
4946 0.3817311227321625 0.2182676196098328 -0.7570686340332031
4947 0.3833609223365784 0.2183756530284882 -0.7571836113929749
4948 0.3852777779102325 0.218502402305603 -0.7573218941688538
4949 0.3874770104885101 0.2186474353075027 -0.7574843764305115
4950 0.3899533450603485 0.2188102602958679 -0.7576720714569092
4951 0.3927008211612701 0.218990296125412 -0.7578859925270081
4952 0.3957127928733826 0.219186931848526 -0.758126974105835
4953 0.398982048034668 0.2193994969129562 -0.7583959102630615
4954 0.4025006592273712 0.2195888012647629 -0.7586544156074524
4955 0.406260222196579 0.2197735160589218 -0.7589223980903625
4956 0.4102515876293182 0.2199510037899017 -0.7591979503631592
4957 0.4144652187824249 0.2199517786502838 -0.759309709072113
4958 0.4188909232616425 0.2199525833129883 -0.7594369649887085
4959 0.423518031835556 0.2199534326791763 -0.759579598903656
4960 0.4283354580402374 0.219954326748848 -0.7597373127937317
4961 0.4333315193653107 0.2199552357196808 -0.7599092721939087
4962 0.4384942352771759 0.2199560701847076 -0.7600944042205811
4963 0.4438110888004303 0.219956710934639 -0.7602910995483398
4964 0.4492693841457367 0.2199573516845703 -0.7604978680610657
4965 0.454855889081955 0.2199568301439285 -0.7607114911079407
4966 0.4605571925640106 0.2199561893939972 -0.7609307765960693
4967 0.4663595855236053 0.2199559807777405 -0.7611536979675293
4968 0.4722490012645721 0.2199559658765793 -0.7613774538040161
4969 0.4782112538814545 0.2199559509754181 -0.7615988850593567
4970 0.4842320382595062 0.2199559360742569 -0.7618152499198914
4971 0.490296870470047 0.2199558466672897 -0.7620235681533813
4972 0.496391087770462 0.2199556678533554 -0.7622209191322327
4973 0.5024999976158142 0.2199554890394211 -0.7624046802520752
4974 0.508608877658844 0.2199553102254868 -0.7625722289085388
4975 0.514703094959259 0.219955176115036 -0.7627212405204773
4976 0.5207679271697998 0.2199551463127136 -0.7628496885299683
4977 0.5267887115478516 0.21995510160923 -0.7629555463790894
4978 0.5327510237693787 0.2199550569057465 -0.763037383556366
4979 0.5386404395103455 0.2199550420045853 -0.7630941271781921
4980 0.5444427728652954 0.2199551463127136 -0.7631250023841858
4981 0.5501440763473511 0.2199552357196808 -0.763129711151123
4982 0.5557305812835693 0.2199553251266479 -0.7631082534790039
4983 0.5611888766288757 0.2199554145336151 -0.7630611658096313
4984 0.5665057897567749 0.2199553400278091 -0.7629891633987427
4985 0.5716684460639954 0.2199552059173584 -0.7628937363624573
4986 0.5766645669937134 0.2199550867080688 -0.7627765536308289
4987 0.58148193359375 0.2199549674987793 -0.7626396417617798
4988 0.5861090421676636 0.2199548482894897 -0.7624854445457458
4989 0.5905347466468811 0.2199544608592987 -0.7623162269592285
4990 0.5947483777999878 0.2199539840221405 -0.7621350288391113
4991 0.5987398028373718 0.2199535220861435 -0.7619450092315674
4992 0.6024993062019348 0.2199530899524689 -0.7617493271827698
4993 0.6060179471969604 0.2199526876211166 -0.7615512013435364
4994 0.6092872023582458 0.219952329993248 -0.7613540291786194
4995 0.6122991442680359 0.2199519872665405 -0.7611609101295471
4996 0.6150466203689575 0.2199633419513702 -0.7609869241714478
4997 0.6175229549407959 0.219981461763382 -0.7608301639556885
4998 0.6197221875190735 0.2199975401163101 -0.7606844902038574
4999 0.62163907289505 0.2200115770101547 -0.7605525255203247
5000 0.6232688426971436 0.2200234979391098 -0.7604366540908813
5001 0.6246077418327332 0.2200332880020142 -0.7603389620780945
5002 0.6256524324417114 0.2200409322977066 -0.7602611184120178
5003 0.6264004707336426 0.2200464159250259 -0.760204553604126
5004 0.6268500089645386 0.2200497090816498 -0.7601701617240906
5005 0.6269999742507935 0.2200507968664169 -0.7601586580276489
5006 0.3779999911785126 0.2290296852588654 -0.7683570384979248
5007 0.3781499862670898 0.2290382832288742 -0.7683665752410889
5008 0.3785994946956635 0.2290640622377396 -0.7683951854705811
5009 0.3793475329875946 0.2291069179773331 -0.7684432864189148
5010 0.3803922533988953 0.2291667014360428 -0.7685112357139587
5011 0.3817311227321625 0.2292495518922806 -0.7686069011688232
5012 0.3833609223365784 0.2293561100959778 -0.7687320113182068
5013 0.3852777779102325 0.2294811308383942 -0.768882155418396
5014 0.3874770104885101 0.2296241670846939 -0.7690582275390625
5015 0.3899533450603485 0.2297847419977188 -0.7692612409591675
5016 0.3927008211612701 0.2299622595310211 -0.7694920301437378
5017 0.3957127928733826 0.2301561236381531 -0.7697515487670898
5018 0.398982048034668 0.230365663766861 -0.7700405120849609
5019 0.4025006592273712 0.2305535972118378 -0.7703183889389038
5020 0.406260222196579 0.230737641453743 -0.7706060409545898
5021 0.4102515876293182 0.230914443731308 -0.770900547504425
5022 0.4144652187824249 0.2309152036905289 -0.7710123658180237
5023 0.4188909232616425 0.2309160083532333 -0.7711396813392639
5024 0.423518031835556 0.2309168428182602 -0.771282434463501
5025 0.4283354580402374 0.2309177070856094 -0.7714402079582214
5026 0.4333315193653107 0.2309186160564423 -0.771612286567688
5027 0.4384942352771759 0.2309194356203079 -0.7717974781990051
5028 0.4438110888004303 0.2309200465679169 -0.7719942331314087
5029 0.4492693841457367 0.2309206873178482 -0.7722010612487793
5030 0.454855889081955 0.2309201955795288 -0.7724146842956543
5031 0.4605571925640106 0.2309196144342422 -0.7726339101791382
5032 0.4663595855236053 0.2309194356203079 -0.7728568315505981
5033 0.4722490012645721 0.2309194207191467 -0.773080587387085
5034 0.4782112538814545 0.2309194207191467 -0.7733020782470703
5035 0.4842320382595062 0.2309194058179855 -0.773518443107605
5036 0.490296870470047 0.2309193164110184 -0.7737267017364502
5037 0.496391087770462 0.2309191524982452 -0.7739240527153015
5038 0.5024999976158142 0.2309189736843109 -0.774107813835144
5039 0.508608877658844 0.2309187948703766 -0.7742753624916077
5040 0.514703094959259 0.230918675661087 -0.7744243741035461
5041 0.5207679271697998 0.2309186309576035 -0.7745527625083923
5042 0.5267887115478516 0.2309185862541199 -0.7746586203575134
5043 0.5327510237693787 0.2309185415506363 -0.77474045753479
5044 0.5386404395103455 0.2309185266494751 -0.7747972011566162
5045 0.5444427728652954 0.2309186160564423 -0.7748281359672546
5046 0.5501440763473511 0.2309187054634094 -0.7748328447341919
5047 0.5557305812835693 0.2309187948703766 -0.7748113870620728
5048 0.5611888766288757 0.2309188842773438 -0.7747642993927002
5049 0.5665057897567749 0.2309188097715378 -0.7746922969818115
5050 0.5716684460639954 0.230918675661087 -0.7745968103408813
5051 0.5766645669937134 0.2309185415506363 -0.7744796276092529
5052 0.58148193359375 0.2309184223413467 -0.7743427157402039
5053 0.5861090421676636 0.2309183031320572 -0.7741884589195251
5054 0.5905347466468811 0.2309179157018661 -0.774019181728363
5055 0.5947483777999878 0.2309174239635468 -0.7738379240036011
5056 0.5987398028373718 0.2309169620275497 -0.7736478447914124
5057 0.6024993062019348 0.2309165298938751 -0.77345210313797
5058 0.6060179471969604 0.2309161126613617 -0.7732539772987366
5059 0.6092872023582458 0.2309157401323318 -0.77305668592453
5060 0.6122991442680359 0.2309153974056244 -0.7728635668754578
5061 0.6150466203689575 0.2309261709451675 -0.7726902365684509
5062 0.6175229549407959 0.2309433817863464 -0.7725344300270081
5063 0.6197221875190735 0.2309586554765701 -0.7723895907402039
5064 0.62163907289505 0.2309719771146774 -0.772258460521698
5065 0.6232688426971436 0.2309833019971848 -0.7721432447433472
5066 0.6246077418327332 0.2309926003217697 -0.7720460891723633
5067 0.6256524324417114 0.2309998720884323 -0.7719686627388
5068 0.6264004707336426 0.2310050576925278 -0.7719123363494873
5069 0.6268500089645386 0.2310081869363785 -0.771878182888031
5070 0.6269999742507935 0.231009230017662 -0.7718667387962341
5071 0.3779999911785126 0.2388483881950378 -0.7797423005104065
5072 0.3781499862670898 0.2388567477464676 -0.7797524929046631
5073 0.3785994946956635 0.238881841301918 -0.7797832489013672
5074 0.3793475329875946 0.2389235347509384 -0.7798348069190979
5075 0.3803922533988953 0.2389816790819168 -0.7799076437950134
5076 0.3817311227321625 0.2390623539686203 -0.7800101041793823
5077 0.3833609223365784 0.2391662001609802 -0.7801441550254822
5078 0.3852777779102325 0.2392880171537399 -0.7803046703338623
5079 0.3874770104885101 0.239427387714386 -0.7804927229881287
5080 0.3899533450603485 0.2395838052034378 -0.7807091474533081
5081 0.3927008211612701 0.2397567182779312 -0.7809548377990723
5082 0.3957127928733826 0.2399455457925797 -0.781230628490448
5083 0.398982048034668 0.2401496022939682 -0.7815371751785278
5084 0.4025006592273712 0.2403340637683868 -0.7818326950073242
5085 0.406260222196579 0.2405154407024384 -0.7821385860443115
5086 0.4102515876293182 0.240689679980278 -0.7824506163597107
5087 0.4144652187824249 0.2406904101371765 -0.7825624942779541
5088 0.4188909232616425 0.2406911849975586 -0.7826898694038391
5089 0.423518031835556 0.2406920045614243 -0.7828326821327209
5090 0.4283354580402374 0.2406928539276123 -0.7829905152320862
5091 0.4333315193653107 0.2406937330961227 -0.7831626534461975
5092 0.4384942352771759 0.240694522857666 -0.7833479046821594
5093 0.4438110888004303 0.2406951189041138 -0.7835447192192078
5094 0.4492693841457367 0.2406957298517227 -0.7837516069412231
5095 0.454855889081955 0.2406952977180481 -0.7839652299880981
5096 0.4605571925640106 0.2406947761774063 -0.784184455871582
5097 0.4663595855236053 0.2406946122646332 -0.7844074368476868
5098 0.4722490012645721 0.2406946122646332 -0.7846311330795288
5099 0.4782112538814545 0.240694597363472 -0.7848526239395142
5100 0.4842320382595062 0.240694597363472 -0.7850690484046936
5101 0.490296870470047 0.240694522857666 -0.7852773070335388
5102 0.496391087770462 0.2406943589448929 -0.7854746580123901
5103 0.5024999976158142 0.2406941950321198 -0.7856583595275879
5104 0.508608877658844 0.2406940311193466 -0.7858259081840515
5105 0.514703094959259 0.2406939119100571 -0.78597491979599
5106 0.5207679271697998 0.2406938672065735 -0.7861033082008362
5107 0.5267887115478516 0.2406938225030899 -0.7862091660499573
5108 0.5327510237693787 0.2406937777996063 -0.7862910032272339
5109 0.5386404395103455 0.2406937628984451 -0.7863477468490601
5110 0.5444427728652954 0.2406938523054123 -0.7863786816596985
5111 0.5501440763473511 0.2406939417123795 -0.7863833904266357
5112 0.5557305812835693 0.2406940162181854 -0.7863619327545166
5113 0.5611888766288757 0.2406941056251526 -0.786314845085144
5114 0.5665057897567749 0.2406940311193466 -0.7862428426742554
5115 0.5716684460639954 0.2406938821077347 -0.7861473560333252
5116 0.5766645669937134 0.2406937628984451 -0.786030113697052
5117 0.58148193359375 0.2406936287879944 -0.7858932018280029
5118 0.5861090421676636 0.2406935095787048 -0.7857389450073242
5119 0.5905347466468811 0.2406931072473526 -0.7855696082115173
5120 0.5947483777999878 0.2406926155090332 -0.7853882908821106
5121 0.5987398028373718 0.2406921535730362 -0.7851981520652771
5122 0.6024993062019348 0.2406917214393616 -0.7850023508071899
5123 0.6060179471969604 0.2406913042068481 -0.7848041653633118
5124 0.6092872023582458 0.2406909316778183 -0.7846068739891052
5125 0.6122991442680359 0.2406905740499496 -0.7844136953353882
5126 0.6150466203689575 0.2407006174325943 -0.7842406630516052
5127 0.6175229549407959 0.2407166510820389 -0.7840853929519653
5128 0.6197221875190735 0.240730881690979 -0.7839411497116089
5129 0.62163907289505 0.2407432943582535 -0.7838103771209717
5130 0.6232688426971436 0.2407538443803787 -0.7836955785751343
5131 0.6246077418327332 0.2407625168561935 -0.7835987210273743
5132 0.6256524324417114 0.2407692819833755 -0.7835215330123901
5133 0.6264004707336426 0.2407741248607635 -0.7834653854370117
5134 0.6268500089645386 0.2407770454883575 -0.7834312915802002
5135 0.6269999742507935 0.2407780140638351 -0.7834199070930481
5136 0.3779999911785126 0.247563898563385 -0.7908695340156555
5137 0.3781499862670898 0.2475719451904297 -0.7908803224563599
5138 0.3785994946956635 0.2475960701704025 -0.7909127473831177
5139 0.3793475329875946 0.2476361691951752 -0.7909672260284424
5140 0.3803922533988953 0.2476921081542969 -0.7910440564155579
5141 0.3817311227321625 0.2477697879076004 -0.79115229845047
5142 0.3833609223365784 0.2478698492050171 -0.7912937998771667
5143 0.3852777779102325 0.2479872405529022 -0.7914631962776184
5144 0.3874770104885101 0.24812151491642 -0.791661262512207
5145 0.3899533450603485 0.2482722103595734 -0.7918890118598938
5146 0.3927008211612701 0.2484387904405594 -0.7921472191810608
5147 0.3957127928733826 0.2486206442117691 -0.7924366593360901
5148 0.398982048034668 0.2488171607255936 -0.792758047580719
5149 0.4025006592273712 0.2489963918924332 -0.7930691242218018
5150 0.406260222196579 0.2491734474897385 -0.7933915257453918
5151 0.4102515876293182 0.2493434846401215 -0.793719470500946
5152 0.4144652187824249 0.2493441849946976 -0.7938314080238342
5153 0.4188909232616425 0.2493449449539185 -0.793958842754364
5154 0.423518031835556 0.2493457198143005 -0.7941016554832458
5155 0.4283354580402374 0.249346524477005 -0.7942596077919006
5156 0.4333315193653107 0.2493473738431931 -0.7944318056106567
5157 0.4384942352771759 0.2493481338024139 -0.7946171164512634
5158 0.4438110888004303 0.2493487000465393 -0.7948139309883118
5159 0.4492693841457367 0.2493492811918259 -0.7950208187103271
5160 0.454855889081955 0.249348908662796 -0.7952345013618469
5161 0.4605571925640106 0.2493484616279602 -0.7954537868499756
5162 0.4663595855236053 0.2493483126163483 -0.7956767678260803
5163 0.4722490012645721 0.2493483275175095 -0.7959004640579224
5164 0.4782112538814545 0.2493483275175095 -0.7961220145225525
5165 0.4842320382595062 0.2493483424186707 -0.7963383793830872
5166 0.490296870470047 0.2493482679128647 -0.7965466380119324
5167 0.496391087770462 0.2493481189012527 -0.7967439889907837
5168 0.5024999976158142 0.2493479549884796 -0.7969276905059814
5169 0.508608877658844 0.2493478059768677 -0.7970952391624451
5170 0.514703094959259 0.2493476867675781 -0.7972442507743835
5171 0.5207679271697998 0.2493476420640945 -0.7973726391792297
5172 0.5267887115478516 0.249347597360611 -0.7974784970283508
5173 0.5327510237693787 0.2493475526571274 -0.7975603342056274
5174 0.5386404395103455 0.249347522854805 -0.7976170182228088
5175 0.5444427728652954 0.2493476122617722 -0.7976479530334473
5176 0.5501440763473511 0.2493477016687393 -0.7976526618003845
5177 0.5557305812835693 0.2493477910757065 -0.7976312637329102
5178 0.5611888766288757 0.2493478655815125 -0.7975841760635376
5179 0.5665057897567749 0.2493477761745453 -0.7975121140480042
5180 0.5716684460639954 0.2493476420640945 -0.797416627407074
5181 0.5766645669937134 0.2493475079536438 -0.7972993850708008
5182 0.58148193359375 0.2493473738431931 -0.7971624732017517
5183 0.5861090421676636 0.2493472546339035 -0.7970081567764282
5184 0.5905347466468811 0.2493468523025513 -0.7968388199806213
5185 0.5947483777999878 0.2493463754653931 -0.7966574430465698
5186 0.5987398028373718 0.2493458986282349 -0.7964672446250916
5187 0.6024993062019348 0.2493454664945602 -0.7962713837623596
5188 0.6060179471969604 0.249345064163208 -0.7960731387138367
5189 0.6092872023582458 0.249344676733017 -0.7958757877349854
5190 0.6122991442680359 0.2493443340063095 -0.7956825494766235
5191 0.6150466203689575 0.2493534982204437 -0.7955095767974854
5192 0.6175229549407959 0.2493681460618973 -0.795354425907135
5193 0.6197221875190735 0.2493811547756195 -0.7952102422714233
5194 0.62163907289505 0.249392494559288 -0.7950795888900757
5195 0.6232688426971436 0.2494021356105804 -0.7949648499488831
5196 0.6246077418327332 0.2494100630283356 -0.794867992401123
5197 0.6256524324417114 0.249416247010231 -0.7947908639907837
5198 0.6264004707336426 0.2494206726551056 -0.79473477602005
5199 0.6268500089645386 0.2494233399629593 -0.7947007417678833
5200 0.6269999742507935 0.2494242191314697 -0.7946892976760864
5201 0.3779999911785126 0.2552502453327179 -0.8016319870948792
5202 0.3781499862670898 0.2552579045295715 -0.8016432523727417
5203 0.3785994946956635 0.2552808523178101 -0.8016770482063293
5204 0.3793475329875946 0.2553190290927887 -0.8017337918281555
5205 0.3803922533988953 0.2553722560405731 -0.8018137812614441
5206 0.3817311227321625 0.2554462850093842 -0.8019264936447144
5207 0.3833609223365784 0.2555417418479919 -0.8020740151405334
5208 0.3852777779102325 0.2556536793708801 -0.8022503256797791
5209 0.3874770104885101 0.2557817399501801 -0.8024564385414124
5210 0.3899533450603485 0.2559254467487335 -0.8026931881904602
5211 0.3927008211612701 0.2560842633247375 -0.8029613494873047
5212 0.3957127928733826 0.2562576532363892 -0.8032616972923279
5213 0.398982048034668 0.2564449608325958 -0.8035947680473328
5214 0.4025006592273712 0.256617546081543 -0.80391925573349
5215 0.406260222196579 0.2567888796329498 -0.8042562007904053
5216 0.4102515876293182 0.2569534182548523 -0.8045980930328369
5217 0.4144652187824249 0.2569540739059448 -0.8047100901603699
5218 0.4188909232616425 0.2569547891616821 -0.8048375248908997
5219 0.423518031835556 0.2569555342197418 -0.804980456829071
5220 0.4283354580402374 0.2569563090801239 -0.8051384091377258
5221 0.4333315193653107 0.2569571137428284 -0.8053106665611267
5222 0.4384942352771759 0.2569578289985657 -0.8054960370063782
5223 0.4438110888004303 0.2569583654403687 -0.8056928515434265
5224 0.4492693841457367 0.2569589018821716 -0.8058997988700867
5225 0.454855889081955 0.2569586038589478 -0.8061134815216064
5226 0.4605571925640106 0.2569582164287567 -0.8063328266143799
5227 0.4663595855236053 0.2569580972194672 -0.8065558075904846
5228 0.4722490012645721 0.2569581270217896 -0.8067795634269714
5229 0.4782112538814545 0.2569581270217896 -0.8070010542869568
5230 0.4842320382595062 0.2569581568241119 -0.8072174787521362
5231 0.490296870470047 0.2569580972194672 -0.8074257969856262
5232 0.496391087770462 0.2569579482078552 -0.8076230883598328
5233 0.5024999976158142 0.2569577991962433 -0.8078067898750305
5234 0.508608877658844 0.2569576501846313 -0.8079743385314941
5235 0.514703094959259 0.2569575607776642 -0.8081233501434326
5236 0.5207679271697998 0.2569575011730194 -0.8082517385482788
5237 0.5267887115478516 0.256957471370697 -0.8083575963973999
5238 0.5327510237693787 0.2569574117660522 -0.8084393739700317
5239 0.5386404395103455 0.2569573819637299 -0.8084961175918579
5240 0.5444427728652954 0.256957471370697 -0.8085270524024963
5241 0.5501440763473511 0.2569575607776642 -0.8085317611694336
5242 0.5557305812835693 0.256957620382309 -0.8085103034973145
5243 0.5611888766288757 0.2569577097892761 -0.8084632754325867
5244 0.5665057897567749 0.256957620382309 -0.8083912134170532
5245 0.5716684460639954 0.256957471370697 -0.8082956671714783
5246 0.5766645669937134 0.2569573521614075 -0.8081784248352051
5247 0.58148193359375 0.2569572329521179 -0.8080414533615112
5248 0.5861090421676636 0.256957083940506 -0.8078871965408325
5249 0.5905347466468811 0.2569566965103149 -0.8077177405357361
5250 0.5947483777999878 0.2569562196731567 -0.8075363039970398
5251 0.5987398028373718 0.2569557428359985 -0.8073460459709167
5252 0.6024993062019348 0.2569553256034851 -0.8071501851081848
5253 0.6060179471969604 0.2569549083709717 -0.8069518804550171
5254 0.6092872023582458 0.256954550743103 -0.806754469871521
5255 0.6122991442680359 0.2569541931152344 -0.8065612316131592
5256 0.6150466203689575 0.256962388753891 -0.8063880205154419
5257 0.6175229549407959 0.2569755017757416 -0.8062324523925781
5258 0.6197221875190735 0.2569871544837952 -0.8060879111289978
5259 0.62163907289505 0.256997287273407 -0.8059569597244263
5260 0.6232688426971436 0.2570059299468994 -0.8058419823646545
5261 0.6246077418327332 0.2570130228996277 -0.8057449460029602
5262 0.6256524324417114 0.2570185363292694 -0.8056676387786865
5263 0.6264004707336426 0.257022500038147 -0.8056114315986633
5264 0.6268500089645386 0.257024884223938 -0.805577278137207
5265 0.6269999742507935 0.2570256888866425 -0.8055658340454102
5266 0.3779999911785126 0.2619886696338654 -0.811942994594574
5267 0.3781499862670898 0.2619958817958832 -0.8119545578956604
5268 0.3785994946956635 0.2620175182819366 -0.8119893074035645
5269 0.3793475329875946 0.2620534896850586 -0.8120476007461548
5270 0.3803922533988953 0.2621036469936371 -0.8121297955513
5271 0.3817311227321625 0.2621735334396362 -0.812245786190033
5272 0.3833609223365784 0.262263685464859 -0.8123975992202759
5273 0.3852777779102325 0.2623694837093353 -0.8125790357589722
5274 0.3874770104885101 0.262490451335907 -0.8127909898757935
5275 0.3899533450603485 0.2626261711120605 -0.8130342364311218
5276 0.3927008211612701 0.2627761662006378 -0.8133096694946289
5277 0.3957127928733826 0.2629399001598358 -0.8136178851127625
5278 0.398982048034668 0.2631167769432068 -0.813959538936615
5279 0.4025006592273712 0.2632815837860107 -0.8142949342727661
5280 0.406260222196579 0.2634461224079132 -0.8146442770957947
5281 0.4102515876293182 0.2636041045188904 -0.8149980902671814
5282 0.4144652187824249 0.2636047303676605 -0.8151101469993591
5283 0.4188909232616425 0.2636054158210754 -0.8152376413345337
5284 0.423518031835556 0.2636061012744904 -0.8153805732727051
5285 0.4283354580402374 0.26360684633255 -0.8155385255813599
5286 0.4333315193653107 0.2636075913906097 -0.8157108426094055
5287 0.4384942352771759 0.2636082768440247 -0.815896213054657
5288 0.4438110888004303 0.2636087536811829 -0.8160930871963501
5289 0.4492693841457367 0.2636092603206635 -0.8163000345230103
5290 0.454855889081955 0.2636090219020844 -0.8165137767791748
5291 0.4605571925640106 0.2636087238788605 -0.8167332410812378
5292 0.4663595855236053 0.2636086642742157 -0.8169562220573425
5293 0.4722490012645721 0.2636086642742157 -0.8171799778938293
5294 0.4782112538814545 0.2636086940765381 -0.8174015283584595
5295 0.4842320382595062 0.2636087238788605 -0.8176179528236389
5296 0.490296870470047 0.2636086642742157 -0.8178262710571289
5297 0.496391087770462 0.2636085450649261 -0.8180235624313354
5298 0.5024999976158142 0.2636083960533142 -0.8182072639465332
5299 0.508608877658844 0.2636082768440247 -0.8183748126029968
5300 0.514703094959259 0.2636081874370575 -0.8185238242149353
5301 0.5207679271697998 0.2636081278324127 -0.8186522126197815
5302 0.5267887115478516 0.2636080682277679 -0.8187580108642578
5303 0.5327510237693787 0.2636080384254456 -0.8188398480415344
5304 0.5386404395103455 0.2636080086231232 -0.8188965320587158
5305 0.5444427728652954 0.2636080980300903 -0.8189274668693542
5306 0.5501440763473511 0.2636081576347351 -0.8189322352409363
5307 0.5557305812835693 0.2636082470417023 -0.8189107775688171
5308 0.5611888766288757 0.263608306646347 -0.8188636898994446
5309 0.5665057897567749 0.2636082172393799 -0.8187916874885559
5310 0.5716684460639954 0.2636080682277679 -0.8186960816383362
5311 0.5766645669937134 0.2636079490184784 -0.818578839302063
5312 0.58148193359375 0.2636078000068665 -0.8184418678283691
5313 0.5861090421676636 0.2636076807975769 -0.8182875514030457
5314 0.5905347466468811 0.2636072933673859 -0.8181180953979492
5315 0.5947483777999878 0.2636068165302277 -0.8179365992546082
5316 0.5987398028373718 0.2636063694953918 -0.8177462816238403
5317 0.6024993062019348 0.2636059522628784 -0.8175503015518188
5318 0.6060179471969604 0.263605535030365 -0.8173519968986511
5319 0.6092872023582458 0.2636051774024963 -0.8171545267105103
5320 0.6122991442680359 0.2636048197746277 -0.8169612288475037
5321 0.6150466203689575 0.2636119723320007 -0.8167874813079834
5322 0.6175229549407959 0.26362344622612 -0.816631019115448
5323 0.6197221875190735 0.2636336386203766 -0.8164857029914856
5324 0.62163907289505 0.2636425197124481 -0.8163540959358215
5325 0.6232688426971436 0.2636500597000122 -0.8162384629249573
5326 0.6246077418327332 0.2636562585830688 -0.8161410093307495
5327 0.6256524324417114 0.2636610865592957 -0.8160632848739624
5328 0.6264004707336426 0.263664573431015 -0.8160068392753601
5329 0.6268500089645386 0.2636666297912598 -0.8159725666046143
5330 0.6269999742507935 0.2636673450469971 -0.8159610629081726
5331 0.3779999911785126 0.2678644955158234 -0.8217357397079468
5332 0.3781499862670898 0.267871230840683 -0.8217474818229675
5333 0.3785994946956635 0.2678914368152618 -0.8217827677726746
5334 0.3793475329875946 0.2679250240325928 -0.8218419551849365
5335 0.3803922533988953 0.2679718434810638 -0.8219254016876221
5336 0.3817311227321625 0.2680371999740601 -0.8220432996749878
5337 0.3833609223365784 0.2681216299533844 -0.8221977353096008
5338 0.3852777779102325 0.2682206928730011 -0.8223823308944702
5339 0.3874770104885101 0.2683339416980743 -0.8225978016853333
5340 0.3899533450603485 0.2684610188007355 -0.8228451013565063
5341 0.3927008211612701 0.2686014473438263 -0.8231249451637268
5342 0.3957127928733826 0.2687546908855438 -0.8234379887580872
5343 0.398982048034668 0.2689202129840851 -0.8237848877906799
5344 0.4025006592273712 0.2690764367580414 -0.8241287469863892
5345 0.406260222196579 0.2692334055900574 -0.8244882822036743
5346 0.4102515876293182 0.2693840861320496 -0.824851930141449
5347 0.4144652187824249 0.2693846821784973 -0.8249639272689819
5348 0.4188909232616425 0.2693853080272675 -0.8250914812088013
5349 0.423518031835556 0.26938596367836 -0.8252344131469727
5350 0.4283354580402374 0.2693866193294525 -0.8253924250602722
5351 0.4333315193653107 0.2693873345851898 -0.8255647420883179
5352 0.4384942352771759 0.26938796043396 -0.8257501125335693
5353 0.4438110888004303 0.2693884074687958 -0.8259469866752625
5354 0.4492693841457367 0.269388884305954 -0.8261539340019226
5355 0.454855889081955 0.2693887054920197 -0.8263677954673767
5356 0.4605571925640106 0.2693884968757629 -0.8265873193740845
5357 0.4663595855236053 0.2693884372711182 -0.826810359954834
5358 0.4722490012645721 0.2693884670734406 -0.8270341157913208
5359 0.4782112538814545 0.2693884968757629 -0.8272556662559509
5360 0.4842320382595062 0.2693885266780853 -0.8274721503257751
5361 0.490296870470047 0.2693884968757629 -0.8276804685592651
5362 0.496391087770462 0.2693883776664734 -0.8278777599334717
5363 0.5024999976158142 0.2693882584571838 -0.8280614614486694
5364 0.508608877658844 0.2693881392478943 -0.8282290101051331
5365 0.514703094959259 0.2693880498409271 -0.8283780217170715
5366 0.5207679271697998 0.2693879902362823 -0.8285064101219177
5367 0.5267887115478516 0.26938796043396 -0.828612208366394
5368 0.5327510237693787 0.2693879008293152 -0.8286940455436707
5369 0.5386404395103455 0.2693878710269928 -0.8287507295608521
5370 0.5444427728652954 0.26938796043396 -0.8287816643714905
5371 0.5501440763473511 0.2693880200386047 -0.8287863731384277
5372 0.5557305812835693 0.2693881094455719 -0.8287649750709534
5373 0.5611888766288757 0.2693881690502167 -0.8287178874015808
5374 0.5665057897567749 0.2693880796432495 -0.8286458253860474
5375 0.5716684460639954 0.2693879306316376 -0.8285502195358276
5376 0.5766645669937134 0.269387811422348 -0.8284329771995544
5377 0.58148193359375 0.2693876624107361 -0.8282959461212158
5378 0.5861090421676636 0.2693875432014465 -0.8281416296958923
5379 0.5905347466468811 0.2693871557712555 -0.8279721140861511
5380 0.5947483777999878 0.2693866789340973 -0.8277905583381653
5381 0.5987398028373718 0.2693862318992615 -0.8276002407073975
5382 0.6024993062019348 0.269385814666748 -0.8274042010307312
5383 0.6060179471969604 0.269385427236557 -0.8272058367729187
5384 0.6092872023582458 0.2693850696086884 -0.8270083665847778
5385 0.6122991442680359 0.2693847417831421 -0.8268150091171265
5386 0.6150466203689575 0.2693907916545868 -0.8266403079032898
5387 0.6175229549407959 0.26940056681633 -0.8264825344085693
5388 0.6197221875190735 0.2694092094898224 -0.8263359665870667
5389 0.62163907289505 0.2694167792797089 -0.8262032866477966
5390 0.6232688426971436 0.2694231867790222 -0.8260867595672607
5391 0.6246077418327332 0.2694284617900848 -0.8259885311126709
5392 0.6256524324417114 0.2694326043128967 -0.8259102702140808
5393 0.6264004707336426 0.2694355547428131 -0.8258533477783203
5394 0.6268500089645386 0.269437313079834 -0.8258188366889954
5395 0.6269999742507935 0.2694379091262817 -0.8258072137832642
5396 0.3779999911785126 0.2729643285274506 -0.8309633731842041
5397 0.3781499862670898 0.2729705572128296 -0.8309751152992249
5398 0.3785994946956635 0.2729892432689667 -0.8310105204582214
5399 0.3793475329875946 0.273020327091217 -0.8310698866844177
5400 0.3803922533988953 0.2730636596679688 -0.8311535716056824
5401 0.3817311227321625 0.2731242775917053 -0.8312720656394958
5402 0.3833609223365784 0.2732026875019073 -0.8314275145530701
5403 0.3852777779102325 0.2732946276664734 -0.8316131830215454
5404 0.3874770104885101 0.2733998000621796 -0.8318300247192383
5405 0.3899533450603485 0.2735177874565125 -0.832078754901886
5406 0.3927008211612701 0.2736481130123138 -0.8323601484298706
5407 0.3957127928733826 0.2737903594970703 -0.8326749801635742
5408 0.398982048034668 0.2739439606666565 -0.833023726940155
5409 0.4025006592273712 0.2740910947322845 -0.833373486995697
5410 0.406260222196579 0.2742399275302887 -0.8337410092353821
5411 0.4102515876293182 0.2743827700614929 -0.834112286567688
5412 0.4144652187824249 0.2743833363056183 -0.8342242836952209
5413 0.4188909232616425 0.2743839025497437 -0.8343518376350403
5414 0.423518031835556 0.2743844985961914 -0.8344947695732117
5415 0.4283354580402374 0.2743851244449615 -0.8346527814865112
5416 0.4333315193653107 0.2743857800960541 -0.8348250985145569
5417 0.4384942352771759 0.2743863761425018 -0.8350104689598083
5418 0.4438110888004303 0.2743867635726929 -0.8352073431015015
5419 0.4492693841457367 0.2743872106075287 -0.8354142904281616
5420 0.454855889081955 0.2743870913982391 -0.8356282114982605
5421 0.4605571925640106 0.2743869423866272 -0.8358478546142578
5422 0.4663595855236053 0.2743869423866272 -0.8360710144042969
5423 0.4722490012645721 0.2743869721889496 -0.8362947702407837
5424 0.4782112538814545 0.274387001991272 -0.8365163803100586
5425 0.4842320382595062 0.2743870615959167 -0.836732804775238
5426 0.490296870470047 0.2743870317935944 -0.836941123008728
5427 0.496391087770462 0.2743869125843048 -0.8371384739875793
5428 0.5024999976158142 0.2743868231773376 -0.8373221755027771
5429 0.508608877658844 0.2743867039680481 -0.8374897241592407
5430 0.514703094959259 0.2743866145610809 -0.8376387357711792
5431 0.5207679271697998 0.2743865847587585 -0.8377671241760254
5432 0.5267887115478516 0.2743865251541138 -0.8378729224205017
5433 0.5327510237693787 0.274386465549469 -0.8379546999931335
5434 0.5386404395103455 0.274386465549469 -0.8380113840103149
5435 0.5444427728652954 0.2743865251541138 -0.8380423784255981
5436 0.5501440763473511 0.2743865847587585 -0.8380470871925354
5437 0.5557305812835693 0.2743866443634033 -0.838025689125061
5438 0.5611888766288757 0.2743867337703705 -0.8379786014556885
5439 0.5665057897567749 0.2743866145610809 -0.837906539440155
5440 0.5716684460639954 0.2743864953517914 -0.8378109335899353
5441 0.5766645669937134 0.2743863463401794 -0.8376935720443726
5442 0.58148193359375 0.2743862271308899 -0.8375566005706787
5443 0.5861090421676636 0.274386078119278 -0.8374022245407104
5444 0.5905347466468811 0.2743857204914093 -0.8372327089309692
5445 0.5947483777999878 0.2743852734565735 -0.8370510935783386
5446 0.5987398028373718 0.2743848264217377 -0.8368606567382812
5447 0.6024993062019348 0.2743844091892242 -0.836664617061615
5448 0.6060179471969604 0.2743840217590332 -0.8364662528038025
5449 0.6092872023582458 0.2743836939334869 -0.8362687230110168
5450 0.6122991442680359 0.2743833661079407 -0.8360753059387207
5451 0.6150466203689575 0.274388313293457 -0.8358994126319885
5452 0.6175229549407959 0.2743963301181793 -0.8357397317886353
5453 0.6197221875190735 0.27440345287323 -0.8355914950370789
5454 0.62163907289505 0.274409681558609 -0.8354573845863342
5455 0.6232688426971436 0.2744149565696716 -0.8353396058082581
5456 0.6246077418327332 0.2744192779064178 -0.835240364074707
5457 0.6256524324417114 0.27442267537117 -0.8351612687110901
5458 0.6264004707336426 0.2744250893592834 -0.8351038098335266
5459 0.6268500089645386 0.2744265496730804 -0.835068941116333
5460 0.6269999742507935 0.2744270265102386 -0.835057258605957
5461 0.3779999911785126 0.277373731136322 -0.8395980000495911
5462 0.3781499862670898 0.2773794531822205 -0.839609682559967
5463 0.3785994946956635 0.2773966193199158 -0.8396447896957397
5464 0.3793475329875946 0.2774251103401184 -0.8397035598754883
5465 0.3803922533988953 0.2774648666381836 -0.8397865891456604
5466 0.3817311227321625 0.2775205969810486 -0.8399043083190918
5467 0.3833609223365784 0.277592808008194 -0.8400590419769287
5468 0.3852777779102325 0.2776775062084198 -0.840243935585022
5469 0.3874770104885101 0.2777743637561798 -0.8404598236083984
5470 0.3899533450603485 0.277882993221283 -0.8407074809074402
5471 0.3927008211612701 0.2780030071735382 -0.8409877419471741
5472 0.3957127928733826 0.2781339585781097 -0.8413012623786926
5473 0.398982048034668 0.2782754004001617 -0.8416486382484436
5474 0.4025006592273712 0.2784130871295929 -0.8420016765594482
5475 0.406260222196579 0.2785534858703613 -0.842374861240387
5476 0.4102515876293182 0.2786881923675537 -0.8427515625953674
5477 0.4144652187824249 0.2786886990070343 -0.8428636193275452
5478 0.4188909232616425 0.2786892056465149 -0.8429911136627197
5479 0.423518031835556 0.2786897718906403 -0.8431341052055359
5480 0.4283354580402374 0.2786903381347656 -0.8432920575141907
5481 0.4333315193653107 0.2786909341812134 -0.8434643745422363
5482 0.4384942352771759 0.2786914706230164 -0.8436497449874878
5483 0.4438110888004303 0.2786918580532074 -0.8438465595245361
5484 0.4492693841457367 0.278692215681076 -0.8440535068511963
5485 0.454855889081955 0.2786921858787537 -0.8442676067352295
5486 0.4605571925640106 0.2786921262741089 -0.8444873690605164
5487 0.4663595855236053 0.2786921262741089 -0.8447105288505554
5488 0.4722490012645721 0.2786921858787537 -0.844934344291687
5489 0.4782112538814545 0.2786922454833984 -0.8451559543609619
5490 0.4842320382595062 0.2786922752857208 -0.8453724384307861
5491 0.490296870470047 0.2786922752857208 -0.8455807566642761
5492 0.496391087770462 0.2786921858787537 -0.8457781076431274
5493 0.5024999976158142 0.2786920666694641 -0.84596186876297
5494 0.508608877658844 0.2786919772624969 -0.8461294174194336
5495 0.514703094959259 0.2786919176578522 -0.8462784290313721
5496 0.5207679271697998 0.2786918580532074 -0.8464067578315735
5497 0.5267887115478516 0.278691828250885 -0.8465126156806946
5498 0.5327510237693787 0.2786917686462402 -0.8465943932533264
5499 0.5386404395103455 0.2786917388439178 -0.846651017665863
5500 0.5444427728652954 0.2786917984485626 -0.8466820120811462
5501 0.5501440763473511 0.2786918580532074 -0.8466867208480835
5502 0.5557305812835693 0.2786919176578522 -0.8466653227806091
5503 0.5611888766288757 0.2786919772624969 -0.8466182351112366
5504 0.5665057897567749 0.2786918878555298 -0.8465461134910583
5505 0.5716684460639954 0.2786917388439178 -0.8464505076408386
5506 0.5766645669937134 0.2786916196346283 -0.8463332056999207
5507 0.58148193359375 0.2786914706230164 -0.846196174621582
5508 0.5861090421676636 0.2786913514137268 -0.8460417985916138
5509 0.5905347466468811 0.2786909937858582 -0.845872163772583
5510 0.5947483777999878 0.2786905467510223 -0.8456905484199524
5511 0.5987398028373718 0.2786901295185089 -0.845500111579895
5512 0.6024993062019348 0.2786897420883179 -0.845304012298584
5513 0.6060179471969604 0.2786893546581268 -0.8451055884361267
5514 0.6092872023582458 0.2786889970302582 -0.8449079990386963
5515 0.6122991442680359 0.2786886990070343 -0.8447145819664001
5516 0.6150466203689575 0.2786925733089447 -0.8445371985435486
5517 0.6175229549407959 0.2786988615989685 -0.8443751335144043
5518 0.6197221875190735 0.278704434633255 -0.8442248106002808
5519 0.62163907289505 0.2787092924118042 -0.8440888524055481
5520 0.6232688426971436 0.2787134349346161 -0.8439695239067078
5521 0.6246077418327332 0.2787168323993683 -0.8438690304756165
5522 0.6256524324417114 0.2787194848060608 -0.8437889814376831
5523 0.6264004707336426 0.2787213921546936 -0.8437307476997375
5524 0.6268500089645386 0.2787225246429443 -0.8436954617500305
5525 0.6269999742507935 0.2787229120731354 -0.8436836004257202
5526 0.3779999911785126 0.2811754047870636 -0.8476299047470093
5527 0.3781499862670898 0.2811806201934814 -0.8476413488388062
5528 0.3785994946956635 0.2811962068080902 -0.8476757407188416
5529 0.3793475329875946 0.2812221348285675 -0.8477333784103394
5530 0.3803922533988953 0.2812582552433014 -0.847814679145813
5531 0.3817311227321625 0.2813090980052948 -0.8479304313659668
5532 0.3833609223365784 0.2813750803470612 -0.8480829000473022
5533 0.3852777779102325 0.2814524471759796 -0.8482650518417358
5534 0.3874770104885101 0.2815409302711487 -0.8484777808189392
5535 0.3899533450603485 0.2816401720046997 -0.848721981048584
5536 0.3927008211612701 0.281749814748764 -0.8489983081817627
5537 0.3957127928733826 0.2818694412708282 -0.8493075966835022
5538 0.398982048034668 0.2819986045360565 -0.8496502637863159
5539 0.4025006592273712 0.282126784324646 -0.850004255771637
5540 0.406260222196579 0.2822585701942444 -0.8503808379173279
5541 0.4102515876293182 0.2823850214481354 -0.8507608771324158
5542 0.4144652187824249 0.2823854684829712 -0.8508728742599487
5543 0.4188909232616425 0.2823859751224518 -0.8510003685951233
5544 0.423518031835556 0.28238645195961 -0.8511433005332947
5545 0.4283354580402374 0.282386988401413 -0.8513012528419495
5546 0.4333315193653107 0.2823875248432159 -0.8514735102653503
5547 0.4384942352771759 0.2823880016803741 -0.8516588807106018
5548 0.4438110888004303 0.2823883295059204 -0.8518556952476501
5549 0.4492693841457367 0.2823886871337891 -0.8520625233650208
5550 0.454855889081955 0.2823887169361115 -0.8522768020629883
5551 0.4605571925640106 0.2823887169361115 -0.8524967432022095
5552 0.4663595855236053 0.2823887765407562 -0.8527199625968933
5553 0.4722490012645721 0.2823888063430786 -0.8529438376426697
5554 0.4782112538814545 0.2823888659477234 -0.8531654477119446
5555 0.4842320382595062 0.2823889255523682 -0.8533819317817688
5556 0.490296870470047 0.2823889255523682 -0.8535903096199036
5557 0.496391087770462 0.282388836145401 -0.8537876605987549
5558 0.5024999976158142 0.2823887467384338 -0.8539714217185974
5559 0.508608877658844 0.2823886871337891 -0.854138970375061
5560 0.514703094959259 0.2823886275291443 -0.8542879819869995
5561 0.5207679271697998 0.2823885679244995 -0.8544163107872009
5562 0.5267887115478516 0.2823885083198547 -0.854522168636322
5563 0.5327510237693787 0.2823884785175323 -0.8546039462089539
5564 0.5386404395103455 0.28238844871521 -0.8546605706214905
5565 0.5444427728652954 0.2823885083198547 -0.8546915650367737
5566 0.5501440763473511 0.2823885679244995 -0.8546962738037109
5567 0.5557305812835693 0.2823885977268219 -0.8546748161315918
5568 0.5611888766288757 0.2823886573314667 -0.854627788066864
5569 0.5665057897567749 0.2823885679244995 -0.8545556664466858
5570 0.5716684460639954 0.2823884189128876 -0.8544600009918213
5571 0.5766645669937134 0.282388299703598 -0.8543426394462585
5572 0.58148193359375 0.2823881804943085 -0.8542056083679199
5573 0.5861090421676636 0.2823880314826965 -0.8540512323379517
5574 0.5905347466468811 0.2823877036571503 -0.8538815975189209
5575 0.5947483777999878 0.2823872566223145 -0.8536999225616455
5576 0.5987398028373718 0.282386839389801 -0.8535094261169434
5577 0.6024993062019348 0.28238645195961 -0.8533133268356323
5578 0.6060179471969604 0.2823860943317413 -0.8531147837638855
5579 0.6092872023582458 0.2823857665061951 -0.8529171943664551
5580 0.6122991442680359 0.2823854386806488 -0.8527237772941589
5581 0.6150466203689575 0.2823882400989532 -0.8525446057319641
5582 0.6175229549407959 0.282392829656601 -0.8523797392845154
5583 0.6197221875190735 0.2823969125747681 -0.8522269129753113
5584 0.62163907289505 0.2824004590511322 -0.8520887494087219
5585 0.6232688426971436 0.2824034690856934 -0.8519675731658936
5586 0.6246077418327332 0.2824059426784515 -0.8518655300140381
5587 0.6256524324417114 0.2824078798294067 -0.8517842888832092
5588 0.6264004707336426 0.2824092507362366 -0.8517252802848816
5589 0.6268500089645386 0.2824100852012634 -0.8516894578933716
5590 0.6269999742507935 0.2824103534221649 -0.851677417755127
5591 0.3779999911785126 0.2844477593898773 -0.855066180229187
5592 0.3781499862670898 0.2844524383544922 -0.8550772666931152
5593 0.3785994946956635 0.2844665050506592 -0.8551105260848999
5594 0.3793475329875946 0.2844898402690887 -0.8551663160324097
5595 0.3803922533988953 0.2845224142074585 -0.8552451133728027
5596 0.3817311227321625 0.2845683991909027 -0.8553576469421387
5597 0.3833609223365784 0.2846281826496124 -0.8555061817169189
5598 0.3852777779102325 0.2846983075141907 -0.8556838035583496
5599 0.3874770104885101 0.284778505563736 -0.8558913469314575
5600 0.3899533450603485 0.284868448972702 -0.8561296463012695
5601 0.3927008211612701 0.2849677801132202 -0.8563995361328125
5602 0.3957127928733826 0.2850761711597443 -0.856701672077179
5603 0.398982048034668 0.2851932346820831 -0.8570366501808167
5604 0.4025006592273712 0.2853119075298309 -0.8573890924453735
5605 0.406260222196579 0.2854351103305817 -0.8577669858932495
5606 0.4102515876293182 0.2855533063411713 -0.8581481575965881
5607 0.4144652187824249 0.2855537235736847 -0.8582601547241211
5608 0.4188909232616425 0.2855541408061981 -0.8583875894546509
5609 0.423518031835556 0.2855545878410339 -0.8585305213928223
5610 0.4283354580402374 0.2855550646781921 -0.8586884140968323
5611 0.4333315193653107 0.2855555713176727 -0.8588606715202332
5612 0.4384942352771759 0.2855559885501862 -0.8590459823608398
5613 0.4438110888004303 0.28555628657341 -0.8592427372932434
5614 0.4492693841457367 0.2855565845966339 -0.859449565410614
5615 0.454855889081955 0.2855566740036011 -0.8596639633178711
5616 0.4605571925640106 0.2855567634105682 -0.8598840832710266
5617 0.4663595855236053 0.285556823015213 -0.860107421875
5618 0.4722490012645721 0.2855568826198578 -0.8603312969207764
5619 0.4782112538814545 0.2855569422245026 -0.8605529069900513
5620 0.4842320382595062 0.2855570018291473 -0.8607694506645203
5621 0.490296870470047 0.2855570018291473 -0.860977828502655
5622 0.496391087770462 0.2855569422245026 -0.8611751794815063
5623 0.5024999976158142 0.2855568826198578 -0.8613590002059937
5624 0.508608877658844 0.285556823015213 -0.8615265488624573
5625 0.514703094959259 0.2855567634105682 -0.8616755604743958
5626 0.5207679271697998 0.2855567038059235 -0.8618039488792419
5627 0.5267887115478516 0.2855566740036011 -0.8619097471237183
5628 0.5327510237693787 0.2855566143989563 -0.8619915246963501
5629 0.5386404395103455 0.2855565845966339 -0.8620481491088867
5630 0.5444427728652954 0.2855566442012787 -0.8620790839195251
5631 0.5501440763473511 0.2855567038059235 -0.8620838522911072
5632 0.5557305812835693 0.2855567336082458 -0.862062394618988
5633 0.5611888766288757 0.2855567932128906 -0.8620153665542603
5634 0.5665057897567749 0.2855567038059235 -0.8619431853294373
5635 0.5716684460639954 0.2855565547943115 -0.8618475198745728
5636 0.5766645669937134 0.285556435585022 -0.86173015832901
5637 0.58148193359375 0.28555628657341 -0.8615930676460266
5638 0.5861090421676636 0.2855561673641205 -0.8614386916160583
5639 0.5905347466468811 0.2855558395385742 -0.8612690567970276
5640 0.5947483777999878 0.2855554223060608 -0.8610873222351074
5641 0.5987398028373718 0.2855550050735474 -0.8608967661857605
5642 0.6024993062019348 0.2855546474456787 -0.8607006072998047
5643 0.6060179471969604 0.2855542898178101 -0.8605020642280579
5644 0.6092872023582458 0.2855539619922638 -0.8603044748306274
5645 0.6122991442680359 0.2855536639690399 -0.8601109981536865
5646 0.6150466203689575 0.2855554223060608 -0.8599297404289246
5647 0.6175229549407959 0.2855583429336548 -0.859761655330658
5648 0.6197221875190735 0.2855609357357025 -0.8596059679985046
5649 0.62163907289505 0.285563200712204 -0.8594652414321899
5650 0.6232688426971436 0.2855651378631592 -0.8593419790267944
5651 0.6246077418327332 0.2855667173862457 -0.8592381477355957
5652 0.6256524324417114 0.2855679392814636 -0.8591555953025818
5653 0.6264004707336426 0.2855688333511353 -0.859095573425293
5654 0.6268500089645386 0.2855693697929382 -0.8590591549873352
5655 0.6269999742507935 0.2855695188045502 -0.8590469360351562
5656 0.3779999911785126 0.2872640192508698 -0.8619292378425598
5657 0.3781499862670898 0.2872682213783264 -0.8619397878646851
5658 0.3785994946956635 0.2872807681560516 -0.8619716167449951
5659 0.3793475329875946 0.2873015999794006 -0.8620249629020691
5660 0.3803922533988953 0.287330687046051 -0.86210036277771
5661 0.3817311227321625 0.2873718738555908 -0.8622085452079773
5662 0.3833609223365784 0.2874256074428558 -0.8623517155647278
5663 0.3852777779102325 0.2874886393547058 -0.862523078918457
5664 0.3874770104885101 0.2875607013702393 -0.8627234101295471
5665 0.3899533450603485 0.2876414954662323 -0.8629536032676697
5666 0.3927008211612701 0.2877307832241058 -0.8632145524024963
5667 0.3957127928733826 0.2878281772136688 -0.8635069131851196
5668 0.398982048034668 0.2879333794116974 -0.8638313412666321
5669 0.4025006592273712 0.2880426943302155 -0.8641799092292786
5670 0.406260222196579 0.2881574332714081 -0.8645569682121277
5671 0.4102515876293182 0.2882674932479858 -0.8649373650550842
5672 0.4144652187824249 0.2882678508758545 -0.8650493025779724
5673 0.4188909232616425 0.2882682383060455 -0.8651767373085022
5674 0.423518031835556 0.288268655538559 -0.865319550037384
5675 0.4283354580402374 0.2882690727710724 -0.865477442741394
5676 0.4333315193653107 0.2882694900035858 -0.8656496405601501
5677 0.4384942352771759 0.2882698774337769 -0.8658348917961121
5678 0.4438110888004303 0.288270115852356 -0.8660315871238708
5679 0.4492693841457367 0.2882703840732574 -0.8662383556365967
5680 0.454855889081955 0.2882705628871918 -0.8664529323577881
5681 0.4605571925640106 0.2882707118988037 -0.8666732907295227
5682 0.4663595855236053 0.2882708013057709 -0.8668966889381409
5683 0.4722490012645721 0.2882708609104156 -0.8671205639839172
5684 0.4782112538814545 0.2882709205150604 -0.8673422336578369
5685 0.4842320382595062 0.2882710099220276 -0.8675587773323059
5686 0.490296870470047 0.2882710099220276 -0.8677672147750854
5687 0.496391087770462 0.2882709503173828 -0.8679646253585815
5688 0.5024999976158142 0.2882709205150604 -0.8681483864784241
5689 0.508608877658844 0.2882708609104156 -0.8683159947395325
5690 0.514703094959259 0.2882708013057709 -0.8684650659561157
5691 0.5207679271697998 0.2882707715034485 -0.8685933947563171
5692 0.5267887115478516 0.2882707118988037 -0.8686991930007935
5693 0.5327510237693787 0.2882706522941589 -0.8687809109687805
5694 0.5386404395103455 0.2882706224918365 -0.8688375949859619
5695 0.5444427728652954 0.2882706820964813 -0.8688685297966003
5696 0.5501440763473511 0.2882707417011261 -0.8688732385635376
5697 0.5557305812835693 0.2882707715034485 -0.8688518404960632
5698 0.5611888766288757 0.2882708311080933 -0.8688047528266907
5699 0.5665057897567749 0.2882707118988037 -0.8687325716018677
5700 0.5716684460639954 0.2882705926895142 -0.8686369061470032
5701 0.5766645669937134 0.2882704436779022 -0.8685194849967957
5702 0.58148193359375 0.2882703244686127 -0.868382453918457
5703 0.5861090421676636 0.2882702052593231 -0.868228018283844
5704 0.5905347466468811 0.2882698774337769 -0.8680583238601685
5705 0.5947483777999878 0.2882694602012634 -0.8678765296936035
5706 0.5987398028373718 0.2882690727710724 -0.8676859736442566
5707 0.6024993062019348 0.2882687151432037 -0.8674898147583008
5708 0.6060179471969604 0.2882683873176575 -0.867291271686554
5709 0.6092872023582458 0.2882680594921112 -0.867093563079834
5710 0.6122991442680359 0.2882677614688873 -0.8669000864028931
5711 0.6150466203689575 0.288268506526947 -0.8667165637016296
5712 0.6175229549407959 0.2882698476314545 -0.866544783115387
5713 0.6197221875190735 0.28827103972435 -0.8663858771324158
5714 0.62163907289505 0.2882720530033112 -0.8662424087524414
5715 0.6232688426971436 0.2882729172706604 -0.8661167025566101
5716 0.6246077418327332 0.2882736623287201 -0.8660109639167786
5717 0.6256524324417114 0.2882741987705231 -0.8659268021583557
5718 0.6264004707336426 0.2882746160030365 -0.8658657073974609
5719 0.6268500089645386 0.2882748544216156 -0.8658286333084106
5720 0.6269999742507935 0.2882749438285828 -0.8658161759376526
5721 0.3779999911785126 0.2896917760372162 -0.8682553768157959
5722 0.3781499862670898 0.2896954715251923 -0.8682653307914734
5723 0.3785994946956635 0.2897065579891205 -0.8682953715324402
5724 0.3793475329875946 0.2897249758243561 -0.8683457374572754
5725 0.3803922533988953 0.2897506356239319 -0.8684169054031372
5726 0.3817311227321625 0.2897872030735016 -0.8685196042060852
5727 0.3833609223365784 0.2898350656032562 -0.8686561584472656
5728 0.3852777779102325 0.2898911833763123 -0.8688195943832397
5729 0.3874770104885101 0.2899553179740906 -0.8690109252929688
5730 0.3899533450603485 0.2900272905826569 -0.8692309856414795
5731 0.3927008211612701 0.2901068031787872 -0.8694806694984436
5732 0.3957127928733826 0.2901935279369354 -0.8697607517242432
5733 0.398982048034668 0.2902871668338776 -0.8700718283653259
5734 0.4025006592273712 0.2903874218463898 -0.8704144358634949
5735 0.406260222196579 0.2904938757419586 -0.8707887530326843
5736 0.4102515876293182 0.2905959486961365 -0.871166467666626
5737 0.4144652187824249 0.2905962765216827 -0.8712783455848694
5738 0.4188909232616425 0.2905966341495514 -0.8714057207107544
5739 0.423518031835556 0.29059699177742 -0.8715484738349915
5740 0.4283354580402374 0.2905973494052887 -0.8717063069343567
5741 0.4333315193653107 0.2905977368354797 -0.871878445148468
5742 0.4384942352771759 0.290598064661026 -0.8720636367797852
5743 0.4438110888004303 0.2905982732772827 -0.8722602725028992
5744 0.4492693841457367 0.2905985116958618 -0.8724669814109802
5745 0.454855889081955 0.2905987203121185 -0.872681736946106
5746 0.4605571925640106 0.2905989587306976 -0.8729022741317749
5747 0.4663595855236053 0.2905990779399872 -0.8731257319450378
5748 0.4722490012645721 0.290599137544632 -0.873349666595459
5749 0.4782112538814545 0.2905991971492767 -0.8735713958740234
5750 0.4842320382595062 0.2905992865562439 -0.8737879395484924
5751 0.490296870470047 0.2905993163585663 -0.873996376991272
5752 0.496391087770462 0.2905992567539215 -0.8741938471794128
5753 0.5024999976158142 0.2905992269515991 -0.8743776679039001
5754 0.508608877658844 0.2905991971492767 -0.8745452761650085
5755 0.514703094959259 0.290599137544632 -0.8746943473815918
5756 0.5207679271697998 0.2905991077423096 -0.8748226761817932
5757 0.5267887115478516 0.2905990481376648 -0.8749284744262695
5758 0.5327510237693787 0.29059898853302 -0.8750101923942566
5759 0.5386404395103455 0.2905989587306976 -0.8750668168067932
5760 0.5444427728652954 0.2905990183353424 -0.8750978112220764
5761 0.5501440763473511 0.2905990481376648 -0.8751025199890137
5762 0.5557305812835693 0.2905991077423096 -0.8750810623168945
5763 0.5611888766288757 0.290599137544632 -0.875033974647522
5764 0.5665057897567749 0.2905990481376648 -0.874961793422699
5765 0.5716684460639954 0.2905988991260529 -0.8748661279678345
5766 0.5766645669937134 0.2905987799167633 -0.874748706817627
5767 0.58148193359375 0.2905986607074738 -0.8746116161346436
5768 0.5861090421676636 0.2905985414981842 -0.8744571805000305
5769 0.5905347466468811 0.2905982136726379 -0.8742874264717102
5770 0.5947483777999878 0.2905978262424469 -0.8741056323051453
5771 0.5987398028373718 0.2905974388122559 -0.8739150166511536
5772 0.6024993062019348 0.2905970811843872 -0.873718798160553
5773 0.6060179471969604 0.2905967533588409 -0.8735202550888062
5774 0.6092872023582458 0.2905964553356171 -0.8733225464820862
5775 0.6122991442680359 0.2905961871147156 -0.8731290102005005
5776 0.6150466203689575 0.2905959486961365 -0.8729429244995117
5777 0.6175229549407959 0.2905957698822021 -0.8727672100067139
5778 0.6197221875190735 0.2905955910682678 -0.8726047873497009
5779 0.62163907289505 0.2905954420566559 -0.8724582195281982
5780 0.6232688426971436 0.2905953228473663 -0.8723298907279968
5781 0.6246077418327332 0.2905952036380768 -0.8722219467163086
5782 0.6256524324417114 0.2905951142311096 -0.8721361756324768
5783 0.6264004707336426 0.2905950546264648 -0.8720738291740417
5784 0.6268500089645386 0.2905950248241425 -0.8720360398292542
5785 0.6269999742507935 0.2905950248241425 -0.8720234036445618
5786 0.3779999911785126 0.291792631149292 -0.8740933537483215
5787 0.3781499862670898 0.2917958498001099 -0.8741026520729065
5788 0.3785994946956635 0.2918055057525635 -0.8741305470466614
5789 0.3793475329875946 0.2918215692043304 -0.8741773962974548
5790 0.3803922533988953 0.291843980550766 -0.8742436766624451
5791 0.3817311227321625 0.2918760776519775 -0.8743399381637573
5792 0.3833609223365784 0.2919182479381561 -0.8744684457778931
5793 0.3852777779102325 0.2919676899909973 -0.8746225833892822
5794 0.3874770104885101 0.2920242249965668 -0.8748031854629517
5795 0.3899533450603485 0.2920876443386078 -0.8750112056732178
5796 0.3927008211612701 0.2921577095985413 -0.8752475380897522
5797 0.3957127928733826 0.2922341525554657 -0.8755130767822266
5798 0.398982048034668 0.2923167049884796 -0.8758084177970886
5799 0.4025006592273712 0.2924081087112427 -0.8761430382728577
5800 0.406260222196579 0.2925065159797668 -0.8765127062797546
5801 0.4102515876293182 0.2926008701324463 -0.8768859505653381
5802 0.4144652187824249 0.2926011681556702 -0.8769977688789368
5803 0.4188909232616425 0.292601466178894 -0.877125084400177
5804 0.423518031835556 0.2926017642021179 -0.8772677779197693
5805 0.4283354580402374 0.2926020920276642 -0.8774255514144897
5806 0.4333315193653107 0.2926024198532104 -0.8775975704193115
5807 0.4384942352771759 0.2926027178764343 -0.8777827024459839
5808 0.4438110888004303 0.2926028966903687 -0.8779792785644531
5809 0.4492693841457367 0.292603075504303 -0.8781859278678894
5810 0.454855889081955 0.2926033437252045 -0.8784008622169495
5811 0.4605571925640106 0.2926036417484283 -0.8786216378211975
5812 0.4663595855236053 0.2926037907600403 -0.87884521484375
5813 0.4722490012645721 0.2926038503646851 -0.8790691494941711
5814 0.4782112538814545 0.2926039397716522 -0.8792908787727356
5815 0.4842320382595062 0.2926040291786194 -0.8795074820518494
5816 0.490296870470047 0.2926040589809418 -0.8797159790992737
5817 0.496391087770462 0.2926040291786194 -0.8799134492874146
5818 0.5024999976158142 0.292603999376297 -0.8800972700119019
5819 0.508608877658844 0.2926039695739746 -0.880264937877655
5820 0.514703094959259 0.2926039397716522 -0.8804140090942383
5821 0.5207679271697998 0.2926038801670074 -0.8805423378944397
5822 0.5267887115478516 0.2926038205623627 -0.8806480765342712
5823 0.5327510237693787 0.2926037907600403 -0.8807298541069031
5824 0.5386404395103455 0.2926037609577179 -0.8807864785194397
5825 0.5444427728652954 0.2926037907600403 -0.8808174133300781
5826 0.5501440763473511 0.2926038205623627 -0.8808221220970154
5827 0.5557305812835693 0.2926038503646851 -0.8808006644248962
5828 0.5611888766288757 0.2926039099693298 -0.8807535767555237
5829 0.5665057897567749 0.2926038205623627 -0.8806813955307007
5830 0.5716684460639954 0.2926036715507507 -0.8805856704711914
5831 0.5766645669937134 0.2926035523414612 -0.8804682493209839
5832 0.58148193359375 0.2926034331321716 -0.8803311586380005
5833 0.5861090421676636 0.2926033139228821 -0.8801766633987427
5834 0.5905347466468811 0.2926029860973358 -0.8800069689750671
5835 0.5947483777999878 0.2926025986671448 -0.8798251152038574
5836 0.5987398028373718 0.2926022410392761 -0.8796344995498657
5837 0.6024993062019348 0.2926019132137299 -0.8794382214546204
5838 0.6060179471969604 0.2926015853881836 -0.8792396187782288
5839 0.6092872023582458 0.2926013171672821 -0.8790419101715088
5840 0.6122991442680359 0.2926010191440582 -0.8788483738899231
5841 0.6150466203689575 0.2925998866558075 -0.8786595463752747
5842 0.6175229549407959 0.2925982475280762 -0.878479540348053
5843 0.6197221875190735 0.2925967872142792 -0.8783133029937744
5844 0.62163907289505 0.2925955355167389 -0.8781633973121643
5845 0.6232688426971436 0.2925944328308105 -0.8780322670936584
5846 0.6246077418327332 0.2925935685634613 -0.877921998500824
5847 0.6256524324417114 0.292592853307724 -0.8778343796730042
5848 0.6264004707336426 0.2925923764705658 -0.8777707815170288
5849 0.6268500089645386 0.2925920784473419 -0.8777321577072144
5850 0.6269999742507935 0.2925919592380524 -0.8777192831039429
5851 0.3779999911785126 0.2936222553253174 -0.8795028328895569
5852 0.3781499862670898 0.2936250269412994 -0.879511296749115
5853 0.3785994946956635 0.2936333417892456 -0.8795368075370789
5854 0.3793475329875946 0.2936471402645111 -0.8795796632766724
5855 0.3803922533988953 0.2936663925647736 -0.8796404004096985
5856 0.3817311227321625 0.2936941981315613 -0.8797293305397034
5857 0.3833609223365784 0.2937309145927429 -0.8798487782478333
5858 0.3852777779102325 0.2937739491462708 -0.8799921870231628
5859 0.3874770104885101 0.2938231825828552 -0.8801605701446533
5860 0.3899533450603485 0.2938784062862396 -0.8803548216819763
5861 0.3927008211612701 0.2939394116401672 -0.880575954914093
5862 0.3957127928733826 0.294005960226059 -0.8808248043060303
5863 0.398982048034668 0.2940778732299805 -0.8811021447181702
5864 0.4025006592273712 0.294160783290863 -0.8814269304275513
5865 0.406260222196579 0.2942513823509216 -0.8817902803421021
5866 0.4102515876293182 0.2943382561206818 -0.8821574449539185
5867 0.4144652187824249 0.2943384945392609 -0.8822692036628723
5868 0.4188909232616425 0.2943387627601624 -0.882396399974823
5869 0.423518031835556 0.2943390309810638 -0.8825390338897705
5870 0.4283354580402374 0.2943392992019653 -0.8826967477798462
5871 0.4333315193653107 0.2943395972251892 -0.8828687071800232
5872 0.4384942352771759 0.2943398356437683 -0.883053719997406
5873 0.4438110888004303 0.2943399846553802 -0.8832502365112305
5874 0.4492693841457367 0.2943401336669922 -0.8834567666053772
5875 0.454855889081955 0.2943404614925385 -0.8836719393730164
5876 0.4605571925640106 0.2943407893180847 -0.8838929533958435
5877 0.4663595855236053 0.294340968132019 -0.8841166496276855
5878 0.4722490012645721 0.2943410575389862 -0.8843406438827515
5879 0.4782112538814545 0.294341117143631 -0.8845623731613159
5880 0.4842320382595062 0.2943412065505981 -0.8847790360450745
5881 0.490296870470047 0.2943412661552429 -0.8849875330924988
5882 0.496391087770462 0.2943412363529205 -0.8851850032806396
5883 0.5024999976158142 0.2943412363529205 -0.8853688836097717
5884 0.508608877658844 0.2943412065505981 -0.8855365514755249
5885 0.514703094959259 0.2943411767482758 -0.8856856822967529
5886 0.5207679271697998 0.294341117143631 -0.8858139514923096
5887 0.5267887115478516 0.2943410873413086 -0.8859197497367859
5888 0.5327510237693787 0.2943410277366638 -0.8860014677047729
5889 0.5386404395103455 0.2943409979343414 -0.8860580921173096
5890 0.5444427728652954 0.2943410277366638 -0.886089026927948
5891 0.5501440763473511 0.2943410575389862 -0.8860937356948853
5892 0.5557305812835693 0.2943410873413086 -0.8860722780227661
5893 0.5611888766288757 0.2943411469459534 -0.8860251903533936
5894 0.5665057897567749 0.2943410277366638 -0.8859530091285706
5895 0.5716684460639954 0.2943409085273743 -0.8858572244644165
5896 0.5766645669937134 0.2943407893180847 -0.885739803314209
5897 0.58148193359375 0.2943406701087952 -0.8856026530265808
5898 0.5861090421676636 0.2943405508995056 -0.885448157787323
5899 0.5905347466468811 0.2943402528762817 -0.8852784037590027
5900 0.5947483777999878 0.2943398654460907 -0.885096549987793
5901 0.5987398028373718 0.2943395376205444 -0.8849059343338013
5902 0.6024993062019348 0.2943392097949982 -0.8847096562385559
5903 0.6060179471969604 0.2943389117717743 -0.8845109939575195
5904 0.6092872023582458 0.2943386137485504 -0.8843132853507996
5905 0.6122991442680359 0.2943383455276489 -0.8841196894645691
5906 0.6150466203689575 0.294336348772049 -0.8839280009269714
5907 0.6175229549407959 0.2943333685398102 -0.8837434649467468
5908 0.6197221875190735 0.2943306863307953 -0.8835731148719788
5909 0.62163907289505 0.294328361749649 -0.8834196925163269
5910 0.6232688426971436 0.2943263947963715 -0.8832855224609375
5911 0.6246077418327332 0.2943247556686401 -0.8831728100776672
5912 0.6256524324417114 0.2943234741687775 -0.8830832839012146
5913 0.6264004707336426 0.2943225800991058 -0.8830182552337646
5914 0.6268500089645386 0.2943220436573029 -0.8829788565635681
5915 0.6269999742507935 0.2943218648433685 -0.8829656839370728
5916 0.3779999911785126 0.2952306270599365 -0.8845527768135071
5917 0.3781499862670898 0.2952329516410828 -0.8845603466033936
5918 0.3785994946956635 0.2952399551868439 -0.8845831751823425
5919 0.3793475329875946 0.2952516376972198 -0.8846216797828674
5920 0.3803922533988953 0.2952678799629211 -0.8846762776374817
5921 0.3817311227321625 0.2952916026115417 -0.8847571015357971
5922 0.3833609223365784 0.2953230738639832 -0.88486647605896
5923 0.3852777779102325 0.2953599989414215 -0.8849980235099792
5924 0.3874770104885101 0.2954022288322449 -0.8851527571678162
5925 0.3899533450603485 0.2954495847225189 -0.8853318095207214
5926 0.3927008211612701 0.2955019474029541 -0.8855360150337219
5927 0.3957127928733826 0.2955590784549713 -0.8857663869857788
5928 0.398982048034668 0.2956207990646362 -0.8860237002372742
5929 0.4025006592273712 0.2956955134868622 -0.8863370418548584
5930 0.406260222196579 0.2957785725593567 -0.8866925239562988
5931 0.4102515876293182 0.2958582043647766 -0.8870521187782288
5932 0.4144652187824249 0.2958584129810333 -0.8871637582778931
5933 0.4188909232616425 0.2958586513996124 -0.887290894985199
5934 0.423518031835556 0.2958588600158691 -0.8874334096908569
5935 0.4283354580402374 0.2958590984344482 -0.8875910043716431
5936 0.4333315193653107 0.2958593368530273 -0.8877629041671753
5937 0.4384942352771759 0.2958595454692841 -0.8879477977752686
5938 0.4438110888004303 0.2958596646785736 -0.8881442546844482
5939 0.4492693841457367 0.2958597540855408 -0.8883507251739502
5940 0.454855889081955 0.2958601415157318 -0.8885661363601685
5941 0.4605571925640106 0.2958605587482452 -0.8887873291969299
5942 0.4663595855236053 0.2958607375621796 -0.8890111446380615
5943 0.4722490012645721 0.2958608269691467 -0.8892351388931274
5944 0.4782112538814545 0.2958609163761139 -0.8894569277763367
5945 0.4842320382595062 0.2958610057830811 -0.8896735906600952
5946 0.490296870470047 0.2958610355854034 -0.8898821473121643
5947 0.496391087770462 0.2958610355854034 -0.89007967710495
5948 0.5024999976158142 0.2958610355854034 -0.890263557434082
5949 0.508608877658844 0.2958610355854034 -0.89043128490448
5950 0.514703094959259 0.2958610057830811 -0.890580415725708
5951 0.5207679271697998 0.2958609461784363 -0.8907086849212646
5952 0.5267887115478516 0.2958609163761139 -0.890814483165741
5953 0.5327510237693787 0.2958608567714691 -0.890896201133728
5954 0.5386404395103455 0.2958608269691467 -0.8909528255462646
5955 0.5444427728652954 0.2958608567714691 -0.8909837603569031
5956 0.5501440763473511 0.2958608865737915 -0.8909884095191956
5957 0.5557305812835693 0.2958609163761139 -0.8909669518470764
5958 0.5611888766288757 0.2958609461784363 -0.8909198641777039
5959 0.5665057897567749 0.2958608567714691 -0.8908476233482361
5960 0.5716684460639954 0.2958607077598572 -0.8907518982887268
5961 0.5766645669937134 0.2958605885505676 -0.8906344175338745
5962 0.58148193359375 0.2958604693412781 -0.8904972672462463
5963 0.5861090421676636 0.2958603501319885 -0.8903427720069885
5964 0.5905347466468811 0.295860081911087 -0.8901730179786682
5965 0.5947483777999878 0.2958597242832184 -0.8899911046028137
5966 0.5987398028373718 0.2958593964576721 -0.8898004293441772
5967 0.6024993062019348 0.2958590686321259 -0.8896041512489319
5968 0.6060179471969604 0.295858770608902 -0.8894054889678955
5969 0.6092872023582458 0.2958585023880005 -0.8892077803611755
5970 0.6122991442680359 0.2958582639694214 -0.8890141844749451
5971 0.6150466203689575 0.2958554625511169 -0.8888194561004639
5972 0.6175229549407959 0.2958511710166931 -0.8886300921440125
5973 0.6197221875190735 0.2958473861217499 -0.8884555101394653
5974 0.62163907289505 0.2958440780639648 -0.8882983326911926
5975 0.6232688426971436 0.295841246843338 -0.8881610631942749
5976 0.6246077418327332 0.2958389520645142 -0.8880457878112793
5977 0.6256524324417114 0.2958371341228485 -0.8879541754722595
5978 0.6264004707336426 0.2958358526229858 -0.8878877758979797
5979 0.6268500089645386 0.2958350777626038 -0.8878474831581116
5980 0.6269999742507935 0.2958348095417023 -0.8878340125083923
5981 0.3779999911785126 0.2966621518135071 -0.8893202543258667
5982 0.3781499862670898 0.2966640889644623 -0.8893268704414368
5983 0.3785994946956635 0.2966698706150055 -0.8893468976020813
5984 0.3793475329875946 0.2966794669628143 -0.8893806338310242
5985 0.3803922533988953 0.2966928780078888 -0.8894286155700684
5986 0.3817311227321625 0.2967126965522766 -0.8895006775856018
5987 0.3833609223365784 0.2967391908168793 -0.8895990252494812
5988 0.3852777779102325 0.2967702746391296 -0.8897176384925842
5989 0.3874770104885101 0.2968058586120605 -0.8898576498031616
5990 0.3899533450603485 0.2968457639217377 -0.8900200724601746
5991 0.3927008211612701 0.2968898713588715 -0.890205979347229
5992 0.3957127928733826 0.2969380021095276 -0.8904162645339966
5993 0.398982048034668 0.2969900369644165 -0.8906518816947937
5994 0.4025006592273712 0.2970568537712097 -0.8909522891044617
5995 0.406260222196579 0.2971326410770416 -0.8912984728813171
5996 0.4102515876293182 0.2972052693367004 -0.891649067401886
5997 0.4144652187824249 0.2972054481506348 -0.8917606472969055
5998 0.4188909232616425 0.2972056269645691 -0.8918876647949219
5999 0.423518031835556 0.2972058057785034 -0.8920301198959351
6000 0.4283354580402374 0.2972060143947601 -0.8921875953674316
6001 0.4333315193653107 0.2972061932086945 -0.8923593759536743
6002 0.4384942352771759 0.2972063720226288 -0.8925442099571228
6003 0.4438110888004303 0.2972064316272736 -0.8927405476570129
6004 0.4492693841457367 0.2972065210342407 -0.8929468989372253
6005 0.454855889081955 0.2972069382667542 -0.8931625485420227
6006 0.4605571925640106 0.29720738530159 -0.8933840394020081
6007 0.4663595855236053 0.2972075939178467 -0.8936079740524292
6008 0.4722490012645721 0.2972076833248138 -0.8938319683074951
6009 0.4782112538814545 0.297207772731781 -0.8940538167953491
6010 0.4842320382595062 0.2972078621387482 -0.8942705392837524
6011 0.490296870470047 0.2972079217433929 -0.8944790959358215
6012 0.496391087770462 0.2972079217433929 -0.8946766257286072
6013 0.5024999976158142 0.2972079217433929 -0.894860565662384
6014 0.508608877658844 0.2972079515457153 -0.8950283527374268
6015 0.514703094959259 0.2972079217433929 -0.89517742395401
6016 0.5207679271697998 0.2972078919410706 -0.8953057527542114
6017 0.5267887115478516 0.2972078323364258 -0.895411491394043
6018 0.5327510237693787 0.297207772731781 -0.89549320936203
6019 0.5386404395103455 0.2972077429294586 -0.8955498337745667
6020 0.5444427728652954 0.297207772731781 -0.8955807685852051
6021 0.5501440763473511 0.2972078025341034 -0.8955854177474976
6022 0.5557305812835693 0.2972078323364258 -0.8955639600753784
6023 0.5611888766288757 0.2972078621387482 -0.8955168724060059
6024 0.5665057897567749 0.2972077429294586 -0.8954446315765381
6025 0.5716684460639954 0.2972076237201691 -0.895348846912384
6026 0.5766645669937134 0.2972075045108795 -0.8952313661575317
6027 0.58148193359375 0.29720738530159 -0.8950942158699036
6028 0.5861090421676636 0.2972072660923004 -0.894939661026001
6029 0.5905347466468811 0.2972069978713989 -0.8947699069976807
6030 0.5947483777999878 0.2972066700458527 -0.8945879936218262
6031 0.5987398028373718 0.2972063422203064 -0.8943973183631897
6032 0.6024993062019348 0.2972060441970825 -0.8942009806632996
6033 0.6060179471969604 0.2972057461738586 -0.8940023183822632
6034 0.6092872023582458 0.2972055077552795 -0.8938045501708984
6035 0.6122991442680359 0.2972052395343781 -0.893610954284668
6036 0.6150466203689575 0.2972017228603363 -0.8934130668640137
6037 0.6175229549407959 0.2971962690353394 -0.8932187557220459
6038 0.6197221875190735 0.2971914410591125 -0.8930397629737854
6039 0.62163907289505 0.2971872091293335 -0.8928787708282471
6040 0.6232688426971436 0.2971836030483246 -0.8927382230758667
6041 0.6246077418327332 0.2971806526184082 -0.8926202654838562
6042 0.6256524324417114 0.2971783578395844 -0.8925265669822693
6043 0.6264004707336426 0.297176718711853 -0.8924586772918701
6044 0.6268500089645386 0.2971757352352142 -0.8924174904823303
6045 0.6269999742507935 0.297175407409668 -0.8924036622047424
6046 0.3779999911785126 0.2979559898376465 -0.8938890695571899
6047 0.3781499862670898 0.2979575395584106 -0.8938946723937988
6048 0.3785994946956635 0.2979621589183807 -0.8939116597175598
6049 0.3793475329875946 0.2979698479175568 -0.8939403295516968
6050 0.3803922533988953 0.2979805469512939 -0.8939812779426575
6051 0.3817311227321625 0.2979966402053833 -0.8940439224243164
6052 0.3833609223365784 0.2980184555053711 -0.8941305875778198
6053 0.3852777779102325 0.2980439960956573 -0.8942354917526245
6054 0.3874770104885101 0.2980732619762421 -0.8943597078323364
6055 0.3899533450603485 0.2981060743331909 -0.8945044279098511
6056 0.3927008211612701 0.2981423735618591 -0.8946707248687744
6057 0.3957127928733826 0.2981819808483124 -0.8948596119880676
6058 0.398982048034668 0.2982248067855835 -0.8950720429420471
6059 0.4025006592273712 0.2982840538024902 -0.8953582048416138
6060 0.406260222196579 0.2983527779579163 -0.895693838596344
6061 0.4102515876293182 0.2984186112880707 -0.896034300327301
6062 0.4144652187824249 0.2984187602996826 -0.896145761013031
6063 0.4188909232616425 0.2984189093112946 -0.8962727189064026
6064 0.423518031835556 0.2984190583229065 -0.8964150547981262
6065 0.4283354580402374 0.2984192073345184 -0.896572470664978
6066 0.4333315193653107 0.2984193563461304 -0.8967441320419312
6067 0.4384942352771759 0.2984195053577423 -0.8969288468360901
6068 0.4438110888004303 0.2984195351600647 -0.8971250653266907
6069 0.4492693841457367 0.2984195947647095 -0.8973313570022583
6070 0.454855889081955 0.2984200417995453 -0.8975472450256348
6071 0.4605571925640106 0.2984205484390259 -0.8977689743041992
6072 0.4663595855236053 0.2984207570552826 -0.8979929685592651
6073 0.4722490012645721 0.2984208762645721 -0.8982170820236206
6074 0.4782112538814545 0.2984209656715393 -0.8984389305114746
6075 0.4842320382595062 0.2984210550785065 -0.8986556529998779
6076 0.490296870470047 0.2984211146831512 -0.8988642692565918
6077 0.496391087770462 0.2984211146831512 -0.8990617990493774
6078 0.5024999976158142 0.2984211444854736 -0.8992457985877991
6079 0.508608877658844 0.2984211444854736 -0.8994135856628418
6080 0.514703094959259 0.2984211444854736 -0.8995627164840698
6081 0.5207679271697998 0.2984211146831512 -0.8996910452842712
6082 0.5267887115478516 0.2984210550785065 -0.8997967839241028
6083 0.5327510237693787 0.2984209954738617 -0.8998785018920898
6084 0.5386404395103455 0.2984209656715393 -0.8999350666999817
6085 0.5444427728652954 0.2984209954738617 -0.8999660015106201
6086 0.5501440763473511 0.2984210252761841 -0.8999706506729126
6087 0.5557305812835693 0.2984210252761841 -0.8999491930007935
6088 0.5611888766288757 0.2984210550785065 -0.8999020457267761
6089 0.5665057897567749 0.2984209656715393 -0.8998298048973083
6090 0.5716684460639954 0.2984208464622498 -0.8997340202331543
6091 0.5766645669937134 0.2984207272529602 -0.899616539478302
6092 0.58148193359375 0.2984206080436707 -0.8994793295860291
6093 0.5861090421676636 0.2984204888343811 -0.8993248343467712
6094 0.5905347466468811 0.2984202206134796 -0.8991550207138062
6095 0.5947483777999878 0.2984198927879333 -0.8989731073379517
6096 0.5987398028373718 0.2984195947647095 -0.8987823724746704
6097 0.6024993062019348 0.2984192967414856 -0.898586094379425
6098 0.6060179471969604 0.2984190285205841 -0.8983873724937439
6099 0.6092872023582458 0.298418790102005 -0.8981896042823792
6100 0.6122991442680359 0.2984185516834259 -0.8979960083961487
6101 0.6150466203689575 0.2984143495559692 -0.8977949023246765
6102 0.6175229549407959 0.2984078526496887 -0.8975954651832581
6103 0.6197221875190735 0.2984020411968231 -0.8974120020866394
6104 0.62163907289505 0.2983970046043396 -0.8972470760345459
6105 0.6232688426971436 0.2983927130699158 -0.8971031904220581
6106 0.6246077418327332 0.298389196395874 -0.8969824314117432
6107 0.6256524324417114 0.298386424779892 -0.8968866467475891
6108 0.6264004707336426 0.2983844578266144 -0.896817147731781
6109 0.6268500089645386 0.2983832657337189 -0.8967750668525696
6110 0.6269999742507935 0.2983828783035278 -0.8967609405517578
6111 0.3779999911785126 0.2991461157798767 -0.8983482718467712
6112 0.3781499862670898 0.2991473078727722 -0.8983528017997742
6113 0.3785994946956635 0.299150824546814 -0.8983666300773621
6114 0.3793475329875946 0.2991566956043243 -0.898389995098114
6115 0.3803922533988953 0.299164891242981 -0.8984235525131226
6116 0.3817311227321625 0.299177497625351 -0.8984764218330383
6117 0.3833609223365784 0.2991948425769806 -0.8985507488250732
6118 0.3852777779102325 0.2992151975631714 -0.8986411690711975
6119 0.3874770104885101 0.2992385029792786 -0.8987488150596619
6120 0.3899533450603485 0.2992646396160126 -0.8988749384880066
6121 0.3927008211612701 0.2992935478687286 -0.8990206122398376
6122 0.3957127928733826 0.2993251383304596 -0.8991870284080505
6123 0.398982048034668 0.2993592917919159 -0.8993751406669617
6124 0.4025006592273712 0.29941126704216 -0.8996459245681763
6125 0.406260222196579 0.2994731068611145 -0.8999698758125305
6126 0.4102515876293182 0.2995323836803436 -0.9002991318702698
6127 0.4144652187824249 0.2995324730873108 -0.900410532951355
6128 0.4188909232616425 0.2995325922966003 -0.900537371635437
6129 0.423518031835556 0.2995327115058899 -0.9006796479225159
6130 0.4283354580402374 0.2995328307151794 -0.9008368849754333
6131 0.4333315193653107 0.299532949924469 -0.9010084271430969
6132 0.4384942352771759 0.2995330393314362 -0.9011930823326111
6133 0.4438110888004303 0.2995330691337585 -0.9013891816139221
6134 0.4492693841457367 0.2995330691337585 -0.901595413684845
6135 0.454855889081955 0.2995335757732391 -0.9018114805221558
6136 0.4605571925640106 0.2995341122150421 -0.9020335078239441
6137 0.4663595855236053 0.2995343506336212 -0.9022576212882996
6138 0.4722490012645721 0.2995344400405884 -0.902481734752655
6139 0.4782112538814545 0.2995345294475555 -0.902703583240509
6140 0.4842320382595062 0.2995346486568451 -0.9029203653335571
6141 0.490296870470047 0.2995347082614899 -0.903128981590271
6142 0.496391087770462 0.2995347380638123 -0.9033266305923462
6143 0.5024999976158142 0.2995347380638123 -0.9035106301307678
6144 0.508608877658844 0.2995347678661346 -0.9036784768104553
6145 0.514703094959259 0.2995347678661346 -0.9038276076316833
6146 0.5207679271697998 0.2995347082614899 -0.90395587682724
6147 0.5267887115478516 0.2995346784591675 -0.9040616154670715
6148 0.5327510237693787 0.2995346188545227 -0.9041433334350586
6149 0.5386404395103455 0.2995345890522003 -0.9041999578475952
6150 0.5444427728652954 0.2995346188545227 -0.9042308330535889
6151 0.5501440763473511 0.2995346188545227 -0.9042354822158813
6152 0.5557305812835693 0.2995346486568451 -0.9042140245437622
6153 0.5611888766288757 0.2995346486568451 -0.9041668772697449
6154 0.5665057897567749 0.2995345592498779 -0.9040946364402771
6155 0.5716684460639954 0.2995344400405884 -0.9039987921714783
6156 0.5766645669937134 0.2995343208312988 -0.903881311416626
6157 0.58148193359375 0.2995342314243317 -0.903744101524353
6158 0.5861090421676636 0.2995341122150421 -0.9035895466804504
6159 0.5905347466468811 0.299533873796463 -0.9034197330474854
6160 0.5947483777999878 0.2995335459709167 -0.9032378196716309
6161 0.5987398028373718 0.2995332479476929 -0.9030470848083496
6162 0.6024993062019348 0.2995329797267914 -0.9028507471084595
6163 0.6060179471969604 0.2995327115058899 -0.9026520252227783
6164 0.6092872023582458 0.2995324730873108 -0.9024542570114136
6165 0.6122991442680359 0.2995322644710541 -0.9022606611251831
6166 0.6150466203689575 0.2995274662971497 -0.9020562767982483
6167 0.6175229549407959 0.2995200157165527 -0.9018517136573792
6168 0.6197221875190735 0.2995133996009827 -0.901663601398468
6169 0.62163907289505 0.2995076179504395 -0.9014946818351746
6170 0.6232688426971436 0.2995027005672455 -0.9013473987579346
6171 0.6246077418327332 0.2994986474514008 -0.90122389793396
6172 0.6256524324417114 0.29949551820755 -0.9011258482933044
6173 0.6264004707336426 0.2994932532310486 -0.901054859161377
6174 0.6268500089645386 0.2994918823242188 -0.9010118246078491
6175 0.6269999742507935 0.2994914352893829 -0.9009974002838135
6176 0.3779999911785126 0.300261378288269 -0.9027912020683289
6177 0.3781499862670898 0.3002622127532959 -0.9027946591377258
6178 0.3785994946956635 0.3002647161483765 -0.9028052091598511
6179 0.3793475329875946 0.3002689182758331 -0.9028230905532837
6180 0.3803922533988953 0.3002747297286987 -0.902849018573761
6181 0.3817311227321625 0.3002841174602509 -0.9028916954994202
6182 0.3833609223365784 0.3002973198890686 -0.9029532074928284
6183 0.3852777779102325 0.3003127872943878 -0.9030286073684692
6184 0.3874770104885101 0.3003305196762085 -0.9031190872192383
6185 0.3899533450603485 0.3003504276275635 -0.9032258987426758
6186 0.3927008211612701 0.300372451543808 -0.9033502340316772
6187 0.3957127928733826 0.3003965020179749 -0.9034932255744934
6188 0.398982048034668 0.3004225492477417 -0.9036560654640198
6189 0.4025006592273712 0.3004675209522247 -0.9039106369018555
6190 0.406260222196579 0.3005226850509644 -0.9042220115661621
6191 0.4102515876293182 0.3005755543708801 -0.9045391082763672
6192 0.4144652187824249 0.3005756437778473 -0.9046503901481628
6193 0.4188909232616425 0.3005757331848145 -0.9047771692276001
6194 0.423518031835556 0.3005757927894592 -0.9049193263053894
6195 0.4283354580402374 0.3005758821964264 -0.9050764441490173
6196 0.4333315193653107 0.3005759716033936 -0.9052478671073914
6197 0.4384942352771759 0.3005760312080383 -0.905432403087616
6198 0.4438110888004303 0.3005760312080383 -0.9056284427642822
6199 0.4492693841457367 0.3005760312080383 -0.9058344960212708
6200 0.454855889081955 0.3005765378475189 -0.9060508608818054
6201 0.4605571925640106 0.3005771040916443 -0.9062731266021729
6202 0.4663595855236053 0.3005773723125458 -0.9064973592758179
6203 0.4722490012645721 0.3005774617195129 -0.9067214727401733
6204 0.4782112538814545 0.3005775511264801 -0.9069433808326721
6205 0.4842320382595062 0.3005776703357697 -0.9071601629257202
6206 0.490296870470047 0.3005777299404144 -0.9073688387870789
6207 0.496391087770462 0.3005777597427368 -0.9075664877891541
6208 0.5024999976158142 0.3005777895450592 -0.9077505469322205
6209 0.508608877658844 0.3005778193473816 -0.9079184532165527
6210 0.514703094959259 0.3005778193473816 -0.9080675840377808
6211 0.5207679271697998 0.3005777597427368 -0.9081958532333374
6212 0.5267887115478516 0.3005777299404144 -0.9083015918731689
6213 0.5327510237693787 0.3005776703357697 -0.908383309841156
6214 0.5386404395103455 0.3005776405334473 -0.9084398746490479
6215 0.5444427728652954 0.3005776703357697 -0.9084708094596863
6216 0.5501440763473511 0.3005776703357697 -0.9084754586219788
6217 0.5557305812835693 0.300577700138092 -0.9084539413452148
6218 0.5611888766288757 0.300577700138092 -0.9084067940711975
6219 0.5665057897567749 0.3005776107311249 -0.9083345532417297
6220 0.5716684460639954 0.3005774915218353 -0.9082387089729309
6221 0.5766645669937134 0.3005773723125458 -0.9081211686134338
6222 0.58148193359375 0.3005772829055786 -0.9079839587211609
6223 0.5861090421676636 0.3005771636962891 -0.9078294038772583
6224 0.5905347466468811 0.30057692527771 -0.9076595902442932
6225 0.5947483777999878 0.3005766272544861 -0.9074776172637939
6226 0.5987398028373718 0.3005763590335846 -0.9072868824005127
6227 0.6024993062019348 0.3005760908126831 -0.9070905447006226
6228 0.6060179471969604 0.300575852394104 -0.9068918824195862
6229 0.6092872023582458 0.3005756139755249 -0.9066940546035767
6230 0.6122991442680359 0.3005754053592682 -0.9065004587173462
6231 0.6150466203689575 0.3005701303482056 -0.906292736530304
6232 0.6175229549407959 0.3005618751049042 -0.9060829877853394
6233 0.6197221875190735 0.3005545139312744 -0.9058902859687805
6234 0.62163907289505 0.3005481362342834 -0.9057173728942871
6235 0.6232688426971436 0.3005426824092865 -0.9055666327476501
6236 0.6246077418327332 0.3005382120609283 -0.9054402709007263
6237 0.6256524324417114 0.300534725189209 -0.9053401350975037
6238 0.6264004707336426 0.3005322217941284 -0.9052675366401672
6239 0.6268500089645386 0.300530731678009 -0.905223548412323
6240 0.6269999742507935 0.3005302250385284 -0.9052088260650635
6241 0.3779999911785126 0.3013252019882202 -0.9073142409324646
6242 0.3781499862670898 0.3013257384300232 -0.9073165655136108
6243 0.3785994946956635 0.3013273179531097 -0.9073237180709839
6244 0.3793475329875946 0.3013299405574799 -0.9073359966278076
6245 0.3803922533988953 0.3013336360454559 -0.9073541164398193
6246 0.3817311227321625 0.3013400137424469 -0.9073863625526428
6247 0.3833609223365784 0.3013493716716766 -0.9074347019195557
6248 0.3852777779102325 0.3013603687286377 -0.9074947237968445
6249 0.3874770104885101 0.3013729453086853 -0.90756756067276
6250 0.3899533450603485 0.3013871014118195 -0.9076545834541321
6251 0.3927008211612701 0.301402747631073 -0.9077569842338562
6252 0.3957127928733826 0.3014198541641235 -0.9078760743141174
6253 0.398982048034668 0.3014383912086487 -0.9080129265785217
6254 0.4025006592273712 0.3014766871929169 -0.9082505106925964
6255 0.406260222196579 0.301525354385376 -0.9085485339164734
6256 0.4102515876293182 0.3015719950199127 -0.908852756023407
6257 0.4144652187824249 0.3015720546245575 -0.9089639782905579
6258 0.4188909232616425 0.3015721142292023 -0.9090905785560608
6259 0.423518031835556 0.301572173833847 -0.9092326164245605
6260 0.4283354580402374 0.3015722334384918 -0.9093896746635437
6261 0.4333315193653107 0.3015722632408142 -0.9095609784126282
6262 0.4384942352771759 0.3015722930431366 -0.9097453951835632
6263 0.4438110888004303 0.3015722632408142 -0.9099413156509399
6264 0.4492693841457367 0.3015722334384918 -0.9101473093032837
6265 0.454855889081955 0.3015727698802948 -0.9103638529777527
6266 0.4605571925640106 0.3015733659267426 -0.910586416721344
6267 0.4663595855236053 0.301573634147644 -0.9108107089996338
6268 0.4722490012645721 0.3015737235546112 -0.911034882068634
6269 0.4782112538814545 0.3015738129615784 -0.9112567901611328
6270 0.4842320382595062 0.3015739321708679 -0.9114736318588257
6271 0.490296870470047 0.3015739917755127 -0.9116823673248291
6272 0.496391087770462 0.3015740215778351 -0.9118800163269043
6273 0.5024999976158142 0.3015740811824799 -0.9120641350746155
6274 0.508608877658844 0.3015741109848022 -0.9122320413589478
6275 0.514703094959259 0.3015741109848022 -0.9123812317848206
6276 0.5207679271697998 0.3015740811824799 -0.9125095009803772
6277 0.5267887115478516 0.3015740215778351 -0.9126152396202087
6278 0.5327510237693787 0.3015739917755127 -0.912696897983551
6279 0.5386404395103455 0.3015739619731903 -0.9127535223960876
6280 0.5444427728652954 0.3015739619731903 -0.9127843976020813
6281 0.5501440763473511 0.3015739619731903 -0.912788987159729
6282 0.5557305812835693 0.3015739917755127 -0.9127675294876099
6283 0.5611888766288757 0.3015739917755127 -0.9127203822135925
6284 0.5665057897567749 0.3015739023685455 -0.91264808177948
6285 0.5716684460639954 0.301573783159256 -0.9125522375106812
6286 0.5766645669937134 0.3015736937522888 -0.9124346971511841
6287 0.58148193359375 0.3015735745429993 -0.9122974872589111
6288 0.5861090421676636 0.3015734851360321 -0.9121429324150085
6289 0.5905347466468811 0.301573246717453 -0.9119730591773987
6290 0.5947483777999878 0.3015729784965515 -0.9117911458015442
6291 0.5987398028373718 0.30157271027565 -0.9116004109382629
6292 0.6024993062019348 0.3015724718570709 -0.911404013633728
6293 0.6060179471969604 0.3015722334384918 -0.9112052917480469
6294 0.6092872023582458 0.3015720248222351 -0.9110075235366821
6295 0.6122991442680359 0.3015718162059784 -0.9108138680458069
6296 0.6150466203689575 0.3015661239624023 -0.9106029272079468
6297 0.6175229549407959 0.3015572428703308 -0.9103879928588867
6298 0.6197221875190735 0.3015493452548981 -0.9101907014846802
6299 0.62163907289505 0.3015424311161041 -0.910013735294342
6300 0.6232688426971436 0.3015365898609161 -0.9098595976829529
6301 0.6246077418327332 0.3015317618846893 -0.9097304940223694
6302 0.6256524324417114 0.3015280067920685 -0.9096280932426453
6303 0.6264004707336426 0.3015252947807312 -0.9095539450645447
6304 0.6268500089645386 0.3015236854553223 -0.909509003162384
6305 0.6269999742507935 0.3015231490135193 -0.9094939827919006
6306 0.3779999911785126 0.3023552596569061 -0.9120154976844788
6307 0.3781499862670898 0.3023555278778076 -0.9120166897773743
6308 0.3785994946956635 0.3023562729358673 -0.9120203852653503
6309 0.3793475329875946 0.3023575246334076 -0.9120270609855652
6310 0.3803922533988953 0.3023592829704285 -0.9120373129844666
6311 0.3817311227321625 0.3023629784584045 -0.9120588898658752
6312 0.3833609223365784 0.3023688793182373 -0.9120939373970032
6313 0.3852777779102325 0.3023757636547089 -0.9121383428573608
6314 0.3874770104885101 0.302383691072464 -0.9121932983398438
6315 0.3899533450603485 0.3023926019668579 -0.9122601747512817
6316 0.3927008211612701 0.3024024665355682 -0.9123403429985046
6317 0.3957127928733826 0.302413284778595 -0.9124351143836975
6318 0.398982048034668 0.3024249970912933 -0.9125456809997559
6319 0.4025006592273712 0.3024569749832153 -0.9127657413482666
6320 0.406260222196579 0.3024993240833282 -0.9130497574806213
6321 0.4102515876293182 0.3025399148464203 -0.9133404493331909
6322 0.4144652187824249 0.3025399446487427 -0.9134515523910522
6323 0.4188909232616425 0.3025399446487427 -0.9135780930519104
6324 0.423518031835556 0.3025399744510651 -0.9137200117111206
6325 0.4283354580402374 0.3025400042533875 -0.9138769507408142
6326 0.4333315193653107 0.3025400340557098 -0.9140481352806091
6327 0.4384942352771759 0.3025400340557098 -0.9142324328422546
6328 0.4438110888004303 0.3025400042533875 -0.9144282341003418
6329 0.4492693841457367 0.3025399446487427 -0.914634108543396
6330 0.454855889081955 0.3025404810905457 -0.9148508906364441
6331 0.4605571925640106 0.3025411069393158 -0.9150736927986145
6332 0.4663595855236053 0.3025413453578949 -0.9152981042861938
6333 0.4722490012645721 0.3025414645671844 -0.9155223369598389
6334 0.4782112538814545 0.3025415539741516 -0.9157443046569824
6335 0.4842320382595062 0.3025416433811188 -0.9159611463546753
6336 0.490296870470047 0.3025417327880859 -0.9161698818206787
6337 0.496391087770462 0.3025417625904083 -0.9163675904273987
6338 0.5024999976158142 0.3025418221950531 -0.9165517091751099
6339 0.508608877658844 0.3025418519973755 -0.9167196750640869
6340 0.514703094959259 0.3025418519973755 -0.9168689250946045
6341 0.5207679271697998 0.3025418221950531 -0.9169971346855164
6342 0.5267887115478516 0.3025417625904083 -0.9171028733253479
6343 0.5327510237693787 0.3025417327880859 -0.917184591293335
6344 0.5386404395103455 0.3025417029857635 -0.9172411561012268
6345 0.5444427728652954 0.3025417029857635 -0.9172720313072205
6346 0.5501440763473511 0.3025417029857635 -0.9172766208648682
6347 0.5557305812835693 0.3025417327880859 -0.9172551035881042
6348 0.5611888766288757 0.3025417327880859 -0.9172079563140869
6349 0.5665057897567749 0.3025416433811188 -0.9171356558799744
6350 0.5716684460639954 0.3025415539741516 -0.9170398116111755
6351 0.5766645669937134 0.3025414347648621 -0.9169222712516785
6352 0.58148193359375 0.3025413453578949 -0.9167850017547607
6353 0.5861090421676636 0.3025412559509277 -0.9166304469108582
6354 0.5905347466468811 0.302541047334671 -0.9164606332778931
6355 0.5947483777999878 0.3025407791137695 -0.9162786602973938
6356 0.5987398028373718 0.3025405406951904 -0.9160879254341125
6357 0.6024993062019348 0.3025403022766113 -0.9158915877342224
6358 0.6060179471969604 0.3025400936603546 -0.9156928658485413
6359 0.6092872023582458 0.3025398850440979 -0.9154950380325317
6360 0.6122991442680359 0.3025397062301636 -0.9153013825416565
6361 0.6150466203689575 0.3025337159633636 -0.9150872230529785
6362 0.6175229549407959 0.3025243878364563 -0.9148671627044678
6363 0.6197221875190735 0.3025160729885101 -0.9146653413772583
6364 0.62163907289505 0.3025088608264923 -0.914484441280365
6365 0.6232688426971436 0.3025026917457581 -0.9143269062042236
6366 0.6246077418327332 0.3024976253509521 -0.9141950011253357
6367 0.6256524324417114 0.3024936616420746 -0.9140905141830444
6368 0.6264004707336426 0.3024908304214478 -0.9140147566795349
6369 0.6268500089645386 0.3024891316890717 -0.9139689207077026
6370 0.6269999742507935 0.3024885654449463 -0.9139536023139954
6371 0.3779999911785126 0.3033628761768341 -0.916994035243988
6372 0.3781499862670898 0.3033628761768341 -0.9169940948486328
6373 0.3785994946956635 0.3033629059791565 -0.9169943928718567
6374 0.3793475329875946 0.3033629655838013 -0.9169954061508179
6375 0.3803922533988953 0.303363025188446 -0.9169976711273193
6376 0.3817311227321625 0.3033643960952759 -0.917008638381958
6377 0.3833609223365784 0.3033671975135803 -0.9170303344726562
6378 0.3852777779102325 0.3033705055713654 -0.9170590043067932
6379 0.3874770104885101 0.303374320268631 -0.917095959186554
6380 0.3899533450603485 0.3033785820007324 -0.9171426296234131
6381 0.3927008211612701 0.3033833503723145 -0.9172004461288452
6382 0.3957127928733826 0.3033885955810547 -0.917270839214325
6383 0.398982048034668 0.3033942580223083 -0.9173550009727478
6384 0.4025006592273712 0.3034202754497528 -0.9175571799278259
6385 0.406260222196579 0.3034564852714539 -0.9178266525268555
6386 0.4102515876293182 0.3034912049770355 -0.9181033968925476
6387 0.4144652187824249 0.3034912049770355 -0.9182144403457642
6388 0.4188909232616425 0.3034912347793579 -0.9183408617973328
6389 0.423518031835556 0.3034912347793579 -0.9184826612472534
6390 0.4283354580402374 0.3034912347793579 -0.9186394810676575
6391 0.4333315193653107 0.3034912347793579 -0.9188105463981628
6392 0.4384942352771759 0.3034912049770355 -0.9189947247505188
6393 0.4438110888004303 0.3034911453723907 -0.9191904067993164
6394 0.4492693841457367 0.303491085767746 -0.9193962216377258
6395 0.454855889081955 0.303491622209549 -0.9196131825447083
6396 0.4605571925640106 0.3034922182559967 -0.9198362231254578
6397 0.4663595855236053 0.3034924864768982 -0.9200607538223267
6398 0.4722490012645721 0.3034925758838654 -0.9202849864959717
6399 0.4782112538814545 0.3034926652908325 -0.9205069541931152
6400 0.4842320382595062 0.3034927845001221 -0.9207238554954529
6401 0.490296870470047 0.3034928441047668 -0.9209326505661011
6402 0.496391087770462 0.3034929037094116 -0.9211304187774658
6403 0.5024999976158142 0.303492933511734 -0.921314537525177
6404 0.508608877658844 0.3034929931163788 -0.9214825034141541
6405 0.514703094959259 0.3034929931163788 -0.9216317534446716
6406 0.5207679271697998 0.3034929633140564 -0.9217600226402283
6407 0.5267887115478516 0.303492933511734 -0.9218657612800598
6408 0.5327510237693787 0.3034928739070892 -0.9219474196434021
6409 0.5386404395103455 0.3034928441047668 -0.9220039844512939
6410 0.5444427728652954 0.3034928441047668 -0.9220348596572876
6411 0.5501440763473511 0.3034928739070892 -0.9220394492149353
6412 0.5557305812835693 0.3034928739070892 -0.9220179319381714
6413 0.5611888766288757 0.3034928739070892 -0.9219707846641541
6414 0.5665057897567749 0.3034927845001221 -0.9218984842300415
6415 0.5716684460639954 0.3034926950931549 -0.9218026399612427
6416 0.5766645669937134 0.3034926056861877 -0.9216850399971008
6417 0.58148193359375 0.3034924864768982 -0.9215477705001831
6418 0.5861090421676636 0.303492397069931 -0.9213932156562805
6419 0.5905347466468811 0.3034922182559967 -0.9212234020233154
6420 0.5947483777999878 0.3034919798374176 -0.9210414290428162
6421 0.5987398028373718 0.3034917414188385 -0.9208506941795349
6422 0.6024993062019348 0.3034915328025818 -0.920654296875
6423 0.6060179471969604 0.3034913241863251 -0.9204555749893188
6424 0.6092872023582458 0.3034911453723907 -0.9202578067779541
6425 0.6122991442680359 0.3034909963607788 -0.9200641512870789
6426 0.6150466203689575 0.3034848868846893 -0.919846773147583
6427 0.6175229549407959 0.3034753203392029 -0.9196217656135559
6428 0.6197221875190735 0.303466796875 -0.9194154739379883
6429 0.62163907289505 0.3034594058990479 -0.9192306995391846
6430 0.6232688426971436 0.3034530878067017 -0.9190699458122253
6431 0.6246077418327332 0.3034479022026062 -0.9189352989196777
6432 0.6256524324417114 0.3034438490867615 -0.9188286662101746
6433 0.6264004707336426 0.3034409582614899 -0.9187514781951904
6434 0.6268500089645386 0.303439199924469 -0.9187046885490417
6435 0.6269999742507935 0.3034386336803436 -0.9186890721321106
6436 0.3781499862670898 0.3043517768383026 -0.9223474860191345
6437 0.3779999911785126 0.3043519556522369 -0.9223485589027405
6438 0.3785994946956635 0.3043512105941772 -0.922344446182251
6439 0.3793475329875946 0.3043502569198608 -0.9223397970199585
6440 0.3803922533988953 0.3043489456176758 -0.9223341941833496
6441 0.3817311227321625 0.3043483197689056 -0.922334611415863
6442 0.3833609223365784 0.3043485283851624 -0.9223430156707764
6443 0.3852777779102325 0.3043487966060638 -0.9223560094833374
6444 0.3874770104885101 0.3043490946292877 -0.9223751425743103
6445 0.3899533450603485 0.3043494522571564 -0.9224017262458801
6446 0.3927008211612701 0.3043498694896698 -0.922437310218811
6447 0.3957127928733826 0.304350346326828 -0.9224833250045776
6448 0.398982048034668 0.304350882768631 -0.9225412607192993
6449 0.4025006592273712 0.3043713569641113 -0.9227253794670105
6450 0.406260222196579 0.3044016659259796 -0.9229799509048462
6451 0.4102515876293182 0.30443075299263 -0.923242449760437
6452 0.4144652187824249 0.3044307231903076 -0.9233533143997192
6453 0.4188909232616425 0.3044306933879852 -0.9234796762466431
6454 0.423518031835556 0.3044306933879852 -0.9236213564872742
6455 0.4283354580402374 0.3044306635856628 -0.9237780570983887
6456 0.4333315193653107 0.3044306635856628 -0.9239490032196045
6457 0.4384942352771759 0.3044306337833405 -0.9241330623626709
6458 0.4438110888004303 0.3044305443763733 -0.9243286848068237
6459 0.4492693841457367 0.3044304549694061 -0.9245343804359436
6460 0.454855889081955 0.3044309914112091 -0.9247515797615051
6461 0.4605571925640106 0.3044315874576569 -0.9249748587608337
6462 0.4663595855236053 0.304431825876236 -0.9251994490623474
6463 0.4722490012645721 0.3044319152832031 -0.9254236817359924
6464 0.4782112538814545 0.3044320344924927 -0.9256457090377808
6465 0.4842320382595062 0.3044321238994598 -0.9258626699447632
6466 0.490296870470047 0.3044321835041046 -0.9260714650154114
6467 0.496391087770462 0.3044322431087494 -0.9262692332267761
6468 0.5024999976158142 0.3044322729110718 -0.9264534115791321
6469 0.508608877658844 0.3044323325157166 -0.9266214370727539
6470 0.514703094959259 0.3044323325157166 -0.9267707467079163
6471 0.5207679271697998 0.3044323027133942 -0.9268989562988281
6472 0.5267887115478516 0.3044322729110718 -0.9270046949386597
6473 0.5327510237693787 0.3044322431087494 -0.927086353302002
6474 0.5386404395103455 0.304432213306427 -0.9271429181098938
6475 0.5444427728652954 0.304432213306427 -0.9271737337112427
6476 0.5501440763473511 0.304432213306427 -0.9271783828735352
6477 0.5557305812835693 0.304432213306427 -0.9271568059921265
6478 0.5611888766288757 0.304432213306427 -0.9271096587181091
6479 0.5665057897567749 0.3044321537017822 -0.9270373582839966
6480 0.5716684460639954 0.3044320642948151 -0.926941454410553
6481 0.5766645669937134 0.3044319748878479 -0.9268239140510559
6482 0.58148193359375 0.3044318854808807 -0.9266866445541382
6483 0.5861090421676636 0.3044317960739136 -0.9265320301055908
6484 0.5905347466468811 0.3044316172599792 -0.9263622164726257
6485 0.5947483777999878 0.3044314086437225 -0.9261802434921265
6486 0.5987398028373718 0.3044312000274658 -0.9259895086288452
6487 0.6024993062019348 0.3044309914112091 -0.9257931709289551
6488 0.6060179471969604 0.3044308125972748 -0.9255944490432739
6489 0.6092872023582458 0.3044306635856628 -0.9253966212272644
6490 0.6122991442680359 0.3044304847717285 -0.9252029657363892
6491 0.6150466203689575 0.3044244050979614 -0.9249825477600098
6492 0.6175229549407959 0.3044148683547974 -0.9247527122497559
6493 0.6197221875190735 0.3044064044952393 -0.9245421290397644
6494 0.62163907289505 0.3043990135192871 -0.9243536591529846
6495 0.6232688426971436 0.3043926954269409 -0.9241896867752075
6496 0.6246077418327332 0.3043875396251678 -0.9240524768829346
6497 0.6256524324417114 0.3043834865093231 -0.9239437580108643
6498 0.6264004707336426 0.3043805956840515 -0.9238650798797607
6499 0.6268500089645386 0.304378867149353 -0.9238174557685852
6500 0.6269999742507935 0.3043782711029053 -0.9238015413284302
6501 0.3781499862670898 0.3053178191184998 -0.9281742572784424
6502 0.3779999911785126 0.305318146944046 -0.9281764030456543
6503 0.3785994946956635 0.3053167760372162 -0.9281678199768066
6504 0.3793475329875946 0.3053150773048401 -0.9281576871871948
6505 0.3803922533988953 0.3053127229213715 -0.9281443953514099
6506 0.3817311227321625 0.3053105175495148 -0.9281343817710876
6507 0.3833609223365784 0.3053086698055267 -0.9281296730041504
6508 0.3852777779102325 0.3053064942359924 -0.9281272888183594
6509 0.3874770104885101 0.3053040206432343 -0.9281287789344788
6510 0.3899533450603485 0.3053012490272522 -0.9281355738639832
6511 0.3927008211612701 0.3052981793880463 -0.9281492829322815
6512 0.3957127928733826 0.3052948713302612 -0.9281713962554932
6513 0.398982048034668 0.3052912950515747 -0.9282034039497375
6514 0.4025006592273712 0.3053067028522491 -0.9283694624900818
6515 0.406260222196579 0.3053313791751862 -0.9286090135574341
6516 0.4102515876293182 0.305355042219162 -0.9288569688796997
6517 0.4144652187824249 0.3053550124168396 -0.9289677739143372
6518 0.4188909232616425 0.3053549826145172 -0.9290939569473267
6519 0.423518031835556 0.3053549528121948 -0.929235577583313
6520 0.4283354580402374 0.3053549230098724 -0.9293921589851379
6521 0.4333315193653107 0.30535489320755 -0.9295629858970642
6522 0.4384942352771759 0.3053548336029053 -0.9297469258308411
6523 0.4438110888004303 0.3053547441959381 -0.9299424886703491
6524 0.4492693841457367 0.3053546845912933 -0.9301480650901794
6525 0.454855889081955 0.3053551614284515 -0.9303654432296753
6526 0.4605571925640106 0.3053557276725769 -0.930588960647583
6527 0.4663595855236053 0.305355966091156 -0.9308136701583862
6528 0.4722490012645721 0.3053560554981232 -0.9310379028320312
6529 0.4782112538814545 0.3053561449050903 -0.9312599897384644
6530 0.4842320382595062 0.3053562343120575 -0.931476891040802
6531 0.490296870470047 0.3053562939167023 -0.931685745716095
6532 0.496391087770462 0.305356353521347 -0.9318835735321045
6533 0.5024999976158142 0.3053563833236694 -0.9320678114891052
6534 0.508608877658844 0.3053564429283142 -0.9322358369827271
6535 0.514703094959259 0.3053564727306366 -0.9323851466178894
6536 0.5207679271697998 0.3053564131259918 -0.9325133562088013
6537 0.5267887115478516 0.3053563833236694 -0.9326190948486328
6538 0.5327510237693787 0.305356353521347 -0.9327007532119751
6539 0.5386404395103455 0.3053563237190247 -0.9327573180198669
6540 0.5444427728652954 0.3053563237190247 -0.9327881336212158
6541 0.5501440763473511 0.3053563237190247 -0.9327927231788635
6542 0.5557305812835693 0.3053563237190247 -0.9327712059020996
6543 0.5611888766288757 0.3053563237190247 -0.9327239990234375
6544 0.5665057897567749 0.3053562641143799 -0.932651698589325
6545 0.5716684460639954 0.3053561747074127 -0.9325557947158813
6546 0.5766645669937134 0.3053561151027679 -0.9324382543563843
6547 0.58148193359375 0.3053560256958008 -0.9323009848594666
6548 0.5861090421676636 0.3053559362888336 -0.9321463704109192
6549 0.5905347466468811 0.3053557872772217 -0.9319765567779541
6550 0.5947483777999878 0.3053556084632874 -0.9317945837974548
6551 0.5987398028373718 0.305355429649353 -0.9316038489341736
6552 0.6024993062019348 0.3053552508354187 -0.9314075112342834
6553 0.6060179471969604 0.3053550720214844 -0.9312087893486023
6554 0.6092872023582458 0.3053549230098724 -0.9310109615325928
6555 0.6122991442680359 0.3053548038005829 -0.9308173060417175
6556 0.6150466203689575 0.3053489327430725 -0.9305939674377441
6557 0.6175229549407959 0.3053396940231323 -0.9303595423698425
6558 0.6197221875190735 0.3053314983844757 -0.9301448464393616
6559 0.62163907289505 0.3053243458271027 -0.9299527406692505
6560 0.6232688426971436 0.3053182661533356 -0.9297857880592346
6561 0.6246077418327332 0.3053132593631744 -0.9296460747718811
6562 0.6256524324417114 0.3053093552589417 -0.929535448551178
6563 0.6264004707336426 0.3053065538406372 -0.9294553399085999
6564 0.6268500089645386 0.3053048551082611 -0.9294068813323975
6565 0.6269999742507935 0.3053042888641357 -0.9293906688690186
6566 0.3781499862670898 0.3062469363212585 -0.9345690608024597
6567 0.3779999911785126 0.3062473833560944 -0.9345723390579224
6568 0.3785994946956635 0.3062456250190735 -0.9345594644546509
6569 0.3793475329875946 0.3062434196472168 -0.9345438480377197
6570 0.3803922533988953 0.3062403798103333 -0.9345231056213379
6571 0.3817311227321625 0.3062371015548706 -0.9345030188560486
6572 0.3833609223365784 0.3062337934970856 -0.9344854950904846
6573 0.3852777779102325 0.3062298893928528 -0.934468150138855
6574 0.3874770104885101 0.3062254190444946 -0.9344524145126343
6575 0.3899533450603485 0.3062204122543335 -0.9344399571418762
6576 0.3927008211612701 0.3062148690223694 -0.934432327747345
6577 0.3957127928733826 0.3062088489532471 -0.9344311356544495
6578 0.398982048034668 0.3062023222446442 -0.9344379305839539
6579 0.4025006592273712 0.3062132596969604 -0.9345859885215759
6580 0.406260222196579 0.3062326014041901 -0.9348104000091553
6581 0.4102515876293182 0.3062511682510376 -0.9350438117980957
6582 0.4144652187824249 0.3062511086463928 -0.9351544976234436
6583 0.4188909232616425 0.3062510788440704 -0.9352806210517883
6584 0.423518031835556 0.306251049041748 -0.9354221224784851
6585 0.4283354580402374 0.3062509894371033 -0.9355785846710205
6586 0.4333315193653107 0.3062509596347809 -0.9357492923736572
6587 0.4384942352771759 0.3062509000301361 -0.9359331130981445
6588 0.4438110888004303 0.3062508106231689 -0.936128556728363
6589 0.4492693841457367 0.3062507212162018 -0.9363340735435486
6590 0.454855889081955 0.3062511682510376 -0.9365516304969788
6591 0.4605571925640106 0.3062517046928406 -0.9367753863334656
6592 0.4663595855236053 0.3062519133090973 -0.9370001554489136
6593 0.4722490012645721 0.3062520027160645 -0.9372244477272034
6594 0.4782112538814545 0.3062520623207092 -0.9374464750289917
6595 0.4842320382595062 0.3062521517276764 -0.9376634955406189
6596 0.490296870470047 0.3062522113323212 -0.9378723502159119
6597 0.496391087770462 0.3062522411346436 -0.9380701780319214
6598 0.5024999976158142 0.3062523007392883 -0.9382544755935669
6599 0.508608877658844 0.3062523305416107 -0.9384225010871887
6600 0.514703094959259 0.3062523603439331 -0.9385718107223511
6601 0.5207679271697998 0.3062523305416107 -0.9387000799179077
6602 0.5267887115478516 0.3062523007392883 -0.9388057589530945
6603 0.5327510237693787 0.3062522709369659 -0.9388874769210815
6604 0.5386404395103455 0.3062522411346436 -0.9389439821243286
6605 0.5444427728652954 0.3062522411346436 -0.9389747977256775
6606 0.5501440763473511 0.3062522411346436 -0.9389793872833252
6607 0.5557305812835693 0.3062522411346436 -0.9389578700065613
6608 0.5611888766288757 0.3062522411346436 -0.9389106631278992
6609 0.5665057897567749 0.3062521815299988 -0.9388383030891418
6610 0.5716684460639954 0.306252121925354 -0.938742458820343
6611 0.5766645669937134 0.3062520325183868 -0.9386248588562012
6612 0.58148193359375 0.3062519729137421 -0.9384875893592834
6613 0.5861090421676636 0.3062519133090973 -0.9383329749107361
6614 0.5905347466468811 0.3062517642974854 -0.938163161277771
6615 0.5947483777999878 0.3062516152858734 -0.9379811882972717
6616 0.5987398028373718 0.3062514662742615 -0.9377904534339905
6617 0.6024993062019348 0.3062513172626495 -0.9375941157341003
6618 0.6060179471969604 0.3062511682510376 -0.9373953938484192
6619 0.6092872023582458 0.306251049041748 -0.9371976256370544
6620 0.6122991442680359 0.3062509298324585 -0.9370039701461792
6621 0.6150466203689575 0.3062454462051392 -0.9367778897285461
6622 0.6175229549407959 0.3062368631362915 -0.9365390539169312
6623 0.6197221875190735 0.3062292337417603 -0.9363205432891846
6624 0.62163907289505 0.3062225878238678 -0.9361250996589661
6625 0.6232688426971436 0.3062168955802917 -0.9359552264213562
6626 0.6246077418327332 0.3062122464179993 -0.9358131885528564
6627 0.6256524324417114 0.306208610534668 -0.9357007145881653
6628 0.6264004707336426 0.3062059879302979 -0.9356192946434021
6629 0.6268500089645386 0.3062044084072113 -0.9355700612068176
6630 0.6269999742507935 0.3062039017677307 -0.9355535507202148
6631 0.3781499862670898 0.3071141541004181 -0.941622793674469
6632 0.3779999911785126 0.3071146309375763 -0.9416270852088928
6633 0.3785994946956635 0.3071126937866211 -0.9416100978851318
6634 0.3793475329875946 0.3071103096008301 -0.94158935546875
6635 0.3803922533988953 0.3071069717407227 -0.9415613412857056
6636 0.3817311227321625 0.3071032166481018 -0.9415315389633179
6637 0.3833609223365784 0.3070990741252899 -0.9415016770362854
6638 0.3852777779102325 0.3070942163467407 -0.9414699077606201
6639 0.3874770104885101 0.3070886731147766 -0.9414376616477966
6640 0.3899533450603485 0.3070824444293976 -0.9414066076278687
6641 0.3927008211612701 0.3070755302906036 -0.9413784146308899
6642 0.3957127928733826 0.3070679903030396 -0.9413546919822693
6643 0.398982048034668 0.3070598542690277 -0.9413371682167053
6644 0.4025006592273712 0.307066947221756 -0.9414676427841187
6645 0.406260222196579 0.3070813417434692 -0.9416769742965698
6646 0.4102515876293182 0.3070951402187347 -0.9418958425521851
6647 0.4144652187824249 0.30709508061409 -0.9420064687728882
6648 0.4188909232616425 0.3070950508117676 -0.9421324729919434
6649 0.423518031835556 0.3070949912071228 -0.9422738552093506
6650 0.4283354580402374 0.3070949614048004 -0.9424301981925964
6651 0.4333315193653107 0.3070949018001556 -0.9426008462905884
6652 0.4384942352771759 0.3070948421955109 -0.9427845478057861
6653 0.4438110888004303 0.3070947825908661 -0.9429799318313599
6654 0.4492693841457367 0.3070946931838989 -0.9431852698326111
6655 0.454855889081955 0.30709508061409 -0.9434030652046204
6656 0.4605571925640106 0.3070955276489258 -0.9436269402503967
6657 0.4663595855236053 0.3070957362651825 -0.9438518285751343
6658 0.4722490012645721 0.3070957958698273 -0.9440761208534241
6659 0.4782112538814545 0.307095855474472 -0.9442982077598572
6660 0.4842320382595062 0.3070959150791168 -0.9445152282714844
6661 0.490296870470047 0.3070959746837616 -0.9447240829467773
6662 0.496391087770462 0.3070960342884064 -0.9449219703674316
6663 0.5024999976158142 0.3070960640907288 -0.9451062679290771
6664 0.508608877658844 0.3070960938930511 -0.9452744126319885
6665 0.514703094959259 0.3070961236953735 -0.9454237222671509
6666 0.5207679271697998 0.3070960938930511 -0.9455519318580627
6667 0.5267887115478516 0.3070960640907288 -0.9456576704978943
6668 0.5327510237693787 0.3070960640907288 -0.9457393288612366
6669 0.5386404395103455 0.3070960342884064 -0.9457958936691284
6670 0.5444427728652954 0.3070960342884064 -0.9458266496658325
6671 0.5501440763473511 0.3070960342884064 -0.9458312392234802
6672 0.5557305812835693 0.3070960342884064 -0.9458096623420715
6673 0.5611888766288757 0.3070960342884064 -0.9457624554634094
6674 0.5665057897567749 0.3070959746837616 -0.9456901550292969
6675 0.5716684460639954 0.3070959150791168 -0.9455942511558533
6676 0.5766645669937134 0.307095855474472 -0.9454766511917114
6677 0.58148193359375 0.3070957958698273 -0.9453393816947937
6678 0.5861090421676636 0.3070957362651825 -0.9451847672462463
6679 0.5905347466468811 0.3070956170558929 -0.9450149536132812
6680 0.5947483777999878 0.3070954978466034 -0.9448330402374268
6681 0.5987398028373718 0.3070953488349915 -0.9446423053741455
6682 0.6024993062019348 0.3070952296257019 -0.9444459676742554
6683 0.6060179471969604 0.3070951104164124 -0.9442472457885742
6684 0.6092872023582458 0.3070950210094452 -0.9440494775772095
6685 0.6122991442680359 0.307094931602478 -0.943855881690979
6686 0.6150466203689575 0.3070901036262512 -0.9436272382736206
6687 0.6175229549407959 0.3070825040340424 -0.9433843493461609
6688 0.6197221875190735 0.3070757389068604 -0.9431622624397278
6689 0.62163907289505 0.3070698380470276 -0.9429636597633362
6690 0.6232688426971436 0.3070648312568665 -0.9427911639213562
6691 0.6246077418327332 0.3070606887340546 -0.9426469206809998
6692 0.6256524324417114 0.3070574700832367 -0.9425327777862549
6693 0.6264004707336426 0.3070551753044128 -0.9424501657485962
6694 0.6268500089645386 0.3070537745952606 -0.9424001574516296
6695 0.6269999742507935 0.3070532977581024 -0.9423834085464478
6696 0.3781499862670898 0.3078820109367371 -0.9494209885597229
6697 0.3779999911785126 0.3078824579715729 -0.9494262337684631
6698 0.3785994946956635 0.3078806400299072 -0.949405312538147
6699 0.3793475329875946 0.3078783750534058 -0.9493796825408936
6700 0.3803922533988953 0.3078752160072327 -0.9493448734283447
6701 0.3817311227321625 0.3078715205192566 -0.9493057727813721
6702 0.3833609223365784 0.3078673183917999 -0.9492642283439636
6703 0.3852777779102325 0.307862401008606 -0.9492186903953552
6704 0.3874770104885101 0.3078567385673523 -0.949170708656311
6705 0.3899533450603485 0.3078503906726837 -0.9491219520568848
6706 0.3927008211612701 0.3078433275222778 -0.9490741491317749
6707 0.3957127928733826 0.3078356087207794 -0.9490290880203247
6708 0.398982048034668 0.3078272640705109 -0.9489884376525879
6709 0.4025006592273712 0.3078312575817108 -0.9491017460823059
6710 0.406260222196579 0.3078411519527435 -0.9492961168289185
6711 0.4102515876293182 0.3078506290912628 -0.9495006203651428
6712 0.4144652187824249 0.307850569486618 -0.9496111869812012
6713 0.4188909232616425 0.3078505396842957 -0.9497370719909668
6714 0.423518031835556 0.3078504800796509 -0.9498783946037292
6715 0.4283354580402374 0.3078504502773285 -0.9500346779823303
6716 0.4333315193653107 0.3078503906726837 -0.9502051472663879
6717 0.4384942352771759 0.3078503310680389 -0.9503887891769409
6718 0.4438110888004303 0.3078502714633942 -0.9505840539932251
6719 0.4492693841457367 0.3078502118587494 -0.9507893919944763
6720 0.454855889081955 0.3078505396842957 -0.9510073065757751
6721 0.4605571925640106 0.3078508973121643 -0.9512313604354858
6722 0.4663595855236053 0.3078510463237762 -0.9514562487602234
6723 0.4722490012645721 0.307851105928421 -0.951680600643158
6724 0.4782112538814545 0.3078511655330658 -0.9519027471542358
6725 0.4842320382595062 0.3078511953353882 -0.9521197080612183
6726 0.490296870470047 0.307851254940033 -0.952328622341156
6727 0.496391087770462 0.3078512847423553 -0.9525265693664551
6728 0.5024999976158142 0.3078513145446777 -0.9527108669281006
6729 0.508608877658844 0.3078513443470001 -0.952879011631012
6730 0.514703094959259 0.3078513741493225 -0.9530283212661743
6731 0.5207679271697998 0.3078513443470001 -0.953156590461731
6732 0.5267887115478516 0.3078513443470001 -0.9532622694969177
6733 0.5327510237693787 0.3078513145446777 -0.95334392786026
6734 0.5386404395103455 0.3078512847423553 -0.9534004926681519
6735 0.5444427728652954 0.3078512847423553 -0.9534313082695007
6736 0.5501440763473511 0.3078512847423553 -0.9534358382225037
6737 0.5557305812835693 0.3078512847423553 -0.953414261341095
6738 0.5611888766288757 0.3078512847423553 -0.9533670544624329
6739 0.5665057897567749 0.307851254940033 -0.9532947540283203
6740 0.5716684460639954 0.3078511953353882 -0.9531988501548767
6741 0.5766645669937134 0.3078511655330658 -0.9530812501907349
6742 0.58148193359375 0.307851105928421 -0.9529439806938171
6743 0.5861090421676636 0.3078510761260986 -0.9527893662452698
6744 0.5905347466468811 0.3078509867191315 -0.9526195526123047
6745 0.5947483777999878 0.3078508675098419 -0.9524376392364502
6746 0.5987398028373718 0.3078507781028748 -0.9522469043731689
6747 0.6024993062019348 0.3078506886959076 -0.9520506262779236
6748 0.6060179471969604 0.3078505992889404 -0.9518519043922424
6749 0.6092872023582458 0.3078505098819733 -0.9516541361808777
6750 0.6122991442680359 0.3078504502773285 -0.9514605402946472
6751 0.6150466203689575 0.3078464865684509 -0.9512295722961426
6752 0.6175229549407959 0.3078402578830719 -0.9509830474853516
6753 0.6197221875190735 0.3078347444534302 -0.9507576823234558
6754 0.62163907289505 0.307829886674881 -0.9505562782287598
6755 0.6232688426971436 0.3078257739543915 -0.9503813982009888
6756 0.6246077418327332 0.3078223764896393 -0.95023512840271
6757 0.6256524324417114 0.3078197240829468 -0.9501194357872009
6758 0.6264004707336426 0.3078178465366364 -0.9500356912612915
6759 0.6268500089645386 0.3078166842460632 -0.9499850869178772
6760 0.6269999742507935 0.3078162968158722 -0.9499680995941162
6761 0.3781499862670898 0.3084993362426758 -0.9580420851707458
6762 0.3779999911785126 0.3084996938705444 -0.9580482840538025
6763 0.3785994946956635 0.3084982633590698 -0.9580236673355103
6764 0.3793475329875946 0.3084964752197266 -0.9579935073852539
6765 0.3803922533988953 0.308493971824646 -0.9579523205757141
6766 0.3817311227321625 0.3084909915924072 -0.957904577255249
6767 0.3833609223365784 0.3084875047206879 -0.9578520059585571
6768 0.3852777779102325 0.3084834218025208 -0.9577935338020325
6769 0.3874770104885101 0.3084787428379059 -0.957730770111084
6770 0.3899533450603485 0.3084734380245209 -0.9576654434204102
6771 0.3927008211612701 0.3084675669670105 -0.9575992822647095
6772 0.3957127928733826 0.3084610998630524 -0.9575341939926147
6773 0.398982048034668 0.3084540963172913 -0.9574717879295349
6774 0.4025006592273712 0.3084558546543121 -0.9575686454772949
6775 0.406260222196579 0.3084617555141449 -0.9577483534812927
6776 0.4102515876293182 0.3084673881530762 -0.9579388499259949
6777 0.4144652187824249 0.3084673285484314 -0.9580492973327637
6778 0.4188909232616425 0.308467298746109 -0.9581751227378845
6779 0.423518031835556 0.3084672689437866 -0.9583163261413574
6780 0.4283354580402374 0.3084672391414642 -0.9584724903106689
6781 0.4333315193653107 0.3084672093391418 -0.9586428999900818
6782 0.4384942352771759 0.3084671497344971 -0.9588264226913452
6783 0.4438110888004303 0.3084670901298523 -0.9590216279029846
6784 0.4492693841457367 0.3084670603275299 -0.9592268466949463
6785 0.454855889081955 0.3084672689437866 -0.9594448804855347
6786 0.4605571925640106 0.3084675371646881 -0.9596691131591797
6787 0.4663595855236053 0.3084676563739777 -0.9598941206932068
6788 0.4722490012645721 0.3084676861763 -0.9601184725761414
6789 0.4782112538814545 0.3084677159786224 -0.9603405594825745
6790 0.4842320382595062 0.3084677457809448 -0.9605575799942017
6791 0.490296870470047 0.3084678053855896 -0.9607664942741394
6792 0.496391087770462 0.3084678053855896 -0.9609644412994385
6793 0.5024999976158142 0.308467835187912 -0.9611487984657288
6794 0.508608877658844 0.3084678649902344 -0.9613169431686401
6795 0.514703094959259 0.3084678649902344 -0.9614663124084473
6796 0.5207679271697998 0.3084678649902344 -0.9615945816040039
6797 0.5267887115478516 0.308467835187912 -0.9617002606391907
6798 0.5327510237693787 0.308467835187912 -0.961781919002533
6799 0.5386404395103455 0.308467835187912 -0.9618384838104248
6800 0.5444427728652954 0.308467835187912 -0.9618692398071289
6801 0.5501440763473511 0.308467835187912 -0.9618738293647766
6802 0.5557305812835693 0.3084678053855896 -0.9618522524833679
6803 0.5611888766288757 0.3084678053855896 -0.961804986000061
6804 0.5665057897567749 0.3084678053855896 -0.9617326855659485
6805 0.5716684460639954 0.3084677457809448 -0.9616367816925049
6806 0.5766645669937134 0.3084677159786224 -0.961519181728363
6807 0.58148193359375 0.3084676861763 -0.9613819122314453
6808 0.5861090421676636 0.3084676563739777 -0.9612272977828979
6809 0.5905347466468811 0.3084675967693329 -0.9610574841499329
6810 0.5947483777999878 0.3084675371646881 -0.9608756303787231
6811 0.5987398028373718 0.3084674775600433 -0.9606848955154419
6812 0.6024993062019348 0.3084674179553986 -0.9604886174201965
6813 0.6060179471969604 0.3084673583507538 -0.9602899551391602
6814 0.6092872023582458 0.308467298746109 -0.9600921869277954
6815 0.6122991442680359 0.3084672391414642 -0.9598985910415649
6816 0.6150466203689575 0.3084644079208374 -0.9596655964851379
6817 0.6175229549407959 0.3084599673748016 -0.9594158530235291
6818 0.6197221875190735 0.3084560036659241 -0.9591876268386841
6819 0.62163907289505 0.3084525465965271 -0.9589837193489075
6820 0.6232688426971436 0.3084495961666107 -0.9588066339492798
6821 0.6246077418327332 0.3084471523761749 -0.9586586952209473
6822 0.6256524324417114 0.3084452450275421 -0.9585415720939636
6823 0.6264004707336426 0.3084438741207123 -0.9584568738937378
6824 0.6268500089645386 0.3084430694580078 -0.9584056735038757
6825 0.6269999742507935 0.3084427714347839 -0.9583885073661804
6826 0.3781499862670898 0.308899998664856 -0.967555820941925
6827 0.3779999911785126 0.3089002072811127 -0.9675628542900085
6828 0.3785994946956635 0.3088994324207306 -0.9675348997116089
6829 0.3793475329875946 0.3088985085487366 -0.9675005078315735
6830 0.3803922533988953 0.3088971674442291 -0.9674534797668457
6831 0.3817311227321625 0.3088955581188202 -0.9673977494239807
6832 0.3833609223365784 0.3088936507701874 -0.9673351049423218
6833 0.3852777779102325 0.3088913857936859 -0.967264711856842
6834 0.3874770104885101 0.3088887929916382 -0.9671883583068848
6835 0.3899533450603485 0.3088858127593994 -0.9671077132225037
6836 0.3927008211612701 0.3088825047016144 -0.9670246839523315
6837 0.3957127928733826 0.3088788092136383 -0.9669410586357117
6838 0.398982048034668 0.308874785900116 -0.9668586254119873
6839 0.4025006592273712 0.3088752031326294 -0.9669398069381714
6840 0.406260222196579 0.3088776767253876 -0.9671053290367126
6841 0.4102515876293182 0.3088800311088562 -0.9672821164131165
6842 0.4144652187824249 0.3088800013065338 -0.9673924446105957
6843 0.4188909232616425 0.3088800013065338 -0.9675182104110718
6844 0.423518031835556 0.3088799715042114 -0.9676593542098999
6845 0.4283354580402374 0.308879941701889 -0.9678153991699219
6846 0.4333315193653107 0.308879941701889 -0.9679857492446899
6847 0.4384942352771759 0.3088799118995667 -0.9681692123413086
6848 0.4438110888004303 0.3088798820972443 -0.9683643579483032
6849 0.4492693841457367 0.3088798522949219 -0.9685695171356201
6850 0.454855889081955 0.3088799715042114 -0.9687876105308533
6851 0.4605571925640106 0.308880090713501 -0.9690120220184326
6852 0.4663595855236053 0.3088801503181458 -0.9692370295524597
6853 0.4722490012645721 0.3088801801204681 -0.9694613814353943
6854 0.4782112538814545 0.3088801801204681 -0.9696835279464722
6855 0.4842320382595062 0.3088802099227905 -0.9699005484580994
6856 0.490296870470047 0.3088802397251129 -0.9701094627380371
6857 0.496391087770462 0.3088802397251129 -0.970307469367981
6858 0.5024999976158142 0.3088802397251129 -0.9704918265342712
6859 0.508608877658844 0.3088802695274353 -0.9706599712371826
6860 0.514703094959259 0.3088802695274353 -0.9708094000816345
6861 0.5207679271697998 0.3088802695274353 -0.9709376096725464
6862 0.5267887115478516 0.3088802695274353 -0.9710432887077332
6863 0.5327510237693787 0.3088802397251129 -0.9711250066757202
6864 0.5386404395103455 0.3088802397251129 -0.9711815118789673
6865 0.5444427728652954 0.3088802397251129 -0.9712122678756714
6866 0.5501440763473511 0.3088802397251129 -0.9712168574333191
6867 0.5557305812835693 0.3088802397251129 -0.9711952209472656
6868 0.5611888766288757 0.3088802397251129 -0.9711480140686035
6869 0.5665057897567749 0.3088802397251129 -0.9710756540298462
6870 0.5716684460639954 0.3088802099227905 -0.9709798097610474
6871 0.5766645669937134 0.3088802099227905 -0.9708622097969055
6872 0.58148193359375 0.3088801801204681 -0.9707249402999878
6873 0.5861090421676636 0.3088801801204681 -0.9705703258514404
6874 0.5905347466468811 0.3088801503181458 -0.9704005122184753
6875 0.5947483777999878 0.3088801205158234 -0.9702186584472656
6876 0.5987398028373718 0.3088800609111786 -0.9700279831886292
6877 0.6024993062019348 0.3088800311088562 -0.9698317050933838
6878 0.6060179471969604 0.3088800013065338 -0.9696330428123474
6879 0.6092872023582458 0.3088800013065338 -0.9694352746009827
6880 0.6122991442680359 0.3088799715042114 -0.969241738319397
6881 0.6150466203689575 0.3088785409927368 -0.9690070152282715
6882 0.6175229549407959 0.3088762760162354 -0.9687544703483582
6883 0.6197221875190735 0.308874249458313 -0.9685238599777222
6884 0.62163907289505 0.3088724613189697 -0.9683178067207336
6885 0.6232688426971436 0.308870941400528 -0.9681389331817627
6886 0.6246077418327332 0.3088696599006653 -0.9679895043373108
6887 0.6256524324417114 0.3088686764240265 -0.9678712487220764
6888 0.6264004707336426 0.3088679909706116 -0.9677857160568237
6889 0.6268500089645386 0.3088675439357758 -0.9677339792251587
6890 0.6269999742507935 0.3088674247264862 -0.9677166938781738
6891 0.3781499862670898 0.309002012014389 -0.9780206680297852
6892 0.3779999911785126 0.3090019524097443 -0.978028416633606
6893 0.3785994946956635 0.3090021908283234 -0.9779974818229675
6894 0.3793475329875946 0.3090024590492249 -0.9779593348503113
6895 0.3803922533988953 0.3090028464794159 -0.9779070615768433
6896 0.3817311227321625 0.3090032935142517 -0.97784423828125
6897 0.3833609223365784 0.3090038001537323 -0.9777724146842957
6898 0.3852777779102325 0.3090043663978577 -0.9776913523674011
6899 0.3874770104885101 0.3090049922466278 -0.9776027202606201
6900 0.3899533450603485 0.3090056478977203 -0.9775082468986511
6901 0.3927008211612701 0.3090063035488129 -0.9774099588394165
6902 0.3957127928733826 0.3090069890022278 -0.9773096442222595
6903 0.398982048034668 0.3090076148509979 -0.977209210395813
6904 0.4025006592273712 0.3090076446533203 -0.9772756099700928
6905 0.406260222196579 0.3090073466300964 -0.9774274826049805
6906 0.4102515876293182 0.3090070486068726 -0.9775910973548889
6907 0.4144652187824249 0.3090070784091949 -0.9777014255523682
6908 0.4188909232616425 0.3090070784091949 -0.9778270721435547
6909 0.423518031835556 0.3090070784091949 -0.977968156337738
6910 0.4283354580402374 0.3090070784091949 -0.9781241416931152
6911 0.4333315193653107 0.3090070784091949 -0.9782944321632385
6912 0.4384942352771759 0.3090070784091949 -0.9784777760505676
6913 0.4438110888004303 0.3090070784091949 -0.9786728620529175
6914 0.4492693841457367 0.3090070784091949 -0.9788779616355896
6915 0.454855889081955 0.3090070784091949 -0.9790961742401123
6916 0.4605571925640106 0.3090070486068726 -0.9793206453323364
6917 0.4663595855236053 0.3090070486068726 -0.9795456528663635
6918 0.4722490012645721 0.3090070486068726 -0.9797700643539429
6919 0.4782112538814545 0.3090070486068726 -0.9799922108650208
6920 0.4842320382595062 0.3090070486068726 -0.9802092313766479
6921 0.490296870470047 0.3090070188045502 -0.9804182052612305
6922 0.496391087770462 0.3090070188045502 -0.9806161522865295
6923 0.5024999976158142 0.3090070188045502 -0.9808005690574646
6924 0.508608877658844 0.3090070188045502 -0.9809687733650208
6925 0.514703094959259 0.3090070188045502 -0.9811181426048279
6926 0.5207679271697998 0.3090070188045502 -0.9812463521957397
6927 0.5267887115478516 0.3090070188045502 -0.9813520908355713
6928 0.5327510237693787 0.3090070188045502 -0.9814337491989136
6929 0.5386404395103455 0.3090070188045502 -0.9814902544021606
6930 0.5444427728652954 0.3090070188045502 -0.9815210700035095
6931 0.5501440763473511 0.3090070188045502 -0.9815255999565125
6932 0.5557305812835693 0.3090070188045502 -0.981503963470459
6933 0.5611888766288757 0.3090070188045502 -0.9814567565917969
6934 0.5665057897567749 0.3090070188045502 -0.9813843965530396
6935 0.5716684460639954 0.3090070486068726 -0.9812885522842407
6936 0.5766645669937134 0.3090070486068726 -0.9811709523200989
6937 0.58148193359375 0.3090070486068726 -0.9810336828231812
6938 0.5861090421676636 0.3090070486068726 -0.9808790683746338
6939 0.5905347466468811 0.3090070486068726 -0.9807093143463135
6940 0.5947483777999878 0.3090070486068726 -0.9805274605751038
6941 0.5987398028373718 0.3090070486068726 -0.9803368449211121
6942 0.6024993062019348 0.3090070486068726 -0.9801405668258667
6943 0.6060179471969604 0.3090070784091949 -0.9799419045448303
6944 0.6092872023582458 0.3090070784091949 -0.9797441959381104
6945 0.6122991442680359 0.3090070784091949 -0.9795506596565247
6946 0.6150466203689575 0.3090072870254517 -0.9793145060539246
6947 0.6175229549407959 0.3090076148509979 -0.9790598154067993
6948 0.6197221875190735 0.3090078830718994 -0.9788272380828857
6949 0.62163907289505 0.3090080916881561 -0.9786194562911987
6950 0.6232688426971436 0.3090082705020905 -0.9784391522407532
6951 0.6246077418327332 0.3090084195137024 -0.9782885313034058
6952 0.6256524324417114 0.3090085387229919 -0.9781693816184998
6953 0.6264004707336426 0.3090085983276367 -0.9780831933021545
6954 0.6268500089645386 0.3090086579322815 -0.9780310392379761
6955 0.6269999742507935 0.3090086579322815 -0.9780135750770569
6956 0.3781499862670898 0.3087069690227509 -0.9894816279411316
6957 0.3779999911785126 0.3087065815925598 -0.9894900918006897
6958 0.3785994946956635 0.3087081015110016 -0.9894564747810364
6959 0.3793475329875946 0.3087099492549896 -0.989415168762207
6960 0.3803922533988953 0.3087125420570374 -0.9893583655357361
6961 0.3817311227321625 0.3087157309055328 -0.9892892837524414
6962 0.3833609223365784 0.3087195158004761 -0.9892094731330872
6963 0.3852777779102325 0.3087239265441895 -0.9891189932823181
6964 0.3874770104885101 0.3087289333343506 -0.9890196323394775
6965 0.3899533450603485 0.3087345063686371 -0.9889131188392639
6966 0.3927008211612701 0.3087405860424042 -0.9888014197349548
6967 0.3957127928733826 0.3087471723556519 -0.9886865019798279
6968 0.398982048034668 0.308754175901413 -0.9885702729225159
6969 0.4025006592273712 0.3087547719478607 -0.9886230826377869
6970 0.406260222196579 0.3087524175643921 -0.9887619018554688
6971 0.4102515876293182 0.3087501525878906 -0.9889129996299744
6972 0.4144652187824249 0.308750182390213 -0.9890232086181641
6973 0.4188909232616425 0.3087502121925354 -0.9891488552093506
6974 0.423518031835556 0.3087502717971802 -0.9892898201942444
6975 0.4283354580402374 0.3087503015995026 -0.9894458055496216
6976 0.4333315193653107 0.308750331401825 -0.9896159768104553
6977 0.4384942352771759 0.3087503612041473 -0.9897993206977844
6978 0.4438110888004303 0.3087504208087921 -0.9899942874908447
6979 0.4492693841457367 0.3087504506111145 -0.9901993274688721
6980 0.454855889081955 0.3087502717971802 -0.9904176592826843
6981 0.4605571925640106 0.3087500929832458 -0.9906421303749084
6982 0.4663595855236053 0.3087500035762787 -0.9908671975135803
6983 0.4722490012645721 0.3087500035762787 -0.9910916090011597
6984 0.4782112538814545 0.3087499737739563 -0.9913137555122375
6985 0.4842320382595062 0.3087499439716339 -0.9915307760238647
6986 0.490296870470047 0.3087499141693115 -0.9917397499084473
6987 0.496391087770462 0.3087498843669891 -0.9919377565383911
6988 0.5024999976158142 0.3087498843669891 -0.9921221733093262
6989 0.508608877658844 0.3087498545646667 -0.9922903776168823
6990 0.514703094959259 0.3087498545646667 -0.9924397468566895
6991 0.5207679271697998 0.3087498545646667 -0.9925680160522461
6992 0.5267887115478516 0.3087498545646667 -0.9926736950874329
6993 0.5327510237693787 0.3087498843669891 -0.9927553534507751
6994 0.5386404395103455 0.3087498843669891 -0.992811918258667
6995 0.5444427728652954 0.3087498843669891 -0.9928426742553711
6996 0.5501440763473511 0.3087498843669891 -0.992847204208374
6997 0.5557305812835693 0.3087498843669891 -0.9928255677223206
6998 0.5611888766288757 0.3087498843669891 -0.9927783608436584
6999 0.5665057897567749 0.3087499141693115 -0.9927060008049011
7000 0.5716684460639954 0.3087499439716339 -0.9926101565361023
7001 0.5766645669937134 0.3087499439716339 -0.9924925565719604
7002 0.58148193359375 0.3087499737739563 -0.9923552870750427
7003 0.5861090421676636 0.3087500035762787 -0.9922006726264954
7004 0.5905347466468811 0.3087500333786011 -0.9920309782028198
7005 0.5947483777999878 0.3087500631809235 -0.9918491244316101
7006 0.5987398028373718 0.3087501227855682 -0.9916585087776184
7007 0.6024993062019348 0.3087501525878906 -0.9914622902870178
7008 0.6060179471969604 0.308750182390213 -0.9912636876106262
7009 0.6092872023582458 0.3087502419948578 -0.9910659790039062
7010 0.6122991442680359 0.3087502717971802 -0.9908724427223206
7011 0.6150466203689575 0.3087523877620697 -0.9906353354454041
7012 0.6175229549407959 0.3087556958198547 -0.9903790354728699
7013 0.6197221875190735 0.3087585866451263 -0.9901450276374817
7014 0.62163907289505 0.3087611198425293 -0.9899360537528992
7015 0.6232688426971436 0.3087632656097412 -0.9897546768188477
7016 0.6246077418327332 0.3087650239467621 -0.9896031618118286
7017 0.6256524324417114 0.3087663948535919 -0.9894833564758301
7018 0.6264004707336426 0.3087673485279083 -0.9893966913223267
7019 0.6268500089645386 0.3087679445743561 -0.9893442392349243
7020 0.6269999742507935 0.3087681233882904 -0.9893267154693604
7021 0.3781499862670898 0.3079000413417816 -1.001967549324036
7022 0.3779999911785126 0.3078992962837219 -1.001976490020752
7023 0.3785994946956635 0.3079023361206055 -1.001940727233887
7024 0.3793475329875946 0.3079061210155487 -1.001896739006042
7025 0.3803922533988953 0.3079114258289337 -1.001836180686951
7026 0.3817311227321625 0.3079180419445038 -1.001761913299561
7027 0.3833609223365784 0.3079259097576141 -1.001675367355347
7028 0.3852777779102325 0.3079351186752319 -1.001577019691467
7029 0.3874770104885101 0.3079456090927124 -1.001468539237976
7030 0.3899533450603485 0.3079573512077332 -1.001351833343506
7031 0.3927008211612701 0.3079702258110046 -1.001228928565979
7032 0.3957127928733826 0.3079842031002045 -1.001101732254028
7033 0.398982048034668 0.3079992234706879 -1.000972151756287
7034 0.4025006592273712 0.3080013990402222 -1.001012682914734
7035 0.406260222196579 0.3079977333545685 -1.001139163970947
7036 0.4102515876293182 0.3079941868782043 -1.001278519630432
7037 0.4144652187824249 0.3079942464828491 -1.001388669013977
7038 0.4188909232616425 0.3079943358898163 -1.001514315605164
7039 0.423518031835556 0.3079943954944611 -1.001655220985413
7040 0.4283354580402374 0.3079944550991058 -1.001811146736145
7041 0.4333315193653107 0.307994544506073 -1.001981258392334
7042 0.4384942352771759 0.3079946339130402 -1.002164483070374
7043 0.4438110888004303 0.3079947233200073 -1.002359509468079
7044 0.4492693841457367 0.3079948127269745 -1.002564430236816
7045 0.454855889081955 0.3079944550991058 -1.002782821655273
7046 0.4605571925640106 0.3079940974712372 -1.003007292747498
7047 0.4663595855236053 0.3079939484596252 -1.003232359886169
7048 0.4722490012645721 0.3079938888549805 -1.003456830978394
7049 0.4782112538814545 0.3079938292503357 -1.003678917884827
7050 0.4842320382595062 0.3079937696456909 -1.003895998001099
7051 0.490296870470047 0.3079937398433685 -1.004104971885681
7052 0.496391087770462 0.3079936802387238 -1.004302978515625
7053 0.5024999976158142 0.3079936504364014 -1.00448739528656
7054 0.508608877658844 0.307993620634079 -1.004655599594116
7055 0.514703094959259 0.3079935908317566 -1.004804968833923
7056 0.5207679271697998 0.307993620634079 -1.00493323802948
7057 0.5267887115478516 0.307993620634079 -1.005038976669312
7058 0.5327510237693787 0.3079936504364014 -1.005120635032654
7059 0.5386404395103455 0.3079936504364014 -1.005177140235901
7060 0.5444427728652954 0.3079936504364014 -1.005207896232605
7061 0.5501440763473511 0.3079936802387238 -1.005212426185608
7062 0.5557305812835693 0.3079936802387238 -1.005190849304199
7063 0.5611888766288757 0.3079936802387238 -1.005143523216248
7064 0.5665057897567749 0.3079937100410461 -1.00507128238678
7065 0.5716684460639954 0.3079937696456909 -1.004975318908691
7066 0.5766645669937134 0.3079937994480133 -1.004857778549194
7067 0.58148193359375 0.3079938292503357 -1.004720568656921
7068 0.5861090421676636 0.3079938888549805 -1.004565954208374
7069 0.5905347466468811 0.3079939484596252 -1.004396200180054
7070 0.5947483777999878 0.3079940378665924 -1.004214406013489
7071 0.5987398028373718 0.3079941272735596 -1.004023909568787
7072 0.6024993062019348 0.3079941868782043 -1.003827691078186
7073 0.6060179471969604 0.3079942762851715 -1.003629088401794
7074 0.6092872023582458 0.3079943358898163 -1.003431439399719
7075 0.6122991442680359 0.3079943954944611 -1.003237962722778
7076 0.6150466203689575 0.3079986274242401 -1.003000259399414
7077 0.6175229549407959 0.3080052733421326 -1.002743005752563
7078 0.6197221875190735 0.3080111742019653 -1.002508163452148
7079 0.62163907289505 0.3080162703990936 -1.002298474311829
7080 0.6232688426971436 0.3080206215381622 -1.002116441726685
7081 0.6246077418327332 0.3080241680145264 -1.001964449882507
7082 0.6256524324417114 0.3080269396305084 -1.00184428691864
7083 0.6264004707336426 0.3080289363861084 -1.001757264137268
7084 0.6268500089645386 0.3080301284790039 -1.001704692840576
7085 0.6269999742507935 0.3080305159091949 -1.001687049865723
7086 0.3781499862670898 0.306450754404068 -1.015487790107727
7087 0.3779999911785126 0.3064495325088501 -1.015497088432312
7088 0.3785994946956635 0.3064543902873993 -1.015459775924683
7089 0.3793475329875946 0.306460440158844 -1.015413641929626
7090 0.3803922533988953 0.3064689040184021 -1.015350222587585
7091 0.3817311227321625 0.3064795136451721 -1.015271902084351
7092 0.3833609223365784 0.3064922392368317 -1.015179991722107
7093 0.3852777779102325 0.3065071403980255 -1.015075325965881
7094 0.3874770104885101 0.3065241575241089 -1.014959692955017
7095 0.3899533450603485 0.3065431714057922 -1.014835000038147
7096 0.3927008211612701 0.3065640926361084 -1.014703154563904
7097 0.3957127928733826 0.3065868616104126 -1.01456618309021
7098 0.398982048034668 0.3066113591194153 -1.014425992965698
7099 0.4025006592273712 0.3066161274909973 -1.014455556869507
7100 0.406260222196579 0.3066118657588959 -1.014570832252502
7101 0.4102515876293182 0.3066077828407288 -1.014699220657349
7102 0.4144652187824249 0.3066079020500183 -1.014809370040894
7103 0.4188909232616425 0.3066079914569855 -1.014934897422791
7104 0.423518031835556 0.306608110666275 -1.01507580280304
7105 0.4283354580402374 0.3066082298755646 -1.015231609344482
7106 0.4333315193653107 0.3066083490848541 -1.015401721000671
7107 0.4384942352771759 0.3066084682941437 -1.015584945678711
7108 0.4438110888004303 0.3066086173057556 -1.015779852867126
7109 0.4492693841457367 0.3066087663173676 -1.015984892845154
7110 0.454855889081955 0.306608259677887 -1.016203165054321
7111 0.4605571925640106 0.3066076636314392 -1.016427636146545
7112 0.4663595855236053 0.3066074252128601 -1.016652703285217
7113 0.4722490012645721 0.3066073358058929 -1.016877055168152
7114 0.4782112538814545 0.3066072762012482 -1.017099261283875
7115 0.4842320382595062 0.306607186794281 -1.017316341400146
7116 0.490296870470047 0.3066070973873138 -1.017525196075439
7117 0.496391087770462 0.3066070377826691 -1.017723202705383
7118 0.5024999976158142 0.3066069781780243 -1.017907738685608
7119 0.508608877658844 0.3066069185733795 -1.018075942993164
7120 0.514703094959259 0.3066068887710571 -1.018225312232971
7121 0.5207679271697998 0.3066069185733795 -1.018353581428528
7122 0.5267887115478516 0.3066069483757019 -1.018459320068359
7123 0.5327510237693787 0.3066069781780243 -1.018540978431702
7124 0.5386404395103455 0.3066070079803467 -1.018597483634949
7125 0.5444427728652954 0.3066070079803467 -1.018628239631653
7126 0.5501440763473511 0.3066070079803467 -1.018632769584656
7127 0.5557305812835693 0.3066070377826691 -1.018611192703247
7128 0.5611888766288757 0.3066070377826691 -1.018563866615295
7129 0.5665057897567749 0.3066070973873138 -1.018491625785828
7130 0.5716684460639954 0.3066071569919586 -1.018395781517029
7131 0.5766645669937134 0.3066072165966034 -1.018278121948242
7132 0.58148193359375 0.3066072762012482 -1.018140912055969
7133 0.5861090421676636 0.3066073358058929 -1.017986297607422
7134 0.5905347466468811 0.3066074252128601 -1.017816662788391
7135 0.5947483777999878 0.306607574224472 -1.017634987831116
7136 0.5987398028373718 0.3066076934337616 -1.017444372177124
7137 0.6024993062019348 0.3066078126430511 -1.017248272895813
7138 0.6060179471969604 0.3066079020500183 -1.017049670219421
7139 0.6092872023582458 0.3066080212593079 -1.016852021217346
7140 0.6122991442680359 0.306608110666275 -1.016658544540405
7141 0.6150466203689575 0.3066146671772003 -1.016420722007751
7142 0.6175229549407959 0.3066249489784241 -1.016163349151611
7143 0.6197221875190735 0.3066340684890747 -1.015928268432617
7144 0.62163907289505 0.3066420257091522 -1.015718460083008
7145 0.6232688426971436 0.3066487610340118 -1.015536308288574
7146 0.6246077418327332 0.3066542744636536 -1.015384197235107
7147 0.6256524324417114 0.3066585958003998 -1.015263795852661
7148 0.6264004707336426 0.3066616952419281 -1.015176892280579
7149 0.6268500089645386 0.3066635429859161 -1.015124201774597
7150 0.6269999742507935 0.3066641390323639 -1.015106558799744
7151 0.3781499862670898 0.3042143285274506 -1.03002941608429
7152 0.3779999911785126 0.3042125999927521 -1.030039072036743
7153 0.3785994946956635 0.3042194843292236 -1.030000567436218
7154 0.3793475329875946 0.3042280673980713 -1.029953122138977
7155 0.3803922533988953 0.3042400479316711 -1.029887676239014
7156 0.3817311227321625 0.3042551875114441 -1.02980649471283
7157 0.3833609223365784 0.3042734265327454 -1.02971076965332
7158 0.3852777779102325 0.3042947947978973 -1.029601693153381
7159 0.3874770104885101 0.3043191432952881 -1.029480934143066
7160 0.3899533450603485 0.3043464422225952 -1.029350399971008
7161 0.3927008211612701 0.3043765425682068 -1.029212117195129
7162 0.3957127928733826 0.3044092953205109 -1.029068112373352
7163 0.398982048034668 0.3044445812702179 -1.028920292854309
7164 0.4025006592273712 0.3044527769088745 -1.028940677642822
7165 0.406260222196579 0.304448664188385 -1.029045462608337
7166 0.4102515876293182 0.3044447600841522 -1.029163837432861
7167 0.4144652187824249 0.3044449090957642 -1.029273986816406
7168 0.4188909232616425 0.3044450581073761 -1.029399514198303
7169 0.423518031835556 0.3044452369213104 -1.029540300369263
7170 0.4283354580402374 0.3044453859329224 -1.029696106910706
7171 0.4333315193653107 0.3044455647468567 -1.029866218566895
7172 0.4384942352771759 0.304445743560791 -1.030049443244934
7173 0.4438110888004303 0.3044459521770477 -1.03024435043335
7174 0.4492693841457367 0.3044461607933044 -1.030449271202087
7175 0.454855889081955 0.3044454455375671 -1.030667543411255
7176 0.4605571925640106 0.3044446408748627 -1.030892014503479
7177 0.4663595855236053 0.3044443130493164 -1.031117081642151
7178 0.4722490012645721 0.3044441938400269 -1.031341433525085
7179 0.4782112538814545 0.3044441044330597 -1.031563520431519
7180 0.4842320382595062 0.3044439852237701 -1.031780600547791
7181 0.490296870470047 0.304443895816803 -1.031989574432373
7182 0.496391087770462 0.3044438064098358 -1.032187581062317
7183 0.5024999976158142 0.3044437170028687 -1.032371997833252
7184 0.508608877658844 0.3044436275959015 -1.032540202140808
7185 0.514703094959259 0.3044435977935791 -1.032689571380615
7186 0.5207679271697998 0.3044436275959015 -1.032817840576172
7187 0.5267887115478516 0.3044436573982239 -1.032923579216003
7188 0.5327510237693787 0.3044436872005463 -1.033005237579346
7189 0.5386404395103455 0.3044437170028687 -1.033061861991882
7190 0.5444427728652954 0.304443746805191 -1.033092498779297
7191 0.5501440763473511 0.304443746805191 -1.0330970287323
7192 0.5557305812835693 0.3044437766075134 -1.033075451850891
7193 0.5611888766288757 0.3044437766075134 -1.033028244972229
7194 0.5665057897567749 0.3044438362121582 -1.032955884933472
7195 0.5716684460639954 0.3044439256191254 -1.032860040664673
7196 0.5766645669937134 0.3044440150260925 -1.032742500305176
7197 0.58148193359375 0.3044441044330597 -1.032605290412903
7198 0.5861090421676636 0.3044441640377045 -1.032450675964355
7199 0.5905347466468811 0.3044443130493164 -1.032281041145325
7200 0.5947483777999878 0.3044444918632507 -1.032099366188049
7201 0.5987398028373718 0.3044446408748627 -1.031908869743347
7202 0.6024993062019348 0.304444819688797 -1.031712770462036
7203 0.6060179471969604 0.3044449388980865 -1.031514286994934
7204 0.6092872023582458 0.3044450879096985 -1.031316637992859
7205 0.6122991442680359 0.304445207118988 -1.031123161315918
7206 0.6150466203689575 0.3044542372226715 -1.030885696411133
7207 0.6175229549407959 0.3044684231281281 -1.03062891960144
7208 0.6197221875190735 0.3044809699058533 -1.030394315719604
7209 0.62163907289505 0.3044919371604919 -1.030184864997864
7210 0.6232688426971436 0.3045012354850769 -1.030003190040588
7211 0.6246077418327332 0.3045088648796082 -1.029851317405701
7212 0.6256524324417114 0.3045147955417633 -1.029731273651123
7213 0.6264004707336426 0.3045190572738647 -1.029644370079041
7214 0.6268500089645386 0.3045216202735901 -1.029591798782349
7215 0.6269999742507935 0.3045224845409393 -1.029574275016785
7216 0.3781499862670898 0.301034152507782 -1.045554041862488
7217 0.3779999911785126 0.3010318875312805 -1.045563817024231
7218 0.3785994946956635 0.3010409772396088 -1.045524716377258
7219 0.3793475329875946 0.3010523021221161 -1.04547655582428
7220 0.3803922533988953 0.3010680973529816 -1.04541015625
7221 0.3817311227321625 0.3010881543159485 -1.045327305793762
7222 0.3833609223365784 0.3011123836040497 -1.045229434967041
7223 0.3852777779102325 0.3011407852172852 -1.045117735862732
7224 0.3874770104885101 0.301173210144043 -1.044993996620178
7225 0.3899533450603485 0.301209568977356 -1.044860124588013
7226 0.3927008211612701 0.301249623298645 -1.044718146324158
7227 0.3957127928733826 0.3012933135032654 -1.044569969177246
7228 0.398982048034668 0.3013403713703156 -1.044417858123779
7229 0.4025006592273712 0.3013527989387512 -1.044430494308472
7230 0.406260222196579 0.3013495802879333 -1.044525980949402
7231 0.4102515876293182 0.301346480846405 -1.044635534286499
7232 0.4144652187824249 0.3013466894626617 -1.044745564460754
7233 0.4188909232616425 0.3013468980789185 -1.044871091842651
7234 0.423518031835556 0.3013471066951752 -1.0450119972229
7235 0.4283354580402374 0.3013473153114319 -1.045167684555054
7236 0.4333315193653107 0.301347553730011 -1.045337796211243
7237 0.4384942352771759 0.3013477921485901 -1.045521020889282
7238 0.4438110888004303 0.3013480603694916 -1.045715928077698
7239 0.4492693841457367 0.3013483285903931 -1.045920848846436
7240 0.454855889081955 0.301347404718399 -1.046139001846313
7241 0.4605571925640106 0.3013463914394379 -1.046363472938538
7242 0.4663595855236053 0.3013459742069244 -1.04658842086792
7243 0.4722490012645721 0.3013458251953125 -1.046812772750854
7244 0.4782112538814545 0.3013457059860229 -1.047034859657288
7245 0.4842320382595062 0.301345556974411 -1.04725193977356
7246 0.490296870470047 0.3013454377651215 -1.047460794448853
7247 0.496391087770462 0.3013453185558319 -1.047658801078796
7248 0.5024999976158142 0.3013451993465424 -1.047843217849731
7249 0.508608877658844 0.3013451099395752 -1.048011422157288
7250 0.514703094959259 0.3013450503349304 -1.048160910606384
7251 0.5207679271697998 0.3013450801372528 -1.048289179801941
7252 0.5267887115478516 0.3013451397418976 -1.048394918441772
7253 0.5327510237693787 0.30134516954422 -1.048476576805115
7254 0.5386404395103455 0.3013452291488647 -1.048533082008362
7255 0.5444427728652954 0.3013452291488647 -1.048563838005066
7256 0.5501440763473511 0.3013452589511871 -1.048568367958069
7257 0.5557305812835693 0.3013452589511871 -1.04854679107666
7258 0.5611888766288757 0.3013452887535095 -1.048499464988708
7259 0.5665057897567749 0.3013453781604767 -1.048427224159241
7260 0.5716684460639954 0.3013454973697662 -1.048331379890442
7261 0.5766645669937134 0.3013455867767334 -1.048213839530945
7262 0.58148193359375 0.3013457059860229 -1.048076629638672
7263 0.5861090421676636 0.3013457953929901 -1.047922134399414
7264 0.5905347466468811 0.3013459742069244 -1.047752499580383
7265 0.5947483777999878 0.3013461828231812 -1.047570824623108
7266 0.5987398028373718 0.3013463914394379 -1.047380447387695
7267 0.6024993062019348 0.3013465702533722 -1.047184348106384
7268 0.6060179471969604 0.3013467490673065 -1.046985864639282
7269 0.6092872023582458 0.3013469278812408 -1.046788334846497
7270 0.6122991442680359 0.3013470768928528 -1.046594858169556
7271 0.6150466203689575 0.3013586699962616 -1.046358346939087
7272 0.6175229549407959 0.3013768494129181 -1.04610276222229
7273 0.6197221875190735 0.3013930022716522 -1.045869469642639
7274 0.62163907289505 0.3014070689678192 -1.045661091804504
7275 0.6232688426971436 0.3014190196990967 -1.045480251312256
7276 0.6246077418327332 0.3014288544654846 -1.045329213142395
7277 0.6256524324417114 0.3014364838600159 -1.045209646224976
7278 0.6264004707336426 0.3014419674873352 -1.045123219490051
7279 0.6268500089645386 0.3014452755451202 -1.045070886611938
7280 0.6269999742507935 0.3014463484287262 -1.045053482055664
7281 0.3781499862670898 0.2967451810836792 -1.061994433403015
7282 0.3779999911785126 0.29674232006073 -1.062004208564758
7283 0.3785994946956635 0.2967537343502045 -1.061965227127075
7284 0.3793475329875946 0.296767920255661 -1.061916947364807
7285 0.3803922533988953 0.2967877089977264 -1.061850666999817
7286 0.3817311227321625 0.2968129217624664 -1.06176769733429
7287 0.3833609223365784 0.2968434989452362 -1.061669230461121
7288 0.3852777779102325 0.2968793213367462 -1.061556935310364
7289 0.3874770104885101 0.2969202399253845 -1.061432361602783
7290 0.3899533450603485 0.2969660758972168 -1.061297655105591
7291 0.3927008211612701 0.2970167100429535 -1.061154723167419
7292 0.3957127928733826 0.2970718741416931 -1.061005711555481
7293 0.398982048034668 0.2971313893795013 -1.060852289199829
7294 0.4025006592273712 0.2971486747264862 -1.060859322547913
7295 0.406260222196579 0.2971469163894653 -1.060946702957153
7296 0.4102515876293182 0.297145277261734 -1.061048269271851
7297 0.4144652187824249 0.2971455156803131 -1.061158418655396
7298 0.4188909232616425 0.2971457839012146 -1.061283946037292
7299 0.423518031835556 0.2971460521221161 -1.061424732208252
7300 0.4283354580402374 0.2971463203430176 -1.061580538749695
7301 0.4333315193653107 0.2971466183662415 -1.061750650405884
7302 0.4384942352771759 0.2971469163894653 -1.061933755874634
7303 0.4438110888004303 0.2971472442150116 -1.062128782272339
7304 0.4492693841457367 0.2971475720405579 -1.062333703041077
7305 0.454855889081955 0.2971464693546295 -1.062551736831665
7306 0.4605571925640106 0.2971452176570892 -1.06277596950531
7307 0.4663595855236053 0.2971447110176086 -1.063000917434692
7308 0.4722490012645721 0.2971445322036743 -1.063225269317627
7309 0.4782112538814545 0.2971443831920624 -1.06344735622406
7310 0.4842320382595062 0.2971442043781281 -1.063664317131042
7311 0.490296870470047 0.2971440553665161 -1.063873291015625
7312 0.496391087770462 0.2971439063549042 -1.064071297645569
7313 0.5024999976158142 0.2971437871456146 -1.064255714416504
7314 0.508608877658844 0.2971436381340027 -1.06442391872406
7315 0.514703094959259 0.2971435785293579 -1.064573287963867
7316 0.5207679271697998 0.2971436381340027 -1.064701557159424
7317 0.5267887115478516 0.2971436679363251 -1.064807295799255
7318 0.5327510237693787 0.2971437275409698 -1.064888954162598
7319 0.5386404395103455 0.2971437871456146 -1.064945578575134
7320 0.5444427728652954 0.297143816947937 -1.064976334571838
7321 0.5501440763473511 0.297143816947937 -1.064980864524841
7322 0.5557305812835693 0.2971438467502594 -1.064959168434143
7323 0.5611888766288757 0.2971438765525818 -1.064911961555481
7324 0.5665057897567749 0.297143965959549 -1.064839601516724
7325 0.5716684460639954 0.2971441149711609 -1.064743876457214
7326 0.5766645669937134 0.2971442341804504 -1.064626336097717
7327 0.58148193359375 0.29714435338974 -1.064489126205444
7328 0.5861090421676636 0.2971444725990295 -1.064334630966187
7329 0.5905347466468811 0.2971446812152863 -1.064165115356445
7330 0.5947483777999878 0.2971449196338654 -1.063983559608459
7331 0.5987398028373718 0.2971451580524445 -1.063793063163757
7332 0.6024993062019348 0.2971453964710236 -1.063597083091736
7333 0.6060179471969604 0.2971456050872803 -1.063398599624634
7334 0.6092872023582458 0.297145813703537 -1.063201069831848
7335 0.6122991442680359 0.2971459925174713 -1.063007712364197
7336 0.6150466203689575 0.2971601486206055 -1.062772512435913
7337 0.6175229549407959 0.2971824407577515 -1.062519311904907
7338 0.6197221875190735 0.2972021996974945 -1.062287926673889
7339 0.62163907289505 0.2972194254398346 -1.062081217765808
7340 0.6232688426971436 0.2972340285778046 -1.061901807785034
7341 0.6246077418327332 0.2972460687160492 -1.061751961708069
7342 0.6256524324417114 0.2972554266452789 -1.061633348464966
7343 0.6264004707336426 0.2972621321678162 -1.061547636985779
7344 0.6268500089645386 0.2972661554813385 -1.061495661735535
7345 0.6269999742507935 0.2972674965858459 -1.06147837638855
7346 0.3781499862670898 0.291178286075592 -1.079252362251282
7347 0.3779999911785126 0.2911748588085175 -1.079262018203735
7348 0.3785994946956635 0.2911885678768158 -1.0792236328125
7349 0.3793475329875946 0.2912056446075439 -1.079176187515259
7350 0.3803922533988953 0.2912294566631317 -1.079110980033875
7351 0.3817311227321625 0.2912599146366119 -1.079029083251953
7352 0.3833609223365784 0.2912968993186951 -1.078931927680969
7353 0.3852777779102325 0.2913402318954468 -1.078820943832397
7354 0.3874770104885101 0.2913897633552551 -1.078698039054871
7355 0.3899533450603485 0.2914453148841858 -1.078565120697021
7356 0.3927008211612701 0.2915066480636597 -1.078424096107483
7357 0.3957127928733826 0.2915734946727753 -1.078277111053467
7358 0.398982048034668 0.2916456758975983 -1.078126072883606
7359 0.4025006592273712 0.2916682362556458 -1.078129172325134
7360 0.406260222196579 0.2916685044765472 -1.078209638595581
7361 0.4102515876293182 0.2916687726974487 -1.078304648399353
7362 0.4144652187824249 0.2916690707206726 -1.078414797782898
7363 0.4188909232616425 0.2916693985462189 -1.078540325164795
7364 0.423518031835556 0.2916697263717651 -1.078681230545044
7365 0.4283354580402374 0.2916700541973114 -1.078837037086487
7366 0.4333315193653107 0.2916704118251801 -1.079007029533386
7367 0.4384942352771759 0.2916707694530487 -1.079190254211426
7368 0.4438110888004303 0.2916711568832397 -1.079385280609131
7369 0.4492693841457367 0.2916715443134308 -1.079590320587158
7370 0.454855889081955 0.2916702330112457 -1.079808115959167
7371 0.4605571925640106 0.2916687726974487 -1.080032229423523
7372 0.4663595855236053 0.291668176651001 -1.080257058143616
7373 0.4722490012645721 0.2916679978370667 -1.08048141002655
7374 0.4782112538814545 0.2916677892208099 -1.080703377723694
7375 0.4842320382595062 0.2916675806045532 -1.080920338630676
7376 0.490296870470047 0.2916674017906189 -1.081129312515259
7377 0.496391087770462 0.291667252779007 -1.081327319145203
7378 0.5024999976158142 0.2916670739650726 -1.081511616706848
7379 0.508608877658844 0.2916669249534607 -1.081679821014404
7380 0.514703094959259 0.2916668355464935 -1.081829309463501
7381 0.5207679271697998 0.2916668951511383 -1.081957578659058
7382 0.5267887115478516 0.2916669547557831 -1.082063317298889
7383 0.5327510237693787 0.2916670143604279 -1.082144975662231
7384 0.5386404395103455 0.2916670739650726 -1.082201600074768
7385 0.5444427728652954 0.291667103767395 -1.082232356071472
7386 0.5501440763473511 0.2916671335697174 -1.082236886024475
7387 0.5557305812835693 0.2916671633720398 -1.082215189933777
7388 0.5611888766288757 0.2916671931743622 -1.082167983055115
7389 0.5665057897567749 0.2916673123836517 -1.082095742225647
7390 0.5716684460639954 0.2916674613952637 -1.081999897956848
7391 0.5766645669937134 0.2916676104068756 -1.081882476806641
7392 0.58148193359375 0.2916677594184875 -1.081745266914368
7393 0.5861090421676636 0.2916678786277771 -1.08159077167511
7394 0.5905347466468811 0.2916681170463562 -1.081421256065369
7395 0.5947483777999878 0.2916684150695801 -1.081239700317383
7396 0.5987398028373718 0.2916686832904816 -1.08104944229126
7397 0.6024993062019348 0.2916689515113831 -1.080853462219238
7398 0.6060179471969604 0.2916691899299622 -1.080654978752136
7399 0.6092872023582458 0.2916694283485413 -1.08045756816864
7400 0.6122991442680359 0.291669636964798 -1.080264210700989
7401 0.6150466203689575 0.2916863262653351 -1.080031037330627
7402 0.6175229549407959 0.2917125821113586 -1.079780697822571
7403 0.6197221875190735 0.2917358577251434 -1.079552054405212
7404 0.62163907289505 0.2917561531066895 -1.079347729682922
7405 0.6232688426971436 0.2917734086513519 -1.079170346260071
7406 0.6246077418327332 0.2917875945568085 -1.079022169113159
7407 0.6256524324417114 0.2917986214160919 -1.078904867172241
7408 0.6264004707336426 0.291806548833847 -1.078819990158081
7409 0.6268500089645386 0.2918112874031067 -1.078768610954285
7410 0.6269999742507935 0.2918128967285156 -1.078751444816589
7411 0.3781499862670898 0.284165620803833 -1.097196340560913
7412 0.3779999911785126 0.2841616272926331 -1.097205758094788
7413 0.3785994946956635 0.2841776013374329 -1.097168564796448
7414 0.3793475329875946 0.2841974794864655 -1.097122669219971
7415 0.3803922533988953 0.284225195646286 -1.097059607505798
7416 0.3817311227321625 0.2842607498168945 -1.096980333328247
7417 0.3833609223365784 0.2843039929866791 -1.096885919570923
7418 0.3852777779102325 0.2843546867370605 -1.096778392791748
7419 0.3874770104885101 0.2844126224517822 -1.096659421920776
7420 0.3899533450603485 0.2844776213169098 -1.096530914306641
7421 0.3927008211612701 0.2845494151115417 -1.096394777297974
7422 0.3957127928733826 0.2846277058124542 -1.096253037452698
7423 0.398982048034668 0.2847122251987457 -1.096107602119446
7424 0.4025006592273712 0.2847402393817902 -1.096108794212341
7425 0.406260222196579 0.2847428917884827 -1.096183657646179
7426 0.4102515876293182 0.2847455143928528 -1.096273303031921
7427 0.4144652187824249 0.284745842218399 -1.096383452415466
7428 0.4188909232616425 0.2847462296485901 -1.096508979797363
7429 0.423518031835556 0.2847466170787811 -1.096649885177612
7430 0.4283354580402374 0.2847470045089722 -1.096805691719055
7431 0.4333315193653107 0.2847474217414856 -1.096975803375244
7432 0.4384942352771759 0.284747838973999 -1.097159028053284
7433 0.4438110888004303 0.2847482860088348 -1.097354054450989
7434 0.4492693841457367 0.2847487330436707 -1.097559094429016
7435 0.454855889081955 0.2847472429275513 -1.097776770591736
7436 0.4605571925640106 0.2847455739974976 -1.098000645637512
7437 0.4663595855236053 0.284744918346405 -1.098225474357605
7438 0.4722490012645721 0.2847446799278259 -1.09844970703125
7439 0.4782112538814545 0.2847444415092468 -1.098671674728394
7440 0.4842320382595062 0.2847442328929901 -1.098888635635376
7441 0.490296870470047 0.2847440242767334 -1.099097490310669
7442 0.496391087770462 0.2847438454627991 -1.099295496940613
7443 0.5024999976158142 0.2847436368465424 -1.099479794502258
7444 0.508608877658844 0.284743458032608 -1.099647998809814
7445 0.514703094959259 0.2847433686256409 -1.099797368049622
7446 0.5207679271697998 0.2847434282302856 -1.099925756454468
7447 0.5267887115478516 0.2847435176372528 -1.100031495094299
7448 0.5327510237693787 0.2847435772418976 -1.100113272666931
7449 0.5386404395103455 0.2847436368465424 -1.100169777870178
7450 0.5444427728652954 0.2847436666488647 -1.100200533866882
7451 0.5501440763473511 0.2847437262535095 -1.100205063819885
7452 0.5557305812835693 0.2847437560558319 -1.100183486938477
7453 0.5611888766288757 0.2847437858581543 -1.100136160850525
7454 0.5665057897567749 0.2847439050674438 -1.100063920021057
7455 0.5716684460639954 0.2847440838813782 -1.099968194961548
7456 0.5766645669937134 0.2847442328929901 -1.09985077381134
7457 0.58148193359375 0.2847444117069244 -1.099713563919067
7458 0.5861090421676636 0.2847445607185364 -1.099559187889099
7459 0.5905347466468811 0.2847448289394379 -1.099389672279358
7460 0.5947483777999878 0.2847451567649841 -1.099208235740662
7461 0.5987398028373718 0.284745454788208 -1.099017858505249
7462 0.6024993062019348 0.2847457230091095 -1.098821997642517
7463 0.6060179471969604 0.284745991230011 -1.098623633384705
7464 0.6092872023582458 0.2847462594509125 -1.098426222801208
7465 0.6122991442680359 0.2847464978694916 -1.098232984542847
7466 0.6150466203689575 0.2847655713558197 -1.098002195358276
7467 0.6175229549407959 0.2847955524921417 -1.097755789756775
7468 0.6197221875190735 0.2848221957683563 -1.097530603408813
7469 0.62163907289505 0.284845381975174 -1.097329258918762
7470 0.6232688426971436 0.2848651111125946 -1.097154378890991
7471 0.6246077418327332 0.2848812937736511 -1.097008228302002
7472 0.6256524324417114 0.2848939299583435 -1.096892595291138
7473 0.6264004707336426 0.284902960062027 -1.096808910369873
7474 0.6268500089645386 0.2849084138870239 -1.096758246421814
7475 0.6269999742507935 0.2849102318286896 -1.096741318702698
7476 0.3781499862670898 0.275547057390213 -1.115660667419434
7477 0.3779999911785126 0.2755425572395325 -1.11566948890686
7478 0.3785994946956635 0.275560587644577 -1.115634202957153
7479 0.3793475329875946 0.2755830883979797 -1.115590572357178
7480 0.3803922533988953 0.2756144404411316 -1.115530729293823
7481 0.3817311227321625 0.2756547033786774 -1.115455269813538
7482 0.3833609223365784 0.2757037580013275 -1.115365505218506
7483 0.3852777779102325 0.2757613062858582 -1.115263342857361
7484 0.3874770104885101 0.2758270800113678 -1.115150570869446
7485 0.3899533450603485 0.2759008705615997 -1.115028858184814
7486 0.3927008211612701 0.2759824097156525 -1.114900350570679
7487 0.3957127928733826 0.2760713398456573 -1.114766955375671
7488 0.398982048034668 0.2761673927307129 -1.114630579948425
7489 0.4025006592273712 0.2762007713317871 -1.114631533622742
7490 0.406260222196579 0.2762061059474945 -1.114702224731445
7491 0.4102515876293182 0.2762112617492676 -1.114787697792053
7492 0.4144652187824249 0.2762116491794586 -1.114897966384888
7493 0.4188909232616425 0.276212066411972 -1.115023493766785
7494 0.423518031835556 0.2762124836444855 -1.115164399147034
7495 0.4283354580402374 0.2762129604816437 -1.115320324897766
7496 0.4333315193653107 0.2762134075164795 -1.115490436553955
7497 0.4384942352771759 0.2762138843536377 -1.115673780441284
7498 0.4438110888004303 0.2762143909931183 -1.115868806838989
7499 0.4492693841457367 0.2762148976325989 -1.116073966026306
7500 0.454855889081955 0.2762132585048676 -1.116291403770447
7501 0.4605571925640106 0.2762114107608795 -1.116514921188354
7502 0.4663595855236053 0.2762106657028198 -1.116739630699158
7503 0.4722490012645721 0.2762103974819183 -1.116963863372803
7504 0.4782112538814545 0.2762101590633392 -1.117185831069946
7505 0.4842320382595062 0.2762098908424377 -1.117402672767639
7506 0.490296870470047 0.276209682226181 -1.117611527442932
7507 0.496391087770462 0.2762094736099243 -1.117809534072876
7508 0.5024999976158142 0.2762092649936676 -1.117993831634521
7509 0.508608877658844 0.2762090563774109 -1.118162035942078
7510 0.514703094959259 0.2762089371681213 -1.118311405181885
7511 0.5207679271697998 0.2762090265750885 -1.118439674377441
7512 0.5267887115478516 0.2762091159820557 -1.118545413017273
7513 0.5327510237693787 0.2762091755867004 -1.118627190589905
7514 0.5386404395103455 0.2762092649936676 -1.118683815002441
7515 0.5444427728652954 0.27620929479599 -1.118714570999146
7516 0.5501440763473511 0.2762093245983124 -1.118719100952148
7517 0.5557305812835693 0.2762093544006348 -1.11869740486145
7518 0.5611888766288757 0.2762093842029572 -1.118650197982788
7519 0.5665057897567749 0.2762095332145691 -1.11857795715332
7520 0.5716684460639954 0.2762097418308258 -1.118482232093811
7521 0.5766645669937134 0.2762099206447601 -1.118364810943604
7522 0.58148193359375 0.2762100994586945 -1.11822772026062
7523 0.5861090421676636 0.2762102484703064 -1.118073344230652
7524 0.5905347466468811 0.2762105464935303 -1.1179039478302
7525 0.5947483777999878 0.2762109041213989 -1.117722511291504
7526 0.5987398028373718 0.2762112319469452 -1.117532253265381
7527 0.6024993062019348 0.2762115299701691 -1.117336392402649
7528 0.6060179471969604 0.2762118279933929 -1.117138147354126
7529 0.6092872023582458 0.2762120962142944 -1.11694073677063
7530 0.6122991442680359 0.2762123644351959 -1.116747498512268
7531 0.6150466203689575 0.2762335538864136 -1.116519689559937
7532 0.6175229549407959 0.2762669324874878 -1.116278052330017
7533 0.6197221875190735 0.2762965261936188 -1.1160569190979
7534 0.62163907289505 0.2763223350048065 -1.115859270095825
7535 0.6232688426971436 0.2763442695140839 -1.115687489509583
7536 0.6246077418327332 0.2763622999191284 -1.115543842315674
7537 0.6256524324417114 0.276376336812973 -1.115430116653442
7538 0.6264004707336426 0.2763864099979401 -1.115347862243652
7539 0.6268500089645386 0.2763924598693848 -1.11529803276062
7540 0.6269999742507935 0.2763944864273071 -1.115281343460083
7541 0.3781499862670898 0.2651771306991577 -1.134445071220398
7542 0.3779999911785126 0.2651721835136414 -1.134453415870667
7543 0.3785994946956635 0.2651920318603516 -1.134420394897461
7544 0.3793475329875946 0.2652167677879333 -1.134379744529724
7545 0.3803922533988953 0.2652512788772583 -1.134323954582214
7546 0.3817311227321625 0.265295684337616 -1.134253621101379
7547 0.3833609223365784 0.2653498351573944 -1.134170055389404
7548 0.3852777779102325 0.265413373708725 -1.134075164794922
7549 0.3874770104885101 0.2654860317707062 -1.133970618247986
7550 0.3899533450603485 0.2655675411224365 -1.133858203887939
7551 0.3927008211612701 0.2656576335430145 -1.133739948272705
7552 0.3957127928733826 0.2657559216022491 -1.133617639541626
7553 0.398982048034668 0.2658621072769165 -1.133493423461914
7554 0.4025006592273712 0.2659004330635071 -1.133496165275574
7555 0.406260222196579 0.2659084796905518 -1.133563756942749
7556 0.4102515876293182 0.2659162878990173 -1.133646488189697
7557 0.4144652187824249 0.2659167051315308 -1.133756756782532
7558 0.4188909232616425 0.265917181968689 -1.133882403373718
7559 0.423518031835556 0.2659176588058472 -1.134023308753967
7560 0.4283354580402374 0.2659181356430054 -1.1341792345047
7561 0.4333315193653107 0.2659186720848083 -1.134349465370178
7562 0.4384942352771759 0.2659191787242889 -1.134532809257507
7563 0.4438110888004303 0.2659197151660919 -1.134727954864502
7564 0.4492693841457367 0.2659202814102173 -1.134933233261108
7565 0.454855889081955 0.265918493270874 -1.13515031337738
7566 0.4605571925640106 0.2659165263175964 -1.135373592376709
7567 0.4663595855236053 0.2659156918525696 -1.135598182678223
7568 0.4722490012645721 0.2659154236316681 -1.135822296142578
7569 0.4782112538814545 0.2659151554107666 -1.136044263839722
7570 0.4842320382595062 0.2659148871898651 -1.136261105537415
7571 0.490296870470047 0.2659146189689636 -1.136469960212708
7572 0.496391087770462 0.2659144103527069 -1.136667847633362
7573 0.5024999976158142 0.2659141719341278 -1.136852145195007
7574 0.508608877658844 0.2659139633178711 -1.137020230293274
7575 0.514703094959259 0.2659138441085815 -1.137169599533081
7576 0.5207679271697998 0.2659139335155487 -1.137297987937927
7577 0.5267887115478516 0.2659140229225159 -1.137403726577759
7578 0.5327510237693787 0.2659140825271606 -1.137485504150391
7579 0.5386404395103455 0.2659141719341278 -1.137542128562927
7580 0.5444427728652954 0.2659142017364502 -1.137572765350342
7581 0.5501440763473511 0.265914261341095 -1.137577295303345
7582 0.5557305812835693 0.2659142911434174 -1.137555718421936
7583 0.5611888766288757 0.2659143209457397 -1.137508511543274
7584 0.5665057897567749 0.2659144997596741 -1.137436270713806
7585 0.5716684460639954 0.2659146785736084 -1.137340664863586
7586 0.5766645669937134 0.2659148871898651 -1.137223243713379
7587 0.58148193359375 0.2659150660037994 -1.137086153030396
7588 0.5861090421676636 0.2659152448177338 -1.136931777000427
7589 0.5905347466468811 0.2659155428409576 -1.136762380599976
7590 0.5947483777999878 0.2659159302711487 -1.136581063270569
7591 0.5987398028373718 0.2659162878990173 -1.136390924453735
7592 0.6024993062019348 0.2659166157245636 -1.136195182800293
7593 0.6060179471969604 0.2659169137477875 -1.13599693775177
7594 0.6092872023582458 0.2659172117710114 -1.135799646377563
7595 0.6122991442680359 0.2659174799919128 -1.135606408119202
7596 0.6150466203689575 0.2659404873847961 -1.135382056236267
7597 0.6175229549407959 0.2659766674041748 -1.135145664215088
7598 0.6197221875190735 0.2660087943077087 -1.134929418563843
7599 0.62163907289505 0.2660368084907532 -1.134735822677612
7600 0.6232688426971436 0.2660605907440186 -1.134567618370056
7601 0.6246077418327332 0.2660801410675049 -1.134426832199097
7602 0.6256524324417114 0.2660953998565674 -1.134315490722656
7603 0.6264004707336426 0.2661063373088837 -1.13423478603363
7604 0.6268500089645386 0.266112893819809 -1.134186029434204
7605 0.6269999742507935 0.2661150693893433 -1.134169697761536
7606 0.3781499862670898 0.2529325783252716 -1.153317093849182
7607 0.3779999911785126 0.2529272437095642 -1.153324604034424
7608 0.3785994946956635 0.2529485523700714 -1.153294444084167
7609 0.3793475329875946 0.2529750764369965 -1.153257369995117
7610 0.3803922533988953 0.253012090921402 -1.153206467628479
7611 0.3817311227321625 0.2530598044395447 -1.15314245223999
7612 0.3833609223365784 0.2531180679798126 -1.153066515922546
7613 0.3852777779102325 0.25318643450737 -1.152980327606201
7614 0.3874770104885101 0.2532646059989929 -1.152885913848877
7615 0.3899533450603485 0.2533523440361023 -1.152784943580627
7616 0.3927008211612701 0.2534492909908295 -1.152679204940796
7617 0.3957127928733826 0.2535551190376282 -1.152570724487305
7618 0.398982048034668 0.2536694407463074 -1.152461290359497
7619 0.4025006592273712 0.2537120580673218 -1.152467489242554
7620 0.406260222196579 0.2537227272987366 -1.152533411979675
7621 0.4102515876293182 0.2537330389022827 -1.15261447429657
7622 0.4144652187824249 0.2537335157394409 -1.152724742889404
7623 0.4188909232616425 0.2537339925765991 -1.152850389480591
7624 0.423518031835556 0.2537344992160797 -1.152991533279419
7625 0.4283354580402374 0.2537350356578827 -1.153147459030151
7626 0.4333315193653107 0.2537356019020081 -1.153317809104919
7627 0.4384942352771759 0.2537361681461334 -1.153501272201538
7628 0.4438110888004303 0.2537367343902588 -1.153696417808533
7629 0.4492693841457367 0.2537373304367065 -1.153901696205139
7630 0.454855889081955 0.2537354528903961 -1.154118537902832
7631 0.4605571925640106 0.2537333369255066 -1.154341578483582
7632 0.4663595855236053 0.2537324726581573 -1.154565930366516
7633 0.4722490012645721 0.2537322044372559 -1.154790043830872
7634 0.4782112538814545 0.253731906414032 -1.155012011528015
7635 0.4842320382595062 0.2537316381931305 -1.155228734016418
7636 0.490296870470047 0.253731369972229 -1.155437469482422
7637 0.496391087770462 0.2537311315536499 -1.155635356903076
7638 0.5024999976158142 0.2537308931350708 -1.155819654464722
7639 0.508608877658844 0.2537306547164917 -1.155987739562988
7640 0.514703094959259 0.2537305355072021 -1.156137108802795
7641 0.5207679271697998 0.2537306249141693 -1.156265377998352
7642 0.5267887115478516 0.2537307143211365 -1.156371235847473
7643 0.5327510237693787 0.2537307739257812 -1.156453013420105
7644 0.5386404395103455 0.2537308633327484 -1.156509637832642
7645 0.5444427728652954 0.2537309229373932 -1.156540393829346
7646 0.5501440763473511 0.2537309527397156 -1.156544923782349
7647 0.5557305812835693 0.2537310123443604 -1.15652322769165
7648 0.5611888766288757 0.2537310421466827 -1.156476020812988
7649 0.5665057897567749 0.2537312209606171 -1.15640389919281
7650 0.5716684460639954 0.2537314295768738 -1.15630829334259
7651 0.5766645669937134 0.2537316083908081 -1.156190872192383
7652 0.58148193359375 0.2537318170070648 -1.156053900718689
7653 0.5861090421676636 0.2537319958209991 -1.155899524688721
7654 0.5905347466468811 0.2537323236465454 -1.155730247497559
7655 0.5947483777999878 0.2537327110767365 -1.155548930168152
7656 0.5987398028373718 0.2537330687046051 -1.155358791351318
7657 0.6024993062019348 0.2537333965301514 -1.155163049697876
7658 0.6060179471969604 0.2537337243556976 -1.154964923858643
7659 0.6092872023582458 0.2537340223789215 -1.154767751693726
7660 0.6122991442680359 0.2537343204021454 -1.154574513435364
7661 0.6150466203689575 0.2537586688995361 -1.154353976249695
7662 0.6175229549407959 0.2537969946861267 -1.154123663902283
7663 0.6197221875190735 0.2538310587406158 -1.153912663459778
7664 0.62163907289505 0.2538607120513916 -1.153723835945129
7665 0.6232688426971436 0.2538859248161316 -1.153559446334839
7666 0.6246077418327332 0.253906637430191 -1.153421998023987
7667 0.6256524324417114 0.2539227902889252 -1.153313159942627
7668 0.6264004707336426 0.253934383392334 -1.153234243392944
7669 0.6268500089645386 0.2539413273334503 -1.153186559677124
7670 0.6269999742507935 0.2539436519145966 -1.153170585632324
7671 0.3781499862670898 0.2387199699878693 -1.172014117240906
7672 0.3779999911785126 0.2387143969535828 -1.17202091217041
7673 0.3785994946956635 0.2387366592884064 -1.171993970870972
7674 0.3793475329875946 0.2387644201517105 -1.171960949897766
7675 0.3803922533988953 0.2388031333684921 -1.171915650367737
7676 0.3817311227321625 0.2388530969619751 -1.171858787536621
7677 0.3833609223365784 0.2389142066240311 -1.171791553497314
7678 0.3852777779102325 0.2389858663082123 -1.17171573638916
7679 0.3874770104885101 0.239067867398262 -1.171633005142212
7680 0.3899533450603485 0.2391598671674728 -1.171545147895813
7681 0.3927008211612701 0.2392615675926208 -1.171453952789307
7682 0.3957127928733826 0.2393726110458374 -1.171361446380615
7683 0.398982048034668 0.2394925802946091 -1.171269178390503
7684 0.4025006592273712 0.2395384907722473 -1.171280264854431
7685 0.406260222196579 0.2395515143871307 -1.171345591545105
7686 0.4102515876293182 0.239564061164856 -1.171426057815552
7687 0.4144652187824249 0.2395645529031754 -1.171536445617676
7688 0.4188909232616425 0.2395650595426559 -1.171662211418152
7689 0.423518031835556 0.2395655959844589 -1.17180335521698
7690 0.4283354580402374 0.2395661622285843 -1.171959400177002
7691 0.4333315193653107 0.2395667433738708 -1.17212975025177
7692 0.4384942352771759 0.2395673245191574 -1.172313332557678
7693 0.4438110888004303 0.2395679205656052 -1.172508597373962
7694 0.4492693841457367 0.2395685315132141 -1.172713994979858
7695 0.454855889081955 0.2395665943622589 -1.172930598258972
7696 0.4605571925640106 0.2395644336938858 -1.173153162002563
7697 0.4663595855236053 0.2395635396242142 -1.173377394676208
7698 0.4722490012645721 0.2395632416009903 -1.173601388931274
7699 0.4782112538814545 0.2395629584789276 -1.173823356628418
7700 0.4842320382595062 0.2395626604557037 -1.174040079116821
7701 0.490296870470047 0.2395623773336411 -1.174248814582825
7702 0.496391087770462 0.239562138915062 -1.174446582794189
7703 0.5024999976158142 0.2395618855953217 -1.174630761146545
7704 0.508608877658844 0.2395616471767426 -1.174798846244812
7705 0.514703094959259 0.2395615130662918 -1.174948215484619
7706 0.5207679271697998 0.239561602473259 -1.175076484680176
7707 0.5267887115478516 0.2395616918802261 -1.175182342529297
7708 0.5327510237693787 0.2395617812871933 -1.175264120101929
7709 0.5386404395103455 0.2395618706941605 -1.175320744514465
7710 0.5444427728652954 0.239561915397644 -1.175351500511169
7711 0.5501440763473511 0.2395619601011276 -1.175356030464172
7712 0.5557305812835693 0.2395620048046112 -1.175334453582764
7713 0.5611888766288757 0.2395620495080948 -1.175287246704102
7714 0.5665057897567749 0.2395622134208679 -1.175215125083923
7715 0.5716684460639954 0.2395624369382858 -1.175119519233704
7716 0.5766645669937134 0.2395626455545425 -1.175002217292786
7717 0.58148193359375 0.2395628392696381 -1.174865245819092
7718 0.5861090421676636 0.2395630329847336 -1.174710869789124
7719 0.5905347466468811 0.2395633459091187 -1.174541592597961
7720 0.5947483777999878 0.2395637482404709 -1.174360394477844
7721 0.5987398028373718 0.2395641058683395 -1.1741703748703
7722 0.6024993062019348 0.2395644634962082 -1.173974752426147
7723 0.6060179471969604 0.2395647913217545 -1.173776626586914
7724 0.6092872023582458 0.2395650893449783 -1.173579454421997
7725 0.6122991442680359 0.239565372467041 -1.173386335372925
7726 0.6150466203689575 0.239590585231781 -1.17316997051239
7727 0.6175229549407959 0.2396302372217178 -1.172946095466614
7728 0.6197221875190735 0.2396654486656189 -1.172740817070007
7729 0.62163907289505 0.239696130156517 -1.17255699634552
7730 0.6232688426971436 0.2397222220897675 -1.172396898269653
7731 0.6246077418327332 0.2397436648607254 -1.172262907028198
7732 0.6256524324417114 0.2397603839635849 -1.172156810760498
7733 0.6264004707336426 0.2397723644971848 -1.172079920768738
7734 0.6268500089645386 0.2397795617580414 -1.172033429145813
7735 0.6269999742507935 0.2397819608449936 -1.172017812728882
7736 0.3781499862670898 0.2224830836057663 -1.19024920463562
7737 0.3779999911785126 0.2224774062633514 -1.190255165100098
7738 0.3785994946956635 0.2225001007318497 -1.190231680870056
7739 0.3793475329875946 0.2225283980369568 -1.190203070640564
7740 0.3803922533988953 0.2225678563117981 -1.190164089202881
7741 0.3817311227321625 0.2226188480854034 -1.190115094184875
7742 0.3833609223365784 0.2226812690496445 -1.190057396888733
7743 0.3852777779102325 0.2227544784545898 -1.189992904663086
7744 0.3874770104885101 0.2228382378816605 -1.189923048019409
7745 0.3899533450603485 0.2229322493076324 -1.189849734306335
7746 0.3927008211612701 0.2230361849069595 -1.189774632453918
7747 0.3957127928733826 0.2231496572494507 -1.189699530601501
7748 0.398982048034668 0.223272293806076 -1.189626216888428
7749 0.4025006592273712 0.2233202904462814 -1.189643621444702
7750 0.406260222196579 0.2233351618051529 -1.189709305763245
7751 0.4102515876293182 0.2233495116233826 -1.18979012966156
7752 0.4144652187824249 0.2233500182628632 -1.189900517463684
7753 0.4188909232616425 0.2233505398035049 -1.19002640247345
7754 0.423518031835556 0.2233510911464691 -1.190167665481567
7755 0.4283354580402374 0.2233516573905945 -1.190323829650879
7756 0.4333315193653107 0.2233522534370422 -1.190494298934937
7757 0.4384942352771759 0.22335284948349 -1.190677881240845
7758 0.4438110888004303 0.2233534604310989 -1.190873384475708
7759 0.4492693841457367 0.2233540713787079 -1.191078782081604
7760 0.454855889081955 0.2233521193265915 -1.191295027732849
7761 0.4605571925640106 0.2233499437570572 -1.191517233848572
7762 0.4663595855236053 0.2233490347862244 -1.191741347312927
7763 0.4722490012645721 0.2233487516641617 -1.191965341567993
7764 0.4782112538814545 0.2233484536409378 -1.192187070846558
7765 0.4842320382595062 0.2233481556177139 -1.192403793334961
7766 0.490296870470047 0.2233478724956512 -1.192612528800964
7767 0.496391087770462 0.2233476340770721 -1.192810297012329
7768 0.5024999976158142 0.2233473807573318 -1.192994475364685
7769 0.508608877658844 0.2233471274375916 -1.193162441253662
7770 0.514703094959259 0.2233469933271408 -1.193311810493469
7771 0.5207679271697998 0.223347082734108 -1.193440198898315
7772 0.5267887115478516 0.2233471721410751 -1.193545937538147
7773 0.5327510237693787 0.2233472615480423 -1.193627715110779
7774 0.5386404395103455 0.2233473509550095 -1.193684458732605
7775 0.5444427728652954 0.223347395658493 -1.193715214729309
7776 0.5501440763473511 0.2233474403619766 -1.193719744682312
7777 0.5557305812835693 0.2233474850654602 -1.193698167800903
7778 0.5611888766288757 0.2233475297689438 -1.193650841712952
7779 0.5665057897567749 0.2233477085828781 -1.193578839302063
7780 0.5716684460639954 0.2233479171991348 -1.193483233451843
7781 0.5766645669937134 0.2233481258153915 -1.193365931510925
7782 0.58148193359375 0.2233483344316483 -1.193228960037231
7783 0.5861090421676636 0.2233485132455826 -1.193074703216553
7784 0.5905347466468811 0.2233488410711288 -1.19290554523468
7785 0.5947483777999878 0.2233492285013199 -1.192724466323853
7786 0.5987398028373718 0.2233495861291885 -1.192534446716309
7787 0.6024993062019348 0.2233499437570572 -1.192338824272156
7788 0.6060179471969604 0.2233502566814423 -1.192140817642212
7789 0.6092872023582458 0.2233505696058273 -1.191943645477295
7790 0.6122991442680359 0.2233508378267288 -1.191750645637512
7791 0.6150466203689575 0.2233762890100479 -1.191538572311401
7792 0.6175229549407959 0.2234163284301758 -1.191321492195129
7793 0.6197221875190735 0.2234518826007843 -1.19112229347229
7794 0.62163907289505 0.2234828621149063 -1.190943717956543
7795 0.6232688426971436 0.2235092222690582 -1.190788149833679
7796 0.6246077418327332 0.2235308587551117 -1.1906578540802
7797 0.6256524324417114 0.2235477417707443 -1.190554618835449
7798 0.6264004707336426 0.2235598415136337 -1.190479755401611
7799 0.6268500089645386 0.2235671132802963 -1.190434455871582
7800 0.6269999742507935 0.2235695272684097 -1.19041919708252
7801 0.3781499862670898 0.2042094767093658 -1.207717418670654
7802 0.3779999911785126 0.2042038440704346 -1.207722306251526
7803 0.3785994946956635 0.2042263597249985 -1.20770275592804
7804 0.3793475329875946 0.2042544335126877 -1.20767867565155
7805 0.3803922533988953 0.2042935788631439 -1.207646131515503
7806 0.3817311227321625 0.2043442130088806 -1.207605481147766
7807 0.3833609223365784 0.2044062316417694 -1.207558035850525
7808 0.3852777779102325 0.204478994011879 -1.207505345344543
7809 0.3874770104885101 0.2045622318983078 -1.207449197769165
7810 0.3899533450603485 0.2046556770801544 -1.207391262054443
7811 0.3927008211612701 0.2047590017318726 -1.207333087921143
7812 0.3957127928733826 0.2048718184232712 -1.207276582717896
7813 0.398982048034668 0.2049937546253204 -1.207223296165466
7814 0.4025006592273712 0.205042377114296 -1.207247614860535
7815 0.406260222196579 0.2050585150718689 -1.207314610481262
7816 0.4102515876293182 0.2050740569829941 -1.207396626472473
7817 0.4144652187824249 0.2050745487213135 -1.207507252693176
7818 0.4188909232616425 0.2050750702619553 -1.207633137702942
7819 0.423518031835556 0.2050756216049194 -1.20777440071106
7820 0.4283354580402374 0.2050761878490448 -1.207930684089661
7821 0.4333315193653107 0.2050767689943314 -1.208101272583008
7822 0.4384942352771759 0.2050773799419403 -1.208284974098206
7823 0.4438110888004303 0.2050779759883881 -1.208480596542358
7824 0.4492693841457367 0.205078586935997 -1.208686113357544
7825 0.454855889081955 0.205076664686203 -1.20890200138092
7826 0.4605571925640106 0.2050745189189911 -1.209123730659485
7827 0.4663595855236053 0.2050736397504807 -1.209347724914551
7828 0.4722490012645721 0.205073356628418 -1.209571719169617
7829 0.4782112538814545 0.2050730586051941 -1.209793448448181
7830 0.4842320382595062 0.2050727605819702 -1.210010051727295
7831 0.490296870470047 0.2050724923610687 -1.210218667984009
7832 0.496391087770462 0.2050722539424896 -1.210416436195374
7833 0.5024999976158142 0.2050720006227493 -1.210600614547729
7834 0.508608877658844 0.2050717622041702 -1.210768580436707
7835 0.514703094959259 0.2050716280937195 -1.210917830467224
7836 0.5207679271697998 0.2050717175006866 -1.21104621887207
7837 0.5267887115478516 0.2050718069076538 -1.211152076721191
7838 0.5327510237693787 0.205071896314621 -1.211233854293823
7839 0.5386404395103455 0.2050719708204269 -1.211290597915649
7840 0.5444427728652954 0.2050720155239105 -1.211321353912354
7841 0.5501440763473511 0.2050720602273941 -1.211325883865356
7842 0.5557305812835693 0.2050721198320389 -1.211304306983948
7843 0.5611888766288757 0.2050721645355225 -1.211257100105286
7844 0.5665057897567749 0.2050723284482956 -1.211184978485107
7845 0.5716684460639954 0.2050725370645523 -1.211089491844177
7846 0.5766645669937134 0.2050727307796478 -1.210972309112549
7847 0.58148193359375 0.2050729244947433 -1.210835337638855
7848 0.5861090421676636 0.2050731182098389 -1.210681080818176
7849 0.5905347466468811 0.2050734162330627 -1.210511922836304
7850 0.5947483777999878 0.2050738036632538 -1.210330963134766
7851 0.5987398028373718 0.2050741612911224 -1.210141062736511
7852 0.6024993062019348 0.2050744891166687 -1.209945440292358
7853 0.6060179471969604 0.2050748020410538 -1.209747552871704
7854 0.6092872023582458 0.2050751000642776 -1.209550380706787
7855 0.6122991442680359 0.2050753682851791 -1.209357500076294
7856 0.6150466203689575 0.2051004022359848 -1.209149718284607
7857 0.6175229549407959 0.2051397860050201 -1.208939671516418
7858 0.6197221875190735 0.2051747739315033 -1.208746552467346
7859 0.62163907289505 0.2052052617073059 -1.208573341369629
7860 0.6232688426971436 0.2052311897277832 -1.208422422409058
7861 0.6246077418327332 0.2052524834871292 -1.208295822143555
7862 0.6256524324417114 0.2052690982818604 -1.208195447921753
7863 0.6264004707336426 0.2052810043096542 -1.208122730255127
7864 0.6268500089645386 0.2052881419658661 -1.208078742027283
7865 0.6269999742507935 0.2052905261516571 -1.208063960075378
7866 0.3781499862670898 0.1839357763528824 -1.224103927612305
7867 0.3779999911785126 0.1839303523302078 -1.22410786151886
7868 0.3785994946956635 0.1839520335197449 -1.22409200668335
7869 0.3793475329875946 0.1839790493249893 -1.224072694778442
7870 0.3803922533988953 0.1840167492628098 -1.22404670715332
7871 0.3817311227321625 0.1840655356645584 -1.224014520645142
7872 0.3833609223365784 0.1841253340244293 -1.223977327346802
7873 0.3852777779102325 0.1841955035924911 -1.223936915397644
7874 0.3874770104885101 0.1842757910490036 -1.223894596099854
7875 0.3899533450603485 0.184365913271904 -1.223852157592773
7876 0.3927008211612701 0.1844655573368073 -1.223811268806458
7877 0.3957127928733826 0.1845743954181671 -1.223773598670959
7878 0.398982048034668 0.1846920400857925 -1.223740696907043
7879 0.4025006592273712 0.1847396790981293 -1.223772644996643
7880 0.406260222196579 0.1847563236951828 -1.223841547966003
7881 0.4102515876293182 0.1847723722457886 -1.223925352096558
7882 0.4144652187824249 0.184772863984108 -1.224035978317261
7883 0.4188909232616425 0.1847733557224274 -1.224162101745605
7884 0.423518031835556 0.1847738772630692 -1.224303483963013
7885 0.4283354580402374 0.1847744286060333 -1.224459886550903
7886 0.4333315193653107 0.1847749948501587 -1.22463047504425
7887 0.4384942352771759 0.1847755759954453 -1.224814295768738
7888 0.4438110888004303 0.1847761422395706 -1.225009918212891
7889 0.4492693841457367 0.1847767382860184 -1.225215673446655
7890 0.454855889081955 0.1847749054431915 -1.225431084632874
7891 0.4605571925640106 0.1847728490829468 -1.225652575492859
7892 0.4663595855236053 0.1847720146179199 -1.225876331329346
7893 0.4722490012645721 0.1847717314958572 -1.226100325584412
7894 0.4782112538814545 0.1847714632749557 -1.226321935653687
7895 0.4842320382595062 0.1847711801528931 -1.2265385389328
7896 0.490296870470047 0.1847709268331528 -1.226747155189514
7897 0.496391087770462 0.1847706884145737 -1.226944804191589
7898 0.5024999976158142 0.1847704499959946 -1.227128982543945
7899 0.508608877658844 0.1847702264785767 -1.227296829223633
7900 0.514703094959259 0.1847700923681259 -1.22744619846344
7901 0.5207679271697998 0.1847701817750931 -1.227574586868286
7902 0.5267887115478516 0.184770256280899 -1.227680444717407
7903 0.5327510237693787 0.1847703456878662 -1.227762222290039
7904 0.5386404395103455 0.1847704201936722 -1.227818846702576
7905 0.5444427728652954 0.1847704648971558 -1.227849721908569
7906 0.5501440763473511 0.1847705096006393 -1.227854251861572
7907 0.5557305812835693 0.1847705543041229 -1.227832674980164
7908 0.5611888766288757 0.1847705990076065 -1.227785468101501
7909 0.5665057897567749 0.1847707629203796 -1.227713465690613
7910 0.5716684460639954 0.1847709566354752 -1.227617979049683
7911 0.5766645669937134 0.1847711503505707 -1.227500796318054
7912 0.58148193359375 0.184771329164505 -1.22736382484436
7913 0.5861090421676636 0.1847715079784393 -1.227209568023682
7914 0.5905347466468811 0.184771791100502 -1.227040529251099
7915 0.5947483777999878 0.1847721487283707 -1.226859569549561
7916 0.5987398028373718 0.1847724914550781 -1.226669788360596
7917 0.6024993062019348 0.1847728043794632 -1.226474285125732
7918 0.6060179471969604 0.1847731024026871 -1.226276397705078
7919 0.6092872023582458 0.1847733855247498 -1.226079344749451
7920 0.6122991442680359 0.1847736388444901 -1.225886344909668
7921 0.6150466203689575 0.1847975701093674 -1.225683093070984
7922 0.6175229549407959 0.1848352253437042 -1.2254798412323
7923 0.6197221875190735 0.1848686635494232 -1.225292801856995
7924 0.62163907289505 0.1848978102207184 -1.225124955177307
7925 0.6232688426971436 0.1849226057529449 -1.224978446960449
7926 0.6246077418327332 0.1849429607391357 -1.224855661392212
7927 0.6256524324417114 0.1849588453769684 -1.224758148193359
7928 0.6264004707336426 0.1849702298641205 -1.224687457084656
7929 0.6268500089645386 0.1849770694971085 -1.224644660949707
7930 0.6269999742507935 0.1849793493747711 -1.224630355834961
7931 0.3781499862670898 0.1617513000965118 -1.239094018936157
7932 0.3779999911785126 0.1617462486028671 -1.239097118377686
7933 0.3785994946956635 0.1617664098739624 -1.239084839820862
7934 0.3793475329875946 0.1617915630340576 -1.239070177078247
7935 0.3803922533988953 0.1618266254663467 -1.239050507545471
7936 0.3817311227321625 0.1618720591068268 -1.239026546478271
7937 0.3833609223365784 0.1619277596473694 -1.238999485969543
7938 0.3852777779102325 0.1619931310415268 -1.238970875740051
7939 0.3874770104885101 0.1620679348707199 -1.23894214630127
7940 0.3899533450603485 0.1621519029140472 -1.238914966583252
7941 0.3927008211612701 0.1622447669506073 -1.238890886306763
7942 0.3957127928733826 0.1623461991548538 -1.238871574401855
7943 0.398982048034668 0.1624558418989182 -1.238858699798584
7944 0.4025006592273712 0.1625008136034012 -1.238898396492004
7945 0.406260222196579 0.1625171899795532 -1.238969445228577
7946 0.4102515876293182 0.1625329703092575 -1.239055514335632
7947 0.4144652187824249 0.1625334024429321 -1.239166259765625
7948 0.4188909232616425 0.1625338792800903 -1.23929238319397
7949 0.423518031835556 0.1625343710184097 -1.239433884620667
7950 0.4283354580402374 0.1625348776578903 -1.239590406417847
7951 0.4333315193653107 0.1625353991985321 -1.239761114120483
7952 0.4384942352771759 0.1625359356403351 -1.23994505405426
7953 0.4438110888004303 0.1625364720821381 -1.240140795707703
7954 0.4492693841457367 0.162537008523941 -1.240346550941467
7955 0.454855889081955 0.1625353246927261 -1.240561723709106
7956 0.4605571925640106 0.1625334322452545 -1.240782856941223
7957 0.4663595855236053 0.1625326573848724 -1.24100649356842
7958 0.4722490012645721 0.1625324040651321 -1.241230368614197
7959 0.4782112538814545 0.1625321507453918 -1.241451978683472
7960 0.4842320382595062 0.1625318825244904 -1.241668581962585
7961 0.490296870470047 0.1625316441059113 -1.24187707901001
7962 0.496391087770462 0.1625314354896545 -1.242074728012085
7963 0.5024999976158142 0.1625312119722366 -1.242258787155151
7964 0.508608877658844 0.1625310033559799 -1.242426633834839
7965 0.514703094959259 0.1625308841466904 -1.242575883865356
7966 0.5207679271697998 0.1625309586524963 -1.242704272270203
7967 0.5267887115478516 0.1625310331583023 -1.242810249328613
7968 0.5327510237693787 0.1625311076641083 -1.242892026901245
7969 0.5386404395103455 0.1625311821699142 -1.242948770523071
7970 0.5444427728652954 0.1625312268733978 -1.242979526519775
7971 0.5501440763473511 0.1625312566757202 -1.242984056472778
7972 0.5557305812835693 0.1625313013792038 -1.24296247959137
7973 0.5611888766288757 0.1625313460826874 -1.242915272712708
7974 0.5665057897567749 0.1625314950942993 -1.242843270301819
7975 0.5716684460639954 0.1625316739082336 -1.242747902870178
7976 0.5766645669937134 0.162531852722168 -1.24263072013855
7977 0.58148193359375 0.1625320166349411 -1.242493867874146
7978 0.5861090421676636 0.1625321805477142 -1.242339611053467
7979 0.5905347466468811 0.1625324487686157 -1.242170572280884
7980 0.5947483777999878 0.162532776594162 -1.241989731788635
7981 0.5987398028373718 0.1625330746173859 -1.24179995059967
7982 0.6024993062019348 0.1625333726406097 -1.241604566574097
7983 0.6060179471969604 0.1625336408615112 -1.241406679153442
7984 0.6092872023582458 0.1625338941812515 -1.241209745407104
7985 0.6122991442680359 0.1625341325998306 -1.241016745567322
7986 0.6150466203689575 0.1625562608242035 -1.240817666053772
7987 0.6175229549407959 0.1625910848379135 -1.240620970726013
7988 0.6197221875190735 0.1626220196485519 -1.240439772605896
7989 0.62163907289505 0.1626489758491516 -1.24027693271637
7990 0.6232688426971436 0.1626719087362289 -1.240134835243225
7991 0.6246077418327332 0.162690743803978 -1.240015506744385
7992 0.6256524324417114 0.1627054363489151 -1.239920854568481
7993 0.6264004707336426 0.1627159714698792 -1.2398521900177
7994 0.6268500089645386 0.1627222895622253 -1.239810585975647
7995 0.6269999742507935 0.1627244055271149 -1.23979663848877
7996 0.3781499862670898 0.1377994567155838 -1.252383589744568
7997 0.3779999911785126 0.1377949416637421 -1.252385854721069
7998 0.3785994946956635 0.1378129571676254 -1.252377033233643
7999 0.3793475329875946 0.1378353983163834 -1.252366662025452
8000 0.3803922533988953 0.1378667056560516 -1.252352952957153
8001 0.3817311227321625 0.1379072815179825 -1.252336740493774
8002 0.3833609223365784 0.1379570662975311 -1.252319097518921
8003 0.3852777779102325 0.1380154937505722 -1.252301454544067
8004 0.3874770104885101 0.1380823403596878 -1.252285480499268
8005 0.3899533450603485 0.1381573975086212 -1.252272486686707
8006 0.3927008211612701 0.1382404118776321 -1.252264142036438
8007 0.3957127928733826 0.1383310854434967 -1.252262115478516
8008 0.398982048034668 0.1384291052818298 -1.252267837524414
8009 0.4025006592273712 0.1384697258472443 -1.252315044403076
8010 0.406260222196579 0.138484999537468 -1.252388596534729
8011 0.4102515876293182 0.1384996920824051 -1.252477049827576
8012 0.4144652187824249 0.1385000944137573 -1.252587795257568
8013 0.4188909232616425 0.1385005116462708 -1.252714037895203
8014 0.423518031835556 0.1385009437799454 -1.252855658531189
8015 0.4283354580402374 0.1385014057159424 -1.253012180328369
8016 0.4333315193653107 0.1385018676519394 -1.253183007240295
8017 0.4384942352771759 0.1385023444890976 -1.253367066383362
8018 0.4438110888004303 0.1385028213262558 -1.253562808036804
8019 0.4492693841457367 0.1385033130645752 -1.253768682479858
8020 0.454855889081955 0.1385018080472946 -1.253983616828918
8021 0.4605571925640106 0.1385001242160797 -1.254204392433167
8022 0.4663595855236053 0.1384994387626648 -1.254427909851074
8023 0.4722490012645721 0.1384992152452469 -1.254651784896851
8024 0.4782112538814545 0.138498991727829 -1.254873275756836
8025 0.4842320382595062 0.1384987682104111 -1.25508987903595
8026 0.490296870470047 0.1384985446929932 -1.255298256874084
8027 0.496391087770462 0.1384983509778976 -1.25549590587616
8028 0.5024999976158142 0.1384981572628021 -1.255679965019226
8029 0.508608877658844 0.1384979635477066 -1.255847811698914
8030 0.514703094959259 0.1384978592395782 -1.255997061729431
8031 0.5207679271697998 0.1384979337453842 -1.256125450134277
8032 0.5267887115478516 0.1384980082511902 -1.256231307983398
8033 0.5327510237693787 0.138498067855835 -1.25631320476532
8034 0.5386404395103455 0.1384981274604797 -1.256369948387146
8035 0.5444427728652954 0.1384981721639633 -1.25640070438385
8036 0.5501440763473511 0.1384982019662857 -1.256405234336853
8037 0.5557305812835693 0.1384982466697693 -1.256383657455444
8038 0.5611888766288757 0.1384982764720917 -1.256336450576782
8039 0.5665057897567749 0.1384984105825424 -1.256264567375183
8040 0.5716684460639954 0.1384985744953156 -1.256169080734253
8041 0.5766645669937134 0.1384987235069275 -1.256052017211914
8042 0.58148193359375 0.1384988725185394 -1.25591516494751
8043 0.5861090421676636 0.1384990215301514 -1.255761027336121
8044 0.5905347466468811 0.1384992450475693 -1.255591988563538
8045 0.5947483777999878 0.1384995430707932 -1.255411148071289
8046 0.5987398028373718 0.1384998112916946 -1.255221486091614
8047 0.6024993062019348 0.1385000646114349 -1.25502610206604
8048 0.6060179471969604 0.138500303030014 -1.254828333854675
8049 0.6092872023582458 0.1385005265474319 -1.254631400108337
8050 0.6122991442680359 0.1385007351636887 -1.254438519477844
8051 0.6150466203689575 0.1385203897953033 -1.254243135452271
8052 0.6175229549407959 0.138551339507103 -1.254052519798279
8053 0.6197221875190735 0.1385788172483444 -1.253876686096191
8054 0.62163907289505 0.1386027634143829 -1.253718495368958
8055 0.6232688426971436 0.1386231333017349 -1.253580331802368
8056 0.6246077418327332 0.1386398673057556 -1.253464341163635
8057 0.6256524324417114 0.1386529356241226 -1.253372192382812
8058 0.6264004707336426 0.1386622786521912 -1.253305315971375
8059 0.6268500089645386 0.1386678963899612 -1.253264784812927
8060 0.6269999742507935 0.1386697739362717 -1.253251194953918
8061 0.3781499862670898 0.1122768297791481 -1.263690829277039
8062 0.3779999911785126 0.1122730225324631 -1.263692259788513
8063 0.3785994946956635 0.1122882515192032 -1.263686537742615
8064 0.3793475329875946 0.1123072430491447 -1.2636798620224
8065 0.3803922533988953 0.1123337373137474 -1.263671398162842
8066 0.3817311227321625 0.1123680844902992 -1.263661980628967
8067 0.3833609223365784 0.1124102398753166 -1.263652682304382
8068 0.3852777779102325 0.1124597117304802 -1.263644933700562
8069 0.3874770104885101 0.1125163286924362 -1.263640165328979
8070 0.3899533450603485 0.1125798970460892 -1.2636399269104
8071 0.3927008211612701 0.1126501932740211 -1.263645648956299
8072 0.3957127928733826 0.1127269938588142 -1.263658881187439
8073 0.398982048034668 0.112810030579567 -1.263681054115295
8074 0.4025006592273712 0.1128447204828262 -1.263735055923462
8075 0.406260222196579 0.1128580644726753 -1.263810992240906
8076 0.4102515876293182 0.1128709241747856 -1.263901829719543
8077 0.4144652187824249 0.1128712669014931 -1.264012694358826
8078 0.4188909232616425 0.1128716170787811 -1.26413893699646
8079 0.423518031835556 0.112871989607811 -1.264280557632446
8080 0.4283354580402374 0.1128723695874214 -1.264437198638916
8081 0.4333315193653107 0.1128727719187737 -1.264608144760132
8082 0.4384942352771759 0.1128731742501259 -1.264792203903198
8083 0.4438110888004303 0.1128735765814781 -1.26498806476593
8084 0.4492693841457367 0.1128739863634109 -1.265194058418274
8085 0.454855889081955 0.1128727197647095 -1.265408754348755
8086 0.4605571925640106 0.1128713041543961 -1.265629172325134
8087 0.4663595855236053 0.1128707230091095 -1.265852570533752
8088 0.4722490012645721 0.1128705367445946 -1.266076326370239
8089 0.4782112538814545 0.1128703504800797 -1.266297936439514
8090 0.4842320382595062 0.1128701567649841 -1.266514420509338
8091 0.490296870470047 0.1128699779510498 -1.266722798347473
8092 0.496391087770462 0.1128698140382767 -1.266920447349548
8093 0.5024999976158142 0.1128696501255035 -1.267104387283325
8094 0.508608877658844 0.1128694862127304 -1.267272233963013
8095 0.514703094959259 0.1128693968057632 -1.26742148399353
8096 0.5207679271697998 0.112869456410408 -1.267549872398376
8097 0.5267887115478516 0.1128695160150528 -1.267655730247498
8098 0.5327510237693787 0.112869568169117 -1.267737627029419
8099 0.5386404395103455 0.1128696203231812 -1.267794370651245
8100 0.5444427728652954 0.1128696501255035 -1.267825126647949
8101 0.5501440763473511 0.1128696873784065 -1.267829775810242
8102 0.5557305812835693 0.1128697171807289 -1.267808198928833
8103 0.5611888766288757 0.1128697469830513 -1.267760992050171
8104 0.5665057897567749 0.1128698587417603 -1.267688989639282
8105 0.5716684460639954 0.112869992852211 -1.267593622207642
8106 0.5766645669937134 0.1128701195120811 -1.267476558685303
8107 0.58148193359375 0.1128702461719513 -1.267339706420898
8108 0.5861090421676636 0.1128703728318214 -1.267185568809509
8109 0.5905347466468811 0.1128705590963364 -1.267016649246216
8110 0.5947483777999878 0.1128708049654961 -1.266835927963257
8111 0.5987398028373718 0.112871028482914 -1.266646265983582
8112 0.6024993062019348 0.1128712445497513 -1.266450881958008
8113 0.6060179471969604 0.1128714457154274 -1.266253113746643
8114 0.6092872023582458 0.1128716319799423 -1.266056180000305
8115 0.6122991442680359 0.1128718033432961 -1.265863418579102
8116 0.6150466203689575 0.1128883734345436 -1.265671372413635
8117 0.6175229549407959 0.1129144430160522 -1.265486001968384
8118 0.6197221875190735 0.1129376068711281 -1.265314936637878
8119 0.62163907289505 0.1129577904939651 -1.265160918235779
8120 0.6232688426971436 0.1129749566316605 -1.265026211738586
8121 0.6246077418327332 0.1129890605807304 -1.264912962913513
8122 0.6256524324417114 0.1130000650882721 -1.264823079109192
8123 0.6264004707336426 0.1130079478025436 -1.264757871627808
8124 0.6268500089645386 0.1130126863718033 -1.264718294143677
8125 0.6269999742507935 0.1130142658948898 -1.264705061912537
8126 0.3781499862670898 0.08542958647012711 -1.272766351699829
8127 0.3779999911785126 0.08542659878730774 -1.272767186164856
8128 0.3785994946956635 0.08543852716684341 -1.272763848304749
8129 0.3793475329875946 0.08545339852571487 -1.272760391235352
8130 0.3803922533988953 0.08547414839267731 -1.272756338119507
8131 0.3817311227321625 0.08550106734037399 -1.272752523422241
8132 0.3833609223365784 0.08553410321474075 -1.27275025844574
8133 0.3852777779102325 0.08557287603616714 -1.272750616073608
8134 0.3874770104885101 0.08561725169420242 -1.272755146026611
8135 0.3899533450603485 0.08566707372665405 -1.272765398025513
8136 0.3927008211612701 0.0857221782207489 -1.272782683372498
8137 0.3957127928733826 0.08578237891197205 -1.27280855178833
8138 0.398982048034668 0.08584747463464737 -1.272844552993774
8139 0.4025006592273712 0.08587483316659927 -1.27290415763855
8140 0.406260222196579 0.08588554710149765 -1.272982358932495
8141 0.4102515876293182 0.08589587360620499 -1.273075222969055
8142 0.4144652187824249 0.08589613437652588 -1.273186087608337
8143 0.4188909232616425 0.08589641749858856 -1.273312449455261
8144 0.423518031835556 0.08589670062065125 -1.273454070091248
8145 0.4283354580402374 0.08589700609445572 -1.273610830307007
8146 0.4333315193653107 0.08589731901884079 -1.273781776428223
8147 0.4384942352771759 0.08589763194322586 -1.273965954780579
8148 0.4438110888004303 0.08589794486761093 -1.2741619348526
8149 0.4492693841457367 0.0858982652425766 -1.274367928504944
8150 0.454855889081955 0.08589728176593781 -1.274582386016846
8151 0.4605571925640106 0.08589617908000946 -1.274802565574646
8152 0.4663595855236053 0.08589572459459305 -1.275025963783264
8153 0.4722490012645721 0.08589557558298111 -1.275249719619751
8154 0.4782112538814545 0.08589543402194977 -1.275471210479736
8155 0.4842320382595062 0.08589527755975723 -1.275687694549561
8156 0.490296870470047 0.08589514344930649 -1.275896072387695
8157 0.496391087770462 0.08589501678943634 -1.276093602180481
8158 0.5024999976158142 0.0858948826789856 -1.276277542114258
8159 0.508608877658844 0.08589475601911545 -1.276445388793945
8160 0.514703094959259 0.08589468896389008 -1.276594519615173
8161 0.5207679271697998 0.08589473366737366 -1.276723027229309
8162 0.5267887115478516 0.08589477837085724 -1.27682888507843
8163 0.5327510237693787 0.08589482307434082 -1.276910781860352
8164 0.5386404395103455 0.0858948603272438 -1.276967525482178
8165 0.5444427728652954 0.08589489012956619 -1.276998281478882
8166 0.5501440763473511 0.08589491248130798 -1.277002930641174
8167 0.5557305812835693 0.08589494228363037 -1.276981353759766
8168 0.5611888766288757 0.08589496463537216 -1.276934146881104
8169 0.5665057897567749 0.08589504659175873 -1.276862263679504
8170 0.5716684460639954 0.08589515089988708 -1.276766896247864
8171 0.5766645669937134 0.08589525520801544 -1.276649832725525
8172 0.58148193359375 0.0858953520655632 -1.276512980461121
8173 0.5861090421676636 0.08589544892311096 -1.276358842849731
8174 0.5905347466468811 0.0858955979347229 -1.276190042495728
8175 0.5947483777999878 0.08589578419923782 -1.276009202003479
8176 0.5987398028373718 0.08589595556259155 -1.275819659233093
8177 0.6024993062019348 0.08589612692594528 -1.27562427520752
8178 0.6060179471969604 0.08589627593755722 -1.275426626205444
8179 0.6092872023582458 0.08589642494916916 -1.275229692459106
8180 0.6122991442680359 0.0858965590596199 -1.275036931037903
8181 0.6150466203689575 0.08590949326753616 -1.274847745895386
8182 0.6175229549407959 0.08592985570430756 -1.274666666984558
8183 0.6197221875190735 0.08594793826341629 -1.274499416351318
8184 0.62163907289505 0.08596370369195938 -1.274348735809326
8185 0.6232688426971436 0.08597710728645325 -1.274216890335083
8186 0.6246077418327332 0.0859881266951561 -1.274106025695801
8187 0.6256524324417114 0.08599671721458435 -1.274017930030823
8188 0.6264004707336426 0.08600287139415741 -1.273954033851624
8189 0.6268500089645386 0.08600657433271408 -1.27391529083252
8190 0.6269999742507935 0.08600780367851257 -1.273902297019958
8191 0.3781499862670898 0.05754727870225906 -1.279404163360596
8192 0.3779999911785126 0.05754522606730461 -1.279404520988464
8193 0.3785994946956635 0.05755342915654182 -1.279403209686279
8194 0.3793475329875946 0.0575636588037014 -1.279402017593384
8195 0.3803922533988953 0.05757792294025421 -1.279401183128357
8196 0.3817311227321625 0.05759643390774727 -1.279401659965515
8197 0.3833609223365784 0.05761915817856789 -1.279404520988464
8198 0.3852777779102325 0.05764583125710487 -1.27941107749939
8199 0.3874770104885101 0.05767635628581047 -1.279422640800476
8200 0.3899533450603485 0.05771062895655632 -1.279440641403198
8201 0.3927008211612701 0.05774853751063347 -1.27946662902832
8202 0.3957127928733826 0.05778995156288147 -1.279502153396606
8203 0.398982048034668 0.05783473700284958 -1.279548406600952
8204 0.4025006592273712 0.05785364285111427 -1.279612302780151
8205 0.406260222196579 0.05786113813519478 -1.279692053794861
8206 0.4102515876293182 0.0578683577477932 -1.279786586761475
8207 0.4144652187824249 0.05786854028701782 -1.279897570610046
8208 0.4188909232616425 0.05786873027682304 -1.28002393245697
8209 0.423518031835556 0.05786892771720886 -1.280165672302246
8210 0.4283354580402374 0.05786913633346558 -1.280322432518005
8211 0.4333315193653107 0.05786935240030289 -1.280493378639221
8212 0.4384942352771759 0.0578695684671402 -1.280677676200867
8213 0.4438110888004303 0.05786978453397751 -1.280873656272888
8214 0.4492693841457367 0.05787000432610512 -1.281079769134521
8215 0.454855889081955 0.0578693300485611 -1.281293988227844
8216 0.4605571925640106 0.05786857008934021 -1.281514048576355
8217 0.4663595855236053 0.05786826089024544 -1.281737327575684
8218 0.4722490012645721 0.05786816030740738 -1.28196108341217
8219 0.4782112538814545 0.05786805972456932 -1.282182574272156
8220 0.4842320382595062 0.05786795541644096 -1.28239893913269
8221 0.490296870470047 0.0578678585588932 -1.282607316970825
8222 0.496391087770462 0.05786777287721634 -1.282804846763611
8223 0.5024999976158142 0.05786768347024918 -1.282988786697388
8224 0.508608877658844 0.05786759778857231 -1.283156633377075
8225 0.514703094959259 0.05786754935979843 -1.283305764198303
8226 0.5207679271697998 0.05786757916212082 -1.283434271812439
8227 0.5267887115478516 0.05786760896444321 -1.28354012966156
8228 0.5327510237693787 0.05786763876676559 -1.283622026443481
8229 0.5386404395103455 0.05786766856908798 -1.283678770065308
8230 0.5444427728652954 0.05786768719553947 -1.283709526062012
8231 0.5501440763473511 0.05786770209670067 -1.283714175224304
8232 0.5557305812835693 0.05786772072315216 -1.283692598342896
8233 0.5611888766288757 0.05786773934960365 -1.283645391464233
8234 0.5665057897567749 0.05786779522895813 -1.283573508262634
8235 0.5716684460639954 0.0578678660094738 -1.283478140830994
8236 0.5766645669937134 0.05786793678998947 -1.283361077308655
8237 0.58148193359375 0.05786800384521484 -1.28322434425354
8238 0.5861090421676636 0.05786806717514992 -1.283070206642151
8239 0.5905347466468811 0.05786817148327827 -1.282901406288147
8240 0.5947483777999878 0.05786829814314842 -1.282720565795898
8241 0.5987398028373718 0.05786841735243797 -1.282531023025513
8242 0.6024993062019348 0.05786853283643723 -1.282335758209229
8243 0.6060179471969604 0.05786863714456558 -1.282138109207153
8244 0.6092872023582458 0.05786873772740364 -1.281941175460815
8245 0.6122991442680359 0.0578688271343708 -1.281748414039612
8246 0.6150466203689575 0.05787770450115204 -1.281561255455017
8247 0.6175229549407959 0.05789167433977127 -1.281383395195007
8248 0.6197221875190735 0.05790407955646515 -1.281219124794006
8249 0.62163907289505 0.05791489779949188 -1.281070828437805
8250 0.6232688426971436 0.05792409554123878 -1.280941128730774
8251 0.6246077418327332 0.05793165042996407 -1.280832052230835
8252 0.6256524324417114 0.05793754756450653 -1.280745387077332
8253 0.6264004707336426 0.05794177204370499 -1.280682444572449
8254 0.6268500089645386 0.05794430896639824 -1.280644178390503
8255 0.6269999742507935 0.05794515460729599 -1.280631422996521
8256 0.3781499862670898 0.02895442768931389 -1.283450484275818
8257 0.3779999911785126 0.02895338274538517 -1.283450603485107
8258 0.3785994946956635 0.0289575606584549 -1.283450365066528
8259 0.3793475329875946 0.02896276861429214 -1.283450603485107
8260 0.3803922533988953 0.02897003479301929 -1.283451914787292
8261 0.3817311227321625 0.0289794635027647 -1.283455014228821
8262 0.3833609223365784 0.02899104170501232 -1.283461093902588
8263 0.3852777779102325 0.02900462970137596 -1.283471345901489
8264 0.3874770104885101 0.02902018092572689 -1.283487200737
8265 0.3899533450603485 0.02903764322400093 -1.283510088920593
8266 0.3927008211612701 0.02905695885419846 -1.283541560173035
8267 0.3957127928733826 0.02907805889844894 -1.283582925796509
8268 0.398982048034668 0.02910087630152702 -1.283635497093201
8269 0.4025006592273712 0.02911053597927094 -1.28370213508606
8270 0.406260222196579 0.02911438979208469 -1.283782958984375
8271 0.4102515876293182 0.02911810390651226 -1.283878445625305
8272 0.4144652187824249 0.02911819703876972 -1.283989429473877
8273 0.4188909232616425 0.02911829389631748 -1.284115791320801
8274 0.423518031835556 0.02911839447915554 -1.284257650375366
8275 0.4283354580402374 0.02911850064992905 -1.284414410591125
8276 0.4333315193653107 0.02911861054599285 -1.284585475921631
8277 0.4384942352771759 0.02911872230470181 -1.284769773483276
8278 0.4438110888004303 0.02911883033812046 -1.284965753555298
8279 0.4492693841457367 0.02911894395947456 -1.285171866416931
8280 0.454855889081955 0.02911859937012196 -1.285386085510254
8281 0.4605571925640106 0.02911821380257607 -1.285606026649475
8282 0.4663595855236053 0.02911805547773838 -1.285829186439514
8283 0.4722490012645721 0.02911800518631935 -1.286052942276001
8284 0.4782112538814545 0.02911795303225517 -1.286274433135986
8285 0.4842320382595062 0.02911790087819099 -1.286490797996521
8286 0.490296870470047 0.02911785244941711 -1.286699175834656
8287 0.496391087770462 0.02911780774593353 -1.286896705627441
8288 0.5024999976158142 0.02911776304244995 -1.287080645561218
8289 0.508608877658844 0.02911771833896637 -1.287248373031616
8290 0.514703094959259 0.02911769412457943 -1.287397503852844
8291 0.5207679271697998 0.02911771088838577 -1.28752601146698
8292 0.5267887115478516 0.02911772578954697 -1.287631988525391
8293 0.5327510237693787 0.02911774069070816 -1.287713885307312
8294 0.5386404395103455 0.02911775372922421 -1.287770509719849
8295 0.5444427728652954 0.02911776304244995 -1.287801384925842
8296 0.5501440763473511 0.0291177723556757 -1.287805914878845
8297 0.5557305812835693 0.02911778166890144 -1.287784457206726
8298 0.5611888766288757 0.02911779098212719 -1.287737250328064
8299 0.5665057897567749 0.02911781892180443 -1.287665367126465
8300 0.5716684460639954 0.02911785617470741 -1.287569999694824
8301 0.5766645669937134 0.02911789156496525 -1.287452936172485
8302 0.58148193359375 0.02911792509257793 -1.287316203117371
8303 0.5861090421676636 0.02911795862019062 -1.287162065505981
8304 0.5905347466468811 0.02911800891160965 -1.286993265151978
8305 0.5947483777999878 0.02911807410418987 -1.286812543869019
8306 0.5987398028373718 0.0291181355714798 -1.286622881889343
8307 0.6024993062019348 0.02911819331347942 -1.286427736282349
8308 0.6060179471969604 0.02911824733018875 -1.286229968070984
8309 0.6092872023582458 0.02911829762160778 -1.286033153533936
8310 0.6122991442680359 0.02911834232509136 -1.285840392112732
8311 0.6150466203689575 0.02912285923957825 -1.285654544830322
8312 0.6175229549407959 0.02912996523082256 -1.285478711128235
8313 0.6197221875190735 0.02913627587258816 -1.285316109657288
8314 0.62163907289505 0.02914177812635899 -1.285169363021851
8315 0.6232688426971436 0.02914645709097385 -1.285040974617004
8316 0.6246077418327332 0.02915030159056187 -1.284932971000671
8317 0.6256524324417114 0.02915330044925213 -1.284847140312195
8318 0.6264004707336426 0.02915544807910919 -1.28478479385376
8319 0.6268500089645386 0.02915673889219761 -1.284747004508972
8320 0.6269999742507935 0.02915717102587223 -1.28473424911499
$EndNodes
$Elements
16384
1 2 2 0 1 1 2 3
2 2 2 0 1 2 4 1
3 2 2 0 1 5 4 1
4 2 2 0 1 4 6 5
5 2 2 0 1 7 6 5
6 2 2 0 1 6 8 7
7 2 2 0 1 9 8 7
8 2 2 0 1 8 10 9
9 2 2 0 1 11 10 9
10 2 2 0 1 10 12 11
11 2 2 0 1 13 12 11
12 2 2 0 1 12 14 13
13 2 2 0 1 15 14 13
14 2 2 0 1 14 16 15
15 2 2 0 1 17 16 15
16 2 2 0 1 16 18 17
17 2 2 0 1 19 18 17
18 2 2 0 1 18 20 19
19 2 2 0 1 21 20 19
20 2 2 0 1 20 22 21
21 2 2 0 1 23 22 21
22 2 2 0 1 22 24 23
23 2 2 0 1 25 24 23
24 2 2 0 1 24 26 25
25 2 2 0 1 27 26 25
26 2 2 0 1 26 28 27
27 2 2 0 1 29 28 27
28 2 2 0 1 28 30 29
29 2 2 0 1 31 30 29
30 2 2 0 1 30 32 31
31 2 2 0 1 33 32 31
32 2 2 0 1 32 34 33
33 2 2 0 1 35 34 33
34 2 2 0 1 34 36 35
35 2 2 0 1 37 36 35
36 2 2 0 1 36 38 37
37 2 2 0 1 39 38 37
38 2 2 0 1 38 40 39
39 2 2 0 1 41 40 39
40 2 2 0 1 40 42 41
41 2 2 0 1 43 42 41
42 2 2 0 1 42 44 43
43 2 2 0 1 45 44 43
44 2 2 0 1 44 46 45
45 2 2 0 1 47 46 45
46 2 2 0 1 46 48 47
47 2 2 0 1 49 48 47
48 2 2 0 1 47 49 50
49 2 2 0 1 51 49 50
50 2 2 0 1 50 51 52
51 2 2 0 1 53 51 52
52 2 2 0 1 52 53 54
53 2 2 0 1 55 53 54
54 2 2 0 1 54 55 56
55 2 2 0 1 57 55 56
56 2 2 0 1 56 57 58
57 2 2 0 1 59 57 58
58 2 2 0 1 58 59 60
59 2 2 0 1 61 59 60
60 2 2 0 1 60 61 62
61 2 2 0 1 63 61 62
62 2 2 0 1 62 63 64
63 2 2 0 1 65 63 64
64 2 2 0 1 64 65 66
65 2 2 0 1 67 65 66
66 2 2 0 1 66 67 68
67 2 2 0 1 69 67 68
68 2 2 0 1 68 69 70
69 2 2 0 1 71 69 70
70 2 2 0 1 69 72 71
71 2 2 0 1 73 72 71
72 2 2 0 1 72 74 73
73 2 2 0 1 75 74 73
74 2 2 0 1 74 76 75
75 2 2 0 1 77 76 75
76 2 2 0 1 76 78 77
77 2 2 0 1 79 78 77
78 2 2 0 1 78 80 79
79 2 2 0 1 81 80 79
80 2 2 0 1 80 82 81
81 2 2 0 1 83 82 81
82 2 2 0 1 82 84 83
83 2 2 0 1 85 84 83
84 2 2 0 1 84 86 85
85 2 2 0 1 87 86 85
86 2 2 0 1 86 88 87
87 2 2 0 1 89 88 87
88 2 2 0 1 88 90 89
89 2 2 0 1 91 90 89
90 2 2 0 1 90 92 91
91 2 2 0 1 93 92 91
92 2 2 0 1 92 94 93
93 2 2 0 1 95 94 93
94 2 2 0 1 94 96 95
95 2 2 0 1 97 96 95
96 2 2 0 1 96 98 97
97 2 2 0 1 99 98 97
98 2 2 0 1 98 100 99
99 2 2 0 1 101 100 99
100 2 2 0 1 100 102 101
101 2 2 0 1 103 102 101
102 2 2 0 1 102 104 103
103 2 2 0 1 105 104 103
104 2 2 0 1 104 106 105
105 2 2 0 1 107 106 105
106 2 2 0 1 106 108 107
107 2 2 0 1 109 108 107
108 2 2 0 1 108 110 109
109 2 2 0 1 111 110 109
110 2 2 0 1 110 112 111
111 2 2 0 1 113 112 111
112 2 2 0 1 112 114 113
113 2 2 0 1 115 114 113
114 2 2 0 1 114 116 115
115 2 2 0 1 117 116 115
116 2 2 0 1 116 118 117
117 2 2 0 1 119 118 117
118 2 2 0 1 118 120 119
119 2 2 0 1 121 120 119
120 2 2 0 1 120 122 121
121 2 2 0 1 123 122 121
122 2 2 0 1 122 124 123
123 2 2 0 1 125 124 123
124 2 2 0 1 124 126 125
125 2 2 0 1 127 126 125
126 2 2 0 1 126 128 127
127 2 2 0 1 129 128 127
128 2 2 0 1 128 130 129
129 2 2 0 1 4 131 2
130 2 2 0 1 131 132 4
131 2 2 0 1 6 132 4
132 2 2 0 1 132 133 6
133 2 2 0 1 8 133 6
134 2 2 0 1 133 134 8
135 2 2 0 1 10 134 8
136 2 2 0 1 134 135 10
137 2 2 0 1 12 135 10
138 2 2 0 1 135 136 12
139 2 2 0 1 14 136 12
140 2 2 0 1 136 137 14
141 2 2 0 1 16 137 14
142 2 2 0 1 137 138 16
143 2 2 0 1 18 138 16
144 2 2 0 1 138 139 18
145 2 2 0 1 20 139 18
146 2 2 0 1 139 140 20
147 2 2 0 1 22 140 20
148 2 2 0 1 140 141 22
149 2 2 0 1 24 141 22
150 2 2 0 1 141 142 24
151 2 2 0 1 26 142 24
152 2 2 0 1 142 143 26
153 2 2 0 1 28 143 26
154 2 2 0 1 143 144 28
155 2 2 0 1 30 144 28
156 2 2 0 1 144 145 30
157 2 2 0 1 32 145 30
158 2 2 0 1 145 146 32
159 2 2 0 1 34 146 32
160 2 2 0 1 146 147 34
161 2 2 0 1 36 147 34
162 2 2 0 1 147 148 36
163 2 2 0 1 38 148 36
164 2 2 0 1 148 149 38
165 2 2 0 1 40 149 38
166 2 2 0 1 149 150 40
167 2 2 0 1 42 150 40
168 2 2 0 1 150 151 42
169 2 2 0 1 44 151 42
170 2 2 0 1 151 152 44
171 2 2 0 1 46 152 44
172 2 2 0 1 152 153 46
173 2 2 0 1 48 153 46
174 2 2 0 1 153 154 48
175 2 2 0 1 155 154 48
176 2 2 0 1 48 155 49
177 2 2 0 1 156 155 49
178 2 2 0 1 49 156 51
179 2 2 0 1 157 156 51
180 2 2 0 1 51 157 53
181 2 2 0 1 158 157 53
182 2 2 0 1 53 158 55
183 2 2 0 1 159 158 55
184 2 2 0 1 55 159 57
185 2 2 0 1 160 159 57
186 2 2 0 1 57 160 59
187 2 2 0 1 161 160 59
188 2 2 0 1 59 161 61
189 2 2 0 1 162 161 61
190 2 2 0 1 61 162 63
191 2 2 0 1 163 162 63
192 2 2 0 1 63 163 65
193 2 2 0 1 164 163 65
194 2 2 0 1 65 164 67
195 2 2 0 1 165 164 67
196 2 2 0 1 67 165 69
197 2 2 0 1 72 165 69
198 2 2 0 1 165 166 72
199 2 2 0 1 74 166 72
200 2 2 0 1 166 167 74
201 2 2 0 1 76 167 74
202 2 2 0 1 167 168 76
203 2 2 0 1 78 168 76
204 2 2 0 1 168 169 78
205 2 2 0 1 80 169 78
206 2 2 0 1 169 170 80
207 2 2 0 1 82 170 80
208 2 2 0 1 170 171 82
209 2 2 0 1 84 171 82
210 2 2 0 1 171 172 84
211 2 2 0 1 86 172 84
212 2 2 0 1 172 173 86
213 2 2 0 1 88 173 86
214 2 2 0 1 173 174 88
215 2 2 0 1 90 174 88
216 2 2 0 1 174 175 90
217 2 2 0 1 92 175 90
218 2 2 0 1 175 176 92
219 2 2 0 1 94 176 92
220 2 2 0 1 176 177 94
221 2 2 0 1 96 177 94
222 2 2 0 1 177 178 96
223 2 2 0 1 98 178 96
224 2 2 0 1 178 179 98
225 2 2 0 1 100 179 98
226 2 2 0 1 179 180 100
227 2 2 0 1 102 180 100
228 2 2 0 1 180 181 102
229 2 2 0 1 104 181 102
230 2 2 0 1 181 182 104
231 2 2 0 1 106 182 104
232 2 2 0 1 182 183 106
233 2 2 0 1 108 183 106
234 2 2 0 1 183 184 108
235 2 2 0 1 110 184 108
236 2 2 0 1 184 185 110
237 2 2 0 1 112 185 110
238 2 2 0 1 185 186 112
239 2 2 0 1 114 186 112
240 2 2 0 1 186 187 114
241 2 2 0 1 116 187 114
242 2 2 0 1 187 188 116
243 2 2 0 1 118 188 116
244 2 2 0 1 188 189 118
245 2 2 0 1 120 189 118
246 2 2 0 1 189 190 120
247 2 2 0 1 122 190 120
248 2 2 0 1 190 191 122
249 2 2 0 1 124 191 122
250 2 2 0 1 191 192 124
251 2 2 0 1 126 192 124
252 2 2 0 1 192 193 126
253 2 2 0 1 128 193 126
254 2 2 0 1 193 194 128
255 2 2 0 1 130 194 128
256 2 2 0 1 194 195 130
257 2 2 0 1 132 196 131
258 2 2 0 1 196 197 132
259 2 2 0 1 133 197 132
260 2 2 0 1 197 198 133
261 2 2 0 1 134 198 133
262 2 2 0 1 198 199 134
263 2 2 0 1 135 199 134
264 2 2 0 1 199 200 135
265 2 2 0 1 136 200 135
266 2 2 0 1 200 201 136
267 2 2 0 1 137 201 136
268 2 2 0 1 201 202 137
269 2 2 0 1 138 202 137
270 2 2 0 1 202 203 138
271 2 2 0 1 139 203 138
272 2 2 0 1 203 204 139
273 2 2 0 1 140 204 139
274 2 2 0 1 204 205 140
275 2 2 0 1 141 205 140
276 2 2 0 1 205 206 141
277 2 2 0 1 142 206 141
278 2 2 0 1 206 207 142
279 2 2 0 1 143 207 142
280 2 2 0 1 207 208 143
281 2 2 0 1 144 208 143
282 2 2 0 1 208 209 144
283 2 2 0 1 145 209 144
284 2 2 0 1 209 210 145
285 2 2 0 1 146 210 145
286 2 2 0 1 210 211 146
287 2 2 0 1 147 211 146
288 2 2 0 1 211 212 147
289 2 2 0 1 148 212 147
290 2 2 0 1 212 213 148
291 2 2 0 1 149 213 148
292 2 2 0 1 213 214 149
293 2 2 0 1 150 214 149
294 2 2 0 1 214 215 150
295 2 2 0 1 151 215 150
296 2 2 0 1 215 216 151
297 2 2 0 1 152 216 151
298 2 2 0 1 216 217 152
299 2 2 0 1 153 217 152
300 2 2 0 1 217 218 153
301 2 2 0 1 154 218 153
302 2 2 0 1 218 219 154
303 2 2 0 1 220 219 154
304 2 2 0 1 154 220 155
305 2 2 0 1 221 220 155
306 2 2 0 1 155 221 156
307 2 2 0 1 222 221 156
308 2 2 0 1 156 222 157
309 2 2 0 1 223 222 157
310 2 2 0 1 157 223 158
311 2 2 0 1 224 223 158
312 2 2 0 1 158 224 159
313 2 2 0 1 225 224 159
314 2 2 0 1 159 225 160
315 2 2 0 1 226 225 160
316 2 2 0 1 160 226 161
317 2 2 0 1 227 226 161
318 2 2 0 1 161 227 162
319 2 2 0 1 228 227 162
320 2 2 0 1 162 228 163
321 2 2 0 1 229 228 163
322 2 2 0 1 163 229 164
323 2 2 0 1 230 229 164
324 2 2 0 1 164 230 165
325 2 2 0 1 166 230 165
326 2 2 0 1 230 231 166
327 2 2 0 1 167 231 166
328 2 2 0 1 231 232 167
329 2 2 0 1 168 232 167
330 2 2 0 1 232 233 168
331 2 2 0 1 169 233 168
332 2 2 0 1 233 234 169
333 2 2 0 1 170 234 169
334 2 2 0 1 234 235 170
335 2 2 0 1 171 235 170
336 2 2 0 1 235 236 171
337 2 2 0 1 172 236 171
338 2 2 0 1 236 237 172
339 2 2 0 1 173 237 172
340 2 2 0 1 237 238 173
341 2 2 0 1 174 238 173
342 2 2 0 1 238 239 174
343 2 2 0 1 175 239 174
344 2 2 0 1 239 240 175
345 2 2 0 1 176 240 175
346 2 2 0 1 240 241 176
347 2 2 0 1 177 241 176
348 2 2 0 1 241 242 177
349 2 2 0 1 178 242 177
350 2 2 0 1 242 243 178
351 2 2 0 1 179 243 178
352 2 2 0 1 243 244 179
353 2 2 0 1 180 244 179
354 2 2 0 1 244 245 180
355 2 2 0 1 181 245 180
356 2 2 0 1 245 246 181
357 2 2 0 1 182 246 181
358 2 2 0 1 246 247 182
359 2 2 0 1 183 247 182
360 2 2 0 1 247 248 183
361 2 2 0 1 184 248 183
362 2 2 0 1 248 249 184
363 2 2 0 1 185 249 184
364 2 2 0 1 249 250 185
365 2 2 0 1 186 250 185
366 2 2 0 1 250 251 186
367 2 2 0 1 187 251 186
368 2 2 0 1 251 252 187
369 2 2 0 1 188 252 187
370 2 2 0 1 252 253 188
371 2 2 0 1 189 253 188
372 2 2 0 1 253 254 189
373 2 2 0 1 190 254 189
374 2 2 0 1 254 255 190
375 2 2 0 1 191 255 190
376 2 2 0 1 255 256 191
377 2 2 0 1 192 256 191
378 2 2 0 1 256 257 192
379 2 2 0 1 193 257 192
380 2 2 0 1 257 258 193
381 2 2 0 1 194 258 193
382 2 2 0 1 258 259 194
383 2 2 0 1 195 259 194
384 2 2 0 1 259 260 195
385 2 2 0 1 197 261 196
386 2 2 0 1 261 262 197
387 2 2 0 1 198 262 197
388 2 2 0 1 262 263 198
389 2 2 0 1 199 263 198
390 2 2 0 1 263 264 199
391 2 2 0 1 200 264 199
392 2 2 0 1 264 265 200
393 2 2 0 1 201 265 200
394 2 2 0 1 265 266 201
395 2 2 0 1 202 266 201
396 2 2 0 1 266 267 202
397 2 2 0 1 203 267 202
398 2 2 0 1 267 268 203
399 2 2 0 1 204 268 203
400 2 2 0 1 268 269 204
401 2 2 0 1 205 269 204
402 2 2 0 1 269 270 205
403 2 2 0 1 206 270 205
404 2 2 0 1 270 271 206
405 2 2 0 1 207 271 206
406 2 2 0 1 271 272 207
407 2 2 0 1 208 272 207
408 2 2 0 1 272 273 208
409 2 2 0 1 209 273 208
410 2 2 0 1 273 274 209
411 2 2 0 1 210 274 209
412 2 2 0 1 274 275 210
413 2 2 0 1 211 275 210
414 2 2 0 1 275 276 211
415 2 2 0 1 212 276 211
416 2 2 0 1 276 277 212
417 2 2 0 1 213 277 212
418 2 2 0 1 277 278 213
419 2 2 0 1 214 278 213
420 2 2 0 1 278 279 214
421 2 2 0 1 215 279 214
422 2 2 0 1 279 280 215
423 2 2 0 1 216 280 215
424 2 2 0 1 280 281 216
425 2 2 0 1 217 281 216
426 2 2 0 1 281 282 217
427 2 2 0 1 218 282 217
428 2 2 0 1 282 283 218
429 2 2 0 1 219 283 218
430 2 2 0 1 283 284 219
431 2 2 0 1 285 284 219
432 2 2 0 1 219 285 220
433 2 2 0 1 286 285 220
434 2 2 0 1 220 286 221
435 2 2 0 1 287 286 221
436 2 2 0 1 221 287 222
437 2 2 0 1 288 287 222
438 2 2 0 1 222 288 223
439 2 2 0 1 289 288 223
440 2 2 0 1 223 289 224
441 2 2 0 1 290 289 224
442 2 2 0 1 224 290 225
443 2 2 0 1 291 290 225
444 2 2 0 1 225 291 226
445 2 2 0 1 292 291 226
446 2 2 0 1 226 292 227
447 2 2 0 1 293 292 227
448 2 2 0 1 227 293 228
449 2 2 0 1 294 293 228
450 2 2 0 1 228 294 229
451 2 2 0 1 295 294 229
452 2 2 0 1 229 295 230
453 2 2 0 1 231 295 230
454 2 2 0 1 295 296 231
455 2 2 0 1 232 296 231
456 2 2 0 1 296 297 232
457 2 2 0 1 233 297 232
458 2 2 0 1 297 298 233
459 2 2 0 1 234 298 233
460 2 2 0 1 298 299 234
461 2 2 0 1 235 299 234
462 2 2 0 1 299 300 235
463 2 2 0 1 236 300 235
464 2 2 0 1 300 301 236
465 2 2 0 1 237 301 236
466 2 2 0 1 301 302 237
467 2 2 0 1 238 302 237
468 2 2 0 1 302 303 238
469 2 2 0 1 239 303 238
470 2 2 0 1 303 304 239
471 2 2 0 1 240 304 239
472 2 2 0 1 304 305 240
473 2 2 0 1 241 305 240
474 2 2 0 1 305 306 241
475 2 2 0 1 242 306 241
476 2 2 0 1 306 307 242
477 2 2 0 1 243 307 242
478 2 2 0 1 307 308 243
479 2 2 0 1 244 308 243
480 2 2 0 1 308 309 244
481 2 2 0 1 245 309 244
482 2 2 0 1 309 310 245
483 2 2 0 1 246 310 245
484 2 2 0 1 310 311 246
485 2 2 0 1 247 311 246
486 2 2 0 1 311 312 247
487 2 2 0 1 248 312 247
488 2 2 0 1 312 313 248
489 2 2 0 1 249 313 248
490 2 2 0 1 313 314 249
491 2 2 0 1 250 314 249
492 2 2 0 1 314 315 250
493 2 2 0 1 251 315 250
494 2 2 0 1 315 316 251
495 2 2 0 1 252 316 251
496 2 2 0 1 316 317 252
497 2 2 0 1 253 317 252
498 2 2 0 1 317 318 253
499 2 2 0 1 254 318 253
500 2 2 0 1 318 319 254
501 2 2 0 1 255 319 254
502 2 2 0 1 319 320 255
503 2 2 0 1 256 320 255
504 2 2 0 1 320 321 256
505 2 2 0 1 257 321 256
506 2 2 0 1 321 322 257
507 2 2 0 1 258 322 257
508 2 2 0 1 322 323 258
509 2 2 0 1 259 323 258
510 2 2 0 1 323 324 259
511 2 2 0 1 260 324 259
512 2 2 0 1 324 325 260
513 2 2 0 1 262 326 261
514 2 2 0 1 326 327 262
515 2 2 0 1 263 327 262
516 2 2 0 1 327 328 263
517 2 2 0 1 264 328 263
518 2 2 0 1 328 329 264
519 2 2 0 1 265 329 264
520 2 2 0 1 329 330 265
521 2 2 0 1 266 330 265
522 2 2 0 1 330 331 266
523 2 2 0 1 267 331 266
524 2 2 0 1 331 332 267
525 2 2 0 1 268 332 267
526 2 2 0 1 332 333 268
527 2 2 0 1 269 333 268
528 2 2 0 1 333 334 269
529 2 2 0 1 270 334 269
530 2 2 0 1 334 335 270
531 2 2 0 1 271 335 270
532 2 2 0 1 335 336 271
533 2 2 0 1 272 336 271
534 2 2 0 1 336 337 272
535 2 2 0 1 273 337 272
536 2 2 0 1 337 338 273
537 2 2 0 1 274 338 273
538 2 2 0 1 338 339 274
539 2 2 0 1 275 339 274
540 2 2 0 1 339 340 275
541 2 2 0 1 276 340 275
542 2 2 0 1 340 341 276
543 2 2 0 1 277 341 276
544 2 2 0 1 341 342 277
545 2 2 0 1 278 342 277
546 2 2 0 1 342 343 278
547 2 2 0 1 279 343 278
548 2 2 0 1 343 344 279
549 2 2 0 1 280 344 279
550 2 2 0 1 344 345 280
551 2 2 0 1 281 345 280
552 2 2 0 1 345 346 281
553 2 2 0 1 282 346 281
554 2 2 0 1 346 347 282
555 2 2 0 1 283 347 282
556 2 2 0 1 347 348 283
557 2 2 0 1 284 348 283
558 2 2 0 1 348 349 284
559 2 2 0 1 350 349 284
560 2 2 0 1 284 350 285
561 2 2 0 1 351 350 285
562 2 2 0 1 285 351 286
563 2 2 0 1 352 351 286
564 2 2 0 1 286 352 287
565 2 2 0 1 353 352 287
566 2 2 0 1 287 353 288
567 2 2 0 1 354 353 288
568 2 2 0 1 288 354 289
569 2 2 0 1 355 354 289
570 2 2 0 1 289 355 290
571 2 2 0 1 356 355 290
572 2 2 0 1 290 356 291
573 2 2 0 1 357 356 291
574 2 2 0 1 291 357 292
575 2 2 0 1 358 357 292
576 2 2 0 1 292 358 293
577 2 2 0 1 359 358 293
578 2 2 0 1 293 359 294
579 2 2 0 1 360 359 294
580 2 2 0 1 294 360 295
581 2 2 0 1 296 360 295
582 2 2 0 1 360 361 296
583 2 2 0 1 297 361 296
584 2 2 0 1 361 362 297
585 2 2 0 1 298 362 297
586 2 2 0 1 362 363 298
587 2 2 0 1 299 363 298
588 2 2 0 1 363 364 299
589 2 2 0 1 300 364 299
590 2 2 0 1 364 365 300
591 2 2 0 1 301 365 300
592 2 2 0 1 365 366 301
593 2 2 0 1 302 366 301
594 2 2 0 1 366 367 302
595 2 2 0 1 303 367 302
596 2 2 0 1 367 368 303
597 2 2 0 1 304 368 303
598 2 2 0 1 368 369 304
599 2 2 0 1 305 369 304
600 2 2 0 1 369 370 305
601 2 2 0 1 306 370 305
602 2 2 0 1 370 371 306
603 2 2 0 1 307 371 306
604 2 2 0 1 371 372 307
605 2 2 0 1 308 372 307
606 2 2 0 1 372 373 308
607 2 2 0 1 309 373 308
608 2 2 0 1 373 374 309
609 2 2 0 1 310 374 309
610 2 2 0 1 374 375 310
611 2 2 0 1 311 375 310
612 2 2 0 1 375 376 311
613 2 2 0 1 312 376 311
614 2 2 0 1 376 377 312
615 2 2 0 1 313 377 312
616 2 2 0 1 377 378 313
617 2 2 0 1 314 378 313
618 2 2 0 1 378 379 314
619 2 2 0 1 315 379 314
620 2 2 0 1 379 380 315
621 2 2 0 1 316 380 315
622 2 2 0 1 380 381 316
623 2 2 0 1 317 381 316
624 2 2 0 1 381 382 317
625 2 2 0 1 318 382 317
626 2 2 0 1 382 383 318
627 2 2 0 1 319 383 318
628 2 2 0 1 383 384 319
629 2 2 0 1 320 384 319
630 2 2 0 1 384 385 320
631 2 2 0 1 321 385 320
632 2 2 0 1 385 386 321
633 2 2 0 1 322 386 321
634 2 2 0 1 386 387 322
635 2 2 0 1 323 387 322
636 2 2 0 1 387 388 323
637 2 2 0 1 324 388 323
638 2 2 0 1 388 389 324
639 2 2 0 1 325 389 324
640 2 2 0 1 389 390 325
641 2 2 0 1 327 391 326
642 2 2 0 1 391 392 327
643 2 2 0 1 328 392 327
644 2 2 0 1 392 393 328
645 2 2 0 1 329 393 328
646 2 2 0 1 393 394 329
647 2 2 0 1 330 394 329
648 2 2 0 1 394 395 330
649 2 2 0 1 331 395 330
650 2 2 0 1 395 396 331
651 2 2 0 1 332 396 331
652 2 2 0 1 396 397 332
653 2 2 0 1 333 397 332
654 2 2 0 1 397 398 333
655 2 2 0 1 334 398 333
656 2 2 0 1 398 399 334
657 2 2 0 1 335 399 334
658 2 2 0 1 399 400 335
659 2 2 0 1 336 400 335
660 2 2 0 1 400 401 336
661 2 2 0 1 337 401 336
662 2 2 0 1 401 402 337
663 2 2 0 1 338 402 337
664 2 2 0 1 402 403 338
665 2 2 0 1 339 403 338
666 2 2 0 1 403 404 339
667 2 2 0 1 340 404 339
668 2 2 0 1 404 405 340
669 2 2 0 1 341 405 340
670 2 2 0 1 405 406 341
671 2 2 0 1 342 406 341
672 2 2 0 1 406 407 342
673 2 2 0 1 343 407 342
674 2 2 0 1 407 408 343
675 2 2 0 1 344 408 343
676 2 2 0 1 408 409 344
677 2 2 0 1 345 409 344
678 2 2 0 1 409 410 345
679 2 2 0 1 346 410 345
680 2 2 0 1 410 411 346
681 2 2 0 1 347 411 346
682 2 2 0 1 411 412 347
683 2 2 0 1 348 412 347
684 2 2 0 1 412 413 348
685 2 2 0 1 349 413 348
686 2 2 0 1 413 414 349
687 2 2 0 1 415 414 349
688 2 2 0 1 349 415 350
689 2 2 0 1 416 415 350
690 2 2 0 1 350 416 351
691 2 2 0 1 417 416 351
692 2 2 0 1 351 417 352
693 2 2 0 1 418 417 352
694 2 2 0 1 352 418 353
695 2 2 0 1 419 418 353
696 2 2 0 1 353 419 354
697 2 2 0 1 420 419 354
698 2 2 0 1 354 420 355
699 2 2 0 1 421 420 355
700 2 2 0 1 355 421 356
701 2 2 0 1 422 421 356
702 2 2 0 1 356 422 357
703 2 2 0 1 423 422 357
704 2 2 0 1 357 423 358
705 2 2 0 1 424 423 358
706 2 2 0 1 358 424 359
707 2 2 0 1 425 424 359
708 2 2 0 1 359 425 360
709 2 2 0 1 361 425 360
710 2 2 0 1 425 426 361
711 2 2 0 1 362 426 361
712 2 2 0 1 426 427 362
713 2 2 0 1 363 427 362
714 2 2 0 1 427 428 363
715 2 2 0 1 364 428 363
716 2 2 0 1 428 429 364
717 2 2 0 1 365 429 364
718 2 2 0 1 429 430 365
719 2 2 0 1 366 430 365
720 2 2 0 1 430 431 366
721 2 2 0 1 367 431 366
722 2 2 0 1 431 432 367
723 2 2 0 1 368 432 367
724 2 2 0 1 432 433 368
725 2 2 0 1 369 433 368
726 2 2 0 1 433 434 369
727 2 2 0 1 370 434 369
728 2 2 0 1 434 435 370
729 2 2 0 1 371 435 370
730 2 2 0 1 435 436 371
731 2 2 0 1 372 436 371
732 2 2 0 1 436 437 372
733 2 2 0 1 373 437 372
734 2 2 0 1 437 438 373
735 2 2 0 1 374 438 373
736 2 2 0 1 438 439 374
737 2 2 0 1 375 439 374
738 2 2 0 1 439 440 375
739 2 2 0 1 376 440 375
740 2 2 0 1 440 441 376
741 2 2 0 1 377 441 376
742 2 2 0 1 441 442 377
743 2 2 0 1 378 442 377
744 2 2 0 1 442 443 378
745 2 2 0 1 379 443 378
746 2 2 0 1 443 444 379
747 2 2 0 1 380 444 379
748 2 2 0 1 444 445 380
749 2 2 0 1 381 445 380
750 2 2 0 1 445 446 381
751 2 2 0 1 382 446 381
752 2 2 0 1 446 447 382
753 2 2 0 1 383 447 382
754 2 2 0 1 447 448 383
755 2 2 0 1 384 448 383
756 2 2 0 1 448 449 384
757 2 2 0 1 385 449 384
758 2 2 0 1 449 450 385
759 2 2 0 1 386 450 385
760 2 2 0 1 450 451 386
761 2 2 0 1 387 451 386
762 2 2 0 1 451 452 387
763 2 2 0 1 388 452 387
764 2 2 0 1 452 453 388
765 2 2 0 1 389 453 388
766 2 2 0 1 453 454 389
767 2 2 0 1 390 454 389
768 2 2 0 1 454 455 390
769 2 2 0 1 392 456 391
770 2 2 0 1 456 457 392
771 2 2 0 1 393 457 392
772 2 2 0 1 457 458 393
773 2 2 0 1 394 458 393
774 2 2 0 1 458 459 394
775 2 2 0 1 395 459 394
776 2 2 0 1 459 460 395
777 2 2 0 1 396 460 395
778 2 2 0 1 460 461 396
779 2 2 0 1 397 461 396
780 2 2 0 1 461 462 397
781 2 2 0 1 398 462 397
782 2 2 0 1 462 463 398
783 2 2 0 1 399 463 398
784 2 2 0 1 463 464 399
785 2 2 0 1 400 464 399
786 2 2 0 1 464 465 400
787 2 2 0 1 401 465 400
788 2 2 0 1 465 466 401
789 2 2 0 1 402 466 401
790 2 2 0 1 466 467 402
791 2 2 0 1 403 467 402
792 2 2 0 1 467 468 403
793 2 2 0 1 404 468 403
794 2 2 0 1 468 469 404
795 2 2 0 1 405 469 404
796 2 2 0 1 469 470 405
797 2 2 0 1 406 470 405
798 2 2 0 1 470 471 406
799 2 2 0 1 407 471 406
800 2 2 0 1 471 472 407
801 2 2 0 1 408 472 407
802 2 2 0 1 472 473 408
803 2 2 0 1 409 473 408
804 2 2 0 1 473 474 409
805 2 2 0 1 410 474 409
806 2 2 0 1 474 475 410
807 2 2 0 1 411 475 410
808 2 2 0 1 475 476 411
809 2 2 0 1 412 476 411
810 2 2 0 1 476 477 412
811 2 2 0 1 413 477 412
812 2 2 0 1 477 478 413
813 2 2 0 1 414 478 413
814 2 2 0 1 478 479 414
815 2 2 0 1 480 479 414
816 2 2 0 1 414 480 415
817 2 2 0 1 481 480 415
818 2 2 0 1 415 481 416
819 2 2 0 1 482 481 416
820 2 2 0 1 416 482 417
821 2 2 0 1 483 482 417
822 2 2 0 1 417 483 418
823 2 2 0 1 484 483 418
824 2 2 0 1 418 484 419
825 2 2 0 1 485 484 419
826 2 2 0 1 419 485 420
827 2 2 0 1 486 485 420
828 2 2 0 1 420 486 421
829 2 2 0 1 487 486 421
830 2 2 0 1 421 487 422
831 2 2 0 1 488 487 422
832 2 2 0 1 422 488 423
833 2 2 0 1 489 488 423
834 2 2 0 1 423 489 424
835 2 2 0 1 490 489 424
836 2 2 0 1 424 490 425
837 2 2 0 1 426 490 425
838 2 2 0 1 490 491 426
839 2 2 0 1 427 491 426
840 2 2 0 1 491 492 427
841 2 2 0 1 428 492 427
842 2 2 0 1 492 493 428
843 2 2 0 1 429 493 428
844 2 2 0 1 493 494 429
845 2 2 0 1 430 494 429
846 2 2 0 1 494 495 430
847 2 2 0 1 431 495 430
848 2 2 0 1 495 496 431
849 2 2 0 1 432 496 431
850 2 2 0 1 496 497 432
851 2 2 0 1 433 497 432
852 2 2 0 1 497 498 433
853 2 2 0 1 434 498 433
854 2 2 0 1 498 499 434
855 2 2 0 1 435 499 434
856 2 2 0 1 499 500 435
857 2 2 0 1 436 500 435
858 2 2 0 1 500 501 436
859 2 2 0 1 437 501 436
860 2 2 0 1 501 502 437
861 2 2 0 1 438 502 437
862 2 2 0 1 502 503 438
863 2 2 0 1 439 503 438
864 2 2 0 1 503 504 439
865 2 2 0 1 440 504 439
866 2 2 0 1 504 505 440
867 2 2 0 1 441 505 440
868 2 2 0 1 505 506 441
869 2 2 0 1 442 506 441
870 2 2 0 1 506 507 442
871 2 2 0 1 443 507 442
872 2 2 0 1 507 508 443
873 2 2 0 1 444 508 443
874 2 2 0 1 508 509 444
875 2 2 0 1 445 509 444
876 2 2 0 1 509 510 445
877 2 2 0 1 446 510 445
878 2 2 0 1 510 511 446
879 2 2 0 1 447 511 446
880 2 2 0 1 511 512 447
881 2 2 0 1 448 512 447
882 2 2 0 1 512 513 448
883 2 2 0 1 449 513 448
884 2 2 0 1 513 514 449
885 2 2 0 1 450 514 449
886 2 2 0 1 514 515 450
887 2 2 0 1 451 515 450
888 2 2 0 1 515 516 451
889 2 2 0 1 452 516 451
890 2 2 0 1 516 517 452
891 2 2 0 1 453 517 452
892 2 2 0 1 517 518 453
893 2 2 0 1 454 518 453
894 2 2 0 1 518 519 454
895 2 2 0 1 455 519 454
896 2 2 0 1 519 520 455
897 2 2 0 1 457 521 456
898 2 2 0 1 521 522 457
899 2 2 0 1 458 522 457
900 2 2 0 1 522 523 458
901 2 2 0 1 459 523 458
902 2 2 0 1 523 524 459
903 2 2 0 1 460 524 459
904 2 2 0 1 524 525 460
905 2 2 0 1 461 525 460
906 2 2 0 1 525 526 461
907 2 2 0 1 462 526 461
908 2 2 0 1 526 527 462
909 2 2 0 1 463 527 462
910 2 2 0 1 527 528 463
911 2 2 0 1 464 528 463
912 2 2 0 1 528 529 464
913 2 2 0 1 465 529 464
914 2 2 0 1 529 530 465
915 2 2 0 1 466 530 465
916 2 2 0 1 530 531 466
917 2 2 0 1 467 531 466
918 2 2 0 1 531 532 467
919 2 2 0 1 468 532 467
920 2 2 0 1 532 533 468
921 2 2 0 1 469 533 468
922 2 2 0 1 533 534 469
923 2 2 0 1 470 534 469
924 2 2 0 1 534 535 470
925 2 2 0 1 471 535 470
926 2 2 0 1 535 536 471
927 2 2 0 1 472 536 471
928 2 2 0 1 536 537 472
929 2 2 0 1 473 537 472
930 2 2 0 1 537 538 473
931 2 2 0 1 474 538 473
932 2 2 0 1 538 539 474
933 2 2 0 1 475 539 474
934 2 2 0 1 539 540 475
935 2 2 0 1 476 540 475
936 2 2 0 1 540 541 476
937 2 2 0 1 477 541 476
938 2 2 0 1 541 542 477
939 2 2 0 1 478 542 477
940 2 2 0 1 542 543 478
941 2 2 0 1 479 543 478
942 2 2 0 1 543 544 479
943 2 2 0 1 545 544 479
944 2 2 0 1 479 545 480
945 2 2 0 1 546 545 480
946 2 2 0 1 480 546 481
947 2 2 0 1 547 546 481
948 2 2 0 1 481 547 482
949 2 2 0 1 548 547 482
950 2 2 0 1 482 548 483
951 2 2 0 1 549 548 483
952 2 2 0 1 483 549 484
953 2 2 0 1 550 549 484
954 2 2 0 1 484 550 485
955 2 2 0 1 551 550 485
956 2 2 0 1 485 551 486
957 2 2 0 1 552 551 486
958 2 2 0 1 486 552 487
959 2 2 0 1 553 552 487
960 2 2 0 1 487 553 488
961 2 2 0 1 554 553 488
962 2 2 0 1 488 554 489
963 2 2 0 1 555 554 489
964 2 2 0 1 489 555 490
965 2 2 0 1 491 555 490
966 2 2 0 1 555 556 491
967 2 2 0 1 492 556 491
968 2 2 0 1 556 557 492
969 2 2 0 1 493 557 492
970 2 2 0 1 557 558 493
971 2 2 0 1 494 558 493
972 2 2 0 1 558 559 494
973 2 2 0 1 495 559 494
974 2 2 0 1 559 560 495
975 2 2 0 1 496 560 495
976 2 2 0 1 560 561 496
977 2 2 0 1 497 561 496
978 2 2 0 1 561 562 497
979 2 2 0 1 498 562 497
980 2 2 0 1 562 563 498
981 2 2 0 1 499 563 498
982 2 2 0 1 563 564 499
983 2 2 0 1 500 564 499
984 2 2 0 1 564 565 500
985 2 2 0 1 501 565 500
986 2 2 0 1 565 566 501
987 2 2 0 1 502 566 501
988 2 2 0 1 566 567 502
989 2 2 0 1 503 567 502
990 2 2 0 1 567 568 503
991 2 2 0 1 504 568 503
992 2 2 0 1 568 569 504
993 2 2 0 1 505 569 504
994 2 2 0 1 569 570 505
995 2 2 0 1 506 570 505
996 2 2 0 1 570 571 506
997 2 2 0 1 507 571 506
998 2 2 0 1 571 572 507
999 2 2 0 1 508 572 507
1000 2 2 0 1 572 573 508
1001 2 2 0 1 509 573 508
1002 2 2 0 1 573 574 509
1003 2 2 0 1 510 574 509
1004 2 2 0 1 574 575 510
1005 2 2 0 1 511 575 510
1006 2 2 0 1 575 576 511
1007 2 2 0 1 512 576 511
1008 2 2 0 1 576 577 512
1009 2 2 0 1 513 577 512
1010 2 2 0 1 577 578 513
1011 2 2 0 1 514 578 513
1012 2 2 0 1 578 579 514
1013 2 2 0 1 515 579 514
1014 2 2 0 1 579 580 515
1015 2 2 0 1 516 580 515
1016 2 2 0 1 580 581 516
1017 2 2 0 1 517 581 516
1018 2 2 0 1 581 582 517
1019 2 2 0 1 518 582 517
1020 2 2 0 1 582 583 518
1021 2 2 0 1 519 583 518
1022 2 2 0 1 583 584 519
1023 2 2 0 1 520 584 519
1024 2 2 0 1 584 585 520
1025 2 2 0 1 522 586 521
1026 2 2 0 1 586 587 522
1027 2 2 0 1 523 587 522
1028 2 2 0 1 587 588 523
1029 2 2 0 1 524 588 523
1030 2 2 0 1 588 589 524
1031 2 2 0 1 525 589 524
1032 2 2 0 1 589 590 525
1033 2 2 0 1 526 590 525
1034 2 2 0 1 590 591 526
1035 2 2 0 1 527 591 526
1036 2 2 0 1 591 592 527
1037 2 2 0 1 528 592 527
1038 2 2 0 1 592 593 528
1039 2 2 0 1 529 593 528
1040 2 2 0 1 593 594 529
1041 2 2 0 1 530 594 529
1042 2 2 0 1 594 595 530
1043 2 2 0 1 531 595 530
1044 2 2 0 1 595 596 531
1045 2 2 0 1 532 596 531
1046 2 2 0 1 596 597 532
1047 2 2 0 1 533 597 532
1048 2 2 0 1 597 598 533
1049 2 2 0 1 534 598 533
1050 2 2 0 1 598 599 534
1051 2 2 0 1 535 599 534
1052 2 2 0 1 599 600 535
1053 2 2 0 1 536 600 535
1054 2 2 0 1 600 601 536
1055 2 2 0 1 537 601 536
1056 2 2 0 1 601 602 537
1057 2 2 0 1 538 602 537
1058 2 2 0 1 602 603 538
1059 2 2 0 1 539 603 538
1060 2 2 0 1 603 604 539
1061 2 2 0 1 540 604 539
1062 2 2 0 1 604 605 540
1063 2 2 0 1 541 605 540
1064 2 2 0 1 605 606 541
1065 2 2 0 1 542 606 541
1066 2 2 0 1 606 607 542
1067 2 2 0 1 543 607 542
1068 2 2 0 1 607 608 543
1069 2 2 0 1 544 608 543
1070 2 2 0 1 608 609 544
1071 2 2 0 1 610 609 544
1072 2 2 0 1 544 610 545
1073 2 2 0 1 611 610 545
1074 2 2 0 1 545 611 546
1075 2 2 0 1 612 611 546
1076 2 2 0 1 546 612 547
1077 2 2 0 1 613 612 547
1078 2 2 0 1 547 613 548
1079 2 2 0 1 614 613 548
1080 2 2 0 1 548 614 549
1081 2 2 0 1 615 614 549
1082 2 2 0 1 549 615 550
1083 2 2 0 1 616 615 550
1084 2 2 0 1 550 616 551
1085 2 2 0 1 617 616 551
1086 2 2 0 1 551 617 552
1087 2 2 0 1 618 617 552
1088 2 2 0 1 552 618 553
1089 2 2 0 1 619 618 553
1090 2 2 0 1 553 619 554
1091 2 2 0 1 620 619 554
1092 2 2 0 1 554 620 555
1093 2 2 0 1 556 620 555
1094 2 2 0 1 620 621 556
1095 2 2 0 1 557 621 556
1096 2 2 0 1 621 622 557
1097 2 2 0 1 558 622 557
1098 2 2 0 1 622 623 558
1099 2 2 0 1 559 623 558
1100 2 2 0 1 623 624 559
1101 2 2 0 1 560 624 559
1102 2 2 0 1 624 625 560
1103 2 2 0 1 561 625 560
1104 2 2 0 1 625 626 561
1105 2 2 0 1 562 626 561
1106 2 2 0 1 626 627 562
1107 2 2 0 1 563 627 562
1108 2 2 0 1 627 628 563
1109 2 2 0 1 564 628 563
1110 2 2 0 1 628 629 564
1111 2 2 0 1 565 629 564
1112 2 2 0 1 629 630 565
1113 2 2 0 1 566 630 565
1114 2 2 0 1 630 631 566
1115 2 2 0 1 567 631 566
1116 2 2 0 1 631 632 567
1117 2 2 0 1 568 632 567
1118 2 2 0 1 632 633 568
1119 2 2 0 1 569 633 568
1120 2 2 0 1 633 634 569
1121 2 2 0 1 570 634 569
1122 2 2 0 1 634 635 570
1123 2 2 0 1 571 635 570
1124 2 2 0 1 635 636 571
1125 2 2 0 1 572 636 571
1126 2 2 0 1 636 637 572
1127 2 2 0 1 573 637 572
1128 2 2 0 1 637 638 573
1129 2 2 0 1 574 638 573
1130 2 2 0 1 638 639 574
1131 2 2 0 1 575 639 574
1132 2 2 0 1 639 640 575
1133 2 2 0 1 576 640 575
1134 2 2 0 1 640 641 576
1135 2 2 0 1 577 641 576
1136 2 2 0 1 641 642 577
1137 2 2 0 1 578 642 577
1138 2 2 0 1 642 643 578
1139 2 2 0 1 579 643 578
1140 2 2 0 1 643 644 579
1141 2 2 0 1 580 644 579
1142 2 2 0 1 644 645 580
1143 2 2 0 1 581 645 580
1144 2 2 0 1 645 646 581
1145 2 2 0 1 582 646 581
1146 2 2 0 1 646 647 582
1147 2 2 0 1 583 647 582
1148 2 2 0 1 647 648 583
1149 2 2 0 1 584 648 583
1150 2 2 0 1 648 649 584
1151 2 2 0 1 585 649 584
1152 2 2 0 1 649 650 585
1153 2 2 0 1 587 651 586
1154 2 2 0 1 651 652 587
1155 2 2 0 1 588 652 587
1156 2 2 0 1 652 653 588
1157 2 2 0 1 589 653 588
1158 2 2 0 1 653 654 589
1159 2 2 0 1 590 654 589
1160 2 2 0 1 654 655 590
1161 2 2 0 1 591 655 590
1162 2 2 0 1 655 656 591
1163 2 2 0 1 592 656 591
1164 2 2 0 1 656 657 592
1165 2 2 0 1 593 657 592
1166 2 2 0 1 657 658 593
1167 2 2 0 1 594 658 593
1168 2 2 0 1 658 659 594
1169 2 2 0 1 595 659 594
1170 2 2 0 1 659 660 595
1171 2 2 0 1 596 660 595
1172 2 2 0 1 660 661 596
1173 2 2 0 1 597 661 596
1174 2 2 0 1 661 662 597
1175 2 2 0 1 598 662 597
1176 2 2 0 1 662 663 598
1177 2 2 0 1 599 663 598
1178 2 2 0 1 663 664 599
1179 2 2 0 1 600 664 599
1180 2 2 0 1 664 665 600
1181 2 2 0 1 601 665 600
1182 2 2 0 1 665 666 601
1183 2 2 0 1 602 666 601
1184 2 2 0 1 666 667 602
1185 2 2 0 1 603 667 602
1186 2 2 0 1 667 668 603
1187 2 2 0 1 604 668 603
1188 2 2 0 1 668 669 604
1189 2 2 0 1 605 669 604
1190 2 2 0 1 669 670 605
1191 2 2 0 1 606 670 605
1192 2 2 0 1 670 671 606
1193 2 2 0 1 607 671 606
1194 2 2 0 1 671 672 607
1195 2 2 0 1 608 672 607
1196 2 2 0 1 672 673 608
1197 2 2 0 1 609 673 608
1198 2 2 0 1 673 674 609
1199 2 2 0 1 675 674 609
1200 2 2 0 1 609 675 610
1201 2 2 0 1 676 675 610
1202 2 2 0 1 610 676 611
1203 2 2 0 1 677 676 611
1204 2 2 0 1 611 677 612
1205 2 2 0 1 678 677 612
1206 2 2 0 1 612 678 613
1207 2 2 0 1 679 678 613
1208 2 2 0 1 613 679 614
1209 2 2 0 1 680 679 614
1210 2 2 0 1 614 680 615
1211 2 2 0 1 681 680 615
1212 2 2 0 1 615 681 616
1213 2 2 0 1 682 681 616
1214 2 2 0 1 616 682 617
1215 2 2 0 1 683 682 617
1216 2 2 0 1 617 683 618
1217 2 2 0 1 684 683 618
1218 2 2 0 1 618 684 619
1219 2 2 0 1 685 684 619
1220 2 2 0 1 619 685 620
1221 2 2 0 1 621 685 620
1222 2 2 0 1 685 686 621
1223 2 2 0 1 622 686 621
1224 2 2 0 1 686 687 622
1225 2 2 0 1 623 687 622
1226 2 2 0 1 687 688 623
1227 2 2 0 1 624 688 623
1228 2 2 0 1 688 689 624
1229 2 2 0 1 625 689 624
1230 2 2 0 1 689 690 625
1231 2 2 0 1 626 690 625
1232 2 2 0 1 690 691 626
1233 2 2 0 1 627 691 626
1234 2 2 0 1 691 692 627
1235 2 2 0 1 628 692 627
1236 2 2 0 1 692 693 628
1237 2 2 0 1 629 693 628
1238 2 2 0 1 693 694 629
1239 2 2 0 1 630 694 629
1240 2 2 0 1 694 695 630
1241 2 2 0 1 631 695 630
1242 2 2 0 1 695 696 631
1243 2 2 0 1 632 696 631
1244 2 2 0 1 696 697 632
1245 2 2 0 1 633 697 632
1246 2 2 0 1 697 698 633
1247 2 2 0 1 634 698 633
1248 2 2 0 1 698 699 634
1249 2 2 0 1 635 699 634
1250 2 2 0 1 699 700 635
1251 2 2 0 1 636 700 635
1252 2 2 0 1 700 701 636
1253 2 2 0 1 637 701 636
1254 2 2 0 1 701 702 637
1255 2 2 0 1 638 702 637
1256 2 2 0 1 702 703 638
1257 2 2 0 1 639 703 638
1258 2 2 0 1 703 704 639
1259 2 2 0 1 640 704 639
1260 2 2 0 1 704 705 640
1261 2 2 0 1 641 705 640
1262 2 2 0 1 705 706 641
1263 2 2 0 1 642 706 641
1264 2 2 0 1 706 707 642
1265 2 2 0 1 643 707 642
1266 2 2 0 1 707 708 643
1267 2 2 0 1 644 708 643
1268 2 2 0 1 708 709 644
1269 2 2 0 1 645 709 644
1270 2 2 0 1 709 710 645
1271 2 2 0 1 646 710 645
1272 2 2 0 1 710 711 646
1273 2 2 0 1 647 711 646
1274 2 2 0 1 711 712 647
1275 2 2 0 1 648 712 647
1276 2 2 0 1 712 713 648
1277 2 2 0 1 649 713 648
1278 2 2 0 1 713 714 649
1279 2 2 0 1 650 714 649
1280 2 2 0 1 714 715 650
1281 2 2 0 1 652 716 651
1282 2 2 0 1 716 717 652
1283 2 2 0 1 653 717 652
1284 2 2 0 1 717 718 653
1285 2 2 0 1 654 718 653
1286 2 2 0 1 718 719 654
1287 2 2 0 1 655 719 654
1288 2 2 0 1 719 720 655
1289 2 2 0 1 656 720 655
1290 2 2 0 1 720 721 656
1291 2 2 0 1 657 721 656
1292 2 2 0 1 721 722 657
1293 2 2 0 1 658 722 657
1294 2 2 0 1 722 723 658
1295 2 2 0 1 659 723 658
1296 2 2 0 1 723 724 659
1297 2 2 0 1 660 724 659
1298 2 2 0 1 724 725 660
1299 2 2 0 1 661 725 660
1300 2 2 0 1 725 726 661
1301 2 2 0 1 662 726 661
1302 2 2 0 1 726 727 662
1303 2 2 0 1 663 727 662
1304 2 2 0 1 727 728 663
1305 2 2 0 1 664 728 663
1306 2 2 0 1 728 729 664
1307 2 2 0 1 665 729 664
1308 2 2 0 1 729 730 665
1309 2 2 0 1 666 730 665
1310 2 2 0 1 730 731 666
1311 2 2 0 1 667 731 666
1312 2 2 0 1 731 732 667
1313 2 2 0 1 668 732 667
1314 2 2 0 1 732 733 668
1315 2 2 0 1 669 733 668
1316 2 2 0 1 733 734 669
1317 2 2 0 1 670 734 669
1318 2 2 0 1 734 735 670
1319 2 2 0 1 671 735 670
1320 2 2 0 1 735 736 671
1321 2 2 0 1 672 736 671
1322 2 2 0 1 736 737 672
1323 2 2 0 1 673 737 672
1324 2 2 0 1 737 738 673
1325 2 2 0 1 674 738 673
1326 2 2 0 1 738 739 674
1327 2 2 0 1 740 739 674
1328 2 2 0 1 674 740 675
1329 2 2 0 1 741 740 675
1330 2 2 0 1 675 741 676
1331 2 2 0 1 742 741 676
1332 2 2 0 1 676 742 677
1333 2 2 0 1 743 742 677
1334 2 2 0 1 677 743 678
1335 2 2 0 1 744 743 678
1336 2 2 0 1 678 744 679
1337 2 2 0 1 745 744 679
1338 2 2 0 1 679 745 680
1339 2 2 0 1 746 745 680
1340 2 2 0 1 680 746 681
1341 2 2 0 1 747 746 681
1342 2 2 0 1 681 747 682
1343 2 2 0 1 748 747 682
1344 2 2 0 1 682 748 683
1345 2 2 0 1 749 748 683
1346 2 2 0 1 683 749 684
1347 2 2 0 1 750 749 684
1348 2 2 0 1 684 750 685
1349 2 2 0 1 686 750 685
1350 2 2 0 1 750 751 686
1351 2 2 0 1 687 751 686
1352 2 2 0 1 751 752 687
1353 2 2 0 1 688 752 687
1354 2 2 0 1 752 753 688
1355 2 2 0 1 689 753 688
1356 2 2 0 1 753 754 689
1357 2 2 0 1 690 754 689
1358 2 2 0 1 754 755 690
1359 2 2 0 1 691 755 690
1360 2 2 0 1 755 756 691
1361 2 2 0 1 692 756 691
1362 2 2 0 1 756 757 692
1363 2 2 0 1 693 757 692
1364 2 2 0 1 757 758 693
1365 2 2 0 1 694 758 693
1366 2 2 0 1 758 759 694
1367 2 2 0 1 695 759 694
1368 2 2 0 1 759 760 695
1369 2 2 0 1 696 760 695
1370 2 2 0 1 760 761 696
1371 2 2 0 1 697 761 696
1372 2 2 0 1 761 762 697
1373 2 2 0 1 698 762 697
1374 2 2 0 1 762 763 698
1375 2 2 0 1 699 763 698
1376 2 2 0 1 763 764 699
1377 2 2 0 1 700 764 699
1378 2 2 0 1 764 765 700
1379 2 2 0 1 701 765 700
1380 2 2 0 1 765 766 701
1381 2 2 0 1 702 766 701
1382 2 2 0 1 766 767 702
1383 2 2 0 1 703 767 702
1384 2 2 0 1 767 768 703
1385 2 2 0 1 704 768 703
1386 2 2 0 1 768 769 704
1387 2 2 0 1 705 769 704
1388 2 2 0 1 769 770 705
1389 2 2 0 1 706 770 705
1390 2 2 0 1 770 771 706
1391 2 2 0 1 707 771 706
1392 2 2 0 1 771 772 707
1393 2 2 0 1 708 772 707
1394 2 2 0 1 772 773 708
1395 2 2 0 1 709 773 708
1396 2 2 0 1 773 774 709
1397 2 2 0 1 710 774 709
1398 2 2 0 1 774 775 710
1399 2 2 0 1 711 775 710
1400 2 2 0 1 775 776 711
1401 2 2 0 1 712 776 711
1402 2 2 0 1 776 777 712
1403 2 2 0 1 713 777 712
1404 2 2 0 1 777 778 713
1405 2 2 0 1 714 778 713
1406 2 2 0 1 778 779 714
1407 2 2 0 1 715 779 714
1408 2 2 0 1 779 780 715
1409 2 2 0 1 717 781 716
1410 2 2 0 1 781 782 717
1411 2 2 0 1 718 782 717
1412 2 2 0 1 782 783 718
1413 2 2 0 1 719 783 718
1414 2 2 0 1 783 784 719
1415 2 2 0 1 720 784 719
1416 2 2 0 1 784 785 720
1417 2 2 0 1 721 785 720
1418 2 2 0 1 785 786 721
1419 2 2 0 1 722 786 721
1420 2 2 0 1 786 787 722
1421 2 2 0 1 723 787 722
1422 2 2 0 1 787 788 723
1423 2 2 0 1 724 788 723
1424 2 2 0 1 788 789 724
1425 2 2 0 1 725 789 724
1426 2 2 0 1 789 790 725
1427 2 2 0 1 726 790 725
1428 2 2 0 1 790 791 726
1429 2 2 0 1 727 791 726
1430 2 2 0 1 791 792 727
1431 2 2 0 1 728 792 727
1432 2 2 0 1 792 793 728
1433 2 2 0 1 729 793 728
1434 2 2 0 1 793 794 729
1435 2 2 0 1 730 794 729
1436 2 2 0 1 794 795 730
1437 2 2 0 1 731 795 730
1438 2 2 0 1 795 796 731
1439 2 2 0 1 732 796 731
1440 2 2 0 1 796 797 732
1441 2 2 0 1 733 797 732
1442 2 2 0 1 797 798 733
1443 2 2 0 1 734 798 733
1444 2 2 0 1 798 799 734
1445 2 2 0 1 735 799 734
1446 2 2 0 1 799 800 735
1447 2 2 0 1 736 800 735
1448 2 2 0 1 800 801 736
1449 2 2 0 1 737 801 736
1450 2 2 0 1 801 802 737
1451 2 2 0 1 738 802 737
1452 2 2 0 1 802 803 738
1453 2 2 0 1 739 803 738
1454 2 2 0 1 803 804 739
1455 2 2 0 1 805 804 739
1456 2 2 0 1 739 805 740
1457 2 2 0 1 806 805 740
1458 2 2 0 1 740 806 741
1459 2 2 0 1 807 806 741
1460 2 2 0 1 741 807 742
1461 2 2 0 1 808 807 742
1462 2 2 0 1 742 808 743
1463 2 2 0 1 809 808 743
1464 2 2 0 1 743 809 744
1465 2 2 0 1 810 809 744
1466 2 2 0 1 744 810 745
1467 2 2 0 1 811 810 745
1468 2 2 0 1 745 811 746
1469 2 2 0 1 812 811 746
1470 2 2 0 1 746 812 747
1471 2 2 0 1 813 812 747
1472 2 2 0 1 747 813 748
1473 2 2 0 1 814 813 748
1474 2 2 0 1 748 814 749
1475 2 2 0 1 815 814 749
1476 2 2 0 1 749 815 750
1477 2 2 0 1 751 815 750
1478 2 2 0 1 815 816 751
1479 2 2 0 1 752 816 751
1480 2 2 0 1 816 817 752
1481 2 2 0 1 753 817 752
1482 2 2 0 1 817 818 753
1483 2 2 0 1 754 818 753
1484 2 2 0 1 818 819 754
1485 2 2 0 1 755 819 754
1486 2 2 0 1 819 820 755
1487 2 2 0 1 756 820 755
1488 2 2 0 1 820 821 756
1489 2 2 0 1 757 821 756
1490 2 2 0 1 821 822 757
1491 2 2 0 1 758 822 757
1492 2 2 0 1 822 823 758
1493 2 2 0 1 759 823 758
1494 2 2 0 1 823 824 759
1495 2 2 0 1 760 824 759
1496 2 2 0 1 824 825 760
1497 2 2 0 1 761 825 760
1498 2 2 0 1 825 826 761
1499 2 2 0 1 762 826 761
1500 2 2 0 1 826 827 762
1501 2 2 0 1 763 827 762
1502 2 2 0 1 827 828 763
1503 2 2 0 1 764 828 763
1504 2 2 0 1 828 829 764
1505 2 2 0 1 765 829 764
1506 2 2 0 1 829 830 765
1507 2 2 0 1 766 830 765
1508 2 2 0 1 830 831 766
1509 2 2 0 1 767 831 766
1510 2 2 0 1 831 832 767
1511 2 2 0 1 768 832 767
1512 2 2 0 1 832 833 768
1513 2 2 0 1 769 833 768
1514 2 2 0 1 833 834 769
1515 2 2 0 1 770 834 769
1516 2 2 0 1 834 835 770
1517 2 2 0 1 771 835 770
1518 2 2 0 1 835 836 771
1519 2 2 0 1 772 836 771
1520 2 2 0 1 836 837 772
1521 2 2 0 1 773 837 772
1522 2 2 0 1 837 838 773
1523 2 2 0 1 774 838 773
1524 2 2 0 1 838 839 774
1525 2 2 0 1 775 839 774
1526 2 2 0 1 839 840 775
1527 2 2 0 1 776 840 775
1528 2 2 0 1 840 841 776
1529 2 2 0 1 777 841 776
1530 2 2 0 1 841 842 777
1531 2 2 0 1 778 842 777
1532 2 2 0 1 842 843 778
1533 2 2 0 1 779 843 778
1534 2 2 0 1 843 844 779
1535 2 2 0 1 780 844 779
1536 2 2 0 1 844 845 780
1537 2 2 0 1 782 846 781
1538 2 2 0 1 846 847 782
1539 2 2 0 1 783 847 782
1540 2 2 0 1 847 848 783
1541 2 2 0 1 784 848 783
1542 2 2 0 1 848 849 784
1543 2 2 0 1 785 849 784
1544 2 2 0 1 849 850 785
1545 2 2 0 1 786 850 785
1546 2 2 0 1 850 851 786
1547 2 2 0 1 787 851 786
1548 2 2 0 1 851 852 787
1549 2 2 0 1 788 852 787
1550 2 2 0 1 852 853 788
1551 2 2 0 1 789 853 788
1552 2 2 0 1 853 854 789
1553 2 2 0 1 790 854 789
1554 2 2 0 1 854 855 790
1555 2 2 0 1 791 855 790
1556 2 2 0 1 855 856 791
1557 2 2 0 1 792 856 791
1558 2 2 0 1 856 857 792
1559 2 2 0 1 793 857 792
1560 2 2 0 1 857 858 793
1561 2 2 0 1 794 858 793
1562 2 2 0 1 858 859 794
1563 2 2 0 1 795 859 794
1564 2 2 0 1 859 860 795
1565 2 2 0 1 796 860 795
1566 2 2 0 1 860 861 796
1567 2 2 0 1 797 861 796
1568 2 2 0 1 861 862 797
1569 2 2 0 1 798 862 797
1570 2 2 0 1 862 863 798
1571 2 2 0 1 799 863 798
1572 2 2 0 1 863 864 799
1573 2 2 0 1 800 864 799
1574 2 2 0 1 864 865 800
1575 2 2 0 1 801 865 800
1576 2 2 0 1 865 866 801
1577 2 2 0 1 802 866 801
1578 2 2 0 1 866 867 802
1579 2 2 0 1 803 867 802
1580 2 2 0 1 867 868 803
1581 2 2 0 1 804 868 803
1582 2 2 0 1 868 869 804
1583 2 2 0 1 870 869 804
1584 2 2 0 1 804 870 805
1585 2 2 0 1 871 870 805
1586 2 2 0 1 805 871 806
1587 2 2 0 1 872 871 806
1588 2 2 0 1 806 872 807
1589 2 2 0 1 873 872 807
1590 2 2 0 1 807 873 808
1591 2 2 0 1 874 873 808
1592 2 2 0 1 808 874 809
1593 2 2 0 1 875 874 809
1594 2 2 0 1 809 875 810
1595 2 2 0 1 876 875 810
1596 2 2 0 1 810 876 811
1597 2 2 0 1 877 876 811
1598 2 2 0 1 811 877 812
1599 2 2 0 1 878 877 812
1600 2 2 0 1 812 878 813
1601 2 2 0 1 879 878 813
1602 2 2 0 1 813 879 814
1603 2 2 0 1 880 879 814
1604 2 2 0 1 814 880 815
1605 2 2 0 1 816 880 815
1606 2 2 0 1 880 881 816
1607 2 2 0 1 817 881 816
1608 2 2 0 1 881 882 817
1609 2 2 0 1 818 882 817
1610 2 2 0 1 882 883 818
1611 2 2 0 1 819 883 818
1612 2 2 0 1 883 884 819
1613 2 2 0 1 820 884 819
1614 2 2 0 1 884 885 820
1615 2 2 0 1 821 885 820
1616 2 2 0 1 885 886 821
1617 2 2 0 1 822 886 821
1618 2 2 0 1 886 887 822
1619 2 2 0 1 823 887 822
1620 2 2 0 1 887 888 823
1621 2 2 0 1 824 888 823
1622 2 2 0 1 888 889 824
1623 2 2 0 1 825 889 824
1624 2 2 0 1 889 890 825
1625 2 2 0 1 826 890 825
1626 2 2 0 1 890 891 826
1627 2 2 0 1 827 891 826
1628 2 2 0 1 891 892 827
1629 2 2 0 1 828 892 827
1630 2 2 0 1 892 893 828
1631 2 2 0 1 829 893 828
1632 2 2 0 1 893 894 829
1633 2 2 0 1 830 894 829
1634 2 2 0 1 894 895 830
1635 2 2 0 1 831 895 830
1636 2 2 0 1 895 896 831
1637 2 2 0 1 832 896 831
1638 2 2 0 1 896 897 832
1639 2 2 0 1 833 897 832
1640 2 2 0 1 897 898 833
1641 2 2 0 1 834 898 833
1642 2 2 0 1 898 899 834
1643 2 2 0 1 835 899 834
1644 2 2 0 1 899 900 835
1645 2 2 0 1 836 900 835
1646 2 2 0 1 900 901 836
1647 2 2 0 1 837 901 836
1648 2 2 0 1 901 902 837
1649 2 2 0 1 838 902 837
1650 2 2 0 1 902 903 838
1651 2 2 0 1 839 903 838
1652 2 2 0 1 903 904 839
1653 2 2 0 1 840 904 839
1654 2 2 0 1 904 905 840
1655 2 2 0 1 841 905 840
1656 2 2 0 1 905 906 841
1657 2 2 0 1 842 906 841
1658 2 2 0 1 906 907 842
1659 2 2 0 1 843 907 842
1660 2 2 0 1 907 908 843
1661 2 2 0 1 844 908 843
1662 2 2 0 1 908 909 844
1663 2 2 0 1 845 909 844
1664 2 2 0 1 909 910 845
1665 2 2 0 1 847 911 846
1666 2 2 0 1 911 912 847
1667 2 2 0 1 848 912 847
1668 2 2 0 1 912 913 848
1669 2 2 0 1 849 913 848
1670 2 2 0 1 913 914 849
1671 2 2 0 1 850 914 849
1672 2 2 0 1 914 915 850
1673 2 2 0 1 851 915 850
1674 2 2 0 1 915 916 851
1675 2 2 0 1 852 916 851
1676 2 2 0 1 916 917 852
1677 2 2 0 1 853 917 852
1678 2 2 0 1 917 918 853
1679 2 2 0 1 854 918 853
1680 2 2 0 1 918 919 854
1681 2 2 0 1 855 919 854
1682 2 2 0 1 919 920 855
1683 2 2 0 1 856 920 855
1684 2 2 0 1 920 921 856
1685 2 2 0 1 857 921 856
1686 2 2 0 1 921 922 857
1687 2 2 0 1 858 922 857
1688 2 2 0 1 922 923 858
1689 2 2 0 1 859 923 858
1690 2 2 0 1 923 924 859
1691 2 2 0 1 860 924 859
1692 2 2 0 1 924 925 860
1693 2 2 0 1 861 925 860
1694 2 2 0 1 925 926 861
1695 2 2 0 1 862 926 861
1696 2 2 0 1 926 927 862
1697 2 2 0 1 863 927 862
1698 2 2 0 1 927 928 863
1699 2 2 0 1 864 928 863
1700 2 2 0 1 928 929 864
1701 2 2 0 1 865 929 864
1702 2 2 0 1 929 930 865
1703 2 2 0 1 866 930 865
1704 2 2 0 1 930 931 866
1705 2 2 0 1 867 931 866
1706 2 2 0 1 931 932 867
1707 2 2 0 1 868 932 867
1708 2 2 0 1 932 933 868
1709 2 2 0 1 869 933 868
1710 2 2 0 1 933 934 869
1711 2 2 0 1 935 934 869
1712 2 2 0 1 869 935 870
1713 2 2 0 1 936 935 870
1714 2 2 0 1 870 936 871
1715 2 2 0 1 937 936 871
1716 2 2 0 1 871 937 872
1717 2 2 0 1 938 937 872
1718 2 2 0 1 872 938 873
1719 2 2 0 1 939 938 873
1720 2 2 0 1 873 939 874
1721 2 2 0 1 940 939 874
1722 2 2 0 1 874 940 875
1723 2 2 0 1 941 940 875
1724 2 2 0 1 875 941 876
1725 2 2 0 1 942 941 876
1726 2 2 0 1 876 942 877
1727 2 2 0 1 943 942 877
1728 2 2 0 1 877 943 878
1729 2 2 0 1 944 943 878
1730 2 2 0 1 878 944 879
1731 2 2 0 1 945 944 879
1732 2 2 0 1 879 945 880
1733 2 2 0 1 881 945 880
1734 2 2 0 1 945 946 881
1735 2 2 0 1 882 946 881
1736 2 2 0 1 946 947 882
1737 2 2 0 1 883 947 882
1738 2 2 0 1 947 948 883
1739 2 2 0 1 884 948 883
1740 2 2 0 1 948 949 884
1741 2 2 0 1 885 949 884
1742 2 2 0 1 949 950 885
1743 2 2 0 1 886 950 885
1744 2 2 0 1 950 951 886
1745 2 2 0 1 887 951 886
1746 2 2 0 1 951 952 887
1747 2 2 0 1 888 952 887
1748 2 2 0 1 952 953 888
1749 2 2 0 1 889 953 888
1750 2 2 0 1 953 954 889
1751 2 2 0 1 890 954 889
1752 2 2 0 1 954 955 890
1753 2 2 0 1 891 955 890
1754 2 2 0 1 955 956 891
1755 2 2 0 1 892 956 891
1756 2 2 0 1 956 957 892
1757 2 2 0 1 893 957 892
1758 2 2 0 1 957 958 893
1759 2 2 0 1 894 958 893
1760 2 2 0 1 958 959 894
1761 2 2 0 1 895 959 894
1762 2 2 0 1 959 960 895
1763 2 2 0 1 896 960 895
1764 2 2 0 1 960 961 896
1765 2 2 0 1 897 961 896
1766 2 2 0 1 961 962 897
1767 2 2 0 1 898 962 897
1768 2 2 0 1 962 963 898
1769 2 2 0 1 899 963 898
1770 2 2 0 1 963 964 899
1771 2 2 0 1 900 964 899
1772 2 2 0 1 964 965 900
1773 2 2 0 1 901 965 900
1774 2 2 0 1 965 966 901
1775 2 2 0 1 902 966 901
1776 2 2 0 1 966 967 902
1777 2 2 0 1 903 967 902
1778 2 2 0 1 967 968 903
1779 2 2 0 1 904 968 903
1780 2 2 0 1 968 969 904
1781 2 2 0 1 905 969 904
1782 2 2 0 1 969 970 905
1783 2 2 0 1 906 970 905
1784 2 2 0 1 970 971 906
1785 2 2 0 1 907 971 906
1786 2 2 0 1 971 972 907
1787 2 2 0 1 908 972 907
1788 2 2 0 1 972 973 908
1789 2 2 0 1 909 973 908
1790 2 2 0 1 973 974 909
1791 2 2 0 1 910 974 909
1792 2 2 0 1 974 975 910
1793 2 2 0 1 912 976 911
1794 2 2 0 1 976 977 912
1795 2 2 0 1 913 977 912
1796 2 2 0 1 977 978 913
1797 2 2 0 1 914 978 913
1798 2 2 0 1 978 979 914
1799 2 2 0 1 915 979 914
1800 2 2 0 1 979 980 915
1801 2 2 0 1 916 980 915
1802 2 2 0 1 980 981 916
1803 2 2 0 1 917 981 916
1804 2 2 0 1 981 982 917
1805 2 2 0 1 918 982 917
1806 2 2 0 1 982 983 918
1807 2 2 0 1 919 983 918
1808 2 2 0 1 983 984 919
1809 2 2 0 1 920 984 919
1810 2 2 0 1 984 985 920
1811 2 2 0 1 921 985 920
1812 2 2 0 1 985 986 921
1813 2 2 0 1 922 986 921
1814 2 2 0 1 986 987 922
1815 2 2 0 1 923 987 922
1816 2 2 0 1 987 988 923
1817 2 2 0 1 924 988 923
1818 2 2 0 1 988 989 924
1819 2 2 0 1 925 989 924
1820 2 2 0 1 989 990 925
1821 2 2 0 1 926 990 925
1822 2 2 0 1 990 991 926
1823 2 2 0 1 927 991 926
1824 2 2 0 1 991 992 927
1825 2 2 0 1 928 992 927
1826 2 2 0 1 992 993 928
1827 2 2 0 1 929 993 928
1828 2 2 0 1 993 994 929
1829 2 2 0 1 930 994 929
1830 2 2 0 1 994 995 930
1831 2 2 0 1 931 995 930
1832 2 2 0 1 995 996 931
1833 2 2 0 1 932 996 931
1834 2 2 0 1 996 997 932
1835 2 2 0 1 933 997 932
1836 2 2 0 1 997 998 933
1837 2 2 0 1 934 998 933
1838 2 2 0 1 998 999 934
1839 2 2 0 1 1000 999 934
1840 2 2 0 1 934 1000 935
1841 2 2 0 1 1001 1000 935
1842 2 2 0 1 935 1001 936
1843 2 2 0 1 1002 1001 936
1844 2 2 0 1 936 1002 937
1845 2 2 0 1 1003 1002 937
1846 2 2 0 1 937 1003 938
1847 2 2 0 1 1004 1003 938
1848 2 2 0 1 938 1004 939
1849 2 2 0 1 1005 1004 939
1850 2 2 0 1 939 1005 940
1851 2 2 0 1 1006 1005 940
1852 2 2 0 1 940 1006 941
1853 2 2 0 1 1007 1006 941
1854 2 2 0 1 941 1007 942
1855 2 2 0 1 1008 1007 942
1856 2 2 0 1 942 1008 943
1857 2 2 0 1 1009 1008 943
1858 2 2 0 1 943 1009 944
1859 2 2 0 1 1010 1009 944
1860 2 2 0 1 944 1010 945
1861 2 2 0 1 946 1010 945
1862 2 2 0 1 1010 1011 946
1863 2 2 0 1 947 1011 946
1864 2 2 0 1 1011 1012 947
1865 2 2 0 1 948 1012 947
1866 2 2 0 1 1012 1013 948
1867 2 2 0 1 949 1013 948
1868 2 2 0 1 1013 1014 949
1869 2 2 0 1 950 1014 949
1870 2 2 0 1 1014 1015 950
1871 2 2 0 1 951 1015 950
1872 2 2 0 1 1015 1016 951
1873 2 2 0 1 952 1016 951
1874 2 2 0 1 1016 1017 952
1875 2 2 0 1 953 1017 952
1876 2 2 0 1 1017 1018 953
1877 2 2 0 1 954 1018 953
1878 2 2 0 1 1018 1019 954
1879 2 2 0 1 955 1019 954
1880 2 2 0 1 1019 1020 955
1881 2 2 0 1 956 1020 955
1882 2 2 0 1 1020 1021 956
1883 2 2 0 1 957 1021 956
1884 2 2 0 1 1021 1022 957
1885 2 2 0 1 958 1022 957
1886 2 2 0 1 1022 1023 958
1887 2 2 0 1 959 1023 958
1888 2 2 0 1 1023 1024 959
1889 2 2 0 1 960 1024 959
1890 2 2 0 1 1024 1025 960
1891 2 2 0 1 961 1025 960
1892 2 2 0 1 1025 1026 961
1893 2 2 0 1 962 1026 961
1894 2 2 0 1 1026 1027 962
1895 2 2 0 1 963 1027 962
1896 2 2 0 1 1027 1028 963
1897 2 2 0 1 964 1028 963
1898 2 2 0 1 1028 1029 964
1899 2 2 0 1 965 1029 964
1900 2 2 0 1 1029 1030 965
1901 2 2 0 1 966 1030 965
1902 2 2 0 1 1030 1031 966
1903 2 2 0 1 967 1031 966
1904 2 2 0 1 1031 1032 967
1905 2 2 0 1 968 1032 967
1906 2 2 0 1 1032 1033 968
1907 2 2 0 1 969 1033 968
1908 2 2 0 1 1033 1034 969
1909 2 2 0 1 970 1034 969
1910 2 2 0 1 1034 1035 970
1911 2 2 0 1 971 1035 970
1912 2 2 0 1 1035 1036 971
1913 2 2 0 1 972 1036 971
1914 2 2 0 1 1036 1037 972
1915 2 2 0 1 973 1037 972
1916 2 2 0 1 1037 1038 973
1917 2 2 0 1 974 1038 973
1918 2 2 0 1 1038 1039 974
1919 2 2 0 1 975 1039 974
1920 2 2 0 1 1039 1040 975
1921 2 2 0 1 977 1041 976
1922 2 2 0 1 1041 1042 977
1923 2 2 0 1 978 1042 977
1924 2 2 0 1 1042 1043 978
1925 2 2 0 1 979 1043 978
1926 2 2 0 1 1043 1044 979
1927 2 2 0 1 980 1044 979
1928 2 2 0 1 1044 1045 980
1929 2 2 0 1 981 1045 980
1930 2 2 0 1 1045 1046 981
1931 2 2 0 1 982 1046 981
1932 2 2 0 1 1046 1047 982
1933 2 2 0 1 983 1047 982
1934 2 2 0 1 1047 1048 983
1935 2 2 0 1 984 1048 983
1936 2 2 0 1 1048 1049 984
1937 2 2 0 1 985 1049 984
1938 2 2 0 1 1049 1050 985
1939 2 2 0 1 986 1050 985
1940 2 2 0 1 1050 1051 986
1941 2 2 0 1 987 1051 986
1942 2 2 0 1 1051 1052 987
1943 2 2 0 1 988 1052 987
1944 2 2 0 1 1052 1053 988
1945 2 2 0 1 989 1053 988
1946 2 2 0 1 1053 1054 989
1947 2 2 0 1 1055 1054 989
1948 2 2 0 1 989 1055 990
1949 2 2 0 1 1056 1055 990
1950 2 2 0 1 990 1056 991
1951 2 2 0 1 992 1056 991
1952 2 2 0 1 1056 1057 992
1953 2 2 0 1 993 1057 992
1954 2 2 0 1 1057 1058 993
1955 2 2 0 1 994 1058 993
1956 2 2 0 1 1058 1059 994
1957 2 2 0 1 995 1059 994
1958 2 2 0 1 1059 1060 995
1959 2 2 0 1 996 1060 995
1960 2 2 0 1 1060 1061 996
1961 2 2 0 1 997 1061 996
1962 2 2 0 1 1061 1062 997
1963 2 2 0 1 998 1062 997
1964 2 2 0 1 1062 1063 998
1965 2 2 0 1 999 1063 998
1966 2 2 0 1 1063 1064 999
1967 2 2 0 1 1065 1064 999
1968 2 2 0 1 999 1065 1000
1969 2 2 0 1 1066 1065 1000
1970 2 2 0 1 1000 1066 1001
1971 2 2 0 1 1067 1066 1001
1972 2 2 0 1 1001 1067 1002
1973 2 2 0 1 1068 1067 1002
1974 2 2 0 1 1002 1068 1003
1975 2 2 0 1 1069 1068 1003
1976 2 2 0 1 1003 1069 1004
1977 2 2 0 1 1070 1069 1004
1978 2 2 0 1 1004 1070 1005
1979 2 2 0 1 1071 1070 1005
1980 2 2 0 1 1005 1071 1006
1981 2 2 0 1 1072 1071 1006
1982 2 2 0 1 1006 1072 1007
1983 2 2 0 1 1073 1072 1007
1984 2 2 0 1 1007 1073 1008
1985 2 2 0 1 1074 1073 1008
1986 2 2 0 1 1008 1074 1009
1987 2 2 0 1 1075 1074 1009
1988 2 2 0 1 1009 1075 1010
1989 2 2 0 1 1011 1075 1010
1990 2 2 0 1 1075 1076 1011
1991 2 2 0 1 1012 1076 1011
1992 2 2 0 1 1076 1077 1012
1993 2 2 0 1 1013 1077 1012
1994 2 2 0 1 1077 1078 1013
1995 2 2 0 1 1014 1078 1013
1996 2 2 0 1 1078 1079 1014
1997 2 2 0 1 1015 1079 1014
1998 2 2 0 1 1079 1080 1015
1999 2 2 0 1 1016 1080 1015
2000 2 2 0 1 1080 1081 1016
2001 2 2 0 1 1017 1081 1016
2002 2 2 0 1 1081 1082 1017
2003 2 2 0 1 1018 1082 1017
2004 2 2 0 1 1082 1083 1018
2005 2 2 0 1 1019 1083 1018
2006 2 2 0 1 1083 1084 1019
2007 2 2 0 1 1020 1084 1019
2008 2 2 0 1 1084 1085 1020
2009 2 2 0 1 1021 1085 1020
2010 2 2 0 1 1085 1086 1021
2011 2 2 0 1 1022 1086 1021
2012 2 2 0 1 1086 1087 1022
2013 2 2 0 1 1023 1087 1022
2014 2 2 0 1 1087 1088 1023
2015 2 2 0 1 1024 1088 1023
2016 2 2 0 1 1088 1089 1024
2017 2 2 0 1 1025 1089 1024
2018 2 2 0 1 1089 1090 1025
2019 2 2 0 1 1026 1090 1025
2020 2 2 0 1 1090 1091 1026
2021 2 2 0 1 1027 1091 1026
2022 2 2 0 1 1091 1092 1027
2023 2 2 0 1 1028 1092 1027
2024 2 2 0 1 1092 1093 1028
2025 2 2 0 1 1029 1093 1028
2026 2 2 0 1 1093 1094 1029
2027 2 2 0 1 1030 1094 1029
2028 2 2 0 1 1094 1095 1030
2029 2 2 0 1 1031 1095 1030
2030 2 2 0 1 1095 1096 1031
2031 2 2 0 1 1032 1096 1031
2032 2 2 0 1 1096 1097 1032
2033 2 2 0 1 1033 1097 1032
2034 2 2 0 1 1097 1098 1033
2035 2 2 0 1 1034 1098 1033
2036 2 2 0 1 1098 1099 1034
2037 2 2 0 1 1035 1099 1034
2038 2 2 0 1 1099 1100 1035
2039 2 2 0 1 1036 1100 1035
2040 2 2 0 1 1100 1101 1036
2041 2 2 0 1 1037 1101 1036
2042 2 2 0 1 1101 1102 1037
2043 2 2 0 1 1038 1102 1037
2044 2 2 0 1 1102 1103 1038
2045 2 2 0 1 1039 1103 1038
2046 2 2 0 1 1103 1104 1039
2047 2 2 0 1 1040 1104 1039
2048 2 2 0 1 1104 1105 1040
2049 2 2 0 1 1042 1106 1041
2050 2 2 0 1 1106 1107 1042
2051 2 2 0 1 1043 1107 1042
2052 2 2 0 1 1107 1108 1043
2053 2 2 0 1 1044 1108 1043
2054 2 2 0 1 1108 1109 1044
2055 2 2 0 1 1045 1109 1044
2056 2 2 0 1 1109 1110 1045
2057 2 2 0 1 1046 1110 1045
2058 2 2 0 1 1110 1111 1046
2059 2 2 0 1 1047 1111 1046
2060 2 2 0 1 1111 1112 1047
2061 2 2 0 1 1048 1112 1047
2062 2 2 0 1 1112 1113 1048
2063 2 2 0 1 1049 1113 1048
2064 2 2 0 1 1113 1114 1049
2065 2 2 0 1 1050 1114 1049
2066 2 2 0 1 1114 1115 1050
2067 2 2 0 1 1051 1115 1050
2068 2 2 0 1 1115 1116 1051
2069 2 2 0 1 1052 1116 1051
2070 2 2 0 1 1116 1117 1052
2071 2 2 0 1 1053 1117 1052
2072 2 2 0 1 1117 1118 1053
2073 2 2 0 1 1054 1118 1053
2074 2 2 0 1 1118 1119 1054
2075 2 2 0 1 1120 1119 1054
2076 2 2 0 1 1054 1120 1055
2077 2 2 0 1 1121 1120 1055
2078 2 2 0 1 1055 1121 1056
2079 2 2 0 1 1057 1121 1056
2080 2 2 0 1 1121 1122 1057
2081 2 2 0 1 1058 1122 1057
2082 2 2 0 1 1122 1123 1058
2083 2 2 0 1 1059 1123 1058
2084 2 2 0 1 1123 1124 1059
2085 2 2 0 1 1060 1124 1059
2086 2 2 0 1 1124 1125 1060
2087 2 2 0 1 1061 1125 1060
2088 2 2 0 1 1125 1126 1061
2089 2 2 0 1 1062 1126 1061
2090 2 2 0 1 1126 1127 1062
2091 2 2 0 1 1063 1127 1062
2092 2 2 0 1 1127 1128 1063
2093 2 2 0 1 1064 1128 1063
2094 2 2 0 1 1128 1129 1064
2095 2 2 0 1 1130 1129 1064
2096 2 2 0 1 1064 1130 1065
2097 2 2 0 1 1131 1130 1065
2098 2 2 0 1 1065 1131 1066
2099 2 2 0 1 1132 1131 1066
2100 2 2 0 1 1066 1132 1067
2101 2 2 0 1 1133 1132 1067
2102 2 2 0 1 1067 1133 1068
2103 2 2 0 1 1134 1133 1068
2104 2 2 0 1 1068 1134 1069
2105 2 2 0 1 1135 1134 1069
2106 2 2 0 1 1069 1135 1070
2107 2 2 0 1 1136 1135 1070
2108 2 2 0 1 1070 1136 1071
2109 2 2 0 1 1137 1136 1071
2110 2 2 0 1 1071 1137 1072
2111 2 2 0 1 1138 1137 1072
2112 2 2 0 1 1072 1138 1073
2113 2 2 0 1 1139 1138 1073
2114 2 2 0 1 1073 1139 1074
2115 2 2 0 1 1140 1139 1074
2116 2 2 0 1 1074 1140 1075
2117 2 2 0 1 1076 1140 1075
2118 2 2 0 1 1140 1141 1076
2119 2 2 0 1 1077 1141 1076
2120 2 2 0 1 1141 1142 1077
2121 2 2 0 1 1078 1142 1077
2122 2 2 0 1 1142 1143 1078
2123 2 2 0 1 1079 1143 1078
2124 2 2 0 1 1143 1144 1079
2125 2 2 0 1 1080 1144 1079
2126 2 2 0 1 1144 1145 1080
2127 2 2 0 1 1081 1145 1080
2128 2 2 0 1 1145 1146 1081
2129 2 2 0 1 1082 1146 1081
2130 2 2 0 1 1146 1147 1082
2131 2 2 0 1 1083 1147 1082
2132 2 2 0 1 1147 1148 1083
2133 2 2 0 1 1084 1148 1083
2134 2 2 0 1 1148 1149 1084
2135 2 2 0 1 1085 1149 1084
2136 2 2 0 1 1149 1150 1085
2137 2 2 0 1 1086 1150 1085
2138 2 2 0 1 1150 1151 1086
2139 2 2 0 1 1087 1151 1086
2140 2 2 0 1 1151 1152 1087
2141 2 2 0 1 1088 1152 1087
2142 2 2 0 1 1152 1153 1088
2143 2 2 0 1 1089 1153 1088
2144 2 2 0 1 1153 1154 1089
2145 2 2 0 1 1090 1154 1089
2146 2 2 0 1 1154 1155 1090
2147 2 2 0 1 1091 1155 1090
2148 2 2 0 1 1155 1156 1091
2149 2 2 0 1 1092 1156 1091
2150 2 2 0 1 1156 1157 1092
2151 2 2 0 1 1093 1157 1092
2152 2 2 0 1 1157 1158 1093
2153 2 2 0 1 1094 1158 1093
2154 2 2 0 1 1158 1159 1094
2155 2 2 0 1 1095 1159 1094
2156 2 2 0 1 1159 1160 1095
2157 2 2 0 1 1096 1160 1095
2158 2 2 0 1 1160 1161 1096
2159 2 2 0 1 1097 1161 1096
2160 2 2 0 1 1161 1162 1097
2161 2 2 0 1 1098 1162 1097
2162 2 2 0 1 1162 1163 1098
2163 2 2 0 1 1099 1163 1098
2164 2 2 0 1 1163 1164 1099
2165 2 2 0 1 1100 1164 1099
2166 2 2 0 1 1164 1165 1100
2167 2 2 0 1 1101 1165 1100
2168 2 2 0 1 1165 1166 1101
2169 2 2 0 1 1102 1166 1101
2170 2 2 0 1 1166 1167 1102
2171 2 2 0 1 1103 1167 1102
2172 2 2 0 1 1167 1168 1103
2173 2 2 0 1 1104 1168 1103
2174 2 2 0 1 1168 1169 1104
2175 2 2 0 1 1105 1169 1104
2176 2 2 0 1 1169 1170 1105
2177 2 2 0 1 1107 1171 1106
2178 2 2 0 1 1171 1172 1107
2179 2 2 0 1 1108 1172 1107
2180 2 2 0 1 1172 1173 1108
2181 2 2 0 1 1109 1173 1108
2182 2 2 0 1 1173 1174 1109
2183 2 2 0 1 1110 1174 1109
2184 2 2 0 1 1174 1175 1110
2185 2 2 0 1 1111 1175 1110
2186 2 2 0 1 1175 1176 1111
2187 2 2 0 1 1112 1176 1111
2188 2 2 0 1 1176 1177 1112
2189 2 2 0 1 1113 1177 1112
2190 2 2 0 1 1177 1178 1113
2191 2 2 0 1 1114 1178 1113
2192 2 2 0 1 1178 1179 1114
2193 2 2 0 1 1115 1179 1114
2194 2 2 0 1 1179 1180 1115
2195 2 2 0 1 1116 1180 1115
2196 2 2 0 1 1180 1181 1116
2197 2 2 0 1 1117 1181 1116
2198 2 2 0 1 1181 1182 1117
2199 2 2 0 1 1118 1182 1117
2200 2 2 0 1 1182 1183 1118
2201 2 2 0 1 1119 1183 1118
2202 2 2 0 1 1183 1184 1119
2203 2 2 0 1 1185 1184 1119
2204 2 2 0 1 1119 1185 1120
2205 2 2 0 1 1186 1185 1120
2206 2 2 0 1 1120 1186 1121
2207 2 2 0 1 1122 1186 1121
2208 2 2 0 1 1186 1187 1122
2209 2 2 0 1 1123 1187 1122
2210 2 2 0 1 1187 1188 1123
2211 2 2 0 1 1124 1188 1123
2212 2 2 0 1 1188 1189 1124
2213 2 2 0 1 1125 1189 1124
2214 2 2 0 1 1189 1190 1125
2215 2 2 0 1 1126 1190 1125
2216 2 2 0 1 1190 1191 1126
2217 2 2 0 1 1127 1191 1126
2218 2 2 0 1 1191 1192 1127
2219 2 2 0 1 1128 1192 1127
2220 2 2 0 1 1192 1193 1128
2221 2 2 0 1 1129 1193 1128
2222 2 2 0 1 1193 1194 1129
2223 2 2 0 1 1195 1194 1129
2224 2 2 0 1 1129 1195 1130
2225 2 2 0 1 1196 1195 1130
2226 2 2 0 1 1130 1196 1131
2227 2 2 0 1 1197 1196 1131
2228 2 2 0 1 1131 1197 1132
2229 2 2 0 1 1198 1197 1132
2230 2 2 0 1 1132 1198 1133
2231 2 2 0 1 1199 1198 1133
2232 2 2 0 1 1133 1199 1134
2233 2 2 0 1 1200 1199 1134
2234 2 2 0 1 1134 1200 1135
2235 2 2 0 1 1201 1200 1135
2236 2 2 0 1 1135 1201 1136
2237 2 2 0 1 1202 1201 1136
2238 2 2 0 1 1136 1202 1137
2239 2 2 0 1 1203 1202 1137
2240 2 2 0 1 1137 1203 1138
2241 2 2 0 1 1204 1203 1138
2242 2 2 0 1 1138 1204 1139
2243 2 2 0 1 1205 1204 1139
2244 2 2 0 1 1139 1205 1140
2245 2 2 0 1 1141 1205 1140
2246 2 2 0 1 1205 1206 1141
2247 2 2 0 1 1142 1206 1141
2248 2 2 0 1 1206 1207 1142
2249 2 2 0 1 1143 1207 1142
2250 2 2 0 1 1207 1208 1143
2251 2 2 0 1 1144 1208 1143
2252 2 2 0 1 1208 1209 1144
2253 2 2 0 1 1145 1209 1144
2254 2 2 0 1 1209 1210 1145
2255 2 2 0 1 1146 1210 1145
2256 2 2 0 1 1210 1211 1146
2257 2 2 0 1 1147 1211 1146
2258 2 2 0 1 1211 1212 1147
2259 2 2 0 1 1148 1212 1147
2260 2 2 0 1 1212 1213 1148
2261 2 2 0 1 1149 1213 1148
2262 2 2 0 1 1213 1214 1149
2263 2 2 0 1 1150 1214 1149
2264 2 2 0 1 1214 1215 1150
2265 2 2 0 1 1151 1215 1150
2266 2 2 0 1 1215 1216 1151
2267 2 2 0 1 1152 1216 1151
2268 2 2 0 1 1216 1217 1152
2269 2 2 0 1 1153 1217 1152
2270 2 2 0 1 1217 1218 1153
2271 2 2 0 1 1154 1218 1153
2272 2 2 0 1 1218 1219 1154
2273 2 2 0 1 1155 1219 1154
2274 2 2 0 1 1219 1220 1155
2275 2 2 0 1 1156 1220 1155
2276 2 2 0 1 1220 1221 1156
2277 2 2 0 1 1157 1221 1156
2278 2 2 0 1 1221 1222 1157
2279 2 2 0 1 1158 1222 1157
2280 2 2 0 1 1222 1223 1158
2281 2 2 0 1 1159 1223 1158
2282 2 2 0 1 1223 1224 1159
2283 2 2 0 1 1160 1224 1159
2284 2 2 0 1 1224 1225 1160
2285 2 2 0 1 1161 1225 1160
2286 2 2 0 1 1225 1226 1161
2287 2 2 0 1 1162 1226 1161
2288 2 2 0 1 1226 1227 1162
2289 2 2 0 1 1163 1227 1162
2290 2 2 0 1 1227 1228 1163
2291 2 2 0 1 1164 1228 1163
2292 2 2 0 1 1228 1229 1164
2293 2 2 0 1 1165 1229 1164
2294 2 2 0 1 1229 1230 1165
2295 2 2 0 1 1166 1230 1165
2296 2 2 0 1 1230 1231 1166
2297 2 2 0 1 1167 1231 1166
2298 2 2 0 1 1231 1232 1167
2299 2 2 0 1 1168 1232 1167
2300 2 2 0 1 1232 1233 1168
2301 2 2 0 1 1169 1233 1168
2302 2 2 0 1 1233 1234 1169
2303 2 2 0 1 1170 1234 1169
2304 2 2 0 1 1234 1235 1170
2305 2 2 0 1 1172 1236 1171
2306 2 2 0 1 1236 1237 1172
2307 2 2 0 1 1173 1237 1172
2308 2 2 0 1 1237 1238 1173
2309 2 2 0 1 1174 1238 1173
2310 2 2 0 1 1238 1239 1174
2311 2 2 0 1 1175 1239 1174
2312 2 2 0 1 1239 1240 1175
2313 2 2 0 1 1176 1240 1175
2314 2 2 0 1 1240 1241 1176
2315 2 2 0 1 1177 1241 1176
2316 2 2 0 1 1241 1242 1177
2317 2 2 0 1 1178 1242 1177
2318 2 2 0 1 1242 1243 1178
2319 2 2 0 1 1179 1243 1178
2320 2 2 0 1 1243 1244 1179
2321 2 2 0 1 1180 1244 1179
2322 2 2 0 1 1244 1245 1180
2323 2 2 0 1 1181 1245 1180
2324 2 2 0 1 1245 1246 1181
2325 2 2 0 1 1182 1246 1181
2326 2 2 0 1 1246 1247 1182
2327 2 2 0 1 1183 1247 1182
2328 2 2 0 1 1247 1248 1183
2329 2 2 0 1 1184 1248 1183
2330 2 2 0 1 1248 1249 1184
2331 2 2 0 1 1250 1249 1184
2332 2 2 0 1 1184 1250 1185
2333 2 2 0 1 1251 1250 1185
2334 2 2 0 1 1185 1251 1186
2335 2 2 0 1 1187 1251 1186
2336 2 2 0 1 1251 1252 1187
2337 2 2 0 1 1188 1252 1187
2338 2 2 0 1 1252 1253 1188
2339 2 2 0 1 1189 1253 1188
2340 2 2 0 1 1253 1254 1189
2341 2 2 0 1 1190 1254 1189
2342 2 2 0 1 1254 1255 1190
2343 2 2 0 1 1191 1255 1190
2344 2 2 0 1 1255 1256 1191
2345 2 2 0 1 1192 1256 1191
2346 2 2 0 1 1256 1257 1192
2347 2 2 0 1 1193 1257 1192
2348 2 2 0 1 1257 1258 1193
2349 2 2 0 1 1194 1258 1193
2350 2 2 0 1 1258 1259 1194
2351 2 2 0 1 1260 1259 1194
2352 2 2 0 1 1194 1260 1195
2353 2 2 0 1 1261 1260 1195
2354 2 2 0 1 1195 1261 1196
2355 2 2 0 1 1262 1261 1196
2356 2 2 0 1 1196 1262 1197
2357 2 2 0 1 1263 1262 1197
2358 2 2 0 1 1197 1263 1198
2359 2 2 0 1 1264 1263 1198
2360 2 2 0 1 1198 1264 1199
2361 2 2 0 1 1265 1264 1199
2362 2 2 0 1 1199 1265 1200
2363 2 2 0 1 1266 1265 1200
2364 2 2 0 1 1200 1266 1201
2365 2 2 0 1 1267 1266 1201
2366 2 2 0 1 1201 1267 1202
2367 2 2 0 1 1268 1267 1202
2368 2 2 0 1 1202 1268 1203
2369 2 2 0 1 1269 1268 1203
2370 2 2 0 1 1203 1269 1204
2371 2 2 0 1 1270 1269 1204
2372 2 2 0 1 1204 1270 1205
2373 2 2 0 1 1206 1270 1205
2374 2 2 0 1 1270 1271 1206
2375 2 2 0 1 1207 1271 1206
2376 2 2 0 1 1271 1272 1207
2377 2 2 0 1 1208 1272 1207
2378 2 2 0 1 1272 1273 1208
2379 2 2 0 1 1209 1273 1208
2380 2 2 0 1 1273 1274 1209
2381 2 2 0 1 1210 1274 1209
2382 2 2 0 1 1274 1275 1210
2383 2 2 0 1 1211 1275 1210
2384 2 2 0 1 1275 1276 1211
2385 2 2 0 1 1212 1276 1211
2386 2 2 0 1 1276 1277 1212
2387 2 2 0 1 1213 1277 1212
2388 2 2 0 1 1277 1278 1213
2389 2 2 0 1 1214 1278 1213
2390 2 2 0 1 1278 1279 1214
2391 2 2 0 1 1215 1279 1214
2392 2 2 0 1 1279 1280 1215
2393 2 2 0 1 1216 1280 1215
2394 2 2 0 1 1280 1281 1216
2395 2 2 0 1 1217 1281 1216
2396 2 2 0 1 1281 1282 1217
2397 2 2 0 1 1218 1282 1217
2398 2 2 0 1 1282 1283 1218
2399 2 2 0 1 1219 1283 1218
2400 2 2 0 1 1283 1284 1219
2401 2 2 0 1 1220 1284 1219
2402 2 2 0 1 1284 1285 1220
2403 2 2 0 1 1221 1285 1220
2404 2 2 0 1 1285 1286 1221
2405 2 2 0 1 1222 1286 1221
2406 2 2 0 1 1286 1287 1222
2407 2 2 0 1 1223 1287 1222
2408 2 2 0 1 1287 1288 1223
2409 2 2 0 1 1224 1288 1223
2410 2 2 0 1 1288 1289 1224
2411 2 2 0 1 1225 1289 1224
2412 2 2 0 1 1289 1290 1225
2413 2 2 0 1 1226 1290 1225
2414 2 2 0 1 1290 1291 1226
2415 2 2 0 1 1227 1291 1226
2416 2 2 0 1 1291 1292 1227
2417 2 2 0 1 1228 1292 1227
2418 2 2 0 1 1292 1293 1228
2419 2 2 0 1 1229 1293 1228
2420 2 2 0 1 1293 1294 1229
2421 2 2 0 1 1230 1294 1229
2422 2 2 0 1 1294 1295 1230
2423 2 2 0 1 1231 1295 1230
2424 2 2 0 1 1295 1296 1231
2425 2 2 0 1 1232 1296 1231
2426 2 2 0 1 1296 1297 1232
2427 2 2 0 1 1233 1297 1232
2428 2 2 0 1 1297 1298 1233
2429 2 2 0 1 1234 1298 1233
2430 2 2 0 1 1298 1299 1234
2431 2 2 0 1 1235 1299 1234
2432 2 2 0 1 1299 1300 1235
2433 2 2 0 1 1237 1301 1236
2434 2 2 0 1 1301 1302 1237
2435 2 2 0 1 1238 1302 1237
2436 2 2 0 1 1302 1303 1238
2437 2 2 0 1 1239 1303 1238
2438 2 2 0 1 1303 1304 1239
2439 2 2 0 1 1240 1304 1239
2440 2 2 0 1 1304 1305 1240
2441 2 2 0 1 1241 1305 1240
2442 2 2 0 1 1305 1306 1241
2443 2 2 0 1 1242 1306 1241
2444 2 2 0 1 1306 1307 1242
2445 2 2 0 1 1243 1307 1242
2446 2 2 0 1 1307 1308 1243
2447 2 2 0 1 1244 1308 1243
2448 2 2 0 1 1308 1309 1244
2449 2 2 0 1 1245 1309 1244
2450 2 2 0 1 1309 1310 1245
2451 2 2 0 1 1246 1310 1245
2452 2 2 0 1 1310 1311 1246
2453 2 2 0 1 1247 1311 1246
2454 2 2 0 1 1311 1312 1247
2455 2 2 0 1 1248 1312 1247
2456 2 2 0 1 1312 1313 1248
2457 2 2 0 1 1249 1313 1248
2458 2 2 0 1 1313 1314 1249
2459 2 2 0 1 1315 1314 1249
2460 2 2 0 1 1249 1315 1250
2461 2 2 0 1 1316 1315 1250
2462 2 2 0 1 1250 1316 1251
2463 2 2 0 1 1252 1316 1251
2464 2 2 0 1 1316 1317 1252
2465 2 2 0 1 1253 1317 1252
2466 2 2 0 1 1317 1318 1253
2467 2 2 0 1 1254 1318 1253
2468 2 2 0 1 1318 1319 1254
2469 2 2 0 1 1255 1319 1254
2470 2 2 0 1 1319 1320 1255
2471 2 2 0 1 1256 1320 1255
2472 2 2 0 1 1320 1321 1256
2473 2 2 0 1 1257 1321 1256
2474 2 2 0 1 1321 1322 1257
2475 2 2 0 1 1258 1322 1257
2476 2 2 0 1 1322 1323 1258
2477 2 2 0 1 1259 1323 1258
2478 2 2 0 1 1323 1324 1259
2479 2 2 0 1 1325 1324 1259
2480 2 2 0 1 1259 1325 1260
2481 2 2 0 1 1326 1325 1260
2482 2 2 0 1 1260 1326 1261
2483 2 2 0 1 1327 1326 1261
2484 2 2 0 1 1261 1327 1262
2485 2 2 0 1 1328 1327 1262
2486 2 2 0 1 1262 1328 1263
2487 2 2 0 1 1329 1328 1263
2488 2 2 0 1 1263 1329 1264
2489 2 2 0 1 1330 1329 1264
2490 2 2 0 1 1264 1330 1265
2491 2 2 0 1 1331 1330 1265
2492 2 2 0 1 1265 1331 1266
2493 2 2 0 1 1332 1331 1266
2494 2 2 0 1 1266 1332 1267
2495 2 2 0 1 1333 1332 1267
2496 2 2 0 1 1267 1333 1268
2497 2 2 0 1 1334 1333 1268
2498 2 2 0 1 1268 1334 1269
2499 2 2 0 1 1335 1334 1269
2500 2 2 0 1 1269 1335 1270
2501 2 2 0 1 1271 1335 1270
2502 2 2 0 1 1335 1336 1271
2503 2 2 0 1 1272 1336 1271
2504 2 2 0 1 1336 1337 1272
2505 2 2 0 1 1273 1337 1272
2506 2 2 0 1 1337 1338 1273
2507 2 2 0 1 1274 1338 1273
2508 2 2 0 1 1338 1339 1274
2509 2 2 0 1 1275 1339 1274
2510 2 2 0 1 1339 1340 1275
2511 2 2 0 1 1276 1340 1275
2512 2 2 0 1 1340 1341 1276
2513 2 2 0 1 1277 1341 1276
2514 2 2 0 1 1341 1342 1277
2515 2 2 0 1 1278 1342 1277
2516 2 2 0 1 1342 1343 1278
2517 2 2 0 1 1279 1343 1278
2518 2 2 0 1 1343 1344 1279
2519 2 2 0 1 1280 1344 1279
2520 2 2 0 1 1344 1345 1280
2521 2 2 0 1 1281 1345 1280
2522 2 2 0 1 1345 1346 1281
2523 2 2 0 1 1282 1346 1281
2524 2 2 0 1 1346 1347 1282
2525 2 2 0 1 1283 1347 1282
2526 2 2 0 1 1347 1348 1283
2527 2 2 0 1 1284 1348 1283
2528 2 2 0 1 1348 1349 1284
2529 2 2 0 1 1285 1349 1284
2530 2 2 0 1 1349 1350 1285
2531 2 2 0 1 1286 1350 1285
2532 2 2 0 1 1350 1351 1286
2533 2 2 0 1 1287 1351 1286
2534 2 2 0 1 1351 1352 1287
2535 2 2 0 1 1288 1352 1287
2536 2 2 0 1 1352 1353 1288
2537 2 2 0 1 1289 1353 1288
2538 2 2 0 1 1353 1354 1289
2539 2 2 0 1 1290 1354 1289
2540 2 2 0 1 1354 1355 1290
2541 2 2 0 1 1291 1355 1290
2542 2 2 0 1 1355 1356 1291
2543 2 2 0 1 1292 1356 1291
2544 2 2 0 1 1356 1357 1292
2545 2 2 0 1 1293 1357 1292
2546 2 2 0 1 1357 1358 1293
2547 2 2 0 1 1294 1358 1293
2548 2 2 0 1 1358 1359 1294
2549 2 2 0 1 1295 1359 1294
2550 2 2 0 1 1359 1360 1295
2551 2 2 0 1 1296 1360 1295
2552 2 2 0 1 1360 1361 1296
2553 2 2 0 1 1297 1361 1296
2554 2 2 0 1 1361 1362 1297
2555 2 2 0 1 1298 1362 1297
2556 2 2 0 1 1362 1363 1298
2557 2 2 0 1 1299 1363 1298
2558 2 2 0 1 1363 1364 1299
2559 2 2 0 1 1300 1364 1299
2560 2 2 0 1 1364 1365 1300
2561 2 2 0 1 1302 1366 1301
2562 2 2 0 1 1366 1367 1302
2563 2 2 0 1 1303 1367 1302
2564 2 2 0 1 1367 1368 1303
2565 2 2 0 1 1304 1368 1303
2566 2 2 0 1 1368 1369 1304
2567 2 2 0 1 1305 1369 1304
2568 2 2 0 1 1369 1370 1305
2569 2 2 0 1 1306 1370 1305
2570 2 2 0 1 1370 1371 1306
2571 2 2 0 1 1307 1371 1306
2572 2 2 0 1 1371 1372 1307
2573 2 2 0 1 1308 1372 1307
2574 2 2 0 1 1372 1373 1308
2575 2 2 0 1 1309 1373 1308
2576 2 2 0 1 1373 1374 1309
2577 2 2 0 1 1310 1374 1309
2578 2 2 0 1 1374 1375 1310
2579 2 2 0 1 1311 1375 1310
2580 2 2 0 1 1375 1376 1311
2581 2 2 0 1 1312 1376 1311
2582 2 2 0 1 1376 1377 1312
2583 2 2 0 1 1313 1377 1312
2584 2 2 0 1 1377 1378 1313
2585 2 2 0 1 1314 1378 1313
2586 2 2 0 1 1378 1379 1314
2587 2 2 0 1 1380 1379 1314
2588 2 2 0 1 1314 1380 1315
2589 2 2 0 1 1381 1380 1315
2590 2 2 0 1 1315 1381 1316
2591 2 2 0 1 1317 1381 1316
2592 2 2 0 1 1381 1382 1317
2593 2 2 0 1 1318 1382 1317
2594 2 2 0 1 1382 1383 1318
2595 2 2 0 1 1319 1383 1318
2596 2 2 0 1 1383 1384 1319
2597 2 2 0 1 1320 1384 1319
2598 2 2 0 1 1384 1385 1320
2599 2 2 0 1 1321 1385 1320
2600 2 2 0 1 1385 1386 1321
2601 2 2 0 1 1322 1386 1321
2602 2 2 0 1 1386 1387 1322
2603 2 2 0 1 1323 1387 1322
2604 2 2 0 1 1387 1388 1323
2605 2 2 0 1 1324 1388 1323
2606 2 2 0 1 1388 1389 1324
2607 2 2 0 1 1390 1389 1324
2608 2 2 0 1 1324 1390 1325
2609 2 2 0 1 1391 1390 1325
2610 2 2 0 1 1325 1391 1326
2611 2 2 0 1 1392 1391 1326
2612 2 2 0 1 1326 1392 1327
2613 2 2 0 1 1393 1392 1327
2614 2 2 0 1 1327 1393 1328
2615 2 2 0 1 1394 1393 1328
2616 2 2 0 1 1328 1394 1329
2617 2 2 0 1 1395 1394 1329
2618 2 2 0 1 1329 1395 1330
2619 2 2 0 1 1396 1395 1330
2620 2 2 0 1 1330 1396 1331
2621 2 2 0 1 1397 1396 1331
2622 2 2 0 1 1331 1397 1332
2623 2 2 0 1 1398 1397 1332
2624 2 2 0 1 1332 1398 1333
2625 2 2 0 1 1399 1398 1333
2626 2 2 0 1 1333 1399 1334
2627 2 2 0 1 1400 1399 1334
2628 2 2 0 1 1334 1400 1335
2629 2 2 0 1 1336 1400 1335
2630 2 2 0 1 1400 1401 1336
2631 2 2 0 1 1337 1401 1336
2632 2 2 0 1 1401 1402 1337
2633 2 2 0 1 1338 1402 1337
2634 2 2 0 1 1402 1403 1338
2635 2 2 0 1 1339 1403 1338
2636 2 2 0 1 1403 1404 1339
2637 2 2 0 1 1340 1404 1339
2638 2 2 0 1 1404 1405 1340
2639 2 2 0 1 1341 1405 1340
2640 2 2 0 1 1405 1406 1341
2641 2 2 0 1 1342 1406 1341
2642 2 2 0 1 1406 1407 1342
2643 2 2 0 1 1343 1407 1342
2644 2 2 0 1 1407 1408 1343
2645 2 2 0 1 1344 1408 1343
2646 2 2 0 1 1408 1409 1344
2647 2 2 0 1 1345 1409 1344
2648 2 2 0 1 1409 1410 1345
2649 2 2 0 1 1346 1410 1345
2650 2 2 0 1 1410 1411 1346
2651 2 2 0 1 1347 1411 1346
2652 2 2 0 1 1411 1412 1347
2653 2 2 0 1 1348 1412 1347
2654 2 2 0 1 1412 1413 1348
2655 2 2 0 1 1349 1413 1348
2656 2 2 0 1 1413 1414 1349
2657 2 2 0 1 1350 1414 1349
2658 2 2 0 1 1414 1415 1350
2659 2 2 0 1 1351 1415 1350
2660 2 2 0 1 1415 1416 1351
2661 2 2 0 1 1352 1416 1351
2662 2 2 0 1 1416 1417 1352
2663 2 2 0 1 1353 1417 1352
2664 2 2 0 1 1417 1418 1353
2665 2 2 0 1 1354 1418 1353
2666 2 2 0 1 1418 1419 1354
2667 2 2 0 1 1355 1419 1354
2668 2 2 0 1 1419 1420 1355
2669 2 2 0 1 1356 1420 1355
2670 2 2 0 1 1420 1421 1356
2671 2 2 0 1 1357 1421 1356
2672 2 2 0 1 1421 1422 1357
2673 2 2 0 1 1358 1422 1357
2674 2 2 0 1 1422 1423 1358
2675 2 2 0 1 1359 1423 1358
2676 2 2 0 1 1423 1424 1359
2677 2 2 0 1 1360 1424 1359
2678 2 2 0 1 1424 1425 1360
2679 2 2 0 1 1361 1425 1360
2680 2 2 0 1 1425 1426 1361
2681 2 2 0 1 1362 1426 1361
2682 2 2 0 1 1426 1427 1362
2683 2 2 0 1 1363 1427 1362
2684 2 2 0 1 1427 1428 1363
2685 2 2 0 1 1364 1428 1363
2686 2 2 0 1 1428 1429 1364
2687 2 2 0 1 1365 1429 1364
2688 2 2 0 1 1429 1430 1365
2689 2 2 0 1 1367 1431 1366
2690 2 2 0 1 1431 1432 1367
2691 2 2 0 1 1368 1432 1367
2692 2 2 0 1 1432 1433 1368
2693 2 2 0 1 1369 1433 1368
2694 2 2 0 1 1433 1434 1369
2695 2 2 0 1 1370 1434 1369
2696 2 2 0 1 1434 1435 1370
2697 2 2 0 1 1371 1435 1370
2698 2 2 0 1 1435 1436 1371
2699 2 2 0 1 1372 1436 1371
2700 2 2 0 1 1436 1437 1372
2701 2 2 0 1 1373 1437 1372
2702 2 2 0 1 1437 1438 1373
2703 2 2 0 1 1374 1438 1373
2704 2 2 0 1 1438 1439 1374
2705 2 2 0 1 1375 1439 1374
2706 2 2 0 1 1439 1440 1375
2707 2 2 0 1 1376 1440 1375
2708 2 2 0 1 1440 1441 1376
2709 2 2 0 1 1377 1441 1376
2710 2 2 0 1 1441 1442 1377
2711 2 2 0 1 1378 1442 1377
2712 2 2 0 1 1442 1443 1378
2713 2 2 0 1 1379 1443 1378
2714 2 2 0 1 1443 1444 1379
2715 2 2 0 1 1445 1444 1379
2716 2 2 0 1 1379 1445 1380
2717 2 2 0 1 1446 1445 1380
2718 2 2 0 1 1380 1446 1381
2719 2 2 0 1 1382 1446 1381
2720 2 2 0 1 1446 1447 1382
2721 2 2 0 1 1383 1447 1382
2722 2 2 0 1 1447 1448 1383
2723 2 2 0 1 1384 1448 1383
2724 2 2 0 1 1448 1449 1384
2725 2 2 0 1 1385 1449 1384
2726 2 2 0 1 1449 1450 1385
2727 2 2 0 1 1386 1450 1385
2728 2 2 0 1 1450 1451 1386
2729 2 2 0 1 1387 1451 1386
2730 2 2 0 1 1451 1452 1387
2731 2 2 0 1 1388 1452 1387
2732 2 2 0 1 1452 1453 1388
2733 2 2 0 1 1389 1453 1388
2734 2 2 0 1 1453 1454 1389
2735 2 2 0 1 1455 1454 1389
2736 2 2 0 1 1389 1455 1390
2737 2 2 0 1 1456 1455 1390
2738 2 2 0 1 1390 1456 1391
2739 2 2 0 1 1457 1456 1391
2740 2 2 0 1 1391 1457 1392
2741 2 2 0 1 1458 1457 1392
2742 2 2 0 1 1392 1458 1393
2743 2 2 0 1 1459 1458 1393
2744 2 2 0 1 1393 1459 1394
2745 2 2 0 1 1460 1459 1394
2746 2 2 0 1 1394 1460 1395
2747 2 2 0 1 1461 1460 1395
2748 2 2 0 1 1395 1461 1396
2749 2 2 0 1 1462 1461 1396
2750 2 2 0 1 1396 1462 1397
2751 2 2 0 1 1463 1462 1397
2752 2 2 0 1 1397 1463 1398
2753 2 2 0 1 1464 1463 1398
2754 2 2 0 1 1398 1464 1399
2755 2 2 0 1 1465 1464 1399
2756 2 2 0 1 1399 1465 1400
2757 2 2 0 1 1401 1465 1400
2758 2 2 0 1 1465 1466 1401
2759 2 2 0 1 1402 1466 1401
2760 2 2 0 1 1466 1467 1402
2761 2 2 0 1 1403 1467 1402
2762 2 2 0 1 1467 1468 1403
2763 2 2 0 1 1404 1468 1403
2764 2 2 0 1 1468 1469 1404
2765 2 2 0 1 1405 1469 1404
2766 2 2 0 1 1469 1470 1405
2767 2 2 0 1 1406 1470 1405
2768 2 2 0 1 1470 1471 1406
2769 2 2 0 1 1407 1471 1406
2770 2 2 0 1 1471 1472 1407
2771 2 2 0 1 1408 1472 1407
2772 2 2 0 1 1472 1473 1408
2773 2 2 0 1 1409 1473 1408
2774 2 2 0 1 1473 1474 1409
2775 2 2 0 1 1410 1474 1409
2776 2 2 0 1 1474 1475 1410
2777 2 2 0 1 1411 1475 1410
2778 2 2 0 1 1475 1476 1411
2779 2 2 0 1 1412 1476 1411
2780 2 2 0 1 1476 1477 1412
2781 2 2 0 1 1413 1477 1412
2782 2 2 0 1 1477 1478 1413
2783 2 2 0 1 1414 1478 1413
2784 2 2 0 1 1478 1479 1414
2785 2 2 0 1 1415 1479 1414
2786 2 2 0 1 1479 1480 1415
2787 2 2 0 1 1416 1480 1415
2788 2 2 0 1 1480 1481 1416
2789 2 2 0 1 1417 1481 1416
2790 2 2 0 1 1481 1482 1417
2791 2 2 0 1 1418 1482 1417
2792 2 2 0 1 1482 1483 1418
2793 2 2 0 1 1419 1483 1418
2794 2 2 0 1 1483 1484 1419
2795 2 2 0 1 1420 1484 1419
2796 2 2 0 1 1484 1485 1420
2797 2 2 0 1 1421 1485 1420
2798 2 2 0 1 1485 1486 1421
2799 2 2 0 1 1422 1486 1421
2800 2 2 0 1 1486 1487 1422
2801 2 2 0 1 1423 1487 1422
2802 2 2 0 1 1487 1488 1423
2803 2 2 0 1 1424 1488 1423
2804 2 2 0 1 1488 1489 1424
2805 2 2 0 1 1425 1489 1424
2806 2 2 0 1 1489 1490 1425
2807 2 2 0 1 1426 1490 1425
2808 2 2 0 1 1490 1491 1426
2809 2 2 0 1 1427 1491 1426
2810 2 2 0 1 1491 1492 1427
2811 2 2 0 1 1428 1492 1427
2812 2 2 0 1 1492 1493 1428
2813 2 2 0 1 1429 1493 1428
2814 2 2 0 1 1493 1494 1429
2815 2 2 0 1 1430 1494 1429
2816 2 2 0 1 1494 1495 1430
2817 2 2 0 1 1432 1496 1431
2818 2 2 0 1 1496 1497 1432
2819 2 2 0 1 1433 1497 1432
2820 2 2 0 1 1497 1498 1433
2821 2 2 0 1 1434 1498 1433
2822 2 2 0 1 1498 1499 1434
2823 2 2 0 1 1435 1499 1434
2824 2 2 0 1 1499 1500 1435
2825 2 2 0 1 1436 1500 1435
2826 2 2 0 1 1500 1501 1436
2827 2 2 0 1 1437 1501 1436
2828 2 2 0 1 1501 1502 1437
2829 2 2 0 1 1438 1502 1437
2830 2 2 0 1 1502 1503 1438
2831 2 2 0 1 1439 1503 1438
2832 2 2 0 1 1503 1504 1439
2833 2 2 0 1 1440 1504 1439
2834 2 2 0 1 1504 1505 1440
2835 2 2 0 1 1441 1505 1440
2836 2 2 0 1 1505 1506 1441
2837 2 2 0 1 1442 1506 1441
2838 2 2 0 1 1506 1507 1442
2839 2 2 0 1 1443 1507 1442
2840 2 2 0 1 1507 1508 1443
2841 2 2 0 1 1509 1508 1443
2842 2 2 0 1 1443 1509 1444
2843 2 2 0 1 1510 1509 1444
2844 2 2 0 1 1444 1510 1445
2845 2 2 0 1 1511 1510 1445
2846 2 2 0 1 1445 1511 1446
2847 2 2 0 1 1447 1511 1446
2848 2 2 0 1 1511 1512 1447
2849 2 2 0 1 1448 1512 1447
2850 2 2 0 1 1512 1513 1448
2851 2 2 0 1 1449 1513 1448
2852 2 2 0 1 1513 1514 1449
2853 2 2 0 1 1450 1514 1449
2854 2 2 0 1 1514 1515 1450
2855 2 2 0 1 1451 1515 1450
2856 2 2 0 1 1515 1516 1451
2857 2 2 0 1 1452 1516 1451
2858 2 2 0 1 1516 1517 1452
2859 2 2 0 1 1453 1517 1452
2860 2 2 0 1 1517 1518 1453
2861 2 2 0 1 1454 1518 1453
2862 2 2 0 1 1518 1519 1454
2863 2 2 0 1 1520 1519 1454
2864 2 2 0 1 1454 1520 1455
2865 2 2 0 1 1521 1520 1455
2866 2 2 0 1 1455 1521 1456
2867 2 2 0 1 1522 1521 1456
2868 2 2 0 1 1456 1522 1457
2869 2 2 0 1 1523 1522 1457
2870 2 2 0 1 1457 1523 1458
2871 2 2 0 1 1524 1523 1458
2872 2 2 0 1 1458 1524 1459
2873 2 2 0 1 1525 1524 1459
2874 2 2 0 1 1459 1525 1460
2875 2 2 0 1 1526 1525 1460
2876 2 2 0 1 1460 1526 1461
2877 2 2 0 1 1527 1526 1461
2878 2 2 0 1 1461 1527 1462
2879 2 2 0 1 1528 1527 1462
2880 2 2 0 1 1462 1528 1463
2881 2 2 0 1 1529 1528 1463
2882 2 2 0 1 1463 1529 1464
2883 2 2 0 1 1530 1529 1464
2884 2 2 0 1 1464 1530 1465
2885 2 2 0 1 1466 1530 1465
2886 2 2 0 1 1530 1531 1466
2887 2 2 0 1 1467 1531 1466
2888 2 2 0 1 1531 1532 1467
2889 2 2 0 1 1468 1532 1467
2890 2 2 0 1 1532 1533 1468
2891 2 2 0 1 1469 1533 1468
2892 2 2 0 1 1533 1534 1469
2893 2 2 0 1 1470 1534 1469
2894 2 2 0 1 1534 1535 1470
2895 2 2 0 1 1471 1535 1470
2896 2 2 0 1 1535 1536 1471
2897 2 2 0 1 1472 1536 1471
2898 2 2 0 1 1536 1537 1472
2899 2 2 0 1 1473 1537 1472
2900 2 2 0 1 1537 1538 1473
2901 2 2 0 1 1474 1538 1473
2902 2 2 0 1 1538 1539 1474
2903 2 2 0 1 1475 1539 1474
2904 2 2 0 1 1539 1540 1475
2905 2 2 0 1 1476 1540 1475
2906 2 2 0 1 1540 1541 1476
2907 2 2 0 1 1477 1541 1476
2908 2 2 0 1 1541 1542 1477
2909 2 2 0 1 1478 1542 1477
2910 2 2 0 1 1542 1543 1478
2911 2 2 0 1 1479 1543 1478
2912 2 2 0 1 1543 1544 1479
2913 2 2 0 1 1480 1544 1479
2914 2 2 0 1 1544 1545 1480
2915 2 2 0 1 1481 1545 1480
2916 2 2 0 1 1545 1546 1481
2917 2 2 0 1 1482 1546 1481
2918 2 2 0 1 1546 1547 1482
2919 2 2 0 1 1483 1547 1482
2920 2 2 0 1 1547 1548 1483
2921 2 2 0 1 1484 1548 1483
2922 2 2 0 1 1548 1549 1484
2923 2 2 0 1 1485 1549 1484
2924 2 2 0 1 1549 1550 1485
2925 2 2 0 1 1486 1550 1485
2926 2 2 0 1 1550 1551 1486
2927 2 2 0 1 1487 1551 1486
2928 2 2 0 1 1551 1552 1487
2929 2 2 0 1 1488 1552 1487
2930 2 2 0 1 1552 1553 1488
2931 2 2 0 1 1489 1553 1488
2932 2 2 0 1 1553 1554 1489
2933 2 2 0 1 1490 1554 1489
2934 2 2 0 1 1554 1555 1490
2935 2 2 0 1 1491 1555 1490
2936 2 2 0 1 1555 1556 1491
2937 2 2 0 1 1492 1556 1491
2938 2 2 0 1 1556 1557 1492
2939 2 2 0 1 1493 1557 1492
2940 2 2 0 1 1557 1558 1493
2941 2 2 0 1 1494 1558 1493
2942 2 2 0 1 1558 1559 1494
2943 2 2 0 1 1495 1559 1494
2944 2 2 0 1 1559 1560 1495
2945 2 2 0 1 1497 1561 1496
2946 2 2 0 1 1561 1562 1497
2947 2 2 0 1 1498 1562 1497
2948 2 2 0 1 1562 1563 1498
2949 2 2 0 1 1499 1563 1498
2950 2 2 0 1 1563 1564 1499
2951 2 2 0 1 1500 1564 1499
2952 2 2 0 1 1564 1565 1500
2953 2 2 0 1 1501 1565 1500
2954 2 2 0 1 1565 1566 1501
2955 2 2 0 1 1502 1566 1501
2956 2 2 0 1 1566 1567 1502
2957 2 2 0 1 1503 1567 1502
2958 2 2 0 1 1567 1568 1503
2959 2 2 0 1 1504 1568 1503
2960 2 2 0 1 1568 1569 1504
2961 2 2 0 1 1505 1569 1504
2962 2 2 0 1 1569 1570 1505
2963 2 2 0 1 1506 1570 1505
2964 2 2 0 1 1570 1571 1506
2965 2 2 0 1 1507 1571 1506
2966 2 2 0 1 1571 1572 1507
2967 2 2 0 1 1508 1572 1507
2968 2 2 0 1 1572 1573 1508
2969 2 2 0 1 1574 1573 1508
2970 2 2 0 1 1508 1574 1509
2971 2 2 0 1 1575 1574 1509
2972 2 2 0 1 1509 1575 1510
2973 2 2 0 1 1576 1575 1510
2974 2 2 0 1 1510 1576 1511
2975 2 2 0 1 1512 1576 1511
2976 2 2 0 1 1576 1577 1512
2977 2 2 0 1 1513 1577 1512
2978 2 2 0 1 1577 1578 1513
2979 2 2 0 1 1514 1578 1513
2980 2 2 0 1 1578 1579 1514
2981 2 2 0 1 1515 1579 1514
2982 2 2 0 1 1579 1580 1515
2983 2 2 0 1 1516 1580 1515
2984 2 2 0 1 1580 1581 1516
2985 2 2 0 1 1517 1581 1516
2986 2 2 0 1 1581 1582 1517
2987 2 2 0 1 1518 1582 1517
2988 2 2 0 1 1582 1583 1518
2989 2 2 0 1 1519 1583 1518
2990 2 2 0 1 1583 1584 1519
2991 2 2 0 1 1585 1584 1519
2992 2 2 0 1 1519 1585 1520
2993 2 2 0 1 1586 1585 1520
2994 2 2 0 1 1520 1586 1521
2995 2 2 0 1 1587 1586 1521
2996 2 2 0 1 1521 1587 1522
2997 2 2 0 1 1588 1587 1522
2998 2 2 0 1 1522 1588 1523
2999 2 2 0 1 1589 1588 1523
3000 2 2 0 1 1523 1589 1524
3001 2 2 0 1 1590 1589 1524
3002 2 2 0 1 1524 1590 1525
3003 2 2 0 1 1591 1590 1525
3004 2 2 0 1 1525 1591 1526
3005 2 2 0 1 1592 1591 1526
3006 2 2 0 1 1526 1592 1527
3007 2 2 0 1 1593 1592 1527
3008 2 2 0 1 1527 1593 1528
3009 2 2 0 1 1594 1593 1528
3010 2 2 0 1 1528 1594 1529
3011 2 2 0 1 1595 1594 1529
3012 2 2 0 1 1529 1595 1530
3013 2 2 0 1 1531 1595 1530
3014 2 2 0 1 1595 1596 1531
3015 2 2 0 1 1532 1596 1531
3016 2 2 0 1 1596 1597 1532
3017 2 2 0 1 1533 1597 1532
3018 2 2 0 1 1597 1598 1533
3019 2 2 0 1 1534 1598 1533
3020 2 2 0 1 1598 1599 1534
3021 2 2 0 1 1535 1599 1534
3022 2 2 0 1 1599 1600 1535
3023 2 2 0 1 1536 1600 1535
3024 2 2 0 1 1600 1601 1536
3025 2 2 0 1 1537 1601 1536
3026 2 2 0 1 1601 1602 1537
3027 2 2 0 1 1538 1602 1537
3028 2 2 0 1 1602 1603 1538
3029 2 2 0 1 1539 1603 1538
3030 2 2 0 1 1603 1604 1539
3031 2 2 0 1 1540 1604 1539
3032 2 2 0 1 1604 1605 1540
3033 2 2 0 1 1541 1605 1540
3034 2 2 0 1 1605 1606 1541
3035 2 2 0 1 1542 1606 1541
3036 2 2 0 1 1606 1607 1542
3037 2 2 0 1 1543 1607 1542
3038 2 2 0 1 1607 1608 1543
3039 2 2 0 1 1544 1608 1543
3040 2 2 0 1 1608 1609 1544
3041 2 2 0 1 1545 1609 1544
3042 2 2 0 1 1609 1610 1545
3043 2 2 0 1 1546 1610 1545
3044 2 2 0 1 1610 1611 1546
3045 2 2 0 1 1547 1611 1546
3046 2 2 0 1 1611 1612 1547
3047 2 2 0 1 1548 1612 1547
3048 2 2 0 1 1612 1613 1548
3049 2 2 0 1 1549 1613 1548
3050 2 2 0 1 1613 1614 1549
3051 2 2 0 1 1550 1614 1549
3052 2 2 0 1 1614 1615 1550
3053 2 2 0 1 1551 1615 1550
3054 2 2 0 1 1615 1616 1551
3055 2 2 0 1 1552 1616 1551
3056 2 2 0 1 1616 1617 1552
3057 2 2 0 1 1553 1617 1552
3058 2 2 0 1 1617 1618 1553
3059 2 2 0 1 1554 1618 1553
3060 2 2 0 1 1618 1619 1554
3061 2 2 0 1 1555 1619 1554
3062 2 2 0 1 1619 1620 1555
3063 2 2 0 1 1556 1620 1555
3064 2 2 0 1 1620 1621 1556
3065 2 2 0 1 1557 1621 1556
3066 2 2 0 1 1621 1622 1557
3067 2 2 0 1 1558 1622 1557
3068 2 2 0 1 1622 1623 1558
3069 2 2 0 1 1559 1623 1558
3070 2 2 0 1 1623 1624 1559
3071 2 2 0 1 1560 1624 1559
3072 2 2 0 1 1624 1625 1560
3073 2 2 0 1 1562 1626 1561
3074 2 2 0 1 1626 1627 1562
3075 2 2 0 1 1563 1627 1562
3076 2 2 0 1 1627 1628 1563
3077 2 2 0 1 1564 1628 1563
3078 2 2 0 1 1628 1629 1564
3079 2 2 0 1 1565 1629 1564
3080 2 2 0 1 1629 1630 1565
3081 2 2 0 1 1566 1630 1565
3082 2 2 0 1 1630 1631 1566
3083 2 2 0 1 1567 1631 1566
3084 2 2 0 1 1631 1632 1567
3085 2 2 0 1 1568 1632 1567
3086 2 2 0 1 1632 1633 1568
3087 2 2 0 1 1569 1633 1568
3088 2 2 0 1 1633 1634 1569
3089 2 2 0 1 1570 1634 1569
3090 2 2 0 1 1634 1635 1570
3091 2 2 0 1 1571 1635 1570
3092 2 2 0 1 1635 1636 1571
3093 2 2 0 1 1572 1636 1571
3094 2 2 0 1 1636 1637 1572
3095 2 2 0 1 1573 1637 1572
3096 2 2 0 1 1637 1638 1573
3097 2 2 0 1 1639 1638 1573
3098 2 2 0 1 1573 1639 1574
3099 2 2 0 1 1640 1639 1574
3100 2 2 0 1 1574 1640 1575
3101 2 2 0 1 1641 1640 1575
3102 2 2 0 1 1575 1641 1576
3103 2 2 0 1 1577 1641 1576
3104 2 2 0 1 1641 1642 1577
3105 2 2 0 1 1578 1642 1577
3106 2 2 0 1 1642 1643 1578
3107 2 2 0 1 1579 1643 1578
3108 2 2 0 1 1643 1644 1579
3109 2 2 0 1 1580 1644 1579
3110 2 2 0 1 1644 1645 1580
3111 2 2 0 1 1581 1645 1580
3112 2 2 0 1 1645 1646 1581
3113 2 2 0 1 1582 1646 1581
3114 2 2 0 1 1646 1647 1582
3115 2 2 0 1 1583 1647 1582
3116 2 2 0 1 1647 1648 1583
3117 2 2 0 1 1584 1648 1583
3118 2 2 0 1 1648 1649 1584
3119 2 2 0 1 1650 1649 1584
3120 2 2 0 1 1584 1650 1585
3121 2 2 0 1 1651 1650 1585
3122 2 2 0 1 1585 1651 1586
3123 2 2 0 1 1652 1651 1586
3124 2 2 0 1 1586 1652 1587
3125 2 2 0 1 1653 1652 1587
3126 2 2 0 1 1587 1653 1588
3127 2 2 0 1 1654 1653 1588
3128 2 2 0 1 1588 1654 1589
3129 2 2 0 1 1655 1654 1589
3130 2 2 0 1 1589 1655 1590
3131 2 2 0 1 1656 1655 1590
3132 2 2 0 1 1590 1656 1591
3133 2 2 0 1 1657 1656 1591
3134 2 2 0 1 1591 1657 1592
3135 2 2 0 1 1658 1657 1592
3136 2 2 0 1 1592 1658 1593
3137 2 2 0 1 1659 1658 1593
3138 2 2 0 1 1593 1659 1594
3139 2 2 0 1 1660 1659 1594
3140 2 2 0 1 1594 1660 1595
3141 2 2 0 1 1596 1660 1595
3142 2 2 0 1 1660 1661 1596
3143 2 2 0 1 1597 1661 1596
3144 2 2 0 1 1661 1662 1597
3145 2 2 0 1 1598 1662 1597
3146 2 2 0 1 1662 1663 1598
3147 2 2 0 1 1599 1663 1598
3148 2 2 0 1 1663 1664 1599
3149 2 2 0 1 1600 1664 1599
3150 2 2 0 1 1664 1665 1600
3151 2 2 0 1 1601 1665 1600
3152 2 2 0 1 1665 1666 1601
3153 2 2 0 1 1602 1666 1601
3154 2 2 0 1 1666 1667 1602
3155 2 2 0 1 1603 1667 1602
3156 2 2 0 1 1667 1668 1603
3157 2 2 0 1 1604 1668 1603
3158 2 2 0 1 1668 1669 1604
3159 2 2 0 1 1605 1669 1604
3160 2 2 0 1 1669 1670 1605
3161 2 2 0 1 1606 1670 1605
3162 2 2 0 1 1670 1671 1606
3163 2 2 0 1 1607 1671 1606
3164 2 2 0 1 1671 1672 1607
3165 2 2 0 1 1608 1672 1607
3166 2 2 0 1 1672 1673 1608
3167 2 2 0 1 1609 1673 1608
3168 2 2 0 1 1673 1674 1609
3169 2 2 0 1 1610 1674 1609
3170 2 2 0 1 1674 1675 1610
3171 2 2 0 1 1611 1675 1610
3172 2 2 0 1 1675 1676 1611
3173 2 2 0 1 1612 1676 1611
3174 2 2 0 1 1676 1677 1612
3175 2 2 0 1 1613 1677 1612
3176 2 2 0 1 1677 1678 1613
3177 2 2 0 1 1614 1678 1613
3178 2 2 0 1 1678 1679 1614
3179 2 2 0 1 1615 1679 1614
3180 2 2 0 1 1679 1680 1615
3181 2 2 0 1 1616 1680 1615
3182 2 2 0 1 1680 1681 1616
3183 2 2 0 1 1617 1681 1616
3184 2 2 0 1 1681 1682 1617
3185 2 2 0 1 1618 1682 1617
3186 2 2 0 1 1682 1683 1618
3187 2 2 0 1 1619 1683 1618
3188 2 2 0 1 1683 1684 1619
3189 2 2 0 1 1620 1684 1619
3190 2 2 0 1 1684 1685 1620
3191 2 2 0 1 1621 1685 1620
3192 2 2 0 1 1685 1686 1621
3193 2 2 0 1 1622 1686 1621
3194 2 2 0 1 1686 1687 1622
3195 2 2 0 1 1623 1687 1622
3196 2 2 0 1 1687 1688 1623
3197 2 2 0 1 1624 1688 1623
3198 2 2 0 1 1688 1689 1624
3199 2 2 0 1 1625 1689 1624
3200 2 2 0 1 1689 1690 1625
3201 2 2 0 1 1627 1691 1626
3202 2 2 0 1 1691 1692 1627
3203 2 2 0 1 1628 1692 1627
3204 2 2 0 1 1692 1693 1628
3205 2 2 0 1 1629 1693 1628
3206 2 2 0 1 1693 1694 1629
3207 2 2 0 1 1630 1694 1629
3208 2 2 0 1 1694 1695 1630
3209 2 2 0 1 1631 1695 1630
3210 2 2 0 1 1695 1696 1631
3211 2 2 0 1 1632 1696 1631
3212 2 2 0 1 1696 1697 1632
3213 2 2 0 1 1633 1697 1632
3214 2 2 0 1 1697 1698 1633
3215 2 2 0 1 1634 1698 1633
3216 2 2 0 1 1698 1699 1634
3217 2 2 0 1 1635 1699 1634
3218 2 2 0 1 1699 1700 1635
3219 2 2 0 1 1636 1700 1635
3220 2 2 0 1 1700 1701 1636
3221 2 2 0 1 1637 1701 1636
3222 2 2 0 1 1701 1702 1637
3223 2 2 0 1 1638 1702 1637
3224 2 2 0 1 1702 1703 1638
3225 2 2 0 1 1704 1703 1638
3226 2 2 0 1 1638 1704 1639
3227 2 2 0 1 1705 1704 1639
3228 2 2 0 1 1639 1705 1640
3229 2 2 0 1 1706 1705 1640
3230 2 2 0 1 1640 1706 1641
3231 2 2 0 1 1642 1706 1641
3232 2 2 0 1 1706 1707 1642
3233 2 2 0 1 1643 1707 1642
3234 2 2 0 1 1707 1708 1643
3235 2 2 0 1 1644 1708 1643
3236 2 2 0 1 1708 1709 1644
3237 2 2 0 1 1645 1709 1644
3238 2 2 0 1 1709 1710 1645
3239 2 2 0 1 1646 1710 1645
3240 2 2 0 1 1710 1711 1646
3241 2 2 0 1 1647 1711 1646
3242 2 2 0 1 1711 1712 1647
3243 2 2 0 1 1648 1712 1647
3244 2 2 0 1 1712 1713 1648
3245 2 2 0 1 1649 1713 1648
3246 2 2 0 1 1713 1714 1649
3247 2 2 0 1 1715 1714 1649
3248 2 2 0 1 1649 1715 1650
3249 2 2 0 1 1716 1715 1650
3250 2 2 0 1 1650 1716 1651
3251 2 2 0 1 1717 1716 1651
3252 2 2 0 1 1651 1717 1652
3253 2 2 0 1 1718 1717 1652
3254 2 2 0 1 1652 1718 1653
3255 2 2 0 1 1719 1718 1653
3256 2 2 0 1 1653 1719 1654
3257 2 2 0 1 1720 1719 1654
3258 2 2 0 1 1654 1720 1655
3259 2 2 0 1 1721 1720 1655
3260 2 2 0 1 1655 1721 1656
3261 2 2 0 1 1722 1721 1656
3262 2 2 0 1 1656 1722 1657
3263 2 2 0 1 1723 1722 1657
3264 2 2 0 1 1657 1723 1658
3265 2 2 0 1 1724 1723 1658
3266 2 2 0 1 1658 1724 1659
3267 2 2 0 1 1725 1724 1659
3268 2 2 0 1 1659 1725 1660
3269 2 2 0 1 1661 1725 1660
3270 2 2 0 1 1725 1726 1661
3271 2 2 0 1 1662 1726 1661
3272 2 2 0 1 1726 1727 1662
3273 2 2 0 1 1663 1727 1662
3274 2 2 0 1 1727 1728 1663
3275 2 2 0 1 1664 1728 1663
3276 2 2 0 1 1728 1729 1664
3277 2 2 0 1 1665 1729 1664
3278 2 2 0 1 1729 1730 1665
3279 2 2 0 1 1666 1730 1665
3280 2 2 0 1 1730 1731 1666
3281 2 2 0 1 1667 1731 1666
3282 2 2 0 1 1731 1732 1667
3283 2 2 0 1 1668 1732 1667
3284 2 2 0 1 1732 1733 1668
3285 2 2 0 1 1669 1733 1668
3286 2 2 0 1 1733 1734 1669
3287 2 2 0 1 1670 1734 1669
3288 2 2 0 1 1734 1735 1670
3289 2 2 0 1 1671 1735 1670
3290 2 2 0 1 1735 1736 1671
3291 2 2 0 1 1672 1736 1671
3292 2 2 0 1 1736 1737 1672
3293 2 2 0 1 1673 1737 1672
3294 2 2 0 1 1737 1738 1673
3295 2 2 0 1 1674 1738 1673
3296 2 2 0 1 1738 1739 1674
3297 2 2 0 1 1675 1739 1674
3298 2 2 0 1 1739 1740 1675
3299 2 2 0 1 1676 1740 1675
3300 2 2 0 1 1740 1741 1676
3301 2 2 0 1 1677 1741 1676
3302 2 2 0 1 1741 1742 1677
3303 2 2 0 1 1678 1742 1677
3304 2 2 0 1 1742 1743 1678
3305 2 2 0 1 1679 1743 1678
3306 2 2 0 1 1743 1744 1679
3307 2 2 0 1 1680 1744 1679
3308 2 2 0 1 1744 1745 1680
3309 2 2 0 1 1681 1745 1680
3310 2 2 0 1 1745 1746 1681
3311 2 2 0 1 1682 1746 1681
3312 2 2 0 1 1746 1747 1682
3313 2 2 0 1 1683 1747 1682
3314 2 2 0 1 1747 1748 1683
3315 2 2 0 1 1684 1748 1683
3316 2 2 0 1 1748 1749 1684
3317 2 2 0 1 1685 1749 1684
3318 2 2 0 1 1749 1750 1685
3319 2 2 0 1 1686 1750 1685
3320 2 2 0 1 1750 1751 1686
3321 2 2 0 1 1687 1751 1686
3322 2 2 0 1 1751 1752 1687
3323 2 2 0 1 1688 1752 1687
3324 2 2 0 1 1752 1753 1688
3325 2 2 0 1 1689 1753 1688
3326 2 2 0 1 1753 1754 1689
3327 2 2 0 1 1690 1754 1689
3328 2 2 0 1 1754 1755 1690
3329 2 2 0 1 1692 1756 1691
3330 2 2 0 1 1756 1757 1692
3331 2 2 0 1 1693 1757 1692
3332 2 2 0 1 1757 1758 1693
3333 2 2 0 1 1694 1758 1693
3334 2 2 0 1 1758 1759 1694
3335 2 2 0 1 1695 1759 1694
3336 2 2 0 1 1759 1760 1695
3337 2 2 0 1 1696 1760 1695
3338 2 2 0 1 1760 1761 1696
3339 2 2 0 1 1697 1761 1696
3340 2 2 0 1 1761 1762 1697
3341 2 2 0 1 1698 1762 1697
3342 2 2 0 1 1762 1763 1698
3343 2 2 0 1 1699 1763 1698
3344 2 2 0 1 1763 1764 1699
3345 2 2 0 1 1700 1764 1699
3346 2 2 0 1 1764 1765 1700
3347 2 2 0 1 1701 1765 1700
3348 2 2 0 1 1765 1766 1701
3349 2 2 0 1 1702 1766 1701
3350 2 2 0 1 1766 1767 1702
3351 2 2 0 1 1703 1767 1702
3352 2 2 0 1 1767 1768 1703
3353 2 2 0 1 1769 1768 1703
3354 2 2 0 1 1703 1769 1704
3355 2 2 0 1 1770 1769 1704
3356 2 2 0 1 1704 1770 1705
3357 2 2 0 1 1771 1770 1705
3358 2 2 0 1 1705 1771 1706
3359 2 2 0 1 1707 1771 1706
3360 2 2 0 1 1771 1772 1707
3361 2 2 0 1 1708 1772 1707
3362 2 2 0 1 1772 1773 1708
3363 2 2 0 1 1709 1773 1708
3364 2 2 0 1 1773 1774 1709
3365 2 2 0 1 1710 1774 1709
3366 2 2 0 1 1774 1775 1710
3367 2 2 0 1 1711 1775 1710
3368 2 2 0 1 1775 1776 1711
3369 2 2 0 1 1712 1776 1711
3370 2 2 0 1 1776 1777 1712
3371 2 2 0 1 1713 1777 1712
3372 2 2 0 1 1777 1778 1713
3373 2 2 0 1 1714 1778 1713
3374 2 2 0 1 1778 1779 1714
3375 2 2 0 1 1780 1779 1714
3376 2 2 0 1 1714 1780 1715
3377 2 2 0 1 1781 1780 1715
3378 2 2 0 1 1715 1781 1716
3379 2 2 0 1 1782 1781 1716
3380 2 2 0 1 1716 1782 1717
3381 2 2 0 1 1783 1782 1717
3382 2 2 0 1 1717 1783 1718
3383 2 2 0 1 1784 1783 1718
3384 2 2 0 1 1718 1784 1719
3385 2 2 0 1 1785 1784 1719
3386 2 2 0 1 1719 1785 1720
3387 2 2 0 1 1786 1785 1720
3388 2 2 0 1 1720 1786 1721
3389 2 2 0 1 1787 1786 1721
3390 2 2 0 1 1721 1787 1722
3391 2 2 0 1 1788 1787 1722
3392 2 2 0 1 1722 1788 1723
3393 2 2 0 1 1789 1788 1723
3394 2 2 0 1 1723 1789 1724
3395 2 2 0 1 1790 1789 1724
3396 2 2 0 1 1724 1790 1725
3397 2 2 0 1 1726 1790 1725
3398 2 2 0 1 1790 1791 1726
3399 2 2 0 1 1727 1791 1726
3400 2 2 0 1 1791 1792 1727
3401 2 2 0 1 1728 1792 1727
3402 2 2 0 1 1792 1793 1728
3403 2 2 0 1 1729 1793 1728
3404 2 2 0 1 1793 1794 1729
3405 2 2 0 1 1730 1794 1729
3406 2 2 0 1 1794 1795 1730
3407 2 2 0 1 1731 1795 1730
3408 2 2 0 1 1795 1796 1731
3409 2 2 0 1 1732 1796 1731
3410 2 2 0 1 1796 1797 1732
3411 2 2 0 1 1733 1797 1732
3412 2 2 0 1 1797 1798 1733
3413 2 2 0 1 1734 1798 1733
3414 2 2 0 1 1798 1799 1734
3415 2 2 0 1 1735 1799 1734
3416 2 2 0 1 1799 1800 1735
3417 2 2 0 1 1736 1800 1735
3418 2 2 0 1 1800 1801 1736
3419 2 2 0 1 1737 1801 1736
3420 2 2 0 1 1801 1802 1737
3421 2 2 0 1 1738 1802 1737
3422 2 2 0 1 1802 1803 1738
3423 2 2 0 1 1739 1803 1738
3424 2 2 0 1 1803 1804 1739
3425 2 2 0 1 1740 1804 1739
3426 2 2 0 1 1804 1805 1740
3427 2 2 0 1 1741 1805 1740
3428 2 2 0 1 1805 1806 1741
3429 2 2 0 1 1742 1806 1741
3430 2 2 0 1 1806 1807 1742
3431 2 2 0 1 1743 1807 1742
3432 2 2 0 1 1807 1808 1743
3433 2 2 0 1 1744 1808 1743
3434 2 2 0 1 1808 1809 1744
3435 2 2 0 1 1745 1809 1744
3436 2 2 0 1 1809 1810 1745
3437 2 2 0 1 1746 1810 1745
3438 2 2 0 1 1810 1811 1746
3439 2 2 0 1 1747 1811 1746
3440 2 2 0 1 1811 1812 1747
3441 2 2 0 1 1748 1812 1747
3442 2 2 0 1 1812 1813 1748
3443 2 2 0 1 1749 1813 1748
3444 2 2 0 1 1813 1814 1749
3445 2 2 0 1 1750 1814 1749
3446 2 2 0 1 1814 1815 1750
3447 2 2 0 1 1751 1815 1750
3448 2 2 0 1 1815 1816 1751
3449 2 2 0 1 1752 1816 1751
3450 2 2 0 1 1816 1817 1752
3451 2 2 0 1 1753 1817 1752
3452 2 2 0 1 1817 1818 1753
3453 2 2 0 1 1754 1818 1753
3454 2 2 0 1 1818 1819 1754
3455 2 2 0 1 1755 1819 1754
3456 2 2 0 1 1819 1820 1755
3457 2 2 0 1 1757 1821 1756
3458 2 2 0 1 1821 1822 1757
3459 2 2 0 1 1758 1822 1757
3460 2 2 0 1 1822 1823 1758
3461 2 2 0 1 1759 1823 1758
3462 2 2 0 1 1823 1824 1759
3463 2 2 0 1 1760 1824 1759
3464 2 2 0 1 1824 1825 1760
3465 2 2 0 1 1761 1825 1760
3466 2 2 0 1 1825 1826 1761
3467 2 2 0 1 1762 1826 1761
3468 2 2 0 1 1826 1827 1762
3469 2 2 0 1 1763 1827 1762
3470 2 2 0 1 1827 1828 1763
3471 2 2 0 1 1764 1828 1763
3472 2 2 0 1 1828 1829 1764
3473 2 2 0 1 1765 1829 1764
3474 2 2 0 1 1829 1830 1765
3475 2 2 0 1 1766 1830 1765
3476 2 2 0 1 1830 1831 1766
3477 2 2 0 1 1767 1831 1766
3478 2 2 0 1 1831 1832 1767
3479 2 2 0 1 1768 1832 1767
3480 2 2 0 1 1832 1833 1768
3481 2 2 0 1 1834 1833 1768
3482 2 2 0 1 1768 1834 1769
3483 2 2 0 1 1835 1834 1769
3484 2 2 0 1 1769 1835 1770
3485 2 2 0 1 1836 1835 1770
3486 2 2 0 1 1770 1836 1771
3487 2 2 0 1 1772 1836 1771
3488 2 2 0 1 1836 1837 1772
3489 2 2 0 1 1773 1837 1772
3490 2 2 0 1 1837 1838 1773
3491 2 2 0 1 1774 1838 1773
3492 2 2 0 1 1838 1839 1774
3493 2 2 0 1 1775 1839 1774
3494 2 2 0 1 1839 1840 1775
3495 2 2 0 1 1776 1840 1775
3496 2 2 0 1 1840 1841 1776
3497 2 2 0 1 1777 1841 1776
3498 2 2 0 1 1841 1842 1777
3499 2 2 0 1 1778 1842 1777
3500 2 2 0 1 1842 1843 1778
3501 2 2 0 1 1779 1843 1778
3502 2 2 0 1 1843 1844 1779
3503 2 2 0 1 1845 1844 1779
3504 2 2 0 1 1779 1845 1780
3505 2 2 0 1 1846 1845 1780
3506 2 2 0 1 1780 1846 1781
3507 2 2 0 1 1847 1846 1781
3508 2 2 0 1 1781 1847 1782
3509 2 2 0 1 1848 1847 1782
3510 2 2 0 1 1782 1848 1783
3511 2 2 0 1 1849 1848 1783
3512 2 2 0 1 1783 1849 1784
3513 2 2 0 1 1850 1849 1784
3514 2 2 0 1 1784 1850 1785
3515 2 2 0 1 1851 1850 1785
3516 2 2 0 1 1785 1851 1786
3517 2 2 0 1 1852 1851 1786
3518 2 2 0 1 1786 1852 1787
3519 2 2 0 1 1853 1852 1787
3520 2 2 0 1 1787 1853 1788
3521 2 2 0 1 1854 1853 1788
3522 2 2 0 1 1788 1854 1789
3523 2 2 0 1 1855 1854 1789
3524 2 2 0 1 1789 1855 1790
3525 2 2 0 1 1791 1855 1790
3526 2 2 0 1 1855 1856 1791
3527 2 2 0 1 1792 1856 1791
3528 2 2 0 1 1856 1857 1792
3529 2 2 0 1 1793 1857 1792
3530 2 2 0 1 1857 1858 1793
3531 2 2 0 1 1794 1858 1793
3532 2 2 0 1 1858 1859 1794
3533 2 2 0 1 1795 1859 1794
3534 2 2 0 1 1859 1860 1795
3535 2 2 0 1 1796 1860 1795
3536 2 2 0 1 1860 1861 1796
3537 2 2 0 1 1797 1861 1796
3538 2 2 0 1 1861 1862 1797
3539 2 2 0 1 1798 1862 1797
3540 2 2 0 1 1862 1863 1798
3541 2 2 0 1 1799 1863 1798
3542 2 2 0 1 1863 1864 1799
3543 2 2 0 1 1800 1864 1799
3544 2 2 0 1 1864 1865 1800
3545 2 2 0 1 1801 1865 1800
3546 2 2 0 1 1865 1866 1801
3547 2 2 0 1 1802 1866 1801
3548 2 2 0 1 1866 1867 1802
3549 2 2 0 1 1803 1867 1802
3550 2 2 0 1 1867 1868 1803
3551 2 2 0 1 1804 1868 1803
3552 2 2 0 1 1868 1869 1804
3553 2 2 0 1 1805 1869 1804
3554 2 2 0 1 1869 1870 1805
3555 2 2 0 1 1806 1870 1805
3556 2 2 0 1 1870 1871 1806
3557 2 2 0 1 1807 1871 1806
3558 2 2 0 1 1871 1872 1807
3559 2 2 0 1 1808 1872 1807
3560 2 2 0 1 1872 1873 1808
3561 2 2 0 1 1809 1873 1808
3562 2 2 0 1 1873 1874 1809
3563 2 2 0 1 1810 1874 1809
3564 2 2 0 1 1874 1875 1810
3565 2 2 0 1 1811 1875 1810
3566 2 2 0 1 1875 1876 1811
3567 2 2 0 1 1812 1876 1811
3568 2 2 0 1 1876 1877 1812
3569 2 2 0 1 1813 1877 1812
3570 2 2 0 1 1877 1878 1813
3571 2 2 0 1 1814 1878 1813
3572 2 2 0 1 1878 1879 1814
3573 2 2 0 1 1815 1879 1814
3574 2 2 0 1 1879 1880 1815
3575 2 2 0 1 1816 1880 1815
3576 2 2 0 1 1880 1881 1816
3577 2 2 0 1 1817 1881 1816
3578 2 2 0 1 1881 1882 1817
3579 2 2 0 1 1818 1882 1817
3580 2 2 0 1 1882 1883 1818
3581 2 2 0 1 1819 1883 1818
3582 2 2 0 1 1883 1884 1819
3583 2 2 0 1 1820 1884 1819
3584 2 2 0 1 1884 1885 1820
3585 2 2 0 1 1822 1886 1821
3586 2 2 0 1 1886 1887 1822
3587 2 2 0 1 1823 1887 1822
3588 2 2 0 1 1887 1888 1823
3589 2 2 0 1 1824 1888 1823
3590 2 2 0 1 1888 1889 1824
3591 2 2 0 1 1825 1889 1824
3592 2 2 0 1 1889 1890 1825
3593 2 2 0 1 1826 1890 1825
3594 2 2 0 1 1890 1891 1826
3595 2 2 0 1 1827 1891 1826
3596 2 2 0 1 1891 1892 1827
3597 2 2 0 1 1828 1892 1827
3598 2 2 0 1 1892 1893 1828
3599 2 2 0 1 1829 1893 1828
3600 2 2 0 1 1893 1894 1829
3601 2 2 0 1 1830 1894 1829
3602 2 2 0 1 1894 1895 1830
3603 2 2 0 1 1831 1895 1830
3604 2 2 0 1 1895 1896 1831
3605 2 2 0 1 1832 1896 1831
3606 2 2 0 1 1896 1897 1832
3607 2 2 0 1 1833 1897 1832
3608 2 2 0 1 1897 1898 1833
3609 2 2 0 1 1899 1898 1833
3610 2 2 0 1 1833 1899 1834
3611 2 2 0 1 1900 1899 1834
3612 2 2 0 1 1834 1900 1835
3613 2 2 0 1 1901 1900 1835
3614 2 2 0 1 1835 1901 1836
3615 2 2 0 1 1837 1901 1836
3616 2 2 0 1 1901 1902 1837
3617 2 2 0 1 1838 1902 1837
3618 2 2 0 1 1902 1903 1838
3619 2 2 0 1 1839 1903 1838
3620 2 2 0 1 1903 1904 1839
3621 2 2 0 1 1840 1904 1839
3622 2 2 0 1 1904 1905 1840
3623 2 2 0 1 1841 1905 1840
3624 2 2 0 1 1905 1906 1841
3625 2 2 0 1 1842 1906 1841
3626 2 2 0 1 1906 1907 1842
3627 2 2 0 1 1843 1907 1842
3628 2 2 0 1 1907 1908 1843
3629 2 2 0 1 1844 1908 1843
3630 2 2 0 1 1908 1909 1844
3631 2 2 0 1 1910 1909 1844
3632 2 2 0 1 1844 1910 1845
3633 2 2 0 1 1911 1910 1845
3634 2 2 0 1 1845 1911 1846
3635 2 2 0 1 1912 1911 1846
3636 2 2 0 1 1846 1912 1847
3637 2 2 0 1 1913 1912 1847
3638 2 2 0 1 1847 1913 1848
3639 2 2 0 1 1914 1913 1848
3640 2 2 0 1 1848 1914 1849
3641 2 2 0 1 1915 1914 1849
3642 2 2 0 1 1849 1915 1850
3643 2 2 0 1 1916 1915 1850
3644 2 2 0 1 1850 1916 1851
3645 2 2 0 1 1917 1916 1851
3646 2 2 0 1 1851 1917 1852
3647 2 2 0 1 1918 1917 1852
3648 2 2 0 1 1852 1918 1853
3649 2 2 0 1 1919 1918 1853
3650 2 2 0 1 1853 1919 1854
3651 2 2 0 1 1920 1919 1854
3652 2 2 0 1 1854 1920 1855
3653 2 2 0 1 1856 1920 1855
3654 2 2 0 1 1920 1921 1856
3655 2 2 0 1 1857 1921 1856
3656 2 2 0 1 1921 1922 1857
3657 2 2 0 1 1858 1922 1857
3658 2 2 0 1 1922 1923 1858
3659 2 2 0 1 1859 1923 1858
3660 2 2 0 1 1923 1924 1859
3661 2 2 0 1 1925 1924 1859
3662 2 2 0 1 1859 1925 1860
3663 2 2 0 1 1926 1925 1860
3664 2 2 0 1 1860 1926 1861
3665 2 2 0 1 1927 1926 1861
3666 2 2 0 1 1861 1927 1862
3667 2 2 0 1 1928 1927 1862
3668 2 2 0 1 1862 1928 1863
3669 2 2 0 1 1864 1928 1863
3670 2 2 0 1 1928 1929 1864
3671 2 2 0 1 1865 1929 1864
3672 2 2 0 1 1929 1930 1865
3673 2 2 0 1 1866 1930 1865
3674 2 2 0 1 1930 1931 1866
3675 2 2 0 1 1867 1931 1866
3676 2 2 0 1 1931 1932 1867
3677 2 2 0 1 1868 1932 1867
3678 2 2 0 1 1932 1933 1868
3679 2 2 0 1 1869 1933 1868
3680 2 2 0 1 1933 1934 1869
3681 2 2 0 1 1870 1934 1869
3682 2 2 0 1 1934 1935 1870
3683 2 2 0 1 1871 1935 1870
3684 2 2 0 1 1935 1936 1871
3685 2 2 0 1 1872 1936 1871
3686 2 2 0 1 1936 1937 1872
3687 2 2 0 1 1873 1937 1872
3688 2 2 0 1 1937 1938 1873
3689 2 2 0 1 1874 1938 1873
3690 2 2 0 1 1938 1939 1874
3691 2 2 0 1 1875 1939 1874
3692 2 2 0 1 1939 1940 1875
3693 2 2 0 1 1876 1940 1875
3694 2 2 0 1 1940 1941 1876
3695 2 2 0 1 1877 1941 1876
3696 2 2 0 1 1941 1942 1877
3697 2 2 0 1 1878 1942 1877
3698 2 2 0 1 1942 1943 1878
3699 2 2 0 1 1879 1943 1878
3700 2 2 0 1 1943 1944 1879
3701 2 2 0 1 1880 1944 1879
3702 2 2 0 1 1944 1945 1880
3703 2 2 0 1 1881 1945 1880
3704 2 2 0 1 1945 1946 1881
3705 2 2 0 1 1882 1946 1881
3706 2 2 0 1 1946 1947 1882
3707 2 2 0 1 1883 1947 1882
3708 2 2 0 1 1947 1948 1883
3709 2 2 0 1 1884 1948 1883
3710 2 2 0 1 1948 1949 1884
3711 2 2 0 1 1885 1949 1884
3712 2 2 0 1 1949 1950 1885
3713 2 2 0 1 1887 1951 1886
3714 2 2 0 1 1951 1952 1887
3715 2 2 0 1 1888 1952 1887
3716 2 2 0 1 1952 1953 1888
3717 2 2 0 1 1889 1953 1888
3718 2 2 0 1 1953 1954 1889
3719 2 2 0 1 1890 1954 1889
3720 2 2 0 1 1954 1955 1890
3721 2 2 0 1 1956 1955 1890
3722 2 2 0 1 1890 1956 1891
3723 2 2 0 1 1957 1956 1891
3724 2 2 0 1 1891 1957 1892
3725 2 2 0 1 1958 1957 1892
3726 2 2 0 1 1892 1958 1893
3727 2 2 0 1 1959 1958 1893
3728 2 2 0 1 1893 1959 1894
3729 2 2 0 1 1960 1959 1894
3730 2 2 0 1 1894 1960 1895
3731 2 2 0 1 1961 1960 1895
3732 2 2 0 1 1895 1961 1896
3733 2 2 0 1 1962 1961 1896
3734 2 2 0 1 1896 1962 1897
3735 2 2 0 1 1963 1962 1897
3736 2 2 0 1 1897 1963 1898
3737 2 2 0 1 1964 1963 1898
3738 2 2 0 1 1898 1964 1899
3739 2 2 0 1 1965 1964 1899
3740 2 2 0 1 1899 1965 1900
3741 2 2 0 1 1966 1965 1900
3742 2 2 0 1 1900 1966 1901
3743 2 2 0 1 1902 1966 1901
3744 2 2 0 1 1966 1967 1902
3745 2 2 0 1 1903 1967 1902
3746 2 2 0 1 1967 1968 1903
3747 2 2 0 1 1904 1968 1903
3748 2 2 0 1 1968 1969 1904
3749 2 2 0 1 1905 1969 1904
3750 2 2 0 1 1969 1970 1905
3751 2 2 0 1 1906 1970 1905
3752 2 2 0 1 1970 1971 1906
3753 2 2 0 1 1907 1971 1906
3754 2 2 0 1 1971 1972 1907
3755 2 2 0 1 1908 1972 1907
3756 2 2 0 1 1972 1973 1908
3757 2 2 0 1 1909 1973 1908
3758 2 2 0 1 1973 1974 1909
3759 2 2 0 1 1975 1974 1909
3760 2 2 0 1 1909 1975 1910
3761 2 2 0 1 1976 1975 1910
3762 2 2 0 1 1910 1976 1911
3763 2 2 0 1 1977 1976 1911
3764 2 2 0 1 1911 1977 1912
3765 2 2 0 1 1978 1977 1912
3766 2 2 0 1 1912 1978 1913
3767 2 2 0 1 1979 1978 1913
3768 2 2 0 1 1913 1979 1914
3769 2 2 0 1 1980 1979 1914
3770 2 2 0 1 1914 1980 1915
3771 2 2 0 1 1981 1980 1915
3772 2 2 0 1 1915 1981 1916
3773 2 2 0 1 1982 1981 1916
3774 2 2 0 1 1916 1982 1917
3775 2 2 0 1 1983 1982 1917
3776 2 2 0 1 1917 1983 1918
3777 2 2 0 1 1984 1983 1918
3778 2 2 0 1 1918 1984 1919
3779 2 2 0 1 1985 1984 1919
3780 2 2 0 1 1919 1985 1920
3781 2 2 0 1 1921 1985 1920
3782 2 2 0 1 1985 1986 1921
3783 2 2 0 1 1922 1986 1921
3784 2 2 0 1 1986 1987 1922
3785 2 2 0 1 1923 1987 1922
3786 2 2 0 1 1987 1988 1923
3787 2 2 0 1 1924 1988 1923
3788 2 2 0 1 1988 1989 1924
3789 2 2 0 1 1990 1989 1924
3790 2 2 0 1 1924 1990 1925
3791 2 2 0 1 1991 1990 1925
3792 2 2 0 1 1925 1991 1926
3793 2 2 0 1 1992 1991 1926
3794 2 2 0 1 1926 1992 1927
3795 2 2 0 1 1993 1992 1927
3796 2 2 0 1 1927 1993 1928
3797 2 2 0 1 1929 1993 1928
3798 2 2 0 1 1993 1994 1929
3799 2 2 0 1 1930 1994 1929
3800 2 2 0 1 1994 1995 1930
3801 2 2 0 1 1931 1995 1930
3802 2 2 0 1 1995 1996 1931
3803 2 2 0 1 1932 1996 1931
3804 2 2 0 1 1996 1997 1932
3805 2 2 0 1 1933 1997 1932
3806 2 2 0 1 1997 1998 1933
3807 2 2 0 1 1934 1998 1933
3808 2 2 0 1 1998 1999 1934
3809 2 2 0 1 1935 1999 1934
3810 2 2 0 1 1999 2000 1935
3811 2 2 0 1 1936 2000 1935
3812 2 2 0 1 2000 2001 1936
3813 2 2 0 1 1937 2001 1936
3814 2 2 0 1 2001 2002 1937
3815 2 2 0 1 1938 2002 1937
3816 2 2 0 1 2002 2003 1938
3817 2 2 0 1 1939 2003 1938
3818 2 2 0 1 2003 2004 1939
3819 2 2 0 1 1940 2004 1939
3820 2 2 0 1 2004 2005 1940
3821 2 2 0 1 1941 2005 1940
3822 2 2 0 1 2005 2006 1941
3823 2 2 0 1 1942 2006 1941
3824 2 2 0 1 2006 2007 1942
3825 2 2 0 1 1943 2007 1942
3826 2 2 0 1 2007 2008 1943
3827 2 2 0 1 1944 2008 1943
3828 2 2 0 1 2008 2009 1944
3829 2 2 0 1 1945 2009 1944
3830 2 2 0 1 2009 2010 1945
3831 2 2 0 1 1946 2010 1945
3832 2 2 0 1 2010 2011 1946
3833 2 2 0 1 1947 2011 1946
3834 2 2 0 1 2011 2012 1947
3835 2 2 0 1 1948 2012 1947
3836 2 2 0 1 2012 2013 1948
3837 2 2 0 1 1949 2013 1948
3838 2 2 0 1 2013 2014 1949
3839 2 2 0 1 1950 2014 1949
3840 2 2 0 1 2014 2015 1950
3841 2 2 0 1 2016 2017 1951
3842 2 2 0 1 1951 2016 1952
3843 2 2 0 1 2018 2016 1952
3844 2 2 0 1 1952 2018 1953
3845 2 2 0 1 2019 2018 1953
3846 2 2 0 1 1953 2019 1954
3847 2 2 0 1 2020 2019 1954
3848 2 2 0 1 1954 2020 1955
3849 2 2 0 1 2021 2020 1955
3850 2 2 0 1 1955 2021 1956
3851 2 2 0 1 2022 2021 1956
3852 2 2 0 1 1956 2022 1957
3853 2 2 0 1 2023 2022 1957
3854 2 2 0 1 1957 2023 1958
3855 2 2 0 1 2024 2023 1958
3856 2 2 0 1 1958 2024 1959
3857 2 2 0 1 2025 2024 1959
3858 2 2 0 1 1959 2025 1960
3859 2 2 0 1 2026 2025 1960
3860 2 2 0 1 1960 2026 1961
3861 2 2 0 1 2027 2026 1961
3862 2 2 0 1 1961 2027 1962
3863 2 2 0 1 2028 2027 1962
3864 2 2 0 1 1962 2028 1963
3865 2 2 0 1 2029 2028 1963
3866 2 2 0 1 1963 2029 1964
3867 2 2 0 1 2030 2029 1964
3868 2 2 0 1 1964 2030 1965
3869 2 2 0 1 2031 2030 1965
3870 2 2 0 1 1965 2031 1966
3871 2 2 0 1 2032 2031 1966
3872 2 2 0 1 1966 2032 1967
3873 2 2 0 1 2033 2032 1967
3874 2 2 0 1 1967 2033 1968
3875 2 2 0 1 2034 2033 1968
3876 2 2 0 1 1968 2034 1969
3877 2 2 0 1 2035 2034 1969
3878 2 2 0 1 1969 2035 1970
3879 2 2 0 1 2036 2035 1970
3880 2 2 0 1 1970 2036 1971
3881 2 2 0 1 1972 2036 1971
3882 2 2 0 1 2036 2037 1972
3883 2 2 0 1 1973 2037 1972
3884 2 2 0 1 2037 2038 1973
3885 2 2 0 1 1974 2038 1973
3886 2 2 0 1 2038 2039 1974
3887 2 2 0 1 2040 2039 1974
3888 2 2 0 1 1974 2040 1975
3889 2 2 0 1 2041 2040 1975
3890 2 2 0 1 1975 2041 1976
3891 2 2 0 1 2042 2041 1976
3892 2 2 0 1 1976 2042 1977
3893 2 2 0 1 2043 2042 1977
3894 2 2 0 1 1977 2043 1978
3895 2 2 0 1 2044 2043 1978
3896 2 2 0 1 1978 2044 1979
3897 2 2 0 1 2045 2044 1979
3898 2 2 0 1 1979 2045 1980
3899 2 2 0 1 2046 2045 1980
3900 2 2 0 1 1980 2046 1981
3901 2 2 0 1 2047 2046 1981
3902 2 2 0 1 1981 2047 1982
3903 2 2 0 1 2048 2047 1982
3904 2 2 0 1 1982 2048 1983
3905 2 2 0 1 2049 2048 1983
3906 2 2 0 1 1983 2049 1984
3907 2 2 0 1 2050 2049 1984
3908 2 2 0 1 1984 2050 1985
3909 2 2 0 1 1986 2050 1985
3910 2 2 0 1 2050 2051 1986
3911 2 2 0 1 1987 2051 1986
3912 2 2 0 1 2051 2052 1987
3913 2 2 0 1 1988 2052 1987
3914 2 2 0 1 2052 2053 1988
3915 2 2 0 1 1989 2053 1988
3916 2 2 0 1 2053 2054 1989
3917 2 2 0 1 2055 2054 1989
3918 2 2 0 1 1989 2055 1990
3919 2 2 0 1 2056 2055 1990
3920 2 2 0 1 1990 2056 1991
3921 2 2 0 1 2057 2056 1991
3922 2 2 0 1 1991 2057 1992
3923 2 2 0 1 2058 2057 1992
3924 2 2 0 1 1992 2058 1993
3925 2 2 0 1 1994 2058 1993
3926 2 2 0 1 2058 2059 1994
3927 2 2 0 1 1995 2059 1994
3928 2 2 0 1 2059 2060 1995
3929 2 2 0 1 1996 2060 1995
3930 2 2 0 1 2060 2061 1996
3931 2 2 0 1 1997 2061 1996
3932 2 2 0 1 2061 2062 1997
3933 2 2 0 1 1998 2062 1997
3934 2 2 0 1 2062 2063 1998
3935 2 2 0 1 1999 2063 1998
3936 2 2 0 1 2063 2064 1999
3937 2 2 0 1 2000 2064 1999
3938 2 2 0 1 2064 2065 2000
3939 2 2 0 1 2001 2065 2000
3940 2 2 0 1 2065 2066 2001
3941 2 2 0 1 2002 2066 2001
3942 2 2 0 1 2066 2067 2002
3943 2 2 0 1 2003 2067 2002
3944 2 2 0 1 2067 2068 2003
3945 2 2 0 1 2004 2068 2003
3946 2 2 0 1 2068 2069 2004
3947 2 2 0 1 2005 2069 2004
3948 2 2 0 1 2069 2070 2005
3949 2 2 0 1 2006 2070 2005
3950 2 2 0 1 2070 2071 2006
3951 2 2 0 1 2007 2071 2006
3952 2 2 0 1 2071 2072 2007
3953 2 2 0 1 2008 2072 2007
3954 2 2 0 1 2072 2073 2008
3955 2 2 0 1 2009 2073 2008
3956 2 2 0 1 2073 2074 2009
3957 2 2 0 1 2010 2074 2009
3958 2 2 0 1 2074 2075 2010
3959 2 2 0 1 2011 2075 2010
3960 2 2 0 1 2075 2076 2011
3961 2 2 0 1 2012 2076 2011
3962 2 2 0 1 2076 2077 2012
3963 2 2 0 1 2013 2077 2012
3964 2 2 0 1 2077 2078 2013
3965 2 2 0 1 2014 2078 2013
3966 2 2 0 1 2078 2079 2014
3967 2 2 0 1 2015 2079 2014
3968 2 2 0 1 2079 2080 2015
3969 2 2 0 1 2081 2082 2017
3970 2 2 0 1 2017 2081 2016
3971 2 2 0 1 2083 2081 2016
3972 2 2 0 1 2016 2083 2018
3973 2 2 0 1 2084 2083 2018
3974 2 2 0 1 2018 2084 2019
3975 2 2 0 1 2085 2084 2019
3976 2 2 0 1 2019 2085 2020
3977 2 2 0 1 2086 2085 2020
3978 2 2 0 1 2020 2086 2021
3979 2 2 0 1 2087 2086 2021
3980 2 2 0 1 2021 2087 2022
3981 2 2 0 1 2088 2087 2022
3982 2 2 0 1 2022 2088 2023
3983 2 2 0 1 2089 2088 2023
3984 2 2 0 1 2023 2089 2024
3985 2 2 0 1 2090 2089 2024
3986 2 2 0 1 2024 2090 2025
3987 2 2 0 1 2091 2090 2025
3988 2 2 0 1 2025 2091 2026
3989 2 2 0 1 2092 2091 2026
3990 2 2 0 1 2026 2092 2027
3991 2 2 0 1 2093 2092 2027
3992 2 2 0 1 2027 2093 2028
3993 2 2 0 1 2094 2093 2028
3994 2 2 0 1 2028 2094 2029
3995 2 2 0 1 2095 2094 2029
3996 2 2 0 1 2029 2095 2030
3997 2 2 0 1 2096 2095 2030
3998 2 2 0 1 2030 2096 2031
3999 2 2 0 1 2097 2096 2031
4000 2 2 0 1 2031 2097 2032
4001 2 2 0 1 2098 2097 2032
4002 2 2 0 1 2032 2098 2033
4003 2 2 0 1 2099 2098 2033
4004 2 2 0 1 2033 2099 2034
4005 2 2 0 1 2100 2099 2034
4006 2 2 0 1 2034 2100 2035
4007 2 2 0 1 2101 2100 2035
4008 2 2 0 1 2035 2101 2036
4009 2 2 0 1 2102 2101 2036
4010 2 2 0 1 2036 2102 2037
4011 2 2 0 1 2038 2102 2037
4012 2 2 0 1 2102 2103 2038
4013 2 2 0 1 2039 2103 2038
4014 2 2 0 1 2103 2104 2039
4015 2 2 0 1 2105 2104 2039
4016 2 2 0 1 2039 2105 2040
4017 2 2 0 1 2106 2105 2040
4018 2 2 0 1 2040 2106 2041
4019 2 2 0 1 2107 2106 2041
4020 2 2 0 1 2041 2107 2042
4021 2 2 0 1 2108 2107 2042
4022 2 2 0 1 2042 2108 2043
4023 2 2 0 1 2109 2108 2043
4024 2 2 0 1 2043 2109 2044
4025 2 2 0 1 2110 2109 2044
4026 2 2 0 1 2044 2110 2045
4027 2 2 0 1 2111 2110 2045
4028 2 2 0 1 2045 2111 2046
4029 2 2 0 1 2112 2111 2046
4030 2 2 0 1 2046 2112 2047
4031 2 2 0 1 2113 2112 2047
4032 2 2 0 1 2047 2113 2048
4033 2 2 0 1 2114 2113 2048
4034 2 2 0 1 2048 2114 2049
4035 2 2 0 1 2115 2114 2049
4036 2 2 0 1 2049 2115 2050
4037 2 2 0 1 2051 2115 2050
4038 2 2 0 1 2115 2116 2051
4039 2 2 0 1 2052 2116 2051
4040 2 2 0 1 2116 2117 2052
4041 2 2 0 1 2053 2117 2052
4042 2 2 0 1 2117 2118 2053
4043 2 2 0 1 2054 2118 2053
4044 2 2 0 1 2118 2119 2054
4045 2 2 0 1 2120 2119 2054
4046 2 2 0 1 2054 2120 2055
4047 2 2 0 1 2121 2120 2055
4048 2 2 0 1 2055 2121 2056
4049 2 2 0 1 2122 2121 2056
4050 2 2 0 1 2056 2122 2057
4051 2 2 0 1 2123 2122 2057
4052 2 2 0 1 2057 2123 2058
4053 2 2 0 1 2059 2123 2058
4054 2 2 0 1 2123 2124 2059
4055 2 2 0 1 2060 2124 2059
4056 2 2 0 1 2124 2125 2060
4057 2 2 0 1 2061 2125 2060
4058 2 2 0 1 2125 2126 2061
4059 2 2 0 1 2062 2126 2061
4060 2 2 0 1 2126 2127 2062
4061 2 2 0 1 2063 2127 2062
4062 2 2 0 1 2127 2128 2063
4063 2 2 0 1 2064 2128 2063
4064 2 2 0 1 2128 2129 2064
4065 2 2 0 1 2065 2129 2064
4066 2 2 0 1 2129 2130 2065
4067 2 2 0 1 2066 2130 2065
4068 2 2 0 1 2130 2131 2066
4069 2 2 0 1 2067 2131 2066
4070 2 2 0 1 2131 2132 2067
4071 2 2 0 1 2068 2132 2067
4072 2 2 0 1 2132 2133 2068
4073 2 2 0 1 2069 2133 2068
4074 2 2 0 1 2133 2134 2069
4075 2 2 0 1 2070 2134 2069
4076 2 2 0 1 2134 2135 2070
4077 2 2 0 1 2071 2135 2070
4078 2 2 0 1 2135 2136 2071
4079 2 2 0 1 2072 2136 2071
4080 2 2 0 1 2136 2137 2072
4081 2 2 0 1 2073 2137 2072
4082 2 2 0 1 2137 2138 2073
4083 2 2 0 1 2074 2138 2073
4084 2 2 0 1 2138 2139 2074
4085 2 2 0 1 2075 2139 2074
4086 2 2 0 1 2139 2140 2075
4087 2 2 0 1 2076 2140 2075
4088 2 2 0 1 2140 2141 2076
4089 2 2 0 1 2077 2141 2076
4090 2 2 0 1 2141 2142 2077
4091 2 2 0 1 2078 2142 2077
4092 2 2 0 1 2142 2143 2078
4093 2 2 0 1 2079 2143 2078
4094 2 2 0 1 2143 2144 2079
4095 2 2 0 1 2080 2144 2079
4096 2 2 0 1 2144 2145 2080
4097 2 2 0 1 2146 2147 2082
4098 2 2 0 1 2082 2146 2081
4099 2 2 0 1 2148 2146 2081
4100 2 2 0 1 2081 2148 2083
4101 2 2 0 1 2149 2148 2083
4102 2 2 0 1 2083 2149 2084
4103 2 2 0 1 2150 2149 2084
4104 2 2 0 1 2084 2150 2085
4105 2 2 0 1 2151 2150 2085
4106 2 2 0 1 2085 2151 2086
4107 2 2 0 1 2152 2151 2086
4108 2 2 0 1 2086 2152 2087
4109 2 2 0 1 2153 2152 2087
4110 2 2 0 1 2087 2153 2088
4111 2 2 0 1 2154 2153 2088
4112 2 2 0 1 2088 2154 2089
4113 2 2 0 1 2155 2154 2089
4114 2 2 0 1 2089 2155 2090
4115 2 2 0 1 2156 2155 2090
4116 2 2 0 1 2090 2156 2091
4117 2 2 0 1 2157 2156 2091
4118 2 2 0 1 2091 2157 2092
4119 2 2 0 1 2158 2157 2092
4120 2 2 0 1 2092 2158 2093
4121 2 2 0 1 2159 2158 2093
4122 2 2 0 1 2093 2159 2094
4123 2 2 0 1 2160 2159 2094
4124 2 2 0 1 2094 2160 2095
4125 2 2 0 1 2161 2160 2095
4126 2 2 0 1 2095 2161 2096
4127 2 2 0 1 2162 2161 2096
4128 2 2 0 1 2096 2162 2097
4129 2 2 0 1 2163 2162 2097
4130 2 2 0 1 2097 2163 2098
4131 2 2 0 1 2164 2163 2098
4132 2 2 0 1 2098 2164 2099
4133 2 2 0 1 2165 2164 2099
4134 2 2 0 1 2099 2165 2100
4135 2 2 0 1 2166 2165 2100
4136 2 2 0 1 2100 2166 2101
4137 2 2 0 1 2167 2166 2101
4138 2 2 0 1 2101 2167 2102
4139 2 2 0 1 2103 2167 2102
4140 2 2 0 1 2167 2168 2103
4141 2 2 0 1 2104 2168 2103
4142 2 2 0 1 2168 2169 2104
4143 2 2 0 1 2170 2169 2104
4144 2 2 0 1 2104 2170 2105
4145 2 2 0 1 2171 2170 2105
4146 2 2 0 1 2105 2171 2106
4147 2 2 0 1 2172 2171 2106
4148 2 2 0 1 2106 2172 2107
4149 2 2 0 1 2173 2172 2107
4150 2 2 0 1 2107 2173 2108
4151 2 2 0 1 2174 2173 2108
4152 2 2 0 1 2108 2174 2109
4153 2 2 0 1 2175 2174 2109
4154 2 2 0 1 2109 2175 2110
4155 2 2 0 1 2176 2175 2110
4156 2 2 0 1 2110 2176 2111
4157 2 2 0 1 2177 2176 2111
4158 2 2 0 1 2111 2177 2112
4159 2 2 0 1 2178 2177 2112
4160 2 2 0 1 2112 2178 2113
4161 2 2 0 1 2179 2178 2113
4162 2 2 0 1 2113 2179 2114
4163 2 2 0 1 2180 2179 2114
4164 2 2 0 1 2114 2180 2115
4165 2 2 0 1 2116 2180 2115
4166 2 2 0 1 2180 2181 2116
4167 2 2 0 1 2117 2181 2116
4168 2 2 0 1 2181 2182 2117
4169 2 2 0 1 2118 2182 2117
4170 2 2 0 1 2182 2183 2118
4171 2 2 0 1 2119 2183 2118
4172 2 2 0 1 2183 2184 2119
4173 2 2 0 1 2185 2184 2119
4174 2 2 0 1 2119 2185 2120
4175 2 2 0 1 2186 2185 2120
4176 2 2 0 1 2120 2186 2121
4177 2 2 0 1 2187 2186 2121
4178 2 2 0 1 2121 2187 2122
4179 2 2 0 1 2188 2187 2122
4180 2 2 0 1 2122 2188 2123
4181 2 2 0 1 2124 2188 2123
4182 2 2 0 1 2188 2189 2124
4183 2 2 0 1 2125 2189 2124
4184 2 2 0 1 2189 2190 2125
4185 2 2 0 1 2126 2190 2125
4186 2 2 0 1 2190 2191 2126
4187 2 2 0 1 2127 2191 2126
4188 2 2 0 1 2191 2192 2127
4189 2 2 0 1 2128 2192 2127
4190 2 2 0 1 2192 2193 2128
4191 2 2 0 1 2129 2193 2128
4192 2 2 0 1 2193 2194 2129
4193 2 2 0 1 2130 2194 2129
4194 2 2 0 1 2194 2195 2130
4195 2 2 0 1 2131 2195 2130
4196 2 2 0 1 2195 2196 2131
4197 2 2 0 1 2132 2196 2131
4198 2 2 0 1 2196 2197 2132
4199 2 2 0 1 2133 2197 2132
4200 2 2 0 1 2197 2198 2133
4201 2 2 0 1 2134 2198 2133
4202 2 2 0 1 2198 2199 2134
4203 2 2 0 1 2135 2199 2134
4204 2 2 0 1 2199 2200 2135
4205 2 2 0 1 2136 2200 2135
4206 2 2 0 1 2200 2201 2136
4207 2 2 0 1 2137 2201 2136
4208 2 2 0 1 2201 2202 2137
4209 2 2 0 1 2138 2202 2137
4210 2 2 0 1 2202 2203 2138
4211 2 2 0 1 2139 2203 2138
4212 2 2 0 1 2203 2204 2139
4213 2 2 0 1 2140 2204 2139
4214 2 2 0 1 2204 2205 2140
4215 2 2 0 1 2141 2205 2140
4216 2 2 0 1 2205 2206 2141
4217 2 2 0 1 2142 2206 2141
4218 2 2 0 1 2206 2207 2142
4219 2 2 0 1 2143 2207 2142
4220 2 2 0 1 2207 2208 2143
4221 2 2 0 1 2144 2208 2143
4222 2 2 0 1 2208 2209 2144
4223 2 2 0 1 2145 2209 2144
4224 2 2 0 1 2209 2210 2145
4225 2 2 0 1 2211 2212 2147
4226 2 2 0 1 2147 2211 2146
4227 2 2 0 1 2213 2211 2146
4228 2 2 0 1 2146 2213 2148
4229 2 2 0 1 2214 2213 2148
4230 2 2 0 1 2148 2214 2149
4231 2 2 0 1 2215 2214 2149
4232 2 2 0 1 2149 2215 2150
4233 2 2 0 1 2216 2215 2150
4234 2 2 0 1 2150 2216 2151
4235 2 2 0 1 2217 2216 2151
4236 2 2 0 1 2151 2217 2152
4237 2 2 0 1 2218 2217 2152
4238 2 2 0 1 2152 2218 2153
4239 2 2 0 1 2219 2218 2153
4240 2 2 0 1 2153 2219 2154
4241 2 2 0 1 2220 2219 2154
4242 2 2 0 1 2154 2220 2155
4243 2 2 0 1 2221 2220 2155
4244 2 2 0 1 2155 2221 2156
4245 2 2 0 1 2222 2221 2156
4246 2 2 0 1 2156 2222 2157
4247 2 2 0 1 2223 2222 2157
4248 2 2 0 1 2157 2223 2158
4249 2 2 0 1 2224 2223 2158
4250 2 2 0 1 2158 2224 2159
4251 2 2 0 1 2225 2224 2159
4252 2 2 0 1 2159 2225 2160
4253 2 2 0 1 2226 2225 2160
4254 2 2 0 1 2160 2226 2161
4255 2 2 0 1 2227 2226 2161
4256 2 2 0 1 2161 2227 2162
4257 2 2 0 1 2228 2227 2162
4258 2 2 0 1 2162 2228 2163
4259 2 2 0 1 2229 2228 2163
4260 2 2 0 1 2163 2229 2164
4261 2 2 0 1 2230 2229 2164
4262 2 2 0 1 2164 2230 2165
4263 2 2 0 1 2231 2230 2165
4264 2 2 0 1 2165 2231 2166
4265 2 2 0 1 2232 2231 2166
4266 2 2 0 1 2166 2232 2167
4267 2 2 0 1 2233 2232 2167
4268 2 2 0 1 2167 2233 2168
4269 2 2 0 1 2234 2233 2168
4270 2 2 0 1 2168 2234 2169
4271 2 2 0 1 2235 2234 2169
4272 2 2 0 1 2169 2235 2170
4273 2 2 0 1 2236 2235 2170
4274 2 2 0 1 2170 2236 2171
4275 2 2 0 1 2237 2236 2171
4276 2 2 0 1 2171 2237 2172
4277 2 2 0 1 2238 2237 2172
4278 2 2 0 1 2172 2238 2173
4279 2 2 0 1 2239 2238 2173
4280 2 2 0 1 2173 2239 2174
4281 2 2 0 1 2240 2239 2174
4282 2 2 0 1 2174 2240 2175
4283 2 2 0 1 2241 2240 2175
4284 2 2 0 1 2175 2241 2176
4285 2 2 0 1 2242 2241 2176
4286 2 2 0 1 2176 2242 2177
4287 2 2 0 1 2243 2242 2177
4288 2 2 0 1 2177 2243 2178
4289 2 2 0 1 2244 2243 2178
4290 2 2 0 1 2178 2244 2179
4291 2 2 0 1 2245 2244 2179
4292 2 2 0 1 2179 2245 2180
4293 2 2 0 1 2181 2245 2180
4294 2 2 0 1 2245 2246 2181
4295 2 2 0 1 2182 2246 2181
4296 2 2 0 1 2246 2247 2182
4297 2 2 0 1 2183 2247 2182
4298 2 2 0 1 2247 2248 2183
4299 2 2 0 1 2184 2248 2183
4300 2 2 0 1 2248 2249 2184
4301 2 2 0 1 2250 2249 2184
4302 2 2 0 1 2184 2250 2185
4303 2 2 0 1 2251 2250 2185
4304 2 2 0 1 2185 2251 2186
4305 2 2 0 1 2252 2251 2186
4306 2 2 0 1 2186 2252 2187
4307 2 2 0 1 2253 2252 2187
4308 2 2 0 1 2187 2253 2188
4309 2 2 0 1 2189 2253 2188
4310 2 2 0 1 2253 2254 2189
4311 2 2 0 1 2190 2254 2189
4312 2 2 0 1 2254 2255 2190
4313 2 2 0 1 2191 2255 2190
4314 2 2 0 1 2255 2256 2191
4315 2 2 0 1 2192 2256 2191
4316 2 2 0 1 2256 2257 2192
4317 2 2 0 1 2193 2257 2192
4318 2 2 0 1 2257 2258 2193
4319 2 2 0 1 2194 2258 2193
4320 2 2 0 1 2258 2259 2194
4321 2 2 0 1 2195 2259 2194
4322 2 2 0 1 2259 2260 2195
4323 2 2 0 1 2196 2260 2195
4324 2 2 0 1 2260 2261 2196
4325 2 2 0 1 2197 2261 2196
4326 2 2 0 1 2261 2262 2197
4327 2 2 0 1 2198 2262 2197
4328 2 2 0 1 2262 2263 2198
4329 2 2 0 1 2199 2263 2198
4330 2 2 0 1 2263 2264 2199
4331 2 2 0 1 2200 2264 2199
4332 2 2 0 1 2264 2265 2200
4333 2 2 0 1 2201 2265 2200
4334 2 2 0 1 2265 2266 2201
4335 2 2 0 1 2202 2266 2201
4336 2 2 0 1 2266 2267 2202
4337 2 2 0 1 2203 2267 2202
4338 2 2 0 1 2267 2268 2203
4339 2 2 0 1 2204 2268 2203
4340 2 2 0 1 2268 2269 2204
4341 2 2 0 1 2205 2269 2204
4342 2 2 0 1 2269 2270 2205
4343 2 2 0 1 2206 2270 2205
4344 2 2 0 1 2270 2271 2206
4345 2 2 0 1 2207 2271 2206
4346 2 2 0 1 2271 2272 2207
4347 2 2 0 1 2208 2272 2207
4348 2 2 0 1 2272 2273 2208
4349 2 2 0 1 2209 2273 2208
4350 2 2 0 1 2273 2274 2209
4351 2 2 0 1 2210 2274 2209
4352 2 2 0 1 2274 2275 2210
4353 2 2 0 1 2276 2277 2212
4354 2 2 0 1 2212 2276 2211
4355 2 2 0 1 2278 2276 2211
4356 2 2 0 1 2211 2278 2213
4357 2 2 0 1 2279 2278 2213
4358 2 2 0 1 2213 2279 2214
4359 2 2 0 1 2280 2279 2214
4360 2 2 0 1 2214 2280 2215
4361 2 2 0 1 2281 2280 2215
4362 2 2 0 1 2215 2281 2216
4363 2 2 0 1 2282 2281 2216
4364 2 2 0 1 2216 2282 2217
4365 2 2 0 1 2283 2282 2217
4366 2 2 0 1 2217 2283 2218
4367 2 2 0 1 2284 2283 2218
4368 2 2 0 1 2218 2284 2219
4369 2 2 0 1 2285 2284 2219
4370 2 2 0 1 2219 2285 2220
4371 2 2 0 1 2286 2285 2220
4372 2 2 0 1 2220 2286 2221
4373 2 2 0 1 2287 2286 2221
4374 2 2 0 1 2221 2287 2222
4375 2 2 0 1 2288 2287 2222
4376 2 2 0 1 2222 2288 2223
4377 2 2 0 1 2289 2288 2223
4378 2 2 0 1 2223 2289 2224
4379 2 2 0 1 2290 2289 2224
4380 2 2 0 1 2224 2290 2225
4381 2 2 0 1 2291 2290 2225
4382 2 2 0 1 2225 2291 2226
4383 2 2 0 1 2292 2291 2226
4384 2 2 0 1 2226 2292 2227
4385 2 2 0 1 2293 2292 2227
4386 2 2 0 1 2227 2293 2228
4387 2 2 0 1 2294 2293 2228
4388 2 2 0 1 2228 2294 2229
4389 2 2 0 1 2295 2294 2229
4390 2 2 0 1 2229 2295 2230
4391 2 2 0 1 2296 2295 2230
4392 2 2 0 1 2230 2296 2231
4393 2 2 0 1 2297 2296 2231
4394 2 2 0 1 2231 2297 2232
4395 2 2 0 1 2298 2297 2232
4396 2 2 0 1 2232 2298 2233
4397 2 2 0 1 2299 2298 2233
4398 2 2 0 1 2233 2299 2234
4399 2 2 0 1 2300 2299 2234
4400 2 2 0 1 2234 2300 2235
4401 2 2 0 1 2301 2300 2235
4402 2 2 0 1 2235 2301 2236
4403 2 2 0 1 2302 2301 2236
4404 2 2 0 1 2236 2302 2237
4405 2 2 0 1 2303 2302 2237
4406 2 2 0 1 2237 2303 2238
4407 2 2 0 1 2304 2303 2238
4408 2 2 0 1 2238 2304 2239
4409 2 2 0 1 2305 2304 2239
4410 2 2 0 1 2239 2305 2240
4411 2 2 0 1 2306 2305 2240
4412 2 2 0 1 2240 2306 2241
4413 2 2 0 1 2307 2306 2241
4414 2 2 0 1 2241 2307 2242
4415 2 2 0 1 2308 2307 2242
4416 2 2 0 1 2242 2308 2243
4417 2 2 0 1 2309 2308 2243
4418 2 2 0 1 2243 2309 2244
4419 2 2 0 1 2245 2309 2244
4420 2 2 0 1 2309 2310 2245
4421 2 2 0 1 2246 2310 2245
4422 2 2 0 1 2310 2311 2246
4423 2 2 0 1 2247 2311 2246
4424 2 2 0 1 2311 2312 2247
4425 2 2 0 1 2248 2312 2247
4426 2 2 0 1 2312 2313 2248
4427 2 2 0 1 2249 2313 2248
4428 2 2 0 1 2313 2314 2249
4429 2 2 0 1 2315 2314 2249
4430 2 2 0 1 2249 2315 2250
4431 2 2 0 1 2316 2315 2250
4432 2 2 0 1 2250 2316 2251
4433 2 2 0 1 2317 2316 2251
4434 2 2 0 1 2251 2317 2252
4435 2 2 0 1 2318 2317 2252
4436 2 2 0 1 2252 2318 2253
4437 2 2 0 1 2254 2318 2253
4438 2 2 0 1 2318 2319 2254
4439 2 2 0 1 2255 2319 2254
4440 2 2 0 1 2319 2320 2255
4441 2 2 0 1 2256 2320 2255
4442 2 2 0 1 2320 2321 2256
4443 2 2 0 1 2257 2321 2256
4444 2 2 0 1 2321 2322 2257
4445 2 2 0 1 2258 2322 2257
4446 2 2 0 1 2322 2323 2258
4447 2 2 0 1 2259 2323 2258
4448 2 2 0 1 2323 2324 2259
4449 2 2 0 1 2260 2324 2259
4450 2 2 0 1 2324 2325 2260
4451 2 2 0 1 2261 2325 2260
4452 2 2 0 1 2325 2326 2261
4453 2 2 0 1 2262 2326 2261
4454 2 2 0 1 2326 2327 2262
4455 2 2 0 1 2263 2327 2262
4456 2 2 0 1 2327 2328 2263
4457 2 2 0 1 2264 2328 2263
4458 2 2 0 1 2328 2329 2264
4459 2 2 0 1 2265 2329 2264
4460 2 2 0 1 2329 2330 2265
4461 2 2 0 1 2266 2330 2265
4462 2 2 0 1 2330 2331 2266
4463 2 2 0 1 2267 2331 2266
4464 2 2 0 1 2331 2332 2267
4465 2 2 0 1 2268 2332 2267
4466 2 2 0 1 2332 2333 2268
4467 2 2 0 1 2269 2333 2268
4468 2 2 0 1 2333 2334 2269
4469 2 2 0 1 2270 2334 2269
4470 2 2 0 1 2334 2335 2270
4471 2 2 0 1 2271 2335 2270
4472 2 2 0 1 2335 2336 2271
4473 2 2 0 1 2272 2336 2271
4474 2 2 0 1 2336 2337 2272
4475 2 2 0 1 2273 2337 2272
4476 2 2 0 1 2337 2338 2273
4477 2 2 0 1 2274 2338 2273
4478 2 2 0 1 2338 2339 2274
4479 2 2 0 1 2275 2339 2274
4480 2 2 0 1 2339 2340 2275
4481 2 2 0 1 2341 2342 2277
4482 2 2 0 1 2277 2341 2276
4483 2 2 0 1 2343 2341 2276
4484 2 2 0 1 2276 2343 2278
4485 2 2 0 1 2344 2343 2278
4486 2 2 0 1 2278 2344 2279
4487 2 2 0 1 2345 2344 2279
4488 2 2 0 1 2279 2345 2280
4489 2 2 0 1 2346 2345 2280
4490 2 2 0 1 2280 2346 2281
4491 2 2 0 1 2347 2346 2281
4492 2 2 0 1 2281 2347 2282
4493 2 2 0 1 2348 2347 2282
4494 2 2 0 1 2282 2348 2283
4495 2 2 0 1 2349 2348 2283
4496 2 2 0 1 2283 2349 2284
4497 2 2 0 1 2350 2349 2284
4498 2 2 0 1 2284 2350 2285
4499 2 2 0 1 2351 2350 2285
4500 2 2 0 1 2285 2351 2286
4501 2 2 0 1 2352 2351 2286
4502 2 2 0 1 2286 2352 2287
4503 2 2 0 1 2353 2352 2287
4504 2 2 0 1 2287 2353 2288
4505 2 2 0 1 2354 2353 2288
4506 2 2 0 1 2288 2354 2289
4507 2 2 0 1 2355 2354 2289
4508 2 2 0 1 2289 2355 2290
4509 2 2 0 1 2356 2355 2290
4510 2 2 0 1 2290 2356 2291
4511 2 2 0 1 2357 2356 2291
4512 2 2 0 1 2291 2357 2292
4513 2 2 0 1 2358 2357 2292
4514 2 2 0 1 2292 2358 2293
4515 2 2 0 1 2359 2358 2293
4516 2 2 0 1 2293 2359 2294
4517 2 2 0 1 2360 2359 2294
4518 2 2 0 1 2294 2360 2295
4519 2 2 0 1 2361 2360 2295
4520 2 2 0 1 2295 2361 2296
4521 2 2 0 1 2362 2361 2296
4522 2 2 0 1 2296 2362 2297
4523 2 2 0 1 2363 2362 2297
4524 2 2 0 1 2297 2363 2298
4525 2 2 0 1 2364 2363 2298
4526 2 2 0 1 2298 2364 2299
4527 2 2 0 1 2365 2364 2299
4528 2 2 0 1 2299 2365 2300
4529 2 2 0 1 2366 2365 2300
4530 2 2 0 1 2300 2366 2301
4531 2 2 0 1 2367 2366 2301
4532 2 2 0 1 2301 2367 2302
4533 2 2 0 1 2368 2367 2302
4534 2 2 0 1 2302 2368 2303
4535 2 2 0 1 2369 2368 2303
4536 2 2 0 1 2303 2369 2304
4537 2 2 0 1 2370 2369 2304
4538 2 2 0 1 2304 2370 2305
4539 2 2 0 1 2371 2370 2305
4540 2 2 0 1 2305 2371 2306
4541 2 2 0 1 2372 2371 2306
4542 2 2 0 1 2306 2372 2307
4543 2 2 0 1 2373 2372 2307
4544 2 2 0 1 2307 2373 2308
4545 2 2 0 1 2374 2373 2308
4546 2 2 0 1 2308 2374 2309
4547 2 2 0 1 2310 2374 2309
4548 2 2 0 1 2374 2375 2310
4549 2 2 0 1 2311 2375 2310
4550 2 2 0 1 2375 2376 2311
4551 2 2 0 1 2312 2376 2311
4552 2 2 0 1 2376 2377 2312
4553 2 2 0 1 2313 2377 2312
4554 2 2 0 1 2377 2378 2313
4555 2 2 0 1 2314 2378 2313
4556 2 2 0 1 2378 2379 2314
4557 2 2 0 1 2380 2379 2314
4558 2 2 0 1 2314 2380 2315
4559 2 2 0 1 2381 2380 2315
4560 2 2 0 1 2315 2381 2316
4561 2 2 0 1 2382 2381 2316
4562 2 2 0 1 2316 2382 2317
4563 2 2 0 1 2383 2382 2317
4564 2 2 0 1 2317 2383 2318
4565 2 2 0 1 2319 2383 2318
4566 2 2 0 1 2383 2384 2319
4567 2 2 0 1 2320 2384 2319
4568 2 2 0 1 2384 2385 2320
4569 2 2 0 1 2321 2385 2320
4570 2 2 0 1 2385 2386 2321
4571 2 2 0 1 2322 2386 2321
4572 2 2 0 1 2386 2387 2322
4573 2 2 0 1 2323 2387 2322
4574 2 2 0 1 2387 2388 2323
4575 2 2 0 1 2324 2388 2323
4576 2 2 0 1 2388 2389 2324
4577 2 2 0 1 2325 2389 2324
4578 2 2 0 1 2389 2390 2325
4579 2 2 0 1 2326 2390 2325
4580 2 2 0 1 2390 2391 2326
4581 2 2 0 1 2327 2391 2326
4582 2 2 0 1 2391 2392 2327
4583 2 2 0 1 2328 2392 2327
4584 2 2 0 1 2392 2393 2328
4585 2 2 0 1 2329 2393 2328
4586 2 2 0 1 2393 2394 2329
4587 2 2 0 1 2330 2394 2329
4588 2 2 0 1 2394 2395 2330
4589 2 2 0 1 2331 2395 2330
4590 2 2 0 1 2395 2396 2331
4591 2 2 0 1 2332 2396 2331
4592 2 2 0 1 2396 2397 2332
4593 2 2 0 1 2333 2397 2332
4594 2 2 0 1 2397 2398 2333
4595 2 2 0 1 2334 2398 2333
4596 2 2 0 1 2398 2399 2334
4597 2 2 0 1 2335 2399 2334
4598 2 2 0 1 2399 2400 2335
4599 2 2 0 1 2336 2400 2335
4600 2 2 0 1 2400 2401 2336
4601 2 2 0 1 2337 2401 2336
4602 2 2 0 1 2401 2402 2337
4603 2 2 0 1 2338 2402 2337
4604 2 2 0 1 2402 2403 2338
4605 2 2 0 1 2339 2403 2338
4606 2 2 0 1 2403 2404 2339
4607 2 2 0 1 2340 2404 2339
4608 2 2 0 1 2404 2405 2340
4609 2 2 0 1 2406 2407 2342
4610 2 2 0 1 2342 2406 2341
4611 2 2 0 1 2408 2406 2341
4612 2 2 0 1 2341 2408 2343
4613 2 2 0 1 2409 2408 2343
4614 2 2 0 1 2343 2409 2344
4615 2 2 0 1 2410 2409 2344
4616 2 2 0 1 2344 2410 2345
4617 2 2 0 1 2411 2410 2345
4618 2 2 0 1 2345 2411 2346
4619 2 2 0 1 2412 2411 2346
4620 2 2 0 1 2346 2412 2347
4621 2 2 0 1 2413 2412 2347
4622 2 2 0 1 2347 2413 2348
4623 2 2 0 1 2414 2413 2348
4624 2 2 0 1 2348 2414 2349
4625 2 2 0 1 2415 2414 2349
4626 2 2 0 1 2349 2415 2350
4627 2 2 0 1 2416 2415 2350
4628 2 2 0 1 2350 2416 2351
4629 2 2 0 1 2417 2416 2351
4630 2 2 0 1 2351 2417 2352
4631 2 2 0 1 2418 2417 2352
4632 2 2 0 1 2352 2418 2353
4633 2 2 0 1 2419 2418 2353
4634 2 2 0 1 2353 2419 2354
4635 2 2 0 1 2420 2419 2354
4636 2 2 0 1 2354 2420 2355
4637 2 2 0 1 2421 2420 2355
4638 2 2 0 1 2355 2421 2356
4639 2 2 0 1 2422 2421 2356
4640 2 2 0 1 2356 2422 2357
4641 2 2 0 1 2423 2422 2357
4642 2 2 0 1 2357 2423 2358
4643 2 2 0 1 2424 2423 2358
4644 2 2 0 1 2358 2424 2359
4645 2 2 0 1 2425 2424 2359
4646 2 2 0 1 2359 2425 2360
4647 2 2 0 1 2426 2425 2360
4648 2 2 0 1 2360 2426 2361
4649 2 2 0 1 2427 2426 2361
4650 2 2 0 1 2361 2427 2362
4651 2 2 0 1 2428 2427 2362
4652 2 2 0 1 2362 2428 2363
4653 2 2 0 1 2429 2428 2363
4654 2 2 0 1 2363 2429 2364
4655 2 2 0 1 2430 2429 2364
4656 2 2 0 1 2364 2430 2365
4657 2 2 0 1 2431 2430 2365
4658 2 2 0 1 2365 2431 2366
4659 2 2 0 1 2432 2431 2366
4660 2 2 0 1 2366 2432 2367
4661 2 2 0 1 2433 2432 2367
4662 2 2 0 1 2367 2433 2368
4663 2 2 0 1 2434 2433 2368
4664 2 2 0 1 2368 2434 2369
4665 2 2 0 1 2435 2434 2369
4666 2 2 0 1 2369 2435 2370
4667 2 2 0 1 2436 2435 2370
4668 2 2 0 1 2370 2436 2371
4669 2 2 0 1 2372 2436 2371
4670 2 2 0 1 2436 2437 2372
4671 2 2 0 1 2373 2437 2372
4672 2 2 0 1 2437 2438 2373
4673 2 2 0 1 2374 2438 2373
4674 2 2 0 1 2438 2439 2374
4675 2 2 0 1 2375 2439 2374
4676 2 2 0 1 2439 2440 2375
4677 2 2 0 1 2376 2440 2375
4678 2 2 0 1 2440 2441 2376
4679 2 2 0 1 2377 2441 2376
4680 2 2 0 1 2441 2442 2377
4681 2 2 0 1 2378 2442 2377
4682 2 2 0 1 2442 2443 2378
4683 2 2 0 1 2379 2443 2378
4684 2 2 0 1 2443 2444 2379
4685 2 2 0 1 2445 2444 2379
4686 2 2 0 1 2379 2445 2380
4687 2 2 0 1 2446 2445 2380
4688 2 2 0 1 2380 2446 2381
4689 2 2 0 1 2447 2446 2381
4690 2 2 0 1 2381 2447 2382
4691 2 2 0 1 2448 2447 2382
4692 2 2 0 1 2382 2448 2383
4693 2 2 0 1 2384 2448 2383
4694 2 2 0 1 2448 2449 2384
4695 2 2 0 1 2385 2449 2384
4696 2 2 0 1 2449 2450 2385
4697 2 2 0 1 2386 2450 2385
4698 2 2 0 1 2450 2451 2386
4699 2 2 0 1 2387 2451 2386
4700 2 2 0 1 2451 2452 2387
4701 2 2 0 1 2388 2452 2387
4702 2 2 0 1 2452 2453 2388
4703 2 2 0 1 2389 2453 2388
4704 2 2 0 1 2453 2454 2389
4705 2 2 0 1 2390 2454 2389
4706 2 2 0 1 2454 2455 2390
4707 2 2 0 1 2391 2455 2390
4708 2 2 0 1 2455 2456 2391
4709 2 2 0 1 2392 2456 2391
4710 2 2 0 1 2456 2457 2392
4711 2 2 0 1 2393 2457 2392
4712 2 2 0 1 2457 2458 2393
4713 2 2 0 1 2394 2458 2393
4714 2 2 0 1 2458 2459 2394
4715 2 2 0 1 2395 2459 2394
4716 2 2 0 1 2459 2460 2395
4717 2 2 0 1 2396 2460 2395
4718 2 2 0 1 2460 2461 2396
4719 2 2 0 1 2397 2461 2396
4720 2 2 0 1 2461 2462 2397
4721 2 2 0 1 2398 2462 2397
4722 2 2 0 1 2462 2463 2398
4723 2 2 0 1 2399 2463 2398
4724 2 2 0 1 2463 2464 2399
4725 2 2 0 1 2400 2464 2399
4726 2 2 0 1 2464 2465 2400
4727 2 2 0 1 2401 2465 2400
4728 2 2 0 1 2465 2466 2401
4729 2 2 0 1 2402 2466 2401
4730 2 2 0 1 2466 2467 2402
4731 2 2 0 1 2403 2467 2402
4732 2 2 0 1 2467 2468 2403
4733 2 2 0 1 2404 2468 2403
4734 2 2 0 1 2468 2469 2404
4735 2 2 0 1 2405 2469 2404
4736 2 2 0 1 2469 2470 2405
4737 2 2 0 1 2471 2472 2407
4738 2 2 0 1 2407 2471 2406
4739 2 2 0 1 2473 2471 2406
4740 2 2 0 1 2406 2473 2408
4741 2 2 0 1 2474 2473 2408
4742 2 2 0 1 2408 2474 2409
4743 2 2 0 1 2475 2474 2409
4744 2 2 0 1 2409 2475 2410
4745 2 2 0 1 2476 2475 2410
4746 2 2 0 1 2410 2476 2411
4747 2 2 0 1 2477 2476 2411
4748 2 2 0 1 2411 2477 2412
4749 2 2 0 1 2478 2477 2412
4750 2 2 0 1 2412 2478 2413
4751 2 2 0 1 2479 2478 2413
4752 2 2 0 1 2413 2479 2414
4753 2 2 0 1 2480 2479 2414
4754 2 2 0 1 2414 2480 2415
4755 2 2 0 1 2481 2480 2415
4756 2 2 0 1 2415 2481 2416
4757 2 2 0 1 2482 2481 2416
4758 2 2 0 1 2416 2482 2417
4759 2 2 0 1 2483 2482 2417
4760 2 2 0 1 2417 2483 2418
4761 2 2 0 1 2484 2483 2418
4762 2 2 0 1 2418 2484 2419
4763 2 2 0 1 2485 2484 2419
4764 2 2 0 1 2419 2485 2420
4765 2 2 0 1 2486 2485 2420
4766 2 2 0 1 2420 2486 2421
4767 2 2 0 1 2487 2486 2421
4768 2 2 0 1 2421 2487 2422
4769 2 2 0 1 2488 2487 2422
4770 2 2 0 1 2422 2488 2423
4771 2 2 0 1 2489 2488 2423
4772 2 2 0 1 2423 2489 2424
4773 2 2 0 1 2490 2489 2424
4774 2 2 0 1 2424 2490 2425
4775 2 2 0 1 2491 2490 2425
4776 2 2 0 1 2425 2491 2426
4777 2 2 0 1 2492 2491 2426
4778 2 2 0 1 2426 2492 2427
4779 2 2 0 1 2493 2492 2427
4780 2 2 0 1 2427 2493 2428
4781 2 2 0 1 2494 2493 2428
4782 2 2 0 1 2428 2494 2429
4783 2 2 0 1 2495 2494 2429
4784 2 2 0 1 2429 2495 2430
4785 2 2 0 1 2496 2495 2430
4786 2 2 0 1 2430 2496 2431
4787 2 2 0 1 2497 2496 2431
4788 2 2 0 1 2431 2497 2432
4789 2 2 0 1 2498 2497 2432
4790 2 2 0 1 2432 2498 2433
4791 2 2 0 1 2499 2498 2433
4792 2 2 0 1 2433 2499 2434
4793 2 2 0 1 2500 2499 2434
4794 2 2 0 1 2434 2500 2435
4795 2 2 0 1 2501 2500 2435
4796 2 2 0 1 2435 2501 2436
4797 2 2 0 1 2437 2501 2436
4798 2 2 0 1 2501 2502 2437
4799 2 2 0 1 2438 2502 2437
4800 2 2 0 1 2502 2503 2438
4801 2 2 0 1 2439 2503 2438
4802 2 2 0 1 2503 2504 2439
4803 2 2 0 1 2440 2504 2439
4804 2 2 0 1 2504 2505 2440
4805 2 2 0 1 2441 2505 2440
4806 2 2 0 1 2505 2506 2441
4807 2 2 0 1 2442 2506 2441
4808 2 2 0 1 2506 2507 2442
4809 2 2 0 1 2443 2507 2442
4810 2 2 0 1 2507 2508 2443
4811 2 2 0 1 2444 2508 2443
4812 2 2 0 1 2508 2509 2444
4813 2 2 0 1 2510 2509 2444
4814 2 2 0 1 2444 2510 2445
4815 2 2 0 1 2511 2510 2445
4816 2 2 0 1 2445 2511 2446
4817 2 2 0 1 2512 2511 2446
4818 2 2 0 1 2446 2512 2447
4819 2 2 0 1 2513 2512 2447
4820 2 2 0 1 2447 2513 2448
4821 2 2 0 1 2449 2513 2448
4822 2 2 0 1 2513 2514 2449
4823 2 2 0 1 2450 2514 2449
4824 2 2 0 1 2514 2515 2450
4825 2 2 0 1 2451 2515 2450
4826 2 2 0 1 2515 2516 2451
4827 2 2 0 1 2452 2516 2451
4828 2 2 0 1 2516 2517 2452
4829 2 2 0 1 2453 2517 2452
4830 2 2 0 1 2517 2518 2453
4831 2 2 0 1 2454 2518 2453
4832 2 2 0 1 2518 2519 2454
4833 2 2 0 1 2455 2519 2454
4834 2 2 0 1 2519 2520 2455
4835 2 2 0 1 2456 2520 2455
4836 2 2 0 1 2520 2521 2456
4837 2 2 0 1 2457 2521 2456
4838 2 2 0 1 2521 2522 2457
4839 2 2 0 1 2458 2522 2457
4840 2 2 0 1 2522 2523 2458
4841 2 2 0 1 2459 2523 2458
4842 2 2 0 1 2523 2524 2459
4843 2 2 0 1 2460 2524 2459
4844 2 2 0 1 2524 2525 2460
4845 2 2 0 1 2461 2525 2460
4846 2 2 0 1 2525 2526 2461
4847 2 2 0 1 2462 2526 2461
4848 2 2 0 1 2526 2527 2462
4849 2 2 0 1 2463 2527 2462
4850 2 2 0 1 2527 2528 2463
4851 2 2 0 1 2464 2528 2463
4852 2 2 0 1 2528 2529 2464
4853 2 2 0 1 2465 2529 2464
4854 2 2 0 1 2529 2530 2465
4855 2 2 0 1 2466 2530 2465
4856 2 2 0 1 2530 2531 2466
4857 2 2 0 1 2467 2531 2466
4858 2 2 0 1 2531 2532 2467
4859 2 2 0 1 2468 2532 2467
4860 2 2 0 1 2532 2533 2468
4861 2 2 0 1 2469 2533 2468
4862 2 2 0 1 2533 2534 2469
4863 2 2 0 1 2470 2534 2469
4864 2 2 0 1 2534 2535 2470
4865 2 2 0 1 2536 2537 2472
4866 2 2 0 1 2472 2536 2471
4867 2 2 0 1 2538 2536 2471
4868 2 2 0 1 2471 2538 2473
4869 2 2 0 1 2539 2538 2473
4870 2 2 0 1 2473 2539 2474
4871 2 2 0 1 2540 2539 2474
4872 2 2 0 1 2474 2540 2475
4873 2 2 0 1 2541 2540 2475
4874 2 2 0 1 2475 2541 2476
4875 2 2 0 1 2542 2541 2476
4876 2 2 0 1 2476 2542 2477
4877 2 2 0 1 2543 2542 2477
4878 2 2 0 1 2477 2543 2478
4879 2 2 0 1 2544 2543 2478
4880 2 2 0 1 2478 2544 2479
4881 2 2 0 1 2545 2544 2479
4882 2 2 0 1 2479 2545 2480
4883 2 2 0 1 2546 2545 2480
4884 2 2 0 1 2480 2546 2481
4885 2 2 0 1 2547 2546 2481
4886 2 2 0 1 2481 2547 2482
4887 2 2 0 1 2548 2547 2482
4888 2 2 0 1 2482 2548 2483
4889 2 2 0 1 2549 2548 2483
4890 2 2 0 1 2483 2549 2484
4891 2 2 0 1 2550 2549 2484
4892 2 2 0 1 2484 2550 2485
4893 2 2 0 1 2551 2550 2485
4894 2 2 0 1 2485 2551 2486
4895 2 2 0 1 2552 2551 2486
4896 2 2 0 1 2486 2552 2487
4897 2 2 0 1 2553 2552 2487
4898 2 2 0 1 2487 2553 2488
4899 2 2 0 1 2554 2553 2488
4900 2 2 0 1 2488 2554 2489
4901 2 2 0 1 2555 2554 2489
4902 2 2 0 1 2489 2555 2490
4903 2 2 0 1 2556 2555 2490
4904 2 2 0 1 2490 2556 2491
4905 2 2 0 1 2557 2556 2491
4906 2 2 0 1 2491 2557 2492
4907 2 2 0 1 2558 2557 2492
4908 2 2 0 1 2492 2558 2493
4909 2 2 0 1 2559 2558 2493
4910 2 2 0 1 2493 2559 2494
4911 2 2 0 1 2560 2559 2494
4912 2 2 0 1 2494 2560 2495
4913 2 2 0 1 2561 2560 2495
4914 2 2 0 1 2495 2561 2496
4915 2 2 0 1 2562 2561 2496
4916 2 2 0 1 2496 2562 2497
4917 2 2 0 1 2563 2562 2497
4918 2 2 0 1 2497 2563 2498
4919 2 2 0 1 2564 2563 2498
4920 2 2 0 1 2498 2564 2499
4921 2 2 0 1 2565 2564 2499
4922 2 2 0 1 2499 2565 2500
4923 2 2 0 1 2566 2565 2500
4924 2 2 0 1 2500 2566 2501
4925 2 2 0 1 2502 2566 2501
4926 2 2 0 1 2566 2567 2502
4927 2 2 0 1 2503 2567 2502
4928 2 2 0 1 2567 2568 2503
4929 2 2 0 1 2504 2568 2503
4930 2 2 0 1 2568 2569 2504
4931 2 2 0 1 2505 2569 2504
4932 2 2 0 1 2569 2570 2505
4933 2 2 0 1 2506 2570 2505
4934 2 2 0 1 2570 2571 2506
4935 2 2 0 1 2507 2571 2506
4936 2 2 0 1 2571 2572 2507
4937 2 2 0 1 2508 2572 2507
4938 2 2 0 1 2572 2573 2508
4939 2 2 0 1 2509 2573 2508
4940 2 2 0 1 2573 2574 2509
4941 2 2 0 1 2575 2574 2509
4942 2 2 0 1 2509 2575 2510
4943 2 2 0 1 2576 2575 2510
4944 2 2 0 1 2510 2576 2511
4945 2 2 0 1 2577 2576 2511
4946 2 2 0 1 2511 2577 2512
4947 2 2 0 1 2578 2577 2512
4948 2 2 0 1 2512 2578 2513
4949 2 2 0 1 2514 2578 2513
4950 2 2 0 1 2578 2579 2514
4951 2 2 0 1 2515 2579 2514
4952 2 2 0 1 2579 2580 2515
4953 2 2 0 1 2516 2580 2515
4954 2 2 0 1 2580 2581 2516
4955 2 2 0 1 2517 2581 2516
4956 2 2 0 1 2581 2582 2517
4957 2 2 0 1 2518 2582 2517
4958 2 2 0 1 2582 2583 2518
4959 2 2 0 1 2519 2583 2518
4960 2 2 0 1 2583 2584 2519
4961 2 2 0 1 2520 2584 2519
4962 2 2 0 1 2584 2585 2520
4963 2 2 0 1 2521 2585 2520
4964 2 2 0 1 2585 2586 2521
4965 2 2 0 1 2522 2586 2521
4966 2 2 0 1 2586 2587 2522
4967 2 2 0 1 2523 2587 2522
4968 2 2 0 1 2587 2588 2523
4969 2 2 0 1 2524 2588 2523
4970 2 2 0 1 2588 2589 2524
4971 2 2 0 1 2525 2589 2524
4972 2 2 0 1 2589 2590 2525
4973 2 2 0 1 2526 2590 2525
4974 2 2 0 1 2590 2591 2526
4975 2 2 0 1 2527 2591 2526
4976 2 2 0 1 2591 2592 2527
4977 2 2 0 1 2528 2592 2527
4978 2 2 0 1 2592 2593 2528
4979 2 2 0 1 2529 2593 2528
4980 2 2 0 1 2593 2594 2529
4981 2 2 0 1 2530 2594 2529
4982 2 2 0 1 2594 2595 2530
4983 2 2 0 1 2531 2595 2530
4984 2 2 0 1 2595 2596 2531
4985 2 2 0 1 2532 2596 2531
4986 2 2 0 1 2596 2597 2532
4987 2 2 0 1 2533 2597 2532
4988 2 2 0 1 2597 2598 2533
4989 2 2 0 1 2534 2598 2533
4990 2 2 0 1 2598 2599 2534
4991 2 2 0 1 2535 2599 2534
4992 2 2 0 1 2599 2600 2535
4993 2 2 0 1 2601 2602 2537
4994 2 2 0 1 2537 2601 2536
4995 2 2 0 1 2603 2601 2536
4996 2 2 0 1 2536 2603 2538
4997 2 2 0 1 2604 2603 2538
4998 2 2 0 1 2538 2604 2539
4999 2 2 0 1 2605 2604 2539
5000 2 2 0 1 2539 2605 2540
5001 2 2 0 1 2606 2605 2540
5002 2 2 0 1 2540 2606 2541
5003 2 2 0 1 2607 2606 2541
5004 2 2 0 1 2541 2607 2542
5005 2 2 0 1 2608 2607 2542
5006 2 2 0 1 2542 2608 2543
5007 2 2 0 1 2609 2608 2543
5008 2 2 0 1 2543 2609 2544
5009 2 2 0 1 2610 2609 2544
5010 2 2 0 1 2544 2610 2545
5011 2 2 0 1 2611 2610 2545
5012 2 2 0 1 2545 2611 2546
5013 2 2 0 1 2612 2611 2546
5014 2 2 0 1 2546 2612 2547
5015 2 2 0 1 2613 2612 2547
5016 2 2 0 1 2547 2613 2548
5017 2 2 0 1 2614 2613 2548
5018 2 2 0 1 2548 2614 2549
5019 2 2 0 1 2615 2614 2549
5020 2 2 0 1 2549 2615 2550
5021 2 2 0 1 2616 2615 2550
5022 2 2 0 1 2550 2616 2551
5023 2 2 0 1 2617 2616 2551
5024 2 2 0 1 2551 2617 2552
5025 2 2 0 1 2618 2617 2552
5026 2 2 0 1 2552 2618 2553
5027 2 2 0 1 2619 2618 2553
5028 2 2 0 1 2553 2619 2554
5029 2 2 0 1 2620 2619 2554
5030 2 2 0 1 2554 2620 2555
5031 2 2 0 1 2621 2620 2555
5032 2 2 0 1 2555 2621 2556
5033 2 2 0 1 2622 2621 2556
5034 2 2 0 1 2556 2622 2557
5035 2 2 0 1 2623 2622 2557
5036 2 2 0 1 2557 2623 2558
5037 2 2 0 1 2624 2623 2558
5038 2 2 0 1 2558 2624 2559
5039 2 2 0 1 2625 2624 2559
5040 2 2 0 1 2559 2625 2560
5041 2 2 0 1 2626 2625 2560
5042 2 2 0 1 2560 2626 2561
5043 2 2 0 1 2627 2626 2561
5044 2 2 0 1 2561 2627 2562
5045 2 2 0 1 2628 2627 2562
5046 2 2 0 1 2562 2628 2563
5047 2 2 0 1 2629 2628 2563
5048 2 2 0 1 2563 2629 2564
5049 2 2 0 1 2630 2629 2564
5050 2 2 0 1 2564 2630 2565
5051 2 2 0 1 2631 2630 2565
5052 2 2 0 1 2565 2631 2566
5053 2 2 0 1 2567 2631 2566
5054 2 2 0 1 2631 2632 2567
5055 2 2 0 1 2568 2632 2567
5056 2 2 0 1 2632 2633 2568
5057 2 2 0 1 2569 2633 2568
5058 2 2 0 1 2633 2634 2569
5059 2 2 0 1 2570 2634 2569
5060 2 2 0 1 2634 2635 2570
5061 2 2 0 1 2571 2635 2570
5062 2 2 0 1 2635 2636 2571
5063 2 2 0 1 2572 2636 2571
5064 2 2 0 1 2636 2637 2572
5065 2 2 0 1 2573 2637 2572
5066 2 2 0 1 2637 2638 2573
5067 2 2 0 1 2574 2638 2573
5068 2 2 0 1 2638 2639 2574
5069 2 2 0 1 2640 2639 2574
5070 2 2 0 1 2574 2640 2575
5071 2 2 0 1 2641 2640 2575
5072 2 2 0 1 2575 2641 2576
5073 2 2 0 1 2642 2641 2576
5074 2 2 0 1 2576 2642 2577
5075 2 2 0 1 2643 2642 2577
5076 2 2 0 1 2577 2643 2578
5077 2 2 0 1 2579 2643 2578
5078 2 2 0 1 2643 2644 2579
5079 2 2 0 1 2580 2644 2579
5080 2 2 0 1 2644 2645 2580
5081 2 2 0 1 2581 2645 2580
5082 2 2 0 1 2645 2646 2581
5083 2 2 0 1 2582 2646 2581
5084 2 2 0 1 2646 2647 2582
5085 2 2 0 1 2583 2647 2582
5086 2 2 0 1 2647 2648 2583
5087 2 2 0 1 2584 2648 2583
5088 2 2 0 1 2648 2649 2584
5089 2 2 0 1 2585 2649 2584
5090 2 2 0 1 2649 2650 2585
5091 2 2 0 1 2586 2650 2585
5092 2 2 0 1 2650 2651 2586
5093 2 2 0 1 2587 2651 2586
5094 2 2 0 1 2651 2652 2587
5095 2 2 0 1 2588 2652 2587
5096 2 2 0 1 2652 2653 2588
5097 2 2 0 1 2589 2653 2588
5098 2 2 0 1 2653 2654 2589
5099 2 2 0 1 2590 2654 2589
5100 2 2 0 1 2654 2655 2590
5101 2 2 0 1 2591 2655 2590
5102 2 2 0 1 2655 2656 2591
5103 2 2 0 1 2592 2656 2591
5104 2 2 0 1 2656 2657 2592
5105 2 2 0 1 2593 2657 2592
5106 2 2 0 1 2657 2658 2593
5107 2 2 0 1 2594 2658 2593
5108 2 2 0 1 2658 2659 2594
5109 2 2 0 1 2595 2659 2594
5110 2 2 0 1 2659 2660 2595
5111 2 2 0 1 2596 2660 2595
5112 2 2 0 1 2660 2661 2596
5113 2 2 0 1 2597 2661 2596
5114 2 2 0 1 2661 2662 2597
5115 2 2 0 1 2598 2662 2597
5116 2 2 0 1 2662 2663 2598
5117 2 2 0 1 2599 2663 2598
5118 2 2 0 1 2663 2664 2599
5119 2 2 0 1 2600 2664 2599
5120 2 2 0 1 2664 2665 2600
5121 2 2 0 1 2666 2667 2602
5122 2 2 0 1 2602 2666 2601
5123 2 2 0 1 2668 2666 2601
5124 2 2 0 1 2601 2668 2603
5125 2 2 0 1 2669 2668 2603
5126 2 2 0 1 2603 2669 2604
5127 2 2 0 1 2670 2669 2604
5128 2 2 0 1 2604 2670 2605
5129 2 2 0 1 2671 2670 2605
5130 2 2 0 1 2605 2671 2606
5131 2 2 0 1 2672 2671 2606
5132 2 2 0 1 2606 2672 2607
5133 2 2 0 1 2673 2672 2607
5134 2 2 0 1 2607 2673 2608
5135 2 2 0 1 2674 2673 2608
5136 2 2 0 1 2608 2674 2609
5137 2 2 0 1 2675 2674 2609
5138 2 2 0 1 2609 2675 2610
5139 2 2 0 1 2676 2675 2610
5140 2 2 0 1 2610 2676 2611
5141 2 2 0 1 2677 2676 2611
5142 2 2 0 1 2611 2677 2612
5143 2 2 0 1 2678 2677 2612
5144 2 2 0 1 2612 2678 2613
5145 2 2 0 1 2679 2678 2613
5146 2 2 0 1 2613 2679 2614
5147 2 2 0 1 2680 2679 2614
5148 2 2 0 1 2614 2680 2615
5149 2 2 0 1 2681 2680 2615
5150 2 2 0 1 2615 2681 2616
5151 2 2 0 1 2682 2681 2616
5152 2 2 0 1 2616 2682 2617
5153 2 2 0 1 2683 2682 2617
5154 2 2 0 1 2617 2683 2618
5155 2 2 0 1 2684 2683 2618
5156 2 2 0 1 2618 2684 2619
5157 2 2 0 1 2685 2684 2619
5158 2 2 0 1 2619 2685 2620
5159 2 2 0 1 2686 2685 2620
5160 2 2 0 1 2620 2686 2621
5161 2 2 0 1 2687 2686 2621
5162 2 2 0 1 2621 2687 2622
5163 2 2 0 1 2688 2687 2622
5164 2 2 0 1 2622 2688 2623
5165 2 2 0 1 2689 2688 2623
5166 2 2 0 1 2623 2689 2624
5167 2 2 0 1 2690 2689 2624
5168 2 2 0 1 2624 2690 2625
5169 2 2 0 1 2691 2690 2625
5170 2 2 0 1 2625 2691 2626
5171 2 2 0 1 2692 2691 2626
5172 2 2 0 1 2626 2692 2627
5173 2 2 0 1 2693 2692 2627
5174 2 2 0 1 2627 2693 2628
5175 2 2 0 1 2694 2693 2628
5176 2 2 0 1 2628 2694 2629
5177 2 2 0 1 2695 2694 2629
5178 2 2 0 1 2629 2695 2630
5179 2 2 0 1 2696 2695 2630
5180 2 2 0 1 2630 2696 2631
5181 2 2 0 1 2632 2696 2631
5182 2 2 0 1 2696 2697 2632
5183 2 2 0 1 2633 2697 2632
5184 2 2 0 1 2697 2698 2633
5185 2 2 0 1 2634 2698 2633
5186 2 2 0 1 2698 2699 2634
5187 2 2 0 1 2635 2699 2634
5188 2 2 0 1 2699 2700 2635
5189 2 2 0 1 2636 2700 2635
5190 2 2 0 1 2700 2701 2636
5191 2 2 0 1 2637 2701 2636
5192 2 2 0 1 2701 2702 2637
5193 2 2 0 1 2638 2702 2637
5194 2 2 0 1 2702 2703 2638
5195 2 2 0 1 2639 2703 2638
5196 2 2 0 1 2703 2704 2639
5197 2 2 0 1 2705 2704 2639
5198 2 2 0 1 2639 2705 2640
5199 2 2 0 1 2706 2705 2640
5200 2 2 0 1 2640 2706 2641
5201 2 2 0 1 2707 2706 2641
5202 2 2 0 1 2641 2707 2642
5203 2 2 0 1 2708 2707 2642
5204 2 2 0 1 2642 2708 2643
5205 2 2 0 1 2644 2708 2643
5206 2 2 0 1 2708 2709 2644
5207 2 2 0 1 2645 2709 2644
5208 2 2 0 1 2709 2710 2645
5209 2 2 0 1 2646 2710 2645
5210 2 2 0 1 2710 2711 2646
5211 2 2 0 1 2647 2711 2646
5212 2 2 0 1 2711 2712 2647
5213 2 2 0 1 2648 2712 2647
5214 2 2 0 1 2712 2713 2648
5215 2 2 0 1 2649 2713 2648
5216 2 2 0 1 2713 2714 2649
5217 2 2 0 1 2650 2714 2649
5218 2 2 0 1 2714 2715 2650
5219 2 2 0 1 2651 2715 2650
5220 2 2 0 1 2715 2716 2651
5221 2 2 0 1 2652 2716 2651
5222 2 2 0 1 2716 2717 2652
5223 2 2 0 1 2653 2717 2652
5224 2 2 0 1 2717 2718 2653
5225 2 2 0 1 2654 2718 2653
5226 2 2 0 1 2718 2719 2654
5227 2 2 0 1 2655 2719 2654
5228 2 2 0 1 2719 2720 2655
5229 2 2 0 1 2721 2720 2655
5230 2 2 0 1 2655 2721 2656
5231 2 2 0 1 2722 2721 2656
5232 2 2 0 1 2656 2722 2657
5233 2 2 0 1 2723 2722 2657
5234 2 2 0 1 2657 2723 2658
5235 2 2 0 1 2724 2723 2658
5236 2 2 0 1 2658 2724 2659
5237 2 2 0 1 2725 2724 2659
5238 2 2 0 1 2659 2725 2660
5239 2 2 0 1 2726 2725 2660
5240 2 2 0 1 2660 2726 2661
5241 2 2 0 1 2727 2726 2661
5242 2 2 0 1 2661 2727 2662
5243 2 2 0 1 2728 2727 2662
5244 2 2 0 1 2662 2728 2663
5245 2 2 0 1 2729 2728 2663
5246 2 2 0 1 2663 2729 2664
5247 2 2 0 1 2730 2729 2664
5248 2 2 0 1 2664 2730 2665
5249 2 2 0 1 2731 2732 2667
5250 2 2 0 1 2667 2731 2666
5251 2 2 0 1 2733 2731 2666
5252 2 2 0 1 2666 2733 2668
5253 2 2 0 1 2734 2733 2668
5254 2 2 0 1 2668 2734 2669
5255 2 2 0 1 2735 2734 2669
5256 2 2 0 1 2669 2735 2670
5257 2 2 0 1 2736 2735 2670
5258 2 2 0 1 2670 2736 2671
5259 2 2 0 1 2737 2736 2671
5260 2 2 0 1 2671 2737 2672
5261 2 2 0 1 2738 2737 2672
5262 2 2 0 1 2672 2738 2673
5263 2 2 0 1 2739 2738 2673
5264 2 2 0 1 2673 2739 2674
5265 2 2 0 1 2740 2739 2674
5266 2 2 0 1 2674 2740 2675
5267 2 2 0 1 2741 2740 2675
5268 2 2 0 1 2675 2741 2676
5269 2 2 0 1 2742 2741 2676
5270 2 2 0 1 2676 2742 2677
5271 2 2 0 1 2743 2742 2677
5272 2 2 0 1 2677 2743 2678
5273 2 2 0 1 2744 2743 2678
5274 2 2 0 1 2678 2744 2679
5275 2 2 0 1 2745 2744 2679
5276 2 2 0 1 2679 2745 2680
5277 2 2 0 1 2746 2745 2680
5278 2 2 0 1 2680 2746 2681
5279 2 2 0 1 2747 2746 2681
5280 2 2 0 1 2681 2747 2682
5281 2 2 0 1 2748 2747 2682
5282 2 2 0 1 2682 2748 2683
5283 2 2 0 1 2749 2748 2683
5284 2 2 0 1 2683 2749 2684
5285 2 2 0 1 2750 2749 2684
5286 2 2 0 1 2684 2750 2685
5287 2 2 0 1 2751 2750 2685
5288 2 2 0 1 2685 2751 2686
5289 2 2 0 1 2752 2751 2686
5290 2 2 0 1 2686 2752 2687
5291 2 2 0 1 2753 2752 2687
5292 2 2 0 1 2687 2753 2688
5293 2 2 0 1 2754 2753 2688
5294 2 2 0 1 2688 2754 2689
5295 2 2 0 1 2755 2754 2689
5296 2 2 0 1 2689 2755 2690
5297 2 2 0 1 2756 2755 2690
5298 2 2 0 1 2690 2756 2691
5299 2 2 0 1 2757 2756 2691
5300 2 2 0 1 2691 2757 2692
5301 2 2 0 1 2758 2757 2692
5302 2 2 0 1 2692 2758 2693
5303 2 2 0 1 2759 2758 2693
5304 2 2 0 1 2693 2759 2694
5305 2 2 0 1 2760 2759 2694
5306 2 2 0 1 2694 2760 2695
5307 2 2 0 1 2761 2760 2695
5308 2 2 0 1 2695 2761 2696
5309 2 2 0 1 2697 2761 2696
5310 2 2 0 1 2761 2762 2697
5311 2 2 0 1 2698 2762 2697
5312 2 2 0 1 2762 2763 2698
5313 2 2 0 1 2699 2763 2698
5314 2 2 0 1 2763 2764 2699
5315 2 2 0 1 2700 2764 2699
5316 2 2 0 1 2764 2765 2700
5317 2 2 0 1 2701 2765 2700
5318 2 2 0 1 2765 2766 2701
5319 2 2 0 1 2702 2766 2701
5320 2 2 0 1 2766 2767 2702
5321 2 2 0 1 2703 2767 2702
5322 2 2 0 1 2767 2768 2703
5323 2 2 0 1 2704 2768 2703
5324 2 2 0 1 2768 2769 2704
5325 2 2 0 1 2770 2769 2704
5326 2 2 0 1 2704 2770 2705
5327 2 2 0 1 2771 2770 2705
5328 2 2 0 1 2705 2771 2706
5329 2 2 0 1 2772 2771 2706
5330 2 2 0 1 2706 2772 2707
5331 2 2 0 1 2773 2772 2707
5332 2 2 0 1 2707 2773 2708
5333 2 2 0 1 2709 2773 2708
5334 2 2 0 1 2773 2774 2709
5335 2 2 0 1 2710 2774 2709
5336 2 2 0 1 2774 2775 2710
5337 2 2 0 1 2711 2775 2710
5338 2 2 0 1 2775 2776 2711
5339 2 2 0 1 2712 2776 2711
5340 2 2 0 1 2776 2777 2712
5341 2 2 0 1 2713 2777 2712
5342 2 2 0 1 2777 2778 2713
5343 2 2 0 1 2714 2778 2713
5344 2 2 0 1 2778 2779 2714
5345 2 2 0 1 2715 2779 2714
5346 2 2 0 1 2779 2780 2715
5347 2 2 0 1 2716 2780 2715
5348 2 2 0 1 2780 2781 2716
5349 2 2 0 1 2717 2781 2716
5350 2 2 0 1 2781 2782 2717
5351 2 2 0 1 2718 2782 2717
5352 2 2 0 1 2782 2783 2718
5353 2 2 0 1 2719 2783 2718
5354 2 2 0 1 2783 2784 2719
5355 2 2 0 1 2720 2784 2719
5356 2 2 0 1 2784 2785 2720
5357 2 2 0 1 2786 2785 2720
5358 2 2 0 1 2720 2786 2721
5359 2 2 0 1 2787 2786 2721
5360 2 2 0 1 2721 2787 2722
5361 2 2 0 1 2788 2787 2722
5362 2 2 0 1 2722 2788 2723
5363 2 2 0 1 2789 2788 2723
5364 2 2 0 1 2723 2789 2724
5365 2 2 0 1 2790 2789 2724
5366 2 2 0 1 2724 2790 2725
5367 2 2 0 1 2791 2790 2725
5368 2 2 0 1 2725 2791 2726
5369 2 2 0 1 2792 2791 2726
5370 2 2 0 1 2726 2792 2727
5371 2 2 0 1 2793 2792 2727
5372 2 2 0 1 2727 2793 2728
5373 2 2 0 1 2794 2793 2728
5374 2 2 0 1 2728 2794 2729
5375 2 2 0 1 2795 2794 2729
5376 2 2 0 1 2729 2795 2730
5377 2 2 0 1 2796 2797 2732
5378 2 2 0 1 2732 2796 2731
5379 2 2 0 1 2798 2796 2731
5380 2 2 0 1 2731 2798 2733
5381 2 2 0 1 2799 2798 2733
5382 2 2 0 1 2733 2799 2734
5383 2 2 0 1 2800 2799 2734
5384 2 2 0 1 2734 2800 2735
5385 2 2 0 1 2801 2800 2735
5386 2 2 0 1 2735 2801 2736
5387 2 2 0 1 2802 2801 2736
5388 2 2 0 1 2736 2802 2737
5389 2 2 0 1 2803 2802 2737
5390 2 2 0 1 2737 2803 2738
5391 2 2 0 1 2804 2803 2738
5392 2 2 0 1 2738 2804 2739
5393 2 2 0 1 2805 2804 2739
5394 2 2 0 1 2739 2805 2740
5395 2 2 0 1 2806 2805 2740
5396 2 2 0 1 2740 2806 2741
5397 2 2 0 1 2807 2806 2741
5398 2 2 0 1 2741 2807 2742
5399 2 2 0 1 2808 2807 2742
5400 2 2 0 1 2742 2808 2743
5401 2 2 0 1 2809 2808 2743
5402 2 2 0 1 2743 2809 2744
5403 2 2 0 1 2810 2809 2744
5404 2 2 0 1 2744 2810 2745
5405 2 2 0 1 2811 2810 2745
5406 2 2 0 1 2745 2811 2746
5407 2 2 0 1 2812 2811 2746
5408 2 2 0 1 2746 2812 2747
5409 2 2 0 1 2813 2812 2747
5410 2 2 0 1 2747 2813 2748
5411 2 2 0 1 2814 2813 2748
5412 2 2 0 1 2748 2814 2749
5413 2 2 0 1 2815 2814 2749
5414 2 2 0 1 2749 2815 2750
5415 2 2 0 1 2816 2815 2750
5416 2 2 0 1 2750 2816 2751
5417 2 2 0 1 2817 2816 2751
5418 2 2 0 1 2751 2817 2752
5419 2 2 0 1 2818 2817 2752
5420 2 2 0 1 2752 2818 2753
5421 2 2 0 1 2819 2818 2753
5422 2 2 0 1 2753 2819 2754
5423 2 2 0 1 2820 2819 2754
5424 2 2 0 1 2754 2820 2755
5425 2 2 0 1 2821 2820 2755
5426 2 2 0 1 2755 2821 2756
5427 2 2 0 1 2822 2821 2756
5428 2 2 0 1 2756 2822 2757
5429 2 2 0 1 2823 2822 2757
5430 2 2 0 1 2757 2823 2758
5431 2 2 0 1 2824 2823 2758
5432 2 2 0 1 2758 2824 2759
5433 2 2 0 1 2825 2824 2759
5434 2 2 0 1 2759 2825 2760
5435 2 2 0 1 2826 2825 2760
5436 2 2 0 1 2760 2826 2761
5437 2 2 0 1 2762 2826 2761
5438 2 2 0 1 2826 2827 2762
5439 2 2 0 1 2763 2827 2762
5440 2 2 0 1 2827 2828 2763
5441 2 2 0 1 2764 2828 2763
5442 2 2 0 1 2828 2829 2764
5443 2 2 0 1 2765 2829 2764
5444 2 2 0 1 2829 2830 2765
5445 2 2 0 1 2766 2830 2765
5446 2 2 0 1 2830 2831 2766
5447 2 2 0 1 2767 2831 2766
5448 2 2 0 1 2831 2832 2767
5449 2 2 0 1 2768 2832 2767
5450 2 2 0 1 2832 2833 2768
5451 2 2 0 1 2769 2833 2768
5452 2 2 0 1 2833 2834 2769
5453 2 2 0 1 2835 2834 2769
5454 2 2 0 1 2769 2835 2770
5455 2 2 0 1 2836 2835 2770
5456 2 2 0 1 2770 2836 2771
5457 2 2 0 1 2837 2836 2771
5458 2 2 0 1 2771 2837 2772
5459 2 2 0 1 2838 2837 2772
5460 2 2 0 1 2772 2838 2773
5461 2 2 0 1 2774 2838 2773
5462 2 2 0 1 2838 2839 2774
5463 2 2 0 1 2775 2839 2774
5464 2 2 0 1 2839 2840 2775
5465 2 2 0 1 2776 2840 2775
5466 2 2 0 1 2840 2841 2776
5467 2 2 0 1 2777 2841 2776
5468 2 2 0 1 2841 2842 2777
5469 2 2 0 1 2778 2842 2777
5470 2 2 0 1 2842 2843 2778
5471 2 2 0 1 2779 2843 2778
5472 2 2 0 1 2843 2844 2779
5473 2 2 0 1 2780 2844 2779
5474 2 2 0 1 2844 2845 2780
5475 2 2 0 1 2781 2845 2780
5476 2 2 0 1 2845 2846 2781
5477 2 2 0 1 2782 2846 2781
5478 2 2 0 1 2846 2847 2782
5479 2 2 0 1 2783 2847 2782
5480 2 2 0 1 2847 2848 2783
5481 2 2 0 1 2784 2848 2783
5482 2 2 0 1 2848 2849 2784
5483 2 2 0 1 2785 2849 2784
5484 2 2 0 1 2849 2850 2785
5485 2 2 0 1 2851 2850 2785
5486 2 2 0 1 2785 2851 2786
5487 2 2 0 1 2852 2851 2786
5488 2 2 0 1 2786 2852 2787
5489 2 2 0 1 2853 2852 2787
5490 2 2 0 1 2787 2853 2788
5491 2 2 0 1 2854 2853 2788
5492 2 2 0 1 2788 2854 2789
5493 2 2 0 1 2855 2854 2789
5494 2 2 0 1 2789 2855 2790
5495 2 2 0 1 2856 2855 2790
5496 2 2 0 1 2790 2856 2791
5497 2 2 0 1 2857 2856 2791
5498 2 2 0 1 2791 2857 2792
5499 2 2 0 1 2858 2857 2792
5500 2 2 0 1 2792 2858 2793
5501 2 2 0 1 2859 2858 2793
5502 2 2 0 1 2793 2859 2794
5503 2 2 0 1 2860 2859 2794
5504 2 2 0 1 2794 2860 2795
5505 2 2 0 1 2861 2862 2797
5506 2 2 0 1 2797 2861 2796
5507 2 2 0 1 2863 2861 2796
5508 2 2 0 1 2796 2863 2798
5509 2 2 0 1 2864 2863 2798
5510 2 2 0 1 2798 2864 2799
5511 2 2 0 1 2865 2864 2799
5512 2 2 0 1 2799 2865 2800
5513 2 2 0 1 2866 2865 2800
5514 2 2 0 1 2800 2866 2801
5515 2 2 0 1 2867 2866 2801
5516 2 2 0 1 2801 2867 2802
5517 2 2 0 1 2868 2867 2802
5518 2 2 0 1 2802 2868 2803
5519 2 2 0 1 2869 2868 2803
5520 2 2 0 1 2803 2869 2804
5521 2 2 0 1 2870 2869 2804
5522 2 2 0 1 2804 2870 2805
5523 2 2 0 1 2871 2870 2805
5524 2 2 0 1 2805 2871 2806
5525 2 2 0 1 2872 2871 2806
5526 2 2 0 1 2806 2872 2807
5527 2 2 0 1 2873 2872 2807
5528 2 2 0 1 2807 2873 2808
5529 2 2 0 1 2874 2873 2808
5530 2 2 0 1 2808 2874 2809
5531 2 2 0 1 2875 2874 2809
5532 2 2 0 1 2809 2875 2810
5533 2 2 0 1 2876 2875 2810
5534 2 2 0 1 2810 2876 2811
5535 2 2 0 1 2877 2876 2811
5536 2 2 0 1 2811 2877 2812
5537 2 2 0 1 2878 2877 2812
5538 2 2 0 1 2812 2878 2813
5539 2 2 0 1 2879 2878 2813
5540 2 2 0 1 2813 2879 2814
5541 2 2 0 1 2880 2879 2814
5542 2 2 0 1 2814 2880 2815
5543 2 2 0 1 2881 2880 2815
5544 2 2 0 1 2815 2881 2816
5545 2 2 0 1 2882 2881 2816
5546 2 2 0 1 2816 2882 2817
5547 2 2 0 1 2883 2882 2817
5548 2 2 0 1 2817 2883 2818
5549 2 2 0 1 2884 2883 2818
5550 2 2 0 1 2818 2884 2819
5551 2 2 0 1 2885 2884 2819
5552 2 2 0 1 2819 2885 2820
5553 2 2 0 1 2821 2885 2820
5554 2 2 0 1 2885 2886 2821
5555 2 2 0 1 2887 2886 2821
5556 2 2 0 1 2821 2887 2822
5557 2 2 0 1 2888 2887 2822
5558 2 2 0 1 2822 2888 2823
5559 2 2 0 1 2889 2888 2823
5560 2 2 0 1 2823 2889 2824
5561 2 2 0 1 2890 2889 2824
5562 2 2 0 1 2824 2890 2825
5563 2 2 0 1 2826 2890 2825
5564 2 2 0 1 2890 2891 2826
5565 2 2 0 1 2827 2891 2826
5566 2 2 0 1 2891 2892 2827
5567 2 2 0 1 2828 2892 2827
5568 2 2 0 1 2892 2893 2828
5569 2 2 0 1 2829 2893 2828
5570 2 2 0 1 2893 2894 2829
5571 2 2 0 1 2830 2894 2829
5572 2 2 0 1 2894 2895 2830
5573 2 2 0 1 2831 2895 2830
5574 2 2 0 1 2895 2896 2831
5575 2 2 0 1 2832 2896 2831
5576 2 2 0 1 2896 2897 2832
5577 2 2 0 1 2833 2897 2832
5578 2 2 0 1 2897 2898 2833
5579 2 2 0 1 2834 2898 2833
5580 2 2 0 1 2898 2899 2834
5581 2 2 0 1 2900 2899 2834
5582 2 2 0 1 2834 2900 2835
5583 2 2 0 1 2901 2900 2835
5584 2 2 0 1 2835 2901 2836
5585 2 2 0 1 2902 2901 2836
5586 2 2 0 1 2836 2902 2837
5587 2 2 0 1 2903 2902 2837
5588 2 2 0 1 2837 2903 2838
5589 2 2 0 1 2839 2903 2838
5590 2 2 0 1 2903 2904 2839
5591 2 2 0 1 2840 2904 2839
5592 2 2 0 1 2904 2905 2840
5593 2 2 0 1 2841 2905 2840
5594 2 2 0 1 2905 2906 2841
5595 2 2 0 1 2842 2906 2841
5596 2 2 0 1 2906 2907 2842
5597 2 2 0 1 2843 2907 2842
5598 2 2 0 1 2907 2908 2843
5599 2 2 0 1 2844 2908 2843
5600 2 2 0 1 2908 2909 2844
5601 2 2 0 1 2845 2909 2844
5602 2 2 0 1 2909 2910 2845
5603 2 2 0 1 2846 2910 2845
5604 2 2 0 1 2910 2911 2846
5605 2 2 0 1 2847 2911 2846
5606 2 2 0 1 2911 2912 2847
5607 2 2 0 1 2848 2912 2847
5608 2 2 0 1 2912 2913 2848
5609 2 2 0 1 2849 2913 2848
5610 2 2 0 1 2913 2914 2849
5611 2 2 0 1 2850 2914 2849
5612 2 2 0 1 2914 2915 2850
5613 2 2 0 1 2916 2915 2850
5614 2 2 0 1 2850 2916 2851
5615 2 2 0 1 2917 2916 2851
5616 2 2 0 1 2851 2917 2852
5617 2 2 0 1 2918 2917 2852
5618 2 2 0 1 2852 2918 2853
5619 2 2 0 1 2919 2918 2853
5620 2 2 0 1 2853 2919 2854
5621 2 2 0 1 2920 2919 2854
5622 2 2 0 1 2854 2920 2855
5623 2 2 0 1 2921 2920 2855
5624 2 2 0 1 2855 2921 2856
5625 2 2 0 1 2922 2921 2856
5626 2 2 0 1 2856 2922 2857
5627 2 2 0 1 2923 2922 2857
5628 2 2 0 1 2857 2923 2858
5629 2 2 0 1 2924 2923 2858
5630 2 2 0 1 2858 2924 2859
5631 2 2 0 1 2925 2924 2859
5632 2 2 0 1 2859 2925 2860
5633 2 2 0 1 2926 2927 2862
5634 2 2 0 1 2862 2926 2861
5635 2 2 0 1 2928 2926 2861
5636 2 2 0 1 2861 2928 2863
5637 2 2 0 1 2929 2928 2863
5638 2 2 0 1 2863 2929 2864
5639 2 2 0 1 2930 2929 2864
5640 2 2 0 1 2864 2930 2865
5641 2 2 0 1 2931 2930 2865
5642 2 2 0 1 2865 2931 2866
5643 2 2 0 1 2932 2931 2866
5644 2 2 0 1 2866 2932 2867
5645 2 2 0 1 2933 2932 2867
5646 2 2 0 1 2867 2933 2868
5647 2 2 0 1 2934 2933 2868
5648 2 2 0 1 2868 2934 2869
5649 2 2 0 1 2935 2934 2869
5650 2 2 0 1 2869 2935 2870
5651 2 2 0 1 2936 2935 2870
5652 2 2 0 1 2870 2936 2871
5653 2 2 0 1 2937 2936 2871
5654 2 2 0 1 2871 2937 2872
5655 2 2 0 1 2938 2937 2872
5656 2 2 0 1 2872 2938 2873
5657 2 2 0 1 2939 2938 2873
5658 2 2 0 1 2873 2939 2874
5659 2 2 0 1 2940 2939 2874
5660 2 2 0 1 2874 2940 2875
5661 2 2 0 1 2941 2940 2875
5662 2 2 0 1 2875 2941 2876
5663 2 2 0 1 2942 2941 2876
5664 2 2 0 1 2876 2942 2877
5665 2 2 0 1 2943 2942 2877
5666 2 2 0 1 2877 2943 2878
5667 2 2 0 1 2944 2943 2878
5668 2 2 0 1 2878 2944 2879
5669 2 2 0 1 2945 2944 2879
5670 2 2 0 1 2879 2945 2880
5671 2 2 0 1 2946 2945 2880
5672 2 2 0 1 2880 2946 2881
5673 2 2 0 1 2947 2946 2881
5674 2 2 0 1 2881 2947 2882
5675 2 2 0 1 2948 2947 2882
5676 2 2 0 1 2882 2948 2883
5677 2 2 0 1 2949 2948 2883
5678 2 2 0 1 2883 2949 2884
5679 2 2 0 1 2885 2949 2884
5680 2 2 0 1 2949 2950 2885
5681 2 2 0 1 2886 2950 2885
5682 2 2 0 1 2950 2951 2886
5683 2 2 0 1 2887 2951 2886
5684 2 2 0 1 2951 2952 2887
5685 2 2 0 1 2953 2952 2887
5686 2 2 0 1 2887 2953 2888
5687 2 2 0 1 2954 2953 2888
5688 2 2 0 1 2888 2954 2889
5689 2 2 0 1 2955 2954 2889
5690 2 2 0 1 2889 2955 2890
5691 2 2 0 1 2891 2955 2890
5692 2 2 0 1 2955 2956 2891
5693 2 2 0 1 2892 2956 2891
5694 2 2 0 1 2956 2957 2892
5695 2 2 0 1 2893 2957 2892
5696 2 2 0 1 2957 2958 2893
5697 2 2 0 1 2894 2958 2893
5698 2 2 0 1 2958 2959 2894
5699 2 2 0 1 2895 2959 2894
5700 2 2 0 1 2959 2960 2895
5701 2 2 0 1 2896 2960 2895
5702 2 2 0 1 2960 2961 2896
5703 2 2 0 1 2897 2961 2896
5704 2 2 0 1 2961 2962 2897
5705 2 2 0 1 2898 2962 2897
5706 2 2 0 1 2962 2963 2898
5707 2 2 0 1 2899 2963 2898
5708 2 2 0 1 2963 2964 2899
5709 2 2 0 1 2965 2964 2899
5710 2 2 0 1 2899 2965 2900
5711 2 2 0 1 2966 2965 2900
5712 2 2 0 1 2900 2966 2901
5713 2 2 0 1 2967 2966 2901
5714 2 2 0 1 2901 2967 2902
5715 2 2 0 1 2968 2967 2902
5716 2 2 0 1 2902 2968 2903
5717 2 2 0 1 2904 2968 2903
5718 2 2 0 1 2968 2969 2904
5719 2 2 0 1 2905 2969 2904
5720 2 2 0 1 2969 2970 2905
5721 2 2 0 1 2906 2970 2905
5722 2 2 0 1 2970 2971 2906
5723 2 2 0 1 2907 2971 2906
5724 2 2 0 1 2971 2972 2907
5725 2 2 0 1 2908 2972 2907
5726 2 2 0 1 2972 2973 2908
5727 2 2 0 1 2909 2973 2908
5728 2 2 0 1 2973 2974 2909
5729 2 2 0 1 2910 2974 2909
5730 2 2 0 1 2974 2975 2910
5731 2 2 0 1 2911 2975 2910
5732 2 2 0 1 2975 2976 2911
5733 2 2 0 1 2912 2976 2911
5734 2 2 0 1 2976 2977 2912
5735 2 2 0 1 2913 2977 2912
5736 2 2 0 1 2977 2978 2913
5737 2 2 0 1 2914 2978 2913
5738 2 2 0 1 2978 2979 2914
5739 2 2 0 1 2915 2979 2914
5740 2 2 0 1 2979 2980 2915
5741 2 2 0 1 2981 2980 2915
5742 2 2 0 1 2915 2981 2916
5743 2 2 0 1 2982 2981 2916
5744 2 2 0 1 2916 2982 2917
5745 2 2 0 1 2983 2982 2917
5746 2 2 0 1 2917 2983 2918
5747 2 2 0 1 2984 2983 2918
5748 2 2 0 1 2918 2984 2919
5749 2 2 0 1 2985 2984 2919
5750 2 2 0 1 2919 2985 2920
5751 2 2 0 1 2986 2985 2920
5752 2 2 0 1 2920 2986 2921
5753 2 2 0 1 2987 2986 2921
5754 2 2 0 1 2921 2987 2922
5755 2 2 0 1 2988 2987 2922
5756 2 2 0 1 2922 2988 2923
5757 2 2 0 1 2989 2988 2923
5758 2 2 0 1 2923 2989 2924
5759 2 2 0 1 2990 2989 2924
5760 2 2 0 1 2924 2990 2925
5761 2 2 0 1 2991 2992 2927
5762 2 2 0 1 2927 2991 2926
5763 2 2 0 1 2993 2991 2926
5764 2 2 0 1 2926 2993 2928
5765 2 2 0 1 2994 2993 2928
5766 2 2 0 1 2928 2994 2929
5767 2 2 0 1 2995 2994 2929
5768 2 2 0 1 2929 2995 2930
5769 2 2 0 1 2996 2995 2930
5770 2 2 0 1 2930 2996 2931
5771 2 2 0 1 2997 2996 2931
5772 2 2 0 1 2931 2997 2932
5773 2 2 0 1 2998 2997 2932
5774 2 2 0 1 2932 2998 2933
5775 2 2 0 1 2999 2998 2933
5776 2 2 0 1 2933 2999 2934
5777 2 2 0 1 3000 2999 2934
5778 2 2 0 1 2934 3000 2935
5779 2 2 0 1 3001 3000 2935
5780 2 2 0 1 2935 3001 2936
5781 2 2 0 1 3002 3001 2936
5782 2 2 0 1 2936 3002 2937
5783 2 2 0 1 3003 3002 2937
5784 2 2 0 1 2937 3003 2938
5785 2 2 0 1 3004 3003 2938
5786 2 2 0 1 2938 3004 2939
5787 2 2 0 1 3005 3004 2939
5788 2 2 0 1 2939 3005 2940
5789 2 2 0 1 3006 3005 2940
5790 2 2 0 1 2940 3006 2941
5791 2 2 0 1 3007 3006 2941
5792 2 2 0 1 2941 3007 2942
5793 2 2 0 1 3008 3007 2942
5794 2 2 0 1 2942 3008 2943
5795 2 2 0 1 3009 3008 2943
5796 2 2 0 1 2943 3009 2944
5797 2 2 0 1 3010 3009 2944
5798 2 2 0 1 2944 3010 2945
5799 2 2 0 1 3011 3010 2945
5800 2 2 0 1 2945 3011 2946
5801 2 2 0 1 3012 3011 2946
5802 2 2 0 1 2946 3012 2947
5803 2 2 0 1 3013 3012 2947
5804 2 2 0 1 2947 3013 2948
5805 2 2 0 1 3014 3013 2948
5806 2 2 0 1 2948 3014 2949
5807 2 2 0 1 2950 3014 2949
5808 2 2 0 1 3014 3015 2950
5809 2 2 0 1 2951 3015 2950
5810 2 2 0 1 3015 3016 2951
5811 2 2 0 1 2952 3016 2951
5812 2 2 0 1 3016 3017 2952
5813 2 2 0 1 3018 3017 2952
5814 2 2 0 1 2952 3018 2953
5815 2 2 0 1 3019 3018 2953
5816 2 2 0 1 2953 3019 2954
5817 2 2 0 1 3020 3019 2954
5818 2 2 0 1 2954 3020 2955
5819 2 2 0 1 2956 3020 2955
5820 2 2 0 1 3020 3021 2956
5821 2 2 0 1 2957 3021 2956
5822 2 2 0 1 3021 3022 2957
5823 2 2 0 1 2958 3022 2957
5824 2 2 0 1 3022 3023 2958
5825 2 2 0 1 2959 3023 2958
5826 2 2 0 1 3023 3024 2959
5827 2 2 0 1 2960 3024 2959
5828 2 2 0 1 3024 3025 2960
5829 2 2 0 1 2961 3025 2960
5830 2 2 0 1 3025 3026 2961
5831 2 2 0 1 2962 3026 2961
5832 2 2 0 1 3026 3027 2962
5833 2 2 0 1 2963 3027 2962
5834 2 2 0 1 3027 3028 2963
5835 2 2 0 1 2964 3028 2963
5836 2 2 0 1 3028 3029 2964
5837 2 2 0 1 3030 3029 2964
5838 2 2 0 1 2964 3030 2965
5839 2 2 0 1 3031 3030 2965
5840 2 2 0 1 2965 3031 2966
5841 2 2 0 1 3032 3031 2966
5842 2 2 0 1 2966 3032 2967
5843 2 2 0 1 3033 3032 2967
5844 2 2 0 1 2967 3033 2968
5845 2 2 0 1 2969 3033 2968
5846 2 2 0 1 3033 3034 2969
5847 2 2 0 1 2970 3034 2969
5848 2 2 0 1 3034 3035 2970
5849 2 2 0 1 2971 3035 2970
5850 2 2 0 1 3035 3036 2971
5851 2 2 0 1 2972 3036 2971
5852 2 2 0 1 3036 3037 2972
5853 2 2 0 1 2973 3037 2972
5854 2 2 0 1 3037 3038 2973
5855 2 2 0 1 2974 3038 2973
5856 2 2 0 1 3038 3039 2974
5857 2 2 0 1 2975 3039 2974
5858 2 2 0 1 3039 3040 2975
5859 2 2 0 1 2976 3040 2975
5860 2 2 0 1 3040 3041 2976
5861 2 2 0 1 2977 3041 2976
5862 2 2 0 1 3041 3042 2977
5863 2 2 0 1 2978 3042 2977
5864 2 2 0 1 3042 3043 2978
5865 2 2 0 1 2979 3043 2978
5866 2 2 0 1 3043 3044 2979
5867 2 2 0 1 2980 3044 2979
5868 2 2 0 1 3044 3045 2980
5869 2 2 0 1 3046 3045 2980
5870 2 2 0 1 2980 3046 2981
5871 2 2 0 1 3047 3046 2981
5872 2 2 0 1 2981 3047 2982
5873 2 2 0 1 3048 3047 2982
5874 2 2 0 1 2982 3048 2983
5875 2 2 0 1 3049 3048 2983
5876 2 2 0 1 2983 3049 2984
5877 2 2 0 1 3050 3049 2984
5878 2 2 0 1 2984 3050 2985
5879 2 2 0 1 3051 3050 2985
5880 2 2 0 1 2985 3051 2986
5881 2 2 0 1 3052 3051 2986
5882 2 2 0 1 2986 3052 2987
5883 2 2 0 1 3053 3052 2987
5884 2 2 0 1 2987 3053 2988
5885 2 2 0 1 3054 3053 2988
5886 2 2 0 1 2988 3054 2989
5887 2 2 0 1 3055 3054 2989
5888 2 2 0 1 2989 3055 2990
5889 2 2 0 1 3056 3057 2992
5890 2 2 0 1 2992 3056 2991
5891 2 2 0 1 3058 3056 2991
5892 2 2 0 1 2991 3058 2993
5893 2 2 0 1 3059 3058 2993
5894 2 2 0 1 2993 3059 2994
5895 2 2 0 1 3060 3059 2994
5896 2 2 0 1 2994 3060 2995
5897 2 2 0 1 3061 3060 2995
5898 2 2 0 1 2995 3061 2996
5899 2 2 0 1 3062 3061 2996
5900 2 2 0 1 2996 3062 2997
5901 2 2 0 1 3063 3062 2997
5902 2 2 0 1 2997 3063 2998
5903 2 2 0 1 3064 3063 2998
5904 2 2 0 1 2998 3064 2999
5905 2 2 0 1 3065 3064 2999
5906 2 2 0 1 2999 3065 3000
5907 2 2 0 1 3066 3065 3000
5908 2 2 0 1 3000 3066 3001
5909 2 2 0 1 3067 3066 3001
5910 2 2 0 1 3001 3067 3002
5911 2 2 0 1 3068 3067 3002
5912 2 2 0 1 3002 3068 3003
5913 2 2 0 1 3069 3068 3003
5914 2 2 0 1 3003 3069 3004
5915 2 2 0 1 3070 3069 3004
5916 2 2 0 1 3004 3070 3005
5917 2 2 0 1 3071 3070 3005
5918 2 2 0 1 3005 3071 3006
5919 2 2 0 1 3072 3071 3006
5920 2 2 0 1 3006 3072 3007
5921 2 2 0 1 3073 3072 3007
5922 2 2 0 1 3007 3073 3008
5923 2 2 0 1 3074 3073 3008
5924 2 2 0 1 3008 3074 3009
5925 2 2 0 1 3075 3074 3009
5926 2 2 0 1 3009 3075 3010
5927 2 2 0 1 3076 3075 3010
5928 2 2 0 1 3010 3076 3011
5929 2 2 0 1 3077 3076 3011
5930 2 2 0 1 3011 3077 3012
5931 2 2 0 1 3078 3077 3012
5932 2 2 0 1 3012 3078 3013
5933 2 2 0 1 3079 3078 3013
5934 2 2 0 1 3013 3079 3014
5935 2 2 0 1 3015 3079 3014
5936 2 2 0 1 3079 3080 3015
5937 2 2 0 1 3016 3080 3015
5938 2 2 0 1 3080 3081 3016
5939 2 2 0 1 3017 3081 3016
5940 2 2 0 1 3081 3082 3017
5941 2 2 0 1 3083 3082 3017
5942 2 2 0 1 3017 3083 3018
5943 2 2 0 1 3084 3083 3018
5944 2 2 0 1 3018 3084 3019
5945 2 2 0 1 3085 3084 3019
5946 2 2 0 1 3019 3085 3020
5947 2 2 0 1 3021 3085 3020
5948 2 2 0 1 3085 3086 3021
5949 2 2 0 1 3022 3086 3021
5950 2 2 0 1 3086 3087 3022
5951 2 2 0 1 3023 3087 3022
5952 2 2 0 1 3087 3088 3023
5953 2 2 0 1 3024 3088 3023
5954 2 2 0 1 3088 3089 3024
5955 2 2 0 1 3025 3089 3024
5956 2 2 0 1 3089 3090 3025
5957 2 2 0 1 3026 3090 3025
5958 2 2 0 1 3090 3091 3026
5959 2 2 0 1 3027 3091 3026
5960 2 2 0 1 3091 3092 3027
5961 2 2 0 1 3028 3092 3027
5962 2 2 0 1 3092 3093 3028
5963 2 2 0 1 3029 3093 3028
5964 2 2 0 1 3093 3094 3029
5965 2 2 0 1 3095 3094 3029
5966 2 2 0 1 3029 3095 3030
5967 2 2 0 1 3096 3095 3030
5968 2 2 0 1 3030 3096 3031
5969 2 2 0 1 3097 3096 3031
5970 2 2 0 1 3031 3097 3032
5971 2 2 0 1 3098 3097 3032
5972 2 2 0 1 3032 3098 3033
5973 2 2 0 1 3034 3098 3033
5974 2 2 0 1 3098 3099 3034
5975 2 2 0 1 3035 3099 3034
5976 2 2 0 1 3099 3100 3035
5977 2 2 0 1 3036 3100 3035
5978 2 2 0 1 3100 3101 3036
5979 2 2 0 1 3037 3101 3036
5980 2 2 0 1 3101 3102 3037
5981 2 2 0 1 3038 3102 3037
5982 2 2 0 1 3102 3103 3038
5983 2 2 0 1 3039 3103 3038
5984 2 2 0 1 3103 3104 3039
5985 2 2 0 1 3040 3104 3039
5986 2 2 0 1 3104 3105 3040
5987 2 2 0 1 3041 3105 3040
5988 2 2 0 1 3105 3106 3041
5989 2 2 0 1 3042 3106 3041
5990 2 2 0 1 3106 3107 3042
5991 2 2 0 1 3043 3107 3042
5992 2 2 0 1 3107 3108 3043
5993 2 2 0 1 3044 3108 3043
5994 2 2 0 1 3108 3109 3044
5995 2 2 0 1 3045 3109 3044
5996 2 2 0 1 3109 3110 3045
5997 2 2 0 1 3111 3110 3045
5998 2 2 0 1 3045 3111 3046
5999 2 2 0 1 3112 3111 3046
6000 2 2 0 1 3046 3112 3047
6001 2 2 0 1 3113 3112 3047
6002 2 2 0 1 3047 3113 3048
6003 2 2 0 1 3114 3113 3048
6004 2 2 0 1 3048 3114 3049
6005 2 2 0 1 3115 3114 3049
6006 2 2 0 1 3049 3115 3050
6007 2 2 0 1 3116 3115 3050
6008 2 2 0 1 3050 3116 3051
6009 2 2 0 1 3117 3116 3051
6010 2 2 0 1 3051 3117 3052
6011 2 2 0 1 3118 3117 3052
6012 2 2 0 1 3052 3118 3053
6013 2 2 0 1 3119 3118 3053
6014 2 2 0 1 3053 3119 3054
6015 2 2 0 1 3120 3119 3054
6016 2 2 0 1 3054 3120 3055
6017 2 2 0 1 3121 3122 3057
6018 2 2 0 1 3057 3121 3056
6019 2 2 0 1 3123 3121 3056
6020 2 2 0 1 3056 3123 3058
6021 2 2 0 1 3124 3123 3058
6022 2 2 0 1 3058 3124 3059
6023 2 2 0 1 3125 3124 3059
6024 2 2 0 1 3059 3125 3060
6025 2 2 0 1 3126 3125 3060
6026 2 2 0 1 3060 3126 3061
6027 2 2 0 1 3127 3126 3061
6028 2 2 0 1 3061 3127 3062
6029 2 2 0 1 3128 3127 3062
6030 2 2 0 1 3062 3128 3063
6031 2 2 0 1 3129 3128 3063
6032 2 2 0 1 3063 3129 3064
6033 2 2 0 1 3130 3129 3064
6034 2 2 0 1 3064 3130 3065
6035 2 2 0 1 3131 3130 3065
6036 2 2 0 1 3065 3131 3066
6037 2 2 0 1 3132 3131 3066
6038 2 2 0 1 3066 3132 3067
6039 2 2 0 1 3133 3132 3067
6040 2 2 0 1 3067 3133 3068
6041 2 2 0 1 3134 3133 3068
6042 2 2 0 1 3068 3134 3069
6043 2 2 0 1 3135 3134 3069
6044 2 2 0 1 3069 3135 3070
6045 2 2 0 1 3136 3135 3070
6046 2 2 0 1 3070 3136 3071
6047 2 2 0 1 3137 3136 3071
6048 2 2 0 1 3071 3137 3072
6049 2 2 0 1 3138 3137 3072
6050 2 2 0 1 3072 3138 3073
6051 2 2 0 1 3139 3138 3073
6052 2 2 0 1 3073 3139 3074
6053 2 2 0 1 3140 3139 3074
6054 2 2 0 1 3074 3140 3075
6055 2 2 0 1 3141 3140 3075
6056 2 2 0 1 3075 3141 3076
6057 2 2 0 1 3142 3141 3076
6058 2 2 0 1 3076 3142 3077
6059 2 2 0 1 3143 3142 3077
6060 2 2 0 1 3077 3143 3078
6061 2 2 0 1 3144 3143 3078
6062 2 2 0 1 3078 3144 3079
6063 2 2 0 1 3080 3144 3079
6064 2 2 0 1 3144 3145 3080
6065 2 2 0 1 3081 3145 3080
6066 2 2 0 1 3145 3146 3081
6067 2 2 0 1 3082 3146 3081
6068 2 2 0 1 3146 3147 3082
6069 2 2 0 1 3148 3147 3082
6070 2 2 0 1 3082 3148 3083
6071 2 2 0 1 3149 3148 3083
6072 2 2 0 1 3083 3149 3084
6073 2 2 0 1 3150 3149 3084
6074 2 2 0 1 3084 3150 3085
6075 2 2 0 1 3086 3150 3085
6076 2 2 0 1 3150 3151 3086
6077 2 2 0 1 3087 3151 3086
6078 2 2 0 1 3151 3152 3087
6079 2 2 0 1 3088 3152 3087
6080 2 2 0 1 3152 3153 3088
6081 2 2 0 1 3089 3153 3088
6082 2 2 0 1 3153 3154 3089
6083 2 2 0 1 3090 3154 3089
6084 2 2 0 1 3154 3155 3090
6085 2 2 0 1 3091 3155 3090
6086 2 2 0 1 3155 3156 3091
6087 2 2 0 1 3092 3156 3091
6088 2 2 0 1 3156 3157 3092
6089 2 2 0 1 3093 3157 3092
6090 2 2 0 1 3157 3158 3093
6091 2 2 0 1 3094 3158 3093
6092 2 2 0 1 3158 3159 3094
6093 2 2 0 1 3160 3159 3094
6094 2 2 0 1 3094 3160 3095
6095 2 2 0 1 3161 3160 3095
6096 2 2 0 1 3095 3161 3096
6097 2 2 0 1 3162 3161 3096
6098 2 2 0 1 3096 3162 3097
6099 2 2 0 1 3163 3162 3097
6100 2 2 0 1 3097 3163 3098
6101 2 2 0 1 3099 3163 3098
6102 2 2 0 1 3163 3164 3099
6103 2 2 0 1 3100 3164 3099
6104 2 2 0 1 3164 3165 3100
6105 2 2 0 1 3101 3165 3100
6106 2 2 0 1 3165 3166 3101
6107 2 2 0 1 3102 3166 3101
6108 2 2 0 1 3166 3167 3102
6109 2 2 0 1 3103 3167 3102
6110 2 2 0 1 3167 3168 3103
6111 2 2 0 1 3104 3168 3103
6112 2 2 0 1 3168 3169 3104
6113 2 2 0 1 3105 3169 3104
6114 2 2 0 1 3169 3170 3105
6115 2 2 0 1 3106 3170 3105
6116 2 2 0 1 3170 3171 3106
6117 2 2 0 1 3107 3171 3106
6118 2 2 0 1 3171 3172 3107
6119 2 2 0 1 3108 3172 3107
6120 2 2 0 1 3172 3173 3108
6121 2 2 0 1 3109 3173 3108
6122 2 2 0 1 3173 3174 3109
6123 2 2 0 1 3110 3174 3109
6124 2 2 0 1 3174 3175 3110
6125 2 2 0 1 3176 3175 3110
6126 2 2 0 1 3110 3176 3111
6127 2 2 0 1 3177 3176 3111
6128 2 2 0 1 3111 3177 3112
6129 2 2 0 1 3178 3177 3112
6130 2 2 0 1 3112 3178 3113
6131 2 2 0 1 3179 3178 3113
6132 2 2 0 1 3113 3179 3114
6133 2 2 0 1 3180 3179 3114
6134 2 2 0 1 3114 3180 3115
6135 2 2 0 1 3181 3180 3115
6136 2 2 0 1 3115 3181 3116
6137 2 2 0 1 3182 3181 3116
6138 2 2 0 1 3116 3182 3117
6139 2 2 0 1 3183 3182 3117
6140 2 2 0 1 3117 3183 3118
6141 2 2 0 1 3184 3183 3118
6142 2 2 0 1 3118 3184 3119
6143 2 2 0 1 3185 3184 3119
6144 2 2 0 1 3119 3185 3120
6145 2 2 0 1 3186 3187 3122
6146 2 2 0 1 3122 3186 3121
6147 2 2 0 1 3188 3186 3121
6148 2 2 0 1 3121 3188 3123
6149 2 2 0 1 3189 3188 3123
6150 2 2 0 1 3123 3189 3124
6151 2 2 0 1 3190 3189 3124
6152 2 2 0 1 3124 3190 3125
6153 2 2 0 1 3191 3190 3125
6154 2 2 0 1 3125 3191 3126
6155 2 2 0 1 3192 3191 3126
6156 2 2 0 1 3126 3192 3127
6157 2 2 0 1 3193 3192 3127
6158 2 2 0 1 3127 3193 3128
6159 2 2 0 1 3194 3193 3128
6160 2 2 0 1 3128 3194 3129
6161 2 2 0 1 3195 3194 3129
6162 2 2 0 1 3129 3195 3130
6163 2 2 0 1 3196 3195 3130
6164 2 2 0 1 3130 3196 3131
6165 2 2 0 1 3197 3196 3131
6166 2 2 0 1 3131 3197 3132
6167 2 2 0 1 3198 3197 3132
6168 2 2 0 1 3132 3198 3133
6169 2 2 0 1 3199 3198 3133
6170 2 2 0 1 3133 3199 3134
6171 2 2 0 1 3200 3199 3134
6172 2 2 0 1 3134 3200 3135
6173 2 2 0 1 3201 3200 3135
6174 2 2 0 1 3135 3201 3136
6175 2 2 0 1 3202 3201 3136
6176 2 2 0 1 3136 3202 3137
6177 2 2 0 1 3203 3202 3137
6178 2 2 0 1 3137 3203 3138
6179 2 2 0 1 3204 3203 3138
6180 2 2 0 1 3138 3204 3139
6181 2 2 0 1 3205 3204 3139
6182 2 2 0 1 3139 3205 3140
6183 2 2 0 1 3206 3205 3140
6184 2 2 0 1 3140 3206 3141
6185 2 2 0 1 3207 3206 3141
6186 2 2 0 1 3141 3207 3142
6187 2 2 0 1 3208 3207 3142
6188 2 2 0 1 3142 3208 3143
6189 2 2 0 1 3209 3208 3143
6190 2 2 0 1 3143 3209 3144
6191 2 2 0 1 3145 3209 3144
6192 2 2 0 1 3209 3210 3145
6193 2 2 0 1 3146 3210 3145
6194 2 2 0 1 3210 3211 3146
6195 2 2 0 1 3147 3211 3146
6196 2 2 0 1 3211 3212 3147
6197 2 2 0 1 3213 3212 3147
6198 2 2 0 1 3147 3213 3148
6199 2 2 0 1 3214 3213 3148
6200 2 2 0 1 3148 3214 3149
6201 2 2 0 1 3215 3214 3149
6202 2 2 0 1 3149 3215 3150
6203 2 2 0 1 3151 3215 3150
6204 2 2 0 1 3215 3216 3151
6205 2 2 0 1 3152 3216 3151
6206 2 2 0 1 3216 3217 3152
6207 2 2 0 1 3153 3217 3152
6208 2 2 0 1 3217 3218 3153
6209 2 2 0 1 3154 3218 3153
6210 2 2 0 1 3218 3219 3154
6211 2 2 0 1 3155 3219 3154
6212 2 2 0 1 3219 3220 3155
6213 2 2 0 1 3156 3220 3155
6214 2 2 0 1 3220 3221 3156
6215 2 2 0 1 3157 3221 3156
6216 2 2 0 1 3221 3222 3157
6217 2 2 0 1 3158 3222 3157
6218 2 2 0 1 3222 3223 3158
6219 2 2 0 1 3159 3223 3158
6220 2 2 0 1 3223 3224 3159
6221 2 2 0 1 3225 3224 3159
6222 2 2 0 1 3159 3225 3160
6223 2 2 0 1 3226 3225 3160
6224 2 2 0 1 3160 3226 3161
6225 2 2 0 1 3227 3226 3161
6226 2 2 0 1 3161 3227 3162
6227 2 2 0 1 3228 3227 3162
6228 2 2 0 1 3162 3228 3163
6229 2 2 0 1 3164 3228 3163
6230 2 2 0 1 3228 3229 3164
6231 2 2 0 1 3165 3229 3164
6232 2 2 0 1 3229 3230 3165
6233 2 2 0 1 3166 3230 3165
6234 2 2 0 1 3230 3231 3166
6235 2 2 0 1 3167 3231 3166
6236 2 2 0 1 3231 3232 3167
6237 2 2 0 1 3168 3232 3167
6238 2 2 0 1 3232 3233 3168
6239 2 2 0 1 3169 3233 3168
6240 2 2 0 1 3233 3234 3169
6241 2 2 0 1 3170 3234 3169
6242 2 2 0 1 3234 3235 3170
6243 2 2 0 1 3171 3235 3170
6244 2 2 0 1 3235 3236 3171
6245 2 2 0 1 3172 3236 3171
6246 2 2 0 1 3236 3237 3172
6247 2 2 0 1 3173 3237 3172
6248 2 2 0 1 3237 3238 3173
6249 2 2 0 1 3174 3238 3173
6250 2 2 0 1 3238 3239 3174
6251 2 2 0 1 3175 3239 3174
6252 2 2 0 1 3239 3240 3175
6253 2 2 0 1 3241 3240 3175
6254 2 2 0 1 3175 3241 3176
6255 2 2 0 1 3242 3241 3176
6256 2 2 0 1 3176 3242 3177
6257 2 2 0 1 3243 3242 3177
6258 2 2 0 1 3177 3243 3178
6259 2 2 0 1 3244 3243 3178
6260 2 2 0 1 3178 3244 3179
6261 2 2 0 1 3245 3244 3179
6262 2 2 0 1 3179 3245 3180
6263 2 2 0 1 3246 3245 3180
6264 2 2 0 1 3180 3246 3181
6265 2 2 0 1 3247 3246 3181
6266 2 2 0 1 3181 3247 3182
6267 2 2 0 1 3248 3247 3182
6268 2 2 0 1 3182 3248 3183
6269 2 2 0 1 3249 3248 3183
6270 2 2 0 1 3183 3249 3184
6271 2 2 0 1 3250 3249 3184
6272 2 2 0 1 3184 3250 3185
6273 2 2 0 1 3251 3252 3187
6274 2 2 0 1 3187 3251 3186
6275 2 2 0 1 3253 3251 3186
6276 2 2 0 1 3186 3253 3188
6277 2 2 0 1 3254 3253 3188
6278 2 2 0 1 3188 3254 3189
6279 2 2 0 1 3255 3254 3189
6280 2 2 0 1 3189 3255 3190
6281 2 2 0 1 3256 3255 3190
6282 2 2 0 1 3190 3256 3191
6283 2 2 0 1 3257 3256 3191
6284 2 2 0 1 3191 3257 3192
6285 2 2 0 1 3258 3257 3192
6286 2 2 0 1 3192 3258 3193
6287 2 2 0 1 3259 3258 3193
6288 2 2 0 1 3193 3259 3194
6289 2 2 0 1 3260 3259 3194
6290 2 2 0 1 3194 3260 3195
6291 2 2 0 1 3261 3260 3195
6292 2 2 0 1 3195 3261 3196
6293 2 2 0 1 3262 3261 3196
6294 2 2 0 1 3196 3262 3197
6295 2 2 0 1 3263 3262 3197
6296 2 2 0 1 3197 3263 3198
6297 2 2 0 1 3264 3263 3198
6298 2 2 0 1 3198 3264 3199
6299 2 2 0 1 3265 3264 3199
6300 2 2 0 1 3199 3265 3200
6301 2 2 0 1 3266 3265 3200
6302 2 2 0 1 3200 3266 3201
6303 2 2 0 1 3267 3266 3201
6304 2 2 0 1 3201 3267 3202
6305 2 2 0 1 3268 3267 3202
6306 2 2 0 1 3202 3268 3203
6307 2 2 0 1 3269 3268 3203
6308 2 2 0 1 3203 3269 3204
6309 2 2 0 1 3270 3269 3204
6310 2 2 0 1 3204 3270 3205
6311 2 2 0 1 3271 3270 3205
6312 2 2 0 1 3205 3271 3206
6313 2 2 0 1 3272 3271 3206
6314 2 2 0 1 3206 3272 3207
6315 2 2 0 1 3273 3272 3207
6316 2 2 0 1 3207 3273 3208
6317 2 2 0 1 3274 3273 3208
6318 2 2 0 1 3208 3274 3209
6319 2 2 0 1 3210 3274 3209
6320 2 2 0 1 3274 3275 3210
6321 2 2 0 1 3211 3275 3210
6322 2 2 0 1 3275 3276 3211
6323 2 2 0 1 3212 3276 3211
6324 2 2 0 1 3276 3277 3212
6325 2 2 0 1 3278 3277 3212
6326 2 2 0 1 3212 3278 3213
6327 2 2 0 1 3279 3278 3213
6328 2 2 0 1 3213 3279 3214
6329 2 2 0 1 3280 3279 3214
6330 2 2 0 1 3214 3280 3215
6331 2 2 0 1 3216 3280 3215
6332 2 2 0 1 3280 3281 3216
6333 2 2 0 1 3217 3281 3216
6334 2 2 0 1 3281 3282 3217
6335 2 2 0 1 3218 3282 3217
6336 2 2 0 1 3282 3283 3218
6337 2 2 0 1 3219 3283 3218
6338 2 2 0 1 3283 3284 3219
6339 2 2 0 1 3220 3284 3219
6340 2 2 0 1 3284 3285 3220
6341 2 2 0 1 3221 3285 3220
6342 2 2 0 1 3285 3286 3221
6343 2 2 0 1 3222 3286 3221
6344 2 2 0 1 3286 3287 3222
6345 2 2 0 1 3223 3287 3222
6346 2 2 0 1 3287 3288 3223
6347 2 2 0 1 3224 3288 3223
6348 2 2 0 1 3288 3289 3224
6349 2 2 0 1 3290 3289 3224
6350 2 2 0 1 3224 3290 3225
6351 2 2 0 1 3291 3290 3225
6352 2 2 0 1 3225 3291 3226
6353 2 2 0 1 3292 3291 3226
6354 2 2 0 1 3226 3292 3227
6355 2 2 0 1 3293 3292 3227
6356 2 2 0 1 3227 3293 3228
6357 2 2 0 1 3229 3293 3228
6358 2 2 0 1 3293 3294 3229
6359 2 2 0 1 3230 3294 3229
6360 2 2 0 1 3294 3295 3230
6361 2 2 0 1 3231 3295 3230
6362 2 2 0 1 3295 3296 3231
6363 2 2 0 1 3232 3296 3231
6364 2 2 0 1 3296 3297 3232
6365 2 2 0 1 3233 3297 3232
6366 2 2 0 1 3297 3298 3233
6367 2 2 0 1 3234 3298 3233
6368 2 2 0 1 3298 3299 3234
6369 2 2 0 1 3235 3299 3234
6370 2 2 0 1 3299 3300 3235
6371 2 2 0 1 3236 3300 3235
6372 2 2 0 1 3300 3301 3236
6373 2 2 0 1 3237 3301 3236
6374 2 2 0 1 3301 3302 3237
6375 2 2 0 1 3238 3302 3237
6376 2 2 0 1 3302 3303 3238
6377 2 2 0 1 3239 3303 3238
6378 2 2 0 1 3303 3304 3239
6379 2 2 0 1 3240 3304 3239
6380 2 2 0 1 3304 3305 3240
6381 2 2 0 1 3306 3305 3240
6382 2 2 0 1 3240 3306 3241
6383 2 2 0 1 3307 3306 3241
6384 2 2 0 1 3241 3307 3242
6385 2 2 0 1 3308 3307 3242
6386 2 2 0 1 3242 3308 3243
6387 2 2 0 1 3309 3308 3243
6388 2 2 0 1 3243 3309 3244
6389 2 2 0 1 3310 3309 3244
6390 2 2 0 1 3244 3310 3245
6391 2 2 0 1 3311 3310 3245
6392 2 2 0 1 3245 3311 3246
6393 2 2 0 1 3312 3311 3246
6394 2 2 0 1 3246 3312 3247
6395 2 2 0 1 3313 3312 3247
6396 2 2 0 1 3247 3313 3248
6397 2 2 0 1 3314 3313 3248
6398 2 2 0 1 3248 3314 3249
6399 2 2 0 1 3315 3314 3249
6400 2 2 0 1 3249 3315 3250
6401 2 2 0 1 3316 3317 3252
6402 2 2 0 1 3252 3316 3251
6403 2 2 0 1 3318 3316 3251
6404 2 2 0 1 3251 3318 3253
6405 2 2 0 1 3319 3318 3253
6406 2 2 0 1 3253 3319 3254
6407 2 2 0 1 3320 3319 3254
6408 2 2 0 1 3254 3320 3255
6409 2 2 0 1 3321 3320 3255
6410 2 2 0 1 3255 3321 3256
6411 2 2 0 1 3322 3321 3256
6412 2 2 0 1 3256 3322 3257
6413 2 2 0 1 3323 3322 3257
6414 2 2 0 1 3257 3323 3258
6415 2 2 0 1 3324 3323 3258
6416 2 2 0 1 3258 3324 3259
6417 2 2 0 1 3325 3324 3259
6418 2 2 0 1 3259 3325 3260
6419 2 2 0 1 3326 3325 3260
6420 2 2 0 1 3260 3326 3261
6421 2 2 0 1 3327 3326 3261
6422 2 2 0 1 3261 3327 3262
6423 2 2 0 1 3328 3327 3262
6424 2 2 0 1 3262 3328 3263
6425 2 2 0 1 3329 3328 3263
6426 2 2 0 1 3263 3329 3264
6427 2 2 0 1 3330 3329 3264
6428 2 2 0 1 3264 3330 3265
6429 2 2 0 1 3331 3330 3265
6430 2 2 0 1 3265 3331 3266
6431 2 2 0 1 3332 3331 3266
6432 2 2 0 1 3266 3332 3267
6433 2 2 0 1 3333 3332 3267
6434 2 2 0 1 3267 3333 3268
6435 2 2 0 1 3334 3333 3268
6436 2 2 0 1 3268 3334 3269
6437 2 2 0 1 3335 3334 3269
6438 2 2 0 1 3269 3335 3270
6439 2 2 0 1 3336 3335 3270
6440 2 2 0 1 3270 3336 3271
6441 2 2 0 1 3337 3336 3271
6442 2 2 0 1 3271 3337 3272
6443 2 2 0 1 3338 3337 3272
6444 2 2 0 1 3272 3338 3273
6445 2 2 0 1 3339 3338 3273
6446 2 2 0 1 3273 3339 3274
6447 2 2 0 1 3275 3339 3274
6448 2 2 0 1 3339 3340 3275
6449 2 2 0 1 3276 3340 3275
6450 2 2 0 1 3340 3341 3276
6451 2 2 0 1 3277 3341 3276
6452 2 2 0 1 3341 3342 3277
6453 2 2 0 1 3278 3342 3277
6454 2 2 0 1 3342 3343 3278
6455 2 2 0 1 3279 3343 3278
6456 2 2 0 1 3343 3344 3279
6457 2 2 0 1 3280 3344 3279
6458 2 2 0 1 3344 3345 3280
6459 2 2 0 1 3281 3345 3280
6460 2 2 0 1 3345 3346 3281
6461 2 2 0 1 3282 3346 3281
6462 2 2 0 1 3346 3347 3282
6463 2 2 0 1 3283 3347 3282
6464 2 2 0 1 3347 3348 3283
6465 2 2 0 1 3284 3348 3283
6466 2 2 0 1 3348 3349 3284
6467 2 2 0 1 3285 3349 3284
6468 2 2 0 1 3349 3350 3285
6469 2 2 0 1 3286 3350 3285
6470 2 2 0 1 3350 3351 3286
6471 2 2 0 1 3287 3351 3286
6472 2 2 0 1 3351 3352 3287
6473 2 2 0 1 3288 3352 3287
6474 2 2 0 1 3352 3353 3288
6475 2 2 0 1 3289 3353 3288
6476 2 2 0 1 3353 3354 3289
6477 2 2 0 1 3355 3354 3289
6478 2 2 0 1 3289 3355 3290
6479 2 2 0 1 3356 3355 3290
6480 2 2 0 1 3290 3356 3291
6481 2 2 0 1 3357 3356 3291
6482 2 2 0 1 3291 3357 3292
6483 2 2 0 1 3358 3357 3292
6484 2 2 0 1 3292 3358 3293
6485 2 2 0 1 3294 3358 3293
6486 2 2 0 1 3358 3359 3294
6487 2 2 0 1 3295 3359 3294
6488 2 2 0 1 3359 3360 3295
6489 2 2 0 1 3296 3360 3295
6490 2 2 0 1 3360 3361 3296
6491 2 2 0 1 3297 3361 3296
6492 2 2 0 1 3361 3362 3297
6493 2 2 0 1 3298 3362 3297
6494 2 2 0 1 3362 3363 3298
6495 2 2 0 1 3299 3363 3298
6496 2 2 0 1 3363 3364 3299
6497 2 2 0 1 3300 3364 3299
6498 2 2 0 1 3364 3365 3300
6499 2 2 0 1 3301 3365 3300
6500 2 2 0 1 3365 3366 3301
6501 2 2 0 1 3302 3366 3301
6502 2 2 0 1 3366 3367 3302
6503 2 2 0 1 3303 3367 3302
6504 2 2 0 1 3367 3368 3303
6505 2 2 0 1 3304 3368 3303
6506 2 2 0 1 3368 3369 3304
6507 2 2 0 1 3305 3369 3304
6508 2 2 0 1 3369 3370 3305
6509 2 2 0 1 3371 3370 3305
6510 2 2 0 1 3305 3371 3306
6511 2 2 0 1 3372 3371 3306
6512 2 2 0 1 3306 3372 3307
6513 2 2 0 1 3373 3372 3307
6514 2 2 0 1 3307 3373 3308
6515 2 2 0 1 3374 3373 3308
6516 2 2 0 1 3308 3374 3309
6517 2 2 0 1 3375 3374 3309
6518 2 2 0 1 3309 3375 3310
6519 2 2 0 1 3376 3375 3310
6520 2 2 0 1 3310 3376 3311
6521 2 2 0 1 3377 3376 3311
6522 2 2 0 1 3311 3377 3312
6523 2 2 0 1 3378 3377 3312
6524 2 2 0 1 3312 3378 3313
6525 2 2 0 1 3379 3378 3313
6526 2 2 0 1 3313 3379 3314
6527 2 2 0 1 3380 3379 3314
6528 2 2 0 1 3314 3380 3315
6529 2 2 0 1 3381 3382 3317
6530 2 2 0 1 3317 3381 3316
6531 2 2 0 1 3383 3381 3316
6532 2 2 0 1 3316 3383 3318
6533 2 2 0 1 3384 3383 3318
6534 2 2 0 1 3318 3384 3319
6535 2 2 0 1 3385 3384 3319
6536 2 2 0 1 3319 3385 3320
6537 2 2 0 1 3386 3385 3320
6538 2 2 0 1 3320 3386 3321
6539 2 2 0 1 3387 3386 3321
6540 2 2 0 1 3321 3387 3322
6541 2 2 0 1 3388 3387 3322
6542 2 2 0 1 3322 3388 3323
6543 2 2 0 1 3389 3388 3323
6544 2 2 0 1 3323 3389 3324
6545 2 2 0 1 3390 3389 3324
6546 2 2 0 1 3324 3390 3325
6547 2 2 0 1 3391 3390 3325
6548 2 2 0 1 3325 3391 3326
6549 2 2 0 1 3392 3391 3326
6550 2 2 0 1 3326 3392 3327
6551 2 2 0 1 3393 3392 3327
6552 2 2 0 1 3327 3393 3328
6553 2 2 0 1 3394 3393 3328
6554 2 2 0 1 3328 3394 3329
6555 2 2 0 1 3395 3394 3329
6556 2 2 0 1 3329 3395 3330
6557 2 2 0 1 3396 3395 3330
6558 2 2 0 1 3330 3396 3331
6559 2 2 0 1 3397 3396 3331
6560 2 2 0 1 3331 3397 3332
6561 2 2 0 1 3398 3397 3332
6562 2 2 0 1 3332 3398 3333
6563 2 2 0 1 3399 3398 3333
6564 2 2 0 1 3333 3399 3334
6565 2 2 0 1 3400 3399 3334
6566 2 2 0 1 3334 3400 3335
6567 2 2 0 1 3401 3400 3335
6568 2 2 0 1 3335 3401 3336
6569 2 2 0 1 3402 3401 3336
6570 2 2 0 1 3336 3402 3337
6571 2 2 0 1 3403 3402 3337
6572 2 2 0 1 3337 3403 3338
6573 2 2 0 1 3404 3403 3338
6574 2 2 0 1 3338 3404 3339
6575 2 2 0 1 3340 3404 3339
6576 2 2 0 1 3404 3405 3340
6577 2 2 0 1 3341 3405 3340
6578 2 2 0 1 3405 3406 3341
6579 2 2 0 1 3342 3406 3341
6580 2 2 0 1 3406 3407 3342
6581 2 2 0 1 3343 3407 3342
6582 2 2 0 1 3407 3408 3343
6583 2 2 0 1 3344 3408 3343
6584 2 2 0 1 3408 3409 3344
6585 2 2 0 1 3345 3409 3344
6586 2 2 0 1 3409 3410 3345
6587 2 2 0 1 3346 3410 3345
6588 2 2 0 1 3410 3411 3346
6589 2 2 0 1 3347 3411 3346
6590 2 2 0 1 3411 3412 3347
6591 2 2 0 1 3348 3412 3347
6592 2 2 0 1 3412 3413 3348
6593 2 2 0 1 3349 3413 3348
6594 2 2 0 1 3413 3414 3349
6595 2 2 0 1 3350 3414 3349
6596 2 2 0 1 3414 3415 3350
6597 2 2 0 1 3351 3415 3350
6598 2 2 0 1 3415 3416 3351
6599 2 2 0 1 3352 3416 3351
6600 2 2 0 1 3416 3417 3352
6601 2 2 0 1 3353 3417 3352
6602 2 2 0 1 3417 3418 3353
6603 2 2 0 1 3354 3418 3353
6604 2 2 0 1 3418 3419 3354
6605 2 2 0 1 3420 3419 3354
6606 2 2 0 1 3354 3420 3355
6607 2 2 0 1 3421 3420 3355
6608 2 2 0 1 3355 3421 3356
6609 2 2 0 1 3422 3421 3356
6610 2 2 0 1 3356 3422 3357
6611 2 2 0 1 3423 3422 3357
6612 2 2 0 1 3357 3423 3358
6613 2 2 0 1 3359 3423 3358
6614 2 2 0 1 3423 3424 3359
6615 2 2 0 1 3360 3424 3359
6616 2 2 0 1 3424 3425 3360
6617 2 2 0 1 3361 3425 3360
6618 2 2 0 1 3425 3426 3361
6619 2 2 0 1 3362 3426 3361
6620 2 2 0 1 3426 3427 3362
6621 2 2 0 1 3363 3427 3362
6622 2 2 0 1 3427 3428 3363
6623 2 2 0 1 3364 3428 3363
6624 2 2 0 1 3428 3429 3364
6625 2 2 0 1 3365 3429 3364
6626 2 2 0 1 3429 3430 3365
6627 2 2 0 1 3366 3430 3365
6628 2 2 0 1 3430 3431 3366
6629 2 2 0 1 3367 3431 3366
6630 2 2 0 1 3431 3432 3367
6631 2 2 0 1 3368 3432 3367
6632 2 2 0 1 3432 3433 3368
6633 2 2 0 1 3369 3433 3368
6634 2 2 0 1 3433 3434 3369
6635 2 2 0 1 3370 3434 3369
6636 2 2 0 1 3434 3435 3370
6637 2 2 0 1 3436 3435 3370
6638 2 2 0 1 3370 3436 3371
6639 2 2 0 1 3437 3436 3371
6640 2 2 0 1 3371 3437 3372
6641 2 2 0 1 3438 3437 3372
6642 2 2 0 1 3372 3438 3373
6643 2 2 0 1 3439 3438 3373
6644 2 2 0 1 3373 3439 3374
6645 2 2 0 1 3440 3439 3374
6646 2 2 0 1 3374 3440 3375
6647 2 2 0 1 3441 3440 3375
6648 2 2 0 1 3375 3441 3376
6649 2 2 0 1 3442 3441 3376
6650 2 2 0 1 3376 3442 3377
6651 2 2 0 1 3443 3442 3377
6652 2 2 0 1 3377 3443 3378
6653 2 2 0 1 3444 3443 3378
6654 2 2 0 1 3378 3444 3379
6655 2 2 0 1 3445 3444 3379
6656 2 2 0 1 3379 3445 3380
6657 2 2 0 1 3446 3447 3382
6658 2 2 0 1 3382 3446 3381
6659 2 2 0 1 3448 3446 3381
6660 2 2 0 1 3381 3448 3383
6661 2 2 0 1 3449 3448 3383
6662 2 2 0 1 3383 3449 3384
6663 2 2 0 1 3450 3449 3384
6664 2 2 0 1 3384 3450 3385
6665 2 2 0 1 3451 3450 3385
6666 2 2 0 1 3385 3451 3386
6667 2 2 0 1 3452 3451 3386
6668 2 2 0 1 3386 3452 3387
6669 2 2 0 1 3453 3452 3387
6670 2 2 0 1 3387 3453 3388
6671 2 2 0 1 3454 3453 3388
6672 2 2 0 1 3388 3454 3389
6673 2 2 0 1 3455 3454 3389
6674 2 2 0 1 3389 3455 3390
6675 2 2 0 1 3456 3455 3390
6676 2 2 0 1 3390 3456 3391
6677 2 2 0 1 3457 3456 3391
6678 2 2 0 1 3391 3457 3392
6679 2 2 0 1 3458 3457 3392
6680 2 2 0 1 3392 3458 3393
6681 2 2 0 1 3459 3458 3393
6682 2 2 0 1 3393 3459 3394
6683 2 2 0 1 3460 3459 3394
6684 2 2 0 1 3394 3460 3395
6685 2 2 0 1 3461 3460 3395
6686 2 2 0 1 3395 3461 3396
6687 2 2 0 1 3462 3461 3396
6688 2 2 0 1 3396 3462 3397
6689 2 2 0 1 3463 3462 3397
6690 2 2 0 1 3397 3463 3398
6691 2 2 0 1 3464 3463 3398
6692 2 2 0 1 3398 3464 3399
6693 2 2 0 1 3465 3464 3399
6694 2 2 0 1 3399 3465 3400
6695 2 2 0 1 3466 3465 3400
6696 2 2 0 1 3400 3466 3401
6697 2 2 0 1 3467 3466 3401
6698 2 2 0 1 3401 3467 3402
6699 2 2 0 1 3468 3467 3402
6700 2 2 0 1 3402 3468 3403
6701 2 2 0 1 3469 3468 3403
6702 2 2 0 1 3403 3469 3404
6703 2 2 0 1 3405 3469 3404
6704 2 2 0 1 3469 3470 3405
6705 2 2 0 1 3406 3470 3405
6706 2 2 0 1 3470 3471 3406
6707 2 2 0 1 3407 3471 3406
6708 2 2 0 1 3471 3472 3407
6709 2 2 0 1 3408 3472 3407
6710 2 2 0 1 3472 3473 3408
6711 2 2 0 1 3409 3473 3408
6712 2 2 0 1 3473 3474 3409
6713 2 2 0 1 3410 3474 3409
6714 2 2 0 1 3474 3475 3410
6715 2 2 0 1 3411 3475 3410
6716 2 2 0 1 3475 3476 3411
6717 2 2 0 1 3412 3476 3411
6718 2 2 0 1 3476 3477 3412
6719 2 2 0 1 3413 3477 3412
6720 2 2 0 1 3477 3478 3413
6721 2 2 0 1 3414 3478 3413
6722 2 2 0 1 3478 3479 3414
6723 2 2 0 1 3415 3479 3414
6724 2 2 0 1 3479 3480 3415
6725 2 2 0 1 3416 3480 3415
6726 2 2 0 1 3480 3481 3416
6727 2 2 0 1 3417 3481 3416
6728 2 2 0 1 3481 3482 3417
6729 2 2 0 1 3418 3482 3417
6730 2 2 0 1 3482 3483 3418
6731 2 2 0 1 3419 3483 3418
6732 2 2 0 1 3483 3484 3419
6733 2 2 0 1 3485 3484 3419
6734 2 2 0 1 3419 3485 3420
6735 2 2 0 1 3486 3485 3420
6736 2 2 0 1 3420 3486 3421
6737 2 2 0 1 3487 3486 3421
6738 2 2 0 1 3421 3487 3422
6739 2 2 0 1 3488 3487 3422
6740 2 2 0 1 3422 3488 3423
6741 2 2 0 1 3424 3488 3423
6742 2 2 0 1 3488 3489 3424
6743 2 2 0 1 3425 3489 3424
6744 2 2 0 1 3489 3490 3425
6745 2 2 0 1 3426 3490 3425
6746 2 2 0 1 3490 3491 3426
6747 2 2 0 1 3427 3491 3426
6748 2 2 0 1 3491 3492 3427
6749 2 2 0 1 3428 3492 3427
6750 2 2 0 1 3492 3493 3428
6751 2 2 0 1 3429 3493 3428
6752 2 2 0 1 3493 3494 3429
6753 2 2 0 1 3430 3494 3429
6754 2 2 0 1 3494 3495 3430
6755 2 2 0 1 3431 3495 3430
6756 2 2 0 1 3495 3496 3431
6757 2 2 0 1 3432 3496 3431
6758 2 2 0 1 3496 3497 3432
6759 2 2 0 1 3433 3497 3432
6760 2 2 0 1 3497 3498 3433
6761 2 2 0 1 3434 3498 3433
6762 2 2 0 1 3498 3499 3434
6763 2 2 0 1 3435 3499 3434
6764 2 2 0 1 3499 3500 3435
6765 2 2 0 1 3501 3500 3435
6766 2 2 0 1 3435 3501 3436
6767 2 2 0 1 3502 3501 3436
6768 2 2 0 1 3436 3502 3437
6769 2 2 0 1 3503 3502 3437
6770 2 2 0 1 3437 3503 3438
6771 2 2 0 1 3504 3503 3438
6772 2 2 0 1 3438 3504 3439
6773 2 2 0 1 3505 3504 3439
6774 2 2 0 1 3439 3505 3440
6775 2 2 0 1 3506 3505 3440
6776 2 2 0 1 3440 3506 3441
6777 2 2 0 1 3507 3506 3441
6778 2 2 0 1 3441 3507 3442
6779 2 2 0 1 3508 3507 3442
6780 2 2 0 1 3442 3508 3443
6781 2 2 0 1 3509 3508 3443
6782 2 2 0 1 3443 3509 3444
6783 2 2 0 1 3510 3509 3444
6784 2 2 0 1 3444 3510 3445
6785 2 2 0 1 3511 3512 3447
6786 2 2 0 1 3447 3511 3446
6787 2 2 0 1 3513 3511 3446
6788 2 2 0 1 3446 3513 3448
6789 2 2 0 1 3514 3513 3448
6790 2 2 0 1 3448 3514 3449
6791 2 2 0 1 3515 3514 3449
6792 2 2 0 1 3449 3515 3450
6793 2 2 0 1 3516 3515 3450
6794 2 2 0 1 3450 3516 3451
6795 2 2 0 1 3517 3516 3451
6796 2 2 0 1 3451 3517 3452
6797 2 2 0 1 3518 3517 3452
6798 2 2 0 1 3452 3518 3453
6799 2 2 0 1 3519 3518 3453
6800 2 2 0 1 3453 3519 3454
6801 2 2 0 1 3520 3519 3454
6802 2 2 0 1 3454 3520 3455
6803 2 2 0 1 3521 3520 3455
6804 2 2 0 1 3455 3521 3456
6805 2 2 0 1 3522 3521 3456
6806 2 2 0 1 3456 3522 3457
6807 2 2 0 1 3523 3522 3457
6808 2 2 0 1 3457 3523 3458
6809 2 2 0 1 3524 3523 3458
6810 2 2 0 1 3458 3524 3459
6811 2 2 0 1 3525 3524 3459
6812 2 2 0 1 3459 3525 3460
6813 2 2 0 1 3526 3525 3460
6814 2 2 0 1 3460 3526 3461
6815 2 2 0 1 3527 3526 3461
6816 2 2 0 1 3461 3527 3462
6817 2 2 0 1 3528 3527 3462
6818 2 2 0 1 3462 3528 3463
6819 2 2 0 1 3529 3528 3463
6820 2 2 0 1 3463 3529 3464
6821 2 2 0 1 3530 3529 3464
6822 2 2 0 1 3464 3530 3465
6823 2 2 0 1 3531 3530 3465
6824 2 2 0 1 3465 3531 3466
6825 2 2 0 1 3532 3531 3466
6826 2 2 0 1 3466 3532 3467
6827 2 2 0 1 3533 3532 3467
6828 2 2 0 1 3467 3533 3468
6829 2 2 0 1 3534 3533 3468
6830 2 2 0 1 3468 3534 3469
6831 2 2 0 1 3470 3534 3469
6832 2 2 0 1 3534 3535 3470
6833 2 2 0 1 3471 3535 3470
6834 2 2 0 1 3535 3536 3471
6835 2 2 0 1 3472 3536 3471
6836 2 2 0 1 3536 3537 3472
6837 2 2 0 1 3473 3537 3472
6838 2 2 0 1 3537 3538 3473
6839 2 2 0 1 3474 3538 3473
6840 2 2 0 1 3538 3539 3474
6841 2 2 0 1 3475 3539 3474
6842 2 2 0 1 3539 3540 3475
6843 2 2 0 1 3476 3540 3475
6844 2 2 0 1 3540 3541 3476
6845 2 2 0 1 3477 3541 3476
6846 2 2 0 1 3541 3542 3477
6847 2 2 0 1 3478 3542 3477
6848 2 2 0 1 3542 3543 3478
6849 2 2 0 1 3479 3543 3478
6850 2 2 0 1 3543 3544 3479
6851 2 2 0 1 3480 3544 3479
6852 2 2 0 1 3544 3545 3480
6853 2 2 0 1 3481 3545 3480
6854 2 2 0 1 3545 3546 3481
6855 2 2 0 1 3482 3546 3481
6856 2 2 0 1 3546 3547 3482
6857 2 2 0 1 3483 3547 3482
6858 2 2 0 1 3547 3548 3483
6859 2 2 0 1 3484 3548 3483
6860 2 2 0 1 3548 3549 3484
6861 2 2 0 1 3550 3549 3484
6862 2 2 0 1 3484 3550 3485
6863 2 2 0 1 3551 3550 3485
6864 2 2 0 1 3485 3551 3486
6865 2 2 0 1 3552 3551 3486
6866 2 2 0 1 3486 3552 3487
6867 2 2 0 1 3553 3552 3487
6868 2 2 0 1 3487 3553 3488
6869 2 2 0 1 3489 3553 3488
6870 2 2 0 1 3553 3554 3489
6871 2 2 0 1 3490 3554 3489
6872 2 2 0 1 3554 3555 3490
6873 2 2 0 1 3491 3555 3490
6874 2 2 0 1 3555 3556 3491
6875 2 2 0 1 3492 3556 3491
6876 2 2 0 1 3556 3557 3492
6877 2 2 0 1 3493 3557 3492
6878 2 2 0 1 3557 3558 3493
6879 2 2 0 1 3494 3558 3493
6880 2 2 0 1 3558 3559 3494
6881 2 2 0 1 3495 3559 3494
6882 2 2 0 1 3559 3560 3495
6883 2 2 0 1 3496 3560 3495
6884 2 2 0 1 3560 3561 3496
6885 2 2 0 1 3497 3561 3496
6886 2 2 0 1 3561 3562 3497
6887 2 2 0 1 3498 3562 3497
6888 2 2 0 1 3562 3563 3498
6889 2 2 0 1 3499 3563 3498
6890 2 2 0 1 3563 3564 3499
6891 2 2 0 1 3500 3564 3499
6892 2 2 0 1 3564 3565 3500
6893 2 2 0 1 3566 3565 3500
6894 2 2 0 1 3500 3566 3501
6895 2 2 0 1 3567 3566 3501
6896 2 2 0 1 3501 3567 3502
6897 2 2 0 1 3568 3567 3502
6898 2 2 0 1 3502 3568 3503
6899 2 2 0 1 3569 3568 3503
6900 2 2 0 1 3503 3569 3504
6901 2 2 0 1 3570 3569 3504
6902 2 2 0 1 3504 3570 3505
6903 2 2 0 1 3571 3570 3505
6904 2 2 0 1 3505 3571 3506
6905 2 2 0 1 3572 3571 3506
6906 2 2 0 1 3506 3572 3507
6907 2 2 0 1 3573 3572 3507
6908 2 2 0 1 3507 3573 3508
6909 2 2 0 1 3574 3573 3508
6910 2 2 0 1 3508 3574 3509
6911 2 2 0 1 3575 3574 3509
6912 2 2 0 1 3509 3575 3510
6913 2 2 0 1 3576 3577 3512
6914 2 2 0 1 3512 3576 3511
6915 2 2 0 1 3578 3576 3511
6916 2 2 0 1 3511 3578 3513
6917 2 2 0 1 3579 3578 3513
6918 2 2 0 1 3513 3579 3514
6919 2 2 0 1 3580 3579 3514
6920 2 2 0 1 3514 3580 3515
6921 2 2 0 1 3581 3580 3515
6922 2 2 0 1 3515 3581 3516
6923 2 2 0 1 3582 3581 3516
6924 2 2 0 1 3516 3582 3517
6925 2 2 0 1 3583 3582 3517
6926 2 2 0 1 3517 3583 3518
6927 2 2 0 1 3584 3583 3518
6928 2 2 0 1 3518 3584 3519
6929 2 2 0 1 3585 3584 3519
6930 2 2 0 1 3519 3585 3520
6931 2 2 0 1 3586 3585 3520
6932 2 2 0 1 3520 3586 3521
6933 2 2 0 1 3587 3586 3521
6934 2 2 0 1 3521 3587 3522
6935 2 2 0 1 3588 3587 3522
6936 2 2 0 1 3522 3588 3523
6937 2 2 0 1 3589 3588 3523
6938 2 2 0 1 3523 3589 3524
6939 2 2 0 1 3590 3589 3524
6940 2 2 0 1 3524 3590 3525
6941 2 2 0 1 3591 3590 3525
6942 2 2 0 1 3525 3591 3526
6943 2 2 0 1 3592 3591 3526
6944 2 2 0 1 3526 3592 3527
6945 2 2 0 1 3593 3592 3527
6946 2 2 0 1 3527 3593 3528
6947 2 2 0 1 3594 3593 3528
6948 2 2 0 1 3528 3594 3529
6949 2 2 0 1 3595 3594 3529
6950 2 2 0 1 3529 3595 3530
6951 2 2 0 1 3596 3595 3530
6952 2 2 0 1 3530 3596 3531
6953 2 2 0 1 3597 3596 3531
6954 2 2 0 1 3531 3597 3532
6955 2 2 0 1 3598 3597 3532
6956 2 2 0 1 3532 3598 3533
6957 2 2 0 1 3599 3598 3533
6958 2 2 0 1 3533 3599 3534
6959 2 2 0 1 3535 3599 3534
6960 2 2 0 1 3599 3600 3535
6961 2 2 0 1 3536 3600 3535
6962 2 2 0 1 3600 3601 3536
6963 2 2 0 1 3537 3601 3536
6964 2 2 0 1 3601 3602 3537
6965 2 2 0 1 3538 3602 3537
6966 2 2 0 1 3602 3603 3538
6967 2 2 0 1 3539 3603 3538
6968 2 2 0 1 3603 3604 3539
6969 2 2 0 1 3540 3604 3539
6970 2 2 0 1 3604 3605 3540
6971 2 2 0 1 3541 3605 3540
6972 2 2 0 1 3605 3606 3541
6973 2 2 0 1 3542 3606 3541
6974 2 2 0 1 3606 3607 3542
6975 2 2 0 1 3543 3607 3542
6976 2 2 0 1 3607 3608 3543
6977 2 2 0 1 3544 3608 3543
6978 2 2 0 1 3608 3609 3544
6979 2 2 0 1 3545 3609 3544
6980 2 2 0 1 3609 3610 3545
6981 2 2 0 1 3546 3610 3545
6982 2 2 0 1 3610 3611 3546
6983 2 2 0 1 3547 3611 3546
6984 2 2 0 1 3611 3612 3547
6985 2 2 0 1 3548 3612 3547
6986 2 2 0 1 3612 3613 3548
6987 2 2 0 1 3549 3613 3548
6988 2 2 0 1 3613 3614 3549
6989 2 2 0 1 3615 3614 3549
6990 2 2 0 1 3549 3615 3550
6991 2 2 0 1 3616 3615 3550
6992 2 2 0 1 3550 3616 3551
6993 2 2 0 1 3617 3616 3551
6994 2 2 0 1 3551 3617 3552
6995 2 2 0 1 3618 3617 3552
6996 2 2 0 1 3552 3618 3553
6997 2 2 0 1 3554 3618 3553
6998 2 2 0 1 3618 3619 3554
6999 2 2 0 1 3555 3619 3554
7000 2 2 0 1 3619 3620 3555
7001 2 2 0 1 3556 3620 3555
7002 2 2 0 1 3620 3621 3556
7003 2 2 0 1 3557 3621 3556
7004 2 2 0 1 3621 3622 3557
7005 2 2 0 1 3558 3622 3557
7006 2 2 0 1 3622 3623 3558
7007 2 2 0 1 3559 3623 3558
7008 2 2 0 1 3623 3624 3559
7009 2 2 0 1 3560 3624 3559
7010 2 2 0 1 3624 3625 3560
7011 2 2 0 1 3561 3625 3560
7012 2 2 0 1 3625 3626 3561
7013 2 2 0 1 3562 3626 3561
7014 2 2 0 1 3626 3627 3562
7015 2 2 0 1 3563 3627 3562
7016 2 2 0 1 3627 3628 3563
7017 2 2 0 1 3564 3628 3563
7018 2 2 0 1 3628 3629 3564
7019 2 2 0 1 3565 3629 3564
7020 2 2 0 1 3629 3630 3565
7021 2 2 0 1 3631 3630 3565
7022 2 2 0 1 3565 3631 3566
7023 2 2 0 1 3632 3631 3566
7024 2 2 0 1 3566 3632 3567
7025 2 2 0 1 3633 3632 3567
7026 2 2 0 1 3567 3633 3568
7027 2 2 0 1 3634 3633 3568
7028 2 2 0 1 3568 3634 3569
7029 2 2 0 1 3635 3634 3569
7030 2 2 0 1 3569 3635 3570
7031 2 2 0 1 3636 3635 3570
7032 2 2 0 1 3570 3636 3571
7033 2 2 0 1 3637 3636 3571
7034 2 2 0 1 3571 3637 3572
7035 2 2 0 1 3638 3637 3572
7036 2 2 0 1 3572 3638 3573
7037 2 2 0 1 3639 3638 3573
7038 2 2 0 1 3573 3639 3574
7039 2 2 0 1 3640 3639 3574
7040 2 2 0 1 3574 3640 3575
7041 2 2 0 1 3641 3642 3577
7042 2 2 0 1 3577 3641 3576
7043 2 2 0 1 3643 3641 3576
7044 2 2 0 1 3576 3643 3578
7045 2 2 0 1 3644 3643 3578
7046 2 2 0 1 3578 3644 3579
7047 2 2 0 1 3645 3644 3579
7048 2 2 0 1 3579 3645 3580
7049 2 2 0 1 3646 3645 3580
7050 2 2 0 1 3580 3646 3581
7051 2 2 0 1 3647 3646 3581
7052 2 2 0 1 3581 3647 3582
7053 2 2 0 1 3648 3647 3582
7054 2 2 0 1 3582 3648 3583
7055 2 2 0 1 3649 3648 3583
7056 2 2 0 1 3583 3649 3584
7057 2 2 0 1 3650 3649 3584
7058 2 2 0 1 3584 3650 3585
7059 2 2 0 1 3651 3650 3585
7060 2 2 0 1 3585 3651 3586
7061 2 2 0 1 3652 3651 3586
7062 2 2 0 1 3586 3652 3587
7063 2 2 0 1 3653 3652 3587
7064 2 2 0 1 3587 3653 3588
7065 2 2 0 1 3654 3653 3588
7066 2 2 0 1 3588 3654 3589
7067 2 2 0 1 3655 3654 3589
7068 2 2 0 1 3589 3655 3590
7069 2 2 0 1 3656 3655 3590
7070 2 2 0 1 3590 3656 3591
7071 2 2 0 1 3657 3656 3591
7072 2 2 0 1 3591 3657 3592
7073 2 2 0 1 3658 3657 3592
7074 2 2 0 1 3592 3658 3593
7075 2 2 0 1 3659 3658 3593
7076 2 2 0 1 3593 3659 3594
7077 2 2 0 1 3660 3659 3594
7078 2 2 0 1 3594 3660 3595
7079 2 2 0 1 3661 3660 3595
7080 2 2 0 1 3595 3661 3596
7081 2 2 0 1 3662 3661 3596
7082 2 2 0 1 3596 3662 3597
7083 2 2 0 1 3663 3662 3597
7084 2 2 0 1 3597 3663 3598
7085 2 2 0 1 3664 3663 3598
7086 2 2 0 1 3598 3664 3599
7087 2 2 0 1 3600 3664 3599
7088 2 2 0 1 3664 3665 3600
7089 2 2 0 1 3601 3665 3600
7090 2 2 0 1 3665 3666 3601
7091 2 2 0 1 3602 3666 3601
7092 2 2 0 1 3666 3667 3602
7093 2 2 0 1 3603 3667 3602
7094 2 2 0 1 3667 3668 3603
7095 2 2 0 1 3604 3668 3603
7096 2 2 0 1 3668 3669 3604
7097 2 2 0 1 3605 3669 3604
7098 2 2 0 1 3669 3670 3605
7099 2 2 0 1 3606 3670 3605
7100 2 2 0 1 3670 3671 3606
7101 2 2 0 1 3607 3671 3606
7102 2 2 0 1 3671 3672 3607
7103 2 2 0 1 3608 3672 3607
7104 2 2 0 1 3672 3673 3608
7105 2 2 0 1 3609 3673 3608
7106 2 2 0 1 3673 3674 3609
7107 2 2 0 1 3610 3674 3609
7108 2 2 0 1 3674 3675 3610
7109 2 2 0 1 3611 3675 3610
7110 2 2 0 1 3675 3676 3611
7111 2 2 0 1 3612 3676 3611
7112 2 2 0 1 3676 3677 3612
7113 2 2 0 1 3613 3677 3612
7114 2 2 0 1 3677 3678 3613
7115 2 2 0 1 3614 3678 3613
7116 2 2 0 1 3678 3679 3614
7117 2 2 0 1 3680 3679 3614
7118 2 2 0 1 3614 3680 3615
7119 2 2 0 1 3681 3680 3615
7120 2 2 0 1 3615 3681 3616
7121 2 2 0 1 3682 3681 3616
7122 2 2 0 1 3616 3682 3617
7123 2 2 0 1 3683 3682 3617
7124 2 2 0 1 3617 3683 3618
7125 2 2 0 1 3619 3683 3618
7126 2 2 0 1 3683 3684 3619
7127 2 2 0 1 3620 3684 3619
7128 2 2 0 1 3684 3685 3620
7129 2 2 0 1 3621 3685 3620
7130 2 2 0 1 3685 3686 3621
7131 2 2 0 1 3622 3686 3621
7132 2 2 0 1 3686 3687 3622
7133 2 2 0 1 3623 3687 3622
7134 2 2 0 1 3687 3688 3623
7135 2 2 0 1 3624 3688 3623
7136 2 2 0 1 3688 3689 3624
7137 2 2 0 1 3625 3689 3624
7138 2 2 0 1 3689 3690 3625
7139 2 2 0 1 3626 3690 3625
7140 2 2 0 1 3690 3691 3626
7141 2 2 0 1 3627 3691 3626
7142 2 2 0 1 3691 3692 3627
7143 2 2 0 1 3628 3692 3627
7144 2 2 0 1 3692 3693 3628
7145 2 2 0 1 3629 3693 3628
7146 2 2 0 1 3693 3694 3629
7147 2 2 0 1 3630 3694 3629
7148 2 2 0 1 3694 3695 3630
7149 2 2 0 1 3696 3695 3630
7150 2 2 0 1 3630 3696 3631
7151 2 2 0 1 3697 3696 3631
7152 2 2 0 1 3631 3697 3632
7153 2 2 0 1 3698 3697 3632
7154 2 2 0 1 3632 3698 3633
7155 2 2 0 1 3699 3698 3633
7156 2 2 0 1 3633 3699 3634
7157 2 2 0 1 3700 3699 3634
7158 2 2 0 1 3634 3700 3635
7159 2 2 0 1 3701 3700 3635
7160 2 2 0 1 3635 3701 3636
7161 2 2 0 1 3702 3701 3636
7162 2 2 0 1 3636 3702 3637
7163 2 2 0 1 3703 3702 3637
7164 2 2 0 1 3637 3703 3638
7165 2 2 0 1 3704 3703 3638
7166 2 2 0 1 3638 3704 3639
7167 2 2 0 1 3705 3704 3639
7168 2 2 0 1 3639 3705 3640
7169 2 2 0 1 3706 3707 3642
7170 2 2 0 1 3642 3706 3641
7171 2 2 0 1 3708 3706 3641
7172 2 2 0 1 3641 3708 3643
7173 2 2 0 1 3709 3708 3643
7174 2 2 0 1 3643 3709 3644
7175 2 2 0 1 3710 3709 3644
7176 2 2 0 1 3644 3710 3645
7177 2 2 0 1 3711 3710 3645
7178 2 2 0 1 3645 3711 3646
7179 2 2 0 1 3712 3711 3646
7180 2 2 0 1 3646 3712 3647
7181 2 2 0 1 3713 3712 3647
7182 2 2 0 1 3647 3713 3648
7183 2 2 0 1 3714 3713 3648
7184 2 2 0 1 3648 3714 3649
7185 2 2 0 1 3715 3714 3649
7186 2 2 0 1 3649 3715 3650
7187 2 2 0 1 3716 3715 3650
7188 2 2 0 1 3650 3716 3651
7189 2 2 0 1 3717 3716 3651
7190 2 2 0 1 3651 3717 3652
7191 2 2 0 1 3718 3717 3652
7192 2 2 0 1 3652 3718 3653
7193 2 2 0 1 3719 3718 3653
7194 2 2 0 1 3653 3719 3654
7195 2 2 0 1 3720 3719 3654
7196 2 2 0 1 3654 3720 3655
7197 2 2 0 1 3721 3720 3655
7198 2 2 0 1 3655 3721 3656
7199 2 2 0 1 3722 3721 3656
7200 2 2 0 1 3656 3722 3657
7201 2 2 0 1 3723 3722 3657
7202 2 2 0 1 3657 3723 3658
7203 2 2 0 1 3724 3723 3658
7204 2 2 0 1 3658 3724 3659
7205 2 2 0 1 3725 3724 3659
7206 2 2 0 1 3659 3725 3660
7207 2 2 0 1 3726 3725 3660
7208 2 2 0 1 3660 3726 3661
7209 2 2 0 1 3727 3726 3661
7210 2 2 0 1 3661 3727 3662
7211 2 2 0 1 3728 3727 3662
7212 2 2 0 1 3662 3728 3663
7213 2 2 0 1 3729 3728 3663
7214 2 2 0 1 3663 3729 3664
7215 2 2 0 1 3665 3729 3664
7216 2 2 0 1 3729 3730 3665
7217 2 2 0 1 3666 3730 3665
7218 2 2 0 1 3730 3731 3666
7219 2 2 0 1 3667 3731 3666
7220 2 2 0 1 3731 3732 3667
7221 2 2 0 1 3668 3732 3667
7222 2 2 0 1 3732 3733 3668
7223 2 2 0 1 3669 3733 3668
7224 2 2 0 1 3733 3734 3669
7225 2 2 0 1 3670 3734 3669
7226 2 2 0 1 3734 3735 3670
7227 2 2 0 1 3671 3735 3670
7228 2 2 0 1 3735 3736 3671
7229 2 2 0 1 3672 3736 3671
7230 2 2 0 1 3736 3737 3672
7231 2 2 0 1 3673 3737 3672
7232 2 2 0 1 3737 3738 3673
7233 2 2 0 1 3674 3738 3673
7234 2 2 0 1 3738 3739 3674
7235 2 2 0 1 3675 3739 3674
7236 2 2 0 1 3739 3740 3675
7237 2 2 0 1 3676 3740 3675
7238 2 2 0 1 3740 3741 3676
7239 2 2 0 1 3677 3741 3676
7240 2 2 0 1 3741 3742 3677
7241 2 2 0 1 3678 3742 3677
7242 2 2 0 1 3742 3743 3678
7243 2 2 0 1 3679 3743 3678
7244 2 2 0 1 3743 3744 3679
7245 2 2 0 1 3745 3744 3679
7246 2 2 0 1 3679 3745 3680
7247 2 2 0 1 3746 3745 3680
7248 2 2 0 1 3680 3746 3681
7249 2 2 0 1 3747 3746 3681
7250 2 2 0 1 3681 3747 3682
7251 2 2 0 1 3748 3747 3682
7252 2 2 0 1 3682 3748 3683
7253 2 2 0 1 3684 3748 3683
7254 2 2 0 1 3748 3749 3684
7255 2 2 0 1 3685 3749 3684
7256 2 2 0 1 3749 3750 3685
7257 2 2 0 1 3686 3750 3685
7258 2 2 0 1 3750 3751 3686
7259 2 2 0 1 3687 3751 3686
7260 2 2 0 1 3751 3752 3687
7261 2 2 0 1 3688 3752 3687
7262 2 2 0 1 3752 3753 3688
7263 2 2 0 1 3689 3753 3688
7264 2 2 0 1 3753 3754 3689
7265 2 2 0 1 3690 3754 3689
7266 2 2 0 1 3754 3755 3690
7267 2 2 0 1 3691 3755 3690
7268 2 2 0 1 3755 3756 3691
7269 2 2 0 1 3692 3756 3691
7270 2 2 0 1 3756 3757 3692
7271 2 2 0 1 3693 3757 3692
7272 2 2 0 1 3757 3758 3693
7273 2 2 0 1 3694 3758 3693
7274 2 2 0 1 3758 3759 3694
7275 2 2 0 1 3695 3759 3694
7276 2 2 0 1 3759 3760 3695
7277 2 2 0 1 3761 3760 3695
7278 2 2 0 1 3695 3761 3696
7279 2 2 0 1 3762 3761 3696
7280 2 2 0 1 3696 3762 3697
7281 2 2 0 1 3763 3762 3697
7282 2 2 0 1 3697 3763 3698
7283 2 2 0 1 3764 3763 3698
7284 2 2 0 1 3698 3764 3699
7285 2 2 0 1 3765 3764 3699
7286 2 2 0 1 3699 3765 3700
7287 2 2 0 1 3766 3765 3700
7288 2 2 0 1 3700 3766 3701
7289 2 2 0 1 3767 3766 3701
7290 2 2 0 1 3701 3767 3702
7291 2 2 0 1 3768 3767 3702
7292 2 2 0 1 3702 3768 3703
7293 2 2 0 1 3769 3768 3703
7294 2 2 0 1 3703 3769 3704
7295 2 2 0 1 3770 3769 3704
7296 2 2 0 1 3704 3770 3705
7297 2 2 0 1 3771 3772 3707
7298 2 2 0 1 3707 3771 3706
7299 2 2 0 1 3773 3771 3706
7300 2 2 0 1 3706 3773 3708
7301 2 2 0 1 3774 3773 3708
7302 2 2 0 1 3708 3774 3709
7303 2 2 0 1 3775 3774 3709
7304 2 2 0 1 3709 3775 3710
7305 2 2 0 1 3776 3775 3710
7306 2 2 0 1 3710 3776 3711
7307 2 2 0 1 3777 3776 3711
7308 2 2 0 1 3711 3777 3712
7309 2 2 0 1 3778 3777 3712
7310 2 2 0 1 3712 3778 3713
7311 2 2 0 1 3779 3778 3713
7312 2 2 0 1 3713 3779 3714
7313 2 2 0 1 3780 3779 3714
7314 2 2 0 1 3714 3780 3715
7315 2 2 0 1 3781 3780 3715
7316 2 2 0 1 3715 3781 3716
7317 2 2 0 1 3782 3781 3716
7318 2 2 0 1 3716 3782 3717
7319 2 2 0 1 3783 3782 3717
7320 2 2 0 1 3717 3783 3718
7321 2 2 0 1 3784 3783 3718
7322 2 2 0 1 3718 3784 3719
7323 2 2 0 1 3785 3784 3719
7324 2 2 0 1 3719 3785 3720
7325 2 2 0 1 3786 3785 3720
7326 2 2 0 1 3720 3786 3721
7327 2 2 0 1 3787 3786 3721
7328 2 2 0 1 3721 3787 3722
7329 2 2 0 1 3788 3787 3722
7330 2 2 0 1 3722 3788 3723
7331 2 2 0 1 3789 3788 3723
7332 2 2 0 1 3723 3789 3724
7333 2 2 0 1 3790 3789 3724
7334 2 2 0 1 3724 3790 3725
7335 2 2 0 1 3791 3790 3725
7336 2 2 0 1 3725 3791 3726
7337 2 2 0 1 3792 3791 3726
7338 2 2 0 1 3726 3792 3727
7339 2 2 0 1 3793 3792 3727
7340 2 2 0 1 3727 3793 3728
7341 2 2 0 1 3794 3793 3728
7342 2 2 0 1 3728 3794 3729
7343 2 2 0 1 3730 3794 3729
7344 2 2 0 1 3794 3795 3730
7345 2 2 0 1 3731 3795 3730
7346 2 2 0 1 3795 3796 3731
7347 2 2 0 1 3732 3796 3731
7348 2 2 0 1 3796 3797 3732
7349 2 2 0 1 3733 3797 3732
7350 2 2 0 1 3797 3798 3733
7351 2 2 0 1 3734 3798 3733
7352 2 2 0 1 3798 3799 3734
7353 2 2 0 1 3735 3799 3734
7354 2 2 0 1 3799 3800 3735
7355 2 2 0 1 3736 3800 3735
7356 2 2 0 1 3800 3801 3736
7357 2 2 0 1 3737 3801 3736
7358 2 2 0 1 3801 3802 3737
7359 2 2 0 1 3738 3802 3737
7360 2 2 0 1 3802 3803 3738
7361 2 2 0 1 3739 3803 3738
7362 2 2 0 1 3803 3804 3739
7363 2 2 0 1 3740 3804 3739
7364 2 2 0 1 3804 3805 3740
7365 2 2 0 1 3741 3805 3740
7366 2 2 0 1 3805 3806 3741
7367 2 2 0 1 3742 3806 3741
7368 2 2 0 1 3806 3807 3742
7369 2 2 0 1 3743 3807 3742
7370 2 2 0 1 3807 3808 3743
7371 2 2 0 1 3744 3808 3743
7372 2 2 0 1 3808 3809 3744
7373 2 2 0 1 3810 3809 3744
7374 2 2 0 1 3744 3810 3745
7375 2 2 0 1 3811 3810 3745
7376 2 2 0 1 3745 3811 3746
7377 2 2 0 1 3812 3811 3746
7378 2 2 0 1 3746 3812 3747
7379 2 2 0 1 3813 3812 3747
7380 2 2 0 1 3747 3813 3748
7381 2 2 0 1 3749 3813 3748
7382 2 2 0 1 3813 3814 3749
7383 2 2 0 1 3750 3814 3749
7384 2 2 0 1 3814 3815 3750
7385 2 2 0 1 3751 3815 3750
7386 2 2 0 1 3815 3816 3751
7387 2 2 0 1 3752 3816 3751
7388 2 2 0 1 3816 3817 3752
7389 2 2 0 1 3753 3817 3752
7390 2 2 0 1 3817 3818 3753
7391 2 2 0 1 3754 3818 3753
7392 2 2 0 1 3818 3819 3754
7393 2 2 0 1 3755 3819 3754
7394 2 2 0 1 3819 3820 3755
7395 2 2 0 1 3756 3820 3755
7396 2 2 0 1 3820 3821 3756
7397 2 2 0 1 3757 3821 3756
7398 2 2 0 1 3821 3822 3757
7399 2 2 0 1 3758 3822 3757
7400 2 2 0 1 3822 3823 3758
7401 2 2 0 1 3759 3823 3758
7402 2 2 0 1 3823 3824 3759
7403 2 2 0 1 3760 3824 3759
7404 2 2 0 1 3824 3825 3760
7405 2 2 0 1 3826 3825 3760
7406 2 2 0 1 3760 3826 3761
7407 2 2 0 1 3827 3826 3761
7408 2 2 0 1 3761 3827 3762
7409 2 2 0 1 3828 3827 3762
7410 2 2 0 1 3762 3828 3763
7411 2 2 0 1 3829 3828 3763
7412 2 2 0 1 3763 3829 3764
7413 2 2 0 1 3830 3829 3764
7414 2 2 0 1 3764 3830 3765
7415 2 2 0 1 3831 3830 3765
7416 2 2 0 1 3765 3831 3766
7417 2 2 0 1 3832 3831 3766
7418 2 2 0 1 3766 3832 3767
7419 2 2 0 1 3833 3832 3767
7420 2 2 0 1 3767 3833 3768
7421 2 2 0 1 3834 3833 3768
7422 2 2 0 1 3768 3834 3769
7423 2 2 0 1 3835 3834 3769
7424 2 2 0 1 3769 3835 3770
7425 2 2 0 1 3836 3837 3772
7426 2 2 0 1 3772 3836 3771
7427 2 2 0 1 3838 3836 3771
7428 2 2 0 1 3771 3838 3773
7429 2 2 0 1 3839 3838 3773
7430 2 2 0 1 3773 3839 3774
7431 2 2 0 1 3840 3839 3774
7432 2 2 0 1 3774 3840 3775
7433 2 2 0 1 3841 3840 3775
7434 2 2 0 1 3775 3841 3776
7435 2 2 0 1 3842 3841 3776
7436 2 2 0 1 3776 3842 3777
7437 2 2 0 1 3843 3842 3777
7438 2 2 0 1 3777 3843 3778
7439 2 2 0 1 3844 3843 3778
7440 2 2 0 1 3778 3844 3779
7441 2 2 0 1 3845 3844 3779
7442 2 2 0 1 3779 3845 3780
7443 2 2 0 1 3846 3845 3780
7444 2 2 0 1 3780 3846 3781
7445 2 2 0 1 3847 3846 3781
7446 2 2 0 1 3781 3847 3782
7447 2 2 0 1 3848 3847 3782
7448 2 2 0 1 3782 3848 3783
7449 2 2 0 1 3849 3848 3783
7450 2 2 0 1 3783 3849 3784
7451 2 2 0 1 3850 3849 3784
7452 2 2 0 1 3784 3850 3785
7453 2 2 0 1 3851 3850 3785
7454 2 2 0 1 3785 3851 3786
7455 2 2 0 1 3852 3851 3786
7456 2 2 0 1 3786 3852 3787
7457 2 2 0 1 3853 3852 3787
7458 2 2 0 1 3787 3853 3788
7459 2 2 0 1 3854 3853 3788
7460 2 2 0 1 3788 3854 3789
7461 2 2 0 1 3855 3854 3789
7462 2 2 0 1 3789 3855 3790
7463 2 2 0 1 3856 3855 3790
7464 2 2 0 1 3790 3856 3791
7465 2 2 0 1 3857 3856 3791
7466 2 2 0 1 3791 3857 3792
7467 2 2 0 1 3858 3857 3792
7468 2 2 0 1 3792 3858 3793
7469 2 2 0 1 3859 3858 3793
7470 2 2 0 1 3793 3859 3794
7471 2 2 0 1 3795 3859 3794
7472 2 2 0 1 3859 3860 3795
7473 2 2 0 1 3796 3860 3795
7474 2 2 0 1 3860 3861 3796
7475 2 2 0 1 3797 3861 3796
7476 2 2 0 1 3861 3862 3797
7477 2 2 0 1 3798 3862 3797
7478 2 2 0 1 3862 3863 3798
7479 2 2 0 1 3799 3863 3798
7480 2 2 0 1 3863 3864 3799
7481 2 2 0 1 3800 3864 3799
7482 2 2 0 1 3864 3865 3800
7483 2 2 0 1 3801 3865 3800
7484 2 2 0 1 3865 3866 3801
7485 2 2 0 1 3802 3866 3801
7486 2 2 0 1 3866 3867 3802
7487 2 2 0 1 3803 3867 3802
7488 2 2 0 1 3867 3868 3803
7489 2 2 0 1 3804 3868 3803
7490 2 2 0 1 3868 3869 3804
7491 2 2 0 1 3805 3869 3804
7492 2 2 0 1 3869 3870 3805
7493 2 2 0 1 3806 3870 3805
7494 2 2 0 1 3870 3871 3806
7495 2 2 0 1 3807 3871 3806
7496 2 2 0 1 3871 3872 3807
7497 2 2 0 1 3808 3872 3807
7498 2 2 0 1 3872 3873 3808
7499 2 2 0 1 3809 3873 3808
7500 2 2 0 1 3873 3874 3809
7501 2 2 0 1 3875 3874 3809
7502 2 2 0 1 3809 3875 3810
7503 2 2 0 1 3876 3875 3810
7504 2 2 0 1 3810 3876 3811
7505 2 2 0 1 3877 3876 3811
7506 2 2 0 1 3811 3877 3812
7507 2 2 0 1 3878 3877 3812
7508 2 2 0 1 3812 3878 3813
7509 2 2 0 1 3814 3878 3813
7510 2 2 0 1 3878 3879 3814
7511 2 2 0 1 3815 3879 3814
7512 2 2 0 1 3879 3880 3815
7513 2 2 0 1 3816 3880 3815
7514 2 2 0 1 3880 3881 3816
7515 2 2 0 1 3817 3881 3816
7516 2 2 0 1 3881 3882 3817
7517 2 2 0 1 3818 3882 3817
7518 2 2 0 1 3882 3883 3818
7519 2 2 0 1 3819 3883 3818
7520 2 2 0 1 3883 3884 3819
7521 2 2 0 1 3820 3884 3819
7522 2 2 0 1 3884 3885 3820
7523 2 2 0 1 3821 3885 3820
7524 2 2 0 1 3885 3886 3821
7525 2 2 0 1 3822 3886 3821
7526 2 2 0 1 3886 3887 3822
7527 2 2 0 1 3823 3887 3822
7528 2 2 0 1 3887 3888 3823
7529 2 2 0 1 3824 3888 3823
7530 2 2 0 1 3888 3889 3824
7531 2 2 0 1 3825 3889 3824
7532 2 2 0 1 3889 3890 3825
7533 2 2 0 1 3891 3890 3825
7534 2 2 0 1 3825 3891 3826
7535 2 2 0 1 3892 3891 3826
7536 2 2 0 1 3826 3892 3827
7537 2 2 0 1 3893 3892 3827
7538 2 2 0 1 3827 3893 3828
7539 2 2 0 1 3894 3893 3828
7540 2 2 0 1 3828 3894 3829
7541 2 2 0 1 3895 3894 3829
7542 2 2 0 1 3829 3895 3830
7543 2 2 0 1 3896 3895 3830
7544 2 2 0 1 3830 3896 3831
7545 2 2 0 1 3897 3896 3831
7546 2 2 0 1 3831 3897 3832
7547 2 2 0 1 3898 3897 3832
7548 2 2 0 1 3832 3898 3833
7549 2 2 0 1 3899 3898 3833
7550 2 2 0 1 3833 3899 3834
7551 2 2 0 1 3900 3899 3834
7552 2 2 0 1 3834 3900 3835
7553 2 2 0 1 3901 3902 3837
7554 2 2 0 1 3837 3901 3836
7555 2 2 0 1 3903 3901 3836
7556 2 2 0 1 3836 3903 3838
7557 2 2 0 1 3904 3903 3838
7558 2 2 0 1 3838 3904 3839
7559 2 2 0 1 3905 3904 3839
7560 2 2 0 1 3839 3905 3840
7561 2 2 0 1 3906 3905 3840
7562 2 2 0 1 3840 3906 3841
7563 2 2 0 1 3907 3906 3841
7564 2 2 0 1 3841 3907 3842
7565 2 2 0 1 3908 3907 3842
7566 2 2 0 1 3842 3908 3843
7567 2 2 0 1 3909 3908 3843
7568 2 2 0 1 3843 3909 3844
7569 2 2 0 1 3910 3909 3844
7570 2 2 0 1 3844 3910 3845
7571 2 2 0 1 3911 3910 3845
7572 2 2 0 1 3845 3911 3846
7573 2 2 0 1 3912 3911 3846
7574 2 2 0 1 3846 3912 3847
7575 2 2 0 1 3913 3912 3847
7576 2 2 0 1 3847 3913 3848
7577 2 2 0 1 3914 3913 3848
7578 2 2 0 1 3848 3914 3849
7579 2 2 0 1 3915 3914 3849
7580 2 2 0 1 3849 3915 3850
7581 2 2 0 1 3916 3915 3850
7582 2 2 0 1 3850 3916 3851
7583 2 2 0 1 3917 3916 3851
7584 2 2 0 1 3851 3917 3852
7585 2 2 0 1 3918 3917 3852
7586 2 2 0 1 3852 3918 3853
7587 2 2 0 1 3919 3918 3853
7588 2 2 0 1 3853 3919 3854
7589 2 2 0 1 3920 3919 3854
7590 2 2 0 1 3854 3920 3855
7591 2 2 0 1 3921 3920 3855
7592 2 2 0 1 3855 3921 3856
7593 2 2 0 1 3922 3921 3856
7594 2 2 0 1 3856 3922 3857
7595 2 2 0 1 3923 3922 3857
7596 2 2 0 1 3857 3923 3858
7597 2 2 0 1 3924 3923 3858
7598 2 2 0 1 3858 3924 3859
7599 2 2 0 1 3860 3924 3859
7600 2 2 0 1 3924 3925 3860
7601 2 2 0 1 3861 3925 3860
7602 2 2 0 1 3925 3926 3861
7603 2 2 0 1 3862 3926 3861
7604 2 2 0 1 3926 3927 3862
7605 2 2 0 1 3863 3927 3862
7606 2 2 0 1 3927 3928 3863
7607 2 2 0 1 3864 3928 3863
7608 2 2 0 1 3928 3929 3864
7609 2 2 0 1 3865 3929 3864
7610 2 2 0 1 3929 3930 3865
7611 2 2 0 1 3866 3930 3865
7612 2 2 0 1 3930 3931 3866
7613 2 2 0 1 3867 3931 3866
7614 2 2 0 1 3931 3932 3867
7615 2 2 0 1 3868 3932 3867
7616 2 2 0 1 3932 3933 3868
7617 2 2 0 1 3869 3933 3868
7618 2 2 0 1 3933 3934 3869
7619 2 2 0 1 3870 3934 3869
7620 2 2 0 1 3934 3935 3870
7621 2 2 0 1 3871 3935 3870
7622 2 2 0 1 3935 3936 3871
7623 2 2 0 1 3872 3936 3871
7624 2 2 0 1 3936 3937 3872
7625 2 2 0 1 3873 3937 3872
7626 2 2 0 1 3937 3938 3873
7627 2 2 0 1 3874 3938 3873
7628 2 2 0 1 3938 3939 3874
7629 2 2 0 1 3940 3939 3874
7630 2 2 0 1 3874 3940 3875
7631 2 2 0 1 3941 3940 3875
7632 2 2 0 1 3875 3941 3876
7633 2 2 0 1 3942 3941 3876
7634 2 2 0 1 3876 3942 3877
7635 2 2 0 1 3943 3942 3877
7636 2 2 0 1 3877 3943 3878
7637 2 2 0 1 3879 3943 3878
7638 2 2 0 1 3943 3944 3879
7639 2 2 0 1 3880 3944 3879
7640 2 2 0 1 3944 3945 3880
7641 2 2 0 1 3881 3945 3880
7642 2 2 0 1 3945 3946 3881
7643 2 2 0 1 3882 3946 3881
7644 2 2 0 1 3946 3947 3882
7645 2 2 0 1 3883 3947 3882
7646 2 2 0 1 3947 3948 3883
7647 2 2 0 1 3884 3948 3883
7648 2 2 0 1 3948 3949 3884
7649 2 2 0 1 3885 3949 3884
7650 2 2 0 1 3949 3950 3885
7651 2 2 0 1 3886 3950 3885
7652 2 2 0 1 3950 3951 3886
7653 2 2 0 1 3887 3951 3886
7654 2 2 0 1 3951 3952 3887
7655 2 2 0 1 3888 3952 3887
7656 2 2 0 1 3952 3953 3888
7657 2 2 0 1 3889 3953 3888
7658 2 2 0 1 3953 3954 3889
7659 2 2 0 1 3890 3954 3889
7660 2 2 0 1 3954 3955 3890
7661 2 2 0 1 3956 3955 3890
7662 2 2 0 1 3890 3956 3891
7663 2 2 0 1 3957 3956 3891
7664 2 2 0 1 3891 3957 3892
7665 2 2 0 1 3958 3957 3892
7666 2 2 0 1 3892 3958 3893
7667 2 2 0 1 3959 3958 3893
7668 2 2 0 1 3893 3959 3894
7669 2 2 0 1 3960 3959 3894
7670 2 2 0 1 3894 3960 3895
7671 2 2 0 1 3961 3960 3895
7672 2 2 0 1 3895 3961 3896
7673 2 2 0 1 3962 3961 3896
7674 2 2 0 1 3896 3962 3897
7675 2 2 0 1 3963 3962 3897
7676 2 2 0 1 3897 3963 3898
7677 2 2 0 1 3964 3963 3898
7678 2 2 0 1 3898 3964 3899
7679 2 2 0 1 3965 3964 3899
7680 2 2 0 1 3899 3965 3900
7681 2 2 0 1 3966 3967 3902
7682 2 2 0 1 3902 3966 3901
7683 2 2 0 1 3968 3966 3901
7684 2 2 0 1 3901 3968 3903
7685 2 2 0 1 3969 3968 3903
7686 2 2 0 1 3903 3969 3904
7687 2 2 0 1 3970 3969 3904
7688 2 2 0 1 3904 3970 3905
7689 2 2 0 1 3971 3970 3905
7690 2 2 0 1 3905 3971 3906
7691 2 2 0 1 3972 3971 3906
7692 2 2 0 1 3906 3972 3907
7693 2 2 0 1 3973 3972 3907
7694 2 2 0 1 3907 3973 3908
7695 2 2 0 1 3974 3973 3908
7696 2 2 0 1 3908 3974 3909
7697 2 2 0 1 3975 3974 3909
7698 2 2 0 1 3909 3975 3910
7699 2 2 0 1 3976 3975 3910
7700 2 2 0 1 3910 3976 3911
7701 2 2 0 1 3977 3976 3911
7702 2 2 0 1 3911 3977 3912
7703 2 2 0 1 3978 3977 3912
7704 2 2 0 1 3912 3978 3913
7705 2 2 0 1 3979 3978 3913
7706 2 2 0 1 3913 3979 3914
7707 2 2 0 1 3980 3979 3914
7708 2 2 0 1 3914 3980 3915
7709 2 2 0 1 3981 3980 3915
7710 2 2 0 1 3915 3981 3916
7711 2 2 0 1 3982 3981 3916
7712 2 2 0 1 3916 3982 3917
7713 2 2 0 1 3983 3982 3917
7714 2 2 0 1 3917 3983 3918
7715 2 2 0 1 3984 3983 3918
7716 2 2 0 1 3918 3984 3919
7717 2 2 0 1 3985 3984 3919
7718 2 2 0 1 3919 3985 3920
7719 2 2 0 1 3986 3985 3920
7720 2 2 0 1 3920 3986 3921
7721 2 2 0 1 3987 3986 3921
7722 2 2 0 1 3921 3987 3922
7723 2 2 0 1 3988 3987 3922
7724 2 2 0 1 3922 3988 3923
7725 2 2 0 1 3989 3988 3923
7726 2 2 0 1 3923 3989 3924
7727 2 2 0 1 3925 3989 3924
7728 2 2 0 1 3989 3990 3925
7729 2 2 0 1 3926 3990 3925
7730 2 2 0 1 3990 3991 3926
7731 2 2 0 1 3927 3991 3926
7732 2 2 0 1 3991 3992 3927
7733 2 2 0 1 3928 3992 3927
7734 2 2 0 1 3992 3993 3928
7735 2 2 0 1 3929 3993 3928
7736 2 2 0 1 3993 3994 3929
7737 2 2 0 1 3930 3994 3929
7738 2 2 0 1 3994 3995 3930
7739 2 2 0 1 3931 3995 3930
7740 2 2 0 1 3995 3996 3931
7741 2 2 0 1 3932 3996 3931
7742 2 2 0 1 3996 3997 3932
7743 2 2 0 1 3933 3997 3932
7744 2 2 0 1 3997 3998 3933
7745 2 2 0 1 3934 3998 3933
7746 2 2 0 1 3998 3999 3934
7747 2 2 0 1 3935 3999 3934
7748 2 2 0 1 3999 4000 3935
7749 2 2 0 1 3936 4000 3935
7750 2 2 0 1 4000 4001 3936
7751 2 2 0 1 3937 4001 3936
7752 2 2 0 1 4001 4002 3937
7753 2 2 0 1 3938 4002 3937
7754 2 2 0 1 4002 4003 3938
7755 2 2 0 1 3939 4003 3938
7756 2 2 0 1 4003 4004 3939
7757 2 2 0 1 4005 4004 3939
7758 2 2 0 1 3939 4005 3940
7759 2 2 0 1 4006 4005 3940
7760 2 2 0 1 3940 4006 3941
7761 2 2 0 1 4007 4006 3941
7762 2 2 0 1 3941 4007 3942
7763 2 2 0 1 4008 4007 3942
7764 2 2 0 1 3942 4008 3943
7765 2 2 0 1 3944 4008 3943
7766 2 2 0 1 4008 4009 3944
7767 2 2 0 1 3945 4009 3944
7768 2 2 0 1 4009 4010 3945
7769 2 2 0 1 3946 4010 3945
7770 2 2 0 1 4010 4011 3946
7771 2 2 0 1 3947 4011 3946
7772 2 2 0 1 4011 4012 3947
7773 2 2 0 1 3948 4012 3947
7774 2 2 0 1 4012 4013 3948
7775 2 2 0 1 3949 4013 3948
7776 2 2 0 1 4013 4014 3949
7777 2 2 0 1 3950 4014 3949
7778 2 2 0 1 4014 4015 3950
7779 2 2 0 1 3951 4015 3950
7780 2 2 0 1 4015 4016 3951
7781 2 2 0 1 3952 4016 3951
7782 2 2 0 1 4016 4017 3952
7783 2 2 0 1 3953 4017 3952
7784 2 2 0 1 4017 4018 3953
7785 2 2 0 1 3954 4018 3953
7786 2 2 0 1 4018 4019 3954
7787 2 2 0 1 3955 4019 3954
7788 2 2 0 1 4019 4020 3955
7789 2 2 0 1 4021 4020 3955
7790 2 2 0 1 3955 4021 3956
7791 2 2 0 1 4022 4021 3956
7792 2 2 0 1 3956 4022 3957
7793 2 2 0 1 4023 4022 3957
7794 2 2 0 1 3957 4023 3958
7795 2 2 0 1 4024 4023 3958
7796 2 2 0 1 3958 4024 3959
7797 2 2 0 1 4025 4024 3959
7798 2 2 0 1 3959 4025 3960
7799 2 2 0 1 4026 4025 3960
7800 2 2 0 1 3960 4026 3961
7801 2 2 0 1 4027 4026 3961
7802 2 2 0 1 3961 4027 3962
7803 2 2 0 1 4028 4027 3962
7804 2 2 0 1 3962 4028 3963
7805 2 2 0 1 4029 4028 3963
7806 2 2 0 1 3963 4029 3964
7807 2 2 0 1 4030 4029 3964
7808 2 2 0 1 3964 4030 3965
7809 2 2 0 1 4031 4032 3967
7810 2 2 0 1 3967 4031 3966
7811 2 2 0 1 4033 4031 3966
7812 2 2 0 1 3966 4033 3968
7813 2 2 0 1 4034 4033 3968
7814 2 2 0 1 3968 4034 3969
7815 2 2 0 1 4035 4034 3969
7816 2 2 0 1 3969 4035 3970
7817 2 2 0 1 4036 4035 3970
7818 2 2 0 1 3970 4036 3971
7819 2 2 0 1 4037 4036 3971
7820 2 2 0 1 3971 4037 3972
7821 2 2 0 1 4038 4037 3972
7822 2 2 0 1 3972 4038 3973
7823 2 2 0 1 4039 4038 3973
7824 2 2 0 1 3973 4039 3974
7825 2 2 0 1 4040 4039 3974
7826 2 2 0 1 3974 4040 3975
7827 2 2 0 1 4041 4040 3975
7828 2 2 0 1 3975 4041 3976
7829 2 2 0 1 4042 4041 3976
7830 2 2 0 1 3976 4042 3977
7831 2 2 0 1 4043 4042 3977
7832 2 2 0 1 3977 4043 3978
7833 2 2 0 1 4044 4043 3978
7834 2 2 0 1 3978 4044 3979
7835 2 2 0 1 4045 4044 3979
7836 2 2 0 1 3979 4045 3980
7837 2 2 0 1 4046 4045 3980
7838 2 2 0 1 3980 4046 3981
7839 2 2 0 1 4047 4046 3981
7840 2 2 0 1 3981 4047 3982
7841 2 2 0 1 4048 4047 3982
7842 2 2 0 1 3982 4048 3983
7843 2 2 0 1 4049 4048 3983
7844 2 2 0 1 3983 4049 3984
7845 2 2 0 1 4050 4049 3984
7846 2 2 0 1 3984 4050 3985
7847 2 2 0 1 4051 4050 3985
7848 2 2 0 1 3985 4051 3986
7849 2 2 0 1 4052 4051 3986
7850 2 2 0 1 3986 4052 3987
7851 2 2 0 1 4053 4052 3987
7852 2 2 0 1 3987 4053 3988
7853 2 2 0 1 4054 4053 3988
7854 2 2 0 1 3988 4054 3989
7855 2 2 0 1 3990 4054 3989
7856 2 2 0 1 4054 4055 3990
7857 2 2 0 1 3991 4055 3990
7858 2 2 0 1 4055 4056 3991
7859 2 2 0 1 3992 4056 3991
7860 2 2 0 1 4056 4057 3992
7861 2 2 0 1 3993 4057 3992
7862 2 2 0 1 4057 4058 3993
7863 2 2 0 1 3994 4058 3993
7864 2 2 0 1 4058 4059 3994
7865 2 2 0 1 3995 4059 3994
7866 2 2 0 1 4059 4060 3995
7867 2 2 0 1 3996 4060 3995
7868 2 2 0 1 4060 4061 3996
7869 2 2 0 1 3997 4061 3996
7870 2 2 0 1 4061 4062 3997
7871 2 2 0 1 3998 4062 3997
7872 2 2 0 1 4062 4063 3998
7873 2 2 0 1 3999 4063 3998
7874 2 2 0 1 4063 4064 3999
7875 2 2 0 1 4000 4064 3999
7876 2 2 0 1 4064 4065 4000
7877 2 2 0 1 4001 4065 4000
7878 2 2 0 1 4065 4066 4001
7879 2 2 0 1 4002 4066 4001
7880 2 2 0 1 4066 4067 4002
7881 2 2 0 1 4003 4067 4002
7882 2 2 0 1 4067 4068 4003
7883 2 2 0 1 4004 4068 4003
7884 2 2 0 1 4068 4069 4004
7885 2 2 0 1 4070 4069 4004
7886 2 2 0 1 4004 4070 4005
7887 2 2 0 1 4071 4070 4005
7888 2 2 0 1 4005 4071 4006
7889 2 2 0 1 4072 4071 4006
7890 2 2 0 1 4006 4072 4007
7891 2 2 0 1 4073 4072 4007
7892 2 2 0 1 4007 4073 4008
7893 2 2 0 1 4009 4073 4008
7894 2 2 0 1 4073 4074 4009
7895 2 2 0 1 4010 4074 4009
7896 2 2 0 1 4074 4075 4010
7897 2 2 0 1 4011 4075 4010
7898 2 2 0 1 4075 4076 4011
7899 2 2 0 1 4012 4076 4011
7900 2 2 0 1 4076 4077 4012
7901 2 2 0 1 4013 4077 4012
7902 2 2 0 1 4077 4078 4013
7903 2 2 0 1 4014 4078 4013
7904 2 2 0 1 4078 4079 4014
7905 2 2 0 1 4015 4079 4014
7906 2 2 0 1 4079 4080 4015
7907 2 2 0 1 4016 4080 4015
7908 2 2 0 1 4080 4081 4016
7909 2 2 0 1 4017 4081 4016
7910 2 2 0 1 4081 4082 4017
7911 2 2 0 1 4018 4082 4017
7912 2 2 0 1 4082 4083 4018
7913 2 2 0 1 4019 4083 4018
7914 2 2 0 1 4083 4084 4019
7915 2 2 0 1 4020 4084 4019
7916 2 2 0 1 4084 4085 4020
7917 2 2 0 1 4086 4085 4020
7918 2 2 0 1 4020 4086 4021
7919 2 2 0 1 4087 4086 4021
7920 2 2 0 1 4021 4087 4022
7921 2 2 0 1 4088 4087 4022
7922 2 2 0 1 4022 4088 4023
7923 2 2 0 1 4089 4088 4023
7924 2 2 0 1 4023 4089 4024
7925 2 2 0 1 4090 4089 4024
7926 2 2 0 1 4024 4090 4025
7927 2 2 0 1 4091 4090 4025
7928 2 2 0 1 4025 4091 4026
7929 2 2 0 1 4092 4091 4026
7930 2 2 0 1 4026 4092 4027
7931 2 2 0 1 4093 4092 4027
7932 2 2 0 1 4027 4093 4028
7933 2 2 0 1 4094 4093 4028
7934 2 2 0 1 4028 4094 4029
7935 2 2 0 1 4095 4094 4029
7936 2 2 0 1 4029 4095 4030
7937 2 2 0 1 4096 4097 4032
7938 2 2 0 1 4032 4096 4031
7939 2 2 0 1 4098 4096 4031
7940 2 2 0 1 4031 4098 4033
7941 2 2 0 1 4099 4098 4033
7942 2 2 0 1 4033 4099 4034
7943 2 2 0 1 4100 4099 4034
7944 2 2 0 1 4034 4100 4035
7945 2 2 0 1 4101 4100 4035
7946 2 2 0 1 4035 4101 4036
7947 2 2 0 1 4102 4101 4036
7948 2 2 0 1 4036 4102 4037
7949 2 2 0 1 4103 4102 4037
7950 2 2 0 1 4037 4103 4038
7951 2 2 0 1 4104 4103 4038
7952 2 2 0 1 4038 4104 4039
7953 2 2 0 1 4105 4104 4039
7954 2 2 0 1 4039 4105 4040
7955 2 2 0 1 4106 4105 4040
7956 2 2 0 1 4040 4106 4041
7957 2 2 0 1 4107 4106 4041
7958 2 2 0 1 4041 4107 4042
7959 2 2 0 1 4108 4107 4042
7960 2 2 0 1 4042 4108 4043
7961 2 2 0 1 4109 4108 4043
7962 2 2 0 1 4043 4109 4044
7963 2 2 0 1 4110 4109 4044
7964 2 2 0 1 4044 4110 4045
7965 2 2 0 1 4111 4110 4045
7966 2 2 0 1 4045 4111 4046
7967 2 2 0 1 4112 4111 4046
7968 2 2 0 1 4046 4112 4047
7969 2 2 0 1 4113 4112 4047
7970 2 2 0 1 4047 4113 4048
7971 2 2 0 1 4114 4113 4048
7972 2 2 0 1 4048 4114 4049
7973 2 2 0 1 4115 4114 4049
7974 2 2 0 1 4049 4115 4050
7975 2 2 0 1 4116 4115 4050
7976 2 2 0 1 4050 4116 4051
7977 2 2 0 1 4117 4116 4051
7978 2 2 0 1 4051 4117 4052
7979 2 2 0 1 4118 4117 4052
7980 2 2 0 1 4052 4118 4053
7981 2 2 0 1 4119 4118 4053
7982 2 2 0 1 4053 4119 4054
7983 2 2 0 1 4055 4119 4054
7984 2 2 0 1 4119 4120 4055
7985 2 2 0 1 4056 4120 4055
7986 2 2 0 1 4120 4121 4056
7987 2 2 0 1 4057 4121 4056
7988 2 2 0 1 4121 4122 4057
7989 2 2 0 1 4058 4122 4057
7990 2 2 0 1 4122 4123 4058
7991 2 2 0 1 4059 4123 4058
7992 2 2 0 1 4123 4124 4059
7993 2 2 0 1 4060 4124 4059
7994 2 2 0 1 4124 4125 4060
7995 2 2 0 1 4061 4125 4060
7996 2 2 0 1 4125 4126 4061
7997 2 2 0 1 4062 4126 4061
7998 2 2 0 1 4126 4127 4062
7999 2 2 0 1 4063 4127 4062
8000 2 2 0 1 4127 4128 4063
8001 2 2 0 1 4064 4128 4063
8002 2 2 0 1 4128 4129 4064
8003 2 2 0 1 4065 4129 4064
8004 2 2 0 1 4129 4130 4065
8005 2 2 0 1 4066 4130 4065
8006 2 2 0 1 4130 4131 4066
8007 2 2 0 1 4067 4131 4066
8008 2 2 0 1 4131 4132 4067
8009 2 2 0 1 4068 4132 4067
8010 2 2 0 1 4132 4133 4068
8011 2 2 0 1 4069 4133 4068
8012 2 2 0 1 4133 4134 4069
8013 2 2 0 1 4135 4134 4069
8014 2 2 0 1 4069 4135 4070
8015 2 2 0 1 4136 4135 4070
8016 2 2 0 1 4070 4136 4071
8017 2 2 0 1 4137 4136 4071
8018 2 2 0 1 4071 4137 4072
8019 2 2 0 1 4138 4137 4072
8020 2 2 0 1 4072 4138 4073
8021 2 2 0 1 4074 4138 4073
8022 2 2 0 1 4138 4139 4074
8023 2 2 0 1 4075 4139 4074
8024 2 2 0 1 4139 4140 4075
8025 2 2 0 1 4076 4140 4075
8026 2 2 0 1 4140 4141 4076
8027 2 2 0 1 4077 4141 4076
8028 2 2 0 1 4141 4142 4077
8029 2 2 0 1 4078 4142 4077
8030 2 2 0 1 4142 4143 4078
8031 2 2 0 1 4079 4143 4078
8032 2 2 0 1 4143 4144 4079
8033 2 2 0 1 4080 4144 4079
8034 2 2 0 1 4144 4145 4080
8035 2 2 0 1 4081 4145 4080
8036 2 2 0 1 4145 4146 4081
8037 2 2 0 1 4082 4146 4081
8038 2 2 0 1 4146 4147 4082
8039 2 2 0 1 4083 4147 4082
8040 2 2 0 1 4147 4148 4083
8041 2 2 0 1 4084 4148 4083
8042 2 2 0 1 4148 4149 4084
8043 2 2 0 1 4085 4149 4084
8044 2 2 0 1 4149 4150 4085
8045 2 2 0 1 4151 4150 4085
8046 2 2 0 1 4085 4151 4086
8047 2 2 0 1 4152 4151 4086
8048 2 2 0 1 4086 4152 4087
8049 2 2 0 1 4153 4152 4087
8050 2 2 0 1 4087 4153 4088
8051 2 2 0 1 4154 4153 4088
8052 2 2 0 1 4088 4154 4089
8053 2 2 0 1 4155 4154 4089
8054 2 2 0 1 4089 4155 4090
8055 2 2 0 1 4156 4155 4090
8056 2 2 0 1 4090 4156 4091
8057 2 2 0 1 4157 4156 4091
8058 2 2 0 1 4091 4157 4092
8059 2 2 0 1 4158 4157 4092
8060 2 2 0 1 4092 4158 4093
8061 2 2 0 1 4159 4158 4093
8062 2 2 0 1 4093 4159 4094
8063 2 2 0 1 4160 4159 4094
8064 2 2 0 1 4094 4160 4095
8065 2 2 0 1 4161 4162 4097
8066 2 2 0 1 4097 4161 4096
8067 2 2 0 1 4163 4161 4096
8068 2 2 0 1 4096 4163 4098
8069 2 2 0 1 4164 4163 4098
8070 2 2 0 1 4098 4164 4099
8071 2 2 0 1 4165 4164 4099
8072 2 2 0 1 4099 4165 4100
8073 2 2 0 1 4166 4165 4100
8074 2 2 0 1 4100 4166 4101
8075 2 2 0 1 4167 4166 4101
8076 2 2 0 1 4101 4167 4102
8077 2 2 0 1 4168 4167 4102
8078 2 2 0 1 4102 4168 4103
8079 2 2 0 1 4169 4168 4103
8080 2 2 0 1 4103 4169 4104
8081 2 2 0 1 4170 4169 4104
8082 2 2 0 1 4104 4170 4105
8083 2 2 0 1 4171 4170 4105
8084 2 2 0 1 4105 4171 4106
8085 2 2 0 1 4172 4171 4106
8086 2 2 0 1 4106 4172 4107
8087 2 2 0 1 4173 4172 4107
8088 2 2 0 1 4107 4173 4108
8089 2 2 0 1 4174 4173 4108
8090 2 2 0 1 4108 4174 4109
8091 2 2 0 1 4175 4174 4109
8092 2 2 0 1 4109 4175 4110
8093 2 2 0 1 4176 4175 4110
8094 2 2 0 1 4110 4176 4111
8095 2 2 0 1 4177 4176 4111
8096 2 2 0 1 4111 4177 4112
8097 2 2 0 1 4178 4177 4112
8098 2 2 0 1 4112 4178 4113
8099 2 2 0 1 4179 4178 4113
8100 2 2 0 1 4113 4179 4114
8101 2 2 0 1 4180 4179 4114
8102 2 2 0 1 4114 4180 4115
8103 2 2 0 1 4181 4180 4115
8104 2 2 0 1 4115 4181 4116
8105 2 2 0 1 4182 4181 4116
8106 2 2 0 1 4116 4182 4117
8107 2 2 0 1 4183 4182 4117
8108 2 2 0 1 4117 4183 4118
8109 2 2 0 1 4184 4183 4118
8110 2 2 0 1 4118 4184 4119
8111 2 2 0 1 4120 4184 4119
8112 2 2 0 1 4184 4185 4120
8113 2 2 0 1 4121 4185 4120
8114 2 2 0 1 4185 4186 4121
8115 2 2 0 1 4122 4186 4121
8116 2 2 0 1 4186 4187 4122
8117 2 2 0 1 4123 4187 4122
8118 2 2 0 1 4187 4188 4123
8119 2 2 0 1 4124 4188 4123
8120 2 2 0 1 4188 4189 4124
8121 2 2 0 1 4125 4189 4124
8122 2 2 0 1 4189 4190 4125
8123 2 2 0 1 4126 4190 4125
8124 2 2 0 1 4190 4191 4126
8125 2 2 0 1 4127 4191 4126
8126 2 2 0 1 4191 4192 4127
8127 2 2 0 1 4128 4192 4127
8128 2 2 0 1 4192 4193 4128
8129 2 2 0 1 4129 4193 4128
8130 2 2 0 1 4193 4194 4129
8131 2 2 0 1 4130 4194 4129
8132 2 2 0 1 4194 4195 4130
8133 2 2 0 1 4131 4195 4130
8134 2 2 0 1 4195 4196 4131
8135 2 2 0 1 4132 4196 4131
8136 2 2 0 1 4196 4197 4132
8137 2 2 0 1 4133 4197 4132
8138 2 2 0 1 4197 4198 4133
8139 2 2 0 1 4134 4198 4133
8140 2 2 0 1 4198 4199 4134
8141 2 2 0 1 4200 4199 4134
8142 2 2 0 1 4134 4200 4135
8143 2 2 0 1 4201 4200 4135
8144 2 2 0 1 4135 4201 4136
8145 2 2 0 1 4202 4201 4136
8146 2 2 0 1 4136 4202 4137
8147 2 2 0 1 4203 4202 4137
8148 2 2 0 1 4137 4203 4138
8149 2 2 0 1 4139 4203 4138
8150 2 2 0 1 4203 4204 4139
8151 2 2 0 1 4140 4204 4139
8152 2 2 0 1 4204 4205 4140
8153 2 2 0 1 4141 4205 4140
8154 2 2 0 1 4205 4206 4141
8155 2 2 0 1 4142 4206 4141
8156 2 2 0 1 4206 4207 4142
8157 2 2 0 1 4143 4207 4142
8158 2 2 0 1 4207 4208 4143
8159 2 2 0 1 4144 4208 4143
8160 2 2 0 1 4208 4209 4144
8161 2 2 0 1 4145 4209 4144
8162 2 2 0 1 4209 4210 4145
8163 2 2 0 1 4146 4210 4145
8164 2 2 0 1 4210 4211 4146
8165 2 2 0 1 4147 4211 4146
8166 2 2 0 1 4211 4212 4147
8167 2 2 0 1 4148 4212 4147
8168 2 2 0 1 4212 4213 4148
8169 2 2 0 1 4149 4213 4148
8170 2 2 0 1 4213 4214 4149
8171 2 2 0 1 4150 4214 4149
8172 2 2 0 1 4214 4215 4150
8173 2 2 0 1 4216 4215 4150
8174 2 2 0 1 4150 4216 4151
8175 2 2 0 1 4217 4216 4151
8176 2 2 0 1 4151 4217 4152
8177 2 2 0 1 4218 4217 4152
8178 2 2 0 1 4152 4218 4153
8179 2 2 0 1 4219 4218 4153
8180 2 2 0 1 4153 4219 4154
8181 2 2 0 1 4220 4219 4154
8182 2 2 0 1 4154 4220 4155
8183 2 2 0 1 4221 4220 4155
8184 2 2 0 1 4155 4221 4156
8185 2 2 0 1 4222 4221 4156
8186 2 2 0 1 4156 4222 4157
8187 2 2 0 1 4223 4222 4157
8188 2 2 0 1 4157 4223 4158
8189 2 2 0 1 4224 4223 4158
8190 2 2 0 1 4158 4224 4159
8191 2 2 0 1 4225 4224 4159
8192 2 2 0 1 4159 4225 4160
8193 2 2 0 1 4161 4226 4162
8194 2 2 0 1 4226 4227 4161
8195 2 2 0 1 4163 4227 4161
8196 2 2 0 1 4227 4228 4163
8197 2 2 0 1 4164 4228 4163
8198 2 2 0 1 4228 4229 4164
8199 2 2 0 1 4165 4229 4164
8200 2 2 0 1 4229 4230 4165
8201 2 2 0 1 4166 4230 4165
8202 2 2 0 1 4230 4231 4166
8203 2 2 0 1 4167 4231 4166
8204 2 2 0 1 4231 4232 4167
8205 2 2 0 1 4168 4232 4167
8206 2 2 0 1 4232 4233 4168
8207 2 2 0 1 4169 4233 4168
8208 2 2 0 1 4233 4234 4169
8209 2 2 0 1 4170 4234 4169
8210 2 2 0 1 4234 4235 4170
8211 2 2 0 1 4171 4235 4170
8212 2 2 0 1 4235 4236 4171
8213 2 2 0 1 4172 4236 4171
8214 2 2 0 1 4236 4237 4172
8215 2 2 0 1 4173 4237 4172
8216 2 2 0 1 4237 4238 4173
8217 2 2 0 1 4174 4238 4173
8218 2 2 0 1 4238 4239 4174
8219 2 2 0 1 4175 4239 4174
8220 2 2 0 1 4239 4240 4175
8221 2 2 0 1 4176 4240 4175
8222 2 2 0 1 4240 4241 4176
8223 2 2 0 1 4177 4241 4176
8224 2 2 0 1 4241 4242 4177
8225 2 2 0 1 4178 4242 4177
8226 2 2 0 1 4242 4243 4178
8227 2 2 0 1 4179 4243 4178
8228 2 2 0 1 4243 4244 4179
8229 2 2 0 1 4180 4244 4179
8230 2 2 0 1 4244 4245 4180
8231 2 2 0 1 4181 4245 4180
8232 2 2 0 1 4245 4246 4181
8233 2 2 0 1 4182 4246 4181
8234 2 2 0 1 4246 4247 4182
8235 2 2 0 1 4183 4247 4182
8236 2 2 0 1 4247 4248 4183
8237 2 2 0 1 4184 4248 4183
8238 2 2 0 1 4248 4249 4184
8239 2 2 0 1 4250 4249 4184
8240 2 2 0 1 4184 4250 4185
8241 2 2 0 1 4251 4250 4185
8242 2 2 0 1 4185 4251 4186
8243 2 2 0 1 4252 4251 4186
8244 2 2 0 1 4186 4252 4187
8245 2 2 0 1 4253 4252 4187
8246 2 2 0 1 4187 4253 4188
8247 2 2 0 1 4254 4253 4188
8248 2 2 0 1 4188 4254 4189
8249 2 2 0 1 4255 4254 4189
8250 2 2 0 1 4189 4255 4190
8251 2 2 0 1 4256 4255 4190
8252 2 2 0 1 4190 4256 4191
8253 2 2 0 1 4257 4256 4191
8254 2 2 0 1 4191 4257 4192
8255 2 2 0 1 4258 4257 4192
8256 2 2 0 1 4192 4258 4193
8257 2 2 0 1 4259 4258 4193
8258 2 2 0 1 4193 4259 4194
8259 2 2 0 1 4260 4259 4194
8260 2 2 0 1 4194 4260 4195
8261 2 2 0 1 4261 4260 4195
8262 2 2 0 1 4195 4261 4196
8263 2 2 0 1 4262 4261 4196
8264 2 2 0 1 4196 4262 4197
8265 2 2 0 1 4263 4262 4197
8266 2 2 0 1 4197 4263 4198
8267 2 2 0 1 4264 4263 4198
8268 2 2 0 1 4198 4264 4199
8269 2 2 0 1 4200 4264 4199
8270 2 2 0 1 4264 4265 4200
8271 2 2 0 1 4201 4265 4200
8272 2 2 0 1 4265 4266 4201
8273 2 2 0 1 4202 4266 4201
8274 2 2 0 1 4266 4267 4202
8275 2 2 0 1 4203 4267 4202
8276 2 2 0 1 4267 4268 4203
8277 2 2 0 1 4269 4268 4203
8278 2 2 0 1 4203 4269 4204
8279 2 2 0 1 4270 4269 4204
8280 2 2 0 1 4204 4270 4205
8281 2 2 0 1 4271 4270 4205
8282 2 2 0 1 4205 4271 4206
8283 2 2 0 1 4272 4271 4206
8284 2 2 0 1 4206 4272 4207
8285 2 2 0 1 4273 4272 4207
8286 2 2 0 1 4207 4273 4208
8287 2 2 0 1 4274 4273 4208
8288 2 2 0 1 4208 4274 4209
8289 2 2 0 1 4275 4274 4209
8290 2 2 0 1 4209 4275 4210
8291 2 2 0 1 4276 4275 4210
8292 2 2 0 1 4210 4276 4211
8293 2 2 0 1 4277 4276 4211
8294 2 2 0 1 4211 4277 4212
8295 2 2 0 1 4278 4277 4212
8296 2 2 0 1 4212 4278 4213
8297 2 2 0 1 4279 4278 4213
8298 2 2 0 1 4213 4279 4214
8299 2 2 0 1 4280 4279 4214
8300 2 2 0 1 4214 4280 4215
8301 2 2 0 1 4216 4280 4215
8302 2 2 0 1 4280 4281 4216
8303 2 2 0 1 4217 4281 4216
8304 2 2 0 1 4281 4282 4217
8305 2 2 0 1 4218 4282 4217
8306 2 2 0 1 4282 4283 4218
8307 2 2 0 1 4219 4283 4218
8308 2 2 0 1 4283 4284 4219
8309 2 2 0 1 4220 4284 4219
8310 2 2 0 1 4284 4285 4220
8311 2 2 0 1 4221 4285 4220
8312 2 2 0 1 4285 4286 4221
8313 2 2 0 1 4222 4286 4221
8314 2 2 0 1 4286 4287 4222
8315 2 2 0 1 4223 4287 4222
8316 2 2 0 1 4287 4288 4223
8317 2 2 0 1 4224 4288 4223
8318 2 2 0 1 4288 4289 4224
8319 2 2 0 1 4225 4289 4224
8320 2 2 0 1 4289 4290 4225
8321 2 2 0 1 4227 4291 4226
8322 2 2 0 1 4291 4292 4227
8323 2 2 0 1 4228 4292 4227
8324 2 2 0 1 4292 4293 4228
8325 2 2 0 1 4229 4293 4228
8326 2 2 0 1 4293 4294 4229
8327 2 2 0 1 4230 4294 4229
8328 2 2 0 1 4294 4295 4230
8329 2 2 0 1 4231 4295 4230
8330 2 2 0 1 4295 4296 4231
8331 2 2 0 1 4232 4296 4231
8332 2 2 0 1 4296 4297 4232
8333 2 2 0 1 4233 4297 4232
8334 2 2 0 1 4297 4298 4233
8335 2 2 0 1 4234 4298 4233
8336 2 2 0 1 4298 4299 4234
8337 2 2 0 1 4235 4299 4234
8338 2 2 0 1 4299 4300 4235
8339 2 2 0 1 4236 4300 4235
8340 2 2 0 1 4300 4301 4236
8341 2 2 0 1 4237 4301 4236
8342 2 2 0 1 4301 4302 4237
8343 2 2 0 1 4238 4302 4237
8344 2 2 0 1 4302 4303 4238
8345 2 2 0 1 4239 4303 4238
8346 2 2 0 1 4303 4304 4239
8347 2 2 0 1 4240 4304 4239
8348 2 2 0 1 4304 4305 4240
8349 2 2 0 1 4241 4305 4240
8350 2 2 0 1 4305 4306 4241
8351 2 2 0 1 4242 4306 4241
8352 2 2 0 1 4306 4307 4242
8353 2 2 0 1 4243 4307 4242
8354 2 2 0 1 4307 4308 4243
8355 2 2 0 1 4244 4308 4243
8356 2 2 0 1 4308 4309 4244
8357 2 2 0 1 4245 4309 4244
8358 2 2 0 1 4309 4310 4245
8359 2 2 0 1 4246 4310 4245
8360 2 2 0 1 4310 4311 4246
8361 2 2 0 1 4247 4311 4246
8362 2 2 0 1 4311 4312 4247
8363 2 2 0 1 4248 4312 4247
8364 2 2 0 1 4312 4313 4248
8365 2 2 0 1 4249 4313 4248
8366 2 2 0 1 4313 4314 4249
8367 2 2 0 1 4315 4314 4249
8368 2 2 0 1 4249 4315 4250
8369 2 2 0 1 4316 4315 4250
8370 2 2 0 1 4250 4316 4251
8371 2 2 0 1 4317 4316 4251
8372 2 2 0 1 4251 4317 4252
8373 2 2 0 1 4318 4317 4252
8374 2 2 0 1 4252 4318 4253
8375 2 2 0 1 4319 4318 4253
8376 2 2 0 1 4253 4319 4254
8377 2 2 0 1 4320 4319 4254
8378 2 2 0 1 4254 4320 4255
8379 2 2 0 1 4321 4320 4255
8380 2 2 0 1 4255 4321 4256
8381 2 2 0 1 4322 4321 4256
8382 2 2 0 1 4256 4322 4257
8383 2 2 0 1 4323 4322 4257
8384 2 2 0 1 4257 4323 4258
8385 2 2 0 1 4324 4323 4258
8386 2 2 0 1 4258 4324 4259
8387 2 2 0 1 4325 4324 4259
8388 2 2 0 1 4259 4325 4260
8389 2 2 0 1 4326 4325 4260
8390 2 2 0 1 4260 4326 4261
8391 2 2 0 1 4327 4326 4261
8392 2 2 0 1 4261 4327 4262
8393 2 2 0 1 4328 4327 4262
8394 2 2 0 1 4262 4328 4263
8395 2 2 0 1 4329 4328 4263
8396 2 2 0 1 4263 4329 4264
8397 2 2 0 1 4265 4329 4264
8398 2 2 0 1 4329 4330 4265
8399 2 2 0 1 4266 4330 4265
8400 2 2 0 1 4330 4331 4266
8401 2 2 0 1 4267 4331 4266
8402 2 2 0 1 4331 4332 4267
8403 2 2 0 1 4268 4332 4267
8404 2 2 0 1 4332 4333 4268
8405 2 2 0 1 4334 4333 4268
8406 2 2 0 1 4268 4334 4269
8407 2 2 0 1 4335 4334 4269
8408 2 2 0 1 4269 4335 4270
8409 2 2 0 1 4336 4335 4270
8410 2 2 0 1 4270 4336 4271
8411 2 2 0 1 4337 4336 4271
8412 2 2 0 1 4271 4337 4272
8413 2 2 0 1 4338 4337 4272
8414 2 2 0 1 4272 4338 4273
8415 2 2 0 1 4339 4338 4273
8416 2 2 0 1 4273 4339 4274
8417 2 2 0 1 4340 4339 4274
8418 2 2 0 1 4274 4340 4275
8419 2 2 0 1 4341 4340 4275
8420 2 2 0 1 4275 4341 4276
8421 2 2 0 1 4342 4341 4276
8422 2 2 0 1 4276 4342 4277
8423 2 2 0 1 4343 4342 4277
8424 2 2 0 1 4277 4343 4278
8425 2 2 0 1 4344 4343 4278
8426 2 2 0 1 4278 4344 4279
8427 2 2 0 1 4345 4344 4279
8428 2 2 0 1 4279 4345 4280
8429 2 2 0 1 4281 4345 4280
8430 2 2 0 1 4345 4346 4281
8431 2 2 0 1 4282 4346 4281
8432 2 2 0 1 4346 4347 4282
8433 2 2 0 1 4283 4347 4282
8434 2 2 0 1 4347 4348 4283
8435 2 2 0 1 4284 4348 4283
8436 2 2 0 1 4348 4349 4284
8437 2 2 0 1 4285 4349 4284
8438 2 2 0 1 4349 4350 4285
8439 2 2 0 1 4286 4350 4285
8440 2 2 0 1 4350 4351 4286
8441 2 2 0 1 4287 4351 4286
8442 2 2 0 1 4351 4352 4287
8443 2 2 0 1 4288 4352 4287
8444 2 2 0 1 4352 4353 4288
8445 2 2 0 1 4289 4353 4288
8446 2 2 0 1 4353 4354 4289
8447 2 2 0 1 4290 4354 4289
8448 2 2 0 1 4354 4355 4290
8449 2 2 0 1 4292 4356 4291
8450 2 2 0 1 4356 4357 4292
8451 2 2 0 1 4293 4357 4292
8452 2 2 0 1 4357 4358 4293
8453 2 2 0 1 4294 4358 4293
8454 2 2 0 1 4358 4359 4294
8455 2 2 0 1 4295 4359 4294
8456 2 2 0 1 4359 4360 4295
8457 2 2 0 1 4296 4360 4295
8458 2 2 0 1 4360 4361 4296
8459 2 2 0 1 4297 4361 4296
8460 2 2 0 1 4361 4362 4297
8461 2 2 0 1 4298 4362 4297
8462 2 2 0 1 4362 4363 4298
8463 2 2 0 1 4299 4363 4298
8464 2 2 0 1 4363 4364 4299
8465 2 2 0 1 4300 4364 4299
8466 2 2 0 1 4364 4365 4300
8467 2 2 0 1 4301 4365 4300
8468 2 2 0 1 4365 4366 4301
8469 2 2 0 1 4302 4366 4301
8470 2 2 0 1 4366 4367 4302
8471 2 2 0 1 4303 4367 4302
8472 2 2 0 1 4367 4368 4303
8473 2 2 0 1 4304 4368 4303
8474 2 2 0 1 4368 4369 4304
8475 2 2 0 1 4305 4369 4304
8476 2 2 0 1 4369 4370 4305
8477 2 2 0 1 4306 4370 4305
8478 2 2 0 1 4370 4371 4306
8479 2 2 0 1 4307 4371 4306
8480 2 2 0 1 4371 4372 4307
8481 2 2 0 1 4308 4372 4307
8482 2 2 0 1 4372 4373 4308
8483 2 2 0 1 4309 4373 4308
8484 2 2 0 1 4373 4374 4309
8485 2 2 0 1 4310 4374 4309
8486 2 2 0 1 4374 4375 4310
8487 2 2 0 1 4311 4375 4310
8488 2 2 0 1 4375 4376 4311
8489 2 2 0 1 4312 4376 4311
8490 2 2 0 1 4376 4377 4312
8491 2 2 0 1 4313 4377 4312
8492 2 2 0 1 4377 4378 4313
8493 2 2 0 1 4314 4378 4313
8494 2 2 0 1 4378 4379 4314
8495 2 2 0 1 4380 4379 4314
8496 2 2 0 1 4314 4380 4315
8497 2 2 0 1 4381 4380 4315
8498 2 2 0 1 4315 4381 4316
8499 2 2 0 1 4382 4381 4316
8500 2 2 0 1 4316 4382 4317
8501 2 2 0 1 4383 4382 4317
8502 2 2 0 1 4317 4383 4318
8503 2 2 0 1 4384 4383 4318
8504 2 2 0 1 4318 4384 4319
8505 2 2 0 1 4385 4384 4319
8506 2 2 0 1 4319 4385 4320
8507 2 2 0 1 4386 4385 4320
8508 2 2 0 1 4320 4386 4321
8509 2 2 0 1 4387 4386 4321
8510 2 2 0 1 4321 4387 4322
8511 2 2 0 1 4388 4387 4322
8512 2 2 0 1 4322 4388 4323
8513 2 2 0 1 4389 4388 4323
8514 2 2 0 1 4323 4389 4324
8515 2 2 0 1 4390 4389 4324
8516 2 2 0 1 4324 4390 4325
8517 2 2 0 1 4391 4390 4325
8518 2 2 0 1 4325 4391 4326
8519 2 2 0 1 4392 4391 4326
8520 2 2 0 1 4326 4392 4327
8521 2 2 0 1 4393 4392 4327
8522 2 2 0 1 4327 4393 4328
8523 2 2 0 1 4394 4393 4328
8524 2 2 0 1 4328 4394 4329
8525 2 2 0 1 4330 4394 4329
8526 2 2 0 1 4394 4395 4330
8527 2 2 0 1 4331 4395 4330
8528 2 2 0 1 4395 4396 4331
8529 2 2 0 1 4332 4396 4331
8530 2 2 0 1 4396 4397 4332
8531 2 2 0 1 4333 4397 4332
8532 2 2 0 1 4397 4398 4333
8533 2 2 0 1 4399 4398 4333
8534 2 2 0 1 4333 4399 4334
8535 2 2 0 1 4400 4399 4334
8536 2 2 0 1 4334 4400 4335
8537 2 2 0 1 4401 4400 4335
8538 2 2 0 1 4335 4401 4336
8539 2 2 0 1 4402 4401 4336
8540 2 2 0 1 4336 4402 4337
8541 2 2 0 1 4403 4402 4337
8542 2 2 0 1 4337 4403 4338
8543 2 2 0 1 4404 4403 4338
8544 2 2 0 1 4338 4404 4339
8545 2 2 0 1 4405 4404 4339
8546 2 2 0 1 4339 4405 4340
8547 2 2 0 1 4406 4405 4340
8548 2 2 0 1 4340 4406 4341
8549 2 2 0 1 4407 4406 4341
8550 2 2 0 1 4341 4407 4342
8551 2 2 0 1 4408 4407 4342
8552 2 2 0 1 4342 4408 4343
8553 2 2 0 1 4409 4408 4343
8554 2 2 0 1 4343 4409 4344
8555 2 2 0 1 4410 4409 4344
8556 2 2 0 1 4344 4410 4345
8557 2 2 0 1 4346 4410 4345
8558 2 2 0 1 4410 4411 4346
8559 2 2 0 1 4347 4411 4346
8560 2 2 0 1 4411 4412 4347
8561 2 2 0 1 4348 4412 4347
8562 2 2 0 1 4412 4413 4348
8563 2 2 0 1 4349 4413 4348
8564 2 2 0 1 4413 4414 4349
8565 2 2 0 1 4350 4414 4349
8566 2 2 0 1 4414 4415 4350
8567 2 2 0 1 4351 4415 4350
8568 2 2 0 1 4415 4416 4351
8569 2 2 0 1 4352 4416 4351
8570 2 2 0 1 4416 4417 4352
8571 2 2 0 1 4353 4417 4352
8572 2 2 0 1 4417 4418 4353
8573 2 2 0 1 4354 4418 4353
8574 2 2 0 1 4418 4419 4354
8575 2 2 0 1 4355 4419 4354
8576 2 2 0 1 4419 4420 4355
8577 2 2 0 1 4357 4421 4356
8578 2 2 0 1 4421 4422 4357
8579 2 2 0 1 4358 4422 4357
8580 2 2 0 1 4422 4423 4358
8581 2 2 0 1 4359 4423 4358
8582 2 2 0 1 4423 4424 4359
8583 2 2 0 1 4360 4424 4359
8584 2 2 0 1 4424 4425 4360
8585 2 2 0 1 4361 4425 4360
8586 2 2 0 1 4425 4426 4361
8587 2 2 0 1 4362 4426 4361
8588 2 2 0 1 4426 4427 4362
8589 2 2 0 1 4363 4427 4362
8590 2 2 0 1 4427 4428 4363
8591 2 2 0 1 4364 4428 4363
8592 2 2 0 1 4428 4429 4364
8593 2 2 0 1 4365 4429 4364
8594 2 2 0 1 4429 4430 4365
8595 2 2 0 1 4366 4430 4365
8596 2 2 0 1 4430 4431 4366
8597 2 2 0 1 4367 4431 4366
8598 2 2 0 1 4431 4432 4367
8599 2 2 0 1 4368 4432 4367
8600 2 2 0 1 4432 4433 4368
8601 2 2 0 1 4369 4433 4368
8602 2 2 0 1 4433 4434 4369
8603 2 2 0 1 4370 4434 4369
8604 2 2 0 1 4434 4435 4370
8605 2 2 0 1 4371 4435 4370
8606 2 2 0 1 4435 4436 4371
8607 2 2 0 1 4372 4436 4371
8608 2 2 0 1 4436 4437 4372
8609 2 2 0 1 4373 4437 4372
8610 2 2 0 1 4437 4438 4373
8611 2 2 0 1 4374 4438 4373
8612 2 2 0 1 4438 4439 4374
8613 2 2 0 1 4375 4439 4374
8614 2 2 0 1 4439 4440 4375
8615 2 2 0 1 4376 4440 4375
8616 2 2 0 1 4440 4441 4376
8617 2 2 0 1 4377 4441 4376
8618 2 2 0 1 4441 4442 4377
8619 2 2 0 1 4378 4442 4377
8620 2 2 0 1 4442 4443 4378
8621 2 2 0 1 4379 4443 4378
8622 2 2 0 1 4443 4444 4379
8623 2 2 0 1 4445 4444 4379
8624 2 2 0 1 4379 4445 4380
8625 2 2 0 1 4446 4445 4380
8626 2 2 0 1 4380 4446 4381
8627 2 2 0 1 4447 4446 4381
8628 2 2 0 1 4381 4447 4382
8629 2 2 0 1 4448 4447 4382
8630 2 2 0 1 4382 4448 4383
8631 2 2 0 1 4449 4448 4383
8632 2 2 0 1 4383 4449 4384
8633 2 2 0 1 4450 4449 4384
8634 2 2 0 1 4384 4450 4385
8635 2 2 0 1 4451 4450 4385
8636 2 2 0 1 4385 4451 4386
8637 2 2 0 1 4452 4451 4386
8638 2 2 0 1 4386 4452 4387
8639 2 2 0 1 4453 4452 4387
8640 2 2 0 1 4387 4453 4388
8641 2 2 0 1 4454 4453 4388
8642 2 2 0 1 4388 4454 4389
8643 2 2 0 1 4455 4454 4389
8644 2 2 0 1 4389 4455 4390
8645 2 2 0 1 4456 4455 4390
8646 2 2 0 1 4390 4456 4391
8647 2 2 0 1 4457 4456 4391
8648 2 2 0 1 4391 4457 4392
8649 2 2 0 1 4458 4457 4392
8650 2 2 0 1 4392 4458 4393
8651 2 2 0 1 4459 4458 4393
8652 2 2 0 1 4393 4459 4394
8653 2 2 0 1 4395 4459 4394
8654 2 2 0 1 4459 4460 4395
8655 2 2 0 1 4396 4460 4395
8656 2 2 0 1 4460 4461 4396
8657 2 2 0 1 4397 4461 4396
8658 2 2 0 1 4461 4462 4397
8659 2 2 0 1 4398 4462 4397
8660 2 2 0 1 4462 4463 4398
8661 2 2 0 1 4464 4463 4398
8662 2 2 0 1 4398 4464 4399
8663 2 2 0 1 4465 4464 4399
8664 2 2 0 1 4399 4465 4400
8665 2 2 0 1 4466 4465 4400
8666 2 2 0 1 4400 4466 4401
8667 2 2 0 1 4467 4466 4401
8668 2 2 0 1 4401 4467 4402
8669 2 2 0 1 4468 4467 4402
8670 2 2 0 1 4402 4468 4403
8671 2 2 0 1 4469 4468 4403
8672 2 2 0 1 4403 4469 4404
8673 2 2 0 1 4470 4469 4404
8674 2 2 0 1 4404 4470 4405
8675 2 2 0 1 4471 4470 4405
8676 2 2 0 1 4405 4471 4406
8677 2 2 0 1 4472 4471 4406
8678 2 2 0 1 4406 4472 4407
8679 2 2 0 1 4473 4472 4407
8680 2 2 0 1 4407 4473 4408
8681 2 2 0 1 4474 4473 4408
8682 2 2 0 1 4408 4474 4409
8683 2 2 0 1 4475 4474 4409
8684 2 2 0 1 4409 4475 4410
8685 2 2 0 1 4411 4475 4410
8686 2 2 0 1 4475 4476 4411
8687 2 2 0 1 4412 4476 4411
8688 2 2 0 1 4476 4477 4412
8689 2 2 0 1 4413 4477 4412
8690 2 2 0 1 4477 4478 4413
8691 2 2 0 1 4414 4478 4413
8692 2 2 0 1 4478 4479 4414
8693 2 2 0 1 4415 4479 4414
8694 2 2 0 1 4479 4480 4415
8695 2 2 0 1 4416 4480 4415
8696 2 2 0 1 4480 4481 4416
8697 2 2 0 1 4417 4481 4416
8698 2 2 0 1 4481 4482 4417
8699 2 2 0 1 4418 4482 4417
8700 2 2 0 1 4482 4483 4418
8701 2 2 0 1 4419 4483 4418
8702 2 2 0 1 4483 4484 4419
8703 2 2 0 1 4420 4484 4419
8704 2 2 0 1 4484 4485 4420
8705 2 2 0 1 4422 4486 4421
8706 2 2 0 1 4486 4487 4422
8707 2 2 0 1 4423 4487 4422
8708 2 2 0 1 4487 4488 4423
8709 2 2 0 1 4424 4488 4423
8710 2 2 0 1 4488 4489 4424
8711 2 2 0 1 4425 4489 4424
8712 2 2 0 1 4489 4490 4425
8713 2 2 0 1 4426 4490 4425
8714 2 2 0 1 4490 4491 4426
8715 2 2 0 1 4427 4491 4426
8716 2 2 0 1 4491 4492 4427
8717 2 2 0 1 4428 4492 4427
8718 2 2 0 1 4492 4493 4428
8719 2 2 0 1 4429 4493 4428
8720 2 2 0 1 4493 4494 4429
8721 2 2 0 1 4430 4494 4429
8722 2 2 0 1 4494 4495 4430
8723 2 2 0 1 4431 4495 4430
8724 2 2 0 1 4495 4496 4431
8725 2 2 0 1 4432 4496 4431
8726 2 2 0 1 4496 4497 4432
8727 2 2 0 1 4433 4497 4432
8728 2 2 0 1 4497 4498 4433
8729 2 2 0 1 4434 4498 4433
8730 2 2 0 1 4498 4499 4434
8731 2 2 0 1 4435 4499 4434
8732 2 2 0 1 4499 4500 4435
8733 2 2 0 1 4436 4500 4435
8734 2 2 0 1 4500 4501 4436
8735 2 2 0 1 4437 4501 4436
8736 2 2 0 1 4501 4502 4437
8737 2 2 0 1 4438 4502 4437
8738 2 2 0 1 4502 4503 4438
8739 2 2 0 1 4439 4503 4438
8740 2 2 0 1 4503 4504 4439
8741 2 2 0 1 4440 4504 4439
8742 2 2 0 1 4504 4505 4440
8743 2 2 0 1 4441 4505 4440
8744 2 2 0 1 4505 4506 4441
8745 2 2 0 1 4442 4506 4441
8746 2 2 0 1 4506 4507 4442
8747 2 2 0 1 4443 4507 4442
8748 2 2 0 1 4507 4508 4443
8749 2 2 0 1 4444 4508 4443
8750 2 2 0 1 4508 4509 4444
8751 2 2 0 1 4510 4509 4444
8752 2 2 0 1 4444 4510 4445
8753 2 2 0 1 4511 4510 4445
8754 2 2 0 1 4445 4511 4446
8755 2 2 0 1 4512 4511 4446
8756 2 2 0 1 4446 4512 4447
8757 2 2 0 1 4513 4512 4447
8758 2 2 0 1 4447 4513 4448
8759 2 2 0 1 4514 4513 4448
8760 2 2 0 1 4448 4514 4449
8761 2 2 0 1 4515 4514 4449
8762 2 2 0 1 4449 4515 4450
8763 2 2 0 1 4516 4515 4450
8764 2 2 0 1 4450 4516 4451
8765 2 2 0 1 4517 4516 4451
8766 2 2 0 1 4451 4517 4452
8767 2 2 0 1 4518 4517 4452
8768 2 2 0 1 4452 4518 4453
8769 2 2 0 1 4519 4518 4453
8770 2 2 0 1 4453 4519 4454
8771 2 2 0 1 4520 4519 4454
8772 2 2 0 1 4454 4520 4455
8773 2 2 0 1 4521 4520 4455
8774 2 2 0 1 4455 4521 4456
8775 2 2 0 1 4522 4521 4456
8776 2 2 0 1 4456 4522 4457
8777 2 2 0 1 4523 4522 4457
8778 2 2 0 1 4457 4523 4458
8779 2 2 0 1 4524 4523 4458
8780 2 2 0 1 4458 4524 4459
8781 2 2 0 1 4460 4524 4459
8782 2 2 0 1 4524 4525 4460
8783 2 2 0 1 4461 4525 4460
8784 2 2 0 1 4525 4526 4461
8785 2 2 0 1 4462 4526 4461
8786 2 2 0 1 4526 4527 4462
8787 2 2 0 1 4463 4527 4462
8788 2 2 0 1 4527 4528 4463
8789 2 2 0 1 4529 4528 4463
8790 2 2 0 1 4463 4529 4464
8791 2 2 0 1 4530 4529 4464
8792 2 2 0 1 4464 4530 4465
8793 2 2 0 1 4531 4530 4465
8794 2 2 0 1 4465 4531 4466
8795 2 2 0 1 4532 4531 4466
8796 2 2 0 1 4466 4532 4467
8797 2 2 0 1 4533 4532 4467
8798 2 2 0 1 4467 4533 4468
8799 2 2 0 1 4534 4533 4468
8800 2 2 0 1 4468 4534 4469
8801 2 2 0 1 4535 4534 4469
8802 2 2 0 1 4469 4535 4470
8803 2 2 0 1 4536 4535 4470
8804 2 2 0 1 4470 4536 4471
8805 2 2 0 1 4537 4536 4471
8806 2 2 0 1 4471 4537 4472
8807 2 2 0 1 4538 4537 4472
8808 2 2 0 1 4472 4538 4473
8809 2 2 0 1 4539 4538 4473
8810 2 2 0 1 4473 4539 4474
8811 2 2 0 1 4540 4539 4474
8812 2 2 0 1 4474 4540 4475
8813 2 2 0 1 4476 4540 4475
8814 2 2 0 1 4540 4541 4476
8815 2 2 0 1 4477 4541 4476
8816 2 2 0 1 4541 4542 4477
8817 2 2 0 1 4478 4542 4477
8818 2 2 0 1 4542 4543 4478
8819 2 2 0 1 4479 4543 4478
8820 2 2 0 1 4543 4544 4479
8821 2 2 0 1 4480 4544 4479
8822 2 2 0 1 4544 4545 4480
8823 2 2 0 1 4481 4545 4480
8824 2 2 0 1 4545 4546 4481
8825 2 2 0 1 4482 4546 4481
8826 2 2 0 1 4546 4547 4482
8827 2 2 0 1 4483 4547 4482
8828 2 2 0 1 4547 4548 4483
8829 2 2 0 1 4484 4548 4483
8830 2 2 0 1 4548 4549 4484
8831 2 2 0 1 4485 4549 4484
8832 2 2 0 1 4549 4550 4485
8833 2 2 0 1 4487 4551 4486
8834 2 2 0 1 4551 4552 4487
8835 2 2 0 1 4488 4552 4487
8836 2 2 0 1 4552 4553 4488
8837 2 2 0 1 4489 4553 4488
8838 2 2 0 1 4553 4554 4489
8839 2 2 0 1 4490 4554 4489
8840 2 2 0 1 4554 4555 4490
8841 2 2 0 1 4491 4555 4490
8842 2 2 0 1 4555 4556 4491
8843 2 2 0 1 4492 4556 4491
8844 2 2 0 1 4556 4557 4492
8845 2 2 0 1 4493 4557 4492
8846 2 2 0 1 4557 4558 4493
8847 2 2 0 1 4494 4558 4493
8848 2 2 0 1 4558 4559 4494
8849 2 2 0 1 4495 4559 4494
8850 2 2 0 1 4559 4560 4495
8851 2 2 0 1 4496 4560 4495
8852 2 2 0 1 4560 4561 4496
8853 2 2 0 1 4497 4561 4496
8854 2 2 0 1 4561 4562 4497
8855 2 2 0 1 4498 4562 4497
8856 2 2 0 1 4562 4563 4498
8857 2 2 0 1 4499 4563 4498
8858 2 2 0 1 4563 4564 4499
8859 2 2 0 1 4500 4564 4499
8860 2 2 0 1 4564 4565 4500
8861 2 2 0 1 4501 4565 4500
8862 2 2 0 1 4565 4566 4501
8863 2 2 0 1 4502 4566 4501
8864 2 2 0 1 4566 4567 4502
8865 2 2 0 1 4503 4567 4502
8866 2 2 0 1 4567 4568 4503
8867 2 2 0 1 4504 4568 4503
8868 2 2 0 1 4568 4569 4504
8869 2 2 0 1 4505 4569 4504
8870 2 2 0 1 4569 4570 4505
8871 2 2 0 1 4506 4570 4505
8872 2 2 0 1 4570 4571 4506
8873 2 2 0 1 4507 4571 4506
8874 2 2 0 1 4571 4572 4507
8875 2 2 0 1 4508 4572 4507
8876 2 2 0 1 4572 4573 4508
8877 2 2 0 1 4509 4573 4508
8878 2 2 0 1 4573 4574 4509
8879 2 2 0 1 4575 4574 4509
8880 2 2 0 1 4509 4575 4510
8881 2 2 0 1 4576 4575 4510
8882 2 2 0 1 4510 4576 4511
8883 2 2 0 1 4577 4576 4511
8884 2 2 0 1 4511 4577 4512
8885 2 2 0 1 4578 4577 4512
8886 2 2 0 1 4512 4578 4513
8887 2 2 0 1 4579 4578 4513
8888 2 2 0 1 4513 4579 4514
8889 2 2 0 1 4580 4579 4514
8890 2 2 0 1 4514 4580 4515
8891 2 2 0 1 4581 4580 4515
8892 2 2 0 1 4515 4581 4516
8893 2 2 0 1 4582 4581 4516
8894 2 2 0 1 4516 4582 4517
8895 2 2 0 1 4583 4582 4517
8896 2 2 0 1 4517 4583 4518
8897 2 2 0 1 4584 4583 4518
8898 2 2 0 1 4518 4584 4519
8899 2 2 0 1 4585 4584 4519
8900 2 2 0 1 4519 4585 4520
8901 2 2 0 1 4586 4585 4520
8902 2 2 0 1 4520 4586 4521
8903 2 2 0 1 4587 4586 4521
8904 2 2 0 1 4521 4587 4522
8905 2 2 0 1 4588 4587 4522
8906 2 2 0 1 4522 4588 4523
8907 2 2 0 1 4589 4588 4523
8908 2 2 0 1 4523 4589 4524
8909 2 2 0 1 4525 4589 4524
8910 2 2 0 1 4589 4590 4525
8911 2 2 0 1 4526 4590 4525
8912 2 2 0 1 4590 4591 4526
8913 2 2 0 1 4527 4591 4526
8914 2 2 0 1 4591 4592 4527
8915 2 2 0 1 4528 4592 4527
8916 2 2 0 1 4592 4593 4528
8917 2 2 0 1 4594 4593 4528
8918 2 2 0 1 4528 4594 4529
8919 2 2 0 1 4595 4594 4529
8920 2 2 0 1 4529 4595 4530
8921 2 2 0 1 4596 4595 4530
8922 2 2 0 1 4530 4596 4531
8923 2 2 0 1 4597 4596 4531
8924 2 2 0 1 4531 4597 4532
8925 2 2 0 1 4598 4597 4532
8926 2 2 0 1 4532 4598 4533
8927 2 2 0 1 4599 4598 4533
8928 2 2 0 1 4533 4599 4534
8929 2 2 0 1 4600 4599 4534
8930 2 2 0 1 4534 4600 4535
8931 2 2 0 1 4601 4600 4535
8932 2 2 0 1 4535 4601 4536
8933 2 2 0 1 4602 4601 4536
8934 2 2 0 1 4536 4602 4537
8935 2 2 0 1 4603 4602 4537
8936 2 2 0 1 4537 4603 4538
8937 2 2 0 1 4604 4603 4538
8938 2 2 0 1 4538 4604 4539
8939 2 2 0 1 4605 4604 4539
8940 2 2 0 1 4539 4605 4540
8941 2 2 0 1 4541 4605 4540
8942 2 2 0 1 4605 4606 4541
8943 2 2 0 1 4542 4606 4541
8944 2 2 0 1 4606 4607 4542
8945 2 2 0 1 4543 4607 4542
8946 2 2 0 1 4607 4608 4543
8947 2 2 0 1 4544 4608 4543
8948 2 2 0 1 4608 4609 4544
8949 2 2 0 1 4545 4609 4544
8950 2 2 0 1 4609 4610 4545
8951 2 2 0 1 4546 4610 4545
8952 2 2 0 1 4610 4611 4546
8953 2 2 0 1 4547 4611 4546
8954 2 2 0 1 4611 4612 4547
8955 2 2 0 1 4548 4612 4547
8956 2 2 0 1 4612 4613 4548
8957 2 2 0 1 4549 4613 4548
8958 2 2 0 1 4613 4614 4549
8959 2 2 0 1 4550 4614 4549
8960 2 2 0 1 4614 4615 4550
8961 2 2 0 1 4552 4616 4551
8962 2 2 0 1 4616 4617 4552
8963 2 2 0 1 4553 4617 4552
8964 2 2 0 1 4617 4618 4553
8965 2 2 0 1 4554 4618 4553
8966 2 2 0 1 4618 4619 4554
8967 2 2 0 1 4555 4619 4554
8968 2 2 0 1 4619 4620 4555
8969 2 2 0 1 4556 4620 4555
8970 2 2 0 1 4620 4621 4556
8971 2 2 0 1 4557 4621 4556
8972 2 2 0 1 4621 4622 4557
8973 2 2 0 1 4558 4622 4557
8974 2 2 0 1 4622 4623 4558
8975 2 2 0 1 4559 4623 4558
8976 2 2 0 1 4623 4624 4559
8977 2 2 0 1 4560 4624 4559
8978 2 2 0 1 4624 4625 4560
8979 2 2 0 1 4561 4625 4560
8980 2 2 0 1 4625 4626 4561
8981 2 2 0 1 4562 4626 4561
8982 2 2 0 1 4626 4627 4562
8983 2 2 0 1 4563 4627 4562
8984 2 2 0 1 4627 4628 4563
8985 2 2 0 1 4564 4628 4563
8986 2 2 0 1 4628 4629 4564
8987 2 2 0 1 4565 4629 4564
8988 2 2 0 1 4629 4630 4565
8989 2 2 0 1 4566 4630 4565
8990 2 2 0 1 4630 4631 4566
8991 2 2 0 1 4567 4631 4566
8992 2 2 0 1 4631 4632 4567
8993 2 2 0 1 4568 4632 4567
8994 2 2 0 1 4632 4633 4568
8995 2 2 0 1 4569 4633 4568
8996 2 2 0 1 4633 4634 4569
8997 2 2 0 1 4570 4634 4569
8998 2 2 0 1 4634 4635 4570
8999 2 2 0 1 4571 4635 4570
9000 2 2 0 1 4635 4636 4571
9001 2 2 0 1 4572 4636 4571
9002 2 2 0 1 4636 4637 4572
9003 2 2 0 1 4573 4637 4572
9004 2 2 0 1 4637 4638 4573
9005 2 2 0 1 4574 4638 4573
9006 2 2 0 1 4638 4639 4574
9007 2 2 0 1 4640 4639 4574
9008 2 2 0 1 4574 4640 4575
9009 2 2 0 1 4641 4640 4575
9010 2 2 0 1 4575 4641 4576
9011 2 2 0 1 4642 4641 4576
9012 2 2 0 1 4576 4642 4577
9013 2 2 0 1 4643 4642 4577
9014 2 2 0 1 4577 4643 4578
9015 2 2 0 1 4644 4643 4578
9016 2 2 0 1 4578 4644 4579
9017 2 2 0 1 4645 4644 4579
9018 2 2 0 1 4579 4645 4580
9019 2 2 0 1 4646 4645 4580
9020 2 2 0 1 4580 4646 4581
9021 2 2 0 1 4647 4646 4581
9022 2 2 0 1 4581 4647 4582
9023 2 2 0 1 4648 4647 4582
9024 2 2 0 1 4582 4648 4583
9025 2 2 0 1 4649 4648 4583
9026 2 2 0 1 4583 4649 4584
9027 2 2 0 1 4650 4649 4584
9028 2 2 0 1 4584 4650 4585
9029 2 2 0 1 4651 4650 4585
9030 2 2 0 1 4585 4651 4586
9031 2 2 0 1 4652 4651 4586
9032 2 2 0 1 4586 4652 4587
9033 2 2 0 1 4653 4652 4587
9034 2 2 0 1 4587 4653 4588
9035 2 2 0 1 4654 4653 4588
9036 2 2 0 1 4588 4654 4589
9037 2 2 0 1 4590 4654 4589
9038 2 2 0 1 4654 4655 4590
9039 2 2 0 1 4591 4655 4590
9040 2 2 0 1 4655 4656 4591
9041 2 2 0 1 4592 4656 4591
9042 2 2 0 1 4656 4657 4592
9043 2 2 0 1 4593 4657 4592
9044 2 2 0 1 4657 4658 4593
9045 2 2 0 1 4659 4658 4593
9046 2 2 0 1 4593 4659 4594
9047 2 2 0 1 4660 4659 4594
9048 2 2 0 1 4594 4660 4595
9049 2 2 0 1 4661 4660 4595
9050 2 2 0 1 4595 4661 4596
9051 2 2 0 1 4662 4661 4596
9052 2 2 0 1 4596 4662 4597
9053 2 2 0 1 4663 4662 4597
9054 2 2 0 1 4597 4663 4598
9055 2 2 0 1 4664 4663 4598
9056 2 2 0 1 4598 4664 4599
9057 2 2 0 1 4665 4664 4599
9058 2 2 0 1 4599 4665 4600
9059 2 2 0 1 4666 4665 4600
9060 2 2 0 1 4600 4666 4601
9061 2 2 0 1 4667 4666 4601
9062 2 2 0 1 4601 4667 4602
9063 2 2 0 1 4668 4667 4602
9064 2 2 0 1 4602 4668 4603
9065 2 2 0 1 4669 4668 4603
9066 2 2 0 1 4603 4669 4604
9067 2 2 0 1 4670 4669 4604
9068 2 2 0 1 4604 4670 4605
9069 2 2 0 1 4606 4670 4605
9070 2 2 0 1 4670 4671 4606
9071 2 2 0 1 4607 4671 4606
9072 2 2 0 1 4671 4672 4607
9073 2 2 0 1 4608 4672 4607
9074 2 2 0 1 4672 4673 4608
9075 2 2 0 1 4609 4673 4608
9076 2 2 0 1 4673 4674 4609
9077 2 2 0 1 4610 4674 4609
9078 2 2 0 1 4674 4675 4610
9079 2 2 0 1 4611 4675 4610
9080 2 2 0 1 4675 4676 4611
9081 2 2 0 1 4612 4676 4611
9082 2 2 0 1 4676 4677 4612
9083 2 2 0 1 4613 4677 4612
9084 2 2 0 1 4677 4678 4613
9085 2 2 0 1 4614 4678 4613
9086 2 2 0 1 4678 4679 4614
9087 2 2 0 1 4615 4679 4614
9088 2 2 0 1 4679 4680 4615
9089 2 2 0 1 4617 4681 4616
9090 2 2 0 1 4681 4682 4617
9091 2 2 0 1 4618 4682 4617
9092 2 2 0 1 4682 4683 4618
9093 2 2 0 1 4619 4683 4618
9094 2 2 0 1 4683 4684 4619
9095 2 2 0 1 4620 4684 4619
9096 2 2 0 1 4684 4685 4620
9097 2 2 0 1 4621 4685 4620
9098 2 2 0 1 4685 4686 4621
9099 2 2 0 1 4622 4686 4621
9100 2 2 0 1 4686 4687 4622
9101 2 2 0 1 4623 4687 4622
9102 2 2 0 1 4687 4688 4623
9103 2 2 0 1 4624 4688 4623
9104 2 2 0 1 4688 4689 4624
9105 2 2 0 1 4625 4689 4624
9106 2 2 0 1 4689 4690 4625
9107 2 2 0 1 4626 4690 4625
9108 2 2 0 1 4690 4691 4626
9109 2 2 0 1 4627 4691 4626
9110 2 2 0 1 4691 4692 4627
9111 2 2 0 1 4628 4692 4627
9112 2 2 0 1 4692 4693 4628
9113 2 2 0 1 4629 4693 4628
9114 2 2 0 1 4693 4694 4629
9115 2 2 0 1 4630 4694 4629
9116 2 2 0 1 4694 4695 4630
9117 2 2 0 1 4631 4695 4630
9118 2 2 0 1 4695 4696 4631
9119 2 2 0 1 4632 4696 4631
9120 2 2 0 1 4696 4697 4632
9121 2 2 0 1 4633 4697 4632
9122 2 2 0 1 4697 4698 4633
9123 2 2 0 1 4634 4698 4633
9124 2 2 0 1 4698 4699 4634
9125 2 2 0 1 4635 4699 4634
9126 2 2 0 1 4699 4700 4635
9127 2 2 0 1 4636 4700 4635
9128 2 2 0 1 4700 4701 4636
9129 2 2 0 1 4637 4701 4636
9130 2 2 0 1 4701 4702 4637
9131 2 2 0 1 4638 4702 4637
9132 2 2 0 1 4702 4703 4638
9133 2 2 0 1 4639 4703 4638
9134 2 2 0 1 4703 4704 4639
9135 2 2 0 1 4705 4704 4639
9136 2 2 0 1 4639 4705 4640
9137 2 2 0 1 4706 4705 4640
9138 2 2 0 1 4640 4706 4641
9139 2 2 0 1 4707 4706 4641
9140 2 2 0 1 4641 4707 4642
9141 2 2 0 1 4708 4707 4642
9142 2 2 0 1 4642 4708 4643
9143 2 2 0 1 4709 4708 4643
9144 2 2 0 1 4643 4709 4644
9145 2 2 0 1 4710 4709 4644
9146 2 2 0 1 4644 4710 4645
9147 2 2 0 1 4711 4710 4645
9148 2 2 0 1 4645 4711 4646
9149 2 2 0 1 4712 4711 4646
9150 2 2 0 1 4646 4712 4647
9151 2 2 0 1 4713 4712 4647
9152 2 2 0 1 4647 4713 4648
9153 2 2 0 1 4714 4713 4648
9154 2 2 0 1 4648 4714 4649
9155 2 2 0 1 4715 4714 4649
9156 2 2 0 1 4649 4715 4650
9157 2 2 0 1 4716 4715 4650
9158 2 2 0 1 4650 4716 4651
9159 2 2 0 1 4717 4716 4651
9160 2 2 0 1 4651 4717 4652
9161 2 2 0 1 4718 4717 4652
9162 2 2 0 1 4652 4718 4653
9163 2 2 0 1 4719 4718 4653
9164 2 2 0 1 4653 4719 4654
9165 2 2 0 1 4655 4719 4654
9166 2 2 0 1 4719 4720 4655
9167 2 2 0 1 4656 4720 4655
9168 2 2 0 1 4720 4721 4656
9169 2 2 0 1 4657 4721 4656
9170 2 2 0 1 4721 4722 4657
9171 2 2 0 1 4658 4722 4657
9172 2 2 0 1 4722 4723 4658
9173 2 2 0 1 4724 4723 4658
9174 2 2 0 1 4658 4724 4659
9175 2 2 0 1 4725 4724 4659
9176 2 2 0 1 4659 4725 4660
9177 2 2 0 1 4726 4725 4660
9178 2 2 0 1 4660 4726 4661
9179 2 2 0 1 4727 4726 4661
9180 2 2 0 1 4661 4727 4662
9181 2 2 0 1 4728 4727 4662
9182 2 2 0 1 4662 4728 4663
9183 2 2 0 1 4729 4728 4663
9184 2 2 0 1 4663 4729 4664
9185 2 2 0 1 4730 4729 4664
9186 2 2 0 1 4664 4730 4665
9187 2 2 0 1 4731 4730 4665
9188 2 2 0 1 4665 4731 4666
9189 2 2 0 1 4732 4731 4666
9190 2 2 0 1 4666 4732 4667
9191 2 2 0 1 4733 4732 4667
9192 2 2 0 1 4667 4733 4668
9193 2 2 0 1 4734 4733 4668
9194 2 2 0 1 4668 4734 4669
9195 2 2 0 1 4735 4734 4669
9196 2 2 0 1 4669 4735 4670
9197 2 2 0 1 4671 4735 4670
9198 2 2 0 1 4735 4736 4671
9199 2 2 0 1 4672 4736 4671
9200 2 2 0 1 4736 4737 4672
9201 2 2 0 1 4673 4737 4672
9202 2 2 0 1 4737 4738 4673
9203 2 2 0 1 4674 4738 4673
9204 2 2 0 1 4738 4739 4674
9205 2 2 0 1 4675 4739 4674
9206 2 2 0 1 4739 4740 4675
9207 2 2 0 1 4676 4740 4675
9208 2 2 0 1 4740 4741 4676
9209 2 2 0 1 4677 4741 4676
9210 2 2 0 1 4741 4742 4677
9211 2 2 0 1 4678 4742 4677
9212 2 2 0 1 4742 4743 4678
9213 2 2 0 1 4679 4743 4678
9214 2 2 0 1 4743 4744 4679
9215 2 2 0 1 4680 4744 4679
9216 2 2 0 1 4744 4745 4680
9217 2 2 0 1 4682 4746 4681
9218 2 2 0 1 4746 4747 4682
9219 2 2 0 1 4683 4747 4682
9220 2 2 0 1 4747 4748 4683
9221 2 2 0 1 4684 4748 4683
9222 2 2 0 1 4748 4749 4684
9223 2 2 0 1 4685 4749 4684
9224 2 2 0 1 4749 4750 4685
9225 2 2 0 1 4686 4750 4685
9226 2 2 0 1 4750 4751 4686
9227 2 2 0 1 4687 4751 4686
9228 2 2 0 1 4751 4752 4687
9229 2 2 0 1 4688 4752 4687
9230 2 2 0 1 4752 4753 4688
9231 2 2 0 1 4689 4753 4688
9232 2 2 0 1 4753 4754 4689
9233 2 2 0 1 4690 4754 4689
9234 2 2 0 1 4754 4755 4690
9235 2 2 0 1 4691 4755 4690
9236 2 2 0 1 4755 4756 4691
9237 2 2 0 1 4692 4756 4691
9238 2 2 0 1 4756 4757 4692
9239 2 2 0 1 4693 4757 4692
9240 2 2 0 1 4757 4758 4693
9241 2 2 0 1 4694 4758 4693
9242 2 2 0 1 4758 4759 4694
9243 2 2 0 1 4695 4759 4694
9244 2 2 0 1 4759 4760 4695
9245 2 2 0 1 4696 4760 4695
9246 2 2 0 1 4760 4761 4696
9247 2 2 0 1 4697 4761 4696
9248 2 2 0 1 4761 4762 4697
9249 2 2 0 1 4698 4762 4697
9250 2 2 0 1 4762 4763 4698
9251 2 2 0 1 4699 4763 4698
9252 2 2 0 1 4763 4764 4699
9253 2 2 0 1 4700 4764 4699
9254 2 2 0 1 4764 4765 4700
9255 2 2 0 1 4701 4765 4700
9256 2 2 0 1 4765 4766 4701
9257 2 2 0 1 4702 4766 4701
9258 2 2 0 1 4766 4767 4702
9259 2 2 0 1 4703 4767 4702
9260 2 2 0 1 4767 4768 4703
9261 2 2 0 1 4704 4768 4703
9262 2 2 0 1 4768 4769 4704
9263 2 2 0 1 4770 4769 4704
9264 2 2 0 1 4704 4770 4705
9265 2 2 0 1 4771 4770 4705
9266 2 2 0 1 4705 4771 4706
9267 2 2 0 1 4772 4771 4706
9268 2 2 0 1 4706 4772 4707
9269 2 2 0 1 4773 4772 4707
9270 2 2 0 1 4707 4773 4708
9271 2 2 0 1 4774 4773 4708
9272 2 2 0 1 4708 4774 4709
9273 2 2 0 1 4775 4774 4709
9274 2 2 0 1 4709 4775 4710
9275 2 2 0 1 4776 4775 4710
9276 2 2 0 1 4710 4776 4711
9277 2 2 0 1 4777 4776 4711
9278 2 2 0 1 4711 4777 4712
9279 2 2 0 1 4778 4777 4712
9280 2 2 0 1 4712 4778 4713
9281 2 2 0 1 4779 4778 4713
9282 2 2 0 1 4713 4779 4714
9283 2 2 0 1 4780 4779 4714
9284 2 2 0 1 4714 4780 4715
9285 2 2 0 1 4781 4780 4715
9286 2 2 0 1 4715 4781 4716
9287 2 2 0 1 4782 4781 4716
9288 2 2 0 1 4716 4782 4717
9289 2 2 0 1 4783 4782 4717
9290 2 2 0 1 4717 4783 4718
9291 2 2 0 1 4784 4783 4718
9292 2 2 0 1 4718 4784 4719
9293 2 2 0 1 4720 4784 4719
9294 2 2 0 1 4784 4785 4720
9295 2 2 0 1 4721 4785 4720
9296 2 2 0 1 4785 4786 4721
9297 2 2 0 1 4722 4786 4721
9298 2 2 0 1 4786 4787 4722
9299 2 2 0 1 4723 4787 4722
9300 2 2 0 1 4787 4788 4723
9301 2 2 0 1 4789 4788 4723
9302 2 2 0 1 4723 4789 4724
9303 2 2 0 1 4790 4789 4724
9304 2 2 0 1 4724 4790 4725
9305 2 2 0 1 4791 4790 4725
9306 2 2 0 1 4725 4791 4726
9307 2 2 0 1 4792 4791 4726
9308 2 2 0 1 4726 4792 4727
9309 2 2 0 1 4793 4792 4727
9310 2 2 0 1 4727 4793 4728
9311 2 2 0 1 4794 4793 4728
9312 2 2 0 1 4728 4794 4729
9313 2 2 0 1 4795 4794 4729
9314 2 2 0 1 4729 4795 4730
9315 2 2 0 1 4796 4795 4730
9316 2 2 0 1 4730 4796 4731
9317 2 2 0 1 4797 4796 4731
9318 2 2 0 1 4731 4797 4732
9319 2 2 0 1 4798 4797 4732
9320 2 2 0 1 4732 4798 4733
9321 2 2 0 1 4799 4798 4733
9322 2 2 0 1 4733 4799 4734
9323 2 2 0 1 4800 4799 4734
9324 2 2 0 1 4734 4800 4735
9325 2 2 0 1 4736 4800 4735
9326 2 2 0 1 4800 4801 4736
9327 2 2 0 1 4737 4801 4736
9328 2 2 0 1 4801 4802 4737
9329 2 2 0 1 4738 4802 4737
9330 2 2 0 1 4802 4803 4738
9331 2 2 0 1 4739 4803 4738
9332 2 2 0 1 4803 4804 4739
9333 2 2 0 1 4740 4804 4739
9334 2 2 0 1 4804 4805 4740
9335 2 2 0 1 4741 4805 4740
9336 2 2 0 1 4805 4806 4741
9337 2 2 0 1 4742 4806 4741
9338 2 2 0 1 4806 4807 4742
9339 2 2 0 1 4743 4807 4742
9340 2 2 0 1 4807 4808 4743
9341 2 2 0 1 4744 4808 4743
9342 2 2 0 1 4808 4809 4744
9343 2 2 0 1 4745 4809 4744
9344 2 2 0 1 4809 4810 4745
9345 2 2 0 1 4747 4811 4746
9346 2 2 0 1 4811 4812 4747
9347 2 2 0 1 4748 4812 4747
9348 2 2 0 1 4812 4813 4748
9349 2 2 0 1 4749 4813 4748
9350 2 2 0 1 4813 4814 4749
9351 2 2 0 1 4750 4814 4749
9352 2 2 0 1 4814 4815 4750
9353 2 2 0 1 4751 4815 4750
9354 2 2 0 1 4815 4816 4751
9355 2 2 0 1 4752 4816 4751
9356 2 2 0 1 4816 4817 4752
9357 2 2 0 1 4753 4817 4752
9358 2 2 0 1 4817 4818 4753
9359 2 2 0 1 4754 4818 4753
9360 2 2 0 1 4818 4819 4754
9361 2 2 0 1 4755 4819 4754
9362 2 2 0 1 4819 4820 4755
9363 2 2 0 1 4756 4820 4755
9364 2 2 0 1 4820 4821 4756
9365 2 2 0 1 4757 4821 4756
9366 2 2 0 1 4821 4822 4757
9367 2 2 0 1 4758 4822 4757
9368 2 2 0 1 4822 4823 4758
9369 2 2 0 1 4759 4823 4758
9370 2 2 0 1 4823 4824 4759
9371 2 2 0 1 4760 4824 4759
9372 2 2 0 1 4824 4825 4760
9373 2 2 0 1 4761 4825 4760
9374 2 2 0 1 4825 4826 4761
9375 2 2 0 1 4762 4826 4761
9376 2 2 0 1 4826 4827 4762
9377 2 2 0 1 4763 4827 4762
9378 2 2 0 1 4827 4828 4763
9379 2 2 0 1 4764 4828 4763
9380 2 2 0 1 4828 4829 4764
9381 2 2 0 1 4765 4829 4764
9382 2 2 0 1 4829 4830 4765
9383 2 2 0 1 4766 4830 4765
9384 2 2 0 1 4830 4831 4766
9385 2 2 0 1 4767 4831 4766
9386 2 2 0 1 4831 4832 4767
9387 2 2 0 1 4768 4832 4767
9388 2 2 0 1 4832 4833 4768
9389 2 2 0 1 4769 4833 4768
9390 2 2 0 1 4833 4834 4769
9391 2 2 0 1 4835 4834 4769
9392 2 2 0 1 4769 4835 4770
9393 2 2 0 1 4836 4835 4770
9394 2 2 0 1 4770 4836 4771
9395 2 2 0 1 4837 4836 4771
9396 2 2 0 1 4771 4837 4772
9397 2 2 0 1 4838 4837 4772
9398 2 2 0 1 4772 4838 4773
9399 2 2 0 1 4839 4838 4773
9400 2 2 0 1 4773 4839 4774
9401 2 2 0 1 4840 4839 4774
9402 2 2 0 1 4774 4840 4775
9403 2 2 0 1 4841 4840 4775
9404 2 2 0 1 4775 4841 4776
9405 2 2 0 1 4842 4841 4776
9406 2 2 0 1 4776 4842 4777
9407 2 2 0 1 4843 4842 4777
9408 2 2 0 1 4777 4843 4778
9409 2 2 0 1 4844 4843 4778
9410 2 2 0 1 4778 4844 4779
9411 2 2 0 1 4845 4844 4779
9412 2 2 0 1 4779 4845 4780
9413 2 2 0 1 4846 4845 4780
9414 2 2 0 1 4780 4846 4781
9415 2 2 0 1 4847 4846 4781
9416 2 2 0 1 4781 4847 4782
9417 2 2 0 1 4848 4847 4782
9418 2 2 0 1 4782 4848 4783
9419 2 2 0 1 4849 4848 4783
9420 2 2 0 1 4783 4849 4784
9421 2 2 0 1 4785 4849 4784
9422 2 2 0 1 4849 4850 4785
9423 2 2 0 1 4786 4850 4785
9424 2 2 0 1 4850 4851 4786
9425 2 2 0 1 4787 4851 4786
9426 2 2 0 1 4851 4852 4787
9427 2 2 0 1 4788 4852 4787
9428 2 2 0 1 4852 4853 4788
9429 2 2 0 1 4854 4853 4788
9430 2 2 0 1 4788 4854 4789
9431 2 2 0 1 4855 4854 4789
9432 2 2 0 1 4789 4855 4790
9433 2 2 0 1 4856 4855 4790
9434 2 2 0 1 4790 4856 4791
9435 2 2 0 1 4857 4856 4791
9436 2 2 0 1 4791 4857 4792
9437 2 2 0 1 4858 4857 4792
9438 2 2 0 1 4792 4858 4793
9439 2 2 0 1 4859 4858 4793
9440 2 2 0 1 4793 4859 4794
9441 2 2 0 1 4860 4859 4794
9442 2 2 0 1 4794 4860 4795
9443 2 2 0 1 4861 4860 4795
9444 2 2 0 1 4795 4861 4796
9445 2 2 0 1 4862 4861 4796
9446 2 2 0 1 4796 4862 4797
9447 2 2 0 1 4863 4862 4797
9448 2 2 0 1 4797 4863 4798
9449 2 2 0 1 4864 4863 4798
9450 2 2 0 1 4798 4864 4799
9451 2 2 0 1 4865 4864 4799
9452 2 2 0 1 4799 4865 4800
9453 2 2 0 1 4801 4865 4800
9454 2 2 0 1 4865 4866 4801
9455 2 2 0 1 4802 4866 4801
9456 2 2 0 1 4866 4867 4802
9457 2 2 0 1 4803 4867 4802
9458 2 2 0 1 4867 4868 4803
9459 2 2 0 1 4804 4868 4803
9460 2 2 0 1 4868 4869 4804
9461 2 2 0 1 4805 4869 4804
9462 2 2 0 1 4869 4870 4805
9463 2 2 0 1 4806 4870 4805
9464 2 2 0 1 4870 4871 4806
9465 2 2 0 1 4807 4871 4806
9466 2 2 0 1 4871 4872 4807
9467 2 2 0 1 4808 4872 4807
9468 2 2 0 1 4872 4873 4808
9469 2 2 0 1 4809 4873 4808
9470 2 2 0 1 4873 4874 4809
9471 2 2 0 1 4810 4874 4809
9472 2 2 0 1 4874 4875 4810
9473 2 2 0 1 4812 4876 4811
9474 2 2 0 1 4876 4877 4812
9475 2 2 0 1 4813 4877 4812
9476 2 2 0 1 4877 4878 4813
9477 2 2 0 1 4814 4878 4813
9478 2 2 0 1 4878 4879 4814
9479 2 2 0 1 4815 4879 4814
9480 2 2 0 1 4879 4880 4815
9481 2 2 0 1 4816 4880 4815
9482 2 2 0 1 4880 4881 4816
9483 2 2 0 1 4817 4881 4816
9484 2 2 0 1 4881 4882 4817
9485 2 2 0 1 4818 4882 4817
9486 2 2 0 1 4882 4883 4818
9487 2 2 0 1 4819 4883 4818
9488 2 2 0 1 4883 4884 4819
9489 2 2 0 1 4820 4884 4819
9490 2 2 0 1 4884 4885 4820
9491 2 2 0 1 4821 4885 4820
9492 2 2 0 1 4885 4886 4821
9493 2 2 0 1 4822 4886 4821
9494 2 2 0 1 4886 4887 4822
9495 2 2 0 1 4823 4887 4822
9496 2 2 0 1 4887 4888 4823
9497 2 2 0 1 4824 4888 4823
9498 2 2 0 1 4888 4889 4824
9499 2 2 0 1 4825 4889 4824
9500 2 2 0 1 4889 4890 4825
9501 2 2 0 1 4826 4890 4825
9502 2 2 0 1 4890 4891 4826
9503 2 2 0 1 4827 4891 4826
9504 2 2 0 1 4891 4892 4827
9505 2 2 0 1 4828 4892 4827
9506 2 2 0 1 4892 4893 4828
9507 2 2 0 1 4829 4893 4828
9508 2 2 0 1 4893 4894 4829
9509 2 2 0 1 4830 4894 4829
9510 2 2 0 1 4894 4895 4830
9511 2 2 0 1 4831 4895 4830
9512 2 2 0 1 4895 4896 4831
9513 2 2 0 1 4832 4896 4831
9514 2 2 0 1 4896 4897 4832
9515 2 2 0 1 4833 4897 4832
9516 2 2 0 1 4897 4898 4833
9517 2 2 0 1 4834 4898 4833
9518 2 2 0 1 4898 4899 4834
9519 2 2 0 1 4900 4899 4834
9520 2 2 0 1 4834 4900 4835
9521 2 2 0 1 4901 4900 4835
9522 2 2 0 1 4835 4901 4836
9523 2 2 0 1 4902 4901 4836
9524 2 2 0 1 4836 4902 4837
9525 2 2 0 1 4903 4902 4837
9526 2 2 0 1 4837 4903 4838
9527 2 2 0 1 4904 4903 4838
9528 2 2 0 1 4838 4904 4839
9529 2 2 0 1 4905 4904 4839
9530 2 2 0 1 4839 4905 4840
9531 2 2 0 1 4906 4905 4840
9532 2 2 0 1 4840 4906 4841
9533 2 2 0 1 4907 4906 4841
9534 2 2 0 1 4841 4907 4842
9535 2 2 0 1 4908 4907 4842
9536 2 2 0 1 4842 4908 4843
9537 2 2 0 1 4909 4908 4843
9538 2 2 0 1 4843 4909 4844
9539 2 2 0 1 4910 4909 4844
9540 2 2 0 1 4844 4910 4845
9541 2 2 0 1 4911 4910 4845
9542 2 2 0 1 4845 4911 4846
9543 2 2 0 1 4912 4911 4846
9544 2 2 0 1 4846 4912 4847
9545 2 2 0 1 4913 4912 4847
9546 2 2 0 1 4847 4913 4848
9547 2 2 0 1 4914 4913 4848
9548 2 2 0 1 4848 4914 4849
9549 2 2 0 1 4850 4914 4849
9550 2 2 0 1 4914 4915 4850
9551 2 2 0 1 4851 4915 4850
9552 2 2 0 1 4915 4916 4851
9553 2 2 0 1 4852 4916 4851
9554 2 2 0 1 4916 4917 4852
9555 2 2 0 1 4853 4917 4852
9556 2 2 0 1 4917 4918 4853
9557 2 2 0 1 4919 4918 4853
9558 2 2 0 1 4853 4919 4854
9559 2 2 0 1 4920 4919 4854
9560 2 2 0 1 4854 4920 4855
9561 2 2 0 1 4921 4920 4855
9562 2 2 0 1 4855 4921 4856
9563 2 2 0 1 4922 4921 4856
9564 2 2 0 1 4856 4922 4857
9565 2 2 0 1 4923 4922 4857
9566 2 2 0 1 4857 4923 4858
9567 2 2 0 1 4924 4923 4858
9568 2 2 0 1 4858 4924 4859
9569 2 2 0 1 4925 4924 4859
9570 2 2 0 1 4859 4925 4860
9571 2 2 0 1 4926 4925 4860
9572 2 2 0 1 4860 4926 4861
9573 2 2 0 1 4927 4926 4861
9574 2 2 0 1 4861 4927 4862
9575 2 2 0 1 4928 4927 4862
9576 2 2 0 1 4862 4928 4863
9577 2 2 0 1 4929 4928 4863
9578 2 2 0 1 4863 4929 4864
9579 2 2 0 1 4930 4929 4864
9580 2 2 0 1 4864 4930 4865
9581 2 2 0 1 4866 4930 4865
9582 2 2 0 1 4930 4931 4866
9583 2 2 0 1 4867 4931 4866
9584 2 2 0 1 4931 4932 4867
9585 2 2 0 1 4868 4932 4867
9586 2 2 0 1 4932 4933 4868
9587 2 2 0 1 4869 4933 4868
9588 2 2 0 1 4933 4934 4869
9589 2 2 0 1 4870 4934 4869
9590 2 2 0 1 4934 4935 4870
9591 2 2 0 1 4871 4935 4870
9592 2 2 0 1 4935 4936 4871
9593 2 2 0 1 4872 4936 4871
9594 2 2 0 1 4936 4937 4872
9595 2 2 0 1 4873 4937 4872
9596 2 2 0 1 4937 4938 4873
9597 2 2 0 1 4874 4938 4873
9598 2 2 0 1 4938 4939 4874
9599 2 2 0 1 4875 4939 4874
9600 2 2 0 1 4939 4940 4875
9601 2 2 0 1 4877 4941 4876
9602 2 2 0 1 4941 4942 4877
9603 2 2 0 1 4878 4942 4877
9604 2 2 0 1 4942 4943 4878
9605 2 2 0 1 4879 4943 4878
9606 2 2 0 1 4943 4944 4879
9607 2 2 0 1 4880 4944 4879
9608 2 2 0 1 4944 4945 4880
9609 2 2 0 1 4881 4945 4880
9610 2 2 0 1 4945 4946 4881
9611 2 2 0 1 4882 4946 4881
9612 2 2 0 1 4946 4947 4882
9613 2 2 0 1 4883 4947 4882
9614 2 2 0 1 4947 4948 4883
9615 2 2 0 1 4884 4948 4883
9616 2 2 0 1 4948 4949 4884
9617 2 2 0 1 4885 4949 4884
9618 2 2 0 1 4949 4950 4885
9619 2 2 0 1 4886 4950 4885
9620 2 2 0 1 4950 4951 4886
9621 2 2 0 1 4887 4951 4886
9622 2 2 0 1 4951 4952 4887
9623 2 2 0 1 4888 4952 4887
9624 2 2 0 1 4952 4953 4888
9625 2 2 0 1 4889 4953 4888
9626 2 2 0 1 4953 4954 4889
9627 2 2 0 1 4890 4954 4889
9628 2 2 0 1 4954 4955 4890
9629 2 2 0 1 4891 4955 4890
9630 2 2 0 1 4955 4956 4891
9631 2 2 0 1 4892 4956 4891
9632 2 2 0 1 4956 4957 4892
9633 2 2 0 1 4893 4957 4892
9634 2 2 0 1 4957 4958 4893
9635 2 2 0 1 4894 4958 4893
9636 2 2 0 1 4958 4959 4894
9637 2 2 0 1 4895 4959 4894
9638 2 2 0 1 4959 4960 4895
9639 2 2 0 1 4896 4960 4895
9640 2 2 0 1 4960 4961 4896
9641 2 2 0 1 4897 4961 4896
9642 2 2 0 1 4961 4962 4897
9643 2 2 0 1 4898 4962 4897
9644 2 2 0 1 4962 4963 4898
9645 2 2 0 1 4899 4963 4898
9646 2 2 0 1 4963 4964 4899
9647 2 2 0 1 4965 4964 4899
9648 2 2 0 1 4899 4965 4900
9649 2 2 0 1 4966 4965 4900
9650 2 2 0 1 4900 4966 4901
9651 2 2 0 1 4967 4966 4901
9652 2 2 0 1 4901 4967 4902
9653 2 2 0 1 4968 4967 4902
9654 2 2 0 1 4902 4968 4903
9655 2 2 0 1 4969 4968 4903
9656 2 2 0 1 4903 4969 4904
9657 2 2 0 1 4970 4969 4904
9658 2 2 0 1 4904 4970 4905
9659 2 2 0 1 4971 4970 4905
9660 2 2 0 1 4905 4971 4906
9661 2 2 0 1 4972 4971 4906
9662 2 2 0 1 4906 4972 4907
9663 2 2 0 1 4973 4972 4907
9664 2 2 0 1 4907 4973 4908
9665 2 2 0 1 4974 4973 4908
9666 2 2 0 1 4908 4974 4909
9667 2 2 0 1 4975 4974 4909
9668 2 2 0 1 4909 4975 4910
9669 2 2 0 1 4976 4975 4910
9670 2 2 0 1 4910 4976 4911
9671 2 2 0 1 4977 4976 4911
9672 2 2 0 1 4911 4977 4912
9673 2 2 0 1 4978 4977 4912
9674 2 2 0 1 4912 4978 4913
9675 2 2 0 1 4979 4978 4913
9676 2 2 0 1 4913 4979 4914
9677 2 2 0 1 4915 4979 4914
9678 2 2 0 1 4979 4980 4915
9679 2 2 0 1 4916 4980 4915
9680 2 2 0 1 4980 4981 4916
9681 2 2 0 1 4917 4981 4916
9682 2 2 0 1 4981 4982 4917
9683 2 2 0 1 4918 4982 4917
9684 2 2 0 1 4982 4983 4918
9685 2 2 0 1 4984 4983 4918
9686 2 2 0 1 4918 4984 4919
9687 2 2 0 1 4985 4984 4919
9688 2 2 0 1 4919 4985 4920
9689 2 2 0 1 4986 4985 4920
9690 2 2 0 1 4920 4986 4921
9691 2 2 0 1 4987 4986 4921
9692 2 2 0 1 4921 4987 4922
9693 2 2 0 1 4988 4987 4922
9694 2 2 0 1 4922 4988 4923
9695 2 2 0 1 4989 4988 4923
9696 2 2 0 1 4923 4989 4924
9697 2 2 0 1 4990 4989 4924
9698 2 2 0 1 4924 4990 4925
9699 2 2 0 1 4991 4990 4925
9700 2 2 0 1 4925 4991 4926
9701 2 2 0 1 4992 4991 4926
9702 2 2 0 1 4926 4992 4927
9703 2 2 0 1 4993 4992 4927
9704 2 2 0 1 4927 4993 4928
9705 2 2 0 1 4994 4993 4928
9706 2 2 0 1 4928 4994 4929
9707 2 2 0 1 4995 4994 4929
9708 2 2 0 1 4929 4995 4930
9709 2 2 0 1 4931 4995 4930
9710 2 2 0 1 4995 4996 4931
9711 2 2 0 1 4932 4996 4931
9712 2 2 0 1 4996 4997 4932
9713 2 2 0 1 4933 4997 4932
9714 2 2 0 1 4997 4998 4933
9715 2 2 0 1 4934 4998 4933
9716 2 2 0 1 4998 4999 4934
9717 2 2 0 1 4935 4999 4934
9718 2 2 0 1 4999 5000 4935
9719 2 2 0 1 4936 5000 4935
9720 2 2 0 1 5000 5001 4936
9721 2 2 0 1 4937 5001 4936
9722 2 2 0 1 5001 5002 4937
9723 2 2 0 1 4938 5002 4937
9724 2 2 0 1 5002 5003 4938
9725 2 2 0 1 4939 5003 4938
9726 2 2 0 1 5003 5004 4939
9727 2 2 0 1 4940 5004 4939
9728 2 2 0 1 5004 5005 4940
9729 2 2 0 1 4942 5006 4941
9730 2 2 0 1 5006 5007 4942
9731 2 2 0 1 4943 5007 4942
9732 2 2 0 1 5007 5008 4943
9733 2 2 0 1 4944 5008 4943
9734 2 2 0 1 5008 5009 4944
9735 2 2 0 1 4945 5009 4944
9736 2 2 0 1 5009 5010 4945
9737 2 2 0 1 4946 5010 4945
9738 2 2 0 1 5010 5011 4946
9739 2 2 0 1 4947 5011 4946
9740 2 2 0 1 5011 5012 4947
9741 2 2 0 1 4948 5012 4947
9742 2 2 0 1 5012 5013 4948
9743 2 2 0 1 4949 5013 4948
9744 2 2 0 1 5013 5014 4949
9745 2 2 0 1 4950 5014 4949
9746 2 2 0 1 5014 5015 4950
9747 2 2 0 1 4951 5015 4950
9748 2 2 0 1 5015 5016 4951
9749 2 2 0 1 4952 5016 4951
9750 2 2 0 1 5016 5017 4952
9751 2 2 0 1 4953 5017 4952
9752 2 2 0 1 5017 5018 4953
9753 2 2 0 1 4954 5018 4953
9754 2 2 0 1 5018 5019 4954
9755 2 2 0 1 4955 5019 4954
9756 2 2 0 1 5019 5020 4955
9757 2 2 0 1 4956 5020 4955
9758 2 2 0 1 5020 5021 4956
9759 2 2 0 1 4957 5021 4956
9760 2 2 0 1 5021 5022 4957
9761 2 2 0 1 4958 5022 4957
9762 2 2 0 1 5022 5023 4958
9763 2 2 0 1 4959 5023 4958
9764 2 2 0 1 5023 5024 4959
9765 2 2 0 1 4960 5024 4959
9766 2 2 0 1 5024 5025 4960
9767 2 2 0 1 4961 5025 4960
9768 2 2 0 1 5025 5026 4961
9769 2 2 0 1 4962 5026 4961
9770 2 2 0 1 5026 5027 4962
9771 2 2 0 1 4963 5027 4962
9772 2 2 0 1 5027 5028 4963
9773 2 2 0 1 4964 5028 4963
9774 2 2 0 1 5028 5029 4964
9775 2 2 0 1 5030 5029 4964
9776 2 2 0 1 4964 5030 4965
9777 2 2 0 1 5031 5030 4965
9778 2 2 0 1 4965 5031 4966
9779 2 2 0 1 5032 5031 4966
9780 2 2 0 1 4966 5032 4967
9781 2 2 0 1 5033 5032 4967
9782 2 2 0 1 4967 5033 4968
9783 2 2 0 1 5034 5033 4968
9784 2 2 0 1 4968 5034 4969
9785 2 2 0 1 5035 5034 4969
9786 2 2 0 1 4969 5035 4970
9787 2 2 0 1 5036 5035 4970
9788 2 2 0 1 4970 5036 4971
9789 2 2 0 1 5037 5036 4971
9790 2 2 0 1 4971 5037 4972
9791 2 2 0 1 5038 5037 4972
9792 2 2 0 1 4972 5038 4973
9793 2 2 0 1 5039 5038 4973
9794 2 2 0 1 4973 5039 4974
9795 2 2 0 1 5040 5039 4974
9796 2 2 0 1 4974 5040 4975
9797 2 2 0 1 5041 5040 4975
9798 2 2 0 1 4975 5041 4976
9799 2 2 0 1 5042 5041 4976
9800 2 2 0 1 4976 5042 4977
9801 2 2 0 1 5043 5042 4977
9802 2 2 0 1 4977 5043 4978
9803 2 2 0 1 5044 5043 4978
9804 2 2 0 1 4978 5044 4979
9805 2 2 0 1 4980 5044 4979
9806 2 2 0 1 5044 5045 4980
9807 2 2 0 1 4981 5045 4980
9808 2 2 0 1 5045 5046 4981
9809 2 2 0 1 4982 5046 4981
9810 2 2 0 1 5046 5047 4982
9811 2 2 0 1 4983 5047 4982
9812 2 2 0 1 5047 5048 4983
9813 2 2 0 1 5049 5048 4983
9814 2 2 0 1 4983 5049 4984
9815 2 2 0 1 5050 5049 4984
9816 2 2 0 1 4984 5050 4985
9817 2 2 0 1 5051 5050 4985
9818 2 2 0 1 4985 5051 4986
9819 2 2 0 1 5052 5051 4986
9820 2 2 0 1 4986 5052 4987
9821 2 2 0 1 5053 5052 4987
9822 2 2 0 1 4987 5053 4988
9823 2 2 0 1 5054 5053 4988
9824 2 2 0 1 4988 5054 4989
9825 2 2 0 1 5055 5054 4989
9826 2 2 0 1 4989 5055 4990
9827 2 2 0 1 5056 5055 4990
9828 2 2 0 1 4990 5056 4991
9829 2 2 0 1 5057 5056 4991
9830 2 2 0 1 4991 5057 4992
9831 2 2 0 1 5058 5057 4992
9832 2 2 0 1 4992 5058 4993
9833 2 2 0 1 5059 5058 4993
9834 2 2 0 1 4993 5059 4994
9835 2 2 0 1 5060 5059 4994
9836 2 2 0 1 4994 5060 4995
9837 2 2 0 1 4996 5060 4995
9838 2 2 0 1 5060 5061 4996
9839 2 2 0 1 4997 5061 4996
9840 2 2 0 1 5061 5062 4997
9841 2 2 0 1 4998 5062 4997
9842 2 2 0 1 5062 5063 4998
9843 2 2 0 1 4999 5063 4998
9844 2 2 0 1 5063 5064 4999
9845 2 2 0 1 5000 5064 4999
9846 2 2 0 1 5064 5065 5000
9847 2 2 0 1 5001 5065 5000
9848 2 2 0 1 5065 5066 5001
9849 2 2 0 1 5002 5066 5001
9850 2 2 0 1 5066 5067 5002
9851 2 2 0 1 5003 5067 5002
9852 2 2 0 1 5067 5068 5003
9853 2 2 0 1 5004 5068 5003
9854 2 2 0 1 5068 5069 5004
9855 2 2 0 1 5005 5069 5004
9856 2 2 0 1 5069 5070 5005
9857 2 2 0 1 5007 5071 5006
9858 2 2 0 1 5071 5072 5007
9859 2 2 0 1 5008 5072 5007
9860 2 2 0 1 5072 5073 5008
9861 2 2 0 1 5009 5073 5008
9862 2 2 0 1 5073 5074 5009
9863 2 2 0 1 5010 5074 5009
9864 2 2 0 1 5074 5075 5010
9865 2 2 0 1 5011 5075 5010
9866 2 2 0 1 5075 5076 5011
9867 2 2 0 1 5012 5076 5011
9868 2 2 0 1 5076 5077 5012
9869 2 2 0 1 5013 5077 5012
9870 2 2 0 1 5077 5078 5013
9871 2 2 0 1 5014 5078 5013
9872 2 2 0 1 5078 5079 5014
9873 2 2 0 1 5015 5079 5014
9874 2 2 0 1 5079 5080 5015
9875 2 2 0 1 5016 5080 5015
9876 2 2 0 1 5080 5081 5016
9877 2 2 0 1 5017 5081 5016
9878 2 2 0 1 5081 5082 5017
9879 2 2 0 1 5018 5082 5017
9880 2 2 0 1 5082 5083 5018
9881 2 2 0 1 5019 5083 5018
9882 2 2 0 1 5083 5084 5019
9883 2 2 0 1 5020 5084 5019
9884 2 2 0 1 5084 5085 5020
9885 2 2 0 1 5021 5085 5020
9886 2 2 0 1 5085 5086 5021
9887 2 2 0 1 5022 5086 5021
9888 2 2 0 1 5086 5087 5022
9889 2 2 0 1 5023 5087 5022
9890 2 2 0 1 5087 5088 5023
9891 2 2 0 1 5024 5088 5023
9892 2 2 0 1 5088 5089 5024
9893 2 2 0 1 5025 5089 5024
9894 2 2 0 1 5089 5090 5025
9895 2 2 0 1 5026 5090 5025
9896 2 2 0 1 5090 5091 5026
9897 2 2 0 1 5027 5091 5026
9898 2 2 0 1 5091 5092 5027
9899 2 2 0 1 5028 5092 5027
9900 2 2 0 1 5092 5093 5028
9901 2 2 0 1 5029 5093 5028
9902 2 2 0 1 5093 5094 5029
9903 2 2 0 1 5095 5094 5029
9904 2 2 0 1 5029 5095 5030
9905 2 2 0 1 5096 5095 5030
9906 2 2 0 1 5030 5096 5031
9907 2 2 0 1 5097 5096 5031
9908 2 2 0 1 5031 5097 5032
9909 2 2 0 1 5098 5097 5032
9910 2 2 0 1 5032 5098 5033
9911 2 2 0 1 5099 5098 5033
9912 2 2 0 1 5033 5099 5034
9913 2 2 0 1 5100 5099 5034
9914 2 2 0 1 5034 5100 5035
9915 2 2 0 1 5101 5100 5035
9916 2 2 0 1 5035 5101 5036
9917 2 2 0 1 5102 5101 5036
9918 2 2 0 1 5036 5102 5037
9919 2 2 0 1 5103 5102 5037
9920 2 2 0 1 5037 5103 5038
9921 2 2 0 1 5104 5103 5038
9922 2 2 0 1 5038 5104 5039
9923 2 2 0 1 5105 5104 5039
9924 2 2 0 1 5039 5105 5040
9925 2 2 0 1 5106 5105 5040
9926 2 2 0 1 5040 5106 5041
9927 2 2 0 1 5107 5106 5041
9928 2 2 0 1 5041 5107 5042
9929 2 2 0 1 5108 5107 5042
9930 2 2 0 1 5042 5108 5043
9931 2 2 0 1 5109 5108 5043
9932 2 2 0 1 5043 5109 5044
9933 2 2 0 1 5045 5109 5044
9934 2 2 0 1 5109 5110 5045
9935 2 2 0 1 5046 5110 5045
9936 2 2 0 1 5110 5111 5046
9937 2 2 0 1 5047 5111 5046
9938 2 2 0 1 5111 5112 5047
9939 2 2 0 1 5048 5112 5047
9940 2 2 0 1 5112 5113 5048
9941 2 2 0 1 5114 5113 5048
9942 2 2 0 1 5048 5114 5049
9943 2 2 0 1 5115 5114 5049
9944 2 2 0 1 5049 5115 5050
9945 2 2 0 1 5116 5115 5050
9946 2 2 0 1 5050 5116 5051
9947 2 2 0 1 5117 5116 5051
9948 2 2 0 1 5051 5117 5052
9949 2 2 0 1 5118 5117 5052
9950 2 2 0 1 5052 5118 5053
9951 2 2 0 1 5119 5118 5053
9952 2 2 0 1 5053 5119 5054
9953 2 2 0 1 5120 5119 5054
9954 2 2 0 1 5054 5120 5055
9955 2 2 0 1 5121 5120 5055
9956 2 2 0 1 5055 5121 5056
9957 2 2 0 1 5122 5121 5056
9958 2 2 0 1 5056 5122 5057
9959 2 2 0 1 5123 5122 5057
9960 2 2 0 1 5057 5123 5058
9961 2 2 0 1 5124 5123 5058
9962 2 2 0 1 5058 5124 5059
9963 2 2 0 1 5125 5124 5059
9964 2 2 0 1 5059 5125 5060
9965 2 2 0 1 5061 5125 5060
9966 2 2 0 1 5125 5126 5061
9967 2 2 0 1 5062 5126 5061
9968 2 2 0 1 5126 5127 5062
9969 2 2 0 1 5063 5127 5062
9970 2 2 0 1 5127 5128 5063
9971 2 2 0 1 5064 5128 5063
9972 2 2 0 1 5128 5129 5064
9973 2 2 0 1 5065 5129 5064
9974 2 2 0 1 5129 5130 5065
9975 2 2 0 1 5066 5130 5065
9976 2 2 0 1 5130 5131 5066
9977 2 2 0 1 5067 5131 5066
9978 2 2 0 1 5131 5132 5067
9979 2 2 0 1 5068 5132 5067
9980 2 2 0 1 5132 5133 5068
9981 2 2 0 1 5069 5133 5068
9982 2 2 0 1 5133 5134 5069
9983 2 2 0 1 5070 5134 5069
9984 2 2 0 1 5134 5135 5070
9985 2 2 0 1 5072 5136 5071
9986 2 2 0 1 5136 5137 5072
9987 2 2 0 1 5073 5137 5072
9988 2 2 0 1 5137 5138 5073
9989 2 2 0 1 5074 5138 5073
9990 2 2 0 1 5138 5139 5074
9991 2 2 0 1 5075 5139 5074
9992 2 2 0 1 5139 5140 5075
9993 2 2 0 1 5076 5140 5075
9994 2 2 0 1 5140 5141 5076
9995 2 2 0 1 5077 5141 5076
9996 2 2 0 1 5141 5142 5077
9997 2 2 0 1 5078 5142 5077
9998 2 2 0 1 5142 5143 5078
9999 2 2 0 1 5079 5143 5078
10000 2 2 0 1 5143 5144 5079
10001 2 2 0 1 5080 5144 5079
10002 2 2 0 1 5144 5145 5080
10003 2 2 0 1 5081 5145 5080
10004 2 2 0 1 5145 5146 5081
10005 2 2 0 1 5082 5146 5081
10006 2 2 0 1 5146 5147 5082
10007 2 2 0 1 5083 5147 5082
10008 2 2 0 1 5147 5148 5083
10009 2 2 0 1 5084 5148 5083
10010 2 2 0 1 5148 5149 5084
10011 2 2 0 1 5085 5149 5084
10012 2 2 0 1 5149 5150 5085
10013 2 2 0 1 5086 5150 5085
10014 2 2 0 1 5150 5151 5086
10015 2 2 0 1 5087 5151 5086
10016 2 2 0 1 5151 5152 5087
10017 2 2 0 1 5088 5152 5087
10018 2 2 0 1 5152 5153 5088
10019 2 2 0 1 5089 5153 5088
10020 2 2 0 1 5153 5154 5089
10021 2 2 0 1 5090 5154 5089
10022 2 2 0 1 5154 5155 5090
10023 2 2 0 1 5091 5155 5090
10024 2 2 0 1 5155 5156 5091
10025 2 2 0 1 5092 5156 5091
10026 2 2 0 1 5156 5157 5092
10027 2 2 0 1 5093 5157 5092
10028 2 2 0 1 5157 5158 5093
10029 2 2 0 1 5094 5158 5093
10030 2 2 0 1 5158 5159 5094
10031 2 2 0 1 5160 5159 5094
10032 2 2 0 1 5094 5160 5095
10033 2 2 0 1 5161 5160 5095
10034 2 2 0 1 5095 5161 5096
10035 2 2 0 1 5162 5161 5096
10036 2 2 0 1 5096 5162 5097
10037 2 2 0 1 5098 5162 5097
10038 2 2 0 1 5162 5163 5098
10039 2 2 0 1 5099 5163 5098
10040 2 2 0 1 5163 5164 5099
10041 2 2 0 1 5100 5164 5099
10042 2 2 0 1 5164 5165 5100
10043 2 2 0 1 5166 5165 5100
10044 2 2 0 1 5100 5166 5101
10045 2 2 0 1 5167 5166 5101
10046 2 2 0 1 5101 5167 5102
10047 2 2 0 1 5168 5167 5102
10048 2 2 0 1 5102 5168 5103
10049 2 2 0 1 5169 5168 5103
10050 2 2 0 1 5103 5169 5104
10051 2 2 0 1 5170 5169 5104
10052 2 2 0 1 5104 5170 5105
10053 2 2 0 1 5171 5170 5105
10054 2 2 0 1 5105 5171 5106
10055 2 2 0 1 5172 5171 5106
10056 2 2 0 1 5106 5172 5107
10057 2 2 0 1 5173 5172 5107
10058 2 2 0 1 5107 5173 5108
10059 2 2 0 1 5174 5173 5108
10060 2 2 0 1 5108 5174 5109
10061 2 2 0 1 5110 5174 5109
10062 2 2 0 1 5174 5175 5110
10063 2 2 0 1 5111 5175 5110
10064 2 2 0 1 5175 5176 5111
10065 2 2 0 1 5112 5176 5111
10066 2 2 0 1 5176 5177 5112
10067 2 2 0 1 5113 5177 5112
10068 2 2 0 1 5177 5178 5113
10069 2 2 0 1 5179 5178 5113
10070 2 2 0 1 5113 5179 5114
10071 2 2 0 1 5180 5179 5114
10072 2 2 0 1 5114 5180 5115
10073 2 2 0 1 5181 5180 5115
10074 2 2 0 1 5115 5181 5116
10075 2 2 0 1 5182 5181 5116
10076 2 2 0 1 5116 5182 5117
10077 2 2 0 1 5183 5182 5117
10078 2 2 0 1 5117 5183 5118
10079 2 2 0 1 5184 5183 5118
10080 2 2 0 1 5118 5184 5119
10081 2 2 0 1 5185 5184 5119
10082 2 2 0 1 5119 5185 5120
10083 2 2 0 1 5186 5185 5120
10084 2 2 0 1 5120 5186 5121
10085 2 2 0 1 5187 5186 5121
10086 2 2 0 1 5121 5187 5122
10087 2 2 0 1 5188 5187 5122
10088 2 2 0 1 5122 5188 5123
10089 2 2 0 1 5189 5188 5123
10090 2 2 0 1 5123 5189 5124
10091 2 2 0 1 5190 5189 5124
10092 2 2 0 1 5124 5190 5125
10093 2 2 0 1 5126 5190 5125
10094 2 2 0 1 5190 5191 5126
10095 2 2 0 1 5127 5191 5126
10096 2 2 0 1 5191 5192 5127
10097 2 2 0 1 5128 5192 5127
10098 2 2 0 1 5192 5193 5128
10099 2 2 0 1 5129 5193 5128
10100 2 2 0 1 5193 5194 5129
10101 2 2 0 1 5130 5194 5129
10102 2 2 0 1 5194 5195 5130
10103 2 2 0 1 5131 5195 5130
10104 2 2 0 1 5195 5196 5131
10105 2 2 0 1 5132 5196 5131
10106 2 2 0 1 5196 5197 5132
10107 2 2 0 1 5133 5197 5132
10108 2 2 0 1 5197 5198 5133
10109 2 2 0 1 5134 5198 5133
10110 2 2 0 1 5198 5199 5134
10111 2 2 0 1 5135 5199 5134
10112 2 2 0 1 5199 5200 5135
10113 2 2 0 1 5137 5201 5136
10114 2 2 0 1 5201 5202 5137
10115 2 2 0 1 5138 5202 5137
10116 2 2 0 1 5202 5203 5138
10117 2 2 0 1 5139 5203 5138
10118 2 2 0 1 5203 5204 5139
10119 2 2 0 1 5140 5204 5139
10120 2 2 0 1 5204 5205 5140
10121 2 2 0 1 5141 5205 5140
10122 2 2 0 1 5205 5206 5141
10123 2 2 0 1 5142 5206 5141
10124 2 2 0 1 5206 5207 5142
10125 2 2 0 1 5143 5207 5142
10126 2 2 0 1 5207 5208 5143
10127 2 2 0 1 5144 5208 5143
10128 2 2 0 1 5208 5209 5144
10129 2 2 0 1 5145 5209 5144
10130 2 2 0 1 5209 5210 5145
10131 2 2 0 1 5146 5210 5145
10132 2 2 0 1 5210 5211 5146
10133 2 2 0 1 5147 5211 5146
10134 2 2 0 1 5211 5212 5147
10135 2 2 0 1 5148 5212 5147
10136 2 2 0 1 5212 5213 5148
10137 2 2 0 1 5149 5213 5148
10138 2 2 0 1 5213 5214 5149
10139 2 2 0 1 5150 5214 5149
10140 2 2 0 1 5214 5215 5150
10141 2 2 0 1 5151 5215 5150
10142 2 2 0 1 5215 5216 5151
10143 2 2 0 1 5152 5216 5151
10144 2 2 0 1 5216 5217 5152
10145 2 2 0 1 5153 5217 5152
10146 2 2 0 1 5217 5218 5153
10147 2 2 0 1 5154 5218 5153
10148 2 2 0 1 5218 5219 5154
10149 2 2 0 1 5155 5219 5154
10150 2 2 0 1 5219 5220 5155
10151 2 2 0 1 5156 5220 5155
10152 2 2 0 1 5220 5221 5156
10153 2 2 0 1 5157 5221 5156
10154 2 2 0 1 5221 5222 5157
10155 2 2 0 1 5158 5222 5157
10156 2 2 0 1 5222 5223 5158
10157 2 2 0 1 5159 5223 5158
10158 2 2 0 1 5223 5224 5159
10159 2 2 0 1 5225 5224 5159
10160 2 2 0 1 5159 5225 5160
10161 2 2 0 1 5226 5225 5160
10162 2 2 0 1 5160 5226 5161
10163 2 2 0 1 5227 5226 5161
10164 2 2 0 1 5161 5227 5162
10165 2 2 0 1 5163 5227 5162
10166 2 2 0 1 5227 5228 5163
10167 2 2 0 1 5164 5228 5163
10168 2 2 0 1 5228 5229 5164
10169 2 2 0 1 5165 5229 5164
10170 2 2 0 1 5229 5230 5165
10171 2 2 0 1 5231 5230 5165
10172 2 2 0 1 5165 5231 5166
10173 2 2 0 1 5232 5231 5166
10174 2 2 0 1 5166 5232 5167
10175 2 2 0 1 5233 5232 5167
10176 2 2 0 1 5167 5233 5168
10177 2 2 0 1 5234 5233 5168
10178 2 2 0 1 5168 5234 5169
10179 2 2 0 1 5235 5234 5169
10180 2 2 0 1 5169 5235 5170
10181 2 2 0 1 5236 5235 5170
10182 2 2 0 1 5170 5236 5171
10183 2 2 0 1 5237 5236 5171
10184 2 2 0 1 5171 5237 5172
10185 2 2 0 1 5238 5237 5172
10186 2 2 0 1 5172 5238 5173
10187 2 2 0 1 5239 5238 5173
10188 2 2 0 1 5173 5239 5174
10189 2 2 0 1 5175 5239 5174
10190 2 2 0 1 5239 5240 5175
10191 2 2 0 1 5176 5240 5175
10192 2 2 0 1 5240 5241 5176
10193 2 2 0 1 5177 5241 5176
10194 2 2 0 1 5241 5242 5177
10195 2 2 0 1 5178 5242 5177
10196 2 2 0 1 5242 5243 5178
10197 2 2 0 1 5244 5243 5178
10198 2 2 0 1 5178 5244 5179
10199 2 2 0 1 5245 5244 5179
10200 2 2 0 1 5179 5245 5180
10201 2 2 0 1 5246 5245 5180
10202 2 2 0 1 5180 5246 5181
10203 2 2 0 1 5247 5246 5181
10204 2 2 0 1 5181 5247 5182
10205 2 2 0 1 5248 5247 5182
10206 2 2 0 1 5182 5248 5183
10207 2 2 0 1 5249 5248 5183
10208 2 2 0 1 5183 5249 5184
10209 2 2 0 1 5250 5249 5184
10210 2 2 0 1 5184 5250 5185
10211 2 2 0 1 5251 5250 5185
10212 2 2 0 1 5185 5251 5186
10213 2 2 0 1 5252 5251 5186
10214 2 2 0 1 5186 5252 5187
10215 2 2 0 1 5253 5252 5187
10216 2 2 0 1 5187 5253 5188
10217 2 2 0 1 5254 5253 5188
10218 2 2 0 1 5188 5254 5189
10219 2 2 0 1 5255 5254 5189
10220 2 2 0 1 5189 5255 5190
10221 2 2 0 1 5191 5255 5190
10222 2 2 0 1 5255 5256 5191
10223 2 2 0 1 5192 5256 5191
10224 2 2 0 1 5256 5257 5192
10225 2 2 0 1 5193 5257 5192
10226 2 2 0 1 5257 5258 5193
10227 2 2 0 1 5194 5258 5193
10228 2 2 0 1 5258 5259 5194
10229 2 2 0 1 5195 5259 5194
10230 2 2 0 1 5259 5260 5195
10231 2 2 0 1 5196 5260 5195
10232 2 2 0 1 5260 5261 5196
10233 2 2 0 1 5197 5261 5196
10234 2 2 0 1 5261 5262 5197
10235 2 2 0 1 5198 5262 5197
10236 2 2 0 1 5262 5263 5198
10237 2 2 0 1 5199 5263 5198
10238 2 2 0 1 5263 5264 5199
10239 2 2 0 1 5200 5264 5199
10240 2 2 0 1 5264 5265 5200
10241 2 2 0 1 5202 5266 5201
10242 2 2 0 1 5266 5267 5202
10243 2 2 0 1 5203 5267 5202
10244 2 2 0 1 5267 5268 5203
10245 2 2 0 1 5204 5268 5203
10246 2 2 0 1 5268 5269 5204
10247 2 2 0 1 5205 5269 5204
10248 2 2 0 1 5269 5270 5205
10249 2 2 0 1 5206 5270 5205
10250 2 2 0 1 5270 5271 5206
10251 2 2 0 1 5207 5271 5206
10252 2 2 0 1 5271 5272 5207
10253 2 2 0 1 5208 5272 5207
10254 2 2 0 1 5272 5273 5208
10255 2 2 0 1 5209 5273 5208
10256 2 2 0 1 5273 5274 5209
10257 2 2 0 1 5210 5274 5209
10258 2 2 0 1 5274 5275 5210
10259 2 2 0 1 5211 5275 5210
10260 2 2 0 1 5275 5276 5211
10261 2 2 0 1 5212 5276 5211
10262 2 2 0 1 5276 5277 5212
10263 2 2 0 1 5213 5277 5212
10264 2 2 0 1 5277 5278 5213
10265 2 2 0 1 5214 5278 5213
10266 2 2 0 1 5278 5279 5214
10267 2 2 0 1 5215 5279 5214
10268 2 2 0 1 5279 5280 5215
10269 2 2 0 1 5216 5280 5215
10270 2 2 0 1 5280 5281 5216
10271 2 2 0 1 5217 5281 5216
10272 2 2 0 1 5281 5282 5217
10273 2 2 0 1 5218 5282 5217
10274 2 2 0 1 5282 5283 5218
10275 2 2 0 1 5219 5283 5218
10276 2 2 0 1 5283 5284 5219
10277 2 2 0 1 5220 5284 5219
10278 2 2 0 1 5284 5285 5220
10279 2 2 0 1 5221 5285 5220
10280 2 2 0 1 5285 5286 5221
10281 2 2 0 1 5222 5286 5221
10282 2 2 0 1 5286 5287 5222
10283 2 2 0 1 5223 5287 5222
10284 2 2 0 1 5287 5288 5223
10285 2 2 0 1 5224 5288 5223
10286 2 2 0 1 5288 5289 5224
10287 2 2 0 1 5290 5289 5224
10288 2 2 0 1 5224 5290 5225
10289 2 2 0 1 5291 5290 5225
10290 2 2 0 1 5225 5291 5226
10291 2 2 0 1 5292 5291 5226
10292 2 2 0 1 5226 5292 5227
10293 2 2 0 1 5228 5292 5227
10294 2 2 0 1 5292 5293 5228
10295 2 2 0 1 5229 5293 5228
10296 2 2 0 1 5293 5294 5229
10297 2 2 0 1 5230 5294 5229
10298 2 2 0 1 5294 5295 5230
10299 2 2 0 1 5296 5295 5230
10300 2 2 0 1 5230 5296 5231
10301 2 2 0 1 5297 5296 5231
10302 2 2 0 1 5231 5297 5232
10303 2 2 0 1 5298 5297 5232
10304 2 2 0 1 5232 5298 5233
10305 2 2 0 1 5299 5298 5233
10306 2 2 0 1 5233 5299 5234
10307 2 2 0 1 5300 5299 5234
10308 2 2 0 1 5234 5300 5235
10309 2 2 0 1 5301 5300 5235
10310 2 2 0 1 5235 5301 5236
10311 2 2 0 1 5302 5301 5236
10312 2 2 0 1 5236 5302 5237
10313 2 2 0 1 5303 5302 5237
10314 2 2 0 1 5237 5303 5238
10315 2 2 0 1 5304 5303 5238
10316 2 2 0 1 5238 5304 5239
10317 2 2 0 1 5240 5304 5239
10318 2 2 0 1 5304 5305 5240
10319 2 2 0 1 5241 5305 5240
10320 2 2 0 1 5305 5306 5241
10321 2 2 0 1 5242 5306 5241
10322 2 2 0 1 5306 5307 5242
10323 2 2 0 1 5243 5307 5242
10324 2 2 0 1 5307 5308 5243
10325 2 2 0 1 5309 5308 5243
10326 2 2 0 1 5243 5309 5244
10327 2 2 0 1 5310 5309 5244
10328 2 2 0 1 5244 5310 5245
10329 2 2 0 1 5311 5310 5245
10330 2 2 0 1 5245 5311 5246
10331 2 2 0 1 5312 5311 5246
10332 2 2 0 1 5246 5312 5247
10333 2 2 0 1 5313 5312 5247
10334 2 2 0 1 5247 5313 5248
10335 2 2 0 1 5314 5313 5248
10336 2 2 0 1 5248 5314 5249
10337 2 2 0 1 5315 5314 5249
10338 2 2 0 1 5249 5315 5250
10339 2 2 0 1 5316 5315 5250
10340 2 2 0 1 5250 5316 5251
10341 2 2 0 1 5317 5316 5251
10342 2 2 0 1 5251 5317 5252
10343 2 2 0 1 5318 5317 5252
10344 2 2 0 1 5252 5318 5253
10345 2 2 0 1 5319 5318 5253
10346 2 2 0 1 5253 5319 5254
10347 2 2 0 1 5320 5319 5254
10348 2 2 0 1 5254 5320 5255
10349 2 2 0 1 5256 5320 5255
10350 2 2 0 1 5320 5321 5256
10351 2 2 0 1 5257 5321 5256
10352 2 2 0 1 5321 5322 5257
10353 2 2 0 1 5258 5322 5257
10354 2 2 0 1 5322 5323 5258
10355 2 2 0 1 5259 5323 5258
10356 2 2 0 1 5323 5324 5259
10357 2 2 0 1 5260 5324 5259
10358 2 2 0 1 5324 5325 5260
10359 2 2 0 1 5261 5325 5260
10360 2 2 0 1 5325 5326 5261
10361 2 2 0 1 5262 5326 5261
10362 2 2 0 1 5326 5327 5262
10363 2 2 0 1 5263 5327 5262
10364 2 2 0 1 5327 5328 5263
10365 2 2 0 1 5264 5328 5263
10366 2 2 0 1 5328 5329 5264
10367 2 2 0 1 5265 5329 5264
10368 2 2 0 1 5329 5330 5265
10369 2 2 0 1 5267 5331 5266
10370 2 2 0 1 5331 5332 5267
10371 2 2 0 1 5268 5332 5267
10372 2 2 0 1 5332 5333 5268
10373 2 2 0 1 5269 5333 5268
10374 2 2 0 1 5333 5334 5269
10375 2 2 0 1 5270 5334 5269
10376 2 2 0 1 5334 5335 5270
10377 2 2 0 1 5271 5335 5270
10378 2 2 0 1 5335 5336 5271
10379 2 2 0 1 5272 5336 5271
10380 2 2 0 1 5336 5337 5272
10381 2 2 0 1 5273 5337 5272
10382 2 2 0 1 5337 5338 5273
10383 2 2 0 1 5274 5338 5273
10384 2 2 0 1 5338 5339 5274
10385 2 2 0 1 5275 5339 5274
10386 2 2 0 1 5339 5340 5275
10387 2 2 0 1 5276 5340 5275
10388 2 2 0 1 5340 5341 5276
10389 2 2 0 1 5277 5341 5276
10390 2 2 0 1 5341 5342 5277
10391 2 2 0 1 5278 5342 5277
10392 2 2 0 1 5342 5343 5278
10393 2 2 0 1 5279 5343 5278
10394 2 2 0 1 5343 5344 5279
10395 2 2 0 1 5280 5344 5279
10396 2 2 0 1 5344 5345 5280
10397 2 2 0 1 5281 5345 5280
10398 2 2 0 1 5345 5346 5281
10399 2 2 0 1 5282 5346 5281
10400 2 2 0 1 5346 5347 5282
10401 2 2 0 1 5283 5347 5282
10402 2 2 0 1 5347 5348 5283
10403 2 2 0 1 5284 5348 5283
10404 2 2 0 1 5348 5349 5284
10405 2 2 0 1 5285 5349 5284
10406 2 2 0 1 5349 5350 5285
10407 2 2 0 1 5286 5350 5285
10408 2 2 0 1 5350 5351 5286
10409 2 2 0 1 5287 5351 5286
10410 2 2 0 1 5351 5352 5287
10411 2 2 0 1 5288 5352 5287
10412 2 2 0 1 5352 5353 5288
10413 2 2 0 1 5289 5353 5288
10414 2 2 0 1 5353 5354 5289
10415 2 2 0 1 5355 5354 5289
10416 2 2 0 1 5289 5355 5290
10417 2 2 0 1 5356 5355 5290
10418 2 2 0 1 5290 5356 5291
10419 2 2 0 1 5357 5356 5291
10420 2 2 0 1 5291 5357 5292
10421 2 2 0 1 5293 5357 5292
10422 2 2 0 1 5357 5358 5293
10423 2 2 0 1 5294 5358 5293
10424 2 2 0 1 5358 5359 5294
10425 2 2 0 1 5295 5359 5294
10426 2 2 0 1 5359 5360 5295
10427 2 2 0 1 5361 5360 5295
10428 2 2 0 1 5295 5361 5296
10429 2 2 0 1 5362 5361 5296
10430 2 2 0 1 5296 5362 5297
10431 2 2 0 1 5363 5362 5297
10432 2 2 0 1 5297 5363 5298
10433 2 2 0 1 5364 5363 5298
10434 2 2 0 1 5298 5364 5299
10435 2 2 0 1 5365 5364 5299
10436 2 2 0 1 5299 5365 5300
10437 2 2 0 1 5366 5365 5300
10438 2 2 0 1 5300 5366 5301
10439 2 2 0 1 5367 5366 5301
10440 2 2 0 1 5301 5367 5302
10441 2 2 0 1 5368 5367 5302
10442 2 2 0 1 5302 5368 5303
10443 2 2 0 1 5369 5368 5303
10444 2 2 0 1 5303 5369 5304
10445 2 2 0 1 5305 5369 5304
10446 2 2 0 1 5369 5370 5305
10447 2 2 0 1 5306 5370 5305
10448 2 2 0 1 5370 5371 5306
10449 2 2 0 1 5307 5371 5306
10450 2 2 0 1 5371 5372 5307
10451 2 2 0 1 5308 5372 5307
10452 2 2 0 1 5372 5373 5308
10453 2 2 0 1 5374 5373 5308
10454 2 2 0 1 5308 5374 5309
10455 2 2 0 1 5375 5374 5309
10456 2 2 0 1 5309 5375 5310
10457 2 2 0 1 5376 5375 5310
10458 2 2 0 1 5310 5376 5311
10459 2 2 0 1 5377 5376 5311
10460 2 2 0 1 5311 5377 5312
10461 2 2 0 1 5378 5377 5312
10462 2 2 0 1 5312 5378 5313
10463 2 2 0 1 5379 5378 5313
10464 2 2 0 1 5313 5379 5314
10465 2 2 0 1 5380 5379 5314
10466 2 2 0 1 5314 5380 5315
10467 2 2 0 1 5381 5380 5315
10468 2 2 0 1 5315 5381 5316
10469 2 2 0 1 5382 5381 5316
10470 2 2 0 1 5316 5382 5317
10471 2 2 0 1 5383 5382 5317
10472 2 2 0 1 5317 5383 5318
10473 2 2 0 1 5384 5383 5318
10474 2 2 0 1 5318 5384 5319
10475 2 2 0 1 5385 5384 5319
10476 2 2 0 1 5319 5385 5320
10477 2 2 0 1 5321 5385 5320
10478 2 2 0 1 5385 5386 5321
10479 2 2 0 1 5322 5386 5321
10480 2 2 0 1 5386 5387 5322
10481 2 2 0 1 5323 5387 5322
10482 2 2 0 1 5387 5388 5323
10483 2 2 0 1 5324 5388 5323
10484 2 2 0 1 5388 5389 5324
10485 2 2 0 1 5325 5389 5324
10486 2 2 0 1 5389 5390 5325
10487 2 2 0 1 5326 5390 5325
10488 2 2 0 1 5390 5391 5326
10489 2 2 0 1 5327 5391 5326
10490 2 2 0 1 5391 5392 5327
10491 2 2 0 1 5328 5392 5327
10492 2 2 0 1 5392 5393 5328
10493 2 2 0 1 5329 5393 5328
10494 2 2 0 1 5393 5394 5329
10495 2 2 0 1 5330 5394 5329
10496 2 2 0 1 5394 5395 5330
10497 2 2 0 1 5332 5396 5331
10498 2 2 0 1 5396 5397 5332
10499 2 2 0 1 5333 5397 5332
10500 2 2 0 1 5397 5398 5333
10501 2 2 0 1 5334 5398 5333
10502 2 2 0 1 5398 5399 5334
10503 2 2 0 1 5335 5399 5334
10504 2 2 0 1 5399 5400 5335
10505 2 2 0 1 5336 5400 5335
10506 2 2 0 1 5400 5401 5336
10507 2 2 0 1 5337 5401 5336
10508 2 2 0 1 5401 5402 5337
10509 2 2 0 1 5338 5402 5337
10510 2 2 0 1 5402 5403 5338
10511 2 2 0 1 5339 5403 5338
10512 2 2 0 1 5403 5404 5339
10513 2 2 0 1 5340 5404 5339
10514 2 2 0 1 5404 5405 5340
10515 2 2 0 1 5341 5405 5340
10516 2 2 0 1 5405 5406 5341
10517 2 2 0 1 5342 5406 5341
10518 2 2 0 1 5406 5407 5342
10519 2 2 0 1 5343 5407 5342
10520 2 2 0 1 5407 5408 5343
10521 2 2 0 1 5344 5408 5343
10522 2 2 0 1 5408 5409 5344
10523 2 2 0 1 5345 5409 5344
10524 2 2 0 1 5409 5410 5345
10525 2 2 0 1 5346 5410 5345
10526 2 2 0 1 5410 5411 5346
10527 2 2 0 1 5347 5411 5346
10528 2 2 0 1 5411 5412 5347
10529 2 2 0 1 5348 5412 5347
10530 2 2 0 1 5412 5413 5348
10531 2 2 0 1 5349 5413 5348
10532 2 2 0 1 5413 5414 5349
10533 2 2 0 1 5350 5414 5349
10534 2 2 0 1 5414 5415 5350
10535 2 2 0 1 5351 5415 5350
10536 2 2 0 1 5415 5416 5351
10537 2 2 0 1 5352 5416 5351
10538 2 2 0 1 5416 5417 5352
10539 2 2 0 1 5353 5417 5352
10540 2 2 0 1 5417 5418 5353
10541 2 2 0 1 5354 5418 5353
10542 2 2 0 1 5418 5419 5354
10543 2 2 0 1 5420 5419 5354
10544 2 2 0 1 5354 5420 5355
10545 2 2 0 1 5421 5420 5355
10546 2 2 0 1 5355 5421 5356
10547 2 2 0 1 5422 5421 5356
10548 2 2 0 1 5356 5422 5357
10549 2 2 0 1 5358 5422 5357
10550 2 2 0 1 5422 5423 5358
10551 2 2 0 1 5359 5423 5358
10552 2 2 0 1 5423 5424 5359
10553 2 2 0 1 5360 5424 5359
10554 2 2 0 1 5424 5425 5360
10555 2 2 0 1 5426 5425 5360
10556 2 2 0 1 5360 5426 5361
10557 2 2 0 1 5427 5426 5361
10558 2 2 0 1 5361 5427 5362
10559 2 2 0 1 5428 5427 5362
10560 2 2 0 1 5362 5428 5363
10561 2 2 0 1 5429 5428 5363
10562 2 2 0 1 5363 5429 5364
10563 2 2 0 1 5430 5429 5364
10564 2 2 0 1 5364 5430 5365
10565 2 2 0 1 5431 5430 5365
10566 2 2 0 1 5365 5431 5366
10567 2 2 0 1 5432 5431 5366
10568 2 2 0 1 5366 5432 5367
10569 2 2 0 1 5433 5432 5367
10570 2 2 0 1 5367 5433 5368
10571 2 2 0 1 5434 5433 5368
10572 2 2 0 1 5368 5434 5369
10573 2 2 0 1 5370 5434 5369
10574 2 2 0 1 5434 5435 5370
10575 2 2 0 1 5371 5435 5370
10576 2 2 0 1 5435 5436 5371
10577 2 2 0 1 5372 5436 5371
10578 2 2 0 1 5436 5437 5372
10579 2 2 0 1 5373 5437 5372
10580 2 2 0 1 5437 5438 5373
10581 2 2 0 1 5439 5438 5373
10582 2 2 0 1 5373 5439 5374
10583 2 2 0 1 5440 5439 5374
10584 2 2 0 1 5374 5440 5375
10585 2 2 0 1 5441 5440 5375
10586 2 2 0 1 5375 5441 5376
10587 2 2 0 1 5442 5441 5376
10588 2 2 0 1 5376 5442 5377
10589 2 2 0 1 5443 5442 5377
10590 2 2 0 1 5377 5443 5378
10591 2 2 0 1 5444 5443 5378
10592 2 2 0 1 5378 5444 5379
10593 2 2 0 1 5445 5444 5379
10594 2 2 0 1 5379 5445 5380
10595 2 2 0 1 5446 5445 5380
10596 2 2 0 1 5380 5446 5381
10597 2 2 0 1 5447 5446 5381
10598 2 2 0 1 5381 5447 5382
10599 2 2 0 1 5448 5447 5382
10600 2 2 0 1 5382 5448 5383
10601 2 2 0 1 5449 5448 5383
10602 2 2 0 1 5383 5449 5384
10603 2 2 0 1 5450 5449 5384
10604 2 2 0 1 5384 5450 5385
10605 2 2 0 1 5386 5450 5385
10606 2 2 0 1 5450 5451 5386
10607 2 2 0 1 5387 5451 5386
10608 2 2 0 1 5451 5452 5387
10609 2 2 0 1 5388 5452 5387
10610 2 2 0 1 5452 5453 5388
10611 2 2 0 1 5389 5453 5388
10612 2 2 0 1 5453 5454 5389
10613 2 2 0 1 5390 5454 5389
10614 2 2 0 1 5454 5455 5390
10615 2 2 0 1 5391 5455 5390
10616 2 2 0 1 5455 5456 5391
10617 2 2 0 1 5392 5456 5391
10618 2 2 0 1 5456 5457 5392
10619 2 2 0 1 5393 5457 5392
10620 2 2 0 1 5457 5458 5393
10621 2 2 0 1 5394 5458 5393
10622 2 2 0 1 5458 5459 5394
10623 2 2 0 1 5395 5459 5394
10624 2 2 0 1 5459 5460 5395
10625 2 2 0 1 5397 5461 5396
10626 2 2 0 1 5461 5462 5397
10627 2 2 0 1 5398 5462 5397
10628 2 2 0 1 5462 5463 5398
10629 2 2 0 1 5399 5463 5398
10630 2 2 0 1 5463 5464 5399
10631 2 2 0 1 5400 5464 5399
10632 2 2 0 1 5464 5465 5400
10633 2 2 0 1 5401 5465 5400
10634 2 2 0 1 5465 5466 5401
10635 2 2 0 1 5402 5466 5401
10636 2 2 0 1 5466 5467 5402
10637 2 2 0 1 5403 5467 5402
10638 2 2 0 1 5467 5468 5403
10639 2 2 0 1 5404 5468 5403
10640 2 2 0 1 5468 5469 5404
10641 2 2 0 1 5405 5469 5404
10642 2 2 0 1 5469 5470 5405
10643 2 2 0 1 5406 5470 5405
10644 2 2 0 1 5470 5471 5406
10645 2 2 0 1 5407 5471 5406
10646 2 2 0 1 5471 5472 5407
10647 2 2 0 1 5408 5472 5407
10648 2 2 0 1 5472 5473 5408
10649 2 2 0 1 5409 5473 5408
10650 2 2 0 1 5473 5474 5409
10651 2 2 0 1 5410 5474 5409
10652 2 2 0 1 5474 5475 5410
10653 2 2 0 1 5411 5475 5410
10654 2 2 0 1 5475 5476 5411
10655 2 2 0 1 5412 5476 5411
10656 2 2 0 1 5476 5477 5412
10657 2 2 0 1 5413 5477 5412
10658 2 2 0 1 5477 5478 5413
10659 2 2 0 1 5414 5478 5413
10660 2 2 0 1 5478 5479 5414
10661 2 2 0 1 5415 5479 5414
10662 2 2 0 1 5479 5480 5415
10663 2 2 0 1 5416 5480 5415
10664 2 2 0 1 5480 5481 5416
10665 2 2 0 1 5417 5481 5416
10666 2 2 0 1 5481 5482 5417
10667 2 2 0 1 5418 5482 5417
10668 2 2 0 1 5482 5483 5418
10669 2 2 0 1 5419 5483 5418
10670 2 2 0 1 5483 5484 5419
10671 2 2 0 1 5485 5484 5419
10672 2 2 0 1 5419 5485 5420
10673 2 2 0 1 5486 5485 5420
10674 2 2 0 1 5420 5486 5421
10675 2 2 0 1 5487 5486 5421
10676 2 2 0 1 5421 5487 5422
10677 2 2 0 1 5423 5487 5422
10678 2 2 0 1 5487 5488 5423
10679 2 2 0 1 5424 5488 5423
10680 2 2 0 1 5488 5489 5424
10681 2 2 0 1 5425 5489 5424
10682 2 2 0 1 5489 5490 5425
10683 2 2 0 1 5491 5490 5425
10684 2 2 0 1 5425 5491 5426
10685 2 2 0 1 5492 5491 5426
10686 2 2 0 1 5426 5492 5427
10687 2 2 0 1 5493 5492 5427
10688 2 2 0 1 5427 5493 5428
10689 2 2 0 1 5494 5493 5428
10690 2 2 0 1 5428 5494 5429
10691 2 2 0 1 5495 5494 5429
10692 2 2 0 1 5429 5495 5430
10693 2 2 0 1 5496 5495 5430
10694 2 2 0 1 5430 5496 5431
10695 2 2 0 1 5497 5496 5431
10696 2 2 0 1 5431 5497 5432
10697 2 2 0 1 5498 5497 5432
10698 2 2 0 1 5432 5498 5433
10699 2 2 0 1 5499 5498 5433
10700 2 2 0 1 5433 5499 5434
10701 2 2 0 1 5435 5499 5434
10702 2 2 0 1 5499 5500 5435
10703 2 2 0 1 5436 5500 5435
10704 2 2 0 1 5500 5501 5436
10705 2 2 0 1 5437 5501 5436
10706 2 2 0 1 5501 5502 5437
10707 2 2 0 1 5438 5502 5437
10708 2 2 0 1 5502 5503 5438
10709 2 2 0 1 5504 5503 5438
10710 2 2 0 1 5438 5504 5439
10711 2 2 0 1 5505 5504 5439
10712 2 2 0 1 5439 5505 5440
10713 2 2 0 1 5506 5505 5440
10714 2 2 0 1 5440 5506 5441
10715 2 2 0 1 5507 5506 5441
10716 2 2 0 1 5441 5507 5442
10717 2 2 0 1 5508 5507 5442
10718 2 2 0 1 5442 5508 5443
10719 2 2 0 1 5509 5508 5443
10720 2 2 0 1 5443 5509 5444
10721 2 2 0 1 5510 5509 5444
10722 2 2 0 1 5444 5510 5445
10723 2 2 0 1 5511 5510 5445
10724 2 2 0 1 5445 5511 5446
10725 2 2 0 1 5512 5511 5446
10726 2 2 0 1 5446 5512 5447
10727 2 2 0 1 5513 5512 5447
10728 2 2 0 1 5447 5513 5448
10729 2 2 0 1 5514 5513 5448
10730 2 2 0 1 5448 5514 5449
10731 2 2 0 1 5515 5514 5449
10732 2 2 0 1 5449 5515 5450
10733 2 2 0 1 5451 5515 5450
10734 2 2 0 1 5515 5516 5451
10735 2 2 0 1 5452 5516 5451
10736 2 2 0 1 5516 5517 5452
10737 2 2 0 1 5453 5517 5452
10738 2 2 0 1 5517 5518 5453
10739 2 2 0 1 5454 5518 5453
10740 2 2 0 1 5518 5519 5454
10741 2 2 0 1 5455 5519 5454
10742 2 2 0 1 5519 5520 5455
10743 2 2 0 1 5456 5520 5455
10744 2 2 0 1 5520 5521 5456
10745 2 2 0 1 5457 5521 5456
10746 2 2 0 1 5521 5522 5457
10747 2 2 0 1 5458 5522 5457
10748 2 2 0 1 5522 5523 5458
10749 2 2 0 1 5459 5523 5458
10750 2 2 0 1 5523 5524 5459
10751 2 2 0 1 5460 5524 5459
10752 2 2 0 1 5524 5525 5460
10753 2 2 0 1 5462 5526 5461
10754 2 2 0 1 5526 5527 5462
10755 2 2 0 1 5463 5527 5462
10756 2 2 0 1 5527 5528 5463
10757 2 2 0 1 5464 5528 5463
10758 2 2 0 1 5528 5529 5464
10759 2 2 0 1 5465 5529 5464
10760 2 2 0 1 5529 5530 5465
10761 2 2 0 1 5466 5530 5465
10762 2 2 0 1 5530 5531 5466
10763 2 2 0 1 5467 5531 5466
10764 2 2 0 1 5531 5532 5467
10765 2 2 0 1 5468 5532 5467
10766 2 2 0 1 5532 5533 5468
10767 2 2 0 1 5469 5533 5468
10768 2 2 0 1 5533 5534 5469
10769 2 2 0 1 5470 5534 5469
10770 2 2 0 1 5534 5535 5470
10771 2 2 0 1 5471 5535 5470
10772 2 2 0 1 5535 5536 5471
10773 2 2 0 1 5472 5536 5471
10774 2 2 0 1 5536 5537 5472
10775 2 2 0 1 5473 5537 5472
10776 2 2 0 1 5537 5538 5473
10777 2 2 0 1 5474 5538 5473
10778 2 2 0 1 5538 5539 5474
10779 2 2 0 1 5475 5539 5474
10780 2 2 0 1 5539 5540 5475
10781 2 2 0 1 5476 5540 5475
10782 2 2 0 1 5540 5541 5476
10783 2 2 0 1 5477 5541 5476
10784 2 2 0 1 5541 5542 5477
10785 2 2 0 1 5478 5542 5477
10786 2 2 0 1 5542 5543 5478
10787 2 2 0 1 5479 5543 5478
10788 2 2 0 1 5543 5544 5479
10789 2 2 0 1 5480 5544 5479
10790 2 2 0 1 5544 5545 5480
10791 2 2 0 1 5481 5545 5480
10792 2 2 0 1 5545 5546 5481
10793 2 2 0 1 5482 5546 5481
10794 2 2 0 1 5546 5547 5482
10795 2 2 0 1 5483 5547 5482
10796 2 2 0 1 5547 5548 5483
10797 2 2 0 1 5484 5548 5483
10798 2 2 0 1 5548 5549 5484
10799 2 2 0 1 5485 5549 5484
10800 2 2 0 1 5549 5550 5485
10801 2 2 0 1 5551 5550 5485
10802 2 2 0 1 5485 5551 5486
10803 2 2 0 1 5487 5551 5486
10804 2 2 0 1 5551 5552 5487
10805 2 2 0 1 5488 5552 5487
10806 2 2 0 1 5552 5553 5488
10807 2 2 0 1 5489 5553 5488
10808 2 2 0 1 5553 5554 5489
10809 2 2 0 1 5490 5554 5489
10810 2 2 0 1 5554 5555 5490
10811 2 2 0 1 5556 5555 5490
10812 2 2 0 1 5490 5556 5491
10813 2 2 0 1 5557 5556 5491
10814 2 2 0 1 5491 5557 5492
10815 2 2 0 1 5558 5557 5492
10816 2 2 0 1 5492 5558 5493
10817 2 2 0 1 5559 5558 5493
10818 2 2 0 1 5493 5559 5494
10819 2 2 0 1 5560 5559 5494
10820 2 2 0 1 5494 5560 5495
10821 2 2 0 1 5561 5560 5495
10822 2 2 0 1 5495 5561 5496
10823 2 2 0 1 5562 5561 5496
10824 2 2 0 1 5496 5562 5497
10825 2 2 0 1 5563 5562 5497
10826 2 2 0 1 5497 5563 5498
10827 2 2 0 1 5564 5563 5498
10828 2 2 0 1 5498 5564 5499
10829 2 2 0 1 5500 5564 5499
10830 2 2 0 1 5564 5565 5500
10831 2 2 0 1 5501 5565 5500
10832 2 2 0 1 5565 5566 5501
10833 2 2 0 1 5502 5566 5501
10834 2 2 0 1 5566 5567 5502
10835 2 2 0 1 5503 5567 5502
10836 2 2 0 1 5567 5568 5503
10837 2 2 0 1 5569 5568 5503
10838 2 2 0 1 5503 5569 5504
10839 2 2 0 1 5570 5569 5504
10840 2 2 0 1 5504 5570 5505
10841 2 2 0 1 5571 5570 5505
10842 2 2 0 1 5505 5571 5506
10843 2 2 0 1 5572 5571 5506
10844 2 2 0 1 5506 5572 5507
10845 2 2 0 1 5573 5572 5507
10846 2 2 0 1 5507 5573 5508
10847 2 2 0 1 5574 5573 5508
10848 2 2 0 1 5508 5574 5509
10849 2 2 0 1 5575 5574 5509
10850 2 2 0 1 5509 5575 5510
10851 2 2 0 1 5576 5575 5510
10852 2 2 0 1 5510 5576 5511
10853 2 2 0 1 5577 5576 5511
10854 2 2 0 1 5511 5577 5512
10855 2 2 0 1 5578 5577 5512
10856 2 2 0 1 5512 5578 5513
10857 2 2 0 1 5579 5578 5513
10858 2 2 0 1 5513 5579 5514
10859 2 2 0 1 5580 5579 5514
10860 2 2 0 1 5514 5580 5515
10861 2 2 0 1 5516 5580 5515
10862 2 2 0 1 5580 5581 5516
10863 2 2 0 1 5517 5581 5516
10864 2 2 0 1 5581 5582 5517
10865 2 2 0 1 5518 5582 5517
10866 2 2 0 1 5582 5583 5518
10867 2 2 0 1 5519 5583 5518
10868 2 2 0 1 5583 5584 5519
10869 2 2 0 1 5520 5584 5519
10870 2 2 0 1 5584 5585 5520
10871 2 2 0 1 5521 5585 5520
10872 2 2 0 1 5585 5586 5521
10873 2 2 0 1 5522 5586 5521
10874 2 2 0 1 5586 5587 5522
10875 2 2 0 1 5523 5587 5522
10876 2 2 0 1 5587 5588 5523
10877 2 2 0 1 5524 5588 5523
10878 2 2 0 1 5588 5589 5524
10879 2 2 0 1 5525 5589 5524
10880 2 2 0 1 5589 5590 5525
10881 2 2 0 1 5527 5591 5526
10882 2 2 0 1 5591 5592 5527
10883 2 2 0 1 5528 5592 5527
10884 2 2 0 1 5592 5593 5528
10885 2 2 0 1 5529 5593 5528
10886 2 2 0 1 5593 5594 5529
10887 2 2 0 1 5530 5594 5529
10888 2 2 0 1 5594 5595 5530
10889 2 2 0 1 5531 5595 5530
10890 2 2 0 1 5595 5596 5531
10891 2 2 0 1 5532 5596 5531
10892 2 2 0 1 5596 5597 5532
10893 2 2 0 1 5533 5597 5532
10894 2 2 0 1 5597 5598 5533
10895 2 2 0 1 5534 5598 5533
10896 2 2 0 1 5598 5599 5534
10897 2 2 0 1 5535 5599 5534
10898 2 2 0 1 5599 5600 5535
10899 2 2 0 1 5536 5600 5535
10900 2 2 0 1 5600 5601 5536
10901 2 2 0 1 5537 5601 5536
10902 2 2 0 1 5601 5602 5537
10903 2 2 0 1 5538 5602 5537
10904 2 2 0 1 5602 5603 5538
10905 2 2 0 1 5539 5603 5538
10906 2 2 0 1 5603 5604 5539
10907 2 2 0 1 5540 5604 5539
10908 2 2 0 1 5604 5605 5540
10909 2 2 0 1 5541 5605 5540
10910 2 2 0 1 5605 5606 5541
10911 2 2 0 1 5542 5606 5541
10912 2 2 0 1 5606 5607 5542
10913 2 2 0 1 5543 5607 5542
10914 2 2 0 1 5607 5608 5543
10915 2 2 0 1 5544 5608 5543
10916 2 2 0 1 5608 5609 5544
10917 2 2 0 1 5545 5609 5544
10918 2 2 0 1 5609 5610 5545
10919 2 2 0 1 5546 5610 5545
10920 2 2 0 1 5610 5611 5546
10921 2 2 0 1 5547 5611 5546
10922 2 2 0 1 5611 5612 5547
10923 2 2 0 1 5548 5612 5547
10924 2 2 0 1 5612 5613 5548
10925 2 2 0 1 5549 5613 5548
10926 2 2 0 1 5613 5614 5549
10927 2 2 0 1 5550 5614 5549
10928 2 2 0 1 5614 5615 5550
10929 2 2 0 1 5551 5615 5550
10930 2 2 0 1 5615 5616 5551
10931 2 2 0 1 5552 5616 5551
10932 2 2 0 1 5616 5617 5552
10933 2 2 0 1 5553 5617 5552
10934 2 2 0 1 5617 5618 5553
10935 2 2 0 1 5554 5618 5553
10936 2 2 0 1 5618 5619 5554
10937 2 2 0 1 5555 5619 5554
10938 2 2 0 1 5619 5620 5555
10939 2 2 0 1 5556 5620 5555
10940 2 2 0 1 5620 5621 5556
10941 2 2 0 1 5622 5621 5556
10942 2 2 0 1 5556 5622 5557
10943 2 2 0 1 5623 5622 5557
10944 2 2 0 1 5557 5623 5558
10945 2 2 0 1 5624 5623 5558
10946 2 2 0 1 5558 5624 5559
10947 2 2 0 1 5625 5624 5559
10948 2 2 0 1 5559 5625 5560
10949 2 2 0 1 5626 5625 5560
10950 2 2 0 1 5560 5626 5561
10951 2 2 0 1 5627 5626 5561
10952 2 2 0 1 5561 5627 5562
10953 2 2 0 1 5628 5627 5562
10954 2 2 0 1 5562 5628 5563
10955 2 2 0 1 5629 5628 5563
10956 2 2 0 1 5563 5629 5564
10957 2 2 0 1 5565 5629 5564
10958 2 2 0 1 5629 5630 5565
10959 2 2 0 1 5566 5630 5565
10960 2 2 0 1 5630 5631 5566
10961 2 2 0 1 5567 5631 5566
10962 2 2 0 1 5631 5632 5567
10963 2 2 0 1 5568 5632 5567
10964 2 2 0 1 5632 5633 5568
10965 2 2 0 1 5634 5633 5568
10966 2 2 0 1 5568 5634 5569
10967 2 2 0 1 5635 5634 5569
10968 2 2 0 1 5569 5635 5570
10969 2 2 0 1 5636 5635 5570
10970 2 2 0 1 5570 5636 5571
10971 2 2 0 1 5637 5636 5571
10972 2 2 0 1 5571 5637 5572
10973 2 2 0 1 5638 5637 5572
10974 2 2 0 1 5572 5638 5573
10975 2 2 0 1 5639 5638 5573
10976 2 2 0 1 5573 5639 5574
10977 2 2 0 1 5640 5639 5574
10978 2 2 0 1 5574 5640 5575
10979 2 2 0 1 5641 5640 5575
10980 2 2 0 1 5575 5641 5576
10981 2 2 0 1 5642 5641 5576
10982 2 2 0 1 5576 5642 5577
10983 2 2 0 1 5643 5642 5577
10984 2 2 0 1 5577 5643 5578
10985 2 2 0 1 5644 5643 5578
10986 2 2 0 1 5578 5644 5579
10987 2 2 0 1 5645 5644 5579
10988 2 2 0 1 5579 5645 5580
10989 2 2 0 1 5581 5645 5580
10990 2 2 0 1 5645 5646 5581
10991 2 2 0 1 5582 5646 5581
10992 2 2 0 1 5646 5647 5582
10993 2 2 0 1 5583 5647 5582
10994 2 2 0 1 5647 5648 5583
10995 2 2 0 1 5584 5648 5583
10996 2 2 0 1 5648 5649 5584
10997 2 2 0 1 5585 5649 5584
10998 2 2 0 1 5649 5650 5585
10999 2 2 0 1 5586 5650 5585
11000 2 2 0 1 5650 5651 5586
11001 2 2 0 1 5587 5651 5586
11002 2 2 0 1 5651 5652 5587
11003 2 2 0 1 5588 5652 5587
11004 2 2 0 1 5652 5653 5588
11005 2 2 0 1 5589 5653 5588
11006 2 2 0 1 5653 5654 5589
11007 2 2 0 1 5590 5654 5589
11008 2 2 0 1 5654 5655 5590
11009 2 2 0 1 5592 5656 5591
11010 2 2 0 1 5656 5657 5592
11011 2 2 0 1 5593 5657 5592
11012 2 2 0 1 5657 5658 5593
11013 2 2 0 1 5594 5658 5593
11014 2 2 0 1 5658 5659 5594
11015 2 2 0 1 5595 5659 5594
11016 2 2 0 1 5659 5660 5595
11017 2 2 0 1 5596 5660 5595
11018 2 2 0 1 5660 5661 5596
11019 2 2 0 1 5597 5661 5596
11020 2 2 0 1 5661 5662 5597
11021 2 2 0 1 5598 5662 5597
11022 2 2 0 1 5662 5663 5598
11023 2 2 0 1 5599 5663 5598
11024 2 2 0 1 5663 5664 5599
11025 2 2 0 1 5600 5664 5599
11026 2 2 0 1 5664 5665 5600
11027 2 2 0 1 5601 5665 5600
11028 2 2 0 1 5665 5666 5601
11029 2 2 0 1 5602 5666 5601
11030 2 2 0 1 5666 5667 5602
11031 2 2 0 1 5603 5667 5602
11032 2 2 0 1 5667 5668 5603
11033 2 2 0 1 5604 5668 5603
11034 2 2 0 1 5668 5669 5604
11035 2 2 0 1 5605 5669 5604
11036 2 2 0 1 5669 5670 5605
11037 2 2 0 1 5606 5670 5605
11038 2 2 0 1 5670 5671 5606
11039 2 2 0 1 5607 5671 5606
11040 2 2 0 1 5671 5672 5607
11041 2 2 0 1 5608 5672 5607
11042 2 2 0 1 5672 5673 5608
11043 2 2 0 1 5609 5673 5608
11044 2 2 0 1 5673 5674 5609
11045 2 2 0 1 5610 5674 5609
11046 2 2 0 1 5674 5675 5610
11047 2 2 0 1 5611 5675 5610
11048 2 2 0 1 5675 5676 5611
11049 2 2 0 1 5612 5676 5611
11050 2 2 0 1 5676 5677 5612
11051 2 2 0 1 5613 5677 5612
11052 2 2 0 1 5677 5678 5613
11053 2 2 0 1 5614 5678 5613
11054 2 2 0 1 5678 5679 5614
11055 2 2 0 1 5615 5679 5614
11056 2 2 0 1 5679 5680 5615
11057 2 2 0 1 5616 5680 5615
11058 2 2 0 1 5680 5681 5616
11059 2 2 0 1 5617 5681 5616
11060 2 2 0 1 5681 5682 5617
11061 2 2 0 1 5618 5682 5617
11062 2 2 0 1 5682 5683 5618
11063 2 2 0 1 5619 5683 5618
11064 2 2 0 1 5683 5684 5619
11065 2 2 0 1 5620 5684 5619
11066 2 2 0 1 5684 5685 5620
11067 2 2 0 1 5621 5685 5620
11068 2 2 0 1 5685 5686 5621
11069 2 2 0 1 5687 5686 5621
11070 2 2 0 1 5621 5687 5622
11071 2 2 0 1 5688 5687 5622
11072 2 2 0 1 5622 5688 5623
11073 2 2 0 1 5689 5688 5623
11074 2 2 0 1 5623 5689 5624
11075 2 2 0 1 5690 5689 5624
11076 2 2 0 1 5624 5690 5625
11077 2 2 0 1 5691 5690 5625
11078 2 2 0 1 5625 5691 5626
11079 2 2 0 1 5692 5691 5626
11080 2 2 0 1 5626 5692 5627
11081 2 2 0 1 5693 5692 5627
11082 2 2 0 1 5627 5693 5628
11083 2 2 0 1 5694 5693 5628
11084 2 2 0 1 5628 5694 5629
11085 2 2 0 1 5630 5694 5629
11086 2 2 0 1 5694 5695 5630
11087 2 2 0 1 5631 5695 5630
11088 2 2 0 1 5695 5696 5631
11089 2 2 0 1 5632 5696 5631
11090 2 2 0 1 5696 5697 5632
11091 2 2 0 1 5633 5697 5632
11092 2 2 0 1 5697 5698 5633
11093 2 2 0 1 5699 5698 5633
11094 2 2 0 1 5633 5699 5634
11095 2 2 0 1 5700 5699 5634
11096 2 2 0 1 5634 5700 5635
11097 2 2 0 1 5701 5700 5635
11098 2 2 0 1 5635 5701 5636
11099 2 2 0 1 5702 5701 5636
11100 2 2 0 1 5636 5702 5637
11101 2 2 0 1 5703 5702 5637
11102 2 2 0 1 5637 5703 5638
11103 2 2 0 1 5704 5703 5638
11104 2 2 0 1 5638 5704 5639
11105 2 2 0 1 5705 5704 5639
11106 2 2 0 1 5639 5705 5640
11107 2 2 0 1 5706 5705 5640
11108 2 2 0 1 5640 5706 5641
11109 2 2 0 1 5707 5706 5641
11110 2 2 0 1 5641 5707 5642
11111 2 2 0 1 5708 5707 5642
11112 2 2 0 1 5642 5708 5643
11113 2 2 0 1 5709 5708 5643
11114 2 2 0 1 5643 5709 5644
11115 2 2 0 1 5710 5709 5644
11116 2 2 0 1 5644 5710 5645
11117 2 2 0 1 5646 5710 5645
11118 2 2 0 1 5710 5711 5646
11119 2 2 0 1 5647 5711 5646
11120 2 2 0 1 5711 5712 5647
11121 2 2 0 1 5648 5712 5647
11122 2 2 0 1 5712 5713 5648
11123 2 2 0 1 5649 5713 5648
11124 2 2 0 1 5713 5714 5649
11125 2 2 0 1 5650 5714 5649
11126 2 2 0 1 5714 5715 5650
11127 2 2 0 1 5651 5715 5650
11128 2 2 0 1 5715 5716 5651
11129 2 2 0 1 5652 5716 5651
11130 2 2 0 1 5716 5717 5652
11131 2 2 0 1 5653 5717 5652
11132 2 2 0 1 5717 5718 5653
11133 2 2 0 1 5654 5718 5653
11134 2 2 0 1 5718 5719 5654
11135 2 2 0 1 5655 5719 5654
11136 2 2 0 1 5719 5720 5655
11137 2 2 0 1 5657 5721 5656
11138 2 2 0 1 5721 5722 5657
11139 2 2 0 1 5658 5722 5657
11140 2 2 0 1 5722 5723 5658
11141 2 2 0 1 5659 5723 5658
11142 2 2 0 1 5723 5724 5659
11143 2 2 0 1 5660 5724 5659
11144 2 2 0 1 5724 5725 5660
11145 2 2 0 1 5661 5725 5660
11146 2 2 0 1 5725 5726 5661
11147 2 2 0 1 5662 5726 5661
11148 2 2 0 1 5726 5727 5662
11149 2 2 0 1 5663 5727 5662
11150 2 2 0 1 5727 5728 5663
11151 2 2 0 1 5664 5728 5663
11152 2 2 0 1 5728 5729 5664
11153 2 2 0 1 5665 5729 5664
11154 2 2 0 1 5729 5730 5665
11155 2 2 0 1 5666 5730 5665
11156 2 2 0 1 5730 5731 5666
11157 2 2 0 1 5667 5731 5666
11158 2 2 0 1 5731 5732 5667
11159 2 2 0 1 5668 5732 5667
11160 2 2 0 1 5732 5733 5668
11161 2 2 0 1 5669 5733 5668
11162 2 2 0 1 5733 5734 5669
11163 2 2 0 1 5670 5734 5669
11164 2 2 0 1 5734 5735 5670
11165 2 2 0 1 5671 5735 5670
11166 2 2 0 1 5735 5736 5671
11167 2 2 0 1 5672 5736 5671
11168 2 2 0 1 5736 5737 5672
11169 2 2 0 1 5673 5737 5672
11170 2 2 0 1 5737 5738 5673
11171 2 2 0 1 5674 5738 5673
11172 2 2 0 1 5738 5739 5674
11173 2 2 0 1 5675 5739 5674
11174 2 2 0 1 5739 5740 5675
11175 2 2 0 1 5676 5740 5675
11176 2 2 0 1 5740 5741 5676
11177 2 2 0 1 5677 5741 5676
11178 2 2 0 1 5741 5742 5677
11179 2 2 0 1 5678 5742 5677
11180 2 2 0 1 5742 5743 5678
11181 2 2 0 1 5679 5743 5678
11182 2 2 0 1 5743 5744 5679
11183 2 2 0 1 5680 5744 5679
11184 2 2 0 1 5744 5745 5680
11185 2 2 0 1 5681 5745 5680
11186 2 2 0 1 5745 5746 5681
11187 2 2 0 1 5682 5746 5681
11188 2 2 0 1 5746 5747 5682
11189 2 2 0 1 5683 5747 5682
11190 2 2 0 1 5747 5748 5683
11191 2 2 0 1 5684 5748 5683
11192 2 2 0 1 5748 5749 5684
11193 2 2 0 1 5685 5749 5684
11194 2 2 0 1 5749 5750 5685
11195 2 2 0 1 5686 5750 5685
11196 2 2 0 1 5750 5751 5686
11197 2 2 0 1 5752 5751 5686
11198 2 2 0 1 5686 5752 5687
11199 2 2 0 1 5753 5752 5687
11200 2 2 0 1 5687 5753 5688
11201 2 2 0 1 5754 5753 5688
11202 2 2 0 1 5688 5754 5689
11203 2 2 0 1 5755 5754 5689
11204 2 2 0 1 5689 5755 5690
11205 2 2 0 1 5756 5755 5690
11206 2 2 0 1 5690 5756 5691
11207 2 2 0 1 5757 5756 5691
11208 2 2 0 1 5691 5757 5692
11209 2 2 0 1 5758 5757 5692
11210 2 2 0 1 5692 5758 5693
11211 2 2 0 1 5759 5758 5693
11212 2 2 0 1 5693 5759 5694
11213 2 2 0 1 5695 5759 5694
11214 2 2 0 1 5759 5760 5695
11215 2 2 0 1 5696 5760 5695
11216 2 2 0 1 5760 5761 5696
11217 2 2 0 1 5697 5761 5696
11218 2 2 0 1 5761 5762 5697
11219 2 2 0 1 5698 5762 5697
11220 2 2 0 1 5762 5763 5698
11221 2 2 0 1 5764 5763 5698
11222 2 2 0 1 5698 5764 5699
11223 2 2 0 1 5765 5764 5699
11224 2 2 0 1 5699 5765 5700
11225 2 2 0 1 5766 5765 5700
11226 2 2 0 1 5700 5766 5701
11227 2 2 0 1 5767 5766 5701
11228 2 2 0 1 5701 5767 5702
11229 2 2 0 1 5768 5767 5702
11230 2 2 0 1 5702 5768 5703
11231 2 2 0 1 5769 5768 5703
11232 2 2 0 1 5703 5769 5704
11233 2 2 0 1 5770 5769 5704
11234 2 2 0 1 5704 5770 5705
11235 2 2 0 1 5771 5770 5705
11236 2 2 0 1 5705 5771 5706
11237 2 2 0 1 5772 5771 5706
11238 2 2 0 1 5706 5772 5707
11239 2 2 0 1 5773 5772 5707
11240 2 2 0 1 5707 5773 5708
11241 2 2 0 1 5774 5773 5708
11242 2 2 0 1 5708 5774 5709
11243 2 2 0 1 5775 5774 5709
11244 2 2 0 1 5709 5775 5710
11245 2 2 0 1 5711 5775 5710
11246 2 2 0 1 5775 5776 5711
11247 2 2 0 1 5712 5776 5711
11248 2 2 0 1 5776 5777 5712
11249 2 2 0 1 5713 5777 5712
11250 2 2 0 1 5777 5778 5713
11251 2 2 0 1 5714 5778 5713
11252 2 2 0 1 5778 5779 5714
11253 2 2 0 1 5715 5779 5714
11254 2 2 0 1 5779 5780 5715
11255 2 2 0 1 5716 5780 5715
11256 2 2 0 1 5780 5781 5716
11257 2 2 0 1 5717 5781 5716
11258 2 2 0 1 5781 5782 5717
11259 2 2 0 1 5718 5782 5717
11260 2 2 0 1 5782 5783 5718
11261 2 2 0 1 5719 5783 5718
11262 2 2 0 1 5783 5784 5719
11263 2 2 0 1 5720 5784 5719
11264 2 2 0 1 5784 5785 5720
11265 2 2 0 1 5722 5786 5721
11266 2 2 0 1 5786 5787 5722
11267 2 2 0 1 5723 5787 5722
11268 2 2 0 1 5787 5788 5723
11269 2 2 0 1 5724 5788 5723
11270 2 2 0 1 5788 5789 5724
11271 2 2 0 1 5725 5789 5724
11272 2 2 0 1 5789 5790 5725
11273 2 2 0 1 5726 5790 5725
11274 2 2 0 1 5790 5791 5726
11275 2 2 0 1 5727 5791 5726
11276 2 2 0 1 5791 5792 5727
11277 2 2 0 1 5728 5792 5727
11278 2 2 0 1 5792 5793 5728
11279 2 2 0 1 5729 5793 5728
11280 2 2 0 1 5793 5794 5729
11281 2 2 0 1 5730 5794 5729
11282 2 2 0 1 5794 5795 5730
11283 2 2 0 1 5731 5795 5730
11284 2 2 0 1 5795 5796 5731
11285 2 2 0 1 5732 5796 5731
11286 2 2 0 1 5796 5797 5732
11287 2 2 0 1 5733 5797 5732
11288 2 2 0 1 5797 5798 5733
11289 2 2 0 1 5734 5798 5733
11290 2 2 0 1 5798 5799 5734
11291 2 2 0 1 5735 5799 5734
11292 2 2 0 1 5799 5800 5735
11293 2 2 0 1 5736 5800 5735
11294 2 2 0 1 5800 5801 5736
11295 2 2 0 1 5737 5801 5736
11296 2 2 0 1 5801 5802 5737
11297 2 2 0 1 5738 5802 5737
11298 2 2 0 1 5802 5803 5738
11299 2 2 0 1 5739 5803 5738
11300 2 2 0 1 5803 5804 5739
11301 2 2 0 1 5740 5804 5739
11302 2 2 0 1 5804 5805 5740
11303 2 2 0 1 5741 5805 5740
11304 2 2 0 1 5805 5806 5741
11305 2 2 0 1 5742 5806 5741
11306 2 2 0 1 5806 5807 5742
11307 2 2 0 1 5743 5807 5742
11308 2 2 0 1 5807 5808 5743
11309 2 2 0 1 5744 5808 5743
11310 2 2 0 1 5808 5809 5744
11311 2 2 0 1 5745 5809 5744
11312 2 2 0 1 5809 5810 5745
11313 2 2 0 1 5746 5810 5745
11314 2 2 0 1 5810 5811 5746
11315 2 2 0 1 5747 5811 5746
11316 2 2 0 1 5811 5812 5747
11317 2 2 0 1 5748 5812 5747
11318 2 2 0 1 5812 5813 5748
11319 2 2 0 1 5749 5813 5748
11320 2 2 0 1 5813 5814 5749
11321 2 2 0 1 5750 5814 5749
11322 2 2 0 1 5814 5815 5750
11323 2 2 0 1 5751 5815 5750
11324 2 2 0 1 5815 5816 5751
11325 2 2 0 1 5817 5816 5751
11326 2 2 0 1 5751 5817 5752
11327 2 2 0 1 5818 5817 5752
11328 2 2 0 1 5752 5818 5753
11329 2 2 0 1 5819 5818 5753
11330 2 2 0 1 5753 5819 5754
11331 2 2 0 1 5820 5819 5754
11332 2 2 0 1 5754 5820 5755
11333 2 2 0 1 5821 5820 5755
11334 2 2 0 1 5755 5821 5756
11335 2 2 0 1 5822 5821 5756
11336 2 2 0 1 5756 5822 5757
11337 2 2 0 1 5823 5822 5757
11338 2 2 0 1 5757 5823 5758
11339 2 2 0 1 5824 5823 5758
11340 2 2 0 1 5758 5824 5759
11341 2 2 0 1 5760 5824 5759
11342 2 2 0 1 5824 5825 5760
11343 2 2 0 1 5761 5825 5760
11344 2 2 0 1 5825 5826 5761
11345 2 2 0 1 5762 5826 5761
11346 2 2 0 1 5826 5827 5762
11347 2 2 0 1 5763 5827 5762
11348 2 2 0 1 5827 5828 5763
11349 2 2 0 1 5829 5828 5763
11350 2 2 0 1 5763 5829 5764
11351 2 2 0 1 5830 5829 5764
11352 2 2 0 1 5764 5830 5765
11353 2 2 0 1 5831 5830 5765
11354 2 2 0 1 5765 5831 5766
11355 2 2 0 1 5832 5831 5766
11356 2 2 0 1 5766 5832 5767
11357 2 2 0 1 5833 5832 5767
11358 2 2 0 1 5767 5833 5768
11359 2 2 0 1 5834 5833 5768
11360 2 2 0 1 5768 5834 5769
11361 2 2 0 1 5835 5834 5769
11362 2 2 0 1 5769 5835 5770
11363 2 2 0 1 5836 5835 5770
11364 2 2 0 1 5770 5836 5771
11365 2 2 0 1 5837 5836 5771
11366 2 2 0 1 5771 5837 5772
11367 2 2 0 1 5838 5837 5772
11368 2 2 0 1 5772 5838 5773
11369 2 2 0 1 5839 5838 5773
11370 2 2 0 1 5773 5839 5774
11371 2 2 0 1 5840 5839 5774
11372 2 2 0 1 5774 5840 5775
11373 2 2 0 1 5841 5840 5775
11374 2 2 0 1 5775 5841 5776
11375 2 2 0 1 5842 5841 5776
11376 2 2 0 1 5776 5842 5777
11377 2 2 0 1 5843 5842 5777
11378 2 2 0 1 5777 5843 5778
11379 2 2 0 1 5844 5843 5778
11380 2 2 0 1 5778 5844 5779
11381 2 2 0 1 5845 5844 5779
11382 2 2 0 1 5779 5845 5780
11383 2 2 0 1 5846 5845 5780
11384 2 2 0 1 5780 5846 5781
11385 2 2 0 1 5847 5846 5781
11386 2 2 0 1 5781 5847 5782
11387 2 2 0 1 5848 5847 5782
11388 2 2 0 1 5782 5848 5783
11389 2 2 0 1 5849 5848 5783
11390 2 2 0 1 5783 5849 5784
11391 2 2 0 1 5850 5849 5784
11392 2 2 0 1 5784 5850 5785
11393 2 2 0 1 5787 5851 5786
11394 2 2 0 1 5851 5852 5787
11395 2 2 0 1 5788 5852 5787
11396 2 2 0 1 5852 5853 5788
11397 2 2 0 1 5789 5853 5788
11398 2 2 0 1 5853 5854 5789
11399 2 2 0 1 5790 5854 5789
11400 2 2 0 1 5854 5855 5790
11401 2 2 0 1 5791 5855 5790
11402 2 2 0 1 5855 5856 5791
11403 2 2 0 1 5792 5856 5791
11404 2 2 0 1 5856 5857 5792
11405 2 2 0 1 5793 5857 5792
11406 2 2 0 1 5857 5858 5793
11407 2 2 0 1 5794 5858 5793
11408 2 2 0 1 5858 5859 5794
11409 2 2 0 1 5795 5859 5794
11410 2 2 0 1 5859 5860 5795
11411 2 2 0 1 5796 5860 5795
11412 2 2 0 1 5860 5861 5796
11413 2 2 0 1 5797 5861 5796
11414 2 2 0 1 5861 5862 5797
11415 2 2 0 1 5798 5862 5797
11416 2 2 0 1 5862 5863 5798
11417 2 2 0 1 5799 5863 5798
11418 2 2 0 1 5863 5864 5799
11419 2 2 0 1 5800 5864 5799
11420 2 2 0 1 5864 5865 5800
11421 2 2 0 1 5801 5865 5800
11422 2 2 0 1 5865 5866 5801
11423 2 2 0 1 5802 5866 5801
11424 2 2 0 1 5866 5867 5802
11425 2 2 0 1 5803 5867 5802
11426 2 2 0 1 5867 5868 5803
11427 2 2 0 1 5804 5868 5803
11428 2 2 0 1 5868 5869 5804
11429 2 2 0 1 5805 5869 5804
11430 2 2 0 1 5869 5870 5805
11431 2 2 0 1 5806 5870 5805
11432 2 2 0 1 5870 5871 5806
11433 2 2 0 1 5807 5871 5806
11434 2 2 0 1 5871 5872 5807
11435 2 2 0 1 5808 5872 5807
11436 2 2 0 1 5872 5873 5808
11437 2 2 0 1 5809 5873 5808
11438 2 2 0 1 5873 5874 5809
11439 2 2 0 1 5810 5874 5809
11440 2 2 0 1 5874 5875 5810
11441 2 2 0 1 5811 5875 5810
11442 2 2 0 1 5875 5876 5811
11443 2 2 0 1 5812 5876 5811
11444 2 2 0 1 5876 5877 5812
11445 2 2 0 1 5813 5877 5812
11446 2 2 0 1 5877 5878 5813
11447 2 2 0 1 5814 5878 5813
11448 2 2 0 1 5878 5879 5814
11449 2 2 0 1 5815 5879 5814
11450 2 2 0 1 5879 5880 5815
11451 2 2 0 1 5816 5880 5815
11452 2 2 0 1 5880 5881 5816
11453 2 2 0 1 5882 5881 5816
11454 2 2 0 1 5816 5882 5817
11455 2 2 0 1 5883 5882 5817
11456 2 2 0 1 5817 5883 5818
11457 2 2 0 1 5884 5883 5818
11458 2 2 0 1 5818 5884 5819
11459 2 2 0 1 5885 5884 5819
11460 2 2 0 1 5819 5885 5820
11461 2 2 0 1 5886 5885 5820
11462 2 2 0 1 5820 5886 5821
11463 2 2 0 1 5887 5886 5821
11464 2 2 0 1 5821 5887 5822
11465 2 2 0 1 5888 5887 5822
11466 2 2 0 1 5822 5888 5823
11467 2 2 0 1 5889 5888 5823
11468 2 2 0 1 5823 5889 5824
11469 2 2 0 1 5825 5889 5824
11470 2 2 0 1 5889 5890 5825
11471 2 2 0 1 5826 5890 5825
11472 2 2 0 1 5890 5891 5826
11473 2 2 0 1 5827 5891 5826
11474 2 2 0 1 5891 5892 5827
11475 2 2 0 1 5828 5892 5827
11476 2 2 0 1 5892 5893 5828
11477 2 2 0 1 5894 5893 5828
11478 2 2 0 1 5828 5894 5829
11479 2 2 0 1 5895 5894 5829
11480 2 2 0 1 5829 5895 5830
11481 2 2 0 1 5896 5895 5830
11482 2 2 0 1 5830 5896 5831
11483 2 2 0 1 5897 5896 5831
11484 2 2 0 1 5831 5897 5832
11485 2 2 0 1 5898 5897 5832
11486 2 2 0 1 5832 5898 5833
11487 2 2 0 1 5899 5898 5833
11488 2 2 0 1 5833 5899 5834
11489 2 2 0 1 5900 5899 5834
11490 2 2 0 1 5834 5900 5835
11491 2 2 0 1 5901 5900 5835
11492 2 2 0 1 5835 5901 5836
11493 2 2 0 1 5902 5901 5836
11494 2 2 0 1 5836 5902 5837
11495 2 2 0 1 5903 5902 5837
11496 2 2 0 1 5837 5903 5838
11497 2 2 0 1 5904 5903 5838
11498 2 2 0 1 5838 5904 5839
11499 2 2 0 1 5905 5904 5839
11500 2 2 0 1 5839 5905 5840
11501 2 2 0 1 5906 5905 5840
11502 2 2 0 1 5840 5906 5841
11503 2 2 0 1 5907 5906 5841
11504 2 2 0 1 5841 5907 5842
11505 2 2 0 1 5908 5907 5842
11506 2 2 0 1 5842 5908 5843
11507 2 2 0 1 5909 5908 5843
11508 2 2 0 1 5843 5909 5844
11509 2 2 0 1 5910 5909 5844
11510 2 2 0 1 5844 5910 5845
11511 2 2 0 1 5911 5910 5845
11512 2 2 0 1 5845 5911 5846
11513 2 2 0 1 5912 5911 5846
11514 2 2 0 1 5846 5912 5847
11515 2 2 0 1 5913 5912 5847
11516 2 2 0 1 5847 5913 5848
11517 2 2 0 1 5914 5913 5848
11518 2 2 0 1 5848 5914 5849
11519 2 2 0 1 5915 5914 5849
11520 2 2 0 1 5849 5915 5850
11521 2 2 0 1 5852 5916 5851
11522 2 2 0 1 5916 5917 5852
11523 2 2 0 1 5853 5917 5852
11524 2 2 0 1 5917 5918 5853
11525 2 2 0 1 5854 5918 5853
11526 2 2 0 1 5918 5919 5854
11527 2 2 0 1 5855 5919 5854
11528 2 2 0 1 5919 5920 5855
11529 2 2 0 1 5856 5920 5855
11530 2 2 0 1 5920 5921 5856
11531 2 2 0 1 5857 5921 5856
11532 2 2 0 1 5921 5922 5857
11533 2 2 0 1 5858 5922 5857
11534 2 2 0 1 5922 5923 5858
11535 2 2 0 1 5859 5923 5858
11536 2 2 0 1 5923 5924 5859
11537 2 2 0 1 5860 5924 5859
11538 2 2 0 1 5924 5925 5860
11539 2 2 0 1 5861 5925 5860
11540 2 2 0 1 5925 5926 5861
11541 2 2 0 1 5862 5926 5861
11542 2 2 0 1 5926 5927 5862
11543 2 2 0 1 5863 5927 5862
11544 2 2 0 1 5927 5928 5863
11545 2 2 0 1 5864 5928 5863
11546 2 2 0 1 5928 5929 5864
11547 2 2 0 1 5865 5929 5864
11548 2 2 0 1 5929 5930 5865
11549 2 2 0 1 5866 5930 5865
11550 2 2 0 1 5930 5931 5866
11551 2 2 0 1 5867 5931 5866
11552 2 2 0 1 5931 5932 5867
11553 2 2 0 1 5868 5932 5867
11554 2 2 0 1 5932 5933 5868
11555 2 2 0 1 5869 5933 5868
11556 2 2 0 1 5933 5934 5869
11557 2 2 0 1 5870 5934 5869
11558 2 2 0 1 5934 5935 5870
11559 2 2 0 1 5871 5935 5870
11560 2 2 0 1 5935 5936 5871
11561 2 2 0 1 5872 5936 5871
11562 2 2 0 1 5936 5937 5872
11563 2 2 0 1 5873 5937 5872
11564 2 2 0 1 5937 5938 5873
11565 2 2 0 1 5874 5938 5873
11566 2 2 0 1 5938 5939 5874
11567 2 2 0 1 5875 5939 5874
11568 2 2 0 1 5939 5940 5875
11569 2 2 0 1 5876 5940 5875
11570 2 2 0 1 5940 5941 5876
11571 2 2 0 1 5877 5941 5876
11572 2 2 0 1 5941 5942 5877
11573 2 2 0 1 5878 5942 5877
11574 2 2 0 1 5942 5943 5878
11575 2 2 0 1 5879 5943 5878
11576 2 2 0 1 5943 5944 5879
11577 2 2 0 1 5880 5944 5879
11578 2 2 0 1 5944 5945 5880
11579 2 2 0 1 5881 5945 5880
11580 2 2 0 1 5945 5946 5881
11581 2 2 0 1 5947 5946 5881
11582 2 2 0 1 5881 5947 5882
11583 2 2 0 1 5948 5947 5882
11584 2 2 0 1 5882 5948 5883
11585 2 2 0 1 5949 5948 5883
11586 2 2 0 1 5883 5949 5884
11587 2 2 0 1 5950 5949 5884
11588 2 2 0 1 5884 5950 5885
11589 2 2 0 1 5951 5950 5885
11590 2 2 0 1 5885 5951 5886
11591 2 2 0 1 5952 5951 5886
11592 2 2 0 1 5886 5952 5887
11593 2 2 0 1 5953 5952 5887
11594 2 2 0 1 5887 5953 5888
11595 2 2 0 1 5954 5953 5888
11596 2 2 0 1 5888 5954 5889
11597 2 2 0 1 5890 5954 5889
11598 2 2 0 1 5954 5955 5890
11599 2 2 0 1 5891 5955 5890
11600 2 2 0 1 5955 5956 5891
11601 2 2 0 1 5892 5956 5891
11602 2 2 0 1 5956 5957 5892
11603 2 2 0 1 5893 5957 5892
11604 2 2 0 1 5957 5958 5893
11605 2 2 0 1 5959 5958 5893
11606 2 2 0 1 5893 5959 5894
11607 2 2 0 1 5960 5959 5894
11608 2 2 0 1 5894 5960 5895
11609 2 2 0 1 5961 5960 5895
11610 2 2 0 1 5895 5961 5896
11611 2 2 0 1 5962 5961 5896
11612 2 2 0 1 5896 5962 5897
11613 2 2 0 1 5963 5962 5897
11614 2 2 0 1 5897 5963 5898
11615 2 2 0 1 5964 5963 5898
11616 2 2 0 1 5898 5964 5899
11617 2 2 0 1 5965 5964 5899
11618 2 2 0 1 5899 5965 5900
11619 2 2 0 1 5966 5965 5900
11620 2 2 0 1 5900 5966 5901
11621 2 2 0 1 5967 5966 5901
11622 2 2 0 1 5901 5967 5902
11623 2 2 0 1 5968 5967 5902
11624 2 2 0 1 5902 5968 5903
11625 2 2 0 1 5969 5968 5903
11626 2 2 0 1 5903 5969 5904
11627 2 2 0 1 5970 5969 5904
11628 2 2 0 1 5904 5970 5905
11629 2 2 0 1 5971 5970 5905
11630 2 2 0 1 5905 5971 5906
11631 2 2 0 1 5972 5971 5906
11632 2 2 0 1 5906 5972 5907
11633 2 2 0 1 5973 5972 5907
11634 2 2 0 1 5907 5973 5908
11635 2 2 0 1 5974 5973 5908
11636 2 2 0 1 5908 5974 5909
11637 2 2 0 1 5975 5974 5909
11638 2 2 0 1 5909 5975 5910
11639 2 2 0 1 5976 5975 5910
11640 2 2 0 1 5910 5976 5911
11641 2 2 0 1 5977 5976 5911
11642 2 2 0 1 5911 5977 5912
11643 2 2 0 1 5978 5977 5912
11644 2 2 0 1 5912 5978 5913
11645 2 2 0 1 5979 5978 5913
11646 2 2 0 1 5913 5979 5914
11647 2 2 0 1 5980 5979 5914
11648 2 2 0 1 5914 5980 5915
11649 2 2 0 1 5917 5981 5916
11650 2 2 0 1 5981 5982 5917
11651 2 2 0 1 5918 5982 5917
11652 2 2 0 1 5982 5983 5918
11653 2 2 0 1 5919 5983 5918
11654 2 2 0 1 5983 5984 5919
11655 2 2 0 1 5920 5984 5919
11656 2 2 0 1 5984 5985 5920
11657 2 2 0 1 5921 5985 5920
11658 2 2 0 1 5985 5986 5921
11659 2 2 0 1 5922 5986 5921
11660 2 2 0 1 5986 5987 5922
11661 2 2 0 1 5923 5987 5922
11662 2 2 0 1 5987 5988 5923
11663 2 2 0 1 5924 5988 5923
11664 2 2 0 1 5988 5989 5924
11665 2 2 0 1 5925 5989 5924
11666 2 2 0 1 5989 5990 5925
11667 2 2 0 1 5926 5990 5925
11668 2 2 0 1 5990 5991 5926
11669 2 2 0 1 5927 5991 5926
11670 2 2 0 1 5991 5992 5927
11671 2 2 0 1 5928 5992 5927
11672 2 2 0 1 5992 5993 5928
11673 2 2 0 1 5929 5993 5928
11674 2 2 0 1 5993 5994 5929
11675 2 2 0 1 5930 5994 5929
11676 2 2 0 1 5994 5995 5930
11677 2 2 0 1 5931 5995 5930
11678 2 2 0 1 5995 5996 5931
11679 2 2 0 1 5932 5996 5931
11680 2 2 0 1 5996 5997 5932
11681 2 2 0 1 5933 5997 5932
11682 2 2 0 1 5997 5998 5933
11683 2 2 0 1 5934 5998 5933
11684 2 2 0 1 5998 5999 5934
11685 2 2 0 1 5935 5999 5934
11686 2 2 0 1 5999 6000 5935
11687 2 2 0 1 5936 6000 5935
11688 2 2 0 1 6000 6001 5936
11689 2 2 0 1 5937 6001 5936
11690 2 2 0 1 6001 6002 5937
11691 2 2 0 1 5938 6002 5937
11692 2 2 0 1 6002 6003 5938
11693 2 2 0 1 5939 6003 5938
11694 2 2 0 1 6003 6004 5939
11695 2 2 0 1 5940 6004 5939
11696 2 2 0 1 6004 6005 5940
11697 2 2 0 1 5941 6005 5940
11698 2 2 0 1 6005 6006 5941
11699 2 2 0 1 5942 6006 5941
11700 2 2 0 1 6006 6007 5942
11701 2 2 0 1 5943 6007 5942
11702 2 2 0 1 6007 6008 5943
11703 2 2 0 1 5944 6008 5943
11704 2 2 0 1 6008 6009 5944
11705 2 2 0 1 5945 6009 5944
11706 2 2 0 1 6009 6010 5945
11707 2 2 0 1 5946 6010 5945
11708 2 2 0 1 6010 6011 5946
11709 2 2 0 1 6012 6011 5946
11710 2 2 0 1 5946 6012 5947
11711 2 2 0 1 6013 6012 5947
11712 2 2 0 1 5947 6013 5948
11713 2 2 0 1 6014 6013 5948
11714 2 2 0 1 5948 6014 5949
11715 2 2 0 1 6015 6014 5949
11716 2 2 0 1 5949 6015 5950
11717 2 2 0 1 6016 6015 5950
11718 2 2 0 1 5950 6016 5951
11719 2 2 0 1 6017 6016 5951
11720 2 2 0 1 5951 6017 5952
11721 2 2 0 1 6018 6017 5952
11722 2 2 0 1 5952 6018 5953
11723 2 2 0 1 6019 6018 5953
11724 2 2 0 1 5953 6019 5954
11725 2 2 0 1 5955 6019 5954
11726 2 2 0 1 6019 6020 5955
11727 2 2 0 1 5956 6020 5955
11728 2 2 0 1 6020 6021 5956
11729 2 2 0 1 5957 6021 5956
11730 2 2 0 1 6021 6022 5957
11731 2 2 0 1 5958 6022 5957
11732 2 2 0 1 6022 6023 5958
11733 2 2 0 1 6024 6023 5958
11734 2 2 0 1 5958 6024 5959
11735 2 2 0 1 6025 6024 5959
11736 2 2 0 1 5959 6025 5960
11737 2 2 0 1 6026 6025 5960
11738 2 2 0 1 5960 6026 5961
11739 2 2 0 1 6027 6026 5961
11740 2 2 0 1 5961 6027 5962
11741 2 2 0 1 6028 6027 5962
11742 2 2 0 1 5962 6028 5963
11743 2 2 0 1 6029 6028 5963
11744 2 2 0 1 5963 6029 5964
11745 2 2 0 1 6030 6029 5964
11746 2 2 0 1 5964 6030 5965
11747 2 2 0 1 6031 6030 5965
11748 2 2 0 1 5965 6031 5966
11749 2 2 0 1 6032 6031 5966
11750 2 2 0 1 5966 6032 5967
11751 2 2 0 1 6033 6032 5967
11752 2 2 0 1 5967 6033 5968
11753 2 2 0 1 6034 6033 5968
11754 2 2 0 1 5968 6034 5969
11755 2 2 0 1 6035 6034 5969
11756 2 2 0 1 5969 6035 5970
11757 2 2 0 1 6036 6035 5970
11758 2 2 0 1 5970 6036 5971
11759 2 2 0 1 6037 6036 5971
11760 2 2 0 1 5971 6037 5972
11761 2 2 0 1 6038 6037 5972
11762 2 2 0 1 5972 6038 5973
11763 2 2 0 1 6039 6038 5973
11764 2 2 0 1 5973 6039 5974
11765 2 2 0 1 6040 6039 5974
11766 2 2 0 1 5974 6040 5975
11767 2 2 0 1 6041 6040 5975
11768 2 2 0 1 5975 6041 5976
11769 2 2 0 1 6042 6041 5976
11770 2 2 0 1 5976 6042 5977
11771 2 2 0 1 6043 6042 5977
11772 2 2 0 1 5977 6043 5978
11773 2 2 0 1 6044 6043 5978
11774 2 2 0 1 5978 6044 5979
11775 2 2 0 1 6045 6044 5979
11776 2 2 0 1 5979 6045 5980
11777 2 2 0 1 5982 6046 5981
11778 2 2 0 1 6046 6047 5982
11779 2 2 0 1 5983 6047 5982
11780 2 2 0 1 6047 6048 5983
11781 2 2 0 1 5984 6048 5983
11782 2 2 0 1 6048 6049 5984
11783 2 2 0 1 5985 6049 5984
11784 2 2 0 1 6049 6050 5985
11785 2 2 0 1 5986 6050 5985
11786 2 2 0 1 6050 6051 5986
11787 2 2 0 1 5987 6051 5986
11788 2 2 0 1 6051 6052 5987
11789 2 2 0 1 5988 6052 5987
11790 2 2 0 1 6052 6053 5988
11791 2 2 0 1 5989 6053 5988
11792 2 2 0 1 6053 6054 5989
11793 2 2 0 1 5990 6054 5989
11794 2 2 0 1 6054 6055 5990
11795 2 2 0 1 5991 6055 5990
11796 2 2 0 1 6055 6056 5991
11797 2 2 0 1 5992 6056 5991
11798 2 2 0 1 6056 6057 5992
11799 2 2 0 1 5993 6057 5992
11800 2 2 0 1 6057 6058 5993
11801 2 2 0 1 5994 6058 5993
11802 2 2 0 1 6058 6059 5994
11803 2 2 0 1 5995 6059 5994
11804 2 2 0 1 6059 6060 5995
11805 2 2 0 1 5996 6060 5995
11806 2 2 0 1 6060 6061 5996
11807 2 2 0 1 5997 6061 5996
11808 2 2 0 1 6061 6062 5997
11809 2 2 0 1 5998 6062 5997
11810 2 2 0 1 6062 6063 5998
11811 2 2 0 1 5999 6063 5998
11812 2 2 0 1 6063 6064 5999
11813 2 2 0 1 6000 6064 5999
11814 2 2 0 1 6064 6065 6000
11815 2 2 0 1 6001 6065 6000
11816 2 2 0 1 6065 6066 6001
11817 2 2 0 1 6002 6066 6001
11818 2 2 0 1 6066 6067 6002
11819 2 2 0 1 6003 6067 6002
11820 2 2 0 1 6067 6068 6003
11821 2 2 0 1 6004 6068 6003
11822 2 2 0 1 6068 6069 6004
11823 2 2 0 1 6005 6069 6004
11824 2 2 0 1 6069 6070 6005
11825 2 2 0 1 6006 6070 6005
11826 2 2 0 1 6070 6071 6006
11827 2 2 0 1 6007 6071 6006
11828 2 2 0 1 6071 6072 6007
11829 2 2 0 1 6008 6072 6007
11830 2 2 0 1 6072 6073 6008
11831 2 2 0 1 6009 6073 6008
11832 2 2 0 1 6073 6074 6009
11833 2 2 0 1 6010 6074 6009
11834 2 2 0 1 6074 6075 6010
11835 2 2 0 1 6011 6075 6010
11836 2 2 0 1 6075 6076 6011
11837 2 2 0 1 6012 6076 6011
11838 2 2 0 1 6076 6077 6012
11839 2 2 0 1 6013 6077 6012
11840 2 2 0 1 6077 6078 6013
11841 2 2 0 1 6014 6078 6013
11842 2 2 0 1 6078 6079 6014
11843 2 2 0 1 6080 6079 6014
11844 2 2 0 1 6014 6080 6015
11845 2 2 0 1 6081 6080 6015
11846 2 2 0 1 6015 6081 6016
11847 2 2 0 1 6082 6081 6016
11848 2 2 0 1 6016 6082 6017
11849 2 2 0 1 6083 6082 6017
11850 2 2 0 1 6017 6083 6018
11851 2 2 0 1 6084 6083 6018
11852 2 2 0 1 6018 6084 6019
11853 2 2 0 1 6020 6084 6019
11854 2 2 0 1 6084 6085 6020
11855 2 2 0 1 6021 6085 6020
11856 2 2 0 1 6085 6086 6021
11857 2 2 0 1 6022 6086 6021
11858 2 2 0 1 6086 6087 6022
11859 2 2 0 1 6023 6087 6022
11860 2 2 0 1 6087 6088 6023
11861 2 2 0 1 6089 6088 6023
11862 2 2 0 1 6023 6089 6024
11863 2 2 0 1 6090 6089 6024
11864 2 2 0 1 6024 6090 6025
11865 2 2 0 1 6091 6090 6025
11866 2 2 0 1 6025 6091 6026
11867 2 2 0 1 6092 6091 6026
11868 2 2 0 1 6026 6092 6027
11869 2 2 0 1 6093 6092 6027
11870 2 2 0 1 6027 6093 6028
11871 2 2 0 1 6094 6093 6028
11872 2 2 0 1 6028 6094 6029
11873 2 2 0 1 6095 6094 6029
11874 2 2 0 1 6029 6095 6030
11875 2 2 0 1 6096 6095 6030
11876 2 2 0 1 6030 6096 6031
11877 2 2 0 1 6097 6096 6031
11878 2 2 0 1 6031 6097 6032
11879 2 2 0 1 6098 6097 6032
11880 2 2 0 1 6032 6098 6033
11881 2 2 0 1 6099 6098 6033
11882 2 2 0 1 6033 6099 6034
11883 2 2 0 1 6100 6099 6034
11884 2 2 0 1 6034 6100 6035
11885 2 2 0 1 6101 6100 6035
11886 2 2 0 1 6035 6101 6036
11887 2 2 0 1 6102 6101 6036
11888 2 2 0 1 6036 6102 6037
11889 2 2 0 1 6103 6102 6037
11890 2 2 0 1 6037 6103 6038
11891 2 2 0 1 6104 6103 6038
11892 2 2 0 1 6038 6104 6039
11893 2 2 0 1 6105 6104 6039
11894 2 2 0 1 6039 6105 6040
11895 2 2 0 1 6106 6105 6040
11896 2 2 0 1 6040 6106 6041
11897 2 2 0 1 6107 6106 6041
11898 2 2 0 1 6041 6107 6042
11899 2 2 0 1 6108 6107 6042
11900 2 2 0 1 6042 6108 6043
11901 2 2 0 1 6109 6108 6043
11902 2 2 0 1 6043 6109 6044
11903 2 2 0 1 6110 6109 6044
11904 2 2 0 1 6044 6110 6045
11905 2 2 0 1 6047 6111 6046
11906 2 2 0 1 6111 6112 6047
11907 2 2 0 1 6048 6112 6047
11908 2 2 0 1 6112 6113 6048
11909 2 2 0 1 6049 6113 6048
11910 2 2 0 1 6113 6114 6049
11911 2 2 0 1 6050 6114 6049
11912 2 2 0 1 6114 6115 6050
11913 2 2 0 1 6051 6115 6050
11914 2 2 0 1 6115 6116 6051
11915 2 2 0 1 6052 6116 6051
11916 2 2 0 1 6116 6117 6052
11917 2 2 0 1 6053 6117 6052
11918 2 2 0 1 6117 6118 6053
11919 2 2 0 1 6054 6118 6053
11920 2 2 0 1 6118 6119 6054
11921 2 2 0 1 6055 6119 6054
11922 2 2 0 1 6119 6120 6055
11923 2 2 0 1 6056 6120 6055
11924 2 2 0 1 6120 6121 6056
11925 2 2 0 1 6057 6121 6056
11926 2 2 0 1 6121 6122 6057
11927 2 2 0 1 6058 6122 6057
11928 2 2 0 1 6122 6123 6058
11929 2 2 0 1 6059 6123 6058
11930 2 2 0 1 6123 6124 6059
11931 2 2 0 1 6060 6124 6059
11932 2 2 0 1 6124 6125 6060
11933 2 2 0 1 6061 6125 6060
11934 2 2 0 1 6125 6126 6061
11935 2 2 0 1 6062 6126 6061
11936 2 2 0 1 6126 6127 6062
11937 2 2 0 1 6063 6127 6062
11938 2 2 0 1 6127 6128 6063
11939 2 2 0 1 6064 6128 6063
11940 2 2 0 1 6128 6129 6064
11941 2 2 0 1 6065 6129 6064
11942 2 2 0 1 6129 6130 6065
11943 2 2 0 1 6066 6130 6065
11944 2 2 0 1 6130 6131 6066
11945 2 2 0 1 6067 6131 6066
11946 2 2 0 1 6131 6132 6067
11947 2 2 0 1 6068 6132 6067
11948 2 2 0 1 6132 6133 6068
11949 2 2 0 1 6069 6133 6068
11950 2 2 0 1 6133 6134 6069
11951 2 2 0 1 6070 6134 6069
11952 2 2 0 1 6134 6135 6070
11953 2 2 0 1 6071 6135 6070
11954 2 2 0 1 6135 6136 6071
11955 2 2 0 1 6072 6136 6071
11956 2 2 0 1 6136 6137 6072
11957 2 2 0 1 6073 6137 6072
11958 2 2 0 1 6137 6138 6073
11959 2 2 0 1 6074 6138 6073
11960 2 2 0 1 6138 6139 6074
11961 2 2 0 1 6075 6139 6074
11962 2 2 0 1 6139 6140 6075
11963 2 2 0 1 6076 6140 6075
11964 2 2 0 1 6140 6141 6076
11965 2 2 0 1 6077 6141 6076
11966 2 2 0 1 6141 6142 6077
11967 2 2 0 1 6078 6142 6077
11968 2 2 0 1 6142 6143 6078
11969 2 2 0 1 6079 6143 6078
11970 2 2 0 1 6143 6144 6079
11971 2 2 0 1 6145 6144 6079
11972 2 2 0 1 6079 6145 6080
11973 2 2 0 1 6146 6145 6080
11974 2 2 0 1 6080 6146 6081
11975 2 2 0 1 6147 6146 6081
11976 2 2 0 1 6081 6147 6082
11977 2 2 0 1 6148 6147 6082
11978 2 2 0 1 6082 6148 6083
11979 2 2 0 1 6149 6148 6083
11980 2 2 0 1 6083 6149 6084
11981 2 2 0 1 6085 6149 6084
11982 2 2 0 1 6149 6150 6085
11983 2 2 0 1 6086 6150 6085
11984 2 2 0 1 6150 6151 6086
11985 2 2 0 1 6087 6151 6086
11986 2 2 0 1 6151 6152 6087
11987 2 2 0 1 6088 6152 6087
11988 2 2 0 1 6152 6153 6088
11989 2 2 0 1 6154 6153 6088
11990 2 2 0 1 6088 6154 6089
11991 2 2 0 1 6155 6154 6089
11992 2 2 0 1 6089 6155 6090
11993 2 2 0 1 6156 6155 6090
11994 2 2 0 1 6090 6156 6091
11995 2 2 0 1 6157 6156 6091
11996 2 2 0 1 6091 6157 6092
11997 2 2 0 1 6158 6157 6092
11998 2 2 0 1 6092 6158 6093
11999 2 2 0 1 6159 6158 6093
12000 2 2 0 1 6093 6159 6094
12001 2 2 0 1 6160 6159 6094
12002 2 2 0 1 6094 6160 6095
12003 2 2 0 1 6161 6160 6095
12004 2 2 0 1 6095 6161 6096
12005 2 2 0 1 6162 6161 6096
12006 2 2 0 1 6096 6162 6097
12007 2 2 0 1 6163 6162 6097
12008 2 2 0 1 6097 6163 6098
12009 2 2 0 1 6164 6163 6098
12010 2 2 0 1 6098 6164 6099
12011 2 2 0 1 6165 6164 6099
12012 2 2 0 1 6099 6165 6100
12013 2 2 0 1 6166 6165 6100
12014 2 2 0 1 6100 6166 6101
12015 2 2 0 1 6167 6166 6101
12016 2 2 0 1 6101 6167 6102
12017 2 2 0 1 6168 6167 6102
12018 2 2 0 1 6102 6168 6103
12019 2 2 0 1 6169 6168 6103
12020 2 2 0 1 6103 6169 6104
12021 2 2 0 1 6170 6169 6104
12022 2 2 0 1 6104 6170 6105
12023 2 2 0 1 6171 6170 6105
12024 2 2 0 1 6105 6171 6106
12025 2 2 0 1 6172 6171 6106
12026 2 2 0 1 6106 6172 6107
12027 2 2 0 1 6173 6172 6107
12028 2 2 0 1 6107 6173 6108
12029 2 2 0 1 6174 6173 6108
12030 2 2 0 1 6108 6174 6109
12031 2 2 0 1 6175 6174 6109
12032 2 2 0 1 6109 6175 6110
12033 2 2 0 1 6112 6176 6111
12034 2 2 0 1 6176 6177 6112
12035 2 2 0 1 6113 6177 6112
12036 2 2 0 1 6177 6178 6113
12037 2 2 0 1 6114 6178 6113
12038 2 2 0 1 6178 6179 6114
12039 2 2 0 1 6115 6179 6114
12040 2 2 0 1 6179 6180 6115
12041 2 2 0 1 6116 6180 6115
12042 2 2 0 1 6180 6181 6116
12043 2 2 0 1 6117 6181 6116
12044 2 2 0 1 6181 6182 6117
12045 2 2 0 1 6118 6182 6117
12046 2 2 0 1 6182 6183 6118
12047 2 2 0 1 6119 6183 6118
12048 2 2 0 1 6183 6184 6119
12049 2 2 0 1 6120 6184 6119
12050 2 2 0 1 6184 6185 6120
12051 2 2 0 1 6121 6185 6120
12052 2 2 0 1 6185 6186 6121
12053 2 2 0 1 6122 6186 6121
12054 2 2 0 1 6186 6187 6122
12055 2 2 0 1 6123 6187 6122
12056 2 2 0 1 6187 6188 6123
12057 2 2 0 1 6124 6188 6123
12058 2 2 0 1 6188 6189 6124
12059 2 2 0 1 6125 6189 6124
12060 2 2 0 1 6189 6190 6125
12061 2 2 0 1 6126 6190 6125
12062 2 2 0 1 6190 6191 6126
12063 2 2 0 1 6127 6191 6126
12064 2 2 0 1 6191 6192 6127
12065 2 2 0 1 6128 6192 6127
12066 2 2 0 1 6192 6193 6128
12067 2 2 0 1 6129 6193 6128
12068 2 2 0 1 6193 6194 6129
12069 2 2 0 1 6130 6194 6129
12070 2 2 0 1 6194 6195 6130
12071 2 2 0 1 6131 6195 6130
12072 2 2 0 1 6195 6196 6131
12073 2 2 0 1 6132 6196 6131
12074 2 2 0 1 6196 6197 6132
12075 2 2 0 1 6133 6197 6132
12076 2 2 0 1 6197 6198 6133
12077 2 2 0 1 6134 6198 6133
12078 2 2 0 1 6198 6199 6134
12079 2 2 0 1 6135 6199 6134
12080 2 2 0 1 6199 6200 6135
12081 2 2 0 1 6136 6200 6135
12082 2 2 0 1 6200 6201 6136
12083 2 2 0 1 6137 6201 6136
12084 2 2 0 1 6201 6202 6137
12085 2 2 0 1 6138 6202 6137
12086 2 2 0 1 6202 6203 6138
12087 2 2 0 1 6139 6203 6138
12088 2 2 0 1 6203 6204 6139
12089 2 2 0 1 6140 6204 6139
12090 2 2 0 1 6204 6205 6140
12091 2 2 0 1 6141 6205 6140
12092 2 2 0 1 6205 6206 6141
12093 2 2 0 1 6142 6206 6141
12094 2 2 0 1 6206 6207 6142
12095 2 2 0 1 6143 6207 6142
12096 2 2 0 1 6207 6208 6143
12097 2 2 0 1 6144 6208 6143
12098 2 2 0 1 6208 6209 6144
12099 2 2 0 1 6145 6209 6144
12100 2 2 0 1 6209 6210 6145
12101 2 2 0 1 6211 6210 6145
12102 2 2 0 1 6145 6211 6146
12103 2 2 0 1 6212 6211 6146
12104 2 2 0 1 6146 6212 6147
12105 2 2 0 1 6213 6212 6147
12106 2 2 0 1 6147 6213 6148
12107 2 2 0 1 6214 6213 6148
12108 2 2 0 1 6148 6214 6149
12109 2 2 0 1 6150 6214 6149
12110 2 2 0 1 6214 6215 6150
12111 2 2 0 1 6151 6215 6150
12112 2 2 0 1 6215 6216 6151
12113 2 2 0 1 6152 6216 6151
12114 2 2 0 1 6216 6217 6152
12115 2 2 0 1 6153 6217 6152
12116 2 2 0 1 6217 6218 6153
12117 2 2 0 1 6219 6218 6153
12118 2 2 0 1 6153 6219 6154
12119 2 2 0 1 6220 6219 6154
12120 2 2 0 1 6154 6220 6155
12121 2 2 0 1 6221 6220 6155
12122 2 2 0 1 6155 6221 6156
12123 2 2 0 1 6222 6221 6156
12124 2 2 0 1 6156 6222 6157
12125 2 2 0 1 6223 6222 6157
12126 2 2 0 1 6157 6223 6158
12127 2 2 0 1 6224 6223 6158
12128 2 2 0 1 6158 6224 6159
12129 2 2 0 1 6225 6224 6159
12130 2 2 0 1 6159 6225 6160
12131 2 2 0 1 6226 6225 6160
12132 2 2 0 1 6160 6226 6161
12133 2 2 0 1 6227 6226 6161
12134 2 2 0 1 6161 6227 6162
12135 2 2 0 1 6228 6227 6162
12136 2 2 0 1 6162 6228 6163
12137 2 2 0 1 6229 6228 6163
12138 2 2 0 1 6163 6229 6164
12139 2 2 0 1 6230 6229 6164
12140 2 2 0 1 6164 6230 6165
12141 2 2 0 1 6231 6230 6165
12142 2 2 0 1 6165 6231 6166
12143 2 2 0 1 6232 6231 6166
12144 2 2 0 1 6166 6232 6167
12145 2 2 0 1 6233 6232 6167
12146 2 2 0 1 6167 6233 6168
12147 2 2 0 1 6234 6233 6168
12148 2 2 0 1 6168 6234 6169
12149 2 2 0 1 6235 6234 6169
12150 2 2 0 1 6169 6235 6170
12151 2 2 0 1 6236 6235 6170
12152 2 2 0 1 6170 6236 6171
12153 2 2 0 1 6237 6236 6171
12154 2 2 0 1 6171 6237 6172
12155 2 2 0 1 6238 6237 6172
12156 2 2 0 1 6172 6238 6173
12157 2 2 0 1 6239 6238 6173
12158 2 2 0 1 6173 6239 6174
12159 2 2 0 1 6240 6239 6174
12160 2 2 0 1 6174 6240 6175
12161 2 2 0 1 6177 6241 6176
12162 2 2 0 1 6241 6242 6177
12163 2 2 0 1 6178 6242 6177
12164 2 2 0 1 6242 6243 6178
12165 2 2 0 1 6179 6243 6178
12166 2 2 0 1 6243 6244 6179
12167 2 2 0 1 6180 6244 6179
12168 2 2 0 1 6244 6245 6180
12169 2 2 0 1 6181 6245 6180
12170 2 2 0 1 6245 6246 6181
12171 2 2 0 1 6182 6246 6181
12172 2 2 0 1 6246 6247 6182
12173 2 2 0 1 6183 6247 6182
12174 2 2 0 1 6247 6248 6183
12175 2 2 0 1 6184 6248 6183
12176 2 2 0 1 6248 6249 6184
12177 2 2 0 1 6185 6249 6184
12178 2 2 0 1 6249 6250 6185
12179 2 2 0 1 6186 6250 6185
12180 2 2 0 1 6250 6251 6186
12181 2 2 0 1 6187 6251 6186
12182 2 2 0 1 6251 6252 6187
12183 2 2 0 1 6188 6252 6187
12184 2 2 0 1 6252 6253 6188
12185 2 2 0 1 6189 6253 6188
12186 2 2 0 1 6253 6254 6189
12187 2 2 0 1 6190 6254 6189
12188 2 2 0 1 6254 6255 6190
12189 2 2 0 1 6191 6255 6190
12190 2 2 0 1 6255 6256 6191
12191 2 2 0 1 6192 6256 6191
12192 2 2 0 1 6256 6257 6192
12193 2 2 0 1 6193 6257 6192
12194 2 2 0 1 6257 6258 6193
12195 2 2 0 1 6194 6258 6193
12196 2 2 0 1 6258 6259 6194
12197 2 2 0 1 6195 6259 6194
12198 2 2 0 1 6259 6260 6195
12199 2 2 0 1 6196 6260 6195
12200 2 2 0 1 6260 6261 6196
12201 2 2 0 1 6197 6261 6196
12202 2 2 0 1 6261 6262 6197
12203 2 2 0 1 6263 6262 6197
12204 2 2 0 1 6197 6263 6198
12205 2 2 0 1 6264 6263 6198
12206 2 2 0 1 6198 6264 6199
12207 2 2 0 1 6200 6264 6199
12208 2 2 0 1 6264 6265 6200
12209 2 2 0 1 6201 6265 6200
12210 2 2 0 1 6265 6266 6201
12211 2 2 0 1 6202 6266 6201
12212 2 2 0 1 6266 6267 6202
12213 2 2 0 1 6203 6267 6202
12214 2 2 0 1 6267 6268 6203
12215 2 2 0 1 6204 6268 6203
12216 2 2 0 1 6268 6269 6204
12217 2 2 0 1 6205 6269 6204
12218 2 2 0 1 6269 6270 6205
12219 2 2 0 1 6206 6270 6205
12220 2 2 0 1 6270 6271 6206
12221 2 2 0 1 6207 6271 6206
12222 2 2 0 1 6271 6272 6207
12223 2 2 0 1 6208 6272 6207
12224 2 2 0 1 6272 6273 6208
12225 2 2 0 1 6209 6273 6208
12226 2 2 0 1 6273 6274 6209
12227 2 2 0 1 6210 6274 6209
12228 2 2 0 1 6274 6275 6210
12229 2 2 0 1 6276 6275 6210
12230 2 2 0 1 6210 6276 6211
12231 2 2 0 1 6277 6276 6211
12232 2 2 0 1 6211 6277 6212
12233 2 2 0 1 6278 6277 6212
12234 2 2 0 1 6212 6278 6213
12235 2 2 0 1 6279 6278 6213
12236 2 2 0 1 6213 6279 6214
12237 2 2 0 1 6215 6279 6214
12238 2 2 0 1 6279 6280 6215
12239 2 2 0 1 6216 6280 6215
12240 2 2 0 1 6280 6281 6216
12241 2 2 0 1 6217 6281 6216
12242 2 2 0 1 6281 6282 6217
12243 2 2 0 1 6218 6282 6217
12244 2 2 0 1 6282 6283 6218
12245 2 2 0 1 6284 6283 6218
12246 2 2 0 1 6218 6284 6219
12247 2 2 0 1 6285 6284 6219
12248 2 2 0 1 6219 6285 6220
12249 2 2 0 1 6286 6285 6220
12250 2 2 0 1 6220 6286 6221
12251 2 2 0 1 6287 6286 6221
12252 2 2 0 1 6221 6287 6222
12253 2 2 0 1 6288 6287 6222
12254 2 2 0 1 6222 6288 6223
12255 2 2 0 1 6289 6288 6223
12256 2 2 0 1 6223 6289 6224
12257 2 2 0 1 6290 6289 6224
12258 2 2 0 1 6224 6290 6225
12259 2 2 0 1 6291 6290 6225
12260 2 2 0 1 6225 6291 6226
12261 2 2 0 1 6292 6291 6226
12262 2 2 0 1 6226 6292 6227
12263 2 2 0 1 6293 6292 6227
12264 2 2 0 1 6227 6293 6228
12265 2 2 0 1 6294 6293 6228
12266 2 2 0 1 6228 6294 6229
12267 2 2 0 1 6295 6294 6229
12268 2 2 0 1 6229 6295 6230
12269 2 2 0 1 6296 6295 6230
12270 2 2 0 1 6230 6296 6231
12271 2 2 0 1 6297 6296 6231
12272 2 2 0 1 6231 6297 6232
12273 2 2 0 1 6298 6297 6232
12274 2 2 0 1 6232 6298 6233
12275 2 2 0 1 6299 6298 6233
12276 2 2 0 1 6233 6299 6234
12277 2 2 0 1 6300 6299 6234
12278 2 2 0 1 6234 6300 6235
12279 2 2 0 1 6301 6300 6235
12280 2 2 0 1 6235 6301 6236
12281 2 2 0 1 6302 6301 6236
12282 2 2 0 1 6236 6302 6237
12283 2 2 0 1 6303 6302 6237
12284 2 2 0 1 6237 6303 6238
12285 2 2 0 1 6304 6303 6238
12286 2 2 0 1 6238 6304 6239
12287 2 2 0 1 6305 6304 6239
12288 2 2 0 1 6239 6305 6240
12289 2 2 0 1 6242 6306 6241
12290 2 2 0 1 6306 6307 6242
12291 2 2 0 1 6243 6307 6242
12292 2 2 0 1 6307 6308 6243
12293 2 2 0 1 6244 6308 6243
12294 2 2 0 1 6308 6309 6244
12295 2 2 0 1 6245 6309 6244
12296 2 2 0 1 6309 6310 6245
12297 2 2 0 1 6246 6310 6245
12298 2 2 0 1 6310 6311 6246
12299 2 2 0 1 6247 6311 6246
12300 2 2 0 1 6311 6312 6247
12301 2 2 0 1 6248 6312 6247
12302 2 2 0 1 6312 6313 6248
12303 2 2 0 1 6249 6313 6248
12304 2 2 0 1 6313 6314 6249
12305 2 2 0 1 6250 6314 6249
12306 2 2 0 1 6314 6315 6250
12307 2 2 0 1 6251 6315 6250
12308 2 2 0 1 6315 6316 6251
12309 2 2 0 1 6252 6316 6251
12310 2 2 0 1 6316 6317 6252
12311 2 2 0 1 6253 6317 6252
12312 2 2 0 1 6317 6318 6253
12313 2 2 0 1 6254 6318 6253
12314 2 2 0 1 6318 6319 6254
12315 2 2 0 1 6255 6319 6254
12316 2 2 0 1 6319 6320 6255
12317 2 2 0 1 6256 6320 6255
12318 2 2 0 1 6320 6321 6256
12319 2 2 0 1 6257 6321 6256
12320 2 2 0 1 6321 6322 6257
12321 2 2 0 1 6258 6322 6257
12322 2 2 0 1 6322 6323 6258
12323 2 2 0 1 6259 6323 6258
12324 2 2 0 1 6323 6324 6259
12325 2 2 0 1 6260 6324 6259
12326 2 2 0 1 6324 6325 6260
12327 2 2 0 1 6261 6325 6260
12328 2 2 0 1 6325 6326 6261
12329 2 2 0 1 6262 6326 6261
12330 2 2 0 1 6326 6327 6262
12331 2 2 0 1 6328 6327 6262
12332 2 2 0 1 6262 6328 6263
12333 2 2 0 1 6329 6328 6263
12334 2 2 0 1 6263 6329 6264
12335 2 2 0 1 6265 6329 6264
12336 2 2 0 1 6329 6330 6265
12337 2 2 0 1 6266 6330 6265
12338 2 2 0 1 6330 6331 6266
12339 2 2 0 1 6267 6331 6266
12340 2 2 0 1 6331 6332 6267
12341 2 2 0 1 6268 6332 6267
12342 2 2 0 1 6332 6333 6268
12343 2 2 0 1 6269 6333 6268
12344 2 2 0 1 6333 6334 6269
12345 2 2 0 1 6270 6334 6269
12346 2 2 0 1 6334 6335 6270
12347 2 2 0 1 6271 6335 6270
12348 2 2 0 1 6335 6336 6271
12349 2 2 0 1 6272 6336 6271
12350 2 2 0 1 6336 6337 6272
12351 2 2 0 1 6273 6337 6272
12352 2 2 0 1 6337 6338 6273
12353 2 2 0 1 6274 6338 6273
12354 2 2 0 1 6338 6339 6274
12355 2 2 0 1 6275 6339 6274
12356 2 2 0 1 6339 6340 6275
12357 2 2 0 1 6341 6340 6275
12358 2 2 0 1 6275 6341 6276
12359 2 2 0 1 6342 6341 6276
12360 2 2 0 1 6276 6342 6277
12361 2 2 0 1 6343 6342 6277
12362 2 2 0 1 6277 6343 6278
12363 2 2 0 1 6344 6343 6278
12364 2 2 0 1 6278 6344 6279
12365 2 2 0 1 6280 6344 6279
12366 2 2 0 1 6344 6345 6280
12367 2 2 0 1 6281 6345 6280
12368 2 2 0 1 6345 6346 6281
12369 2 2 0 1 6282 6346 6281
12370 2 2 0 1 6346 6347 6282
12371 2 2 0 1 6283 6347 6282
12372 2 2 0 1 6347 6348 6283
12373 2 2 0 1 6349 6348 6283
12374 2 2 0 1 6283 6349 6284
12375 2 2 0 1 6350 6349 6284
12376 2 2 0 1 6284 6350 6285
12377 2 2 0 1 6351 6350 6285
12378 2 2 0 1 6285 6351 6286
12379 2 2 0 1 6352 6351 6286
12380 2 2 0 1 6286 6352 6287
12381 2 2 0 1 6353 6352 6287
12382 2 2 0 1 6287 6353 6288
12383 2 2 0 1 6354 6353 6288
12384 2 2 0 1 6288 6354 6289
12385 2 2 0 1 6355 6354 6289
12386 2 2 0 1 6289 6355 6290
12387 2 2 0 1 6356 6355 6290
12388 2 2 0 1 6290 6356 6291
12389 2 2 0 1 6357 6356 6291
12390 2 2 0 1 6291 6357 6292
12391 2 2 0 1 6358 6357 6292
12392 2 2 0 1 6292 6358 6293
12393 2 2 0 1 6359 6358 6293
12394 2 2 0 1 6293 6359 6294
12395 2 2 0 1 6360 6359 6294
12396 2 2 0 1 6294 6360 6295
12397 2 2 0 1 6361 6360 6295
12398 2 2 0 1 6295 6361 6296
12399 2 2 0 1 6362 6361 6296
12400 2 2 0 1 6296 6362 6297
12401 2 2 0 1 6363 6362 6297
12402 2 2 0 1 6297 6363 6298
12403 2 2 0 1 6364 6363 6298
12404 2 2 0 1 6298 6364 6299
12405 2 2 0 1 6365 6364 6299
12406 2 2 0 1 6299 6365 6300
12407 2 2 0 1 6366 6365 6300
12408 2 2 0 1 6300 6366 6301
12409 2 2 0 1 6367 6366 6301
12410 2 2 0 1 6301 6367 6302
12411 2 2 0 1 6368 6367 6302
12412 2 2 0 1 6302 6368 6303
12413 2 2 0 1 6369 6368 6303
12414 2 2 0 1 6303 6369 6304
12415 2 2 0 1 6370 6369 6304
12416 2 2 0 1 6304 6370 6305
12417 2 2 0 1 6307 6371 6306
12418 2 2 0 1 6371 6372 6307
12419 2 2 0 1 6308 6372 6307
12420 2 2 0 1 6372 6373 6308
12421 2 2 0 1 6309 6373 6308
12422 2 2 0 1 6373 6374 6309
12423 2 2 0 1 6310 6374 6309
12424 2 2 0 1 6374 6375 6310
12425 2 2 0 1 6311 6375 6310
12426 2 2 0 1 6375 6376 6311
12427 2 2 0 1 6312 6376 6311
12428 2 2 0 1 6376 6377 6312
12429 2 2 0 1 6313 6377 6312
12430 2 2 0 1 6377 6378 6313
12431 2 2 0 1 6314 6378 6313
12432 2 2 0 1 6378 6379 6314
12433 2 2 0 1 6315 6379 6314
12434 2 2 0 1 6379 6380 6315
12435 2 2 0 1 6316 6380 6315
12436 2 2 0 1 6380 6381 6316
12437 2 2 0 1 6317 6381 6316
12438 2 2 0 1 6381 6382 6317
12439 2 2 0 1 6318 6382 6317
12440 2 2 0 1 6382 6383 6318
12441 2 2 0 1 6319 6383 6318
12442 2 2 0 1 6383 6384 6319
12443 2 2 0 1 6320 6384 6319
12444 2 2 0 1 6384 6385 6320
12445 2 2 0 1 6321 6385 6320
12446 2 2 0 1 6385 6386 6321
12447 2 2 0 1 6322 6386 6321
12448 2 2 0 1 6386 6387 6322
12449 2 2 0 1 6323 6387 6322
12450 2 2 0 1 6387 6388 6323
12451 2 2 0 1 6324 6388 6323
12452 2 2 0 1 6388 6389 6324
12453 2 2 0 1 6325 6389 6324
12454 2 2 0 1 6389 6390 6325
12455 2 2 0 1 6326 6390 6325
12456 2 2 0 1 6390 6391 6326
12457 2 2 0 1 6392 6391 6326
12458 2 2 0 1 6326 6392 6327
12459 2 2 0 1 6393 6392 6327
12460 2 2 0 1 6327 6393 6328
12461 2 2 0 1 6394 6393 6328
12462 2 2 0 1 6328 6394 6329
12463 2 2 0 1 6330 6394 6329
12464 2 2 0 1 6394 6395 6330
12465 2 2 0 1 6331 6395 6330
12466 2 2 0 1 6395 6396 6331
12467 2 2 0 1 6332 6396 6331
12468 2 2 0 1 6396 6397 6332
12469 2 2 0 1 6333 6397 6332
12470 2 2 0 1 6397 6398 6333
12471 2 2 0 1 6334 6398 6333
12472 2 2 0 1 6398 6399 6334
12473 2 2 0 1 6335 6399 6334
12474 2 2 0 1 6399 6400 6335
12475 2 2 0 1 6336 6400 6335
12476 2 2 0 1 6400 6401 6336
12477 2 2 0 1 6337 6401 6336
12478 2 2 0 1 6401 6402 6337
12479 2 2 0 1 6338 6402 6337
12480 2 2 0 1 6402 6403 6338
12481 2 2 0 1 6339 6403 6338
12482 2 2 0 1 6403 6404 6339
12483 2 2 0 1 6340 6404 6339
12484 2 2 0 1 6404 6405 6340
12485 2 2 0 1 6406 6405 6340
12486 2 2 0 1 6340 6406 6341
12487 2 2 0 1 6407 6406 6341
12488 2 2 0 1 6341 6407 6342
12489 2 2 0 1 6408 6407 6342
12490 2 2 0 1 6342 6408 6343
12491 2 2 0 1 6409 6408 6343
12492 2 2 0 1 6343 6409 6344
12493 2 2 0 1 6345 6409 6344
12494 2 2 0 1 6409 6410 6345
12495 2 2 0 1 6346 6410 6345
12496 2 2 0 1 6410 6411 6346
12497 2 2 0 1 6347 6411 6346
12498 2 2 0 1 6411 6412 6347
12499 2 2 0 1 6348 6412 6347
12500 2 2 0 1 6412 6413 6348
12501 2 2 0 1 6414 6413 6348
12502 2 2 0 1 6348 6414 6349
12503 2 2 0 1 6415 6414 6349
12504 2 2 0 1 6349 6415 6350
12505 2 2 0 1 6416 6415 6350
12506 2 2 0 1 6350 6416 6351
12507 2 2 0 1 6417 6416 6351
12508 2 2 0 1 6351 6417 6352
12509 2 2 0 1 6418 6417 6352
12510 2 2 0 1 6352 6418 6353
12511 2 2 0 1 6419 6418 6353
12512 2 2 0 1 6353 6419 6354
12513 2 2 0 1 6420 6419 6354
12514 2 2 0 1 6354 6420 6355
12515 2 2 0 1 6421 6420 6355
12516 2 2 0 1 6355 6421 6356
12517 2 2 0 1 6422 6421 6356
12518 2 2 0 1 6356 6422 6357
12519 2 2 0 1 6423 6422 6357
12520 2 2 0 1 6357 6423 6358
12521 2 2 0 1 6424 6423 6358
12522 2 2 0 1 6358 6424 6359
12523 2 2 0 1 6425 6424 6359
12524 2 2 0 1 6359 6425 6360
12525 2 2 0 1 6426 6425 6360
12526 2 2 0 1 6360 6426 6361
12527 2 2 0 1 6427 6426 6361
12528 2 2 0 1 6361 6427 6362
12529 2 2 0 1 6428 6427 6362
12530 2 2 0 1 6362 6428 6363
12531 2 2 0 1 6429 6428 6363
12532 2 2 0 1 6363 6429 6364
12533 2 2 0 1 6430 6429 6364
12534 2 2 0 1 6364 6430 6365
12535 2 2 0 1 6431 6430 6365
12536 2 2 0 1 6365 6431 6366
12537 2 2 0 1 6432 6431 6366
12538 2 2 0 1 6366 6432 6367
12539 2 2 0 1 6433 6432 6367
12540 2 2 0 1 6367 6433 6368
12541 2 2 0 1 6434 6433 6368
12542 2 2 0 1 6368 6434 6369
12543 2 2 0 1 6435 6434 6369
12544 2 2 0 1 6369 6435 6370
12545 2 2 0 1 6436 6437 6371
12546 2 2 0 1 6371 6436 6372
12547 2 2 0 1 6438 6436 6372
12548 2 2 0 1 6372 6438 6373
12549 2 2 0 1 6439 6438 6373
12550 2 2 0 1 6373 6439 6374
12551 2 2 0 1 6440 6439 6374
12552 2 2 0 1 6374 6440 6375
12553 2 2 0 1 6376 6440 6375
12554 2 2 0 1 6440 6441 6376
12555 2 2 0 1 6377 6441 6376
12556 2 2 0 1 6441 6442 6377
12557 2 2 0 1 6378 6442 6377
12558 2 2 0 1 6442 6443 6378
12559 2 2 0 1 6379 6443 6378
12560 2 2 0 1 6443 6444 6379
12561 2 2 0 1 6380 6444 6379
12562 2 2 0 1 6444 6445 6380
12563 2 2 0 1 6381 6445 6380
12564 2 2 0 1 6445 6446 6381
12565 2 2 0 1 6382 6446 6381
12566 2 2 0 1 6446 6447 6382
12567 2 2 0 1 6383 6447 6382
12568 2 2 0 1 6447 6448 6383
12569 2 2 0 1 6384 6448 6383
12570 2 2 0 1 6448 6449 6384
12571 2 2 0 1 6385 6449 6384
12572 2 2 0 1 6449 6450 6385
12573 2 2 0 1 6386 6450 6385
12574 2 2 0 1 6450 6451 6386
12575 2 2 0 1 6452 6451 6386
12576 2 2 0 1 6386 6452 6387
12577 2 2 0 1 6453 6452 6387
12578 2 2 0 1 6387 6453 6388
12579 2 2 0 1 6454 6453 6388
12580 2 2 0 1 6388 6454 6389
12581 2 2 0 1 6455 6454 6389
12582 2 2 0 1 6389 6455 6390
12583 2 2 0 1 6456 6455 6390
12584 2 2 0 1 6390 6456 6391
12585 2 2 0 1 6457 6456 6391
12586 2 2 0 1 6391 6457 6392
12587 2 2 0 1 6458 6457 6392
12588 2 2 0 1 6392 6458 6393
12589 2 2 0 1 6459 6458 6393
12590 2 2 0 1 6393 6459 6394
12591 2 2 0 1 6395 6459 6394
12592 2 2 0 1 6459 6460 6395
12593 2 2 0 1 6396 6460 6395
12594 2 2 0 1 6460 6461 6396
12595 2 2 0 1 6397 6461 6396
12596 2 2 0 1 6461 6462 6397
12597 2 2 0 1 6398 6462 6397
12598 2 2 0 1 6462 6463 6398
12599 2 2 0 1 6399 6463 6398
12600 2 2 0 1 6463 6464 6399
12601 2 2 0 1 6400 6464 6399
12602 2 2 0 1 6464 6465 6400
12603 2 2 0 1 6401 6465 6400
12604 2 2 0 1 6465 6466 6401
12605 2 2 0 1 6402 6466 6401
12606 2 2 0 1 6466 6467 6402
12607 2 2 0 1 6403 6467 6402
12608 2 2 0 1 6467 6468 6403
12609 2 2 0 1 6404 6468 6403
12610 2 2 0 1 6468 6469 6404
12611 2 2 0 1 6405 6469 6404
12612 2 2 0 1 6469 6470 6405
12613 2 2 0 1 6471 6470 6405
12614 2 2 0 1 6405 6471 6406
12615 2 2 0 1 6472 6471 6406
12616 2 2 0 1 6406 6472 6407
12617 2 2 0 1 6473 6472 6407
12618 2 2 0 1 6407 6473 6408
12619 2 2 0 1 6474 6473 6408
12620 2 2 0 1 6408 6474 6409
12621 2 2 0 1 6410 6474 6409
12622 2 2 0 1 6474 6475 6410
12623 2 2 0 1 6411 6475 6410
12624 2 2 0 1 6475 6476 6411
12625 2 2 0 1 6412 6476 6411
12626 2 2 0 1 6476 6477 6412
12627 2 2 0 1 6413 6477 6412
12628 2 2 0 1 6477 6478 6413
12629 2 2 0 1 6479 6478 6413
12630 2 2 0 1 6413 6479 6414
12631 2 2 0 1 6480 6479 6414
12632 2 2 0 1 6414 6480 6415
12633 2 2 0 1 6481 6480 6415
12634 2 2 0 1 6415 6481 6416
12635 2 2 0 1 6482 6481 6416
12636 2 2 0 1 6416 6482 6417
12637 2 2 0 1 6483 6482 6417
12638 2 2 0 1 6417 6483 6418
12639 2 2 0 1 6484 6483 6418
12640 2 2 0 1 6418 6484 6419
12641 2 2 0 1 6485 6484 6419
12642 2 2 0 1 6419 6485 6420
12643 2 2 0 1 6486 6485 6420
12644 2 2 0 1 6420 6486 6421
12645 2 2 0 1 6487 6486 6421
12646 2 2 0 1 6421 6487 6422
12647 2 2 0 1 6488 6487 6422
12648 2 2 0 1 6422 6488 6423
12649 2 2 0 1 6489 6488 6423
12650 2 2 0 1 6423 6489 6424
12651 2 2 0 1 6490 6489 6424
12652 2 2 0 1 6424 6490 6425
12653 2 2 0 1 6491 6490 6425
12654 2 2 0 1 6425 6491 6426
12655 2 2 0 1 6492 6491 6426
12656 2 2 0 1 6426 6492 6427
12657 2 2 0 1 6493 6492 6427
12658 2 2 0 1 6427 6493 6428
12659 2 2 0 1 6494 6493 6428
12660 2 2 0 1 6428 6494 6429
12661 2 2 0 1 6495 6494 6429
12662 2 2 0 1 6429 6495 6430
12663 2 2 0 1 6496 6495 6430
12664 2 2 0 1 6430 6496 6431
12665 2 2 0 1 6497 6496 6431
12666 2 2 0 1 6431 6497 6432
12667 2 2 0 1 6498 6497 6432
12668 2 2 0 1 6432 6498 6433
12669 2 2 0 1 6499 6498 6433
12670 2 2 0 1 6433 6499 6434
12671 2 2 0 1 6500 6499 6434
12672 2 2 0 1 6434 6500 6435
12673 2 2 0 1 6501 6502 6437
12674 2 2 0 1 6437 6501 6436
12675 2 2 0 1 6503 6501 6436
12676 2 2 0 1 6436 6503 6438
12677 2 2 0 1 6504 6503 6438
12678 2 2 0 1 6438 6504 6439
12679 2 2 0 1 6505 6504 6439
12680 2 2 0 1 6439 6505 6440
12681 2 2 0 1 6506 6505 6440
12682 2 2 0 1 6440 6506 6441
12683 2 2 0 1 6507 6506 6441
12684 2 2 0 1 6441 6507 6442
12685 2 2 0 1 6508 6507 6442
12686 2 2 0 1 6442 6508 6443
12687 2 2 0 1 6509 6508 6443
12688 2 2 0 1 6443 6509 6444
12689 2 2 0 1 6510 6509 6444
12690 2 2 0 1 6444 6510 6445
12691 2 2 0 1 6511 6510 6445
12692 2 2 0 1 6445 6511 6446
12693 2 2 0 1 6512 6511 6446
12694 2 2 0 1 6446 6512 6447
12695 2 2 0 1 6513 6512 6447
12696 2 2 0 1 6447 6513 6448
12697 2 2 0 1 6449 6513 6448
12698 2 2 0 1 6513 6514 6449
12699 2 2 0 1 6450 6514 6449
12700 2 2 0 1 6514 6515 6450
12701 2 2 0 1 6451 6515 6450
12702 2 2 0 1 6515 6516 6451
12703 2 2 0 1 6517 6516 6451
12704 2 2 0 1 6451 6517 6452
12705 2 2 0 1 6518 6517 6452
12706 2 2 0 1 6452 6518 6453
12707 2 2 0 1 6519 6518 6453
12708 2 2 0 1 6453 6519 6454
12709 2 2 0 1 6520 6519 6454
12710 2 2 0 1 6454 6520 6455
12711 2 2 0 1 6521 6520 6455
12712 2 2 0 1 6455 6521 6456
12713 2 2 0 1 6522 6521 6456
12714 2 2 0 1 6456 6522 6457
12715 2 2 0 1 6523 6522 6457
12716 2 2 0 1 6457 6523 6458
12717 2 2 0 1 6524 6523 6458
12718 2 2 0 1 6458 6524 6459
12719 2 2 0 1 6460 6524 6459
12720 2 2 0 1 6524 6525 6460
12721 2 2 0 1 6461 6525 6460
12722 2 2 0 1 6525 6526 6461
12723 2 2 0 1 6462 6526 6461
12724 2 2 0 1 6526 6527 6462
12725 2 2 0 1 6463 6527 6462
12726 2 2 0 1 6527 6528 6463
12727 2 2 0 1 6464 6528 6463
12728 2 2 0 1 6528 6529 6464
12729 2 2 0 1 6465 6529 6464
12730 2 2 0 1 6529 6530 6465
12731 2 2 0 1 6466 6530 6465
12732 2 2 0 1 6530 6531 6466
12733 2 2 0 1 6467 6531 6466
12734 2 2 0 1 6531 6532 6467
12735 2 2 0 1 6468 6532 6467
12736 2 2 0 1 6532 6533 6468
12737 2 2 0 1 6469 6533 6468
12738 2 2 0 1 6533 6534 6469
12739 2 2 0 1 6470 6534 6469
12740 2 2 0 1 6534 6535 6470
12741 2 2 0 1 6536 6535 6470
12742 2 2 0 1 6470 6536 6471
12743 2 2 0 1 6537 6536 6471
12744 2 2 0 1 6471 6537 6472
12745 2 2 0 1 6538 6537 6472
12746 2 2 0 1 6472 6538 6473
12747 2 2 0 1 6539 6538 6473
12748 2 2 0 1 6473 6539 6474
12749 2 2 0 1 6475 6539 6474
12750 2 2 0 1 6539 6540 6475
12751 2 2 0 1 6476 6540 6475
12752 2 2 0 1 6540 6541 6476
12753 2 2 0 1 6477 6541 6476
12754 2 2 0 1 6541 6542 6477
12755 2 2 0 1 6478 6542 6477
12756 2 2 0 1 6542 6543 6478
12757 2 2 0 1 6544 6543 6478
12758 2 2 0 1 6478 6544 6479
12759 2 2 0 1 6545 6544 6479
12760 2 2 0 1 6479 6545 6480
12761 2 2 0 1 6546 6545 6480
12762 2 2 0 1 6480 6546 6481
12763 2 2 0 1 6547 6546 6481
12764 2 2 0 1 6481 6547 6482
12765 2 2 0 1 6548 6547 6482
12766 2 2 0 1 6482 6548 6483
12767 2 2 0 1 6549 6548 6483
12768 2 2 0 1 6483 6549 6484
12769 2 2 0 1 6550 6549 6484
12770 2 2 0 1 6484 6550 6485
12771 2 2 0 1 6551 6550 6485
12772 2 2 0 1 6485 6551 6486
12773 2 2 0 1 6552 6551 6486
12774 2 2 0 1 6486 6552 6487
12775 2 2 0 1 6553 6552 6487
12776 2 2 0 1 6487 6553 6488
12777 2 2 0 1 6554 6553 6488
12778 2 2 0 1 6488 6554 6489
12779 2 2 0 1 6555 6554 6489
12780 2 2 0 1 6489 6555 6490
12781 2 2 0 1 6556 6555 6490
12782 2 2 0 1 6490 6556 6491
12783 2 2 0 1 6557 6556 6491
12784 2 2 0 1 6491 6557 6492
12785 2 2 0 1 6558 6557 6492
12786 2 2 0 1 6492 6558 6493
12787 2 2 0 1 6559 6558 6493
12788 2 2 0 1 6493 6559 6494
12789 2 2 0 1 6560 6559 6494
12790 2 2 0 1 6494 6560 6495
12791 2 2 0 1 6561 6560 6495
12792 2 2 0 1 6495 6561 6496
12793 2 2 0 1 6562 6561 6496
12794 2 2 0 1 6496 6562 6497
12795 2 2 0 1 6563 6562 6497
12796 2 2 0 1 6497 6563 6498
12797 2 2 0 1 6564 6563 6498
12798 2 2 0 1 6498 6564 6499
12799 2 2 0 1 6565 6564 6499
12800 2 2 0 1 6499 6565 6500
12801 2 2 0 1 6566 6567 6502
12802 2 2 0 1 6502 6566 6501
12803 2 2 0 1 6568 6566 6501
12804 2 2 0 1 6501 6568 6503
12805 2 2 0 1 6569 6568 6503
12806 2 2 0 1 6503 6569 6504
12807 2 2 0 1 6570 6569 6504
12808 2 2 0 1 6504 6570 6505
12809 2 2 0 1 6571 6570 6505
12810 2 2 0 1 6505 6571 6506
12811 2 2 0 1 6572 6571 6506
12812 2 2 0 1 6506 6572 6507
12813 2 2 0 1 6573 6572 6507
12814 2 2 0 1 6507 6573 6508
12815 2 2 0 1 6574 6573 6508
12816 2 2 0 1 6508 6574 6509
12817 2 2 0 1 6575 6574 6509
12818 2 2 0 1 6509 6575 6510
12819 2 2 0 1 6576 6575 6510
12820 2 2 0 1 6510 6576 6511
12821 2 2 0 1 6577 6576 6511
12822 2 2 0 1 6511 6577 6512
12823 2 2 0 1 6578 6577 6512
12824 2 2 0 1 6512 6578 6513
12825 2 2 0 1 6514 6578 6513
12826 2 2 0 1 6578 6579 6514
12827 2 2 0 1 6515 6579 6514
12828 2 2 0 1 6579 6580 6515
12829 2 2 0 1 6516 6580 6515
12830 2 2 0 1 6580 6581 6516
12831 2 2 0 1 6582 6581 6516
12832 2 2 0 1 6516 6582 6517
12833 2 2 0 1 6583 6582 6517
12834 2 2 0 1 6517 6583 6518
12835 2 2 0 1 6584 6583 6518
12836 2 2 0 1 6518 6584 6519
12837 2 2 0 1 6585 6584 6519
12838 2 2 0 1 6519 6585 6520
12839 2 2 0 1 6586 6585 6520
12840 2 2 0 1 6520 6586 6521
12841 2 2 0 1 6587 6586 6521
12842 2 2 0 1 6521 6587 6522
12843 2 2 0 1 6588 6587 6522
12844 2 2 0 1 6522 6588 6523
12845 2 2 0 1 6589 6588 6523
12846 2 2 0 1 6523 6589 6524
12847 2 2 0 1 6525 6589 6524
12848 2 2 0 1 6589 6590 6525
12849 2 2 0 1 6526 6590 6525
12850 2 2 0 1 6590 6591 6526
12851 2 2 0 1 6527 6591 6526
12852 2 2 0 1 6591 6592 6527
12853 2 2 0 1 6528 6592 6527
12854 2 2 0 1 6592 6593 6528
12855 2 2 0 1 6529 6593 6528
12856 2 2 0 1 6593 6594 6529
12857 2 2 0 1 6530 6594 6529
12858 2 2 0 1 6594 6595 6530
12859 2 2 0 1 6531 6595 6530
12860 2 2 0 1 6595 6596 6531
12861 2 2 0 1 6532 6596 6531
12862 2 2 0 1 6596 6597 6532
12863 2 2 0 1 6533 6597 6532
12864 2 2 0 1 6597 6598 6533
12865 2 2 0 1 6534 6598 6533
12866 2 2 0 1 6598 6599 6534
12867 2 2 0 1 6535 6599 6534
12868 2 2 0 1 6599 6600 6535
12869 2 2 0 1 6601 6600 6535
12870 2 2 0 1 6535 6601 6536
12871 2 2 0 1 6602 6601 6536
12872 2 2 0 1 6536 6602 6537
12873 2 2 0 1 6603 6602 6537
12874 2 2 0 1 6537 6603 6538
12875 2 2 0 1 6604 6603 6538
12876 2 2 0 1 6538 6604 6539
12877 2 2 0 1 6605 6604 6539
12878 2 2 0 1 6539 6605 6540
12879 2 2 0 1 6606 6605 6540
12880 2 2 0 1 6540 6606 6541
12881 2 2 0 1 6607 6606 6541
12882 2 2 0 1 6541 6607 6542
12883 2 2 0 1 6608 6607 6542
12884 2 2 0 1 6542 6608 6543
12885 2 2 0 1 6609 6608 6543
12886 2 2 0 1 6543 6609 6544
12887 2 2 0 1 6610 6609 6544
12888 2 2 0 1 6544 6610 6545
12889 2 2 0 1 6611 6610 6545
12890 2 2 0 1 6545 6611 6546
12891 2 2 0 1 6612 6611 6546
12892 2 2 0 1 6546 6612 6547
12893 2 2 0 1 6613 6612 6547
12894 2 2 0 1 6547 6613 6548
12895 2 2 0 1 6614 6613 6548
12896 2 2 0 1 6548 6614 6549
12897 2 2 0 1 6615 6614 6549
12898 2 2 0 1 6549 6615 6550
12899 2 2 0 1 6616 6615 6550
12900 2 2 0 1 6550 6616 6551
12901 2 2 0 1 6617 6616 6551
12902 2 2 0 1 6551 6617 6552
12903 2 2 0 1 6618 6617 6552
12904 2 2 0 1 6552 6618 6553
12905 2 2 0 1 6619 6618 6553
12906 2 2 0 1 6553 6619 6554
12907 2 2 0 1 6620 6619 6554
12908 2 2 0 1 6554 6620 6555
12909 2 2 0 1 6621 6620 6555
12910 2 2 0 1 6555 6621 6556
12911 2 2 0 1 6622 6621 6556
12912 2 2 0 1 6556 6622 6557
12913 2 2 0 1 6623 6622 6557
12914 2 2 0 1 6557 6623 6558
12915 2 2 0 1 6624 6623 6558
12916 2 2 0 1 6558 6624 6559
12917 2 2 0 1 6625 6624 6559
12918 2 2 0 1 6559 6625 6560
12919 2 2 0 1 6626 6625 6560
12920 2 2 0 1 6560 6626 6561
12921 2 2 0 1 6627 6626 6561
12922 2 2 0 1 6561 6627 6562
12923 2 2 0 1 6628 6627 6562
12924 2 2 0 1 6562 6628 6563
12925 2 2 0 1 6629 6628 6563
12926 2 2 0 1 6563 6629 6564
12927 2 2 0 1 6630 6629 6564
12928 2 2 0 1 6564 6630 6565
12929 2 2 0 1 6631 6632 6567
12930 2 2 0 1 6567 6631 6566
12931 2 2 0 1 6633 6631 6566
12932 2 2 0 1 6566 6633 6568
12933 2 2 0 1 6634 6633 6568
12934 2 2 0 1 6568 6634 6569
12935 2 2 0 1 6635 6634 6569
12936 2 2 0 1 6569 6635 6570
12937 2 2 0 1 6636 6635 6570
12938 2 2 0 1 6570 6636 6571
12939 2 2 0 1 6637 6636 6571
12940 2 2 0 1 6571 6637 6572
12941 2 2 0 1 6638 6637 6572
12942 2 2 0 1 6572 6638 6573
12943 2 2 0 1 6639 6638 6573
12944 2 2 0 1 6573 6639 6574
12945 2 2 0 1 6640 6639 6574
12946 2 2 0 1 6574 6640 6575
12947 2 2 0 1 6641 6640 6575
12948 2 2 0 1 6575 6641 6576
12949 2 2 0 1 6642 6641 6576
12950 2 2 0 1 6576 6642 6577
12951 2 2 0 1 6643 6642 6577
12952 2 2 0 1 6577 6643 6578
12953 2 2 0 1 6579 6643 6578
12954 2 2 0 1 6643 6644 6579
12955 2 2 0 1 6580 6644 6579
12956 2 2 0 1 6644 6645 6580
12957 2 2 0 1 6581 6645 6580
12958 2 2 0 1 6645 6646 6581
12959 2 2 0 1 6647 6646 6581
12960 2 2 0 1 6581 6647 6582
12961 2 2 0 1 6648 6647 6582
12962 2 2 0 1 6582 6648 6583
12963 2 2 0 1 6649 6648 6583
12964 2 2 0 1 6583 6649 6584
12965 2 2 0 1 6650 6649 6584
12966 2 2 0 1 6584 6650 6585
12967 2 2 0 1 6651 6650 6585
12968 2 2 0 1 6585 6651 6586
12969 2 2 0 1 6652 6651 6586
12970 2 2 0 1 6586 6652 6587
12971 2 2 0 1 6653 6652 6587
12972 2 2 0 1 6587 6653 6588
12973 2 2 0 1 6654 6653 6588
12974 2 2 0 1 6588 6654 6589
12975 2 2 0 1 6590 6654 6589
12976 2 2 0 1 6654 6655 6590
12977 2 2 0 1 6591 6655 6590
12978 2 2 0 1 6655 6656 6591
12979 2 2 0 1 6592 6656 6591
12980 2 2 0 1 6656 6657 6592
12981 2 2 0 1 6593 6657 6592
12982 2 2 0 1 6657 6658 6593
12983 2 2 0 1 6594 6658 6593
12984 2 2 0 1 6658 6659 6594
12985 2 2 0 1 6595 6659 6594
12986 2 2 0 1 6659 6660 6595
12987 2 2 0 1 6596 6660 6595
12988 2 2 0 1 6660 6661 6596
12989 2 2 0 1 6597 6661 6596
12990 2 2 0 1 6661 6662 6597
12991 2 2 0 1 6598 6662 6597
12992 2 2 0 1 6662 6663 6598
12993 2 2 0 1 6599 6663 6598
12994 2 2 0 1 6663 6664 6599
12995 2 2 0 1 6600 6664 6599
12996 2 2 0 1 6664 6665 6600
12997 2 2 0 1 6666 6665 6600
12998 2 2 0 1 6600 6666 6601
12999 2 2 0 1 6667 6666 6601
13000 2 2 0 1 6601 6667 6602
13001 2 2 0 1 6668 6667 6602
13002 2 2 0 1 6602 6668 6603
13003 2 2 0 1 6669 6668 6603
13004 2 2 0 1 6603 6669 6604
13005 2 2 0 1 6670 6669 6604
13006 2 2 0 1 6604 6670 6605
13007 2 2 0 1 6671 6670 6605
13008 2 2 0 1 6605 6671 6606
13009 2 2 0 1 6672 6671 6606
13010 2 2 0 1 6606 6672 6607
13011 2 2 0 1 6673 6672 6607
13012 2 2 0 1 6607 6673 6608
13013 2 2 0 1 6674 6673 6608
13014 2 2 0 1 6608 6674 6609
13015 2 2 0 1 6675 6674 6609
13016 2 2 0 1 6609 6675 6610
13017 2 2 0 1 6676 6675 6610
13018 2 2 0 1 6610 6676 6611
13019 2 2 0 1 6677 6676 6611
13020 2 2 0 1 6611 6677 6612
13021 2 2 0 1 6678 6677 6612
13022 2 2 0 1 6612 6678 6613
13023 2 2 0 1 6679 6678 6613
13024 2 2 0 1 6613 6679 6614
13025 2 2 0 1 6680 6679 6614
13026 2 2 0 1 6614 6680 6615
13027 2 2 0 1 6681 6680 6615
13028 2 2 0 1 6615 6681 6616
13029 2 2 0 1 6682 6681 6616
13030 2 2 0 1 6616 6682 6617
13031 2 2 0 1 6683 6682 6617
13032 2 2 0 1 6617 6683 6618
13033 2 2 0 1 6684 6683 6618
13034 2 2 0 1 6618 6684 6619
13035 2 2 0 1 6685 6684 6619
13036 2 2 0 1 6619 6685 6620
13037 2 2 0 1 6686 6685 6620
13038 2 2 0 1 6620 6686 6621
13039 2 2 0 1 6687 6686 6621
13040 2 2 0 1 6621 6687 6622
13041 2 2 0 1 6688 6687 6622
13042 2 2 0 1 6622 6688 6623
13043 2 2 0 1 6689 6688 6623
13044 2 2 0 1 6623 6689 6624
13045 2 2 0 1 6690 6689 6624
13046 2 2 0 1 6624 6690 6625
13047 2 2 0 1 6691 6690 6625
13048 2 2 0 1 6625 6691 6626
13049 2 2 0 1 6692 6691 6626
13050 2 2 0 1 6626 6692 6627
13051 2 2 0 1 6693 6692 6627
13052 2 2 0 1 6627 6693 6628
13053 2 2 0 1 6694 6693 6628
13054 2 2 0 1 6628 6694 6629
13055 2 2 0 1 6695 6694 6629
13056 2 2 0 1 6629 6695 6630
13057 2 2 0 1 6696 6697 6632
13058 2 2 0 1 6632 6696 6631
13059 2 2 0 1 6698 6696 6631
13060 2 2 0 1 6631 6698 6633
13061 2 2 0 1 6699 6698 6633
13062 2 2 0 1 6633 6699 6634
13063 2 2 0 1 6700 6699 6634
13064 2 2 0 1 6634 6700 6635
13065 2 2 0 1 6701 6700 6635
13066 2 2 0 1 6635 6701 6636
13067 2 2 0 1 6702 6701 6636
13068 2 2 0 1 6636 6702 6637
13069 2 2 0 1 6703 6702 6637
13070 2 2 0 1 6637 6703 6638
13071 2 2 0 1 6704 6703 6638
13072 2 2 0 1 6638 6704 6639
13073 2 2 0 1 6705 6704 6639
13074 2 2 0 1 6639 6705 6640
13075 2 2 0 1 6706 6705 6640
13076 2 2 0 1 6640 6706 6641
13077 2 2 0 1 6707 6706 6641
13078 2 2 0 1 6641 6707 6642
13079 2 2 0 1 6708 6707 6642
13080 2 2 0 1 6642 6708 6643
13081 2 2 0 1 6644 6708 6643
13082 2 2 0 1 6708 6709 6644
13083 2 2 0 1 6645 6709 6644
13084 2 2 0 1 6709 6710 6645
13085 2 2 0 1 6646 6710 6645
13086 2 2 0 1 6710 6711 6646
13087 2 2 0 1 6712 6711 6646
13088 2 2 0 1 6646 6712 6647
13089 2 2 0 1 6713 6712 6647
13090 2 2 0 1 6647 6713 6648
13091 2 2 0 1 6714 6713 6648
13092 2 2 0 1 6648 6714 6649
13093 2 2 0 1 6715 6714 6649
13094 2 2 0 1 6649 6715 6650
13095 2 2 0 1 6716 6715 6650
13096 2 2 0 1 6650 6716 6651
13097 2 2 0 1 6717 6716 6651
13098 2 2 0 1 6651 6717 6652
13099 2 2 0 1 6718 6717 6652
13100 2 2 0 1 6652 6718 6653
13101 2 2 0 1 6719 6718 6653
13102 2 2 0 1 6653 6719 6654
13103 2 2 0 1 6655 6719 6654
13104 2 2 0 1 6719 6720 6655
13105 2 2 0 1 6656 6720 6655
13106 2 2 0 1 6720 6721 6656
13107 2 2 0 1 6657 6721 6656
13108 2 2 0 1 6721 6722 6657
13109 2 2 0 1 6658 6722 6657
13110 2 2 0 1 6722 6723 6658
13111 2 2 0 1 6659 6723 6658
13112 2 2 0 1 6723 6724 6659
13113 2 2 0 1 6660 6724 6659
13114 2 2 0 1 6724 6725 6660
13115 2 2 0 1 6661 6725 6660
13116 2 2 0 1 6725 6726 6661
13117 2 2 0 1 6662 6726 6661
13118 2 2 0 1 6726 6727 6662
13119 2 2 0 1 6663 6727 6662
13120 2 2 0 1 6727 6728 6663
13121 2 2 0 1 6664 6728 6663
13122 2 2 0 1 6728 6729 6664
13123 2 2 0 1 6665 6729 6664
13124 2 2 0 1 6729 6730 6665
13125 2 2 0 1 6731 6730 6665
13126 2 2 0 1 6665 6731 6666
13127 2 2 0 1 6732 6731 6666
13128 2 2 0 1 6666 6732 6667
13129 2 2 0 1 6733 6732 6667
13130 2 2 0 1 6667 6733 6668
13131 2 2 0 1 6734 6733 6668
13132 2 2 0 1 6668 6734 6669
13133 2 2 0 1 6735 6734 6669
13134 2 2 0 1 6669 6735 6670
13135 2 2 0 1 6736 6735 6670
13136 2 2 0 1 6670 6736 6671
13137 2 2 0 1 6737 6736 6671
13138 2 2 0 1 6671 6737 6672
13139 2 2 0 1 6738 6737 6672
13140 2 2 0 1 6672 6738 6673
13141 2 2 0 1 6739 6738 6673
13142 2 2 0 1 6673 6739 6674
13143 2 2 0 1 6740 6739 6674
13144 2 2 0 1 6674 6740 6675
13145 2 2 0 1 6741 6740 6675
13146 2 2 0 1 6675 6741 6676
13147 2 2 0 1 6742 6741 6676
13148 2 2 0 1 6676 6742 6677
13149 2 2 0 1 6743 6742 6677
13150 2 2 0 1 6677 6743 6678
13151 2 2 0 1 6744 6743 6678
13152 2 2 0 1 6678 6744 6679
13153 2 2 0 1 6745 6744 6679
13154 2 2 0 1 6679 6745 6680
13155 2 2 0 1 6746 6745 6680
13156 2 2 0 1 6680 6746 6681
13157 2 2 0 1 6747 6746 6681
13158 2 2 0 1 6681 6747 6682
13159 2 2 0 1 6748 6747 6682
13160 2 2 0 1 6682 6748 6683
13161 2 2 0 1 6749 6748 6683
13162 2 2 0 1 6683 6749 6684
13163 2 2 0 1 6750 6749 6684
13164 2 2 0 1 6684 6750 6685
13165 2 2 0 1 6751 6750 6685
13166 2 2 0 1 6685 6751 6686
13167 2 2 0 1 6752 6751 6686
13168 2 2 0 1 6686 6752 6687
13169 2 2 0 1 6753 6752 6687
13170 2 2 0 1 6687 6753 6688
13171 2 2 0 1 6754 6753 6688
13172 2 2 0 1 6688 6754 6689
13173 2 2 0 1 6755 6754 6689
13174 2 2 0 1 6689 6755 6690
13175 2 2 0 1 6756 6755 6690
13176 2 2 0 1 6690 6756 6691
13177 2 2 0 1 6757 6756 6691
13178 2 2 0 1 6691 6757 6692
13179 2 2 0 1 6758 6757 6692
13180 2 2 0 1 6692 6758 6693
13181 2 2 0 1 6759 6758 6693
13182 2 2 0 1 6693 6759 6694
13183 2 2 0 1 6760 6759 6694
13184 2 2 0 1 6694 6760 6695
13185 2 2 0 1 6761 6762 6697
13186 2 2 0 1 6697 6761 6696
13187 2 2 0 1 6763 6761 6696
13188 2 2 0 1 6696 6763 6698
13189 2 2 0 1 6764 6763 6698
13190 2 2 0 1 6698 6764 6699
13191 2 2 0 1 6765 6764 6699
13192 2 2 0 1 6699 6765 6700
13193 2 2 0 1 6766 6765 6700
13194 2 2 0 1 6700 6766 6701
13195 2 2 0 1 6767 6766 6701
13196 2 2 0 1 6701 6767 6702
13197 2 2 0 1 6768 6767 6702
13198 2 2 0 1 6702 6768 6703
13199 2 2 0 1 6769 6768 6703
13200 2 2 0 1 6703 6769 6704
13201 2 2 0 1 6770 6769 6704
13202 2 2 0 1 6704 6770 6705
13203 2 2 0 1 6771 6770 6705
13204 2 2 0 1 6705 6771 6706
13205 2 2 0 1 6772 6771 6706
13206 2 2 0 1 6706 6772 6707
13207 2 2 0 1 6773 6772 6707
13208 2 2 0 1 6707 6773 6708
13209 2 2 0 1 6709 6773 6708
13210 2 2 0 1 6773 6774 6709
13211 2 2 0 1 6710 6774 6709
13212 2 2 0 1 6774 6775 6710
13213 2 2 0 1 6711 6775 6710
13214 2 2 0 1 6775 6776 6711
13215 2 2 0 1 6777 6776 6711
13216 2 2 0 1 6711 6777 6712
13217 2 2 0 1 6778 6777 6712
13218 2 2 0 1 6712 6778 6713
13219 2 2 0 1 6779 6778 6713
13220 2 2 0 1 6713 6779 6714
13221 2 2 0 1 6780 6779 6714
13222 2 2 0 1 6714 6780 6715
13223 2 2 0 1 6781 6780 6715
13224 2 2 0 1 6715 6781 6716
13225 2 2 0 1 6782 6781 6716
13226 2 2 0 1 6716 6782 6717
13227 2 2 0 1 6783 6782 6717
13228 2 2 0 1 6717 6783 6718
13229 2 2 0 1 6784 6783 6718
13230 2 2 0 1 6718 6784 6719
13231 2 2 0 1 6720 6784 6719
13232 2 2 0 1 6784 6785 6720
13233 2 2 0 1 6721 6785 6720
13234 2 2 0 1 6785 6786 6721
13235 2 2 0 1 6722 6786 6721
13236 2 2 0 1 6786 6787 6722
13237 2 2 0 1 6723 6787 6722
13238 2 2 0 1 6787 6788 6723
13239 2 2 0 1 6724 6788 6723
13240 2 2 0 1 6788 6789 6724
13241 2 2 0 1 6725 6789 6724
13242 2 2 0 1 6789 6790 6725
13243 2 2 0 1 6726 6790 6725
13244 2 2 0 1 6790 6791 6726
13245 2 2 0 1 6727 6791 6726
13246 2 2 0 1 6791 6792 6727
13247 2 2 0 1 6728 6792 6727
13248 2 2 0 1 6792 6793 6728
13249 2 2 0 1 6729 6793 6728
13250 2 2 0 1 6793 6794 6729
13251 2 2 0 1 6730 6794 6729
13252 2 2 0 1 6794 6795 6730
13253 2 2 0 1 6796 6795 6730
13254 2 2 0 1 6730 6796 6731
13255 2 2 0 1 6797 6796 6731
13256 2 2 0 1 6731 6797 6732
13257 2 2 0 1 6798 6797 6732
13258 2 2 0 1 6732 6798 6733
13259 2 2 0 1 6799 6798 6733
13260 2 2 0 1 6733 6799 6734
13261 2 2 0 1 6800 6799 6734
13262 2 2 0 1 6734 6800 6735
13263 2 2 0 1 6801 6800 6735
13264 2 2 0 1 6735 6801 6736
13265 2 2 0 1 6802 6801 6736
13266 2 2 0 1 6736 6802 6737
13267 2 2 0 1 6803 6802 6737
13268 2 2 0 1 6737 6803 6738
13269 2 2 0 1 6804 6803 6738
13270 2 2 0 1 6738 6804 6739
13271 2 2 0 1 6805 6804 6739
13272 2 2 0 1 6739 6805 6740
13273 2 2 0 1 6806 6805 6740
13274 2 2 0 1 6740 6806 6741
13275 2 2 0 1 6807 6806 6741
13276 2 2 0 1 6741 6807 6742
13277 2 2 0 1 6808 6807 6742
13278 2 2 0 1 6742 6808 6743
13279 2 2 0 1 6809 6808 6743
13280 2 2 0 1 6743 6809 6744
13281 2 2 0 1 6810 6809 6744
13282 2 2 0 1 6744 6810 6745
13283 2 2 0 1 6811 6810 6745
13284 2 2 0 1 6745 6811 6746
13285 2 2 0 1 6812 6811 6746
13286 2 2 0 1 6746 6812 6747
13287 2 2 0 1 6813 6812 6747
13288 2 2 0 1 6747 6813 6748
13289 2 2 0 1 6814 6813 6748
13290 2 2 0 1 6748 6814 6749
13291 2 2 0 1 6815 6814 6749
13292 2 2 0 1 6749 6815 6750
13293 2 2 0 1 6816 6815 6750
13294 2 2 0 1 6750 6816 6751
13295 2 2 0 1 6817 6816 6751
13296 2 2 0 1 6751 6817 6752
13297 2 2 0 1 6818 6817 6752
13298 2 2 0 1 6752 6818 6753
13299 2 2 0 1 6819 6818 6753
13300 2 2 0 1 6753 6819 6754
13301 2 2 0 1 6820 6819 6754
13302 2 2 0 1 6754 6820 6755
13303 2 2 0 1 6821 6820 6755
13304 2 2 0 1 6755 6821 6756
13305 2 2 0 1 6822 6821 6756
13306 2 2 0 1 6756 6822 6757
13307 2 2 0 1 6823 6822 6757
13308 2 2 0 1 6757 6823 6758
13309 2 2 0 1 6824 6823 6758
13310 2 2 0 1 6758 6824 6759
13311 2 2 0 1 6825 6824 6759
13312 2 2 0 1 6759 6825 6760
13313 2 2 0 1 6826 6827 6762
13314 2 2 0 1 6762 6826 6761
13315 2 2 0 1 6828 6826 6761
13316 2 2 0 1 6761 6828 6763
13317 2 2 0 1 6829 6828 6763
13318 2 2 0 1 6763 6829 6764
13319 2 2 0 1 6830 6829 6764
13320 2 2 0 1 6764 6830 6765
13321 2 2 0 1 6831 6830 6765
13322 2 2 0 1 6765 6831 6766
13323 2 2 0 1 6832 6831 6766
13324 2 2 0 1 6766 6832 6767
13325 2 2 0 1 6833 6832 6767
13326 2 2 0 1 6767 6833 6768
13327 2 2 0 1 6834 6833 6768
13328 2 2 0 1 6768 6834 6769
13329 2 2 0 1 6835 6834 6769
13330 2 2 0 1 6769 6835 6770
13331 2 2 0 1 6836 6835 6770
13332 2 2 0 1 6770 6836 6771
13333 2 2 0 1 6837 6836 6771
13334 2 2 0 1 6771 6837 6772
13335 2 2 0 1 6838 6837 6772
13336 2 2 0 1 6772 6838 6773
13337 2 2 0 1 6774 6838 6773
13338 2 2 0 1 6838 6839 6774
13339 2 2 0 1 6775 6839 6774
13340 2 2 0 1 6839 6840 6775
13341 2 2 0 1 6776 6840 6775
13342 2 2 0 1 6840 6841 6776
13343 2 2 0 1 6842 6841 6776
13344 2 2 0 1 6776 6842 6777
13345 2 2 0 1 6843 6842 6777
13346 2 2 0 1 6777 6843 6778
13347 2 2 0 1 6844 6843 6778
13348 2 2 0 1 6778 6844 6779
13349 2 2 0 1 6845 6844 6779
13350 2 2 0 1 6779 6845 6780
13351 2 2 0 1 6846 6845 6780
13352 2 2 0 1 6780 6846 6781
13353 2 2 0 1 6847 6846 6781
13354 2 2 0 1 6781 6847 6782
13355 2 2 0 1 6848 6847 6782
13356 2 2 0 1 6782 6848 6783
13357 2 2 0 1 6849 6848 6783
13358 2 2 0 1 6783 6849 6784
13359 2 2 0 1 6785 6849 6784
13360 2 2 0 1 6849 6850 6785
13361 2 2 0 1 6786 6850 6785
13362 2 2 0 1 6850 6851 6786
13363 2 2 0 1 6787 6851 6786
13364 2 2 0 1 6851 6852 6787
13365 2 2 0 1 6788 6852 6787
13366 2 2 0 1 6852 6853 6788
13367 2 2 0 1 6789 6853 6788
13368 2 2 0 1 6853 6854 6789
13369 2 2 0 1 6790 6854 6789
13370 2 2 0 1 6854 6855 6790
13371 2 2 0 1 6791 6855 6790
13372 2 2 0 1 6855 6856 6791
13373 2 2 0 1 6792 6856 6791
13374 2 2 0 1 6856 6857 6792
13375 2 2 0 1 6793 6857 6792
13376 2 2 0 1 6857 6858 6793
13377 2 2 0 1 6794 6858 6793
13378 2 2 0 1 6858 6859 6794
13379 2 2 0 1 6795 6859 6794
13380 2 2 0 1 6859 6860 6795
13381 2 2 0 1 6861 6860 6795
13382 2 2 0 1 6795 6861 6796
13383 2 2 0 1 6862 6861 6796
13384 2 2 0 1 6796 6862 6797
13385 2 2 0 1 6863 6862 6797
13386 2 2 0 1 6797 6863 6798
13387 2 2 0 1 6864 6863 6798
13388 2 2 0 1 6798 6864 6799
13389 2 2 0 1 6865 6864 6799
13390 2 2 0 1 6799 6865 6800
13391 2 2 0 1 6866 6865 6800
13392 2 2 0 1 6800 6866 6801
13393 2 2 0 1 6867 6866 6801
13394 2 2 0 1 6801 6867 6802
13395 2 2 0 1 6868 6867 6802
13396 2 2 0 1 6802 6868 6803
13397 2 2 0 1 6869 6868 6803
13398 2 2 0 1 6803 6869 6804
13399 2 2 0 1 6870 6869 6804
13400 2 2 0 1 6804 6870 6805
13401 2 2 0 1 6871 6870 6805
13402 2 2 0 1 6805 6871 6806
13403 2 2 0 1 6872 6871 6806
13404 2 2 0 1 6806 6872 6807
13405 2 2 0 1 6873 6872 6807
13406 2 2 0 1 6807 6873 6808
13407 2 2 0 1 6874 6873 6808
13408 2 2 0 1 6808 6874 6809
13409 2 2 0 1 6875 6874 6809
13410 2 2 0 1 6809 6875 6810
13411 2 2 0 1 6876 6875 6810
13412 2 2 0 1 6810 6876 6811
13413 2 2 0 1 6877 6876 6811
13414 2 2 0 1 6811 6877 6812
13415 2 2 0 1 6878 6877 6812
13416 2 2 0 1 6812 6878 6813
13417 2 2 0 1 6879 6878 6813
13418 2 2 0 1 6813 6879 6814
13419 2 2 0 1 6880 6879 6814
13420 2 2 0 1 6814 6880 6815
13421 2 2 0 1 6881 6880 6815
13422 2 2 0 1 6815 6881 6816
13423 2 2 0 1 6882 6881 6816
13424 2 2 0 1 6816 6882 6817
13425 2 2 0 1 6883 6882 6817
13426 2 2 0 1 6817 6883 6818
13427 2 2 0 1 6884 6883 6818
13428 2 2 0 1 6818 6884 6819
13429 2 2 0 1 6885 6884 6819
13430 2 2 0 1 6819 6885 6820
13431 2 2 0 1 6886 6885 6820
13432 2 2 0 1 6820 6886 6821
13433 2 2 0 1 6887 6886 6821
13434 2 2 0 1 6821 6887 6822
13435 2 2 0 1 6888 6887 6822
13436 2 2 0 1 6822 6888 6823
13437 2 2 0 1 6889 6888 6823
13438 2 2 0 1 6823 6889 6824
13439 2 2 0 1 6890 6889 6824
13440 2 2 0 1 6824 6890 6825
13441 2 2 0 1 6891 6892 6827
13442 2 2 0 1 6827 6891 6826
13443 2 2 0 1 6893 6891 6826
13444 2 2 0 1 6826 6893 6828
13445 2 2 0 1 6894 6893 6828
13446 2 2 0 1 6828 6894 6829
13447 2 2 0 1 6895 6894 6829
13448 2 2 0 1 6829 6895 6830
13449 2 2 0 1 6896 6895 6830
13450 2 2 0 1 6830 6896 6831
13451 2 2 0 1 6897 6896 6831
13452 2 2 0 1 6831 6897 6832
13453 2 2 0 1 6898 6897 6832
13454 2 2 0 1 6832 6898 6833
13455 2 2 0 1 6899 6898 6833
13456 2 2 0 1 6833 6899 6834
13457 2 2 0 1 6900 6899 6834
13458 2 2 0 1 6834 6900 6835
13459 2 2 0 1 6901 6900 6835
13460 2 2 0 1 6835 6901 6836
13461 2 2 0 1 6902 6901 6836
13462 2 2 0 1 6836 6902 6837
13463 2 2 0 1 6903 6902 6837
13464 2 2 0 1 6837 6903 6838
13465 2 2 0 1 6839 6903 6838
13466 2 2 0 1 6903 6904 6839
13467 2 2 0 1 6840 6904 6839
13468 2 2 0 1 6904 6905 6840
13469 2 2 0 1 6841 6905 6840
13470 2 2 0 1 6905 6906 6841
13471 2 2 0 1 6907 6906 6841
13472 2 2 0 1 6841 6907 6842
13473 2 2 0 1 6908 6907 6842
13474 2 2 0 1 6842 6908 6843
13475 2 2 0 1 6909 6908 6843
13476 2 2 0 1 6843 6909 6844
13477 2 2 0 1 6910 6909 6844
13478 2 2 0 1 6844 6910 6845
13479 2 2 0 1 6911 6910 6845
13480 2 2 0 1 6845 6911 6846
13481 2 2 0 1 6912 6911 6846
13482 2 2 0 1 6846 6912 6847
13483 2 2 0 1 6913 6912 6847
13484 2 2 0 1 6847 6913 6848
13485 2 2 0 1 6914 6913 6848
13486 2 2 0 1 6848 6914 6849
13487 2 2 0 1 6850 6914 6849
13488 2 2 0 1 6914 6915 6850
13489 2 2 0 1 6851 6915 6850
13490 2 2 0 1 6915 6916 6851
13491 2 2 0 1 6852 6916 6851
13492 2 2 0 1 6916 6917 6852
13493 2 2 0 1 6853 6917 6852
13494 2 2 0 1 6917 6918 6853
13495 2 2 0 1 6854 6918 6853
13496 2 2 0 1 6918 6919 6854
13497 2 2 0 1 6855 6919 6854
13498 2 2 0 1 6919 6920 6855
13499 2 2 0 1 6856 6920 6855
13500 2 2 0 1 6920 6921 6856
13501 2 2 0 1 6857 6921 6856
13502 2 2 0 1 6921 6922 6857
13503 2 2 0 1 6858 6922 6857
13504 2 2 0 1 6922 6923 6858
13505 2 2 0 1 6859 6923 6858
13506 2 2 0 1 6923 6924 6859
13507 2 2 0 1 6860 6924 6859
13508 2 2 0 1 6924 6925 6860
13509 2 2 0 1 6926 6925 6860
13510 2 2 0 1 6860 6926 6861
13511 2 2 0 1 6927 6926 6861
13512 2 2 0 1 6861 6927 6862
13513 2 2 0 1 6928 6927 6862
13514 2 2 0 1 6862 6928 6863
13515 2 2 0 1 6929 6928 6863
13516 2 2 0 1 6863 6929 6864
13517 2 2 0 1 6930 6929 6864
13518 2 2 0 1 6864 6930 6865
13519 2 2 0 1 6931 6930 6865
13520 2 2 0 1 6865 6931 6866
13521 2 2 0 1 6932 6931 6866
13522 2 2 0 1 6866 6932 6867
13523 2 2 0 1 6933 6932 6867
13524 2 2 0 1 6867 6933 6868
13525 2 2 0 1 6934 6933 6868
13526 2 2 0 1 6868 6934 6869
13527 2 2 0 1 6935 6934 6869
13528 2 2 0 1 6869 6935 6870
13529 2 2 0 1 6936 6935 6870
13530 2 2 0 1 6870 6936 6871
13531 2 2 0 1 6937 6936 6871
13532 2 2 0 1 6871 6937 6872
13533 2 2 0 1 6938 6937 6872
13534 2 2 0 1 6872 6938 6873
13535 2 2 0 1 6939 6938 6873
13536 2 2 0 1 6873 6939 6874
13537 2 2 0 1 6940 6939 6874
13538 2 2 0 1 6874 6940 6875
13539 2 2 0 1 6941 6940 6875
13540 2 2 0 1 6875 6941 6876
13541 2 2 0 1 6942 6941 6876
13542 2 2 0 1 6876 6942 6877
13543 2 2 0 1 6943 6942 6877
13544 2 2 0 1 6877 6943 6878
13545 2 2 0 1 6944 6943 6878
13546 2 2 0 1 6878 6944 6879
13547 2 2 0 1 6945 6944 6879
13548 2 2 0 1 6879 6945 6880
13549 2 2 0 1 6946 6945 6880
13550 2 2 0 1 6880 6946 6881
13551 2 2 0 1 6947 6946 6881
13552 2 2 0 1 6881 6947 6882
13553 2 2 0 1 6948 6947 6882
13554 2 2 0 1 6882 6948 6883
13555 2 2 0 1 6949 6948 6883
13556 2 2 0 1 6883 6949 6884
13557 2 2 0 1 6950 6949 6884
13558 2 2 0 1 6884 6950 6885
13559 2 2 0 1 6951 6950 6885
13560 2 2 0 1 6885 6951 6886
13561 2 2 0 1 6952 6951 6886
13562 2 2 0 1 6886 6952 6887
13563 2 2 0 1 6953 6952 6887
13564 2 2 0 1 6887 6953 6888
13565 2 2 0 1 6954 6953 6888
13566 2 2 0 1 6888 6954 6889
13567 2 2 0 1 6955 6954 6889
13568 2 2 0 1 6889 6955 6890
13569 2 2 0 1 6956 6957 6892
13570 2 2 0 1 6892 6956 6891
13571 2 2 0 1 6958 6956 6891
13572 2 2 0 1 6891 6958 6893
13573 2 2 0 1 6959 6958 6893
13574 2 2 0 1 6893 6959 6894
13575 2 2 0 1 6960 6959 6894
13576 2 2 0 1 6894 6960 6895
13577 2 2 0 1 6961 6960 6895
13578 2 2 0 1 6895 6961 6896
13579 2 2 0 1 6962 6961 6896
13580 2 2 0 1 6896 6962 6897
13581 2 2 0 1 6963 6962 6897
13582 2 2 0 1 6897 6963 6898
13583 2 2 0 1 6964 6963 6898
13584 2 2 0 1 6898 6964 6899
13585 2 2 0 1 6965 6964 6899
13586 2 2 0 1 6899 6965 6900
13587 2 2 0 1 6966 6965 6900
13588 2 2 0 1 6900 6966 6901
13589 2 2 0 1 6967 6966 6901
13590 2 2 0 1 6901 6967 6902
13591 2 2 0 1 6968 6967 6902
13592 2 2 0 1 6902 6968 6903
13593 2 2 0 1 6969 6968 6903
13594 2 2 0 1 6903 6969 6904
13595 2 2 0 1 6905 6969 6904
13596 2 2 0 1 6969 6970 6905
13597 2 2 0 1 6906 6970 6905
13598 2 2 0 1 6970 6971 6906
13599 2 2 0 1 6972 6971 6906
13600 2 2 0 1 6906 6972 6907
13601 2 2 0 1 6973 6972 6907
13602 2 2 0 1 6907 6973 6908
13603 2 2 0 1 6974 6973 6908
13604 2 2 0 1 6908 6974 6909
13605 2 2 0 1 6975 6974 6909
13606 2 2 0 1 6909 6975 6910
13607 2 2 0 1 6976 6975 6910
13608 2 2 0 1 6910 6976 6911
13609 2 2 0 1 6977 6976 6911
13610 2 2 0 1 6911 6977 6912
13611 2 2 0 1 6978 6977 6912
13612 2 2 0 1 6912 6978 6913
13613 2 2 0 1 6979 6978 6913
13614 2 2 0 1 6913 6979 6914
13615 2 2 0 1 6915 6979 6914
13616 2 2 0 1 6979 6980 6915
13617 2 2 0 1 6916 6980 6915
13618 2 2 0 1 6980 6981 6916
13619 2 2 0 1 6917 6981 6916
13620 2 2 0 1 6981 6982 6917
13621 2 2 0 1 6918 6982 6917
13622 2 2 0 1 6982 6983 6918
13623 2 2 0 1 6919 6983 6918
13624 2 2 0 1 6983 6984 6919
13625 2 2 0 1 6920 6984 6919
13626 2 2 0 1 6984 6985 6920
13627 2 2 0 1 6921 6985 6920
13628 2 2 0 1 6985 6986 6921
13629 2 2 0 1 6922 6986 6921
13630 2 2 0 1 6986 6987 6922
13631 2 2 0 1 6923 6987 6922
13632 2 2 0 1 6987 6988 6923
13633 2 2 0 1 6924 6988 6923
13634 2 2 0 1 6988 6989 6924
13635 2 2 0 1 6925 6989 6924
13636 2 2 0 1 6989 6990 6925
13637 2 2 0 1 6991 6990 6925
13638 2 2 0 1 6925 6991 6926
13639 2 2 0 1 6992 6991 6926
13640 2 2 0 1 6926 6992 6927
13641 2 2 0 1 6993 6992 6927
13642 2 2 0 1 6927 6993 6928
13643 2 2 0 1 6994 6993 6928
13644 2 2 0 1 6928 6994 6929
13645 2 2 0 1 6995 6994 6929
13646 2 2 0 1 6929 6995 6930
13647 2 2 0 1 6996 6995 6930
13648 2 2 0 1 6930 6996 6931
13649 2 2 0 1 6997 6996 6931
13650 2 2 0 1 6931 6997 6932
13651 2 2 0 1 6998 6997 6932
13652 2 2 0 1 6932 6998 6933
13653 2 2 0 1 6999 6998 6933
13654 2 2 0 1 6933 6999 6934
13655 2 2 0 1 7000 6999 6934
13656 2 2 0 1 6934 7000 6935
13657 2 2 0 1 7001 7000 6935
13658 2 2 0 1 6935 7001 6936
13659 2 2 0 1 7002 7001 6936
13660 2 2 0 1 6936 7002 6937
13661 2 2 0 1 7003 7002 6937
13662 2 2 0 1 6937 7003 6938
13663 2 2 0 1 7004 7003 6938
13664 2 2 0 1 6938 7004 6939
13665 2 2 0 1 7005 7004 6939
13666 2 2 0 1 6939 7005 6940
13667 2 2 0 1 7006 7005 6940
13668 2 2 0 1 6940 7006 6941
13669 2 2 0 1 7007 7006 6941
13670 2 2 0 1 6941 7007 6942
13671 2 2 0 1 7008 7007 6942
13672 2 2 0 1 6942 7008 6943
13673 2 2 0 1 7009 7008 6943
13674 2 2 0 1 6943 7009 6944
13675 2 2 0 1 7010 7009 6944
13676 2 2 0 1 6944 7010 6945
13677 2 2 0 1 7011 7010 6945
13678 2 2 0 1 6945 7011 6946
13679 2 2 0 1 7012 7011 6946
13680 2 2 0 1 6946 7012 6947
13681 2 2 0 1 7013 7012 6947
13682 2 2 0 1 6947 7013 6948
13683 2 2 0 1 7014 7013 6948
13684 2 2 0 1 6948 7014 6949
13685 2 2 0 1 7015 7014 6949
13686 2 2 0 1 6949 7015 6950
13687 2 2 0 1 7016 7015 6950
13688 2 2 0 1 6950 7016 6951
13689 2 2 0 1 7017 7016 6951
13690 2 2 0 1 6951 7017 6952
13691 2 2 0 1 7018 7017 6952
13692 2 2 0 1 6952 7018 6953
13693 2 2 0 1 7019 7018 6953
13694 2 2 0 1 6953 7019 6954
13695 2 2 0 1 7020 7019 6954
13696 2 2 0 1 6954 7020 6955
13697 2 2 0 1 7021 7022 6957
13698 2 2 0 1 6957 7021 6956
13699 2 2 0 1 7023 7021 6956
13700 2 2 0 1 6956 7023 6958
13701 2 2 0 1 7024 7023 6958
13702 2 2 0 1 6958 7024 6959
13703 2 2 0 1 7025 7024 6959
13704 2 2 0 1 6959 7025 6960
13705 2 2 0 1 7026 7025 6960
13706 2 2 0 1 6960 7026 6961
13707 2 2 0 1 7027 7026 6961
13708 2 2 0 1 6961 7027 6962
13709 2 2 0 1 7028 7027 6962
13710 2 2 0 1 6962 7028 6963
13711 2 2 0 1 7029 7028 6963
13712 2 2 0 1 6963 7029 6964
13713 2 2 0 1 7030 7029 6964
13714 2 2 0 1 6964 7030 6965
13715 2 2 0 1 7031 7030 6965
13716 2 2 0 1 6965 7031 6966
13717 2 2 0 1 7032 7031 6966
13718 2 2 0 1 6966 7032 6967
13719 2 2 0 1 7033 7032 6967
13720 2 2 0 1 6967 7033 6968
13721 2 2 0 1 7034 7033 6968
13722 2 2 0 1 6968 7034 6969
13723 2 2 0 1 6970 7034 6969
13724 2 2 0 1 7034 7035 6970
13725 2 2 0 1 6971 7035 6970
13726 2 2 0 1 7035 7036 6971
13727 2 2 0 1 7037 7036 6971
13728 2 2 0 1 6971 7037 6972
13729 2 2 0 1 7038 7037 6972
13730 2 2 0 1 6972 7038 6973
13731 2 2 0 1 7039 7038 6973
13732 2 2 0 1 6973 7039 6974
13733 2 2 0 1 7040 7039 6974
13734 2 2 0 1 6974 7040 6975
13735 2 2 0 1 7041 7040 6975
13736 2 2 0 1 6975 7041 6976
13737 2 2 0 1 7042 7041 6976
13738 2 2 0 1 6976 7042 6977
13739 2 2 0 1 7043 7042 6977
13740 2 2 0 1 6977 7043 6978
13741 2 2 0 1 7044 7043 6978
13742 2 2 0 1 6978 7044 6979
13743 2 2 0 1 6980 7044 6979
13744 2 2 0 1 7044 7045 6980
13745 2 2 0 1 6981 7045 6980
13746 2 2 0 1 7045 7046 6981
13747 2 2 0 1 6982 7046 6981
13748 2 2 0 1 7046 7047 6982
13749 2 2 0 1 6983 7047 6982
13750 2 2 0 1 7047 7048 6983
13751 2 2 0 1 6984 7048 6983
13752 2 2 0 1 7048 7049 6984
13753 2 2 0 1 6985 7049 6984
13754 2 2 0 1 7049 7050 6985
13755 2 2 0 1 6986 7050 6985
13756 2 2 0 1 7050 7051 6986
13757 2 2 0 1 6987 7051 6986
13758 2 2 0 1 7051 7052 6987
13759 2 2 0 1 6988 7052 6987
13760 2 2 0 1 7052 7053 6988
13761 2 2 0 1 6989 7053 6988
13762 2 2 0 1 7053 7054 6989
13763 2 2 0 1 6990 7054 6989
13764 2 2 0 1 7054 7055 6990
13765 2 2 0 1 7056 7055 6990
13766 2 2 0 1 6990 7056 6991
13767 2 2 0 1 7057 7056 6991
13768 2 2 0 1 6991 7057 6992
13769 2 2 0 1 7058 7057 6992
13770 2 2 0 1 6992 7058 6993
13771 2 2 0 1 7059 7058 6993
13772 2 2 0 1 6993 7059 6994
13773 2 2 0 1 7060 7059 6994
13774 2 2 0 1 6994 7060 6995
13775 2 2 0 1 7061 7060 6995
13776 2 2 0 1 6995 7061 6996
13777 2 2 0 1 7062 7061 6996
13778 2 2 0 1 6996 7062 6997
13779 2 2 0 1 7063 7062 6997
13780 2 2 0 1 6997 7063 6998
13781 2 2 0 1 7064 7063 6998
13782 2 2 0 1 6998 7064 6999
13783 2 2 0 1 7065 7064 6999
13784 2 2 0 1 6999 7065 7000
13785 2 2 0 1 7066 7065 7000
13786 2 2 0 1 7000 7066 7001
13787 2 2 0 1 7067 7066 7001
13788 2 2 0 1 7001 7067 7002
13789 2 2 0 1 7068 7067 7002
13790 2 2 0 1 7002 7068 7003
13791 2 2 0 1 7069 7068 7003
13792 2 2 0 1 7003 7069 7004
13793 2 2 0 1 7070 7069 7004
13794 2 2 0 1 7004 7070 7005
13795 2 2 0 1 7071 7070 7005
13796 2 2 0 1 7005 7071 7006
13797 2 2 0 1 7072 7071 7006
13798 2 2 0 1 7006 7072 7007
13799 2 2 0 1 7073 7072 7007
13800 2 2 0 1 7007 7073 7008
13801 2 2 0 1 7074 7073 7008
13802 2 2 0 1 7008 7074 7009
13803 2 2 0 1 7075 7074 7009
13804 2 2 0 1 7009 7075 7010
13805 2 2 0 1 7076 7075 7010
13806 2 2 0 1 7010 7076 7011
13807 2 2 0 1 7077 7076 7011
13808 2 2 0 1 7011 7077 7012
13809 2 2 0 1 7078 7077 7012
13810 2 2 0 1 7012 7078 7013
13811 2 2 0 1 7079 7078 7013
13812 2 2 0 1 7013 7079 7014
13813 2 2 0 1 7080 7079 7014
13814 2 2 0 1 7014 7080 7015
13815 2 2 0 1 7081 7080 7015
13816 2 2 0 1 7015 7081 7016
13817 2 2 0 1 7082 7081 7016
13818 2 2 0 1 7016 7082 7017
13819 2 2 0 1 7083 7082 7017
13820 2 2 0 1 7017 7083 7018
13821 2 2 0 1 7084 7083 7018
13822 2 2 0 1 7018 7084 7019
13823 2 2 0 1 7085 7084 7019
13824 2 2 0 1 7019 7085 7020
13825 2 2 0 1 7086 7087 7022
13826 2 2 0 1 7022 7086 7021
13827 2 2 0 1 7088 7086 7021
13828 2 2 0 1 7021 7088 7023
13829 2 2 0 1 7089 7088 7023
13830 2 2 0 1 7023 7089 7024
13831 2 2 0 1 7090 7089 7024
13832 2 2 0 1 7024 7090 7025
13833 2 2 0 1 7091 7090 7025
13834 2 2 0 1 7025 7091 7026
13835 2 2 0 1 7092 7091 7026
13836 2 2 0 1 7026 7092 7027
13837 2 2 0 1 7093 7092 7027
13838 2 2 0 1 7027 7093 7028
13839 2 2 0 1 7094 7093 7028
13840 2 2 0 1 7028 7094 7029
13841 2 2 0 1 7095 7094 7029
13842 2 2 0 1 7029 7095 7030
13843 2 2 0 1 7096 7095 7030
13844 2 2 0 1 7030 7096 7031
13845 2 2 0 1 7097 7096 7031
13846 2 2 0 1 7031 7097 7032
13847 2 2 0 1 7098 7097 7032
13848 2 2 0 1 7032 7098 7033
13849 2 2 0 1 7099 7098 7033
13850 2 2 0 1 7033 7099 7034
13851 2 2 0 1 7035 7099 7034
13852 2 2 0 1 7099 7100 7035
13853 2 2 0 1 7036 7100 7035
13854 2 2 0 1 7100 7101 7036
13855 2 2 0 1 7102 7101 7036
13856 2 2 0 1 7036 7102 7037
13857 2 2 0 1 7103 7102 7037
13858 2 2 0 1 7037 7103 7038
13859 2 2 0 1 7104 7103 7038
13860 2 2 0 1 7038 7104 7039
13861 2 2 0 1 7105 7104 7039
13862 2 2 0 1 7039 7105 7040
13863 2 2 0 1 7106 7105 7040
13864 2 2 0 1 7040 7106 7041
13865 2 2 0 1 7107 7106 7041
13866 2 2 0 1 7041 7107 7042
13867 2 2 0 1 7108 7107 7042
13868 2 2 0 1 7042 7108 7043
13869 2 2 0 1 7109 7108 7043
13870 2 2 0 1 7043 7109 7044
13871 2 2 0 1 7045 7109 7044
13872 2 2 0 1 7109 7110 7045
13873 2 2 0 1 7046 7110 7045
13874 2 2 0 1 7110 7111 7046
13875 2 2 0 1 7047 7111 7046
13876 2 2 0 1 7111 7112 7047
13877 2 2 0 1 7048 7112 7047
13878 2 2 0 1 7112 7113 7048
13879 2 2 0 1 7049 7113 7048
13880 2 2 0 1 7113 7114 7049
13881 2 2 0 1 7050 7114 7049
13882 2 2 0 1 7114 7115 7050
13883 2 2 0 1 7051 7115 7050
13884 2 2 0 1 7115 7116 7051
13885 2 2 0 1 7052 7116 7051
13886 2 2 0 1 7116 7117 7052
13887 2 2 0 1 7053 7117 7052
13888 2 2 0 1 7117 7118 7053
13889 2 2 0 1 7054 7118 7053
13890 2 2 0 1 7118 7119 7054
13891 2 2 0 1 7055 7119 7054
13892 2 2 0 1 7119 7120 7055
13893 2 2 0 1 7121 7120 7055
13894 2 2 0 1 7055 7121 7056
13895 2 2 0 1 7122 7121 7056
13896 2 2 0 1 7056 7122 7057
13897 2 2 0 1 7123 7122 7057
13898 2 2 0 1 7057 7123 7058
13899 2 2 0 1 7124 7123 7058
13900 2 2 0 1 7058 7124 7059
13901 2 2 0 1 7125 7124 7059
13902 2 2 0 1 7059 7125 7060
13903 2 2 0 1 7126 7125 7060
13904 2 2 0 1 7060 7126 7061
13905 2 2 0 1 7127 7126 7061
13906 2 2 0 1 7061 7127 7062
13907 2 2 0 1 7128 7127 7062
13908 2 2 0 1 7062 7128 7063
13909 2 2 0 1 7129 7128 7063
13910 2 2 0 1 7063 7129 7064
13911 2 2 0 1 7130 7129 7064
13912 2 2 0 1 7064 7130 7065
13913 2 2 0 1 7131 7130 7065
13914 2 2 0 1 7065 7131 7066
13915 2 2 0 1 7132 7131 7066
13916 2 2 0 1 7066 7132 7067
13917 2 2 0 1 7133 7132 7067
13918 2 2 0 1 7067 7133 7068
13919 2 2 0 1 7134 7133 7068
13920 2 2 0 1 7068 7134 7069
13921 2 2 0 1 7135 7134 7069
13922 2 2 0 1 7069 7135 7070
13923 2 2 0 1 7136 7135 7070
13924 2 2 0 1 7070 7136 7071
13925 2 2 0 1 7137 7136 7071
13926 2 2 0 1 7071 7137 7072
13927 2 2 0 1 7138 7137 7072
13928 2 2 0 1 7072 7138 7073
13929 2 2 0 1 7139 7138 7073
13930 2 2 0 1 7073 7139 7074
13931 2 2 0 1 7140 7139 7074
13932 2 2 0 1 7074 7140 7075
13933 2 2 0 1 7141 7140 7075
13934 2 2 0 1 7075 7141 7076
13935 2 2 0 1 7142 7141 7076
13936 2 2 0 1 7076 7142 7077
13937 2 2 0 1 7143 7142 7077
13938 2 2 0 1 7077 7143 7078
13939 2 2 0 1 7144 7143 7078
13940 2 2 0 1 7078 7144 7079
13941 2 2 0 1 7145 7144 7079
13942 2 2 0 1 7079 7145 7080
13943 2 2 0 1 7146 7145 7080
13944 2 2 0 1 7080 7146 7081
13945 2 2 0 1 7147 7146 7081
13946 2 2 0 1 7081 7147 7082
13947 2 2 0 1 7148 7147 7082
13948 2 2 0 1 7082 7148 7083
13949 2 2 0 1 7149 7148 7083
13950 2 2 0 1 7083 7149 7084
13951 2 2 0 1 7150 7149 7084
13952 2 2 0 1 7084 7150 7085
13953 2 2 0 1 7151 7152 7087
13954 2 2 0 1 7087 7151 7086
13955 2 2 0 1 7153 7151 7086
13956 2 2 0 1 7086 7153 7088
13957 2 2 0 1 7154 7153 7088
13958 2 2 0 1 7088 7154 7089
13959 2 2 0 1 7155 7154 7089
13960 2 2 0 1 7089 7155 7090
13961 2 2 0 1 7156 7155 7090
13962 2 2 0 1 7090 7156 7091
13963 2 2 0 1 7157 7156 7091
13964 2 2 0 1 7091 7157 7092
13965 2 2 0 1 7158 7157 7092
13966 2 2 0 1 7092 7158 7093
13967 2 2 0 1 7159 7158 7093
13968 2 2 0 1 7093 7159 7094
13969 2 2 0 1 7160 7159 7094
13970 2 2 0 1 7094 7160 7095
13971 2 2 0 1 7161 7160 7095
13972 2 2 0 1 7095 7161 7096
13973 2 2 0 1 7162 7161 7096
13974 2 2 0 1 7096 7162 7097
13975 2 2 0 1 7163 7162 7097
13976 2 2 0 1 7097 7163 7098
13977 2 2 0 1 7164 7163 7098
13978 2 2 0 1 7098 7164 7099
13979 2 2 0 1 7100 7164 7099
13980 2 2 0 1 7164 7165 7100
13981 2 2 0 1 7101 7165 7100
13982 2 2 0 1 7165 7166 7101
13983 2 2 0 1 7167 7166 7101
13984 2 2 0 1 7101 7167 7102
13985 2 2 0 1 7168 7167 7102
13986 2 2 0 1 7102 7168 7103
13987 2 2 0 1 7169 7168 7103
13988 2 2 0 1 7103 7169 7104
13989 2 2 0 1 7170 7169 7104
13990 2 2 0 1 7104 7170 7105
13991 2 2 0 1 7171 7170 7105
13992 2 2 0 1 7105 7171 7106
13993 2 2 0 1 7172 7171 7106
13994 2 2 0 1 7106 7172 7107
13995 2 2 0 1 7173 7172 7107
13996 2 2 0 1 7107 7173 7108
13997 2 2 0 1 7174 7173 7108
13998 2 2 0 1 7108 7174 7109
13999 2 2 0 1 7110 7174 7109
14000 2 2 0 1 7174 7175 7110
14001 2 2 0 1 7111 7175 7110
14002 2 2 0 1 7175 7176 7111
14003 2 2 0 1 7112 7176 7111
14004 2 2 0 1 7176 7177 7112
14005 2 2 0 1 7113 7177 7112
14006 2 2 0 1 7177 7178 7113
14007 2 2 0 1 7114 7178 7113
14008 2 2 0 1 7178 7179 7114
14009 2 2 0 1 7115 7179 7114
14010 2 2 0 1 7179 7180 7115
14011 2 2 0 1 7116 7180 7115
14012 2 2 0 1 7180 7181 7116
14013 2 2 0 1 7117 7181 7116
14014 2 2 0 1 7181 7182 7117
14015 2 2 0 1 7118 7182 7117
14016 2 2 0 1 7182 7183 7118
14017 2 2 0 1 7119 7183 7118
14018 2 2 0 1 7183 7184 7119
14019 2 2 0 1 7120 7184 7119
14020 2 2 0 1 7184 7185 7120
14021 2 2 0 1 7186 7185 7120
14022 2 2 0 1 7120 7186 7121
14023 2 2 0 1 7187 7186 7121
14024 2 2 0 1 7121 7187 7122
14025 2 2 0 1 7188 7187 7122
14026 2 2 0 1 7122 7188 7123
14027 2 2 0 1 7189 7188 7123
14028 2 2 0 1 7123 7189 7124
14029 2 2 0 1 7190 7189 7124
14030 2 2 0 1 7124 7190 7125
14031 2 2 0 1 7191 7190 7125
14032 2 2 0 1 7125 7191 7126
14033 2 2 0 1 7192 7191 7126
14034 2 2 0 1 7126 7192 7127
14035 2 2 0 1 7193 7192 7127
14036 2 2 0 1 7127 7193 7128
14037 2 2 0 1 7194 7193 7128
14038 2 2 0 1 7128 7194 7129
14039 2 2 0 1 7195 7194 7129
14040 2 2 0 1 7129 7195 7130
14041 2 2 0 1 7196 7195 7130
14042 2 2 0 1 7130 7196 7131
14043 2 2 0 1 7197 7196 7131
14044 2 2 0 1 7131 7197 7132
14045 2 2 0 1 7198 7197 7132
14046 2 2 0 1 7132 7198 7133
14047 2 2 0 1 7199 7198 7133
14048 2 2 0 1 7133 7199 7134
14049 2 2 0 1 7200 7199 7134
14050 2 2 0 1 7134 7200 7135
14051 2 2 0 1 7201 7200 7135
14052 2 2 0 1 7135 7201 7136
14053 2 2 0 1 7202 7201 7136
14054 2 2 0 1 7136 7202 7137
14055 2 2 0 1 7203 7202 7137
14056 2 2 0 1 7137 7203 7138
14057 2 2 0 1 7204 7203 7138
14058 2 2 0 1 7138 7204 7139
14059 2 2 0 1 7205 7204 7139
14060 2 2 0 1 7139 7205 7140
14061 2 2 0 1 7206 7205 7140
14062 2 2 0 1 7140 7206 7141
14063 2 2 0 1 7207 7206 7141
14064 2 2 0 1 7141 7207 7142
14065 2 2 0 1 7208 7207 7142
14066 2 2 0 1 7142 7208 7143
14067 2 2 0 1 7209 7208 7143
14068 2 2 0 1 7143 7209 7144
14069 2 2 0 1 7210 7209 7144
14070 2 2 0 1 7144 7210 7145
14071 2 2 0 1 7211 7210 7145
14072 2 2 0 1 7145 7211 7146
14073 2 2 0 1 7212 7211 7146
14074 2 2 0 1 7146 7212 7147
14075 2 2 0 1 7213 7212 7147
14076 2 2 0 1 7147 7213 7148
14077 2 2 0 1 7214 7213 7148
14078 2 2 0 1 7148 7214 7149
14079 2 2 0 1 7215 7214 7149
14080 2 2 0 1 7149 7215 7150
14081 2 2 0 1 7216 7217 7152
14082 2 2 0 1 7152 7216 7151
14083 2 2 0 1 7218 7216 7151
14084 2 2 0 1 7151 7218 7153
14085 2 2 0 1 7219 7218 7153
14086 2 2 0 1 7153 7219 7154
14087 2 2 0 1 7220 7219 7154
14088 2 2 0 1 7154 7220 7155
14089 2 2 0 1 7221 7220 7155
14090 2 2 0 1 7155 7221 7156
14091 2 2 0 1 7222 7221 7156
14092 2 2 0 1 7156 7222 7157
14093 2 2 0 1 7223 7222 7157
14094 2 2 0 1 7157 7223 7158
14095 2 2 0 1 7224 7223 7158
14096 2 2 0 1 7158 7224 7159
14097 2 2 0 1 7225 7224 7159
14098 2 2 0 1 7159 7225 7160
14099 2 2 0 1 7226 7225 7160
14100 2 2 0 1 7160 7226 7161
14101 2 2 0 1 7227 7226 7161
14102 2 2 0 1 7161 7227 7162
14103 2 2 0 1 7228 7227 7162
14104 2 2 0 1 7162 7228 7163
14105 2 2 0 1 7229 7228 7163
14106 2 2 0 1 7163 7229 7164
14107 2 2 0 1 7165 7229 7164
14108 2 2 0 1 7229 7230 7165
14109 2 2 0 1 7166 7230 7165
14110 2 2 0 1 7230 7231 7166
14111 2 2 0 1 7232 7231 7166
14112 2 2 0 1 7166 7232 7167
14113 2 2 0 1 7233 7232 7167
14114 2 2 0 1 7167 7233 7168
14115 2 2 0 1 7234 7233 7168
14116 2 2 0 1 7168 7234 7169
14117 2 2 0 1 7235 7234 7169
14118 2 2 0 1 7169 7235 7170
14119 2 2 0 1 7236 7235 7170
14120 2 2 0 1 7170 7236 7171
14121 2 2 0 1 7237 7236 7171
14122 2 2 0 1 7171 7237 7172
14123 2 2 0 1 7238 7237 7172
14124 2 2 0 1 7172 7238 7173
14125 2 2 0 1 7239 7238 7173
14126 2 2 0 1 7173 7239 7174
14127 2 2 0 1 7175 7239 7174
14128 2 2 0 1 7239 7240 7175
14129 2 2 0 1 7176 7240 7175
14130 2 2 0 1 7240 7241 7176
14131 2 2 0 1 7177 7241 7176
14132 2 2 0 1 7241 7242 7177
14133 2 2 0 1 7178 7242 7177
14134 2 2 0 1 7242 7243 7178
14135 2 2 0 1 7179 7243 7178
14136 2 2 0 1 7243 7244 7179
14137 2 2 0 1 7180 7244 7179
14138 2 2 0 1 7244 7245 7180
14139 2 2 0 1 7181 7245 7180
14140 2 2 0 1 7245 7246 7181
14141 2 2 0 1 7182 7246 7181
14142 2 2 0 1 7246 7247 7182
14143 2 2 0 1 7183 7247 7182
14144 2 2 0 1 7247 7248 7183
14145 2 2 0 1 7184 7248 7183
14146 2 2 0 1 7248 7249 7184
14147 2 2 0 1 7185 7249 7184
14148 2 2 0 1 7249 7250 7185
14149 2 2 0 1 7251 7250 7185
14150 2 2 0 1 7185 7251 7186
14151 2 2 0 1 7252 7251 7186
14152 2 2 0 1 7186 7252 7187
14153 2 2 0 1 7253 7252 7187
14154 2 2 0 1 7187 7253 7188
14155 2 2 0 1 7254 7253 7188
14156 2 2 0 1 7188 7254 7189
14157 2 2 0 1 7255 7254 7189
14158 2 2 0 1 7189 7255 7190
14159 2 2 0 1 7256 7255 7190
14160 2 2 0 1 7190 7256 7191
14161 2 2 0 1 7257 7256 7191
14162 2 2 0 1 7191 7257 7192
14163 2 2 0 1 7258 7257 7192
14164 2 2 0 1 7192 7258 7193
14165 2 2 0 1 7259 7258 7193
14166 2 2 0 1 7193 7259 7194
14167 2 2 0 1 7260 7259 7194
14168 2 2 0 1 7194 7260 7195
14169 2 2 0 1 7261 7260 7195
14170 2 2 0 1 7195 7261 7196
14171 2 2 0 1 7262 7261 7196
14172 2 2 0 1 7196 7262 7197
14173 2 2 0 1 7263 7262 7197
14174 2 2 0 1 7197 7263 7198
14175 2 2 0 1 7264 7263 7198
14176 2 2 0 1 7198 7264 7199
14177 2 2 0 1 7265 7264 7199
14178 2 2 0 1 7199 7265 7200
14179 2 2 0 1 7266 7265 7200
14180 2 2 0 1 7200 7266 7201
14181 2 2 0 1 7267 7266 7201
14182 2 2 0 1 7201 7267 7202
14183 2 2 0 1 7268 7267 7202
14184 2 2 0 1 7202 7268 7203
14185 2 2 0 1 7269 7268 7203
14186 2 2 0 1 7203 7269 7204
14187 2 2 0 1 7270 7269 7204
14188 2 2 0 1 7204 7270 7205
14189 2 2 0 1 7271 7270 7205
14190 2 2 0 1 7205 7271 7206
14191 2 2 0 1 7272 7271 7206
14192 2 2 0 1 7206 7272 7207
14193 2 2 0 1 7273 7272 7207
14194 2 2 0 1 7207 7273 7208
14195 2 2 0 1 7274 7273 7208
14196 2 2 0 1 7208 7274 7209
14197 2 2 0 1 7275 7274 7209
14198 2 2 0 1 7209 7275 7210
14199 2 2 0 1 7276 7275 7210
14200 2 2 0 1 7210 7276 7211
14201 2 2 0 1 7277 7276 7211
14202 2 2 0 1 7211 7277 7212
14203 2 2 0 1 7278 7277 7212
14204 2 2 0 1 7212 7278 7213
14205 2 2 0 1 7279 7278 7213
14206 2 2 0 1 7213 7279 7214
14207 2 2 0 1 7280 7279 7214
14208 2 2 0 1 7214 7280 7215
14209 2 2 0 1 7281 7282 7217
14210 2 2 0 1 7217 7281 7216
14211 2 2 0 1 7283 7281 7216
14212 2 2 0 1 7216 7283 7218
14213 2 2 0 1 7284 7283 7218
14214 2 2 0 1 7218 7284 7219
14215 2 2 0 1 7285 7284 7219
14216 2 2 0 1 7219 7285 7220
14217 2 2 0 1 7286 7285 7220
14218 2 2 0 1 7220 7286 7221
14219 2 2 0 1 7287 7286 7221
14220 2 2 0 1 7221 7287 7222
14221 2 2 0 1 7288 7287 7222
14222 2 2 0 1 7222 7288 7223
14223 2 2 0 1 7289 7288 7223
14224 2 2 0 1 7223 7289 7224
14225 2 2 0 1 7290 7289 7224
14226 2 2 0 1 7224 7290 7225
14227 2 2 0 1 7291 7290 7225
14228 2 2 0 1 7225 7291 7226
14229 2 2 0 1 7292 7291 7226
14230 2 2 0 1 7226 7292 7227
14231 2 2 0 1 7293 7292 7227
14232 2 2 0 1 7227 7293 7228
14233 2 2 0 1 7294 7293 7228
14234 2 2 0 1 7228 7294 7229
14235 2 2 0 1 7230 7294 7229
14236 2 2 0 1 7294 7295 7230
14237 2 2 0 1 7231 7295 7230
14238 2 2 0 1 7295 7296 7231
14239 2 2 0 1 7297 7296 7231
14240 2 2 0 1 7231 7297 7232
14241 2 2 0 1 7298 7297 7232
14242 2 2 0 1 7232 7298 7233
14243 2 2 0 1 7299 7298 7233
14244 2 2 0 1 7233 7299 7234
14245 2 2 0 1 7300 7299 7234
14246 2 2 0 1 7234 7300 7235
14247 2 2 0 1 7301 7300 7235
14248 2 2 0 1 7235 7301 7236
14249 2 2 0 1 7302 7301 7236
14250 2 2 0 1 7236 7302 7237
14251 2 2 0 1 7303 7302 7237
14252 2 2 0 1 7237 7303 7238
14253 2 2 0 1 7304 7303 7238
14254 2 2 0 1 7238 7304 7239
14255 2 2 0 1 7240 7304 7239
14256 2 2 0 1 7304 7305 7240
14257 2 2 0 1 7241 7305 7240
14258 2 2 0 1 7305 7306 7241
14259 2 2 0 1 7242 7306 7241
14260 2 2 0 1 7306 7307 7242
14261 2 2 0 1 7243 7307 7242
14262 2 2 0 1 7307 7308 7243
14263 2 2 0 1 7244 7308 7243
14264 2 2 0 1 7308 7309 7244
14265 2 2 0 1 7245 7309 7244
14266 2 2 0 1 7309 7310 7245
14267 2 2 0 1 7246 7310 7245
14268 2 2 0 1 7310 7311 7246
14269 2 2 0 1 7247 7311 7246
14270 2 2 0 1 7311 7312 7247
14271 2 2 0 1 7248 7312 7247
14272 2 2 0 1 7312 7313 7248
14273 2 2 0 1 7249 7313 7248
14274 2 2 0 1 7313 7314 7249
14275 2 2 0 1 7250 7314 7249
14276 2 2 0 1 7314 7315 7250
14277 2 2 0 1 7316 7315 7250
14278 2 2 0 1 7250 7316 7251
14279 2 2 0 1 7317 7316 7251
14280 2 2 0 1 7251 7317 7252
14281 2 2 0 1 7318 7317 7252
14282 2 2 0 1 7252 7318 7253
14283 2 2 0 1 7319 7318 7253
14284 2 2 0 1 7253 7319 7254
14285 2 2 0 1 7320 7319 7254
14286 2 2 0 1 7254 7320 7255
14287 2 2 0 1 7321 7320 7255
14288 2 2 0 1 7255 7321 7256
14289 2 2 0 1 7322 7321 7256
14290 2 2 0 1 7256 7322 7257
14291 2 2 0 1 7323 7322 7257
14292 2 2 0 1 7257 7323 7258
14293 2 2 0 1 7324 7323 7258
14294 2 2 0 1 7258 7324 7259
14295 2 2 0 1 7325 7324 7259
14296 2 2 0 1 7259 7325 7260
14297 2 2 0 1 7326 7325 7260
14298 2 2 0 1 7260 7326 7261
14299 2 2 0 1 7327 7326 7261
14300 2 2 0 1 7261 7327 7262
14301 2 2 0 1 7328 7327 7262
14302 2 2 0 1 7262 7328 7263
14303 2 2 0 1 7329 7328 7263
14304 2 2 0 1 7263 7329 7264
14305 2 2 0 1 7330 7329 7264
14306 2 2 0 1 7264 7330 7265
14307 2 2 0 1 7331 7330 7265
14308 2 2 0 1 7265 7331 7266
14309 2 2 0 1 7332 7331 7266
14310 2 2 0 1 7266 7332 7267
14311 2 2 0 1 7333 7332 7267
14312 2 2 0 1 7267 7333 7268
14313 2 2 0 1 7334 7333 7268
14314 2 2 0 1 7268 7334 7269
14315 2 2 0 1 7335 7334 7269
14316 2 2 0 1 7269 7335 7270
14317 2 2 0 1 7336 7335 7270
14318 2 2 0 1 7270 7336 7271
14319 2 2 0 1 7337 7336 7271
14320 2 2 0 1 7271 7337 7272
14321 2 2 0 1 7338 7337 7272
14322 2 2 0 1 7272 7338 7273
14323 2 2 0 1 7339 7338 7273
14324 2 2 0 1 7273 7339 7274
14325 2 2 0 1 7340 7339 7274
14326 2 2 0 1 7274 7340 7275
14327 2 2 0 1 7341 7340 7275
14328 2 2 0 1 7275 7341 7276
14329 2 2 0 1 7342 7341 7276
14330 2 2 0 1 7276 7342 7277
14331 2 2 0 1 7343 7342 7277
14332 2 2 0 1 7277 7343 7278
14333 2 2 0 1 7344 7343 7278
14334 2 2 0 1 7278 7344 7279
14335 2 2 0 1 7345 7344 7279
14336 2 2 0 1 7279 7345 7280
14337 2 2 0 1 7346 7347 7282
14338 2 2 0 1 7282 7346 7281
14339 2 2 0 1 7348 7346 7281
14340 2 2 0 1 7281 7348 7283
14341 2 2 0 1 7349 7348 7283
14342 2 2 0 1 7283 7349 7284
14343 2 2 0 1 7350 7349 7284
14344 2 2 0 1 7284 7350 7285
14345 2 2 0 1 7351 7350 7285
14346 2 2 0 1 7285 7351 7286
14347 2 2 0 1 7352 7351 7286
14348 2 2 0 1 7286 7352 7287
14349 2 2 0 1 7353 7352 7287
14350 2 2 0 1 7287 7353 7288
14351 2 2 0 1 7354 7353 7288
14352 2 2 0 1 7288 7354 7289
14353 2 2 0 1 7355 7354 7289
14354 2 2 0 1 7289 7355 7290
14355 2 2 0 1 7356 7355 7290
14356 2 2 0 1 7290 7356 7291
14357 2 2 0 1 7357 7356 7291
14358 2 2 0 1 7291 7357 7292
14359 2 2 0 1 7358 7357 7292
14360 2 2 0 1 7292 7358 7293
14361 2 2 0 1 7359 7358 7293
14362 2 2 0 1 7293 7359 7294
14363 2 2 0 1 7295 7359 7294
14364 2 2 0 1 7359 7360 7295
14365 2 2 0 1 7296 7360 7295
14366 2 2 0 1 7360 7361 7296
14367 2 2 0 1 7362 7361 7296
14368 2 2 0 1 7296 7362 7297
14369 2 2 0 1 7363 7362 7297
14370 2 2 0 1 7297 7363 7298
14371 2 2 0 1 7364 7363 7298
14372 2 2 0 1 7298 7364 7299
14373 2 2 0 1 7365 7364 7299
14374 2 2 0 1 7299 7365 7300
14375 2 2 0 1 7366 7365 7300
14376 2 2 0 1 7300 7366 7301
14377 2 2 0 1 7367 7366 7301
14378 2 2 0 1 7301 7367 7302
14379 2 2 0 1 7368 7367 7302
14380 2 2 0 1 7302 7368 7303
14381 2 2 0 1 7369 7368 7303
14382 2 2 0 1 7303 7369 7304
14383 2 2 0 1 7305 7369 7304
14384 2 2 0 1 7369 7370 7305
14385 2 2 0 1 7306 7370 7305
14386 2 2 0 1 7370 7371 7306
14387 2 2 0 1 7307 7371 7306
14388 2 2 0 1 7371 7372 7307
14389 2 2 0 1 7308 7372 7307
14390 2 2 0 1 7372 7373 7308
14391 2 2 0 1 7309 7373 7308
14392 2 2 0 1 7373 7374 7309
14393 2 2 0 1 7310 7374 7309
14394 2 2 0 1 7374 7375 7310
14395 2 2 0 1 7311 7375 7310
14396 2 2 0 1 7375 7376 7311
14397 2 2 0 1 7312 7376 7311
14398 2 2 0 1 7376 7377 7312
14399 2 2 0 1 7313 7377 7312
14400 2 2 0 1 7377 7378 7313
14401 2 2 0 1 7314 7378 7313
14402 2 2 0 1 7378 7379 7314
14403 2 2 0 1 7315 7379 7314
14404 2 2 0 1 7379 7380 7315
14405 2 2 0 1 7381 7380 7315
14406 2 2 0 1 7315 7381 7316
14407 2 2 0 1 7382 7381 7316
14408 2 2 0 1 7316 7382 7317
14409 2 2 0 1 7383 7382 7317
14410 2 2 0 1 7317 7383 7318
14411 2 2 0 1 7384 7383 7318
14412 2 2 0 1 7318 7384 7319
14413 2 2 0 1 7385 7384 7319
14414 2 2 0 1 7319 7385 7320
14415 2 2 0 1 7386 7385 7320
14416 2 2 0 1 7320 7386 7321
14417 2 2 0 1 7387 7386 7321
14418 2 2 0 1 7321 7387 7322
14419 2 2 0 1 7388 7387 7322
14420 2 2 0 1 7322 7388 7323
14421 2 2 0 1 7389 7388 7323
14422 2 2 0 1 7323 7389 7324
14423 2 2 0 1 7390 7389 7324
14424 2 2 0 1 7324 7390 7325
14425 2 2 0 1 7391 7390 7325
14426 2 2 0 1 7325 7391 7326
14427 2 2 0 1 7392 7391 7326
14428 2 2 0 1 7326 7392 7327
14429 2 2 0 1 7393 7392 7327
14430 2 2 0 1 7327 7393 7328
14431 2 2 0 1 7394 7393 7328
14432 2 2 0 1 7328 7394 7329
14433 2 2 0 1 7395 7394 7329
14434 2 2 0 1 7329 7395 7330
14435 2 2 0 1 7396 7395 7330
14436 2 2 0 1 7330 7396 7331
14437 2 2 0 1 7397 7396 7331
14438 2 2 0 1 7331 7397 7332
14439 2 2 0 1 7398 7397 7332
14440 2 2 0 1 7332 7398 7333
14441 2 2 0 1 7399 7398 7333
14442 2 2 0 1 7333 7399 7334
14443 2 2 0 1 7400 7399 7334
14444 2 2 0 1 7334 7400 7335
14445 2 2 0 1 7401 7400 7335
14446 2 2 0 1 7335 7401 7336
14447 2 2 0 1 7402 7401 7336
14448 2 2 0 1 7336 7402 7337
14449 2 2 0 1 7403 7402 7337
14450 2 2 0 1 7337 7403 7338
14451 2 2 0 1 7404 7403 7338
14452 2 2 0 1 7338 7404 7339
14453 2 2 0 1 7405 7404 7339
14454 2 2 0 1 7339 7405 7340
14455 2 2 0 1 7406 7405 7340
14456 2 2 0 1 7340 7406 7341
14457 2 2 0 1 7407 7406 7341
14458 2 2 0 1 7341 7407 7342
14459 2 2 0 1 7408 7407 7342
14460 2 2 0 1 7342 7408 7343
14461 2 2 0 1 7409 7408 7343
14462 2 2 0 1 7343 7409 7344
14463 2 2 0 1 7410 7409 7344
14464 2 2 0 1 7344 7410 7345
14465 2 2 0 1 7411 7412 7347
14466 2 2 0 1 7347 7411 7346
14467 2 2 0 1 7413 7411 7346
14468 2 2 0 1 7346 7413 7348
14469 2 2 0 1 7414 7413 7348
14470 2 2 0 1 7348 7414 7349
14471 2 2 0 1 7415 7414 7349
14472 2 2 0 1 7349 7415 7350
14473 2 2 0 1 7416 7415 7350
14474 2 2 0 1 7350 7416 7351
14475 2 2 0 1 7417 7416 7351
14476 2 2 0 1 7351 7417 7352
14477 2 2 0 1 7418 7417 7352
14478 2 2 0 1 7352 7418 7353
14479 2 2 0 1 7419 7418 7353
14480 2 2 0 1 7353 7419 7354
14481 2 2 0 1 7420 7419 7354
14482 2 2 0 1 7354 7420 7355
14483 2 2 0 1 7421 7420 7355
14484 2 2 0 1 7355 7421 7356
14485 2 2 0 1 7422 7421 7356
14486 2 2 0 1 7356 7422 7357
14487 2 2 0 1 7423 7422 7357
14488 2 2 0 1 7357 7423 7358
14489 2 2 0 1 7424 7423 7358
14490 2 2 0 1 7358 7424 7359
14491 2 2 0 1 7425 7424 7359
14492 2 2 0 1 7359 7425 7360
14493 2 2 0 1 7426 7425 7360
14494 2 2 0 1 7360 7426 7361
14495 2 2 0 1 7427 7426 7361
14496 2 2 0 1 7361 7427 7362
14497 2 2 0 1 7428 7427 7362
14498 2 2 0 1 7362 7428 7363
14499 2 2 0 1 7429 7428 7363
14500 2 2 0 1 7363 7429 7364
14501 2 2 0 1 7430 7429 7364
14502 2 2 0 1 7364 7430 7365
14503 2 2 0 1 7431 7430 7365
14504 2 2 0 1 7365 7431 7366
14505 2 2 0 1 7432 7431 7366
14506 2 2 0 1 7366 7432 7367
14507 2 2 0 1 7433 7432 7367
14508 2 2 0 1 7367 7433 7368
14509 2 2 0 1 7434 7433 7368
14510 2 2 0 1 7368 7434 7369
14511 2 2 0 1 7370 7434 7369
14512 2 2 0 1 7434 7435 7370
14513 2 2 0 1 7371 7435 7370
14514 2 2 0 1 7435 7436 7371
14515 2 2 0 1 7372 7436 7371
14516 2 2 0 1 7436 7437 7372
14517 2 2 0 1 7373 7437 7372
14518 2 2 0 1 7437 7438 7373
14519 2 2 0 1 7374 7438 7373
14520 2 2 0 1 7438 7439 7374
14521 2 2 0 1 7375 7439 7374
14522 2 2 0 1 7439 7440 7375
14523 2 2 0 1 7376 7440 7375
14524 2 2 0 1 7440 7441 7376
14525 2 2 0 1 7377 7441 7376
14526 2 2 0 1 7441 7442 7377
14527 2 2 0 1 7378 7442 7377
14528 2 2 0 1 7442 7443 7378
14529 2 2 0 1 7379 7443 7378
14530 2 2 0 1 7443 7444 7379
14531 2 2 0 1 7380 7444 7379
14532 2 2 0 1 7444 7445 7380
14533 2 2 0 1 7446 7445 7380
14534 2 2 0 1 7380 7446 7381
14535 2 2 0 1 7447 7446 7381
14536 2 2 0 1 7381 7447 7382
14537 2 2 0 1 7448 7447 7382
14538 2 2 0 1 7382 7448 7383
14539 2 2 0 1 7449 7448 7383
14540 2 2 0 1 7383 7449 7384
14541 2 2 0 1 7450 7449 7384
14542 2 2 0 1 7384 7450 7385
14543 2 2 0 1 7451 7450 7385
14544 2 2 0 1 7385 7451 7386
14545 2 2 0 1 7452 7451 7386
14546 2 2 0 1 7386 7452 7387
14547 2 2 0 1 7453 7452 7387
14548 2 2 0 1 7387 7453 7388
14549 2 2 0 1 7454 7453 7388
14550 2 2 0 1 7388 7454 7389
14551 2 2 0 1 7455 7454 7389
14552 2 2 0 1 7389 7455 7390
14553 2 2 0 1 7456 7455 7390
14554 2 2 0 1 7390 7456 7391
14555 2 2 0 1 7457 7456 7391
14556 2 2 0 1 7391 7457 7392
14557 2 2 0 1 7458 7457 7392
14558 2 2 0 1 7392 7458 7393
14559 2 2 0 1 7459 7458 7393
14560 2 2 0 1 7393 7459 7394
14561 2 2 0 1 7460 7459 7394
14562 2 2 0 1 7394 7460 7395
14563 2 2 0 1 7461 7460 7395
14564 2 2 0 1 7395 7461 7396
14565 2 2 0 1 7462 7461 7396
14566 2 2 0 1 7396 7462 7397
14567 2 2 0 1 7463 7462 7397
14568 2 2 0 1 7397 7463 7398
14569 2 2 0 1 7464 7463 7398
14570 2 2 0 1 7398 7464 7399
14571 2 2 0 1 7465 7464 7399
14572 2 2 0 1 7399 7465 7400
14573 2 2 0 1 7466 7465 7400
14574 2 2 0 1 7400 7466 7401
14575 2 2 0 1 7467 7466 7401
14576 2 2 0 1 7401 7467 7402
14577 2 2 0 1 7468 7467 7402
14578 2 2 0 1 7402 7468 7403
14579 2 2 0 1 7469 7468 7403
14580 2 2 0 1 7403 7469 7404
14581 2 2 0 1 7470 7469 7404
14582 2 2 0 1 7404 7470 7405
14583 2 2 0 1 7471 7470 7405
14584 2 2 0 1 7405 7471 7406
14585 2 2 0 1 7472 7471 7406
14586 2 2 0 1 7406 7472 7407
14587 2 2 0 1 7473 7472 7407
14588 2 2 0 1 7407 7473 7408
14589 2 2 0 1 7474 7473 7408
14590 2 2 0 1 7408 7474 7409
14591 2 2 0 1 7475 7474 7409
14592 2 2 0 1 7409 7475 7410
14593 2 2 0 1 7476 7477 7412
14594 2 2 0 1 7412 7476 7411
14595 2 2 0 1 7478 7476 7411
14596 2 2 0 1 7411 7478 7413
14597 2 2 0 1 7479 7478 7413
14598 2 2 0 1 7413 7479 7414
14599 2 2 0 1 7480 7479 7414
14600 2 2 0 1 7414 7480 7415
14601 2 2 0 1 7481 7480 7415
14602 2 2 0 1 7415 7481 7416
14603 2 2 0 1 7482 7481 7416
14604 2 2 0 1 7416 7482 7417
14605 2 2 0 1 7483 7482 7417
14606 2 2 0 1 7417 7483 7418
14607 2 2 0 1 7484 7483 7418
14608 2 2 0 1 7418 7484 7419
14609 2 2 0 1 7485 7484 7419
14610 2 2 0 1 7419 7485 7420
14611 2 2 0 1 7486 7485 7420
14612 2 2 0 1 7420 7486 7421
14613 2 2 0 1 7487 7486 7421
14614 2 2 0 1 7421 7487 7422
14615 2 2 0 1 7488 7487 7422
14616 2 2 0 1 7422 7488 7423
14617 2 2 0 1 7489 7488 7423
14618 2 2 0 1 7423 7489 7424
14619 2 2 0 1 7490 7489 7424
14620 2 2 0 1 7424 7490 7425
14621 2 2 0 1 7491 7490 7425
14622 2 2 0 1 7425 7491 7426
14623 2 2 0 1 7492 7491 7426
14624 2 2 0 1 7426 7492 7427
14625 2 2 0 1 7493 7492 7427
14626 2 2 0 1 7427 7493 7428
14627 2 2 0 1 7494 7493 7428
14628 2 2 0 1 7428 7494 7429
14629 2 2 0 1 7495 7494 7429
14630 2 2 0 1 7429 7495 7430
14631 2 2 0 1 7496 7495 7430
14632 2 2 0 1 7430 7496 7431
14633 2 2 0 1 7497 7496 7431
14634 2 2 0 1 7431 7497 7432
14635 2 2 0 1 7498 7497 7432
14636 2 2 0 1 7432 7498 7433
14637 2 2 0 1 7499 7498 7433
14638 2 2 0 1 7433 7499 7434
14639 2 2 0 1 7435 7499 7434
14640 2 2 0 1 7499 7500 7435
14641 2 2 0 1 7436 7500 7435
14642 2 2 0 1 7500 7501 7436
14643 2 2 0 1 7437 7501 7436
14644 2 2 0 1 7501 7502 7437
14645 2 2 0 1 7438 7502 7437
14646 2 2 0 1 7502 7503 7438
14647 2 2 0 1 7439 7503 7438
14648 2 2 0 1 7503 7504 7439
14649 2 2 0 1 7440 7504 7439
14650 2 2 0 1 7504 7505 7440
14651 2 2 0 1 7441 7505 7440
14652 2 2 0 1 7505 7506 7441
14653 2 2 0 1 7442 7506 7441
14654 2 2 0 1 7506 7507 7442
14655 2 2 0 1 7443 7507 7442
14656 2 2 0 1 7507 7508 7443
14657 2 2 0 1 7444 7508 7443
14658 2 2 0 1 7508 7509 7444
14659 2 2 0 1 7445 7509 7444
14660 2 2 0 1 7509 7510 7445
14661 2 2 0 1 7511 7510 7445
14662 2 2 0 1 7445 7511 7446
14663 2 2 0 1 7512 7511 7446
14664 2 2 0 1 7446 7512 7447
14665 2 2 0 1 7513 7512 7447
14666 2 2 0 1 7447 7513 7448
14667 2 2 0 1 7514 7513 7448
14668 2 2 0 1 7448 7514 7449
14669 2 2 0 1 7515 7514 7449
14670 2 2 0 1 7449 7515 7450
14671 2 2 0 1 7516 7515 7450
14672 2 2 0 1 7450 7516 7451
14673 2 2 0 1 7517 7516 7451
14674 2 2 0 1 7451 7517 7452
14675 2 2 0 1 7518 7517 7452
14676 2 2 0 1 7452 7518 7453
14677 2 2 0 1 7519 7518 7453
14678 2 2 0 1 7453 7519 7454
14679 2 2 0 1 7520 7519 7454
14680 2 2 0 1 7454 7520 7455
14681 2 2 0 1 7521 7520 7455
14682 2 2 0 1 7455 7521 7456
14683 2 2 0 1 7522 7521 7456
14684 2 2 0 1 7456 7522 7457
14685 2 2 0 1 7523 7522 7457
14686 2 2 0 1 7457 7523 7458
14687 2 2 0 1 7524 7523 7458
14688 2 2 0 1 7458 7524 7459
14689 2 2 0 1 7525 7524 7459
14690 2 2 0 1 7459 7525 7460
14691 2 2 0 1 7526 7525 7460
14692 2 2 0 1 7460 7526 7461
14693 2 2 0 1 7527 7526 7461
14694 2 2 0 1 7461 7527 7462
14695 2 2 0 1 7528 7527 7462
14696 2 2 0 1 7462 7528 7463
14697 2 2 0 1 7529 7528 7463
14698 2 2 0 1 7463 7529 7464
14699 2 2 0 1 7530 7529 7464
14700 2 2 0 1 7464 7530 7465
14701 2 2 0 1 7531 7530 7465
14702 2 2 0 1 7465 7531 7466
14703 2 2 0 1 7532 7531 7466
14704 2 2 0 1 7466 7532 7467
14705 2 2 0 1 7533 7532 7467
14706 2 2 0 1 7467 7533 7468
14707 2 2 0 1 7534 7533 7468
14708 2 2 0 1 7468 7534 7469
14709 2 2 0 1 7535 7534 7469
14710 2 2 0 1 7469 7535 7470
14711 2 2 0 1 7536 7535 7470
14712 2 2 0 1 7470 7536 7471
14713 2 2 0 1 7537 7536 7471
14714 2 2 0 1 7471 7537 7472
14715 2 2 0 1 7538 7537 7472
14716 2 2 0 1 7472 7538 7473
14717 2 2 0 1 7539 7538 7473
14718 2 2 0 1 7473 7539 7474
14719 2 2 0 1 7540 7539 7474
14720 2 2 0 1 7474 7540 7475
14721 2 2 0 1 7541 7542 7477
14722 2 2 0 1 7477 7541 7476
14723 2 2 0 1 7543 7541 7476
14724 2 2 0 1 7476 7543 7478
14725 2 2 0 1 7544 7543 7478
14726 2 2 0 1 7478 7544 7479
14727 2 2 0 1 7545 7544 7479
14728 2 2 0 1 7479 7545 7480
14729 2 2 0 1 7546 7545 7480
14730 2 2 0 1 7480 7546 7481
14731 2 2 0 1 7547 7546 7481
14732 2 2 0 1 7481 7547 7482
14733 2 2 0 1 7548 7547 7482
14734 2 2 0 1 7482 7548 7483
14735 2 2 0 1 7549 7548 7483
14736 2 2 0 1 7483 7549 7484
14737 2 2 0 1 7550 7549 7484
14738 2 2 0 1 7484 7550 7485
14739 2 2 0 1 7551 7550 7485
14740 2 2 0 1 7485 7551 7486
14741 2 2 0 1 7552 7551 7486
14742 2 2 0 1 7486 7552 7487
14743 2 2 0 1 7553 7552 7487
14744 2 2 0 1 7487 7553 7488
14745 2 2 0 1 7554 7553 7488
14746 2 2 0 1 7488 7554 7489
14747 2 2 0 1 7555 7554 7489
14748 2 2 0 1 7489 7555 7490
14749 2 2 0 1 7556 7555 7490
14750 2 2 0 1 7490 7556 7491
14751 2 2 0 1 7557 7556 7491
14752 2 2 0 1 7491 7557 7492
14753 2 2 0 1 7558 7557 7492
14754 2 2 0 1 7492 7558 7493
14755 2 2 0 1 7559 7558 7493
14756 2 2 0 1 7493 7559 7494
14757 2 2 0 1 7560 7559 7494
14758 2 2 0 1 7494 7560 7495
14759 2 2 0 1 7561 7560 7495
14760 2 2 0 1 7495 7561 7496
14761 2 2 0 1 7562 7561 7496
14762 2 2 0 1 7496 7562 7497
14763 2 2 0 1 7563 7562 7497
14764 2 2 0 1 7497 7563 7498
14765 2 2 0 1 7564 7563 7498
14766 2 2 0 1 7498 7564 7499
14767 2 2 0 1 7500 7564 7499
14768 2 2 0 1 7564 7565 7500
14769 2 2 0 1 7501 7565 7500
14770 2 2 0 1 7565 7566 7501
14771 2 2 0 1 7502 7566 7501
14772 2 2 0 1 7566 7567 7502
14773 2 2 0 1 7503 7567 7502
14774 2 2 0 1 7567 7568 7503
14775 2 2 0 1 7504 7568 7503
14776 2 2 0 1 7568 7569 7504
14777 2 2 0 1 7505 7569 7504
14778 2 2 0 1 7569 7570 7505
14779 2 2 0 1 7506 7570 7505
14780 2 2 0 1 7570 7571 7506
14781 2 2 0 1 7507 7571 7506
14782 2 2 0 1 7571 7572 7507
14783 2 2 0 1 7508 7572 7507
14784 2 2 0 1 7572 7573 7508
14785 2 2 0 1 7509 7573 7508
14786 2 2 0 1 7573 7574 7509
14787 2 2 0 1 7510 7574 7509
14788 2 2 0 1 7574 7575 7510
14789 2 2 0 1 7576 7575 7510
14790 2 2 0 1 7510 7576 7511
14791 2 2 0 1 7577 7576 7511
14792 2 2 0 1 7511 7577 7512
14793 2 2 0 1 7578 7577 7512
14794 2 2 0 1 7512 7578 7513
14795 2 2 0 1 7579 7578 7513
14796 2 2 0 1 7513 7579 7514
14797 2 2 0 1 7580 7579 7514
14798 2 2 0 1 7514 7580 7515
14799 2 2 0 1 7581 7580 7515
14800 2 2 0 1 7515 7581 7516
14801 2 2 0 1 7582 7581 7516
14802 2 2 0 1 7516 7582 7517
14803 2 2 0 1 7583 7582 7517
14804 2 2 0 1 7517 7583 7518
14805 2 2 0 1 7584 7583 7518
14806 2 2 0 1 7518 7584 7519
14807 2 2 0 1 7585 7584 7519
14808 2 2 0 1 7519 7585 7520
14809 2 2 0 1 7586 7585 7520
14810 2 2 0 1 7520 7586 7521
14811 2 2 0 1 7587 7586 7521
14812 2 2 0 1 7521 7587 7522
14813 2 2 0 1 7588 7587 7522
14814 2 2 0 1 7522 7588 7523
14815 2 2 0 1 7589 7588 7523
14816 2 2 0 1 7523 7589 7524
14817 2 2 0 1 7590 7589 7524
14818 2 2 0 1 7524 7590 7525
14819 2 2 0 1 7591 7590 7525
14820 2 2 0 1 7525 7591 7526
14821 2 2 0 1 7592 7591 7526
14822 2 2 0 1 7526 7592 7527
14823 2 2 0 1 7593 7592 7527
14824 2 2 0 1 7527 7593 7528
14825 2 2 0 1 7594 7593 7528
14826 2 2 0 1 7528 7594 7529
14827 2 2 0 1 7595 7594 7529
14828 2 2 0 1 7529 7595 7530
14829 2 2 0 1 7596 7595 7530
14830 2 2 0 1 7530 7596 7531
14831 2 2 0 1 7597 7596 7531
14832 2 2 0 1 7531 7597 7532
14833 2 2 0 1 7598 7597 7532
14834 2 2 0 1 7532 7598 7533
14835 2 2 0 1 7599 7598 7533
14836 2 2 0 1 7533 7599 7534
14837 2 2 0 1 7600 7599 7534
14838 2 2 0 1 7534 7600 7535
14839 2 2 0 1 7601 7600 7535
14840 2 2 0 1 7535 7601 7536
14841 2 2 0 1 7602 7601 7536
14842 2 2 0 1 7536 7602 7537
14843 2 2 0 1 7603 7602 7537
14844 2 2 0 1 7537 7603 7538
14845 2 2 0 1 7604 7603 7538
14846 2 2 0 1 7538 7604 7539
14847 2 2 0 1 7605 7604 7539
14848 2 2 0 1 7539 7605 7540
14849 2 2 0 1 7606 7607 7542
14850 2 2 0 1 7542 7606 7541
14851 2 2 0 1 7608 7606 7541
14852 2 2 0 1 7541 7608 7543
14853 2 2 0 1 7609 7608 7543
14854 2 2 0 1 7543 7609 7544
14855 2 2 0 1 7610 7609 7544
14856 2 2 0 1 7544 7610 7545
14857 2 2 0 1 7611 7610 7545
14858 2 2 0 1 7545 7611 7546
14859 2 2 0 1 7612 7611 7546
14860 2 2 0 1 7546 7612 7547
14861 2 2 0 1 7613 7612 7547
14862 2 2 0 1 7547 7613 7548
14863 2 2 0 1 7614 7613 7548
14864 2 2 0 1 7548 7614 7549
14865 2 2 0 1 7615 7614 7549
14866 2 2 0 1 7549 7615 7550
14867 2 2 0 1 7616 7615 7550
14868 2 2 0 1 7550 7616 7551
14869 2 2 0 1 7617 7616 7551
14870 2 2 0 1 7551 7617 7552
14871 2 2 0 1 7618 7617 7552
14872 2 2 0 1 7552 7618 7553
14873 2 2 0 1 7619 7618 7553
14874 2 2 0 1 7553 7619 7554
14875 2 2 0 1 7620 7619 7554
14876 2 2 0 1 7554 7620 7555
14877 2 2 0 1 7621 7620 7555
14878 2 2 0 1 7555 7621 7556
14879 2 2 0 1 7622 7621 7556
14880 2 2 0 1 7556 7622 7557
14881 2 2 0 1 7623 7622 7557
14882 2 2 0 1 7557 7623 7558
14883 2 2 0 1 7624 7623 7558
14884 2 2 0 1 7558 7624 7559
14885 2 2 0 1 7625 7624 7559
14886 2 2 0 1 7559 7625 7560
14887 2 2 0 1 7626 7625 7560
14888 2 2 0 1 7560 7626 7561
14889 2 2 0 1 7627 7626 7561
14890 2 2 0 1 7561 7627 7562
14891 2 2 0 1 7628 7627 7562
14892 2 2 0 1 7562 7628 7563
14893 2 2 0 1 7629 7628 7563
14894 2 2 0 1 7563 7629 7564
14895 2 2 0 1 7565 7629 7564
14896 2 2 0 1 7629 7630 7565
14897 2 2 0 1 7566 7630 7565
14898 2 2 0 1 7630 7631 7566
14899 2 2 0 1 7567 7631 7566
14900 2 2 0 1 7631 7632 7567
14901 2 2 0 1 7568 7632 7567
14902 2 2 0 1 7632 7633 7568
14903 2 2 0 1 7569 7633 7568
14904 2 2 0 1 7633 7634 7569
14905 2 2 0 1 7570 7634 7569
14906 2 2 0 1 7634 7635 7570
14907 2 2 0 1 7571 7635 7570
14908 2 2 0 1 7635 7636 7571
14909 2 2 0 1 7572 7636 7571
14910 2 2 0 1 7636 7637 7572
14911 2 2 0 1 7573 7637 7572
14912 2 2 0 1 7637 7638 7573
14913 2 2 0 1 7574 7638 7573
14914 2 2 0 1 7638 7639 7574
14915 2 2 0 1 7575 7639 7574
14916 2 2 0 1 7639 7640 7575
14917 2 2 0 1 7641 7640 7575
14918 2 2 0 1 7575 7641 7576
14919 2 2 0 1 7642 7641 7576
14920 2 2 0 1 7576 7642 7577
14921 2 2 0 1 7643 7642 7577
14922 2 2 0 1 7577 7643 7578
14923 2 2 0 1 7644 7643 7578
14924 2 2 0 1 7578 7644 7579
14925 2 2 0 1 7645 7644 7579
14926 2 2 0 1 7579 7645 7580
14927 2 2 0 1 7646 7645 7580
14928 2 2 0 1 7580 7646 7581
14929 2 2 0 1 7647 7646 7581
14930 2 2 0 1 7581 7647 7582
14931 2 2 0 1 7648 7647 7582
14932 2 2 0 1 7582 7648 7583
14933 2 2 0 1 7649 7648 7583
14934 2 2 0 1 7583 7649 7584
14935 2 2 0 1 7650 7649 7584
14936 2 2 0 1 7584 7650 7585
14937 2 2 0 1 7651 7650 7585
14938 2 2 0 1 7585 7651 7586
14939 2 2 0 1 7652 7651 7586
14940 2 2 0 1 7586 7652 7587
14941 2 2 0 1 7653 7652 7587
14942 2 2 0 1 7587 7653 7588
14943 2 2 0 1 7654 7653 7588
14944 2 2 0 1 7588 7654 7589
14945 2 2 0 1 7655 7654 7589
14946 2 2 0 1 7589 7655 7590
14947 2 2 0 1 7656 7655 7590
14948 2 2 0 1 7590 7656 7591
14949 2 2 0 1 7657 7656 7591
14950 2 2 0 1 7591 7657 7592
14951 2 2 0 1 7658 7657 7592
14952 2 2 0 1 7592 7658 7593
14953 2 2 0 1 7659 7658 7593
14954 2 2 0 1 7593 7659 7594
14955 2 2 0 1 7660 7659 7594
14956 2 2 0 1 7594 7660 7595
14957 2 2 0 1 7661 7660 7595
14958 2 2 0 1 7595 7661 7596
14959 2 2 0 1 7662 7661 7596
14960 2 2 0 1 7596 7662 7597
14961 2 2 0 1 7663 7662 7597
14962 2 2 0 1 7597 7663 7598
14963 2 2 0 1 7664 7663 7598
14964 2 2 0 1 7598 7664 7599
14965 2 2 0 1 7665 7664 7599
14966 2 2 0 1 7599 7665 7600
14967 2 2 0 1 7666 7665 7600
14968 2 2 0 1 7600 7666 7601
14969 2 2 0 1 7667 7666 7601
14970 2 2 0 1 7601 7667 7602
14971 2 2 0 1 7668 7667 7602
14972 2 2 0 1 7602 7668 7603
14973 2 2 0 1 7669 7668 7603
14974 2 2 0 1 7603 7669 7604
14975 2 2 0 1 7670 7669 7604
14976 2 2 0 1 7604 7670 7605
14977 2 2 0 1 7671 7672 7607
14978 2 2 0 1 7607 7671 7606
14979 2 2 0 1 7673 7671 7606
14980 2 2 0 1 7606 7673 7608
14981 2 2 0 1 7674 7673 7608
14982 2 2 0 1 7608 7674 7609
14983 2 2 0 1 7675 7674 7609
14984 2 2 0 1 7609 7675 7610
14985 2 2 0 1 7676 7675 7610
14986 2 2 0 1 7610 7676 7611
14987 2 2 0 1 7677 7676 7611
14988 2 2 0 1 7611 7677 7612
14989 2 2 0 1 7678 7677 7612
14990 2 2 0 1 7612 7678 7613
14991 2 2 0 1 7679 7678 7613
14992 2 2 0 1 7613 7679 7614
14993 2 2 0 1 7680 7679 7614
14994 2 2 0 1 7614 7680 7615
14995 2 2 0 1 7681 7680 7615
14996 2 2 0 1 7615 7681 7616
14997 2 2 0 1 7682 7681 7616
14998 2 2 0 1 7616 7682 7617
14999 2 2 0 1 7683 7682 7617
15000 2 2 0 1 7617 7683 7618
15001 2 2 0 1 7684 7683 7618
15002 2 2 0 1 7618 7684 7619
15003 2 2 0 1 7685 7684 7619
15004 2 2 0 1 7619 7685 7620
15005 2 2 0 1 7686 7685 7620
15006 2 2 0 1 7620 7686 7621
15007 2 2 0 1 7687 7686 7621
15008 2 2 0 1 7621 7687 7622
15009 2 2 0 1 7688 7687 7622
15010 2 2 0 1 7622 7688 7623
15011 2 2 0 1 7689 7688 7623
15012 2 2 0 1 7623 7689 7624
15013 2 2 0 1 7690 7689 7624
15014 2 2 0 1 7624 7690 7625
15015 2 2 0 1 7691 7690 7625
15016 2 2 0 1 7625 7691 7626
15017 2 2 0 1 7692 7691 7626
15018 2 2 0 1 7626 7692 7627
15019 2 2 0 1 7693 7692 7627
15020 2 2 0 1 7627 7693 7628
15021 2 2 0 1 7694 7693 7628
15022 2 2 0 1 7628 7694 7629
15023 2 2 0 1 7630 7694 7629
15024 2 2 0 1 7694 7695 7630
15025 2 2 0 1 7631 7695 7630
15026 2 2 0 1 7695 7696 7631
15027 2 2 0 1 7632 7696 7631
15028 2 2 0 1 7696 7697 7632
15029 2 2 0 1 7633 7697 7632
15030 2 2 0 1 7697 7698 7633
15031 2 2 0 1 7634 7698 7633
15032 2 2 0 1 7698 7699 7634
15033 2 2 0 1 7635 7699 7634
15034 2 2 0 1 7699 7700 7635
15035 2 2 0 1 7636 7700 7635
15036 2 2 0 1 7700 7701 7636
15037 2 2 0 1 7637 7701 7636
15038 2 2 0 1 7701 7702 7637
15039 2 2 0 1 7638 7702 7637
15040 2 2 0 1 7702 7703 7638
15041 2 2 0 1 7639 7703 7638
15042 2 2 0 1 7703 7704 7639
15043 2 2 0 1 7640 7704 7639
15044 2 2 0 1 7704 7705 7640
15045 2 2 0 1 7706 7705 7640
15046 2 2 0 1 7640 7706 7641
15047 2 2 0 1 7707 7706 7641
15048 2 2 0 1 7641 7707 7642
15049 2 2 0 1 7708 7707 7642
15050 2 2 0 1 7642 7708 7643
15051 2 2 0 1 7709 7708 7643
15052 2 2 0 1 7643 7709 7644
15053 2 2 0 1 7710 7709 7644
15054 2 2 0 1 7644 7710 7645
15055 2 2 0 1 7711 7710 7645
15056 2 2 0 1 7645 7711 7646
15057 2 2 0 1 7712 7711 7646
15058 2 2 0 1 7646 7712 7647
15059 2 2 0 1 7713 7712 7647
15060 2 2 0 1 7647 7713 7648
15061 2 2 0 1 7714 7713 7648
15062 2 2 0 1 7648 7714 7649
15063 2 2 0 1 7715 7714 7649
15064 2 2 0 1 7649 7715 7650
15065 2 2 0 1 7716 7715 7650
15066 2 2 0 1 7650 7716 7651
15067 2 2 0 1 7717 7716 7651
15068 2 2 0 1 7651 7717 7652
15069 2 2 0 1 7718 7717 7652
15070 2 2 0 1 7652 7718 7653
15071 2 2 0 1 7719 7718 7653
15072 2 2 0 1 7653 7719 7654
15073 2 2 0 1 7720 7719 7654
15074 2 2 0 1 7654 7720 7655
15075 2 2 0 1 7721 7720 7655
15076 2 2 0 1 7655 7721 7656
15077 2 2 0 1 7722 7721 7656
15078 2 2 0 1 7656 7722 7657
15079 2 2 0 1 7723 7722 7657
15080 2 2 0 1 7657 7723 7658
15081 2 2 0 1 7724 7723 7658
15082 2 2 0 1 7658 7724 7659
15083 2 2 0 1 7725 7724 7659
15084 2 2 0 1 7659 7725 7660
15085 2 2 0 1 7726 7725 7660
15086 2 2 0 1 7660 7726 7661
15087 2 2 0 1 7727 7726 7661
15088 2 2 0 1 7661 7727 7662
15089 2 2 0 1 7728 7727 7662
15090 2 2 0 1 7662 7728 7663
15091 2 2 0 1 7729 7728 7663
15092 2 2 0 1 7663 7729 7664
15093 2 2 0 1 7730 7729 7664
15094 2 2 0 1 7664 7730 7665
15095 2 2 0 1 7731 7730 7665
15096 2 2 0 1 7665 7731 7666
15097 2 2 0 1 7732 7731 7666
15098 2 2 0 1 7666 7732 7667
15099 2 2 0 1 7733 7732 7667
15100 2 2 0 1 7667 7733 7668
15101 2 2 0 1 7734 7733 7668
15102 2 2 0 1 7668 7734 7669
15103 2 2 0 1 7735 7734 7669
15104 2 2 0 1 7669 7735 7670
15105 2 2 0 1 7736 7737 7672
15106 2 2 0 1 7672 7736 7671
15107 2 2 0 1 7738 7736 7671
15108 2 2 0 1 7671 7738 7673
15109 2 2 0 1 7739 7738 7673
15110 2 2 0 1 7673 7739 7674
15111 2 2 0 1 7740 7739 7674
15112 2 2 0 1 7674 7740 7675
15113 2 2 0 1 7741 7740 7675
15114 2 2 0 1 7675 7741 7676
15115 2 2 0 1 7742 7741 7676
15116 2 2 0 1 7676 7742 7677
15117 2 2 0 1 7743 7742 7677
15118 2 2 0 1 7677 7743 7678
15119 2 2 0 1 7744 7743 7678
15120 2 2 0 1 7678 7744 7679
15121 2 2 0 1 7745 7744 7679
15122 2 2 0 1 7679 7745 7680
15123 2 2 0 1 7746 7745 7680
15124 2 2 0 1 7680 7746 7681
15125 2 2 0 1 7747 7746 7681
15126 2 2 0 1 7681 7747 7682
15127 2 2 0 1 7748 7747 7682
15128 2 2 0 1 7682 7748 7683
15129 2 2 0 1 7749 7748 7683
15130 2 2 0 1 7683 7749 7684
15131 2 2 0 1 7750 7749 7684
15132 2 2 0 1 7684 7750 7685
15133 2 2 0 1 7751 7750 7685
15134 2 2 0 1 7685 7751 7686
15135 2 2 0 1 7752 7751 7686
15136 2 2 0 1 7686 7752 7687
15137 2 2 0 1 7753 7752 7687
15138 2 2 0 1 7687 7753 7688
15139 2 2 0 1 7754 7753 7688
15140 2 2 0 1 7688 7754 7689
15141 2 2 0 1 7755 7754 7689
15142 2 2 0 1 7689 7755 7690
15143 2 2 0 1 7756 7755 7690
15144 2 2 0 1 7690 7756 7691
15145 2 2 0 1 7757 7756 7691
15146 2 2 0 1 7691 7757 7692
15147 2 2 0 1 7758 7757 7692
15148 2 2 0 1 7692 7758 7693
15149 2 2 0 1 7759 7758 7693
15150 2 2 0 1 7693 7759 7694
15151 2 2 0 1 7695 7759 7694
15152 2 2 0 1 7759 7760 7695
15153 2 2 0 1 7696 7760 7695
15154 2 2 0 1 7760 7761 7696
15155 2 2 0 1 7697 7761 7696
15156 2 2 0 1 7761 7762 7697
15157 2 2 0 1 7698 7762 7697
15158 2 2 0 1 7762 7763 7698
15159 2 2 0 1 7699 7763 7698
15160 2 2 0 1 7763 7764 7699
15161 2 2 0 1 7700 7764 7699
15162 2 2 0 1 7764 7765 7700
15163 2 2 0 1 7701 7765 7700
15164 2 2 0 1 7765 7766 7701
15165 2 2 0 1 7702 7766 7701
15166 2 2 0 1 7766 7767 7702
15167 2 2 0 1 7703 7767 7702
15168 2 2 0 1 7767 7768 7703
15169 2 2 0 1 7704 7768 7703
15170 2 2 0 1 7768 7769 7704
15171 2 2 0 1 7705 7769 7704
15172 2 2 0 1 7769 7770 7705
15173 2 2 0 1 7771 7770 7705
15174 2 2 0 1 7705 7771 7706
15175 2 2 0 1 7772 7771 7706
15176 2 2 0 1 7706 7772 7707
15177 2 2 0 1 7773 7772 7707
15178 2 2 0 1 7707 7773 7708
15179 2 2 0 1 7774 7773 7708
15180 2 2 0 1 7708 7774 7709
15181 2 2 0 1 7775 7774 7709
15182 2 2 0 1 7709 7775 7710
15183 2 2 0 1 7776 7775 7710
15184 2 2 0 1 7710 7776 7711
15185 2 2 0 1 7777 7776 7711
15186 2 2 0 1 7711 7777 7712
15187 2 2 0 1 7778 7777 7712
15188 2 2 0 1 7712 7778 7713
15189 2 2 0 1 7779 7778 7713
15190 2 2 0 1 7713 7779 7714
15191 2 2 0 1 7780 7779 7714
15192 2 2 0 1 7714 7780 7715
15193 2 2 0 1 7781 7780 7715
15194 2 2 0 1 7715 7781 7716
15195 2 2 0 1 7782 7781 7716
15196 2 2 0 1 7716 7782 7717
15197 2 2 0 1 7783 7782 7717
15198 2 2 0 1 7717 7783 7718
15199 2 2 0 1 7784 7783 7718
15200 2 2 0 1 7718 7784 7719
15201 2 2 0 1 7785 7784 7719
15202 2 2 0 1 7719 7785 7720
15203 2 2 0 1 7786 7785 7720
15204 2 2 0 1 7720 7786 7721
15205 2 2 0 1 7787 7786 7721
15206 2 2 0 1 7721 7787 7722
15207 2 2 0 1 7788 7787 7722
15208 2 2 0 1 7722 7788 7723
15209 2 2 0 1 7789 7788 7723
15210 2 2 0 1 7723 7789 7724
15211 2 2 0 1 7790 7789 7724
15212 2 2 0 1 7724 7790 7725
15213 2 2 0 1 7791 7790 7725
15214 2 2 0 1 7725 7791 7726
15215 2 2 0 1 7792 7791 7726
15216 2 2 0 1 7726 7792 7727
15217 2 2 0 1 7793 7792 7727
15218 2 2 0 1 7727 7793 7728
15219 2 2 0 1 7794 7793 7728
15220 2 2 0 1 7728 7794 7729
15221 2 2 0 1 7795 7794 7729
15222 2 2 0 1 7729 7795 7730
15223 2 2 0 1 7796 7795 7730
15224 2 2 0 1 7730 7796 7731
15225 2 2 0 1 7797 7796 7731
15226 2 2 0 1 7731 7797 7732
15227 2 2 0 1 7798 7797 7732
15228 2 2 0 1 7732 7798 7733
15229 2 2 0 1 7799 7798 7733
15230 2 2 0 1 7733 7799 7734
15231 2 2 0 1 7800 7799 7734
15232 2 2 0 1 7734 7800 7735
15233 2 2 0 1 7801 7802 7737
15234 2 2 0 1 7737 7801 7736
15235 2 2 0 1 7803 7801 7736
15236 2 2 0 1 7736 7803 7738
15237 2 2 0 1 7804 7803 7738
15238 2 2 0 1 7738 7804 7739
15239 2 2 0 1 7805 7804 7739
15240 2 2 0 1 7739 7805 7740
15241 2 2 0 1 7806 7805 7740
15242 2 2 0 1 7740 7806 7741
15243 2 2 0 1 7807 7806 7741
15244 2 2 0 1 7741 7807 7742
15245 2 2 0 1 7808 7807 7742
15246 2 2 0 1 7742 7808 7743
15247 2 2 0 1 7809 7808 7743
15248 2 2 0 1 7743 7809 7744
15249 2 2 0 1 7810 7809 7744
15250 2 2 0 1 7744 7810 7745
15251 2 2 0 1 7811 7810 7745
15252 2 2 0 1 7745 7811 7746
15253 2 2 0 1 7812 7811 7746
15254 2 2 0 1 7746 7812 7747
15255 2 2 0 1 7813 7812 7747
15256 2 2 0 1 7747 7813 7748
15257 2 2 0 1 7814 7813 7748
15258 2 2 0 1 7748 7814 7749
15259 2 2 0 1 7815 7814 7749
15260 2 2 0 1 7749 7815 7750
15261 2 2 0 1 7816 7815 7750
15262 2 2 0 1 7750 7816 7751
15263 2 2 0 1 7817 7816 7751
15264 2 2 0 1 7751 7817 7752
15265 2 2 0 1 7818 7817 7752
15266 2 2 0 1 7752 7818 7753
15267 2 2 0 1 7819 7818 7753
15268 2 2 0 1 7753 7819 7754
15269 2 2 0 1 7820 7819 7754
15270 2 2 0 1 7754 7820 7755
15271 2 2 0 1 7821 7820 7755
15272 2 2 0 1 7755 7821 7756
15273 2 2 0 1 7822 7821 7756
15274 2 2 0 1 7756 7822 7757
15275 2 2 0 1 7823 7822 7757
15276 2 2 0 1 7757 7823 7758
15277 2 2 0 1 7824 7823 7758
15278 2 2 0 1 7758 7824 7759
15279 2 2 0 1 7760 7824 7759
15280 2 2 0 1 7824 7825 7760
15281 2 2 0 1 7761 7825 7760
15282 2 2 0 1 7825 7826 7761
15283 2 2 0 1 7762 7826 7761
15284 2 2 0 1 7826 7827 7762
15285 2 2 0 1 7763 7827 7762
15286 2 2 0 1 7827 7828 7763
15287 2 2 0 1 7764 7828 7763
15288 2 2 0 1 7828 7829 7764
15289 2 2 0 1 7765 7829 7764
15290 2 2 0 1 7829 7830 7765
15291 2 2 0 1 7766 7830 7765
15292 2 2 0 1 7830 7831 7766
15293 2 2 0 1 7767 7831 7766
15294 2 2 0 1 7831 7832 7767
15295 2 2 0 1 7768 7832 7767
15296 2 2 0 1 7832 7833 7768
15297 2 2 0 1 7769 7833 7768
15298 2 2 0 1 7833 7834 7769
15299 2 2 0 1 7770 7834 7769
15300 2 2 0 1 7834 7835 7770
15301 2 2 0 1 7836 7835 7770
15302 2 2 0 1 7770 7836 7771
15303 2 2 0 1 7837 7836 7771
15304 2 2 0 1 7771 7837 7772
15305 2 2 0 1 7838 7837 7772
15306 2 2 0 1 7772 7838 7773
15307 2 2 0 1 7839 7838 7773
15308 2 2 0 1 7773 7839 7774
15309 2 2 0 1 7840 7839 7774
15310 2 2 0 1 7774 7840 7775
15311 2 2 0 1 7841 7840 7775
15312 2 2 0 1 7775 7841 7776
15313 2 2 0 1 7842 7841 7776
15314 2 2 0 1 7776 7842 7777
15315 2 2 0 1 7843 7842 7777
15316 2 2 0 1 7777 7843 7778
15317 2 2 0 1 7844 7843 7778
15318 2 2 0 1 7778 7844 7779
15319 2 2 0 1 7845 7844 7779
15320 2 2 0 1 7779 7845 7780
15321 2 2 0 1 7846 7845 7780
15322 2 2 0 1 7780 7846 7781
15323 2 2 0 1 7847 7846 7781
15324 2 2 0 1 7781 7847 7782
15325 2 2 0 1 7848 7847 7782
15326 2 2 0 1 7782 7848 7783
15327 2 2 0 1 7849 7848 7783
15328 2 2 0 1 7783 7849 7784
15329 2 2 0 1 7850 7849 7784
15330 2 2 0 1 7784 7850 7785
15331 2 2 0 1 7851 7850 7785
15332 2 2 0 1 7785 7851 7786
15333 2 2 0 1 7852 7851 7786
15334 2 2 0 1 7786 7852 7787
15335 2 2 0 1 7853 7852 7787
15336 2 2 0 1 7787 7853 7788
15337 2 2 0 1 7854 7853 7788
15338 2 2 0 1 7788 7854 7789
15339 2 2 0 1 7855 7854 7789
15340 2 2 0 1 7789 7855 7790
15341 2 2 0 1 7856 7855 7790
15342 2 2 0 1 7790 7856 7791
15343 2 2 0 1 7857 7856 7791
15344 2 2 0 1 7791 7857 7792
15345 2 2 0 1 7858 7857 7792
15346 2 2 0 1 7792 7858 7793
15347 2 2 0 1 7859 7858 7793
15348 2 2 0 1 7793 7859 7794
15349 2 2 0 1 7860 7859 7794
15350 2 2 0 1 7794 7860 7795
15351 2 2 0 1 7861 7860 7795
15352 2 2 0 1 7795 7861 7796
15353 2 2 0 1 7862 7861 7796
15354 2 2 0 1 7796 7862 7797
15355 2 2 0 1 7863 7862 7797
15356 2 2 0 1 7797 7863 7798
15357 2 2 0 1 7864 7863 7798
15358 2 2 0 1 7798 7864 7799
15359 2 2 0 1 7865 7864 7799
15360 2 2 0 1 7799 7865 7800
15361 2 2 0 1 7866 7867 7802
15362 2 2 0 1 7802 7866 7801
15363 2 2 0 1 7868 7866 7801
15364 2 2 0 1 7801 7868 7803
15365 2 2 0 1 7869 7868 7803
15366 2 2 0 1 7803 7869 7804
15367 2 2 0 1 7870 7869 7804
15368 2 2 0 1 7804 7870 7805
15369 2 2 0 1 7871 7870 7805
15370 2 2 0 1 7805 7871 7806
15371 2 2 0 1 7872 7871 7806
15372 2 2 0 1 7806 7872 7807
15373 2 2 0 1 7873 7872 7807
15374 2 2 0 1 7807 7873 7808
15375 2 2 0 1 7874 7873 7808
15376 2 2 0 1 7808 7874 7809
15377 2 2 0 1 7875 7874 7809
15378 2 2 0 1 7809 7875 7810
15379 2 2 0 1 7876 7875 7810
15380 2 2 0 1 7810 7876 7811
15381 2 2 0 1 7877 7876 7811
15382 2 2 0 1 7811 7877 7812
15383 2 2 0 1 7878 7877 7812
15384 2 2 0 1 7812 7878 7813
15385 2 2 0 1 7879 7878 7813
15386 2 2 0 1 7813 7879 7814
15387 2 2 0 1 7880 7879 7814
15388 2 2 0 1 7814 7880 7815
15389 2 2 0 1 7881 7880 7815
15390 2 2 0 1 7815 7881 7816
15391 2 2 0 1 7882 7881 7816
15392 2 2 0 1 7816 7882 7817
15393 2 2 0 1 7883 7882 7817
15394 2 2 0 1 7817 7883 7818
15395 2 2 0 1 7884 7883 7818
15396 2 2 0 1 7818 7884 7819
15397 2 2 0 1 7885 7884 7819
15398 2 2 0 1 7819 7885 7820
15399 2 2 0 1 7886 7885 7820
15400 2 2 0 1 7820 7886 7821
15401 2 2 0 1 7887 7886 7821
15402 2 2 0 1 7821 7887 7822
15403 2 2 0 1 7888 7887 7822
15404 2 2 0 1 7822 7888 7823
15405 2 2 0 1 7889 7888 7823
15406 2 2 0 1 7823 7889 7824
15407 2 2 0 1 7825 7889 7824
15408 2 2 0 1 7889 7890 7825
15409 2 2 0 1 7826 7890 7825
15410 2 2 0 1 7890 7891 7826
15411 2 2 0 1 7827 7891 7826
15412 2 2 0 1 7891 7892 7827
15413 2 2 0 1 7828 7892 7827
15414 2 2 0 1 7892 7893 7828
15415 2 2 0 1 7829 7893 7828
15416 2 2 0 1 7893 7894 7829
15417 2 2 0 1 7830 7894 7829
15418 2 2 0 1 7894 7895 7830
15419 2 2 0 1 7831 7895 7830
15420 2 2 0 1 7895 7896 7831
15421 2 2 0 1 7832 7896 7831
15422 2 2 0 1 7896 7897 7832
15423 2 2 0 1 7833 7897 7832
15424 2 2 0 1 7897 7898 7833
15425 2 2 0 1 7834 7898 7833
15426 2 2 0 1 7898 7899 7834
15427 2 2 0 1 7835 7899 7834
15428 2 2 0 1 7899 7900 7835
15429 2 2 0 1 7901 7900 7835
15430 2 2 0 1 7835 7901 7836
15431 2 2 0 1 7902 7901 7836
15432 2 2 0 1 7836 7902 7837
15433 2 2 0 1 7903 7902 7837
15434 2 2 0 1 7837 7903 7838
15435 2 2 0 1 7904 7903 7838
15436 2 2 0 1 7838 7904 7839
15437 2 2 0 1 7905 7904 7839
15438 2 2 0 1 7839 7905 7840
15439 2 2 0 1 7906 7905 7840
15440 2 2 0 1 7840 7906 7841
15441 2 2 0 1 7907 7906 7841
15442 2 2 0 1 7841 7907 7842
15443 2 2 0 1 7908 7907 7842
15444 2 2 0 1 7842 7908 7843
15445 2 2 0 1 7909 7908 7843
15446 2 2 0 1 7843 7909 7844
15447 2 2 0 1 7910 7909 7844
15448 2 2 0 1 7844 7910 7845
15449 2 2 0 1 7911 7910 7845
15450 2 2 0 1 7845 7911 7846
15451 2 2 0 1 7912 7911 7846
15452 2 2 0 1 7846 7912 7847
15453 2 2 0 1 7913 7912 7847
15454 2 2 0 1 7847 7913 7848
15455 2 2 0 1 7914 7913 7848
15456 2 2 0 1 7848 7914 7849
15457 2 2 0 1 7915 7914 7849
15458 2 2 0 1 7849 7915 7850
15459 2 2 0 1 7916 7915 7850
15460 2 2 0 1 7850 7916 7851
15461 2 2 0 1 7917 7916 7851
15462 2 2 0 1 7851 7917 7852
15463 2 2 0 1 7918 7917 7852
15464 2 2 0 1 7852 7918 7853
15465 2 2 0 1 7919 7918 7853
15466 2 2 0 1 7853 7919 7854
15467 2 2 0 1 7920 7919 7854
15468 2 2 0 1 7854 7920 7855
15469 2 2 0 1 7921 7920 7855
15470 2 2 0 1 7855 7921 7856
15471 2 2 0 1 7922 7921 7856
15472 2 2 0 1 7856 7922 7857
15473 2 2 0 1 7923 7922 7857
15474 2 2 0 1 7857 7923 7858
15475 2 2 0 1 7924 7923 7858
15476 2 2 0 1 7858 7924 7859
15477 2 2 0 1 7925 7924 7859
15478 2 2 0 1 7859 7925 7860
15479 2 2 0 1 7926 7925 7860
15480 2 2 0 1 7860 7926 7861
15481 2 2 0 1 7927 7926 7861
15482 2 2 0 1 7861 7927 7862
15483 2 2 0 1 7928 7927 7862
15484 2 2 0 1 7862 7928 7863
15485 2 2 0 1 7929 7928 7863
15486 2 2 0 1 7863 7929 7864
15487 2 2 0 1 7930 7929 7864
15488 2 2 0 1 7864 7930 7865
15489 2 2 0 1 7931 7932 7867
15490 2 2 0 1 7867 7931 7866
15491 2 2 0 1 7933 7931 7866
15492 2 2 0 1 7866 7933 7868
15493 2 2 0 1 7934 7933 7868
15494 2 2 0 1 7868 7934 7869
15495 2 2 0 1 7935 7934 7869
15496 2 2 0 1 7869 7935 7870
15497 2 2 0 1 7936 7935 7870
15498 2 2 0 1 7870 7936 7871
15499 2 2 0 1 7937 7936 7871
15500 2 2 0 1 7871 7937 7872
15501 2 2 0 1 7938 7937 7872
15502 2 2 0 1 7872 7938 7873
15503 2 2 0 1 7939 7938 7873
15504 2 2 0 1 7873 7939 7874
15505 2 2 0 1 7940 7939 7874
15506 2 2 0 1 7874 7940 7875
15507 2 2 0 1 7941 7940 7875
15508 2 2 0 1 7875 7941 7876
15509 2 2 0 1 7942 7941 7876
15510 2 2 0 1 7876 7942 7877
15511 2 2 0 1 7943 7942 7877
15512 2 2 0 1 7877 7943 7878
15513 2 2 0 1 7944 7943 7878
15514 2 2 0 1 7878 7944 7879
15515 2 2 0 1 7945 7944 7879
15516 2 2 0 1 7879 7945 7880
15517 2 2 0 1 7946 7945 7880
15518 2 2 0 1 7880 7946 7881
15519 2 2 0 1 7947 7946 7881
15520 2 2 0 1 7881 7947 7882
15521 2 2 0 1 7948 7947 7882
15522 2 2 0 1 7882 7948 7883
15523 2 2 0 1 7949 7948 7883
15524 2 2 0 1 7883 7949 7884
15525 2 2 0 1 7950 7949 7884
15526 2 2 0 1 7884 7950 7885
15527 2 2 0 1 7951 7950 7885
15528 2 2 0 1 7885 7951 7886
15529 2 2 0 1 7952 7951 7886
15530 2 2 0 1 7886 7952 7887
15531 2 2 0 1 7953 7952 7887
15532 2 2 0 1 7887 7953 7888
15533 2 2 0 1 7954 7953 7888
15534 2 2 0 1 7888 7954 7889
15535 2 2 0 1 7890 7954 7889
15536 2 2 0 1 7954 7955 7890
15537 2 2 0 1 7891 7955 7890
15538 2 2 0 1 7955 7956 7891
15539 2 2 0 1 7892 7956 7891
15540 2 2 0 1 7956 7957 7892
15541 2 2 0 1 7893 7957 7892
15542 2 2 0 1 7957 7958 7893
15543 2 2 0 1 7894 7958 7893
15544 2 2 0 1 7958 7959 7894
15545 2 2 0 1 7895 7959 7894
15546 2 2 0 1 7959 7960 7895
15547 2 2 0 1 7896 7960 7895
15548 2 2 0 1 7960 7961 7896
15549 2 2 0 1 7897 7961 7896
15550 2 2 0 1 7961 7962 7897
15551 2 2 0 1 7898 7962 7897
15552 2 2 0 1 7962 7963 7898
15553 2 2 0 1 7899 7963 7898
15554 2 2 0 1 7963 7964 7899
15555 2 2 0 1 7900 7964 7899
15556 2 2 0 1 7964 7965 7900
15557 2 2 0 1 7966 7965 7900
15558 2 2 0 1 7900 7966 7901
15559 2 2 0 1 7967 7966 7901
15560 2 2 0 1 7901 7967 7902
15561 2 2 0 1 7968 7967 7902
15562 2 2 0 1 7902 7968 7903
15563 2 2 0 1 7969 7968 7903
15564 2 2 0 1 7903 7969 7904
15565 2 2 0 1 7970 7969 7904
15566 2 2 0 1 7904 7970 7905
15567 2 2 0 1 7971 7970 7905
15568 2 2 0 1 7905 7971 7906
15569 2 2 0 1 7972 7971 7906
15570 2 2 0 1 7906 7972 7907
15571 2 2 0 1 7973 7972 7907
15572 2 2 0 1 7907 7973 7908
15573 2 2 0 1 7974 7973 7908
15574 2 2 0 1 7908 7974 7909
15575 2 2 0 1 7975 7974 7909
15576 2 2 0 1 7909 7975 7910
15577 2 2 0 1 7976 7975 7910
15578 2 2 0 1 7910 7976 7911
15579 2 2 0 1 7977 7976 7911
15580 2 2 0 1 7911 7977 7912
15581 2 2 0 1 7978 7977 7912
15582 2 2 0 1 7912 7978 7913
15583 2 2 0 1 7979 7978 7913
15584 2 2 0 1 7913 7979 7914
15585 2 2 0 1 7980 7979 7914
15586 2 2 0 1 7914 7980 7915
15587 2 2 0 1 7981 7980 7915
15588 2 2 0 1 7915 7981 7916
15589 2 2 0 1 7982 7981 7916
15590 2 2 0 1 7916 7982 7917
15591 2 2 0 1 7983 7982 7917
15592 2 2 0 1 7917 7983 7918
15593 2 2 0 1 7984 7983 7918
15594 2 2 0 1 7918 7984 7919
15595 2 2 0 1 7985 7984 7919
15596 2 2 0 1 7919 7985 7920
15597 2 2 0 1 7986 7985 7920
15598 2 2 0 1 7920 7986 7921
15599 2 2 0 1 7987 7986 7921
15600 2 2 0 1 7921 7987 7922
15601 2 2 0 1 7988 7987 7922
15602 2 2 0 1 7922 7988 7923
15603 2 2 0 1 7989 7988 7923
15604 2 2 0 1 7923 7989 7924
15605 2 2 0 1 7990 7989 7924
15606 2 2 0 1 7924 7990 7925
15607 2 2 0 1 7991 7990 7925
15608 2 2 0 1 7925 7991 7926
15609 2 2 0 1 7992 7991 7926
15610 2 2 0 1 7926 7992 7927
15611 2 2 0 1 7993 7992 7927
15612 2 2 0 1 7927 7993 7928
15613 2 2 0 1 7994 7993 7928
15614 2 2 0 1 7928 7994 7929
15615 2 2 0 1 7995 7994 7929
15616 2 2 0 1 7929 7995 7930
15617 2 2 0 1 7996 7997 7932
15618 2 2 0 1 7932 7996 7931
15619 2 2 0 1 7998 7996 7931
15620 2 2 0 1 7931 7998 7933
15621 2 2 0 1 7999 7998 7933
15622 2 2 0 1 7933 7999 7934
15623 2 2 0 1 8000 7999 7934
15624 2 2 0 1 7934 8000 7935
15625 2 2 0 1 8001 8000 7935
15626 2 2 0 1 7935 8001 7936
15627 2 2 0 1 8002 8001 7936
15628 2 2 0 1 7936 8002 7937
15629 2 2 0 1 8003 8002 7937
15630 2 2 0 1 7937 8003 7938
15631 2 2 0 1 8004 8003 7938
15632 2 2 0 1 7938 8004 7939
15633 2 2 0 1 8005 8004 7939
15634 2 2 0 1 7939 8005 7940
15635 2 2 0 1 8006 8005 7940
15636 2 2 0 1 7940 8006 7941
15637 2 2 0 1 8007 8006 7941
15638 2 2 0 1 7941 8007 7942
15639 2 2 0 1 8008 8007 7942
15640 2 2 0 1 7942 8008 7943
15641 2 2 0 1 8009 8008 7943
15642 2 2 0 1 7943 8009 7944
15643 2 2 0 1 8010 8009 7944
15644 2 2 0 1 7944 8010 7945
15645 2 2 0 1 8011 8010 7945
15646 2 2 0 1 7945 8011 7946
15647 2 2 0 1 8012 8011 7946
15648 2 2 0 1 7946 8012 7947
15649 2 2 0 1 8013 8012 7947
15650 2 2 0 1 7947 8013 7948
15651 2 2 0 1 8014 8013 7948
15652 2 2 0 1 7948 8014 7949
15653 2 2 0 1 8015 8014 7949
15654 2 2 0 1 7949 8015 7950
15655 2 2 0 1 8016 8015 7950
15656 2 2 0 1 7950 8016 7951
15657 2 2 0 1 8017 8016 7951
15658 2 2 0 1 7951 8017 7952
15659 2 2 0 1 8018 8017 7952
15660 2 2 0 1 7952 8018 7953
15661 2 2 0 1 8019 8018 7953
15662 2 2 0 1 7953 8019 7954
15663 2 2 0 1 7955 8019 7954
15664 2 2 0 1 8019 8020 7955
15665 2 2 0 1 7956 8020 7955
15666 2 2 0 1 8020 8021 7956
15667 2 2 0 1 7957 8021 7956
15668 2 2 0 1 8021 8022 7957
15669 2 2 0 1 7958 8022 7957
15670 2 2 0 1 8022 8023 7958
15671 2 2 0 1 7959 8023 7958
15672 2 2 0 1 8023 8024 7959
15673 2 2 0 1 7960 8024 7959
15674 2 2 0 1 8024 8025 7960
15675 2 2 0 1 7961 8025 7960
15676 2 2 0 1 8025 8026 7961
15677 2 2 0 1 7962 8026 7961
15678 2 2 0 1 8026 8027 7962
15679 2 2 0 1 7963 8027 7962
15680 2 2 0 1 8027 8028 7963
15681 2 2 0 1 7964 8028 7963
15682 2 2 0 1 8028 8029 7964
15683 2 2 0 1 7965 8029 7964
15684 2 2 0 1 8029 8030 7965
15685 2 2 0 1 8031 8030 7965
15686 2 2 0 1 7965 8031 7966
15687 2 2 0 1 8032 8031 7966
15688 2 2 0 1 7966 8032 7967
15689 2 2 0 1 8033 8032 7967
15690 2 2 0 1 7967 8033 7968
15691 2 2 0 1 8034 8033 7968
15692 2 2 0 1 7968 8034 7969
15693 2 2 0 1 8035 8034 7969
15694 2 2 0 1 7969 8035 7970
15695 2 2 0 1 8036 8035 7970
15696 2 2 0 1 7970 8036 7971
15697 2 2 0 1 8037 8036 7971
15698 2 2 0 1 7971 8037 7972
15699 2 2 0 1 8038 8037 7972
15700 2 2 0 1 7972 8038 7973
15701 2 2 0 1 8039 8038 7973
15702 2 2 0 1 7973 8039 7974
15703 2 2 0 1 8040 8039 7974
15704 2 2 0 1 7974 8040 7975
15705 2 2 0 1 8041 8040 7975
15706 2 2 0 1 7975 8041 7976
15707 2 2 0 1 8042 8041 7976
15708 2 2 0 1 7976 8042 7977
15709 2 2 0 1 8043 8042 7977
15710 2 2 0 1 7977 8043 7978
15711 2 2 0 1 8044 8043 7978
15712 2 2 0 1 7978 8044 7979
15713 2 2 0 1 8045 8044 7979
15714 2 2 0 1 7979 8045 7980
15715 2 2 0 1 8046 8045 7980
15716 2 2 0 1 7980 8046 7981
15717 2 2 0 1 8047 8046 7981
15718 2 2 0 1 7981 8047 7982
15719 2 2 0 1 8048 8047 7982
15720 2 2 0 1 7982 8048 7983
15721 2 2 0 1 8049 8048 7983
15722 2 2 0 1 7983 8049 7984
15723 2 2 0 1 8050 8049 7984
15724 2 2 0 1 7984 8050 7985
15725 2 2 0 1 8051 8050 7985
15726 2 2 0 1 7985 8051 7986
15727 2 2 0 1 8052 8051 7986
15728 2 2 0 1 7986 8052 7987
15729 2 2 0 1 8053 8052 7987
15730 2 2 0 1 7987 8053 7988
15731 2 2 0 1 8054 8053 7988
15732 2 2 0 1 7988 8054 7989
15733 2 2 0 1 8055 8054 7989
15734 2 2 0 1 7989 8055 7990
15735 2 2 0 1 8056 8055 7990
15736 2 2 0 1 7990 8056 7991
15737 2 2 0 1 8057 8056 7991
15738 2 2 0 1 7991 8057 7992
15739 2 2 0 1 8058 8057 7992
15740 2 2 0 1 7992 8058 7993
15741 2 2 0 1 8059 8058 7993
15742 2 2 0 1 7993 8059 7994
15743 2 2 0 1 8060 8059 7994
15744 2 2 0 1 7994 8060 7995
15745 2 2 0 1 8061 8062 7997
15746 2 2 0 1 7997 8061 7996
15747 2 2 0 1 8063 8061 7996
15748 2 2 0 1 7996 8063 7998
15749 2 2 0 1 8064 8063 7998
15750 2 2 0 1 7998 8064 7999
15751 2 2 0 1 8065 8064 7999
15752 2 2 0 1 7999 8065 8000
15753 2 2 0 1 8066 8065 8000
15754 2 2 0 1 8000 8066 8001
15755 2 2 0 1 8067 8066 8001
15756 2 2 0 1 8001 8067 8002
15757 2 2 0 1 8068 8067 8002
15758 2 2 0 1 8002 8068 8003
15759 2 2 0 1 8069 8068 8003
15760 2 2 0 1 8003 8069 8004
15761 2 2 0 1 8070 8069 8004
15762 2 2 0 1 8004 8070 8005
15763 2 2 0 1 8071 8070 8005
15764 2 2 0 1 8005 8071 8006
15765 2 2 0 1 8072 8071 8006
15766 2 2 0 1 8006 8072 8007
15767 2 2 0 1 8073 8072 8007
15768 2 2 0 1 8007 8073 8008
15769 2 2 0 1 8074 8073 8008
15770 2 2 0 1 8008 8074 8009
15771 2 2 0 1 8075 8074 8009
15772 2 2 0 1 8009 8075 8010
15773 2 2 0 1 8076 8075 8010
15774 2 2 0 1 8010 8076 8011
15775 2 2 0 1 8077 8076 8011
15776 2 2 0 1 8011 8077 8012
15777 2 2 0 1 8078 8077 8012
15778 2 2 0 1 8012 8078 8013
15779 2 2 0 1 8079 8078 8013
15780 2 2 0 1 8013 8079 8014
15781 2 2 0 1 8080 8079 8014
15782 2 2 0 1 8014 8080 8015
15783 2 2 0 1 8081 8080 8015
15784 2 2 0 1 8015 8081 8016
15785 2 2 0 1 8082 8081 8016
15786 2 2 0 1 8016 8082 8017
15787 2 2 0 1 8083 8082 8017
15788 2 2 0 1 8017 8083 8018
15789 2 2 0 1 8084 8083 8018
15790 2 2 0 1 8018 8084 8019
15791 2 2 0 1 8020 8084 8019
15792 2 2 0 1 8084 8085 8020
15793 2 2 0 1 8021 8085 8020
15794 2 2 0 1 8085 8086 8021
15795 2 2 0 1 8022 8086 8021
15796 2 2 0 1 8086 8087 8022
15797 2 2 0 1 8023 8087 8022
15798 2 2 0 1 8087 8088 8023
15799 2 2 0 1 8024 8088 8023
15800 2 2 0 1 8088 8089 8024
15801 2 2 0 1 8025 8089 8024
15802 2 2 0 1 8089 8090 8025
15803 2 2 0 1 8026 8090 8025
15804 2 2 0 1 8090 8091 8026
15805 2 2 0 1 8027 8091 8026
15806 2 2 0 1 8091 8092 8027
15807 2 2 0 1 8028 8092 8027
15808 2 2 0 1 8092 8093 8028
15809 2 2 0 1 8029 8093 8028
15810 2 2 0 1 8093 8094 8029
15811 2 2 0 1 8030 8094 8029
15812 2 2 0 1 8094 8095 8030
15813 2 2 0 1 8096 8095 8030
15814 2 2 0 1 8030 8096 8031
15815 2 2 0 1 8097 8096 8031
15816 2 2 0 1 8031 8097 8032
15817 2 2 0 1 8098 8097 8032
15818 2 2 0 1 8032 8098 8033
15819 2 2 0 1 8099 8098 8033
15820 2 2 0 1 8033 8099 8034
15821 2 2 0 1 8100 8099 8034
15822 2 2 0 1 8034 8100 8035
15823 2 2 0 1 8101 8100 8035
15824 2 2 0 1 8035 8101 8036
15825 2 2 0 1 8102 8101 8036
15826 2 2 0 1 8036 8102 8037
15827 2 2 0 1 8103 8102 8037
15828 2 2 0 1 8037 8103 8038
15829 2 2 0 1 8104 8103 8038
15830 2 2 0 1 8038 8104 8039
15831 2 2 0 1 8105 8104 8039
15832 2 2 0 1 8039 8105 8040
15833 2 2 0 1 8106 8105 8040
15834 2 2 0 1 8040 8106 8041
15835 2 2 0 1 8107 8106 8041
15836 2 2 0 1 8041 8107 8042
15837 2 2 0 1 8108 8107 8042
15838 2 2 0 1 8042 8108 8043
15839 2 2 0 1 8109 8108 8043
15840 2 2 0 1 8043 8109 8044
15841 2 2 0 1 8110 8109 8044
15842 2 2 0 1 8044 8110 8045
15843 2 2 0 1 8111 8110 8045
15844 2 2 0 1 8045 8111 8046
15845 2 2 0 1 8112 8111 8046
15846 2 2 0 1 8046 8112 8047
15847 2 2 0 1 8113 8112 8047
15848 2 2 0 1 8047 8113 8048
15849 2 2 0 1 8114 8113 8048
15850 2 2 0 1 8048 8114 8049
15851 2 2 0 1 8115 8114 8049
15852 2 2 0 1 8049 8115 8050
15853 2 2 0 1 8116 8115 8050
15854 2 2 0 1 8050 8116 8051
15855 2 2 0 1 8117 8116 8051
15856 2 2 0 1 8051 8117 8052
15857 2 2 0 1 8118 8117 8052
15858 2 2 0 1 8052 8118 8053
15859 2 2 0 1 8119 8118 8053
15860 2 2 0 1 8053 8119 8054
15861 2 2 0 1 8120 8119 8054
15862 2 2 0 1 8054 8120 8055
15863 2 2 0 1 8121 8120 8055
15864 2 2 0 1 8055 8121 8056
15865 2 2 0 1 8122 8121 8056
15866 2 2 0 1 8056 8122 8057
15867 2 2 0 1 8123 8122 8057
15868 2 2 0 1 8057 8123 8058
15869 2 2 0 1 8124 8123 8058
15870 2 2 0 1 8058 8124 8059
15871 2 2 0 1 8125 8124 8059
15872 2 2 0 1 8059 8125 8060
15873 2 2 0 1 8126 8127 8062
15874 2 2 0 1 8062 8126 8061
15875 2 2 0 1 8128 8126 8061
15876 2 2 0 1 8061 8128 8063
15877 2 2 0 1 8129 8128 8063
15878 2 2 0 1 8063 8129 8064
15879 2 2 0 1 8130 8129 8064
15880 2 2 0 1 8064 8130 8065
15881 2 2 0 1 8131 8130 8065
15882 2 2 0 1 8065 8131 8066
15883 2 2 0 1 8132 8131 8066
15884 2 2 0 1 8066 8132 8067
15885 2 2 0 1 8133 8132 8067
15886 2 2 0 1 8067 8133 8068
15887 2 2 0 1 8134 8133 8068
15888 2 2 0 1 8068 8134 8069
15889 2 2 0 1 8135 8134 8069
15890 2 2 0 1 8069 8135 8070
15891 2 2 0 1 8136 8135 8070
15892 2 2 0 1 8070 8136 8071
15893 2 2 0 1 8137 8136 8071
15894 2 2 0 1 8071 8137 8072
15895 2 2 0 1 8138 8137 8072
15896 2 2 0 1 8072 8138 8073
15897 2 2 0 1 8139 8138 8073
15898 2 2 0 1 8073 8139 8074
15899 2 2 0 1 8140 8139 8074
15900 2 2 0 1 8074 8140 8075
15901 2 2 0 1 8141 8140 8075
15902 2 2 0 1 8075 8141 8076
15903 2 2 0 1 8142 8141 8076
15904 2 2 0 1 8076 8142 8077
15905 2 2 0 1 8143 8142 8077
15906 2 2 0 1 8077 8143 8078
15907 2 2 0 1 8144 8143 8078
15908 2 2 0 1 8078 8144 8079
15909 2 2 0 1 8145 8144 8079
15910 2 2 0 1 8079 8145 8080
15911 2 2 0 1 8146 8145 8080
15912 2 2 0 1 8080 8146 8081
15913 2 2 0 1 8147 8146 8081
15914 2 2 0 1 8081 8147 8082
15915 2 2 0 1 8148 8147 8082
15916 2 2 0 1 8082 8148 8083
15917 2 2 0 1 8149 8148 8083
15918 2 2 0 1 8083 8149 8084
15919 2 2 0 1 8085 8149 8084
15920 2 2 0 1 8149 8150 8085
15921 2 2 0 1 8086 8150 8085
15922 2 2 0 1 8150 8151 8086
15923 2 2 0 1 8087 8151 8086
15924 2 2 0 1 8151 8152 8087
15925 2 2 0 1 8088 8152 8087
15926 2 2 0 1 8152 8153 8088
15927 2 2 0 1 8089 8153 8088
15928 2 2 0 1 8153 8154 8089
15929 2 2 0 1 8090 8154 8089
15930 2 2 0 1 8154 8155 8090
15931 2 2 0 1 8091 8155 8090
15932 2 2 0 1 8155 8156 8091
15933 2 2 0 1 8092 8156 8091
15934 2 2 0 1 8156 8157 8092
15935 2 2 0 1 8093 8157 8092
15936 2 2 0 1 8157 8158 8093
15937 2 2 0 1 8094 8158 8093
15938 2 2 0 1 8158 8159 8094
15939 2 2 0 1 8095 8159 8094
15940 2 2 0 1 8159 8160 8095
15941 2 2 0 1 8161 8160 8095
15942 2 2 0 1 8095 8161 8096
15943 2 2 0 1 8162 8161 8096
15944 2 2 0 1 8096 8162 8097
15945 2 2 0 1 8163 8162 8097
15946 2 2 0 1 8097 8163 8098
15947 2 2 0 1 8164 8163 8098
15948 2 2 0 1 8098 8164 8099
15949 2 2 0 1 8165 8164 8099
15950 2 2 0 1 8099 8165 8100
15951 2 2 0 1 8166 8165 8100
15952 2 2 0 1 8100 8166 8101
15953 2 2 0 1 8167 8166 8101
15954 2 2 0 1 8101 8167 8102
15955 2 2 0 1 8168 8167 8102
15956 2 2 0 1 8102 8168 8103
15957 2 2 0 1 8169 8168 8103
15958 2 2 0 1 8103 8169 8104
15959 2 2 0 1 8170 8169 8104
15960 2 2 0 1 8104 8170 8105
15961 2 2 0 1 8171 8170 8105
15962 2 2 0 1 8105 8171 8106
15963 2 2 0 1 8172 8171 8106
15964 2 2 0 1 8106 8172 8107
15965 2 2 0 1 8173 8172 8107
15966 2 2 0 1 8107 8173 8108
15967 2 2 0 1 8174 8173 8108
15968 2 2 0 1 8108 8174 8109
15969 2 2 0 1 8175 8174 8109
15970 2 2 0 1 8109 8175 8110
15971 2 2 0 1 8176 8175 8110
15972 2 2 0 1 8110 8176 8111
15973 2 2 0 1 8177 8176 8111
15974 2 2 0 1 8111 8177 8112
15975 2 2 0 1 8178 8177 8112
15976 2 2 0 1 8112 8178 8113
15977 2 2 0 1 8179 8178 8113
15978 2 2 0 1 8113 8179 8114
15979 2 2 0 1 8180 8179 8114
15980 2 2 0 1 8114 8180 8115
15981 2 2 0 1 8181 8180 8115
15982 2 2 0 1 8115 8181 8116
15983 2 2 0 1 8182 8181 8116
15984 2 2 0 1 8116 8182 8117
15985 2 2 0 1 8183 8182 8117
15986 2 2 0 1 8117 8183 8118
15987 2 2 0 1 8184 8183 8118
15988 2 2 0 1 8118 8184 8119
15989 2 2 0 1 8185 8184 8119
15990 2 2 0 1 8119 8185 8120
15991 2 2 0 1 8186 8185 8120
15992 2 2 0 1 8120 8186 8121
15993 2 2 0 1 8187 8186 8121
15994 2 2 0 1 8121 8187 8122
15995 2 2 0 1 8188 8187 8122
15996 2 2 0 1 8122 8188 8123
15997 2 2 0 1 8189 8188 8123
15998 2 2 0 1 8123 8189 8124
15999 2 2 0 1 8190 8189 8124
16000 2 2 0 1 8124 8190 8125
16001 2 2 0 1 8191 8192 8127
16002 2 2 0 1 8127 8191 8126
16003 2 2 0 1 8193 8191 8126
16004 2 2 0 1 8126 8193 8128
16005 2 2 0 1 8194 8193 8128
16006 2 2 0 1 8128 8194 8129
16007 2 2 0 1 8195 8194 8129
16008 2 2 0 1 8129 8195 8130
16009 2 2 0 1 8196 8195 8130
16010 2 2 0 1 8130 8196 8131
16011 2 2 0 1 8197 8196 8131
16012 2 2 0 1 8131 8197 8132
16013 2 2 0 1 8198 8197 8132
16014 2 2 0 1 8132 8198 8133
16015 2 2 0 1 8199 8198 8133
16016 2 2 0 1 8133 8199 8134
16017 2 2 0 1 8200 8199 8134
16018 2 2 0 1 8134 8200 8135
16019 2 2 0 1 8201 8200 8135
16020 2 2 0 1 8135 8201 8136
16021 2 2 0 1 8202 8201 8136
16022 2 2 0 1 8136 8202 8137
16023 2 2 0 1 8203 8202 8137
16024 2 2 0 1 8137 8203 8138
16025 2 2 0 1 8204 8203 8138
16026 2 2 0 1 8138 8204 8139
16027 2 2 0 1 8205 8204 8139
16028 2 2 0 1 8139 8205 8140
16029 2 2 0 1 8206 8205 8140
16030 2 2 0 1 8140 8206 8141
16031 2 2 0 1 8207 8206 8141
16032 2 2 0 1 8141 8207 8142
16033 2 2 0 1 8208 8207 8142
16034 2 2 0 1 8142 8208 8143
16035 2 2 0 1 8209 8208 8143
16036 2 2 0 1 8143 8209 8144
16037 2 2 0 1 8210 8209 8144
16038 2 2 0 1 8144 8210 8145
16039 2 2 0 1 8211 8210 8145
16040 2 2 0 1 8145 8211 8146
16041 2 2 0 1 8212 8211 8146
16042 2 2 0 1 8146 8212 8147
16043 2 2 0 1 8213 8212 8147
16044 2 2 0 1 8147 8213 8148
16045 2 2 0 1 8214 8213 8148
16046 2 2 0 1 8148 8214 8149
16047 2 2 0 1 8150 8214 8149
16048 2 2 0 1 8214 8215 8150
16049 2 2 0 1 8151 8215 8150
16050 2 2 0 1 8215 8216 8151
16051 2 2 0 1 8152 8216 8151
16052 2 2 0 1 8216 8217 8152
16053 2 2 0 1 8153 8217 8152
16054 2 2 0 1 8217 8218 8153
16055 2 2 0 1 8154 8218 8153
16056 2 2 0 1 8218 8219 8154
16057 2 2 0 1 8155 8219 8154
16058 2 2 0 1 8219 8220 8155
16059 2 2 0 1 8156 8220 8155
16060 2 2 0 1 8220 8221 8156
16061 2 2 0 1 8157 8221 8156
16062 2 2 0 1 8221 8222 8157
16063 2 2 0 1 8158 8222 8157
16064 2 2 0 1 8222 8223 8158
16065 2 2 0 1 8159 8223 8158
16066 2 2 0 1 8223 8224 8159
16067 2 2 0 1 8160 8224 8159
16068 2 2 0 1 8224 8225 8160
16069 2 2 0 1 8226 8225 8160
16070 2 2 0 1 8160 8226 8161
16071 2 2 0 1 8227 8226 8161
16072 2 2 0 1 8161 8227 8162
16073 2 2 0 1 8228 8227 8162
16074 2 2 0 1 8162 8228 8163
16075 2 2 0 1 8229 8228 8163
16076 2 2 0 1 8163 8229 8164
16077 2 2 0 1 8230 8229 8164
16078 2 2 0 1 8164 8230 8165
16079 2 2 0 1 8231 8230 8165
16080 2 2 0 1 8165 8231 8166
16081 2 2 0 1 8232 8231 8166
16082 2 2 0 1 8166 8232 8167
16083 2 2 0 1 8233 8232 8167
16084 2 2 0 1 8167 8233 8168
16085 2 2 0 1 8234 8233 8168
16086 2 2 0 1 8168 8234 8169
16087 2 2 0 1 8235 8234 8169
16088 2 2 0 1 8169 8235 8170
16089 2 2 0 1 8236 8235 8170
16090 2 2 0 1 8170 8236 8171
16091 2 2 0 1 8237 8236 8171
16092 2 2 0 1 8171 8237 8172
16093 2 2 0 1 8238 8237 8172
16094 2 2 0 1 8172 8238 8173
16095 2 2 0 1 8239 8238 8173
16096 2 2 0 1 8173 8239 8174
16097 2 2 0 1 8240 8239 8174
16098 2 2 0 1 8174 8240 8175
16099 2 2 0 1 8241 8240 8175
16100 2 2 0 1 8175 8241 8176
16101 2 2 0 1 8242 8241 8176
16102 2 2 0 1 8176 8242 8177
16103 2 2 0 1 8243 8242 8177
16104 2 2 0 1 8177 8243 8178
16105 2 2 0 1 8244 8243 8178
16106 2 2 0 1 8178 8244 8179
16107 2 2 0 1 8245 8244 8179
16108 2 2 0 1 8179 8245 8180
16109 2 2 0 1 8246 8245 8180
16110 2 2 0 1 8180 8246 8181
16111 2 2 0 1 8247 8246 8181
16112 2 2 0 1 8181 8247 8182
16113 2 2 0 1 8248 8247 8182
16114 2 2 0 1 8182 8248 8183
16115 2 2 0 1 8249 8248 8183
16116 2 2 0 1 8183 8249 8184
16117 2 2 0 1 8250 8249 8184
16118 2 2 0 1 8184 8250 8185
16119 2 2 0 1 8251 8250 8185
16120 2 2 0 1 8185 8251 8186
16121 2 2 0 1 8252 8251 8186
16122 2 2 0 1 8186 8252 8187
16123 2 2 0 1 8253 8252 8187
16124 2 2 0 1 8187 8253 8188
16125 2 2 0 1 8254 8253 8188
16126 2 2 0 1 8188 8254 8189
16127 2 2 0 1 8255 8254 8189
16128 2 2 0 1 8189 8255 8190
16129 2 2 0 1 8256 8257 8192
16130 2 2 0 1 8192 8256 8191
16131 2 2 0 1 8258 8256 8191
16132 2 2 0 1 8191 8258 8193
16133 2 2 0 1 8259 8258 8193
16134 2 2 0 1 8193 8259 8194
16135 2 2 0 1 8260 8259 8194
16136 2 2 0 1 8194 8260 8195
16137 2 2 0 1 8261 8260 8195
16138 2 2 0 1 8195 8261 8196
16139 2 2 0 1 8262 8261 8196
16140 2 2 0 1 8196 8262 8197
16141 2 2 0 1 8263 8262 8197
16142 2 2 0 1 8197 8263 8198
16143 2 2 0 1 8264 8263 8198
16144 2 2 0 1 8198 8264 8199
16145 2 2 0 1 8265 8264 8199
16146 2 2 0 1 8199 8265 8200
16147 2 2 0 1 8266 8265 8200
16148 2 2 0 1 8200 8266 8201
16149 2 2 0 1 8267 8266 8201
16150 2 2 0 1 8201 8267 8202
16151 2 2 0 1 8268 8267 8202
16152 2 2 0 1 8202 8268 8203
16153 2 2 0 1 8269 8268 8203
16154 2 2 0 1 8203 8269 8204
16155 2 2 0 1 8270 8269 8204
16156 2 2 0 1 8204 8270 8205
16157 2 2 0 1 8271 8270 8205
16158 2 2 0 1 8205 8271 8206
16159 2 2 0 1 8272 8271 8206
16160 2 2 0 1 8206 8272 8207
16161 2 2 0 1 8273 8272 8207
16162 2 2 0 1 8207 8273 8208
16163 2 2 0 1 8274 8273 8208
16164 2 2 0 1 8208 8274 8209
16165 2 2 0 1 8275 8274 8209
16166 2 2 0 1 8209 8275 8210
16167 2 2 0 1 8276 8275 8210
16168 2 2 0 1 8210 8276 8211
16169 2 2 0 1 8277 8276 8211
16170 2 2 0 1 8211 8277 8212
16171 2 2 0 1 8278 8277 8212
16172 2 2 0 1 8212 8278 8213
16173 2 2 0 1 8279 8278 8213
16174 2 2 0 1 8213 8279 8214
16175 2 2 0 1 8215 8279 8214
16176 2 2 0 1 8279 8280 8215
16177 2 2 0 1 8216 8280 8215
16178 2 2 0 1 8280 8281 8216
16179 2 2 0 1 8217 8281 8216
16180 2 2 0 1 8281 8282 8217
16181 2 2 0 1 8218 8282 8217
16182 2 2 0 1 8282 8283 8218
16183 2 2 0 1 8219 8283 8218
16184 2 2 0 1 8283 8284 8219
16185 2 2 0 1 8220 8284 8219
16186 2 2 0 1 8284 8285 8220
16187 2 2 0 1 8221 8285 8220
16188 2 2 0 1 8285 8286 8221
16189 2 2 0 1 8222 8286 8221
16190 2 2 0 1 8286 8287 8222
16191 2 2 0 1 8223 8287 8222
16192 2 2 0 1 8287 8288 8223
16193 2 2 0 1 8224 8288 8223
16194 2 2 0 1 8288 8289 8224
16195 2 2 0 1 8225 8289 8224
16196 2 2 0 1 8289 8290 8225
16197 2 2 0 1 8291 8290 8225
16198 2 2 0 1 8225 8291 8226
16199 2 2 0 1 8292 8291 8226
16200 2 2 0 1 8226 8292 8227
16201 2 2 0 1 8293 8292 8227
16202 2 2 0 1 8227 8293 8228
16203 2 2 0 1 8294 8293 8228
16204 2 2 0 1 8228 8294 8229
16205 2 2 0 1 8295 8294 8229
16206 2 2 0 1 8229 8295 8230
16207 2 2 0 1 8296 8295 8230
16208 2 2 0 1 8230 8296 8231
16209 2 2 0 1 8297 8296 8231
16210 2 2 0 1 8231 8297 8232
16211 2 2 0 1 8298 8297 8232
16212 2 2 0 1 8232 8298 8233
16213 2 2 0 1 8299 8298 8233
16214 2 2 0 1 8233 8299 8234
16215 2 2 0 1 8300 8299 8234
16216 2 2 0 1 8234 8300 8235
16217 2 2 0 1 8301 8300 8235
16218 2 2 0 1 8235 8301 8236
16219 2 2 0 1 8302 8301 8236
16220 2 2 0 1 8236 8302 8237
16221 2 2 0 1 8303 8302 8237
16222 2 2 0 1 8237 8303 8238
16223 2 2 0 1 8304 8303 8238
16224 2 2 0 1 8238 8304 8239
16225 2 2 0 1 8305 8304 8239
16226 2 2 0 1 8239 8305 8240
16227 2 2 0 1 8306 8305 8240
16228 2 2 0 1 8240 8306 8241
16229 2 2 0 1 8307 8306 8241
16230 2 2 0 1 8241 8307 8242
16231 2 2 0 1 8308 8307 8242
16232 2 2 0 1 8242 8308 8243
16233 2 2 0 1 8309 8308 8243
16234 2 2 0 1 8243 8309 8244
16235 2 2 0 1 8310 8309 8244
16236 2 2 0 1 8244 8310 8245
16237 2 2 0 1 8311 8310 8245
16238 2 2 0 1 8245 8311 8246
16239 2 2 0 1 8312 8311 8246
16240 2 2 0 1 8246 8312 8247
16241 2 2 0 1 8313 8312 8247
16242 2 2 0 1 8247 8313 8248
16243 2 2 0 1 8314 8313 8248
16244 2 2 0 1 8248 8314 8249
16245 2 2 0 1 8315 8314 8249
16246 2 2 0 1 8249 8315 8250
16247 2 2 0 1 8316 8315 8250
16248 2 2 0 1 8250 8316 8251
16249 2 2 0 1 8317 8316 8251
16250 2 2 0 1 8251 8317 8252
16251 2 2 0 1 8318 8317 8252
16252 2 2 0 1 8252 8318 8253
16253 2 2 0 1 8319 8318 8253
16254 2 2 0 1 8253 8319 8254
16255 2 2 0 1 8320 8319 8254
16256 2 2 0 1 8254 8320 8255
16257 2 2 0 1 1 3 8257
16258 2 2 0 1 8257 1 8256
16259 2 2 0 1 5 1 8256
16260 2 2 0 1 8256 5 8258
16261 2 2 0 1 7 5 8258
16262 2 2 0 1 8258 7 8259
16263 2 2 0 1 9 7 8259
16264 2 2 0 1 8259 9 8260
16265 2 2 0 1 11 9 8260
16266 2 2 0 1 8260 11 8261
16267 2 2 0 1 13 11 8261
16268 2 2 0 1 8261 13 8262
16269 2 2 0 1 15 13 8262
16270 2 2 0 1 8262 15 8263
16271 2 2 0 1 17 15 8263
16272 2 2 0 1 8263 17 8264
16273 2 2 0 1 19 17 8264
16274 2 2 0 1 8264 19 8265
16275 2 2 0 1 21 19 8265
16276 2 2 0 1 8265 21 8266
16277 2 2 0 1 23 21 8266
16278 2 2 0 1 8266 23 8267
16279 2 2 0 1 25 23 8267
16280 2 2 0 1 8267 25 8268
16281 2 2 0 1 27 25 8268
16282 2 2 0 1 8268 27 8269
16283 2 2 0 1 29 27 8269
16284 2 2 0 1 8269 29 8270
16285 2 2 0 1 31 29 8270
16286 2 2 0 1 8270 31 8271
16287 2 2 0 1 33 31 8271
16288 2 2 0 1 8271 33 8272
16289 2 2 0 1 35 33 8272
16290 2 2 0 1 8272 35 8273
16291 2 2 0 1 37 35 8273
16292 2 2 0 1 8273 37 8274
16293 2 2 0 1 39 37 8274
16294 2 2 0 1 8274 39 8275
16295 2 2 0 1 41 39 8275
16296 2 2 0 1 8275 41 8276
16297 2 2 0 1 43 41 8276
16298 2 2 0 1 8276 43 8277
16299 2 2 0 1 45 43 8277
16300 2 2 0 1 8277 45 8278
16301 2 2 0 1 47 45 8278
16302 2 2 0 1 8278 47 8279
16303 2 2 0 1 8280 47 8279
16304 2 2 0 1 47 50 8280
16305 2 2 0 1 8281 50 8280
16306 2 2 0 1 50 52 8281
16307 2 2 0 1 8282 52 8281
16308 2 2 0 1 52 54 8282
16309 2 2 0 1 8283 54 8282
16310 2 2 0 1 54 56 8283
16311 2 2 0 1 8284 56 8283
16312 2 2 0 1 56 58 8284
16313 2 2 0 1 8285 58 8284
16314 2 2 0 1 58 60 8285
16315 2 2 0 1 8286 60 8285
16316 2 2 0 1 60 62 8286
16317 2 2 0 1 8287 62 8286
16318 2 2 0 1 62 64 8287
16319 2 2 0 1 8288 64 8287
16320 2 2 0 1 64 66 8288
16321 2 2 0 1 8289 66 8288
16322 2 2 0 1 66 68 8289
16323 2 2 0 1 8290 68 8289
16324 2 2 0 1 68 70 8290
16325 2 2 0 1 71 70 8290
16326 2 2 0 1 8290 71 8291
16327 2 2 0 1 73 71 8291
16328 2 2 0 1 8291 73 8292
16329 2 2 0 1 75 73 8292
16330 2 2 0 1 8292 75 8293
16331 2 2 0 1 77 75 8293
16332 2 2 0 1 8293 77 8294
16333 2 2 0 1 79 77 8294
16334 2 2 0 1 8294 79 8295
16335 2 2 0 1 81 79 8295
16336 2 2 0 1 8295 81 8296
16337 2 2 0 1 83 81 8296
16338 2 2 0 1 8296 83 8297
16339 2 2 0 1 85 83 8297
16340 2 2 0 1 8297 85 8298
16341 2 2 0 1 87 85 8298
16342 2 2 0 1 8298 87 8299
16343 2 2 0 1 89 87 8299
16344 2 2 0 1 8299 89 8300
16345 2 2 0 1 91 89 8300
16346 2 2 0 1 8300 91 8301
16347 2 2 0 1 93 91 8301
16348 2 2 0 1 8301 93 8302
16349 2 2 0 1 95 93 8302
16350 2 2 0 1 8302 95 8303
16351 2 2 0 1 97 95 8303
16352 2 2 0 1 8303 97 8304
16353 2 2 0 1 99 97 8304
16354 2 2 0 1 8304 99 8305
16355 2 2 0 1 101 99 8305
16356 2 2 0 1 8305 101 8306
16357 2 2 0 1 103 101 8306
16358 2 2 0 1 8306 103 8307
16359 2 2 0 1 105 103 8307
16360 2 2 0 1 8307 105 8308
16361 2 2 0 1 107 105 8308
16362 2 2 0 1 8308 107 8309
16363 2 2 0 1 109 107 8309
16364 2 2 0 1 8309 109 8310
16365 2 2 0 1 111 109 8310
16366 2 2 0 1 8310 111 8311
16367 2 2 0 1 113 111 8311
16368 2 2 0 1 8311 113 8312
16369 2 2 0 1 115 113 8312
16370 2 2 0 1 8312 115 8313
16371 2 2 0 1 117 115 8313
16372 2 2 0 1 8313 117 8314
16373 2 2 0 1 119 117 8314
16374 2 2 0 1 8314 119 8315
16375 2 2 0 1 121 119 8315
16376 2 2 0 1 8315 121 8316
16377 2 2 0 1 123 121 8316
16378 2 2 0 1 8316 123 8317
16379 2 2 0 1 125 123 8317
16380 2 2 0 1 8317 125 8318
16381 2 2 0 1 127 125 8318
16382 2 2 0 1 8318 127 8319
16383 2 2 0 1 129 127 8319
16384 2 2 0 1 8319 129 8320
$EndElements
