$MeshFormat
2.2 0 8
$EndMeshFormat
$Nodes
8320
1 2.109843254089355 -0.03701559081673622 -0.7089279890060425
2 2.109000205993652 -0.03702767565846443 -0.7089270949363708
3 2.109000205993652 6.123234262925839e-17 -0.7103000283241272
4 2.109843254089355 6.123234262925839e-17 -0.7103000283241272
5 2.112370729446411 -0.03698060661554337 -0.7089307904243469
6 2.112370729446411 6.123236248159309e-17 -0.7103002071380615
7 2.116576433181763 -0.03692525625228882 -0.7089356184005737
8 2.116576433181763 6.12324485083768e-17 -0.7103009223937988
9 2.122450351715088 -0.03690076991915703 -0.7089393734931946
10 2.122450351715088 6.123268673639321e-17 -0.7103028297424316
11 2.129978179931641 -0.03686641901731491 -0.7089459896087646
12 2.129978179931641 6.123318304476075e-17 -0.7103068828582764
13 2.139141798019409 -0.03681904822587967 -0.7089568972587585
14 2.139141798019409 6.12340763998223e-17 -0.7103142142295837
15 2.149919271469116 -0.03674471005797386 -0.7089744806289673
16 2.149919271469116 6.12355388551453e-17 -0.7103261351585388
17 2.162284374237061 -0.03662667796015739 -0.7090016007423401
18 2.162284374237061 6.123776231663184e-17 -0.7103443145751953
19 2.176207542419434 -0.03649013489484787 -0.7090381979942322
20 2.176207542419434 6.124096515996365e-17 -0.7103704810142517
21 2.191655158996582 -0.03632669895887375 -0.7090867161750793
22 2.191655158996582 6.124539223060203e-17 -0.7104066014289856
23 2.208590030670166 -0.03615203127264977 -0.7091482877731323
24 2.208590030670166 6.125128175656341e-17 -0.7104547023773193
25 2.226971387863159 -0.03595796599984169 -0.7092256546020508
26 2.226971387863159 6.12589249054234e-17 -0.7105171084403992
27 2.246754884719849 -0.03582194447517395 -0.7093154788017273
28 2.246754884719849 6.126858637497802e-17 -0.710595965385437
29 2.267892837524414 -0.03565862402319908 -0.7094265222549438
30 2.267892837524414 6.128056395024778e-17 -0.7106937766075134
31 2.290334224700928 -0.03543952107429504 -0.7095630764961243
32 2.290334224700928 6.129514879880832e-17 -0.7108128666877747
33 2.314025402069092 -0.03517713025212288 -0.7097266316413879
34 2.314025402069092 6.131263208823524e-17 -0.7109556198120117
35 2.338908910751343 -0.03488219156861305 -0.7099189162254333
36 2.338908910751343 6.133329836865926e-17 -0.7111244201660156
37 2.364924907684326 -0.03467490151524544 -0.7101336717605591
38 2.364924907684326 6.135744542510091e-17 -0.7113215923309326
39 2.392010688781738 -0.03440215066075325 -0.7103839516639709
40 2.392010688781738 6.13853247204664e-17 -0.7115492224693298
41 2.420100927352905 -0.03408827260136604 -0.7106701731681824
42 2.420100927352905 6.141720095255174e-17 -0.711809515953064
43 2.449128150939941 -0.03373698890209198 -0.7109939455986023
44 2.449128150939941 6.145330573192846e-17 -0.7121043801307678
45 2.479022264480591 -0.03337345644831657 -0.7113552689552307
46 2.479022264480591 6.149385743427826e-17 -0.7124354839324951
47 2.509711503982544 -0.03312868252396584 -0.7117468118667603
48 2.509711503982544 6.153903473061345e-17 -0.71280437707901
49 2.5411217212677 -0.03276883438229561 -0.7121858596801758
50 2.5411217212677 6.158900305705656e-17 -0.7132123708724976
51 2.573177099227905 -0.03237683326005936 -0.7126676440238953
52 2.573177099227905 6.164388152761578e-17 -0.7136604785919189
53 2.605800867080688 -0.03202792257070541 -0.7131879925727844
54 2.605800867080688 6.170376278651971e-17 -0.7141494750976562
55 2.638913869857788 -0.03171533718705177 -0.7137478590011597
56 2.638913869857788 6.176869977332758e-17 -0.7146797180175781
57 2.672436952590942 -0.03133436292409897 -0.7143542170524597
58 2.672436952590942 6.183870572292916e-17 -0.7152513861656189
59 2.706288814544678 -0.03092081472277641 -0.7150044441223145
60 2.706288814544678 6.191376078298978e-17 -0.7158642411231995
61 2.740388154983521 -0.03061703965067863 -0.7156887650489807
62 2.740388154983521 6.199378554417061e-17 -0.7165176868438721
63 2.774652719497681 -0.03022912330925465 -0.7164188623428345
64 2.774652719497681 6.207867412735325e-17 -0.7172108292579651
65 2.809000015258789 -0.02982936799526215 -0.7171887159347534
66 2.809000015258789 6.216826771386009e-17 -0.7179424166679382
67 2.843347549438477 -0.02942640148103237 -0.7179960608482361
68 2.843347549438477 6.226236778034412e-17 -0.7187108397483826
69 2.877612113952637 -0.02913880720734596 -0.718831479549408
70 2.877612113952637 6.236072948134403e-17 -0.719514012336731
71 2.911711454391479 -0.028768016025424 -0.7197051048278809
72 2.911711454391479 6.246307488417399e-17 -0.7203497290611267
73 2.945563316345215 -0.02839679270982742 -0.7206090092658997
74 2.945563316345215 6.256906649914409e-17 -0.7212152481079102
75 2.97908616065979 -0.0280968826264143 -0.7215357422828674
76 2.97908616065979 6.267834698422969e-17 -0.7221075296401978
77 3.012199401855469 -0.0277919415384531 -0.7224867343902588
78 3.012199401855469 6.279049944040208e-17 -0.7230233550071716
79 3.044822931289673 -0.02746810019016266 -0.723459005355835
80 3.044822931289673 6.290509373374273e-17 -0.7239590883255005
81 3.076878547668457 -0.02714898064732552 -0.7244473099708557
82 3.076878547668457 6.30216534082188e-17 -0.7249109148979187
83 3.108288764953613 -0.02690570242702961 -0.7254431247711182
84 3.108288764953613 6.313967553801787e-17 -0.7258746027946472
85 3.138977766036987 -0.02657854557037354 -0.7264516949653625
86 3.138977766036987 6.325862411010299e-17 -0.726845920085907
87 3.168872117996216 -0.0262080617249012 -0.7274657487869263
88 3.168872117996216 6.337795649399234e-17 -0.7278203368186951
89 3.197899341583252 -0.02587231807410717 -0.7284760475158691
90 3.197899341583252 6.349709035453468e-17 -0.7287931442260742
91 3.225989580154419 -0.02557484246790409 -0.7294774651527405
92 3.225989580154419 6.361544335657877e-17 -0.7297595739364624
93 3.253075361251831 -0.02531509287655354 -0.7304651737213135
94 3.253075361251831 6.373241993008356e-17 -0.730714738368988
95 3.279091358184814 -0.02508708834648132 -0.7314345240592957
96 3.279091358184814 6.384741788756314e-17 -0.7316537499427795
97 3.303974866867065 -0.02489166520535946 -0.7323805093765259
98 3.303974866867065 6.395982842408664e-17 -0.7325716614723206
99 3.32766580581665 -0.02473070845007896 -0.7332980036735535
100 3.32766580581665 6.406904935216814e-17 -0.73346346616745
101 3.350107431411743 -0.02460403181612492 -0.7341821789741516
102 3.350107431411743 6.41744851017666e-17 -0.7343244552612305
103 3.371245384216309 -0.024497389793396 -0.7350289225578308
104 3.371245384216309 6.427555333773078e-17 -0.7351497411727905
105 3.391028881072998 -0.02440796047449112 -0.7358337044715881
106 3.391028881072998 6.437169819468905e-17 -0.7359347939491272
107 3.409410238265991 -0.02433675900101662 -0.7365919351577759
108 3.409410238265991 6.446236380726976e-17 -0.7366752028465271
109 3.426344871520996 -0.02428157813847065 -0.7372995018959045
110 3.426344871520996 6.454704063221559e-17 -0.7373666167259216
111 3.441792488098145 -0.02423970587551594 -0.7379524111747742
112 3.441792488098145 6.4625232361159e-17 -0.7380051016807556
113 3.455715656280518 -0.02420830354094505 -0.7385470867156982
114 3.455715656280518 6.469649562529167e-17 -0.738586962223053
115 3.468080997467041 -0.02418528683483601 -0.7390801906585693
116 3.468080997467041 6.476040029069506e-17 -0.7391088008880615
117 3.478858232498169 -0.02416859194636345 -0.7395485639572144
118 3.478858232498169 6.481657578045477e-17 -0.7395675182342529
119 3.488022089004517 -0.02415634505450726 -0.739949643611908
120 3.488022089004517 6.486469122232575e-17 -0.7399604320526123
121 3.49554967880249 -0.02414737828075886 -0.7402810454368591
122 3.49554967880249 6.49044554487324e-17 -0.7402850985527039
123 3.501423597335815 -0.02414206229150295 -0.7405408024787903
124 3.501423597335815 6.49356302316583e-17 -0.7405396699905396
125 3.505629301071167 -0.0241412129253149 -0.7407273650169373
126 3.505629301071167 6.495803690009113e-17 -0.74072265625
127 3.508157014846802 6.4971536487688e-17 -0.7408328652381897
128 3.508157014846802 -0.02414341829717159 -0.7408396005630493
129 3.509000062942505 6.497604296766519e-17 -0.7408697009086609
130 3.509000062942505 -0.02414489351212978 -0.7408770322799683
131 2.109843254089355 -0.07375877350568771 -0.7048297524452209
132 2.109000205993652 -0.07378263026475906 -0.7048261761665344
133 2.112370729446411 -0.07368972152471542 -0.7048402428627014
134 2.116576433181763 -0.07358047366142273 -0.7048572301864624
135 2.122450351715088 -0.07353226095438004 -0.7048664689064026
136 2.129978179931641 -0.07346472144126892 -0.7048807740211487
137 2.139141798019409 -0.07337164878845215 -0.7049022912979126
138 2.149919271469116 -0.07322538644075394 -0.7049366235733032
139 2.162284374237061 -0.07299288362264633 -0.7049902081489563
140 2.176207542419434 -0.07272391021251678 -0.7050575017929077
141 2.191655158996582 -0.07240171730518341 -0.7051429748535156
142 2.208590030670166 -0.0720573365688324 -0.7052443027496338
143 2.226971387863159 -0.07167494297027588 -0.7053660154342651
144 2.246754884719849 -0.07140743732452393 -0.705488383769989
145 2.267892837524414 -0.0710861012339592 -0.7056384086608887
146 2.290334224700928 -0.07065432518720627 -0.7058268189430237
147 2.314025402069092 -0.07013737410306931 -0.7060521841049194
148 2.338908910751343 -0.06955592334270477 -0.7063140273094177
149 2.364924907684326 -0.06914804875850677 -0.7065810561180115
150 2.392010688781738 -0.06861099600791931 -0.7068985104560852
151 2.420100927352905 -0.06799256801605225 -0.7072616815567017
152 2.449128150939941 -0.06730025261640549 -0.7076714038848877
153 2.479022264480591 -0.06658401340246201 -0.7081224918365479
154 2.509711503982544 -0.06610267609357834 -0.7085812091827393
155 2.5411217212677 -0.06539393961429596 -0.7091124057769775
156 2.573177099227905 -0.06462142616510391 -0.7096944451332092
157 2.605800867080688 -0.06393460929393768 -0.7103080749511719
158 2.638913869857788 -0.06331976503133774 -0.710955798625946
159 2.672436952590942 -0.06256955116987228 -0.7116653919219971
160 2.706288814544678 -0.06175496056675911 -0.7124269604682922
161 2.740388154983521 -0.06115797907114029 -0.7132030725479126
162 2.774652719497681 -0.06039451435208321 -0.7140430212020874
163 2.809000015258789 -0.05960748717188835 -0.7149266600608826
164 2.843347549438477 -0.058814387768507 -0.7158499360084534
165 2.877612113952637 -0.05824965238571167 -0.7167812585830688
166 2.911711454391479 -0.0575203113257885 -0.7177678942680359
167 2.945563316345215 -0.05679007992148399 -0.7187862396240234
168 2.97908616065979 -0.05620130524039268 -0.7198154926300049
169 3.012199401855469 -0.05560244992375374 -0.7208710312843323
170 3.044822931289673 -0.05496618151664734 -0.7219522595405579
171 3.076878547668457 -0.05433932691812515 -0.7230493426322937
172 3.108288764953613 -0.0538625605404377 -0.724141001701355
173 3.138977766036987 -0.05321962758898735 -0.7252604365348816
174 3.168872117996216 -0.05249068140983582 -0.7263928651809692
175 3.197899341583252 -0.0518304817378521 -0.7275148034095764
176 3.225989580154419 -0.05124598741531372 -0.7286205291748047
177 3.253075361251831 -0.05073609948158264 -0.729705274105072
178 3.279091358184814 -0.05028902366757393 -0.7307651042938232
179 3.303974866867065 -0.04990637302398682 -0.7317948341369629
180 3.32766580581665 -0.04959177598357201 -0.7327888607978821
181 3.350107431411743 -0.04934479668736458 -0.7337422370910645
182 3.371245384216309 -0.0491374209523201 -0.7346529364585876
183 3.391028881072998 -0.04896401613950729 -0.7355165481567383
184 3.409410238265991 -0.04882657155394554 -0.7363282442092896
185 3.426344871520996 -0.04872069135308266 -0.7370839715003967
186 3.441792488098145 -0.04864096269011497 -0.737779974937439
187 3.455715656280518 -0.04858173802495003 -0.7384127974510193
188 3.468080997467041 -0.04853884503245354 -0.7389793395996094
189 3.478858232498169 -0.0485081747174263 -0.7394766211509705
190 3.488022089004517 -0.04848598688840866 -0.739902138710022
191 3.49554967880249 -0.04846993833780289 -0.7402535676956177
192 3.501423597335815 -0.04846076667308807 -0.7405288219451904
193 3.505629301071167 -0.04846008494496346 -0.7407259941101074
194 3.508157014846802 -0.04846508055925369 -0.7408442497253418
195 3.509000062942505 -0.0484682135283947 -0.7408836483955383
196 2.109843254089355 -0.1099626198410988 -0.6980584263801575
197 2.109000205993652 -0.1099976226687431 -0.6980504989624023
198 2.112370729446411 -0.1098612993955612 -0.6980814337730408
199 2.116576433181763 -0.1097010001540184 -0.6981183290481567
200 2.122450351715088 -0.1096305325627327 -0.6981363296508789
201 2.129978179931641 -0.1095320805907249 -0.6981630325317383
202 2.139141798019409 -0.1093965694308281 -0.6982016563415527
203 2.149919271469116 -0.1091831102967262 -0.6982629895210266
204 2.162284374237061 -0.1088431403040886 -0.6983595490455627
205 2.176207542419434 -0.1084498167037964 -0.6984767913818359
206 2.191655158996582 -0.1079780533909798 -0.6986224055290222
207 2.208590030670166 -0.1074737161397934 -0.6987884640693665
208 2.226971387863159 -0.1069142520427704 -0.6989823579788208
209 2.246754884719849 -0.1065242066979408 -0.6991575360298157
210 2.267892837524414 -0.1060553044080734 -0.6993712186813354
211 2.290334224700928 -0.1054235026240349 -0.699644148349762
212 2.314025402069092 -0.1046674251556396 -0.6999703645706177
213 2.338908910751343 -0.1038161143660545 -0.7003459334373474
214 2.364924907684326 -0.1032208725810051 -0.7006983757019043
215 2.392010688781738 -0.1024362444877625 -0.7011255621910095
216 2.420100927352905 -0.1015316918492317 -0.7016146779060364
217 2.449128150939941 -0.1005186140537262 -0.7021651864051819
218 2.479022264480591 -0.09947109967470169 -0.7027632594108582
219 2.509711503982544 -0.09876946359872818 -0.7033323645591736
220 2.5411217212677 -0.09773357957601547 -0.7040147185325623
221 2.573177099227905 -0.09660334885120392 -0.7047613859176636
222 2.605800867080688 -0.09560047090053558 -0.705528199672699
223 2.638913869857788 -0.09470390528440475 -0.706320583820343
224 2.672436952590942 -0.09360777586698532 -0.7071999907493591
225 2.706288814544678 -0.09241700917482376 -0.7081447243690491
226 2.740388154983521 -0.09154786914587021 -0.7090722322463989
227 2.774652719497681 -0.09043348580598831 -0.7100932002067566
228 2.809000015258789 -0.08928407728672028 -0.7111644744873047
229 2.843347549438477 -0.08812641352415085 -0.7122789621353149
230 2.877612113952637 -0.08730544149875641 -0.7133688926696777
231 2.911711454391479 -0.08624200522899628 -0.7145422101020813
232 2.945563316345215 -0.08517716079950333 -0.7157495617866516
233 2.97908616065979 -0.08432164043188095 -0.7169484496116638
234 3.012199401855469 -0.08345093578100204 -0.7181771993637085
235 3.044822931289673 -0.0825251042842865 -0.7194387912750244
236 3.076878547668457 -0.08161331713199615 -0.7207159996032715
237 3.108288764953613 -0.08092271536588669 -0.721966564655304
238 3.138977766036987 -0.0799868106842041 -0.7232698202133179
239 3.168872117996216 -0.07892348617315292 -0.724598228931427
240 3.197899341583252 -0.07796148210763931 -0.7259052991867065
241 3.225989580154419 -0.07711095362901688 -0.7271841168403625
242 3.253075361251831 -0.0763702392578125 -0.7284298539161682
243 3.279091358184814 -0.07572206109762192 -0.7296400666236877
244 3.303974866867065 -0.075168676674366 -0.7308090329170227
245 3.32766580581665 -0.07471520453691483 -0.7319304347038269
246 3.350107431411743 -0.07436080276966095 -0.7329991459846497
247 3.371245384216309 -0.07406463474035263 -0.7340164184570312
248 3.391028881072998 -0.07381828129291534 -0.7349782586097717
249 3.409410238265991 -0.0736246332526207 -0.7358790636062622
250 3.426344871520996 -0.0734771266579628 -0.7367150783538818
251 3.441792488098145 -0.07336767762899399 -0.7374829053878784
252 3.455715656280518 -0.07328787446022034 -0.7381795644760132
253 3.468080997467041 -0.07323148101568222 -0.7388020157814026
254 3.478858232498169 -0.07319235056638718 -0.7393475770950317
255 3.488022089004517 -0.07316488772630692 -0.7398138642311096
256 3.49554967880249 -0.07314559072256088 -0.7401987314224243
257 3.501423597335815 -0.07313552498817444 -0.74049973487854
258 3.505629301071167 -0.073137067258358 -0.7407147288322449
259 3.508157014846802 -0.0731460303068161 -0.7408431172370911
260 3.509000062942505 -0.07315120846033096 -0.7408856749534607
261 2.109843254089355 -0.1453709155321121 -0.688700795173645
262 2.109000205993652 -0.1454161554574966 -0.6886870265007019
263 2.112370729446411 -0.1452399343252182 -0.6887407898902893
264 2.116576433181763 -0.1450327187776566 -0.688804566860199
265 2.122450351715088 -0.1449421495199203 -0.6888343691825867
266 2.129978179931641 -0.1448160856962204 -0.6888775825500488
267 2.139141798019409 -0.1446428447961807 -0.6889390349388123
268 2.149919271469116 -0.144369050860405 -0.6890365481376648
269 2.162284374237061 -0.1439317762851715 -0.6891908645629883
270 2.176207542419434 -0.1434258371591568 -0.6893753409385681
271 2.191655158996582 -0.1428179144859314 -0.6896021366119385
272 2.208590030670166 -0.1421678364276886 -0.6898558735847473
273 2.226971387863159 -0.1414477527141571 -0.6901472806930542
274 2.246754884719849 -0.1409481912851334 -0.6903936266899109
275 2.267892837524414 -0.1403470039367676 -0.6906931400299072
276 2.290334224700928 -0.139533743262291 -0.6910809278488159
277 2.314025402069092 -0.1385611295700073 -0.6915438771247864
278 2.338908910751343 -0.1374643892049789 -0.6920740604400635
279 2.364924907684326 -0.1367012411355972 -0.6925426125526428
280 2.392010688781738 -0.1356935948133469 -0.6931191086769104
281 2.420100927352905 -0.1345300674438477 -0.6937800049781799
282 2.449128150939941 -0.1332261115312576 -0.6945226192474365
283 2.479022264480591 -0.1318789273500443 -0.6953213214874268
284 2.509711503982544 -0.1309811174869537 -0.696041464805603
285 2.5411217212677 -0.1296502351760864 -0.6969306468963623
286 2.573177099227905 -0.12819604575634 -0.697903037071228
287 2.605800867080688 -0.126909539103508 -0.6988799571990967
288 2.638913869857788 -0.1257617771625519 -0.6998710036277771
289 2.672436952590942 -0.1243544295430183 -0.700984001159668
290 2.706288814544678 -0.1228244975209236 -0.7021807432174683
291 2.740388154983521 -0.1217146441340446 -0.703316867351532
292 2.774652719497681 -0.1202860847115517 -0.7045872211456299
293 2.809000015258789 -0.1188114657998085 -0.7059174776077271
294 2.843347549438477 -0.1173274740576744 -0.707295835018158
295 2.877612113952637 -0.1162816658616066 -0.7086054682731628
296 2.911711454391479 -0.1149207875132561 -0.7100369334220886
297 2.945563316345215 -0.1135579571127892 -0.7115061283111572
298 2.97908616065979 -0.1124689504504204 -0.7129402160644531
299 3.012199401855469 -0.1113596633076668 -0.714409351348877
300 3.044822931289673 -0.1101786941289902 -0.7159214019775391
301 3.076878547668457 -0.1090163588523865 -0.7174487113952637
302 3.108288764953613 -0.1081416681408882 -0.7189205884933472
303 3.138977766036987 -0.1069472134113312 -0.7204793691635132
304 3.168872117996216 -0.1055858135223389 -0.7220801115036011
305 3.197899341583252 -0.1043561995029449 -0.7236446738243103
306 3.225989580154419 -0.1032714024186134 -0.725164532661438
307 3.253075361251831 -0.1023291498422623 -0.7266348600387573
308 3.279091358184814 -0.101507157087326 -0.7280550003051758
309 3.303974866867065 -0.1008081361651421 -0.7294185161590576
310 3.32766580581665 -0.1002382934093475 -0.730718195438385
311 3.350107431411743 -0.09979619085788727 -0.7319487929344177
312 3.371245384216309 -0.09942954778671265 -0.7331156134605408
313 3.391028881072998 -0.0991271585226059 -0.7342153191566467
314 3.409410238265991 -0.09889271855354309 -0.7352414131164551
315 3.426344871520996 -0.09871752560138702 -0.7361903786659241
316 3.441792488098145 -0.09859088063240051 -0.7370592951774597
317 3.455715656280518 -0.09850165247917175 -0.7378457188606262
318 3.468080997467041 -0.09844157844781876 -0.7385467886924744
319 3.478858232498169 -0.0984024852514267 -0.7391602993011475
320 3.488022089004517 -0.09837695211172104 -0.7396841049194336
321 3.49554967880249 -0.09836031496524811 -0.7401161193847656
322 3.501423597335815 -0.09835392236709595 -0.7404534220695496
323 3.505629301071167 -0.09836087375879288 -0.7406935691833496
324 3.508157014846802 -0.09837564080953598 -0.7408361434936523
325 3.509000062942505 -0.09838344156742096 -0.7408832311630249
326 2.109843254089355 -0.1797430515289307 -0.6768752336502075
327 2.109000205993652 -0.1797973960638046 -0.6768543124198914
328 2.112370729446411 -0.1795857548713684 -0.6769360303878784
329 2.116576433181763 -0.17933689057827 -0.6770327687263489
330 2.122450351715088 -0.1792289465665817 -0.6770769357681274
331 2.129978179931641 -0.1790794432163239 -0.677139937877655
332 2.139141798019409 -0.1788744777441025 -0.6772287487983704
333 2.149919271469116 -0.1785490661859512 -0.6773700714111328
334 2.162284374237061 -0.1780274361371994 -0.6775946617126465
335 2.176207542419434 -0.1774238795042038 -0.6778610944747925
336 2.191655158996582 -0.1766969263553619 -0.6781874299049377
337 2.208590030670166 -0.1759193539619446 -0.6785486936569214
338 2.226971387863159 -0.1750597208738327 -0.6789596676826477
339 2.246754884719849 -0.1744673997163773 -0.6792929172515869
340 2.267892837524414 -0.173753559589386 -0.6796976327896118
341 2.290334224700928 -0.1727827787399292 -0.6802271008491516
342 2.314025402069092 -0.1716227829456329 -0.6808584332466125
343 2.338908910751343 -0.1703121960163116 -0.6815798282623291
344 2.364924907684326 -0.1694064140319824 -0.6821920275688171
345 2.392010688781738 -0.1682076156139374 -0.6829531788825989
346 2.420100927352905 -0.1668204069137573 -0.6838271021842957
347 2.449128150939941 -0.1652644574642181 -0.6848084330558777
348 2.479022264480591 -0.1636587828397751 -0.6858565211296082
349 2.509711503982544 -0.1625964343547821 -0.6867652535438538
350 2.5411217212677 -0.161012589931488 -0.6879123449325562
351 2.573177099227905 -0.1592787504196167 -0.6891669034957886
352 2.605800867080688 -0.1577511727809906 -0.6904066801071167
353 2.638913869857788 -0.1563924849033356 -0.6916468739509583
354 2.672436952590942 -0.154719665646553 -0.6930528879165649
355 2.706288814544678 -0.1528993993997574 -0.6945662498474121
356 2.740388154983521 -0.1515905261039734 -0.6959651112556458
357 2.774652719497681 -0.149896427989006 -0.6975494623184204
358 2.809000015258789 -0.14814592897892 -0.6992063522338867
359 2.843347549438477 -0.1463863402605057 -0.7009176015853882
360 2.877612113952637 -0.1451576799154282 -0.7025057077407837
361 2.911711454391479 -0.1435482203960419 -0.7042639255523682
362 2.945563316345215 -0.1419363021850586 -0.7060648202896118
363 2.97908616065979 -0.1406584084033966 -0.707797646522522
364 3.012199401855469 -0.1393551677465439 -0.709572434425354
365 3.044822931289673 -0.1379652768373489 -0.7114028930664062
366 3.076878547668457 -0.1365985572338104 -0.7132484912872314
367 3.108288764953613 -0.1355799734592438 -0.7150030732154846
368 3.138977766036987 -0.134173259139061 -0.716887354850769
369 3.168872117996216 -0.132562592625618 -0.7188348174095154
370 3.197899341583252 -0.1311114430427551 -0.7207275629043579
371 3.225989580154419 -0.1298352479934692 -0.7225552797317505
372 3.253075361251831 -0.1287311017513275 -0.7243129014968872
373 3.279091358184814 -0.127772331237793 -0.7260018587112427
374 3.303974866867065 -0.1269617974758148 -0.7276149988174438
375 3.32766580581665 -0.1263063251972198 -0.7291439771652222
376 3.350107431411743 -0.125803604722023 -0.7305832505226135
377 3.371245384216309 -0.1253916323184967 -0.7319431304931641
378 3.391028881072998 -0.1250564754009247 -0.7332208752632141
379 3.409410238265991 -0.1248024851083755 -0.7344088554382324
380 3.426344871520996 -0.124618835747242 -0.7355038523674011
381 3.441792488098145 -0.1244922876358032 -0.7365036010742188
382 3.455715656280518 -0.1244090497493744 -0.7374061346054077
383 3.468080997467041 -0.1243588775396347 -0.7382091879844666
384 3.478858232498169 -0.1243315860629082 -0.7389107346534729
385 3.488022089004517 -0.1243179515004158 -0.7395090460777283
386 3.49554967880249 -0.124312162399292 -0.7400021553039551
387 3.501423597335815 -0.1243157833814621 -0.7403866052627563
388 3.505629301071167 -0.1243325546383858 -0.7406592965126038
389 3.508157014846802 -0.1243556588888168 -0.7408204078674316
390 3.509000062942505 -0.1243669167160988 -0.740873396396637
391 2.109843254089355 -0.2128583788871765 -0.6627282500267029
392 2.109000205993652 -0.2129204571247101 -0.6626990437507629
393 2.112370729446411 -0.2126787006855011 -0.6628130674362183
394 2.116576433181763 -0.2123944163322449 -0.6629477143287659
395 2.122450351715088 -0.2122723013162613 -0.6630080938339233
396 2.129978179931641 -0.2121042460203171 -0.6630933880805969
397 2.139141798019409 -0.2118745744228363 -0.6632127165794373
398 2.149919271469116 -0.2115077823400497 -0.6634034514427185
399 2.162284374237061 -0.2109170854091644 -0.6637082695960999
400 2.176207542419434 -0.210233598947525 -0.6640682220458984
401 2.191655158996582 -0.2094079554080963 -0.6645089983940125
402 2.208590030670166 -0.2085245847702026 -0.6649943590164185
403 2.226971387863159 -0.2075504809617996 -0.6655428409576416
404 2.246754884719849 -0.206885352730751 -0.6659756898880005
405 2.267892837524414 -0.206082358956337 -0.6665014028549194
406 2.290334224700928 -0.2049827873706818 -0.6671952605247498
407 2.314025402069092 -0.2036703824996948 -0.6680216193199158
408 2.338908910751343 -0.2021839916706085 -0.6689656972885132
409 2.364924907684326 -0.2011661231517792 -0.6697452068328857
410 2.392010688781738 -0.1998147219419479 -0.6707215309143066
411 2.420100927352905 -0.1982465982437134 -0.6718447208404541
412 2.449128150939941 -0.1964859068393707 -0.6731058359146118
413 2.479022264480591 -0.1946718245744705 -0.6744462847709656
414 2.509711503982544 -0.1934838145971298 -0.6755774021148682
415 2.5411217212677 -0.1916984766721725 -0.6770281791687012
416 2.573177099227905 -0.189739316701889 -0.6786162853240967
417 2.605800867080688 -0.1880231201648712 -0.6801669001579285
418 2.638913869857788 -0.1865032762289047 -0.681702733039856
419 2.672436952590942 -0.1846215724945068 -0.6834569573402405
420 2.706288814544678 -0.1825714260339737 -0.6853466629981995
421 2.740388154983521 -0.1811155080795288 -0.687059223651886
422 2.774652719497681 -0.1792163848876953 -0.6890180110931396
423 2.809000015258789 -0.1772515177726746 -0.6910653710365295
424 2.843347549438477 -0.1752796620130539 -0.6931746602058411
425 2.877612113952637 -0.1739211082458496 -0.6950980424880981
426 2.911711454391479 -0.1721244305372238 -0.697248637676239
427 2.945563316345215 -0.1703249514102936 -0.6994485855102539
428 2.97908616065979 -0.1689145565032959 -0.7015417218208313
429 3.012199401855469 -0.1674739420413971 -0.703685998916626
430 3.044822931289673 -0.1659337133169174 -0.7059012055397034
431 3.076878547668457 -0.1644211709499359 -0.7081316113471985
432 3.108288764953613 -0.1633101254701614 -0.7102299332618713
433 3.138977766036987 -0.1617499887943268 -0.7125082612037659
434 3.168872117996216 -0.1599519997835159 -0.7148752808570862
435 3.197899341583252 -0.1583379209041595 -0.7171659469604492
436 3.225989580154419 -0.1569251269102097 -0.7193676233291626
437 3.253075361251831 -0.1557099372148514 -0.7214750647544861
438 3.279091358184814 -0.1546619981527328 -0.7234920263290405
439 3.303974866867065 -0.1537840366363525 -0.7254103422164917
440 3.32766580581665 -0.1530828177928925 -0.7272204160690308
441 3.350107431411743 -0.1525547951459885 -0.7289164662361145
442 3.371245384216309 -0.1521304249763489 -0.7305141687393188
443 3.391028881072998 -0.1517930030822754 -0.7320113778114319
444 3.409410238265991 -0.1515473276376724 -0.7333991527557373
445 3.426344871520996 -0.1513805240392685 -0.7346746325492859
446 3.441792488098145 -0.1512768566608429 -0.7358360886573792
447 3.455715656280518 -0.151219978928566 -0.7368825078010559
448 3.468080997467041 -0.1511976271867752 -0.737811803817749
449 3.478858232498169 -0.1511977016925812 -0.7386224269866943
450 3.488022089004517 -0.1512091606855392 -0.7393131256103516
451 3.49554967880249 -0.1512250602245331 -0.7398819327354431
452 3.501423597335815 -0.1512470692396164 -0.740324854850769
453 3.505629301071167 -0.1512795388698578 -0.7406380772590637
454 3.508157014846802 -0.1513143628835678 -0.7408221960067749
455 3.509000062942505 -0.1513301581144333 -0.7408824563026428
456 2.109843254089355 -0.2445198595523834 -0.6464307904243469
457 2.109000205993652 -0.2445881515741348 -0.6463924646377563
458 2.112370729446411 -0.2443221807479858 -0.6465418934822083
459 2.116576433181763 -0.2440094500780106 -0.6467182636260986
460 2.122450351715088 -0.2438766956329346 -0.6467961072921753
461 2.129978179931641 -0.2436955273151398 -0.6469050049781799
462 2.139141798019409 -0.2434488832950592 -0.647056519985199
463 2.149919271469116 -0.2430521249771118 -0.6473002433776855
464 2.162284374237061 -0.2424094080924988 -0.6476919651031494
465 2.176207542419434 -0.2416657954454422 -0.6481536626815796
466 2.191655158996582 -0.2407643496990204 -0.648719847202301
467 2.208590030670166 -0.2397996485233307 -0.6493418216705322
468 2.226971387863159 -0.2387393414974213 -0.6500410437583923
469 2.246754884719849 -0.2380240261554718 -0.6505825519561768
470 2.267892837524414 -0.2371585369110107 -0.6512410044670105
471 2.290334224700928 -0.2359629720449448 -0.6521171927452087
472 2.314025402069092 -0.2345380187034607 -0.6531593799591064
473 2.338908910751343 -0.2329193651676178 -0.6543513536453247
474 2.364924907684326 -0.2318246811628342 -0.6553173065185547
475 2.392010688781738 -0.2303650677204132 -0.6565334796905518
476 2.420100927352905 -0.2286654859781265 -0.6579357981681824
477 2.449128150939941 -0.226754754781723 -0.6595110297203064
478 2.479022264480591 -0.2247903347015381 -0.6611796617507935
479 2.509711503982544 -0.2235222607851028 -0.6625624895095825
480 2.5411217212677 -0.2215955406427383 -0.6643561720848083
481 2.573177099227905 -0.2194747924804688 -0.6663224101066589
482 2.605800867080688 -0.217631608247757 -0.6682257652282715
483 2.638913869857788 -0.2160095125436783 -0.6700984835624695
484 2.672436952590942 -0.2139858305454254 -0.6722499132156372
485 2.706288814544678 -0.21177738904953 -0.6745696067810059
486 2.740388154983521 -0.2102364897727966 -0.676642119884491
487 2.774652719497681 -0.208204373717308 -0.6790300607681274
488 2.809000015258789 -0.2060986310243607 -0.6815263032913208
489 2.843347549438477 -0.2039902210235596 -0.6840932965278625
490 2.877612113952637 -0.2025657892227173 -0.6864053606987
491 2.911711454391479 -0.2006557285785675 -0.6890093088150024
492 2.945563316345215 -0.1987429708242416 -0.6916713118553162
493 2.97908616065979 -0.1972684860229492 -0.6941831707954407
494 3.012199401855469 -0.1957593262195587 -0.6967574954032898
495 3.044822931289673 -0.1941399723291397 -0.6994206309318542
496 3.076878547668457 -0.1925529092550278 -0.7020993232727051
497 3.108288764953613 -0.1914125829935074 -0.7046005129814148
498 3.138977766036987 -0.1897708475589752 -0.7073386907577515
499 3.168872117996216 -0.1878609657287598 -0.7101948261260986
500 3.197899341583252 -0.1861556172370911 -0.7129504084587097
501 3.225989580154419 -0.1846734285354614 -0.7155901789665222
502 3.253075361251831 -0.1834098547697067 -0.7181085348129272
503 3.279091358184814 -0.1823315918445587 -0.7205114960670471
504 3.303974866867065 -0.1814408600330353 -0.7227897047996521
505 3.32766580581665 -0.180743619799614 -0.7249325513839722
506 3.350107431411743 -0.1802347451448441 -0.7269338369369507
507 3.371245384216309 -0.1798393726348877 -0.728814423084259
508 3.391028881072998 -0.1795381307601929 -0.7305730581283569
509 3.409410238265991 -0.1793360114097595 -0.7321990728378296
510 3.426344871520996 -0.1792180836200714 -0.7336899638175964
511 3.441792488098145 -0.1791661828756332 -0.7350447773933411
512 3.455715656280518 -0.179161474108696 -0.7362632155418396
513 3.468080997467041 -0.1791897714138031 -0.7373436093330383
514 3.478858232498169 -0.1792369782924652 -0.7382849454879761
515 3.488022089004517 -0.1792903393507004 -0.7390862703323364
516 3.49554967880249 -0.1793417036533356 -0.7397458553314209
517 3.501423597335815 -0.1793928295373917 -0.7402588725090027
518 3.505629301071167 -0.1794484555721283 -0.7406206727027893
519 3.508157014846802 -0.1794993430376053 -0.7408324480056763
520 3.509000062942505 -0.1795210838317871 -0.7409015893936157
521 2.109843254089355 -0.2745569050312042 -0.628173828125
522 2.109000205993652 -0.2746298015117645 -0.6281259059906006
523 2.112370729446411 -0.2743459343910217 -0.6283127665519714
524 2.116576433181763 -0.2740121781826019 -0.6285332441329956
525 2.122450351715088 -0.273872584104538 -0.6286290884017944
526 2.129978179931641 -0.273684024810791 -0.6287617683410645
527 2.139141798019409 -0.2734285891056061 -0.6289454102516174
528 2.149919271469116 -0.2730139791965485 -0.6292433738708496
529 2.162284374237061 -0.2723374962806702 -0.6297253966331482
530 2.176207542419434 -0.2715550065040588 -0.630293071269989
531 2.191655158996582 -0.2706024348735809 -0.6309915781021118
532 2.208590030670166 -0.2695829272270203 -0.6317581534385681
533 2.226971387863159 -0.2684670984745026 -0.632616400718689
534 2.246754884719849 -0.2677262127399445 -0.6332716345787048
535 2.267892837524414 -0.2668273150920868 -0.6340698599815369
536 2.290334224700928 -0.2655718326568604 -0.6351410150527954
537 2.314025402069092 -0.2640780806541443 -0.6364132165908813
538 2.338908910751343 -0.2623752653598785 -0.6378715634346008
539 2.364924907684326 -0.2612429857254028 -0.6390378475189209
540 2.392010688781738 -0.259724497795105 -0.6405118703842163
541 2.420100927352905 -0.2579486072063446 -0.6422162055969238
542 2.449128150939941 -0.2559490501880646 -0.6441320776939392
543 2.479022264480591 -0.2538993656635284 -0.6461568474769592
544 2.509711503982544 -0.2526030540466309 -0.6478150486946106
545 2.5411217212677 -0.2506028413772583 -0.6499832272529602
546 2.573177099227905 -0.248392790555954 -0.6523645520210266
547 2.605800867080688 -0.2464928478002548 -0.6546553373336792
548 2.638913869857788 -0.2448360323905945 -0.6568999290466309
549 2.672436952590942 -0.2427470833063126 -0.6594904065132141
550 2.706288814544678 -0.240462526679039 -0.6622859835624695
551 2.740388154983521 -0.2389085292816162 -0.6647590398788452
552 2.774652719497681 -0.236826628446579 -0.6676238775253296
553 2.809000015258789 -0.2346652001142502 -0.6706206798553467
554 2.843347549438477 -0.2325080633163452 -0.6736981272697449
555 2.877612113952637 -0.2310930192470551 -0.6764476299285889
556 2.911711454391479 -0.2291558980941772 -0.6795600652694702
557 2.945563316345215 -0.2272168844938278 -0.6827414631843567
558 2.97908616065979 -0.2257590293884277 -0.6857258081436157
559 3.012199401855469 -0.2242627143859863 -0.6887865662574768
560 3.044822931289673 -0.2226484566926956 -0.6919562816619873
561 3.076878547668457 -0.2210713028907776 -0.6951423287391663
562 3.108288764953613 -0.2199772447347641 -0.698102593421936
563 3.138977766036987 -0.2183390706777573 -0.7013622522354126
564 3.168872117996216 -0.2164066880941391 -0.7047726511955261
565 3.197899341583252 -0.2146952450275421 -0.7080562114715576
566 3.225989580154419 -0.2132238894701004 -0.7111948132514954
567 3.253075361251831 -0.2119870483875275 -0.7141825556755066
568 3.279091358184814 -0.2109492868185043 -0.7170273065567017
569 3.303974866867065 -0.2101118117570877 -0.7197186350822449
570 3.32766580581665 -0.2094790041446686 -0.7222446799278259
571 3.350107431411743 -0.2090436220169067 -0.7245991230010986
572 3.371245384216309 -0.2087280601263046 -0.7268074750900269
573 3.391028881072998 -0.2085102200508118 -0.7288692593574524
574 3.409410238265991 -0.2083950191736221 -0.7307718992233276
575 3.426344871520996 -0.2083654552698135 -0.7325132489204407
576 3.441792488098145 -0.2084010243415833 -0.7340930700302124
577 3.455715656280518 -0.2084804475307465 -0.7355117797851562
578 3.468080997467041 -0.2085876166820526 -0.7367683053016663
579 3.478858232498169 -0.2087064981460571 -0.7378619909286499
580 3.488022089004517 -0.2088225930929184 -0.7387924790382385
581 3.49554967880249 -0.2089265584945679 -0.7395579218864441
582 3.501423597335815 -0.2090200632810593 -0.7401528358459473
583 3.505629301071167 -0.2091081738471985 -0.7405714988708496
584 3.508157014846802 -0.2091805338859558 -0.7408156991004944
585 3.509000062942505 -0.2092099785804749 -0.74089515209198
586 2.109843254089355 -0.3028274178504944 -0.6081637740135193
587 2.109000205993652 -0.3029032349586487 -0.6081060767173767
588 2.112370729446411 -0.3026079833507538 -0.6083311438560486
589 2.116576433181763 -0.3022609353065491 -0.6085968017578125
590 2.122450351715088 -0.3021183609962463 -0.6087103486061096
591 2.129978179931641 -0.3019282221794128 -0.6088657975196838
592 2.139141798019409 -0.3016723692417145 -0.6090800166130066
593 2.149919271469116 -0.3012523353099823 -0.6094310283660889
594 2.162284374237061 -0.3005608916282654 -0.6100033521652222
595 2.176207542419434 -0.2997615933418274 -0.6106773614883423
596 2.191655158996582 -0.2987836599349976 -0.6115105748176575
597 2.208590030670166 -0.2977373003959656 -0.6124254465103149
598 2.226971387863159 -0.2965981662273407 -0.6134456992149353
599 2.246754884719849 -0.2958577275276184 -0.6142158508300781
600 2.267892837524414 -0.2949564456939697 -0.6151564121246338
601 2.290334224700928 -0.2936796247959137 -0.6164298057556152
602 2.314025402069092 -0.2921639680862427 -0.6179397106170654
603 2.338908910751343 -0.2904288172721863 -0.6196760535240173
604 2.364924907684326 -0.2893016934394836 -0.621051549911499
605 2.392010688781738 -0.2877779603004456 -0.622795045375824
606 2.420100927352905 -0.285986065864563 -0.6248171925544739
607 2.449128150939941 -0.2839646935462952 -0.6270928978919983
608 2.479022264480591 -0.2819012403488159 -0.6294938921928406
609 2.509711503982544 -0.280634731054306 -0.6314463019371033
610 2.5411217212677 -0.2786363959312439 -0.634013295173645
611 2.573177099227905 -0.2764177322387695 -0.6368394494056702
612 2.605800867080688 -0.2745398283004761 -0.6395458579063416
613 2.638913869857788 -0.2729247212409973 -0.6421915888786316
614 2.672436952590942 -0.2708572745323181 -0.6452566981315613
615 2.706288814544678 -0.268589586019516 -0.6485673189163208
616 2.740388154983521 -0.2671049535274506 -0.6514767408370972
617 2.774652719497681 -0.2650682330131531 -0.654860258102417
618 2.809000015258789 -0.262948751449585 -0.6584036350250244
619 2.843347549438477 -0.2608436942100525 -0.6620386242866516
620 2.877612113952637 -0.259525865316391 -0.6652711033821106
621 2.911711454391479 -0.2576616704463959 -0.6689427495002747
622 2.945563316345215 -0.2557975649833679 -0.6726967692375183
623 2.97908616065979 -0.2544509172439575 -0.6762043833732605
624 3.012199401855469 -0.2530631124973297 -0.6798052787780762
625 3.044822931289673 -0.2515528798103333 -0.6835373640060425
626 3.076878547668457 -0.2500849366188049 -0.6872873306274414
627 3.108288764953613 -0.2491271197795868 -0.6907618641853333
628 3.138977766036987 -0.2475929856300354 -0.6946021914482117
629 3.168872117996216 -0.2457432448863983 -0.6986291408538818
630 3.197899341583252 -0.2441263496875763 -0.7025015950202942
631 3.225989580154419 -0.2427611351013184 -0.7061984539031982
632 3.253075361251831 -0.2416407614946365 -0.7097132205963135
633 3.279091358184814 -0.2407283931970596 -0.7130553126335144
634 3.303974866867065 -0.240023747086525 -0.7162129878997803
635 3.32766580581665 -0.2395286858081818 -0.7191735506057739
636 3.350107431411743 -0.2392333745956421 -0.7219305634498596
637 3.371245384216309 -0.2390599399805069 -0.7245129942893982
638 3.391028881072998 -0.2389835715293884 -0.7269211411476135
639 3.409410238265991 -0.2390087395906448 -0.7291404008865356
640 3.426344871520996 -0.239116370677948 -0.731168806552887
641 3.441792488098145 -0.2392836064100266 -0.7330067753791809
642 3.455715656280518 -0.2394867986440659 -0.7346556782722473
643 3.468080997467041 -0.2397079318761826 -0.7361146211624146
644 3.478858232498169 -0.2399290055036545 -0.7373836636543274
645 3.488022089004517 -0.2401337623596191 -0.7384628057479858
646 3.49554967880249 -0.2403116673231125 -0.7393501996994019
647 3.501423597335815 -0.2404641062021255 -0.7400394678115845
648 3.505629301071167 -0.2405963540077209 -0.740523636341095
649 3.508157014846802 -0.2406969666481018 -0.7408053874969482
650 3.509000062942505 -0.2407363057136536 -0.7408968806266785
651 2.109843254089355 -0.3292189538478851 -0.5866175889968872
652 2.109000205993652 -0.3292959928512573 -0.5865501165390015
653 2.112370729446411 -0.3289959132671356 -0.5868131518363953
654 2.116576433181763 -0.3286432325839996 -0.5871235132217407
655 2.122450351715088 -0.3285014927387238 -0.5872538089752197
656 2.129978179931641 -0.3283154964447021 -0.587429940700531
657 2.139141798019409 -0.3280673623085022 -0.5876713395118713
658 2.149919271469116 -0.327654242515564 -0.588071882724762
659 2.162284374237061 -0.3269667029380798 -0.5887309312820435
660 2.176207542419434 -0.3261726796627045 -0.5895077586174011
661 2.191655158996582 -0.3251956105232239 -0.5904737710952759
662 2.208590030670166 -0.324150949716568 -0.5915359854698181
663 2.226971387863159 -0.3230214715003967 -0.5927159190177917
664 2.246754884719849 -0.3223083913326263 -0.593597948551178
665 2.267892837524414 -0.3214367926120758 -0.5946786999702454
666 2.290334224700928 -0.3201790750026703 -0.5961559414863586
667 2.314025402069092 -0.3186903297901154 -0.5979042649269104
668 2.338908910751343 -0.3169773817062378 -0.5999228954315186
669 2.364924907684326 -0.3159010708332062 -0.6015111207962036
670 2.392010688781738 -0.3144291639328003 -0.6035285592079163
671 2.420100927352905 -0.3126857280731201 -0.6058768033981323
672 2.449128150939941 -0.3107145130634308 -0.6085231900215149
673 2.479022264480591 -0.3087141513824463 -0.6113117933273315
674 2.509711503982544 -0.3075411319732666 -0.6135712862014771
675 2.5411217212677 -0.3056268095970154 -0.616553008556366
676 2.573177099227905 -0.3034878671169281 -0.6198451519012451
677 2.605800867080688 -0.3017187416553497 -0.6229874491691589
678 2.638913869857788 -0.3002302646636963 -0.6260567903518677
679 2.672436952590942 -0.2982805967330933 -0.6296238303184509
680 2.706288814544678 -0.296133279800415 -0.6334803700447083
681 2.740388154983521 -0.2948108911514282 -0.6368554830551147
682 2.774652719497681 -0.2929258048534393 -0.640791654586792
683 2.809000015258789 -0.2909582555294037 -0.6449199318885803
684 2.843347549438477 -0.2890189290046692 -0.6491518020629883
685 2.877612113952637 -0.2878990173339844 -0.6529075503349304
686 2.911711454391479 -0.2862215936183929 -0.6571822762489319
687 2.945563316345215 -0.2845479846000671 -0.6615556478500366
688 2.97908616065979 -0.2834214270114899 -0.6656320691108704
689 3.012199401855469 -0.2822526395320892 -0.6698217391967773
690 3.044822931289673 -0.2809606790542603 -0.6741668581962585
691 3.076878547668457 -0.2797167897224426 -0.6785320043563843
692 3.108288764953613 -0.2790005505084991 -0.6825725436210632
693 3.138977766036987 -0.2776869535446167 -0.6870480179786682
694 3.168872117996216 -0.2760414183139801 -0.6917482614517212
695 3.197899341583252 -0.2746359705924988 -0.6962657570838928
696 3.225989580154419 -0.2734881639480591 -0.7005763053894043
697 3.253075361251831 -0.2725895643234253 -0.7046725749969482
698 3.279091358184814 -0.2719026803970337 -0.7085648775100708
699 3.303974866867065 -0.2714250683784485 -0.7122402191162109
700 3.32766580581665 -0.2711551487445831 -0.7156851887702942
701 3.350107431411743 -0.2710798680782318 -0.7188934087753296
702 3.371245384216309 -0.2711236476898193 -0.7218957543373108
703 3.391028881072998 -0.2712588608264923 -0.7246933579444885
704 3.409410238265991 -0.2714890539646149 -0.7272690534591675
705 3.426344871520996 -0.2717930674552917 -0.7296211123466492
706 3.441792488098145 -0.2721456587314606 -0.7317505478858948
707 3.455715656280518 -0.2725208699703217 -0.733659565448761
708 3.468080997467041 -0.2728987038135529 -0.7353475689888
709 3.478858232498169 -0.273259162902832 -0.7368150949478149
710 3.488022089004517 -0.273584246635437 -0.7380625605583191
711 3.49554967880249 -0.2738621234893799 -0.7390881776809692
712 3.501423597335815 -0.2740937769412994 -0.7398843765258789
713 3.505629301071167 -0.2742844223976135 -0.7404429912567139
714 3.508157014846802 -0.2744216322898865 -0.7407674193382263
715 3.509000062942505 -0.2744735777378082 -0.7408725619316101
716 2.109843254089355 -0.3536489009857178 -0.5637578964233398
717 2.109000205993652 -0.3537255823612213 -0.5636811256408691
718 2.112370729446411 -0.3534269630908966 -0.5639805793762207
719 2.116576433181763 -0.353076159954071 -0.5643339157104492
720 2.122450351715088 -0.3529388606548309 -0.5644792914390564
721 2.129978179931641 -0.3527624309062958 -0.5646728277206421
722 2.139141798019409 -0.352529764175415 -0.5649364590644836
723 2.149919271469116 -0.3521353900432587 -0.5653808116912842
724 2.162284374237061 -0.3514700829982758 -0.566119909286499
725 2.176207542419434 -0.3507030606269836 -0.5669921636581421
726 2.191655158996582 -0.3497528731822968 -0.5680849552154541
727 2.208590030670166 -0.3487384617328644 -0.5692890882492065
728 2.226971387863159 -0.3476517200469971 -0.5706214904785156
729 2.246754884719849 -0.3469932675361633 -0.5716086626052856
730 2.267892837524414 -0.346184253692627 -0.5728229880332947
731 2.290334224700928 -0.3449873924255371 -0.5745006799697876
732 2.314025402069092 -0.3435759842395782 -0.5764817595481873
733 2.338908910751343 -0.3419420123100281 -0.5787803530693054
734 2.364924907684326 -0.3409648835659027 -0.5805797576904297
735 2.392010688781738 -0.3396051228046417 -0.5828694701194763
736 2.420100927352905 -0.3379786312580109 -0.5855452418327332
737 2.449128150939941 -0.3361343145370483 -0.5885656476020813
738 2.479022264480591 -0.3342793881893158 -0.5917455554008484
739 2.509711503982544 -0.3332699835300446 -0.5943202376365662
740 2.5411217212677 -0.3315288126468658 -0.5977255702018738
741 2.573177099227905 -0.3295661807060242 -0.6014975905418396
742 2.605800867080688 -0.3280013799667358 -0.605089545249939
743 2.638913869857788 -0.3267342150211334 -0.6085994243621826
744 2.672436952590942 -0.3250094652175903 -0.6126894950866699
745 2.706288814544678 -0.3230977058410645 -0.61711585521698
746 2.740388154983521 -0.3220427334308624 -0.6209815740585327
747 2.774652719497681 -0.3204291164875031 -0.6254982352256775
748 2.809000015258789 -0.3187378644943237 -0.6302441954612732
749 2.843347549438477 -0.3170929551124573 -0.6351064443588257
750 2.877612113952637 -0.3162873387336731 -0.6394227743148804
751 2.911711454391479 -0.3149270415306091 -0.644339919090271
752 2.945563316345215 -0.3135767877101898 -0.6493752002716064
753 2.97908616065979 -0.3127968013286591 -0.6540632247924805
754 3.012199401855469 -0.3119757771492004 -0.6588878035545349
755 3.044822931289673 -0.3110350072383881 -0.6638938784599304
756 3.076878547668457 -0.3101490437984467 -0.6689231395721436
757 3.108288764953613 -0.3097988963127136 -0.6735805869102478
758 3.138977766036987 -0.3088420033454895 -0.6787431836128235
759 3.168872117996216 -0.3075423240661621 -0.6841707229614258
760 3.197899341583252 -0.3064851462841034 -0.689387321472168
761 3.225989580154419 -0.3056857585906982 -0.6943656206130981
762 3.253075361251831 -0.3051337003707886 -0.6990972757339478
763 3.279091358184814 -0.3047913908958435 -0.7035925388336182
764 3.303974866867065 -0.3046535551548004 -0.7078372240066528
765 3.32766580581665 -0.3047141432762146 -0.7118176221847534
766 3.350107431411743 -0.3049561679363251 -0.7155277132987976
767 3.371245384216309 -0.3053087294101715 -0.7189977169036865
768 3.391028881072998 -0.305741161108017 -0.7222297191619873
769 3.409410238265991 -0.3062556982040405 -0.7252036929130554
770 3.426344871520996 -0.3068287968635559 -0.7279180288314819
771 3.441792488098145 -0.3074328899383545 -0.730374276638031
772 3.455715656280518 -0.308039665222168 -0.7325752377510071
773 3.468080997467041 -0.3086270093917847 -0.7345206141471863
774 3.478858232498169 -0.3091729283332825 -0.7362112402915955
775 3.488022089004517 -0.3096575140953064 -0.7376481294631958
776 3.49554967880249 -0.3100676536560059 -0.7388293147087097
777 3.501423597335815 -0.3104036152362823 -0.7397459745407104
778 3.505629301071167 -0.3106703758239746 -0.7403886318206787
779 3.508157014846802 -0.310854583978653 -0.7407613396644592
780 3.509000062942505 -0.3109225630760193 -0.7408819794654846
781 2.109843254089355 -0.3760640919208527 -0.539808452129364
782 2.109000205993652 -0.3761389255523682 -0.5397230386734009
783 2.112370729446411 -0.3758476674556732 -0.5400562882423401
784 2.116576433181763 -0.3755057454109192 -0.5404496192932129
785 2.122450351715088 -0.375376284122467 -0.5406076312065125
786 2.129978179931641 -0.3752143383026123 -0.5408143997192383
787 2.139141798019409 -0.3750042319297791 -0.5410939455032349
788 2.149919271469116 -0.3746396601200104 -0.541574239730835
789 2.162284374237061 -0.3740138709545135 -0.5423834919929504
790 2.176207542419434 -0.373294472694397 -0.5433403253555298
791 2.191655158996582 -0.372396320104599 -0.5445497035980225
792 2.208590030670166 -0.3714402616024017 -0.5458862781524658
793 2.226971387863159 -0.3704286813735962 -0.5473589301109314
794 2.246754884719849 -0.3698521554470062 -0.54844069480896
795 2.267892837524414 -0.3691387474536896 -0.5497777462005615
796 2.290334224700928 -0.3680452108383179 -0.5516470670700073
797 2.314025402069092 -0.3667621612548828 -0.5538487434387207
798 2.338908910751343 -0.3652653992176056 -0.5564179420471191
799 2.364924907684326 -0.3644381165504456 -0.5584218502044678
800 2.392010688781738 -0.3632533550262451 -0.560975193977356
801 2.420100927352905 -0.3618157505989075 -0.5639724135398865
802 2.449128150939941 -0.3601791262626648 -0.5673620700836182
803 2.479022264480591 -0.3585566580295563 -0.5709283947944641
804 2.509711503982544 -0.357787013053894 -0.5738203525543213
805 2.5411217212677 -0.3563147783279419 -0.5776496529579163
806 2.573177099227905 -0.3546327948570251 -0.5819066762924194
807 2.605800867080688 -0.3533764779567719 -0.585953950881958
808 2.638913869857788 -0.3524348437786102 -0.5899140238761902
809 2.672436952590942 -0.3510528206825256 -0.5945396423339844
810 2.706288814544678 -0.3495034873485565 -0.599550724029541
811 2.740388154983521 -0.3488337099552155 -0.6039248704910278
812 2.774652719497681 -0.347624808549881 -0.6090415716171265
813 2.809000015258789 -0.3463488519191742 -0.6144292950630188
814 2.843347549438477 -0.3451423943042755 -0.6199468970298767
815 2.877612113952637 -0.3447839319705963 -0.6248549818992615
816 2.911711454391479 -0.3438883125782013 -0.630446195602417
817 2.945563316345215 -0.3430122435092926 -0.6361784338951111
818 2.97908616065979 -0.3427237868309021 -0.6415145993232727
819 3.012199401855469 -0.3423985242843628 -0.6470142006874084
820 3.044822931289673 -0.3419617414474487 -0.6527227163314819
821 3.076878547668457 -0.3415877521038055 -0.6584586501121521
822 3.108288764953613 -0.341748833656311 -0.6637793183326721
823 3.138977766036987 -0.341305673122406 -0.6696749925613403
824 3.168872117996216 -0.3405146896839142 -0.6758770942687988
825 3.197899341583252 -0.3399638235569 -0.681840717792511
826 3.225989580154419 -0.339665025472641 -0.6875355243682861
827 3.253075361251831 -0.3396052718162537 -0.692952036857605
828 3.279091358184814 -0.3397472202777863 -0.6980992555618286
829 3.303974866867065 -0.3400820195674896 -0.7029617428779602
830 3.32766580581665 -0.340598076581955 -0.7075261473655701
831 3.350107431411743 -0.3412738144397736 -0.7117869853973389
832 3.371245384216309 -0.342044860124588 -0.7157711982727051
833 3.391028881072998 -0.3428774476051331 -0.719481348991394
834 3.409410238265991 -0.343771755695343 -0.7228947281837463
835 3.426344871520996 -0.344701737165451 -0.7260093092918396
836 3.441792488098145 -0.345637321472168 -0.7288270592689514
837 3.455715656280518 -0.3465477228164673 -0.7313514351844788
838 3.468080997467041 -0.3474086225032806 -0.7335821390151978
839 3.478858232498169 -0.348195880651474 -0.7355204820632935
840 3.488022089004517 -0.3488876521587372 -0.7371677160263062
841 3.49554967880249 -0.3494692444801331 -0.7385216355323792
842 3.501423597335815 -0.3499400913715363 -0.7395722270011902
843 3.505629301071167 -0.3503045737743378 -0.7403085231781006
844 3.508157014846802 -0.3505485057830811 -0.7407351732254028
845 3.509000062942505 -0.3506366908550262 -0.7408731579780579
846 2.109843254089355 -0.3964394330978394 -0.5149897336959839
847 2.109000205993652 -0.3965109884738922 -0.5148965120315552
848 2.112370729446411 -0.3962325155735016 -0.5152599811553955
849 2.116576433181763 -0.3959058821201324 -0.5156891345977783
850 2.122450351715088 -0.3957872688770294 -0.515856921672821
851 2.129978179931641 -0.3956441581249237 -0.5160717368125916
852 2.139141798019409 -0.3954627811908722 -0.5163596868515015
853 2.149919271469116 -0.3951379954814911 -0.5168662667274475
854 2.162284374237061 -0.3945676684379578 -0.5177330374717712
855 2.176207542419434 -0.393915206193924 -0.5187605619430542
856 2.191655158996582 -0.3930931091308594 -0.5200729370117188
857 2.208590030670166 -0.3922225832939148 -0.5215286016464233
858 2.226971387863159 -0.3913176357746124 -0.5231250524520874
859 2.246754884719849 -0.3908501863479614 -0.5242878198623657
860 2.267892837524414 -0.3902655839920044 -0.5257329344749451
861 2.290334224700928 -0.3893185257911682 -0.5277804732322693
862 2.314025402069092 -0.3882156610488892 -0.5301849842071533
863 2.338908910751343 -0.3869158327579498 -0.5330095291137695
864 2.364924907684326 -0.3862919509410858 -0.5352067947387695
865 2.392010688781738 -0.3853481113910675 -0.5380095839500427
866 2.420100927352905 -0.3841752409934998 -0.5413160920143127
867 2.449128150939941 -0.3828320205211639 -0.5450633764266968
868 2.479022264480591 -0.381534606218338 -0.5490040183067322
869 2.509711503982544 -0.3810887932777405 -0.5522106885910034
870 2.5411217212677 -0.379989355802536 -0.5564574599266052
871 2.573177099227905 -0.3787019550800323 -0.5611976385116577
872 2.605800867080688 -0.3778688311576843 -0.5656995177268982
873 2.638913869857788 -0.3773693144321442 -0.5701138973236084
874 2.672436952590942 -0.3764611780643463 -0.5752810835838318
875 2.706288814544678 -0.3754156529903412 -0.5808849334716797
876 2.740388154983521 -0.3752649426460266 -0.5857804417610168
877 2.774652719497681 -0.3746110498905182 -0.5915102362632751
878 2.809000015258789 -0.3739078640937805 -0.5975578427314758
879 2.843347549438477 -0.3733032941818237 -0.6037495136260986
880 2.877612113952637 -0.3735460042953491 -0.6092767119407654
881 2.911711454391479 -0.3732844293117523 -0.6155684590339661
882 2.945563316345215 -0.3730564117431641 -0.6220277547836304
883 2.97908616065979 -0.3734283149242401 -0.6280447840690613
884 3.012199401855469 -0.3737716972827911 -0.6342560052871704
885 3.044822931289673 -0.3740170896053314 -0.6407048106193542
886 3.076878547668457 -0.3743351101875305 -0.6471863389015198
887 3.108288764953613 -0.3751793801784515 -0.6532147526741028
888 3.138977766036987 -0.3754338622093201 -0.6598859429359436
889 3.168872117996216 -0.3753414750099182 -0.6669057011604309
890 3.197899341583252 -0.3754822015762329 -0.673660933971405
891 3.225989580154419 -0.3758634030818939 -0.6801185011863708
892 3.253075361251831 -0.3764687478542328 -0.6862673759460449
893 3.279091358184814 -0.3772613704204559 -0.6921141147613525
894 3.303974866867065 -0.3782278895378113 -0.6976421475410461
895 3.32766580581665 -0.3793500661849976 -0.702839195728302
896 3.350107431411743 -0.3806008994579315 -0.7077003717422485
897 3.371245384216309 -0.3819241523742676 -0.7122460603713989
898 3.391028881072998 -0.3832825422286987 -0.7164793610572815
899 3.409410238265991 -0.3846734464168549 -0.7203741669654846
900 3.426344871520996 -0.3860680162906647 -0.7239282131195068
901 3.441792488098145 -0.3874333798885345 -0.7271435260772705
902 3.455715656280518 -0.3887361586093903 -0.730023980140686
903 3.468080997467041 -0.38994961977005 -0.7325692772865295
904 3.478858232498169 -0.3910472095012665 -0.7347808480262756
905 3.488022089004517 -0.3920049667358398 -0.7366602420806885
906 3.49554967880249 -0.3928065598011017 -0.7382050752639771
907 3.501423597335815 -0.3934500515460968 -0.7394037246704102
908 3.505629301071167 -0.3939391076564789 -0.7402435541152954
909 3.508157014846802 -0.3942586183547974 -0.7407301068305969
910 3.509000062942505 -0.3943721950054169 -0.7408874034881592
911 2.109843254089355 -0.4147760272026062 -0.4895147979259491
912 2.109000205993652 -0.4148431420326233 -0.4894149899482727
913 2.112370729446411 -0.4145821034908295 -0.4898042380809784
914 2.116576433181763 -0.4142763912677765 -0.4902640879154205
915 2.122450351715088 -0.4141711592674255 -0.4904381930828094
916 2.129978179931641 -0.4140505492687225 -0.490655243396759
917 2.139141798019409 -0.4139031171798706 -0.4909429252147675
918 2.149919271469116 -0.4136268794536591 -0.4914646148681641
919 2.162284374237061 -0.4131263196468353 -0.4923741817474365
920 2.176207542419434 -0.4125584065914154 -0.4934556782245636
921 2.191655158996582 -0.4118349552154541 -0.4948542416095734
922 2.208590030670166 -0.4110760688781738 -0.4964125454425812
923 2.226971387863159 -0.4103081524372101 -0.4981126189231873
924 2.246754884719849 -0.4099768698215485 -0.4993399381637573
925 2.267892837524414 -0.4095545411109924 -0.5008752346038818
926 2.290334224700928 -0.4087979793548584 -0.5030835270881653
927 2.314025402069092 -0.4079278111457825 -0.5056681632995605
928 2.338908910751343 -0.4068863391876221 -0.5087271928787231
929 2.364924907684326 -0.4065228998661041 -0.5111029148101807
930 2.392010688781738 -0.4058895707130432 -0.5141357183456421
931 2.420100927352905 -0.4050621092319489 -0.5177333354949951
932 2.449128150939941 -0.404103696346283 -0.5218201279640198
933 2.479022264480591 -0.4032307267189026 -0.5261161923408508
934 2.509711503982544 -0.4032021164894104 -0.5296306014060974
935 2.5411217212677 -0.4025889933109283 -0.5342819094657898
936 2.573177099227905 -0.401821494102478 -0.5394963026046753
937 2.605800867080688 -0.4015392363071442 -0.5444456934928894
938 2.638913869857788 -0.4016130566596985 -0.549312949180603
939 2.672436952590942 -0.4013260304927826 -0.5550211668014526
940 2.706288814544678 -0.4009431898593903 -0.5612185597419739
941 2.740388154983521 -0.4014648795127869 -0.5666431784629822
942 2.774652719497681 -0.4015367031097412 -0.5729925036430359
943 2.809000015258789 -0.4015860259532928 -0.5797114372253418
944 2.843347549438477 -0.4017702043056488 -0.5865890383720398
945 2.877612113952637 -0.4027938842773438 -0.5927583575248718
946 2.911711454391479 -0.4033621847629547 -0.5997711420059204
947 2.945563316345215 -0.4039838314056396 -0.6069816946983337
948 2.97908616065979 -0.4052139520645142 -0.6137080192565918
949 3.012199401855469 -0.4064290225505829 -0.620663046836853
950 3.044822931289673 -0.4075657427310944 -0.6278852224349976
951 3.076878547668457 -0.4087873697280884 -0.6351467967033386
952 3.108288764953613 -0.410519540309906 -0.641924262046814
953 3.138977766036987 -0.4116881787776947 -0.6494089961051941
954 3.168872117996216 -0.4125171303749084 -0.6572842001914978
955 3.197899341583252 -0.4135676920413971 -0.6648710966110229
956 3.225989580154419 -0.4148413836956024 -0.6721338033676147
957 3.253075361251831 -0.4163177609443665 -0.6790595054626465
958 3.279091358184814 -0.4179600477218628 -0.6856508255004883
959 3.303974866867065 -0.4197494387626648 -0.6918902993202209
960 3.32766580581665 -0.4216598570346832 -0.6977671980857849
961 3.350107431411743 -0.423658013343811 -0.7032778859138489
962 3.371245384216309 -0.4256966114044189 -0.708432137966156
963 3.391028881072998 -0.4277344644069672 -0.7132333517074585
964 3.409410238265991 -0.4297652244567871 -0.7176519632339478
965 3.426344871520996 -0.4317567050457001 -0.7216849327087402
966 3.441792488098145 -0.4336729347705841 -0.7253343462944031
967 3.455715656280518 -0.4354775547981262 -0.7286040186882019
968 3.468080997467041 -0.437141090631485 -0.7314935326576233
969 3.478858232498169 -0.4386342763900757 -0.7340044975280762
970 3.488022089004517 -0.4399308264255524 -0.7361384034156799
971 3.49554967880249 -0.4410123825073242 -0.7378924489021301
972 3.501423597335815 -0.4418753981590271 -0.7392535805702209
973 3.505629301071167 -0.4425222873687744 -0.7402073740959167
974 3.508157014846802 -0.4429370760917664 -0.7407599687576294
975 3.509000062942505 -0.4430825412273407 -0.7409386038780212
976 2.109843254089355 -0.4310987293720245 -0.4635863304138184
977 2.109000205993652 -0.4311603605747223 -0.463481217622757
978 2.112370729446411 -0.4309207201004028 -0.4638911783695221
979 2.116576433181763 -0.4306406676769257 -0.4643756747245789
980 2.122450351715088 -0.4305509626865387 -0.4645523428916931
981 2.129978179931641 -0.43045574426651 -0.4647653102874756
982 2.139141798019409 -0.4303466081619263 -0.4650434851646423
983 2.149919271469116 -0.4301264584064484 -0.4655680954456329
984 2.162284374237061 -0.4297085106372833 -0.466503918170929
985 2.176207542419434 -0.4292413294315338 -0.4676209986209869
986 2.191655158996582 -0.4286380708217621 -0.4690869748592377
987 2.208590030670166 -0.4280165433883667 -0.4707292914390564
988 2.226971387863159 -0.4274157583713531 -0.4725105762481689
989 2.246754884719849 -0.4272491037845612 -0.4737848341464996
990 2.267892837524414 -0.4270245432853699 -0.4753911197185516
991 2.290334224700928 -0.4265053868293762 -0.4777408242225647
992 2.314025402069092 -0.4259237349033356 -0.4804805219173431
993 2.338908910751343 -0.4252069294452667 -0.4837507307529449
994 2.364924907684326 -0.4251681864261627 -0.4862891137599945
995 2.392010688781738 -0.4249230623245239 -0.4895311295986176
996 2.420100927352905 -0.4245314002037048 -0.4934001863002777
997 2.449128150939941 -0.424060583114624 -0.4978066384792328
998 2.479022264480591 -0.423724502325058 -0.5024378895759583
999 2.509711503982544 -0.4242235422134399 -0.5062538981437683
1000 2.5411217212677 -0.4242281913757324 -0.5112962126731873
1001 2.573177099227905 -0.4241262674331665 -0.5169757008552551
1002 2.605800867080688 -0.4245452582836151 -0.5223664045333862
1003 2.638913869857788 -0.4253495335578918 -0.527687132358551
1004 2.672436952590942 -0.4258587062358856 -0.5339372754096985
1005 2.706288814544678 -0.4263273775577545 -0.5407305955886841
1006 2.740388154983521 -0.4277081787586212 -0.5466959476470947
1007 2.774652719497681 -0.4287115037441254 -0.5536742806434631
1008 2.809000015258789 -0.4297306835651398 -0.5610794425010681
1009 2.843347549438477 -0.4309299290180206 -0.5686587691307068
1010 2.877612113952637 -0.4329575598239899 -0.5754995942115784
1011 2.911711454391479 -0.4345957338809967 -0.5832594037055969
1012 2.945563316345215 -0.4363149702548981 -0.5912513732910156
1013 2.97908616065979 -0.4386494755744934 -0.5987226366996765
1014 3.012199401855469 -0.4409894049167633 -0.6064614653587341
1015 3.044822931289673 -0.4432778060436249 -0.6144979000091553
1016 3.076878547668457 -0.4456668198108673 -0.6225818991661072
1017 3.108288764953613 -0.4485455751419067 -0.6301596164703369
1018 3.138977766036987 -0.4508985579013824 -0.6385039687156677
1019 3.168872117996216 -0.4529253542423248 -0.647280216217041
1020 3.197899341583252 -0.4551582038402557 -0.6557468771934509
1021 3.225989580154419 -0.4575911164283752 -0.6638659238815308
1022 3.253075361251831 -0.4601984024047852 -0.6716222763061523
1023 3.279091358184814 -0.4629427194595337 -0.6790130138397217
1024 3.303974866867065 -0.465798556804657 -0.6860195994377136
1025 3.32766580581665 -0.4687307476997375 -0.6926339268684387
1026 3.350107431411743 -0.4716985523700714 -0.6988539099693298
1027 3.371245384216309 -0.4746637344360352 -0.7046741247177124
1028 3.391028881072998 -0.4775804281234741 -0.7100982069969177
1029 3.409410238265991 -0.4804373681545258 -0.7150925397872925
1030 3.426344871520996 -0.483198344707489 -0.7196531891822815
1031 3.441792488098145 -0.4858236610889435 -0.7237817049026489
1032 3.455715656280518 -0.4882734715938568 -0.7274818420410156
1033 3.468080997467041 -0.4905149340629578 -0.7307524681091309
1034 3.478858232498169 -0.4925156831741333 -0.7335951924324036
1035 3.488022089004517 -0.4942466616630554 -0.7360114455223083
1036 3.49554967880249 -0.4956870675086975 -0.7379977703094482
1037 3.501423597335815 -0.4968312382698059 -0.7395394444465637
1038 3.505629301071167 -0.4976798892021179 -0.7406201362609863
1039 3.508157014846802 -0.4982160925865173 -0.7412465214729309
1040 3.509000062942505 -0.4984020888805389 -0.7414491176605225
1041 2.109843254089355 -0.4454533159732819 -0.4373933672904968
1042 2.109000205993652 -0.445508748292923 -0.4372844696044922
1043 2.112370729446411 -0.4452932178974152 -0.4377090632915497
1044 2.116576433181763 -0.4450411200523376 -0.4382102191448212
1045 2.122450351715088 -0.444964587688446 -0.4383816421031952
1046 2.129978179931641 -0.444888710975647 -0.438575953245163
1047 2.139141798019409 -0.4448060989379883 -0.4388205409049988
1048 2.149919271469116 -0.4446238279342651 -0.4393117725849152
1049 2.162284374237061 -0.4442622363567352 -0.4402205944061279
1050 2.176207542419434 -0.4438566565513611 -0.4413022100925446
1051 2.191655158996582 -0.4433196485042572 -0.4427444338798523
1052 2.208590030670166 -0.4427615702152252 -0.4443560838699341
1053 2.226971387863159 -0.4422292411327362 -0.4460721611976624
1054 2.246754884719849 -0.442094624042511 -0.4472201466560364
1055 2.267892837524414 -0.4419039785861969 -0.4486854076385498
1056 2.290334224700928 -0.4414270222187042 -0.4509220719337463
1057 2.314025402069092 -0.4408991038799286 -0.4535098671913147
1058 2.338908910751343 -0.440230518579483 -0.4566349387168884
1059 2.364924907684326 -0.4401825964450836 -0.4589328765869141
1060 2.392010688781738 -0.4399429261684418 -0.4619154930114746
1061 2.420100927352905 -0.4395517408847809 -0.465524286031723
1062 2.449128150939941 -0.4390761852264404 -0.4696505963802338
1063 2.479022264480591 -0.4387213587760925 -0.4739457070827484
1064 2.509711503982544 -0.4391169548034668 -0.4773340225219727
1065 2.5411217212677 -0.4390493631362915 -0.4819529056549072
1066 2.573177099227905 -0.4388574361801147 -0.4872084259986877
1067 2.605800867080688 -0.4391453862190247 -0.4920752942562103
1068 2.638913869857788 -0.4397726356983185 -0.4968110322952271
1069 2.672436952590942 -0.4401053786277771 -0.5024833083152771
1070 2.706288814544678 -0.4403843581676483 -0.5086732506752014
1071 2.740388154983521 -0.4415007829666138 -0.5139116644859314
1072 2.774652719497681 -0.442251056432724 -0.5201704502105713
1073 2.809000015258789 -0.4429908692836761 -0.5268434882164001
1074 2.843347549438477 -0.4438912272453308 -0.5336351990699768
1075 2.877612113952637 -0.4455377161502838 -0.5396055579185486
1076 2.911711454391479 -0.4468120038509369 -0.5465023517608643
1077 2.945563316345215 -0.4481437802314758 -0.5536118149757385
1078 2.97908616065979 -0.4500429630279541 -0.5601183772087097
1079 3.012199401855469 -0.4519284665584564 -0.5668896436691284
1080 3.044822931289673 -0.4537566304206848 -0.5739507675170898
1081 3.076878547668457 -0.455672562122345 -0.5810380578041077
1082 3.108288764953613 -0.4580297470092773 -0.5875832438468933
1083 3.138977766036987 -0.4598944783210754 -0.5949336290359497
1084 3.168872117996216 -0.4614465832710266 -0.6027498245239258
1085 3.197899341583252 -0.4631885886192322 -0.6102414727210999
1086 3.225989580154419 -0.4651152193546295 -0.6173779964447021
1087 3.253075361251831 -0.4672040939331055 -0.6241515278816223
1088 3.279091358184814 -0.4694262742996216 -0.6305610537528992
1089 3.303974866867065 -0.4717581272125244 -0.6365969777107239
1090 3.32766580581665 -0.4741641879081726 -0.6422643065452576
1091 3.350107431411743 -0.4766050279140472 -0.6475719809532166
1092 3.371245384216309 -0.4790602028369904 -0.6525042653083801
1093 3.391028881072998 -0.4814877212047577 -0.6570733189582825
1094 3.409410238265991 -0.4838790595531464 -0.6612502932548523
1095 3.426344871520996 -0.4862017333507538 -0.6650378704071045
1096 3.441792488098145 -0.4884195923805237 -0.6684445738792419
1097 3.455715656280518 -0.4904962480068207 -0.6714808344841003
1098 3.468080997467041 -0.4924017488956451 -0.6741513609886169
1099 3.478858232498169 -0.494106262922287 -0.6764633655548096
1100 3.488022089004517 -0.4955829083919525 -0.678423285484314
1101 3.49554967880249 -0.4968128204345703 -0.680031418800354
1102 3.501423597335815 -0.4977914988994598 -0.6812750101089478
1103 3.505629301071167 -0.4985205829143524 -0.6821387410163879
1104 3.508157014846802 -0.4989842474460602 -0.68263179063797
1105 3.509000062942505 -0.499145895242691 -0.6827890872955322
1106 2.109843254089355 -0.4579035341739655 -0.4111093282699585
1107 2.109000205993652 -0.4579522013664246 -0.4109981954097748
1108 2.112370729446411 -0.4577628970146179 -0.4114314317703247
1109 2.116576433181763 -0.4575413167476654 -0.4119422733783722
1110 2.122450351715088 -0.4574784338474274 -0.4121044874191284
1111 2.129978179931641 -0.4574218988418579 -0.4122737050056458
1112 2.139141798019409 -0.457365483045578 -0.4124756455421448
1113 2.149919271469116 -0.4572219252586365 -0.4129215478897095
1114 2.162284374237061 -0.4569196701049805 -0.4137869775295258
1115 2.176207542419434 -0.4565793573856354 -0.4148154258728027
1116 2.191655158996582 -0.4561148285865784 -0.4162163734436035
1117 2.208590030670166 -0.4556274712085724 -0.4177812933921814
1118 2.226971387863159 -0.4551706314086914 -0.4194137156009674
1119 2.246754884719849 -0.4550709128379822 -0.4204251170158386
1120 2.267892837524414 -0.4549187421798706 -0.4217391014099121
1121 2.290334224700928 -0.4544940888881683 -0.4238536357879639
1122 2.314025402069092 -0.4540310800075531 -0.426276832818985
1123 2.338908910751343 -0.4534260034561157 -0.429248183965683
1124 2.364924907684326 -0.4533777832984924 -0.4313100874423981
1125 2.392010688781738 -0.4531562924385071 -0.4340350329875946
1126 2.420100927352905 -0.4527827799320221 -0.4373892843723297
1127 2.449128150939941 -0.4523230791091919 -0.4412444233894348
1128 2.479022264480591 -0.4519704282283783 -0.445216029882431
1129 2.509711503982544 -0.4522766470909119 -0.4482111036777496
1130 2.5411217212677 -0.452159196138382 -0.4524355232715607
1131 2.573177099227905 -0.4519048035144806 -0.4573044776916504
1132 2.605800867080688 -0.4520848095417023 -0.4616940319538116
1133 2.638913869857788 -0.4525564312934875 -0.4659041464328766
1134 2.672436952590942 -0.452741414308548 -0.4710614085197449
1135 2.706288814544678 -0.4528630375862122 -0.4767166078090668
1136 2.740388154983521 -0.4537382423877716 -0.4813139736652374
1137 2.774652719497681 -0.4542665183544159 -0.4869396984577179
1138 2.809000015258789 -0.4547614455223083 -0.4929767251014709
1139 2.843347549438477 -0.455397367477417 -0.4990824162960052
1140 2.877612113952637 -0.4566895663738251 -0.5043050050735474
1141 2.911711454391479 -0.4576342701911926 -0.5104596614837646
1142 2.945563316345215 -0.4586144685745239 -0.5168154835700989
1143 2.97908616065979 -0.4601076245307922 -0.5224971771240234
1144 3.012199401855469 -0.4615704119205475 -0.528447687625885
1145 3.044822931289673 -0.4629723131656647 -0.5346831083297729
1146 3.076878547668457 -0.464449018239975 -0.540926992893219
1147 3.108288764953613 -0.466313362121582 -0.5466054677963257
1148 3.138977766036987 -0.4677264094352722 -0.553121030330658
1149 3.168872117996216 -0.4688454866409302 -0.5601346492767334
1150 3.197899341583252 -0.4701356291770935 -0.5668123960494995
1151 3.225989580154419 -0.4715920090675354 -0.5731307864189148
1152 3.253075361251831 -0.4731955230236053 -0.5790880918502808
1153 3.279091358184814 -0.4749255478382111 -0.5846830606460571
1154 3.303974866867065 -0.4767605066299438 -0.5899142622947693
1155 3.32766580581665 -0.4786648154258728 -0.5948000550270081
1156 3.350107431411743 -0.4806005358695984 -0.599360466003418
1157 3.371245384216309 -0.4825648665428162 -0.6035636067390442
1158 3.391028881072998 -0.4845199882984161 -0.6074294447898865
1159 3.409410238265991 -0.4864600300788879 -0.6109326481819153
1160 3.426344871520996 -0.4883563220500946 -0.6140819191932678
1161 3.441792488098145 -0.4901766777038574 -0.616891622543335
1162 3.455715656280518 -0.4918883740901947 -0.6193779706954956
1163 3.468080997467041 -0.4934645891189575 -0.6215507984161377
1164 3.478858232498169 -0.4948782622814178 -0.6234221458435059
1165 3.488022089004517 -0.4961050450801849 -0.6250030398368835
1166 3.49554967880249 -0.4971279799938202 -0.6262968778610229
1167 3.501423597335815 -0.4979436993598938 -0.6272925138473511
1168 3.505629301071167 -0.4985546469688416 -0.6279754042625427
1169 3.508157014846802 -0.4989463090896606 -0.6283568739891052
1170 3.509000062942505 -0.4990836977958679 -0.6284762620925903
1171 2.109843254089355 -0.468527764081955 -0.3848902583122253
1172 2.109000205993652 -0.4685693681240082 -0.3847784996032715
1173 2.112370729446411 -0.468407541513443 -0.38521409034729
1174 2.116576433181763 -0.4682179689407349 -0.3857273757457733
1175 2.122450351715088 -0.4681686162948608 -0.3858763575553894
1176 2.129978179931641 -0.4681305587291718 -0.3860141634941101
1177 2.139141798019409 -0.4680988490581512 -0.3861643671989441
1178 2.149919271469116 -0.4679931998252869 -0.3865528106689453
1179 2.162284374237061 -0.4677510261535645 -0.387358158826828
1180 2.176207542419434 -0.4674772918224335 -0.3883152306079865
1181 2.191655158996582 -0.4670890867710114 -0.3896566331386566
1182 2.208590030670166 -0.4666775763034821 -0.3911577761173248
1183 2.226971387863159 -0.466300755739212 -0.3926871418952942
1184 2.246754884719849 -0.4662378132343292 -0.3935510814189911
1185 2.267892837524414 -0.4661276340484619 -0.3947028517723083
1186 2.290334224700928 -0.465764582157135 -0.3966847360134125
1187 2.314025402069092 -0.4653764069080353 -0.3989289402961731
1188 2.338908910751343 -0.4648494720458984 -0.4017357528209686
1189 2.364924907684326 -0.4648114144802094 -0.4035645425319672
1190 2.392010688781738 -0.4646219313144684 -0.4060313701629639
1191 2.420100927352905 -0.4642851948738098 -0.4091342389583588
1192 2.449128150939941 -0.4638644158840179 -0.4127239882946014
1193 2.479022264480591 -0.4635379314422607 -0.4163813591003418
1194 2.509711503982544 -0.4637754559516907 -0.41901496052742
1195 2.5411217212677 -0.4636363685131073 -0.4228703677654266
1196 2.573177099227905 -0.4633542597293854 -0.4273856580257416
1197 2.605800867080688 -0.4634580910205841 -0.4313404560089111
1198 2.638913869857788 -0.4638064205646515 -0.4350804388523102
1199 2.672436952590942 -0.4638838768005371 -0.4397808909416199
1200 2.706288814544678 -0.463892936706543 -0.4449646472930908
1201 2.740388154983521 -0.4645653963088989 -0.4490024447441101
1202 2.774652719497681 -0.4649181663990021 -0.4540760815143585
1203 2.809000015258789 -0.4652198851108551 -0.4595674872398376
1204 2.843347549438477 -0.4656438231468201 -0.4650827050209045
1205 2.877612113952637 -0.4666300117969513 -0.4696751534938812
1206 2.911711454391479 -0.4673006534576416 -0.4752026796340942
1207 2.945563316345215 -0.4679878056049347 -0.4809273481369019
1208 2.97908616065979 -0.4691286981105804 -0.4859184622764587
1209 3.012199401855469 -0.4702260196208954 -0.4911893308162689
1210 3.044822931289673 -0.471261739730835 -0.4967426061630249
1211 3.076878547668457 -0.472359836101532 -0.5022902488708496
1212 3.108288764953613 -0.4737888276576996 -0.5072622895240784
1213 3.138977766036987 -0.474814385175705 -0.5130958557128906
1214 3.168872117996216 -0.4755696654319763 -0.5194574594497681
1215 3.197899341583252 -0.476474940776825 -0.5254755020141602
1216 3.225989580154419 -0.4775256216526031 -0.531133770942688
1217 3.253075361251831 -0.4787057340145111 -0.5364357829093933
1218 3.279091358184814 -0.4800025224685669 -0.5413771867752075
1219 3.303974866867065 -0.481396347284317 -0.5459645986557007
1220 3.32766580581665 -0.4828518927097321 -0.5502298474311829
1221 3.350107431411743 -0.4843330085277557 -0.554203987121582
1222 3.371245384216309 -0.4858531951904297 -0.5578331351280212
1223 3.391028881072998 -0.4873789548873901 -0.5611440539360046
1224 3.409410238265991 -0.4889067709445953 -0.5641143321990967
1225 3.426344871520996 -0.4904119074344635 -0.5667573809623718
1226 3.441792488098145 -0.4918662011623383 -0.5690926313400269
1227 3.455715656280518 -0.4932408034801483 -0.5711411833763123
1228 3.468080997467041 -0.494512140750885 -0.5729169845581055
1229 3.478858232498169 -0.4956560134887695 -0.5744364857673645
1230 3.488022089004517 -0.4966506361961365 -0.5757144093513489
1231 3.49554967880249 -0.497481107711792 -0.5767569541931152
1232 3.501423597335815 -0.4981450736522675 -0.5775541067123413
1233 3.505629301071167 -0.4986455738544464 -0.5780917406082153
1234 3.508157014846802 -0.4989694952964783 -0.5783832669258118
1235 3.509000062942505 -0.4990839660167694 -0.5784718990325928
1236 2.109843254089355 -0.4774158000946045 -0.3588737845420837
1237 2.109000205993652 -0.4774502515792847 -0.3587630093097687
1238 2.112370729446411 -0.4773162305355072 -0.3591946661472321
1239 2.116576433181763 -0.4771591424942017 -0.3597030341625214
1240 2.122450351715088 -0.4771226644515991 -0.3598348200321198
1241 2.129978179931641 -0.4771013557910919 -0.3599348068237305
1242 2.139141798019409 -0.4770914316177368 -0.3600243031978607
1243 2.149919271469116 -0.4770210385322571 -0.3603431284427643
1244 2.162284374237061 -0.4768369793891907 -0.3610713183879852
1245 2.176207542419434 -0.4766280353069305 -0.3619382977485657
1246 2.191655158996582 -0.4763165414333344 -0.3632008135318756
1247 2.208590030670166 -0.4759825170040131 -0.3646196722984314
1248 2.226971387863159 -0.4756861329078674 -0.3660247921943665
1249 2.246754884719849 -0.4756584465503693 -0.3667284846305847
1250 2.267892837524414 -0.4755899608135223 -0.3677044808864594
1251 2.290334224700928 -0.4752934277057648 -0.3695394992828369
1252 2.314025402069092 -0.4749844670295715 -0.3715860247612
1253 2.338908910751343 -0.4745447039604187 -0.3742121458053589
1254 2.364924907684326 -0.4745228588581085 -0.3758049607276917
1255 2.392010688781738 -0.4743736684322357 -0.3780064582824707
1256 2.420100927352905 -0.4740867614746094 -0.3808528184890747
1257 2.449128150939941 -0.473721444606781 -0.3841735124588013
1258 2.479022264480591 -0.4734381437301636 -0.3875155448913574
1259 2.509711503982544 -0.4736232161521912 -0.3898083567619324
1260 2.5411217212677 -0.4734840989112854 -0.393307238817215
1261 2.573177099227905 -0.4732025861740112 -0.3974873423576355
1262 2.605800867080688 -0.4732560217380524 -0.4010346531867981
1263 2.638913869857788 -0.4735081791877747 -0.4043436348438263
1264 2.672436952590942 -0.4735123515129089 -0.4086272716522217
1265 2.706288814544678 -0.4734475016593933 -0.4133831262588501
1266 2.740388154983521 -0.4739512205123901 -0.416922926902771
1267 2.774652719497681 -0.4741694331169128 -0.4215036034584045
1268 2.809000015258789 -0.4743243753910065 -0.4265162944793701
1269 2.843347549438477 -0.4745833873748779 -0.4315122663974762
1270 2.877612113952637 -0.4753091335296631 -0.4355674982070923
1271 2.911711454391479 -0.4757571816444397 -0.4405563771724701
1272 2.945563316345215 -0.4762060344219208 -0.4457450807094574
1273 2.97908616065979 -0.4770458340644836 -0.4501524269580841
1274 3.012199401855469 -0.4778328239917755 -0.4548561573028564
1275 3.044822931289673 -0.4785602390766144 -0.4598415195941925
1276 3.076878547668457 -0.4793381094932556 -0.4648104310035706
1277 3.108288764953613 -0.4803889691829681 -0.4692067801952362
1278 3.138977766036987 -0.4810895323753357 -0.474480539560318
1279 3.168872117996216 -0.4815480411052704 -0.4803091585636139
1280 3.197899341583252 -0.4821338653564453 -0.4857908487319946
1281 3.225989580154419 -0.4828426837921143 -0.4909164905548096
1282 3.253075361251831 -0.4836614429950714 -0.4956940114498138
1283 3.279091358184814 -0.4845844209194183 -0.500113844871521
1284 3.303974866867065 -0.4855939745903015 -0.5041899681091309
1285 3.32766580581665 -0.4866556525230408 -0.507968544960022
1286 3.350107431411743 -0.4877354204654694 -0.5114911198616028
1287 3.371245384216309 -0.4888608455657959 -0.5146765112876892
1288 3.391028881072998 -0.4900030493736267 -0.5175574421882629
1289 3.409410238265991 -0.4911604821681976 -0.5201135277748108
1290 3.426344871520996 -0.4923123419284821 -0.5223621726036072
1291 3.441792488098145 -0.4934345781803131 -0.5243269205093384
1292 3.455715656280518 -0.4945023357868195 -0.5260327458381653
1293 3.468080997467041 -0.4954952895641327 -0.5274971723556519
1294 3.478858232498169 -0.4963922798633575 -0.5287403464317322
1295 3.488022089004517 -0.4971741735935211 -0.5297800898551941
1296 3.49554967880249 -0.4978280961513519 -0.5306249856948853
1297 3.501423597335815 -0.4983525574207306 -0.5312657952308655
1298 3.505629301071167 -0.4987510740756989 -0.5316886901855469
1299 3.508157014846802 -0.4990120232105255 -0.5319087505340576
1300 3.509000062942505 -0.4991050660610199 -0.5319728255271912
1301 2.109843254089355 -0.484665721654892 -0.3331786394119263
1302 2.109000205993652 -0.4846931099891663 -0.3330704569816589
1303 2.112370729446411 -0.4845864772796631 -0.3334919512271881
1304 2.116576433181763 -0.4844613373279572 -0.3339881300926208
1305 2.122450351715088 -0.4844364821910858 -0.3340987861156464
1306 2.129978179931641 -0.484429270029068 -0.3341549336910248
1307 2.139141798019409 -0.4844370782375336 -0.3341750204563141
1308 2.149919271469116 -0.4843975007534027 -0.3344123959541321
1309 2.162284374237061 -0.4842670261859894 -0.3350465595722198
1310 2.176207542419434 -0.4841181039810181 -0.3358047604560852
1311 2.191655158996582 -0.483880490064621 -0.3369687497615814
1312 2.208590030670166 -0.483622133731842 -0.3382860720157623
1313 2.226971387863159 -0.4834025502204895 -0.3395450115203857
1314 2.246754884719849 -0.4834054112434387 -0.3400746285915375
1315 2.267892837524414 -0.4833746254444122 -0.3408598601818085
1316 2.290334224700928 -0.4831452071666718 -0.3425314128398895
1317 2.314025402069092 -0.4829144775867462 -0.3443589210510254
1318 2.338908910751343 -0.4825651347637177 -0.3467844128608704
1319 2.364924907684326 -0.4825612008571625 -0.3481342792510986
1320 2.392010688781738 -0.4824548065662384 -0.3500584065914154
1321 2.420100927352905 -0.4822247624397278 -0.3526372313499451
1322 2.449128150939941 -0.4819247424602509 -0.3556781709194183
1323 2.479022264480591 -0.4816946089267731 -0.3586959540843964
1324 2.509711503982544 -0.4818386435508728 -0.3606601059436798
1325 2.5411217212677 -0.4817143082618713 -0.3638051152229309
1326 2.573177099227905 -0.4814547896385193 -0.3676570355892181
1327 2.605800867080688 -0.4814770519733429 -0.3708122074604034
1328 2.638913869857788 -0.4816544950008392 -0.3737163543701172
1329 2.672436952590942 -0.4816133081912994 -0.3776085376739502
1330 2.706288814544678 -0.4815063178539276 -0.381964236497879
1331 2.740388154983521 -0.4818702042102814 -0.3850512802600861
1332 2.774652719497681 -0.4819884300231934 -0.3891803324222565
1333 2.809000015258789 -0.4820370674133301 -0.3937621116638184
1334 2.843347549438477 -0.482172042131424 -0.3982900083065033
1335 2.877612113952637 -0.4826792478561401 -0.4018803238868713
1336 2.911711454391479 -0.4829510450363159 -0.4063972532749176
1337 2.945563316345215 -0.4832117557525635 -0.4111223220825195
1338 2.97908616065979 -0.483798086643219 -0.4150296449661255
1339 3.012199401855469 -0.4843267798423767 -0.4192548990249634
1340 3.044822931289673 -0.4848003685474396 -0.4237619936466217
1341 3.076878547668457 -0.4853133261203766 -0.4282446205615997
1342 3.108288764953613 -0.4860419034957886 -0.4321708679199219
1343 3.138977766036987 -0.4864771366119385 -0.4369811117649078
1344 3.168872117996216 -0.4867024123668671 -0.4423694312572479
1345 3.197899341583252 -0.4870316088199615 -0.4474116861820221
1346 3.225989580154419 -0.4874604940414429 -0.4521060883998871
1347 3.253075361251831 -0.4879787862300873 -0.4564644396305084
1348 3.279091358184814 -0.488586813211441 -0.4604694843292236
1349 3.303974866867065 -0.4892690777778625 -0.4641427397727966
1350 3.32766580581665 -0.4899927377700806 -0.4675447642803192
1351 3.350107431411743 -0.4907263219356537 -0.470727801322937
1352 3.371245384216309 -0.4915084838867188 -0.4735781848430634
1353 3.391028881072998 -0.4923149943351746 -0.4761335253715515
1354 3.409410238265991 -0.4931459426879883 -0.4783751666545868
1355 3.426344871520996 -0.4939845204353333 -0.4803235530853271
1356 3.441792488098145 -0.4948107302188873 -0.4820054173469543
1357 3.455715656280518 -0.4956037998199463 -0.4834490120410919
1358 3.468080997467041 -0.496346652507782 -0.4846746325492859
1359 3.478858232498169 -0.4970212280750275 -0.4857054948806763
1360 3.488022089004517 -0.4976111650466919 -0.4865621328353882
1361 3.49554967880249 -0.4981056153774261 -0.4872548878192902
1362 3.501423597335815 -0.4985037744045258 -0.4877752959728241
1363 3.505629301071167 -0.498809427022934 -0.4881094098091125
1364 3.508157014846802 -0.4990126192569733 -0.4882738292217255
1365 3.509000062942505 -0.4990859031677246 -0.4883187115192413
1366 2.109843254089355 -0.4903808236122131 -0.3079045712947845
1367 2.109000205993652 -0.4904015064239502 -0.3078005611896515
1368 2.112370729446411 -0.4903209805488586 -0.3082058429718018
1369 2.116576433181763 -0.4902263581752777 -0.3086828291416168
1370 2.122450351715088 -0.4902114272117615 -0.3087686896324158
1371 2.129978179931641 -0.4902149438858032 -0.3087752461433411
1372 2.139141798019409 -0.4902352392673492 -0.3087178766727448
1373 2.149919271469116 -0.4902204871177673 -0.3088625967502594
1374 2.162284374237061 -0.4901368618011475 -0.3093866109848022
1375 2.176207542419434 -0.49004065990448 -0.3100180923938751
1376 2.191655158996582 -0.4898712635040283 -0.3110642731189728
1377 2.208590030670166 -0.4896837770938873 -0.3122610151767731
1378 2.226971387863159 -0.4895339012145996 -0.313352108001709
1379 2.246754884719849 -0.4895600080490112 -0.3136938512325287
1380 2.267892837524414 -0.4895598590373993 -0.3142730593681335
1381 2.290334224700928 -0.4893946051597595 -0.3157635927200317
1382 2.314025402069092 -0.4892366230487823 -0.317349761724472
1383 2.338908910751343 -0.4889764189720154 -0.3195529878139496
1384 2.364924907684326 -0.4889887869358063 -0.3206507861614227
1385 2.392010688781738 -0.4889234900474548 -0.322282999753952
1386 2.420100927352905 -0.4887526035308838 -0.3245798349380493
1387 2.449128150939941 -0.4885226488113403 -0.327326238155365
1388 2.479022264480591 -0.4883502423763275 -0.3300062716007233
1389 2.509711503982544 -0.4884617328643799 -0.3316481709480286
1390 2.5411217212677 -0.488362193107605 -0.334435760974884
1391 2.573177099227905 -0.4881413280963898 -0.3379590213298798
1392 2.605800867080688 -0.4881475865840912 -0.3407294452190399
1393 2.638913869857788 -0.4882686138153076 -0.3432460427284241
1394 2.672436952590942 -0.4882060587406158 -0.3467621207237244
1395 2.706288814544678 -0.4880846440792084 -0.3507342934608459
1396 2.740388154983521 -0.4883356094360352 -0.3534023761749268
1397 2.774652719497681 -0.4883852303028107 -0.3571086525917053
1398 2.809000015258789 -0.4883652031421661 -0.3612934947013855
1399 2.843347549438477 -0.4884141981601715 -0.3653902411460876
1400 2.877612113952637 -0.4887446463108063 -0.368572860956192
1401 2.911711454391479 -0.4888851642608643 -0.3726685047149658
1402 2.945563316345215 -0.4890068471431732 -0.3769854307174683
1403 2.97908616065979 -0.4893877506256104 -0.3804594874382019
1404 3.012199401855469 -0.4897110164165497 -0.3842770457267761
1405 3.044822931289673 -0.4899859726428986 -0.3883770406246185
1406 3.076878547668457 -0.4902901351451874 -0.3924470841884613
1407 3.108288764953613 -0.490755170583725 -0.3959896862506866
1408 3.138977766036987 -0.4909859597682953 -0.4004131257534027
1409 3.168872117996216 -0.4910422563552856 -0.405433714389801
1410 3.197899341583252 -0.4911788105964661 -0.410113513469696
1411 3.225989580154419 -0.4913917779922485 -0.4144582152366638
1412 3.253075361251831 -0.4916735291481018 -0.4184829294681549
1413 3.279091358184814 -0.4920288920402527 -0.4221608638763428
1414 3.303974866867065 -0.492444783449173 -0.4255206882953644
1415 3.32766580581665 -0.4928909838199615 -0.4286380112171173
1416 3.350107431411743 -0.4933391511440277 -0.4315756559371948
1417 3.371245384216309 -0.4938350319862366 -0.4341826438903809
1418 3.391028881072998 -0.4943591356277466 -0.4365009069442749
1419 3.409410238265991 -0.49491286277771 -0.4385128617286682
1420 3.426344871520996 -0.4954831898212433 -0.4402412176132202
1421 3.441792488098145 -0.4960542619228363 -0.4417152404785156
1422 3.455715656280518 -0.4966092705726624 -0.4429655969142914
1423 3.468080997467041 -0.4971343874931335 -0.4440147280693054
1424 3.478858232498169 -0.497614711523056 -0.4448883831501007
1425 3.488022089004517 -0.4980366230010986 -0.4456093013286591
1426 3.49554967880249 -0.4983912110328674 -0.4461892247200012
1427 3.501423597335815 -0.4986783266067505 -0.4466201663017273
1428 3.505629301071167 -0.4989017844200134 -0.4468879699707031
1429 3.508157014846802 -0.4990533590316772 -0.4470104873180389
1430 3.509000062942505 -0.4991088211536407 -0.4470408260822296
1431 2.109843254089355 -0.4946669340133667 -0.283132940530777
1432 2.109000205993652 -0.4946814179420471 -0.2830345034599304
1433 2.112370729446411 -0.4946250021457672 -0.2834179103374481
1434 2.116576433181763 -0.4945586621761322 -0.2838690280914307
1435 2.122450351715088 -0.4945515096187592 -0.2839266955852509
1436 2.129978179931641 -0.4945617318153381 -0.2838785350322723
1437 2.139141798019409 -0.494588315486908 -0.2837364375591278
1438 2.149919271469116 -0.4945910573005676 -0.2837782204151154
1439 2.162284374237061 -0.4945454299449921 -0.2841770350933075
1440 2.176207542419434 -0.49449223279953 -0.2846649289131165
1441 2.191655158996582 -0.4943825900554657 -0.2855749130249023
1442 2.208590030670166 -0.4942583441734314 -0.2866326570510864
1443 2.226971387863159 -0.4941676259040833 -0.2875350415706635
1444 2.246754884719849 -0.4942069947719574 -0.2876754999160767
1445 2.267892837524414 -0.4942273795604706 -0.2880337238311768
1446 2.290334224700928 -0.4941196143627167 -0.2893252968788147
1447 2.314025402069092 -0.4940241873264313 -0.2906476259231567
1448 2.338908910751343 -0.4938466548919678 -0.2926059663295746
1449 2.364924907684326 -0.4938699305057526 -0.2934409081935883
1450 2.392010688781738 -0.4938388764858246 -0.2947649359703064
1451 2.420100927352905 -0.4937239289283752 -0.2967627346515656
1452 2.449128150939941 -0.4935626089572906 -0.2991965711116791
1453 2.479022264480591 -0.4934459626674652 -0.3015217483043671
1454 2.509711503982544 -0.4935289025306702 -0.3028427958488464
1455 2.5411217212677 -0.4934576749801636 -0.30526402592659
1456 2.573177099227905 -0.4932854473590851 -0.3084514439105988
1457 2.605800867080688 -0.4932845234870911 -0.3108373582363129
1458 2.638913869857788 -0.4933619499206543 -0.3129755258560181
1459 2.672436952590942 -0.4932955801486969 -0.3161215782165527
1460 2.706288814544678 -0.4931804835796356 -0.3197166621685028
1461 2.740388154983521 -0.4933402240276337 -0.3219886422157288
1462 2.774652719497681 -0.4933460354804993 -0.3252891898155212
1463 2.809000015258789 -0.493288666009903 -0.3290979862213135
1464 2.843347549438477 -0.4932831227779388 -0.3327868580818176
1465 2.877612113952637 -0.4934745132923126 -0.3356040418148041
1466 2.911711454391479 -0.4935230314731598 -0.3393136560916901
1467 2.945563316345215 -0.4935494959354401 -0.3432614207267761
1468 2.97908616065979 -0.4937687814235687 -0.3463521599769592
1469 3.012199401855469 -0.493935614824295 -0.3498149812221527
1470 3.044822931289673 -0.4940630197525024 -0.3535608053207397
1471 3.076878547668457 -0.4942104816436768 -0.3572733402252197
1472 3.108288764953613 -0.494468480348587 -0.3604994118213654
1473 3.138977766036987 -0.4945518374443054 -0.3645932376384735
1474 3.168872117996216 -0.4944987595081329 -0.3692987561225891
1475 3.197899341583252 -0.4945028722286224 -0.3736730515956879
1476 3.225989580154419 -0.4945609569549561 -0.3777295649051666
1477 3.253075361251831 -0.4946677386760712 -0.3814862668514252
1478 3.279091358184814 -0.4948311150074005 -0.3849050998687744
1479 3.303974866867065 -0.495040625333786 -0.3880217671394348
1480 3.32766580581665 -0.4952698349952698 -0.3909272849559784
1481 3.350107431411743 -0.4954943358898163 -0.393695056438446
1482 3.371245384216309 -0.495762050151825 -0.3961326777935028
1483 3.391028881072998 -0.4960582852363586 -0.3982855379581451
1484 3.409410238265991 -0.4963854253292084 -0.4001368582248688
1485 3.426344871520996 -0.496734082698822 -0.4017109572887421
1486 3.441792488098145 -0.4970923662185669 -0.4030387997627258
1487 3.455715656280518 -0.4974473416805267 -0.4041528105735779
1488 3.468080997467041 -0.4977884888648987 -0.4050770103931427
1489 3.478858232498169 -0.49810391664505 -0.4058391451835632
1490 3.488022089004517 -0.4983827769756317 -0.4064636826515198
1491 3.49554967880249 -0.4986181259155273 -0.4069634079933167
1492 3.501423597335815 -0.498810201883316 -0.4073306024074554
1493 3.505629301071167 -0.4989627301692963 -0.4075509309768677
1494 3.508157014846802 -0.4990691840648651 -0.4076431095600128
1495 3.509000062942505 -0.4991089403629303 -0.4076628088951111
1496 2.109843254089355 -0.4976297914981842 -0.2589272558689117
1497 2.109000205993652 -0.4976387023925781 -0.2588357925415039
1498 2.112370729446411 -0.4976038932800293 -0.259192019701004
1499 2.116576433181763 -0.4975628256797791 -0.2596110999584198
1500 2.122450351715088 -0.4975610077381134 -0.2596375942230225
1501 2.129978179931641 -0.4975732862949371 -0.2595301568508148
1502 2.139141798019409 -0.4975992441177368 -0.2592969834804535
1503 2.149919271469116 -0.4976109862327576 -0.2592267096042633
1504 2.162284374237061 -0.4975927770137787 -0.2594867348670959
1505 2.176207542419434 -0.4975709319114685 -0.2598157823085785
1506 2.191655158996582 -0.4975103139877319 -0.2605725824832916
1507 2.208590030670166 -0.4974392056465149 -0.261474072933197
1508 2.226971387863159 -0.497394323348999 -0.2621684372425079
1509 2.246754884719849 -0.4974349141120911 -0.2620954215526581
1510 2.267892837524414 -0.497463196516037 -0.2622186839580536
1511 2.290334224700928 -0.4974031746387482 -0.2632939517498016
1512 2.314025402069092 -0.4973563253879547 -0.2643308937549591
1513 2.338908910751343 -0.4972510039806366 -0.2660220265388489
1514 2.364924907684326 -0.497276782989502 -0.2665830850601196
1515 2.392010688781738 -0.4972692131996155 -0.2675823867321014
1516 2.420100927352905 -0.497202605009079 -0.2692632079124451
1517 2.449128150939941 -0.4971037209033966 -0.2713651359081268
1518 2.479022264480591 -0.4970356523990631 -0.2733167409896851
1519 2.509711503982544 -0.4970909357070923 -0.2743152976036072
1520 2.5411217212677 -0.4970466792583466 -0.2763581871986389
1521 2.573177099227905 -0.4969280064105988 -0.2791983783245087
1522 2.605800867080688 -0.4969241917133331 -0.2811955213546753
1523 2.638913869857788 -0.4969669878482819 -0.2829587459564209
1524 2.672436952590942 -0.4969097971916199 -0.2857343852519989
1525 2.706288814544678 -0.4968168139457703 -0.2889517247676849
1526 2.740388154983521 -0.4969038069248199 -0.2908424437046051
1527 2.774652719497681 -0.4968862533569336 -0.2937457859516144
1528 2.809000015258789 -0.4968186318874359 -0.2971896827220917
1529 2.843347549438477 -0.4967856407165527 -0.3004838824272156
1530 2.877612113952637 -0.4968737661838531 -0.3029662370681763
1531 2.911711454391479 -0.4968663156032562 -0.3063131272792816
1532 2.945563316345215 -0.4968382120132446 -0.3099179267883301
1533 2.97908616065979 -0.4969379603862762 -0.3126620054244995
1534 3.012199401855469 -0.4969958066940308 -0.315808892250061
1535 3.044822931289673 -0.4970249831676483 -0.3192388117313385
1536 3.076878547668457 -0.4970662295818329 -0.3226339817047119
1537 3.108288764953613 -0.497173935174942 -0.3255948126316071
1538 3.138977766036987 -0.4971653521060944 -0.3294004499912262
1539 3.168872117996216 -0.4970603585243225 -0.3338274955749512
1540 3.197899341583252 -0.4969906210899353 -0.3379369974136353
1541 3.225989580154419 -0.4969539940357208 -0.3417504131793976
1542 3.253075361251831 -0.4969474971294403 -0.3452882170677185
1543 3.279091358184814 -0.4969801008701324 -0.3484996557235718
1544 3.303974866867065 -0.4970442950725555 -0.3514273166656494
1545 3.32766580581665 -0.4971189200878143 -0.354177862405777
1546 3.350107431411743 -0.4971842467784882 -0.3568351864814758
1547 3.371245384216309 -0.497284859418869 -0.3591621220111847
1548 3.391028881072998 -0.4974107444286346 -0.3612068295478821
1549 3.409410238265991 -0.4975649416446686 -0.3629530072212219
1550 3.426344871520996 -0.4977414906024933 -0.3644260466098785
1551 3.441792488098145 -0.4979322254657745 -0.3656578361988068
1552 3.455715656280518 -0.4981280863285065 -0.3666819334030151
1553 3.468080997467041 -0.498321533203125 -0.3675234019756317
1554 3.478858232498169 -0.4985037744045258 -0.3682115077972412
1555 3.488022089004517 -0.4986666142940521 -0.3687720000743866
1556 3.49554967880249 -0.4988049566745758 -0.3692184090614319
1557 3.501423597335815 -0.4989193379878998 -0.3695431053638458
1558 3.505629301071167 -0.4990131855010986 -0.3697315454483032
1559 3.508157014846802 -0.4990816414356232 -0.3698030710220337
1560 3.509000062942505 -0.4991080164909363 -0.3698154389858246
1561 2.109843254089355 -0.4993728697299957 -0.2353344410657883
1562 2.109000205993652 -0.49937704205513 -0.2352511882781982
1563 2.112370729446411 -0.4993607699871063 -0.2355754822492599
1564 2.116576433181763 -0.4993414282798767 -0.2359569519758224
1565 2.122450351715088 -0.4993421137332916 -0.2359496057033539
1566 2.129978179931641 -0.499351441860199 -0.2357791215181351
1567 2.139141798019409 -0.4993692636489868 -0.2354496568441391
1568 2.149919271469116 -0.4993805885314941 -0.235259547829628
1569 2.162284374237061 -0.4993778765201569 -0.2353689521551132
1570 2.176207542419434 -0.4993740022182465 -0.2355257570743561
1571 2.191655158996582 -0.4993497729301453 -0.2361141294240952
1572 2.208590030670166 -0.4993196725845337 -0.2368437349796295
1573 2.226971387863159 -0.4993049800395966 -0.237312838435173
1574 2.246754884719849 -0.499332994222641 -0.2370156049728394
1575 2.267892837524414 -0.4993545114994049 -0.2368915379047394
1576 2.290334224700928 -0.4993298649787903 -0.2377342730760574
1577 2.314025402069092 -0.4993143379688263 -0.2384660840034485
1578 2.338908910751343 -0.499267041683197 -0.2398688644170761
1579 2.364924907684326 -0.4992843568325043 -0.2401452213525772
1580 2.392010688781738 -0.4992860853672028 -0.2408039122819901
1581 2.420100927352905 -0.4992562532424927 -0.2421499490737915
1582 2.449128150939941 -0.4992091059684753 -0.2439003586769104
1583 2.479022264480591 -0.4991778433322906 -0.2454593777656555
1584 2.509711503982544 -0.4992033839225769 -0.2461315393447876
1585 2.5411217212677 -0.4991801977157593 -0.2477823346853256
1586 2.573177099227905 -0.4991151988506317 -0.2502610683441162
1587 2.605800867080688 -0.4991084635257721 -0.2518619000911713
1588 2.638913869857788 -0.4991219639778137 -0.253249317407608
1589 2.672436952590942 -0.4990823268890381 -0.255649209022522
1590 2.706288814544678 -0.4990222454071045 -0.2584825456142426
1591 2.740388154983521 -0.4990517497062683 -0.2600001394748688
1592 2.774652719497681 -0.499026745557785 -0.262507826089859
1593 2.809000015258789 -0.4989714920520782 -0.2655898034572601
1594 2.843347549438477 -0.4989335536956787 -0.2684940695762634
1595 2.877612113952637 -0.4989518225193024 -0.2706618905067444
1596 2.911711454391479 -0.4989206492900848 -0.2736589908599854
1597 2.945563316345215 -0.4988751113414764 -0.2769358158111572
1598 2.97908616065979 -0.4988950192928314 -0.2793579399585724
1599 3.012199401855469 -0.498889148235321 -0.282214879989624
1600 3.044822931289673 -0.4988669753074646 -0.2853540182113647
1601 3.076878547668457 -0.4988501071929932 -0.2884584069252014
1602 3.108288764953613 -0.4988633692264557 -0.2911905348300934
1603 3.138977766036987 -0.4988161027431488 -0.2947350442409515
1604 3.168872117996216 -0.498713493347168 -0.2989057302474976
1605 3.197899341583252 -0.4986259937286377 -0.3027763664722443
1606 3.225989580154419 -0.4985530972480774 -0.3063766956329346
1607 3.253075361251831 -0.4984939098358154 -0.3097293674945831
1608 3.279091358184814 -0.4984563887119293 -0.3127698004245758
1609 3.303974866867065 -0.4984364807605743 -0.3155474066734314
1610 3.32766580581665 -0.4984197020530701 -0.3181845247745514
1611 3.350107431411743 -0.4983920156955719 -0.3207753598690033
1612 3.371245384216309 -0.4983883500099182 -0.3230355679988861
1613 3.391028881072998 -0.4984033405780792 -0.3250153362751007
1614 3.409410238265991 -0.49844029545784 -0.3266988098621368
1615 3.426344871520996 -0.4984963834285736 -0.3281116485595703
1616 3.441792488098145 -0.4985670149326324 -0.3292862772941589
1617 3.455715656280518 -0.4986466467380524 -0.3302567005157471
1618 3.468080997467041 -0.4987305998802185 -0.3310485184192657
1619 3.478858232498169 -0.4988130331039429 -0.331692099571228
1620 3.488022089004517 -0.4988884329795837 -0.3322140574455261
1621 3.49554967880249 -0.4989533126354218 -0.3326283395290375
1622 3.501423597335815 -0.4990083873271942 -0.332927405834198
1623 3.505629301071167 -0.4990565478801727 -0.3330964148044586
1624 3.508157014846802 -0.4990946650505066 -0.3331550657749176
1625 3.509000062942505 -0.4991101622581482 -0.333162784576416
1626 2.109843254089355 -0.4999956488609314 -0.2123860865831375
1627 2.109000205993652 -0.4999959468841553 -0.2123121023178101
1628 2.112370729446411 -0.499994695186615 -0.2126002609729767
1629 2.116576433181763 -0.4999930262565613 -0.2129392176866531
1630 2.122450351715088 -0.499993234872818 -0.2128959000110626
1631 2.129978179931641 -0.4999943375587463 -0.2126593738794327
1632 2.139141798019409 -0.4999960064888 -0.2122295349836349
1633 2.149919271469116 -0.4999968707561493 -0.2119133323431015
1634 2.162284374237061 -0.4999966323375702 -0.2118621915578842
1635 2.176207542419434 -0.499996155500412 -0.2118355482816696
1636 2.191655158996582 -0.4999941885471344 -0.2122423201799393
1637 2.208590030670166 -0.4999912977218628 -0.212786391377449
1638 2.226971387863159 -0.499989241361618 -0.2130153626203537
1639 2.246754884719849 -0.4999895393848419 -0.2124850898981094
1640 2.267892837524414 -0.4999880492687225 -0.2121032625436783
1641 2.290334224700928 -0.4999841451644897 -0.2126989513635635
1642 2.314025402069092 -0.4999799728393555 -0.213108167052269
1643 2.338908910751343 -0.499973475933075 -0.2142032533884048
1644 2.364924907684326 -0.4999692142009735 -0.2141850739717484
1645 2.392010688781738 -0.4999631643295288 -0.2144886702299118
1646 2.420100927352905 -0.4999551475048065 -0.2154830247163773
1647 2.449128150939941 -0.4999452233314514 -0.2168629914522171
1648 2.479022264480591 -0.4999348819255829 -0.2180110663175583
1649 2.509711503982544 -0.4999260604381561 -0.2183515727519989
1650 2.5411217212677 -0.4999139606952667 -0.2195958644151688
1651 2.573177099227905 -0.4998982846736908 -0.2216971516609192
1652 2.605800867080688 -0.4998847246170044 -0.2228920757770538
1653 2.638913869857788 -0.4998708069324493 -0.2238996028900146
1654 2.672436952590942 -0.4998528957366943 -0.2259146124124527
1655 2.706288814544678 -0.4998318254947662 -0.2283533960580826
1656 2.740388154983521 -0.4998159110546112 -0.2295005619525909
1657 2.774652719497681 -0.4997950792312622 -0.2316085398197174
1658 2.809000015258789 -0.4997703731060028 -0.2343248128890991
1659 2.843347549438477 -0.4997456073760986 -0.2368368953466415
1660 2.877612113952637 -0.4997246861457825 -0.2387012839317322
1661 2.911711454391479 -0.4996982216835022 -0.2413526624441147
1662 2.945563316345215 -0.4996685385704041 -0.2443065941333771
1663 2.97908616065979 -0.4996456503868103 -0.2464209794998169
1664 3.012199401855469 -0.4996186792850494 -0.2490023523569107
1665 3.044822931289673 -0.4995890259742737 -0.2518638968467712
1666 3.076878547668457 -0.4995593130588531 -0.2546920776367188
1667 3.108288764953613 -0.4995326399803162 -0.2572183609008789
1668 3.138977766036987 -0.4994969069957733 -0.2605158686637878
1669 3.168872117996216 -0.4994473457336426 -0.2644391655921936
1670 3.197899341583252 -0.4993950426578522 -0.2680834829807281
1671 3.225989580154419 -0.499341756105423 -0.2714868783950806
1672 3.253075361251831 -0.4992886185646057 -0.2746739685535431
1673 3.279091358184814 -0.4992403090000153 -0.277565598487854
1674 3.303974866867065 -0.4991966187953949 -0.2802177965641022
1675 3.32766580581665 -0.4991515576839447 -0.2827684879302979
1676 3.350107431411743 -0.4990975260734558 -0.2853218913078308
1677 3.371245384216309 -0.4990532100200653 -0.2875449955463409
1678 3.391028881072998 -0.499017745256424 -0.2894895672798157
1679 3.409410238265991 -0.4989943504333496 -0.2911399006843567
1680 3.426344871520996 -0.4989829361438751 -0.292521595954895
1681 3.441792488098145 -0.4989821910858154 -0.2936669588088989
1682 3.455715656280518 -0.4989898502826691 -0.2946099638938904
1683 3.468080997467041 -0.4990037977695465 -0.2953763604164124
1684 3.478858232498169 -0.499021053314209 -0.2959970533847809
1685 3.488022089004517 -0.4990386068820953 -0.2964993417263031
1686 3.49554967880249 -0.499054491519928 -0.2968972027301788
1687 3.501423597335815 -0.4990693330764771 -0.2971831560134888
1688 3.505629301071167 -0.4990854263305664 -0.2973420321941376
1689 3.508157014846802 -0.499101310968399 -0.2973937690258026
1690 3.509000062942505 -0.4991085529327393 -0.2973989248275757
1691 2.109843254089355 -0.4995917975902557 -0.190099835395813
1692 2.109000205993652 -0.499589204788208 -0.1900360584259033
1693 2.112370729446411 -0.4995991885662079 -0.1902845203876495
1694 2.116576433181763 -0.4996107518672943 -0.1905767619609833
1695 2.122450351715088 -0.4996073246002197 -0.1904958337545395
1696 2.129978179931641 -0.4995947182178497 -0.1901911050081253
1697 2.139141798019409 -0.4995721280574799 -0.1896580755710602
1698 2.149919271469116 -0.4995520412921906 -0.1892111003398895
1699 2.162284374237061 -0.4995405673980713 -0.1889916360378265
1700 2.176207542419434 -0.4995280206203461 -0.1887726634740829
1701 2.191655158996582 -0.4995330274105072 -0.1889869570732117
1702 2.208590030670166 -0.4995422661304474 -0.1893340349197388
1703 2.226971387863159 -0.4995339512825012 -0.189310759305954
1704 2.246754884719849 -0.4994905591011047 -0.1885407418012619
1705 2.267892837524414 -0.4994485974311829 -0.1878930479288101
1706 2.290334224700928 -0.499449223279953 -0.1882291734218597
1707 2.314025402069092 -0.4994344115257263 -0.1883011907339096
1708 2.338908910751343 -0.4994490742683411 -0.1890716403722763
1709 2.364924907684326 -0.4994085133075714 -0.1887504756450653
1710 2.392010688781738 -0.4993752837181091 -0.1886864751577377
1711 2.420100927352905 -0.4993715286254883 -0.1893138289451599
1712 2.449128150939941 -0.4993811845779419 -0.1903059035539627
1713 2.479022264480591 -0.4993726015090942 -0.1910261958837509
1714 2.509711503982544 -0.4993226826190948 -0.1910291463136673
1715 2.5411217212677 -0.4993084669113159 -0.1918526887893677
1716 2.573177099227905 -0.4993340075016022 -0.193559855222702
1717 2.605800867080688 -0.4993064403533936 -0.1943381279706955
1718 2.638913869857788 -0.4992642104625702 -0.194959357380867
1719 2.672436952590942 -0.499268501996994 -0.1965777277946472
1720 2.706288814544678 -0.4992884397506714 -0.1986083537340164
1721 2.740388154983521 -0.4992364346981049 -0.1993832588195801
1722 2.774652719497681 -0.4992275834083557 -0.2010830938816071
1723 2.809000015258789 -0.499247670173645 -0.2034243494272232
1724 2.843347549438477 -0.4992500245571136 -0.2055363357067108
1725 2.877612113952637 -0.4992181956768036 -0.2071003168821335
1726 2.911711454391479 -0.4992211759090424 -0.2094022929668427
1727 2.945563316345215 -0.499237060546875 -0.2120299339294434
1728 2.97908616065979 -0.4992057383060455 -0.2138412296772003
1729 3.012199401855469 -0.4991975426673889 -0.2161510288715363
1730 3.044822931289673 -0.4992013573646545 -0.2187375873327255
1731 3.076878547668457 -0.4992011189460754 -0.2212930768728256
1732 3.108288764953613 -0.499187171459198 -0.2236237674951553
1733 3.138977766036987 -0.4992101788520813 -0.2266765236854553
1734 3.168872117996216 -0.4992604553699493 -0.2303498089313507
1735 3.197899341583252 -0.4992928802967072 -0.2337681800127029
1736 3.225989580154419 -0.4993122816085815 -0.2369781285524368
1737 3.253075361251831 -0.4993215799331665 -0.2400060147047043
1738 3.279091358184814 -0.4993199706077576 -0.2427577376365662
1739 3.303974866867065 -0.4993115365505219 -0.2452957481145859
1740 3.32766580581665 -0.4993003606796265 -0.2477732002735138
1741 3.350107431411743 -0.4992864429950714 -0.2503039538860321
1742 3.371245384216309 -0.4992651641368866 -0.252505898475647
1743 3.391028881072998 -0.4992399215698242 -0.2544318735599518
1744 3.409410238265991 -0.4992134869098663 -0.2560662925243378
1745 3.426344871520996 -0.4991882145404816 -0.2574343085289001
1746 3.441792488098145 -0.4991655945777893 -0.2585676610469818
1747 3.455715656280518 -0.4991462826728821 -0.2594998180866241
1748 3.468080997467041 -0.4991305768489838 -0.2602562010288239
1749 3.478858232498169 -0.4991180896759033 -0.260868102312088
1750 3.488022089004517 -0.4991080760955811 -0.2613629400730133
1751 3.49554967880249 -0.4991000294685364 -0.2617546617984772
1752 3.501423597335815 -0.4990942478179932 -0.2620357573032379
1753 3.505629301071167 -0.499092310667038 -0.2621908485889435
1754 3.508157014846802 -0.4990942776203156 -0.2622398138046265
1755 3.509000062942505 -0.4990960359573364 -0.2622438669204712
1756 2.109843254089355 -0.4982481002807617 -0.1684810668230057
1757 2.109000205993652 -0.498243659734726 -0.1684282124042511
1758 2.112370729446411 -0.4982609152793884 -0.1686340719461441
1759 2.116576433181763 -0.4982810020446777 -0.1688762158155441
1760 2.122450351715088 -0.4982707798480988 -0.168756514787674
1761 2.129978179931641 -0.4982388913631439 -0.1683823317289352
1762 2.139141798019409 -0.4981837868690491 -0.1677446067333221
1763 2.149919271469116 -0.4981321394443512 -0.1671638637781143
1764 2.162284374237061 -0.49809530377388 -0.1667704880237579
1765 2.176207542419434 -0.4980547726154327 -0.1663527935743332
1766 2.191655158996582 -0.4980507791042328 -0.1663661897182465
1767 2.208590030670166 -0.4980563223361969 -0.1665071994066238
1768 2.226971387863159 -0.4980219602584839 -0.1662224978208542
1769 2.246754884719849 -0.497918426990509 -0.1652083843946457
1770 2.267892837524414 -0.4978180527687073 -0.1642891615629196
1771 2.290334224700928 -0.4978057742118835 -0.164355605840683
1772 2.314025402069092 -0.4977570474147797 -0.1640789806842804
1773 2.338908910751343 -0.4977715611457825 -0.1645106226205826
1774 2.364924907684326 -0.4976789653301239 -0.1638797372579575
1775 2.392010688781738 -0.4975978136062622 -0.163438081741333
1776 2.420100927352905 -0.4975787997245789 -0.1636852324008942
1777 2.449128150939941 -0.4975881576538086 -0.1642740219831467
1778 2.479022264480591 -0.4975599050521851 -0.1645517796278
1779 2.509711503982544 -0.4974607229232788 -0.164211094379425
1780 2.5411217212677 -0.4974287748336792 -0.1646005511283875
1781 2.573177099227905 -0.4974846243858337 -0.1658969670534134
1782 2.605800867080688 -0.4974335134029388 -0.1662474125623703
1783 2.638913869857788 -0.4973599314689636 -0.166474312543869
1784 2.672436952590942 -0.4973840117454529 -0.1676824539899826
1785 2.706288814544678 -0.4974437355995178 -0.169289156794548
1786 2.740388154983521 -0.4973629117012024 -0.1696862280368805
1787 2.774652719497681 -0.4973708987236023 -0.1709660291671753
1788 2.809000015258789 -0.4974466860294342 -0.1729183793067932
1789 2.843347549438477 -0.4974869191646576 -0.1746176779270172
1790 2.877612113952637 -0.4974703192710876 -0.1758769601583481
1791 2.911711454391479 -0.4975244998931885 -0.1778191775083542
1792 2.945563316345215 -0.4976123869419098 -0.1801095455884933
1793 2.97908616065979 -0.4976048171520233 -0.1816138327121735
1794 3.012199401855469 -0.4976528286933899 -0.1836465299129486
1795 3.044822931289673 -0.4977283477783203 -0.1859509944915771
1796 3.076878547668457 -0.4977972805500031 -0.1882273256778717
1797 3.108288764953613 -0.497846931219101 -0.1903608441352844
1798 3.138977766036987 -0.4979729354381561 -0.1931603699922562
1799 3.168872117996216 -0.4981661438941956 -0.1965703666210175
1800 3.197899341583252 -0.4983296394348145 -0.1997520625591278
1801 3.225989580154419 -0.4984718859195709 -0.2027603536844254
1802 3.253075361251831 -0.498597651720047 -0.2056230902671814
1803 3.279091358184814 -0.4986982047557831 -0.2082313597202301
1804 3.303974866867065 -0.4987823665142059 -0.2106537073850632
1805 3.32766580581665 -0.4988661110401154 -0.2130579054355621
1806 3.350107431411743 -0.4989579617977142 -0.2155668586492538
1807 3.371245384216309 -0.4990228414535522 -0.2177503257989883
1808 3.391028881072998 -0.4990682005882263 -0.219661608338356
1809 3.409410238265991 -0.499096006155014 -0.221285343170166
1810 3.426344871520996 -0.499110609292984 -0.2226458638906479
1811 3.441792488098145 -0.4991158843040466 -0.2237740010023117
1812 3.455715656280518 -0.4991150796413422 -0.2247022539377213
1813 3.468080997467041 -0.4991104900836945 -0.225455567240715
1814 3.478858232498169 -0.4991040825843811 -0.2260651737451553
1815 3.488022089004517 -0.4990972876548767 -0.2265583872795105
1816 3.49554967880249 -0.4990906715393066 -0.2269489318132401
1817 3.501423597335815 -0.4990842342376709 -0.2272292673587799
1818 3.505629301071167 -0.4990785717964172 -0.2273838818073273
1819 3.508157014846802 -0.499075174331665 -0.2274324148893356
1820 3.509000062942505 -0.4990743100643158 -0.2274362593889236
1821 2.109843254089355 -0.4960435628890991 -0.1475244462490082
1822 2.109000205993652 -0.4960383474826813 -0.1474830955266953
1823 2.112370729446411 -0.4960587024688721 -0.1476441323757172
1824 2.116576433181763 -0.4960825145244598 -0.1478335410356522
1825 2.122450351715088 -0.4960622787475586 -0.1476744562387466
1826 2.129978179931641 -0.4960056841373444 -0.1472304463386536
1827 2.139141798019409 -0.4959100186824799 -0.1464878171682358
1828 2.149919271469116 -0.4958162307739258 -0.1457720398902893
1829 2.162284374237061 -0.4957398772239685 -0.1452014595270157
1830 2.176207542419434 -0.4956554174423218 -0.1445811837911606
1831 2.191655158996582 -0.4956261813640594 -0.1443877816200256
1832 2.208590030670166 -0.4956119060516357 -0.1443161517381668
1833 2.226971387863159 -0.4955315589904785 -0.1437639445066452
1834 2.246754884719849 -0.4953515529632568 -0.1425037682056427
1835 2.267892837524414 -0.4951747953891754 -0.1413099765777588
1836 2.290334224700928 -0.4951319098472595 -0.1410990953445435
1837 2.314025402069092 -0.4950255751609802 -0.1404657810926437
1838 2.338908910751343 -0.495017945766449 -0.1405474692583084
1839 2.364924907684326 -0.4948574602603912 -0.1396020501852036
1840 2.392010688781738 -0.4947072863578796 -0.1387752890586853
1841 2.420100927352905 -0.4946528971195221 -0.1386314481496811
1842 2.449128150939941 -0.4946411848068237 -0.1388039290904999
1843 2.479022264480591 -0.4945709705352783 -0.1386269479990005
1844 2.509711503982544 -0.494414210319519 -0.137936607003212
1845 2.5411217212677 -0.4943481087684631 -0.137879952788353
1846 2.573177099227905 -0.4944220781326294 -0.1387494206428528
1847 2.605800867080688 -0.4943371713161469 -0.1386609077453613
1848 2.638913869857788 -0.4942287504673004 -0.1384842246770859
1849 2.672436952590942 -0.4942691624164581 -0.1392671763896942
1850 2.706288814544678 -0.4943660199642181 -0.140432596206665
1851 2.740388154983521 -0.4942632913589478 -0.1404429227113724
1852 2.774652719497681 -0.4942918717861176 -0.1412878930568695
1853 2.809000015258789 -0.4944329261779785 -0.1428334712982178
1854 2.843347549438477 -0.494520515203476 -0.1441034078598022
1855 2.877612113952637 -0.4945448338985443 -0.1450468599796295
1856 2.911711454391479 -0.4946707785129547 -0.1466128975152969
1857 2.945563316345215 -0.4948559105396271 -0.1485480666160583
1858 2.97908616065979 -0.4949037432670593 -0.1497333347797394
1859 3.012199401855469 -0.4950447678565979 -0.1514744013547897
1860 3.044822931289673 -0.4952292740345001 -0.1534804999828339
1861 3.076878547668457 -0.4954061508178711 -0.1554618179798126
1862 3.108288764953613 -0.4955699443817139 -0.1573851704597473
1863 3.138977766036987 -0.4958419799804688 -0.1599128246307373
1864 3.168872117996216 -0.4962194561958313 -0.1630363911390305
1865 3.197899341583252 -0.496558666229248 -0.1659602522850037
1866 3.225989580154419 -0.4968726634979248 -0.1687475144863129
1867 3.253075361251831 -0.4971678555011749 -0.1714274734258652
1868 3.279091358184814 -0.4974252581596375 -0.1738767474889755
1869 3.303974866867065 -0.4976589381694794 -0.1761696934700012
1870 3.32766580581665 -0.4978983700275421 -0.1784878075122833
1871 3.350107431411743 -0.4981614649295807 -0.1809623539447784
1872 3.371245384216309 -0.4983758330345154 -0.1831169426441193
1873 3.391028881072998 -0.4985524713993073 -0.1850049495697021
1874 3.409410238265991 -0.4986923336982727 -0.1866113394498825
1875 3.426344871520996 -0.498801201581955 -0.1879593878984451
1876 3.441792488098145 -0.4988849461078644 -0.1890787482261658
1877 3.455715656280518 -0.4989489018917084 -0.1900006681680679
1878 3.468080997467041 -0.4989970028400421 -0.190749317407608
1879 3.478858232498169 -0.4990333318710327 -0.1913556456565857
1880 3.488022089004517 -0.4990611672401428 -0.191846638917923
1881 3.49554967880249 -0.4990820586681366 -0.1922356337308884
1882 3.501423597335815 -0.4990954101085663 -0.1925151348114014
1883 3.505629301071167 -0.4991007149219513 -0.1926695853471756
1884 3.508157014846802 -0.4991008639335632 -0.1927182078361511
1885 3.509000062942505 -0.4991002976894379 -0.1927221119403839
1886 2.109843254089355 -0.4930486679077148 -0.1272155940532684
1887 2.109000205993652 -0.4930436909198761 -0.1271861642599106
1888 2.112370729446411 -0.4930630326271057 -0.1273008286952972
1889 2.116576433181763 -0.4930857121944427 -0.1274356991052628
1890 2.122450351715088 -0.4930523633956909 -0.1272371411323547
1891 2.129978179931641 -0.4929657280445099 -0.1267238259315491
1892 2.139141798019409 -0.4928216636180878 -0.1258774101734161
1893 2.149919271469116 -0.4926755130290985 -0.1250270009040833
1894 2.162284374237061 -0.4925456941127777 -0.1242782175540924
1895 2.176207542419434 -0.492401510477066 -0.1234540566802025
1896 2.191655158996582 -0.4923308193683624 -0.1230505928397179
1897 2.208590030670166 -0.4922804832458496 -0.1227622926235199
1898 2.226971387863159 -0.4921342134475708 -0.121939554810524
1899 2.246754884719849 -0.4918616712093353 -0.1204337850213051
1900 2.267892837524414 -0.4915907382965088 -0.1189650148153305
1901 2.290334224700928 -0.4914990961551666 -0.11847173422575
1902 2.314025402069092 -0.4913113117218018 -0.1174771189689636
1903 2.338908910751343 -0.4912588596343994 -0.1172008141875267
1904 2.364924907684326 -0.491014301776886 -0.1159380227327347
1905 2.392010688781738 -0.4907735288143158 -0.1147214770317078
1906 2.420100927352905 -0.4906626343727112 -0.1141783595085144
1907 2.449128150939941 -0.4906078279018402 -0.1139240488409996
1908 2.479022264480591 -0.4904721975326538 -0.1132827177643776
1909 2.509711503982544 -0.4902484714984894 -0.1122369393706322
1910 2.5411217212677 -0.4901301860809326 -0.1117235794663429
1911 2.573177099227905 -0.4902078211307526 -0.1121506318449974
1912 2.605800867080688 -0.490077018737793 -0.1116122007369995
1913 2.638913869857788 -0.4899283945560455 -0.111021600663662
1914 2.672436952590942 -0.4899789988994598 -0.1113633140921593
1915 2.706288814544678 -0.4901073276996613 -0.112068735063076
1916 2.740388154983521 -0.4899872243404388 -0.111680306494236
1917 2.774652719497681 -0.4900370836257935 -0.1120729446411133
1918 2.809000015258789 -0.4902492463588715 -0.113190270960331
1919 2.843347549438477 -0.4903900325298309 -0.114010363817215
1920 2.877612113952637 -0.4904776215553284 -0.1146202608942986
1921 2.911711454391479 -0.4906919300556183 -0.1157878860831261
1922 2.945563316345215 -0.4909951984882355 -0.1173433288931847
1923 2.97908616065979 -0.4911263585090637 -0.1181897297501564
1924 3.012199401855469 -0.4913928508758545 -0.1196159720420837
1925 3.044822931289673 -0.4917191565036774 -0.1212986707687378
1926 3.076878547668457 -0.4920382499694824 -0.1229599788784981
1927 3.108288764953613 -0.4923623204231262 -0.1246490925550461
1928 3.138977766036987 -0.4928184151649475 -0.1268764138221741
1929 3.168872117996216 -0.4934158027172089 -0.1296809911727905
1930 3.197899341583252 -0.4939699769020081 -0.1323158890008926
1931 3.225989580154419 -0.4944993555545807 -0.1348521113395691
1932 3.253075361251831 -0.4950118362903595 -0.1373202502727509
1933 3.279091358184814 -0.4954759776592255 -0.1395833939313889
1934 3.303974866867065 -0.4959115087985992 -0.1417212337255478
1935 3.32766580581665 -0.4963629841804504 -0.1439278572797775
1936 3.350107431411743 -0.496858537197113 -0.1463421285152435
1937 3.371245384216309 -0.4972816705703735 -0.1484445929527283
1938 3.391028881072998 -0.4976467490196228 -0.1502884477376938
1939 3.409410238265991 -0.4979532659053802 -0.1518590897321701
1940 3.426344871520996 -0.498208075761795 -0.1531786471605301
1941 3.441792488098145 -0.4984184503555298 -0.1542753577232361
1942 3.455715656280518 -0.4985913038253784 -0.1551790684461594
1943 3.468080997467041 -0.4987318515777588 -0.1559129953384399
1944 3.478858232498169 -0.4988460540771484 -0.1565075814723969
1945 3.488022089004517 -0.4989387392997742 -0.1569893360137939
1946 3.49554967880249 -0.4990120530128479 -0.1573711037635803
1947 3.501423597335815 -0.4990648627281189 -0.1576454937458038
1948 3.505629301071167 -0.4990953803062439 -0.1577970683574677
1949 3.508157014846802 -0.4991076588630676 -0.1578444987535477
1950 3.509000062942505 -0.4991102814674377 -0.1578481048345566
1951 2.109843254089355 -0.4893249571323395 -0.1075327843427658
1952 2.109000205993652 -0.4893212914466858 -0.1075154542922974
1953 2.112370729446411 -0.4893355071544647 -0.1075829267501831
1954 2.116576433181763 -0.4893523156642914 -0.1076622381806374
1955 2.122450351715088 -0.4893028140068054 -0.1074246242642403
1956 2.129978179931641 -0.4891811311244965 -0.1068434044718742
1957 2.139141798019409 -0.488981306552887 -0.1058956310153008
1958 2.149919271469116 -0.4887729287147522 -0.1049126982688904
1959 2.162284374237061 -0.4885762333869934 -0.1039869636297226
1960 2.176207542419434 -0.4883571267127991 -0.1029601842164993
1961 2.191655158996582 -0.4882292449474335 -0.1023459210991859
1962 2.208590030670166 -0.4881269633769989 -0.1018394231796265
1963 2.226971387863159 -0.4878954887390137 -0.1007462739944458
1964 2.246754884719849 -0.4875150918960571 -0.09899774938821793
1965 2.267892837524414 -0.4871329665184021 -0.09725619852542877
1966 2.290334224700928 -0.4869749546051025 -0.09647802263498306
1967 2.314025402069092 -0.4866825044155121 -0.09512092918157578
1968 2.338908910751343 -0.4865629076957703 -0.09448176622390747
1969 2.364924907684326 -0.4862187504768372 -0.09290070831775665
1970 2.392010688781738 -0.4858664274215698 -0.09129244834184647
1971 2.420100927352905 -0.4856782853603363 -0.09034432470798492
1972 2.449128150939941 -0.4855585694313049 -0.0896553173661232
1973 2.479022264480591 -0.4853343367576599 -0.08854275196790695
1974 2.509711503982544 -0.4850345253944397 -0.08713599294424057
1975 2.5411217212677 -0.4848462343215942 -0.08615685999393463
1976 2.573177099227905 -0.4849126935005188 -0.08612686395645142
1977 2.605800867080688 -0.4847238659858704 -0.08512786030769348
1978 2.638913869857788 -0.4845295548439026 -0.08411209285259247
1979 2.672436952590942 -0.4845835864543915 -0.08399558067321777
1980 2.706288814544678 -0.484736829996109 -0.08422116935253143
1981 2.740388154983521 -0.4846034348011017 -0.08341898024082184
1982 2.774652719497681 -0.4846744239330292 -0.0833393856883049
1983 2.809000015258789 -0.4849621653556824 -0.08400356769561768
1984 2.843347549438477 -0.4851607382297516 -0.0843498706817627
1985 2.877612113952637 -0.4853326082229614 -0.08460213989019394
1986 2.911711454391479 -0.4856501817703247 -0.08534366637468338
1987 2.945563316345215 -0.4860904812812805 -0.08648862689733505
1988 2.97908616065979 -0.4863311946392059 -0.086968794465065
1989 3.012199401855469 -0.4867536127567291 -0.08804870396852493
1990 3.044822931289673 -0.4872521758079529 -0.08937454223632812
1991 3.076878547668457 -0.4877454340457916 -0.09068219363689423
1992 3.108288764953613 -0.4882734715938568 -0.09210227429866791
1993 3.138977766036987 -0.4889488220214844 -0.0939914882183075
1994 3.168872117996216 -0.4897984266281128 -0.09643566608428955
1995 3.197899341583252 -0.4906035959720612 -0.09874097257852554
1996 3.225989580154419 -0.4913886785507202 -0.1009859815239906
1997 3.253075361251831 -0.4921630620956421 -0.1032024621963501
1998 3.279091358184814 -0.4928808212280273 -0.1052411645650864
1999 3.303974866867065 -0.4935675859451294 -0.1071867048740387
2000 3.32766580581665 -0.4942843616008759 -0.1092443838715553
2001 3.350107431411743 -0.4950703084468842 -0.1115596815943718
2002 3.371245384216309 -0.4957586824893951 -0.1135744228959084
2003 3.391028881072998 -0.4963667392730713 -0.1153412759304047
2004 3.409410238265991 -0.4968923032283783 -0.1168463826179504
2005 3.426344871520996 -0.4973426461219788 -0.1181106492877007
2006 3.441792488098145 -0.4977260529994965 -0.1191608235239983
2007 3.455715656280518 -0.4980505406856537 -0.1200252175331116
2008 3.468080997467041 -0.4983220994472504 -0.1207260563969612
2009 3.478858232498169 -0.4985482394695282 -0.1212931275367737
2010 3.488022089004517 -0.4987350702285767 -0.1217522993683815
2011 3.49554967880249 -0.4988851845264435 -0.1221159473061562
2012 3.501423597335815 -0.4989965558052063 -0.1223768815398216
2013 3.505629301071167 -0.499066174030304 -0.1225199028849602
2014 3.508157014846802 -0.4990990459918976 -0.1225630268454552
2015 3.509000062942505 -0.4991077482700348 -0.1225654035806656
2016 2.109843254089355 -0.4849249422550201 -0.08844840526580811
2017 2.109000205993652 -0.4849236309528351 -0.08844323456287384
2018 2.112370729446411 -0.4849287569522858 -0.08846333622932434
2019 2.116576433181763 -0.4849350154399872 -0.08848687261343002
2020 2.122450351715088 -0.484866589307785 -0.08821113407611847
2021 2.129978179931641 -0.4847052097320557 -0.08756427466869354
2022 2.139141798019409 -0.4844427704811096 -0.086518794298172
2023 2.149919271469116 -0.4841630756855011 -0.08540710061788559
2024 2.162284374237061 -0.4838868677616119 -0.08430788666009903
2025 2.176207542419434 -0.4835785627365112 -0.08308219164609909
2026 2.191655158996582 -0.4833784699440002 -0.08225890249013901
2027 2.208590030670166 -0.4832091331481934 -0.08153516054153442
2028 2.226971387863159 -0.4828741550445557 -0.08017467707395554
2029 2.246754884719849 -0.4823717772960663 -0.07818855345249176
2030 2.267892837524414 -0.4818627536296844 -0.0761789008975029
2031 2.290334224700928 -0.4816215634346008 -0.07511579245328903
2032 2.314025402069092 -0.4812025427818298 -0.07339833676815033
2033 2.338908910751343 -0.4809944629669189 -0.07239444553852081
2034 2.364924907684326 -0.4805362820625305 -0.07049607485532761
2035 2.392010688781738 -0.4800528883934021 -0.0684967115521431
2036 2.420100927352905 -0.4797678291797638 -0.06714024394750595
2037 2.449128150939941 -0.4795623123645782 -0.06601106375455856
2038 2.479022264480591 -0.4792275428771973 -0.0644228607416153
2039 2.509711503982544 -0.4788435101509094 -0.06264964491128922
2040 2.5411217212677 -0.4785683155059814 -0.06119699776172638
2041 2.573177099227905 -0.4786090850830078 -0.06069602444767952
2042 2.605800867080688 -0.478350967168808 -0.05922585353255272
2043 2.638913869857788 -0.4781060814857483 -0.05777248740196228
2044 2.672436952590942 -0.4781569540500641 -0.05717965587973595
2045 2.706288814544678 -0.4783284664154053 -0.05690427869558334
2046 2.740388154983521 -0.4781861901283264 -0.05567013472318649
2047 2.774652719497681 -0.4782780408859253 -0.05509575456380844
2048 2.809000015258789 -0.4786451458930969 -0.05527840182185173
2049 2.843347549438477 -0.4789055585861206 -0.05512327328324318
2050 2.877612113952637 -0.4791817367076874 -0.05498737469315529
2051 2.911711454391479 -0.4796164631843567 -0.05526953190565109
2052 2.945563316345215 -0.480211079120636 -0.05596693605184555
2053 2.97908616065979 -0.480586439371109 -0.05604585260152817
2054 3.012199401855469 -0.4811933934688568 -0.05673951655626297
2055 3.044822931289673 -0.4818927049636841 -0.0576665922999382
2056 3.076878547668457 -0.4825900197029114 -0.05857815593481064
2057 3.108288764953613 -0.4833631813526154 -0.05968371778726578
2058 3.138977766036987 -0.4842904210090637 -0.0611877404153347
2059 3.168872117996216 -0.4854215979576111 -0.06322129815816879
2060 3.197899341583252 -0.4865106344223022 -0.06514701992273331
2061 3.225989580154419 -0.4875886738300323 -0.06705055385828018
2062 3.253075361251831 -0.4886663258075714 -0.06896480917930603
2063 3.279091358184814 -0.4896812438964844 -0.07072973251342773
2064 3.303974866867065 -0.4906654357910156 -0.07243439555168152
2065 3.32766580581665 -0.4916974008083344 -0.07429373264312744
2066 3.350107431411743 -0.4928278625011444 -0.07645881921052933
2067 3.371245384216309 -0.4938344359397888 -0.07833798974752426
2068 3.391028881072998 -0.4947367608547211 -0.07998325675725937
2069 3.409410238265991 -0.4955307841300964 -0.08138174563646317
2070 3.426344871520996 -0.4962238073348999 -0.08255324512720108
2071 3.441792488098145 -0.4968243837356567 -0.08352304250001907
2072 3.455715656280518 -0.4973412156105042 -0.0843178853392601
2073 3.468080997467041 -0.4977806508541107 -0.0849590003490448
2074 3.478858232498169 -0.4981513619422913 -0.08547546714544296
2075 3.488022089004517 -0.498460441827774 -0.08589247614145279
2076 3.49554967880249 -0.4987106323242188 -0.08622191101312637
2077 3.501423597335815 -0.498898983001709 -0.08645692467689514
2078 3.505629301071167 -0.4990210831165314 -0.08658275008201599
2079 3.508157014846802 -0.4990827739238739 -0.08661666512489319
2080 3.509000062942505 -0.4991002976894379 -0.08661625534296036
2081 2.109000205993652 -0.4798941016197205 -0.06993745267391205
2082 2.109843254089355 -0.4798921048641205 -0.06993059068918228
2083 2.112370729446411 -0.4798864126205444 -0.06991066783666611
2084 2.116576433181763 -0.4798777401447296 -0.06987898051738739
2085 2.122450351715088 -0.4797877967357635 -0.06956654042005539
2086 2.129978179931641 -0.4795824587345123 -0.06885711848735809
2087 2.139141798019409 -0.4792512953281403 -0.06771880388259888
2088 2.149919271469116 -0.4788919687271118 -0.06648366153240204
2089 2.162284374237061 -0.4785246849060059 -0.0652165412902832
2090 2.176207542419434 -0.4781140387058258 -0.06379801034927368
2091 2.191655158996582 -0.477827787399292 -0.06276986002922058
2092 2.208590030670166 -0.4775773286819458 -0.06183216348290443
2093 2.226971387863159 -0.4771220982074738 -0.06021025776863098
2094 2.246754884719849 -0.4764850735664368 -0.05799379944801331
2095 2.267892837524414 -0.4758349657058716 -0.05572301894426346
2096 2.290334224700928 -0.4754951298236847 -0.0543772280216217
2097 2.314025402069092 -0.4749295711517334 -0.05230455845594406
2098 2.338908910751343 -0.474613219499588 -0.05093684419989586
2099 2.364924907684326 -0.4740282297134399 -0.04872368648648262
2100 2.392010688781738 -0.4733961522579193 -0.0463360995054245
2101 2.420100927352905 -0.4729961752891541 -0.04457002878189087
2102 2.449128150939941 -0.4726856648921967 -0.04299728572368622
2103 2.479022264480591 -0.4722204506397247 -0.04093114659190178
2104 2.509711503982544 -0.4717453718185425 -0.03878572955727577
2105 2.5411217212677 -0.4713681638240814 -0.03685273230075836
2106 2.573177099227905 -0.4713698625564575 -0.03586714714765549
2107 2.605800867080688 -0.4710327088832855 -0.03391485661268234
2108 2.638913869857788 -0.4707336723804474 -0.03200989216566086
2109 2.672436952590942 -0.4707756042480469 -0.03092113696038723
2110 2.706288814544678 -0.4709594547748566 -0.03012196533381939
2111 2.740388154983521 -0.4708133637905121 -0.02843405120074749
2112 2.774652719497681 -0.4709264934062958 -0.02733923308551311
2113 2.809000015258789 -0.4713765978813171 -0.02700803987681866
2114 2.843347549438477 -0.4717031717300415 -0.02631971798837185
2115 2.877612113952637 -0.4721029996871948 -0.02575830928981304
2116 2.911711454391479 -0.4726681411266327 -0.02554184012115002
2117 2.945563316345215 -0.4734333753585815 -0.02574795298278332
2118 2.97908616065979 -0.4739674031734467 -0.02538257651031017
2119 3.012199401855469 -0.4747858345508575 -0.02564143948256969
2120 3.044822931289673 -0.4757125675678253 -0.02611909620463848
2121 3.076878547668457 -0.4766420125961304 -0.0265831183642149
2122 3.108288764953613 -0.4776989221572876 -0.02731780521571636
2123 3.138977766036987 -0.4789081215858459 -0.02838003449141979
2124 3.168872117996216 -0.4803473949432373 -0.02994375489652157
2125 3.197899341583252 -0.4817503988742828 -0.03143035620450974
2126 3.225989580154419 -0.4831554591655731 -0.03293196111917496
2127 3.253075361251831 -0.4845743179321289 -0.03448262065649033
2128 3.279091358184814 -0.485926628112793 -0.03591334819793701
2129 3.303974866867065 -0.4872509241104126 -0.03731714934110641
2130 3.32766580581665 -0.488644003868103 -0.03891688212752342
2131 3.350107431411743 -0.4901686012744904 -0.040868129581213
2132 3.371245384216309 -0.4915421903133392 -0.04255180060863495
2133 3.391028881072998 -0.4927862882614136 -0.04401922225952148
2134 3.409410238265991 -0.4938947558403015 -0.04525886476039886
2135 3.426344871520996 -0.4948742687702179 -0.04628954082727432
2136 3.441792488098145 -0.495733380317688 -0.04713519290089607
2137 3.455715656280518 -0.4964807033538818 -0.04782113060355186
2138 3.468080997467041 -0.4971226751804352 -0.04836767166852951
2139 3.478858232498169 -0.4976686835289001 -0.0488031767308712
2140 3.488022089004517 -0.4981264770030975 -0.04915216192603111
2141 3.49554967880249 -0.4984987378120422 -0.04942610114812851
2142 3.501423597335815 -0.4987814426422119 -0.04961865395307541
2143 3.505629301071167 -0.4989687204360962 -0.04971565678715706
2144 3.508157014846802 -0.4990670382976532 -0.04973364248871803
2145 3.509000062942505 -0.4990960657596588 -0.04972827434539795
2146 2.109000205993652 -0.474267303943634 -0.05196322500705719
2147 2.109843254089355 -0.4742611050605774 -0.05194461718201637
2148 2.112370729446411 -0.4742432832717896 -0.05189067125320435
2149 2.116576433181763 -0.474215567111969 -0.0518050529062748
2150 2.122450351715088 -0.4741017818450928 -0.05145779997110367
2151 2.129978179931641 -0.4738488495349884 -0.05068967118859291
2152 2.139141798019409 -0.4734436273574829 -0.04946452006697655
2153 2.149919271469116 -0.4729973673820496 -0.04811270907521248
2154 2.162284374237061 -0.4725286066532135 -0.04668526351451874
2155 2.176207542419434 -0.4720039069652557 -0.04508218541741371
2156 2.191655158996582 -0.4716189503669739 -0.04385556653141975
2157 2.208590030670166 -0.4712745845317841 -0.04270937666296959
2158 2.226971387863159 -0.4706841111183167 -0.04083458334207535
2159 2.246754884719849 -0.4699015915393829 -0.03839695826172829
2160 2.267892837524414 -0.4690981805324554 -0.03587406128644943
2161 2.290334224700928 -0.4686459302902222 -0.03424987941980362
2162 2.314025402069092 -0.4679161310195923 -0.03182984888553619
2163 2.338908910751343 -0.4674738049507141 -0.03010165505111217
2164 2.364924907684326 -0.4667511880397797 -0.02757746540009975
2165 2.392010688781738 -0.4659553468227386 -0.02480636350810528
2166 2.420100927352905 -0.4654246866703033 -0.0226310845464468
2167 2.449128150939941 -0.4649923145771027 -0.02061300538480282
2168 2.479022264480591 -0.4643793404102325 -0.01806819252669811
2169 2.509711503982544 -0.4638082683086395 -0.01554412208497524
2170 2.5411217212677 -0.4633163511753082 -0.01312430016696453
2171 2.573177099227905 -0.4632673263549805 -0.01164025627076626
2172 2.605800867080688 -0.4628435075283051 -0.009193940088152885
2173 2.638913869857788 -0.4624884128570557 -0.006821213755756617
2174 2.672436952590942 -0.462517112493515 -0.005214816424995661
2175 2.706288814544678 -0.462708592414856 -0.00386671582236886
2176 2.740388154983521 -0.4625649750232697 -0.001698976731859148
2177 2.774652719497681 -0.4627009034156799 -5.432069156086072e-05
2178 2.809000015258789 -0.4632381200790405 0.0008274927968159318
2179 2.843347549438477 -0.4636357724666595 0.00208556791767478
2180 2.877612113952637 -0.4641781449317932 0.003117152955383062
2181 2.911711454391479 -0.4648866653442383 0.003878073301166296
2182 2.945563316345215 -0.4658380150794983 0.004214191343635321
2183 2.97908616065979 -0.4665539264678955 0.005075426306575537
2184 3.012199401855469 -0.4676092267036438 0.005309076514095068
2185 3.044822931289673 -0.468788355588913 0.005340674426406622
2186 3.076878547668457 -0.4699762463569641 0.00538514694198966
2187 3.108288764953613 -0.471352607011795 0.005088889505714178
2188 3.138977766036987 -0.4728715121746063 0.004534998442977667
2189 3.168872117996216 -0.474642813205719 0.003509694244712591
2190 3.197899341583252 -0.4763869941234589 0.002531649079173803
2191 3.225989580154419 -0.4781499207019806 0.001502895378507674
2192 3.253075361251831 -0.4799443483352661 0.0003881990851368755
2193 3.279091358184814 -0.481670618057251 -0.0006366654997691512
2194 3.303974866867065 -0.4833737909793854 -0.001668086624704301
2195 3.32766580581665 -0.4851696193218231 -0.00293505797162652
2196 3.350107431411743 -0.4871328771114349 -0.004596529994159937
2197 3.371245384216309 -0.4889174997806549 -0.006012810859829187
2198 3.391028881072998 -0.4905464053153992 -0.007234571967273951
2199 3.409410238265991 -0.4920110702514648 -0.008252015337347984
2200 3.426344871520996 -0.493317186832428 -0.009083284065127373
2201 3.441792488098145 -0.4944726228713989 -0.009751191362738609
2202 3.455715656280518 -0.4954855740070343 -0.01027980260550976
2203 3.468080997467041 -0.4963619410991669 -0.01068870536983013
2204 3.478858232498169 -0.4971116185188293 -0.01100563071668148
2205 3.488022089004517 -0.4977426528930664 -0.01125449500977993
2206 3.49554967880249 -0.4982573091983795 -0.01144648157060146
2207 3.501423597335815 -0.498650461435318 -0.01157594285905361
2208 3.505629301071167 -0.4989147186279297 -0.01162953488528728
2209 3.508157014846802 -0.4990570247173309 -0.01162304542958736
2210 3.509000062942505 -0.4991000294685364 -0.01160993985831738
2211 2.109000205993652 -0.4680692255496979 -0.03448419272899628
2212 2.109843254089355 -0.4680580198764801 -0.03445428609848022
2213 2.112370729446411 -0.4680257439613342 -0.03436760604381561
2214 2.116576433181763 -0.4679752886295319 -0.03423003852367401
2215 2.122450351715088 -0.4678356647491455 -0.0338502824306488
2216 2.129978179931641 -0.4675319790840149 -0.03302802890539169
2217 2.139141798019409 -0.4670482575893402 -0.03172308206558228
2218 2.149919271469116 -0.4665088951587677 -0.03026276640594006
2219 2.162284374237061 -0.4659297466278076 -0.02868441306054592
2220 2.176207542419434 -0.4652808904647827 -0.02690710686147213
2221 2.191655158996582 -0.4647862017154694 -0.02549046836793423
2222 2.208590030670166 -0.4643367528915405 -0.02414323948323727
2223 2.226971387863159 -0.4635981023311615 -0.02202644757926464
2224 2.246754884719849 -0.4626612365245819 -0.01937848888337612
2225 2.267892837524414 -0.4616945385932922 -0.01661424152553082
2226 2.290334224700928 -0.461118072271347 -0.01471768133342266
2227 2.314025402069092 -0.4602091610431671 -0.01196043752133846
2228 2.338908910751343 -0.4596256017684937 -0.009877143427729607
2229 2.364924907684326 -0.4587568342685699 -0.007046511862426996
2230 2.392010688781738 -0.4577850103378296 -0.003897941205650568
2231 2.420100927352905 -0.4571106731891632 -0.001314973807893693
2232 2.449128150939941 -0.4565422832965851 0.001149149262346327
2233 2.479022264480591 -0.4557675123214722 0.004172453191131353
2234 2.509711503982544 -0.4550975561141968 0.007082880940288305
2235 2.5411217212677 -0.4544810354709625 0.009996356442570686
2236 2.573177099227905 -0.4543718993663788 0.01199357397854328
2237 2.605800867080688 -0.4538562893867493 0.01494750566780567
2238 2.638913869857788 -0.4534453153610229 0.01780700869858265
2239 2.672436952590942 -0.4534582197666168 0.01995556987822056
2240 2.706288814544678 -0.453654408454895 0.02188084460794926
2241 2.740388154983521 -0.4535208642482758 0.02455939538776875
2242 2.774652719497681 -0.4536826908588409 0.02678782679140568
2243 2.809000015258789 -0.4543118178844452 0.0282622966915369
2244 2.843347549438477 -0.4547865092754364 0.03013227321207523
2245 2.877612113952637 -0.4554897546768188 0.03168661147356033
2246 2.911711454391479 -0.4563545286655426 0.03304509073495865
2247 2.945563316345215 -0.4575068056583405 0.03398223966360092
2248 2.97908616065979 -0.4584268927574158 0.03540011495351791
2249 3.012199401855469 -0.4597427248954773 0.03619367629289627
2250 3.044822931289673 -0.4611974358558655 0.03680414706468582
2251 3.076878547668457 -0.462668240070343 0.03742817789316177
2252 3.108288764953613 -0.464396595954895 0.03764944523572922
2253 3.138977766036987 -0.4662503004074097 0.03768084198236465
2254 3.168872117996216 -0.4683749377727509 0.03727244585752487
2255 3.197899341583252 -0.4704845249652863 0.03688275068998337
2256 3.225989580154419 -0.4726327955722809 0.03640861064195633
2257 3.253075361251831 -0.4748332798480988 0.03581353276968002
2258 3.279091358184814 -0.476965993642807 0.03527774661779404
2259 3.303974866867065 -0.4790824949741364 0.03470192104578018
2260 3.32766580581665 -0.4813177287578583 0.03385280817747116
2261 3.350107431411743 -0.483758419752121 0.03256919234991074
2262 3.371245384216309 -0.4859926104545593 0.03150405734777451
2263 3.391028881072998 -0.4880441725254059 0.03060724772512913
2264 3.409410238265991 -0.48990198969841 0.02988634444773197
2265 3.426344871520996 -0.4915703535079956 0.02932352758944035
2266 3.441792488098145 -0.4930558502674103 0.02889674343168736
2267 3.455715656280518 -0.494365781545639 0.02858288027346134
2268 3.468080997467041 -0.4955052137374878 0.0283628199249506
2269 3.478858232498169 -0.4964840710163116 0.02820930816233158
2270 3.488022089004517 -0.4973103702068329 0.02809887565672398
2271 3.49554967880249 -0.4979857504367828 0.02802045084536076
2272 3.501423597335815 -0.4985038638114929 0.02797877229750156
2273 3.505629301071167 -0.4988558292388916 0.02798613347113132
2274 3.508157014846802 -0.4990487992763519 0.02802746929228306
2275 3.509000062942505 -0.4991081058979034 0.02805171348154545
2276 2.109000205993652 -0.4613178968429565 -0.01746380887925625
2277 2.109843254089355 -0.4613009393215179 -0.01742319576442242
2278 2.112370729446411 -0.4612520933151245 -0.01730546168982983
2279 2.116576433181763 -0.4611756205558777 -0.01711860112845898
2280 2.122450351715088 -0.4610085487365723 -0.01670905761420727
2281 2.129978179931641 -0.4606516063213348 -0.01583790592849255
2282 2.139141798019409 -0.460085928440094 -0.01446118019521236
2283 2.149919271469116 -0.459448516368866 -0.01290175877511501
2284 2.162284374237061 -0.4587515592575073 -0.01118358783423901
2285 2.176207542419434 -0.4579702615737915 -0.009244231507182121
2286 2.191655158996582 -0.4573566317558289 -0.007647870574146509
2287 2.208590030670166 -0.4567927122116089 -0.006108804140239954
2288 2.226971387863159 -0.4558952748775482 -0.00376298138871789
2289 2.246754884719849 -0.4547973871231079 -0.0009168743854388595
2290 2.267892837524414 -0.453659862279892 0.002076545264571905
2291 2.290334224700928 -0.4529496133327484 0.004238070454448462
2292 2.314025402069092 -0.4518497586250305 0.007320532109588385
2293 2.338908910751343 -0.4511124789714813 0.009751977398991585
2294 2.364924907684326 -0.4500916004180908 0.01288406737148762
2295 2.392010688781738 -0.4489347636699677 0.01640326716005802
2296 2.420100927352905 -0.4481066763401031 0.01939182914793491
2297 2.449128150939941 -0.4473912715911865 0.02230227924883366
2298 2.479022264480591 -0.4464441239833832 0.02580367960035801
2299 2.509711503982544 -0.4456747472286224 0.0291100237518549
2300 2.5411217212677 -0.4449268579483032 0.03252504020929337
2301 2.573177099227905 -0.4447506666183472 0.03505174070596695
2302 2.605800867080688 -0.4441410303115845 0.03852932900190353
2303 2.638913869857788 -0.4436764419078827 0.041898213326931
2304 2.672436952590942 -0.4436730444431305 0.04461706429719925
2305 2.706288814544678 -0.4438728988170624 0.04715161770582199
2306 2.740388154983521 -0.4437583684921265 0.05037765949964523
2307 2.774652719497681 -0.4439507126808167 0.05322922021150589
2308 2.809000015258789 -0.4446772634983063 0.05534439533948898
2309 2.843347549438477 -0.4452360272407532 0.05787486582994461
2310 2.877612113952637 -0.4461176991462708 0.06001312285661697
2311 2.911711454391479 -0.4471514821052551 0.06203027814626694
2312 2.945563316345215 -0.4485186338424683 0.06363586336374283
2313 2.97908616065979 -0.449663907289505 0.06568098813295364
2314 3.012199401855469 -0.451261967420578 0.06711212545633316
2315 3.044822931289673 -0.4530133008956909 0.06838143616914749
2316 3.076878547668457 -0.4547892212867737 0.06966672092676163
2317 3.108288764953613 -0.4568983614444733 0.070496566593647
2318 3.138977766036987 -0.4591090679168701 0.07120116800069809
2319 3.168872117996216 -0.4616053700447083 0.07149855047464371
2320 3.197899341583252 -0.4641012847423553 0.07178782671689987
2321 3.225989580154419 -0.4666585326194763 0.07196132093667984
2322 3.253075361251831 -0.469291090965271 0.07198109477758408
2323 3.279091358184814 -0.4718581140041351 0.07202930003404617
2324 3.303974866867065 -0.4744175672531128 0.07200413197278976
2325 3.32766580581665 -0.4771231710910797 0.07166992872953415
2326 3.350107431411743 -0.4800735116004944 0.070864237844944
2327 3.371245384216309 -0.4827896058559418 0.07024570554494858
2328 3.391028881072998 -0.4852956831455231 0.06976441293954849
2329 3.409410238265991 -0.4875780344009399 0.06942521780729294
2330 3.426344871520996 -0.4896389842033386 0.06921016424894333
2331 3.441792488098145 -0.4914835691452026 0.06909751147031784
2332 3.455715656280518 -0.4931175112724304 0.06906469911336899
2333 3.468080997467041 -0.4945447742938995 0.06909271329641342
2334 3.478858232498169 -0.495774894952774 0.06915455311536789
2335 3.488022089004517 -0.4968155920505524 0.06922698765993118
2336 3.49554967880249 -0.4976676106452942 0.06929879635572433
2337 3.501423597335815 -0.498323380947113 0.06937358528375626
2338 3.505629301071167 -0.4987724423408508 0.0694623664021492
2339 3.508157014846802 -0.4990220069885254 0.06955071538686752
2340 3.509000062942505 -0.4990996122360229 0.06959011405706406
2341 2.109000205993652 -0.4540238082408905 -0.0008664935594424605
2342 2.109843254089355 -0.4540004730224609 -0.0008158966666087508
2343 2.112370729446411 -0.4539332985877991 -0.0006692021852359176
2344 2.116576433181763 -0.453827977180481 -0.0004362821637187153
2345 2.122450351715088 -0.4536321461200714 -2.831220591303918e-08
2346 2.129978179931641 -0.4532202184200287 0.0009141803020611405
2347 2.139141798019409 -0.4525701701641083 0.00235385587438941
2348 2.149919271469116 -0.451831042766571 0.004001887049525976
2349 2.162284374237061 -0.4510107338428497 0.005847321357578039
2350 2.176207542419434 -0.4500907063484192 0.007934974506497383
2351 2.191655158996582 -0.4493508338928223 0.009699204936623573
2352 2.208590030670166 -0.448665052652359 0.01141943968832493
2353 2.226971387863159 -0.447600930929184 0.01397966034710407
2354 2.246754884719849 -0.446337878704071 0.01701077260077
2355 2.267892837524414 -0.4450247883796692 0.02022023685276508
2356 2.290334224700928 -0.4441738426685333 0.02263845689594746
2357 2.314025402069092 -0.4428747296333313 0.02603297866880894
2358 2.338908910751343 -0.4419746398925781 0.02880477346479893
2359 2.364924907684326 -0.4407987296581268 0.03223366290330887
2360 2.392010688781738 -0.439451664686203 0.03611674159765244
2361 2.420100927352905 -0.438463568687439 0.03950921446084976
2362 2.449128150939941 -0.437594085931778 0.04286689311265945
2363 2.479022264480591 -0.4364684820175171 0.04684700816869736
2364 2.509711503982544 -0.4356021285057068 0.05056174844503403
2365 2.5411217212677 -0.4347203075885773 0.05448859184980392
2366 2.573177099227905 -0.4344736933708191 0.05756402760744095
2367 2.605800867080688 -0.433771550655365 0.06158525496721268
2368 2.638913869857788 -0.433258980512619 0.06549114733934402
2369 2.672436952590942 -0.4332418739795685 0.06881359964609146
2370 2.706288814544678 -0.4334476292133331 0.0719950869679451
2371 2.740388154983521 -0.4333635866641998 0.07581266015768051
2372 2.774652719497681 -0.4335940182209015 0.07933384925127029
2373 2.809000015258789 -0.4344257414340973 0.0821455791592598
2374 2.843347549438477 -0.4350780844688416 0.08539354056119919
2375 2.877612113952637 -0.4361563324928284 0.088187076151371
2376 2.911711454391479 -0.437373012304306 0.09093397110700607
2377 2.945563316345215 -0.4389697313308716 0.09328582137823105
2378 2.97908616065979 -0.4403614401817322 0.09604047983884811
2379 3.012199401855469 -0.4422627389431 0.09819886833429337
2380 3.044822931289673 -0.4443311393260956 0.1002191826701164
2381 3.076878547668457 -0.4464336633682251 0.1022599413990974
2382 3.108288764953613 -0.4489500224590302 0.103802926838398
2383 3.138977766036987 -0.4515385031700134 0.1052813604474068
2384 3.168872117996216 -0.4544234871864319 0.1063856855034828
2385 3.197899341583252 -0.4573249518871307 0.1074571684002876
2386 3.225989580154419 -0.4603124260902405 0.1083841845393181
2387 3.253075361251831 -0.4634000957012177 0.1091271415352821
2388 3.279091358184814 -0.4664260745048523 0.1098674610257149
2389 3.303974866867065 -0.469454288482666 0.1105012223124504
2390 3.32766580581665 -0.4726568460464478 0.1107920333743095
2391 3.350107431411743 -0.4761435091495514 0.110577218234539
2392 3.371245384216309 -0.4793685674667358 0.110513262450695
2393 3.391028881072998 -0.4823560416698456 0.110550157725811
2394 3.409410238265991 -0.485089510679245 0.1106894537806511
2395 3.426344871520996 -0.4875689744949341 0.110912449657917
2396 3.441792488098145 -0.4897974133491516 0.1111971959471703
2397 3.455715656280518 -0.491778701543808 0.1115211918950081
2398 3.468080997467041 -0.4935151636600494 0.1118650659918785
2399 3.478858232498169 -0.4950157403945923 0.1122017577290535
2400 3.488022089004517 -0.4962874352931976 0.1125080063939095
2401 3.49554967880249 -0.4973299503326416 0.1127721145749092
2402 3.501423597335815 -0.4981343746185303 0.1129963174462318
2403 3.505629301071167 -0.4986887574195862 0.1131900921463966
2404 3.508157014846802 -0.4990001022815704 0.1133395060896873
2405 3.509000062942505 -0.4990979135036469 0.1133987233042717
2406 2.109000205993652 -0.4461905658245087 0.01534128375351429
2407 2.109843254089355 -0.4461603760719299 0.01540101505815983
2408 2.112370729446411 -0.4460734128952026 0.01557424105703831
2409 2.116576433181763 -0.445936918258667 0.01584941335022449
2410 2.122450351715088 -0.4457115232944489 0.01630898751318455
2411 2.129978179931641 -0.4452435672283173 0.01725992746651173
2412 2.139141798019409 -0.4445078372955322 0.01875298656523228
2413 2.149919271469116 -0.4436648190021515 0.02047819830477238
2414 2.162284374237061 -0.4427173137664795 0.02243706025183201
2415 2.176207542419434 -0.4416543841362 0.02465791441500187
2416 2.191655158996582 -0.4407831132411957 0.02657684125006199
2417 2.208590030670166 -0.4399701952934265 0.02846639789640903
2418 2.226971387863159 -0.438734233379364 0.03122506476938725
2419 2.246754884719849 -0.4373044073581696 0.03442741185426712
2420 2.267892837524414 -0.4358137547969818 0.03783922642469406
2421 2.290334224700928 -0.4348178505897522 0.04050541669130325
2422 2.314025402069092 -0.4333148896694183 0.044198177754879
2423 2.338908910751343 -0.4322462677955627 0.04730219393968582
2424 2.364924907684326 -0.4309152960777283 0.05102402716875076
2425 2.392010688781738 -0.4293765723705292 0.05526498705148697
2426 2.420100927352905 -0.4282257854938507 0.0590607151389122
2427 2.449128150939941 -0.4271989464759827 0.06286787241697311
2428 2.479022264480591 -0.4258930683135986 0.06732907146215439
2429 2.509711503982544 -0.4249348342418671 0.07146822661161423
2430 2.5411217212677 -0.4239203035831451 0.07592042535543442
2431 2.573177099227905 -0.4236030876636505 0.07956757396459579
2432 2.605800867080688 -0.422813355922699 0.08415716141462326
2433 2.638913869857788 -0.4222609102725983 0.08863354474306107
2434 2.672436952590942 -0.422235369682312 0.09259886294603348
2435 2.706288814544678 -0.4224517047405243 0.09647137671709061
2436 2.740388154983521 -0.4224112629890442 0.1009325906634331
2437 2.774652719497681 -0.4226895272731781 0.1051780357956886
2438 2.809000015258789 -0.423635333776474 0.1087507680058479
2439 2.843347549438477 -0.4243922829627991 0.1127824708819389
2440 2.877612113952637 -0.4256845116615295 0.1163134798407555
2441 2.911711454391479 -0.4270982146263123 0.1198718771338463
2442 2.945563316345215 -0.4289385974407196 0.1230589374899864
2443 2.97908616065979 -0.4305967390537262 0.1266177445650101
2444 3.012199401855469 -0.4328203797340393 0.1296056360006332
2445 3.044822931289673 -0.435224175453186 0.1324818283319473
2446 3.076878547668457 -0.4376725554466248 0.1353853642940521
2447 3.108288764953613 -0.4406186044216156 0.1377598494291306
2448 3.138977766036987 -0.4436027109622955 0.1401259750127792
2449 3.168872117996216 -0.4468907117843628 0.1421512216329575
2450 3.197899341583252 -0.4502137303352356 0.1441211849451065
2451 3.225989580154419 -0.4536488354206085 0.1459209024906158
2452 3.253075361251831 -0.4572102129459381 0.1475086808204651
2453 3.279091358184814 -0.4607149660587311 0.1490625888109207
2454 3.303974866867065 -0.4642325937747955 0.1504767835140228
2455 3.32766580581665 -0.4679526388645172 0.1515157520771027
2456 3.350107431411743 -0.4719953536987305 0.1520173251628876
2457 3.371245384216309 -0.475749671459198 0.1526282429695129
2458 3.391028881072998 -0.4792389571666718 0.1532978117465973
2459 3.409410238265991 -0.4824440181255341 0.1540237069129944
2460 3.426344871520996 -0.48536217212677 0.1547857522964478
2461 3.441792488098145 -0.4879939258098602 0.1555612087249756
2462 3.455715656280518 -0.4903409481048584 0.156326949596405
2463 3.468080997467041 -0.492403656244278 0.157062828540802
2464 3.478858232498169 -0.494189977645874 0.1577412486076355
2465 3.488022089004517 -0.4957059919834137 0.1583385765552521
2466 3.49554967880249 -0.4969501197338104 0.1588423252105713
2467 3.501423597335815 -0.4979120790958405 0.1592530608177185
2468 3.505629301071167 -0.4985784888267517 0.159578412771225
2469 3.508157014846802 -0.4989559650421143 0.1598048210144043
2470 3.509000062942505 -0.4990754127502441 0.1598891317844391
2471 2.109000205993652 -0.4378156960010529 0.03119000233709812
2472 2.109843254089355 -0.4377782940864563 0.03125791996717453
2473 2.112370729446411 -0.4376703798770905 0.03145492821931839
2474 2.116576433181763 -0.4375010132789612 0.0317680761218071
2475 2.122450351715088 -0.4372456073760986 0.03224731236696243
2476 2.129978179931641 -0.4367213249206543 0.03322822600603104
2477 2.139141798019409 -0.4358998239040375 0.03476452082395554
2478 2.149919271469116 -0.4349522292613983 0.03655476123094559
2479 2.162284374237061 -0.4338757693767548 0.0386122390627861
2480 2.176207542419434 -0.4326680600643158 0.04095017164945602
2481 2.191655158996582 -0.4316625595092773 0.04300970584154129
2482 2.208590030670166 -0.4307195842266083 0.04505599290132523
2483 2.226971387863159 -0.4293096661567688 0.04799637943506241
2484 2.246754884719849 -0.4277143180370331 0.05135617405176163
2485 2.267892837524414 -0.4260473549365997 0.05495681613683701
2486 2.290334224700928 -0.4249053597450256 0.0578625276684761
2487 2.314025402069092 -0.4231980443000793 0.06184004992246628
2488 2.338908910751343 -0.4219591617584229 0.06526892632246017
2489 2.364924907684326 -0.4204767644405365 0.06928180903196335
2490 2.392010688781738 -0.4187494516372681 0.07387665659189224
2491 2.420100927352905 -0.417437732219696 0.07807747274637222
2492 2.449128150939941 -0.416254997253418 0.08233930915594101
2493 2.479022264480591 -0.4147723615169525 0.08728761225938797
2494 2.509711503982544 -0.4137310981750488 0.09187252074480057
2495 2.5411217212677 -0.4125901162624359 0.09686890989542007
2496 2.573177099227905 -0.412206619977951 0.1011166796088219
2497 2.605800867080688 -0.4113389849662781 0.1063064411282539
2498 2.638913869857788 -0.4107588827610016 0.1113950088620186
2499 2.672436952590942 -0.4107342660427094 0.1160510703921318
2500 2.706288814544678 -0.4109701812267303 0.1206679120659828
2501 2.740388154983521 -0.410989910364151 0.1258357614278793
2502 2.774652719497681 -0.4113296568393707 0.1308711469173431
2503 2.809000015258789 -0.4124017357826233 0.1352810561656952
2504 2.843347549438477 -0.4132779836654663 0.1401752382516861
2505 2.877612113952637 -0.4148030281066895 0.14453986287117
2506 2.911711454391479 -0.4164301455020905 0.1490054875612259
2507 2.945563316345215 -0.4185300171375275 0.1531312763690948
2508 2.97908616065979 -0.4204757511615753 0.1576044261455536
2509 3.012199401855469 -0.4230411052703857 0.1615400016307831
2510 3.044822931289673 -0.4257990419864655 0.1653931140899658
2511 3.076878547668457 -0.4286128878593445 0.1692832410335541
2512 3.108288764953613 -0.4320095181465149 0.1726246774196625
2513 3.138977766036987 -0.4354068338871002 0.1760090589523315
2514 3.168872117996216 -0.4391120374202728 0.1790855228900909
2515 3.197899341583252 -0.4428719878196716 0.1820867955684662
2516 3.225989580154419 -0.4467708766460419 0.1848949491977692
2517 3.253075361251831 -0.4508224725723267 0.1874657273292542
2518 3.279091358184814 -0.4548234343528748 0.1899710893630981
2519 3.303974866867065 -0.4588482677936554 0.1923034191131592
2520 3.32766580581665 -0.4631026387214661 0.1942293643951416
2521 3.350107431411743 -0.4677163362503052 0.1955878734588623
2522 3.371245384216309 -0.4720156192779541 0.1970084607601166
2523 3.391028881072998 -0.4760227203369141 0.1984391808509827
2524 3.409410238265991 -0.4797155261039734 0.1998730599880219
2525 3.426344871520996 -0.483088493347168 0.2012877464294434
2526 3.441792488098145 -0.4861392676830292 0.2026588916778564
2527 3.455715656280518 -0.4888669550418854 0.2039621472358704
2528 3.468080997467041 -0.4912697672843933 0.2051758468151093
2529 3.478858232498169 -0.4933544099330902 0.2062714695930481
2530 3.488022089004517 -0.4951256811618805 0.2072245478630066
2531 3.49554967880249 -0.4965805411338806 0.2080214023590088
2532 3.501423597335815 -0.4977073669433594 0.2086605429649353
2533 3.505629301071167 -0.4984913766384125 0.209147572517395
2534 3.508157014846802 -0.4989385902881622 0.2094690799713135
2535 3.509000062942505 -0.4990810453891754 0.209584504365921
2536 2.109000205993652 -0.4288913607597351 0.04670625180006027
2537 2.109843254089355 -0.4288464486598969 0.04678129404783249
2538 2.112370729446411 -0.4287168979644775 0.04699907451868057
2539 2.116576433181763 -0.4285134971141815 0.04734549671411514
2540 2.122450351715088 -0.4282281100749969 0.04784052819013596
2541 2.129978179931641 -0.4276480376720428 0.0488443449139595
2542 2.139141798019409 -0.4267418384552002 0.05041328817605972
2543 2.149919271469116 -0.4256905019283295 0.05225581675767899
2544 2.162284374237061 -0.4244852960109711 0.05439630895853043
2545 2.176207542419434 -0.4231331944465637 0.05683446675539017
2546 2.191655158996582 -0.4219928681850433 0.05901981145143509
2547 2.208590030670166 -0.4209192395210266 0.06120973080396652
2548 2.226971387863159 -0.4193361401557922 0.06431467086076736
2549 2.246754884719849 -0.4175791442394257 0.06781832128763199
2550 2.267892837524414 -0.4157400727272034 0.07159469276666641
2551 2.290334224700928 -0.4144535660743713 0.07473205775022507
2552 2.314025402069092 -0.4125452041625977 0.07898160070180893
2553 2.338908910751343 -0.4111377596855164 0.08272900432348251
2554 2.364924907684326 -0.4095104336738586 0.08703320473432541
2555 2.392010688781738 -0.4076012969017029 0.09198037534952164
2556 2.420100927352905 -0.4061340689659119 0.09659095853567123
2557 2.449128150939941 -0.4048005938529968 0.1013159677386284
2558 2.479022264480591 -0.4031488299369812 0.1067613735795021
2559 2.509711503982544 -0.4020356833934784 0.1118187680840492
2560 2.5411217212677 -0.40077805519104 0.1173837259411812
2561 2.573177099227905 -0.4003354907035828 0.1222671046853065
2562 2.605800867080688 -0.3994024693965912 0.1280961632728577
2563 2.638913869857788 -0.398809015750885 0.1338468790054321
2564 2.672436952590942 -0.3987967073917389 0.1392501443624496
2565 2.706288814544678 -0.3990631401538849 0.1446737945079803
2566 2.740388154983521 -0.3991603255271912 0.1506219804286957
2567 2.774652719497681 -0.3995764851570129 0.1565239727497101
2568 2.809000015258789 -0.4007874429225922 0.1618587076663971
2569 2.843347549438477 -0.4017981886863708 0.1677064299583435
2570 2.877612113952637 -0.4035731554031372 0.1730141341686249
2571 2.911711454391479 -0.4054290652275085 0.1784963011741638
2572 2.945563316345215 -0.4078027009963989 0.1836782395839691
2573 2.97908616065979 -0.4100546538829803 0.1891909539699554
2574 3.012199401855469 -0.4129778444766998 0.1942075490951538
2575 3.044822931289673 -0.4161053597927094 0.1991739869117737
2576 3.076878547668457 -0.4193006753921509 0.2041902542114258
2577 3.108288764953613 -0.4231635630130768 0.2086500525474548
2578 3.138977766036987 -0.4269874393939972 0.2131990194320679
2579 3.168872117996216 -0.4311201572418213 0.2174724936485291
2580 3.197899341583252 -0.4353280663490295 0.2216535210609436
2581 3.225989580154419 -0.4397018253803253 0.2256214022636414
2582 3.253075361251831 -0.4442543983459473 0.2293287515640259
2583 3.279091358184814 -0.448762983083725 0.2329387068748474
2584 3.303974866867065 -0.4533063173294067 0.236341804265976
2585 3.32766580581665 -0.4581046998500824 0.2393079102039337
2586 3.350107431411743 -0.4632962942123413 0.2416774034500122
2587 3.371245384216309 -0.4681484401226044 0.2440556287765503
2588 3.391028881072998 -0.4726817905902863 0.2463885545730591
2589 3.409410238265991 -0.4768713712692261 0.2486638426780701
2590 3.426344871520996 -0.4807084500789642 0.2508561015129089
2591 3.441792488098145 -0.4841876029968262 0.2529385089874268
2592 3.455715656280518 -0.487305074930191 0.2548846900463104
2593 3.468080997467041 -0.4900567233562469 0.2566708326339722
2594 3.478858232498169 -0.4924475848674774 0.2582668960094452
2595 3.488022089004517 -0.494481086730957 0.2596470415592194
2596 3.49554967880249 -0.4961526095867157 0.2607959508895874
2597 3.501423597335815 -0.4974490702152252 0.2617097496986389
2598 3.505629301071167 -0.4983543753623962 0.2623917162418365
2599 3.508157014846802 -0.4988738894462585 0.2628282904624939
2600 3.509000062942505 -0.4990402162075043 0.2629815340042114
2601 2.109000205993652 -0.4194051623344421 0.06191190332174301
2602 2.109843254089355 -0.4193526208400726 0.06199296563863754
2603 2.112370729446411 -0.4192010760307312 0.06222826987504959
2604 2.116576433181763 -0.4189630746841431 0.0626029297709465
2605 2.122450351715088 -0.4186481535434723 0.06310968846082687
2606 2.129978179931641 -0.4180136024951935 0.06412900239229202
2607 2.139141798019409 -0.4170249104499817 0.0657196119427681
2608 2.149919271469116 -0.4158721268177032 0.06760112196207047
2609 2.162284374237061 -0.4145401418209076 0.06980828195810318
2610 2.176207542419434 -0.4130460023880005 0.07232893258333206
2611 2.191655158996582 -0.4117720723152161 0.07462439686059952
2612 2.208590030670166 -0.4105687439441681 0.07694394141435623
2613 2.226971387863159 -0.4088153839111328 0.08019531518220901
2614 2.246754884719849 -0.4069021940231323 0.08382869511842728
2615 2.267892837524414 -0.40489661693573 0.08776713162660599
2616 2.290334224700928 -0.4034683108329773 0.09112756699323654
2617 2.314025402069092 -0.401363879442215 0.0956355556845665
2618 2.338908910751343 -0.3997906446456909 0.09969440847635269
2619 2.364924907684326 -0.39802485704422 0.1042900010943413
2620 2.392010688781738 -0.3959410786628723 0.1095876470208168
2621 2.420100927352905 -0.3943234086036682 0.1146123185753822
2622 2.449128150939941 -0.3928438127040863 0.1198087111115456
2623 2.479022264480591 -0.3910298049449921 0.1257611513137817
2624 2.509711503982544 -0.3898527920246124 0.1313184499740601
2625 2.5411217212677 -0.3884856998920441 0.137476772069931
2626 2.573177099227905 -0.3879875242710114 0.143031045794487
2627 2.605800867080688 -0.3869972229003906 0.1495393663644791
2628 2.638913869857788 -0.3863987922668457 0.1560034453868866
2629 2.672436952590942 -0.3864036202430725 0.1622114181518555
2630 2.706288814544678 -0.3867043256759644 0.1685054302215576
2631 2.740388154983521 -0.3868873119354248 0.175309419631958
2632 2.774652719497681 -0.3873857855796814 0.1821564137935638
2633 2.809000015258789 -0.3887377381324768 0.188505083322525
2634 2.843347549438477 -0.3898873627185822 0.1953993141651154
2635 2.877612113952637 -0.3919155299663544 0.2017616033554077
2636 2.911711454391479 -0.3940022885799408 0.2083716690540314
2637 2.945563316345215 -0.3966493904590607 0.2147292196750641
2638 2.97908616065979 -0.3992104232311249 0.2214090824127197
2639 3.012199401855469 -0.4024907350540161 0.2276421189308167
2640 3.044822931289673 -0.4059859812259674 0.2338604331016541
2641 3.076878547668457 -0.4095612168312073 0.240144670009613
2642 3.108288764953613 -0.4138863384723663 0.2458762526512146
2643 3.138977766036987 -0.4181316196918488 0.2517381310462952
2644 3.168872117996216 -0.4226838350296021 0.257356196641922
2645 3.197899341583252 -0.4273319244384766 0.2628671824932098
2646 3.225989580154419 -0.4321722984313965 0.2681477963924408
2647 3.253075361251831 -0.4372168779373169 0.2731469571590424
2648 3.279091358184814 -0.4422245919704437 0.2780162394046783
2649 3.303974866867065 -0.4472777545452118 0.2826443016529083
2650 3.32766580581665 -0.4526095688343048 0.2868049144744873
2651 3.350107431411743 -0.458365261554718 0.2903401851654053
2652 3.371245384216309 -0.4637583494186401 0.2938247919082642
2653 3.391028881072998 -0.4688074290752411 0.2972018718719482
2654 3.409410238265991 -0.4734847843647003 0.3004529178142548
2655 3.426344871520996 -0.4777783751487732 0.3035486340522766
2656 3.441792488098145 -0.4816796183586121 0.3064588308334351
2657 3.455715656280518 -0.4851816892623901 0.3091543316841125
2658 3.468080997467041 -0.488277941942215 0.3116083741188049
2659 3.478858232498169 -0.4909716844558716 0.313788890838623
2660 3.488022089004517 -0.4932646751403809 0.3156681656837463
2661 3.49554967880249 -0.495150625705719 0.3172287046909332
2662 3.501423597335815 -0.4966151714324951 0.318463921546936
2663 3.505629301071167 -0.4976409375667572 0.3193744421005249
2664 3.508157014846802 -0.4982324838638306 0.3199464082717896
2665 3.509000062942505 -0.4984227120876312 0.3201442062854767
2666 2.109000205993652 -0.409341037273407 0.07682351022958755
2667 2.109843254089355 -0.4092808961868286 0.07690935581922531
2668 2.112370729446411 -0.4091070890426636 0.07715845853090286
2669 2.116576433181763 -0.408833384513855 0.07755459100008011
2670 2.122450351715088 -0.4084866642951965 0.07806510478258133
2671 2.129978179931641 -0.4077930152416229 0.07908443361520767
2672 2.139141798019409 -0.4067131876945496 0.08067107945680618
2673 2.149919271469116 -0.4054429531097412 0.08255445212125778
2674 2.162284374237061 -0.4039581120014191 0.08477563410997391
2675 2.176207542419434 -0.4022831320762634 0.08730904012918472
2676 2.191655158996582 -0.4008191823959351 0.08962731808423996
2677 2.208590030670166 -0.3994095325469971 0.09196723252534866
2678 2.226971387863159 -0.397388219833374 0.09522368758916855
2679 2.246754884719849 -0.3951956927776337 0.09881731122732162
2680 2.267892837524414 -0.3928697109222412 0.1027115806937218
2681 2.290334224700928 -0.3911071419715881 0.1060519888997078
2682 2.314025402069092 -0.3885780870914459 0.1105238273739815
2683 2.338908910751343 -0.3865647912025452 0.1145547106862068
2684 2.364924907684326 -0.3843422532081604 0.119054339826107
2685 2.392010688781738 -0.381716251373291 0.1242530569434166
2686 2.420100927352905 -0.3795241415500641 0.1291844844818115
2687 2.449128150939941 -0.377416580915451 0.1342808753252029
2688 2.479022264480591 -0.3749009072780609 0.1400996893644333
2689 2.509711503982544 -0.3730569183826447 0.1454597562551498
2690 2.5411217212677 -0.3709128201007843 0.1514347791671753
2691 2.573177099227905 -0.36962029337883 0.1568148136138916
2692 2.605800867080688 -0.367770791053772 0.1630821526050568
2693 2.638913869857788 -0.3662960231304169 0.1692695915699005
2694 2.672436952590942 -0.3653744161128998 0.1752169132232666
2695 2.706288814544678 -0.364696204662323 0.1812411248683929
2696 2.740388154983521 -0.3638876080513 0.1876934468746185
2697 2.774652719497681 -0.3633230030536652 0.1942025423049927
2698 2.809000015258789 -0.3636021614074707 0.2002173364162445
2699 2.843347549438477 -0.3636180460453033 0.2067420184612274
2700 2.877612113952637 -0.3645655810832977 0.2126929461956024
2701 2.911711454391479 -0.3654947876930237 0.2189008593559265
2702 2.945563316345215 -0.3669745624065399 0.2248532474040985
2703 2.97908616065979 -0.3683615028858185 0.2310753762722015
2704 3.012199401855469 -0.3704724013805389 0.2368612587451935
2705 3.044822931289673 -0.3727746605873108 0.242631733417511
2706 3.076878547668457 -0.3751424252986908 0.2484560012817383
2707 3.108288764953613 -0.3783184885978699 0.2537193298339844
2708 3.138977766036987 -0.381361186504364 0.2591339945793152
2709 3.168872117996216 -0.3847013115882874 0.2643294632434845
2710 3.197899341583252 -0.3881603479385376 0.2694090306758881
2711 3.225989580154419 -0.391847550868988 0.2742562294006348
2712 3.253075361251831 -0.3957816660404205 0.2788250744342804
2713 3.279091358184814 -0.3997131884098053 0.2832629978656769
2714 3.303974866867065 -0.4037354588508606 0.2874660789966583
2715 3.32766580581665 -0.4081006944179535 0.2912223339080811
2716 3.350107431411743 -0.4129680097103119 0.2943849563598633
2717 3.371245384216309 -0.4175107181072235 0.2975017428398132
2718 3.391028881072998 -0.4217528998851776 0.300521194934845
2719 3.409410238265991 -0.4256714880466461 0.303426593542099
2720 3.426344871520996 -0.4292581379413605 0.3061921298503876
2721 3.441792488098145 -0.4325076639652252 0.308791309595108
2722 3.455715656280518 -0.4354163110256195 0.311198502779007
2723 3.468080997467041 -0.4379805028438568 0.3133901357650757
2724 3.478858232498169 -0.4402067065238953 0.3153373897075653
2725 3.488022089004517 -0.4420995116233826 0.3170154690742493
2726 3.49554967880249 -0.4436548054218292 0.3184089362621307
2727 3.501423597335815 -0.4448601901531219 0.319511890411377
2728 3.505629301071167 -0.4456996023654938 0.3203249871730804
2729 3.508157014846802 -0.446178674697876 0.3208360075950623
2730 3.509000062942505 -0.4463312327861786 0.3210128247737885
2731 2.109000205993652 -0.3986802399158478 0.09145168215036392
2732 2.109843254089355 -0.3986125886440277 0.09154108911752701
2733 2.112370729446411 -0.398417055606842 0.09180039912462234
2734 2.116576433181763 -0.3981084823608398 0.09221238642930984
2735 2.122450351715088 -0.397731751203537 0.0927220955491066
2736 2.129978179931641 -0.396982878446579 0.09373315423727036
2737 2.139141798019409 -0.3958182334899902 0.09530337899923325
2738 2.149919271469116 -0.3944385349750519 0.09717298299074173
2739 2.162284374237061 -0.3928108811378479 0.09938829392194748
2740 2.176207542419434 -0.3909677565097809 0.1019119098782539
2741 2.191655158996582 -0.3893273770809174 0.1042308881878853
2742 2.208590030670166 -0.3877273499965668 0.1065689250826836
2743 2.226971387863159 -0.3854601681232452 0.1098020449280739
2744 2.246754884719849 -0.3830157816410065 0.113329641520977
2745 2.267892837524414 -0.380401611328125 0.1171511188149452
2746 2.290334224700928 -0.3783382475376129 0.1204443350434303
2747 2.314025402069092 -0.37542724609375 0.1248445138335228
2748 2.338908910751343 -0.3730193078517914 0.1288142949342728
2749 2.364924907684326 -0.3703938126564026 0.1331886798143387
2750 2.392010688781738 -0.3672881126403809 0.1382526755332947
2751 2.420100927352905 -0.3645886182785034 0.1430561691522598
2752 2.449128150939941 -0.3619271814823151 0.1480166167020798
2753 2.479022264480591 -0.3587945699691772 0.1536626517772675
2754 2.509711503982544 -0.3563736975193024 0.1587986648082733
2755 2.5411217212677 -0.353552520275116 0.1645550429821014
2756 2.573177099227905 -0.3515690863132477 0.169729471206665
2757 2.605800867080688 -0.3489768803119659 0.1757240891456604
2758 2.638913869857788 -0.3467494547367096 0.181608259677887
2759 2.672436952590942 -0.3450303673744202 0.1872680485248566
2760 2.706288814544678 -0.3435096144676208 0.1929953396320343
2761 2.740388154983521 -0.3418564796447754 0.1990756094455719
2762 2.774652719497681 -0.3403827846050262 0.2052231431007385
2763 2.809000015258789 -0.3397459387779236 0.2108848392963409
2764 2.843347549438477 -0.3387950360774994 0.2170195877552032
2765 2.877612113952637 -0.3388306200504303 0.2225516438484192
2766 2.911711454391479 -0.3387781977653503 0.2283449172973633
2767 2.945563316345215 -0.3392692506313324 0.2338828146457672
2768 2.97908616065979 -0.3396677672863007 0.2396425604820251
2769 3.012199401855469 -0.3407948911190033 0.2449802160263062
2770 3.044822931289673 -0.342092901468277 0.250301718711853
2771 3.076878547668457 -0.3434451520442963 0.2556658387184143
2772 3.108288764953613 -0.345660924911499 0.2604696154594421
2773 3.138977766036987 -0.347692459821701 0.2654397487640381
2774 3.168872117996216 -0.3500104546546936 0.2702137231826782
2775 3.197899341583252 -0.352469265460968 0.2748657464981079
2776 3.225989580154419 -0.3551890850067139 0.2792869508266449
2777 3.253075361251831 -0.3581942319869995 0.2834362387657166
2778 3.279091358184814 -0.3612275421619415 0.2874555587768555
2779 3.303974866867065 -0.3643915355205536 0.2912487089633942
2780 3.32766580581665 -0.3679543435573578 0.2946188747882843
2781 3.350107431411743 -0.3720864057540894 0.2974309623241425
2782 3.371245384216309 -0.3759265542030334 0.3002017140388489
2783 3.391028881072998 -0.3795029819011688 0.3028848171234131
2784 3.409410238265991 -0.3827966451644897 0.3054653108119965
2785 3.426344871520996 -0.3858020305633545 0.307920515537262
2786 3.441792488098145 -0.3885163962841034 0.3102274537086487
2787 3.455715656280518 -0.3909382820129395 0.3123637437820435
2788 3.468080997467041 -0.3930664360523224 0.3143087029457092
2789 3.478858232498169 -0.3949097990989685 0.3160367012023926
2790 3.488022089004517 -0.396475076675415 0.3175256848335266
2791 3.49554967880249 -0.3977598249912262 0.3187620639801025
2792 3.501423597335815 -0.3987532556056976 0.3197406828403473
2793 3.505629301071167 -0.399440586566925 0.320462167263031
2794 3.508157014846802 -0.3998279869556427 0.3209158480167389
2795 3.509000062942505 -0.3999499082565308 0.3210728764533997
2796 2.109000205993652 -0.3874020874500275 0.1058006510138512
2797 2.109843254089355 -0.3873272836208344 0.1058923676609993
2798 2.112370729446411 -0.3871108591556549 0.1061582639813423
2799 2.116576433181763 -0.3867689073085785 0.1065803691744804
2800 2.122450351715088 -0.3863644599914551 0.107084758579731
2801 2.129978179931641 -0.3855649828910828 0.1080794259905815
2802 2.139141798019409 -0.3843230009078979 0.1096210405230522
2803 2.149919271469116 -0.3828433752059937 0.1114616170525551
2804 2.162284374237061 -0.3810848295688629 0.1136515811085701
2805 2.176207542419434 -0.3790883123874664 0.1161436066031456
2806 2.191655158996582 -0.3772870302200317 0.1184420064091682
2807 2.208590030670166 -0.3755143284797668 0.1207571253180504
2808 2.226971387863159 -0.3730257749557495 0.1239402070641518
2809 2.246754884719849 -0.3703586459159851 0.1273779273033142
2810 2.267892837524414 -0.3674901723861694 0.1311008483171463
2811 2.290334224700928 -0.3651607632637024 0.1343229860067368
2812 2.314025402069092 -0.3619124293327332 0.1386200487613678
2813 2.338908910751343 -0.3591566681861877 0.1425001919269562
2814 2.364924907684326 -0.3561823964118958 0.1467256844043732
2815 2.392010688781738 -0.3526601791381836 0.1516257524490356
2816 2.420100927352905 -0.3495205938816071 0.1562739312648773
2817 2.449128150939941 -0.346379280090332 0.1610706746578217
2818 2.479022264480591 -0.3427141904830933 0.1665142476558685
2819 2.509711503982544 -0.3398039042949677 0.1714096963405609
2820 2.5411217212677 -0.3364036977291107 0.1769235134124756
2821 2.573177099227905 -0.3338298201560974 0.181873232126236
2822 2.605800867080688 -0.3306077718734741 0.1875770092010498
2823 2.638913869857788 -0.3277463316917419 0.1931460201740265
2824 2.672436952590942 -0.3253532350063324 0.1985068023204803
2825 2.706288814544678 -0.3231204152107239 0.2039266526699066
2826 2.740388154983521 -0.320762038230896 0.2096322476863861
2827 2.774652719497681 -0.3185254633426666 0.2154133021831512
2828 2.809000015258789 -0.3171204924583435 0.2207219004631042
2829 2.843347549438477 -0.315360426902771 0.226466953754425
2830 2.877612113952637 -0.3146409392356873 0.2315934002399445
2831 2.911711454391479 -0.3137711882591248 0.2369813024997711
2832 2.945563316345215 -0.313439816236496 0.2421176433563232
2833 2.97908616065979 -0.3130218982696533 0.2474333345890045
2834 3.012199401855469 -0.3133364617824554 0.2523446977138519
2835 3.044822931289673 -0.3138042688369751 0.2572396695613861
2836 3.076878547668457 -0.3143178224563599 0.2621674239635468
2837 3.108288764953613 -0.3157454431056976 0.2665438055992126
2838 3.138977766036987 -0.3169414699077606 0.2710961401462555
2839 3.168872117996216 -0.3184117376804352 0.2754737734794617
2840 3.197899341583252 -0.3200432062149048 0.2797260880470276
2841 3.225989580154419 -0.3219650983810425 0.283752053976059
2842 3.253075361251831 -0.3242060244083405 0.2875154316425323
2843 3.279091358184814 -0.3265023231506348 0.2911511957645416
2844 3.303974866867065 -0.3289638459682465 0.2945710718631744
2845 3.32766580581665 -0.33187136054039 0.2975939512252808
2846 3.350107431411743 -0.335404247045517 0.3000965714454651
2847 3.371245384216309 -0.3386731147766113 0.3025613129138947
2848 3.391028881072998 -0.3417092859745026 0.3049467802047729
2849 3.409410238265991 -0.344496876001358 0.3072394728660583
2850 3.426344871520996 -0.3470324873924255 0.3094196617603302
2851 3.441792488098145 -0.3493151068687439 0.311467319726944
2852 3.455715656280518 -0.3513449132442474 0.3133630454540253
2853 3.468080997467041 -0.3531222641468048 0.3150888085365295
2854 3.478858232498169 -0.3546578884124756 0.3166218400001526
2855 3.488022089004517 -0.3559600710868835 0.3179426491260529
2856 3.49554967880249 -0.3570276200771332 0.3190393149852753
2857 3.501423597335815 -0.3578510880470276 0.3199072182178497
2858 3.505629301071167 -0.3584166169166565 0.3205470740795135
2859 3.508157014846802 -0.3587309122085571 0.3209494650363922
2860 3.509000062942505 -0.3588284254074097 0.3210887610912323
2861 2.109000205993652 -0.3754851222038269 0.1198680177330971
2862 2.109843254089355 -0.3754035830497742 0.1199607774615288
2863 2.112370729446411 -0.375167578458786 0.120229609310627
2864 2.116576433181763 -0.3747943639755249 0.1206560805439949
2865 2.122450351715088 -0.3743648827075958 0.1211506947875023
2866 2.129978179931641 -0.3735201954841614 0.1221210137009621
2867 2.139141798019409 -0.3722094893455505 0.1236220821738243
2868 2.149919271469116 -0.3706406950950623 0.1254186630249023
2869 2.162284374237061 -0.3687648177146912 0.1275641769170761
2870 2.176207542419434 -0.3666313290596008 0.1300031691789627
2871 2.191655158996582 -0.364686131477356 0.1322601139545441
2872 2.208590030670166 -0.3627596199512482 0.1345316469669342
2873 2.226971387863159 -0.3600754141807556 0.1376386135816574
2874 2.246754884719849 -0.3572151660919189 0.1409634202718735
2875 2.267892837524414 -0.3541265726089478 0.1445630341768265
2876 2.290334224700928 -0.3515655398368835 0.147690936923027
2877 2.314025402069092 -0.3480243682861328 0.1518546640872955
2878 2.338908910751343 -0.3449665009975433 0.1556176841259003
2879 2.364924907684326 -0.3416950404644012 0.1596719622612
2880 2.392010688781738 -0.3378170430660248 0.1643804609775543
2881 2.420100927352905 -0.3343009948730469 0.1688475012779236
2882 2.449128150939941 -0.3307494223117828 0.1734544038772583
2883 2.479022264480591 -0.3266313076019287 0.1786678433418274
2884 2.509711503982544 -0.3233113586902618 0.1833080053329468
2885 2.5411217212677 -0.3194224238395691 0.1885575354099274
2886 2.573177099227905 -0.3163492977619171 0.1932651698589325
2887 2.605800867080688 -0.3125997185707092 0.1986623108386993
2888 2.638913869857788 -0.309210479259491 0.2039064168930054
2889 2.672436952590942 -0.3062534034252167 0.208958774805069
2890 2.706288814544678 -0.3034243285655975 0.2140627801418304
2891 2.740388154983521 -0.3004831671714783 0.219393253326416
2892 2.774652719497681 -0.2976124584674835 0.2248052060604095
2893 2.809000015258789 -0.2955681979656219 0.2297626137733459
2894 2.843347549438477 -0.2931365668773651 0.2351203858852386
2895 2.877612113952637 -0.291796088218689 0.2398558259010315
2896 2.911711454391479 -0.2902503907680511 0.2448493838310242
2897 2.945563316345215 -0.2892386317253113 0.2495984733104706
2898 2.97908616065979 -0.2881505489349365 0.2544898092746735
2899 3.012199401855469 -0.2877969443798065 0.2589977979660034
2900 3.044822931289673 -0.2875811457633972 0.2634895741939545
2901 3.076878547668457 -0.287404865026474 0.2680056691169739
2902 3.108288764953613 -0.2881869077682495 0.2719868123531342
2903 3.138977766036987 -0.2886942327022552 0.2761485874652863
2904 3.168872117996216 -0.2894625961780548 0.2801554203033447
2905 3.197899341583252 -0.2904106676578522 0.2840360701084137
2906 3.225989580154419 -0.2916747629642487 0.2876975834369659
2907 3.253075361251831 -0.2932868003845215 0.2911082208156586
2908 3.279091358184814 -0.2949780523777008 0.2943949401378632
2909 3.303974866867065 -0.2968639731407166 0.2974773645401001
2910 3.32766580581665 -0.2992347478866577 0.3001902997493744
2911 3.350107431411743 -0.3022763729095459 0.3024223744869232
2912 3.371245384216309 -0.3050781488418579 0.304619163274765
2913 3.391028881072998 -0.3076735734939575 0.3067437708377838
2914 3.409410238265991 -0.3100493848323822 0.3087840378284454
2915 3.426344871520996 -0.3122036457061768 0.3107227981090546
2916 3.441792488098145 -0.3141366243362427 0.3125426769256592
2917 3.455715656280518 -0.3158494532108307 0.3142269253730774
2918 3.468080997467041 -0.317343682050705 0.3157597482204437
2919 3.478858232498169 -0.3186313211917877 0.3171211183071136
2920 3.488022089004517 -0.3197216093540192 0.3182937800884247
2921 3.49554967880249 -0.3206143379211426 0.3192673325538635
2922 3.501423597335815 -0.3213011026382446 0.3200376927852631
2923 3.505629301071167 -0.3217689990997314 0.320605456829071
2924 3.508157014846802 -0.3220249116420746 0.3209623992443085
2925 3.509000062942505 -0.3221030235290527 0.3210859894752502
2926 2.109000205993652 -0.3629079759120941 0.1336444765329361
2927 2.109843254089355 -0.3628202974796295 0.1337370276451111
2928 2.112370729446411 -0.3625663816928864 0.1340051889419556
2929 2.116576433181763 -0.3621646165847778 0.1344303488731384
2930 2.122450351715088 -0.3617132306098938 0.1349108964204788
2931 2.129978179931641 -0.3608295023441315 0.1358491629362106
2932 2.139141798019409 -0.3594596982002258 0.1372982114553452
2933 2.149919271469116 -0.3578138947486877 0.1390363872051239
2934 2.162284374237061 -0.3558359742164612 0.1411189436912537
2935 2.176207542419434 -0.3535836935043335 0.1434842795133591
2936 2.191655158996582 -0.3515131175518036 0.1456795483827591
2937 2.208590030670166 -0.3494529128074646 0.1478875130414963
2938 2.226971387863159 -0.3466004431247711 0.1508933901786804
2939 2.246754884719849 -0.3435776233673096 0.1540834903717041
2940 2.267892837524414 -0.3403038084506989 0.1575363576412201
2941 2.290334224700928 -0.3375457525253296 0.160548061132431
2942 2.314025402069092 -0.3337567448616028 0.1645498275756836
2943 2.338908910751343 -0.3304423391819 0.1681697368621826
2944 2.364924907684326 -0.3269239068031311 0.1720321178436279
2945 2.392010688781738 -0.3227493166923523 0.1765235066413879
2946 2.420100927352905 -0.3189183473587036 0.1807854771614075
2947 2.449128150939941 -0.3150233626365662 0.1851784586906433
2948 2.479022264480591 -0.3105282783508301 0.190136581659317
2949 2.509711503982544 -0.3068727254867554 0.1945086717605591
2950 2.5411217212677 -0.3025798201560974 0.1994746923446655
2951 2.573177099227905 -0.2990919053554535 0.2039249837398529
2952 2.605800867080688 -0.2949092984199524 0.2090021967887878
2953 2.638913869857788 -0.2910890579223633 0.2139139771461487
2954 2.672436952590942 -0.2876678705215454 0.218650758266449
2955 2.706288814544678 -0.2843473255634308 0.2234326004981995
2956 2.740388154983521 -0.2809328734874725 0.228389710187912
2957 2.774652719497681 -0.2775434255599976 0.2334322333335876
2958 2.809000015258789 -0.2749740779399872 0.2380422055721283
2959 2.843347549438477 -0.2719930112361908 0.2430171966552734
2960 2.877612113952637 -0.2701478898525238 0.2473774552345276
2961 2.911711454391479 -0.2680497169494629 0.2519892156124115
2962 2.945563316345215 -0.2664807438850403 0.2563665509223938
2963 2.97908616065979 -0.2648485898971558 0.2608543038368225
2964 3.012199401855469 -0.2639501988887787 0.2649823129177094
2965 3.044822931289673 -0.2631759643554688 0.269094705581665
2966 3.076878547668457 -0.2624368071556091 0.2732243537902832
2967 3.108288764953613 -0.2626926302909851 0.2768419981002808
2968 3.138977766036987 -0.2626354396343231 0.2806403934955597
2969 3.168872117996216 -0.2628253400325775 0.284302145242691
2970 3.197899341583252 -0.2632112205028534 0.2878390550613403
2971 3.225989580154419 -0.2639347314834595 0.2911663353443146
2972 3.253075361251831 -0.2650301456451416 0.2942565381526947
2973 3.279091358184814 -0.2662253081798553 0.2972276508808136
2974 3.303974866867065 -0.2676396667957306 0.3000070452690125
2975 3.32766580581665 -0.2695697247982025 0.3024455606937408
2976 3.350107431411743 -0.2722058594226837 0.3044433891773224
2977 3.371245384216309 -0.2746233940124512 0.3064077198505402
2978 3.391028881072998 -0.2768571376800537 0.3083058595657349
2979 3.409410238265991 -0.2788961231708527 0.3101268112659454
2980 3.426344871520996 -0.2807393670082092 0.311855673789978
2981 3.441792488098145 -0.282387912273407 0.3134773671627045
2982 3.455715656280518 -0.2838434875011444 0.3149774074554443
2983 3.468080997467041 -0.2851084172725677 0.3163420557975769
2984 3.478858232498169 -0.2861954569816589 0.3175536394119263
2985 3.488022089004517 -0.2871145904064178 0.3185970485210419
2986 3.49554967880249 -0.2878661751747131 0.3194631636142731
2987 3.501423597335815 -0.2884427905082703 0.3201482892036438
2988 3.505629301071167 -0.2888322770595551 0.320652961730957
2989 3.508157014846802 -0.2890415489673615 0.3209700882434845
2990 3.509000062942505 -0.2891042232513428 0.3210798501968384
2991 2.109000205993652 -0.3496504127979279 0.1471137553453445
2992 2.109843254089355 -0.3495572805404663 0.1472048908472061
2993 2.112370729446411 -0.3492875397205353 0.1474688947200775
2994 2.116576433181763 -0.3488605618476868 0.1478872746229172
2995 2.122450351715088 -0.3483908176422119 0.1483496278524399
2996 2.129978179931641 -0.3474749028682709 0.1492485702037811
2997 2.139141798019409 -0.3460567891597748 0.1506347954273224
2998 2.149919271469116 -0.3443474173545837 0.1523008942604065
2999 2.162284374237061 -0.3422843813896179 0.1543030142784119
3000 2.176207542419434 -0.3399333357810974 0.1565751135349274
3001 2.191655158996582 -0.3377575278282166 0.1586895883083344
3002 2.208590030670166 -0.3355852365493774 0.1608150899410248
3003 2.226971387863159 -0.3325935900211334 0.1636963486671448
3004 2.246754884719849 -0.3294398784637451 0.166731595993042
3005 2.267892837524414 -0.3260167837142944 0.1700161099433899
3006 2.290334224700928 -0.3230968713760376 0.1728911697864532
3007 2.314025402069092 -0.3191060423851013 0.1767045259475708
3008 2.338908910751343 -0.3155809044837952 0.180157333612442
3009 2.364924907684326 -0.3118649423122406 0.1838092505931854
3010 2.392010688781738 -0.3074524104595184 0.1880604922771454
3011 2.420100927352905 -0.3033667802810669 0.1920959055423737
3012 2.449128150939941 -0.2991934716701508 0.1962534487247467
3013 2.479022264480591 -0.2943953573703766 0.2009339928627014
3014 2.509711503982544 -0.2904740869998932 0.2050276398658752
3015 2.5411217212677 -0.2858580052852631 0.2096937298774719
3016 2.573177099227905 -0.2820347547531128 0.2138740122318268
3017 2.605800867080688 -0.2775077521800995 0.2186209261417389
3018 2.638913869857788 -0.2733460664749146 0.2231955528259277
3019 2.672436952590942 -0.2695529162883759 0.2276120185852051
3020 2.706288814544678 -0.2658372223377228 0.2320680916309357
3021 2.740388154983521 -0.2620488703250885 0.2366558313369751
3022 2.774652719497681 -0.2582456767559052 0.241331160068512
3023 2.809000015258789 -0.2552540898323059 0.2455994784832001
3024 2.843347549438477 -0.2518337070941925 0.2501986622810364
3025 2.877612113952637 -0.2495861947536469 0.2542006969451904
3026 2.911711454391479 -0.247045025229454 0.2584448158740997
3027 2.945563316345215 -0.2450272589921951 0.2624671757221222
3028 2.97908616065979 -0.2429611831903458 0.2665731608867645
3029 3.012199401855469 -0.2416247576475143 0.270345151424408
3030 3.044822931289673 -0.2404004335403442 0.2741025984287262
3031 3.076878547668457 -0.239207997918129 0.2778714597225189
3032 3.108288764953613 -0.2390386015176773 0.2811567485332489
3033 3.138977766036987 -0.2385233193635941 0.2846191227436066
3034 3.168872117996216 -0.2382405996322632 0.2879615426063538
3035 3.197899341583252 -0.2381676733493805 0.2911824882030487
3036 3.225989580154419 -0.2384497076272964 0.2942053377628326
3037 3.253075361251831 -0.2391224950551987 0.2970063984394073
3038 3.279091358184814 -0.2399123907089233 0.2996941804885864
3039 3.303974866867065 -0.2409413009881973 0.3022036254405975
3040 3.32766580581665 -0.2425089478492737 0.3044012188911438
3041 3.350107431411743 -0.2448079437017441 0.306198388338089
3042 3.371245384216309 -0.2469072341918945 0.3079632222652435
3043 3.391028881072998 -0.2488424032926559 0.3096668422222137
3044 3.409410238265991 -0.2506042122840881 0.3112993240356445
3045 3.426344871520996 -0.2521924078464508 0.3128476142883301
3046 3.441792488098145 -0.2536084055900574 0.3142986595630646
3047 3.455715656280518 -0.2548542320728302 0.3156399130821228
3048 3.468080997467041 -0.2559326887130737 0.3168594539165497
3049 3.478858232498169 -0.2568569779396057 0.3179417252540588
3050 3.488022089004517 -0.2576373219490051 0.3188734948635101
3051 3.49554967880249 -0.2582746148109436 0.319646805524826
3052 3.501423597335815 -0.2587621510028839 0.3202582895755768
3053 3.505629301071167 -0.259088546037674 0.3207083642482758
3054 3.508157014846802 -0.2592605650424957 0.3209908604621887
3055 3.509000062942505 -0.2593109905719757 0.321088582277298
3056 2.109000205993652 -0.335694283246994 0.1602527797222137
3057 2.109843254089355 -0.33559650182724 0.16034135222435
3058 2.112370729446411 -0.3353133797645569 0.1605978608131409
3059 2.116576433181763 -0.3348650932312012 0.1610042452812195
3060 2.122450351715088 -0.3343809545040131 0.1614445745944977
3061 2.129978179931641 -0.3334404826164246 0.1622974872589111
3062 2.139141798019409 -0.3319858014583588 0.1636108756065369
3063 2.149919271469116 -0.3302276432514191 0.1651923358440399
3064 2.162284374237061 -0.3280980288982391 0.1670977175235748
3065 2.176207542419434 -0.3256699740886688 0.1692585051059723
3066 2.191655158996582 -0.3234106302261353 0.171274334192276
3067 2.208590030670166 -0.3211492598056793 0.1732998490333557
3068 2.226971387863159 -0.3180493116378784 0.1760348975658417
3069 2.246754884719849 -0.3147974610328674 0.1788969933986664
3070 2.267892837524414 -0.3112620413303375 0.1819936037063599
3071 2.290334224700928 -0.3082162439823151 0.1847133934497833
3072 2.314025402069092 -0.3040706217288971 0.1883145272731781
3073 2.338908910751343 -0.3003811836242676 0.1915784776210785
3074 2.364924907684326 -0.2965166568756104 0.1950035393238068
3075 2.392010688781738 -0.2919244468212128 0.1989943385124207
3076 2.420100927352905 -0.2876434922218323 0.2027842700481415
3077 2.449128150939941 -0.2832557559013367 0.2066875398159027
3078 2.479022264480591 -0.278226912021637 0.2110713422298431
3079 2.509711503982544 -0.2741062939167023 0.2148782908916473
3080 2.5411217212677 -0.2692446410655975 0.2192310094833374
3081 2.573177099227905 -0.265161544084549 0.2231308817863464
3082 2.605800867080688 -0.2603738903999329 0.2275397777557373
3083 2.638913869857788 -0.2559544444084167 0.2317746579647064
3084 2.672436952590942 -0.2518749833106995 0.2358682751655579
3085 2.706288814544678 -0.247853547334671 0.2399969398975372
3086 2.740388154983521 -0.2437822222709656 0.2442211210727692
3087 2.774652719497681 -0.2396616041660309 0.2485333979129791
3088 2.809000015258789 -0.236341118812561 0.2524671852588654
3089 2.843347549438477 -0.2325814515352249 0.2566990554332733
3090 2.877612113952637 -0.2300221920013428 0.2603601813316345
3091 2.911711454391479 -0.2271358221769333 0.2642515599727631
3092 2.945563316345215 -0.2247653156518936 0.2679360210895538
3093 2.97908616065979 -0.2223621904850006 0.27168208360672
3094 3.012199401855469 -0.2206807434558868 0.2751215696334839
3095 3.044822931289673 -0.21910060942173 0.2785478234291077
3096 3.076878547668457 -0.2175501435995102 0.2819810211658478
3097 3.108288764953613 -0.2170413583517075 0.2849633991718292
3098 3.138977766036987 -0.2161595970392227 0.2881159782409668
3099 3.168872117996216 -0.2154955416917801 0.291163831949234
3100 3.197899341583252 -0.2150523662567139 0.2940953373908997
3101 3.225989580154419 -0.2149770706892014 0.2968417704105377
3102 3.253075361251831 -0.2153062075376511 0.2993829846382141
3103 3.279091358184814 -0.2157666981220245 0.3018174767494202
3104 3.303974866867065 -0.2164814323186874 0.3040874898433685
3105 3.32766580581665 -0.2177503854036331 0.3060746192932129
3106 3.350107431411743 -0.21976637840271 0.3077010810375214
3107 3.371245384216309 -0.2215997725725174 0.3092958927154541
3108 3.391028881072998 -0.2232862263917923 0.3108335733413696
3109 3.409410238265991 -0.2248180508613586 0.3123051226139069
3110 3.426344871520996 -0.2261954098939896 0.3136991560459137
3111 3.441792488098145 -0.227419838309288 0.315004289150238
3112 3.455715656280518 -0.2284934669733047 0.3162096440792084
3113 3.468080997467041 -0.2294193059206009 0.3173048794269562
3114 3.478858232498169 -0.230210617184639 0.3182763159275055
3115 3.488022089004517 -0.2308778315782547 0.3191123604774475
3116 3.49554967880249 -0.2314220070838928 0.3198060393333435
3117 3.501423597335815 -0.231837123632431 0.3203543424606323
3118 3.505629301071167 -0.2321124821901321 0.3207574784755707
3119 3.508157014846802 -0.232254683971405 0.3210101127624512
3120 3.509000062942505 -0.2322954088449478 0.3210974037647247
3121 2.109000205993652 -0.321024477481842 0.1730318367481232
3122 2.109843254089355 -0.3209230601787567 0.1731167733669281
3123 2.112370729446411 -0.3206293284893036 0.1733627021312714
3124 2.116576433181763 -0.3201641738414764 0.1737522184848785
3125 2.122450351715088 -0.3196699917316437 0.1741670668125153
3126 2.129978179931641 -0.3187131583690643 0.174967885017395
3127 2.139141798019409 -0.3172346949577332 0.1761994957923889
3128 2.149919271469116 -0.3154436349868774 0.1776849627494812
3129 2.162284374237061 -0.3132675290107727 0.1794789433479309
3130 2.176207542419434 -0.3107857704162598 0.1815120875835419
3131 2.191655158996582 -0.3084661662578583 0.183413177728653
3132 2.208590030670166 -0.3061400651931763 0.1853228509426117
3133 2.226971387863159 -0.3029642999172211 0.1878923773765564
3134 2.246754884719849 -0.2996481955051422 0.1905653178691864
3135 2.267892837524414 -0.2960385382175446 0.1934569776058197
3136 2.290334224700928 -0.2929035425186157 0.1960050761699677
3137 2.314025402069092 -0.2886512279510498 0.1993730664253235
3138 2.338908910751343 -0.2848444879055023 0.2024291455745697
3139 2.364924907684326 -0.2808801531791687 0.2056136429309845
3140 2.392010688781738 -0.2761663794517517 0.2093268632888794
3141 2.420100927352905 -0.271748960018158 0.2128554284572601
3142 2.449128150939941 -0.2672097682952881 0.2164886295795441
3143 2.479022264480591 -0.2620213031768799 0.2205600142478943
3144 2.509711503982544 -0.2577650249004364 0.2240745425224304
3145 2.5411217212677 -0.2527328431606293 0.2281035780906677
3146 2.573177099227905 -0.2484621703624725 0.2317153811454773
3147 2.605800867080688 -0.2434937208890915 0.2357814610004425
3148 2.638913869857788 -0.2388952821493149 0.2396765053272247
3149 2.672436952590942 -0.2346100360155106 0.2434470355510712
3150 2.706288814544678 -0.2303664982318878 0.247249037027359
3151 2.740388154983521 -0.2260962128639221 0.2511172890663147
3152 2.774652719497681 -0.2217474728822708 0.2550728023052216
3153 2.809000015258789 -0.2181837409734726 0.2586807012557983
3154 2.843347549438477 -0.2141766399145126 0.2625555098056793
3155 2.877612113952637 -0.2113867849111557 0.2658933401107788
3156 2.911711454391479 -0.2082435190677643 0.2694477438926697
3157 2.945563316345215 -0.2056063413619995 0.2728118300437927
3158 2.97908616065979 -0.2029522508382797 0.2762198746204376
3159 3.012199401855469 -0.2010076940059662 0.2793498337268829
3160 3.044822931289673 -0.1991546452045441 0.2824682295322418
3161 3.076878547668457 -0.1973297595977783 0.2855902016162872
3162 3.108288764953613 -0.1965552270412445 0.2882974743843079
3163 3.138977766036987 -0.1953867226839066 0.2911655008792877
3164 3.168872117996216 -0.1944209337234497 0.2939426302909851
3165 3.197899341583252 -0.1936841905117035 0.2966099381446838
3166 3.225989580154419 -0.1933236718177795 0.2991063892841339
3167 3.253075361251831 -0.1933761686086655 0.301414966583252
3168 3.279091358184814 -0.1935711354017258 0.3036240339279175
3169 3.303974866867065 -0.1940311193466187 0.3056826293468475
3170 3.32766580581665 -0.1950535476207733 0.3074869513511658
3171 3.350107431411743 -0.1968294978141785 0.3089691400527954
3172 3.371245384216309 -0.1984384655952454 0.3104199469089508
3173 3.391028881072998 -0.199915736913681 0.3118170499801636
3174 3.409410238265991 -0.2012549191713333 0.3131521940231323
3175 3.426344871520996 -0.2024563401937485 0.3144153356552124
3176 3.441792488098145 -0.2035215646028519 0.3155965805053711
3177 3.455715656280518 -0.2044526040554047 0.3166864514350891
3178 3.468080997467041 -0.2052525132894516 0.317675918340683
3179 3.478858232498169 -0.2059344351291656 0.3185529708862305
3180 3.488022089004517 -0.2065086662769318 0.3193075060844421
3181 3.49554967880249 -0.2069764286279678 0.3199334144592285
3182 3.501423597335815 -0.2073322832584381 0.3204278349876404
3183 3.505629301071167 -0.2075661867856979 0.3207908868789673
3184 3.508157014846802 -0.2076844424009323 0.3210179507732391
3185 3.509000062942505 -0.2077174484729767 0.321096271276474
3186 2.109000205993652 -0.3056299686431885 0.1854149699211121
3187 2.109843254089355 -0.305525928735733 0.1854952871799469
3188 2.112370729446411 -0.3052246868610382 0.1857278943061829
3189 2.116576433181763 -0.3047476410865784 0.1860961318016052
3190 2.122450351715088 -0.3042480647563934 0.1864824295043945
3191 2.129978179931641 -0.30328369140625 0.187225878238678
3192 2.139141798019409 -0.3017950654029846 0.188368022441864
3193 2.149919271469116 -0.2999881207942963 0.1897476315498352
3194 2.162284374237061 -0.2977869212627411 0.1914173662662506
3195 2.176207542419434 -0.2952762842178345 0.1933087110519409
3196 2.191655158996582 -0.2929210066795349 0.1950809955596924
3197 2.208590030670166 -0.2905557453632355 0.1968609988689423
3198 2.226971387863159 -0.2873380780220032 0.1992483735084534
3199 2.246754884719849 -0.2839926183223724 0.201718807220459
3200 2.267892837524414 -0.2803476452827454 0.2043912708759308
3201 2.290334224700928 -0.2771608829498291 0.2067538797855377
3202 2.314025402069092 -0.2728509604930878 0.2098712921142578
3203 2.338908910751343 -0.2689745426177979 0.2127035856246948
3204 2.364924907684326 -0.2649589478969574 0.2156367003917694
3205 2.392010688781738 -0.2601816356182098 0.2190588712692261
3206 2.420100927352905 -0.2556860744953156 0.2223134934902191
3207 2.449128150939941 -0.2510576546192169 0.2256643772125244
3208 2.479022264480591 -0.2457795739173889 0.2294116318225861
3209 2.509711503982544 -0.2414489984512329 0.2326307594776154
3210 2.5411217212677 -0.2363191545009613 0.2363293766975403
3211 2.573177099227905 -0.2319304496049881 0.2396483719348907
3212 2.605800867080688 -0.2268576771020889 0.2433700859546661
3213 2.638913869857788 -0.2221548557281494 0.2469279170036316
3214 2.672436952590942 -0.217739924788475 0.250377744436264
3215 2.706288814544678 -0.2133532166481018 0.2538563907146454
3216 2.740388154983521 -0.2089621275663376 0.2573784291744232
3217 2.774652719497681 -0.2044685930013657 0.2609857022762299
3218 2.809000015258789 -0.200740858912468 0.2642780840396881
3219 2.843347549438477 -0.1965712755918503 0.2678079307079315
3220 2.877612113952637 -0.1936241388320923 0.2708406448364258
3221 2.911711454391479 -0.1903043836355209 0.2740747332572937
3222 2.945563316345215 -0.1874784380197525 0.2771365344524384
3223 2.97908616065979 -0.1846505552530289 0.2802286446094513
3224 3.012199401855469 -0.1825156360864639 0.2830716967582703
3225 3.044822931289673 -0.1804633289575577 0.2859051823616028
3226 3.076878547668457 -0.1784381121397018 0.2887399792671204
3227 3.108288764953613 -0.1774616092443466 0.2911984622478485
3228 3.138977766036987 -0.1760764122009277 0.2938062250614166
3229 3.168872117996216 -0.1748789250850677 0.2963356375694275
3230 3.197899341583252 -0.1739156693220139 0.2987629473209381
3231 3.225989580154419 -0.1733323782682419 0.3010344505310059
3232 3.253075361251831 -0.1731655299663544 0.3031358122825623
3233 3.279091358184814 -0.1731492578983307 0.305145263671875
3234 3.303974866867065 -0.1734044700860977 0.3070182204246521
3235 3.32766580581665 -0.1742233335971832 0.3086645603179932
3236 3.350107431411743 -0.175793394446373 0.3100257515907288
3237 3.371245384216309 -0.1772109121084213 0.3113555610179901
3238 3.391028881072998 -0.1785103678703308 0.3126344382762909
3239 3.409410238265991 -0.1796864569187164 0.3138547837734222
3240 3.426344871520996 -0.1807395666837692 0.315007746219635
3241 3.441792488098145 -0.1816711127758026 0.3160845935344696
3242 3.455715656280518 -0.1824829280376434 0.317077100276947
3243 3.468080997467041 -0.1831779628992081 0.317977249622345
3244 3.478858232498169 -0.1837690621614456 0.3187746107578278
3245 3.488022089004517 -0.1842662543058395 0.3194602727890015
3246 3.49554967880249 -0.1846707761287689 0.3200288414955139
3247 3.501423597335815 -0.184977725148201 0.3204777240753174
3248 3.505629301071167 -0.1851776838302612 0.3208068013191223
3249 3.508157014846802 -0.1852766275405884 0.3210121095180511
3250 3.509000062942505 -0.1853034794330597 0.3210828006267548
3251 2.109000205993652 -0.2895045578479767 0.1973605453968048
3252 2.109843254089355 -0.289399117231369 0.1974354088306427
3253 2.112370729446411 -0.2890937328338623 0.1976521909236908
3254 2.116576433181763 -0.2886101007461548 0.1979953050613403
3255 2.122450351715088 -0.2881101071834564 0.1983505487442017
3256 2.129978179931641 -0.287147581577301 0.1990323066711426
3257 2.139141798019409 -0.2856631278991699 0.2000786364078522
3258 2.149919271469116 -0.2838581800460815 0.2013443112373352
3259 2.162284374237061 -0.281654417514801 0.2028791010379791
3260 2.176207542419434 -0.2791409492492676 0.204616904258728
3261 2.191655158996582 -0.2767757177352905 0.2062486708164215
3262 2.208590030670166 -0.2743979394435883 0.207887589931488
3263 2.226971387863159 -0.271173506975174 0.2100792527198792
3264 2.246754884719849 -0.2678343653678894 0.2123368382453918
3265 2.267892837524414 -0.2641937732696533 0.2147791981697083
3266 2.290334224700928 -0.2609931826591492 0.2169454395771027
3267 2.314025402069092 -0.2566754817962646 0.2197988033294678
3268 2.338908910751343 -0.2527773678302765 0.222395122051239
3269 2.364924907684326 -0.2487587928771973 0.2250694632530212
3270 2.392010688781738 -0.2439757436513901 0.2281911671161652
3271 2.420100927352905 -0.239459902048111 0.2311632633209229
3272 2.449128150939941 -0.2348037362098694 0.2342236340045929
3273 2.479022264480591 -0.2295049726963043 0.237639456987381
3274 2.509711503982544 -0.2251593619585037 0.2405634522438049
3275 2.5411217212677 -0.220002681016922 0.2439290583133698
3276 2.573177099227905 -0.2155631482601166 0.2469541728496552
3277 2.605800867080688 -0.2104595452547073 0.2503338158130646
3278 2.638913869857788 -0.205723375082016 0.2535603046417236
3279 2.672436952590942 -0.2012510895729065 0.256695032119751
3280 2.706288814544678 -0.1967959851026535 0.2598568797111511
3281 2.740388154983521 -0.1923573613166809 0.2630451023578644
3282 2.774652719497681 -0.1877972632646561 0.2663156688213348
3283 2.809000015258789 -0.1839793771505356 0.2693052291870117
3284 2.843347549438477 -0.1797264665365219 0.2725048661231995
3285 2.877612113952637 -0.1766889244318008 0.2752518653869629
3286 2.911711454391479 -0.1732665747404099 0.2781841456890106
3287 2.945563316345215 -0.1703229397535324 0.2809630930423737
3288 2.97908616065979 -0.1673911511898041 0.2837622463703156
3289 3.012199401855469 -0.1651312261819839 0.2863415777683258
3290 3.044822931289673 -0.1629457771778107 0.2889135777950287
3291 3.076878547668457 -0.1607866138219833 0.2914855778217316
3292 3.108288764953613 -0.1596640050411224 0.2937210202217102
3293 3.138977766036987 -0.1581244319677353 0.2960928678512573
3294 3.168872117996216 -0.1567576825618744 0.2983977496623993
3295 3.197899341583252 -0.1556272059679031 0.3006091117858887
3296 3.225989580154419 -0.1548758894205093 0.3026801347732544
3297 3.253075361251831 -0.1545393615961075 0.3045987486839294
3298 3.279091358184814 -0.1543585509061813 0.3064332902431488
3299 3.303974866867065 -0.1544515490531921 0.3081450760364532
3300 3.32766580581665 -0.1551026850938797 0.3096566200256348
3301 3.350107431411743 -0.1564943194389343 0.3109179437160492
3302 3.371245384216309 -0.1577468514442444 0.3121476173400879
3303 3.391028881072998 -0.1588936299085617 0.3133285939693451
3304 3.409410238265991 -0.1599302291870117 0.3144537806510925
3305 3.426344871520996 -0.1608570069074631 0.3155153393745422
3306 3.441792488098145 -0.1616752147674561 0.3165055513381958
3307 3.455715656280518 -0.1623863875865936 0.3174171149730682
3308 3.468080997467041 -0.1629932969808578 0.3182429373264313
3309 3.478858232498169 -0.1635083258152008 0.3189738690853119
3310 3.488022089004517 -0.1639411002397537 0.3196021616458893
3311 3.49554967880249 -0.1642928421497345 0.3201229870319366
3312 3.501423597335815 -0.164559081196785 0.3205338716506958
3313 3.505629301071167 -0.1647310703992844 0.3208345472812653
3314 3.508157014846802 -0.1648143976926804 0.3210216164588928
3315 3.509000062942505 -0.1648363620042801 0.3210858702659607
3316 2.109000205993652 -0.272647887468338 0.2088218629360199
3317 2.109843254089355 -0.2725422382354736 0.2088905870914459
3318 2.112370729446411 -0.2722363173961639 0.2090894877910614
3319 2.116576433181763 -0.2717518508434296 0.2094042897224426
3320 2.122450351715088 -0.2712566256523132 0.2097264528274536
3321 2.129978179931641 -0.2703056633472443 0.210343211889267
3322 2.139141798019409 -0.2688402831554413 0.2112889587879181
3323 2.149919271469116 -0.2670559585094452 0.2124344706535339
3324 2.162284374237061 -0.2648730874061584 0.2138260900974274
3325 2.176207542419434 -0.2623837292194366 0.215401291847229
3326 2.191655158996582 -0.2600351274013519 0.2168833911418915
3327 2.208590030670166 -0.2576721906661987 0.2183723449707031
3328 2.226971387863159 -0.2544769942760468 0.22035813331604
3329 2.246754884719849 -0.2511802315711975 0.222395658493042
3330 2.267892837524414 -0.2475841194391251 0.2246004045009613
3331 2.290334224700928 -0.2444079518318176 0.2265625
3332 2.314025402069092 -0.2401325106620789 0.2291424572467804
3333 2.338908910751343 -0.2362607717514038 0.2314942181110382
3334 2.364924907684326 -0.2322869151830673 0.2339057624340057
3335 2.392010688781738 -0.2275552898645401 0.2367216944694519
3336 2.420100927352905 -0.2230761051177979 0.2394064962863922
3337 2.449128150939941 -0.2184525430202484 0.2421720027923584
3338 2.479022264480591 -0.2132005542516708 0.2452534139156342
3339 2.509711503982544 -0.2088968753814697 0.2478854060173035
3340 2.5411217212677 -0.2037818729877472 0.2509191036224365
3341 2.573177099227905 -0.1993560791015625 0.2536523640155792
3342 2.605800867080688 -0.1942919343709946 0.2566953897476196
3343 2.638913869857788 -0.1895897686481476 0.2595990598201752
3344 2.672436952590942 -0.1851285845041275 0.2624268233776093
3345 2.706288814544678 -0.1806757301092148 0.2652807831764221
3346 2.740388154983521 -0.1762579381465912 0.2681492865085602
3347 2.774652719497681 -0.17170450091362 0.2710966169834137
3348 2.809000015258789 -0.167865127325058 0.2737975120544434
3349 2.843347549438477 -0.163602352142334 0.2766830921173096
3350 2.877612113952637 -0.1605352610349655 0.2791638374328613
3351 2.911711454391479 -0.1570780426263809 0.2818132638931274
3352 2.945563316345215 -0.1540814787149429 0.2843288779258728
3353 2.97908616065979 -0.1511088758707047 0.2868577539920807
3354 3.012199401855469 -0.1487825363874435 0.2891957461833954
3355 3.044822931289673 -0.1465231627225876 0.2915288209915161
3356 3.076878547668457 -0.1442893743515015 0.293861448764801
3357 3.108288764953613 -0.1430695354938507 0.2958976924419403
3358 3.138977766036987 -0.1414308249950409 0.2980566322803497
3359 3.168872117996216 -0.1399502903223038 0.3001588582992554
3360 3.197899341583252 -0.1387049555778503 0.3021767735481262
3361 3.225989580154419 -0.1378334313631058 0.3040699064731598
3362 3.253075361251831 -0.1373701244592667 0.3058281242847443
3363 3.279091358184814 -0.1370648145675659 0.3075101375579834
3364 3.303974866867065 -0.1370316445827484 0.3090826570987701
3365 3.32766580581665 -0.1375447511672974 0.3104797601699829
3366 3.350107431411743 -0.1387797147035599 0.311659187078476
3367 3.371245384216309 -0.139888197183609 0.3128065466880798
3368 3.391028881072998 -0.140902116894722 0.3139069676399231
3369 3.409410238265991 -0.1418177783489227 0.3149538636207581
3370 3.426344871520996 -0.1426355093717575 0.3159401416778564
3371 3.441792488098145 -0.1433562636375427 0.3168588876724243
3372 3.455715656280518 -0.1439812928438187 0.3177036046981812
3373 3.468080997467041 -0.1445131450891495 0.3184680044651031
3374 3.478858232498169 -0.1449636220932007 0.3191440403461456
3375 3.488022089004517 -0.1453418135643005 0.3197248578071594
3376 3.49554967880249 -0.1456489264965057 0.3202061355113983
3377 3.501423597335815 -0.1458808779716492 0.3205855786800385
3378 3.505629301071167 -0.146029531955719 0.3208627104759216
3379 3.508157014846802 -0.1461001038551331 0.3210345506668091
3380 3.509000062942505 -0.1461181789636612 0.3210934102535248
3381 2.109000205993652 -0.2550659477710724 0.2197481095790863
3382 2.109843254089355 -0.2549614310264587 0.2198100984096527
3383 2.112370729446411 -0.2546587288379669 0.2199895083904266
3384 2.116576433181763 -0.2541793882846832 0.220273494720459
3385 2.122450351715088 -0.2536943256855011 0.2205611765384674
3386 2.129978179931641 -0.2527649402618408 0.2211107313632965
3387 2.139141798019409 -0.2513339221477509 0.2219527959823608
3388 2.149919271469116 -0.249589279294014 0.2229740619659424
3389 2.162284374237061 -0.2474513798952103 0.2242167890071869
3390 2.176207542419434 -0.2450136840343475 0.2256232798099518
3391 2.191655158996582 -0.242708832025528 0.2269493937492371
3392 2.208590030670166 -0.2403885871171951 0.2282823026180267
3393 2.226971387863159 -0.2372590601444244 0.2300556302070618
3394 2.246754884719849 -0.2340409010648727 0.2318693101406097
3395 2.267892837524414 -0.230529323220253 0.2338325083255768
3396 2.290334224700928 -0.2274156808853149 0.235586017370224
3397 2.314025402069092 -0.2232324182987213 0.2378875613212585
3398 2.338908910751343 -0.2194347083568573 0.2399901449680328
3399 2.364924907684326 -0.2155524343252182 0.2421383857727051
3400 2.392010688781738 -0.2109283804893494 0.2446474134922028
3401 2.420100927352905 -0.2065416127443314 0.2470441162586212
3402 2.449128150939941 -0.2020094990730286 0.2495145201683044
3403 2.479022264480591 -0.196869894862175 0.2522628009319305
3404 2.509711503982544 -0.1926627904176712 0.2546089291572571
3405 2.5411217212677 -0.1876554489135742 0.25731560587883
3406 2.573177099227905 -0.1833052486181259 0.2597621381282806
3407 2.605800867080688 -0.1783476024866104 0.2624772787094116
3408 2.638913869857788 -0.1737431436777115 0.2650692462921143
3409 2.672436952590942 -0.1693577915430069 0.2676005661487579
3410 2.706288814544678 -0.1649737954139709 0.2701579630374908
3411 2.740388154983521 -0.1606406420469284 0.2727226316928864
3412 2.774652719497681 -0.1561623215675354 0.2753620743751526
3413 2.809000015258789 -0.1523652523756027 0.2777897119522095
3414 2.843347549438477 -0.1481608748435974 0.2803787589073181
3415 2.877612113952637 -0.1451197415590286 0.2826128005981445
3416 2.911711454391479 -0.1416897922754288 0.284998744726181
3417 2.945563316345215 -0.1386994272470474 0.2872706055641174
3418 2.97908616065979 -0.1357432007789612 0.2895514369010925
3419 3.012199401855469 -0.1334031075239182 0.2916696071624756
3420 3.044822931289673 -0.1311230659484863 0.2937854528427124
3421 3.076878547668457 -0.1288678497076035 0.2959011197090149
3422 3.108288764953613 -0.1275936961174011 0.2977602183818817
3423 3.138977766036987 -0.1259050816297531 0.2997278571128845
3424 3.168872117996216 -0.1243602707982063 0.3016480803489685
3425 3.197899341583252 -0.1230465099215508 0.3034935295581818
3426 3.225989580154419 -0.1220967993140221 0.3052295446395874
3427 3.253075361251831 -0.1215439960360527 0.3068476021289825
3428 3.279091358184814 -0.1211486905813217 0.3083971738815308
3429 3.303974866867065 -0.1210200935602188 0.309849888086319
3430 3.32766580581665 -0.1214198842644691 0.3111502826213837
3431 3.350107431411743 -0.122515469789505 0.3122629225254059
3432 3.371245384216309 -0.1234965026378632 0.3133430182933807
3433 3.391028881072998 -0.1243932023644447 0.3143775463104248
3434 3.409410238265991 -0.125202551484108 0.3153603672981262
3435 3.426344871520996 -0.1259247213602066 0.3162849843502045
3436 3.441792488098145 -0.1265604496002197 0.3171451687812805
3437 3.455715656280518 -0.1271106451749802 0.3179350793361664
3438 3.468080997467041 -0.1275776475667953 0.318649023771286
3439 3.478858232498169 -0.1279725134372711 0.3192799091339111
3440 3.488022089004517 -0.1283038109540939 0.3198216557502747
3441 3.49554967880249 -0.1285726130008698 0.320270448923111
3442 3.501423597335815 -0.1287752389907837 0.3206239938735962
3443 3.505629301071167 -0.1289041936397552 0.3208816647529602
3444 3.508157014846802 -0.1289642155170441 0.3210409283638
3445 3.509000062942505 -0.1289791464805603 0.3210953176021576
3446 2.109000205993652 -0.2367719113826752 0.2300851345062256
3447 2.109843254089355 -0.2366698384284973 0.2301400005817413
3448 2.112370729446411 -0.236374244093895 0.2302988469600677
3449 2.116576433181763 -0.2359061986207962 0.230550229549408
3450 2.122450351715088 -0.2354367822408676 0.2308026850223541
3451 2.129978179931641 -0.2345390915870667 0.2312840223312378
3452 2.139141798019409 -0.2331579327583313 0.2320211231708527
3453 2.149919271469116 -0.2314722537994385 0.2329162061214447
3454 2.162284374237061 -0.229403629899025 0.2340071797370911
3455 2.176207542419434 -0.2270454168319702 0.2352419197559357
3456 2.191655158996582 -0.2248116135597229 0.2364086806774139
3457 2.208590030670166 -0.2225620001554489 0.2375823557376862
3458 2.226971387863159 -0.2195345461368561 0.2391403913497925
3459 2.246754884719849 -0.2164309322834015 0.2407299280166626
3460 2.267892837524414 -0.2130435407161713 0.2424515187740326
3461 2.290334224700928 -0.2100301086902618 0.2439953982830048
3462 2.314025402069092 -0.2059882283210754 0.2460179626941681
3463 2.338908910751343 -0.2023113965988159 0.2478707432746887
3464 2.364924907684326 -0.1985663175582886 0.2497587502002716
3465 2.392010688781738 -0.1941044926643372 0.2519640922546387
3466 2.420100927352905 -0.1898642331361771 0.2540758550167084
3467 2.449128150939941 -0.1854805797338486 0.2562548220157623
3468 2.479022264480591 -0.1805166751146317 0.2586756944656372
3469 2.509711503982544 -0.1764582246541977 0.2607448399066925
3470 2.5411217212677 -0.1716216504573822 0.2631330490112305
3471 2.573177099227905 -0.1674059480428696 0.2653010785579681
3472 2.605800867080688 -0.1626183539628983 0.2677000761032104
3473 2.638913869857788 -0.1581716239452362 0.2699937522411346
3474 2.672436952590942 -0.1539229452610016 0.272241473197937
3475 2.706288814544678 -0.1496703624725342 0.2745157480239868
3476 2.740388154983521 -0.1454811692237854 0.2767937481403351
3477 2.774652719497681 -0.1411417871713638 0.2791422307491302
3478 2.809000015258789 -0.1374461650848389 0.28131303191185
3479 2.843347549438477 -0.1333633810281754 0.2836241126060486
3480 2.877612113952637 -0.130398765206337 0.2856307029724121
3481 2.911711454391479 -0.1270530074834824 0.2877726256847382
3482 2.945563316345215 -0.1241227611899376 0.2898199558258057
3483 2.97908616065979 -0.1212346404790878 0.2918742299079895
3484 3.012199401855469 -0.1189282014966011 0.2937929332256317
3485 3.044822931289673 -0.1166753470897675 0.2957119941711426
3486 3.076878547668457 -0.1144464686512947 0.2976317703723907
3487 3.108288764953613 -0.1131557747721672 0.2993336319923401
3488 3.138977766036987 -0.1114611476659775 0.3011299669742584
3489 3.168872117996216 -0.109896332025528 0.3028872013092041
3490 3.197899341583252 -0.108555369079113 0.3045793175697327
3491 3.225989580154419 -0.1075644716620445 0.3061768710613251
3492 3.253075361251831 -0.1069546192884445 0.3076725900173187
3493 3.279091358184814 -0.106499157845974 0.3091073930263519
3494 3.303974866867065 -0.1063014045357704 0.3104571998119354
3495 3.32766580581665 -0.1066085174679756 0.3116758763790131
3496 3.350107431411743 -0.1075784265995026 0.3127339482307434
3497 3.371245384216309 -0.1084451451897621 0.3137589991092682
3498 3.391028881072998 -0.1092369705438614 0.3147395849227905
3499 3.409410238265991 -0.1099514365196228 0.3156699240207672
3500 3.426344871520996 -0.1105885952711105 0.3165440559387207
3501 3.441792488098145 -0.111148938536644 0.3173562586307526
3502 3.455715656280518 -0.1116330996155739 0.3181011974811554
3503 3.468080997467041 -0.112043134868145 0.3187737166881561
3504 3.478858232498169 -0.1123893335461617 0.3193674981594086
3505 3.488022089004517 -0.1126796379685402 0.3198771774768829
3506 3.49554967880249 -0.1129150167107582 0.3202992081642151
3507 3.501423597335815 -0.1130921617150307 0.3206314742565155
3508 3.505629301071167 -0.1132041737437248 0.3208731114864349
3509 3.508157014846802 -0.1132553815841675 0.3210219442844391
3510 3.509000062942505 -0.1132677718997002 0.3210726380348206
3511 2.109000205993652 -0.2177864909172058 0.2397767007350922
3512 2.109843254089355 -0.2176882326602936 0.2398242652416229
3513 2.112370729446411 -0.2174036800861359 0.2399618923664093
3514 2.116576433181763 -0.2169531285762787 0.240179717540741
3515 2.122450351715088 -0.2165048122406006 0.2403968870639801
3516 2.129978179931641 -0.2156489789485931 0.2408102750778198
3517 2.139141798019409 -0.2143330872058868 0.241443008184433
3518 2.149919271469116 -0.2127256244421005 0.242212325334549
3519 2.162284374237061 -0.2107505053281784 0.2431515157222748
3520 2.176207542419434 -0.2084994167089462 0.2442147731781006
3521 2.191655158996582 -0.2063638269901276 0.2452220022678375
3522 2.208590030670166 -0.2042124718427658 0.2462364435195923
3523 2.226971387863159 -0.201323077082634 0.2475804090499878
3524 2.246754884719849 -0.1983692646026611 0.248949259519577
3525 2.267892837524414 -0.1951448768377304 0.2504332065582275
3526 2.290334224700928 -0.1922684460878372 0.2517701685428619
3527 2.314025402069092 -0.1884160041809082 0.2535180449485779
3528 2.338908910751343 -0.1849056482315063 0.2551249265670776
3529 2.364924907684326 -0.1813418120145798 0.2567597925662994
3530 2.392010688781738 -0.177095040678978 0.2586694359779358
3531 2.420100927352905 -0.1730533838272095 0.2605040371417999
3532 2.449128150939941 -0.1688729524612427 0.2623999714851379
3533 2.479022264480591 -0.164145439863205 0.2645041048526764
3534 2.509711503982544 -0.1602850556373596 0.2663087844848633
3535 2.5411217212677 -0.1556793004274368 0.2683915197849274
3536 2.573177099227905 -0.1516540050506592 0.2702931761741638
3537 2.605800867080688 -0.1470964998006821 0.2723917663097382
3538 2.638913869857788 -0.1428638845682144 0.2744040489196777
3539 2.672436952590942 -0.1388090401887894 0.2763842940330505
3540 2.706288814544678 -0.1347464919090271 0.2783921957015991
3541 2.740388154983521 -0.1307564973831177 0.2804034352302551
3542 2.774652719497681 -0.1266154497861862 0.2824808657169342
3543 2.809000015258789 -0.1230761781334877 0.2844136655330658
3544 2.843347549438477 -0.1191735714673996 0.2864678502082825
3545 2.877612113952637 -0.1163317784667015 0.2882676124572754
3546 2.911711454391479 -0.1131226196885109 0.290186733007431
3547 2.945563316345215 -0.1103019118309021 0.2920303046703339
3548 2.97908616065979 -0.107529029250145 0.2938805520534515
3549 3.012199401855469 -0.1052992418408394 0.2956209778785706
3550 3.044822931289673 -0.1031169891357422 0.2973644733428955
3551 3.076878547668457 -0.1009576767683029 0.29911008477211
3552 3.108288764953613 -0.09968417137861252 0.3006746768951416
3553 3.138977766036987 -0.09802308678627014 0.3023200631141663
3554 3.168872117996216 -0.09647823125123978 0.30393385887146
3555 3.197899341583252 -0.09514713287353516 0.3054920136928558
3556 3.225989580154419 -0.09414808452129364 0.3069698214530945
3557 3.253075361251831 -0.09350993484258652 0.3083608746528625
3558 3.279091358184814 -0.09302057325839996 0.309698224067688
3559 3.303974866867065 -0.09277660399675369 0.31096151471138
3560 3.32766580581665 -0.09300873428583145 0.3121128082275391
3561 3.350107431411743 -0.09386423230171204 0.3131278455257416
3562 3.371245384216309 -0.09462738782167435 0.3141093254089355
3563 3.391028881072998 -0.09532441198825836 0.3150471746921539
3564 3.409410238265991 -0.09595329314470291 0.315935879945755
3565 3.426344871520996 -0.09651395678520203 0.3167698979377747
3566 3.441792488098145 -0.09700667858123779 0.3175439536571503
3567 3.455715656280518 -0.09743184596300125 0.3182530999183655
3568 3.468080997467041 -0.09779123216867447 0.3188925385475159
3569 3.478858232498169 -0.09809431433677673 0.3194566965103149
3570 3.488022089004517 -0.09834836423397064 0.3199407458305359
3571 3.49554967880249 -0.09855422377586365 0.3203414380550385
3572 3.501423597335815 -0.09870894253253937 0.3206566572189331
3573 3.505629301071167 -0.0988062247633934 0.3208854496479034
3574 3.508157014846802 -0.09884998947381973 0.3210258781909943
3575 3.509000062942505 -0.09886028617620468 0.3210735619068146
3576 2.109000205993652 -0.1981383264064789 0.2487655878067017
3577 2.109843254089355 -0.1980452239513397 0.2488057613372803
3578 2.112370729446411 -0.1977756172418594 0.2489221096038818
3579 2.116576433181763 -0.1973487585783005 0.2491062581539154
3580 2.122450351715088 -0.1969269067049026 0.2492887675762177
3581 2.129978179931641 -0.1961228996515274 0.2496356964111328
3582 2.139141798019409 -0.1948874294757843 0.2501665353775024
3583 2.149919271469116 -0.1933770179748535 0.2508128881454468
3584 2.162284374237061 -0.1915191859006882 0.2516032755374908
3585 2.176207542419434 -0.1894022822380066 0.2524985671043396
3586 2.191655158996582 -0.1873914003372192 0.2533491849899292
3587 2.208590030670166 -0.1853652745485306 0.2542075514793396
3588 2.226971387863159 -0.1826489269733429 0.2553426027297974
3589 2.246754884719849 -0.1798789650201797 0.2564978897571564
3590 2.267892837524414 -0.1768550127744675 0.2577520310878754
3591 2.290334224700928 -0.1741510331630707 0.2588883340358734
3592 2.314025402069092 -0.1705342382192612 0.2603704333305359
3593 2.338908910751343 -0.1672340929508209 0.2617393434047699
3594 2.364924907684326 -0.1638934761285782 0.2631317377090454
3595 2.392010688781738 -0.1599119901657104 0.2647579908370972
3596 2.420100927352905 -0.1561184525489807 0.2663271129131317
3597 2.449128150939941 -0.1521931439638138 0.2679523825645447
3598 2.479022264480591 -0.1477594077587128 0.2697546184062958
3599 2.509711503982544 -0.1441433280706406 0.271310031414032
3600 2.5411217212677 -0.1398247927427292 0.2731038331985474
3601 2.573177099227905 -0.1360421627759933 0.2747540175914764
3602 2.605800867080688 -0.1317707151174545 0.2765707671642303
3603 2.638913869857788 -0.1278044879436493 0.2783206701278687
3604 2.672436952590942 -0.1239964440464973 0.2800516486167908
3605 2.706288814544678 -0.1201781705021858 0.2818117737770081
3606 2.740388154983521 -0.1164380386471748 0.2835773229598999
3607 2.774652719497681 -0.1125499978661537 0.2854048013687134
3608 2.809000015258789 -0.1092173531651497 0.2871192395687103
3609 2.843347549438477 -0.1055485084652901 0.2889382541179657
3610 2.877612113952637 -0.1028713881969452 0.2905514538288116
3611 2.911711454391479 -0.09984634816646576 0.2922689020633698
3612 2.945563316345215 -0.09717987477779388 0.2939289212226868
3613 2.97908616065979 -0.09456459432840347 0.2955968379974365
3614 3.012199401855469 -0.09244991838932037 0.2971788942813873
3615 3.044822931289673 -0.0903770923614502 0.2987668216228485
3616 3.076878547668457 -0.08832594007253647 0.3003585338592529
3617 3.108288764953613 -0.08709926158189774 0.301803857088089
3618 3.138977766036987 -0.08550687879323959 0.3033170402050018
3619 3.168872117996216 -0.0840175598859787 0.3048052787780762
3620 3.197899341583252 -0.08272914588451385 0.3062470853328705
3621 3.225989580154419 -0.08175099641084671 0.3076218068599701
3622 3.253075361251831 -0.08110960572957993 0.308923751115799
3623 3.279091358184814 -0.08060909062623978 0.3101786673069
3624 3.303974866867065 -0.08033854514360428 0.3113695085048676
3625 3.32766580581665 -0.08051054179668427 0.3124654591083527
3626 3.350107431411743 -0.08126060664653778 0.3134466111660004
3627 3.371245384216309 -0.08192873746156693 0.3143936693668365
3628 3.391028881072998 -0.08253889530897141 0.3152977228164673
3629 3.409410238265991 -0.08308945596218109 0.3161535263061523
3630 3.426344871520996 -0.08358025550842285 0.3169558048248291
3631 3.441792488098145 -0.08401136845350266 0.3176996409893036
3632 3.455715656280518 -0.08438297361135483 0.3183803558349609
3633 3.468080997467041 -0.08469659090042114 0.3189935386180878
3634 3.478858232498169 -0.08496081084012985 0.3195341229438782
3635 3.488022089004517 -0.08518222719430923 0.3199977874755859
3636 3.49554967880249 -0.08536156266927719 0.3203814625740051
3637 3.501423597335815 -0.08549618721008301 0.320683091878891
3638 3.505629301071167 -0.08558043837547302 0.32090163230896
3639 3.508157014846802 -0.085617795586586 0.3210353255271912
3640 3.509000062942505 -0.08562637120485306 0.3210805654525757
3641 2.109000205993652 -0.177864134311676 0.2569947242736816
3642 2.109843254089355 -0.177777498960495 0.2570276856422424
3643 2.112370729446411 -0.1775266230106354 0.2571231722831726
3644 2.116576433181763 -0.1771294623613358 0.2572744190692902
3645 2.122450351715088 -0.1767393052577972 0.2574235796928406
3646 2.129978179931641 -0.175996720790863 0.2577068209648132
3647 2.139141798019409 -0.1748562753200531 0.2581401765346527
3648 2.149919271469116 -0.1734610944986343 0.2586686909198761
3649 2.162284374237061 -0.1717434525489807 0.2593161463737488
3650 2.176207542419434 -0.1697867661714554 0.2600503265857697
3651 2.191655158996582 -0.1679260581731796 0.260750412940979
3652 2.208590030670166 -0.1660510152578354 0.2614588737487793
3653 2.226971387863159 -0.163541167974472 0.2623941004276276
3654 2.246754884719849 -0.1609874814748764 0.2633465826511383
3655 2.267892837524414 -0.1581995189189911 0.2643826007843018
3656 2.290334224700928 -0.1557016223669052 0.2653279602527618
3657 2.314025402069092 -0.1523642241954803 0.2665576636791229
3658 2.338908910751343 -0.1493156254291534 0.267700582742691
3659 2.364924907684326 -0.1462376415729523 0.2688646912574768
3660 2.392010688781738 -0.1425686776638031 0.270224004983902
3661 2.420100927352905 -0.139069601893425 0.2715432047843933
3662 2.449128150939941 -0.1354479789733887 0.272913932800293
3663 2.479022264480591 -0.1313615292310715 0.2744332253932953
3664 2.509711503982544 -0.1280325949192047 0.2757571935653687
3665 2.5411217212677 -0.1240535229444504 0.2772818505764008
3666 2.573177099227905 -0.1205619499087334 0.2786982655525208
3667 2.605800867080688 -0.1166281551122665 0.2802543044090271
3668 2.638913869857788 -0.1129762753844261 0.2817628681659698
3669 2.672436952590942 -0.109463594853878 0.2832645773887634
3670 2.706288814544678 -0.1059392616152763 0.2847972512245178
3671 2.740388154983521 -0.1024951189756393 0.2863392233848572
3672 2.774652719497681 -0.09890982508659363 0.2879390120506287
3673 2.809000015258789 -0.09582946449518204 0.2894553542137146
3674 2.843347549438477 -0.09244298189878464 0.2910615503787994
3675 2.877612113952637 -0.08996810019016266 0.2925080060958862
3676 2.911711454391479 -0.08716998994350433 0.2940446436405182
3677 2.945563316345215 -0.0846979022026062 0.2955409288406372
3678 2.97908616065979 -0.0822780653834343 0.2970471680164337
3679 3.012199401855469 -0.08031275123357773 0.2984896898269653
3680 3.044822931289673 -0.07838389277458191 0.2999407351016998
3681 3.076878547668457 -0.07647518813610077 0.301397442817688
3682 3.108288764953613 -0.07532133162021637 0.3027397394180298
3683 3.138977766036987 -0.07382876425981522 0.304137796163559
3684 3.168872117996216 -0.07242651283740997 0.3055168688297272
3685 3.197899341583252 -0.07120975106954575 0.3068581521511078
3686 3.225989580154419 -0.07027798146009445 0.3081445693969727
3687 3.253075361251831 -0.0696551650762558 0.3093708753585815
3688 3.279091358184814 -0.06916318088769913 0.3105563223361969
3689 3.303974866867065 -0.06888293474912643 0.3116866648197174
3690 3.32766580581665 -0.06900728493928909 0.3127371370792389
3691 3.350107431411743 -0.06965907663106918 0.3136915564537048
3692 3.371245384216309 -0.07023897022008896 0.3146113157272339
3693 3.391028881072998 -0.07076855003833771 0.3154886066913605
3694 3.409410238265991 -0.07124651223421097 0.3163183033466339
3695 3.426344871520996 -0.07167261093854904 0.3170954287052155
3696 3.441792488098145 -0.07204677909612656 0.3178152740001678
3697 3.455715656280518 -0.07236903160810471 0.3184733986854553
3698 3.468080997467041 -0.07264063507318497 0.319065660238266
3699 3.478858232498169 -0.07286927849054337 0.3195874989032745
3700 3.488022089004517 -0.07306084781885147 0.320034921169281
3701 3.49554967880249 -0.07321594655513763 0.3204050362110138
3702 3.501423597335815 -0.07333227246999741 0.3206958770751953
3703 3.505629301071167 -0.07340477406978607 0.3209062218666077
3704 3.508157014846802 -0.07343652099370956 0.3210344612598419
3705 3.509000062942505 -0.07344364374876022 0.3210777640342712
3706 2.109000205993652 -0.1570086479187012 0.2644086480140686
3707 2.109843254089355 -0.1569297313690186 0.2644347250461578
3708 2.112370729446411 -0.1567012220621109 0.2645103633403778
3709 2.116576433181763 -0.1563394963741302 0.2646301686763763
3710 2.122450351715088 -0.1559859812259674 0.2647480070590973
3711 2.129978179931641 -0.1553139090538025 0.2649715840816498
3712 2.139141798019409 -0.15428227186203 0.2653137147426605
3713 2.149919271469116 -0.153019517660141 0.2657318413257599
3714 2.162284374237061 -0.1514637023210526 0.2662451565265656
3715 2.176207542419434 -0.1496917754411697 0.2668282389640808
3716 2.191655158996582 -0.1480052620172501 0.2673869729042053
3717 2.208590030670166 -0.1463056206703186 0.2679547667503357
3718 2.226971387863159 -0.1440336555242538 0.2687031030654907
3719 2.246754884719849 -0.1417265385389328 0.2694669961929321
3720 2.267892837524414 -0.1392077505588531 0.2703003585338593
3721 2.290334224700928 -0.1369472742080688 0.271067887544632
3722 2.314025402069092 -0.133930042386055 0.2720630168914795
3723 2.338908910751343 -0.1311714053153992 0.2729958593845367
3724 2.364924907684326 -0.1283924728631973 0.2739493250846863
3725 2.392010688781738 -0.1250796616077423 0.2750621736049652
3726 2.420100927352905 -0.121917836368084 0.2761507928371429
3727 2.449128150939941 -0.1186445876955986 0.2772869765758514
3728 2.479022264480591 -0.1149546056985855 0.2785461843013763
3729 2.509711503982544 -0.1119518950581551 0.2796590924263
3730 2.5411217212677 -0.1083600893616676 0.2809377610683441
3731 2.573177099227905 -0.105203665792942 0.2821407914161682
3732 2.605800867080688 -0.101654440164566 0.2834600210189819
3733 2.638913869857788 -0.09836038947105408 0.2847503125667572
3734 2.672436952590942 -0.09518705308437347 0.2860447466373444
3735 2.706288814544678 -0.09200158715248108 0.2873721420764923
3736 2.740388154983521 -0.08889491856098175 0.288713812828064
3737 2.774652719497681 -0.08565718680620193 0.2901095151901245
3738 2.809000015258789 -0.08287011831998825 0.2914489209651947
3739 2.843347549438477 -0.07980960607528687 0.2928654253482819
3740 2.877612113952637 -0.07757039368152618 0.2941649258136749
3741 2.911711454391479 -0.07503744214773178 0.2955417335033417
3742 2.945563316345215 -0.07279548048973083 0.2968938946723938
3743 2.97908616065979 -0.07060464471578598 0.2982587516307831
3744 3.012199401855469 -0.06881895661354065 0.2995798289775848
3745 3.044822931289673 -0.06706461310386658 0.3009119033813477
3746 3.076878547668457 -0.06532862037420273 0.3022516667842865
3747 3.108288764953613 -0.06427031010389328 0.3035058379173279
3748 3.138977766036987 -0.06290494650602341 0.3048048317432404
3749 3.168872117996216 -0.06161757186055183 0.3060900866985321
3750 3.197899341583252 -0.06049790605902672 0.3073454797267914
3751 3.225989580154419 -0.05963480100035667 0.3085570633411407
3752 3.253075361251831 -0.05904951691627502 0.3097198307514191
3753 3.279091358184814 -0.0585830882191658 0.310847282409668
3754 3.303974866867065 -0.05830762535333633 0.3119275569915771
3755 3.32766580581665 -0.0583949014544487 0.3129409551620483
3756 3.350107431411743 -0.05895423516631126 0.3138743042945862
3757 3.371245384216309 -0.05945137143135071 0.3147726058959961
3758 3.391028881072998 -0.05990540608763695 0.3156288266181946
3759 3.409410238265991 -0.06031531468033791 0.3164379596710205
3760 3.426344871520996 -0.06068079918622971 0.3171952366828918
3761 3.441792488098145 -0.06100168824195862 0.3178961575031281
3762 3.455715656280518 -0.06127786636352539 0.3185364603996277
3763 3.468080997467041 -0.06151038780808449 0.3191122114658356
3764 3.478858232498169 -0.06170601025223732 0.3196191787719727
3765 3.488022089004517 -0.06186989322304726 0.32005375623703
3766 3.49554967880249 -0.06200253963470459 0.3204131722450256
3767 3.501423597335815 -0.06210194528102875 0.3206954300403595
3768 3.505629301071167 -0.06216369196772575 0.3208992481231689
3769 3.508157014846802 -0.06219043582677841 0.3210231959819794
3770 3.509000062942505 -0.06219631433486938 0.3210649192333221
3771 2.109000205993652 -0.1356244683265686 0.2709546089172363
3772 2.109843254089355 -0.1355544328689575 0.2709743678569794
3773 2.112370729446411 -0.1353516578674316 0.2710315585136414
3774 2.116576433181763 -0.1350306868553162 0.2711223363876343
3775 2.122450351715088 -0.1347183734178543 0.2712115049362183
3776 2.129978179931641 -0.1341252475976944 0.271380603313446
3777 2.139141798019409 -0.1332151591777802 0.2716395854949951
3778 2.149919271469116 -0.1321006715297699 0.2719569504261017
3779 2.162284374237061 -0.1307266652584076 0.2723477184772491
3780 2.176207542419434 -0.1291621476411819 0.2727928459644318
3781 2.191655158996582 -0.12767194211483 0.2732223868370056
3782 2.208590030670166 -0.1261700987815857 0.2736616432666779
3783 2.226971387863159 -0.1241648569703102 0.2742397785186768
3784 2.246754884719849 -0.1221320331096649 0.2748327553272247
3785 2.267892837524414 -0.1199127361178398 0.2754825353622437
3786 2.290334224700928 -0.1179183125495911 0.2760888040065765
3787 2.314025402069092 -0.1152584031224251 0.2768714129924774
3788 2.338908910751343 -0.1128247082233429 0.277614027261734
3789 2.364924907684326 -0.1103778779506683 0.2783779501914978
3790 2.392010688781738 -0.1074607595801353 0.2792690098285675
3791 2.420100927352905 -0.1046748757362366 0.2801502346992493
3792 2.449128150939941 -0.1017903909087181 0.2810756862163544
3793 2.479022264480591 -0.0985412523150444 0.2821018099784851
3794 2.509711503982544 -0.09589985013008118 0.2830269634723663
3795 2.5411217212677 -0.09273823350667953 0.284086287021637
3796 2.573177099227905 -0.08995652943849564 0.2850994765758514
3797 2.605800867080688 -0.08683384954929352 0.2862087786197662
3798 2.638913869857788 -0.08393640071153641 0.2873065173625946
3799 2.672436952590942 -0.0811416283249855 0.2884182035923004
3800 2.706288814544678 -0.07833505421876907 0.2895649075508118
3801 2.740388154983521 -0.07560267299413681 0.2907315194606781
3802 2.774652719497681 -0.07275227457284927 0.2919487953186035
3803 2.809000015258789 -0.07029484957456589 0.2931341230869293
3804 2.843347549438477 -0.06759891659021378 0.2943857908248901
3805 2.877612113952637 -0.06562480330467224 0.2955590188503265
3806 2.911711454391479 -0.06339071691036224 0.2967982590198517
3807 2.945563316345215 -0.06141037866473198 0.2980268895626068
3808 2.97908616065979 -0.05947799980640411 0.299271285533905
3809 3.012199401855469 -0.05789846554398537 0.3004895448684692
3810 3.044822931289673 -0.05634539201855659 0.3017210960388184
3811 3.076878547668457 -0.05480861663818359 0.3029623627662659
3812 3.108288764953613 -0.05386560782790184 0.304143488407135
3813 3.138977766036987 -0.05265139043331146 0.305359810590744
3814 3.168872117996216 -0.05150321871042252 0.3065668642520905
3815 3.197899341583252 -0.05050286650657654 0.3077512383460999
3816 3.225989580154419 -0.04972781240940094 0.3089014887809753
3817 3.253075361251831 -0.0491965040564537 0.3100127875804901
3818 3.279091358184814 -0.04877035319805145 0.3110936284065247
3819 3.303974866867065 -0.04851213842630386 0.3121341168880463
3820 3.32766580581665 -0.04857134446501732 0.3131187558174133
3821 3.350107431411743 -0.04904302582144737 0.3140367865562439
3822 3.371245384216309 -0.04946192353963852 0.3149193525314331
3823 3.391028881072998 -0.04984455555677414 0.3157600462436676
3824 3.409410238265991 -0.05019012838602066 0.316554069519043
3825 3.426344871520996 -0.05049831420183182 0.3172967135906219
3826 3.441792488098145 -0.05076888203620911 0.3179836273193359
3827 3.455715656280518 -0.05100163444876671 0.3186107575893402
3828 3.468080997467041 -0.05119742453098297 0.319174200296402
3829 3.478858232498169 -0.05136206746101379 0.3196701109409332
3830 3.488022089004517 -0.05149998888373375 0.3200950920581818
3831 3.49554967880249 -0.05161159858107567 0.3204465210437775
3832 3.501423597335815 -0.05169519037008286 0.3207224011421204
3833 3.505629301071167 -0.05174697190523148 0.3209213316440582
3834 3.508157014846802 -0.0517691969871521 0.3210419714450836
3835 3.509000062942505 -0.05177399888634682 0.3210825324058533
3836 2.109000205993652 -0.1137715354561806 0.2765840291976929
3837 2.109843254089355 -0.1137114390730858 0.2765980660915375
3838 2.112370729446411 -0.1135374531149864 0.2766388058662415
3839 2.116576433181763 -0.1132620573043823 0.2767035961151123
3840 2.122450351715088 -0.112995058298111 0.276767373085022
3841 2.129978179931641 -0.1124884337186813 0.2768883407115936
3842 2.139141798019409 -0.1117113456130028 0.2770738303661346
3843 2.149919271469116 -0.1107593774795532 0.2773021459579468
3844 2.162284374237061 -0.109585128724575 0.277584433555603
3845 2.176207542419434 -0.108248308300972 0.277907520532608
3846 2.191655158996582 -0.1069742292165756 0.2782226800918579
3847 2.208590030670166 -0.1056901887059212 0.2785482406616211
3848 2.226971387863159 -0.1039774343371391 0.2789761126041412
3849 2.246754884719849 -0.1022435873746872 0.2794188261032104
3850 2.267892837524414 -0.1003507524728775 0.2799072861671448
3851 2.290334224700928 -0.0986478179693222 0.2803716361522675
3852 2.314025402069092 -0.09637823700904846 0.280967503786087
3853 2.338908910751343 -0.09430046379566193 0.281542956829071
3854 2.364924907684326 -0.0922149196267128 0.2821411490440369
3855 2.392010688781738 -0.08972837030887604 0.2828382253646851
3856 2.420100927352905 -0.08735255151987076 0.2835381925106049
3857 2.449128150939941 -0.0848923847079277 0.2842796444892883
3858 2.479022264480591 -0.0821230411529541 0.2851026058197021
3859 2.509711503982544 -0.07987360656261444 0.2858650982379913
3860 2.5411217212677 -0.07717974483966827 0.2867340445518494
3861 2.573177099227905 -0.07480731606483459 0.2875826358795166
3862 2.605800867080688 -0.07214775681495667 0.2885105907917023
3863 2.638913869857788 -0.0696805939078331 0.2894425392150879
3864 2.672436952590942 -0.06729843467473984 0.2903969585895538
3865 2.706288814544678 -0.06490548700094223 0.2913883626461029
3866 2.740388154983521 -0.06257918477058411 0.292405366897583
3867 2.774652719497681 -0.06015048921108246 0.2934701144695282
3868 2.809000015258789 -0.05805405974388123 0.2945241332054138
3869 2.843347549438477 -0.05575598031282425 0.2956355512142181
3870 2.877612113952637 -0.05407216772437096 0.2967022955417633
3871 2.911711454391479 -0.05216588452458382 0.2978252470493317
3872 2.945563316345215 -0.0504741407930851 0.2989498674869537
3873 2.97908616065979 -0.04882534965872765 0.3000933229923248
3874 3.012199401855469 -0.04747456684708595 0.3012258112430573
3875 3.044822931289673 -0.04614554345607758 0.3023736476898193
3876 3.076878547668457 -0.04483051970601082 0.3035331070423126
3877 3.108288764953613 -0.04401947930455208 0.3046542406082153
3878 3.138977766036987 -0.04297671467065811 0.3058022856712341
3879 3.168872117996216 -0.04198840633034706 0.306944876909256
3880 3.197899341583252 -0.04112618416547775 0.3080710470676422
3881 3.225989580154419 -0.04045554250478745 0.3091714084148407
3882 3.253075361251831 -0.03999200463294983 0.310241162776947
3883 3.279091358184814 -0.03961842507123947 0.3112846314907074
3884 3.303974866867065 -0.03938781097531319 0.312293529510498
3885 3.32766580581665 -0.03942631930112839 0.3132556676864624
3886 3.350107431411743 -0.03981411084532738 0.3141622543334961
3887 3.371245384216309 -0.04015828296542168 0.3150330185890198
3888 3.391028881072998 -0.04047271609306335 0.3158620595932007
3889 3.409410238265991 -0.04075679183006287 0.316644698381424
3890 3.426344871520996 -0.04101020097732544 0.3173763453960419
3891 3.441792488098145 -0.04123267903923988 0.318052738904953
3892 3.455715656280518 -0.0414239913225174 0.318669855594635
3893 3.468080997467041 -0.04158481582999229 0.3192240297794342
3894 3.478858232498169 -0.04172000661492348 0.3197115659713745
3895 3.488022089004517 -0.04183325171470642 0.3201293051242828
3896 3.49554967880249 -0.04192487895488739 0.3204746842384338
3897 3.501423597335815 -0.04199347272515297 0.3207457065582275
3898 3.505629301071167 -0.04203587025403976 0.3209409117698669
3899 3.508157014846802 -0.04205393418669701 0.3210590779781342
3900 3.509000062942505 -0.04205777868628502 0.3210987150669098
3901 2.109000205993652 -0.09151662886142731 0.2812533676624298
3902 2.109843254089355 -0.09146738797426224 0.2812625467777252
3903 2.112370729446411 -0.09132483601570129 0.2812891900539398
3904 2.116576433181763 -0.09109921008348465 0.2813317477703094
3905 2.122450351715088 -0.0908811092376709 0.2813739478588104
3906 2.129978179931641 -0.09046754240989685 0.2814540565013885
3907 2.139141798019409 -0.08983338624238968 0.2815772891044617
3908 2.149919271469116 -0.08905627578496933 0.2817300260066986
3909 2.162284374237061 -0.08809731900691986 0.2819201946258545
3910 2.176207542419434 -0.08700577169656754 0.2821397185325623
3911 2.191655158996582 -0.08596498519182205 0.2823576927185059
3912 2.208590030670166 -0.08491604775190353 0.2825867533683777
3913 2.226971387863159 -0.08351800590753555 0.2828872501850128
3914 2.246754884719849 -0.0821043998003006 0.2832030355930328
3915 2.267892837524414 -0.08056121319532394 0.283555269241333
3916 2.290334224700928 -0.07917162030935287 0.2838996350765228
3917 2.314025402069092 -0.07732069492340088 0.2843377590179443
3918 2.338908910751343 -0.07562544196844101 0.2847720384597778
3919 2.364924907684326 -0.07392611354589462 0.2852308452129364
3920 2.392010688781738 -0.07189996540546417 0.285764753818512
3921 2.420100927352905 -0.06996332108974457 0.2863122820854187
3922 2.449128150939941 -0.06795777380466461 0.2868990898132324
3923 2.479022264480591 -0.06570141017436981 0.2875515818595886
3924 2.509711503982544 -0.06386993825435638 0.2881781458854675
3925 2.5411217212677 -0.06167570129036903 0.2888878583908081
3926 2.573177099227905 -0.05974184349179268 0.2895988523960114
3927 2.605800867080688 -0.05757633224129677 0.2903756499290466
3928 2.638913869857788 -0.05556789413094521 0.2911697626113892
3929 2.672436952590942 -0.05362709611654282 0.2919934391975403
3930 2.706288814544678 -0.05167703703045845 0.2928558886051178
3931 2.740388154983521 -0.04978353157639503 0.293749213218689
3932 2.774652719497681 -0.04780544713139534 0.294687807559967
3933 2.809000015258789 -0.04609633982181549 0.2956334054470062
3934 2.843347549438477 -0.04422402009367943 0.2966292500495911
3935 2.877612113952637 -0.04285155236721039 0.2976087629795074
3936 2.911711454391479 -0.04129726067185402 0.2986363768577576
3937 2.945563316345215 -0.03991664573550224 0.299675852060318
3938 2.97908616065979 -0.03857238218188286 0.300737053155899
3939 3.012199401855469 -0.03746913745999336 0.3017998039722443
3940 3.044822931289673 -0.03638311475515366 0.3028796911239624
3941 3.076878547668457 -0.03530857339501381 0.3039728105068207
3942 3.108288764953613 -0.0346432626247406 0.3050457239151001
3943 3.138977766036987 -0.03378880769014359 0.306138664484024
3944 3.168872117996216 -0.03297752514481544 0.3072292804718018
3945 3.197899341583252 -0.03226902335882187 0.3083086907863617
3946 3.225989580154419 -0.03171631321310997 0.3093692064285278
3947 3.253075361251831 -0.03133190795779228 0.3104059398174286
3948 3.279091358184814 -0.0310210045427084 0.3114198744297028
3949 3.303974866867065 -0.03082646057009697 0.3124038875102997
3950 3.32766580581665 -0.0308502335101366 0.3133484721183777
3951 3.350107431411743 -0.03115708008408546 0.3142462968826294
3952 3.371245384216309 -0.03142927587032318 0.3151080310344696
3953 3.391028881072998 -0.03167799115180969 0.315928190946579
3954 3.409410238265991 -0.03190277144312859 0.316702127456665
3955 3.426344871520996 -0.03210333362221718 0.3174253702163696
3956 3.441792488098145 -0.03227942064404488 0.3180937170982361
3957 3.455715656280518 -0.03243080154061317 0.3187032341957092
3958 3.468080997467041 -0.03255799040198326 0.3192503154277802
3959 3.478858232498169 -0.03266487270593643 0.3197314441204071
3960 3.488022089004517 -0.03275441005825996 0.3201436698436737
3961 3.49554967880249 -0.03282684460282326 0.3204843997955322
3962 3.501423597335815 -0.03288105130195618 0.3207517266273499
3963 3.505629301071167 -0.03291449695825577 0.3209441006183624
3964 3.508157014846802 -0.03292866423726082 0.3210603296756744
3965 3.509000062942505 -0.03293164074420929 0.3210992515087128
3966 2.109000205993652 -0.06893246620893478 0.2849255204200745
3967 2.109843254089355 -0.06889484822750092 0.2849307656288147
3968 2.112370729446411 -0.06878593564033508 0.284946084022522
3969 2.116576433181763 -0.06861355900764465 0.2849707007408142
3970 2.122450351715088 -0.0684473067522049 0.2849955856800079
3971 2.129978179931641 -0.06813222914934158 0.2850430011749268
3972 2.139141798019409 -0.06764919310808182 0.2851163744926453
3973 2.149919271469116 -0.06705714017152786 0.2852086424827576
3974 2.162284374237061 -0.0663263201713562 0.2853249907493591
3975 2.176207542419434 -0.06549456715583801 0.2854615747928619
3976 2.191655158996582 -0.06470120698213577 0.2856017053127289
3977 2.208590030670166 -0.0639016404747963 0.2857533991336823
3978 2.226971387863159 -0.06283661723136902 0.2859520018100739
3979 2.246754884719849 -0.06176070868968964 0.2861664891242981
3980 2.267892837524414 -0.06058621406555176 0.286410003900528
3981 2.290334224700928 -0.05952791124582291 0.2866585254669189
3982 2.314025402069092 -0.05811887234449387 0.2869707942008972
3983 2.338908910751343 -0.05682791024446487 0.2872923612594604
3984 2.364924907684326 -0.05553517863154411 0.2876402139663696
3985 2.392010688781738 -0.05399378761649132 0.2880442440509796
3986 2.420100927352905 -0.05252007395029068 0.288470447063446
3987 2.449128150939941 -0.05099385231733322 0.288934201002121
3988 2.479022264480591 -0.04927748814225197 0.2894512414932251
3989 2.509711503982544 -0.04788510873913765 0.2899700999259949
3990 2.5411217212677 -0.04621639102697372 0.2905535101890564
3991 2.573177099227905 -0.04474486410617828 0.2911554276943207
3992 2.605800867080688 -0.04309847950935364 0.2918126285076141
3993 2.638913869857788 -0.04157175868749619 0.292497843503952
3994 2.672436952590942 -0.04009556025266647 0.2932182252407074
3995 2.706288814544678 -0.03861205279827118 0.2939788401126862
3996 2.740388154983521 -0.03717288002371788 0.2947747707366943
3997 2.774652719497681 -0.03566870838403702 0.2956140339374542
3998 2.809000015258789 -0.03436813503503799 0.2964743077754974
3999 2.843347549438477 -0.03294404596090317 0.2973792850971222
4000 2.877612113952637 -0.03189981356263161 0.2982904613018036
4001 2.911711454391479 -0.03071695193648338 0.2992432713508606
4002 2.945563316345215 -0.02966554649174213 0.3002160489559174
4003 2.97908616065979 -0.02864258550107479 0.3012129664421082
4004 3.012199401855469 -0.02780191786587238 0.302221268415451
4005 3.044822931289673 -0.02697405591607094 0.3032480776309967
4006 3.076878547668457 -0.02615497447550297 0.3042895197868347
4007 3.108288764953613 -0.02564636059105396 0.3053248524665833
4008 3.138977766036987 -0.02499367482960224 0.3063749074935913
4009 3.168872117996216 -0.0243731364607811 0.3074249923229218
4010 3.197899341583252 -0.02383081056177616 0.3084680736064911
4011 3.225989580154419 -0.02340680919587612 0.309497594833374
4012 3.253075361251831 -0.02311057224869728 0.3105087280273438
4013 3.279091358184814 -0.02287036180496216 0.3114997744560242
4014 3.303974866867065 -0.02271858416497707 0.3124645054340363
4015 3.32766580581665 -0.02273231185972691 0.3133954703807831
4016 3.350107431411743 -0.0229604784399271 0.3142863512039185
4017 3.371245384216309 -0.02316280081868172 0.3151409327983856
4018 3.391028881072998 -0.02334769628942013 0.3159540891647339
4019 3.409410238265991 -0.02351484447717667 0.3167212307453156
4020 3.426344871520996 -0.02366401255130768 0.3174378871917725
4021 3.441792488098145 -0.02379498444497585 0.3180999457836151
4022 3.455715656280518 -0.02390755712985992 0.3187035620212555
4023 3.468080997467041 -0.02400209940969944 0.3192451000213623
4024 3.478858232498169 -0.02408153377473354 0.3197212815284729
4025 3.488022089004517 -0.02414807677268982 0.3201291859149933
4026 3.49554967880249 -0.02420190535485744 0.3204663693904877
4027 3.501423597335815 -0.02424217574298382 0.3207308053970337
4028 3.505629301071167 -0.02426698990166187 0.3209209740161896
4029 3.508157014846802 -0.02427745051681995 0.3210357427597046
4030 3.509000062942505 -0.02427962981164455 0.3210741281509399
4031 2.109000205993652 -0.04609678685665131 0.2875705659389496
4032 2.109843254089355 -0.0460713729262352 0.2875729203224182
4033 2.112370729446411 -0.04599779844284058 0.2875798940658569
4034 2.116576433181763 -0.04588135704398155 0.2875913679599762
4035 2.122450351715088 -0.04576922953128815 0.2876036167144775
4036 2.129978179931641 -0.04555681347846985 0.2876271605491638
4037 2.139141798019409 -0.04523121193051338 0.2876642048358917
4038 2.149919271469116 -0.04483206570148468 0.2877123653888702
4039 2.162284374237061 -0.04433925822377205 0.2877748310565948
4040 2.176207542419434 -0.0437784381210804 0.2878509163856506
4041 2.191655158996582 -0.04324337840080261 0.2879342138767242
4042 2.208590030670166 -0.04270413517951965 0.2880295515060425
4043 2.226971387863159 -0.04198618233203888 0.2881539463996887
4044 2.246754884719849 -0.04126135632395744 0.288294792175293
4045 2.267892837524414 -0.04047013074159622 0.2884593605995178
4046 2.290334224700928 -0.03975685313344002 0.2886382341384888
4047 2.314025402069092 -0.03880747407674789 0.288859099149704
4048 2.338908910751343 -0.03793745487928391 0.2890989184379578
4049 2.364924907684326 -0.03706688433885574 0.2893665134906769
4050 2.392010688781738 -0.03602884337306023 0.2896765768527985
4051 2.420100927352905 -0.03503619134426117 0.2900151014328003
4052 2.449128150939941 -0.03400813788175583 0.2903900146484375
4053 2.479022264480591 -0.03285235166549683 0.2908093333244324
4054 2.509711503982544 -0.03191511705517769 0.2912508845329285
4055 2.5411217212677 -0.0307916197925806 0.2917435169219971
4056 2.573177099227905 -0.02980049885809422 0.2922672033309937
4057 2.605800867080688 -0.02869227714836597 0.2928387820720673
4058 2.638913869857788 -0.02766473218798637 0.2934463322162628
4059 2.672436952590942 -0.02667077258229256 0.2940931022167206
4060 2.706288814544678 -0.02567177079617977 0.2947812378406525
4061 2.740388154983521 -0.0247032530605793 0.2955082356929779
4062 2.774652719497681 -0.02369065582752228 0.2962771058082581
4063 2.809000015258789 -0.02281468361616135 0.2970772385597229
4064 2.843347549438477 -0.02185584977269173 0.2979182600975037
4065 2.877612113952637 -0.02115263044834137 0.2987818121910095
4066 2.911711454391479 -0.02035591192543507 0.2996824085712433
4067 2.945563316345215 -0.01964740827679634 0.300608903169632
4068 2.97908616065979 -0.01895843632519245 0.3015614151954651
4069 3.012199401855469 -0.01839172467589378 0.3025323450565338
4070 3.044822931289673 -0.01783350110054016 0.3035228848457336
4071 3.076878547668457 -0.01728121004998684 0.304529070854187
4072 3.108288764953613 -0.01693759486079216 0.3055393397808075
4073 3.138977766036987 -0.01649687252938747 0.3065604865550995
4074 3.168872117996216 -0.01607747003436089 0.3075834512710571
4075 3.197899341583252 -0.01571074873209 0.3086023330688477
4076 3.225989580154419 -0.01542361732572317 0.3096115589141846
4077 3.253075361251831 -0.01522239483892918 0.3106062114238739
4078 3.279091358184814 -0.01505895424634218 0.3115826547145844
4079 3.303974866867065 -0.01495502237230539 0.3125353753566742
4080 3.32766580581665 -0.0149622717872262 0.3134582340717316
4081 3.350107431411743 -0.01511349435895681 0.31434565782547
4082 3.371245384216309 -0.01524755544960499 0.3151966333389282
4083 3.391028881072998 -0.0153700839728117 0.3160061836242676
4084 3.409410238265991 -0.01548087596893311 0.3167697489261627
4085 3.426344871520996 -0.01557976752519608 0.317482978105545
4086 3.441792488098145 -0.01566660217940807 0.3181416988372803
4087 3.455715656280518 -0.01574122719466686 0.3187421262264252
4088 3.468080997467041 -0.01580388471484184 0.3192807137966156
4089 3.478858232498169 -0.01585652120411396 0.3197541832923889
4090 3.488022089004517 -0.01590061746537685 0.3201597630977631
4091 3.49554967880249 -0.01593628711998463 0.3204949498176575
4092 3.501423597335815 -0.01596296764910221 0.3207578063011169
4093 3.505629301071167 -0.01597939431667328 0.3209467530250549
4094 3.508157014846802 -0.01598629727959633 0.3210606873035431
4095 3.509000062942505 -0.01598772592842579 0.3210987448692322
4096 2.109000205993652 -0.02309120446443558 0.2891665101051331
4097 2.109843254089355 -0.02307839691638947 0.2891671061515808
4098 2.112370729446411 -0.02304131910204887 0.2891690135002136
4099 2.116576433181763 -0.02298263646662235 0.2891724407672882
4100 2.122450351715088 -0.02292618155479431 0.2891770005226135
4101 2.129978179931641 -0.02281925641000271 0.289186030626297
4102 2.139141798019409 -0.02265537530183792 0.2892009615898132
4103 2.149919271469116 -0.02245445549488068 0.289222240447998
4104 2.162284374237061 -0.02220635861158371 0.2892519235610962
4105 2.176207542419434 -0.02192403934895992 0.2892911732196808
4106 2.191655158996582 -0.02165464498102665 0.2893398702144623
4107 2.208590030670166 -0.02138315141201019 0.2894008457660675
4108 2.226971387863159 -0.02102177403867245 0.2894800901412964
4109 2.246754884719849 -0.02065707743167877 0.2895761430263519
4110 2.267892837524414 -0.02025897987186909 0.2896926999092102
4111 2.290334224700928 -0.0198999997228384 0.2898292541503906
4112 2.314025402069092 -0.01942228339612484 0.2899945378303528
4113 2.338908910751343 -0.01898444257676601 0.2901845872402191
4114 2.364924907684326 -0.01854651793837547 0.290403425693512
4115 2.392010688781738 -0.01802434213459492 0.2906564474105835
4116 2.420100927352905 -0.01752494461834431 0.2909416556358337
4117 2.449128150939941 -0.01700772903859615 0.2912625968456268
4118 2.479022264480591 -0.01642635464668274 0.2916225790977478
4119 2.509711503982544 -0.01595502905547619 0.2920172512531281
4120 2.5411217212677 -0.01538995839655399 0.2924547791481018
4121 2.573177099227905 -0.01489135250449181 0.2929309904575348
4122 2.605800867080688 -0.01433403789997101 0.2934506237506866
4123 2.638913869857788 -0.01381733454763889 0.2940110564231873
4124 2.672436952590942 -0.01331739313900471 0.2946131825447083
4125 2.706288814544678 -0.01281488128006458 0.2952573895454407
4126 2.740388154983521 -0.01232789177447557 0.2959425747394562
4127 2.774652719497681 -0.01181863714009523 0.2966688275337219
4128 2.809000015258789 -0.011377964168787 0.2974324822425842
4129 2.843347549438477 -0.01089570391923189 0.2982347309589386
4130 2.877612113952637 -0.01054196804761887 0.2990694046020508
4131 2.911711454391479 -0.01014115754514933 0.2999383807182312
4132 2.945563316345215 -0.009784627705812454 0.3008367717266083
4133 2.97908616065979 -0.009438035078346729 0.3017623424530029
4134 3.012199401855469 -0.009152793325483799 0.302710622549057
4135 3.044822931289673 -0.008871779777109623 0.3036791384220123
4136 3.076878547668457 -0.008593756705522537 0.3046639263629913
4137 3.108288764953613 -0.008420582860708237 0.3056589066982269
4138 3.138977766036987 -0.00819853600114584 0.3066624701023102
4139 3.168872117996216 -0.007987115532159805 0.3076688945293427
4140 3.197899341583252 -0.007802196778357029 0.3086730539798737
4141 3.225989580154419 -0.007657286245375872 0.3096698820590973
4142 3.253075361251831 -0.007555551361292601 0.3106544017791748
4143 3.279091358184814 -0.007472836412489414 0.3116219043731689
4144 3.303974866867065 -0.007420042529702187 0.3125672042369843
4145 3.32766580581665 -0.007423092611134052 0.3134849965572357
4146 3.350107431411743 -0.007498434744775295 0.3143701255321503
4147 3.371245384216309 -0.007565216161310673 0.3152186572551727
4148 3.391028881072998 -0.007626257371157408 0.3160258531570435
4149 3.409410238265991 -0.007681459188461304 0.3167870938777924
4150 3.426344871520996 -0.007730736862868071 0.3174980878829956
4151 3.441792488098145 -0.007774007506668568 0.3181546628475189
4152 3.455715656280518 -0.007811191957443953 0.3187530338764191
4153 3.468080997467041 -0.007842408493161201 0.3192896842956543
4154 3.478858232498169 -0.007868630811572075 0.3197614252567291
4155 3.488022089004517 -0.00789059791713953 0.3201654851436615
4156 3.49554967880249 -0.007908366620540619 0.320499449968338
4157 3.501423597335815 -0.007921656593680382 0.3207612931728363
4158 3.505629301071167 -0.00792983453720808 0.3209494650363922
4159 3.508157014846802 -0.007933264598250389 0.3210628628730774
4160 3.509000062942505 -0.007933971472084522 0.3211007416248322
4161 2.109000205993652 0 0.2897000014781952
4162 2.109843254089355 -4.720824175780431e-23 0.2897000312805176
4163 2.112370729446411 -7.544223430555854e-22 0.2897001802921295
4164 2.116576433181763 -3.811599795030335e-21 0.2897009253501892
4165 2.122450351715088 -1.201270298082007e-20 0.2897028923034668
4166 2.129978179931641 -2.92219904454198e-20 0.2897070348262787
4167 2.139141798019409 -6.032730312456093e-20 0.2897145450115204
4168 2.149919271469116 -1.111808162206725e-19 0.2897267937660217
4169 2.162284374237061 -1.885278645116978e-19 0.2897454500198364
4170 2.176207542419434 -2.999245231734584e-19 0.2897722721099854
4171 2.191655158996582 -4.536449247769574e-19 0.2898093163967133
4172 2.208590030670166 -6.585788698381817e-19 0.2898587286472321
4173 2.226971387863159 -9.241215274532969e-19 0.2899227142333984
4174 2.246754884719849 -1.26005529064272e-18 0.2900036573410034
4175 2.267892837524414 -1.676425854355601e-18 0.2901040017604828
4176 2.290334224700928 -2.18341395077609e-18 0.2902261912822723
4177 2.314025402069092 -2.791202069847137e-18 0.2903726398944855
4178 2.338908910751343 -3.509841489987029e-18 0.2905458211898804
4179 2.364924907684326 -4.349115896685888e-18 0.2907480895519257
4180 2.392010688781738 -5.318407792836751e-18 0.2909816801548004
4181 2.420100927352905 -6.426565115861791e-18 0.2912487089633942
4182 2.449128150939941 -7.681774058693139e-18 0.2915512025356293
4183 2.479022264480591 -9.09143292472947e-18 0.2918909192085266
4184 2.509711503982544 -1.066203301382779e-17 0.2922694087028503
4185 2.5411217212677 -1.239905274318505e-17 0.2926880121231079
4186 2.573177099227905 -1.430684970026816e-17 0.2931477725505829
4187 2.605800867080688 -1.638856882576606e-17 0.293649435043335
4188 2.638913869857788 -1.864606217707026e-17 0.2941934466362
4189 2.672436952590942 -2.107982275382583e-17 0.2947799563407898
4190 2.706288814544678 -2.368891253321814e-17 0.2954087257385254
4191 2.740388154983521 -2.647093103710956e-17 0.296079158782959
4192 2.774652719497681 -2.942197728173129e-17 0.2967903017997742
4193 2.809000015258789 -3.253663654279356e-17 0.2975409030914307
4194 2.843347549438477 -3.580796712059582e-17 0.2983292639255524
4195 2.877612113952637 -3.922752184672269e-17 0.2991533279418945
4196 2.911711454391479 -4.278537455382352e-17 0.3000107109546661
4197 2.945563316345215 -4.647015316283694e-17 0.3008987009525299
4198 2.97908616065979 -5.026909262255003e-17 0.3018141984939575
4199 3.012199401855469 -5.416811431893713e-17 0.3027538061141968
4200 3.044822931289673 -5.815189555833132e-17 0.3037138283252716
4201 3.076878547668457 -6.220397544654278e-17 0.3046903312206268
4202 3.108288764953613 -6.63068508418099e-17 0.3056790828704834
4203 3.138977766036987 -7.04420855426401e-17 0.3066756129264832
4204 3.168872117996216 -7.459046910648744e-17 0.307675302028656
4205 3.197899341583252 -7.873210949398124e-17 0.3086734116077423
4206 3.225989580154419 -8.284661173993841e-17 0.3096649348735809
4207 3.253075361251831 -8.69132103022614e-17 0.3106449246406555
4208 3.279091358184814 -9.091091464572608e-17 0.3116083145141602
4209 3.303974866867065 -9.48187077653287e-17 0.3125500380992889
4210 3.32766580581665 -9.861563883051451e-17 0.3134650588035583
4211 3.350107431411743 -1.022810614131942e-16 0.3143483698368073
4212 3.371245384216309 -1.057947393668622e-16 0.3151951432228088
4213 3.391028881072998 -1.091370188801644e-16 0.3160005807876587
4214 3.409410238265991 -1.122889872955753e-16 0.3167601525783539
4215 3.426344871520996 -1.152326517804106e-16 0.3174695372581482
4216 3.441792488098145 -1.179510055012762e-16 0.3181246221065521
4217 3.455715656280518 -1.204282592346398e-16 0.3187216222286224
4218 3.468080997467041 -1.226498810715001e-16 0.319256991147995
4219 3.478858232498169 -1.246028081756235e-16 0.3197276294231415
4220 3.488022089004517 -1.262754335486547e-16 0.3201307058334351
4221 3.49554967880249 -1.276578310232431e-16 0.3204638361930847
4222 3.501423597335815 -1.287417155583734e-16 0.3207250535488129
4223 3.505629301071167 -1.295206020580431e-16 0.3209127485752106
4224 3.508157014846802 -1.299898186061526e-16 0.3210258185863495
4225 3.509000062942505 -1.301465461711742e-16 0.3210635781288147
4226 2.109843254089355 0.02307839691638947 0.2891671061515808
4227 2.109000205993652 0.02309120446443558 0.2891665101051331
4228 2.112370729446411 0.02304131910204887 0.2891690135002136
4229 2.116576433181763 0.02298263646662235 0.2891724407672882
4230 2.122450351715088 0.02292618155479431 0.2891770005226135
4231 2.129978179931641 0.02281925641000271 0.289186030626297
4232 2.139141798019409 0.02265537530183792 0.2892009615898132
4233 2.149919271469116 0.02245445549488068 0.289222240447998
4234 2.162284374237061 0.02220635861158371 0.2892519235610962
4235 2.176207542419434 0.02192403934895992 0.2892911732196808
4236 2.191655158996582 0.02165464498102665 0.2893398702144623
4237 2.208590030670166 0.02138315141201019 0.2894008457660675
4238 2.226971387863159 0.02102177403867245 0.2894800901412964
4239 2.246754884719849 0.02065707743167877 0.2895761430263519
4240 2.267892837524414 0.02025897987186909 0.2896926999092102
4241 2.290334224700928 0.0198999997228384 0.2898292541503906
4242 2.314025402069092 0.01942228339612484 0.2899945378303528
4243 2.338908910751343 0.01898444257676601 0.2901845872402191
4244 2.364924907684326 0.01854651793837547 0.290403425693512
4245 2.392010688781738 0.01802434213459492 0.2906564474105835
4246 2.420100927352905 0.01752494461834431 0.2909416556358337
4247 2.449128150939941 0.01700772903859615 0.2912625968456268
4248 2.479022264480591 0.01642635464668274 0.2916225790977478
4249 2.509711503982544 0.01595502905547619 0.2920172512531281
4250 2.5411217212677 0.01538995839655399 0.2924547791481018
4251 2.573177099227905 0.01489135250449181 0.2929309904575348
4252 2.605800867080688 0.01433403789997101 0.2934506237506866
4253 2.638913869857788 0.01381733454763889 0.2940110564231873
4254 2.672436952590942 0.01331739313900471 0.2946131825447083
4255 2.706288814544678 0.01281488128006458 0.2952573895454407
4256 2.740388154983521 0.01232789177447557 0.2959425747394562
4257 2.774652719497681 0.01181863714009523 0.2966688275337219
4258 2.809000015258789 0.011377964168787 0.2974324822425842
4259 2.843347549438477 0.01089570391923189 0.2982347309589386
4260 2.877612113952637 0.01054196804761887 0.2990694046020508
4261 2.911711454391479 0.01014115754514933 0.2999383807182312
4262 2.945563316345215 0.009784627705812454 0.3008367717266083
4263 2.97908616065979 0.009438035078346729 0.3017623424530029
4264 3.012199401855469 0.009152793325483799 0.302710622549057
4265 3.044822931289673 0.008871779777109623 0.3036791384220123
4266 3.076878547668457 0.008593756705522537 0.3046639263629913
4267 3.108288764953613 0.008420582860708237 0.3056589066982269
4268 3.138977766036987 0.00819853600114584 0.3066624701023102
4269 3.168872117996216 0.007987115532159805 0.3076688945293427
4270 3.197899341583252 0.007802196778357029 0.3086730539798737
4271 3.225989580154419 0.007657286245375872 0.3096698820590973
4272 3.253075361251831 0.007555551361292601 0.3106544017791748
4273 3.279091358184814 0.007472836412489414 0.3116219043731689
4274 3.303974866867065 0.007420042529702187 0.3125672042369843
4275 3.32766580581665 0.007423092611134052 0.3134849965572357
4276 3.350107431411743 0.007498434744775295 0.3143701255321503
4277 3.371245384216309 0.007565216161310673 0.3152186572551727
4278 3.391028881072998 0.007626257371157408 0.3160258531570435
4279 3.409410238265991 0.007681459188461304 0.3167870938777924
4280 3.426344871520996 0.007730736862868071 0.3174980878829956
4281 3.441792488098145 0.007774007506668568 0.3181546628475189
4282 3.455715656280518 0.007811191957443953 0.3187530338764191
4283 3.468080997467041 0.007842408493161201 0.3192896842956543
4284 3.478858232498169 0.007868630811572075 0.3197614252567291
4285 3.488022089004517 0.00789059791713953 0.3201654851436615
4286 3.49554967880249 0.007908366620540619 0.320499449968338
4287 3.501423597335815 0.007921656593680382 0.3207612931728363
4288 3.505629301071167 0.00792983453720808 0.3209494650363922
4289 3.508157014846802 0.007933264598250389 0.3210628628730774
4290 3.509000062942505 0.007933971472084522 0.3211007416248322
4291 2.109843254089355 0.0460713729262352 0.2875729203224182
4292 2.109000205993652 0.04609678685665131 0.2875705659389496
4293 2.112370729446411 0.04599779844284058 0.2875798940658569
4294 2.116576433181763 0.04588135704398155 0.2875913679599762
4295 2.122450351715088 0.04576922953128815 0.2876036167144775
4296 2.129978179931641 0.04555681347846985 0.2876271605491638
4297 2.139141798019409 0.04523121193051338 0.2876642048358917
4298 2.149919271469116 0.04483206570148468 0.2877123653888702
4299 2.162284374237061 0.04433925822377205 0.2877748310565948
4300 2.176207542419434 0.0437784381210804 0.2878509163856506
4301 2.191655158996582 0.04324337840080261 0.2879342138767242
4302 2.208590030670166 0.04270413517951965 0.2880295515060425
4303 2.226971387863159 0.04198618233203888 0.2881539463996887
4304 2.246754884719849 0.04126135632395744 0.288294792175293
4305 2.267892837524414 0.04047013074159622 0.2884593605995178
4306 2.290334224700928 0.03975685313344002 0.2886382341384888
4307 2.314025402069092 0.03880747407674789 0.288859099149704
4308 2.338908910751343 0.03793745487928391 0.2890989184379578
4309 2.364924907684326 0.03706688433885574 0.2893665134906769
4310 2.392010688781738 0.03602884337306023 0.2896765768527985
4311 2.420100927352905 0.03503619134426117 0.2900151014328003
4312 2.449128150939941 0.03400813788175583 0.2903900146484375
4313 2.479022264480591 0.03285235166549683 0.2908093333244324
4314 2.509711503982544 0.03191511705517769 0.2912508845329285
4315 2.5411217212677 0.0307916197925806 0.2917435169219971
4316 2.573177099227905 0.02980049885809422 0.2922672033309937
4317 2.605800867080688 0.02869227714836597 0.2928387820720673
4318 2.638913869857788 0.02766473218798637 0.2934463322162628
4319 2.672436952590942 0.02667077258229256 0.2940931022167206
4320 2.706288814544678 0.02567177079617977 0.2947812378406525
4321 2.740388154983521 0.0247032530605793 0.2955082356929779
4322 2.774652719497681 0.02369065582752228 0.2962771058082581
4323 2.809000015258789 0.02281468361616135 0.2970772385597229
4324 2.843347549438477 0.02185584977269173 0.2979182600975037
4325 2.877612113952637 0.02115263044834137 0.2987818121910095
4326 2.911711454391479 0.02035591192543507 0.2996824085712433
4327 2.945563316345215 0.01964740827679634 0.300608903169632
4328 2.97908616065979 0.01895843632519245 0.3015614151954651
4329 3.012199401855469 0.01839172467589378 0.3025323450565338
4330 3.044822931289673 0.01783350110054016 0.3035228848457336
4331 3.076878547668457 0.01728121004998684 0.304529070854187
4332 3.108288764953613 0.01693759486079216 0.3055393397808075
4333 3.138977766036987 0.01649687252938747 0.3065604865550995
4334 3.168872117996216 0.01607747003436089 0.3075834512710571
4335 3.197899341583252 0.01571074873209 0.3086023330688477
4336 3.225989580154419 0.01542361732572317 0.3096115589141846
4337 3.253075361251831 0.01522239483892918 0.3106062114238739
4338 3.279091358184814 0.01505895424634218 0.3115826547145844
4339 3.303974866867065 0.01495502237230539 0.3125353753566742
4340 3.32766580581665 0.0149622717872262 0.3134582340717316
4341 3.350107431411743 0.01511349435895681 0.31434565782547
4342 3.371245384216309 0.01524755544960499 0.3151966333389282
4343 3.391028881072998 0.0153700839728117 0.3160061836242676
4344 3.409410238265991 0.01548087596893311 0.3167697489261627
4345 3.426344871520996 0.01557976752519608 0.317482978105545
4346 3.441792488098145 0.01566660217940807 0.3181416988372803
4347 3.455715656280518 0.01574122719466686 0.3187421262264252
4348 3.468080997467041 0.01580388471484184 0.3192807137966156
4349 3.478858232498169 0.01585652120411396 0.3197541832923889
4350 3.488022089004517 0.01590061746537685 0.3201597630977631
4351 3.49554967880249 0.01593628711998463 0.3204949498176575
4352 3.501423597335815 0.01596296764910221 0.3207578063011169
4353 3.505629301071167 0.01597939431667328 0.3209467530250549
4354 3.508157014846802 0.01598629727959633 0.3210606873035431
4355 3.509000062942505 0.01598772592842579 0.3210987448692322
4356 2.109843254089355 0.06889484822750092 0.2849307656288147
4357 2.109000205993652 0.06893246620893478 0.2849255204200745
4358 2.112370729446411 0.06878593564033508 0.284946084022522
4359 2.116576433181763 0.06861355900764465 0.2849707007408142
4360 2.122450351715088 0.0684473067522049 0.2849955856800079
4361 2.129978179931641 0.06813222914934158 0.2850430011749268
4362 2.139141798019409 0.06764919310808182 0.2851163744926453
4363 2.149919271469116 0.06705714017152786 0.2852086424827576
4364 2.162284374237061 0.0663263201713562 0.2853249907493591
4365 2.176207542419434 0.06549456715583801 0.2854615747928619
4366 2.191655158996582 0.06470120698213577 0.2856017053127289
4367 2.208590030670166 0.0639016404747963 0.2857533991336823
4368 2.226971387863159 0.06283661723136902 0.2859520018100739
4369 2.246754884719849 0.06176070868968964 0.2861664891242981
4370 2.267892837524414 0.06058621406555176 0.286410003900528
4371 2.290334224700928 0.05952791124582291 0.2866585254669189
4372 2.314025402069092 0.05811887234449387 0.2869707942008972
4373 2.338908910751343 0.05682791024446487 0.2872923612594604
4374 2.364924907684326 0.05553517863154411 0.2876402139663696
4375 2.392010688781738 0.05399378761649132 0.2880442440509796
4376 2.420100927352905 0.05252007395029068 0.288470447063446
4377 2.449128150939941 0.05099385231733322 0.288934201002121
4378 2.479022264480591 0.04927748814225197 0.2894512414932251
4379 2.509711503982544 0.04788510873913765 0.2899700999259949
4380 2.5411217212677 0.04621639102697372 0.2905535101890564
4381 2.573177099227905 0.04474486410617828 0.2911554276943207
4382 2.605800867080688 0.04309847950935364 0.2918126285076141
4383 2.638913869857788 0.04157175868749619 0.292497843503952
4384 2.672436952590942 0.04009556025266647 0.2932182252407074
4385 2.706288814544678 0.03861205279827118 0.2939788401126862
4386 2.740388154983521 0.03717288002371788 0.2947747707366943
4387 2.774652719497681 0.03566870838403702 0.2956140339374542
4388 2.809000015258789 0.03436813503503799 0.2964743077754974
4389 2.843347549438477 0.03294404596090317 0.2973792850971222
4390 2.877612113952637 0.03189981356263161 0.2982904613018036
4391 2.911711454391479 0.03071695193648338 0.2992432713508606
4392 2.945563316345215 0.02966554649174213 0.3002160489559174
4393 2.97908616065979 0.02864258550107479 0.3012129664421082
4394 3.012199401855469 0.02780191786587238 0.302221268415451
4395 3.044822931289673 0.02697405591607094 0.3032480776309967
4396 3.076878547668457 0.02615497447550297 0.3042895197868347
4397 3.108288764953613 0.02564636059105396 0.3053248524665833
4398 3.138977766036987 0.02499367482960224 0.3063749074935913
4399 3.168872117996216 0.0243731364607811 0.3074249923229218
4400 3.197899341583252 0.02383081056177616 0.3084680736064911
4401 3.225989580154419 0.02340680919587612 0.309497594833374
4402 3.253075361251831 0.02311057224869728 0.3105087280273438
4403 3.279091358184814 0.02287036180496216 0.3114997744560242
4404 3.303974866867065 0.02271858416497707 0.3124645054340363
4405 3.32766580581665 0.02273231185972691 0.3133954703807831
4406 3.350107431411743 0.0229604784399271 0.3142863512039185
4407 3.371245384216309 0.02316280081868172 0.3151409327983856
4408 3.391028881072998 0.02334769628942013 0.3159540891647339
4409 3.409410238265991 0.02351484447717667 0.3167212307453156
4410 3.426344871520996 0.02366401255130768 0.3174378871917725
4411 3.441792488098145 0.02379498444497585 0.3180999457836151
4412 3.455715656280518 0.02390755712985992 0.3187035620212555
4413 3.468080997467041 0.02400209940969944 0.3192451000213623
4414 3.478858232498169 0.02408153377473354 0.3197212815284729
4415 3.488022089004517 0.02414807677268982 0.3201291859149933
4416 3.49554967880249 0.02420190535485744 0.3204663693904877
4417 3.501423597335815 0.02424217574298382 0.3207308053970337
4418 3.505629301071167 0.02426698990166187 0.3209209740161896
4419 3.508157014846802 0.02427745051681995 0.3210357427597046
4420 3.509000062942505 0.02427962981164455 0.3210741281509399
4421 2.109843254089355 0.09146738797426224 0.2812625467777252
4422 2.109000205993652 0.09151662886142731 0.2812533676624298
4423 2.112370729446411 0.09132483601570129 0.2812891900539398
4424 2.116576433181763 0.09109921008348465 0.2813317477703094
4425 2.122450351715088 0.0908811092376709 0.2813739478588104
4426 2.129978179931641 0.09046754240989685 0.2814540565013885
4427 2.139141798019409 0.08983338624238968 0.2815772891044617
4428 2.149919271469116 0.08905627578496933 0.2817300260066986
4429 2.162284374237061 0.08809731900691986 0.2819201946258545
4430 2.176207542419434 0.08700577169656754 0.2821397185325623
4431 2.191655158996582 0.08596498519182205 0.2823576927185059
4432 2.208590030670166 0.08491604775190353 0.2825867533683777
4433 2.226971387863159 0.08351800590753555 0.2828872501850128
4434 2.246754884719849 0.0821043998003006 0.2832030355930328
4435 2.267892837524414 0.08056121319532394 0.283555269241333
4436 2.290334224700928 0.07917162030935287 0.2838996350765228
4437 2.314025402069092 0.07732069492340088 0.2843377590179443
4438 2.338908910751343 0.07562544196844101 0.2847720384597778
4439 2.364924907684326 0.07392611354589462 0.2852308452129364
4440 2.392010688781738 0.07189996540546417 0.285764753818512
4441 2.420100927352905 0.06996332108974457 0.2863122820854187
4442 2.449128150939941 0.06795777380466461 0.2868990898132324
4443 2.479022264480591 0.06570141017436981 0.2875515818595886
4444 2.509711503982544 0.06386993825435638 0.2881781458854675
4445 2.5411217212677 0.06167570129036903 0.2888878583908081
4446 2.573177099227905 0.05974184349179268 0.2895988523960114
4447 2.605800867080688 0.05757633224129677 0.2903756499290466
4448 2.638913869857788 0.05556789413094521 0.2911697626113892
4449 2.672436952590942 0.05362709611654282 0.2919934391975403
4450 2.706288814544678 0.05167703703045845 0.2928558886051178
4451 2.740388154983521 0.04978353157639503 0.293749213218689
4452 2.774652719497681 0.04780544713139534 0.294687807559967
4453 2.809000015258789 0.04609633982181549 0.2956334054470062
4454 2.843347549438477 0.04422402009367943 0.2966292500495911
4455 2.877612113952637 0.04285155236721039 0.2976087629795074
4456 2.911711454391479 0.04129726067185402 0.2986363768577576
4457 2.945563316345215 0.03991664573550224 0.299675852060318
4458 2.97908616065979 0.03857238218188286 0.300737053155899
4459 3.012199401855469 0.03746913745999336 0.3017998039722443
4460 3.044822931289673 0.03638311475515366 0.3028796911239624
4461 3.076878547668457 0.03530857339501381 0.3039728105068207
4462 3.108288764953613 0.0346432626247406 0.3050457239151001
4463 3.138977766036987 0.03378880769014359 0.306138664484024
4464 3.168872117996216 0.03297752514481544 0.3072292804718018
4465 3.197899341583252 0.03226902335882187 0.3083086907863617
4466 3.225989580154419 0.03171631321310997 0.3093692064285278
4467 3.253075361251831 0.03133190795779228 0.3104059398174286
4468 3.279091358184814 0.0310210045427084 0.3114198744297028
4469 3.303974866867065 0.03082646057009697 0.3124038875102997
4470 3.32766580581665 0.0308502335101366 0.3133484721183777
4471 3.350107431411743 0.03115708008408546 0.3142462968826294
4472 3.371245384216309 0.03142927587032318 0.3151080310344696
4473 3.391028881072998 0.03167799115180969 0.315928190946579
4474 3.409410238265991 0.03190277144312859 0.316702127456665
4475 3.426344871520996 0.03210333362221718 0.3174253702163696
4476 3.441792488098145 0.03227942064404488 0.3180937170982361
4477 3.455715656280518 0.03243080154061317 0.3187032341957092
4478 3.468080997467041 0.03255799040198326 0.3192503154277802
4479 3.478858232498169 0.03266487270593643 0.3197314441204071
4480 3.488022089004517 0.03275441005825996 0.3201436698436737
4481 3.49554967880249 0.03282684460282326 0.3204843997955322
4482 3.501423597335815 0.03288105130195618 0.3207517266273499
4483 3.505629301071167 0.03291449695825577 0.3209441006183624
4484 3.508157014846802 0.03292866423726082 0.3210603296756744
4485 3.509000062942505 0.03293164074420929 0.3210992515087128
4486 2.109843254089355 0.1137114390730858 0.2765980660915375
4487 2.109000205993652 0.1137715354561806 0.2765840291976929
4488 2.112370729446411 0.1135374531149864 0.2766388058662415
4489 2.116576433181763 0.1132620573043823 0.2767035961151123
4490 2.122450351715088 0.112995058298111 0.276767373085022
4491 2.129978179931641 0.1124884337186813 0.2768883407115936
4492 2.139141798019409 0.1117113456130028 0.2770738303661346
4493 2.149919271469116 0.1107593774795532 0.2773021459579468
4494 2.162284374237061 0.109585128724575 0.277584433555603
4495 2.176207542419434 0.108248308300972 0.277907520532608
4496 2.191655158996582 0.1069742292165756 0.2782226800918579
4497 2.208590030670166 0.1056901887059212 0.2785482406616211
4498 2.226971387863159 0.1039774343371391 0.2789761126041412
4499 2.246754884719849 0.1022435873746872 0.2794188261032104
4500 2.267892837524414 0.1003507524728775 0.2799072861671448
4501 2.290334224700928 0.0986478179693222 0.2803716361522675
4502 2.314025402069092 0.09637823700904846 0.280967503786087
4503 2.338908910751343 0.09430046379566193 0.281542956829071
4504 2.364924907684326 0.0922149196267128 0.2821411490440369
4505 2.392010688781738 0.08972837030887604 0.2828382253646851
4506 2.420100927352905 0.08735255151987076 0.2835381925106049
4507 2.449128150939941 0.0848923847079277 0.2842796444892883
4508 2.479022264480591 0.0821230411529541 0.2851026058197021
4509 2.509711503982544 0.07987360656261444 0.2858650982379913
4510 2.5411217212677 0.07717974483966827 0.2867340445518494
4511 2.573177099227905 0.07480731606483459 0.2875826358795166
4512 2.605800867080688 0.07214775681495667 0.2885105907917023
4513 2.638913869857788 0.0696805939078331 0.2894425392150879
4514 2.672436952590942 0.06729843467473984 0.2903969585895538
4515 2.706288814544678 0.06490548700094223 0.2913883626461029
4516 2.740388154983521 0.06257918477058411 0.292405366897583
4517 2.774652719497681 0.06015048921108246 0.2934701144695282
4518 2.809000015258789 0.05805405974388123 0.2945241332054138
4519 2.843347549438477 0.05575598031282425 0.2956355512142181
4520 2.877612113952637 0.05407216772437096 0.2967022955417633
4521 2.911711454391479 0.05216588452458382 0.2978252470493317
4522 2.945563316345215 0.0504741407930851 0.2989498674869537
4523 2.97908616065979 0.04882534965872765 0.3000933229923248
4524 3.012199401855469 0.04747456684708595 0.3012258112430573
4525 3.044822931289673 0.04614554345607758 0.3023736476898193
4526 3.076878547668457 0.04483051970601082 0.3035331070423126
4527 3.108288764953613 0.04401947930455208 0.3046542406082153
4528 3.138977766036987 0.04297671467065811 0.3058022856712341
4529 3.168872117996216 0.04198840633034706 0.306944876909256
4530 3.197899341583252 0.04112618416547775 0.3080710470676422
4531 3.225989580154419 0.04045554250478745 0.3091714084148407
4532 3.253075361251831 0.03999200463294983 0.310241162776947
4533 3.279091358184814 0.03961842507123947 0.3112846314907074
4534 3.303974866867065 0.03938781097531319 0.312293529510498
4535 3.32766580581665 0.03942631930112839 0.3132556676864624
4536 3.350107431411743 0.03981411084532738 0.3141622543334961
4537 3.371245384216309 0.04015828296542168 0.3150330185890198
4538 3.391028881072998 0.04047271609306335 0.3158620595932007
4539 3.409410238265991 0.04075679183006287 0.316644698381424
4540 3.426344871520996 0.04101020097732544 0.3173763453960419
4541 3.441792488098145 0.04123267903923988 0.318052738904953
4542 3.455715656280518 0.0414239913225174 0.318669855594635
4543 3.468080997467041 0.04158481582999229 0.3192240297794342
4544 3.478858232498169 0.04172000661492348 0.3197115659713745
4545 3.488022089004517 0.04183325171470642 0.3201293051242828
4546 3.49554967880249 0.04192487895488739 0.3204746842384338
4547 3.501423597335815 0.04199347272515297 0.3207457065582275
4548 3.505629301071167 0.04203587025403976 0.3209409117698669
4549 3.508157014846802 0.04205393418669701 0.3210590779781342
4550 3.509000062942505 0.04205777868628502 0.3210987150669098
4551 2.109843254089355 0.1355544328689575 0.2709743678569794
4552 2.109000205993652 0.1356244683265686 0.2709546089172363
4553 2.112370729446411 0.1353516578674316 0.2710315585136414
4554 2.116576433181763 0.1350306868553162 0.2711223363876343
4555 2.122450351715088 0.1347183734178543 0.2712115049362183
4556 2.129978179931641 0.1341252475976944 0.271380603313446
4557 2.139141798019409 0.1332151591777802 0.2716395854949951
4558 2.149919271469116 0.1321006715297699 0.2719569504261017
4559 2.162284374237061 0.1307266652584076 0.2723477184772491
4560 2.176207542419434 0.1291621476411819 0.2727928459644318
4561 2.191655158996582 0.12767194211483 0.2732223868370056
4562 2.208590030670166 0.1261700987815857 0.2736616432666779
4563 2.226971387863159 0.1241648569703102 0.2742397785186768
4564 2.246754884719849 0.1221320331096649 0.2748327553272247
4565 2.267892837524414 0.1199127361178398 0.2754825353622437
4566 2.290334224700928 0.1179183125495911 0.2760888040065765
4567 2.314025402069092 0.1152584031224251 0.2768714129924774
4568 2.338908910751343 0.1128247082233429 0.277614027261734
4569 2.364924907684326 0.1103778779506683 0.2783779501914978
4570 2.392010688781738 0.1074607595801353 0.2792690098285675
4571 2.420100927352905 0.1046748757362366 0.2801502346992493
4572 2.449128150939941 0.1017903909087181 0.2810756862163544
4573 2.479022264480591 0.0985412523150444 0.2821018099784851
4574 2.509711503982544 0.09589985013008118 0.2830269634723663
4575 2.5411217212677 0.09273823350667953 0.284086287021637
4576 2.573177099227905 0.08995652943849564 0.2850994765758514
4577 2.605800867080688 0.08683384954929352 0.2862087786197662
4578 2.638913869857788 0.08393640071153641 0.2873065173625946
4579 2.672436952590942 0.0811416283249855 0.2884182035923004
4580 2.706288814544678 0.07833505421876907 0.2895649075508118
4581 2.740388154983521 0.07560267299413681 0.2907315194606781
4582 2.774652719497681 0.07275227457284927 0.2919487953186035
4583 2.809000015258789 0.07029484957456589 0.2931341230869293
4584 2.843347549438477 0.06759891659021378 0.2943857908248901
4585 2.877612113952637 0.06562480330467224 0.2955590188503265
4586 2.911711454391479 0.06339071691036224 0.2967982590198517
4587 2.945563316345215 0.06141037866473198 0.2980268895626068
4588 2.97908616065979 0.05947799980640411 0.299271285533905
4589 3.012199401855469 0.05789846554398537 0.3004895448684692
4590 3.044822931289673 0.05634539201855659 0.3017210960388184
4591 3.076878547668457 0.05480861663818359 0.3029623627662659
4592 3.108288764953613 0.05386560782790184 0.304143488407135
4593 3.138977766036987 0.05265139043331146 0.305359810590744
4594 3.168872117996216 0.05150321871042252 0.3065668642520905
4595 3.197899341583252 0.05050286650657654 0.3077512383460999
4596 3.225989580154419 0.04972781240940094 0.3089014887809753
4597 3.253075361251831 0.0491965040564537 0.3100127875804901
4598 3.279091358184814 0.04877035319805145 0.3110936284065247
4599 3.303974866867065 0.04851213842630386 0.3121341168880463
4600 3.32766580581665 0.04857134446501732 0.3131187558174133
4601 3.350107431411743 0.04904302582144737 0.3140367865562439
4602 3.371245384216309 0.04946192353963852 0.3149193525314331
4603 3.391028881072998 0.04984455555677414 0.3157600462436676
4604 3.409410238265991 0.05019012838602066 0.316554069519043
4605 3.426344871520996 0.05049831420183182 0.3172967135906219
4606 3.441792488098145 0.05076888203620911 0.3179836273193359
4607 3.455715656280518 0.05100163444876671 0.3186107575893402
4608 3.468080997467041 0.05119742453098297 0.319174200296402
4609 3.478858232498169 0.05136206746101379 0.3196701109409332
4610 3.488022089004517 0.05149998888373375 0.3200950920581818
4611 3.49554967880249 0.05161159858107567 0.3204465210437775
4612 3.501423597335815 0.05169519037008286 0.3207224011421204
4613 3.505629301071167 0.05174697190523148 0.3209213316440582
4614 3.508157014846802 0.0517691969871521 0.3210419714450836
4615 3.509000062942505 0.05177399888634682 0.3210825324058533
4616 2.109843254089355 0.1569297313690186 0.2644347250461578
4617 2.109000205993652 0.1570086479187012 0.2644086480140686
4618 2.112370729446411 0.1567012220621109 0.2645103633403778
4619 2.116576433181763 0.1563394963741302 0.2646301686763763
4620 2.122450351715088 0.1559859812259674 0.2647480070590973
4621 2.129978179931641 0.1553139090538025 0.2649715840816498
4622 2.139141798019409 0.15428227186203 0.2653137147426605
4623 2.149919271469116 0.153019517660141 0.2657318413257599
4624 2.162284374237061 0.1514637023210526 0.2662451565265656
4625 2.176207542419434 0.1496917754411697 0.2668282389640808
4626 2.191655158996582 0.1480052620172501 0.2673869729042053
4627 2.208590030670166 0.1463056206703186 0.2679547667503357
4628 2.226971387863159 0.1440336555242538 0.2687031030654907
4629 2.246754884719849 0.1417265385389328 0.2694669961929321
4630 2.267892837524414 0.1392077505588531 0.2703003585338593
4631 2.290334224700928 0.1369472742080688 0.271067887544632
4632 2.314025402069092 0.133930042386055 0.2720630168914795
4633 2.338908910751343 0.1311714053153992 0.2729958593845367
4634 2.364924907684326 0.1283924728631973 0.2739493250846863
4635 2.392010688781738 0.1250796616077423 0.2750621736049652
4636 2.420100927352905 0.121917836368084 0.2761507928371429
4637 2.449128150939941 0.1186445876955986 0.2772869765758514
4638 2.479022264480591 0.1149546056985855 0.2785461843013763
4639 2.509711503982544 0.1119518950581551 0.2796590924263
4640 2.5411217212677 0.1083600893616676 0.2809377610683441
4641 2.573177099227905 0.105203665792942 0.2821407914161682
4642 2.605800867080688 0.101654440164566 0.2834600210189819
4643 2.638913869857788 0.09836038947105408 0.2847503125667572
4644 2.672436952590942 0.09518705308437347 0.2860447466373444
4645 2.706288814544678 0.09200158715248108 0.2873721420764923
4646 2.740388154983521 0.08889491856098175 0.288713812828064
4647 2.774652719497681 0.08565718680620193 0.2901095151901245
4648 2.809000015258789 0.08287011831998825 0.2914489209651947
4649 2.843347549438477 0.07980960607528687 0.2928654253482819
4650 2.877612113952637 0.07757039368152618 0.2941649258136749
4651 2.911711454391479 0.07503744214773178 0.2955417335033417
4652 2.945563316345215 0.07279548048973083 0.2968938946723938
4653 2.97908616065979 0.07060464471578598 0.2982587516307831
4654 3.012199401855469 0.06881895661354065 0.2995798289775848
4655 3.044822931289673 0.06706461310386658 0.3009119033813477
4656 3.076878547668457 0.06532862037420273 0.3022516667842865
4657 3.108288764953613 0.06427031010389328 0.3035058379173279
4658 3.138977766036987 0.06290494650602341 0.3048048317432404
4659 3.168872117996216 0.06161757186055183 0.3060900866985321
4660 3.197899341583252 0.06049790605902672 0.3073454797267914
4661 3.225989580154419 0.05963480100035667 0.3085570633411407
4662 3.253075361251831 0.05904951691627502 0.3097198307514191
4663 3.279091358184814 0.0585830882191658 0.310847282409668
4664 3.303974866867065 0.05830762535333633 0.3119275569915771
4665 3.32766580581665 0.0583949014544487 0.3129409551620483
4666 3.350107431411743 0.05895423516631126 0.3138743042945862
4667 3.371245384216309 0.05945137143135071 0.3147726058959961
4668 3.391028881072998 0.05990540608763695 0.3156288266181946
4669 3.409410238265991 0.06031531468033791 0.3164379596710205
4670 3.426344871520996 0.06068079918622971 0.3171952366828918
4671 3.441792488098145 0.06100168824195862 0.3178961575031281
4672 3.455715656280518 0.06127786636352539 0.3185364603996277
4673 3.468080997467041 0.06151038780808449 0.3191122114658356
4674 3.478858232498169 0.06170601025223732 0.3196191787719727
4675 3.488022089004517 0.06186989322304726 0.32005375623703
4676 3.49554967880249 0.06200253963470459 0.3204131722450256
4677 3.501423597335815 0.06210194528102875 0.3206954300403595
4678 3.505629301071167 0.06216369196772575 0.3208992481231689
4679 3.508157014846802 0.06219043582677841 0.3210231959819794
4680 3.509000062942505 0.06219631433486938 0.3210649192333221
4681 2.109843254089355 0.177777498960495 0.2570276856422424
4682 2.109000205993652 0.177864134311676 0.2569947242736816
4683 2.112370729446411 0.1775266230106354 0.2571231722831726
4684 2.116576433181763 0.1771294623613358 0.2572744190692902
4685 2.122450351715088 0.1767393052577972 0.2574235796928406
4686 2.129978179931641 0.175996720790863 0.2577068209648132
4687 2.139141798019409 0.1748562753200531 0.2581401765346527
4688 2.149919271469116 0.1734610944986343 0.2586686909198761
4689 2.162284374237061 0.1717434525489807 0.2593161463737488
4690 2.176207542419434 0.1697867661714554 0.2600503265857697
4691 2.191655158996582 0.1679260581731796 0.260750412940979
4692 2.208590030670166 0.1660510152578354 0.2614588737487793
4693 2.226971387863159 0.163541167974472 0.2623941004276276
4694 2.246754884719849 0.1609874814748764 0.2633465826511383
4695 2.267892837524414 0.1581995189189911 0.2643826007843018
4696 2.290334224700928 0.1557016223669052 0.2653279602527618
4697 2.314025402069092 0.1523642241954803 0.2665576636791229
4698 2.338908910751343 0.1493156254291534 0.267700582742691
4699 2.364924907684326 0.1462376415729523 0.2688646912574768
4700 2.392010688781738 0.1425686776638031 0.270224004983902
4701 2.420100927352905 0.139069601893425 0.2715432047843933
4702 2.449128150939941 0.1354479789733887 0.272913932800293
4703 2.479022264480591 0.1313615292310715 0.2744332253932953
4704 2.509711503982544 0.1280325949192047 0.2757571935653687
4705 2.5411217212677 0.1240535229444504 0.2772818505764008
4706 2.573177099227905 0.1205619499087334 0.2786982655525208
4707 2.605800867080688 0.1166281551122665 0.2802543044090271
4708 2.638913869857788 0.1129762753844261 0.2817628681659698
4709 2.672436952590942 0.109463594853878 0.2832645773887634
4710 2.706288814544678 0.1059392616152763 0.2847972512245178
4711 2.740388154983521 0.1024951189756393 0.2863392233848572
4712 2.774652719497681 0.09890982508659363 0.2879390120506287
4713 2.809000015258789 0.09582946449518204 0.2894553542137146
4714 2.843347549438477 0.09244298189878464 0.2910615503787994
4715 2.877612113952637 0.08996810019016266 0.2925080060958862
4716 2.911711454391479 0.08716998994350433 0.2940446436405182
4717 2.945563316345215 0.0846979022026062 0.2955409288406372
4718 2.97908616065979 0.0822780653834343 0.2970471680164337
4719 3.012199401855469 0.08031275123357773 0.2984896898269653
4720 3.044822931289673 0.07838389277458191 0.2999407351016998
4721 3.076878547668457 0.07647518813610077 0.301397442817688
4722 3.108288764953613 0.07532133162021637 0.3027397394180298
4723 3.138977766036987 0.07382876425981522 0.304137796163559
4724 3.168872117996216 0.07242651283740997 0.3055168688297272
4725 3.197899341583252 0.07120975106954575 0.3068581521511078
4726 3.225989580154419 0.07027798146009445 0.3081445693969727
4727 3.253075361251831 0.0696551650762558 0.3093708753585815
4728 3.279091358184814 0.06916318088769913 0.3105563223361969
4729 3.303974866867065 0.06888293474912643 0.3116866648197174
4730 3.32766580581665 0.06900728493928909 0.3127371370792389
4731 3.350107431411743 0.06965907663106918 0.3136915564537048
4732 3.371245384216309 0.07023897022008896 0.3146113157272339
4733 3.391028881072998 0.07076855003833771 0.3154886066913605
4734 3.409410238265991 0.07124651223421097 0.3163183033466339
4735 3.426344871520996 0.07167261093854904 0.3170954287052155
4736 3.441792488098145 0.07204677909612656 0.3178152740001678
4737 3.455715656280518 0.07236903160810471 0.3184733986854553
4738 3.468080997467041 0.07264063507318497 0.319065660238266
4739 3.478858232498169 0.07286927849054337 0.3195874989032745
4740 3.488022089004517 0.07306084781885147 0.320034921169281
4741 3.49554967880249 0.07321594655513763 0.3204050362110138
4742 3.501423597335815 0.07333227246999741 0.3206958770751953
4743 3.505629301071167 0.07340477406978607 0.3209062218666077
4744 3.508157014846802 0.07343652099370956 0.3210344612598419
4745 3.509000062942505 0.07344364374876022 0.3210777640342712
4746 2.109843254089355 0.1980452239513397 0.2488057613372803
4747 2.109000205993652 0.1981383264064789 0.2487655878067017
4748 2.112370729446411 0.1977756172418594 0.2489221096038818
4749 2.116576433181763 0.1973487585783005 0.2491062581539154
4750 2.122450351715088 0.1969269067049026 0.2492887675762177
4751 2.129978179931641 0.1961228996515274 0.2496356964111328
4752 2.139141798019409 0.1948874294757843 0.2501665353775024
4753 2.149919271469116 0.1933770179748535 0.2508128881454468
4754 2.162284374237061 0.1915191859006882 0.2516032755374908
4755 2.176207542419434 0.1894022822380066 0.2524985671043396
4756 2.191655158996582 0.1873914003372192 0.2533491849899292
4757 2.208590030670166 0.1853652745485306 0.2542075514793396
4758 2.226971387863159 0.1826489269733429 0.2553426027297974
4759 2.246754884719849 0.1798789650201797 0.2564978897571564
4760 2.267892837524414 0.1768550127744675 0.2577520310878754
4761 2.290334224700928 0.1741510331630707 0.2588883340358734
4762 2.314025402069092 0.1705342382192612 0.2603704333305359
4763 2.338908910751343 0.1672340929508209 0.2617393434047699
4764 2.364924907684326 0.1638934761285782 0.2631317377090454
4765 2.392010688781738 0.1599119901657104 0.2647579908370972
4766 2.420100927352905 0.1561184525489807 0.2663271129131317
4767 2.449128150939941 0.1521931439638138 0.2679523825645447
4768 2.479022264480591 0.1477594077587128 0.2697546184062958
4769 2.509711503982544 0.1441433280706406 0.271310031414032
4770 2.5411217212677 0.1398247927427292 0.2731038331985474
4771 2.573177099227905 0.1360421627759933 0.2747540175914764
4772 2.605800867080688 0.1317707151174545 0.2765707671642303
4773 2.638913869857788 0.1278044879436493 0.2783206701278687
4774 2.672436952590942 0.1239964440464973 0.2800516486167908
4775 2.706288814544678 0.1201781705021858 0.2818117737770081
4776 2.740388154983521 0.1164380386471748 0.2835773229598999
4777 2.774652719497681 0.1125499978661537 0.2854048013687134
4778 2.809000015258789 0.1092173531651497 0.2871192395687103
4779 2.843347549438477 0.1055485084652901 0.2889382541179657
4780 2.877612113952637 0.1028713881969452 0.2905514538288116
4781 2.911711454391479 0.09984634816646576 0.2922689020633698
4782 2.945563316345215 0.09717987477779388 0.2939289212226868
4783 2.97908616065979 0.09456459432840347 0.2955968379974365
4784 3.012199401855469 0.09244991838932037 0.2971788942813873
4785 3.044822931289673 0.0903770923614502 0.2987668216228485
4786 3.076878547668457 0.08832594007253647 0.3003585338592529
4787 3.108288764953613 0.08709926158189774 0.301803857088089
4788 3.138977766036987 0.08550687879323959 0.3033170402050018
4789 3.168872117996216 0.0840175598859787 0.3048052787780762
4790 3.197899341583252 0.08272914588451385 0.3062470853328705
4791 3.225989580154419 0.08175099641084671 0.3076218068599701
4792 3.253075361251831 0.08110960572957993 0.308923751115799
4793 3.279091358184814 0.08060909062623978 0.3101786673069
4794 3.303974866867065 0.08033854514360428 0.3113695085048676
4795 3.32766580581665 0.08051054179668427 0.3124654591083527
4796 3.350107431411743 0.08126060664653778 0.3134466111660004
4797 3.371245384216309 0.08192873746156693 0.3143936693668365
4798 3.391028881072998 0.08253889530897141 0.3152977228164673
4799 3.409410238265991 0.08308945596218109 0.3161535263061523
4800 3.426344871520996 0.08358025550842285 0.3169558048248291
4801 3.441792488098145 0.08401136845350266 0.3176996409893036
4802 3.455715656280518 0.08438297361135483 0.3183803558349609
4803 3.468080997467041 0.08469659090042114 0.3189935386180878
4804 3.478858232498169 0.08496081084012985 0.3195341229438782
4805 3.488022089004517 0.08518222719430923 0.3199977874755859
4806 3.49554967880249 0.08536156266927719 0.3203814625740051
4807 3.501423597335815 0.08549618721008301 0.320683091878891
4808 3.505629301071167 0.08558043837547302 0.32090163230896
4809 3.508157014846802 0.085617795586586 0.3210353255271912
4810 3.509000062942505 0.08562637120485306 0.3210805654525757
4811 2.109843254089355 0.2176882326602936 0.2398242652416229
4812 2.109000205993652 0.2177864909172058 0.2397767007350922
4813 2.112370729446411 0.2174036800861359 0.2399618923664093
4814 2.116576433181763 0.2169531285762787 0.240179717540741
4815 2.122450351715088 0.2165048122406006 0.2403968870639801
4816 2.129978179931641 0.2156489789485931 0.2408102750778198
4817 2.139141798019409 0.2143330872058868 0.241443008184433
4818 2.149919271469116 0.2127256244421005 0.242212325334549
4819 2.162284374237061 0.2107505053281784 0.2431515157222748
4820 2.176207542419434 0.2084994167089462 0.2442147731781006
4821 2.191655158996582 0.2063638269901276 0.2452220022678375
4822 2.208590030670166 0.2042124718427658 0.2462364435195923
4823 2.226971387863159 0.201323077082634 0.2475804090499878
4824 2.246754884719849 0.1983692646026611 0.248949259519577
4825 2.267892837524414 0.1951448768377304 0.2504332065582275
4826 2.290334224700928 0.1922684460878372 0.2517701685428619
4827 2.314025402069092 0.1884160041809082 0.2535180449485779
4828 2.338908910751343 0.1849056482315063 0.2551249265670776
4829 2.364924907684326 0.1813418120145798 0.2567597925662994
4830 2.392010688781738 0.177095040678978 0.2586694359779358
4831 2.420100927352905 0.1730533838272095 0.2605040371417999
4832 2.449128150939941 0.1688729524612427 0.2623999714851379
4833 2.479022264480591 0.164145439863205 0.2645041048526764
4834 2.509711503982544 0.1602850556373596 0.2663087844848633
4835 2.5411217212677 0.1556793004274368 0.2683915197849274
4836 2.573177099227905 0.1516540050506592 0.2702931761741638
4837 2.605800867080688 0.1470964998006821 0.2723917663097382
4838 2.638913869857788 0.1428638845682144 0.2744040489196777
4839 2.672436952590942 0.1388090401887894 0.2763842940330505
4840 2.706288814544678 0.1347464919090271 0.2783921957015991
4841 2.740388154983521 0.1307564973831177 0.2804034352302551
4842 2.774652719497681 0.1266154497861862 0.2824808657169342
4843 2.809000015258789 0.1230761781334877 0.2844136655330658
4844 2.843347549438477 0.1191735714673996 0.2864678502082825
4845 2.877612113952637 0.1163317784667015 0.2882676124572754
4846 2.911711454391479 0.1131226196885109 0.290186733007431
4847 2.945563316345215 0.1103019118309021 0.2920303046703339
4848 2.97908616065979 0.107529029250145 0.2938805520534515
4849 3.012199401855469 0.1052992418408394 0.2956209778785706
4850 3.044822931289673 0.1031169891357422 0.2973644733428955
4851 3.076878547668457 0.1009576767683029 0.29911008477211
4852 3.108288764953613 0.09968417137861252 0.3006746768951416
4853 3.138977766036987 0.09802308678627014 0.3023200631141663
4854 3.168872117996216 0.09647823125123978 0.30393385887146
4855 3.197899341583252 0.09514713287353516 0.3054920136928558
4856 3.225989580154419 0.09414808452129364 0.3069698214530945
4857 3.253075361251831 0.09350993484258652 0.3083608746528625
4858 3.279091358184814 0.09302057325839996 0.309698224067688
4859 3.303974866867065 0.09277660399675369 0.31096151471138
4860 3.32766580581665 0.09300873428583145 0.3121128082275391
4861 3.350107431411743 0.09386423230171204 0.3131278455257416
4862 3.371245384216309 0.09462738782167435 0.3141093254089355
4863 3.391028881072998 0.09532441198825836 0.3150471746921539
4864 3.409410238265991 0.09595329314470291 0.315935879945755
4865 3.426344871520996 0.09651395678520203 0.3167698979377747
4866 3.441792488098145 0.09700667858123779 0.3175439536571503
4867 3.455715656280518 0.09743184596300125 0.3182530999183655
4868 3.468080997467041 0.09779123216867447 0.3188925385475159
4869 3.478858232498169 0.09809431433677673 0.3194566965103149
4870 3.488022089004517 0.09834836423397064 0.3199407458305359
4871 3.49554967880249 0.09855422377586365 0.3203414380550385
4872 3.501423597335815 0.09870894253253937 0.3206566572189331
4873 3.505629301071167 0.0988062247633934 0.3208854496479034
4874 3.508157014846802 0.09884998947381973 0.3210258781909943
4875 3.509000062942505 0.09886028617620468 0.3210735619068146
4876 2.109843254089355 0.2366698384284973 0.2301400005817413
4877 2.109000205993652 0.2367719113826752 0.2300851345062256
4878 2.112370729446411 0.236374244093895 0.2302988469600677
4879 2.116576433181763 0.2359061986207962 0.230550229549408
4880 2.122450351715088 0.2354367822408676 0.2308026850223541
4881 2.129978179931641 0.2345390915870667 0.2312840223312378
4882 2.139141798019409 0.2331579327583313 0.2320211231708527
4883 2.149919271469116 0.2314722537994385 0.2329162061214447
4884 2.162284374237061 0.229403629899025 0.2340071797370911
4885 2.176207542419434 0.2270454168319702 0.2352419197559357
4886 2.191655158996582 0.2248116135597229 0.2364086806774139
4887 2.208590030670166 0.2225620001554489 0.2375823557376862
4888 2.226971387863159 0.2195345461368561 0.2391403913497925
4889 2.246754884719849 0.2164309322834015 0.2407299280166626
4890 2.267892837524414 0.2130435407161713 0.2424515187740326
4891 2.290334224700928 0.2100301086902618 0.2439953982830048
4892 2.314025402069092 0.2059882283210754 0.2460179626941681
4893 2.338908910751343 0.2023113965988159 0.2478707432746887
4894 2.364924907684326 0.1985663175582886 0.2497587502002716
4895 2.392010688781738 0.1941044926643372 0.2519640922546387
4896 2.420100927352905 0.1898642331361771 0.2540758550167084
4897 2.449128150939941 0.1854805797338486 0.2562548220157623
4898 2.479022264480591 0.1805166751146317 0.2586756944656372
4899 2.509711503982544 0.1764582246541977 0.2607448399066925
4900 2.5411217212677 0.1716216504573822 0.2631330490112305
4901 2.573177099227905 0.1674059480428696 0.2653010785579681
4902 2.605800867080688 0.1626183539628983 0.2677000761032104
4903 2.638913869857788 0.1581716239452362 0.2699937522411346
4904 2.672436952590942 0.1539229452610016 0.272241473197937
4905 2.706288814544678 0.1496703624725342 0.2745157480239868
4906 2.740388154983521 0.1454811692237854 0.2767937481403351
4907 2.774652719497681 0.1411417871713638 0.2791422307491302
4908 2.809000015258789 0.1374461650848389 0.28131303191185
4909 2.843347549438477 0.1333633810281754 0.2836241126060486
4910 2.877612113952637 0.130398765206337 0.2856307029724121
4911 2.911711454391479 0.1270530074834824 0.2877726256847382
4912 2.945563316345215 0.1241227611899376 0.2898199558258057
4913 2.97908616065979 0.1212346404790878 0.2918742299079895
4914 3.012199401855469 0.1189282014966011 0.2937929332256317
4915 3.044822931289673 0.1166753470897675 0.2957119941711426
4916 3.076878547668457 0.1144464686512947 0.2976317703723907
4917 3.108288764953613 0.1131557747721672 0.2993336319923401
4918 3.138977766036987 0.1114611476659775 0.3011299669742584
4919 3.168872117996216 0.109896332025528 0.3028872013092041
4920 3.197899341583252 0.108555369079113 0.3045793175697327
4921 3.225989580154419 0.1075644716620445 0.3061768710613251
4922 3.253075361251831 0.1069546192884445 0.3076725900173187
4923 3.279091358184814 0.106499157845974 0.3091073930263519
4924 3.303974866867065 0.1063014045357704 0.3104571998119354
4925 3.32766580581665 0.1066085174679756 0.3116758763790131
4926 3.350107431411743 0.1075784265995026 0.3127339482307434
4927 3.371245384216309 0.1084451451897621 0.3137589991092682
4928 3.391028881072998 0.1092369705438614 0.3147395849227905
4929 3.409410238265991 0.1099514365196228 0.3156699240207672
4930 3.426344871520996 0.1105885952711105 0.3165440559387207
4931 3.441792488098145 0.111148938536644 0.3173562586307526
4932 3.455715656280518 0.1116330996155739 0.3181011974811554
4933 3.468080997467041 0.112043134868145 0.3187737166881561
4934 3.478858232498169 0.1123893335461617 0.3193674981594086
4935 3.488022089004517 0.1126796379685402 0.3198771774768829
4936 3.49554967880249 0.1129150167107582 0.3202992081642151
4937 3.501423597335815 0.1130921617150307 0.3206314742565155
4938 3.505629301071167 0.1132041737437248 0.3208731114864349
4939 3.508157014846802 0.1132553815841675 0.3210219442844391
4940 3.509000062942505 0.1132677718997002 0.3210726380348206
4941 2.109843254089355 0.2549614310264587 0.2198100984096527
4942 2.109000205993652 0.2550659477710724 0.2197481095790863
4943 2.112370729446411 0.2546587288379669 0.2199895083904266
4944 2.116576433181763 0.2541793882846832 0.220273494720459
4945 2.122450351715088 0.2536943256855011 0.2205611765384674
4946 2.129978179931641 0.2527649402618408 0.2211107313632965
4947 2.139141798019409 0.2513339221477509 0.2219527959823608
4948 2.149919271469116 0.249589279294014 0.2229740619659424
4949 2.162284374237061 0.2474513798952103 0.2242167890071869
4950 2.176207542419434 0.2450136840343475 0.2256232798099518
4951 2.191655158996582 0.242708832025528 0.2269493937492371
4952 2.208590030670166 0.2403885871171951 0.2282823026180267
4953 2.226971387863159 0.2372590601444244 0.2300556302070618
4954 2.246754884719849 0.2340409010648727 0.2318693101406097
4955 2.267892837524414 0.230529323220253 0.2338325083255768
4956 2.290334224700928 0.2274156808853149 0.235586017370224
4957 2.314025402069092 0.2232324182987213 0.2378875613212585
4958 2.338908910751343 0.2194347083568573 0.2399901449680328
4959 2.364924907684326 0.2155524343252182 0.2421383857727051
4960 2.392010688781738 0.2109283804893494 0.2446474134922028
4961 2.420100927352905 0.2065416127443314 0.2470441162586212
4962 2.449128150939941 0.2020094990730286 0.2495145201683044
4963 2.479022264480591 0.196869894862175 0.2522628009319305
4964 2.509711503982544 0.1926627904176712 0.2546089291572571
4965 2.5411217212677 0.1876554489135742 0.25731560587883
4966 2.573177099227905 0.1833052486181259 0.2597621381282806
4967 2.605800867080688 0.1783476024866104 0.2624772787094116
4968 2.638913869857788 0.1737431436777115 0.2650692462921143
4969 2.672436952590942 0.1693577915430069 0.2676005661487579
4970 2.706288814544678 0.1649737954139709 0.2701579630374908
4971 2.740388154983521 0.1606406420469284 0.2727226316928864
4972 2.774652719497681 0.1561623215675354 0.2753620743751526
4973 2.809000015258789 0.1523652523756027 0.2777897119522095
4974 2.843347549438477 0.1481608748435974 0.2803787589073181
4975 2.877612113952637 0.1451197415590286 0.2826128005981445
4976 2.911711454391479 0.1416897922754288 0.284998744726181
4977 2.945563316345215 0.1386994272470474 0.2872706055641174
4978 2.97908616065979 0.1357432007789612 0.2895514369010925
4979 3.012199401855469 0.1334031075239182 0.2916696071624756
4980 3.044822931289673 0.1311230659484863 0.2937854528427124
4981 3.076878547668457 0.1288678497076035 0.2959011197090149
4982 3.108288764953613 0.1275936961174011 0.2977602183818817
4983 3.138977766036987 0.1259050816297531 0.2997278571128845
4984 3.168872117996216 0.1243602707982063 0.3016480803489685
4985 3.197899341583252 0.1230465099215508 0.3034935295581818
4986 3.225989580154419 0.1220967993140221 0.3052295446395874
4987 3.253075361251831 0.1215439960360527 0.3068476021289825
4988 3.279091358184814 0.1211486905813217 0.3083971738815308
4989 3.303974866867065 0.1210200935602188 0.309849888086319
4990 3.32766580581665 0.1214198842644691 0.3111502826213837
4991 3.350107431411743 0.122515469789505 0.3122629225254059
4992 3.371245384216309 0.1234965026378632 0.3133430182933807
4993 3.391028881072998 0.1243932023644447 0.3143775463104248
4994 3.409410238265991 0.125202551484108 0.3153603672981262
4995 3.426344871520996 0.1259247213602066 0.3162849843502045
4996 3.441792488098145 0.1265604496002197 0.3171451687812805
4997 3.455715656280518 0.1271106451749802 0.3179350793361664
4998 3.468080997467041 0.1275776475667953 0.318649023771286
4999 3.478858232498169 0.1279725134372711 0.3192799091339111
5000 3.488022089004517 0.1283038109540939 0.3198216557502747
5001 3.49554967880249 0.1285726130008698 0.320270448923111
5002 3.501423597335815 0.1287752389907837 0.3206239938735962
5003 3.505629301071167 0.1289041936397552 0.3208816647529602
5004 3.508157014846802 0.1289642155170441 0.3210409283638
5005 3.509000062942505 0.1289791464805603 0.3210953176021576
5006 2.109843254089355 0.2725422382354736 0.2088905870914459
5007 2.109000205993652 0.272647887468338 0.2088218629360199
5008 2.112370729446411 0.2722363173961639 0.2090894877910614
5009 2.116576433181763 0.2717518508434296 0.2094042897224426
5010 2.122450351715088 0.2712566256523132 0.2097264528274536
5011 2.129978179931641 0.2703056633472443 0.210343211889267
5012 2.139141798019409 0.2688402831554413 0.2112889587879181
5013 2.149919271469116 0.2670559585094452 0.2124344706535339
5014 2.162284374237061 0.2648730874061584 0.2138260900974274
5015 2.176207542419434 0.2623837292194366 0.215401291847229
5016 2.191655158996582 0.2600351274013519 0.2168833911418915
5017 2.208590030670166 0.2576721906661987 0.2183723449707031
5018 2.226971387863159 0.2544769942760468 0.22035813331604
5019 2.246754884719849 0.2511802315711975 0.222395658493042
5020 2.267892837524414 0.2475841194391251 0.2246004045009613
5021 2.290334224700928 0.2444079518318176 0.2265625
5022 2.314025402069092 0.2401325106620789 0.2291424572467804
5023 2.338908910751343 0.2362607717514038 0.2314942181110382
5024 2.364924907684326 0.2322869151830673 0.2339057624340057
5025 2.392010688781738 0.2275552898645401 0.2367216944694519
5026 2.420100927352905 0.2230761051177979 0.2394064962863922
5027 2.449128150939941 0.2184525430202484 0.2421720027923584
5028 2.479022264480591 0.2132005542516708 0.2452534139156342
5029 2.509711503982544 0.2088968753814697 0.2478854060173035
5030 2.5411217212677 0.2037818729877472 0.2509191036224365
5031 2.573177099227905 0.1993560791015625 0.2536523640155792
5032 2.605800867080688 0.1942919343709946 0.2566953897476196
5033 2.638913869857788 0.1895897686481476 0.2595990598201752
5034 2.672436952590942 0.1851285845041275 0.2624268233776093
5035 2.706288814544678 0.1806757301092148 0.2652807831764221
5036 2.740388154983521 0.1762579381465912 0.2681492865085602
5037 2.774652719497681 0.17170450091362 0.2710966169834137
5038 2.809000015258789 0.167865127325058 0.2737975120544434
5039 2.843347549438477 0.163602352142334 0.2766830921173096
5040 2.877612113952637 0.1605352610349655 0.2791638374328613
5041 2.911711454391479 0.1570780426263809 0.2818132638931274
5042 2.945563316345215 0.1540814787149429 0.2843288779258728
5043 2.97908616065979 0.1511088758707047 0.2868577539920807
5044 3.012199401855469 0.1487825363874435 0.2891957461833954
5045 3.044822931289673 0.1465231627225876 0.2915288209915161
5046 3.076878547668457 0.1442893743515015 0.293861448764801
5047 3.108288764953613 0.1430695354938507 0.2958976924419403
5048 3.138977766036987 0.1414308249950409 0.2980566322803497
5049 3.168872117996216 0.1399502903223038 0.3001588582992554
5050 3.197899341583252 0.1387049555778503 0.3021767735481262
5051 3.225989580154419 0.1378334313631058 0.3040699064731598
5052 3.253075361251831 0.1373701244592667 0.3058281242847443
5053 3.279091358184814 0.1370648145675659 0.3075101375579834
5054 3.303974866867065 0.1370316445827484 0.3090826570987701
5055 3.32766580581665 0.1375447511672974 0.3104797601699829
5056 3.350107431411743 0.1387797147035599 0.311659187078476
5057 3.371245384216309 0.139888197183609 0.3128065466880798
5058 3.391028881072998 0.140902116894722 0.3139069676399231
5059 3.409410238265991 0.1418177783489227 0.3149538636207581
5060 3.426344871520996 0.1426355093717575 0.3159401416778564
5061 3.441792488098145 0.1433562636375427 0.3168588876724243
5062 3.455715656280518 0.1439812928438187 0.3177036046981812
5063 3.468080997467041 0.1445131450891495 0.3184680044651031
5064 3.478858232498169 0.1449636220932007 0.3191440403461456
5065 3.488022089004517 0.1453418135643005 0.3197248578071594
5066 3.49554967880249 0.1456489264965057 0.3202061355113983
5067 3.501423597335815 0.1458808779716492 0.3205855786800385
5068 3.505629301071167 0.146029531955719 0.3208627104759216
5069 3.508157014846802 0.1461001038551331 0.3210345506668091
5070 3.509000062942505 0.1461181789636612 0.3210934102535248
5071 2.109843254089355 0.289399117231369 0.1974354088306427
5072 2.109000205993652 0.2895045578479767 0.1973605453968048
5073 2.112370729446411 0.2890937328338623 0.1976521909236908
5074 2.116576433181763 0.2886101007461548 0.1979953050613403
5075 2.122450351715088 0.2881101071834564 0.1983505487442017
5076 2.129978179931641 0.287147581577301 0.1990323066711426
5077 2.139141798019409 0.2856631278991699 0.2000786364078522
5078 2.149919271469116 0.2838581800460815 0.2013443112373352
5079 2.162284374237061 0.281654417514801 0.2028791010379791
5080 2.176207542419434 0.2791409492492676 0.204616904258728
5081 2.191655158996582 0.2767757177352905 0.2062486708164215
5082 2.208590030670166 0.2743979394435883 0.207887589931488
5083 2.226971387863159 0.271173506975174 0.2100792527198792
5084 2.246754884719849 0.2678343653678894 0.2123368382453918
5085 2.267892837524414 0.2641937732696533 0.2147791981697083
5086 2.290334224700928 0.2609931826591492 0.2169454395771027
5087 2.314025402069092 0.2566754817962646 0.2197988033294678
5088 2.338908910751343 0.2527773678302765 0.222395122051239
5089 2.364924907684326 0.2487587928771973 0.2250694632530212
5090 2.392010688781738 0.2439757436513901 0.2281911671161652
5091 2.420100927352905 0.239459902048111 0.2311632633209229
5092 2.449128150939941 0.2348037362098694 0.2342236340045929
5093 2.479022264480591 0.2295049726963043 0.237639456987381
5094 2.509711503982544 0.2251593619585037 0.2405634522438049
5095 2.5411217212677 0.220002681016922 0.2439290583133698
5096 2.573177099227905 0.2155631482601166 0.2469541728496552
5097 2.605800867080688 0.2104595452547073 0.2503338158130646
5098 2.638913869857788 0.205723375082016 0.2535603046417236
5099 2.672436952590942 0.2012510895729065 0.256695032119751
5100 2.706288814544678 0.1967959851026535 0.2598568797111511
5101 2.740388154983521 0.1923573613166809 0.2630451023578644
5102 2.774652719497681 0.1877972632646561 0.2663156688213348
5103 2.809000015258789 0.1839793771505356 0.2693052291870117
5104 2.843347549438477 0.1797264665365219 0.2725048661231995
5105 2.877612113952637 0.1766889244318008 0.2752518653869629
5106 2.911711454391479 0.1732665747404099 0.2781841456890106
5107 2.945563316345215 0.1703229397535324 0.2809630930423737
5108 2.97908616065979 0.1673911511898041 0.2837622463703156
5109 3.012199401855469 0.1651312261819839 0.2863415777683258
5110 3.044822931289673 0.1629457771778107 0.2889135777950287
5111 3.076878547668457 0.1607866138219833 0.2914855778217316
5112 3.108288764953613 0.1596640050411224 0.2937210202217102
5113 3.138977766036987 0.1581244319677353 0.2960928678512573
5114 3.168872117996216 0.1567576825618744 0.2983977496623993
5115 3.197899341583252 0.1556272059679031 0.3006091117858887
5116 3.225989580154419 0.1548758894205093 0.3026801347732544
5117 3.253075361251831 0.1545393615961075 0.3045987486839294
5118 3.279091358184814 0.1543585509061813 0.3064332902431488
5119 3.303974866867065 0.1544515490531921 0.3081450760364532
5120 3.32766580581665 0.1551026850938797 0.3096566200256348
5121 3.350107431411743 0.1564943194389343 0.3109179437160492
5122 3.371245384216309 0.1577468514442444 0.3121476173400879
5123 3.391028881072998 0.1588936299085617 0.3133285939693451
5124 3.409410238265991 0.1599302291870117 0.3144537806510925
5125 3.426344871520996 0.1608570069074631 0.3155153393745422
5126 3.441792488098145 0.1616752147674561 0.3165055513381958
5127 3.455715656280518 0.1623863875865936 0.3174171149730682
5128 3.468080997467041 0.1629932969808578 0.3182429373264313
5129 3.478858232498169 0.1635083258152008 0.3189738690853119
5130 3.488022089004517 0.1639411002397537 0.3196021616458893
5131 3.49554967880249 0.1642928421497345 0.3201229870319366
5132 3.501423597335815 0.164559081196785 0.3205338716506958
5133 3.505629301071167 0.1647310703992844 0.3208345472812653
5134 3.508157014846802 0.1648143976926804 0.3210216164588928
5135 3.509000062942505 0.1648363620042801 0.3210858702659607
5136 2.109843254089355 0.305525928735733 0.1854952871799469
5137 2.109000205993652 0.3056299686431885 0.1854149699211121
5138 2.112370729446411 0.3052246868610382 0.1857278943061829
5139 2.116576433181763 0.3047476410865784 0.1860961318016052
5140 2.122450351715088 0.3042480647563934 0.1864824295043945
5141 2.129978179931641 0.30328369140625 0.187225878238678
5142 2.139141798019409 0.3017950654029846 0.188368022441864
5143 2.149919271469116 0.2999881207942963 0.1897476315498352
5144 2.162284374237061 0.2977869212627411 0.1914173662662506
5145 2.176207542419434 0.2952762842178345 0.1933087110519409
5146 2.191655158996582 0.2929210066795349 0.1950809955596924
5147 2.208590030670166 0.2905557453632355 0.1968609988689423
5148 2.226971387863159 0.2873380780220032 0.1992483735084534
5149 2.246754884719849 0.2839926183223724 0.201718807220459
5150 2.267892837524414 0.2803476452827454 0.2043912708759308
5151 2.290334224700928 0.2771608829498291 0.2067538797855377
5152 2.314025402069092 0.2728509604930878 0.2098712921142578
5153 2.338908910751343 0.2689745426177979 0.2127035856246948
5154 2.364924907684326 0.2649589478969574 0.2156367003917694
5155 2.392010688781738 0.2601816356182098 0.2190588712692261
5156 2.420100927352905 0.2556860744953156 0.2223134934902191
5157 2.449128150939941 0.2510576546192169 0.2256643772125244
5158 2.479022264480591 0.2457795739173889 0.2294116318225861
5159 2.509711503982544 0.2414489984512329 0.2326307594776154
5160 2.5411217212677 0.2363191545009613 0.2363293766975403
5161 2.573177099227905 0.2319304496049881 0.2396483719348907
5162 2.605800867080688 0.2268576771020889 0.2433700859546661
5163 2.638913869857788 0.2221548557281494 0.2469279170036316
5164 2.672436952590942 0.217739924788475 0.250377744436264
5165 2.706288814544678 0.2133532166481018 0.2538563907146454
5166 2.740388154983521 0.2089621275663376 0.2573784291744232
5167 2.774652719497681 0.2044685930013657 0.2609857022762299
5168 2.809000015258789 0.200740858912468 0.2642780840396881
5169 2.843347549438477 0.1965712755918503 0.2678079307079315
5170 2.877612113952637 0.1936241388320923 0.2708406448364258
5171 2.911711454391479 0.1903043836355209 0.2740747332572937
5172 2.945563316345215 0.1874784380197525 0.2771365344524384
5173 2.97908616065979 0.1846505552530289 0.2802286446094513
5174 3.012199401855469 0.1825156360864639 0.2830716967582703
5175 3.044822931289673 0.1804633289575577 0.2859051823616028
5176 3.076878547668457 0.1784381121397018 0.2887399792671204
5177 3.108288764953613 0.1774616092443466 0.2911984622478485
5178 3.138977766036987 0.1760764122009277 0.2938062250614166
5179 3.168872117996216 0.1748789250850677 0.2963356375694275
5180 3.197899341583252 0.1739156693220139 0.2987629473209381
5181 3.225989580154419 0.1733323782682419 0.3010344505310059
5182 3.253075361251831 0.1731655299663544 0.3031358122825623
5183 3.279091358184814 0.1731492578983307 0.305145263671875
5184 3.303974866867065 0.1734044700860977 0.3070182204246521
5185 3.32766580581665 0.1742233335971832 0.3086645603179932
5186 3.350107431411743 0.175793394446373 0.3100257515907288
5187 3.371245384216309 0.1772109121084213 0.3113555610179901
5188 3.391028881072998 0.1785103678703308 0.3126344382762909
5189 3.409410238265991 0.1796864569187164 0.3138547837734222
5190 3.426344871520996 0.1807395666837692 0.315007746219635
5191 3.441792488098145 0.1816711127758026 0.3160845935344696
5192 3.455715656280518 0.1824829280376434 0.317077100276947
5193 3.468080997467041 0.1831779628992081 0.317977249622345
5194 3.478858232498169 0.1837690621614456 0.3187746107578278
5195 3.488022089004517 0.1842662543058395 0.3194602727890015
5196 3.49554967880249 0.1846707761287689 0.3200288414955139
5197 3.501423597335815 0.184977725148201 0.3204777240753174
5198 3.505629301071167 0.1851776838302612 0.3208068013191223
5199 3.508157014846802 0.1852766275405884 0.3210121095180511
5200 3.509000062942505 0.1853034794330597 0.3210828006267548
5201 2.109843254089355 0.3209230601787567 0.1731167733669281
5202 2.109000205993652 0.321024477481842 0.1730318367481232
5203 2.112370729446411 0.3206293284893036 0.1733627021312714
5204 2.116576433181763 0.3201641738414764 0.1737522184848785
5205 2.122450351715088 0.3196699917316437 0.1741670668125153
5206 2.129978179931641 0.3187131583690643 0.174967885017395
5207 2.139141798019409 0.3172346949577332 0.1761994957923889
5208 2.149919271469116 0.3154436349868774 0.1776849627494812
5209 2.162284374237061 0.3132675290107727 0.1794789433479309
5210 2.176207542419434 0.3107857704162598 0.1815120875835419
5211 2.191655158996582 0.3084661662578583 0.183413177728653
5212 2.208590030670166 0.3061400651931763 0.1853228509426117
5213 2.226971387863159 0.3029642999172211 0.1878923773765564
5214 2.246754884719849 0.2996481955051422 0.1905653178691864
5215 2.267892837524414 0.2960385382175446 0.1934569776058197
5216 2.290334224700928 0.2929035425186157 0.1960050761699677
5217 2.314025402069092 0.2886512279510498 0.1993730664253235
5218 2.338908910751343 0.2848444879055023 0.2024291455745697
5219 2.364924907684326 0.2808801531791687 0.2056136429309845
5220 2.392010688781738 0.2761663794517517 0.2093268632888794
5221 2.420100927352905 0.271748960018158 0.2128554284572601
5222 2.449128150939941 0.2672097682952881 0.2164886295795441
5223 2.479022264480591 0.2620213031768799 0.2205600142478943
5224 2.509711503982544 0.2577650249004364 0.2240745425224304
5225 2.5411217212677 0.2527328431606293 0.2281035780906677
5226 2.573177099227905 0.2484621703624725 0.2317153811454773
5227 2.605800867080688 0.2434937208890915 0.2357814610004425
5228 2.638913869857788 0.2388952821493149 0.2396765053272247
5229 2.672436952590942 0.2346100360155106 0.2434470355510712
5230 2.706288814544678 0.2303664982318878 0.247249037027359
5231 2.740388154983521 0.2260962128639221 0.2511172890663147
5232 2.774652719497681 0.2217474728822708 0.2550728023052216
5233 2.809000015258789 0.2181837409734726 0.2586807012557983
5234 2.843347549438477 0.2141766399145126 0.2625555098056793
5235 2.877612113952637 0.2113867849111557 0.2658933401107788
5236 2.911711454391479 0.2082435190677643 0.2694477438926697
5237 2.945563316345215 0.2056063413619995 0.2728118300437927
5238 2.97908616065979 0.2029522508382797 0.2762198746204376
5239 3.012199401855469 0.2010076940059662 0.2793498337268829
5240 3.044822931289673 0.1991546452045441 0.2824682295322418
5241 3.076878547668457 0.1973297595977783 0.2855902016162872
5242 3.108288764953613 0.1965552270412445 0.2882974743843079
5243 3.138977766036987 0.1953867226839066 0.2911655008792877
5244 3.168872117996216 0.1944209337234497 0.2939426302909851
5245 3.197899341583252 0.1936841905117035 0.2966099381446838
5246 3.225989580154419 0.1933236718177795 0.2991063892841339
5247 3.253075361251831 0.1933761686086655 0.301414966583252
5248 3.279091358184814 0.1935711354017258 0.3036240339279175
5249 3.303974866867065 0.1940311193466187 0.3056826293468475
5250 3.32766580581665 0.1950535476207733 0.3074869513511658
5251 3.350107431411743 0.1968294978141785 0.3089691400527954
5252 3.371245384216309 0.1984384655952454 0.3104199469089508
5253 3.391028881072998 0.199915736913681 0.3118170499801636
5254 3.409410238265991 0.2012549191713333 0.3131521940231323
5255 3.426344871520996 0.2024563401937485 0.3144153356552124
5256 3.441792488098145 0.2035215646028519 0.3155965805053711
5257 3.455715656280518 0.2044526040554047 0.3166864514350891
5258 3.468080997467041 0.2052525132894516 0.317675918340683
5259 3.478858232498169 0.2059344351291656 0.3185529708862305
5260 3.488022089004517 0.2065086662769318 0.3193075060844421
5261 3.49554967880249 0.2069764286279678 0.3199334144592285
5262 3.501423597335815 0.2073322832584381 0.3204278349876404
5263 3.505629301071167 0.2075661867856979 0.3207908868789673
5264 3.508157014846802 0.2076844424009323 0.3210179507732391
5265 3.509000062942505 0.2077174484729767 0.321096271276474
5266 2.109843254089355 0.33559650182724 0.16034135222435
5267 2.109000205993652 0.335694283246994 0.1602527797222137
5268 2.112370729446411 0.3353133797645569 0.1605978608131409
5269 2.116576433181763 0.3348650932312012 0.1610042452812195
5270 2.122450351715088 0.3343809545040131 0.1614445745944977
5271 2.129978179931641 0.3334404826164246 0.1622974872589111
5272 2.139141798019409 0.3319858014583588 0.1636108756065369
5273 2.149919271469116 0.3302276432514191 0.1651923358440399
5274 2.162284374237061 0.3280980288982391 0.1670977175235748
5275 2.176207542419434 0.3256699740886688 0.1692585051059723
5276 2.191655158996582 0.3234106302261353 0.171274334192276
5277 2.208590030670166 0.3211492598056793 0.1732998490333557
5278 2.226971387863159 0.3180493116378784 0.1760348975658417
5279 2.246754884719849 0.3147974610328674 0.1788969933986664
5280 2.267892837524414 0.3112620413303375 0.1819936037063599
5281 2.290334224700928 0.3082162439823151 0.1847133934497833
5282 2.314025402069092 0.3040706217288971 0.1883145272731781
5283 2.338908910751343 0.3003811836242676 0.1915784776210785
5284 2.364924907684326 0.2965166568756104 0.1950035393238068
5285 2.392010688781738 0.2919244468212128 0.1989943385124207
5286 2.420100927352905 0.2876434922218323 0.2027842700481415
5287 2.449128150939941 0.2832557559013367 0.2066875398159027
5288 2.479022264480591 0.278226912021637 0.2110713422298431
5289 2.509711503982544 0.2741062939167023 0.2148782908916473
5290 2.5411217212677 0.2692446410655975 0.2192310094833374
5291 2.573177099227905 0.265161544084549 0.2231308817863464
5292 2.605800867080688 0.2603738903999329 0.2275397777557373
5293 2.638913869857788 0.2559544444084167 0.2317746579647064
5294 2.672436952590942 0.2518749833106995 0.2358682751655579
5295 2.706288814544678 0.247853547334671 0.2399969398975372
5296 2.740388154983521 0.2437822222709656 0.2442211210727692
5297 2.774652719497681 0.2396616041660309 0.2485333979129791
5298 2.809000015258789 0.236341118812561 0.2524671852588654
5299 2.843347549438477 0.2325814515352249 0.2566990554332733
5300 2.877612113952637 0.2300221920013428 0.2603601813316345
5301 2.911711454391479 0.2271358221769333 0.2642515599727631
5302 2.945563316345215 0.2247653156518936 0.2679360210895538
5303 2.97908616065979 0.2223621904850006 0.27168208360672
5304 3.012199401855469 0.2206807434558868 0.2751215696334839
5305 3.044822931289673 0.21910060942173 0.2785478234291077
5306 3.076878547668457 0.2175501435995102 0.2819810211658478
5307 3.108288764953613 0.2170413583517075 0.2849633991718292
5308 3.138977766036987 0.2161595970392227 0.2881159782409668
5309 3.168872117996216 0.2154955416917801 0.291163831949234
5310 3.197899341583252 0.2150523662567139 0.2940953373908997
5311 3.225989580154419 0.2149770706892014 0.2968417704105377
5312 3.253075361251831 0.2153062075376511 0.2993829846382141
5313 3.279091358184814 0.2157666981220245 0.3018174767494202
5314 3.303974866867065 0.2164814323186874 0.3040874898433685
5315 3.32766580581665 0.2177503854036331 0.3060746192932129
5316 3.350107431411743 0.21976637840271 0.3077010810375214
5317 3.371245384216309 0.2215997725725174 0.3092958927154541
5318 3.391028881072998 0.2232862263917923 0.3108335733413696
5319 3.409410238265991 0.2248180508613586 0.3123051226139069
5320 3.426344871520996 0.2261954098939896 0.3136991560459137
5321 3.441792488098145 0.227419838309288 0.315004289150238
5322 3.455715656280518 0.2284934669733047 0.3162096440792084
5323 3.468080997467041 0.2294193059206009 0.3173048794269562
5324 3.478858232498169 0.230210617184639 0.3182763159275055
5325 3.488022089004517 0.2308778315782547 0.3191123604774475
5326 3.49554967880249 0.2314220070838928 0.3198060393333435
5327 3.501423597335815 0.231837123632431 0.3203543424606323
5328 3.505629301071167 0.2321124821901321 0.3207574784755707
5329 3.508157014846802 0.232254683971405 0.3210101127624512
5330 3.509000062942505 0.2322954088449478 0.3210974037647247
5331 2.109843254089355 0.3495572805404663 0.1472048908472061
5332 2.109000205993652 0.3496504127979279 0.1471137553453445
5333 2.112370729446411 0.3492875397205353 0.1474688947200775
5334 2.116576433181763 0.3488605618476868 0.1478872746229172
5335 2.122450351715088 0.3483908176422119 0.1483496278524399
5336 2.129978179931641 0.3474749028682709 0.1492485702037811
5337 2.139141798019409 0.3460567891597748 0.1506347954273224
5338 2.149919271469116 0.3443474173545837 0.1523008942604065
5339 2.162284374237061 0.3422843813896179 0.1543030142784119
5340 2.176207542419434 0.3399333357810974 0.1565751135349274
5341 2.191655158996582 0.3377575278282166 0.1586895883083344
5342 2.208590030670166 0.3355852365493774 0.1608150899410248
5343 2.226971387863159 0.3325935900211334 0.1636963486671448
5344 2.246754884719849 0.3294398784637451 0.166731595993042
5345 2.267892837524414 0.3260167837142944 0.1700161099433899
5346 2.290334224700928 0.3230968713760376 0.1728911697864532
5347 2.314025402069092 0.3191060423851013 0.1767045259475708
5348 2.338908910751343 0.3155809044837952 0.180157333612442
5349 2.364924907684326 0.3118649423122406 0.1838092505931854
5350 2.392010688781738 0.3074524104595184 0.1880604922771454
5351 2.420100927352905 0.3033667802810669 0.1920959055423737
5352 2.449128150939941 0.2991934716701508 0.1962534487247467
5353 2.479022264480591 0.2943953573703766 0.2009339928627014
5354 2.509711503982544 0.2904740869998932 0.2050276398658752
5355 2.5411217212677 0.2858580052852631 0.2096937298774719
5356 2.573177099227905 0.2820347547531128 0.2138740122318268
5357 2.605800867080688 0.2775077521800995 0.2186209261417389
5358 2.638913869857788 0.2733460664749146 0.2231955528259277
5359 2.672436952590942 0.2695529162883759 0.2276120185852051
5360 2.706288814544678 0.2658372223377228 0.2320680916309357
5361 2.740388154983521 0.2620488703250885 0.2366558313369751
5362 2.774652719497681 0.2582456767559052 0.241331160068512
5363 2.809000015258789 0.2552540898323059 0.2455994784832001
5364 2.843347549438477 0.2518337070941925 0.2501986622810364
5365 2.877612113952637 0.2495861947536469 0.2542006969451904
5366 2.911711454391479 0.247045025229454 0.2584448158740997
5367 2.945563316345215 0.2450272589921951 0.2624671757221222
5368 2.97908616065979 0.2429611831903458 0.2665731608867645
5369 3.012199401855469 0.2416247576475143 0.270345151424408
5370 3.044822931289673 0.2404004335403442 0.2741025984287262
5371 3.076878547668457 0.239207997918129 0.2778714597225189
5372 3.108288764953613 0.2390386015176773 0.2811567485332489
5373 3.138977766036987 0.2385233193635941 0.2846191227436066
5374 3.168872117996216 0.2382405996322632 0.2879615426063538
5375 3.197899341583252 0.2381676733493805 0.2911824882030487
5376 3.225989580154419 0.2384497076272964 0.2942053377628326
5377 3.253075361251831 0.2391224950551987 0.2970063984394073
5378 3.279091358184814 0.2399123907089233 0.2996941804885864
5379 3.303974866867065 0.2409413009881973 0.3022036254405975
5380 3.32766580581665 0.2425089478492737 0.3044012188911438
5381 3.350107431411743 0.2448079437017441 0.306198388338089
5382 3.371245384216309 0.2469072341918945 0.3079632222652435
5383 3.391028881072998 0.2488424032926559 0.3096668422222137
5384 3.409410238265991 0.2506042122840881 0.3112993240356445
5385 3.426344871520996 0.2521924078464508 0.3128476142883301
5386 3.441792488098145 0.2536084055900574 0.3142986595630646
5387 3.455715656280518 0.2548542320728302 0.3156399130821228
5388 3.468080997467041 0.2559326887130737 0.3168594539165497
5389 3.478858232498169 0.2568569779396057 0.3179417252540588
5390 3.488022089004517 0.2576373219490051 0.3188734948635101
5391 3.49554967880249 0.2582746148109436 0.319646805524826
5392 3.501423597335815 0.2587621510028839 0.3202582895755768
5393 3.505629301071167 0.259088546037674 0.3207083642482758
5394 3.508157014846802 0.2592605650424957 0.3209908604621887
5395 3.509000062942505 0.2593109905719757 0.321088582277298
5396 2.109843254089355 0.3628202974796295 0.1337370276451111
5397 2.109000205993652 0.3629079759120941 0.1336444765329361
5398 2.112370729446411 0.3625663816928864 0.1340051889419556
5399 2.116576433181763 0.3621646165847778 0.1344303488731384
5400 2.122450351715088 0.3617132306098938 0.1349108964204788
5401 2.129978179931641 0.3608295023441315 0.1358491629362106
5402 2.139141798019409 0.3594596982002258 0.1372982114553452
5403 2.149919271469116 0.3578138947486877 0.1390363872051239
5404 2.162284374237061 0.3558359742164612 0.1411189436912537
5405 2.176207542419434 0.3535836935043335 0.1434842795133591
5406 2.191655158996582 0.3515131175518036 0.1456795483827591
5407 2.208590030670166 0.3494529128074646 0.1478875130414963
5408 2.226971387863159 0.3466004431247711 0.1508933901786804
5409 2.246754884719849 0.3435776233673096 0.1540834903717041
5410 2.267892837524414 0.3403038084506989 0.1575363576412201
5411 2.290334224700928 0.3375457525253296 0.160548061132431
5412 2.314025402069092 0.3337567448616028 0.1645498275756836
5413 2.338908910751343 0.3304423391819 0.1681697368621826
5414 2.364924907684326 0.3269239068031311 0.1720321178436279
5415 2.392010688781738 0.3227493166923523 0.1765235066413879
5416 2.420100927352905 0.3189183473587036 0.1807854771614075
5417 2.449128150939941 0.3150233626365662 0.1851784586906433
5418 2.479022264480591 0.3105282783508301 0.190136581659317
5419 2.509711503982544 0.3068727254867554 0.1945086717605591
5420 2.5411217212677 0.3025798201560974 0.1994746923446655
5421 2.573177099227905 0.2990919053554535 0.2039249837398529
5422 2.605800867080688 0.2949092984199524 0.2090021967887878
5423 2.638913869857788 0.2910890579223633 0.2139139771461487
5424 2.672436952590942 0.2876678705215454 0.218650758266449
5425 2.706288814544678 0.2843473255634308 0.2234326004981995
5426 2.740388154983521 0.2809328734874725 0.228389710187912
5427 2.774652719497681 0.2775434255599976 0.2334322333335876
5428 2.809000015258789 0.2749740779399872 0.2380422055721283
5429 2.843347549438477 0.2719930112361908 0.2430171966552734
5430 2.877612113952637 0.2701478898525238 0.2473774552345276
5431 2.911711454391479 0.2680497169494629 0.2519892156124115
5432 2.945563316345215 0.2664807438850403 0.2563665509223938
5433 2.97908616065979 0.2648485898971558 0.2608543038368225
5434 3.012199401855469 0.2639501988887787 0.2649823129177094
5435 3.044822931289673 0.2631759643554688 0.269094705581665
5436 3.076878547668457 0.2624368071556091 0.2732243537902832
5437 3.108288764953613 0.2626926302909851 0.2768419981002808
5438 3.138977766036987 0.2626354396343231 0.2806403934955597
5439 3.168872117996216 0.2628253400325775 0.284302145242691
5440 3.197899341583252 0.2632112205028534 0.2878390550613403
5441 3.225989580154419 0.2639347314834595 0.2911663353443146
5442 3.253075361251831 0.2650301456451416 0.2942565381526947
5443 3.279091358184814 0.2662253081798553 0.2972276508808136
5444 3.303974866867065 0.2676396667957306 0.3000070452690125
5445 3.32766580581665 0.2695697247982025 0.3024455606937408
5446 3.350107431411743 0.2722058594226837 0.3044433891773224
5447 3.371245384216309 0.2746233940124512 0.3064077198505402
5448 3.391028881072998 0.2768571376800537 0.3083058595657349
5449 3.409410238265991 0.2788961231708527 0.3101268112659454
5450 3.426344871520996 0.2807393670082092 0.311855673789978
5451 3.441792488098145 0.282387912273407 0.3134773671627045
5452 3.455715656280518 0.2838434875011444 0.3149774074554443
5453 3.468080997467041 0.2851084172725677 0.3163420557975769
5454 3.478858232498169 0.2861954569816589 0.3175536394119263
5455 3.488022089004517 0.2871145904064178 0.3185970485210419
5456 3.49554967880249 0.2878661751747131 0.3194631636142731
5457 3.501423597335815 0.2884427905082703 0.3201482892036438
5458 3.505629301071167 0.2888322770595551 0.320652961730957
5459 3.508157014846802 0.2890415489673615 0.3209700882434845
5460 3.509000062942505 0.2891042232513428 0.3210798501968384
5461 2.109843254089355 0.3754035830497742 0.1199607774615288
5462 2.109000205993652 0.3754851222038269 0.1198680177330971
5463 2.112370729446411 0.375167578458786 0.120229609310627
5464 2.116576433181763 0.3747943639755249 0.1206560805439949
5465 2.122450351715088 0.3743648827075958 0.1211506947875023
5466 2.129978179931641 0.3735201954841614 0.1221210137009621
5467 2.139141798019409 0.3722094893455505 0.1236220821738243
5468 2.149919271469116 0.3706406950950623 0.1254186630249023
5469 2.162284374237061 0.3687648177146912 0.1275641769170761
5470 2.176207542419434 0.3666313290596008 0.1300031691789627
5471 2.191655158996582 0.364686131477356 0.1322601139545441
5472 2.208590030670166 0.3627596199512482 0.1345316469669342
5473 2.226971387863159 0.3600754141807556 0.1376386135816574
5474 2.246754884719849 0.3572151660919189 0.1409634202718735
5475 2.267892837524414 0.3541265726089478 0.1445630341768265
5476 2.290334224700928 0.3515655398368835 0.147690936923027
5477 2.314025402069092 0.3480243682861328 0.1518546640872955
5478 2.338908910751343 0.3449665009975433 0.1556176841259003
5479 2.364924907684326 0.3416950404644012 0.1596719622612
5480 2.392010688781738 0.3378170430660248 0.1643804609775543
5481 2.420100927352905 0.3343009948730469 0.1688475012779236
5482 2.449128150939941 0.3307494223117828 0.1734544038772583
5483 2.479022264480591 0.3266313076019287 0.1786678433418274
5484 2.509711503982544 0.3233113586902618 0.1833080053329468
5485 2.5411217212677 0.3194224238395691 0.1885575354099274
5486 2.573177099227905 0.3163492977619171 0.1932651698589325
5487 2.605800867080688 0.3125997185707092 0.1986623108386993
5488 2.638913869857788 0.309210479259491 0.2039064168930054
5489 2.672436952590942 0.3062534034252167 0.208958774805069
5490 2.706288814544678 0.3034243285655975 0.2140627801418304
5491 2.740388154983521 0.3004831671714783 0.219393253326416
5492 2.774652719497681 0.2976124584674835 0.2248052060604095
5493 2.809000015258789 0.2955681979656219 0.2297626137733459
5494 2.843347549438477 0.2931365668773651 0.2351203858852386
5495 2.877612113952637 0.291796088218689 0.2398558259010315
5496 2.911711454391479 0.2902503907680511 0.2448493838310242
5497 2.945563316345215 0.2892386317253113 0.2495984733104706
5498 2.97908616065979 0.2881505489349365 0.2544898092746735
5499 3.012199401855469 0.2877969443798065 0.2589977979660034
5500 3.044822931289673 0.2875811457633972 0.2634895741939545
5501 3.076878547668457 0.287404865026474 0.2680056691169739
5502 3.108288764953613 0.2881869077682495 0.2719868123531342
5503 3.138977766036987 0.2886942327022552 0.2761485874652863
5504 3.168872117996216 0.2894625961780548 0.2801554203033447
5505 3.197899341583252 0.2904106676578522 0.2840360701084137
5506 3.225989580154419 0.2916747629642487 0.2876975834369659
5507 3.253075361251831 0.2932868003845215 0.2911082208156586
5508 3.279091358184814 0.2949780523777008 0.2943949401378632
5509 3.303974866867065 0.2968639731407166 0.2974773645401001
5510 3.32766580581665 0.2992347478866577 0.3001902997493744
5511 3.350107431411743 0.3022763729095459 0.3024223744869232
5512 3.371245384216309 0.3050781488418579 0.304619163274765
5513 3.391028881072998 0.3076735734939575 0.3067437708377838
5514 3.409410238265991 0.3100493848323822 0.3087840378284454
5515 3.426344871520996 0.3122036457061768 0.3107227981090546
5516 3.441792488098145 0.3141366243362427 0.3125426769256592
5517 3.455715656280518 0.3158494532108307 0.3142269253730774
5518 3.468080997467041 0.317343682050705 0.3157597482204437
5519 3.478858232498169 0.3186313211917877 0.3171211183071136
5520 3.488022089004517 0.3197216093540192 0.3182937800884247
5521 3.49554967880249 0.3206143379211426 0.3192673325538635
5522 3.501423597335815 0.3213011026382446 0.3200376927852631
5523 3.505629301071167 0.3217689990997314 0.320605456829071
5524 3.508157014846802 0.3220249116420746 0.3209623992443085
5525 3.509000062942505 0.3221030235290527 0.3210859894752502
5526 2.109843254089355 0.3873272836208344 0.1058923676609993
5527 2.109000205993652 0.3874020874500275 0.1058006510138512
5528 2.112370729446411 0.3871108591556549 0.1061582639813423
5529 2.116576433181763 0.3867689073085785 0.1065803691744804
5530 2.122450351715088 0.3863644599914551 0.107084758579731
5531 2.129978179931641 0.3855649828910828 0.1080794259905815
5532 2.139141798019409 0.3843230009078979 0.1096210405230522
5533 2.149919271469116 0.3828433752059937 0.1114616170525551
5534 2.162284374237061 0.3810848295688629 0.1136515811085701
5535 2.176207542419434 0.3790883123874664 0.1161436066031456
5536 2.191655158996582 0.3772870302200317 0.1184420064091682
5537 2.208590030670166 0.3755143284797668 0.1207571253180504
5538 2.226971387863159 0.3730257749557495 0.1239402070641518
5539 2.246754884719849 0.3703586459159851 0.1273779273033142
5540 2.267892837524414 0.3674901723861694 0.1311008483171463
5541 2.290334224700928 0.3651607632637024 0.1343229860067368
5542 2.314025402069092 0.3619124293327332 0.1386200487613678
5543 2.338908910751343 0.3591566681861877 0.1425001919269562
5544 2.364924907684326 0.3561823964118958 0.1467256844043732
5545 2.392010688781738 0.3526601791381836 0.1516257524490356
5546 2.420100927352905 0.3495205938816071 0.1562739312648773
5547 2.449128150939941 0.346379280090332 0.1610706746578217
5548 2.479022264480591 0.3427141904830933 0.1665142476558685
5549 2.509711503982544 0.3398039042949677 0.1714096963405609
5550 2.5411217212677 0.3364036977291107 0.1769235134124756
5551 2.573177099227905 0.3338298201560974 0.181873232126236
5552 2.605800867080688 0.3306077718734741 0.1875770092010498
5553 2.638913869857788 0.3277463316917419 0.1931460201740265
5554 2.672436952590942 0.3253532350063324 0.1985068023204803
5555 2.706288814544678 0.3231204152107239 0.2039266526699066
5556 2.740388154983521 0.320762038230896 0.2096322476863861
5557 2.774652719497681 0.3185254633426666 0.2154133021831512
5558 2.809000015258789 0.3171204924583435 0.2207219004631042
5559 2.843347549438477 0.315360426902771 0.226466953754425
5560 2.877612113952637 0.3146409392356873 0.2315934002399445
5561 2.911711454391479 0.3137711882591248 0.2369813024997711
5562 2.945563316345215 0.313439816236496 0.2421176433563232
5563 2.97908616065979 0.3130218982696533 0.2474333345890045
5564 3.012199401855469 0.3133364617824554 0.2523446977138519
5565 3.044822931289673 0.3138042688369751 0.2572396695613861
5566 3.076878547668457 0.3143178224563599 0.2621674239635468
5567 3.108288764953613 0.3157454431056976 0.2665438055992126
5568 3.138977766036987 0.3169414699077606 0.2710961401462555
5569 3.168872117996216 0.3184117376804352 0.2754737734794617
5570 3.197899341583252 0.3200432062149048 0.2797260880470276
5571 3.225989580154419 0.3219650983810425 0.283752053976059
5572 3.253075361251831 0.3242060244083405 0.2875154316425323
5573 3.279091358184814 0.3265023231506348 0.2911511957645416
5574 3.303974866867065 0.3289638459682465 0.2945710718631744
5575 3.32766580581665 0.33187136054039 0.2975939512252808
5576 3.350107431411743 0.335404247045517 0.3000965714454651
5577 3.371245384216309 0.3386731147766113 0.3025613129138947
5578 3.391028881072998 0.3417092859745026 0.3049467802047729
5579 3.409410238265991 0.344496876001358 0.3072394728660583
5580 3.426344871520996 0.3470324873924255 0.3094196617603302
5581 3.441792488098145 0.3493151068687439 0.311467319726944
5582 3.455715656280518 0.3513449132442474 0.3133630454540253
5583 3.468080997467041 0.3531222641468048 0.3150888085365295
5584 3.478858232498169 0.3546578884124756 0.3166218400001526
5585 3.488022089004517 0.3559600710868835 0.3179426491260529
5586 3.49554967880249 0.3570276200771332 0.3190393149852753
5587 3.501423597335815 0.3578510880470276 0.3199072182178497
5588 3.505629301071167 0.3584166169166565 0.3205470740795135
5589 3.508157014846802 0.3587309122085571 0.3209494650363922
5590 3.509000062942505 0.3588284254074097 0.3210887610912323
5591 2.109843254089355 0.3986125886440277 0.09154108911752701
5592 2.109000205993652 0.3986802399158478 0.09145168215036392
5593 2.112370729446411 0.398417055606842 0.09180039912462234
5594 2.116576433181763 0.3981084823608398 0.09221238642930984
5595 2.122450351715088 0.397731751203537 0.0927220955491066
5596 2.129978179931641 0.396982878446579 0.09373315423727036
5597 2.139141798019409 0.3958182334899902 0.09530337899923325
5598 2.149919271469116 0.3944385349750519 0.09717298299074173
5599 2.162284374237061 0.3928108811378479 0.09938829392194748
5600 2.176207542419434 0.3909677565097809 0.1019119098782539
5601 2.191655158996582 0.3893273770809174 0.1042308881878853
5602 2.208590030670166 0.3877273499965668 0.1065689250826836
5603 2.226971387863159 0.3854601681232452 0.1098020449280739
5604 2.246754884719849 0.3830157816410065 0.113329641520977
5605 2.267892837524414 0.380401611328125 0.1171511188149452
5606 2.290334224700928 0.3783382475376129 0.1204443350434303
5607 2.314025402069092 0.37542724609375 0.1248445138335228
5608 2.338908910751343 0.3730193078517914 0.1288142949342728
5609 2.364924907684326 0.3703938126564026 0.1331886798143387
5610 2.392010688781738 0.3672881126403809 0.1382526755332947
5611 2.420100927352905 0.3645886182785034 0.1430561691522598
5612 2.449128150939941 0.3619271814823151 0.1480166167020798
5613 2.479022264480591 0.3587945699691772 0.1536626517772675
5614 2.509711503982544 0.3563736975193024 0.1587986648082733
5615 2.5411217212677 0.353552520275116 0.1645550429821014
5616 2.573177099227905 0.3515690863132477 0.169729471206665
5617 2.605800867080688 0.3489768803119659 0.1757240891456604
5618 2.638913869857788 0.3467494547367096 0.181608259677887
5619 2.672436952590942 0.3450303673744202 0.1872680485248566
5620 2.706288814544678 0.3435096144676208 0.1929953396320343
5621 2.740388154983521 0.3418564796447754 0.1990756094455719
5622 2.774652719497681 0.3403827846050262 0.2052231431007385
5623 2.809000015258789 0.3397459387779236 0.2108848392963409
5624 2.843347549438477 0.3387950360774994 0.2170195877552032
5625 2.877612113952637 0.3388306200504303 0.2225516438484192
5626 2.911711454391479 0.3387781977653503 0.2283449172973633
5627 2.945563316345215 0.3392692506313324 0.2338828146457672
5628 2.97908616065979 0.3396677672863007 0.2396425604820251
5629 3.012199401855469 0.3407948911190033 0.2449802160263062
5630 3.044822931289673 0.342092901468277 0.250301718711853
5631 3.076878547668457 0.3434451520442963 0.2556658387184143
5632 3.108288764953613 0.345660924911499 0.2604696154594421
5633 3.138977766036987 0.347692459821701 0.2654397487640381
5634 3.168872117996216 0.3500104546546936 0.2702137231826782
5635 3.197899341583252 0.352469265460968 0.2748657464981079
5636 3.225989580154419 0.3551890850067139 0.2792869508266449
5637 3.253075361251831 0.3581942319869995 0.2834362387657166
5638 3.279091358184814 0.3612275421619415 0.2874555587768555
5639 3.303974866867065 0.3643915355205536 0.2912487089633942
5640 3.32766580581665 0.3679543435573578 0.2946188747882843
5641 3.350107431411743 0.3720864057540894 0.2974309623241425
5642 3.371245384216309 0.3759265542030334 0.3002017140388489
5643 3.391028881072998 0.3795029819011688 0.3028848171234131
5644 3.409410238265991 0.3827966451644897 0.3054653108119965
5645 3.426344871520996 0.3858020305633545 0.307920515537262
5646 3.441792488098145 0.3885163962841034 0.3102274537086487
5647 3.455715656280518 0.3909382820129395 0.3123637437820435
5648 3.468080997467041 0.3930664360523224 0.3143087029457092
5649 3.478858232498169 0.3949097990989685 0.3160367012023926
5650 3.488022089004517 0.396475076675415 0.3175256848335266
5651 3.49554967880249 0.3977598249912262 0.3187620639801025
5652 3.501423597335815 0.3987532556056976 0.3197406828403473
5653 3.505629301071167 0.399440586566925 0.320462167263031
5654 3.508157014846802 0.3998279869556427 0.3209158480167389
5655 3.509000062942505 0.3999499082565308 0.3210728764533997
5656 2.109843254089355 0.4092808961868286 0.07690935581922531
5657 2.109000205993652 0.409341037273407 0.07682351022958755
5658 2.112370729446411 0.4091070890426636 0.07715845853090286
5659 2.116576433181763 0.408833384513855 0.07755459100008011
5660 2.122450351715088 0.4084866642951965 0.07806510478258133
5661 2.129978179931641 0.4077930152416229 0.07908443361520767
5662 2.139141798019409 0.4067131876945496 0.08067107945680618
5663 2.149919271469116 0.4054429531097412 0.08255445212125778
5664 2.162284374237061 0.4039581120014191 0.08477563410997391
5665 2.176207542419434 0.4022831320762634 0.08730904012918472
5666 2.191655158996582 0.4008191823959351 0.08962731808423996
5667 2.208590030670166 0.3994095325469971 0.09196723252534866
5668 2.226971387863159 0.397388219833374 0.09522368758916855
5669 2.246754884719849 0.3951956927776337 0.09881731122732162
5670 2.267892837524414 0.3928697109222412 0.1027115806937218
5671 2.290334224700928 0.3911071419715881 0.1060519888997078
5672 2.314025402069092 0.3885780870914459 0.1105238273739815
5673 2.338908910751343 0.3865647912025452 0.1145547106862068
5674 2.364924907684326 0.3843422532081604 0.119054339826107
5675 2.392010688781738 0.381716251373291 0.1242530569434166
5676 2.420100927352905 0.3795241415500641 0.1291844844818115
5677 2.449128150939941 0.377416580915451 0.1342808753252029
5678 2.479022264480591 0.3749009072780609 0.1400996893644333
5679 2.509711503982544 0.3730569183826447 0.1454597562551498
5680 2.5411217212677 0.3709128201007843 0.1514347791671753
5681 2.573177099227905 0.36962029337883 0.1568148136138916
5682 2.605800867080688 0.367770791053772 0.1630821526050568
5683 2.638913869857788 0.3662960231304169 0.1692695915699005
5684 2.672436952590942 0.3653744161128998 0.1752169132232666
5685 2.706288814544678 0.364696204662323 0.1812411248683929
5686 2.740388154983521 0.3638876080513 0.1876934468746185
5687 2.774652719497681 0.3633230030536652 0.1942025423049927
5688 2.809000015258789 0.3636021614074707 0.2002173364162445
5689 2.843347549438477 0.3636180460453033 0.2067420184612274
5690 2.877612113952637 0.3645655810832977 0.2126929461956024
5691 2.911711454391479 0.3654947876930237 0.2189008593559265
5692 2.945563316345215 0.3669745624065399 0.2248532474040985
5693 2.97908616065979 0.3683615028858185 0.2310753762722015
5694 3.012199401855469 0.3704724013805389 0.2368612587451935
5695 3.044822931289673 0.3727746605873108 0.242631733417511
5696 3.076878547668457 0.3751424252986908 0.2484560012817383
5697 3.108288764953613 0.3783184885978699 0.2537193298339844
5698 3.138977766036987 0.381361186504364 0.2591339945793152
5699 3.168872117996216 0.3847013115882874 0.2643294632434845
5700 3.197899341583252 0.3881603479385376 0.2694090306758881
5701 3.225989580154419 0.391847550868988 0.2742562294006348
5702 3.253075361251831 0.3957816660404205 0.2788250744342804
5703 3.279091358184814 0.3997131884098053 0.2832629978656769
5704 3.303974866867065 0.4037354588508606 0.2874660789966583
5705 3.32766580581665 0.4081006944179535 0.2912223339080811
5706 3.350107431411743 0.4129680097103119 0.2943849563598633
5707 3.371245384216309 0.4175107181072235 0.2975017428398132
5708 3.391028881072998 0.4217528998851776 0.300521194934845
5709 3.409410238265991 0.4256714880466461 0.303426593542099
5710 3.426344871520996 0.4292581379413605 0.3061921298503876
5711 3.441792488098145 0.4325076639652252 0.308791309595108
5712 3.455715656280518 0.4354163110256195 0.311198502779007
5713 3.468080997467041 0.4379805028438568 0.3133901357650757
5714 3.478858232498169 0.4402067065238953 0.3153373897075653
5715 3.488022089004517 0.4420995116233826 0.3170154690742493
5716 3.49554967880249 0.4436548054218292 0.3184089362621307
5717 3.501423597335815 0.4448601901531219 0.319511890411377
5718 3.505629301071167 0.4456996023654938 0.3203249871730804
5719 3.508157014846802 0.446178674697876 0.3208360075950623
5720 3.509000062942505 0.4463312327861786 0.3210128247737885
5721 2.109843254089355 0.4193526208400726 0.06199296563863754
5722 2.109000205993652 0.4194051623344421 0.06191190332174301
5723 2.112370729446411 0.4192010760307312 0.06222826987504959
5724 2.116576433181763 0.4189630746841431 0.0626029297709465
5725 2.122450351715088 0.4186481535434723 0.06310968846082687
5726 2.129978179931641 0.4180136024951935 0.06412900239229202
5727 2.139141798019409 0.4170249104499817 0.0657196119427681
5728 2.149919271469116 0.4158721268177032 0.06760112196207047
5729 2.162284374237061 0.4145401418209076 0.06980828195810318
5730 2.176207542419434 0.4130460023880005 0.07232893258333206
5731 2.191655158996582 0.4117720723152161 0.07462439686059952
5732 2.208590030670166 0.4105687439441681 0.07694394141435623
5733 2.226971387863159 0.4088153839111328 0.08019531518220901
5734 2.246754884719849 0.4069021940231323 0.08382869511842728
5735 2.267892837524414 0.40489661693573 0.08776713162660599
5736 2.290334224700928 0.4034683108329773 0.09112756699323654
5737 2.314025402069092 0.401363879442215 0.0956355556845665
5738 2.338908910751343 0.3997906446456909 0.09969440847635269
5739 2.364924907684326 0.39802485704422 0.1042900010943413
5740 2.392010688781738 0.3959410786628723 0.1095876470208168
5741 2.420100927352905 0.3943234086036682 0.1146123185753822
5742 2.449128150939941 0.3928438127040863 0.1198087111115456
5743 2.479022264480591 0.3910298049449921 0.1257611513137817
5744 2.509711503982544 0.3898527920246124 0.1313184499740601
5745 2.5411217212677 0.3884856998920441 0.137476772069931
5746 2.573177099227905 0.3879875242710114 0.143031045794487
5747 2.605800867080688 0.3869972229003906 0.1495393663644791
5748 2.638913869857788 0.3863987922668457 0.1560034453868866
5749 2.672436952590942 0.3864036202430725 0.1622114181518555
5750 2.706288814544678 0.3867043256759644 0.1685054302215576
5751 2.740388154983521 0.3868873119354248 0.175309419631958
5752 2.774652719497681 0.3873857855796814 0.1821564137935638
5753 2.809000015258789 0.3887377381324768 0.188505083322525
5754 2.843347549438477 0.3898873627185822 0.1953993141651154
5755 2.877612113952637 0.3919155299663544 0.2017616033554077
5756 2.911711454391479 0.3940022885799408 0.2083716690540314
5757 2.945563316345215 0.3966493904590607 0.2147292196750641
5758 2.97908616065979 0.3992104232311249 0.2214090824127197
5759 3.012199401855469 0.4024907350540161 0.2276421189308167
5760 3.044822931289673 0.4059859812259674 0.2338604331016541
5761 3.076878547668457 0.4095612168312073 0.240144670009613
5762 3.108288764953613 0.4138863384723663 0.2458762526512146
5763 3.138977766036987 0.4181316196918488 0.2517381310462952
5764 3.168872117996216 0.4226838350296021 0.257356196641922
5765 3.197899341583252 0.4273319244384766 0.2628671824932098
5766 3.225989580154419 0.4321722984313965 0.2681477963924408
5767 3.253075361251831 0.4372168779373169 0.2731469571590424
5768 3.279091358184814 0.4422245919704437 0.2780162394046783
5769 3.303974866867065 0.4472777545452118 0.2826443016529083
5770 3.32766580581665 0.4526095688343048 0.2868049144744873
5771 3.350107431411743 0.458365261554718 0.2903401851654053
5772 3.371245384216309 0.4637583494186401 0.2938247919082642
5773 3.391028881072998 0.4688074290752411 0.2972018718719482
5774 3.409410238265991 0.4734847843647003 0.3004529178142548
5775 3.426344871520996 0.4777783751487732 0.3035486340522766
5776 3.441792488098145 0.4816796183586121 0.3064588308334351
5777 3.455715656280518 0.4851816892623901 0.3091543316841125
5778 3.468080997467041 0.488277941942215 0.3116083741188049
5779 3.478858232498169 0.4909716844558716 0.313788890838623
5780 3.488022089004517 0.4932646751403809 0.3156681656837463
5781 3.49554967880249 0.495150625705719 0.3172287046909332
5782 3.501423597335815 0.4966151714324951 0.318463921546936
5783 3.505629301071167 0.4976409375667572 0.3193744421005249
5784 3.508157014846802 0.4982324838638306 0.3199464082717896
5785 3.509000062942505 0.4984227120876312 0.3201442062854767
5786 2.109843254089355 0.4288464486598969 0.04678129404783249
5787 2.109000205993652 0.4288913607597351 0.04670625180006027
5788 2.112370729446411 0.4287168979644775 0.04699907451868057
5789 2.116576433181763 0.4285134971141815 0.04734549671411514
5790 2.122450351715088 0.4282281100749969 0.04784052819013596
5791 2.129978179931641 0.4276480376720428 0.0488443449139595
5792 2.139141798019409 0.4267418384552002 0.05041328817605972
5793 2.149919271469116 0.4256905019283295 0.05225581675767899
5794 2.162284374237061 0.4244852960109711 0.05439630895853043
5795 2.176207542419434 0.4231331944465637 0.05683446675539017
5796 2.191655158996582 0.4219928681850433 0.05901981145143509
5797 2.208590030670166 0.4209192395210266 0.06120973080396652
5798 2.226971387863159 0.4193361401557922 0.06431467086076736
5799 2.246754884719849 0.4175791442394257 0.06781832128763199
5800 2.267892837524414 0.4157400727272034 0.07159469276666641
5801 2.290334224700928 0.4144535660743713 0.07473205775022507
5802 2.314025402069092 0.4125452041625977 0.07898160070180893
5803 2.338908910751343 0.4111377596855164 0.08272900432348251
5804 2.364924907684326 0.4095104336738586 0.08703320473432541
5805 2.392010688781738 0.4076012969017029 0.09198037534952164
5806 2.420100927352905 0.4061340689659119 0.09659095853567123
5807 2.449128150939941 0.4048005938529968 0.1013159677386284
5808 2.479022264480591 0.4031488299369812 0.1067613735795021
5809 2.509711503982544 0.4020356833934784 0.1118187680840492
5810 2.5411217212677 0.40077805519104 0.1173837259411812
5811 2.573177099227905 0.4003354907035828 0.1222671046853065
5812 2.605800867080688 0.3994024693965912 0.1280961632728577
5813 2.638913869857788 0.398809015750885 0.1338468790054321
5814 2.672436952590942 0.3987967073917389 0.1392501443624496
5815 2.706288814544678 0.3990631401538849 0.1446737945079803
5816 2.740388154983521 0.3991603255271912 0.1506219804286957
5817 2.774652719497681 0.3995764851570129 0.1565239727497101
5818 2.809000015258789 0.4007874429225922 0.1618587076663971
5819 2.843347549438477 0.4017981886863708 0.1677064299583435
5820 2.877612113952637 0.4035731554031372 0.1730141341686249
5821 2.911711454391479 0.4054290652275085 0.1784963011741638
5822 2.945563316345215 0.4078027009963989 0.1836782395839691
5823 2.97908616065979 0.4100546538829803 0.1891909539699554
5824 3.012199401855469 0.4129778444766998 0.1942075490951538
5825 3.044822931289673 0.4161053597927094 0.1991739869117737
5826 3.076878547668457 0.4193006753921509 0.2041902542114258
5827 3.108288764953613 0.4231635630130768 0.2086500525474548
5828 3.138977766036987 0.4269874393939972 0.2131990194320679
5829 3.168872117996216 0.4311201572418213 0.2174724936485291
5830 3.197899341583252 0.4353280663490295 0.2216535210609436
5831 3.225989580154419 0.4397018253803253 0.2256214022636414
5832 3.253075361251831 0.4442543983459473 0.2293287515640259
5833 3.279091358184814 0.448762983083725 0.2329387068748474
5834 3.303974866867065 0.4533063173294067 0.236341804265976
5835 3.32766580581665 0.4581046998500824 0.2393079102039337
5836 3.350107431411743 0.4632962942123413 0.2416774034500122
5837 3.371245384216309 0.4681484401226044 0.2440556287765503
5838 3.391028881072998 0.4726817905902863 0.2463885545730591
5839 3.409410238265991 0.4768713712692261 0.2486638426780701
5840 3.426344871520996 0.4807084500789642 0.2508561015129089
5841 3.441792488098145 0.4841876029968262 0.2529385089874268
5842 3.455715656280518 0.487305074930191 0.2548846900463104
5843 3.468080997467041 0.4900567233562469 0.2566708326339722
5844 3.478858232498169 0.4924475848674774 0.2582668960094452
5845 3.488022089004517 0.494481086730957 0.2596470415592194
5846 3.49554967880249 0.4961526095867157 0.2607959508895874
5847 3.501423597335815 0.4974490702152252 0.2617097496986389
5848 3.505629301071167 0.4983543753623962 0.2623917162418365
5849 3.508157014846802 0.4988738894462585 0.2628282904624939
5850 3.509000062942505 0.4990402162075043 0.2629815340042114
5851 2.109843254089355 0.4377782940864563 0.03125791996717453
5852 2.109000205993652 0.4378156960010529 0.03119000233709812
5853 2.112370729446411 0.4376703798770905 0.03145492821931839
5854 2.116576433181763 0.4375010132789612 0.0317680761218071
5855 2.122450351715088 0.4372456073760986 0.03224731236696243
5856 2.129978179931641 0.4367213249206543 0.03322822600603104
5857 2.139141798019409 0.4358998239040375 0.03476452082395554
5858 2.149919271469116 0.4349522292613983 0.03655476123094559
5859 2.162284374237061 0.4338757693767548 0.0386122390627861
5860 2.176207542419434 0.4326680600643158 0.04095017164945602
5861 2.191655158996582 0.4316625595092773 0.04300970584154129
5862 2.208590030670166 0.4307195842266083 0.04505599290132523
5863 2.226971387863159 0.4293096661567688 0.04799637943506241
5864 2.246754884719849 0.4277143180370331 0.05135617405176163
5865 2.267892837524414 0.4260473549365997 0.05495681613683701
5866 2.290334224700928 0.4249053597450256 0.0578625276684761
5867 2.314025402069092 0.4231980443000793 0.06184004992246628
5868 2.338908910751343 0.4219591617584229 0.06526892632246017
5869 2.364924907684326 0.4204767644405365 0.06928180903196335
5870 2.392010688781738 0.4187494516372681 0.07387665659189224
5871 2.420100927352905 0.417437732219696 0.07807747274637222
5872 2.449128150939941 0.416254997253418 0.08233930915594101
5873 2.479022264480591 0.4147723615169525 0.08728761225938797
5874 2.509711503982544 0.4137310981750488 0.09187252074480057
5875 2.5411217212677 0.4125901162624359 0.09686890989542007
5876 2.573177099227905 0.412206619977951 0.1011166796088219
5877 2.605800867080688 0.4113389849662781 0.1063064411282539
5878 2.638913869857788 0.4107588827610016 0.1113950088620186
5879 2.672436952590942 0.4107342660427094 0.1160510703921318
5880 2.706288814544678 0.4109701812267303 0.1206679120659828
5881 2.740388154983521 0.410989910364151 0.1258357614278793
5882 2.774652719497681 0.4113296568393707 0.1308711469173431
5883 2.809000015258789 0.4124017357826233 0.1352810561656952
5884 2.843347549438477 0.4132779836654663 0.1401752382516861
5885 2.877612113952637 0.4148030281066895 0.14453986287117
5886 2.911711454391479 0.4164301455020905 0.1490054875612259
5887 2.945563316345215 0.4185300171375275 0.1531312763690948
5888 2.97908616065979 0.4204757511615753 0.1576044261455536
5889 3.012199401855469 0.4230411052703857 0.1615400016307831
5890 3.044822931289673 0.4257990419864655 0.1653931140899658
5891 3.076878547668457 0.4286128878593445 0.1692832410335541
5892 3.108288764953613 0.4320095181465149 0.1726246774196625
5893 3.138977766036987 0.4354068338871002 0.1760090589523315
5894 3.168872117996216 0.4391120374202728 0.1790855228900909
5895 3.197899341583252 0.4428719878196716 0.1820867955684662
5896 3.225989580154419 0.4467708766460419 0.1848949491977692
5897 3.253075361251831 0.4508224725723267 0.1874657273292542
5898 3.279091358184814 0.4548234343528748 0.1899710893630981
5899 3.303974866867065 0.4588482677936554 0.1923034191131592
5900 3.32766580581665 0.4631026387214661 0.1942293643951416
5901 3.350107431411743 0.4677163362503052 0.1955878734588623
5902 3.371245384216309 0.4720156192779541 0.1970084607601166
5903 3.391028881072998 0.4760227203369141 0.1984391808509827
5904 3.409410238265991 0.4797155261039734 0.1998730599880219
5905 3.426344871520996 0.483088493347168 0.2012877464294434
5906 3.441792488098145 0.4861392676830292 0.2026588916778564
5907 3.455715656280518 0.4888669550418854 0.2039621472358704
5908 3.468080997467041 0.4912697672843933 0.2051758468151093
5909 3.478858232498169 0.4933544099330902 0.2062714695930481
5910 3.488022089004517 0.4951256811618805 0.2072245478630066
5911 3.49554967880249 0.4965805411338806 0.2080214023590088
5912 3.501423597335815 0.4977073669433594 0.2086605429649353
5913 3.505629301071167 0.4984913766384125 0.209147572517395
5914 3.508157014846802 0.4989385902881622 0.2094690799713135
5915 3.509000062942505 0.4990810453891754 0.209584504365921
5916 2.109843254089355 0.4461603760719299 0.01540101505815983
5917 2.109000205993652 0.4461905658245087 0.01534128375351429
5918 2.112370729446411 0.4460734128952026 0.01557424105703831
5919 2.116576433181763 0.445936918258667 0.01584941335022449
5920 2.122450351715088 0.4457115232944489 0.01630898751318455
5921 2.129978179931641 0.4452435672283173 0.01725992746651173
5922 2.139141798019409 0.4445078372955322 0.01875298656523228
5923 2.149919271469116 0.4436648190021515 0.02047819830477238
5924 2.162284374237061 0.4427173137664795 0.02243706025183201
5925 2.176207542419434 0.4416543841362 0.02465791441500187
5926 2.191655158996582 0.4407831132411957 0.02657684125006199
5927 2.208590030670166 0.4399701952934265 0.02846639789640903
5928 2.226971387863159 0.438734233379364 0.03122506476938725
5929 2.246754884719849 0.4373044073581696 0.03442741185426712
5930 2.267892837524414 0.4358137547969818 0.03783922642469406
5931 2.290334224700928 0.4348178505897522 0.04050541669130325
5932 2.314025402069092 0.4333148896694183 0.044198177754879
5933 2.338908910751343 0.4322462677955627 0.04730219393968582
5934 2.364924907684326 0.4309152960777283 0.05102402716875076
5935 2.392010688781738 0.4293765723705292 0.05526498705148697
5936 2.420100927352905 0.4282257854938507 0.0590607151389122
5937 2.449128150939941 0.4271989464759827 0.06286787241697311
5938 2.479022264480591 0.4258930683135986 0.06732907146215439
5939 2.509711503982544 0.4249348342418671 0.07146822661161423
5940 2.5411217212677 0.4239203035831451 0.07592042535543442
5941 2.573177099227905 0.4236030876636505 0.07956757396459579
5942 2.605800867080688 0.422813355922699 0.08415716141462326
5943 2.638913869857788 0.4222609102725983 0.08863354474306107
5944 2.672436952590942 0.422235369682312 0.09259886294603348
5945 2.706288814544678 0.4224517047405243 0.09647137671709061
5946 2.740388154983521 0.4224112629890442 0.1009325906634331
5947 2.774652719497681 0.4226895272731781 0.1051780357956886
5948 2.809000015258789 0.423635333776474 0.1087507680058479
5949 2.843347549438477 0.4243922829627991 0.1127824708819389
5950 2.877612113952637 0.4256845116615295 0.1163134798407555
5951 2.911711454391479 0.4270982146263123 0.1198718771338463
5952 2.945563316345215 0.4289385974407196 0.1230589374899864
5953 2.97908616065979 0.4305967390537262 0.1266177445650101
5954 3.012199401855469 0.4328203797340393 0.1296056360006332
5955 3.044822931289673 0.435224175453186 0.1324818283319473
5956 3.076878547668457 0.4376725554466248 0.1353853642940521
5957 3.108288764953613 0.4406186044216156 0.1377598494291306
5958 3.138977766036987 0.4436027109622955 0.1401259750127792
5959 3.168872117996216 0.4468907117843628 0.1421512216329575
5960 3.197899341583252 0.4502137303352356 0.1441211849451065
5961 3.225989580154419 0.4536488354206085 0.1459209024906158
5962 3.253075361251831 0.4572102129459381 0.1475086808204651
5963 3.279091358184814 0.4607149660587311 0.1490625888109207
5964 3.303974866867065 0.4642325937747955 0.1504767835140228
5965 3.32766580581665 0.4679526388645172 0.1515157520771027
5966 3.350107431411743 0.4719953536987305 0.1520173251628876
5967 3.371245384216309 0.475749671459198 0.1526282429695129
5968 3.391028881072998 0.4792389571666718 0.1532978117465973
5969 3.409410238265991 0.4824440181255341 0.1540237069129944
5970 3.426344871520996 0.48536217212677 0.1547857522964478
5971 3.441792488098145 0.4879939258098602 0.1555612087249756
5972 3.455715656280518 0.4903409481048584 0.156326949596405
5973 3.468080997467041 0.492403656244278 0.157062828540802
5974 3.478858232498169 0.494189977645874 0.1577412486076355
5975 3.488022089004517 0.4957059919834137 0.1583385765552521
5976 3.49554967880249 0.4969501197338104 0.1588423252105713
5977 3.501423597335815 0.4979120790958405 0.1592530608177185
5978 3.505629301071167 0.4985784888267517 0.159578412771225
5979 3.508157014846802 0.4989559650421143 0.1598048210144043
5980 3.509000062942505 0.4990754127502441 0.1598891317844391
5981 2.109843254089355 0.4540004730224609 -0.0008158966666087508
5982 2.109000205993652 0.4540238082408905 -0.0008664935594424605
5983 2.112370729446411 0.4539332985877991 -0.0006692021852359176
5984 2.116576433181763 0.453827977180481 -0.0004362821637187153
5985 2.122450351715088 0.4536321461200714 -2.831220591303918e-08
5986 2.129978179931641 0.4532202184200287 0.0009141803020611405
5987 2.139141798019409 0.4525701701641083 0.00235385587438941
5988 2.149919271469116 0.451831042766571 0.004001887049525976
5989 2.162284374237061 0.4510107338428497 0.005847321357578039
5990 2.176207542419434 0.4500907063484192 0.007934974506497383
5991 2.191655158996582 0.4493508338928223 0.009699204936623573
5992 2.208590030670166 0.448665052652359 0.01141943968832493
5993 2.226971387863159 0.447600930929184 0.01397966034710407
5994 2.246754884719849 0.446337878704071 0.01701077260077
5995 2.267892837524414 0.4450247883796692 0.02022023685276508
5996 2.290334224700928 0.4441738426685333 0.02263845689594746
5997 2.314025402069092 0.4428747296333313 0.02603297866880894
5998 2.338908910751343 0.4419746398925781 0.02880477346479893
5999 2.364924907684326 0.4407987296581268 0.03223366290330887
6000 2.392010688781738 0.439451664686203 0.03611674159765244
6001 2.420100927352905 0.438463568687439 0.03950921446084976
6002 2.449128150939941 0.437594085931778 0.04286689311265945
6003 2.479022264480591 0.4364684820175171 0.04684700816869736
6004 2.509711503982544 0.4356021285057068 0.05056174844503403
6005 2.5411217212677 0.4347203075885773 0.05448859184980392
6006 2.573177099227905 0.4344736933708191 0.05756402760744095
6007 2.605800867080688 0.433771550655365 0.06158525496721268
6008 2.638913869857788 0.433258980512619 0.06549114733934402
6009 2.672436952590942 0.4332418739795685 0.06881359964609146
6010 2.706288814544678 0.4334476292133331 0.0719950869679451
6011 2.740388154983521 0.4333635866641998 0.07581266015768051
6012 2.774652719497681 0.4335940182209015 0.07933384925127029
6013 2.809000015258789 0.4344257414340973 0.0821455791592598
6014 2.843347549438477 0.4350780844688416 0.08539354056119919
6015 2.877612113952637 0.4361563324928284 0.088187076151371
6016 2.911711454391479 0.437373012304306 0.09093397110700607
6017 2.945563316345215 0.4389697313308716 0.09328582137823105
6018 2.97908616065979 0.4403614401817322 0.09604047983884811
6019 3.012199401855469 0.4422627389431 0.09819886833429337
6020 3.044822931289673 0.4443311393260956 0.1002191826701164
6021 3.076878547668457 0.4464336633682251 0.1022599413990974
6022 3.108288764953613 0.4489500224590302 0.103802926838398
6023 3.138977766036987 0.4515385031700134 0.1052813604474068
6024 3.168872117996216 0.4544234871864319 0.1063856855034828
6025 3.197899341583252 0.4573249518871307 0.1074571684002876
6026 3.225989580154419 0.4603124260902405 0.1083841845393181
6027 3.253075361251831 0.4634000957012177 0.1091271415352821
6028 3.279091358184814 0.4664260745048523 0.1098674610257149
6029 3.303974866867065 0.469454288482666 0.1105012223124504
6030 3.32766580581665 0.4726568460464478 0.1107920333743095
6031 3.350107431411743 0.4761435091495514 0.110577218234539
6032 3.371245384216309 0.4793685674667358 0.110513262450695
6033 3.391028881072998 0.4823560416698456 0.110550157725811
6034 3.409410238265991 0.485089510679245 0.1106894537806511
6035 3.426344871520996 0.4875689744949341 0.110912449657917
6036 3.441792488098145 0.4897974133491516 0.1111971959471703
6037 3.455715656280518 0.491778701543808 0.1115211918950081
6038 3.468080997467041 0.4935151636600494 0.1118650659918785
6039 3.478858232498169 0.4950157403945923 0.1122017577290535
6040 3.488022089004517 0.4962874352931976 0.1125080063939095
6041 3.49554967880249 0.4973299503326416 0.1127721145749092
6042 3.501423597335815 0.4981343746185303 0.1129963174462318
6043 3.505629301071167 0.4986887574195862 0.1131900921463966
6044 3.508157014846802 0.4990001022815704 0.1133395060896873
6045 3.509000062942505 0.4990979135036469 0.1133987233042717
6046 2.109843254089355 0.4613009393215179 -0.01742319576442242
6047 2.109000205993652 0.4613178968429565 -0.01746380887925625
6048 2.112370729446411 0.4612520933151245 -0.01730546168982983
6049 2.116576433181763 0.4611756205558777 -0.01711860112845898
6050 2.122450351715088 0.4610085487365723 -0.01670905761420727
6051 2.129978179931641 0.4606516063213348 -0.01583790592849255
6052 2.139141798019409 0.460085928440094 -0.01446118019521236
6053 2.149919271469116 0.459448516368866 -0.01290175877511501
6054 2.162284374237061 0.4587515592575073 -0.01118358783423901
6055 2.176207542419434 0.4579702615737915 -0.009244231507182121
6056 2.191655158996582 0.4573566317558289 -0.007647870574146509
6057 2.208590030670166 0.4567927122116089 -0.006108804140239954
6058 2.226971387863159 0.4558952748775482 -0.00376298138871789
6059 2.246754884719849 0.4547973871231079 -0.0009168743854388595
6060 2.267892837524414 0.453659862279892 0.002076545264571905
6061 2.290334224700928 0.4529496133327484 0.004238070454448462
6062 2.314025402069092 0.4518497586250305 0.007320532109588385
6063 2.338908910751343 0.4511124789714813 0.009751977398991585
6064 2.364924907684326 0.4500916004180908 0.01288406737148762
6065 2.392010688781738 0.4489347636699677 0.01640326716005802
6066 2.420100927352905 0.4481066763401031 0.01939182914793491
6067 2.449128150939941 0.4473912715911865 0.02230227924883366
6068 2.479022264480591 0.4464441239833832 0.02580367960035801
6069 2.509711503982544 0.4456747472286224 0.0291100237518549
6070 2.5411217212677 0.4449268579483032 0.03252504020929337
6071 2.573177099227905 0.4447506666183472 0.03505174070596695
6072 2.605800867080688 0.4441410303115845 0.03852932900190353
6073 2.638913869857788 0.4436764419078827 0.041898213326931
6074 2.672436952590942 0.4436730444431305 0.04461706429719925
6075 2.706288814544678 0.4438728988170624 0.04715161770582199
6076 2.740388154983521 0.4437583684921265 0.05037765949964523
6077 2.774652719497681 0.4439507126808167 0.05322922021150589
6078 2.809000015258789 0.4446772634983063 0.05534439533948898
6079 2.843347549438477 0.4452360272407532 0.05787486582994461
6080 2.877612113952637 0.4461176991462708 0.06001312285661697
6081 2.911711454391479 0.4471514821052551 0.06203027814626694
6082 2.945563316345215 0.4485186338424683 0.06363586336374283
6083 2.97908616065979 0.449663907289505 0.06568098813295364
6084 3.012199401855469 0.451261967420578 0.06711212545633316
6085 3.044822931289673 0.4530133008956909 0.06838143616914749
6086 3.076878547668457 0.4547892212867737 0.06966672092676163
6087 3.108288764953613 0.4568983614444733 0.070496566593647
6088 3.138977766036987 0.4591090679168701 0.07120116800069809
6089 3.168872117996216 0.4616053700447083 0.07149855047464371
6090 3.197899341583252 0.4641012847423553 0.07178782671689987
6091 3.225989580154419 0.4666585326194763 0.07196132093667984
6092 3.253075361251831 0.469291090965271 0.07198109477758408
6093 3.279091358184814 0.4718581140041351 0.07202930003404617
6094 3.303974866867065 0.4744175672531128 0.07200413197278976
6095 3.32766580581665 0.4771231710910797 0.07166992872953415
6096 3.350107431411743 0.4800735116004944 0.070864237844944
6097 3.371245384216309 0.4827896058559418 0.07024570554494858
6098 3.391028881072998 0.4852956831455231 0.06976441293954849
6099 3.409410238265991 0.4875780344009399 0.06942521780729294
6100 3.426344871520996 0.4896389842033386 0.06921016424894333
6101 3.441792488098145 0.4914835691452026 0.06909751147031784
6102 3.455715656280518 0.4931175112724304 0.06906469911336899
6103 3.468080997467041 0.4945447742938995 0.06909271329641342
6104 3.478858232498169 0.495774894952774 0.06915455311536789
6105 3.488022089004517 0.4968155920505524 0.06922698765993118
6106 3.49554967880249 0.4976676106452942 0.06929879635572433
6107 3.501423597335815 0.498323380947113 0.06937358528375626
6108 3.505629301071167 0.4987724423408508 0.0694623664021492
6109 3.508157014846802 0.4990220069885254 0.06955071538686752
6110 3.509000062942505 0.4990996122360229 0.06959011405706406
6111 2.109843254089355 0.4680580198764801 -0.03445428609848022
6112 2.109000205993652 0.4680692255496979 -0.03448419272899628
6113 2.112370729446411 0.4680257439613342 -0.03436760604381561
6114 2.116576433181763 0.4679752886295319 -0.03423003852367401
6115 2.122450351715088 0.4678356647491455 -0.0338502824306488
6116 2.129978179931641 0.4675319790840149 -0.03302802890539169
6117 2.139141798019409 0.4670482575893402 -0.03172308206558228
6118 2.149919271469116 0.4665088951587677 -0.03026276640594006
6119 2.162284374237061 0.4659297466278076 -0.02868441306054592
6120 2.176207542419434 0.4652808904647827 -0.02690710686147213
6121 2.191655158996582 0.4647862017154694 -0.02549046836793423
6122 2.208590030670166 0.4643367528915405 -0.02414323948323727
6123 2.226971387863159 0.4635981023311615 -0.02202644757926464
6124 2.246754884719849 0.4626612365245819 -0.01937848888337612
6125 2.267892837524414 0.4616945385932922 -0.01661424152553082
6126 2.290334224700928 0.461118072271347 -0.01471768133342266
6127 2.314025402069092 0.4602091610431671 -0.01196043752133846
6128 2.338908910751343 0.4596256017684937 -0.009877143427729607
6129 2.364924907684326 0.4587568342685699 -0.007046511862426996
6130 2.392010688781738 0.4577850103378296 -0.003897941205650568
6131 2.420100927352905 0.4571106731891632 -0.001314973807893693
6132 2.449128150939941 0.4565422832965851 0.001149149262346327
6133 2.479022264480591 0.4557675123214722 0.004172453191131353
6134 2.509711503982544 0.4550975561141968 0.007082880940288305
6135 2.5411217212677 0.4544810354709625 0.009996356442570686
6136 2.573177099227905 0.4543718993663788 0.01199357397854328
6137 2.605800867080688 0.4538562893867493 0.01494750566780567
6138 2.638913869857788 0.4534453153610229 0.01780700869858265
6139 2.672436952590942 0.4534582197666168 0.01995556987822056
6140 2.706288814544678 0.453654408454895 0.02188084460794926
6141 2.740388154983521 0.4535208642482758 0.02455939538776875
6142 2.774652719497681 0.4536826908588409 0.02678782679140568
6143 2.809000015258789 0.4543118178844452 0.0282622966915369
6144 2.843347549438477 0.4547865092754364 0.03013227321207523
6145 2.877612113952637 0.4554897546768188 0.03168661147356033
6146 2.911711454391479 0.4563545286655426 0.03304509073495865
6147 2.945563316345215 0.4575068056583405 0.03398223966360092
6148 2.97908616065979 0.4584268927574158 0.03540011495351791
6149 3.012199401855469 0.4597427248954773 0.03619367629289627
6150 3.044822931289673 0.4611974358558655 0.03680414706468582
6151 3.076878547668457 0.462668240070343 0.03742817789316177
6152 3.108288764953613 0.464396595954895 0.03764944523572922
6153 3.138977766036987 0.4662503004074097 0.03768084198236465
6154 3.168872117996216 0.4683749377727509 0.03727244585752487
6155 3.197899341583252 0.4704845249652863 0.03688275068998337
6156 3.225989580154419 0.4726327955722809 0.03640861064195633
6157 3.253075361251831 0.4748332798480988 0.03581353276968002
6158 3.279091358184814 0.476965993642807 0.03527774661779404
6159 3.303974866867065 0.4790824949741364 0.03470192104578018
6160 3.32766580581665 0.4813177287578583 0.03385280817747116
6161 3.350107431411743 0.483758419752121 0.03256919234991074
6162 3.371245384216309 0.4859926104545593 0.03150405734777451
6163 3.391028881072998 0.4880441725254059 0.03060724772512913
6164 3.409410238265991 0.48990198969841 0.02988634444773197
6165 3.426344871520996 0.4915703535079956 0.02932352758944035
6166 3.441792488098145 0.4930558502674103 0.02889674343168736
6167 3.455715656280518 0.494365781545639 0.02858288027346134
6168 3.468080997467041 0.4955052137374878 0.0283628199249506
6169 3.478858232498169 0.4964840710163116 0.02820930816233158
6170 3.488022089004517 0.4973103702068329 0.02809887565672398
6171 3.49554967880249 0.4979857504367828 0.02802045084536076
6172 3.501423597335815 0.4985038638114929 0.02797877229750156
6173 3.505629301071167 0.4988558292388916 0.02798613347113132
6174 3.508157014846802 0.4990487992763519 0.02802746929228306
6175 3.509000062942505 0.4991081058979034 0.02805171348154545
6176 2.109843254089355 0.4742611050605774 -0.05194461718201637
6177 2.109000205993652 0.474267303943634 -0.05196322500705719
6178 2.112370729446411 0.4742432832717896 -0.05189067125320435
6179 2.116576433181763 0.474215567111969 -0.0518050529062748
6180 2.122450351715088 0.4741017818450928 -0.05145779997110367
6181 2.129978179931641 0.4738488495349884 -0.05068967118859291
6182 2.139141798019409 0.4734436273574829 -0.04946452006697655
6183 2.149919271469116 0.4729973673820496 -0.04811270907521248
6184 2.162284374237061 0.4725286066532135 -0.04668526351451874
6185 2.176207542419434 0.4720039069652557 -0.04508218541741371
6186 2.191655158996582 0.4716189503669739 -0.04385556653141975
6187 2.208590030670166 0.4712745845317841 -0.04270937666296959
6188 2.226971387863159 0.4706841111183167 -0.04083458334207535
6189 2.246754884719849 0.4699015915393829 -0.03839695826172829
6190 2.267892837524414 0.4690981805324554 -0.03587406128644943
6191 2.290334224700928 0.4686459302902222 -0.03424987941980362
6192 2.314025402069092 0.4679161310195923 -0.03182984888553619
6193 2.338908910751343 0.4674738049507141 -0.03010165505111217
6194 2.364924907684326 0.4667511880397797 -0.02757746540009975
6195 2.392010688781738 0.4659553468227386 -0.02480636350810528
6196 2.420100927352905 0.4654246866703033 -0.0226310845464468
6197 2.449128150939941 0.4649923145771027 -0.02061300538480282
6198 2.479022264480591 0.4643793404102325 -0.01806819252669811
6199 2.509711503982544 0.4638082683086395 -0.01554412208497524
6200 2.5411217212677 0.4633163511753082 -0.01312430016696453
6201 2.573177099227905 0.4632673263549805 -0.01164025627076626
6202 2.605800867080688 0.4628435075283051 -0.009193940088152885
6203 2.638913869857788 0.4624884128570557 -0.006821213755756617
6204 2.672436952590942 0.462517112493515 -0.005214816424995661
6205 2.706288814544678 0.462708592414856 -0.00386671582236886
6206 2.740388154983521 0.4625649750232697 -0.001698976731859148
6207 2.774652719497681 0.4627009034156799 -5.432069156086072e-05
6208 2.809000015258789 0.4632381200790405 0.0008274927968159318
6209 2.843347549438477 0.4636357724666595 0.00208556791767478
6210 2.877612113952637 0.4641781449317932 0.003117152955383062
6211 2.911711454391479 0.4648866653442383 0.003878073301166296
6212 2.945563316345215 0.4658380150794983 0.004214191343635321
6213 2.97908616065979 0.4665539264678955 0.005075426306575537
6214 3.012199401855469 0.4676092267036438 0.005309076514095068
6215 3.044822931289673 0.468788355588913 0.005340674426406622
6216 3.076878547668457 0.4699762463569641 0.00538514694198966
6217 3.108288764953613 0.471352607011795 0.005088889505714178
6218 3.138977766036987 0.4728715121746063 0.004534998442977667
6219 3.168872117996216 0.474642813205719 0.003509694244712591
6220 3.197899341583252 0.4763869941234589 0.002531649079173803
6221 3.225989580154419 0.4781499207019806 0.001502895378507674
6222 3.253075361251831 0.4799443483352661 0.0003881990851368755
6223 3.279091358184814 0.481670618057251 -0.0006366654997691512
6224 3.303974866867065 0.4833737909793854 -0.001668086624704301
6225 3.32766580581665 0.4851696193218231 -0.00293505797162652
6226 3.350107431411743 0.4871328771114349 -0.004596529994159937
6227 3.371245384216309 0.4889174997806549 -0.006012810859829187
6228 3.391028881072998 0.4905464053153992 -0.007234571967273951
6229 3.409410238265991 0.4920110702514648 -0.008252015337347984
6230 3.426344871520996 0.493317186832428 -0.009083284065127373
6231 3.441792488098145 0.4944726228713989 -0.009751191362738609
6232 3.455715656280518 0.4954855740070343 -0.01027980260550976
6233 3.468080997467041 0.4963619410991669 -0.01068870536983013
6234 3.478858232498169 0.4971116185188293 -0.01100563071668148
6235 3.488022089004517 0.4977426528930664 -0.01125449500977993
6236 3.49554967880249 0.4982573091983795 -0.01144648157060146
6237 3.501423597335815 0.498650461435318 -0.01157594285905361
6238 3.505629301071167 0.4989147186279297 -0.01162953488528728
6239 3.508157014846802 0.4990570247173309 -0.01162304542958736
6240 3.509000062942505 0.4991000294685364 -0.01160993985831738
6241 2.109843254089355 0.4798921048641205 -0.06993059068918228
6242 2.109000205993652 0.4798941016197205 -0.06993745267391205
6243 2.112370729446411 0.4798864126205444 -0.06991066783666611
6244 2.116576433181763 0.4798777401447296 -0.06987898051738739
6245 2.122450351715088 0.4797877967357635 -0.06956654042005539
6246 2.129978179931641 0.4795824587345123 -0.06885711848735809
6247 2.139141798019409 0.4792512953281403 -0.06771880388259888
6248 2.149919271469116 0.4788919687271118 -0.06648366153240204
6249 2.162284374237061 0.4785246849060059 -0.0652165412902832
6250 2.176207542419434 0.4781140387058258 -0.06379801034927368
6251 2.191655158996582 0.477827787399292 -0.06276986002922058
6252 2.208590030670166 0.4775773286819458 -0.06183216348290443
6253 2.226971387863159 0.4771220982074738 -0.06021025776863098
6254 2.246754884719849 0.4764850735664368 -0.05799379944801331
6255 2.267892837524414 0.4758349657058716 -0.05572301894426346
6256 2.290334224700928 0.4754951298236847 -0.0543772280216217
6257 2.314025402069092 0.4749295711517334 -0.05230455845594406
6258 2.338908910751343 0.474613219499588 -0.05093684419989586
6259 2.364924907684326 0.4740282297134399 -0.04872368648648262
6260 2.392010688781738 0.4733961522579193 -0.0463360995054245
6261 2.420100927352905 0.4729961752891541 -0.04457002878189087
6262 2.449128150939941 0.4726856648921967 -0.04299728572368622
6263 2.479022264480591 0.4722204506397247 -0.04093114659190178
6264 2.509711503982544 0.4717453718185425 -0.03878572955727577
6265 2.5411217212677 0.4713681638240814 -0.03685273230075836
6266 2.573177099227905 0.4713698625564575 -0.03586714714765549
6267 2.605800867080688 0.4710327088832855 -0.03391485661268234
6268 2.638913869857788 0.4707336723804474 -0.03200989216566086
6269 2.672436952590942 0.4707756042480469 -0.03092113696038723
6270 2.706288814544678 0.4709594547748566 -0.03012196533381939
6271 2.740388154983521 0.4708133637905121 -0.02843405120074749
6272 2.774652719497681 0.4709264934062958 -0.02733923308551311
6273 2.809000015258789 0.4713765978813171 -0.02700803987681866
6274 2.843347549438477 0.4717031717300415 -0.02631971798837185
6275 2.877612113952637 0.4721029996871948 -0.02575830928981304
6276 2.911711454391479 0.4726681411266327 -0.02554184012115002
6277 2.945563316345215 0.4734333753585815 -0.02574795298278332
6278 2.97908616065979 0.4739674031734467 -0.02538257651031017
6279 3.012199401855469 0.4747858345508575 -0.02564143948256969
6280 3.044822931289673 0.4757125675678253 -0.02611909620463848
6281 3.076878547668457 0.4766420125961304 -0.0265831183642149
6282 3.108288764953613 0.4776989221572876 -0.02731780521571636
6283 3.138977766036987 0.4789081215858459 -0.02838003449141979
6284 3.168872117996216 0.4803473949432373 -0.02994375489652157
6285 3.197899341583252 0.4817503988742828 -0.03143035620450974
6286 3.225989580154419 0.4831554591655731 -0.03293196111917496
6287 3.253075361251831 0.4845743179321289 -0.03448262065649033
6288 3.279091358184814 0.485926628112793 -0.03591334819793701
6289 3.303974866867065 0.4872509241104126 -0.03731714934110641
6290 3.32766580581665 0.488644003868103 -0.03891688212752342
6291 3.350107431411743 0.4901686012744904 -0.040868129581213
6292 3.371245384216309 0.4915421903133392 -0.04255180060863495
6293 3.391028881072998 0.4927862882614136 -0.04401922225952148
6294 3.409410238265991 0.4938947558403015 -0.04525886476039886
6295 3.426344871520996 0.4948742687702179 -0.04628954082727432
6296 3.441792488098145 0.495733380317688 -0.04713519290089607
6297 3.455715656280518 0.4964807033538818 -0.04782113060355186
6298 3.468080997467041 0.4971226751804352 -0.04836767166852951
6299 3.478858232498169 0.4976686835289001 -0.0488031767308712
6300 3.488022089004517 0.4981264770030975 -0.04915216192603111
6301 3.49554967880249 0.4984987378120422 -0.04942610114812851
6302 3.501423597335815 0.4987814426422119 -0.04961865395307541
6303 3.505629301071167 0.4989687204360962 -0.04971565678715706
6304 3.508157014846802 0.4990670382976532 -0.04973364248871803
6305 3.509000062942505 0.4990960657596588 -0.04972827434539795
6306 2.109843254089355 0.4849249422550201 -0.08844840526580811
6307 2.109000205993652 0.4849236309528351 -0.08844323456287384
6308 2.112370729446411 0.4849287569522858 -0.08846333622932434
6309 2.116576433181763 0.4849350154399872 -0.08848687261343002
6310 2.122450351715088 0.484866589307785 -0.08821113407611847
6311 2.129978179931641 0.4847052097320557 -0.08756427466869354
6312 2.139141798019409 0.4844427704811096 -0.086518794298172
6313 2.149919271469116 0.4841630756855011 -0.08540710061788559
6314 2.162284374237061 0.4838868677616119 -0.08430788666009903
6315 2.176207542419434 0.4835785627365112 -0.08308219164609909
6316 2.191655158996582 0.4833784699440002 -0.08225890249013901
6317 2.208590030670166 0.4832091331481934 -0.08153516054153442
6318 2.226971387863159 0.4828741550445557 -0.08017467707395554
6319 2.246754884719849 0.4823717772960663 -0.07818855345249176
6320 2.267892837524414 0.4818627536296844 -0.0761789008975029
6321 2.290334224700928 0.4816215634346008 -0.07511579245328903
6322 2.314025402069092 0.4812025427818298 -0.07339833676815033
6323 2.338908910751343 0.4809944629669189 -0.07239444553852081
6324 2.364924907684326 0.4805362820625305 -0.07049607485532761
6325 2.392010688781738 0.4800528883934021 -0.0684967115521431
6326 2.420100927352905 0.4797678291797638 -0.06714024394750595
6327 2.449128150939941 0.4795623123645782 -0.06601106375455856
6328 2.479022264480591 0.4792275428771973 -0.0644228607416153
6329 2.509711503982544 0.4788435101509094 -0.06264964491128922
6330 2.5411217212677 0.4785683155059814 -0.06119699776172638
6331 2.573177099227905 0.4786090850830078 -0.06069602444767952
6332 2.605800867080688 0.478350967168808 -0.05922585353255272
6333 2.638913869857788 0.4781060814857483 -0.05777248740196228
6334 2.672436952590942 0.4781569540500641 -0.05717965587973595
6335 2.706288814544678 0.4783284664154053 -0.05690427869558334
6336 2.740388154983521 0.4781861901283264 -0.05567013472318649
6337 2.774652719497681 0.4782780408859253 -0.05509575456380844
6338 2.809000015258789 0.4786451458930969 -0.05527840182185173
6339 2.843347549438477 0.4789055585861206 -0.05512327328324318
6340 2.877612113952637 0.4791817367076874 -0.05498737469315529
6341 2.911711454391479 0.4796164631843567 -0.05526953190565109
6342 2.945563316345215 0.480211079120636 -0.05596693605184555
6343 2.97908616065979 0.480586439371109 -0.05604585260152817
6344 3.012199401855469 0.4811933934688568 -0.05673951655626297
6345 3.044822931289673 0.4818927049636841 -0.0576665922999382
6346 3.076878547668457 0.4825900197029114 -0.05857815593481064
6347 3.108288764953613 0.4833631813526154 -0.05968371778726578
6348 3.138977766036987 0.4842904210090637 -0.0611877404153347
6349 3.168872117996216 0.4854215979576111 -0.06322129815816879
6350 3.197899341583252 0.4865106344223022 -0.06514701992273331
6351 3.225989580154419 0.4875886738300323 -0.06705055385828018
6352 3.253075361251831 0.4886663258075714 -0.06896480917930603
6353 3.279091358184814 0.4896812438964844 -0.07072973251342773
6354 3.303974866867065 0.4906654357910156 -0.07243439555168152
6355 3.32766580581665 0.4916974008083344 -0.07429373264312744
6356 3.350107431411743 0.4928278625011444 -0.07645881921052933
6357 3.371245384216309 0.4938344359397888 -0.07833798974752426
6358 3.391028881072998 0.4947367608547211 -0.07998325675725937
6359 3.409410238265991 0.4955307841300964 -0.08138174563646317
6360 3.426344871520996 0.4962238073348999 -0.08255324512720108
6361 3.441792488098145 0.4968243837356567 -0.08352304250001907
6362 3.455715656280518 0.4973412156105042 -0.0843178853392601
6363 3.468080997467041 0.4977806508541107 -0.0849590003490448
6364 3.478858232498169 0.4981513619422913 -0.08547546714544296
6365 3.488022089004517 0.498460441827774 -0.08589247614145279
6366 3.49554967880249 0.4987106323242188 -0.08622191101312637
6367 3.501423597335815 0.498898983001709 -0.08645692467689514
6368 3.505629301071167 0.4990210831165314 -0.08658275008201599
6369 3.508157014846802 0.4990827739238739 -0.08661666512489319
6370 3.509000062942505 0.4991002976894379 -0.08661625534296036
6371 2.109000205993652 0.4893212914466858 -0.1075154542922974
6372 2.109843254089355 0.4893249571323395 -0.1075327843427658
6373 2.112370729446411 0.4893355071544647 -0.1075829267501831
6374 2.116576433181763 0.4893523156642914 -0.1076622381806374
6375 2.122450351715088 0.4893028140068054 -0.1074246242642403
6376 2.129978179931641 0.4891811311244965 -0.1068434044718742
6377 2.139141798019409 0.488981306552887 -0.1058956310153008
6378 2.149919271469116 0.4887729287147522 -0.1049126982688904
6379 2.162284374237061 0.4885762333869934 -0.1039869636297226
6380 2.176207542419434 0.4883571267127991 -0.1029601842164993
6381 2.191655158996582 0.4882292449474335 -0.1023459210991859
6382 2.208590030670166 0.4881269633769989 -0.1018394231796265
6383 2.226971387863159 0.4878954887390137 -0.1007462739944458
6384 2.246754884719849 0.4875150918960571 -0.09899774938821793
6385 2.267892837524414 0.4871329665184021 -0.09725619852542877
6386 2.290334224700928 0.4869749546051025 -0.09647802263498306
6387 2.314025402069092 0.4866825044155121 -0.09512092918157578
6388 2.338908910751343 0.4865629076957703 -0.09448176622390747
6389 2.364924907684326 0.4862187504768372 -0.09290070831775665
6390 2.392010688781738 0.4858664274215698 -0.09129244834184647
6391 2.420100927352905 0.4856782853603363 -0.09034432470798492
6392 2.449128150939941 0.4855585694313049 -0.0896553173661232
6393 2.479022264480591 0.4853343367576599 -0.08854275196790695
6394 2.509711503982544 0.4850345253944397 -0.08713599294424057
6395 2.5411217212677 0.4848462343215942 -0.08615685999393463
6396 2.573177099227905 0.4849126935005188 -0.08612686395645142
6397 2.605800867080688 0.4847238659858704 -0.08512786030769348
6398 2.638913869857788 0.4845295548439026 -0.08411209285259247
6399 2.672436952590942 0.4845835864543915 -0.08399558067321777
6400 2.706288814544678 0.484736829996109 -0.08422116935253143
6401 2.740388154983521 0.4846034348011017 -0.08341898024082184
6402 2.774652719497681 0.4846744239330292 -0.0833393856883049
6403 2.809000015258789 0.4849621653556824 -0.08400356769561768
6404 2.843347549438477 0.4851607382297516 -0.0843498706817627
6405 2.877612113952637 0.4853326082229614 -0.08460213989019394
6406 2.911711454391479 0.4856501817703247 -0.08534366637468338
6407 2.945563316345215 0.4860904812812805 -0.08648862689733505
6408 2.97908616065979 0.4863311946392059 -0.086968794465065
6409 3.012199401855469 0.4867536127567291 -0.08804870396852493
6410 3.044822931289673 0.4872521758079529 -0.08937454223632812
6411 3.076878547668457 0.4877454340457916 -0.09068219363689423
6412 3.108288764953613 0.4882734715938568 -0.09210227429866791
6413 3.138977766036987 0.4889488220214844 -0.0939914882183075
6414 3.168872117996216 0.4897984266281128 -0.09643566608428955
6415 3.197899341583252 0.4906035959720612 -0.09874097257852554
6416 3.225989580154419 0.4913886785507202 -0.1009859815239906
6417 3.253075361251831 0.4921630620956421 -0.1032024621963501
6418 3.279091358184814 0.4928808212280273 -0.1052411645650864
6419 3.303974866867065 0.4935675859451294 -0.1071867048740387
6420 3.32766580581665 0.4942843616008759 -0.1092443838715553
6421 3.350107431411743 0.4950703084468842 -0.1115596815943718
6422 3.371245384216309 0.4957586824893951 -0.1135744228959084
6423 3.391028881072998 0.4963667392730713 -0.1153412759304047
6424 3.409410238265991 0.4968923032283783 -0.1168463826179504
6425 3.426344871520996 0.4973426461219788 -0.1181106492877007
6426 3.441792488098145 0.4977260529994965 -0.1191608235239983
6427 3.455715656280518 0.4980505406856537 -0.1200252175331116
6428 3.468080997467041 0.4983220994472504 -0.1207260563969612
6429 3.478858232498169 0.4985482394695282 -0.1212931275367737
6430 3.488022089004517 0.4987350702285767 -0.1217522993683815
6431 3.49554967880249 0.4988851845264435 -0.1221159473061562
6432 3.501423597335815 0.4989965558052063 -0.1223768815398216
6433 3.505629301071167 0.499066174030304 -0.1225199028849602
6434 3.508157014846802 0.4990990459918976 -0.1225630268454552
6435 3.509000062942505 0.4991077482700348 -0.1225654035806656
6436 2.109000205993652 0.4930436909198761 -0.1271861642599106
6437 2.109843254089355 0.4930486679077148 -0.1272155940532684
6438 2.112370729446411 0.4930630326271057 -0.1273008286952972
6439 2.116576433181763 0.4930857121944427 -0.1274356991052628
6440 2.122450351715088 0.4930523633956909 -0.1272371411323547
6441 2.129978179931641 0.4929657280445099 -0.1267238259315491
6442 2.139141798019409 0.4928216636180878 -0.1258774101734161
6443 2.149919271469116 0.4926755130290985 -0.1250270009040833
6444 2.162284374237061 0.4925456941127777 -0.1242782175540924
6445 2.176207542419434 0.492401510477066 -0.1234540566802025
6446 2.191655158996582 0.4923308193683624 -0.1230505928397179
6447 2.208590030670166 0.4922804832458496 -0.1227622926235199
6448 2.226971387863159 0.4921342134475708 -0.121939554810524
6449 2.246754884719849 0.4918616712093353 -0.1204337850213051
6450 2.267892837524414 0.4915907382965088 -0.1189650148153305
6451 2.290334224700928 0.4914990961551666 -0.11847173422575
6452 2.314025402069092 0.4913113117218018 -0.1174771189689636
6453 2.338908910751343 0.4912588596343994 -0.1172008141875267
6454 2.364924907684326 0.491014301776886 -0.1159380227327347
6455 2.392010688781738 0.4907735288143158 -0.1147214770317078
6456 2.420100927352905 0.4906626343727112 -0.1141783595085144
6457 2.449128150939941 0.4906078279018402 -0.1139240488409996
6458 2.479022264480591 0.4904721975326538 -0.1132827177643776
6459 2.509711503982544 0.4902484714984894 -0.1122369393706322
6460 2.5411217212677 0.4901301860809326 -0.1117235794663429
6461 2.573177099227905 0.4902078211307526 -0.1121506318449974
6462 2.605800867080688 0.490077018737793 -0.1116122007369995
6463 2.638913869857788 0.4899283945560455 -0.111021600663662
6464 2.672436952590942 0.4899789988994598 -0.1113633140921593
6465 2.706288814544678 0.4901073276996613 -0.112068735063076
6466 2.740388154983521 0.4899872243404388 -0.111680306494236
6467 2.774652719497681 0.4900370836257935 -0.1120729446411133
6468 2.809000015258789 0.4902492463588715 -0.113190270960331
6469 2.843347549438477 0.4903900325298309 -0.114010363817215
6470 2.877612113952637 0.4904776215553284 -0.1146202608942986
6471 2.911711454391479 0.4906919300556183 -0.1157878860831261
6472 2.945563316345215 0.4909951984882355 -0.1173433288931847
6473 2.97908616065979 0.4911263585090637 -0.1181897297501564
6474 3.012199401855469 0.4913928508758545 -0.1196159720420837
6475 3.044822931289673 0.4917191565036774 -0.1212986707687378
6476 3.076878547668457 0.4920382499694824 -0.1229599788784981
6477 3.108288764953613 0.4923623204231262 -0.1246490925550461
6478 3.138977766036987 0.4928184151649475 -0.1268764138221741
6479 3.168872117996216 0.4934158027172089 -0.1296809911727905
6480 3.197899341583252 0.4939699769020081 -0.1323158890008926
6481 3.225989580154419 0.4944993555545807 -0.1348521113395691
6482 3.253075361251831 0.4950118362903595 -0.1373202502727509
6483 3.279091358184814 0.4954759776592255 -0.1395833939313889
6484 3.303974866867065 0.4959115087985992 -0.1417212337255478
6485 3.32766580581665 0.4963629841804504 -0.1439278572797775
6486 3.350107431411743 0.496858537197113 -0.1463421285152435
6487 3.371245384216309 0.4972816705703735 -0.1484445929527283
6488 3.391028881072998 0.4976467490196228 -0.1502884477376938
6489 3.409410238265991 0.4979532659053802 -0.1518590897321701
6490 3.426344871520996 0.498208075761795 -0.1531786471605301
6491 3.441792488098145 0.4984184503555298 -0.1542753577232361
6492 3.455715656280518 0.4985913038253784 -0.1551790684461594
6493 3.468080997467041 0.4987318515777588 -0.1559129953384399
6494 3.478858232498169 0.4988460540771484 -0.1565075814723969
6495 3.488022089004517 0.4989387392997742 -0.1569893360137939
6496 3.49554967880249 0.4990120530128479 -0.1573711037635803
6497 3.501423597335815 0.4990648627281189 -0.1576454937458038
6498 3.505629301071167 0.4990953803062439 -0.1577970683574677
6499 3.508157014846802 0.4991076588630676 -0.1578444987535477
6500 3.509000062942505 0.4991102814674377 -0.1578481048345566
6501 2.109000205993652 0.4960383474826813 -0.1474830955266953
6502 2.109843254089355 0.4960435628890991 -0.1475244462490082
6503 2.112370729446411 0.4960587024688721 -0.1476441323757172
6504 2.116576433181763 0.4960825145244598 -0.1478335410356522
6505 2.122450351715088 0.4960622787475586 -0.1476744562387466
6506 2.129978179931641 0.4960056841373444 -0.1472304463386536
6507 2.139141798019409 0.4959100186824799 -0.1464878171682358
6508 2.149919271469116 0.4958162307739258 -0.1457720398902893
6509 2.162284374237061 0.4957398772239685 -0.1452014595270157
6510 2.176207542419434 0.4956554174423218 -0.1445811837911606
6511 2.191655158996582 0.4956261813640594 -0.1443877816200256
6512 2.208590030670166 0.4956119060516357 -0.1443161517381668
6513 2.226971387863159 0.4955315589904785 -0.1437639445066452
6514 2.246754884719849 0.4953515529632568 -0.1425037682056427
6515 2.267892837524414 0.4951747953891754 -0.1413099765777588
6516 2.290334224700928 0.4951319098472595 -0.1410990953445435
6517 2.314025402069092 0.4950255751609802 -0.1404657810926437
6518 2.338908910751343 0.495017945766449 -0.1405474692583084
6519 2.364924907684326 0.4948574602603912 -0.1396020501852036
6520 2.392010688781738 0.4947072863578796 -0.1387752890586853
6521 2.420100927352905 0.4946528971195221 -0.1386314481496811
6522 2.449128150939941 0.4946411848068237 -0.1388039290904999
6523 2.479022264480591 0.4945709705352783 -0.1386269479990005
6524 2.509711503982544 0.494414210319519 -0.137936607003212
6525 2.5411217212677 0.4943481087684631 -0.137879952788353
6526 2.573177099227905 0.4944220781326294 -0.1387494206428528
6527 2.605800867080688 0.4943371713161469 -0.1386609077453613
6528 2.638913869857788 0.4942287504673004 -0.1384842246770859
6529 2.672436952590942 0.4942691624164581 -0.1392671763896942
6530 2.706288814544678 0.4943660199642181 -0.140432596206665
6531 2.740388154983521 0.4942632913589478 -0.1404429227113724
6532 2.774652719497681 0.4942918717861176 -0.1412878930568695
6533 2.809000015258789 0.4944329261779785 -0.1428334712982178
6534 2.843347549438477 0.494520515203476 -0.1441034078598022
6535 2.877612113952637 0.4945448338985443 -0.1450468599796295
6536 2.911711454391479 0.4946707785129547 -0.1466128975152969
6537 2.945563316345215 0.4948559105396271 -0.1485480666160583
6538 2.97908616065979 0.4949037432670593 -0.1497333347797394
6539 3.012199401855469 0.4950447678565979 -0.1514744013547897
6540 3.044822931289673 0.4952292740345001 -0.1534804999828339
6541 3.076878547668457 0.4954061508178711 -0.1554618179798126
6542 3.108288764953613 0.4955699443817139 -0.1573851704597473
6543 3.138977766036987 0.4958419799804688 -0.1599128246307373
6544 3.168872117996216 0.4962194561958313 -0.1630363911390305
6545 3.197899341583252 0.496558666229248 -0.1659602522850037
6546 3.225989580154419 0.4968726634979248 -0.1687475144863129
6547 3.253075361251831 0.4971678555011749 -0.1714274734258652
6548 3.279091358184814 0.4974252581596375 -0.1738767474889755
6549 3.303974866867065 0.4976589381694794 -0.1761696934700012
6550 3.32766580581665 0.4978983700275421 -0.1784878075122833
6551 3.350107431411743 0.4981614649295807 -0.1809623539447784
6552 3.371245384216309 0.4983758330345154 -0.1831169426441193
6553 3.391028881072998 0.4985524713993073 -0.1850049495697021
6554 3.409410238265991 0.4986923336982727 -0.1866113394498825
6555 3.426344871520996 0.498801201581955 -0.1879593878984451
6556 3.441792488098145 0.4988849461078644 -0.1890787482261658
6557 3.455715656280518 0.4989489018917084 -0.1900006681680679
6558 3.468080997467041 0.4989970028400421 -0.190749317407608
6559 3.478858232498169 0.4990333318710327 -0.1913556456565857
6560 3.488022089004517 0.4990611672401428 -0.191846638917923
6561 3.49554967880249 0.4990820586681366 -0.1922356337308884
6562 3.501423597335815 0.4990954101085663 -0.1925151348114014
6563 3.505629301071167 0.4991007149219513 -0.1926695853471756
6564 3.508157014846802 0.4991008639335632 -0.1927182078361511
6565 3.509000062942505 0.4991002976894379 -0.1927221119403839
6566 2.109000205993652 0.498243659734726 -0.1684282124042511
6567 2.109843254089355 0.4982481002807617 -0.1684810668230057
6568 2.112370729446411 0.4982609152793884 -0.1686340719461441
6569 2.116576433181763 0.4982810020446777 -0.1688762158155441
6570 2.122450351715088 0.4982707798480988 -0.168756514787674
6571 2.129978179931641 0.4982388913631439 -0.1683823317289352
6572 2.139141798019409 0.4981837868690491 -0.1677446067333221
6573 2.149919271469116 0.4981321394443512 -0.1671638637781143
6574 2.162284374237061 0.49809530377388 -0.1667704880237579
6575 2.176207542419434 0.4980547726154327 -0.1663527935743332
6576 2.191655158996582 0.4980507791042328 -0.1663661897182465
6577 2.208590030670166 0.4980563223361969 -0.1665071994066238
6578 2.226971387863159 0.4980219602584839 -0.1662224978208542
6579 2.246754884719849 0.497918426990509 -0.1652083843946457
6580 2.267892837524414 0.4978180527687073 -0.1642891615629196
6581 2.290334224700928 0.4978057742118835 -0.164355605840683
6582 2.314025402069092 0.4977570474147797 -0.1640789806842804
6583 2.338908910751343 0.4977715611457825 -0.1645106226205826
6584 2.364924907684326 0.4976789653301239 -0.1638797372579575
6585 2.392010688781738 0.4975978136062622 -0.163438081741333
6586 2.420100927352905 0.4975787997245789 -0.1636852324008942
6587 2.449128150939941 0.4975881576538086 -0.1642740219831467
6588 2.479022264480591 0.4975599050521851 -0.1645517796278
6589 2.509711503982544 0.4974607229232788 -0.164211094379425
6590 2.5411217212677 0.4974287748336792 -0.1646005511283875
6591 2.573177099227905 0.4974846243858337 -0.1658969670534134
6592 2.605800867080688 0.4974335134029388 -0.1662474125623703
6593 2.638913869857788 0.4973599314689636 -0.166474312543869
6594 2.672436952590942 0.4973840117454529 -0.1676824539899826
6595 2.706288814544678 0.4974437355995178 -0.169289156794548
6596 2.740388154983521 0.4973629117012024 -0.1696862280368805
6597 2.774652719497681 0.4973708987236023 -0.1709660291671753
6598 2.809000015258789 0.4974466860294342 -0.1729183793067932
6599 2.843347549438477 0.4974869191646576 -0.1746176779270172
6600 2.877612113952637 0.4974703192710876 -0.1758769601583481
6601 2.911711454391479 0.4975244998931885 -0.1778191775083542
6602 2.945563316345215 0.4976123869419098 -0.1801095455884933
6603 2.97908616065979 0.4976048171520233 -0.1816138327121735
6604 3.012199401855469 0.4976528286933899 -0.1836465299129486
6605 3.044822931289673 0.4977283477783203 -0.1859509944915771
6606 3.076878547668457 0.4977972805500031 -0.1882273256778717
6607 3.108288764953613 0.497846931219101 -0.1903608441352844
6608 3.138977766036987 0.4979729354381561 -0.1931603699922562
6609 3.168872117996216 0.4981661438941956 -0.1965703666210175
6610 3.197899341583252 0.4983296394348145 -0.1997520625591278
6611 3.225989580154419 0.4984718859195709 -0.2027603536844254
6612 3.253075361251831 0.498597651720047 -0.2056230902671814
6613 3.279091358184814 0.4986982047557831 -0.2082313597202301
6614 3.303974866867065 0.4987823665142059 -0.2106537073850632
6615 3.32766580581665 0.4988661110401154 -0.2130579054355621
6616 3.350107431411743 0.4989579617977142 -0.2155668586492538
6617 3.371245384216309 0.4990228414535522 -0.2177503257989883
6618 3.391028881072998 0.4990682005882263 -0.219661608338356
6619 3.409410238265991 0.499096006155014 -0.221285343170166
6620 3.426344871520996 0.499110609292984 -0.2226458638906479
6621 3.441792488098145 0.4991158843040466 -0.2237740010023117
6622 3.455715656280518 0.4991150796413422 -0.2247022539377213
6623 3.468080997467041 0.4991104900836945 -0.225455567240715
6624 3.478858232498169 0.4991040825843811 -0.2260651737451553
6625 3.488022089004517 0.4990972876548767 -0.2265583872795105
6626 3.49554967880249 0.4990906715393066 -0.2269489318132401
6627 3.501423597335815 0.4990842342376709 -0.2272292673587799
6628 3.505629301071167 0.4990785717964172 -0.2273838818073273
6629 3.508157014846802 0.499075174331665 -0.2274324148893356
6630 3.509000062942505 0.4990743100643158 -0.2274362593889236
6631 2.109000205993652 0.499589204788208 -0.1900360584259033
6632 2.109843254089355 0.4995917975902557 -0.190099835395813
6633 2.112370729446411 0.4995991885662079 -0.1902845203876495
6634 2.116576433181763 0.4996107518672943 -0.1905767619609833
6635 2.122450351715088 0.4996073246002197 -0.1904958337545395
6636 2.129978179931641 0.4995947182178497 -0.1901911050081253
6637 2.139141798019409 0.4995721280574799 -0.1896580755710602
6638 2.149919271469116 0.4995520412921906 -0.1892111003398895
6639 2.162284374237061 0.4995405673980713 -0.1889916360378265
6640 2.176207542419434 0.4995280206203461 -0.1887726634740829
6641 2.191655158996582 0.4995330274105072 -0.1889869570732117
6642 2.208590030670166 0.4995422661304474 -0.1893340349197388
6643 2.226971387863159 0.4995339512825012 -0.189310759305954
6644 2.246754884719849 0.4994905591011047 -0.1885407418012619
6645 2.267892837524414 0.4994485974311829 -0.1878930479288101
6646 2.290334224700928 0.499449223279953 -0.1882291734218597
6647 2.314025402069092 0.4994344115257263 -0.1883011907339096
6648 2.338908910751343 0.4994490742683411 -0.1890716403722763
6649 2.364924907684326 0.4994085133075714 -0.1887504756450653
6650 2.392010688781738 0.4993752837181091 -0.1886864751577377
6651 2.420100927352905 0.4993715286254883 -0.1893138289451599
6652 2.449128150939941 0.4993811845779419 -0.1903059035539627
6653 2.479022264480591 0.4993726015090942 -0.1910261958837509
6654 2.509711503982544 0.4993226826190948 -0.1910291463136673
6655 2.5411217212677 0.4993084669113159 -0.1918526887893677
6656 2.573177099227905 0.4993340075016022 -0.193559855222702
6657 2.605800867080688 0.4993064403533936 -0.1943381279706955
6658 2.638913869857788 0.4992642104625702 -0.194959357380867
6659 2.672436952590942 0.499268501996994 -0.1965777277946472
6660 2.706288814544678 0.4992884397506714 -0.1986083537340164
6661 2.740388154983521 0.4992364346981049 -0.1993832588195801
6662 2.774652719497681 0.4992275834083557 -0.2010830938816071
6663 2.809000015258789 0.499247670173645 -0.2034243494272232
6664 2.843347549438477 0.4992500245571136 -0.2055363357067108
6665 2.877612113952637 0.4992181956768036 -0.2071003168821335
6666 2.911711454391479 0.4992211759090424 -0.2094022929668427
6667 2.945563316345215 0.499237060546875 -0.2120299339294434
6668 2.97908616065979 0.4992057383060455 -0.2138412296772003
6669 3.012199401855469 0.4991975426673889 -0.2161510288715363
6670 3.044822931289673 0.4992013573646545 -0.2187375873327255
6671 3.076878547668457 0.4992011189460754 -0.2212930768728256
6672 3.108288764953613 0.499187171459198 -0.2236237674951553
6673 3.138977766036987 0.4992101788520813 -0.2266765236854553
6674 3.168872117996216 0.4992604553699493 -0.2303498089313507
6675 3.197899341583252 0.4992928802967072 -0.2337681800127029
6676 3.225989580154419 0.4993122816085815 -0.2369781285524368
6677 3.253075361251831 0.4993215799331665 -0.2400060147047043
6678 3.279091358184814 0.4993199706077576 -0.2427577376365662
6679 3.303974866867065 0.4993115365505219 -0.2452957481145859
6680 3.32766580581665 0.4993003606796265 -0.2477732002735138
6681 3.350107431411743 0.4992864429950714 -0.2503039538860321
6682 3.371245384216309 0.4992651641368866 -0.252505898475647
6683 3.391028881072998 0.4992399215698242 -0.2544318735599518
6684 3.409410238265991 0.4992134869098663 -0.2560662925243378
6685 3.426344871520996 0.4991882145404816 -0.2574343085289001
6686 3.441792488098145 0.4991655945777893 -0.2585676610469818
6687 3.455715656280518 0.4991462826728821 -0.2594998180866241
6688 3.468080997467041 0.4991305768489838 -0.2602562010288239
6689 3.478858232498169 0.4991180896759033 -0.260868102312088
6690 3.488022089004517 0.4991080760955811 -0.2613629400730133
6691 3.49554967880249 0.4991000294685364 -0.2617546617984772
6692 3.501423597335815 0.4990942478179932 -0.2620357573032379
6693 3.505629301071167 0.499092310667038 -0.2621908485889435
6694 3.508157014846802 0.4990942776203156 -0.2622398138046265
6695 3.509000062942505 0.4990960359573364 -0.2622438669204712
6696 2.109000205993652 0.4999959468841553 -0.2123121023178101
6697 2.109843254089355 0.4999956488609314 -0.2123860865831375
6698 2.112370729446411 0.499994695186615 -0.2126002609729767
6699 2.116576433181763 0.4999930262565613 -0.2129392176866531
6700 2.122450351715088 0.499993234872818 -0.2128959000110626
6701 2.129978179931641 0.4999943375587463 -0.2126593738794327
6702 2.139141798019409 0.4999960064888 -0.2122295349836349
6703 2.149919271469116 0.4999968707561493 -0.2119133323431015
6704 2.162284374237061 0.4999966323375702 -0.2118621915578842
6705 2.176207542419434 0.499996155500412 -0.2118355482816696
6706 2.191655158996582 0.4999941885471344 -0.2122423201799393
6707 2.208590030670166 0.4999912977218628 -0.212786391377449
6708 2.226971387863159 0.499989241361618 -0.2130153626203537
6709 2.246754884719849 0.4999895393848419 -0.2124850898981094
6710 2.267892837524414 0.4999880492687225 -0.2121032625436783
6711 2.290334224700928 0.4999841451644897 -0.2126989513635635
6712 2.314025402069092 0.4999799728393555 -0.213108167052269
6713 2.338908910751343 0.499973475933075 -0.2142032533884048
6714 2.364924907684326 0.4999692142009735 -0.2141850739717484
6715 2.392010688781738 0.4999631643295288 -0.2144886702299118
6716 2.420100927352905 0.4999551475048065 -0.2154830247163773
6717 2.449128150939941 0.4999452233314514 -0.2168629914522171
6718 2.479022264480591 0.4999348819255829 -0.2180110663175583
6719 2.509711503982544 0.4999260604381561 -0.2183515727519989
6720 2.5411217212677 0.4999139606952667 -0.2195958644151688
6721 2.573177099227905 0.4998982846736908 -0.2216971516609192
6722 2.605800867080688 0.4998847246170044 -0.2228920757770538
6723 2.638913869857788 0.4998708069324493 -0.2238996028900146
6724 2.672436952590942 0.4998528957366943 -0.2259146124124527
6725 2.706288814544678 0.4998318254947662 -0.2283533960580826
6726 2.740388154983521 0.4998159110546112 -0.2295005619525909
6727 2.774652719497681 0.4997950792312622 -0.2316085398197174
6728 2.809000015258789 0.4997703731060028 -0.2343248128890991
6729 2.843347549438477 0.4997456073760986 -0.2368368953466415
6730 2.877612113952637 0.4997246861457825 -0.2387012839317322
6731 2.911711454391479 0.4996982216835022 -0.2413526624441147
6732 2.945563316345215 0.4996685385704041 -0.2443065941333771
6733 2.97908616065979 0.4996456503868103 -0.2464209794998169
6734 3.012199401855469 0.4996186792850494 -0.2490023523569107
6735 3.044822931289673 0.4995890259742737 -0.2518638968467712
6736 3.076878547668457 0.4995593130588531 -0.2546920776367188
6737 3.108288764953613 0.4995326399803162 -0.2572183609008789
6738 3.138977766036987 0.4994969069957733 -0.2605158686637878
6739 3.168872117996216 0.4994473457336426 -0.2644391655921936
6740 3.197899341583252 0.4993950426578522 -0.2680834829807281
6741 3.225989580154419 0.499341756105423 -0.2714868783950806
6742 3.253075361251831 0.4992886185646057 -0.2746739685535431
6743 3.279091358184814 0.4992403090000153 -0.277565598487854
6744 3.303974866867065 0.4991966187953949 -0.2802177965641022
6745 3.32766580581665 0.4991515576839447 -0.2827684879302979
6746 3.350107431411743 0.4990975260734558 -0.2853218913078308
6747 3.371245384216309 0.4990532100200653 -0.2875449955463409
6748 3.391028881072998 0.499017745256424 -0.2894895672798157
6749 3.409410238265991 0.4989943504333496 -0.2911399006843567
6750 3.426344871520996 0.4989829361438751 -0.292521595954895
6751 3.441792488098145 0.4989821910858154 -0.2936669588088989
6752 3.455715656280518 0.4989898502826691 -0.2946099638938904
6753 3.468080997467041 0.4990037977695465 -0.2953763604164124
6754 3.478858232498169 0.499021053314209 -0.2959970533847809
6755 3.488022089004517 0.4990386068820953 -0.2964993417263031
6756 3.49554967880249 0.499054491519928 -0.2968972027301788
6757 3.501423597335815 0.4990693330764771 -0.2971831560134888
6758 3.505629301071167 0.4990854263305664 -0.2973420321941376
6759 3.508157014846802 0.499101310968399 -0.2973937690258026
6760 3.509000062942505 0.4991085529327393 -0.2973989248275757
6761 2.109000205993652 0.49937704205513 -0.2352511882781982
6762 2.109843254089355 0.4993728697299957 -0.2353344410657883
6763 2.112370729446411 0.4993607699871063 -0.2355754822492599
6764 2.116576433181763 0.4993414282798767 -0.2359569519758224
6765 2.122450351715088 0.4993421137332916 -0.2359496057033539
6766 2.129978179931641 0.499351441860199 -0.2357791215181351
6767 2.139141798019409 0.4993692636489868 -0.2354496568441391
6768 2.149919271469116 0.4993805885314941 -0.235259547829628
6769 2.162284374237061 0.4993778765201569 -0.2353689521551132
6770 2.176207542419434 0.4993740022182465 -0.2355257570743561
6771 2.191655158996582 0.4993497729301453 -0.2361141294240952
6772 2.208590030670166 0.4993196725845337 -0.2368437349796295
6773 2.226971387863159 0.4993049800395966 -0.237312838435173
6774 2.246754884719849 0.499332994222641 -0.2370156049728394
6775 2.267892837524414 0.4993545114994049 -0.2368915379047394
6776 2.290334224700928 0.4993298649787903 -0.2377342730760574
6777 2.314025402069092 0.4993143379688263 -0.2384660840034485
6778 2.338908910751343 0.499267041683197 -0.2398688644170761
6779 2.364924907684326 0.4992843568325043 -0.2401452213525772
6780 2.392010688781738 0.4992860853672028 -0.2408039122819901
6781 2.420100927352905 0.4992562532424927 -0.2421499490737915
6782 2.449128150939941 0.4992091059684753 -0.2439003586769104
6783 2.479022264480591 0.4991778433322906 -0.2454593777656555
6784 2.509711503982544 0.4992033839225769 -0.2461315393447876
6785 2.5411217212677 0.4991801977157593 -0.2477823346853256
6786 2.573177099227905 0.4991151988506317 -0.2502610683441162
6787 2.605800867080688 0.4991084635257721 -0.2518619000911713
6788 2.638913869857788 0.4991219639778137 -0.253249317407608
6789 2.672436952590942 0.4990823268890381 -0.255649209022522
6790 2.706288814544678 0.4990222454071045 -0.2584825456142426
6791 2.740388154983521 0.4990517497062683 -0.2600001394748688
6792 2.774652719497681 0.499026745557785 -0.262507826089859
6793 2.809000015258789 0.4989714920520782 -0.2655898034572601
6794 2.843347549438477 0.4989335536956787 -0.2684940695762634
6795 2.877612113952637 0.4989518225193024 -0.2706618905067444
6796 2.911711454391479 0.4989206492900848 -0.2736589908599854
6797 2.945563316345215 0.4988751113414764 -0.2769358158111572
6798 2.97908616065979 0.4988950192928314 -0.2793579399585724
6799 3.012199401855469 0.498889148235321 -0.282214879989624
6800 3.044822931289673 0.4988669753074646 -0.2853540182113647
6801 3.076878547668457 0.4988501071929932 -0.2884584069252014
6802 3.108288764953613 0.4988633692264557 -0.2911905348300934
6803 3.138977766036987 0.4988161027431488 -0.2947350442409515
6804 3.168872117996216 0.498713493347168 -0.2989057302474976
6805 3.197899341583252 0.4986259937286377 -0.3027763664722443
6806 3.225989580154419 0.4985530972480774 -0.3063766956329346
6807 3.253075361251831 0.4984939098358154 -0.3097293674945831
6808 3.279091358184814 0.4984563887119293 -0.3127698004245758
6809 3.303974866867065 0.4984364807605743 -0.3155474066734314
6810 3.32766580581665 0.4984197020530701 -0.3181845247745514
6811 3.350107431411743 0.4983920156955719 -0.3207753598690033
6812 3.371245384216309 0.4983883500099182 -0.3230355679988861
6813 3.391028881072998 0.4984033405780792 -0.3250153362751007
6814 3.409410238265991 0.49844029545784 -0.3266988098621368
6815 3.426344871520996 0.4984963834285736 -0.3281116485595703
6816 3.441792488098145 0.4985670149326324 -0.3292862772941589
6817 3.455715656280518 0.4986466467380524 -0.3302567005157471
6818 3.468080997467041 0.4987305998802185 -0.3310485184192657
6819 3.478858232498169 0.4988130331039429 -0.331692099571228
6820 3.488022089004517 0.4988884329795837 -0.3322140574455261
6821 3.49554967880249 0.4989533126354218 -0.3326283395290375
6822 3.501423597335815 0.4990083873271942 -0.332927405834198
6823 3.505629301071167 0.4990565478801727 -0.3330964148044586
6824 3.508157014846802 0.4990946650505066 -0.3331550657749176
6825 3.509000062942505 0.4991101622581482 -0.333162784576416
6826 2.109000205993652 0.4976387023925781 -0.2588357925415039
6827 2.109843254089355 0.4976297914981842 -0.2589272558689117
6828 2.112370729446411 0.4976038932800293 -0.259192019701004
6829 2.116576433181763 0.4975628256797791 -0.2596110999584198
6830 2.122450351715088 0.4975610077381134 -0.2596375942230225
6831 2.129978179931641 0.4975732862949371 -0.2595301568508148
6832 2.139141798019409 0.4975992441177368 -0.2592969834804535
6833 2.149919271469116 0.4976109862327576 -0.2592267096042633
6834 2.162284374237061 0.4975927770137787 -0.2594867348670959
6835 2.176207542419434 0.4975709319114685 -0.2598157823085785
6836 2.191655158996582 0.4975103139877319 -0.2605725824832916
6837 2.208590030670166 0.4974392056465149 -0.261474072933197
6838 2.226971387863159 0.497394323348999 -0.2621684372425079
6839 2.246754884719849 0.4974349141120911 -0.2620954215526581
6840 2.267892837524414 0.497463196516037 -0.2622186839580536
6841 2.290334224700928 0.4974031746387482 -0.2632939517498016
6842 2.314025402069092 0.4973563253879547 -0.2643308937549591
6843 2.338908910751343 0.4972510039806366 -0.2660220265388489
6844 2.364924907684326 0.497276782989502 -0.2665830850601196
6845 2.392010688781738 0.4972692131996155 -0.2675823867321014
6846 2.420100927352905 0.497202605009079 -0.2692632079124451
6847 2.449128150939941 0.4971037209033966 -0.2713651359081268
6848 2.479022264480591 0.4970356523990631 -0.2733167409896851
6849 2.509711503982544 0.4970909357070923 -0.2743152976036072
6850 2.5411217212677 0.4970466792583466 -0.2763581871986389
6851 2.573177099227905 0.4969280064105988 -0.2791983783245087
6852 2.605800867080688 0.4969241917133331 -0.2811955213546753
6853 2.638913869857788 0.4969669878482819 -0.2829587459564209
6854 2.672436952590942 0.4969097971916199 -0.2857343852519989
6855 2.706288814544678 0.4968168139457703 -0.2889517247676849
6856 2.740388154983521 0.4969038069248199 -0.2908424437046051
6857 2.774652719497681 0.4968862533569336 -0.2937457859516144
6858 2.809000015258789 0.4968186318874359 -0.2971896827220917
6859 2.843347549438477 0.4967856407165527 -0.3004838824272156
6860 2.877612113952637 0.4968737661838531 -0.3029662370681763
6861 2.911711454391479 0.4968663156032562 -0.3063131272792816
6862 2.945563316345215 0.4968382120132446 -0.3099179267883301
6863 2.97908616065979 0.4969379603862762 -0.3126620054244995
6864 3.012199401855469 0.4969958066940308 -0.315808892250061
6865 3.044822931289673 0.4970249831676483 -0.3192388117313385
6866 3.076878547668457 0.4970662295818329 -0.3226339817047119
6867 3.108288764953613 0.497173935174942 -0.3255948126316071
6868 3.138977766036987 0.4971653521060944 -0.3294004499912262
6869 3.168872117996216 0.4970603585243225 -0.3338274955749512
6870 3.197899341583252 0.4969906210899353 -0.3379369974136353
6871 3.225989580154419 0.4969539940357208 -0.3417504131793976
6872 3.253075361251831 0.4969474971294403 -0.3452882170677185
6873 3.279091358184814 0.4969801008701324 -0.3484996557235718
6874 3.303974866867065 0.4970442950725555 -0.3514273166656494
6875 3.32766580581665 0.4971189200878143 -0.354177862405777
6876 3.350107431411743 0.4971842467784882 -0.3568351864814758
6877 3.371245384216309 0.497284859418869 -0.3591621220111847
6878 3.391028881072998 0.4974107444286346 -0.3612068295478821
6879 3.409410238265991 0.4975649416446686 -0.3629530072212219
6880 3.426344871520996 0.4977414906024933 -0.3644260466098785
6881 3.441792488098145 0.4979322254657745 -0.3656578361988068
6882 3.455715656280518 0.4981280863285065 -0.3666819334030151
6883 3.468080997467041 0.498321533203125 -0.3675234019756317
6884 3.478858232498169 0.4985037744045258 -0.3682115077972412
6885 3.488022089004517 0.4986666142940521 -0.3687720000743866
6886 3.49554967880249 0.4988049566745758 -0.3692184090614319
6887 3.501423597335815 0.4989193379878998 -0.3695431053638458
6888 3.505629301071167 0.4990131855010986 -0.3697315454483032
6889 3.508157014846802 0.4990816414356232 -0.3698030710220337
6890 3.509000062942505 0.4991080164909363 -0.3698154389858246
6891 2.109000205993652 0.4946814179420471 -0.2830345034599304
6892 2.109843254089355 0.4946669340133667 -0.283132940530777
6893 2.112370729446411 0.4946250021457672 -0.2834179103374481
6894 2.116576433181763 0.4945586621761322 -0.2838690280914307
6895 2.122450351715088 0.4945515096187592 -0.2839266955852509
6896 2.129978179931641 0.4945617318153381 -0.2838785350322723
6897 2.139141798019409 0.494588315486908 -0.2837364375591278
6898 2.149919271469116 0.4945910573005676 -0.2837782204151154
6899 2.162284374237061 0.4945454299449921 -0.2841770350933075
6900 2.176207542419434 0.49449223279953 -0.2846649289131165
6901 2.191655158996582 0.4943825900554657 -0.2855749130249023
6902 2.208590030670166 0.4942583441734314 -0.2866326570510864
6903 2.226971387863159 0.4941676259040833 -0.2875350415706635
6904 2.246754884719849 0.4942069947719574 -0.2876754999160767
6905 2.267892837524414 0.4942273795604706 -0.2880337238311768
6906 2.290334224700928 0.4941196143627167 -0.2893252968788147
6907 2.314025402069092 0.4940241873264313 -0.2906476259231567
6908 2.338908910751343 0.4938466548919678 -0.2926059663295746
6909 2.364924907684326 0.4938699305057526 -0.2934409081935883
6910 2.392010688781738 0.4938388764858246 -0.2947649359703064
6911 2.420100927352905 0.4937239289283752 -0.2967627346515656
6912 2.449128150939941 0.4935626089572906 -0.2991965711116791
6913 2.479022264480591 0.4934459626674652 -0.3015217483043671
6914 2.509711503982544 0.4935289025306702 -0.3028427958488464
6915 2.5411217212677 0.4934576749801636 -0.30526402592659
6916 2.573177099227905 0.4932854473590851 -0.3084514439105988
6917 2.605800867080688 0.4932845234870911 -0.3108373582363129
6918 2.638913869857788 0.4933619499206543 -0.3129755258560181
6919 2.672436952590942 0.4932955801486969 -0.3161215782165527
6920 2.706288814544678 0.4931804835796356 -0.3197166621685028
6921 2.740388154983521 0.4933402240276337 -0.3219886422157288
6922 2.774652719497681 0.4933460354804993 -0.3252891898155212
6923 2.809000015258789 0.493288666009903 -0.3290979862213135
6924 2.843347549438477 0.4932831227779388 -0.3327868580818176
6925 2.877612113952637 0.4934745132923126 -0.3356040418148041
6926 2.911711454391479 0.4935230314731598 -0.3393136560916901
6927 2.945563316345215 0.4935494959354401 -0.3432614207267761
6928 2.97908616065979 0.4937687814235687 -0.3463521599769592
6929 3.012199401855469 0.493935614824295 -0.3498149812221527
6930 3.044822931289673 0.4940630197525024 -0.3535608053207397
6931 3.076878547668457 0.4942104816436768 -0.3572733402252197
6932 3.108288764953613 0.494468480348587 -0.3604994118213654
6933 3.138977766036987 0.4945518374443054 -0.3645932376384735
6934 3.168872117996216 0.4944987595081329 -0.3692987561225891
6935 3.197899341583252 0.4945028722286224 -0.3736730515956879
6936 3.225989580154419 0.4945609569549561 -0.3777295649051666
6937 3.253075361251831 0.4946677386760712 -0.3814862668514252
6938 3.279091358184814 0.4948311150074005 -0.3849050998687744
6939 3.303974866867065 0.495040625333786 -0.3880217671394348
6940 3.32766580581665 0.4952698349952698 -0.3909272849559784
6941 3.350107431411743 0.4954943358898163 -0.393695056438446
6942 3.371245384216309 0.495762050151825 -0.3961326777935028
6943 3.391028881072998 0.4960582852363586 -0.3982855379581451
6944 3.409410238265991 0.4963854253292084 -0.4001368582248688
6945 3.426344871520996 0.496734082698822 -0.4017109572887421
6946 3.441792488098145 0.4970923662185669 -0.4030387997627258
6947 3.455715656280518 0.4974473416805267 -0.4041528105735779
6948 3.468080997467041 0.4977884888648987 -0.4050770103931427
6949 3.478858232498169 0.49810391664505 -0.4058391451835632
6950 3.488022089004517 0.4983827769756317 -0.4064636826515198
6951 3.49554967880249 0.4986181259155273 -0.4069634079933167
6952 3.501423597335815 0.498810201883316 -0.4073306024074554
6953 3.505629301071167 0.4989627301692963 -0.4075509309768677
6954 3.508157014846802 0.4990691840648651 -0.4076431095600128
6955 3.509000062942505 0.4991089403629303 -0.4076628088951111
6956 2.109000205993652 0.4904015064239502 -0.3078005611896515
6957 2.109843254089355 0.4903808236122131 -0.3079045712947845
6958 2.112370729446411 0.4903209805488586 -0.3082058429718018
6959 2.116576433181763 0.4902263581752777 -0.3086828291416168
6960 2.122450351715088 0.4902114272117615 -0.3087686896324158
6961 2.129978179931641 0.4902149438858032 -0.3087752461433411
6962 2.139141798019409 0.4902352392673492 -0.3087178766727448
6963 2.149919271469116 0.4902204871177673 -0.3088625967502594
6964 2.162284374237061 0.4901368618011475 -0.3093866109848022
6965 2.176207542419434 0.49004065990448 -0.3100180923938751
6966 2.191655158996582 0.4898712635040283 -0.3110642731189728
6967 2.208590030670166 0.4896837770938873 -0.3122610151767731
6968 2.226971387863159 0.4895339012145996 -0.313352108001709
6969 2.246754884719849 0.4895600080490112 -0.3136938512325287
6970 2.267892837524414 0.4895598590373993 -0.3142730593681335
6971 2.290334224700928 0.4893946051597595 -0.3157635927200317
6972 2.314025402069092 0.4892366230487823 -0.317349761724472
6973 2.338908910751343 0.4889764189720154 -0.3195529878139496
6974 2.364924907684326 0.4889887869358063 -0.3206507861614227
6975 2.392010688781738 0.4889234900474548 -0.322282999753952
6976 2.420100927352905 0.4887526035308838 -0.3245798349380493
6977 2.449128150939941 0.4885226488113403 -0.327326238155365
6978 2.479022264480591 0.4883502423763275 -0.3300062716007233
6979 2.509711503982544 0.4884617328643799 -0.3316481709480286
6980 2.5411217212677 0.488362193107605 -0.334435760974884
6981 2.573177099227905 0.4881413280963898 -0.3379590213298798
6982 2.605800867080688 0.4881475865840912 -0.3407294452190399
6983 2.638913869857788 0.4882686138153076 -0.3432460427284241
6984 2.672436952590942 0.4882060587406158 -0.3467621207237244
6985 2.706288814544678 0.4880846440792084 -0.3507342934608459
6986 2.740388154983521 0.4883356094360352 -0.3534023761749268
6987 2.774652719497681 0.4883852303028107 -0.3571086525917053
6988 2.809000015258789 0.4883652031421661 -0.3612934947013855
6989 2.843347549438477 0.4884141981601715 -0.3653902411460876
6990 2.877612113952637 0.4887446463108063 -0.368572860956192
6991 2.911711454391479 0.4888851642608643 -0.3726685047149658
6992 2.945563316345215 0.4890068471431732 -0.3769854307174683
6993 2.97908616065979 0.4893877506256104 -0.3804594874382019
6994 3.012199401855469 0.4897110164165497 -0.3842770457267761
6995 3.044822931289673 0.4899859726428986 -0.3883770406246185
6996 3.076878547668457 0.4902901351451874 -0.3924470841884613
6997 3.108288764953613 0.490755170583725 -0.3959896862506866
6998 3.138977766036987 0.4909859597682953 -0.4004131257534027
6999 3.168872117996216 0.4910422563552856 -0.405433714389801
7000 3.197899341583252 0.4911788105964661 -0.410113513469696
7001 3.225989580154419 0.4913917779922485 -0.4144582152366638
7002 3.253075361251831 0.4916735291481018 -0.4184829294681549
7003 3.279091358184814 0.4920288920402527 -0.4221608638763428
7004 3.303974866867065 0.492444783449173 -0.4255206882953644
7005 3.32766580581665 0.4928909838199615 -0.4286380112171173
7006 3.350107431411743 0.4933391511440277 -0.4315756559371948
7007 3.371245384216309 0.4938350319862366 -0.4341826438903809
7008 3.391028881072998 0.4943591356277466 -0.4365009069442749
7009 3.409410238265991 0.49491286277771 -0.4385128617286682
7010 3.426344871520996 0.4954831898212433 -0.4402412176132202
7011 3.441792488098145 0.4960542619228363 -0.4417152404785156
7012 3.455715656280518 0.4966092705726624 -0.4429655969142914
7013 3.468080997467041 0.4971343874931335 -0.4440147280693054
7014 3.478858232498169 0.497614711523056 -0.4448883831501007
7015 3.488022089004517 0.4980366230010986 -0.4456093013286591
7016 3.49554967880249 0.4983912110328674 -0.4461892247200012
7017 3.501423597335815 0.4986783266067505 -0.4466201663017273
7018 3.505629301071167 0.4989017844200134 -0.4468879699707031
7019 3.508157014846802 0.4990533590316772 -0.4470104873180389
7020 3.509000062942505 0.4991088211536407 -0.4470408260822296
7021 2.109000205993652 0.4846931099891663 -0.3330704569816589
7022 2.109843254089355 0.484665721654892 -0.3331786394119263
7023 2.112370729446411 0.4845864772796631 -0.3334919512271881
7024 2.116576433181763 0.4844613373279572 -0.3339881300926208
7025 2.122450351715088 0.4844364821910858 -0.3340987861156464
7026 2.129978179931641 0.484429270029068 -0.3341549336910248
7027 2.139141798019409 0.4844370782375336 -0.3341750204563141
7028 2.149919271469116 0.4843975007534027 -0.3344123959541321
7029 2.162284374237061 0.4842670261859894 -0.3350465595722198
7030 2.176207542419434 0.4841181039810181 -0.3358047604560852
7031 2.191655158996582 0.483880490064621 -0.3369687497615814
7032 2.208590030670166 0.483622133731842 -0.3382860720157623
7033 2.226971387863159 0.4834025502204895 -0.3395450115203857
7034 2.246754884719849 0.4834054112434387 -0.3400746285915375
7035 2.267892837524414 0.4833746254444122 -0.3408598601818085
7036 2.290334224700928 0.4831452071666718 -0.3425314128398895
7037 2.314025402069092 0.4829144775867462 -0.3443589210510254
7038 2.338908910751343 0.4825651347637177 -0.3467844128608704
7039 2.364924907684326 0.4825612008571625 -0.3481342792510986
7040 2.392010688781738 0.4824548065662384 -0.3500584065914154
7041 2.420100927352905 0.4822247624397278 -0.3526372313499451
7042 2.449128150939941 0.4819247424602509 -0.3556781709194183
7043 2.479022264480591 0.4816946089267731 -0.3586959540843964
7044 2.509711503982544 0.4818386435508728 -0.3606601059436798
7045 2.5411217212677 0.4817143082618713 -0.3638051152229309
7046 2.573177099227905 0.4814547896385193 -0.3676570355892181
7047 2.605800867080688 0.4814770519733429 -0.3708122074604034
7048 2.638913869857788 0.4816544950008392 -0.3737163543701172
7049 2.672436952590942 0.4816133081912994 -0.3776085376739502
7050 2.706288814544678 0.4815063178539276 -0.381964236497879
7051 2.740388154983521 0.4818702042102814 -0.3850512802600861
7052 2.774652719497681 0.4819884300231934 -0.3891803324222565
7053 2.809000015258789 0.4820370674133301 -0.3937621116638184
7054 2.843347549438477 0.482172042131424 -0.3982900083065033
7055 2.877612113952637 0.4826792478561401 -0.4018803238868713
7056 2.911711454391479 0.4829510450363159 -0.4063972532749176
7057 2.945563316345215 0.4832117557525635 -0.4111223220825195
7058 2.97908616065979 0.483798086643219 -0.4150296449661255
7059 3.012199401855469 0.4843267798423767 -0.4192548990249634
7060 3.044822931289673 0.4848003685474396 -0.4237619936466217
7061 3.076878547668457 0.4853133261203766 -0.4282446205615997
7062 3.108288764953613 0.4860419034957886 -0.4321708679199219
7063 3.138977766036987 0.4864771366119385 -0.4369811117649078
7064 3.168872117996216 0.4867024123668671 -0.4423694312572479
7065 3.197899341583252 0.4870316088199615 -0.4474116861820221
7066 3.225989580154419 0.4874604940414429 -0.4521060883998871
7067 3.253075361251831 0.4879787862300873 -0.4564644396305084
7068 3.279091358184814 0.488586813211441 -0.4604694843292236
7069 3.303974866867065 0.4892690777778625 -0.4641427397727966
7070 3.32766580581665 0.4899927377700806 -0.4675447642803192
7071 3.350107431411743 0.4907263219356537 -0.470727801322937
7072 3.371245384216309 0.4915084838867188 -0.4735781848430634
7073 3.391028881072998 0.4923149943351746 -0.4761335253715515
7074 3.409410238265991 0.4931459426879883 -0.4783751666545868
7075 3.426344871520996 0.4939845204353333 -0.4803235530853271
7076 3.441792488098145 0.4948107302188873 -0.4820054173469543
7077 3.455715656280518 0.4956037998199463 -0.4834490120410919
7078 3.468080997467041 0.496346652507782 -0.4846746325492859
7079 3.478858232498169 0.4970212280750275 -0.4857054948806763
7080 3.488022089004517 0.4976111650466919 -0.4865621328353882
7081 3.49554967880249 0.4981056153774261 -0.4872548878192902
7082 3.501423597335815 0.4985037744045258 -0.4877752959728241
7083 3.505629301071167 0.498809427022934 -0.4881094098091125
7084 3.508157014846802 0.4990126192569733 -0.4882738292217255
7085 3.509000062942505 0.4990859031677246 -0.4883187115192413
7086 2.109000205993652 0.4774502515792847 -0.3587630093097687
7087 2.109843254089355 0.4774158000946045 -0.3588737845420837
7088 2.112370729446411 0.4773162305355072 -0.3591946661472321
7089 2.116576433181763 0.4771591424942017 -0.3597030341625214
7090 2.122450351715088 0.4771226644515991 -0.3598348200321198
7091 2.129978179931641 0.4771013557910919 -0.3599348068237305
7092 2.139141798019409 0.4770914316177368 -0.3600243031978607
7093 2.149919271469116 0.4770210385322571 -0.3603431284427643
7094 2.162284374237061 0.4768369793891907 -0.3610713183879852
7095 2.176207542419434 0.4766280353069305 -0.3619382977485657
7096 2.191655158996582 0.4763165414333344 -0.3632008135318756
7097 2.208590030670166 0.4759825170040131 -0.3646196722984314
7098 2.226971387863159 0.4756861329078674 -0.3660247921943665
7099 2.246754884719849 0.4756584465503693 -0.3667284846305847
7100 2.267892837524414 0.4755899608135223 -0.3677044808864594
7101 2.290334224700928 0.4752934277057648 -0.3695394992828369
7102 2.314025402069092 0.4749844670295715 -0.3715860247612
7103 2.338908910751343 0.4745447039604187 -0.3742121458053589
7104 2.364924907684326 0.4745228588581085 -0.3758049607276917
7105 2.392010688781738 0.4743736684322357 -0.3780064582824707
7106 2.420100927352905 0.4740867614746094 -0.3808528184890747
7107 2.449128150939941 0.473721444606781 -0.3841735124588013
7108 2.479022264480591 0.4734381437301636 -0.3875155448913574
7109 2.509711503982544 0.4736232161521912 -0.3898083567619324
7110 2.5411217212677 0.4734840989112854 -0.393307238817215
7111 2.573177099227905 0.4732025861740112 -0.3974873423576355
7112 2.605800867080688 0.4732560217380524 -0.4010346531867981
7113 2.638913869857788 0.4735081791877747 -0.4043436348438263
7114 2.672436952590942 0.4735123515129089 -0.4086272716522217
7115 2.706288814544678 0.4734475016593933 -0.4133831262588501
7116 2.740388154983521 0.4739512205123901 -0.416922926902771
7117 2.774652719497681 0.4741694331169128 -0.4215036034584045
7118 2.809000015258789 0.4743243753910065 -0.4265162944793701
7119 2.843347549438477 0.4745833873748779 -0.4315122663974762
7120 2.877612113952637 0.4753091335296631 -0.4355674982070923
7121 2.911711454391479 0.4757571816444397 -0.4405563771724701
7122 2.945563316345215 0.4762060344219208 -0.4457450807094574
7123 2.97908616065979 0.4770458340644836 -0.4501524269580841
7124 3.012199401855469 0.4778328239917755 -0.4548561573028564
7125 3.044822931289673 0.4785602390766144 -0.4598415195941925
7126 3.076878547668457 0.4793381094932556 -0.4648104310035706
7127 3.108288764953613 0.4803889691829681 -0.4692067801952362
7128 3.138977766036987 0.4810895323753357 -0.474480539560318
7129 3.168872117996216 0.4815480411052704 -0.4803091585636139
7130 3.197899341583252 0.4821338653564453 -0.4857908487319946
7131 3.225989580154419 0.4828426837921143 -0.4909164905548096
7132 3.253075361251831 0.4836614429950714 -0.4956940114498138
7133 3.279091358184814 0.4845844209194183 -0.500113844871521
7134 3.303974866867065 0.4855939745903015 -0.5041899681091309
7135 3.32766580581665 0.4866556525230408 -0.507968544960022
7136 3.350107431411743 0.4877354204654694 -0.5114911198616028
7137 3.371245384216309 0.4888608455657959 -0.5146765112876892
7138 3.391028881072998 0.4900030493736267 -0.5175574421882629
7139 3.409410238265991 0.4911604821681976 -0.5201135277748108
7140 3.426344871520996 0.4923123419284821 -0.5223621726036072
7141 3.441792488098145 0.4934345781803131 -0.5243269205093384
7142 3.455715656280518 0.4945023357868195 -0.5260327458381653
7143 3.468080997467041 0.4954952895641327 -0.5274971723556519
7144 3.478858232498169 0.4963922798633575 -0.5287403464317322
7145 3.488022089004517 0.4971741735935211 -0.5297800898551941
7146 3.49554967880249 0.4978280961513519 -0.5306249856948853
7147 3.501423597335815 0.4983525574207306 -0.5312657952308655
7148 3.505629301071167 0.4987510740756989 -0.5316886901855469
7149 3.508157014846802 0.4990120232105255 -0.5319087505340576
7150 3.509000062942505 0.4991050660610199 -0.5319728255271912
7151 2.109000205993652 0.4685693681240082 -0.3847784996032715
7152 2.109843254089355 0.468527764081955 -0.3848902583122253
7153 2.112370729446411 0.468407541513443 -0.38521409034729
7154 2.116576433181763 0.4682179689407349 -0.3857273757457733
7155 2.122450351715088 0.4681686162948608 -0.3858763575553894
7156 2.129978179931641 0.4681305587291718 -0.3860141634941101
7157 2.139141798019409 0.4680988490581512 -0.3861643671989441
7158 2.149919271469116 0.4679931998252869 -0.3865528106689453
7159 2.162284374237061 0.4677510261535645 -0.387358158826828
7160 2.176207542419434 0.4674772918224335 -0.3883152306079865
7161 2.191655158996582 0.4670890867710114 -0.3896566331386566
7162 2.208590030670166 0.4666775763034821 -0.3911577761173248
7163 2.226971387863159 0.466300755739212 -0.3926871418952942
7164 2.246754884719849 0.4662378132343292 -0.3935510814189911
7165 2.267892837524414 0.4661276340484619 -0.3947028517723083
7166 2.290334224700928 0.465764582157135 -0.3966847360134125
7167 2.314025402069092 0.4653764069080353 -0.3989289402961731
7168 2.338908910751343 0.4648494720458984 -0.4017357528209686
7169 2.364924907684326 0.4648114144802094 -0.4035645425319672
7170 2.392010688781738 0.4646219313144684 -0.4060313701629639
7171 2.420100927352905 0.4642851948738098 -0.4091342389583588
7172 2.449128150939941 0.4638644158840179 -0.4127239882946014
7173 2.479022264480591 0.4635379314422607 -0.4163813591003418
7174 2.509711503982544 0.4637754559516907 -0.41901496052742
7175 2.5411217212677 0.4636363685131073 -0.4228703677654266
7176 2.573177099227905 0.4633542597293854 -0.4273856580257416
7177 2.605800867080688 0.4634580910205841 -0.4313404560089111
7178 2.638913869857788 0.4638064205646515 -0.4350804388523102
7179 2.672436952590942 0.4638838768005371 -0.4397808909416199
7180 2.706288814544678 0.463892936706543 -0.4449646472930908
7181 2.740388154983521 0.4645653963088989 -0.4490024447441101
7182 2.774652719497681 0.4649181663990021 -0.4540760815143585
7183 2.809000015258789 0.4652198851108551 -0.4595674872398376
7184 2.843347549438477 0.4656438231468201 -0.4650827050209045
7185 2.877612113952637 0.4666300117969513 -0.4696751534938812
7186 2.911711454391479 0.4673006534576416 -0.4752026796340942
7187 2.945563316345215 0.4679878056049347 -0.4809273481369019
7188 2.97908616065979 0.4691286981105804 -0.4859184622764587
7189 3.012199401855469 0.4702260196208954 -0.4911893308162689
7190 3.044822931289673 0.471261739730835 -0.4967426061630249
7191 3.076878547668457 0.472359836101532 -0.5022902488708496
7192 3.108288764953613 0.4737888276576996 -0.5072622895240784
7193 3.138977766036987 0.474814385175705 -0.5130958557128906
7194 3.168872117996216 0.4755696654319763 -0.5194574594497681
7195 3.197899341583252 0.476474940776825 -0.5254755020141602
7196 3.225989580154419 0.4775256216526031 -0.531133770942688
7197 3.253075361251831 0.4787057340145111 -0.5364357829093933
7198 3.279091358184814 0.4800025224685669 -0.5413771867752075
7199 3.303974866867065 0.481396347284317 -0.5459645986557007
7200 3.32766580581665 0.4828518927097321 -0.5502298474311829
7201 3.350107431411743 0.4843330085277557 -0.554203987121582
7202 3.371245384216309 0.4858531951904297 -0.5578331351280212
7203 3.391028881072998 0.4873789548873901 -0.5611440539360046
7204 3.409410238265991 0.4889067709445953 -0.5641143321990967
7205 3.426344871520996 0.4904119074344635 -0.5667573809623718
7206 3.441792488098145 0.4918662011623383 -0.5690926313400269
7207 3.455715656280518 0.4932408034801483 -0.5711411833763123
7208 3.468080997467041 0.494512140750885 -0.5729169845581055
7209 3.478858232498169 0.4956560134887695 -0.5744364857673645
7210 3.488022089004517 0.4966506361961365 -0.5757144093513489
7211 3.49554967880249 0.497481107711792 -0.5767569541931152
7212 3.501423597335815 0.4981450736522675 -0.5775541067123413
7213 3.505629301071167 0.4986455738544464 -0.5780917406082153
7214 3.508157014846802 0.4989694952964783 -0.5783832669258118
7215 3.509000062942505 0.4990839660167694 -0.5784718990325928
7216 2.109000205993652 0.4579522013664246 -0.4109981954097748
7217 2.109843254089355 0.4579035341739655 -0.4111093282699585
7218 2.112370729446411 0.4577628970146179 -0.4114314317703247
7219 2.116576433181763 0.4575413167476654 -0.4119422733783722
7220 2.122450351715088 0.4574784338474274 -0.4121044874191284
7221 2.129978179931641 0.4574218988418579 -0.4122737050056458
7222 2.139141798019409 0.457365483045578 -0.4124756455421448
7223 2.149919271469116 0.4572219252586365 -0.4129215478897095
7224 2.162284374237061 0.4569196701049805 -0.4137869775295258
7225 2.176207542419434 0.4565793573856354 -0.4148154258728027
7226 2.191655158996582 0.4561148285865784 -0.4162163734436035
7227 2.208590030670166 0.4556274712085724 -0.4177812933921814
7228 2.226971387863159 0.4551706314086914 -0.4194137156009674
7229 2.246754884719849 0.4550709128379822 -0.4204251170158386
7230 2.267892837524414 0.4549187421798706 -0.4217391014099121
7231 2.290334224700928 0.4544940888881683 -0.4238536357879639
7232 2.314025402069092 0.4540310800075531 -0.426276832818985
7233 2.338908910751343 0.4534260034561157 -0.429248183965683
7234 2.364924907684326 0.4533777832984924 -0.4313100874423981
7235 2.392010688781738 0.4531562924385071 -0.4340350329875946
7236 2.420100927352905 0.4527827799320221 -0.4373892843723297
7237 2.449128150939941 0.4523230791091919 -0.4412444233894348
7238 2.479022264480591 0.4519704282283783 -0.445216029882431
7239 2.509711503982544 0.4522766470909119 -0.4482111036777496
7240 2.5411217212677 0.452159196138382 -0.4524355232715607
7241 2.573177099227905 0.4519048035144806 -0.4573044776916504
7242 2.605800867080688 0.4520848095417023 -0.4616940319538116
7243 2.638913869857788 0.4525564312934875 -0.4659041464328766
7244 2.672436952590942 0.452741414308548 -0.4710614085197449
7245 2.706288814544678 0.4528630375862122 -0.4767166078090668
7246 2.740388154983521 0.4537382423877716 -0.4813139736652374
7247 2.774652719497681 0.4542665183544159 -0.4869396984577179
7248 2.809000015258789 0.4547614455223083 -0.4929767251014709
7249 2.843347549438477 0.455397367477417 -0.4990824162960052
7250 2.877612113952637 0.4566895663738251 -0.5043050050735474
7251 2.911711454391479 0.4576342701911926 -0.5104596614837646
7252 2.945563316345215 0.4586144685745239 -0.5168154835700989
7253 2.97908616065979 0.4601076245307922 -0.5224971771240234
7254 3.012199401855469 0.4615704119205475 -0.528447687625885
7255 3.044822931289673 0.4629723131656647 -0.5346831083297729
7256 3.076878547668457 0.464449018239975 -0.540926992893219
7257 3.108288764953613 0.466313362121582 -0.5466054677963257
7258 3.138977766036987 0.4677264094352722 -0.553121030330658
7259 3.168872117996216 0.4688454866409302 -0.5601346492767334
7260 3.197899341583252 0.4701356291770935 -0.5668123960494995
7261 3.225989580154419 0.4715920090675354 -0.5731307864189148
7262 3.253075361251831 0.4731955230236053 -0.5790880918502808
7263 3.279091358184814 0.4749255478382111 -0.5846830606460571
7264 3.303974866867065 0.4767605066299438 -0.5899142622947693
7265 3.32766580581665 0.4786648154258728 -0.5948000550270081
7266 3.350107431411743 0.4806005358695984 -0.599360466003418
7267 3.371245384216309 0.4825648665428162 -0.6035636067390442
7268 3.391028881072998 0.4845199882984161 -0.6074294447898865
7269 3.409410238265991 0.4864600300788879 -0.6109326481819153
7270 3.426344871520996 0.4883563220500946 -0.6140819191932678
7271 3.441792488098145 0.4901766777038574 -0.616891622543335
7272 3.455715656280518 0.4918883740901947 -0.6193779706954956
7273 3.468080997467041 0.4934645891189575 -0.6215507984161377
7274 3.478858232498169 0.4948782622814178 -0.6234221458435059
7275 3.488022089004517 0.4961050450801849 -0.6250030398368835
7276 3.49554967880249 0.4971279799938202 -0.6262968778610229
7277 3.501423597335815 0.4979436993598938 -0.6272925138473511
7278 3.505629301071167 0.4985546469688416 -0.6279754042625427
7279 3.508157014846802 0.4989463090896606 -0.6283568739891052
7280 3.509000062942505 0.4990836977958679 -0.6284762620925903
7281 2.109000205993652 0.445508748292923 -0.4372844696044922
7282 2.109843254089355 0.4454533159732819 -0.4373933672904968
7283 2.112370729446411 0.4452932178974152 -0.4377090632915497
7284 2.116576433181763 0.4450411200523376 -0.4382102191448212
7285 2.122450351715088 0.444964587688446 -0.4383816421031952
7286 2.129978179931641 0.444888710975647 -0.438575953245163
7287 2.139141798019409 0.4448060989379883 -0.4388205409049988
7288 2.149919271469116 0.4446238279342651 -0.4393117725849152
7289 2.162284374237061 0.4442622363567352 -0.4402205944061279
7290 2.176207542419434 0.4438566565513611 -0.4413022100925446
7291 2.191655158996582 0.4433196485042572 -0.4427444338798523
7292 2.208590030670166 0.4427615702152252 -0.4443560838699341
7293 2.226971387863159 0.4422292411327362 -0.4460721611976624
7294 2.246754884719849 0.442094624042511 -0.4472201466560364
7295 2.267892837524414 0.4419039785861969 -0.4486854076385498
7296 2.290334224700928 0.4414270222187042 -0.4509220719337463
7297 2.314025402069092 0.4408991038799286 -0.4535098671913147
7298 2.338908910751343 0.440230518579483 -0.4566349387168884
7299 2.364924907684326 0.4401825964450836 -0.4589328765869141
7300 2.392010688781738 0.4399429261684418 -0.4619154930114746
7301 2.420100927352905 0.4395517408847809 -0.465524286031723
7302 2.449128150939941 0.4390761852264404 -0.4696505963802338
7303 2.479022264480591 0.4387213587760925 -0.4739457070827484
7304 2.509711503982544 0.4391169548034668 -0.4773340225219727
7305 2.5411217212677 0.4390493631362915 -0.4819529056549072
7306 2.573177099227905 0.4388574361801147 -0.4872084259986877
7307 2.605800867080688 0.4391453862190247 -0.4920752942562103
7308 2.638913869857788 0.4397726356983185 -0.4968110322952271
7309 2.672436952590942 0.4401053786277771 -0.5024833083152771
7310 2.706288814544678 0.4403843581676483 -0.5086732506752014
7311 2.740388154983521 0.4415007829666138 -0.5139116644859314
7312 2.774652719497681 0.442251056432724 -0.5201704502105713
7313 2.809000015258789 0.4429908692836761 -0.5268434882164001
7314 2.843347549438477 0.4438912272453308 -0.5336351990699768
7315 2.877612113952637 0.4455377161502838 -0.5396055579185486
7316 2.911711454391479 0.4468120038509369 -0.5465023517608643
7317 2.945563316345215 0.4481437802314758 -0.5536118149757385
7318 2.97908616065979 0.4500429630279541 -0.5601183772087097
7319 3.012199401855469 0.4519284665584564 -0.5668896436691284
7320 3.044822931289673 0.4537566304206848 -0.5739507675170898
7321 3.076878547668457 0.455672562122345 -0.5810380578041077
7322 3.108288764953613 0.4580297470092773 -0.5875832438468933
7323 3.138977766036987 0.4598944783210754 -0.5949336290359497
7324 3.168872117996216 0.4614465832710266 -0.6027498245239258
7325 3.197899341583252 0.4631885886192322 -0.6102414727210999
7326 3.225989580154419 0.4651152193546295 -0.6173779964447021
7327 3.253075361251831 0.4672040939331055 -0.6241515278816223
7328 3.279091358184814 0.4694262742996216 -0.6305610537528992
7329 3.303974866867065 0.4717581272125244 -0.6365969777107239
7330 3.32766580581665 0.4741641879081726 -0.6422643065452576
7331 3.350107431411743 0.4766050279140472 -0.6475719809532166
7332 3.371245384216309 0.4790602028369904 -0.6525042653083801
7333 3.391028881072998 0.4814877212047577 -0.6570733189582825
7334 3.409410238265991 0.4838790595531464 -0.6612502932548523
7335 3.426344871520996 0.4862017333507538 -0.6650378704071045
7336 3.441792488098145 0.4884195923805237 -0.6684445738792419
7337 3.455715656280518 0.4904962480068207 -0.6714808344841003
7338 3.468080997467041 0.4924017488956451 -0.6741513609886169
7339 3.478858232498169 0.494106262922287 -0.6764633655548096
7340 3.488022089004517 0.4955829083919525 -0.678423285484314
7341 3.49554967880249 0.4968128204345703 -0.680031418800354
7342 3.501423597335815 0.4977914988994598 -0.6812750101089478
7343 3.505629301071167 0.4985205829143524 -0.6821387410163879
7344 3.508157014846802 0.4989842474460602 -0.68263179063797
7345 3.509000062942505 0.499145895242691 -0.6827890872955322
7346 2.109000205993652 0.4311603605747223 -0.463481217622757
7347 2.109843254089355 0.4310987293720245 -0.4635863304138184
7348 2.112370729446411 0.4309207201004028 -0.4638911783695221
7349 2.116576433181763 0.4306406676769257 -0.4643756747245789
7350 2.122450351715088 0.4305509626865387 -0.4645523428916931
7351 2.129978179931641 0.43045574426651 -0.4647653102874756
7352 2.139141798019409 0.4303466081619263 -0.4650434851646423
7353 2.149919271469116 0.4301264584064484 -0.4655680954456329
7354 2.162284374237061 0.4297085106372833 -0.466503918170929
7355 2.176207542419434 0.4292413294315338 -0.4676209986209869
7356 2.191655158996582 0.4286380708217621 -0.4690869748592377
7357 2.208590030670166 0.4280165433883667 -0.4707292914390564
7358 2.226971387863159 0.4274157583713531 -0.4725105762481689
7359 2.246754884719849 0.4272491037845612 -0.4737848341464996
7360 2.267892837524414 0.4270245432853699 -0.4753911197185516
7361 2.290334224700928 0.4265053868293762 -0.4777408242225647
7362 2.314025402069092 0.4259237349033356 -0.4804805219173431
7363 2.338908910751343 0.4252069294452667 -0.4837507307529449
7364 2.364924907684326 0.4251681864261627 -0.4862891137599945
7365 2.392010688781738 0.4249230623245239 -0.4895311295986176
7366 2.420100927352905 0.4245314002037048 -0.4934001863002777
7367 2.449128150939941 0.424060583114624 -0.4978066384792328
7368 2.479022264480591 0.423724502325058 -0.5024378895759583
7369 2.509711503982544 0.4242235422134399 -0.5062538981437683
7370 2.5411217212677 0.4242281913757324 -0.5112962126731873
7371 2.573177099227905 0.4241262674331665 -0.5169757008552551
7372 2.605800867080688 0.4245452582836151 -0.5223664045333862
7373 2.638913869857788 0.4253495335578918 -0.527687132358551
7374 2.672436952590942 0.4258587062358856 -0.5339372754096985
7375 2.706288814544678 0.4263273775577545 -0.5407305955886841
7376 2.740388154983521 0.4277081787586212 -0.5466959476470947
7377 2.774652719497681 0.4287115037441254 -0.5536742806434631
7378 2.809000015258789 0.4297306835651398 -0.5610794425010681
7379 2.843347549438477 0.4309299290180206 -0.5686587691307068
7380 2.877612113952637 0.4329575598239899 -0.5754995942115784
7381 2.911711454391479 0.4345957338809967 -0.5832594037055969
7382 2.945563316345215 0.4363149702548981 -0.5912513732910156
7383 2.97908616065979 0.4386494755744934 -0.5987226366996765
7384 3.012199401855469 0.4409894049167633 -0.6064614653587341
7385 3.044822931289673 0.4432778060436249 -0.6144979000091553
7386 3.076878547668457 0.4456668198108673 -0.6225818991661072
7387 3.108288764953613 0.4485455751419067 -0.6301596164703369
7388 3.138977766036987 0.4508985579013824 -0.6385039687156677
7389 3.168872117996216 0.4529253542423248 -0.647280216217041
7390 3.197899341583252 0.4551582038402557 -0.6557468771934509
7391 3.225989580154419 0.4575911164283752 -0.6638659238815308
7392 3.253075361251831 0.4601984024047852 -0.6716222763061523
7393 3.279091358184814 0.4629427194595337 -0.6790130138397217
7394 3.303974866867065 0.465798556804657 -0.6860195994377136
7395 3.32766580581665 0.4687307476997375 -0.6926339268684387
7396 3.350107431411743 0.4716985523700714 -0.6988539099693298
7397 3.371245384216309 0.4746637344360352 -0.7046741247177124
7398 3.391028881072998 0.4775804281234741 -0.7100982069969177
7399 3.409410238265991 0.4804373681545258 -0.7150925397872925
7400 3.426344871520996 0.483198344707489 -0.7196531891822815
7401 3.441792488098145 0.4858236610889435 -0.7237817049026489
7402 3.455715656280518 0.4882734715938568 -0.7274818420410156
7403 3.468080997467041 0.4905149340629578 -0.7307524681091309
7404 3.478858232498169 0.4925156831741333 -0.7335951924324036
7405 3.488022089004517 0.4942466616630554 -0.7360114455223083
7406 3.49554967880249 0.4956870675086975 -0.7379977703094482
7407 3.501423597335815 0.4968312382698059 -0.7395394444465637
7408 3.505629301071167 0.4976798892021179 -0.7406201362609863
7409 3.508157014846802 0.4982160925865173 -0.7412465214729309
7410 3.509000062942505 0.4984020888805389 -0.7414491176605225
7411 2.109000205993652 0.4148431420326233 -0.4894149899482727
7412 2.109843254089355 0.4147760272026062 -0.4895147979259491
7413 2.112370729446411 0.4145821034908295 -0.4898042380809784
7414 2.116576433181763 0.4142763912677765 -0.4902640879154205
7415 2.122450351715088 0.4141711592674255 -0.4904381930828094
7416 2.129978179931641 0.4140505492687225 -0.490655243396759
7417 2.139141798019409 0.4139031171798706 -0.4909429252147675
7418 2.149919271469116 0.4136268794536591 -0.4914646148681641
7419 2.162284374237061 0.4131263196468353 -0.4923741817474365
7420 2.176207542419434 0.4125584065914154 -0.4934556782245636
7421 2.191655158996582 0.4118349552154541 -0.4948542416095734
7422 2.208590030670166 0.4110760688781738 -0.4964125454425812
7423 2.226971387863159 0.4103081524372101 -0.4981126189231873
7424 2.246754884719849 0.4099768698215485 -0.4993399381637573
7425 2.267892837524414 0.4095545411109924 -0.5008752346038818
7426 2.290334224700928 0.4087979793548584 -0.5030835270881653
7427 2.314025402069092 0.4079278111457825 -0.5056681632995605
7428 2.338908910751343 0.4068863391876221 -0.5087271928787231
7429 2.364924907684326 0.4065228998661041 -0.5111029148101807
7430 2.392010688781738 0.4058895707130432 -0.5141357183456421
7431 2.420100927352905 0.4050621092319489 -0.5177333354949951
7432 2.449128150939941 0.404103696346283 -0.5218201279640198
7433 2.479022264480591 0.4032307267189026 -0.5261161923408508
7434 2.509711503982544 0.4032021164894104 -0.5296306014060974
7435 2.5411217212677 0.4025889933109283 -0.5342819094657898
7436 2.573177099227905 0.401821494102478 -0.5394963026046753
7437 2.605800867080688 0.4015392363071442 -0.5444456934928894
7438 2.638913869857788 0.4016130566596985 -0.549312949180603
7439 2.672436952590942 0.4013260304927826 -0.5550211668014526
7440 2.706288814544678 0.4009431898593903 -0.5612185597419739
7441 2.740388154983521 0.4014648795127869 -0.5666431784629822
7442 2.774652719497681 0.4015367031097412 -0.5729925036430359
7443 2.809000015258789 0.4015860259532928 -0.5797114372253418
7444 2.843347549438477 0.4017702043056488 -0.5865890383720398
7445 2.877612113952637 0.4027938842773438 -0.5927583575248718
7446 2.911711454391479 0.4033621847629547 -0.5997711420059204
7447 2.945563316345215 0.4039838314056396 -0.6069816946983337
7448 2.97908616065979 0.4052139520645142 -0.6137080192565918
7449 3.012199401855469 0.4064290225505829 -0.620663046836853
7450 3.044822931289673 0.4075657427310944 -0.6278852224349976
7451 3.076878547668457 0.4087873697280884 -0.6351467967033386
7452 3.108288764953613 0.410519540309906 -0.641924262046814
7453 3.138977766036987 0.4116881787776947 -0.6494089961051941
7454 3.168872117996216 0.4125171303749084 -0.6572842001914978
7455 3.197899341583252 0.4135676920413971 -0.6648710966110229
7456 3.225989580154419 0.4148413836956024 -0.6721338033676147
7457 3.253075361251831 0.4163177609443665 -0.6790595054626465
7458 3.279091358184814 0.4179600477218628 -0.6856508255004883
7459 3.303974866867065 0.4197494387626648 -0.6918902993202209
7460 3.32766580581665 0.4216598570346832 -0.6977671980857849
7461 3.350107431411743 0.423658013343811 -0.7032778859138489
7462 3.371245384216309 0.4256966114044189 -0.708432137966156
7463 3.391028881072998 0.4277344644069672 -0.7132333517074585
7464 3.409410238265991 0.4297652244567871 -0.7176519632339478
7465 3.426344871520996 0.4317567050457001 -0.7216849327087402
7466 3.441792488098145 0.4336729347705841 -0.7253343462944031
7467 3.455715656280518 0.4354775547981262 -0.7286040186882019
7468 3.468080997467041 0.437141090631485 -0.7314935326576233
7469 3.478858232498169 0.4386342763900757 -0.7340044975280762
7470 3.488022089004517 0.4399308264255524 -0.7361384034156799
7471 3.49554967880249 0.4410123825073242 -0.7378924489021301
7472 3.501423597335815 0.4418753981590271 -0.7392535805702209
7473 3.505629301071167 0.4425222873687744 -0.7402073740959167
7474 3.508157014846802 0.4429370760917664 -0.7407599687576294
7475 3.509000062942505 0.4430825412273407 -0.7409386038780212
7476 2.109000205993652 0.3965109884738922 -0.5148965120315552
7477 2.109843254089355 0.3964394330978394 -0.5149897336959839
7478 2.112370729446411 0.3962325155735016 -0.5152599811553955
7479 2.116576433181763 0.3959058821201324 -0.5156891345977783
7480 2.122450351715088 0.3957872688770294 -0.515856921672821
7481 2.129978179931641 0.3956441581249237 -0.5160717368125916
7482 2.139141798019409 0.3954627811908722 -0.5163596868515015
7483 2.149919271469116 0.3951379954814911 -0.5168662667274475
7484 2.162284374237061 0.3945676684379578 -0.5177330374717712
7485 2.176207542419434 0.393915206193924 -0.5187605619430542
7486 2.191655158996582 0.3930931091308594 -0.5200729370117188
7487 2.208590030670166 0.3922225832939148 -0.5215286016464233
7488 2.226971387863159 0.3913176357746124 -0.5231250524520874
7489 2.246754884719849 0.3908501863479614 -0.5242878198623657
7490 2.267892837524414 0.3902655839920044 -0.5257329344749451
7491 2.290334224700928 0.3893185257911682 -0.5277804732322693
7492 2.314025402069092 0.3882156610488892 -0.5301849842071533
7493 2.338908910751343 0.3869158327579498 -0.5330095291137695
7494 2.364924907684326 0.3862919509410858 -0.5352067947387695
7495 2.392010688781738 0.3853481113910675 -0.5380095839500427
7496 2.420100927352905 0.3841752409934998 -0.5413160920143127
7497 2.449128150939941 0.3828320205211639 -0.5450633764266968
7498 2.479022264480591 0.381534606218338 -0.5490040183067322
7499 2.509711503982544 0.3810887932777405 -0.5522106885910034
7500 2.5411217212677 0.379989355802536 -0.5564574599266052
7501 2.573177099227905 0.3787019550800323 -0.5611976385116577
7502 2.605800867080688 0.3778688311576843 -0.5656995177268982
7503 2.638913869857788 0.3773693144321442 -0.5701138973236084
7504 2.672436952590942 0.3764611780643463 -0.5752810835838318
7505 2.706288814544678 0.3754156529903412 -0.5808849334716797
7506 2.740388154983521 0.3752649426460266 -0.5857804417610168
7507 2.774652719497681 0.3746110498905182 -0.5915102362632751
7508 2.809000015258789 0.3739078640937805 -0.5975578427314758
7509 2.843347549438477 0.3733032941818237 -0.6037495136260986
7510 2.877612113952637 0.3735460042953491 -0.6092767119407654
7511 2.911711454391479 0.3732844293117523 -0.6155684590339661
7512 2.945563316345215 0.3730564117431641 -0.6220277547836304
7513 2.97908616065979 0.3734283149242401 -0.6280447840690613
7514 3.012199401855469 0.3737716972827911 -0.6342560052871704
7515 3.044822931289673 0.3740170896053314 -0.6407048106193542
7516 3.076878547668457 0.3743351101875305 -0.6471863389015198
7517 3.108288764953613 0.3751793801784515 -0.6532147526741028
7518 3.138977766036987 0.3754338622093201 -0.6598859429359436
7519 3.168872117996216 0.3753414750099182 -0.6669057011604309
7520 3.197899341583252 0.3754822015762329 -0.673660933971405
7521 3.225989580154419 0.3758634030818939 -0.6801185011863708
7522 3.253075361251831 0.3764687478542328 -0.6862673759460449
7523 3.279091358184814 0.3772613704204559 -0.6921141147613525
7524 3.303974866867065 0.3782278895378113 -0.6976421475410461
7525 3.32766580581665 0.3793500661849976 -0.702839195728302
7526 3.350107431411743 0.3806008994579315 -0.7077003717422485
7527 3.371245384216309 0.3819241523742676 -0.7122460603713989
7528 3.391028881072998 0.3832825422286987 -0.7164793610572815
7529 3.409410238265991 0.3846734464168549 -0.7203741669654846
7530 3.426344871520996 0.3860680162906647 -0.7239282131195068
7531 3.441792488098145 0.3874333798885345 -0.7271435260772705
7532 3.455715656280518 0.3887361586093903 -0.730023980140686
7533 3.468080997467041 0.38994961977005 -0.7325692772865295
7534 3.478858232498169 0.3910472095012665 -0.7347808480262756
7535 3.488022089004517 0.3920049667358398 -0.7366602420806885
7536 3.49554967880249 0.3928065598011017 -0.7382050752639771
7537 3.501423597335815 0.3934500515460968 -0.7394037246704102
7538 3.505629301071167 0.3939391076564789 -0.7402435541152954
7539 3.508157014846802 0.3942586183547974 -0.7407301068305969
7540 3.509000062942505 0.3943721950054169 -0.7408874034881592
7541 2.109000205993652 0.3761389255523682 -0.5397230386734009
7542 2.109843254089355 0.3760640919208527 -0.539808452129364
7543 2.112370729446411 0.3758476674556732 -0.5400562882423401
7544 2.116576433181763 0.3755057454109192 -0.5404496192932129
7545 2.122450351715088 0.375376284122467 -0.5406076312065125
7546 2.129978179931641 0.3752143383026123 -0.5408143997192383
7547 2.139141798019409 0.3750042319297791 -0.5410939455032349
7548 2.149919271469116 0.3746396601200104 -0.541574239730835
7549 2.162284374237061 0.3740138709545135 -0.5423834919929504
7550 2.176207542419434 0.373294472694397 -0.5433403253555298
7551 2.191655158996582 0.372396320104599 -0.5445497035980225
7552 2.208590030670166 0.3714402616024017 -0.5458862781524658
7553 2.226971387863159 0.3704286813735962 -0.5473589301109314
7554 2.246754884719849 0.3698521554470062 -0.54844069480896
7555 2.267892837524414 0.3691387474536896 -0.5497777462005615
7556 2.290334224700928 0.3680452108383179 -0.5516470670700073
7557 2.314025402069092 0.3667621612548828 -0.5538487434387207
7558 2.338908910751343 0.3652653992176056 -0.5564179420471191
7559 2.364924907684326 0.3644381165504456 -0.5584218502044678
7560 2.392010688781738 0.3632533550262451 -0.560975193977356
7561 2.420100927352905 0.3618157505989075 -0.5639724135398865
7562 2.449128150939941 0.3601791262626648 -0.5673620700836182
7563 2.479022264480591 0.3585566580295563 -0.5709283947944641
7564 2.509711503982544 0.357787013053894 -0.5738203525543213
7565 2.5411217212677 0.3563147783279419 -0.5776496529579163
7566 2.573177099227905 0.3546327948570251 -0.5819066762924194
7567 2.605800867080688 0.3533764779567719 -0.585953950881958
7568 2.638913869857788 0.3524348437786102 -0.5899140238761902
7569 2.672436952590942 0.3510528206825256 -0.5945396423339844
7570 2.706288814544678 0.3495034873485565 -0.599550724029541
7571 2.740388154983521 0.3488337099552155 -0.6039248704910278
7572 2.774652719497681 0.347624808549881 -0.6090415716171265
7573 2.809000015258789 0.3463488519191742 -0.6144292950630188
7574 2.843347549438477 0.3451423943042755 -0.6199468970298767
7575 2.877612113952637 0.3447839319705963 -0.6248549818992615
7576 2.911711454391479 0.3438883125782013 -0.630446195602417
7577 2.945563316345215 0.3430122435092926 -0.6361784338951111
7578 2.97908616065979 0.3427237868309021 -0.6415145993232727
7579 3.012199401855469 0.3423985242843628 -0.6470142006874084
7580 3.044822931289673 0.3419617414474487 -0.6527227163314819
7581 3.076878547668457 0.3415877521038055 -0.6584586501121521
7582 3.108288764953613 0.341748833656311 -0.6637793183326721
7583 3.138977766036987 0.341305673122406 -0.6696749925613403
7584 3.168872117996216 0.3405146896839142 -0.6758770942687988
7585 3.197899341583252 0.3399638235569 -0.681840717792511
7586 3.225989580154419 0.339665025472641 -0.6875355243682861
7587 3.253075361251831 0.3396052718162537 -0.692952036857605
7588 3.279091358184814 0.3397472202777863 -0.6980992555618286
7589 3.303974866867065 0.3400820195674896 -0.7029617428779602
7590 3.32766580581665 0.340598076581955 -0.7075261473655701
7591 3.350107431411743 0.3412738144397736 -0.7117869853973389
7592 3.371245384216309 0.342044860124588 -0.7157711982727051
7593 3.391028881072998 0.3428774476051331 -0.719481348991394
7594 3.409410238265991 0.343771755695343 -0.7228947281837463
7595 3.426344871520996 0.344701737165451 -0.7260093092918396
7596 3.441792488098145 0.345637321472168 -0.7288270592689514
7597 3.455715656280518 0.3465477228164673 -0.7313514351844788
7598 3.468080997467041 0.3474086225032806 -0.7335821390151978
7599 3.478858232498169 0.348195880651474 -0.7355204820632935
7600 3.488022089004517 0.3488876521587372 -0.7371677160263062
7601 3.49554967880249 0.3494692444801331 -0.7385216355323792
7602 3.501423597335815 0.3499400913715363 -0.7395722270011902
7603 3.505629301071167 0.3503045737743378 -0.7403085231781006
7604 3.508157014846802 0.3505485057830811 -0.7407351732254028
7605 3.509000062942505 0.3506366908550262 -0.7408731579780579
7606 2.109000205993652 0.3537255823612213 -0.5636811256408691
7607 2.109843254089355 0.3536489009857178 -0.5637578964233398
7608 2.112370729446411 0.3534269630908966 -0.5639805793762207
7609 2.116576433181763 0.353076159954071 -0.5643339157104492
7610 2.122450351715088 0.3529388606548309 -0.5644792914390564
7611 2.129978179931641 0.3527624309062958 -0.5646728277206421
7612 2.139141798019409 0.352529764175415 -0.5649364590644836
7613 2.149919271469116 0.3521353900432587 -0.5653808116912842
7614 2.162284374237061 0.3514700829982758 -0.566119909286499
7615 2.176207542419434 0.3507030606269836 -0.5669921636581421
7616 2.191655158996582 0.3497528731822968 -0.5680849552154541
7617 2.208590030670166 0.3487384617328644 -0.5692890882492065
7618 2.226971387863159 0.3476517200469971 -0.5706214904785156
7619 2.246754884719849 0.3469932675361633 -0.5716086626052856
7620 2.267892837524414 0.346184253692627 -0.5728229880332947
7621 2.290334224700928 0.3449873924255371 -0.5745006799697876
7622 2.314025402069092 0.3435759842395782 -0.5764817595481873
7623 2.338908910751343 0.3419420123100281 -0.5787803530693054
7624 2.364924907684326 0.3409648835659027 -0.5805797576904297
7625 2.392010688781738 0.3396051228046417 -0.5828694701194763
7626 2.420100927352905 0.3379786312580109 -0.5855452418327332
7627 2.449128150939941 0.3361343145370483 -0.5885656476020813
7628 2.479022264480591 0.3342793881893158 -0.5917455554008484
7629 2.509711503982544 0.3332699835300446 -0.5943202376365662
7630 2.5411217212677 0.3315288126468658 -0.5977255702018738
7631 2.573177099227905 0.3295661807060242 -0.6014975905418396
7632 2.605800867080688 0.3280013799667358 -0.605089545249939
7633 2.638913869857788 0.3267342150211334 -0.6085994243621826
7634 2.672436952590942 0.3250094652175903 -0.6126894950866699
7635 2.706288814544678 0.3230977058410645 -0.61711585521698
7636 2.740388154983521 0.3220427334308624 -0.6209815740585327
7637 2.774652719497681 0.3204291164875031 -0.6254982352256775
7638 2.809000015258789 0.3187378644943237 -0.6302441954612732
7639 2.843347549438477 0.3170929551124573 -0.6351064443588257
7640 2.877612113952637 0.3162873387336731 -0.6394227743148804
7641 2.911711454391479 0.3149270415306091 -0.644339919090271
7642 2.945563316345215 0.3135767877101898 -0.6493752002716064
7643 2.97908616065979 0.3127968013286591 -0.6540632247924805
7644 3.012199401855469 0.3119757771492004 -0.6588878035545349
7645 3.044822931289673 0.3110350072383881 -0.6638938784599304
7646 3.076878547668457 0.3101490437984467 -0.6689231395721436
7647 3.108288764953613 0.3097988963127136 -0.6735805869102478
7648 3.138977766036987 0.3088420033454895 -0.6787431836128235
7649 3.168872117996216 0.3075423240661621 -0.6841707229614258
7650 3.197899341583252 0.3064851462841034 -0.689387321472168
7651 3.225989580154419 0.3056857585906982 -0.6943656206130981
7652 3.253075361251831 0.3051337003707886 -0.6990972757339478
7653 3.279091358184814 0.3047913908958435 -0.7035925388336182
7654 3.303974866867065 0.3046535551548004 -0.7078372240066528
7655 3.32766580581665 0.3047141432762146 -0.7118176221847534
7656 3.350107431411743 0.3049561679363251 -0.7155277132987976
7657 3.371245384216309 0.3053087294101715 -0.7189977169036865
7658 3.391028881072998 0.305741161108017 -0.7222297191619873
7659 3.409410238265991 0.3062556982040405 -0.7252036929130554
7660 3.426344871520996 0.3068287968635559 -0.7279180288314819
7661 3.441792488098145 0.3074328899383545 -0.730374276638031
7662 3.455715656280518 0.308039665222168 -0.7325752377510071
7663 3.468080997467041 0.3086270093917847 -0.7345206141471863
7664 3.478858232498169 0.3091729283332825 -0.7362112402915955
7665 3.488022089004517 0.3096575140953064 -0.7376481294631958
7666 3.49554967880249 0.3100676536560059 -0.7388293147087097
7667 3.501423597335815 0.3104036152362823 -0.7397459745407104
7668 3.505629301071167 0.3106703758239746 -0.7403886318206787
7669 3.508157014846802 0.310854583978653 -0.7407613396644592
7670 3.509000062942505 0.3109225630760193 -0.7408819794654846
7671 2.109000205993652 0.3292959928512573 -0.5865501165390015
7672 2.109843254089355 0.3292189538478851 -0.5866175889968872
7673 2.112370729446411 0.3289959132671356 -0.5868131518363953
7674 2.116576433181763 0.3286432325839996 -0.5871235132217407
7675 2.122450351715088 0.3285014927387238 -0.5872538089752197
7676 2.129978179931641 0.3283154964447021 -0.587429940700531
7677 2.139141798019409 0.3280673623085022 -0.5876713395118713
7678 2.149919271469116 0.327654242515564 -0.588071882724762
7679 2.162284374237061 0.3269667029380798 -0.5887309312820435
7680 2.176207542419434 0.3261726796627045 -0.5895077586174011
7681 2.191655158996582 0.3251956105232239 -0.5904737710952759
7682 2.208590030670166 0.324150949716568 -0.5915359854698181
7683 2.226971387863159 0.3230214715003967 -0.5927159190177917
7684 2.246754884719849 0.3223083913326263 -0.593597948551178
7685 2.267892837524414 0.3214367926120758 -0.5946786999702454
7686 2.290334224700928 0.3201790750026703 -0.5961559414863586
7687 2.314025402069092 0.3186903297901154 -0.5979042649269104
7688 2.338908910751343 0.3169773817062378 -0.5999228954315186
7689 2.364924907684326 0.3159010708332062 -0.6015111207962036
7690 2.392010688781738 0.3144291639328003 -0.6035285592079163
7691 2.420100927352905 0.3126857280731201 -0.6058768033981323
7692 2.449128150939941 0.3107145130634308 -0.6085231900215149
7693 2.479022264480591 0.3087141513824463 -0.6113117933273315
7694 2.509711503982544 0.3075411319732666 -0.6135712862014771
7695 2.5411217212677 0.3056268095970154 -0.616553008556366
7696 2.573177099227905 0.3034878671169281 -0.6198451519012451
7697 2.605800867080688 0.3017187416553497 -0.6229874491691589
7698 2.638913869857788 0.3002302646636963 -0.6260567903518677
7699 2.672436952590942 0.2982805967330933 -0.6296238303184509
7700 2.706288814544678 0.296133279800415 -0.6334803700447083
7701 2.740388154983521 0.2948108911514282 -0.6368554830551147
7702 2.774652719497681 0.2929258048534393 -0.640791654586792
7703 2.809000015258789 0.2909582555294037 -0.6449199318885803
7704 2.843347549438477 0.2890189290046692 -0.6491518020629883
7705 2.877612113952637 0.2878990173339844 -0.6529075503349304
7706 2.911711454391479 0.2862215936183929 -0.6571822762489319
7707 2.945563316345215 0.2845479846000671 -0.6615556478500366
7708 2.97908616065979 0.2834214270114899 -0.6656320691108704
7709 3.012199401855469 0.2822526395320892 -0.6698217391967773
7710 3.044822931289673 0.2809606790542603 -0.6741668581962585
7711 3.076878547668457 0.2797167897224426 -0.6785320043563843
7712 3.108288764953613 0.2790005505084991 -0.6825725436210632
7713 3.138977766036987 0.2776869535446167 -0.6870480179786682
7714 3.168872117996216 0.2760414183139801 -0.6917482614517212
7715 3.197899341583252 0.2746359705924988 -0.6962657570838928
7716 3.225989580154419 0.2734881639480591 -0.7005763053894043
7717 3.253075361251831 0.2725895643234253 -0.7046725749969482
7718 3.279091358184814 0.2719026803970337 -0.7085648775100708
7719 3.303974866867065 0.2714250683784485 -0.7122402191162109
7720 3.32766580581665 0.2711551487445831 -0.7156851887702942
7721 3.350107431411743 0.2710798680782318 -0.7188934087753296
7722 3.371245384216309 0.2711236476898193 -0.7218957543373108
7723 3.391028881072998 0.2712588608264923 -0.7246933579444885
7724 3.409410238265991 0.2714890539646149 -0.7272690534591675
7725 3.426344871520996 0.2717930674552917 -0.7296211123466492
7726 3.441792488098145 0.2721456587314606 -0.7317505478858948
7727 3.455715656280518 0.2725208699703217 -0.733659565448761
7728 3.468080997467041 0.2728987038135529 -0.7353475689888
7729 3.478858232498169 0.273259162902832 -0.7368150949478149
7730 3.488022089004517 0.273584246635437 -0.7380625605583191
7731 3.49554967880249 0.2738621234893799 -0.7390881776809692
7732 3.501423597335815 0.2740937769412994 -0.7398843765258789
7733 3.505629301071167 0.2742844223976135 -0.7404429912567139
7734 3.508157014846802 0.2744216322898865 -0.7407674193382263
7735 3.509000062942505 0.2744735777378082 -0.7408725619316101
7736 2.109000205993652 0.3029032349586487 -0.6081060767173767
7737 2.109843254089355 0.3028274178504944 -0.6081637740135193
7738 2.112370729446411 0.3026079833507538 -0.6083311438560486
7739 2.116576433181763 0.3022609353065491 -0.6085968017578125
7740 2.122450351715088 0.3021183609962463 -0.6087103486061096
7741 2.129978179931641 0.3019282221794128 -0.6088657975196838
7742 2.139141798019409 0.3016723692417145 -0.6090800166130066
7743 2.149919271469116 0.3012523353099823 -0.6094310283660889
7744 2.162284374237061 0.3005608916282654 -0.6100033521652222
7745 2.176207542419434 0.2997615933418274 -0.6106773614883423
7746 2.191655158996582 0.2987836599349976 -0.6115105748176575
7747 2.208590030670166 0.2977373003959656 -0.6124254465103149
7748 2.226971387863159 0.2965981662273407 -0.6134456992149353
7749 2.246754884719849 0.2958577275276184 -0.6142158508300781
7750 2.267892837524414 0.2949564456939697 -0.6151564121246338
7751 2.290334224700928 0.2936796247959137 -0.6164298057556152
7752 2.314025402069092 0.2921639680862427 -0.6179397106170654
7753 2.338908910751343 0.2904288172721863 -0.6196760535240173
7754 2.364924907684326 0.2893016934394836 -0.621051549911499
7755 2.392010688781738 0.2877779603004456 -0.622795045375824
7756 2.420100927352905 0.285986065864563 -0.6248171925544739
7757 2.449128150939941 0.2839646935462952 -0.6270928978919983
7758 2.479022264480591 0.2819012403488159 -0.6294938921928406
7759 2.509711503982544 0.280634731054306 -0.6314463019371033
7760 2.5411217212677 0.2786363959312439 -0.634013295173645
7761 2.573177099227905 0.2764177322387695 -0.6368394494056702
7762 2.605800867080688 0.2745398283004761 -0.6395458579063416
7763 2.638913869857788 0.2729247212409973 -0.6421915888786316
7764 2.672436952590942 0.2708572745323181 -0.6452566981315613
7765 2.706288814544678 0.268589586019516 -0.6485673189163208
7766 2.740388154983521 0.2671049535274506 -0.6514767408370972
7767 2.774652719497681 0.2650682330131531 -0.654860258102417
7768 2.809000015258789 0.262948751449585 -0.6584036350250244
7769 2.843347549438477 0.2608436942100525 -0.6620386242866516
7770 2.877612113952637 0.259525865316391 -0.6652711033821106
7771 2.911711454391479 0.2576616704463959 -0.6689427495002747
7772 2.945563316345215 0.2557975649833679 -0.6726967692375183
7773 2.97908616065979 0.2544509172439575 -0.6762043833732605
7774 3.012199401855469 0.2530631124973297 -0.6798052787780762
7775 3.044822931289673 0.2515528798103333 -0.6835373640060425
7776 3.076878547668457 0.2500849366188049 -0.6872873306274414
7777 3.108288764953613 0.2491271197795868 -0.6907618641853333
7778 3.138977766036987 0.2475929856300354 -0.6946021914482117
7779 3.168872117996216 0.2457432448863983 -0.6986291408538818
7780 3.197899341583252 0.2441263496875763 -0.7025015950202942
7781 3.225989580154419 0.2427611351013184 -0.7061984539031982
7782 3.253075361251831 0.2416407614946365 -0.7097132205963135
7783 3.279091358184814 0.2407283931970596 -0.7130553126335144
7784 3.303974866867065 0.240023747086525 -0.7162129878997803
7785 3.32766580581665 0.2395286858081818 -0.7191735506057739
7786 3.350107431411743 0.2392333745956421 -0.7219305634498596
7787 3.371245384216309 0.2390599399805069 -0.7245129942893982
7788 3.391028881072998 0.2389835715293884 -0.7269211411476135
7789 3.409410238265991 0.2390087395906448 -0.7291404008865356
7790 3.426344871520996 0.239116370677948 -0.731168806552887
7791 3.441792488098145 0.2392836064100266 -0.7330067753791809
7792 3.455715656280518 0.2394867986440659 -0.7346556782722473
7793 3.468080997467041 0.2397079318761826 -0.7361146211624146
7794 3.478858232498169 0.2399290055036545 -0.7373836636543274
7795 3.488022089004517 0.2401337623596191 -0.7384628057479858
7796 3.49554967880249 0.2403116673231125 -0.7393501996994019
7797 3.501423597335815 0.2404641062021255 -0.7400394678115845
7798 3.505629301071167 0.2405963540077209 -0.740523636341095
7799 3.508157014846802 0.2406969666481018 -0.7408053874969482
7800 3.509000062942505 0.2407363057136536 -0.7408968806266785
7801 2.109000205993652 0.2746298015117645 -0.6281259059906006
7802 2.109843254089355 0.2745569050312042 -0.628173828125
7803 2.112370729446411 0.2743459343910217 -0.6283127665519714
7804 2.116576433181763 0.2740121781826019 -0.6285332441329956
7805 2.122450351715088 0.273872584104538 -0.6286290884017944
7806 2.129978179931641 0.273684024810791 -0.6287617683410645
7807 2.139141798019409 0.2734285891056061 -0.6289454102516174
7808 2.149919271469116 0.2730139791965485 -0.6292433738708496
7809 2.162284374237061 0.2723374962806702 -0.6297253966331482
7810 2.176207542419434 0.2715550065040588 -0.630293071269989
7811 2.191655158996582 0.2706024348735809 -0.6309915781021118
7812 2.208590030670166 0.2695829272270203 -0.6317581534385681
7813 2.226971387863159 0.2684670984745026 -0.632616400718689
7814 2.246754884719849 0.2677262127399445 -0.6332716345787048
7815 2.267892837524414 0.2668273150920868 -0.6340698599815369
7816 2.290334224700928 0.2655718326568604 -0.6351410150527954
7817 2.314025402069092 0.2640780806541443 -0.6364132165908813
7818 2.338908910751343 0.2623752653598785 -0.6378715634346008
7819 2.364924907684326 0.2612429857254028 -0.6390378475189209
7820 2.392010688781738 0.259724497795105 -0.6405118703842163
7821 2.420100927352905 0.2579486072063446 -0.6422162055969238
7822 2.449128150939941 0.2559490501880646 -0.6441320776939392
7823 2.479022264480591 0.2538993656635284 -0.6461568474769592
7824 2.509711503982544 0.2526030540466309 -0.6478150486946106
7825 2.5411217212677 0.2506028413772583 -0.6499832272529602
7826 2.573177099227905 0.248392790555954 -0.6523645520210266
7827 2.605800867080688 0.2464928478002548 -0.6546553373336792
7828 2.638913869857788 0.2448360323905945 -0.6568999290466309
7829 2.672436952590942 0.2427470833063126 -0.6594904065132141
7830 2.706288814544678 0.240462526679039 -0.6622859835624695
7831 2.740388154983521 0.2389085292816162 -0.6647590398788452
7832 2.774652719497681 0.236826628446579 -0.6676238775253296
7833 2.809000015258789 0.2346652001142502 -0.6706206798553467
7834 2.843347549438477 0.2325080633163452 -0.6736981272697449
7835 2.877612113952637 0.2310930192470551 -0.6764476299285889
7836 2.911711454391479 0.2291558980941772 -0.6795600652694702
7837 2.945563316345215 0.2272168844938278 -0.6827414631843567
7838 2.97908616065979 0.2257590293884277 -0.6857258081436157
7839 3.012199401855469 0.2242627143859863 -0.6887865662574768
7840 3.044822931289673 0.2226484566926956 -0.6919562816619873
7841 3.076878547668457 0.2210713028907776 -0.6951423287391663
7842 3.108288764953613 0.2199772447347641 -0.698102593421936
7843 3.138977766036987 0.2183390706777573 -0.7013622522354126
7844 3.168872117996216 0.2164066880941391 -0.7047726511955261
7845 3.197899341583252 0.2146952450275421 -0.7080562114715576
7846 3.225989580154419 0.2132238894701004 -0.7111948132514954
7847 3.253075361251831 0.2119870483875275 -0.7141825556755066
7848 3.279091358184814 0.2109492868185043 -0.7170273065567017
7849 3.303974866867065 0.2101118117570877 -0.7197186350822449
7850 3.32766580581665 0.2094790041446686 -0.7222446799278259
7851 3.350107431411743 0.2090436220169067 -0.7245991230010986
7852 3.371245384216309 0.2087280601263046 -0.7268074750900269
7853 3.391028881072998 0.2085102200508118 -0.7288692593574524
7854 3.409410238265991 0.2083950191736221 -0.7307718992233276
7855 3.426344871520996 0.2083654552698135 -0.7325132489204407
7856 3.441792488098145 0.2084010243415833 -0.7340930700302124
7857 3.455715656280518 0.2084804475307465 -0.7355117797851562
7858 3.468080997467041 0.2085876166820526 -0.7367683053016663
7859 3.478858232498169 0.2087064981460571 -0.7378619909286499
7860 3.488022089004517 0.2088225930929184 -0.7387924790382385
7861 3.49554967880249 0.2089265584945679 -0.7395579218864441
7862 3.501423597335815 0.2090200632810593 -0.7401528358459473
7863 3.505629301071167 0.2091081738471985 -0.7405714988708496
7864 3.508157014846802 0.2091805338859558 -0.7408156991004944
7865 3.509000062942505 0.2092099785804749 -0.74089515209198
7866 2.109000205993652 0.2445881515741348 -0.6463924646377563
7867 2.109843254089355 0.2445198595523834 -0.6464307904243469
7868 2.112370729446411 0.2443221807479858 -0.6465418934822083
7869 2.116576433181763 0.2440094500780106 -0.6467182636260986
7870 2.122450351715088 0.2438766956329346 -0.6467961072921753
7871 2.129978179931641 0.2436955273151398 -0.6469050049781799
7872 2.139141798019409 0.2434488832950592 -0.647056519985199
7873 2.149919271469116 0.2430521249771118 -0.6473002433776855
7874 2.162284374237061 0.2424094080924988 -0.6476919651031494
7875 2.176207542419434 0.2416657954454422 -0.6481536626815796
7876 2.191655158996582 0.2407643496990204 -0.648719847202301
7877 2.208590030670166 0.2397996485233307 -0.6493418216705322
7878 2.226971387863159 0.2387393414974213 -0.6500410437583923
7879 2.246754884719849 0.2380240261554718 -0.6505825519561768
7880 2.267892837524414 0.2371585369110107 -0.6512410044670105
7881 2.290334224700928 0.2359629720449448 -0.6521171927452087
7882 2.314025402069092 0.2345380187034607 -0.6531593799591064
7883 2.338908910751343 0.2329193651676178 -0.6543513536453247
7884 2.364924907684326 0.2318246811628342 -0.6553173065185547
7885 2.392010688781738 0.2303650677204132 -0.6565334796905518
7886 2.420100927352905 0.2286654859781265 -0.6579357981681824
7887 2.449128150939941 0.226754754781723 -0.6595110297203064
7888 2.479022264480591 0.2247903347015381 -0.6611796617507935
7889 2.509711503982544 0.2235222607851028 -0.6625624895095825
7890 2.5411217212677 0.2215955406427383 -0.6643561720848083
7891 2.573177099227905 0.2194747924804688 -0.6663224101066589
7892 2.605800867080688 0.217631608247757 -0.6682257652282715
7893 2.638913869857788 0.2160095125436783 -0.6700984835624695
7894 2.672436952590942 0.2139858305454254 -0.6722499132156372
7895 2.706288814544678 0.21177738904953 -0.6745696067810059
7896 2.740388154983521 0.2102364897727966 -0.676642119884491
7897 2.774652719497681 0.208204373717308 -0.6790300607681274
7898 2.809000015258789 0.2060986310243607 -0.6815263032913208
7899 2.843347549438477 0.2039902210235596 -0.6840932965278625
7900 2.877612113952637 0.2025657892227173 -0.6864053606987
7901 2.911711454391479 0.2006557285785675 -0.6890093088150024
7902 2.945563316345215 0.1987429708242416 -0.6916713118553162
7903 2.97908616065979 0.1972684860229492 -0.6941831707954407
7904 3.012199401855469 0.1957593262195587 -0.6967574954032898
7905 3.044822931289673 0.1941399723291397 -0.6994206309318542
7906 3.076878547668457 0.1925529092550278 -0.7020993232727051
7907 3.108288764953613 0.1914125829935074 -0.7046005129814148
7908 3.138977766036987 0.1897708475589752 -0.7073386907577515
7909 3.168872117996216 0.1878609657287598 -0.7101948261260986
7910 3.197899341583252 0.1861556172370911 -0.7129504084587097
7911 3.225989580154419 0.1846734285354614 -0.7155901789665222
7912 3.253075361251831 0.1834098547697067 -0.7181085348129272
7913 3.279091358184814 0.1823315918445587 -0.7205114960670471
7914 3.303974866867065 0.1814408600330353 -0.7227897047996521
7915 3.32766580581665 0.180743619799614 -0.7249325513839722
7916 3.350107431411743 0.1802347451448441 -0.7269338369369507
7917 3.371245384216309 0.1798393726348877 -0.728814423084259
7918 3.391028881072998 0.1795381307601929 -0.7305730581283569
7919 3.409410238265991 0.1793360114097595 -0.7321990728378296
7920 3.426344871520996 0.1792180836200714 -0.7336899638175964
7921 3.441792488098145 0.1791661828756332 -0.7350447773933411
7922 3.455715656280518 0.179161474108696 -0.7362632155418396
7923 3.468080997467041 0.1791897714138031 -0.7373436093330383
7924 3.478858232498169 0.1792369782924652 -0.7382849454879761
7925 3.488022089004517 0.1792903393507004 -0.7390862703323364
7926 3.49554967880249 0.1793417036533356 -0.7397458553314209
7927 3.501423597335815 0.1793928295373917 -0.7402588725090027
7928 3.505629301071167 0.1794484555721283 -0.7406206727027893
7929 3.508157014846802 0.1794993430376053 -0.7408324480056763
7930 3.509000062942505 0.1795210838317871 -0.7409015893936157
7931 2.109000205993652 0.2129204571247101 -0.6626990437507629
7932 2.109843254089355 0.2128583788871765 -0.6627282500267029
7933 2.112370729446411 0.2126787006855011 -0.6628130674362183
7934 2.116576433181763 0.2123944163322449 -0.6629477143287659
7935 2.122450351715088 0.2122723013162613 -0.6630080938339233
7936 2.129978179931641 0.2121042460203171 -0.6630933880805969
7937 2.139141798019409 0.2118745744228363 -0.6632127165794373
7938 2.149919271469116 0.2115077823400497 -0.6634034514427185
7939 2.162284374237061 0.2109170854091644 -0.6637082695960999
7940 2.176207542419434 0.210233598947525 -0.6640682220458984
7941 2.191655158996582 0.2094079554080963 -0.6645089983940125
7942 2.208590030670166 0.2085245847702026 -0.6649943590164185
7943 2.226971387863159 0.2075504809617996 -0.6655428409576416
7944 2.246754884719849 0.206885352730751 -0.6659756898880005
7945 2.267892837524414 0.206082358956337 -0.6665014028549194
7946 2.290334224700928 0.2049827873706818 -0.6671952605247498
7947 2.314025402069092 0.2036703824996948 -0.6680216193199158
7948 2.338908910751343 0.2021839916706085 -0.6689656972885132
7949 2.364924907684326 0.2011661231517792 -0.6697452068328857
7950 2.392010688781738 0.1998147219419479 -0.6707215309143066
7951 2.420100927352905 0.1982465982437134 -0.6718447208404541
7952 2.449128150939941 0.1964859068393707 -0.6731058359146118
7953 2.479022264480591 0.1946718245744705 -0.6744462847709656
7954 2.509711503982544 0.1934838145971298 -0.6755774021148682
7955 2.5411217212677 0.1916984766721725 -0.6770281791687012
7956 2.573177099227905 0.189739316701889 -0.6786162853240967
7957 2.605800867080688 0.1880231201648712 -0.6801669001579285
7958 2.638913869857788 0.1865032762289047 -0.681702733039856
7959 2.672436952590942 0.1846215724945068 -0.6834569573402405
7960 2.706288814544678 0.1825714260339737 -0.6853466629981995
7961 2.740388154983521 0.1811155080795288 -0.687059223651886
7962 2.774652719497681 0.1792163848876953 -0.6890180110931396
7963 2.809000015258789 0.1772515177726746 -0.6910653710365295
7964 2.843347549438477 0.1752796620130539 -0.6931746602058411
7965 2.877612113952637 0.1739211082458496 -0.6950980424880981
7966 2.911711454391479 0.1721244305372238 -0.697248637676239
7967 2.945563316345215 0.1703249514102936 -0.6994485855102539
7968 2.97908616065979 0.1689145565032959 -0.7015417218208313
7969 3.012199401855469 0.1674739420413971 -0.703685998916626
7970 3.044822931289673 0.1659337133169174 -0.7059012055397034
7971 3.076878547668457 0.1644211709499359 -0.7081316113471985
7972 3.108288764953613 0.1633101254701614 -0.7102299332618713
7973 3.138977766036987 0.1617499887943268 -0.7125082612037659
7974 3.168872117996216 0.1599519997835159 -0.7148752808570862
7975 3.197899341583252 0.1583379209041595 -0.7171659469604492
7976 3.225989580154419 0.1569251269102097 -0.7193676233291626
7977 3.253075361251831 0.1557099372148514 -0.7214750647544861
7978 3.279091358184814 0.1546619981527328 -0.7234920263290405
7979 3.303974866867065 0.1537840366363525 -0.7254103422164917
7980 3.32766580581665 0.1530828177928925 -0.7272204160690308
7981 3.350107431411743 0.1525547951459885 -0.7289164662361145
7982 3.371245384216309 0.1521304249763489 -0.7305141687393188
7983 3.391028881072998 0.1517930030822754 -0.7320113778114319
7984 3.409410238265991 0.1515473276376724 -0.7333991527557373
7985 3.426344871520996 0.1513805240392685 -0.7346746325492859
7986 3.441792488098145 0.1512768566608429 -0.7358360886573792
7987 3.455715656280518 0.151219978928566 -0.7368825078010559
7988 3.468080997467041 0.1511976271867752 -0.737811803817749
7989 3.478858232498169 0.1511977016925812 -0.7386224269866943
7990 3.488022089004517 0.1512091606855392 -0.7393131256103516
7991 3.49554967880249 0.1512250602245331 -0.7398819327354431
7992 3.501423597335815 0.1512470692396164 -0.740324854850769
7993 3.505629301071167 0.1512795388698578 -0.7406380772590637
7994 3.508157014846802 0.1513143628835678 -0.7408221960067749
7995 3.509000062942505 0.1513301581144333 -0.7408824563026428
7996 2.109000205993652 0.1797973960638046 -0.6768543124198914
7997 2.109843254089355 0.1797430515289307 -0.6768752336502075
7998 2.112370729446411 0.1795857548713684 -0.6769360303878784
7999 2.116576433181763 0.17933689057827 -0.6770327687263489
8000 2.122450351715088 0.1792289465665817 -0.6770769357681274
8001 2.129978179931641 0.1790794432163239 -0.677139937877655
8002 2.139141798019409 0.1788744777441025 -0.6772287487983704
8003 2.149919271469116 0.1785490661859512 -0.6773700714111328
8004 2.162284374237061 0.1780274361371994 -0.6775946617126465
8005 2.176207542419434 0.1774238795042038 -0.6778610944747925
8006 2.191655158996582 0.1766969263553619 -0.6781874299049377
8007 2.208590030670166 0.1759193539619446 -0.6785486936569214
8008 2.226971387863159 0.1750597208738327 -0.6789596676826477
8009 2.246754884719849 0.1744673997163773 -0.6792929172515869
8010 2.267892837524414 0.173753559589386 -0.6796976327896118
8011 2.290334224700928 0.1727827787399292 -0.6802271008491516
8012 2.314025402069092 0.1716227829456329 -0.6808584332466125
8013 2.338908910751343 0.1703121960163116 -0.6815798282623291
8014 2.364924907684326 0.1694064140319824 -0.6821920275688171
8015 2.392010688781738 0.1682076156139374 -0.6829531788825989
8016 2.420100927352905 0.1668204069137573 -0.6838271021842957
8017 2.449128150939941 0.1652644574642181 -0.6848084330558777
8018 2.479022264480591 0.1636587828397751 -0.6858565211296082
8019 2.509711503982544 0.1625964343547821 -0.6867652535438538
8020 2.5411217212677 0.161012589931488 -0.6879123449325562
8021 2.573177099227905 0.1592787504196167 -0.6891669034957886
8022 2.605800867080688 0.1577511727809906 -0.6904066801071167
8023 2.638913869857788 0.1563924849033356 -0.6916468739509583
8024 2.672436952590942 0.154719665646553 -0.6930528879165649
8025 2.706288814544678 0.1528993993997574 -0.6945662498474121
8026 2.740388154983521 0.1515905261039734 -0.6959651112556458
8027 2.774652719497681 0.149896427989006 -0.6975494623184204
8028 2.809000015258789 0.14814592897892 -0.6992063522338867
8029 2.843347549438477 0.1463863402605057 -0.7009176015853882
8030 2.877612113952637 0.1451576799154282 -0.7025057077407837
8031 2.911711454391479 0.1435482203960419 -0.7042639255523682
8032 2.945563316345215 0.1419363021850586 -0.7060648202896118
8033 2.97908616065979 0.1406584084033966 -0.707797646522522
8034 3.012199401855469 0.1393551677465439 -0.709572434425354
8035 3.044822931289673 0.1379652768373489 -0.7114028930664062
8036 3.076878547668457 0.1365985572338104 -0.7132484912872314
8037 3.108288764953613 0.1355799734592438 -0.7150030732154846
8038 3.138977766036987 0.134173259139061 -0.716887354850769
8039 3.168872117996216 0.132562592625618 -0.7188348174095154
8040 3.197899341583252 0.1311114430427551 -0.7207275629043579
8041 3.225989580154419 0.1298352479934692 -0.7225552797317505
8042 3.253075361251831 0.1287311017513275 -0.7243129014968872
8043 3.279091358184814 0.127772331237793 -0.7260018587112427
8044 3.303974866867065 0.1269617974758148 -0.7276149988174438
8045 3.32766580581665 0.1263063251972198 -0.7291439771652222
8046 3.350107431411743 0.125803604722023 -0.7305832505226135
8047 3.371245384216309 0.1253916323184967 -0.7319431304931641
8048 3.391028881072998 0.1250564754009247 -0.7332208752632141
8049 3.409410238265991 0.1248024851083755 -0.7344088554382324
8050 3.426344871520996 0.124618835747242 -0.7355038523674011
8051 3.441792488098145 0.1244922876358032 -0.7365036010742188
8052 3.455715656280518 0.1244090497493744 -0.7374061346054077
8053 3.468080997467041 0.1243588775396347 -0.7382091879844666
8054 3.478858232498169 0.1243315860629082 -0.7389107346534729
8055 3.488022089004517 0.1243179515004158 -0.7395090460777283
8056 3.49554967880249 0.124312162399292 -0.7400021553039551
8057 3.501423597335815 0.1243157833814621 -0.7403866052627563
8058 3.505629301071167 0.1243325546383858 -0.7406592965126038
8059 3.508157014846802 0.1243556588888168 -0.7408204078674316
8060 3.509000062942505 0.1243669167160988 -0.740873396396637
8061 2.109000205993652 0.1454161554574966 -0.6886870265007019
8062 2.109843254089355 0.1453709155321121 -0.688700795173645
8063 2.112370729446411 0.1452399343252182 -0.6887407898902893
8064 2.116576433181763 0.1450327187776566 -0.688804566860199
8065 2.122450351715088 0.1449421495199203 -0.6888343691825867
8066 2.129978179931641 0.1448160856962204 -0.6888775825500488
8067 2.139141798019409 0.1446428447961807 -0.6889390349388123
8068 2.149919271469116 0.144369050860405 -0.6890365481376648
8069 2.162284374237061 0.1439317762851715 -0.6891908645629883
8070 2.176207542419434 0.1434258371591568 -0.6893753409385681
8071 2.191655158996582 0.1428179144859314 -0.6896021366119385
8072 2.208590030670166 0.1421678364276886 -0.6898558735847473
8073 2.226971387863159 0.1414477527141571 -0.6901472806930542
8074 2.246754884719849 0.1409481912851334 -0.6903936266899109
8075 2.267892837524414 0.1403470039367676 -0.6906931400299072
8076 2.290334224700928 0.139533743262291 -0.6910809278488159
8077 2.314025402069092 0.1385611295700073 -0.6915438771247864
8078 2.338908910751343 0.1374643892049789 -0.6920740604400635
8079 2.364924907684326 0.1367012411355972 -0.6925426125526428
8080 2.392010688781738 0.1356935948133469 -0.6931191086769104
8081 2.420100927352905 0.1345300674438477 -0.6937800049781799
8082 2.449128150939941 0.1332261115312576 -0.6945226192474365
8083 2.479022264480591 0.1318789273500443 -0.6953213214874268
8084 2.509711503982544 0.1309811174869537 -0.696041464805603
8085 2.5411217212677 0.1296502351760864 -0.6969306468963623
8086 2.573177099227905 0.12819604575634 -0.697903037071228
8087 2.605800867080688 0.126909539103508 -0.6988799571990967
8088 2.638913869857788 0.1257617771625519 -0.6998710036277771
8089 2.672436952590942 0.1243544295430183 -0.700984001159668
8090 2.706288814544678 0.1228244975209236 -0.7021807432174683
8091 2.740388154983521 0.1217146441340446 -0.703316867351532
8092 2.774652719497681 0.1202860847115517 -0.7045872211456299
8093 2.809000015258789 0.1188114657998085 -0.7059174776077271
8094 2.843347549438477 0.1173274740576744 -0.707295835018158
8095 2.877612113952637 0.1162816658616066 -0.7086054682731628
8096 2.911711454391479 0.1149207875132561 -0.7100369334220886
8097 2.945563316345215 0.1135579571127892 -0.7115061283111572
8098 2.97908616065979 0.1124689504504204 -0.7129402160644531
8099 3.012199401855469 0.1113596633076668 -0.714409351348877
8100 3.044822931289673 0.1101786941289902 -0.7159214019775391
8101 3.076878547668457 0.1090163588523865 -0.7174487113952637
8102 3.108288764953613 0.1081416681408882 -0.7189205884933472
8103 3.138977766036987 0.1069472134113312 -0.7204793691635132
8104 3.168872117996216 0.1055858135223389 -0.7220801115036011
8105 3.197899341583252 0.1043561995029449 -0.7236446738243103
8106 3.225989580154419 0.1032714024186134 -0.725164532661438
8107 3.253075361251831 0.1023291498422623 -0.7266348600387573
8108 3.279091358184814 0.101507157087326 -0.7280550003051758
8109 3.303974866867065 0.1008081361651421 -0.7294185161590576
8110 3.32766580581665 0.1002382934093475 -0.730718195438385
8111 3.350107431411743 0.09979619085788727 -0.7319487929344177
8112 3.371245384216309 0.09942954778671265 -0.7331156134605408
8113 3.391028881072998 0.0991271585226059 -0.7342153191566467
8114 3.409410238265991 0.09889271855354309 -0.7352414131164551
8115 3.426344871520996 0.09871752560138702 -0.7361903786659241
8116 3.441792488098145 0.09859088063240051 -0.7370592951774597
8117 3.455715656280518 0.09850165247917175 -0.7378457188606262
8118 3.468080997467041 0.09844157844781876 -0.7385467886924744
8119 3.478858232498169 0.0984024852514267 -0.7391602993011475
8120 3.488022089004517 0.09837695211172104 -0.7396841049194336
8121 3.49554967880249 0.09836031496524811 -0.7401161193847656
8122 3.501423597335815 0.09835392236709595 -0.7404534220695496
8123 3.505629301071167 0.09836087375879288 -0.7406935691833496
8124 3.508157014846802 0.09837564080953598 -0.7408361434936523
8125 3.509000062942505 0.09838344156742096 -0.7408832311630249
8126 2.109000205993652 0.1099976226687431 -0.6980504989624023
8127 2.109843254089355 0.1099626198410988 -0.6980584263801575
8128 2.112370729446411 0.1098612993955612 -0.6980814337730408
8129 2.116576433181763 0.1097010001540184 -0.6981183290481567
8130 2.122450351715088 0.1096305325627327 -0.6981363296508789
8131 2.129978179931641 0.1095320805907249 -0.6981630325317383
8132 2.139141798019409 0.1093965694308281 -0.6982016563415527
8133 2.149919271469116 0.1091831102967262 -0.6982629895210266
8134 2.162284374237061 0.1088431403040886 -0.6983595490455627
8135 2.176207542419434 0.1084498167037964 -0.6984767913818359
8136 2.191655158996582 0.1079780533909798 -0.6986224055290222
8137 2.208590030670166 0.1074737161397934 -0.6987884640693665
8138 2.226971387863159 0.1069142520427704 -0.6989823579788208
8139 2.246754884719849 0.1065242066979408 -0.6991575360298157
8140 2.267892837524414 0.1060553044080734 -0.6993712186813354
8141 2.290334224700928 0.1054235026240349 -0.699644148349762
8142 2.314025402069092 0.1046674251556396 -0.6999703645706177
8143 2.338908910751343 0.1038161143660545 -0.7003459334373474
8144 2.364924907684326 0.1032208725810051 -0.7006983757019043
8145 2.392010688781738 0.1024362444877625 -0.7011255621910095
8146 2.420100927352905 0.1015316918492317 -0.7016146779060364
8147 2.449128150939941 0.1005186140537262 -0.7021651864051819
8148 2.479022264480591 0.09947109967470169 -0.7027632594108582
8149 2.509711503982544 0.09876946359872818 -0.7033323645591736
8150 2.5411217212677 0.09773357957601547 -0.7040147185325623
8151 2.573177099227905 0.09660334885120392 -0.7047613859176636
8152 2.605800867080688 0.09560047090053558 -0.705528199672699
8153 2.638913869857788 0.09470390528440475 -0.706320583820343
8154 2.672436952590942 0.09360777586698532 -0.7071999907493591
8155 2.706288814544678 0.09241700917482376 -0.7081447243690491
8156 2.740388154983521 0.09154786914587021 -0.7090722322463989
8157 2.774652719497681 0.09043348580598831 -0.7100932002067566
8158 2.809000015258789 0.08928407728672028 -0.7111644744873047
8159 2.843347549438477 0.08812641352415085 -0.7122789621353149
8160 2.877612113952637 0.08730544149875641 -0.7133688926696777
8161 2.911711454391479 0.08624200522899628 -0.7145422101020813
8162 2.945563316345215 0.08517716079950333 -0.7157495617866516
8163 2.97908616065979 0.08432164043188095 -0.7169484496116638
8164 3.012199401855469 0.08345093578100204 -0.7181771993637085
8165 3.044822931289673 0.0825251042842865 -0.7194387912750244
8166 3.076878547668457 0.08161331713199615 -0.7207159996032715
8167 3.108288764953613 0.08092271536588669 -0.721966564655304
8168 3.138977766036987 0.0799868106842041 -0.7232698202133179
8169 3.168872117996216 0.07892348617315292 -0.724598228931427
8170 3.197899341583252 0.07796148210763931 -0.7259052991867065
8171 3.225989580154419 0.07711095362901688 -0.7271841168403625
8172 3.253075361251831 0.0763702392578125 -0.7284298539161682
8173 3.279091358184814 0.07572206109762192 -0.7296400666236877
8174 3.303974866867065 0.075168676674366 -0.7308090329170227
8175 3.32766580581665 0.07471520453691483 -0.7319304347038269
8176 3.350107431411743 0.07436080276966095 -0.7329991459846497
8177 3.371245384216309 0.07406463474035263 -0.7340164184570312
8178 3.391028881072998 0.07381828129291534 -0.7349782586097717
8179 3.409410238265991 0.0736246332526207 -0.7358790636062622
8180 3.426344871520996 0.0734771266579628 -0.7367150783538818
8181 3.441792488098145 0.07336767762899399 -0.7374829053878784
8182 3.455715656280518 0.07328787446022034 -0.7381795644760132
8183 3.468080997467041 0.07323148101568222 -0.7388020157814026
8184 3.478858232498169 0.07319235056638718 -0.7393475770950317
8185 3.488022089004517 0.07316488772630692 -0.7398138642311096
8186 3.49554967880249 0.07314559072256088 -0.7401987314224243
8187 3.501423597335815 0.07313552498817444 -0.74049973487854
8188 3.505629301071167 0.073137067258358 -0.7407147288322449
8189 3.508157014846802 0.0731460303068161 -0.7408431172370911
8190 3.509000062942505 0.07315120846033096 -0.7408856749534607
8191 2.109000205993652 0.07378263026475906 -0.7048261761665344
8192 2.109843254089355 0.07375877350568771 -0.7048297524452209
8193 2.112370729446411 0.07368972152471542 -0.7048402428627014
8194 2.116576433181763 0.07358047366142273 -0.7048572301864624
8195 2.122450351715088 0.07353226095438004 -0.7048664689064026
8196 2.129978179931641 0.07346472144126892 -0.7048807740211487
8197 2.139141798019409 0.07337164878845215 -0.7049022912979126
8198 2.149919271469116 0.07322538644075394 -0.7049366235733032
8199 2.162284374237061 0.07299288362264633 -0.7049902081489563
8200 2.176207542419434 0.07272391021251678 -0.7050575017929077
8201 2.191655158996582 0.07240171730518341 -0.7051429748535156
8202 2.208590030670166 0.0720573365688324 -0.7052443027496338
8203 2.226971387863159 0.07167494297027588 -0.7053660154342651
8204 2.246754884719849 0.07140743732452393 -0.705488383769989
8205 2.267892837524414 0.0710861012339592 -0.7056384086608887
8206 2.290334224700928 0.07065432518720627 -0.7058268189430237
8207 2.314025402069092 0.07013737410306931 -0.7060521841049194
8208 2.338908910751343 0.06955592334270477 -0.7063140273094177
8209 2.364924907684326 0.06914804875850677 -0.7065810561180115
8210 2.392010688781738 0.06861099600791931 -0.7068985104560852
8211 2.420100927352905 0.06799256801605225 -0.7072616815567017
8212 2.449128150939941 0.06730025261640549 -0.7076714038848877
8213 2.479022264480591 0.06658401340246201 -0.7081224918365479
8214 2.509711503982544 0.06610267609357834 -0.7085812091827393
8215 2.5411217212677 0.06539393961429596 -0.7091124057769775
8216 2.573177099227905 0.06462142616510391 -0.7096944451332092
8217 2.605800867080688 0.06393460929393768 -0.7103080749511719
8218 2.638913869857788 0.06331976503133774 -0.710955798625946
8219 2.672436952590942 0.06256955116987228 -0.7116653919219971
8220 2.706288814544678 0.06175496056675911 -0.7124269604682922
8221 2.740388154983521 0.06115797907114029 -0.7132030725479126
8222 2.774652719497681 0.06039451435208321 -0.7140430212020874
8223 2.809000015258789 0.05960748717188835 -0.7149266600608826
8224 2.843347549438477 0.058814387768507 -0.7158499360084534
8225 2.877612113952637 0.05824965238571167 -0.7167812585830688
8226 2.911711454391479 0.0575203113257885 -0.7177678942680359
8227 2.945563316345215 0.05679007992148399 -0.7187862396240234
8228 2.97908616065979 0.05620130524039268 -0.7198154926300049
8229 3.012199401855469 0.05560244992375374 -0.7208710312843323
8230 3.044822931289673 0.05496618151664734 -0.7219522595405579
8231 3.076878547668457 0.05433932691812515 -0.7230493426322937
8232 3.108288764953613 0.0538625605404377 -0.724141001701355
8233 3.138977766036987 0.05321962758898735 -0.7252604365348816
8234 3.168872117996216 0.05249068140983582 -0.7263928651809692
8235 3.197899341583252 0.0518304817378521 -0.7275148034095764
8236 3.225989580154419 0.05124598741531372 -0.7286205291748047
8237 3.253075361251831 0.05073609948158264 -0.729705274105072
8238 3.279091358184814 0.05028902366757393 -0.7307651042938232
8239 3.303974866867065 0.04990637302398682 -0.7317948341369629
8240 3.32766580581665 0.04959177598357201 -0.7327888607978821
8241 3.350107431411743 0.04934479668736458 -0.7337422370910645
8242 3.371245384216309 0.0491374209523201 -0.7346529364585876
8243 3.391028881072998 0.04896401613950729 -0.7355165481567383
8244 3.409410238265991 0.04882657155394554 -0.7363282442092896
8245 3.426344871520996 0.04872069135308266 -0.7370839715003967
8246 3.441792488098145 0.04864096269011497 -0.737779974937439
8247 3.455715656280518 0.04858173802495003 -0.7384127974510193
8248 3.468080997467041 0.04853884503245354 -0.7389793395996094
8249 3.478858232498169 0.0485081747174263 -0.7394766211509705
8250 3.488022089004517 0.04848598688840866 -0.739902138710022
8251 3.49554967880249 0.04846993833780289 -0.7402535676956177
8252 3.501423597335815 0.04846076667308807 -0.7405288219451904
8253 3.505629301071167 0.04846008494496346 -0.7407259941101074
8254 3.508157014846802 0.04846508055925369 -0.7408442497253418
8255 3.509000062942505 0.0484682135283947 -0.7408836483955383
8256 2.109000205993652 0.03702767565846443 -0.7089270949363708
8257 2.109843254089355 0.03701559081673622 -0.7089279890060425
8258 2.112370729446411 0.03698060661554337 -0.7089307904243469
8259 2.116576433181763 0.03692525625228882 -0.7089356184005737
8260 2.122450351715088 0.03690076991915703 -0.7089393734931946
8261 2.129978179931641 0.03686641901731491 -0.7089459896087646
8262 2.139141798019409 0.03681904822587967 -0.7089568972587585
8263 2.149919271469116 0.03674471005797386 -0.7089744806289673
8264 2.162284374237061 0.03662667796015739 -0.7090016007423401
8265 2.176207542419434 0.03649013489484787 -0.7090381979942322
8266 2.191655158996582 0.03632669895887375 -0.7090867161750793
8267 2.208590030670166 0.03615203127264977 -0.7091482877731323
8268 2.226971387863159 0.03595796599984169 -0.7092256546020508
8269 2.246754884719849 0.03582194447517395 -0.7093154788017273
8270 2.267892837524414 0.03565862402319908 -0.7094265222549438
8271 2.290334224700928 0.03543952107429504 -0.7095630764961243
8272 2.314025402069092 0.03517713025212288 -0.7097266316413879
8273 2.338908910751343 0.03488219156861305 -0.7099189162254333
8274 2.364924907684326 0.03467490151524544 -0.7101336717605591
8275 2.392010688781738 0.03440215066075325 -0.7103839516639709
8276 2.420100927352905 0.03408827260136604 -0.7106701731681824
8277 2.449128150939941 0.03373698890209198 -0.7109939455986023
8278 2.479022264480591 0.03337345644831657 -0.7113552689552307
8279 2.509711503982544 0.03312868252396584 -0.7117468118667603
8280 2.5411217212677 0.03276883438229561 -0.7121858596801758
8281 2.573177099227905 0.03237683326005936 -0.7126676440238953
8282 2.605800867080688 0.03202792257070541 -0.7131879925727844
8283 2.638913869857788 0.03171533718705177 -0.7137478590011597
8284 2.672436952590942 0.03133436292409897 -0.7143542170524597
8285 2.706288814544678 0.03092081472277641 -0.7150044441223145
8286 2.740388154983521 0.03061703965067863 -0.7156887650489807
8287 2.774652719497681 0.03022912330925465 -0.7164188623428345
8288 2.809000015258789 0.02982936799526215 -0.7171887159347534
8289 2.843347549438477 0.02942640148103237 -0.7179960608482361
8290 2.877612113952637 0.02913880720734596 -0.718831479549408
8291 2.911711454391479 0.028768016025424 -0.7197051048278809
8292 2.945563316345215 0.02839679270982742 -0.7206090092658997
8293 2.97908616065979 0.0280968826264143 -0.7215357422828674
8294 3.012199401855469 0.0277919415384531 -0.7224867343902588
8295 3.044822931289673 0.02746810019016266 -0.723459005355835
8296 3.076878547668457 0.02714898064732552 -0.7244473099708557
8297 3.108288764953613 0.02690570242702961 -0.7254431247711182
8298 3.138977766036987 0.02657854557037354 -0.7264516949653625
8299 3.168872117996216 0.0262080617249012 -0.7274657487869263
8300 3.197899341583252 0.02587231807410717 -0.7284760475158691
8301 3.225989580154419 0.02557484246790409 -0.7294774651527405
8302 3.253075361251831 0.02531509287655354 -0.7304651737213135
8303 3.279091358184814 0.02508708834648132 -0.7314345240592957
8304 3.303974866867065 0.02489166520535946 -0.7323805093765259
8305 3.32766580581665 0.02473070845007896 -0.7332980036735535
8306 3.350107431411743 0.02460403181612492 -0.7341821789741516
8307 3.371245384216309 0.024497389793396 -0.7350289225578308
8308 3.391028881072998 0.02440796047449112 -0.7358337044715881
8309 3.409410238265991 0.02433675900101662 -0.7365919351577759
8310 3.426344871520996 0.02428157813847065 -0.7372995018959045
8311 3.441792488098145 0.02423970587551594 -0.7379524111747742
8312 3.455715656280518 0.02420830354094505 -0.7385470867156982
8313 3.468080997467041 0.02418528683483601 -0.7390801906585693
8314 3.478858232498169 0.02416859194636345 -0.7395485639572144
8315 3.488022089004517 0.02415634505450726 -0.739949643611908
8316 3.49554967880249 0.02414737828075886 -0.7402810454368591
8317 3.501423597335815 0.02414206229150295 -0.7405408024787903
8318 3.505629301071167 0.0241412129253149 -0.7407273650169373
8319 3.508157014846802 0.02414341829717159 -0.7408396005630493
8320 3.509000062942505 0.02414489351212978 -0.7408770322799683
$EndNodes
$Elements
16384
1 2 2 0 1 1 2 3
2 2 2 0 1 3 1 4
3 2 2 0 1 5 1 4
4 2 2 0 1 4 5 6
5 2 2 0 1 7 5 6
6 2 2 0 1 6 7 8
7 2 2 0 1 9 7 8
8 2 2 0 1 8 9 10
9 2 2 0 1 11 9 10
10 2 2 0 1 10 11 12
11 2 2 0 1 13 11 12
12 2 2 0 1 12 13 14
13 2 2 0 1 15 13 14
14 2 2 0 1 14 15 16
15 2 2 0 1 17 15 16
16 2 2 0 1 16 17 18
17 2 2 0 1 19 17 18
18 2 2 0 1 18 19 20
19 2 2 0 1 21 19 20
20 2 2 0 1 20 21 22
21 2 2 0 1 23 21 22
22 2 2 0 1 22 23 24
23 2 2 0 1 25 23 24
24 2 2 0 1 24 25 26
25 2 2 0 1 27 25 26
26 2 2 0 1 26 27 28
27 2 2 0 1 29 27 28
28 2 2 0 1 28 29 30
29 2 2 0 1 31 29 30
30 2 2 0 1 30 31 32
31 2 2 0 1 33 31 32
32 2 2 0 1 32 33 34
33 2 2 0 1 35 33 34
34 2 2 0 1 34 35 36
35 2 2 0 1 37 35 36
36 2 2 0 1 36 37 38
37 2 2 0 1 39 37 38
38 2 2 0 1 38 39 40
39 2 2 0 1 41 39 40
40 2 2 0 1 40 41 42
41 2 2 0 1 43 41 42
42 2 2 0 1 42 43 44
43 2 2 0 1 45 43 44
44 2 2 0 1 44 45 46
45 2 2 0 1 47 45 46
46 2 2 0 1 46 47 48
47 2 2 0 1 49 47 48
48 2 2 0 1 48 49 50
49 2 2 0 1 51 49 50
50 2 2 0 1 50 51 52
51 2 2 0 1 53 51 52
52 2 2 0 1 52 53 54
53 2 2 0 1 55 53 54
54 2 2 0 1 54 55 56
55 2 2 0 1 57 55 56
56 2 2 0 1 56 57 58
57 2 2 0 1 59 57 58
58 2 2 0 1 58 59 60
59 2 2 0 1 61 59 60
60 2 2 0 1 60 61 62
61 2 2 0 1 63 61 62
62 2 2 0 1 62 63 64
63 2 2 0 1 65 63 64
64 2 2 0 1 64 65 66
65 2 2 0 1 67 65 66
66 2 2 0 1 66 67 68
67 2 2 0 1 69 67 68
68 2 2 0 1 68 69 70
69 2 2 0 1 71 69 70
70 2 2 0 1 70 71 72
71 2 2 0 1 73 71 72
72 2 2 0 1 72 73 74
73 2 2 0 1 75 73 74
74 2 2 0 1 74 75 76
75 2 2 0 1 77 75 76
76 2 2 0 1 76 77 78
77 2 2 0 1 79 77 78
78 2 2 0 1 78 79 80
79 2 2 0 1 81 79 80
80 2 2 0 1 80 81 82
81 2 2 0 1 83 81 82
82 2 2 0 1 82 83 84
83 2 2 0 1 85 83 84
84 2 2 0 1 84 85 86
85 2 2 0 1 87 85 86
86 2 2 0 1 86 87 88
87 2 2 0 1 89 87 88
88 2 2 0 1 88 89 90
89 2 2 0 1 91 89 90
90 2 2 0 1 90 91 92
91 2 2 0 1 93 91 92
92 2 2 0 1 92 93 94
93 2 2 0 1 95 93 94
94 2 2 0 1 94 95 96
95 2 2 0 1 97 95 96
96 2 2 0 1 96 97 98
97 2 2 0 1 99 97 98
98 2 2 0 1 98 99 100
99 2 2 0 1 101 99 100
100 2 2 0 1 100 101 102
101 2 2 0 1 103 101 102
102 2 2 0 1 102 103 104
103 2 2 0 1 105 103 104
104 2 2 0 1 104 105 106
105 2 2 0 1 107 105 106
106 2 2 0 1 106 107 108
107 2 2 0 1 109 107 108
108 2 2 0 1 108 109 110
109 2 2 0 1 111 109 110
110 2 2 0 1 110 111 112
111 2 2 0 1 113 111 112
112 2 2 0 1 112 113 114
113 2 2 0 1 115 113 114
114 2 2 0 1 114 115 116
115 2 2 0 1 117 115 116
116 2 2 0 1 116 117 118
117 2 2 0 1 119 117 118
118 2 2 0 1 118 119 120
119 2 2 0 1 121 119 120
120 2 2 0 1 120 121 122
121 2 2 0 1 123 121 122
122 2 2 0 1 122 123 124
123 2 2 0 1 125 123 124
124 2 2 0 1 124 125 126
125 2 2 0 1 127 125 126
126 2 2 0 1 125 128 127
127 2 2 0 1 129 128 127
128 2 2 0 1 128 130 129
129 2 2 0 1 131 132 2
130 2 2 0 1 2 131 1
131 2 2 0 1 133 131 1
132 2 2 0 1 1 133 5
133 2 2 0 1 134 133 5
134 2 2 0 1 5 134 7
135 2 2 0 1 135 134 7
136 2 2 0 1 7 135 9
137 2 2 0 1 136 135 9
138 2 2 0 1 9 136 11
139 2 2 0 1 137 136 11
140 2 2 0 1 11 137 13
141 2 2 0 1 138 137 13
142 2 2 0 1 13 138 15
143 2 2 0 1 139 138 15
144 2 2 0 1 15 139 17
145 2 2 0 1 140 139 17
146 2 2 0 1 17 140 19
147 2 2 0 1 141 140 19
148 2 2 0 1 19 141 21
149 2 2 0 1 142 141 21
150 2 2 0 1 21 142 23
151 2 2 0 1 143 142 23
152 2 2 0 1 23 143 25
153 2 2 0 1 144 143 25
154 2 2 0 1 25 144 27
155 2 2 0 1 145 144 27
156 2 2 0 1 27 145 29
157 2 2 0 1 146 145 29
158 2 2 0 1 29 146 31
159 2 2 0 1 147 146 31
160 2 2 0 1 31 147 33
161 2 2 0 1 148 147 33
162 2 2 0 1 33 148 35
163 2 2 0 1 149 148 35
164 2 2 0 1 35 149 37
165 2 2 0 1 150 149 37
166 2 2 0 1 37 150 39
167 2 2 0 1 151 150 39
168 2 2 0 1 39 151 41
169 2 2 0 1 152 151 41
170 2 2 0 1 41 152 43
171 2 2 0 1 153 152 43
172 2 2 0 1 43 153 45
173 2 2 0 1 154 153 45
174 2 2 0 1 45 154 47
175 2 2 0 1 155 154 47
176 2 2 0 1 47 155 49
177 2 2 0 1 156 155 49
178 2 2 0 1 49 156 51
179 2 2 0 1 157 156 51
180 2 2 0 1 51 157 53
181 2 2 0 1 158 157 53
182 2 2 0 1 53 158 55
183 2 2 0 1 159 158 55
184 2 2 0 1 55 159 57
185 2 2 0 1 160 159 57
186 2 2 0 1 57 160 59
187 2 2 0 1 161 160 59
188 2 2 0 1 59 161 61
189 2 2 0 1 162 161 61
190 2 2 0 1 61 162 63
191 2 2 0 1 163 162 63
192 2 2 0 1 63 163 65
193 2 2 0 1 164 163 65
194 2 2 0 1 65 164 67
195 2 2 0 1 165 164 67
196 2 2 0 1 67 165 69
197 2 2 0 1 166 165 69
198 2 2 0 1 69 166 71
199 2 2 0 1 167 166 71
200 2 2 0 1 71 167 73
201 2 2 0 1 168 167 73
202 2 2 0 1 73 168 75
203 2 2 0 1 169 168 75
204 2 2 0 1 75 169 77
205 2 2 0 1 170 169 77
206 2 2 0 1 77 170 79
207 2 2 0 1 171 170 79
208 2 2 0 1 79 171 81
209 2 2 0 1 172 171 81
210 2 2 0 1 81 172 83
211 2 2 0 1 173 172 83
212 2 2 0 1 83 173 85
213 2 2 0 1 174 173 85
214 2 2 0 1 85 174 87
215 2 2 0 1 175 174 87
216 2 2 0 1 87 175 89
217 2 2 0 1 176 175 89
218 2 2 0 1 89 176 91
219 2 2 0 1 177 176 91
220 2 2 0 1 91 177 93
221 2 2 0 1 178 177 93
222 2 2 0 1 93 178 95
223 2 2 0 1 179 178 95
224 2 2 0 1 95 179 97
225 2 2 0 1 180 179 97
226 2 2 0 1 97 180 99
227 2 2 0 1 181 180 99
228 2 2 0 1 99 181 101
229 2 2 0 1 182 181 101
230 2 2 0 1 101 182 103
231 2 2 0 1 183 182 103
232 2 2 0 1 103 183 105
233 2 2 0 1 184 183 105
234 2 2 0 1 105 184 107
235 2 2 0 1 185 184 107
236 2 2 0 1 107 185 109
237 2 2 0 1 186 185 109
238 2 2 0 1 109 186 111
239 2 2 0 1 187 186 111
240 2 2 0 1 111 187 113
241 2 2 0 1 188 187 113
242 2 2 0 1 113 188 115
243 2 2 0 1 189 188 115
244 2 2 0 1 115 189 117
245 2 2 0 1 190 189 117
246 2 2 0 1 117 190 119
247 2 2 0 1 191 190 119
248 2 2 0 1 119 191 121
249 2 2 0 1 192 191 121
250 2 2 0 1 121 192 123
251 2 2 0 1 193 192 123
252 2 2 0 1 123 193 125
253 2 2 0 1 128 193 125
254 2 2 0 1 193 194 128
255 2 2 0 1 130 194 128
256 2 2 0 1 194 195 130
257 2 2 0 1 196 197 132
258 2 2 0 1 132 196 131
259 2 2 0 1 198 196 131
260 2 2 0 1 131 198 133
261 2 2 0 1 199 198 133
262 2 2 0 1 133 199 134
263 2 2 0 1 200 199 134
264 2 2 0 1 134 200 135
265 2 2 0 1 201 200 135
266 2 2 0 1 135 201 136
267 2 2 0 1 202 201 136
268 2 2 0 1 136 202 137
269 2 2 0 1 203 202 137
270 2 2 0 1 137 203 138
271 2 2 0 1 204 203 138
272 2 2 0 1 138 204 139
273 2 2 0 1 205 204 139
274 2 2 0 1 139 205 140
275 2 2 0 1 206 205 140
276 2 2 0 1 140 206 141
277 2 2 0 1 207 206 141
278 2 2 0 1 141 207 142
279 2 2 0 1 208 207 142
280 2 2 0 1 142 208 143
281 2 2 0 1 209 208 143
282 2 2 0 1 143 209 144
283 2 2 0 1 210 209 144
284 2 2 0 1 144 210 145
285 2 2 0 1 211 210 145
286 2 2 0 1 145 211 146
287 2 2 0 1 212 211 146
288 2 2 0 1 146 212 147
289 2 2 0 1 213 212 147
290 2 2 0 1 147 213 148
291 2 2 0 1 214 213 148
292 2 2 0 1 148 214 149
293 2 2 0 1 215 214 149
294 2 2 0 1 149 215 150
295 2 2 0 1 216 215 150
296 2 2 0 1 150 216 151
297 2 2 0 1 217 216 151
298 2 2 0 1 151 217 152
299 2 2 0 1 218 217 152
300 2 2 0 1 152 218 153
301 2 2 0 1 219 218 153
302 2 2 0 1 153 219 154
303 2 2 0 1 220 219 154
304 2 2 0 1 154 220 155
305 2 2 0 1 221 220 155
306 2 2 0 1 155 221 156
307 2 2 0 1 222 221 156
308 2 2 0 1 156 222 157
309 2 2 0 1 223 222 157
310 2 2 0 1 157 223 158
311 2 2 0 1 224 223 158
312 2 2 0 1 158 224 159
313 2 2 0 1 225 224 159
314 2 2 0 1 159 225 160
315 2 2 0 1 226 225 160
316 2 2 0 1 160 226 161
317 2 2 0 1 227 226 161
318 2 2 0 1 161 227 162
319 2 2 0 1 228 227 162
320 2 2 0 1 162 228 163
321 2 2 0 1 229 228 163
322 2 2 0 1 163 229 164
323 2 2 0 1 230 229 164
324 2 2 0 1 164 230 165
325 2 2 0 1 231 230 165
326 2 2 0 1 165 231 166
327 2 2 0 1 232 231 166
328 2 2 0 1 166 232 167
329 2 2 0 1 233 232 167
330 2 2 0 1 167 233 168
331 2 2 0 1 234 233 168
332 2 2 0 1 168 234 169
333 2 2 0 1 235 234 169
334 2 2 0 1 169 235 170
335 2 2 0 1 236 235 170
336 2 2 0 1 170 236 171
337 2 2 0 1 237 236 171
338 2 2 0 1 171 237 172
339 2 2 0 1 238 237 172
340 2 2 0 1 172 238 173
341 2 2 0 1 239 238 173
342 2 2 0 1 173 239 174
343 2 2 0 1 240 239 174
344 2 2 0 1 174 240 175
345 2 2 0 1 241 240 175
346 2 2 0 1 175 241 176
347 2 2 0 1 242 241 176
348 2 2 0 1 176 242 177
349 2 2 0 1 243 242 177
350 2 2 0 1 177 243 178
351 2 2 0 1 244 243 178
352 2 2 0 1 178 244 179
353 2 2 0 1 245 244 179
354 2 2 0 1 179 245 180
355 2 2 0 1 246 245 180
356 2 2 0 1 180 246 181
357 2 2 0 1 247 246 181
358 2 2 0 1 181 247 182
359 2 2 0 1 248 247 182
360 2 2 0 1 182 248 183
361 2 2 0 1 249 248 183
362 2 2 0 1 183 249 184
363 2 2 0 1 250 249 184
364 2 2 0 1 184 250 185
365 2 2 0 1 251 250 185
366 2 2 0 1 185 251 186
367 2 2 0 1 252 251 186
368 2 2 0 1 186 252 187
369 2 2 0 1 253 252 187
370 2 2 0 1 187 253 188
371 2 2 0 1 254 253 188
372 2 2 0 1 188 254 189
373 2 2 0 1 255 254 189
374 2 2 0 1 189 255 190
375 2 2 0 1 256 255 190
376 2 2 0 1 190 256 191
377 2 2 0 1 257 256 191
378 2 2 0 1 191 257 192
379 2 2 0 1 193 257 192
380 2 2 0 1 257 258 193
381 2 2 0 1 194 258 193
382 2 2 0 1 258 259 194
383 2 2 0 1 195 259 194
384 2 2 0 1 259 260 195
385 2 2 0 1 261 262 197
386 2 2 0 1 197 261 196
387 2 2 0 1 263 261 196
388 2 2 0 1 196 263 198
389 2 2 0 1 264 263 198
390 2 2 0 1 198 264 199
391 2 2 0 1 265 264 199
392 2 2 0 1 199 265 200
393 2 2 0 1 266 265 200
394 2 2 0 1 200 266 201
395 2 2 0 1 267 266 201
396 2 2 0 1 201 267 202
397 2 2 0 1 268 267 202
398 2 2 0 1 202 268 203
399 2 2 0 1 269 268 203
400 2 2 0 1 203 269 204
401 2 2 0 1 270 269 204
402 2 2 0 1 204 270 205
403 2 2 0 1 271 270 205
404 2 2 0 1 205 271 206
405 2 2 0 1 272 271 206
406 2 2 0 1 206 272 207
407 2 2 0 1 273 272 207
408 2 2 0 1 207 273 208
409 2 2 0 1 274 273 208
410 2 2 0 1 208 274 209
411 2 2 0 1 275 274 209
412 2 2 0 1 209 275 210
413 2 2 0 1 276 275 210
414 2 2 0 1 210 276 211
415 2 2 0 1 277 276 211
416 2 2 0 1 211 277 212
417 2 2 0 1 278 277 212
418 2 2 0 1 212 278 213
419 2 2 0 1 279 278 213
420 2 2 0 1 213 279 214
421 2 2 0 1 280 279 214
422 2 2 0 1 214 280 215
423 2 2 0 1 281 280 215
424 2 2 0 1 215 281 216
425 2 2 0 1 282 281 216
426 2 2 0 1 216 282 217
427 2 2 0 1 283 282 217
428 2 2 0 1 217 283 218
429 2 2 0 1 284 283 218
430 2 2 0 1 218 284 219
431 2 2 0 1 285 284 219
432 2 2 0 1 219 285 220
433 2 2 0 1 286 285 220
434 2 2 0 1 220 286 221
435 2 2 0 1 287 286 221
436 2 2 0 1 221 287 222
437 2 2 0 1 288 287 222
438 2 2 0 1 222 288 223
439 2 2 0 1 289 288 223
440 2 2 0 1 223 289 224
441 2 2 0 1 290 289 224
442 2 2 0 1 224 290 225
443 2 2 0 1 291 290 225
444 2 2 0 1 225 291 226
445 2 2 0 1 292 291 226
446 2 2 0 1 226 292 227
447 2 2 0 1 293 292 227
448 2 2 0 1 227 293 228
449 2 2 0 1 294 293 228
450 2 2 0 1 228 294 229
451 2 2 0 1 295 294 229
452 2 2 0 1 229 295 230
453 2 2 0 1 296 295 230
454 2 2 0 1 230 296 231
455 2 2 0 1 297 296 231
456 2 2 0 1 231 297 232
457 2 2 0 1 298 297 232
458 2 2 0 1 232 298 233
459 2 2 0 1 299 298 233
460 2 2 0 1 233 299 234
461 2 2 0 1 300 299 234
462 2 2 0 1 234 300 235
463 2 2 0 1 301 300 235
464 2 2 0 1 235 301 236
465 2 2 0 1 302 301 236
466 2 2 0 1 236 302 237
467 2 2 0 1 303 302 237
468 2 2 0 1 237 303 238
469 2 2 0 1 304 303 238
470 2 2 0 1 238 304 239
471 2 2 0 1 305 304 239
472 2 2 0 1 239 305 240
473 2 2 0 1 306 305 240
474 2 2 0 1 240 306 241
475 2 2 0 1 307 306 241
476 2 2 0 1 241 307 242
477 2 2 0 1 308 307 242
478 2 2 0 1 242 308 243
479 2 2 0 1 309 308 243
480 2 2 0 1 243 309 244
481 2 2 0 1 310 309 244
482 2 2 0 1 244 310 245
483 2 2 0 1 311 310 245
484 2 2 0 1 245 311 246
485 2 2 0 1 312 311 246
486 2 2 0 1 246 312 247
487 2 2 0 1 313 312 247
488 2 2 0 1 247 313 248
489 2 2 0 1 314 313 248
490 2 2 0 1 248 314 249
491 2 2 0 1 315 314 249
492 2 2 0 1 249 315 250
493 2 2 0 1 316 315 250
494 2 2 0 1 250 316 251
495 2 2 0 1 317 316 251
496 2 2 0 1 251 317 252
497 2 2 0 1 318 317 252
498 2 2 0 1 252 318 253
499 2 2 0 1 319 318 253
500 2 2 0 1 253 319 254
501 2 2 0 1 320 319 254
502 2 2 0 1 254 320 255
503 2 2 0 1 321 320 255
504 2 2 0 1 255 321 256
505 2 2 0 1 322 321 256
506 2 2 0 1 256 322 257
507 2 2 0 1 258 322 257
508 2 2 0 1 322 323 258
509 2 2 0 1 259 323 258
510 2 2 0 1 323 324 259
511 2 2 0 1 260 324 259
512 2 2 0 1 324 325 260
513 2 2 0 1 326 327 262
514 2 2 0 1 262 326 261
515 2 2 0 1 328 326 261
516 2 2 0 1 261 328 263
517 2 2 0 1 329 328 263
518 2 2 0 1 263 329 264
519 2 2 0 1 330 329 264
520 2 2 0 1 264 330 265
521 2 2 0 1 331 330 265
522 2 2 0 1 265 331 266
523 2 2 0 1 332 331 266
524 2 2 0 1 266 332 267
525 2 2 0 1 333 332 267
526 2 2 0 1 267 333 268
527 2 2 0 1 334 333 268
528 2 2 0 1 268 334 269
529 2 2 0 1 335 334 269
530 2 2 0 1 269 335 270
531 2 2 0 1 336 335 270
532 2 2 0 1 270 336 271
533 2 2 0 1 337 336 271
534 2 2 0 1 271 337 272
535 2 2 0 1 338 337 272
536 2 2 0 1 272 338 273
537 2 2 0 1 339 338 273
538 2 2 0 1 273 339 274
539 2 2 0 1 340 339 274
540 2 2 0 1 274 340 275
541 2 2 0 1 341 340 275
542 2 2 0 1 275 341 276
543 2 2 0 1 342 341 276
544 2 2 0 1 276 342 277
545 2 2 0 1 343 342 277
546 2 2 0 1 277 343 278
547 2 2 0 1 344 343 278
548 2 2 0 1 278 344 279
549 2 2 0 1 345 344 279
550 2 2 0 1 279 345 280
551 2 2 0 1 346 345 280
552 2 2 0 1 280 346 281
553 2 2 0 1 347 346 281
554 2 2 0 1 281 347 282
555 2 2 0 1 348 347 282
556 2 2 0 1 282 348 283
557 2 2 0 1 349 348 283
558 2 2 0 1 283 349 284
559 2 2 0 1 350 349 284
560 2 2 0 1 284 350 285
561 2 2 0 1 351 350 285
562 2 2 0 1 285 351 286
563 2 2 0 1 352 351 286
564 2 2 0 1 286 352 287
565 2 2 0 1 353 352 287
566 2 2 0 1 287 353 288
567 2 2 0 1 354 353 288
568 2 2 0 1 288 354 289
569 2 2 0 1 355 354 289
570 2 2 0 1 289 355 290
571 2 2 0 1 356 355 290
572 2 2 0 1 290 356 291
573 2 2 0 1 357 356 291
574 2 2 0 1 291 357 292
575 2 2 0 1 358 357 292
576 2 2 0 1 292 358 293
577 2 2 0 1 359 358 293
578 2 2 0 1 293 359 294
579 2 2 0 1 360 359 294
580 2 2 0 1 294 360 295
581 2 2 0 1 361 360 295
582 2 2 0 1 295 361 296
583 2 2 0 1 362 361 296
584 2 2 0 1 296 362 297
585 2 2 0 1 363 362 297
586 2 2 0 1 297 363 298
587 2 2 0 1 364 363 298
588 2 2 0 1 298 364 299
589 2 2 0 1 365 364 299
590 2 2 0 1 299 365 300
591 2 2 0 1 366 365 300
592 2 2 0 1 300 366 301
593 2 2 0 1 367 366 301
594 2 2 0 1 301 367 302
595 2 2 0 1 368 367 302
596 2 2 0 1 302 368 303
597 2 2 0 1 369 368 303
598 2 2 0 1 303 369 304
599 2 2 0 1 370 369 304
600 2 2 0 1 304 370 305
601 2 2 0 1 371 370 305
602 2 2 0 1 305 371 306
603 2 2 0 1 372 371 306
604 2 2 0 1 306 372 307
605 2 2 0 1 373 372 307
606 2 2 0 1 307 373 308
607 2 2 0 1 374 373 308
608 2 2 0 1 308 374 309
609 2 2 0 1 375 374 309
610 2 2 0 1 309 375 310
611 2 2 0 1 376 375 310
612 2 2 0 1 310 376 311
613 2 2 0 1 377 376 311
614 2 2 0 1 311 377 312
615 2 2 0 1 378 377 312
616 2 2 0 1 312 378 313
617 2 2 0 1 379 378 313
618 2 2 0 1 313 379 314
619 2 2 0 1 380 379 314
620 2 2 0 1 314 380 315
621 2 2 0 1 381 380 315
622 2 2 0 1 315 381 316
623 2 2 0 1 382 381 316
624 2 2 0 1 316 382 317
625 2 2 0 1 383 382 317
626 2 2 0 1 317 383 318
627 2 2 0 1 384 383 318
628 2 2 0 1 318 384 319
629 2 2 0 1 385 384 319
630 2 2 0 1 319 385 320
631 2 2 0 1 386 385 320
632 2 2 0 1 320 386 321
633 2 2 0 1 387 386 321
634 2 2 0 1 321 387 322
635 2 2 0 1 323 387 322
636 2 2 0 1 387 388 323
637 2 2 0 1 324 388 323
638 2 2 0 1 388 389 324
639 2 2 0 1 325 389 324
640 2 2 0 1 389 390 325
641 2 2 0 1 391 392 327
642 2 2 0 1 327 391 326
643 2 2 0 1 393 391 326
644 2 2 0 1 326 393 328
645 2 2 0 1 394 393 328
646 2 2 0 1 328 394 329
647 2 2 0 1 395 394 329
648 2 2 0 1 329 395 330
649 2 2 0 1 396 395 330
650 2 2 0 1 330 396 331
651 2 2 0 1 397 396 331
652 2 2 0 1 331 397 332
653 2 2 0 1 398 397 332
654 2 2 0 1 332 398 333
655 2 2 0 1 399 398 333
656 2 2 0 1 333 399 334
657 2 2 0 1 400 399 334
658 2 2 0 1 334 400 335
659 2 2 0 1 401 400 335
660 2 2 0 1 335 401 336
661 2 2 0 1 402 401 336
662 2 2 0 1 336 402 337
663 2 2 0 1 403 402 337
664 2 2 0 1 337 403 338
665 2 2 0 1 404 403 338
666 2 2 0 1 338 404 339
667 2 2 0 1 405 404 339
668 2 2 0 1 339 405 340
669 2 2 0 1 406 405 340
670 2 2 0 1 340 406 341
671 2 2 0 1 407 406 341
672 2 2 0 1 341 407 342
673 2 2 0 1 408 407 342
674 2 2 0 1 342 408 343
675 2 2 0 1 409 408 343
676 2 2 0 1 343 409 344
677 2 2 0 1 410 409 344
678 2 2 0 1 344 410 345
679 2 2 0 1 411 410 345
680 2 2 0 1 345 411 346
681 2 2 0 1 412 411 346
682 2 2 0 1 346 412 347
683 2 2 0 1 413 412 347
684 2 2 0 1 347 413 348
685 2 2 0 1 414 413 348
686 2 2 0 1 348 414 349
687 2 2 0 1 415 414 349
688 2 2 0 1 349 415 350
689 2 2 0 1 416 415 350
690 2 2 0 1 350 416 351
691 2 2 0 1 417 416 351
692 2 2 0 1 351 417 352
693 2 2 0 1 418 417 352
694 2 2 0 1 352 418 353
695 2 2 0 1 419 418 353
696 2 2 0 1 353 419 354
697 2 2 0 1 420 419 354
698 2 2 0 1 354 420 355
699 2 2 0 1 421 420 355
700 2 2 0 1 355 421 356
701 2 2 0 1 422 421 356
702 2 2 0 1 356 422 357
703 2 2 0 1 423 422 357
704 2 2 0 1 357 423 358
705 2 2 0 1 424 423 358
706 2 2 0 1 358 424 359
707 2 2 0 1 425 424 359
708 2 2 0 1 359 425 360
709 2 2 0 1 426 425 360
710 2 2 0 1 360 426 361
711 2 2 0 1 427 426 361
712 2 2 0 1 361 427 362
713 2 2 0 1 428 427 362
714 2 2 0 1 362 428 363
715 2 2 0 1 429 428 363
716 2 2 0 1 363 429 364
717 2 2 0 1 430 429 364
718 2 2 0 1 364 430 365
719 2 2 0 1 431 430 365
720 2 2 0 1 365 431 366
721 2 2 0 1 432 431 366
722 2 2 0 1 366 432 367
723 2 2 0 1 433 432 367
724 2 2 0 1 367 433 368
725 2 2 0 1 434 433 368
726 2 2 0 1 368 434 369
727 2 2 0 1 435 434 369
728 2 2 0 1 369 435 370
729 2 2 0 1 436 435 370
730 2 2 0 1 370 436 371
731 2 2 0 1 437 436 371
732 2 2 0 1 371 437 372
733 2 2 0 1 438 437 372
734 2 2 0 1 372 438 373
735 2 2 0 1 439 438 373
736 2 2 0 1 373 439 374
737 2 2 0 1 440 439 374
738 2 2 0 1 374 440 375
739 2 2 0 1 441 440 375
740 2 2 0 1 375 441 376
741 2 2 0 1 442 441 376
742 2 2 0 1 376 442 377
743 2 2 0 1 443 442 377
744 2 2 0 1 377 443 378
745 2 2 0 1 444 443 378
746 2 2 0 1 378 444 379
747 2 2 0 1 445 444 379
748 2 2 0 1 379 445 380
749 2 2 0 1 446 445 380
750 2 2 0 1 380 446 381
751 2 2 0 1 447 446 381
752 2 2 0 1 381 447 382
753 2 2 0 1 448 447 382
754 2 2 0 1 382 448 383
755 2 2 0 1 449 448 383
756 2 2 0 1 383 449 384
757 2 2 0 1 450 449 384
758 2 2 0 1 384 450 385
759 2 2 0 1 386 450 385
760 2 2 0 1 450 451 386
761 2 2 0 1 387 451 386
762 2 2 0 1 451 452 387
763 2 2 0 1 388 452 387
764 2 2 0 1 452 453 388
765 2 2 0 1 389 453 388
766 2 2 0 1 453 454 389
767 2 2 0 1 390 454 389
768 2 2 0 1 454 455 390
769 2 2 0 1 456 457 392
770 2 2 0 1 392 456 391
771 2 2 0 1 458 456 391
772 2 2 0 1 391 458 393
773 2 2 0 1 459 458 393
774 2 2 0 1 393 459 394
775 2 2 0 1 460 459 394
776 2 2 0 1 394 460 395
777 2 2 0 1 461 460 395
778 2 2 0 1 395 461 396
779 2 2 0 1 462 461 396
780 2 2 0 1 396 462 397
781 2 2 0 1 463 462 397
782 2 2 0 1 397 463 398
783 2 2 0 1 464 463 398
784 2 2 0 1 398 464 399
785 2 2 0 1 465 464 399
786 2 2 0 1 399 465 400
787 2 2 0 1 466 465 400
788 2 2 0 1 400 466 401
789 2 2 0 1 467 466 401
790 2 2 0 1 401 467 402
791 2 2 0 1 468 467 402
792 2 2 0 1 402 468 403
793 2 2 0 1 469 468 403
794 2 2 0 1 403 469 404
795 2 2 0 1 470 469 404
796 2 2 0 1 404 470 405
797 2 2 0 1 471 470 405
798 2 2 0 1 405 471 406
799 2 2 0 1 472 471 406
800 2 2 0 1 406 472 407
801 2 2 0 1 473 472 407
802 2 2 0 1 407 473 408
803 2 2 0 1 474 473 408
804 2 2 0 1 408 474 409
805 2 2 0 1 475 474 409
806 2 2 0 1 409 475 410
807 2 2 0 1 476 475 410
808 2 2 0 1 410 476 411
809 2 2 0 1 477 476 411
810 2 2 0 1 411 477 412
811 2 2 0 1 478 477 412
812 2 2 0 1 412 478 413
813 2 2 0 1 479 478 413
814 2 2 0 1 413 479 414
815 2 2 0 1 480 479 414
816 2 2 0 1 414 480 415
817 2 2 0 1 481 480 415
818 2 2 0 1 415 481 416
819 2 2 0 1 482 481 416
820 2 2 0 1 416 482 417
821 2 2 0 1 483 482 417
822 2 2 0 1 417 483 418
823 2 2 0 1 484 483 418
824 2 2 0 1 418 484 419
825 2 2 0 1 485 484 419
826 2 2 0 1 419 485 420
827 2 2 0 1 486 485 420
828 2 2 0 1 420 486 421
829 2 2 0 1 487 486 421
830 2 2 0 1 421 487 422
831 2 2 0 1 488 487 422
832 2 2 0 1 422 488 423
833 2 2 0 1 489 488 423
834 2 2 0 1 423 489 424
835 2 2 0 1 490 489 424
836 2 2 0 1 424 490 425
837 2 2 0 1 491 490 425
838 2 2 0 1 425 491 426
839 2 2 0 1 492 491 426
840 2 2 0 1 426 492 427
841 2 2 0 1 493 492 427
842 2 2 0 1 427 493 428
843 2 2 0 1 494 493 428
844 2 2 0 1 428 494 429
845 2 2 0 1 495 494 429
846 2 2 0 1 429 495 430
847 2 2 0 1 496 495 430
848 2 2 0 1 430 496 431
849 2 2 0 1 497 496 431
850 2 2 0 1 431 497 432
851 2 2 0 1 498 497 432
852 2 2 0 1 432 498 433
853 2 2 0 1 499 498 433
854 2 2 0 1 433 499 434
855 2 2 0 1 500 499 434
856 2 2 0 1 434 500 435
857 2 2 0 1 501 500 435
858 2 2 0 1 435 501 436
859 2 2 0 1 502 501 436
860 2 2 0 1 436 502 437
861 2 2 0 1 503 502 437
862 2 2 0 1 437 503 438
863 2 2 0 1 504 503 438
864 2 2 0 1 438 504 439
865 2 2 0 1 505 504 439
866 2 2 0 1 439 505 440
867 2 2 0 1 506 505 440
868 2 2 0 1 440 506 441
869 2 2 0 1 507 506 441
870 2 2 0 1 441 507 442
871 2 2 0 1 508 507 442
872 2 2 0 1 442 508 443
873 2 2 0 1 509 508 443
874 2 2 0 1 443 509 444
875 2 2 0 1 510 509 444
876 2 2 0 1 444 510 445
877 2 2 0 1 511 510 445
878 2 2 0 1 445 511 446
879 2 2 0 1 512 511 446
880 2 2 0 1 446 512 447
881 2 2 0 1 448 512 447
882 2 2 0 1 512 513 448
883 2 2 0 1 449 513 448
884 2 2 0 1 513 514 449
885 2 2 0 1 450 514 449
886 2 2 0 1 514 515 450
887 2 2 0 1 451 515 450
888 2 2 0 1 515 516 451
889 2 2 0 1 452 516 451
890 2 2 0 1 516 517 452
891 2 2 0 1 453 517 452
892 2 2 0 1 517 518 453
893 2 2 0 1 454 518 453
894 2 2 0 1 518 519 454
895 2 2 0 1 455 519 454
896 2 2 0 1 519 520 455
897 2 2 0 1 521 522 457
898 2 2 0 1 457 521 456
899 2 2 0 1 523 521 456
900 2 2 0 1 456 523 458
901 2 2 0 1 524 523 458
902 2 2 0 1 458 524 459
903 2 2 0 1 525 524 459
904 2 2 0 1 459 525 460
905 2 2 0 1 526 525 460
906 2 2 0 1 460 526 461
907 2 2 0 1 527 526 461
908 2 2 0 1 461 527 462
909 2 2 0 1 528 527 462
910 2 2 0 1 462 528 463
911 2 2 0 1 529 528 463
912 2 2 0 1 463 529 464
913 2 2 0 1 530 529 464
914 2 2 0 1 464 530 465
915 2 2 0 1 531 530 465
916 2 2 0 1 465 531 466
917 2 2 0 1 532 531 466
918 2 2 0 1 466 532 467
919 2 2 0 1 533 532 467
920 2 2 0 1 467 533 468
921 2 2 0 1 534 533 468
922 2 2 0 1 468 534 469
923 2 2 0 1 535 534 469
924 2 2 0 1 469 535 470
925 2 2 0 1 536 535 470
926 2 2 0 1 470 536 471
927 2 2 0 1 537 536 471
928 2 2 0 1 471 537 472
929 2 2 0 1 538 537 472
930 2 2 0 1 472 538 473
931 2 2 0 1 539 538 473
932 2 2 0 1 473 539 474
933 2 2 0 1 540 539 474
934 2 2 0 1 474 540 475
935 2 2 0 1 541 540 475
936 2 2 0 1 475 541 476
937 2 2 0 1 542 541 476
938 2 2 0 1 476 542 477
939 2 2 0 1 543 542 477
940 2 2 0 1 477 543 478
941 2 2 0 1 544 543 478
942 2 2 0 1 478 544 479
943 2 2 0 1 545 544 479
944 2 2 0 1 479 545 480
945 2 2 0 1 546 545 480
946 2 2 0 1 480 546 481
947 2 2 0 1 547 546 481
948 2 2 0 1 481 547 482
949 2 2 0 1 548 547 482
950 2 2 0 1 482 548 483
951 2 2 0 1 549 548 483
952 2 2 0 1 483 549 484
953 2 2 0 1 550 549 484
954 2 2 0 1 484 550 485
955 2 2 0 1 551 550 485
956 2 2 0 1 485 551 486
957 2 2 0 1 552 551 486
958 2 2 0 1 486 552 487
959 2 2 0 1 553 552 487
960 2 2 0 1 487 553 488
961 2 2 0 1 554 553 488
962 2 2 0 1 488 554 489
963 2 2 0 1 555 554 489
964 2 2 0 1 489 555 490
965 2 2 0 1 556 555 490
966 2 2 0 1 490 556 491
967 2 2 0 1 557 556 491
968 2 2 0 1 491 557 492
969 2 2 0 1 558 557 492
970 2 2 0 1 492 558 493
971 2 2 0 1 559 558 493
972 2 2 0 1 493 559 494
973 2 2 0 1 560 559 494
974 2 2 0 1 494 560 495
975 2 2 0 1 561 560 495
976 2 2 0 1 495 561 496
977 2 2 0 1 562 561 496
978 2 2 0 1 496 562 497
979 2 2 0 1 563 562 497
980 2 2 0 1 497 563 498
981 2 2 0 1 564 563 498
982 2 2 0 1 498 564 499
983 2 2 0 1 565 564 499
984 2 2 0 1 499 565 500
985 2 2 0 1 566 565 500
986 2 2 0 1 500 566 501
987 2 2 0 1 567 566 501
988 2 2 0 1 501 567 502
989 2 2 0 1 568 567 502
990 2 2 0 1 502 568 503
991 2 2 0 1 569 568 503
992 2 2 0 1 503 569 504
993 2 2 0 1 570 569 504
994 2 2 0 1 504 570 505
995 2 2 0 1 571 570 505
996 2 2 0 1 505 571 506
997 2 2 0 1 572 571 506
998 2 2 0 1 506 572 507
999 2 2 0 1 573 572 507
1000 2 2 0 1 507 573 508
1001 2 2 0 1 574 573 508
1002 2 2 0 1 508 574 509
1003 2 2 0 1 575 574 509
1004 2 2 0 1 509 575 510
1005 2 2 0 1 576 575 510
1006 2 2 0 1 510 576 511
1007 2 2 0 1 512 576 511
1008 2 2 0 1 576 577 512
1009 2 2 0 1 513 577 512
1010 2 2 0 1 577 578 513
1011 2 2 0 1 514 578 513
1012 2 2 0 1 578 579 514
1013 2 2 0 1 515 579 514
1014 2 2 0 1 579 580 515
1015 2 2 0 1 516 580 515
1016 2 2 0 1 580 581 516
1017 2 2 0 1 517 581 516
1018 2 2 0 1 581 582 517
1019 2 2 0 1 518 582 517
1020 2 2 0 1 582 583 518
1021 2 2 0 1 519 583 518
1022 2 2 0 1 583 584 519
1023 2 2 0 1 520 584 519
1024 2 2 0 1 584 585 520
1025 2 2 0 1 586 587 522
1026 2 2 0 1 522 586 521
1027 2 2 0 1 588 586 521
1028 2 2 0 1 521 588 523
1029 2 2 0 1 589 588 523
1030 2 2 0 1 523 589 524
1031 2 2 0 1 590 589 524
1032 2 2 0 1 524 590 525
1033 2 2 0 1 591 590 525
1034 2 2 0 1 525 591 526
1035 2 2 0 1 592 591 526
1036 2 2 0 1 526 592 527
1037 2 2 0 1 593 592 527
1038 2 2 0 1 527 593 528
1039 2 2 0 1 594 593 528
1040 2 2 0 1 528 594 529
1041 2 2 0 1 595 594 529
1042 2 2 0 1 529 595 530
1043 2 2 0 1 596 595 530
1044 2 2 0 1 530 596 531
1045 2 2 0 1 597 596 531
1046 2 2 0 1 531 597 532
1047 2 2 0 1 598 597 532
1048 2 2 0 1 532 598 533
1049 2 2 0 1 599 598 533
1050 2 2 0 1 533 599 534
1051 2 2 0 1 600 599 534
1052 2 2 0 1 534 600 535
1053 2 2 0 1 601 600 535
1054 2 2 0 1 535 601 536
1055 2 2 0 1 602 601 536
1056 2 2 0 1 536 602 537
1057 2 2 0 1 603 602 537
1058 2 2 0 1 537 603 538
1059 2 2 0 1 604 603 538
1060 2 2 0 1 538 604 539
1061 2 2 0 1 605 604 539
1062 2 2 0 1 539 605 540
1063 2 2 0 1 606 605 540
1064 2 2 0 1 540 606 541
1065 2 2 0 1 607 606 541
1066 2 2 0 1 541 607 542
1067 2 2 0 1 608 607 542
1068 2 2 0 1 542 608 543
1069 2 2 0 1 609 608 543
1070 2 2 0 1 543 609 544
1071 2 2 0 1 610 609 544
1072 2 2 0 1 544 610 545
1073 2 2 0 1 611 610 545
1074 2 2 0 1 545 611 546
1075 2 2 0 1 612 611 546
1076 2 2 0 1 546 612 547
1077 2 2 0 1 613 612 547
1078 2 2 0 1 547 613 548
1079 2 2 0 1 614 613 548
1080 2 2 0 1 548 614 549
1081 2 2 0 1 615 614 549
1082 2 2 0 1 549 615 550
1083 2 2 0 1 616 615 550
1084 2 2 0 1 550 616 551
1085 2 2 0 1 617 616 551
1086 2 2 0 1 551 617 552
1087 2 2 0 1 618 617 552
1088 2 2 0 1 552 618 553
1089 2 2 0 1 619 618 553
1090 2 2 0 1 553 619 554
1091 2 2 0 1 620 619 554
1092 2 2 0 1 554 620 555
1093 2 2 0 1 621 620 555
1094 2 2 0 1 555 621 556
1095 2 2 0 1 622 621 556
1096 2 2 0 1 556 622 557
1097 2 2 0 1 623 622 557
1098 2 2 0 1 557 623 558
1099 2 2 0 1 624 623 558
1100 2 2 0 1 558 624 559
1101 2 2 0 1 625 624 559
1102 2 2 0 1 559 625 560
1103 2 2 0 1 626 625 560
1104 2 2 0 1 560 626 561
1105 2 2 0 1 627 626 561
1106 2 2 0 1 561 627 562
1107 2 2 0 1 628 627 562
1108 2 2 0 1 562 628 563
1109 2 2 0 1 629 628 563
1110 2 2 0 1 563 629 564
1111 2 2 0 1 630 629 564
1112 2 2 0 1 564 630 565
1113 2 2 0 1 631 630 565
1114 2 2 0 1 565 631 566
1115 2 2 0 1 632 631 566
1116 2 2 0 1 566 632 567
1117 2 2 0 1 633 632 567
1118 2 2 0 1 567 633 568
1119 2 2 0 1 634 633 568
1120 2 2 0 1 568 634 569
1121 2 2 0 1 635 634 569
1122 2 2 0 1 569 635 570
1123 2 2 0 1 636 635 570
1124 2 2 0 1 570 636 571
1125 2 2 0 1 637 636 571
1126 2 2 0 1 571 637 572
1127 2 2 0 1 638 637 572
1128 2 2 0 1 572 638 573
1129 2 2 0 1 639 638 573
1130 2 2 0 1 573 639 574
1131 2 2 0 1 575 639 574
1132 2 2 0 1 639 640 575
1133 2 2 0 1 576 640 575
1134 2 2 0 1 640 641 576
1135 2 2 0 1 577 641 576
1136 2 2 0 1 641 642 577
1137 2 2 0 1 578 642 577
1138 2 2 0 1 642 643 578
1139 2 2 0 1 579 643 578
1140 2 2 0 1 643 644 579
1141 2 2 0 1 580 644 579
1142 2 2 0 1 644 645 580
1143 2 2 0 1 581 645 580
1144 2 2 0 1 645 646 581
1145 2 2 0 1 582 646 581
1146 2 2 0 1 646 647 582
1147 2 2 0 1 583 647 582
1148 2 2 0 1 647 648 583
1149 2 2 0 1 584 648 583
1150 2 2 0 1 648 649 584
1151 2 2 0 1 585 649 584
1152 2 2 0 1 649 650 585
1153 2 2 0 1 651 652 587
1154 2 2 0 1 587 651 586
1155 2 2 0 1 653 651 586
1156 2 2 0 1 586 653 588
1157 2 2 0 1 654 653 588
1158 2 2 0 1 588 654 589
1159 2 2 0 1 655 654 589
1160 2 2 0 1 589 655 590
1161 2 2 0 1 656 655 590
1162 2 2 0 1 590 656 591
1163 2 2 0 1 657 656 591
1164 2 2 0 1 591 657 592
1165 2 2 0 1 658 657 592
1166 2 2 0 1 592 658 593
1167 2 2 0 1 659 658 593
1168 2 2 0 1 593 659 594
1169 2 2 0 1 660 659 594
1170 2 2 0 1 594 660 595
1171 2 2 0 1 661 660 595
1172 2 2 0 1 595 661 596
1173 2 2 0 1 662 661 596
1174 2 2 0 1 596 662 597
1175 2 2 0 1 663 662 597
1176 2 2 0 1 597 663 598
1177 2 2 0 1 664 663 598
1178 2 2 0 1 598 664 599
1179 2 2 0 1 665 664 599
1180 2 2 0 1 599 665 600
1181 2 2 0 1 666 665 600
1182 2 2 0 1 600 666 601
1183 2 2 0 1 667 666 601
1184 2 2 0 1 601 667 602
1185 2 2 0 1 668 667 602
1186 2 2 0 1 602 668 603
1187 2 2 0 1 669 668 603
1188 2 2 0 1 603 669 604
1189 2 2 0 1 670 669 604
1190 2 2 0 1 604 670 605
1191 2 2 0 1 671 670 605
1192 2 2 0 1 605 671 606
1193 2 2 0 1 672 671 606
1194 2 2 0 1 606 672 607
1195 2 2 0 1 673 672 607
1196 2 2 0 1 607 673 608
1197 2 2 0 1 674 673 608
1198 2 2 0 1 608 674 609
1199 2 2 0 1 675 674 609
1200 2 2 0 1 609 675 610
1201 2 2 0 1 676 675 610
1202 2 2 0 1 610 676 611
1203 2 2 0 1 677 676 611
1204 2 2 0 1 611 677 612
1205 2 2 0 1 678 677 612
1206 2 2 0 1 612 678 613
1207 2 2 0 1 679 678 613
1208 2 2 0 1 613 679 614
1209 2 2 0 1 680 679 614
1210 2 2 0 1 614 680 615
1211 2 2 0 1 681 680 615
1212 2 2 0 1 615 681 616
1213 2 2 0 1 682 681 616
1214 2 2 0 1 616 682 617
1215 2 2 0 1 683 682 617
1216 2 2 0 1 617 683 618
1217 2 2 0 1 684 683 618
1218 2 2 0 1 618 684 619
1219 2 2 0 1 685 684 619
1220 2 2 0 1 619 685 620
1221 2 2 0 1 686 685 620
1222 2 2 0 1 620 686 621
1223 2 2 0 1 687 686 621
1224 2 2 0 1 621 687 622
1225 2 2 0 1 688 687 622
1226 2 2 0 1 622 688 623
1227 2 2 0 1 689 688 623
1228 2 2 0 1 623 689 624
1229 2 2 0 1 690 689 624
1230 2 2 0 1 624 690 625
1231 2 2 0 1 691 690 625
1232 2 2 0 1 625 691 626
1233 2 2 0 1 692 691 626
1234 2 2 0 1 626 692 627
1235 2 2 0 1 693 692 627
1236 2 2 0 1 627 693 628
1237 2 2 0 1 694 693 628
1238 2 2 0 1 628 694 629
1239 2 2 0 1 695 694 629
1240 2 2 0 1 629 695 630
1241 2 2 0 1 696 695 630
1242 2 2 0 1 630 696 631
1243 2 2 0 1 697 696 631
1244 2 2 0 1 631 697 632
1245 2 2 0 1 698 697 632
1246 2 2 0 1 632 698 633
1247 2 2 0 1 699 698 633
1248 2 2 0 1 633 699 634
1249 2 2 0 1 700 699 634
1250 2 2 0 1 634 700 635
1251 2 2 0 1 701 700 635
1252 2 2 0 1 635 701 636
1253 2 2 0 1 702 701 636
1254 2 2 0 1 636 702 637
1255 2 2 0 1 638 702 637
1256 2 2 0 1 702 703 638
1257 2 2 0 1 639 703 638
1258 2 2 0 1 703 704 639
1259 2 2 0 1 640 704 639
1260 2 2 0 1 704 705 640
1261 2 2 0 1 641 705 640
1262 2 2 0 1 705 706 641
1263 2 2 0 1 642 706 641
1264 2 2 0 1 706 707 642
1265 2 2 0 1 643 707 642
1266 2 2 0 1 707 708 643
1267 2 2 0 1 644 708 643
1268 2 2 0 1 708 709 644
1269 2 2 0 1 645 709 644
1270 2 2 0 1 709 710 645
1271 2 2 0 1 646 710 645
1272 2 2 0 1 710 711 646
1273 2 2 0 1 647 711 646
1274 2 2 0 1 711 712 647
1275 2 2 0 1 648 712 647
1276 2 2 0 1 712 713 648
1277 2 2 0 1 649 713 648
1278 2 2 0 1 713 714 649
1279 2 2 0 1 650 714 649
1280 2 2 0 1 714 715 650
1281 2 2 0 1 716 717 652
1282 2 2 0 1 652 716 651
1283 2 2 0 1 718 716 651
1284 2 2 0 1 651 718 653
1285 2 2 0 1 719 718 653
1286 2 2 0 1 653 719 654
1287 2 2 0 1 720 719 654
1288 2 2 0 1 654 720 655
1289 2 2 0 1 721 720 655
1290 2 2 0 1 655 721 656
1291 2 2 0 1 722 721 656
1292 2 2 0 1 656 722 657
1293 2 2 0 1 723 722 657
1294 2 2 0 1 657 723 658
1295 2 2 0 1 724 723 658
1296 2 2 0 1 658 724 659
1297 2 2 0 1 725 724 659
1298 2 2 0 1 659 725 660
1299 2 2 0 1 726 725 660
1300 2 2 0 1 660 726 661
1301 2 2 0 1 727 726 661
1302 2 2 0 1 661 727 662
1303 2 2 0 1 728 727 662
1304 2 2 0 1 662 728 663
1305 2 2 0 1 729 728 663
1306 2 2 0 1 663 729 664
1307 2 2 0 1 730 729 664
1308 2 2 0 1 664 730 665
1309 2 2 0 1 731 730 665
1310 2 2 0 1 665 731 666
1311 2 2 0 1 732 731 666
1312 2 2 0 1 666 732 667
1313 2 2 0 1 733 732 667
1314 2 2 0 1 667 733 668
1315 2 2 0 1 734 733 668
1316 2 2 0 1 668 734 669
1317 2 2 0 1 735 734 669
1318 2 2 0 1 669 735 670
1319 2 2 0 1 736 735 670
1320 2 2 0 1 670 736 671
1321 2 2 0 1 737 736 671
1322 2 2 0 1 671 737 672
1323 2 2 0 1 738 737 672
1324 2 2 0 1 672 738 673
1325 2 2 0 1 739 738 673
1326 2 2 0 1 673 739 674
1327 2 2 0 1 740 739 674
1328 2 2 0 1 674 740 675
1329 2 2 0 1 741 740 675
1330 2 2 0 1 675 741 676
1331 2 2 0 1 742 741 676
1332 2 2 0 1 676 742 677
1333 2 2 0 1 743 742 677
1334 2 2 0 1 677 743 678
1335 2 2 0 1 744 743 678
1336 2 2 0 1 678 744 679
1337 2 2 0 1 745 744 679
1338 2 2 0 1 679 745 680
1339 2 2 0 1 746 745 680
1340 2 2 0 1 680 746 681
1341 2 2 0 1 747 746 681
1342 2 2 0 1 681 747 682
1343 2 2 0 1 748 747 682
1344 2 2 0 1 682 748 683
1345 2 2 0 1 749 748 683
1346 2 2 0 1 683 749 684
1347 2 2 0 1 750 749 684
1348 2 2 0 1 684 750 685
1349 2 2 0 1 751 750 685
1350 2 2 0 1 685 751 686
1351 2 2 0 1 752 751 686
1352 2 2 0 1 686 752 687
1353 2 2 0 1 753 752 687
1354 2 2 0 1 687 753 688
1355 2 2 0 1 754 753 688
1356 2 2 0 1 688 754 689
1357 2 2 0 1 755 754 689
1358 2 2 0 1 689 755 690
1359 2 2 0 1 756 755 690
1360 2 2 0 1 690 756 691
1361 2 2 0 1 757 756 691
1362 2 2 0 1 691 757 692
1363 2 2 0 1 758 757 692
1364 2 2 0 1 692 758 693
1365 2 2 0 1 759 758 693
1366 2 2 0 1 693 759 694
1367 2 2 0 1 760 759 694
1368 2 2 0 1 694 760 695
1369 2 2 0 1 761 760 695
1370 2 2 0 1 695 761 696
1371 2 2 0 1 762 761 696
1372 2 2 0 1 696 762 697
1373 2 2 0 1 763 762 697
1374 2 2 0 1 697 763 698
1375 2 2 0 1 764 763 698
1376 2 2 0 1 698 764 699
1377 2 2 0 1 765 764 699
1378 2 2 0 1 699 765 700
1379 2 2 0 1 701 765 700
1380 2 2 0 1 765 766 701
1381 2 2 0 1 702 766 701
1382 2 2 0 1 766 767 702
1383 2 2 0 1 703 767 702
1384 2 2 0 1 767 768 703
1385 2 2 0 1 704 768 703
1386 2 2 0 1 768 769 704
1387 2 2 0 1 705 769 704
1388 2 2 0 1 769 770 705
1389 2 2 0 1 706 770 705
1390 2 2 0 1 770 771 706
1391 2 2 0 1 707 771 706
1392 2 2 0 1 771 772 707
1393 2 2 0 1 708 772 707
1394 2 2 0 1 772 773 708
1395 2 2 0 1 709 773 708
1396 2 2 0 1 773 774 709
1397 2 2 0 1 710 774 709
1398 2 2 0 1 774 775 710
1399 2 2 0 1 711 775 710
1400 2 2 0 1 775 776 711
1401 2 2 0 1 712 776 711
1402 2 2 0 1 776 777 712
1403 2 2 0 1 713 777 712
1404 2 2 0 1 777 778 713
1405 2 2 0 1 714 778 713
1406 2 2 0 1 778 779 714
1407 2 2 0 1 715 779 714
1408 2 2 0 1 779 780 715
1409 2 2 0 1 781 782 717
1410 2 2 0 1 717 781 716
1411 2 2 0 1 783 781 716
1412 2 2 0 1 716 783 718
1413 2 2 0 1 784 783 718
1414 2 2 0 1 718 784 719
1415 2 2 0 1 785 784 719
1416 2 2 0 1 719 785 720
1417 2 2 0 1 786 785 720
1418 2 2 0 1 720 786 721
1419 2 2 0 1 787 786 721
1420 2 2 0 1 721 787 722
1421 2 2 0 1 788 787 722
1422 2 2 0 1 722 788 723
1423 2 2 0 1 789 788 723
1424 2 2 0 1 723 789 724
1425 2 2 0 1 790 789 724
1426 2 2 0 1 724 790 725
1427 2 2 0 1 791 790 725
1428 2 2 0 1 725 791 726
1429 2 2 0 1 792 791 726
1430 2 2 0 1 726 792 727
1431 2 2 0 1 793 792 727
1432 2 2 0 1 727 793 728
1433 2 2 0 1 794 793 728
1434 2 2 0 1 728 794 729
1435 2 2 0 1 795 794 729
1436 2 2 0 1 729 795 730
1437 2 2 0 1 796 795 730
1438 2 2 0 1 730 796 731
1439 2 2 0 1 797 796 731
1440 2 2 0 1 731 797 732
1441 2 2 0 1 798 797 732
1442 2 2 0 1 732 798 733
1443 2 2 0 1 799 798 733
1444 2 2 0 1 733 799 734
1445 2 2 0 1 800 799 734
1446 2 2 0 1 734 800 735
1447 2 2 0 1 801 800 735
1448 2 2 0 1 735 801 736
1449 2 2 0 1 802 801 736
1450 2 2 0 1 736 802 737
1451 2 2 0 1 803 802 737
1452 2 2 0 1 737 803 738
1453 2 2 0 1 804 803 738
1454 2 2 0 1 738 804 739
1455 2 2 0 1 805 804 739
1456 2 2 0 1 739 805 740
1457 2 2 0 1 806 805 740
1458 2 2 0 1 740 806 741
1459 2 2 0 1 807 806 741
1460 2 2 0 1 741 807 742
1461 2 2 0 1 808 807 742
1462 2 2 0 1 742 808 743
1463 2 2 0 1 809 808 743
1464 2 2 0 1 743 809 744
1465 2 2 0 1 810 809 744
1466 2 2 0 1 744 810 745
1467 2 2 0 1 811 810 745
1468 2 2 0 1 745 811 746
1469 2 2 0 1 812 811 746
1470 2 2 0 1 746 812 747
1471 2 2 0 1 813 812 747
1472 2 2 0 1 747 813 748
1473 2 2 0 1 814 813 748
1474 2 2 0 1 748 814 749
1475 2 2 0 1 815 814 749
1476 2 2 0 1 749 815 750
1477 2 2 0 1 816 815 750
1478 2 2 0 1 750 816 751
1479 2 2 0 1 817 816 751
1480 2 2 0 1 751 817 752
1481 2 2 0 1 818 817 752
1482 2 2 0 1 752 818 753
1483 2 2 0 1 819 818 753
1484 2 2 0 1 753 819 754
1485 2 2 0 1 820 819 754
1486 2 2 0 1 754 820 755
1487 2 2 0 1 821 820 755
1488 2 2 0 1 755 821 756
1489 2 2 0 1 822 821 756
1490 2 2 0 1 756 822 757
1491 2 2 0 1 823 822 757
1492 2 2 0 1 757 823 758
1493 2 2 0 1 824 823 758
1494 2 2 0 1 758 824 759
1495 2 2 0 1 825 824 759
1496 2 2 0 1 759 825 760
1497 2 2 0 1 826 825 760
1498 2 2 0 1 760 826 761
1499 2 2 0 1 827 826 761
1500 2 2 0 1 761 827 762
1501 2 2 0 1 828 827 762
1502 2 2 0 1 762 828 763
1503 2 2 0 1 764 828 763
1504 2 2 0 1 828 829 764
1505 2 2 0 1 765 829 764
1506 2 2 0 1 829 830 765
1507 2 2 0 1 766 830 765
1508 2 2 0 1 830 831 766
1509 2 2 0 1 767 831 766
1510 2 2 0 1 831 832 767
1511 2 2 0 1 768 832 767
1512 2 2 0 1 832 833 768
1513 2 2 0 1 769 833 768
1514 2 2 0 1 833 834 769
1515 2 2 0 1 770 834 769
1516 2 2 0 1 834 835 770
1517 2 2 0 1 771 835 770
1518 2 2 0 1 835 836 771
1519 2 2 0 1 772 836 771
1520 2 2 0 1 836 837 772
1521 2 2 0 1 773 837 772
1522 2 2 0 1 837 838 773
1523 2 2 0 1 774 838 773
1524 2 2 0 1 838 839 774
1525 2 2 0 1 775 839 774
1526 2 2 0 1 839 840 775
1527 2 2 0 1 776 840 775
1528 2 2 0 1 840 841 776
1529 2 2 0 1 777 841 776
1530 2 2 0 1 841 842 777
1531 2 2 0 1 778 842 777
1532 2 2 0 1 842 843 778
1533 2 2 0 1 779 843 778
1534 2 2 0 1 843 844 779
1535 2 2 0 1 780 844 779
1536 2 2 0 1 844 845 780
1537 2 2 0 1 846 847 782
1538 2 2 0 1 782 846 781
1539 2 2 0 1 848 846 781
1540 2 2 0 1 781 848 783
1541 2 2 0 1 849 848 783
1542 2 2 0 1 783 849 784
1543 2 2 0 1 850 849 784
1544 2 2 0 1 784 850 785
1545 2 2 0 1 851 850 785
1546 2 2 0 1 785 851 786
1547 2 2 0 1 852 851 786
1548 2 2 0 1 786 852 787
1549 2 2 0 1 853 852 787
1550 2 2 0 1 787 853 788
1551 2 2 0 1 854 853 788
1552 2 2 0 1 788 854 789
1553 2 2 0 1 855 854 789
1554 2 2 0 1 789 855 790
1555 2 2 0 1 856 855 790
1556 2 2 0 1 790 856 791
1557 2 2 0 1 857 856 791
1558 2 2 0 1 791 857 792
1559 2 2 0 1 858 857 792
1560 2 2 0 1 792 858 793
1561 2 2 0 1 859 858 793
1562 2 2 0 1 793 859 794
1563 2 2 0 1 860 859 794
1564 2 2 0 1 794 860 795
1565 2 2 0 1 861 860 795
1566 2 2 0 1 795 861 796
1567 2 2 0 1 862 861 796
1568 2 2 0 1 796 862 797
1569 2 2 0 1 863 862 797
1570 2 2 0 1 797 863 798
1571 2 2 0 1 864 863 798
1572 2 2 0 1 798 864 799
1573 2 2 0 1 865 864 799
1574 2 2 0 1 799 865 800
1575 2 2 0 1 866 865 800
1576 2 2 0 1 800 866 801
1577 2 2 0 1 867 866 801
1578 2 2 0 1 801 867 802
1579 2 2 0 1 868 867 802
1580 2 2 0 1 802 868 803
1581 2 2 0 1 869 868 803
1582 2 2 0 1 803 869 804
1583 2 2 0 1 870 869 804
1584 2 2 0 1 804 870 805
1585 2 2 0 1 871 870 805
1586 2 2 0 1 805 871 806
1587 2 2 0 1 872 871 806
1588 2 2 0 1 806 872 807
1589 2 2 0 1 873 872 807
1590 2 2 0 1 807 873 808
1591 2 2 0 1 874 873 808
1592 2 2 0 1 808 874 809
1593 2 2 0 1 875 874 809
1594 2 2 0 1 809 875 810
1595 2 2 0 1 876 875 810
1596 2 2 0 1 810 876 811
1597 2 2 0 1 877 876 811
1598 2 2 0 1 811 877 812
1599 2 2 0 1 878 877 812
1600 2 2 0 1 812 878 813
1601 2 2 0 1 879 878 813
1602 2 2 0 1 813 879 814
1603 2 2 0 1 880 879 814
1604 2 2 0 1 814 880 815
1605 2 2 0 1 881 880 815
1606 2 2 0 1 815 881 816
1607 2 2 0 1 882 881 816
1608 2 2 0 1 816 882 817
1609 2 2 0 1 818 882 817
1610 2 2 0 1 882 883 818
1611 2 2 0 1 819 883 818
1612 2 2 0 1 883 884 819
1613 2 2 0 1 885 884 819
1614 2 2 0 1 819 885 820
1615 2 2 0 1 886 885 820
1616 2 2 0 1 820 886 821
1617 2 2 0 1 822 886 821
1618 2 2 0 1 886 887 822
1619 2 2 0 1 888 887 822
1620 2 2 0 1 822 888 823
1621 2 2 0 1 889 888 823
1622 2 2 0 1 823 889 824
1623 2 2 0 1 890 889 824
1624 2 2 0 1 824 890 825
1625 2 2 0 1 826 890 825
1626 2 2 0 1 890 891 826
1627 2 2 0 1 827 891 826
1628 2 2 0 1 891 892 827
1629 2 2 0 1 828 892 827
1630 2 2 0 1 892 893 828
1631 2 2 0 1 829 893 828
1632 2 2 0 1 893 894 829
1633 2 2 0 1 830 894 829
1634 2 2 0 1 894 895 830
1635 2 2 0 1 831 895 830
1636 2 2 0 1 895 896 831
1637 2 2 0 1 832 896 831
1638 2 2 0 1 896 897 832
1639 2 2 0 1 833 897 832
1640 2 2 0 1 897 898 833
1641 2 2 0 1 834 898 833
1642 2 2 0 1 898 899 834
1643 2 2 0 1 835 899 834
1644 2 2 0 1 899 900 835
1645 2 2 0 1 836 900 835
1646 2 2 0 1 900 901 836
1647 2 2 0 1 837 901 836
1648 2 2 0 1 901 902 837
1649 2 2 0 1 838 902 837
1650 2 2 0 1 902 903 838
1651 2 2 0 1 839 903 838
1652 2 2 0 1 903 904 839
1653 2 2 0 1 840 904 839
1654 2 2 0 1 904 905 840
1655 2 2 0 1 841 905 840
1656 2 2 0 1 905 906 841
1657 2 2 0 1 842 906 841
1658 2 2 0 1 906 907 842
1659 2 2 0 1 843 907 842
1660 2 2 0 1 907 908 843
1661 2 2 0 1 844 908 843
1662 2 2 0 1 908 909 844
1663 2 2 0 1 845 909 844
1664 2 2 0 1 909 910 845
1665 2 2 0 1 911 912 847
1666 2 2 0 1 847 911 846
1667 2 2 0 1 913 911 846
1668 2 2 0 1 846 913 848
1669 2 2 0 1 914 913 848
1670 2 2 0 1 848 914 849
1671 2 2 0 1 915 914 849
1672 2 2 0 1 849 915 850
1673 2 2 0 1 916 915 850
1674 2 2 0 1 850 916 851
1675 2 2 0 1 917 916 851
1676 2 2 0 1 851 917 852
1677 2 2 0 1 918 917 852
1678 2 2 0 1 852 918 853
1679 2 2 0 1 919 918 853
1680 2 2 0 1 853 919 854
1681 2 2 0 1 920 919 854
1682 2 2 0 1 854 920 855
1683 2 2 0 1 921 920 855
1684 2 2 0 1 855 921 856
1685 2 2 0 1 922 921 856
1686 2 2 0 1 856 922 857
1687 2 2 0 1 923 922 857
1688 2 2 0 1 857 923 858
1689 2 2 0 1 924 923 858
1690 2 2 0 1 858 924 859
1691 2 2 0 1 925 924 859
1692 2 2 0 1 859 925 860
1693 2 2 0 1 926 925 860
1694 2 2 0 1 860 926 861
1695 2 2 0 1 927 926 861
1696 2 2 0 1 861 927 862
1697 2 2 0 1 928 927 862
1698 2 2 0 1 862 928 863
1699 2 2 0 1 929 928 863
1700 2 2 0 1 863 929 864
1701 2 2 0 1 930 929 864
1702 2 2 0 1 864 930 865
1703 2 2 0 1 931 930 865
1704 2 2 0 1 865 931 866
1705 2 2 0 1 932 931 866
1706 2 2 0 1 866 932 867
1707 2 2 0 1 933 932 867
1708 2 2 0 1 867 933 868
1709 2 2 0 1 934 933 868
1710 2 2 0 1 868 934 869
1711 2 2 0 1 935 934 869
1712 2 2 0 1 869 935 870
1713 2 2 0 1 936 935 870
1714 2 2 0 1 870 936 871
1715 2 2 0 1 937 936 871
1716 2 2 0 1 871 937 872
1717 2 2 0 1 938 937 872
1718 2 2 0 1 872 938 873
1719 2 2 0 1 939 938 873
1720 2 2 0 1 873 939 874
1721 2 2 0 1 940 939 874
1722 2 2 0 1 874 940 875
1723 2 2 0 1 876 940 875
1724 2 2 0 1 940 941 876
1725 2 2 0 1 942 941 876
1726 2 2 0 1 876 942 877
1727 2 2 0 1 943 942 877
1728 2 2 0 1 877 943 878
1729 2 2 0 1 944 943 878
1730 2 2 0 1 878 944 879
1731 2 2 0 1 880 944 879
1732 2 2 0 1 944 945 880
1733 2 2 0 1 881 945 880
1734 2 2 0 1 945 946 881
1735 2 2 0 1 882 946 881
1736 2 2 0 1 946 947 882
1737 2 2 0 1 883 947 882
1738 2 2 0 1 947 948 883
1739 2 2 0 1 884 948 883
1740 2 2 0 1 948 949 884
1741 2 2 0 1 885 949 884
1742 2 2 0 1 949 950 885
1743 2 2 0 1 886 950 885
1744 2 2 0 1 950 951 886
1745 2 2 0 1 887 951 886
1746 2 2 0 1 951 952 887
1747 2 2 0 1 888 952 887
1748 2 2 0 1 952 953 888
1749 2 2 0 1 889 953 888
1750 2 2 0 1 953 954 889
1751 2 2 0 1 890 954 889
1752 2 2 0 1 954 955 890
1753 2 2 0 1 891 955 890
1754 2 2 0 1 955 956 891
1755 2 2 0 1 892 956 891
1756 2 2 0 1 956 957 892
1757 2 2 0 1 893 957 892
1758 2 2 0 1 957 958 893
1759 2 2 0 1 894 958 893
1760 2 2 0 1 958 959 894
1761 2 2 0 1 895 959 894
1762 2 2 0 1 959 960 895
1763 2 2 0 1 896 960 895
1764 2 2 0 1 960 961 896
1765 2 2 0 1 897 961 896
1766 2 2 0 1 961 962 897
1767 2 2 0 1 898 962 897
1768 2 2 0 1 962 963 898
1769 2 2 0 1 899 963 898
1770 2 2 0 1 963 964 899
1771 2 2 0 1 900 964 899
1772 2 2 0 1 964 965 900
1773 2 2 0 1 901 965 900
1774 2 2 0 1 965 966 901
1775 2 2 0 1 902 966 901
1776 2 2 0 1 966 967 902
1777 2 2 0 1 903 967 902
1778 2 2 0 1 967 968 903
1779 2 2 0 1 904 968 903
1780 2 2 0 1 968 969 904
1781 2 2 0 1 905 969 904
1782 2 2 0 1 969 970 905
1783 2 2 0 1 906 970 905
1784 2 2 0 1 970 971 906
1785 2 2 0 1 907 971 906
1786 2 2 0 1 971 972 907
1787 2 2 0 1 908 972 907
1788 2 2 0 1 972 973 908
1789 2 2 0 1 909 973 908
1790 2 2 0 1 973 974 909
1791 2 2 0 1 910 974 909
1792 2 2 0 1 974 975 910
1793 2 2 0 1 976 977 912
1794 2 2 0 1 912 976 911
1795 2 2 0 1 978 976 911
1796 2 2 0 1 911 978 913
1797 2 2 0 1 979 978 913
1798 2 2 0 1 913 979 914
1799 2 2 0 1 980 979 914
1800 2 2 0 1 914 980 915
1801 2 2 0 1 981 980 915
1802 2 2 0 1 915 981 916
1803 2 2 0 1 982 981 916
1804 2 2 0 1 916 982 917
1805 2 2 0 1 983 982 917
1806 2 2 0 1 917 983 918
1807 2 2 0 1 984 983 918
1808 2 2 0 1 918 984 919
1809 2 2 0 1 985 984 919
1810 2 2 0 1 919 985 920
1811 2 2 0 1 986 985 920
1812 2 2 0 1 920 986 921
1813 2 2 0 1 987 986 921
1814 2 2 0 1 921 987 922
1815 2 2 0 1 988 987 922
1816 2 2 0 1 922 988 923
1817 2 2 0 1 989 988 923
1818 2 2 0 1 923 989 924
1819 2 2 0 1 990 989 924
1820 2 2 0 1 924 990 925
1821 2 2 0 1 991 990 925
1822 2 2 0 1 925 991 926
1823 2 2 0 1 992 991 926
1824 2 2 0 1 926 992 927
1825 2 2 0 1 993 992 927
1826 2 2 0 1 927 993 928
1827 2 2 0 1 994 993 928
1828 2 2 0 1 928 994 929
1829 2 2 0 1 995 994 929
1830 2 2 0 1 929 995 930
1831 2 2 0 1 996 995 930
1832 2 2 0 1 930 996 931
1833 2 2 0 1 997 996 931
1834 2 2 0 1 931 997 932
1835 2 2 0 1 998 997 932
1836 2 2 0 1 932 998 933
1837 2 2 0 1 934 998 933
1838 2 2 0 1 998 999 934
1839 2 2 0 1 1000 999 934
1840 2 2 0 1 934 1000 935
1841 2 2 0 1 1001 1000 935
1842 2 2 0 1 935 1001 936
1843 2 2 0 1 937 1001 936
1844 2 2 0 1 1001 1002 937
1845 2 2 0 1 938 1002 937
1846 2 2 0 1 1002 1003 938
1847 2 2 0 1 939 1003 938
1848 2 2 0 1 1003 1004 939
1849 2 2 0 1 940 1004 939
1850 2 2 0 1 1004 1005 940
1851 2 2 0 1 941 1005 940
1852 2 2 0 1 1005 1006 941
1853 2 2 0 1 942 1006 941
1854 2 2 0 1 1006 1007 942
1855 2 2 0 1 943 1007 942
1856 2 2 0 1 1007 1008 943
1857 2 2 0 1 944 1008 943
1858 2 2 0 1 1008 1009 944
1859 2 2 0 1 945 1009 944
1860 2 2 0 1 1009 1010 945
1861 2 2 0 1 946 1010 945
1862 2 2 0 1 1010 1011 946
1863 2 2 0 1 947 1011 946
1864 2 2 0 1 1011 1012 947
1865 2 2 0 1 948 1012 947
1866 2 2 0 1 1012 1013 948
1867 2 2 0 1 949 1013 948
1868 2 2 0 1 1013 1014 949
1869 2 2 0 1 950 1014 949
1870 2 2 0 1 1014 1015 950
1871 2 2 0 1 951 1015 950
1872 2 2 0 1 1015 1016 951
1873 2 2 0 1 952 1016 951
1874 2 2 0 1 1016 1017 952
1875 2 2 0 1 953 1017 952
1876 2 2 0 1 1017 1018 953
1877 2 2 0 1 954 1018 953
1878 2 2 0 1 1018 1019 954
1879 2 2 0 1 955 1019 954
1880 2 2 0 1 1019 1020 955
1881 2 2 0 1 956 1020 955
1882 2 2 0 1 1020 1021 956
1883 2 2 0 1 957 1021 956
1884 2 2 0 1 1021 1022 957
1885 2 2 0 1 958 1022 957
1886 2 2 0 1 1022 1023 958
1887 2 2 0 1 959 1023 958
1888 2 2 0 1 1023 1024 959
1889 2 2 0 1 960 1024 959
1890 2 2 0 1 1024 1025 960
1891 2 2 0 1 961 1025 960
1892 2 2 0 1 1025 1026 961
1893 2 2 0 1 962 1026 961
1894 2 2 0 1 1026 1027 962
1895 2 2 0 1 963 1027 962
1896 2 2 0 1 1027 1028 963
1897 2 2 0 1 964 1028 963
1898 2 2 0 1 1028 1029 964
1899 2 2 0 1 965 1029 964
1900 2 2 0 1 1029 1030 965
1901 2 2 0 1 966 1030 965
1902 2 2 0 1 1030 1031 966
1903 2 2 0 1 967 1031 966
1904 2 2 0 1 1031 1032 967
1905 2 2 0 1 968 1032 967
1906 2 2 0 1 1032 1033 968
1907 2 2 0 1 969 1033 968
1908 2 2 0 1 1033 1034 969
1909 2 2 0 1 970 1034 969
1910 2 2 0 1 1034 1035 970
1911 2 2 0 1 971 1035 970
1912 2 2 0 1 1035 1036 971
1913 2 2 0 1 972 1036 971
1914 2 2 0 1 1036 1037 972
1915 2 2 0 1 973 1037 972
1916 2 2 0 1 1037 1038 973
1917 2 2 0 1 974 1038 973
1918 2 2 0 1 1038 1039 974
1919 2 2 0 1 975 1039 974
1920 2 2 0 1 1039 1040 975
1921 2 2 0 1 1041 1042 977
1922 2 2 0 1 977 1041 976
1923 2 2 0 1 1043 1041 976
1924 2 2 0 1 976 1043 978
1925 2 2 0 1 1044 1043 978
1926 2 2 0 1 978 1044 979
1927 2 2 0 1 1045 1044 979
1928 2 2 0 1 979 1045 980
1929 2 2 0 1 1046 1045 980
1930 2 2 0 1 980 1046 981
1931 2 2 0 1 1047 1046 981
1932 2 2 0 1 981 1047 982
1933 2 2 0 1 1048 1047 982
1934 2 2 0 1 982 1048 983
1935 2 2 0 1 1049 1048 983
1936 2 2 0 1 983 1049 984
1937 2 2 0 1 1050 1049 984
1938 2 2 0 1 984 1050 985
1939 2 2 0 1 1051 1050 985
1940 2 2 0 1 985 1051 986
1941 2 2 0 1 1052 1051 986
1942 2 2 0 1 986 1052 987
1943 2 2 0 1 1053 1052 987
1944 2 2 0 1 987 1053 988
1945 2 2 0 1 1054 1053 988
1946 2 2 0 1 988 1054 989
1947 2 2 0 1 1055 1054 989
1948 2 2 0 1 989 1055 990
1949 2 2 0 1 1056 1055 990
1950 2 2 0 1 990 1056 991
1951 2 2 0 1 1057 1056 991
1952 2 2 0 1 991 1057 992
1953 2 2 0 1 1058 1057 992
1954 2 2 0 1 992 1058 993
1955 2 2 0 1 1059 1058 993
1956 2 2 0 1 993 1059 994
1957 2 2 0 1 1060 1059 994
1958 2 2 0 1 994 1060 995
1959 2 2 0 1 1061 1060 995
1960 2 2 0 1 995 1061 996
1961 2 2 0 1 1062 1061 996
1962 2 2 0 1 996 1062 997
1963 2 2 0 1 1063 1062 997
1964 2 2 0 1 997 1063 998
1965 2 2 0 1 999 1063 998
1966 2 2 0 1 1063 1064 999
1967 2 2 0 1 1065 1064 999
1968 2 2 0 1 999 1065 1000
1969 2 2 0 1 1066 1065 1000
1970 2 2 0 1 1000 1066 1001
1971 2 2 0 1 1002 1066 1001
1972 2 2 0 1 1066 1067 1002
1973 2 2 0 1 1003 1067 1002
1974 2 2 0 1 1067 1068 1003
1975 2 2 0 1 1004 1068 1003
1976 2 2 0 1 1068 1069 1004
1977 2 2 0 1 1005 1069 1004
1978 2 2 0 1 1069 1070 1005
1979 2 2 0 1 1006 1070 1005
1980 2 2 0 1 1070 1071 1006
1981 2 2 0 1 1007 1071 1006
1982 2 2 0 1 1071 1072 1007
1983 2 2 0 1 1008 1072 1007
1984 2 2 0 1 1072 1073 1008
1985 2 2 0 1 1009 1073 1008
1986 2 2 0 1 1073 1074 1009
1987 2 2 0 1 1010 1074 1009
1988 2 2 0 1 1074 1075 1010
1989 2 2 0 1 1011 1075 1010
1990 2 2 0 1 1075 1076 1011
1991 2 2 0 1 1012 1076 1011
1992 2 2 0 1 1076 1077 1012
1993 2 2 0 1 1013 1077 1012
1994 2 2 0 1 1077 1078 1013
1995 2 2 0 1 1014 1078 1013
1996 2 2 0 1 1078 1079 1014
1997 2 2 0 1 1015 1079 1014
1998 2 2 0 1 1079 1080 1015
1999 2 2 0 1 1016 1080 1015
2000 2 2 0 1 1080 1081 1016
2001 2 2 0 1 1017 1081 1016
2002 2 2 0 1 1081 1082 1017
2003 2 2 0 1 1018 1082 1017
2004 2 2 0 1 1082 1083 1018
2005 2 2 0 1 1019 1083 1018
2006 2 2 0 1 1083 1084 1019
2007 2 2 0 1 1020 1084 1019
2008 2 2 0 1 1084 1085 1020
2009 2 2 0 1 1021 1085 1020
2010 2 2 0 1 1085 1086 1021
2011 2 2 0 1 1022 1086 1021
2012 2 2 0 1 1086 1087 1022
2013 2 2 0 1 1023 1087 1022
2014 2 2 0 1 1087 1088 1023
2015 2 2 0 1 1024 1088 1023
2016 2 2 0 1 1088 1089 1024
2017 2 2 0 1 1025 1089 1024
2018 2 2 0 1 1089 1090 1025
2019 2 2 0 1 1026 1090 1025
2020 2 2 0 1 1090 1091 1026
2021 2 2 0 1 1027 1091 1026
2022 2 2 0 1 1091 1092 1027
2023 2 2 0 1 1028 1092 1027
2024 2 2 0 1 1092 1093 1028
2025 2 2 0 1 1029 1093 1028
2026 2 2 0 1 1093 1094 1029
2027 2 2 0 1 1030 1094 1029
2028 2 2 0 1 1094 1095 1030
2029 2 2 0 1 1031 1095 1030
2030 2 2 0 1 1095 1096 1031
2031 2 2 0 1 1032 1096 1031
2032 2 2 0 1 1096 1097 1032
2033 2 2 0 1 1033 1097 1032
2034 2 2 0 1 1097 1098 1033
2035 2 2 0 1 1034 1098 1033
2036 2 2 0 1 1098 1099 1034
2037 2 2 0 1 1035 1099 1034
2038 2 2 0 1 1099 1100 1035
2039 2 2 0 1 1036 1100 1035
2040 2 2 0 1 1100 1101 1036
2041 2 2 0 1 1037 1101 1036
2042 2 2 0 1 1101 1102 1037
2043 2 2 0 1 1038 1102 1037
2044 2 2 0 1 1102 1103 1038
2045 2 2 0 1 1039 1103 1038
2046 2 2 0 1 1103 1104 1039
2047 2 2 0 1 1040 1104 1039
2048 2 2 0 1 1104 1105 1040
2049 2 2 0 1 1106 1107 1042
2050 2 2 0 1 1042 1106 1041
2051 2 2 0 1 1108 1106 1041
2052 2 2 0 1 1041 1108 1043
2053 2 2 0 1 1109 1108 1043
2054 2 2 0 1 1043 1109 1044
2055 2 2 0 1 1110 1109 1044
2056 2 2 0 1 1044 1110 1045
2057 2 2 0 1 1111 1110 1045
2058 2 2 0 1 1045 1111 1046
2059 2 2 0 1 1112 1111 1046
2060 2 2 0 1 1046 1112 1047
2061 2 2 0 1 1113 1112 1047
2062 2 2 0 1 1047 1113 1048
2063 2 2 0 1 1114 1113 1048
2064 2 2 0 1 1048 1114 1049
2065 2 2 0 1 1115 1114 1049
2066 2 2 0 1 1049 1115 1050
2067 2 2 0 1 1116 1115 1050
2068 2 2 0 1 1050 1116 1051
2069 2 2 0 1 1117 1116 1051
2070 2 2 0 1 1051 1117 1052
2071 2 2 0 1 1118 1117 1052
2072 2 2 0 1 1052 1118 1053
2073 2 2 0 1 1119 1118 1053
2074 2 2 0 1 1053 1119 1054
2075 2 2 0 1 1120 1119 1054
2076 2 2 0 1 1054 1120 1055
2077 2 2 0 1 1121 1120 1055
2078 2 2 0 1 1055 1121 1056
2079 2 2 0 1 1122 1121 1056
2080 2 2 0 1 1056 1122 1057
2081 2 2 0 1 1123 1122 1057
2082 2 2 0 1 1057 1123 1058
2083 2 2 0 1 1124 1123 1058
2084 2 2 0 1 1058 1124 1059
2085 2 2 0 1 1125 1124 1059
2086 2 2 0 1 1059 1125 1060
2087 2 2 0 1 1126 1125 1060
2088 2 2 0 1 1060 1126 1061
2089 2 2 0 1 1127 1126 1061
2090 2 2 0 1 1061 1127 1062
2091 2 2 0 1 1128 1127 1062
2092 2 2 0 1 1062 1128 1063
2093 2 2 0 1 1064 1128 1063
2094 2 2 0 1 1128 1129 1064
2095 2 2 0 1 1130 1129 1064
2096 2 2 0 1 1064 1130 1065
2097 2 2 0 1 1131 1130 1065
2098 2 2 0 1 1065 1131 1066
2099 2 2 0 1 1067 1131 1066
2100 2 2 0 1 1131 1132 1067
2101 2 2 0 1 1068 1132 1067
2102 2 2 0 1 1132 1133 1068
2103 2 2 0 1 1069 1133 1068
2104 2 2 0 1 1133 1134 1069
2105 2 2 0 1 1070 1134 1069
2106 2 2 0 1 1134 1135 1070
2107 2 2 0 1 1071 1135 1070
2108 2 2 0 1 1135 1136 1071
2109 2 2 0 1 1072 1136 1071
2110 2 2 0 1 1136 1137 1072
2111 2 2 0 1 1073 1137 1072
2112 2 2 0 1 1137 1138 1073
2113 2 2 0 1 1074 1138 1073
2114 2 2 0 1 1138 1139 1074
2115 2 2 0 1 1075 1139 1074
2116 2 2 0 1 1139 1140 1075
2117 2 2 0 1 1076 1140 1075
2118 2 2 0 1 1140 1141 1076
2119 2 2 0 1 1077 1141 1076
2120 2 2 0 1 1141 1142 1077
2121 2 2 0 1 1078 1142 1077
2122 2 2 0 1 1142 1143 1078
2123 2 2 0 1 1079 1143 1078
2124 2 2 0 1 1143 1144 1079
2125 2 2 0 1 1080 1144 1079
2126 2 2 0 1 1144 1145 1080
2127 2 2 0 1 1081 1145 1080
2128 2 2 0 1 1145 1146 1081
2129 2 2 0 1 1082 1146 1081
2130 2 2 0 1 1146 1147 1082
2131 2 2 0 1 1083 1147 1082
2132 2 2 0 1 1147 1148 1083
2133 2 2 0 1 1084 1148 1083
2134 2 2 0 1 1148 1149 1084
2135 2 2 0 1 1085 1149 1084
2136 2 2 0 1 1149 1150 1085
2137 2 2 0 1 1086 1150 1085
2138 2 2 0 1 1150 1151 1086
2139 2 2 0 1 1087 1151 1086
2140 2 2 0 1 1151 1152 1087
2141 2 2 0 1 1088 1152 1087
2142 2 2 0 1 1152 1153 1088
2143 2 2 0 1 1089 1153 1088
2144 2 2 0 1 1153 1154 1089
2145 2 2 0 1 1090 1154 1089
2146 2 2 0 1 1154 1155 1090
2147 2 2 0 1 1091 1155 1090
2148 2 2 0 1 1155 1156 1091
2149 2 2 0 1 1092 1156 1091
2150 2 2 0 1 1156 1157 1092
2151 2 2 0 1 1093 1157 1092
2152 2 2 0 1 1157 1158 1093
2153 2 2 0 1 1094 1158 1093
2154 2 2 0 1 1158 1159 1094
2155 2 2 0 1 1095 1159 1094
2156 2 2 0 1 1159 1160 1095
2157 2 2 0 1 1096 1160 1095
2158 2 2 0 1 1160 1161 1096
2159 2 2 0 1 1097 1161 1096
2160 2 2 0 1 1161 1162 1097
2161 2 2 0 1 1098 1162 1097
2162 2 2 0 1 1162 1163 1098
2163 2 2 0 1 1099 1163 1098
2164 2 2 0 1 1163 1164 1099
2165 2 2 0 1 1100 1164 1099
2166 2 2 0 1 1164 1165 1100
2167 2 2 0 1 1101 1165 1100
2168 2 2 0 1 1165 1166 1101
2169 2 2 0 1 1102 1166 1101
2170 2 2 0 1 1166 1167 1102
2171 2 2 0 1 1103 1167 1102
2172 2 2 0 1 1167 1168 1103
2173 2 2 0 1 1169 1168 1103
2174 2 2 0 1 1103 1169 1104
2175 2 2 0 1 1170 1169 1104
2176 2 2 0 1 1104 1170 1105
2177 2 2 0 1 1171 1172 1107
2178 2 2 0 1 1107 1171 1106
2179 2 2 0 1 1173 1171 1106
2180 2 2 0 1 1106 1173 1108
2181 2 2 0 1 1174 1173 1108
2182 2 2 0 1 1108 1174 1109
2183 2 2 0 1 1175 1174 1109
2184 2 2 0 1 1109 1175 1110
2185 2 2 0 1 1176 1175 1110
2186 2 2 0 1 1110 1176 1111
2187 2 2 0 1 1177 1176 1111
2188 2 2 0 1 1111 1177 1112
2189 2 2 0 1 1178 1177 1112
2190 2 2 0 1 1112 1178 1113
2191 2 2 0 1 1179 1178 1113
2192 2 2 0 1 1113 1179 1114
2193 2 2 0 1 1180 1179 1114
2194 2 2 0 1 1114 1180 1115
2195 2 2 0 1 1181 1180 1115
2196 2 2 0 1 1115 1181 1116
2197 2 2 0 1 1182 1181 1116
2198 2 2 0 1 1116 1182 1117
2199 2 2 0 1 1183 1182 1117
2200 2 2 0 1 1117 1183 1118
2201 2 2 0 1 1184 1183 1118
2202 2 2 0 1 1118 1184 1119
2203 2 2 0 1 1185 1184 1119
2204 2 2 0 1 1119 1185 1120
2205 2 2 0 1 1186 1185 1120
2206 2 2 0 1 1120 1186 1121
2207 2 2 0 1 1187 1186 1121
2208 2 2 0 1 1121 1187 1122
2209 2 2 0 1 1188 1187 1122
2210 2 2 0 1 1122 1188 1123
2211 2 2 0 1 1189 1188 1123
2212 2 2 0 1 1123 1189 1124
2213 2 2 0 1 1190 1189 1124
2214 2 2 0 1 1124 1190 1125
2215 2 2 0 1 1191 1190 1125
2216 2 2 0 1 1125 1191 1126
2217 2 2 0 1 1192 1191 1126
2218 2 2 0 1 1126 1192 1127
2219 2 2 0 1 1193 1192 1127
2220 2 2 0 1 1127 1193 1128
2221 2 2 0 1 1129 1193 1128
2222 2 2 0 1 1193 1194 1129
2223 2 2 0 1 1195 1194 1129
2224 2 2 0 1 1129 1195 1130
2225 2 2 0 1 1196 1195 1130
2226 2 2 0 1 1130 1196 1131
2227 2 2 0 1 1132 1196 1131
2228 2 2 0 1 1196 1197 1132
2229 2 2 0 1 1133 1197 1132
2230 2 2 0 1 1197 1198 1133
2231 2 2 0 1 1134 1198 1133
2232 2 2 0 1 1198 1199 1134
2233 2 2 0 1 1135 1199 1134
2234 2 2 0 1 1199 1200 1135
2235 2 2 0 1 1136 1200 1135
2236 2 2 0 1 1200 1201 1136
2237 2 2 0 1 1137 1201 1136
2238 2 2 0 1 1201 1202 1137
2239 2 2 0 1 1138 1202 1137
2240 2 2 0 1 1202 1203 1138
2241 2 2 0 1 1139 1203 1138
2242 2 2 0 1 1203 1204 1139
2243 2 2 0 1 1140 1204 1139
2244 2 2 0 1 1204 1205 1140
2245 2 2 0 1 1141 1205 1140
2246 2 2 0 1 1205 1206 1141
2247 2 2 0 1 1142 1206 1141
2248 2 2 0 1 1206 1207 1142
2249 2 2 0 1 1143 1207 1142
2250 2 2 0 1 1207 1208 1143
2251 2 2 0 1 1144 1208 1143
2252 2 2 0 1 1208 1209 1144
2253 2 2 0 1 1145 1209 1144
2254 2 2 0 1 1209 1210 1145
2255 2 2 0 1 1146 1210 1145
2256 2 2 0 1 1210 1211 1146
2257 2 2 0 1 1147 1211 1146
2258 2 2 0 1 1211 1212 1147
2259 2 2 0 1 1148 1212 1147
2260 2 2 0 1 1212 1213 1148
2261 2 2 0 1 1149 1213 1148
2262 2 2 0 1 1213 1214 1149
2263 2 2 0 1 1150 1214 1149
2264 2 2 0 1 1214 1215 1150
2265 2 2 0 1 1151 1215 1150
2266 2 2 0 1 1215 1216 1151
2267 2 2 0 1 1152 1216 1151
2268 2 2 0 1 1216 1217 1152
2269 2 2 0 1 1153 1217 1152
2270 2 2 0 1 1217 1218 1153
2271 2 2 0 1 1154 1218 1153
2272 2 2 0 1 1218 1219 1154
2273 2 2 0 1 1155 1219 1154
2274 2 2 0 1 1219 1220 1155
2275 2 2 0 1 1156 1220 1155
2276 2 2 0 1 1220 1221 1156
2277 2 2 0 1 1157 1221 1156
2278 2 2 0 1 1221 1222 1157
2279 2 2 0 1 1158 1222 1157
2280 2 2 0 1 1222 1223 1158
2281 2 2 0 1 1159 1223 1158
2282 2 2 0 1 1223 1224 1159
2283 2 2 0 1 1160 1224 1159
2284 2 2 0 1 1224 1225 1160
2285 2 2 0 1 1161 1225 1160
2286 2 2 0 1 1225 1226 1161
2287 2 2 0 1 1162 1226 1161
2288 2 2 0 1 1226 1227 1162
2289 2 2 0 1 1163 1227 1162
2290 2 2 0 1 1227 1228 1163
2291 2 2 0 1 1164 1228 1163
2292 2 2 0 1 1228 1229 1164
2293 2 2 0 1 1165 1229 1164
2294 2 2 0 1 1229 1230 1165
2295 2 2 0 1 1166 1230 1165
2296 2 2 0 1 1230 1231 1166
2297 2 2 0 1 1167 1231 1166
2298 2 2 0 1 1231 1232 1167
2299 2 2 0 1 1168 1232 1167
2300 2 2 0 1 1232 1233 1168
2301 2 2 0 1 1169 1233 1168
2302 2 2 0 1 1233 1234 1169
2303 2 2 0 1 1170 1234 1169
2304 2 2 0 1 1234 1235 1170
2305 2 2 0 1 1236 1237 1172
2306 2 2 0 1 1172 1236 1171
2307 2 2 0 1 1238 1236 1171
2308 2 2 0 1 1171 1238 1173
2309 2 2 0 1 1239 1238 1173
2310 2 2 0 1 1173 1239 1174
2311 2 2 0 1 1240 1239 1174
2312 2 2 0 1 1174 1240 1175
2313 2 2 0 1 1241 1240 1175
2314 2 2 0 1 1175 1241 1176
2315 2 2 0 1 1242 1241 1176
2316 2 2 0 1 1176 1242 1177
2317 2 2 0 1 1243 1242 1177
2318 2 2 0 1 1177 1243 1178
2319 2 2 0 1 1244 1243 1178
2320 2 2 0 1 1178 1244 1179
2321 2 2 0 1 1245 1244 1179
2322 2 2 0 1 1179 1245 1180
2323 2 2 0 1 1246 1245 1180
2324 2 2 0 1 1180 1246 1181
2325 2 2 0 1 1247 1246 1181
2326 2 2 0 1 1181 1247 1182
2327 2 2 0 1 1248 1247 1182
2328 2 2 0 1 1182 1248 1183
2329 2 2 0 1 1249 1248 1183
2330 2 2 0 1 1183 1249 1184
2331 2 2 0 1 1250 1249 1184
2332 2 2 0 1 1184 1250 1185
2333 2 2 0 1 1251 1250 1185
2334 2 2 0 1 1185 1251 1186
2335 2 2 0 1 1252 1251 1186
2336 2 2 0 1 1186 1252 1187
2337 2 2 0 1 1253 1252 1187
2338 2 2 0 1 1187 1253 1188
2339 2 2 0 1 1254 1253 1188
2340 2 2 0 1 1188 1254 1189
2341 2 2 0 1 1255 1254 1189
2342 2 2 0 1 1189 1255 1190
2343 2 2 0 1 1256 1255 1190
2344 2 2 0 1 1190 1256 1191
2345 2 2 0 1 1257 1256 1191
2346 2 2 0 1 1191 1257 1192
2347 2 2 0 1 1258 1257 1192
2348 2 2 0 1 1192 1258 1193
2349 2 2 0 1 1194 1258 1193
2350 2 2 0 1 1258 1259 1194
2351 2 2 0 1 1260 1259 1194
2352 2 2 0 1 1194 1260 1195
2353 2 2 0 1 1261 1260 1195
2354 2 2 0 1 1195 1261 1196
2355 2 2 0 1 1197 1261 1196
2356 2 2 0 1 1261 1262 1197
2357 2 2 0 1 1198 1262 1197
2358 2 2 0 1 1262 1263 1198
2359 2 2 0 1 1199 1263 1198
2360 2 2 0 1 1263 1264 1199
2361 2 2 0 1 1265 1264 1199
2362 2 2 0 1 1199 1265 1200
2363 2 2 0 1 1201 1265 1200
2364 2 2 0 1 1265 1266 1201
2365 2 2 0 1 1202 1266 1201
2366 2 2 0 1 1266 1267 1202
2367 2 2 0 1 1203 1267 1202
2368 2 2 0 1 1267 1268 1203
2369 2 2 0 1 1204 1268 1203
2370 2 2 0 1 1268 1269 1204
2371 2 2 0 1 1205 1269 1204
2372 2 2 0 1 1269 1270 1205
2373 2 2 0 1 1206 1270 1205
2374 2 2 0 1 1270 1271 1206
2375 2 2 0 1 1207 1271 1206
2376 2 2 0 1 1271 1272 1207
2377 2 2 0 1 1208 1272 1207
2378 2 2 0 1 1272 1273 1208
2379 2 2 0 1 1209 1273 1208
2380 2 2 0 1 1273 1274 1209
2381 2 2 0 1 1210 1274 1209
2382 2 2 0 1 1274 1275 1210
2383 2 2 0 1 1211 1275 1210
2384 2 2 0 1 1275 1276 1211
2385 2 2 0 1 1212 1276 1211
2386 2 2 0 1 1276 1277 1212
2387 2 2 0 1 1213 1277 1212
2388 2 2 0 1 1277 1278 1213
2389 2 2 0 1 1214 1278 1213
2390 2 2 0 1 1278 1279 1214
2391 2 2 0 1 1215 1279 1214
2392 2 2 0 1 1279 1280 1215
2393 2 2 0 1 1216 1280 1215
2394 2 2 0 1 1280 1281 1216
2395 2 2 0 1 1217 1281 1216
2396 2 2 0 1 1281 1282 1217
2397 2 2 0 1 1218 1282 1217
2398 2 2 0 1 1282 1283 1218
2399 2 2 0 1 1219 1283 1218
2400 2 2 0 1 1283 1284 1219
2401 2 2 0 1 1220 1284 1219
2402 2 2 0 1 1284 1285 1220
2403 2 2 0 1 1221 1285 1220
2404 2 2 0 1 1285 1286 1221
2405 2 2 0 1 1222 1286 1221
2406 2 2 0 1 1286 1287 1222
2407 2 2 0 1 1223 1287 1222
2408 2 2 0 1 1287 1288 1223
2409 2 2 0 1 1224 1288 1223
2410 2 2 0 1 1288 1289 1224
2411 2 2 0 1 1225 1289 1224
2412 2 2 0 1 1289 1290 1225
2413 2 2 0 1 1226 1290 1225
2414 2 2 0 1 1290 1291 1226
2415 2 2 0 1 1227 1291 1226
2416 2 2 0 1 1291 1292 1227
2417 2 2 0 1 1228 1292 1227
2418 2 2 0 1 1292 1293 1228
2419 2 2 0 1 1229 1293 1228
2420 2 2 0 1 1293 1294 1229
2421 2 2 0 1 1230 1294 1229
2422 2 2 0 1 1294 1295 1230
2423 2 2 0 1 1231 1295 1230
2424 2 2 0 1 1295 1296 1231
2425 2 2 0 1 1232 1296 1231
2426 2 2 0 1 1296 1297 1232
2427 2 2 0 1 1233 1297 1232
2428 2 2 0 1 1297 1298 1233
2429 2 2 0 1 1234 1298 1233
2430 2 2 0 1 1298 1299 1234
2431 2 2 0 1 1235 1299 1234
2432 2 2 0 1 1299 1300 1235
2433 2 2 0 1 1301 1302 1237
2434 2 2 0 1 1237 1301 1236
2435 2 2 0 1 1303 1301 1236
2436 2 2 0 1 1236 1303 1238
2437 2 2 0 1 1304 1303 1238
2438 2 2 0 1 1238 1304 1239
2439 2 2 0 1 1305 1304 1239
2440 2 2 0 1 1239 1305 1240
2441 2 2 0 1 1306 1305 1240
2442 2 2 0 1 1240 1306 1241
2443 2 2 0 1 1307 1306 1241
2444 2 2 0 1 1241 1307 1242
2445 2 2 0 1 1308 1307 1242
2446 2 2 0 1 1242 1308 1243
2447 2 2 0 1 1309 1308 1243
2448 2 2 0 1 1243 1309 1244
2449 2 2 0 1 1310 1309 1244
2450 2 2 0 1 1244 1310 1245
2451 2 2 0 1 1311 1310 1245
2452 2 2 0 1 1245 1311 1246
2453 2 2 0 1 1312 1311 1246
2454 2 2 0 1 1246 1312 1247
2455 2 2 0 1 1313 1312 1247
2456 2 2 0 1 1247 1313 1248
2457 2 2 0 1 1314 1313 1248
2458 2 2 0 1 1248 1314 1249
2459 2 2 0 1 1315 1314 1249
2460 2 2 0 1 1249 1315 1250
2461 2 2 0 1 1316 1315 1250
2462 2 2 0 1 1250 1316 1251
2463 2 2 0 1 1317 1316 1251
2464 2 2 0 1 1251 1317 1252
2465 2 2 0 1 1318 1317 1252
2466 2 2 0 1 1252 1318 1253
2467 2 2 0 1 1319 1318 1253
2468 2 2 0 1 1253 1319 1254
2469 2 2 0 1 1320 1319 1254
2470 2 2 0 1 1254 1320 1255
2471 2 2 0 1 1321 1320 1255
2472 2 2 0 1 1255 1321 1256
2473 2 2 0 1 1322 1321 1256
2474 2 2 0 1 1256 1322 1257
2475 2 2 0 1 1323 1322 1257
2476 2 2 0 1 1257 1323 1258
2477 2 2 0 1 1259 1323 1258
2478 2 2 0 1 1323 1324 1259
2479 2 2 0 1 1325 1324 1259
2480 2 2 0 1 1259 1325 1260
2481 2 2 0 1 1326 1325 1260
2482 2 2 0 1 1260 1326 1261
2483 2 2 0 1 1262 1326 1261
2484 2 2 0 1 1326 1327 1262
2485 2 2 0 1 1263 1327 1262
2486 2 2 0 1 1327 1328 1263
2487 2 2 0 1 1329 1328 1263
2488 2 2 0 1 1263 1329 1264
2489 2 2 0 1 1330 1329 1264
2490 2 2 0 1 1264 1330 1265
2491 2 2 0 1 1266 1330 1265
2492 2 2 0 1 1330 1331 1266
2493 2 2 0 1 1267 1331 1266
2494 2 2 0 1 1331 1332 1267
2495 2 2 0 1 1268 1332 1267
2496 2 2 0 1 1332 1333 1268
2497 2 2 0 1 1269 1333 1268
2498 2 2 0 1 1333 1334 1269
2499 2 2 0 1 1270 1334 1269
2500 2 2 0 1 1334 1335 1270
2501 2 2 0 1 1271 1335 1270
2502 2 2 0 1 1335 1336 1271
2503 2 2 0 1 1272 1336 1271
2504 2 2 0 1 1336 1337 1272
2505 2 2 0 1 1273 1337 1272
2506 2 2 0 1 1337 1338 1273
2507 2 2 0 1 1274 1338 1273
2508 2 2 0 1 1338 1339 1274
2509 2 2 0 1 1275 1339 1274
2510 2 2 0 1 1339 1340 1275
2511 2 2 0 1 1276 1340 1275
2512 2 2 0 1 1340 1341 1276
2513 2 2 0 1 1277 1341 1276
2514 2 2 0 1 1341 1342 1277
2515 2 2 0 1 1278 1342 1277
2516 2 2 0 1 1342 1343 1278
2517 2 2 0 1 1279 1343 1278
2518 2 2 0 1 1343 1344 1279
2519 2 2 0 1 1280 1344 1279
2520 2 2 0 1 1344 1345 1280
2521 2 2 0 1 1281 1345 1280
2522 2 2 0 1 1345 1346 1281
2523 2 2 0 1 1282 1346 1281
2524 2 2 0 1 1346 1347 1282
2525 2 2 0 1 1283 1347 1282
2526 2 2 0 1 1347 1348 1283
2527 2 2 0 1 1284 1348 1283
2528 2 2 0 1 1348 1349 1284
2529 2 2 0 1 1285 1349 1284
2530 2 2 0 1 1349 1350 1285
2531 2 2 0 1 1286 1350 1285
2532 2 2 0 1 1350 1351 1286
2533 2 2 0 1 1287 1351 1286
2534 2 2 0 1 1351 1352 1287
2535 2 2 0 1 1288 1352 1287
2536 2 2 0 1 1352 1353 1288
2537 2 2 0 1 1289 1353 1288
2538 2 2 0 1 1353 1354 1289
2539 2 2 0 1 1290 1354 1289
2540 2 2 0 1 1354 1355 1290
2541 2 2 0 1 1291 1355 1290
2542 2 2 0 1 1355 1356 1291
2543 2 2 0 1 1292 1356 1291
2544 2 2 0 1 1356 1357 1292
2545 2 2 0 1 1293 1357 1292
2546 2 2 0 1 1357 1358 1293
2547 2 2 0 1 1294 1358 1293
2548 2 2 0 1 1358 1359 1294
2549 2 2 0 1 1295 1359 1294
2550 2 2 0 1 1359 1360 1295
2551 2 2 0 1 1296 1360 1295
2552 2 2 0 1 1360 1361 1296
2553 2 2 0 1 1297 1361 1296
2554 2 2 0 1 1361 1362 1297
2555 2 2 0 1 1298 1362 1297
2556 2 2 0 1 1362 1363 1298
2557 2 2 0 1 1299 1363 1298
2558 2 2 0 1 1363 1364 1299
2559 2 2 0 1 1365 1364 1299
2560 2 2 0 1 1299 1365 1300
2561 2 2 0 1 1366 1367 1302
2562 2 2 0 1 1302 1366 1301
2563 2 2 0 1 1368 1366 1301
2564 2 2 0 1 1301 1368 1303
2565 2 2 0 1 1369 1368 1303
2566 2 2 0 1 1303 1369 1304
2567 2 2 0 1 1370 1369 1304
2568 2 2 0 1 1304 1370 1305
2569 2 2 0 1 1371 1370 1305
2570 2 2 0 1 1305 1371 1306
2571 2 2 0 1 1307 1371 1306
2572 2 2 0 1 1371 1372 1307
2573 2 2 0 1 1373 1372 1307
2574 2 2 0 1 1307 1373 1308
2575 2 2 0 1 1374 1373 1308
2576 2 2 0 1 1308 1374 1309
2577 2 2 0 1 1375 1374 1309
2578 2 2 0 1 1309 1375 1310
2579 2 2 0 1 1376 1375 1310
2580 2 2 0 1 1310 1376 1311
2581 2 2 0 1 1377 1376 1311
2582 2 2 0 1 1311 1377 1312
2583 2 2 0 1 1378 1377 1312
2584 2 2 0 1 1312 1378 1313
2585 2 2 0 1 1314 1378 1313
2586 2 2 0 1 1378 1379 1314
2587 2 2 0 1 1380 1379 1314
2588 2 2 0 1 1314 1380 1315
2589 2 2 0 1 1381 1380 1315
2590 2 2 0 1 1315 1381 1316
2591 2 2 0 1 1382 1381 1316
2592 2 2 0 1 1316 1382 1317
2593 2 2 0 1 1383 1382 1317
2594 2 2 0 1 1317 1383 1318
2595 2 2 0 1 1319 1383 1318
2596 2 2 0 1 1383 1384 1319
2597 2 2 0 1 1385 1384 1319
2598 2 2 0 1 1319 1385 1320
2599 2 2 0 1 1386 1385 1320
2600 2 2 0 1 1320 1386 1321
2601 2 2 0 1 1387 1386 1321
2602 2 2 0 1 1321 1387 1322
2603 2 2 0 1 1388 1387 1322
2604 2 2 0 1 1322 1388 1323
2605 2 2 0 1 1324 1388 1323
2606 2 2 0 1 1388 1389 1324
2607 2 2 0 1 1390 1389 1324
2608 2 2 0 1 1324 1390 1325
2609 2 2 0 1 1391 1390 1325
2610 2 2 0 1 1325 1391 1326
2611 2 2 0 1 1327 1391 1326
2612 2 2 0 1 1391 1392 1327
2613 2 2 0 1 1328 1392 1327
2614 2 2 0 1 1392 1393 1328
2615 2 2 0 1 1394 1393 1328
2616 2 2 0 1 1328 1394 1329
2617 2 2 0 1 1395 1394 1329
2618 2 2 0 1 1329 1395 1330
2619 2 2 0 1 1331 1395 1330
2620 2 2 0 1 1395 1396 1331
2621 2 2 0 1 1332 1396 1331
2622 2 2 0 1 1396 1397 1332
2623 2 2 0 1 1333 1397 1332
2624 2 2 0 1 1397 1398 1333
2625 2 2 0 1 1334 1398 1333
2626 2 2 0 1 1398 1399 1334
2627 2 2 0 1 1335 1399 1334
2628 2 2 0 1 1399 1400 1335
2629 2 2 0 1 1336 1400 1335
2630 2 2 0 1 1400 1401 1336
2631 2 2 0 1 1337 1401 1336
2632 2 2 0 1 1401 1402 1337
2633 2 2 0 1 1338 1402 1337
2634 2 2 0 1 1402 1403 1338
2635 2 2 0 1 1339 1403 1338
2636 2 2 0 1 1403 1404 1339
2637 2 2 0 1 1340 1404 1339
2638 2 2 0 1 1404 1405 1340
2639 2 2 0 1 1341 1405 1340
2640 2 2 0 1 1405 1406 1341
2641 2 2 0 1 1342 1406 1341
2642 2 2 0 1 1406 1407 1342
2643 2 2 0 1 1343 1407 1342
2644 2 2 0 1 1407 1408 1343
2645 2 2 0 1 1344 1408 1343
2646 2 2 0 1 1408 1409 1344
2647 2 2 0 1 1345 1409 1344
2648 2 2 0 1 1409 1410 1345
2649 2 2 0 1 1346 1410 1345
2650 2 2 0 1 1410 1411 1346
2651 2 2 0 1 1347 1411 1346
2652 2 2 0 1 1411 1412 1347
2653 2 2 0 1 1348 1412 1347
2654 2 2 0 1 1412 1413 1348
2655 2 2 0 1 1349 1413 1348
2656 2 2 0 1 1413 1414 1349
2657 2 2 0 1 1350 1414 1349
2658 2 2 0 1 1414 1415 1350
2659 2 2 0 1 1351 1415 1350
2660 2 2 0 1 1415 1416 1351
2661 2 2 0 1 1352 1416 1351
2662 2 2 0 1 1416 1417 1352
2663 2 2 0 1 1353 1417 1352
2664 2 2 0 1 1417 1418 1353
2665 2 2 0 1 1354 1418 1353
2666 2 2 0 1 1418 1419 1354
2667 2 2 0 1 1355 1419 1354
2668 2 2 0 1 1419 1420 1355
2669 2 2 0 1 1356 1420 1355
2670 2 2 0 1 1420 1421 1356
2671 2 2 0 1 1357 1421 1356
2672 2 2 0 1 1421 1422 1357
2673 2 2 0 1 1358 1422 1357
2674 2 2 0 1 1422 1423 1358
2675 2 2 0 1 1359 1423 1358
2676 2 2 0 1 1423 1424 1359
2677 2 2 0 1 1360 1424 1359
2678 2 2 0 1 1424 1425 1360
2679 2 2 0 1 1361 1425 1360
2680 2 2 0 1 1425 1426 1361
2681 2 2 0 1 1362 1426 1361
2682 2 2 0 1 1426 1427 1362
2683 2 2 0 1 1363 1427 1362
2684 2 2 0 1 1427 1428 1363
2685 2 2 0 1 1364 1428 1363
2686 2 2 0 1 1428 1429 1364
2687 2 2 0 1 1365 1429 1364
2688 2 2 0 1 1429 1430 1365
2689 2 2 0 1 1431 1432 1367
2690 2 2 0 1 1367 1431 1366
2691 2 2 0 1 1433 1431 1366
2692 2 2 0 1 1366 1433 1368
2693 2 2 0 1 1434 1433 1368
2694 2 2 0 1 1368 1434 1369
2695 2 2 0 1 1435 1434 1369
2696 2 2 0 1 1369 1435 1370
2697 2 2 0 1 1371 1435 1370
2698 2 2 0 1 1435 1436 1371
2699 2 2 0 1 1372 1436 1371
2700 2 2 0 1 1436 1437 1372
2701 2 2 0 1 1438 1437 1372
2702 2 2 0 1 1372 1438 1373
2703 2 2 0 1 1439 1438 1373
2704 2 2 0 1 1373 1439 1374
2705 2 2 0 1 1440 1439 1374
2706 2 2 0 1 1374 1440 1375
2707 2 2 0 1 1441 1440 1375
2708 2 2 0 1 1375 1441 1376
2709 2 2 0 1 1442 1441 1376
2710 2 2 0 1 1376 1442 1377
2711 2 2 0 1 1443 1442 1377
2712 2 2 0 1 1377 1443 1378
2713 2 2 0 1 1379 1443 1378
2714 2 2 0 1 1443 1444 1379
2715 2 2 0 1 1380 1444 1379
2716 2 2 0 1 1444 1445 1380
2717 2 2 0 1 1446 1445 1380
2718 2 2 0 1 1380 1446 1381
2719 2 2 0 1 1447 1446 1381
2720 2 2 0 1 1381 1447 1382
2721 2 2 0 1 1448 1447 1382
2722 2 2 0 1 1382 1448 1383
2723 2 2 0 1 1384 1448 1383
2724 2 2 0 1 1448 1449 1384
2725 2 2 0 1 1450 1449 1384
2726 2 2 0 1 1384 1450 1385
2727 2 2 0 1 1451 1450 1385
2728 2 2 0 1 1385 1451 1386
2729 2 2 0 1 1452 1451 1386
2730 2 2 0 1 1386 1452 1387
2731 2 2 0 1 1453 1452 1387
2732 2 2 0 1 1387 1453 1388
2733 2 2 0 1 1389 1453 1388
2734 2 2 0 1 1453 1454 1389
2735 2 2 0 1 1455 1454 1389
2736 2 2 0 1 1389 1455 1390
2737 2 2 0 1 1456 1455 1390
2738 2 2 0 1 1390 1456 1391
2739 2 2 0 1 1392 1456 1391
2740 2 2 0 1 1456 1457 1392
2741 2 2 0 1 1393 1457 1392
2742 2 2 0 1 1457 1458 1393
2743 2 2 0 1 1459 1458 1393
2744 2 2 0 1 1393 1459 1394
2745 2 2 0 1 1460 1459 1394
2746 2 2 0 1 1394 1460 1395
2747 2 2 0 1 1396 1460 1395
2748 2 2 0 1 1460 1461 1396
2749 2 2 0 1 1397 1461 1396
2750 2 2 0 1 1461 1462 1397
2751 2 2 0 1 1463 1462 1397
2752 2 2 0 1 1397 1463 1398
2753 2 2 0 1 1399 1463 1398
2754 2 2 0 1 1463 1464 1399
2755 2 2 0 1 1400 1464 1399
2756 2 2 0 1 1464 1465 1400
2757 2 2 0 1 1401 1465 1400
2758 2 2 0 1 1465 1466 1401
2759 2 2 0 1 1402 1466 1401
2760 2 2 0 1 1466 1467 1402
2761 2 2 0 1 1403 1467 1402
2762 2 2 0 1 1467 1468 1403
2763 2 2 0 1 1404 1468 1403
2764 2 2 0 1 1468 1469 1404
2765 2 2 0 1 1405 1469 1404
2766 2 2 0 1 1469 1470 1405
2767 2 2 0 1 1406 1470 1405
2768 2 2 0 1 1470 1471 1406
2769 2 2 0 1 1407 1471 1406
2770 2 2 0 1 1471 1472 1407
2771 2 2 0 1 1408 1472 1407
2772 2 2 0 1 1472 1473 1408
2773 2 2 0 1 1409 1473 1408
2774 2 2 0 1 1473 1474 1409
2775 2 2 0 1 1410 1474 1409
2776 2 2 0 1 1474 1475 1410
2777 2 2 0 1 1411 1475 1410
2778 2 2 0 1 1475 1476 1411
2779 2 2 0 1 1412 1476 1411
2780 2 2 0 1 1476 1477 1412
2781 2 2 0 1 1413 1477 1412
2782 2 2 0 1 1477 1478 1413
2783 2 2 0 1 1414 1478 1413
2784 2 2 0 1 1478 1479 1414
2785 2 2 0 1 1415 1479 1414
2786 2 2 0 1 1479 1480 1415
2787 2 2 0 1 1416 1480 1415
2788 2 2 0 1 1480 1481 1416
2789 2 2 0 1 1417 1481 1416
2790 2 2 0 1 1481 1482 1417
2791 2 2 0 1 1418 1482 1417
2792 2 2 0 1 1482 1483 1418
2793 2 2 0 1 1419 1483 1418
2794 2 2 0 1 1483 1484 1419
2795 2 2 0 1 1420 1484 1419
2796 2 2 0 1 1484 1485 1420
2797 2 2 0 1 1421 1485 1420
2798 2 2 0 1 1485 1486 1421
2799 2 2 0 1 1422 1486 1421
2800 2 2 0 1 1486 1487 1422
2801 2 2 0 1 1423 1487 1422
2802 2 2 0 1 1487 1488 1423
2803 2 2 0 1 1424 1488 1423
2804 2 2 0 1 1488 1489 1424
2805 2 2 0 1 1425 1489 1424
2806 2 2 0 1 1489 1490 1425
2807 2 2 0 1 1426 1490 1425
2808 2 2 0 1 1490 1491 1426
2809 2 2 0 1 1427 1491 1426
2810 2 2 0 1 1491 1492 1427
2811 2 2 0 1 1428 1492 1427
2812 2 2 0 1 1492 1493 1428
2813 2 2 0 1 1429 1493 1428
2814 2 2 0 1 1493 1494 1429
2815 2 2 0 1 1430 1494 1429
2816 2 2 0 1 1494 1495 1430
2817 2 2 0 1 1496 1497 1432
2818 2 2 0 1 1432 1496 1431
2819 2 2 0 1 1498 1496 1431
2820 2 2 0 1 1431 1498 1433
2821 2 2 0 1 1499 1498 1433
2822 2 2 0 1 1433 1499 1434
2823 2 2 0 1 1500 1499 1434
2824 2 2 0 1 1434 1500 1435
2825 2 2 0 1 1436 1500 1435
2826 2 2 0 1 1500 1501 1436
2827 2 2 0 1 1437 1501 1436
2828 2 2 0 1 1501 1502 1437
2829 2 2 0 1 1438 1502 1437
2830 2 2 0 1 1502 1503 1438
2831 2 2 0 1 1504 1503 1438
2832 2 2 0 1 1438 1504 1439
2833 2 2 0 1 1505 1504 1439
2834 2 2 0 1 1439 1505 1440
2835 2 2 0 1 1506 1505 1440
2836 2 2 0 1 1440 1506 1441
2837 2 2 0 1 1507 1506 1441
2838 2 2 0 1 1441 1507 1442
2839 2 2 0 1 1508 1507 1442
2840 2 2 0 1 1442 1508 1443
2841 2 2 0 1 1444 1508 1443
2842 2 2 0 1 1508 1509 1444
2843 2 2 0 1 1445 1509 1444
2844 2 2 0 1 1509 1510 1445
2845 2 2 0 1 1511 1510 1445
2846 2 2 0 1 1445 1511 1446
2847 2 2 0 1 1512 1511 1446
2848 2 2 0 1 1446 1512 1447
2849 2 2 0 1 1513 1512 1447
2850 2 2 0 1 1447 1513 1448
2851 2 2 0 1 1449 1513 1448
2852 2 2 0 1 1513 1514 1449
2853 2 2 0 1 1515 1514 1449
2854 2 2 0 1 1449 1515 1450
2855 2 2 0 1 1516 1515 1450
2856 2 2 0 1 1450 1516 1451
2857 2 2 0 1 1517 1516 1451
2858 2 2 0 1 1451 1517 1452
2859 2 2 0 1 1518 1517 1452
2860 2 2 0 1 1452 1518 1453
2861 2 2 0 1 1454 1518 1453
2862 2 2 0 1 1518 1519 1454
2863 2 2 0 1 1520 1519 1454
2864 2 2 0 1 1454 1520 1455
2865 2 2 0 1 1521 1520 1455
2866 2 2 0 1 1455 1521 1456
2867 2 2 0 1 1522 1521 1456
2868 2 2 0 1 1456 1522 1457
2869 2 2 0 1 1458 1522 1457
2870 2 2 0 1 1522 1523 1458
2871 2 2 0 1 1524 1523 1458
2872 2 2 0 1 1458 1524 1459
2873 2 2 0 1 1525 1524 1459
2874 2 2 0 1 1459 1525 1460
2875 2 2 0 1 1461 1525 1460
2876 2 2 0 1 1525 1526 1461
2877 2 2 0 1 1527 1526 1461
2878 2 2 0 1 1461 1527 1462
2879 2 2 0 1 1528 1527 1462
2880 2 2 0 1 1462 1528 1463
2881 2 2 0 1 1529 1528 1463
2882 2 2 0 1 1463 1529 1464
2883 2 2 0 1 1465 1529 1464
2884 2 2 0 1 1529 1530 1465
2885 2 2 0 1 1466 1530 1465
2886 2 2 0 1 1530 1531 1466
2887 2 2 0 1 1532 1531 1466
2888 2 2 0 1 1466 1532 1467
2889 2 2 0 1 1468 1532 1467
2890 2 2 0 1 1532 1533 1468
2891 2 2 0 1 1469 1533 1468
2892 2 2 0 1 1533 1534 1469
2893 2 2 0 1 1470 1534 1469
2894 2 2 0 1 1534 1535 1470
2895 2 2 0 1 1471 1535 1470
2896 2 2 0 1 1535 1536 1471
2897 2 2 0 1 1472 1536 1471
2898 2 2 0 1 1536 1537 1472
2899 2 2 0 1 1473 1537 1472
2900 2 2 0 1 1537 1538 1473
2901 2 2 0 1 1539 1538 1473
2902 2 2 0 1 1473 1539 1474
2903 2 2 0 1 1540 1539 1474
2904 2 2 0 1 1474 1540 1475
2905 2 2 0 1 1476 1540 1475
2906 2 2 0 1 1540 1541 1476
2907 2 2 0 1 1477 1541 1476
2908 2 2 0 1 1541 1542 1477
2909 2 2 0 1 1478 1542 1477
2910 2 2 0 1 1542 1543 1478
2911 2 2 0 1 1479 1543 1478
2912 2 2 0 1 1543 1544 1479
2913 2 2 0 1 1480 1544 1479
2914 2 2 0 1 1544 1545 1480
2915 2 2 0 1 1481 1545 1480
2916 2 2 0 1 1545 1546 1481
2917 2 2 0 1 1482 1546 1481
2918 2 2 0 1 1546 1547 1482
2919 2 2 0 1 1483 1547 1482
2920 2 2 0 1 1547 1548 1483
2921 2 2 0 1 1484 1548 1483
2922 2 2 0 1 1548 1549 1484
2923 2 2 0 1 1485 1549 1484
2924 2 2 0 1 1549 1550 1485
2925 2 2 0 1 1486 1550 1485
2926 2 2 0 1 1550 1551 1486
2927 2 2 0 1 1487 1551 1486
2928 2 2 0 1 1551 1552 1487
2929 2 2 0 1 1488 1552 1487
2930 2 2 0 1 1552 1553 1488
2931 2 2 0 1 1489 1553 1488
2932 2 2 0 1 1553 1554 1489
2933 2 2 0 1 1490 1554 1489
2934 2 2 0 1 1554 1555 1490
2935 2 2 0 1 1491 1555 1490
2936 2 2 0 1 1555 1556 1491
2937 2 2 0 1 1492 1556 1491
2938 2 2 0 1 1556 1557 1492
2939 2 2 0 1 1493 1557 1492
2940 2 2 0 1 1557 1558 1493
2941 2 2 0 1 1494 1558 1493
2942 2 2 0 1 1558 1559 1494
2943 2 2 0 1 1495 1559 1494
2944 2 2 0 1 1559 1560 1495
2945 2 2 0 1 1561 1562 1497
2946 2 2 0 1 1497 1561 1496
2947 2 2 0 1 1563 1561 1496
2948 2 2 0 1 1496 1563 1498
2949 2 2 0 1 1564 1563 1498
2950 2 2 0 1 1498 1564 1499
2951 2 2 0 1 1565 1564 1499
2952 2 2 0 1 1499 1565 1500
2953 2 2 0 1 1501 1565 1500
2954 2 2 0 1 1565 1566 1501
2955 2 2 0 1 1502 1566 1501
2956 2 2 0 1 1566 1567 1502
2957 2 2 0 1 1503 1567 1502
2958 2 2 0 1 1567 1568 1503
2959 2 2 0 1 1569 1568 1503
2960 2 2 0 1 1503 1569 1504
2961 2 2 0 1 1570 1569 1504
2962 2 2 0 1 1504 1570 1505
2963 2 2 0 1 1571 1570 1505
2964 2 2 0 1 1505 1571 1506
2965 2 2 0 1 1572 1571 1506
2966 2 2 0 1 1506 1572 1507
2967 2 2 0 1 1573 1572 1507
2968 2 2 0 1 1507 1573 1508
2969 2 2 0 1 1509 1573 1508
2970 2 2 0 1 1573 1574 1509
2971 2 2 0 1 1510 1574 1509
2972 2 2 0 1 1574 1575 1510
2973 2 2 0 1 1576 1575 1510
2974 2 2 0 1 1510 1576 1511
2975 2 2 0 1 1577 1576 1511
2976 2 2 0 1 1511 1577 1512
2977 2 2 0 1 1578 1577 1512
2978 2 2 0 1 1512 1578 1513
2979 2 2 0 1 1514 1578 1513
2980 2 2 0 1 1578 1579 1514
2981 2 2 0 1 1580 1579 1514
2982 2 2 0 1 1514 1580 1515
2983 2 2 0 1 1581 1580 1515
2984 2 2 0 1 1515 1581 1516
2985 2 2 0 1 1582 1581 1516
2986 2 2 0 1 1516 1582 1517
2987 2 2 0 1 1583 1582 1517
2988 2 2 0 1 1517 1583 1518
2989 2 2 0 1 1519 1583 1518
2990 2 2 0 1 1583 1584 1519
2991 2 2 0 1 1585 1584 1519
2992 2 2 0 1 1519 1585 1520
2993 2 2 0 1 1586 1585 1520
2994 2 2 0 1 1520 1586 1521
2995 2 2 0 1 1587 1586 1521
2996 2 2 0 1 1521 1587 1522
2997 2 2 0 1 1523 1587 1522
2998 2 2 0 1 1587 1588 1523
2999 2 2 0 1 1589 1588 1523
3000 2 2 0 1 1523 1589 1524
3001 2 2 0 1 1590 1589 1524
3002 2 2 0 1 1524 1590 1525
3003 2 2 0 1 1526 1590 1525
3004 2 2 0 1 1590 1591 1526
3005 2 2 0 1 1592 1591 1526
3006 2 2 0 1 1526 1592 1527
3007 2 2 0 1 1593 1592 1527
3008 2 2 0 1 1527 1593 1528
3009 2 2 0 1 1594 1593 1528
3010 2 2 0 1 1528 1594 1529
3011 2 2 0 1 1530 1594 1529
3012 2 2 0 1 1594 1595 1530
3013 2 2 0 1 1596 1595 1530
3014 2 2 0 1 1530 1596 1531
3015 2 2 0 1 1597 1596 1531
3016 2 2 0 1 1531 1597 1532
3017 2 2 0 1 1533 1597 1532
3018 2 2 0 1 1597 1598 1533
3019 2 2 0 1 1534 1598 1533
3020 2 2 0 1 1598 1599 1534
3021 2 2 0 1 1535 1599 1534
3022 2 2 0 1 1599 1600 1535
3023 2 2 0 1 1536 1600 1535
3024 2 2 0 1 1600 1601 1536
3025 2 2 0 1 1537 1601 1536
3026 2 2 0 1 1601 1602 1537
3027 2 2 0 1 1603 1602 1537
3028 2 2 0 1 1537 1603 1538
3029 2 2 0 1 1604 1603 1538
3030 2 2 0 1 1538 1604 1539
3031 2 2 0 1 1605 1604 1539
3032 2 2 0 1 1539 1605 1540
3033 2 2 0 1 1606 1605 1540
3034 2 2 0 1 1540 1606 1541
3035 2 2 0 1 1607 1606 1541
3036 2 2 0 1 1541 1607 1542
3037 2 2 0 1 1608 1607 1542
3038 2 2 0 1 1542 1608 1543
3039 2 2 0 1 1544 1608 1543
3040 2 2 0 1 1608 1609 1544
3041 2 2 0 1 1545 1609 1544
3042 2 2 0 1 1609 1610 1545
3043 2 2 0 1 1546 1610 1545
3044 2 2 0 1 1610 1611 1546
3045 2 2 0 1 1547 1611 1546
3046 2 2 0 1 1611 1612 1547
3047 2 2 0 1 1548 1612 1547
3048 2 2 0 1 1612 1613 1548
3049 2 2 0 1 1549 1613 1548
3050 2 2 0 1 1613 1614 1549
3051 2 2 0 1 1550 1614 1549
3052 2 2 0 1 1614 1615 1550
3053 2 2 0 1 1551 1615 1550
3054 2 2 0 1 1615 1616 1551
3055 2 2 0 1 1552 1616 1551
3056 2 2 0 1 1616 1617 1552
3057 2 2 0 1 1553 1617 1552
3058 2 2 0 1 1617 1618 1553
3059 2 2 0 1 1554 1618 1553
3060 2 2 0 1 1618 1619 1554
3061 2 2 0 1 1555 1619 1554
3062 2 2 0 1 1619 1620 1555
3063 2 2 0 1 1556 1620 1555
3064 2 2 0 1 1620 1621 1556
3065 2 2 0 1 1557 1621 1556
3066 2 2 0 1 1621 1622 1557
3067 2 2 0 1 1558 1622 1557
3068 2 2 0 1 1622 1623 1558
3069 2 2 0 1 1559 1623 1558
3070 2 2 0 1 1623 1624 1559
3071 2 2 0 1 1560 1624 1559
3072 2 2 0 1 1624 1625 1560
3073 2 2 0 1 1626 1627 1562
3074 2 2 0 1 1562 1626 1561
3075 2 2 0 1 1628 1626 1561
3076 2 2 0 1 1561 1628 1563
3077 2 2 0 1 1629 1628 1563
3078 2 2 0 1 1563 1629 1564
3079 2 2 0 1 1565 1629 1564
3080 2 2 0 1 1629 1630 1565
3081 2 2 0 1 1566 1630 1565
3082 2 2 0 1 1630 1631 1566
3083 2 2 0 1 1567 1631 1566
3084 2 2 0 1 1631 1632 1567
3085 2 2 0 1 1568 1632 1567
3086 2 2 0 1 1632 1633 1568
3087 2 2 0 1 1634 1633 1568
3088 2 2 0 1 1568 1634 1569
3089 2 2 0 1 1635 1634 1569
3090 2 2 0 1 1569 1635 1570
3091 2 2 0 1 1636 1635 1570
3092 2 2 0 1 1570 1636 1571
3093 2 2 0 1 1637 1636 1571
3094 2 2 0 1 1571 1637 1572
3095 2 2 0 1 1638 1637 1572
3096 2 2 0 1 1572 1638 1573
3097 2 2 0 1 1574 1638 1573
3098 2 2 0 1 1638 1639 1574
3099 2 2 0 1 1575 1639 1574
3100 2 2 0 1 1639 1640 1575
3101 2 2 0 1 1641 1640 1575
3102 2 2 0 1 1575 1641 1576
3103 2 2 0 1 1642 1641 1576
3104 2 2 0 1 1576 1642 1577
3105 2 2 0 1 1643 1642 1577
3106 2 2 0 1 1577 1643 1578
3107 2 2 0 1 1579 1643 1578
3108 2 2 0 1 1643 1644 1579
3109 2 2 0 1 1645 1644 1579
3110 2 2 0 1 1579 1645 1580
3111 2 2 0 1 1646 1645 1580
3112 2 2 0 1 1580 1646 1581
3113 2 2 0 1 1647 1646 1581
3114 2 2 0 1 1581 1647 1582
3115 2 2 0 1 1648 1647 1582
3116 2 2 0 1 1582 1648 1583
3117 2 2 0 1 1584 1648 1583
3118 2 2 0 1 1648 1649 1584
3119 2 2 0 1 1650 1649 1584
3120 2 2 0 1 1584 1650 1585
3121 2 2 0 1 1651 1650 1585
3122 2 2 0 1 1585 1651 1586
3123 2 2 0 1 1652 1651 1586
3124 2 2 0 1 1586 1652 1587
3125 2 2 0 1 1653 1652 1587
3126 2 2 0 1 1587 1653 1588
3127 2 2 0 1 1654 1653 1588
3128 2 2 0 1 1588 1654 1589
3129 2 2 0 1 1655 1654 1589
3130 2 2 0 1 1589 1655 1590
3131 2 2 0 1 1591 1655 1590
3132 2 2 0 1 1655 1656 1591
3133 2 2 0 1 1657 1656 1591
3134 2 2 0 1 1591 1657 1592
3135 2 2 0 1 1658 1657 1592
3136 2 2 0 1 1592 1658 1593
3137 2 2 0 1 1659 1658 1593
3138 2 2 0 1 1593 1659 1594
3139 2 2 0 1 1660 1659 1594
3140 2 2 0 1 1594 1660 1595
3141 2 2 0 1 1661 1660 1595
3142 2 2 0 1 1595 1661 1596
3143 2 2 0 1 1662 1661 1596
3144 2 2 0 1 1596 1662 1597
3145 2 2 0 1 1663 1662 1597
3146 2 2 0 1 1597 1663 1598
3147 2 2 0 1 1664 1663 1598
3148 2 2 0 1 1598 1664 1599
3149 2 2 0 1 1665 1664 1599
3150 2 2 0 1 1599 1665 1600
3151 2 2 0 1 1666 1665 1600
3152 2 2 0 1 1600 1666 1601
3153 2 2 0 1 1667 1666 1601
3154 2 2 0 1 1601 1667 1602
3155 2 2 0 1 1668 1667 1602
3156 2 2 0 1 1602 1668 1603
3157 2 2 0 1 1669 1668 1603
3158 2 2 0 1 1603 1669 1604
3159 2 2 0 1 1670 1669 1604
3160 2 2 0 1 1604 1670 1605
3161 2 2 0 1 1671 1670 1605
3162 2 2 0 1 1605 1671 1606
3163 2 2 0 1 1672 1671 1606
3164 2 2 0 1 1606 1672 1607
3165 2 2 0 1 1673 1672 1607
3166 2 2 0 1 1607 1673 1608
3167 2 2 0 1 1674 1673 1608
3168 2 2 0 1 1608 1674 1609
3169 2 2 0 1 1675 1674 1609
3170 2 2 0 1 1609 1675 1610
3171 2 2 0 1 1676 1675 1610
3172 2 2 0 1 1610 1676 1611
3173 2 2 0 1 1677 1676 1611
3174 2 2 0 1 1611 1677 1612
3175 2 2 0 1 1678 1677 1612
3176 2 2 0 1 1612 1678 1613
3177 2 2 0 1 1614 1678 1613
3178 2 2 0 1 1678 1679 1614
3179 2 2 0 1 1615 1679 1614
3180 2 2 0 1 1679 1680 1615
3181 2 2 0 1 1616 1680 1615
3182 2 2 0 1 1680 1681 1616
3183 2 2 0 1 1617 1681 1616
3184 2 2 0 1 1681 1682 1617
3185 2 2 0 1 1618 1682 1617
3186 2 2 0 1 1682 1683 1618
3187 2 2 0 1 1619 1683 1618
3188 2 2 0 1 1683 1684 1619
3189 2 2 0 1 1620 1684 1619
3190 2 2 0 1 1684 1685 1620
3191 2 2 0 1 1621 1685 1620
3192 2 2 0 1 1685 1686 1621
3193 2 2 0 1 1622 1686 1621
3194 2 2 0 1 1686 1687 1622
3195 2 2 0 1 1623 1687 1622
3196 2 2 0 1 1687 1688 1623
3197 2 2 0 1 1624 1688 1623
3198 2 2 0 1 1688 1689 1624
3199 2 2 0 1 1625 1689 1624
3200 2 2 0 1 1689 1690 1625
3201 2 2 0 1 1691 1692 1627
3202 2 2 0 1 1627 1691 1626
3203 2 2 0 1 1693 1691 1626
3204 2 2 0 1 1626 1693 1628
3205 2 2 0 1 1694 1693 1628
3206 2 2 0 1 1628 1694 1629
3207 2 2 0 1 1630 1694 1629
3208 2 2 0 1 1694 1695 1630
3209 2 2 0 1 1631 1695 1630
3210 2 2 0 1 1695 1696 1631
3211 2 2 0 1 1632 1696 1631
3212 2 2 0 1 1696 1697 1632
3213 2 2 0 1 1633 1697 1632
3214 2 2 0 1 1697 1698 1633
3215 2 2 0 1 1634 1698 1633
3216 2 2 0 1 1698 1699 1634
3217 2 2 0 1 1635 1699 1634
3218 2 2 0 1 1699 1700 1635
3219 2 2 0 1 1701 1700 1635
3220 2 2 0 1 1635 1701 1636
3221 2 2 0 1 1702 1701 1636
3222 2 2 0 1 1636 1702 1637
3223 2 2 0 1 1638 1702 1637
3224 2 2 0 1 1702 1703 1638
3225 2 2 0 1 1639 1703 1638
3226 2 2 0 1 1703 1704 1639
3227 2 2 0 1 1640 1704 1639
3228 2 2 0 1 1704 1705 1640
3229 2 2 0 1 1641 1705 1640
3230 2 2 0 1 1705 1706 1641
3231 2 2 0 1 1642 1706 1641
3232 2 2 0 1 1706 1707 1642
3233 2 2 0 1 1708 1707 1642
3234 2 2 0 1 1642 1708 1643
3235 2 2 0 1 1644 1708 1643
3236 2 2 0 1 1708 1709 1644
3237 2 2 0 1 1645 1709 1644
3238 2 2 0 1 1709 1710 1645
3239 2 2 0 1 1646 1710 1645
3240 2 2 0 1 1710 1711 1646
3241 2 2 0 1 1647 1711 1646
3242 2 2 0 1 1711 1712 1647
3243 2 2 0 1 1648 1712 1647
3244 2 2 0 1 1712 1713 1648
3245 2 2 0 1 1649 1713 1648
3246 2 2 0 1 1713 1714 1649
3247 2 2 0 1 1650 1714 1649
3248 2 2 0 1 1714 1715 1650
3249 2 2 0 1 1716 1715 1650
3250 2 2 0 1 1650 1716 1651
3251 2 2 0 1 1652 1716 1651
3252 2 2 0 1 1716 1717 1652
3253 2 2 0 1 1653 1717 1652
3254 2 2 0 1 1717 1718 1653
3255 2 2 0 1 1654 1718 1653
3256 2 2 0 1 1718 1719 1654
3257 2 2 0 1 1655 1719 1654
3258 2 2 0 1 1719 1720 1655
3259 2 2 0 1 1656 1720 1655
3260 2 2 0 1 1720 1721 1656
3261 2 2 0 1 1657 1721 1656
3262 2 2 0 1 1721 1722 1657
3263 2 2 0 1 1658 1722 1657
3264 2 2 0 1 1722 1723 1658
3265 2 2 0 1 1659 1723 1658
3266 2 2 0 1 1723 1724 1659
3267 2 2 0 1 1660 1724 1659
3268 2 2 0 1 1724 1725 1660
3269 2 2 0 1 1661 1725 1660
3270 2 2 0 1 1725 1726 1661
3271 2 2 0 1 1662 1726 1661
3272 2 2 0 1 1726 1727 1662
3273 2 2 0 1 1663 1727 1662
3274 2 2 0 1 1727 1728 1663
3275 2 2 0 1 1664 1728 1663
3276 2 2 0 1 1728 1729 1664
3277 2 2 0 1 1665 1729 1664
3278 2 2 0 1 1729 1730 1665
3279 2 2 0 1 1666 1730 1665
3280 2 2 0 1 1730 1731 1666
3281 2 2 0 1 1667 1731 1666
3282 2 2 0 1 1731 1732 1667
3283 2 2 0 1 1668 1732 1667
3284 2 2 0 1 1732 1733 1668
3285 2 2 0 1 1734 1733 1668
3286 2 2 0 1 1668 1734 1669
3287 2 2 0 1 1670 1734 1669
3288 2 2 0 1 1734 1735 1670
3289 2 2 0 1 1671 1735 1670
3290 2 2 0 1 1735 1736 1671
3291 2 2 0 1 1737 1736 1671
3292 2 2 0 1 1671 1737 1672
3293 2 2 0 1 1738 1737 1672
3294 2 2 0 1 1672 1738 1673
3295 2 2 0 1 1739 1738 1673
3296 2 2 0 1 1673 1739 1674
3297 2 2 0 1 1740 1739 1674
3298 2 2 0 1 1674 1740 1675
3299 2 2 0 1 1741 1740 1675
3300 2 2 0 1 1675 1741 1676
3301 2 2 0 1 1742 1741 1676
3302 2 2 0 1 1676 1742 1677
3303 2 2 0 1 1743 1742 1677
3304 2 2 0 1 1677 1743 1678
3305 2 2 0 1 1744 1743 1678
3306 2 2 0 1 1678 1744 1679
3307 2 2 0 1 1745 1744 1679
3308 2 2 0 1 1679 1745 1680
3309 2 2 0 1 1746 1745 1680
3310 2 2 0 1 1680 1746 1681
3311 2 2 0 1 1747 1746 1681
3312 2 2 0 1 1681 1747 1682
3313 2 2 0 1 1748 1747 1682
3314 2 2 0 1 1682 1748 1683
3315 2 2 0 1 1684 1748 1683
3316 2 2 0 1 1748 1749 1684
3317 2 2 0 1 1685 1749 1684
3318 2 2 0 1 1749 1750 1685
3319 2 2 0 1 1686 1750 1685
3320 2 2 0 1 1750 1751 1686
3321 2 2 0 1 1687 1751 1686
3322 2 2 0 1 1751 1752 1687
3323 2 2 0 1 1688 1752 1687
3324 2 2 0 1 1752 1753 1688
3325 2 2 0 1 1754 1753 1688
3326 2 2 0 1 1688 1754 1689
3327 2 2 0 1 1755 1754 1689
3328 2 2 0 1 1689 1755 1690
3329 2 2 0 1 1756 1757 1692
3330 2 2 0 1 1692 1756 1691
3331 2 2 0 1 1758 1756 1691
3332 2 2 0 1 1691 1758 1693
3333 2 2 0 1 1759 1758 1693
3334 2 2 0 1 1693 1759 1694
3335 2 2 0 1 1695 1759 1694
3336 2 2 0 1 1759 1760 1695
3337 2 2 0 1 1696 1760 1695
3338 2 2 0 1 1760 1761 1696
3339 2 2 0 1 1697 1761 1696
3340 2 2 0 1 1761 1762 1697
3341 2 2 0 1 1698 1762 1697
3342 2 2 0 1 1762 1763 1698
3343 2 2 0 1 1699 1763 1698
3344 2 2 0 1 1763 1764 1699
3345 2 2 0 1 1700 1764 1699
3346 2 2 0 1 1764 1765 1700
3347 2 2 0 1 1766 1765 1700
3348 2 2 0 1 1700 1766 1701
3349 2 2 0 1 1767 1766 1701
3350 2 2 0 1 1701 1767 1702
3351 2 2 0 1 1703 1767 1702
3352 2 2 0 1 1767 1768 1703
3353 2 2 0 1 1704 1768 1703
3354 2 2 0 1 1768 1769 1704
3355 2 2 0 1 1705 1769 1704
3356 2 2 0 1 1769 1770 1705
3357 2 2 0 1 1706 1770 1705
3358 2 2 0 1 1770 1771 1706
3359 2 2 0 1 1707 1771 1706
3360 2 2 0 1 1771 1772 1707
3361 2 2 0 1 1773 1772 1707
3362 2 2 0 1 1707 1773 1708
3363 2 2 0 1 1709 1773 1708
3364 2 2 0 1 1773 1774 1709
3365 2 2 0 1 1710 1774 1709
3366 2 2 0 1 1774 1775 1710
3367 2 2 0 1 1711 1775 1710
3368 2 2 0 1 1775 1776 1711
3369 2 2 0 1 1777 1776 1711
3370 2 2 0 1 1711 1777 1712
3371 2 2 0 1 1713 1777 1712
3372 2 2 0 1 1777 1778 1713
3373 2 2 0 1 1714 1778 1713
3374 2 2 0 1 1778 1779 1714
3375 2 2 0 1 1715 1779 1714
3376 2 2 0 1 1779 1780 1715
3377 2 2 0 1 1781 1780 1715
3378 2 2 0 1 1715 1781 1716
3379 2 2 0 1 1717 1781 1716
3380 2 2 0 1 1781 1782 1717
3381 2 2 0 1 1718 1782 1717
3382 2 2 0 1 1782 1783 1718
3383 2 2 0 1 1784 1783 1718
3384 2 2 0 1 1718 1784 1719
3385 2 2 0 1 1785 1784 1719
3386 2 2 0 1 1719 1785 1720
3387 2 2 0 1 1721 1785 1720
3388 2 2 0 1 1785 1786 1721
3389 2 2 0 1 1722 1786 1721
3390 2 2 0 1 1786 1787 1722
3391 2 2 0 1 1788 1787 1722
3392 2 2 0 1 1722 1788 1723
3393 2 2 0 1 1789 1788 1723
3394 2 2 0 1 1723 1789 1724
3395 2 2 0 1 1725 1789 1724
3396 2 2 0 1 1789 1790 1725
3397 2 2 0 1 1791 1790 1725
3398 2 2 0 1 1725 1791 1726
3399 2 2 0 1 1792 1791 1726
3400 2 2 0 1 1726 1792 1727
3401 2 2 0 1 1728 1792 1727
3402 2 2 0 1 1792 1793 1728
3403 2 2 0 1 1794 1793 1728
3404 2 2 0 1 1728 1794 1729
3405 2 2 0 1 1795 1794 1729
3406 2 2 0 1 1729 1795 1730
3407 2 2 0 1 1796 1795 1730
3408 2 2 0 1 1730 1796 1731
3409 2 2 0 1 1797 1796 1731
3410 2 2 0 1 1731 1797 1732
3411 2 2 0 1 1798 1797 1732
3412 2 2 0 1 1732 1798 1733
3413 2 2 0 1 1799 1798 1733
3414 2 2 0 1 1733 1799 1734
3415 2 2 0 1 1800 1799 1734
3416 2 2 0 1 1734 1800 1735
3417 2 2 0 1 1801 1800 1735
3418 2 2 0 1 1735 1801 1736
3419 2 2 0 1 1802 1801 1736
3420 2 2 0 1 1736 1802 1737
3421 2 2 0 1 1803 1802 1737
3422 2 2 0 1 1737 1803 1738
3423 2 2 0 1 1804 1803 1738
3424 2 2 0 1 1738 1804 1739
3425 2 2 0 1 1805 1804 1739
3426 2 2 0 1 1739 1805 1740
3427 2 2 0 1 1806 1805 1740
3428 2 2 0 1 1740 1806 1741
3429 2 2 0 1 1807 1806 1741
3430 2 2 0 1 1741 1807 1742
3431 2 2 0 1 1808 1807 1742
3432 2 2 0 1 1742 1808 1743
3433 2 2 0 1 1809 1808 1743
3434 2 2 0 1 1743 1809 1744
3435 2 2 0 1 1745 1809 1744
3436 2 2 0 1 1809 1810 1745
3437 2 2 0 1 1746 1810 1745
3438 2 2 0 1 1810 1811 1746
3439 2 2 0 1 1747 1811 1746
3440 2 2 0 1 1811 1812 1747
3441 2 2 0 1 1748 1812 1747
3442 2 2 0 1 1812 1813 1748
3443 2 2 0 1 1749 1813 1748
3444 2 2 0 1 1813 1814 1749
3445 2 2 0 1 1750 1814 1749
3446 2 2 0 1 1814 1815 1750
3447 2 2 0 1 1751 1815 1750
3448 2 2 0 1 1815 1816 1751
3449 2 2 0 1 1752 1816 1751
3450 2 2 0 1 1816 1817 1752
3451 2 2 0 1 1753 1817 1752
3452 2 2 0 1 1817 1818 1753
3453 2 2 0 1 1754 1818 1753
3454 2 2 0 1 1818 1819 1754
3455 2 2 0 1 1820 1819 1754
3456 2 2 0 1 1754 1820 1755
3457 2 2 0 1 1821 1822 1757
3458 2 2 0 1 1757 1821 1756
3459 2 2 0 1 1823 1821 1756
3460 2 2 0 1 1756 1823 1758
3461 2 2 0 1 1824 1823 1758
3462 2 2 0 1 1758 1824 1759
3463 2 2 0 1 1760 1824 1759
3464 2 2 0 1 1824 1825 1760
3465 2 2 0 1 1761 1825 1760
3466 2 2 0 1 1825 1826 1761
3467 2 2 0 1 1762 1826 1761
3468 2 2 0 1 1826 1827 1762
3469 2 2 0 1 1763 1827 1762
3470 2 2 0 1 1827 1828 1763
3471 2 2 0 1 1764 1828 1763
3472 2 2 0 1 1828 1829 1764
3473 2 2 0 1 1765 1829 1764
3474 2 2 0 1 1829 1830 1765
3475 2 2 0 1 1766 1830 1765
3476 2 2 0 1 1830 1831 1766
3477 2 2 0 1 1767 1831 1766
3478 2 2 0 1 1831 1832 1767
3479 2 2 0 1 1768 1832 1767
3480 2 2 0 1 1832 1833 1768
3481 2 2 0 1 1769 1833 1768
3482 2 2 0 1 1833 1834 1769
3483 2 2 0 1 1770 1834 1769
3484 2 2 0 1 1834 1835 1770
3485 2 2 0 1 1771 1835 1770
3486 2 2 0 1 1835 1836 1771
3487 2 2 0 1 1772 1836 1771
3488 2 2 0 1 1836 1837 1772
3489 2 2 0 1 1838 1837 1772
3490 2 2 0 1 1772 1838 1773
3491 2 2 0 1 1774 1838 1773
3492 2 2 0 1 1838 1839 1774
3493 2 2 0 1 1775 1839 1774
3494 2 2 0 1 1839 1840 1775
3495 2 2 0 1 1776 1840 1775
3496 2 2 0 1 1840 1841 1776
3497 2 2 0 1 1777 1841 1776
3498 2 2 0 1 1841 1842 1777
3499 2 2 0 1 1778 1842 1777
3500 2 2 0 1 1842 1843 1778
3501 2 2 0 1 1779 1843 1778
3502 2 2 0 1 1843 1844 1779
3503 2 2 0 1 1780 1844 1779
3504 2 2 0 1 1844 1845 1780
3505 2 2 0 1 1846 1845 1780
3506 2 2 0 1 1780 1846 1781
3507 2 2 0 1 1782 1846 1781
3508 2 2 0 1 1846 1847 1782
3509 2 2 0 1 1783 1847 1782
3510 2 2 0 1 1847 1848 1783
3511 2 2 0 1 1849 1848 1783
3512 2 2 0 1 1783 1849 1784
3513 2 2 0 1 1850 1849 1784
3514 2 2 0 1 1784 1850 1785
3515 2 2 0 1 1786 1850 1785
3516 2 2 0 1 1850 1851 1786
3517 2 2 0 1 1852 1851 1786
3518 2 2 0 1 1786 1852 1787
3519 2 2 0 1 1853 1852 1787
3520 2 2 0 1 1787 1853 1788
3521 2 2 0 1 1854 1853 1788
3522 2 2 0 1 1788 1854 1789
3523 2 2 0 1 1855 1854 1789
3524 2 2 0 1 1789 1855 1790
3525 2 2 0 1 1856 1855 1790
3526 2 2 0 1 1790 1856 1791
3527 2 2 0 1 1857 1856 1791
3528 2 2 0 1 1791 1857 1792
3529 2 2 0 1 1858 1857 1792
3530 2 2 0 1 1792 1858 1793
3531 2 2 0 1 1859 1858 1793
3532 2 2 0 1 1793 1859 1794
3533 2 2 0 1 1860 1859 1794
3534 2 2 0 1 1794 1860 1795
3535 2 2 0 1 1861 1860 1795
3536 2 2 0 1 1795 1861 1796
3537 2 2 0 1 1862 1861 1796
3538 2 2 0 1 1796 1862 1797
3539 2 2 0 1 1863 1862 1797
3540 2 2 0 1 1797 1863 1798
3541 2 2 0 1 1864 1863 1798
3542 2 2 0 1 1798 1864 1799
3543 2 2 0 1 1865 1864 1799
3544 2 2 0 1 1799 1865 1800
3545 2 2 0 1 1866 1865 1800
3546 2 2 0 1 1800 1866 1801
3547 2 2 0 1 1867 1866 1801
3548 2 2 0 1 1801 1867 1802
3549 2 2 0 1 1868 1867 1802
3550 2 2 0 1 1802 1868 1803
3551 2 2 0 1 1869 1868 1803
3552 2 2 0 1 1803 1869 1804
3553 2 2 0 1 1870 1869 1804
3554 2 2 0 1 1804 1870 1805
3555 2 2 0 1 1871 1870 1805
3556 2 2 0 1 1805 1871 1806
3557 2 2 0 1 1872 1871 1806
3558 2 2 0 1 1806 1872 1807
3559 2 2 0 1 1873 1872 1807
3560 2 2 0 1 1807 1873 1808
3561 2 2 0 1 1874 1873 1808
3562 2 2 0 1 1808 1874 1809
3563 2 2 0 1 1875 1874 1809
3564 2 2 0 1 1809 1875 1810
3565 2 2 0 1 1876 1875 1810
3566 2 2 0 1 1810 1876 1811
3567 2 2 0 1 1877 1876 1811
3568 2 2 0 1 1811 1877 1812
3569 2 2 0 1 1878 1877 1812
3570 2 2 0 1 1812 1878 1813
3571 2 2 0 1 1879 1878 1813
3572 2 2 0 1 1813 1879 1814
3573 2 2 0 1 1880 1879 1814
3574 2 2 0 1 1814 1880 1815
3575 2 2 0 1 1881 1880 1815
3576 2 2 0 1 1815 1881 1816
3577 2 2 0 1 1817 1881 1816
3578 2 2 0 1 1881 1882 1817
3579 2 2 0 1 1883 1882 1817
3580 2 2 0 1 1817 1883 1818
3581 2 2 0 1 1884 1883 1818
3582 2 2 0 1 1818 1884 1819
3583 2 2 0 1 1885 1884 1819
3584 2 2 0 1 1819 1885 1820
3585 2 2 0 1 1886 1887 1822
3586 2 2 0 1 1822 1886 1821
3587 2 2 0 1 1888 1886 1821
3588 2 2 0 1 1821 1888 1823
3589 2 2 0 1 1889 1888 1823
3590 2 2 0 1 1823 1889 1824
3591 2 2 0 1 1825 1889 1824
3592 2 2 0 1 1889 1890 1825
3593 2 2 0 1 1826 1890 1825
3594 2 2 0 1 1890 1891 1826
3595 2 2 0 1 1827 1891 1826
3596 2 2 0 1 1891 1892 1827
3597 2 2 0 1 1828 1892 1827
3598 2 2 0 1 1892 1893 1828
3599 2 2 0 1 1829 1893 1828
3600 2 2 0 1 1893 1894 1829
3601 2 2 0 1 1830 1894 1829
3602 2 2 0 1 1894 1895 1830
3603 2 2 0 1 1831 1895 1830
3604 2 2 0 1 1895 1896 1831
3605 2 2 0 1 1832 1896 1831
3606 2 2 0 1 1896 1897 1832
3607 2 2 0 1 1833 1897 1832
3608 2 2 0 1 1897 1898 1833
3609 2 2 0 1 1834 1898 1833
3610 2 2 0 1 1898 1899 1834
3611 2 2 0 1 1835 1899 1834
3612 2 2 0 1 1899 1900 1835
3613 2 2 0 1 1836 1900 1835
3614 2 2 0 1 1900 1901 1836
3615 2 2 0 1 1837 1901 1836
3616 2 2 0 1 1901 1902 1837
3617 2 2 0 1 1838 1902 1837
3618 2 2 0 1 1902 1903 1838
3619 2 2 0 1 1839 1903 1838
3620 2 2 0 1 1903 1904 1839
3621 2 2 0 1 1840 1904 1839
3622 2 2 0 1 1904 1905 1840
3623 2 2 0 1 1841 1905 1840
3624 2 2 0 1 1905 1906 1841
3625 2 2 0 1 1842 1906 1841
3626 2 2 0 1 1906 1907 1842
3627 2 2 0 1 1843 1907 1842
3628 2 2 0 1 1907 1908 1843
3629 2 2 0 1 1844 1908 1843
3630 2 2 0 1 1908 1909 1844
3631 2 2 0 1 1845 1909 1844
3632 2 2 0 1 1909 1910 1845
3633 2 2 0 1 1911 1910 1845
3634 2 2 0 1 1845 1911 1846
3635 2 2 0 1 1847 1911 1846
3636 2 2 0 1 1911 1912 1847
3637 2 2 0 1 1848 1912 1847
3638 2 2 0 1 1912 1913 1848
3639 2 2 0 1 1914 1913 1848
3640 2 2 0 1 1848 1914 1849
3641 2 2 0 1 1915 1914 1849
3642 2 2 0 1 1849 1915 1850
3643 2 2 0 1 1851 1915 1850
3644 2 2 0 1 1915 1916 1851
3645 2 2 0 1 1917 1916 1851
3646 2 2 0 1 1851 1917 1852
3647 2 2 0 1 1918 1917 1852
3648 2 2 0 1 1852 1918 1853
3649 2 2 0 1 1919 1918 1853
3650 2 2 0 1 1853 1919 1854
3651 2 2 0 1 1920 1919 1854
3652 2 2 0 1 1854 1920 1855
3653 2 2 0 1 1921 1920 1855
3654 2 2 0 1 1855 1921 1856
3655 2 2 0 1 1922 1921 1856
3656 2 2 0 1 1856 1922 1857
3657 2 2 0 1 1923 1922 1857
3658 2 2 0 1 1857 1923 1858
3659 2 2 0 1 1924 1923 1858
3660 2 2 0 1 1858 1924 1859
3661 2 2 0 1 1925 1924 1859
3662 2 2 0 1 1859 1925 1860
3663 2 2 0 1 1926 1925 1860
3664 2 2 0 1 1860 1926 1861
3665 2 2 0 1 1927 1926 1861
3666 2 2 0 1 1861 1927 1862
3667 2 2 0 1 1928 1927 1862
3668 2 2 0 1 1862 1928 1863
3669 2 2 0 1 1929 1928 1863
3670 2 2 0 1 1863 1929 1864
3671 2 2 0 1 1930 1929 1864
3672 2 2 0 1 1864 1930 1865
3673 2 2 0 1 1931 1930 1865
3674 2 2 0 1 1865 1931 1866
3675 2 2 0 1 1932 1931 1866
3676 2 2 0 1 1866 1932 1867
3677 2 2 0 1 1933 1932 1867
3678 2 2 0 1 1867 1933 1868
3679 2 2 0 1 1934 1933 1868
3680 2 2 0 1 1868 1934 1869
3681 2 2 0 1 1935 1934 1869
3682 2 2 0 1 1869 1935 1870
3683 2 2 0 1 1936 1935 1870
3684 2 2 0 1 1870 1936 1871
3685 2 2 0 1 1937 1936 1871
3686 2 2 0 1 1871 1937 1872
3687 2 2 0 1 1938 1937 1872
3688 2 2 0 1 1872 1938 1873
3689 2 2 0 1 1939 1938 1873
3690 2 2 0 1 1873 1939 1874
3691 2 2 0 1 1940 1939 1874
3692 2 2 0 1 1874 1940 1875
3693 2 2 0 1 1941 1940 1875
3694 2 2 0 1 1875 1941 1876
3695 2 2 0 1 1942 1941 1876
3696 2 2 0 1 1876 1942 1877
3697 2 2 0 1 1943 1942 1877
3698 2 2 0 1 1877 1943 1878
3699 2 2 0 1 1944 1943 1878
3700 2 2 0 1 1878 1944 1879
3701 2 2 0 1 1945 1944 1879
3702 2 2 0 1 1879 1945 1880
3703 2 2 0 1 1946 1945 1880
3704 2 2 0 1 1880 1946 1881
3705 2 2 0 1 1947 1946 1881
3706 2 2 0 1 1881 1947 1882
3707 2 2 0 1 1948 1947 1882
3708 2 2 0 1 1882 1948 1883
3709 2 2 0 1 1884 1948 1883
3710 2 2 0 1 1948 1949 1884
3711 2 2 0 1 1885 1949 1884
3712 2 2 0 1 1949 1950 1885
3713 2 2 0 1 1951 1952 1887
3714 2 2 0 1 1887 1951 1886
3715 2 2 0 1 1953 1951 1886
3716 2 2 0 1 1886 1953 1888
3717 2 2 0 1 1954 1953 1888
3718 2 2 0 1 1888 1954 1889
3719 2 2 0 1 1890 1954 1889
3720 2 2 0 1 1954 1955 1890
3721 2 2 0 1 1891 1955 1890
3722 2 2 0 1 1955 1956 1891
3723 2 2 0 1 1892 1956 1891
3724 2 2 0 1 1956 1957 1892
3725 2 2 0 1 1893 1957 1892
3726 2 2 0 1 1957 1958 1893
3727 2 2 0 1 1894 1958 1893
3728 2 2 0 1 1958 1959 1894
3729 2 2 0 1 1895 1959 1894
3730 2 2 0 1 1959 1960 1895
3731 2 2 0 1 1896 1960 1895
3732 2 2 0 1 1960 1961 1896
3733 2 2 0 1 1897 1961 1896
3734 2 2 0 1 1961 1962 1897
3735 2 2 0 1 1898 1962 1897
3736 2 2 0 1 1962 1963 1898
3737 2 2 0 1 1899 1963 1898
3738 2 2 0 1 1963 1964 1899
3739 2 2 0 1 1900 1964 1899
3740 2 2 0 1 1964 1965 1900
3741 2 2 0 1 1901 1965 1900
3742 2 2 0 1 1965 1966 1901
3743 2 2 0 1 1902 1966 1901
3744 2 2 0 1 1966 1967 1902
3745 2 2 0 1 1903 1967 1902
3746 2 2 0 1 1967 1968 1903
3747 2 2 0 1 1904 1968 1903
3748 2 2 0 1 1968 1969 1904
3749 2 2 0 1 1905 1969 1904
3750 2 2 0 1 1969 1970 1905
3751 2 2 0 1 1906 1970 1905
3752 2 2 0 1 1970 1971 1906
3753 2 2 0 1 1907 1971 1906
3754 2 2 0 1 1971 1972 1907
3755 2 2 0 1 1908 1972 1907
3756 2 2 0 1 1972 1973 1908
3757 2 2 0 1 1909 1973 1908
3758 2 2 0 1 1973 1974 1909
3759 2 2 0 1 1910 1974 1909
3760 2 2 0 1 1974 1975 1910
3761 2 2 0 1 1976 1975 1910
3762 2 2 0 1 1910 1976 1911
3763 2 2 0 1 1912 1976 1911
3764 2 2 0 1 1976 1977 1912
3765 2 2 0 1 1913 1977 1912
3766 2 2 0 1 1977 1978 1913
3767 2 2 0 1 1979 1978 1913
3768 2 2 0 1 1913 1979 1914
3769 2 2 0 1 1980 1979 1914
3770 2 2 0 1 1914 1980 1915
3771 2 2 0 1 1916 1980 1915
3772 2 2 0 1 1980 1981 1916
3773 2 2 0 1 1982 1981 1916
3774 2 2 0 1 1916 1982 1917
3775 2 2 0 1 1983 1982 1917
3776 2 2 0 1 1917 1983 1918
3777 2 2 0 1 1984 1983 1918
3778 2 2 0 1 1918 1984 1919
3779 2 2 0 1 1985 1984 1919
3780 2 2 0 1 1919 1985 1920
3781 2 2 0 1 1986 1985 1920
3782 2 2 0 1 1920 1986 1921
3783 2 2 0 1 1987 1986 1921
3784 2 2 0 1 1921 1987 1922
3785 2 2 0 1 1988 1987 1922
3786 2 2 0 1 1922 1988 1923
3787 2 2 0 1 1989 1988 1923
3788 2 2 0 1 1923 1989 1924
3789 2 2 0 1 1990 1989 1924
3790 2 2 0 1 1924 1990 1925
3791 2 2 0 1 1991 1990 1925
3792 2 2 0 1 1925 1991 1926
3793 2 2 0 1 1992 1991 1926
3794 2 2 0 1 1926 1992 1927
3795 2 2 0 1 1993 1992 1927
3796 2 2 0 1 1927 1993 1928
3797 2 2 0 1 1994 1993 1928
3798 2 2 0 1 1928 1994 1929
3799 2 2 0 1 1995 1994 1929
3800 2 2 0 1 1929 1995 1930
3801 2 2 0 1 1996 1995 1930
3802 2 2 0 1 1930 1996 1931
3803 2 2 0 1 1997 1996 1931
3804 2 2 0 1 1931 1997 1932
3805 2 2 0 1 1998 1997 1932
3806 2 2 0 1 1932 1998 1933
3807 2 2 0 1 1999 1998 1933
3808 2 2 0 1 1933 1999 1934
3809 2 2 0 1 2000 1999 1934
3810 2 2 0 1 1934 2000 1935
3811 2 2 0 1 2001 2000 1935
3812 2 2 0 1 1935 2001 1936
3813 2 2 0 1 2002 2001 1936
3814 2 2 0 1 1936 2002 1937
3815 2 2 0 1 2003 2002 1937
3816 2 2 0 1 1937 2003 1938
3817 2 2 0 1 2004 2003 1938
3818 2 2 0 1 1938 2004 1939
3819 2 2 0 1 2005 2004 1939
3820 2 2 0 1 1939 2005 1940
3821 2 2 0 1 2006 2005 1940
3822 2 2 0 1 1940 2006 1941
3823 2 2 0 1 2007 2006 1941
3824 2 2 0 1 1941 2007 1942
3825 2 2 0 1 2008 2007 1942
3826 2 2 0 1 1942 2008 1943
3827 2 2 0 1 2009 2008 1943
3828 2 2 0 1 1943 2009 1944
3829 2 2 0 1 2010 2009 1944
3830 2 2 0 1 1944 2010 1945
3831 2 2 0 1 2011 2010 1945
3832 2 2 0 1 1945 2011 1946
3833 2 2 0 1 2012 2011 1946
3834 2 2 0 1 1946 2012 1947
3835 2 2 0 1 2013 2012 1947
3836 2 2 0 1 1947 2013 1948
3837 2 2 0 1 2014 2013 1948
3838 2 2 0 1 1948 2014 1949
3839 2 2 0 1 2015 2014 1949
3840 2 2 0 1 1949 2015 1950
3841 2 2 0 1 2016 2017 1952
3842 2 2 0 1 1952 2016 1951
3843 2 2 0 1 2018 2016 1951
3844 2 2 0 1 1951 2018 1953
3845 2 2 0 1 2019 2018 1953
3846 2 2 0 1 1953 2019 1954
3847 2 2 0 1 1955 2019 1954
3848 2 2 0 1 2019 2020 1955
3849 2 2 0 1 1956 2020 1955
3850 2 2 0 1 2020 2021 1956
3851 2 2 0 1 1957 2021 1956
3852 2 2 0 1 2021 2022 1957
3853 2 2 0 1 1958 2022 1957
3854 2 2 0 1 2022 2023 1958
3855 2 2 0 1 1959 2023 1958
3856 2 2 0 1 2023 2024 1959
3857 2 2 0 1 1960 2024 1959
3858 2 2 0 1 2024 2025 1960
3859 2 2 0 1 1961 2025 1960
3860 2 2 0 1 2025 2026 1961
3861 2 2 0 1 1962 2026 1961
3862 2 2 0 1 2026 2027 1962
3863 2 2 0 1 1963 2027 1962
3864 2 2 0 1 2027 2028 1963
3865 2 2 0 1 1964 2028 1963
3866 2 2 0 1 2028 2029 1964
3867 2 2 0 1 1965 2029 1964
3868 2 2 0 1 2029 2030 1965
3869 2 2 0 1 1966 2030 1965
3870 2 2 0 1 2030 2031 1966
3871 2 2 0 1 1967 2031 1966
3872 2 2 0 1 2031 2032 1967
3873 2 2 0 1 1968 2032 1967
3874 2 2 0 1 2032 2033 1968
3875 2 2 0 1 1969 2033 1968
3876 2 2 0 1 2033 2034 1969
3877 2 2 0 1 1970 2034 1969
3878 2 2 0 1 2034 2035 1970
3879 2 2 0 1 1971 2035 1970
3880 2 2 0 1 2035 2036 1971
3881 2 2 0 1 1972 2036 1971
3882 2 2 0 1 2036 2037 1972
3883 2 2 0 1 1973 2037 1972
3884 2 2 0 1 2037 2038 1973
3885 2 2 0 1 1974 2038 1973
3886 2 2 0 1 2038 2039 1974
3887 2 2 0 1 1975 2039 1974
3888 2 2 0 1 2039 2040 1975
3889 2 2 0 1 2041 2040 1975
3890 2 2 0 1 1975 2041 1976
3891 2 2 0 1 1977 2041 1976
3892 2 2 0 1 2041 2042 1977
3893 2 2 0 1 1978 2042 1977
3894 2 2 0 1 2042 2043 1978
3895 2 2 0 1 2044 2043 1978
3896 2 2 0 1 1978 2044 1979
3897 2 2 0 1 2045 2044 1979
3898 2 2 0 1 1979 2045 1980
3899 2 2 0 1 1981 2045 1980
3900 2 2 0 1 2045 2046 1981
3901 2 2 0 1 2047 2046 1981
3902 2 2 0 1 1981 2047 1982
3903 2 2 0 1 2048 2047 1982
3904 2 2 0 1 1982 2048 1983
3905 2 2 0 1 2049 2048 1983
3906 2 2 0 1 1983 2049 1984
3907 2 2 0 1 2050 2049 1984
3908 2 2 0 1 1984 2050 1985
3909 2 2 0 1 2051 2050 1985
3910 2 2 0 1 1985 2051 1986
3911 2 2 0 1 2052 2051 1986
3912 2 2 0 1 1986 2052 1987
3913 2 2 0 1 2053 2052 1987
3914 2 2 0 1 1987 2053 1988
3915 2 2 0 1 2054 2053 1988
3916 2 2 0 1 1988 2054 1989
3917 2 2 0 1 2055 2054 1989
3918 2 2 0 1 1989 2055 1990
3919 2 2 0 1 2056 2055 1990
3920 2 2 0 1 1990 2056 1991
3921 2 2 0 1 2057 2056 1991
3922 2 2 0 1 1991 2057 1992
3923 2 2 0 1 2058 2057 1992
3924 2 2 0 1 1992 2058 1993
3925 2 2 0 1 2059 2058 1993
3926 2 2 0 1 1993 2059 1994
3927 2 2 0 1 2060 2059 1994
3928 2 2 0 1 1994 2060 1995
3929 2 2 0 1 2061 2060 1995
3930 2 2 0 1 1995 2061 1996
3931 2 2 0 1 2062 2061 1996
3932 2 2 0 1 1996 2062 1997
3933 2 2 0 1 2063 2062 1997
3934 2 2 0 1 1997 2063 1998
3935 2 2 0 1 2064 2063 1998
3936 2 2 0 1 1998 2064 1999
3937 2 2 0 1 2065 2064 1999
3938 2 2 0 1 1999 2065 2000
3939 2 2 0 1 2066 2065 2000
3940 2 2 0 1 2000 2066 2001
3941 2 2 0 1 2067 2066 2001
3942 2 2 0 1 2001 2067 2002
3943 2 2 0 1 2068 2067 2002
3944 2 2 0 1 2002 2068 2003
3945 2 2 0 1 2069 2068 2003
3946 2 2 0 1 2003 2069 2004
3947 2 2 0 1 2070 2069 2004
3948 2 2 0 1 2004 2070 2005
3949 2 2 0 1 2071 2070 2005
3950 2 2 0 1 2005 2071 2006
3951 2 2 0 1 2072 2071 2006
3952 2 2 0 1 2006 2072 2007
3953 2 2 0 1 2073 2072 2007
3954 2 2 0 1 2007 2073 2008
3955 2 2 0 1 2074 2073 2008
3956 2 2 0 1 2008 2074 2009
3957 2 2 0 1 2075 2074 2009
3958 2 2 0 1 2009 2075 2010
3959 2 2 0 1 2076 2075 2010
3960 2 2 0 1 2010 2076 2011
3961 2 2 0 1 2077 2076 2011
3962 2 2 0 1 2011 2077 2012
3963 2 2 0 1 2078 2077 2012
3964 2 2 0 1 2012 2078 2013
3965 2 2 0 1 2079 2078 2013
3966 2 2 0 1 2013 2079 2014
3967 2 2 0 1 2080 2079 2014
3968 2 2 0 1 2014 2080 2015
3969 2 2 0 1 2016 2081 2017
3970 2 2 0 1 2081 2082 2016
3971 2 2 0 1 2018 2082 2016
3972 2 2 0 1 2082 2083 2018
3973 2 2 0 1 2019 2083 2018
3974 2 2 0 1 2083 2084 2019
3975 2 2 0 1 2020 2084 2019
3976 2 2 0 1 2084 2085 2020
3977 2 2 0 1 2021 2085 2020
3978 2 2 0 1 2085 2086 2021
3979 2 2 0 1 2022 2086 2021
3980 2 2 0 1 2086 2087 2022
3981 2 2 0 1 2023 2087 2022
3982 2 2 0 1 2087 2088 2023
3983 2 2 0 1 2024 2088 2023
3984 2 2 0 1 2088 2089 2024
3985 2 2 0 1 2025 2089 2024
3986 2 2 0 1 2089 2090 2025
3987 2 2 0 1 2026 2090 2025
3988 2 2 0 1 2090 2091 2026
3989 2 2 0 1 2027 2091 2026
3990 2 2 0 1 2091 2092 2027
3991 2 2 0 1 2028 2092 2027
3992 2 2 0 1 2092 2093 2028
3993 2 2 0 1 2029 2093 2028
3994 2 2 0 1 2093 2094 2029
3995 2 2 0 1 2030 2094 2029
3996 2 2 0 1 2094 2095 2030
3997 2 2 0 1 2031 2095 2030
3998 2 2 0 1 2095 2096 2031
3999 2 2 0 1 2032 2096 2031
4000 2 2 0 1 2096 2097 2032
4001 2 2 0 1 2033 2097 2032
4002 2 2 0 1 2097 2098 2033
4003 2 2 0 1 2034 2098 2033
4004 2 2 0 1 2098 2099 2034
4005 2 2 0 1 2035 2099 2034
4006 2 2 0 1 2099 2100 2035
4007 2 2 0 1 2036 2100 2035
4008 2 2 0 1 2100 2101 2036
4009 2 2 0 1 2037 2101 2036
4010 2 2 0 1 2101 2102 2037
4011 2 2 0 1 2038 2102 2037
4012 2 2 0 1 2102 2103 2038
4013 2 2 0 1 2039 2103 2038
4014 2 2 0 1 2103 2104 2039
4015 2 2 0 1 2040 2104 2039
4016 2 2 0 1 2104 2105 2040
4017 2 2 0 1 2106 2105 2040
4018 2 2 0 1 2040 2106 2041
4019 2 2 0 1 2042 2106 2041
4020 2 2 0 1 2106 2107 2042
4021 2 2 0 1 2043 2107 2042
4022 2 2 0 1 2107 2108 2043
4023 2 2 0 1 2109 2108 2043
4024 2 2 0 1 2043 2109 2044
4025 2 2 0 1 2110 2109 2044
4026 2 2 0 1 2044 2110 2045
4027 2 2 0 1 2046 2110 2045
4028 2 2 0 1 2110 2111 2046
4029 2 2 0 1 2112 2111 2046
4030 2 2 0 1 2046 2112 2047
4031 2 2 0 1 2113 2112 2047
4032 2 2 0 1 2047 2113 2048
4033 2 2 0 1 2114 2113 2048
4034 2 2 0 1 2048 2114 2049
4035 2 2 0 1 2115 2114 2049
4036 2 2 0 1 2049 2115 2050
4037 2 2 0 1 2116 2115 2050
4038 2 2 0 1 2050 2116 2051
4039 2 2 0 1 2117 2116 2051
4040 2 2 0 1 2051 2117 2052
4041 2 2 0 1 2118 2117 2052
4042 2 2 0 1 2052 2118 2053
4043 2 2 0 1 2119 2118 2053
4044 2 2 0 1 2053 2119 2054
4045 2 2 0 1 2120 2119 2054
4046 2 2 0 1 2054 2120 2055
4047 2 2 0 1 2121 2120 2055
4048 2 2 0 1 2055 2121 2056
4049 2 2 0 1 2122 2121 2056
4050 2 2 0 1 2056 2122 2057
4051 2 2 0 1 2123 2122 2057
4052 2 2 0 1 2057 2123 2058
4053 2 2 0 1 2124 2123 2058
4054 2 2 0 1 2058 2124 2059
4055 2 2 0 1 2125 2124 2059
4056 2 2 0 1 2059 2125 2060
4057 2 2 0 1 2126 2125 2060
4058 2 2 0 1 2060 2126 2061
4059 2 2 0 1 2127 2126 2061
4060 2 2 0 1 2061 2127 2062
4061 2 2 0 1 2128 2127 2062
4062 2 2 0 1 2062 2128 2063
4063 2 2 0 1 2129 2128 2063
4064 2 2 0 1 2063 2129 2064
4065 2 2 0 1 2130 2129 2064
4066 2 2 0 1 2064 2130 2065
4067 2 2 0 1 2131 2130 2065
4068 2 2 0 1 2065 2131 2066
4069 2 2 0 1 2132 2131 2066
4070 2 2 0 1 2066 2132 2067
4071 2 2 0 1 2133 2132 2067
4072 2 2 0 1 2067 2133 2068
4073 2 2 0 1 2134 2133 2068
4074 2 2 0 1 2068 2134 2069
4075 2 2 0 1 2135 2134 2069
4076 2 2 0 1 2069 2135 2070
4077 2 2 0 1 2136 2135 2070
4078 2 2 0 1 2070 2136 2071
4079 2 2 0 1 2137 2136 2071
4080 2 2 0 1 2071 2137 2072
4081 2 2 0 1 2138 2137 2072
4082 2 2 0 1 2072 2138 2073
4083 2 2 0 1 2139 2138 2073
4084 2 2 0 1 2073 2139 2074
4085 2 2 0 1 2140 2139 2074
4086 2 2 0 1 2074 2140 2075
4087 2 2 0 1 2141 2140 2075
4088 2 2 0 1 2075 2141 2076
4089 2 2 0 1 2142 2141 2076
4090 2 2 0 1 2076 2142 2077
4091 2 2 0 1 2143 2142 2077
4092 2 2 0 1 2077 2143 2078
4093 2 2 0 1 2144 2143 2078
4094 2 2 0 1 2078 2144 2079
4095 2 2 0 1 2145 2144 2079
4096 2 2 0 1 2079 2145 2080
4097 2 2 0 1 2082 2146 2081
4098 2 2 0 1 2146 2147 2082
4099 2 2 0 1 2083 2147 2082
4100 2 2 0 1 2147 2148 2083
4101 2 2 0 1 2084 2148 2083
4102 2 2 0 1 2148 2149 2084
4103 2 2 0 1 2085 2149 2084
4104 2 2 0 1 2149 2150 2085
4105 2 2 0 1 2086 2150 2085
4106 2 2 0 1 2150 2151 2086
4107 2 2 0 1 2087 2151 2086
4108 2 2 0 1 2151 2152 2087
4109 2 2 0 1 2088 2152 2087
4110 2 2 0 1 2152 2153 2088
4111 2 2 0 1 2089 2153 2088
4112 2 2 0 1 2153 2154 2089
4113 2 2 0 1 2090 2154 2089
4114 2 2 0 1 2154 2155 2090
4115 2 2 0 1 2091 2155 2090
4116 2 2 0 1 2155 2156 2091
4117 2 2 0 1 2092 2156 2091
4118 2 2 0 1 2156 2157 2092
4119 2 2 0 1 2093 2157 2092
4120 2 2 0 1 2157 2158 2093
4121 2 2 0 1 2094 2158 2093
4122 2 2 0 1 2158 2159 2094
4123 2 2 0 1 2095 2159 2094
4124 2 2 0 1 2159 2160 2095
4125 2 2 0 1 2096 2160 2095
4126 2 2 0 1 2160 2161 2096
4127 2 2 0 1 2097 2161 2096
4128 2 2 0 1 2161 2162 2097
4129 2 2 0 1 2098 2162 2097
4130 2 2 0 1 2162 2163 2098
4131 2 2 0 1 2099 2163 2098
4132 2 2 0 1 2163 2164 2099
4133 2 2 0 1 2100 2164 2099
4134 2 2 0 1 2164 2165 2100
4135 2 2 0 1 2101 2165 2100
4136 2 2 0 1 2165 2166 2101
4137 2 2 0 1 2102 2166 2101
4138 2 2 0 1 2166 2167 2102
4139 2 2 0 1 2103 2167 2102
4140 2 2 0 1 2167 2168 2103
4141 2 2 0 1 2104 2168 2103
4142 2 2 0 1 2168 2169 2104
4143 2 2 0 1 2105 2169 2104
4144 2 2 0 1 2169 2170 2105
4145 2 2 0 1 2106 2170 2105
4146 2 2 0 1 2170 2171 2106
4147 2 2 0 1 2107 2171 2106
4148 2 2 0 1 2171 2172 2107
4149 2 2 0 1 2108 2172 2107
4150 2 2 0 1 2172 2173 2108
4151 2 2 0 1 2174 2173 2108
4152 2 2 0 1 2108 2174 2109
4153 2 2 0 1 2175 2174 2109
4154 2 2 0 1 2109 2175 2110
4155 2 2 0 1 2111 2175 2110
4156 2 2 0 1 2175 2176 2111
4157 2 2 0 1 2177 2176 2111
4158 2 2 0 1 2111 2177 2112
4159 2 2 0 1 2178 2177 2112
4160 2 2 0 1 2112 2178 2113
4161 2 2 0 1 2179 2178 2113
4162 2 2 0 1 2113 2179 2114
4163 2 2 0 1 2180 2179 2114
4164 2 2 0 1 2114 2180 2115
4165 2 2 0 1 2181 2180 2115
4166 2 2 0 1 2115 2181 2116
4167 2 2 0 1 2182 2181 2116
4168 2 2 0 1 2116 2182 2117
4169 2 2 0 1 2183 2182 2117
4170 2 2 0 1 2117 2183 2118
4171 2 2 0 1 2184 2183 2118
4172 2 2 0 1 2118 2184 2119
4173 2 2 0 1 2185 2184 2119
4174 2 2 0 1 2119 2185 2120
4175 2 2 0 1 2186 2185 2120
4176 2 2 0 1 2120 2186 2121
4177 2 2 0 1 2187 2186 2121
4178 2 2 0 1 2121 2187 2122
4179 2 2 0 1 2188 2187 2122
4180 2 2 0 1 2122 2188 2123
4181 2 2 0 1 2189 2188 2123
4182 2 2 0 1 2123 2189 2124
4183 2 2 0 1 2190 2189 2124
4184 2 2 0 1 2124 2190 2125
4185 2 2 0 1 2191 2190 2125
4186 2 2 0 1 2125 2191 2126
4187 2 2 0 1 2192 2191 2126
4188 2 2 0 1 2126 2192 2127
4189 2 2 0 1 2193 2192 2127
4190 2 2 0 1 2127 2193 2128
4191 2 2 0 1 2194 2193 2128
4192 2 2 0 1 2128 2194 2129
4193 2 2 0 1 2195 2194 2129
4194 2 2 0 1 2129 2195 2130
4195 2 2 0 1 2196 2195 2130
4196 2 2 0 1 2130 2196 2131
4197 2 2 0 1 2197 2196 2131
4198 2 2 0 1 2131 2197 2132
4199 2 2 0 1 2198 2197 2132
4200 2 2 0 1 2132 2198 2133
4201 2 2 0 1 2199 2198 2133
4202 2 2 0 1 2133 2199 2134
4203 2 2 0 1 2200 2199 2134
4204 2 2 0 1 2134 2200 2135
4205 2 2 0 1 2201 2200 2135
4206 2 2 0 1 2135 2201 2136
4207 2 2 0 1 2202 2201 2136
4208 2 2 0 1 2136 2202 2137
4209 2 2 0 1 2203 2202 2137
4210 2 2 0 1 2137 2203 2138
4211 2 2 0 1 2204 2203 2138
4212 2 2 0 1 2138 2204 2139
4213 2 2 0 1 2205 2204 2139
4214 2 2 0 1 2139 2205 2140
4215 2 2 0 1 2206 2205 2140
4216 2 2 0 1 2140 2206 2141
4217 2 2 0 1 2207 2206 2141
4218 2 2 0 1 2141 2207 2142
4219 2 2 0 1 2208 2207 2142
4220 2 2 0 1 2142 2208 2143
4221 2 2 0 1 2209 2208 2143
4222 2 2 0 1 2143 2209 2144
4223 2 2 0 1 2210 2209 2144
4224 2 2 0 1 2144 2210 2145
4225 2 2 0 1 2147 2211 2146
4226 2 2 0 1 2211 2212 2147
4227 2 2 0 1 2148 2212 2147
4228 2 2 0 1 2212 2213 2148
4229 2 2 0 1 2149 2213 2148
4230 2 2 0 1 2213 2214 2149
4231 2 2 0 1 2150 2214 2149
4232 2 2 0 1 2214 2215 2150
4233 2 2 0 1 2151 2215 2150
4234 2 2 0 1 2215 2216 2151
4235 2 2 0 1 2152 2216 2151
4236 2 2 0 1 2216 2217 2152
4237 2 2 0 1 2153 2217 2152
4238 2 2 0 1 2217 2218 2153
4239 2 2 0 1 2154 2218 2153
4240 2 2 0 1 2218 2219 2154
4241 2 2 0 1 2155 2219 2154
4242 2 2 0 1 2219 2220 2155
4243 2 2 0 1 2156 2220 2155
4244 2 2 0 1 2220 2221 2156
4245 2 2 0 1 2157 2221 2156
4246 2 2 0 1 2221 2222 2157
4247 2 2 0 1 2158 2222 2157
4248 2 2 0 1 2222 2223 2158
4249 2 2 0 1 2159 2223 2158
4250 2 2 0 1 2223 2224 2159
4251 2 2 0 1 2160 2224 2159
4252 2 2 0 1 2224 2225 2160
4253 2 2 0 1 2161 2225 2160
4254 2 2 0 1 2225 2226 2161
4255 2 2 0 1 2162 2226 2161
4256 2 2 0 1 2226 2227 2162
4257 2 2 0 1 2163 2227 2162
4258 2 2 0 1 2227 2228 2163
4259 2 2 0 1 2164 2228 2163
4260 2 2 0 1 2228 2229 2164
4261 2 2 0 1 2165 2229 2164
4262 2 2 0 1 2229 2230 2165
4263 2 2 0 1 2166 2230 2165
4264 2 2 0 1 2230 2231 2166
4265 2 2 0 1 2167 2231 2166
4266 2 2 0 1 2231 2232 2167
4267 2 2 0 1 2168 2232 2167
4268 2 2 0 1 2232 2233 2168
4269 2 2 0 1 2169 2233 2168
4270 2 2 0 1 2233 2234 2169
4271 2 2 0 1 2170 2234 2169
4272 2 2 0 1 2234 2235 2170
4273 2 2 0 1 2171 2235 2170
4274 2 2 0 1 2235 2236 2171
4275 2 2 0 1 2172 2236 2171
4276 2 2 0 1 2236 2237 2172
4277 2 2 0 1 2173 2237 2172
4278 2 2 0 1 2237 2238 2173
4279 2 2 0 1 2239 2238 2173
4280 2 2 0 1 2173 2239 2174
4281 2 2 0 1 2240 2239 2174
4282 2 2 0 1 2174 2240 2175
4283 2 2 0 1 2176 2240 2175
4284 2 2 0 1 2240 2241 2176
4285 2 2 0 1 2242 2241 2176
4286 2 2 0 1 2176 2242 2177
4287 2 2 0 1 2243 2242 2177
4288 2 2 0 1 2177 2243 2178
4289 2 2 0 1 2244 2243 2178
4290 2 2 0 1 2178 2244 2179
4291 2 2 0 1 2245 2244 2179
4292 2 2 0 1 2179 2245 2180
4293 2 2 0 1 2246 2245 2180
4294 2 2 0 1 2180 2246 2181
4295 2 2 0 1 2247 2246 2181
4296 2 2 0 1 2181 2247 2182
4297 2 2 0 1 2248 2247 2182
4298 2 2 0 1 2182 2248 2183
4299 2 2 0 1 2249 2248 2183
4300 2 2 0 1 2183 2249 2184
4301 2 2 0 1 2250 2249 2184
4302 2 2 0 1 2184 2250 2185
4303 2 2 0 1 2251 2250 2185
4304 2 2 0 1 2185 2251 2186
4305 2 2 0 1 2252 2251 2186
4306 2 2 0 1 2186 2252 2187
4307 2 2 0 1 2253 2252 2187
4308 2 2 0 1 2187 2253 2188
4309 2 2 0 1 2254 2253 2188
4310 2 2 0 1 2188 2254 2189
4311 2 2 0 1 2255 2254 2189
4312 2 2 0 1 2189 2255 2190
4313 2 2 0 1 2256 2255 2190
4314 2 2 0 1 2190 2256 2191
4315 2 2 0 1 2257 2256 2191
4316 2 2 0 1 2191 2257 2192
4317 2 2 0 1 2258 2257 2192
4318 2 2 0 1 2192 2258 2193
4319 2 2 0 1 2259 2258 2193
4320 2 2 0 1 2193 2259 2194
4321 2 2 0 1 2260 2259 2194
4322 2 2 0 1 2194 2260 2195
4323 2 2 0 1 2261 2260 2195
4324 2 2 0 1 2195 2261 2196
4325 2 2 0 1 2262 2261 2196
4326 2 2 0 1 2196 2262 2197
4327 2 2 0 1 2263 2262 2197
4328 2 2 0 1 2197 2263 2198
4329 2 2 0 1 2264 2263 2198
4330 2 2 0 1 2198 2264 2199
4331 2 2 0 1 2265 2264 2199
4332 2 2 0 1 2199 2265 2200
4333 2 2 0 1 2266 2265 2200
4334 2 2 0 1 2200 2266 2201
4335 2 2 0 1 2267 2266 2201
4336 2 2 0 1 2201 2267 2202
4337 2 2 0 1 2268 2267 2202
4338 2 2 0 1 2202 2268 2203
4339 2 2 0 1 2269 2268 2203
4340 2 2 0 1 2203 2269 2204
4341 2 2 0 1 2270 2269 2204
4342 2 2 0 1 2204 2270 2205
4343 2 2 0 1 2271 2270 2205
4344 2 2 0 1 2205 2271 2206
4345 2 2 0 1 2272 2271 2206
4346 2 2 0 1 2206 2272 2207
4347 2 2 0 1 2273 2272 2207
4348 2 2 0 1 2207 2273 2208
4349 2 2 0 1 2274 2273 2208
4350 2 2 0 1 2208 2274 2209
4351 2 2 0 1 2275 2274 2209
4352 2 2 0 1 2209 2275 2210
4353 2 2 0 1 2212 2276 2211
4354 2 2 0 1 2276 2277 2212
4355 2 2 0 1 2213 2277 2212
4356 2 2 0 1 2277 2278 2213
4357 2 2 0 1 2214 2278 2213
4358 2 2 0 1 2278 2279 2214
4359 2 2 0 1 2215 2279 2214
4360 2 2 0 1 2279 2280 2215
4361 2 2 0 1 2216 2280 2215
4362 2 2 0 1 2280 2281 2216
4363 2 2 0 1 2217 2281 2216
4364 2 2 0 1 2281 2282 2217
4365 2 2 0 1 2218 2282 2217
4366 2 2 0 1 2282 2283 2218
4367 2 2 0 1 2219 2283 2218
4368 2 2 0 1 2283 2284 2219
4369 2 2 0 1 2220 2284 2219
4370 2 2 0 1 2284 2285 2220
4371 2 2 0 1 2221 2285 2220
4372 2 2 0 1 2285 2286 2221
4373 2 2 0 1 2222 2286 2221
4374 2 2 0 1 2286 2287 2222
4375 2 2 0 1 2223 2287 2222
4376 2 2 0 1 2287 2288 2223
4377 2 2 0 1 2224 2288 2223
4378 2 2 0 1 2288 2289 2224
4379 2 2 0 1 2225 2289 2224
4380 2 2 0 1 2289 2290 2225
4381 2 2 0 1 2226 2290 2225
4382 2 2 0 1 2290 2291 2226
4383 2 2 0 1 2227 2291 2226
4384 2 2 0 1 2291 2292 2227
4385 2 2 0 1 2228 2292 2227
4386 2 2 0 1 2292 2293 2228
4387 2 2 0 1 2229 2293 2228
4388 2 2 0 1 2293 2294 2229
4389 2 2 0 1 2230 2294 2229
4390 2 2 0 1 2294 2295 2230
4391 2 2 0 1 2231 2295 2230
4392 2 2 0 1 2295 2296 2231
4393 2 2 0 1 2232 2296 2231
4394 2 2 0 1 2296 2297 2232
4395 2 2 0 1 2233 2297 2232
4396 2 2 0 1 2297 2298 2233
4397 2 2 0 1 2234 2298 2233
4398 2 2 0 1 2298 2299 2234
4399 2 2 0 1 2235 2299 2234
4400 2 2 0 1 2299 2300 2235
4401 2 2 0 1 2236 2300 2235
4402 2 2 0 1 2300 2301 2236
4403 2 2 0 1 2237 2301 2236
4404 2 2 0 1 2301 2302 2237
4405 2 2 0 1 2238 2302 2237
4406 2 2 0 1 2302 2303 2238
4407 2 2 0 1 2304 2303 2238
4408 2 2 0 1 2238 2304 2239
4409 2 2 0 1 2305 2304 2239
4410 2 2 0 1 2239 2305 2240
4411 2 2 0 1 2241 2305 2240
4412 2 2 0 1 2305 2306 2241
4413 2 2 0 1 2307 2306 2241
4414 2 2 0 1 2241 2307 2242
4415 2 2 0 1 2308 2307 2242
4416 2 2 0 1 2242 2308 2243
4417 2 2 0 1 2309 2308 2243
4418 2 2 0 1 2243 2309 2244
4419 2 2 0 1 2310 2309 2244
4420 2 2 0 1 2244 2310 2245
4421 2 2 0 1 2311 2310 2245
4422 2 2 0 1 2245 2311 2246
4423 2 2 0 1 2312 2311 2246
4424 2 2 0 1 2246 2312 2247
4425 2 2 0 1 2313 2312 2247
4426 2 2 0 1 2247 2313 2248
4427 2 2 0 1 2314 2313 2248
4428 2 2 0 1 2248 2314 2249
4429 2 2 0 1 2315 2314 2249
4430 2 2 0 1 2249 2315 2250
4431 2 2 0 1 2316 2315 2250
4432 2 2 0 1 2250 2316 2251
4433 2 2 0 1 2317 2316 2251
4434 2 2 0 1 2251 2317 2252
4435 2 2 0 1 2318 2317 2252
4436 2 2 0 1 2252 2318 2253
4437 2 2 0 1 2319 2318 2253
4438 2 2 0 1 2253 2319 2254
4439 2 2 0 1 2320 2319 2254
4440 2 2 0 1 2254 2320 2255
4441 2 2 0 1 2321 2320 2255
4442 2 2 0 1 2255 2321 2256
4443 2 2 0 1 2322 2321 2256
4444 2 2 0 1 2256 2322 2257
4445 2 2 0 1 2323 2322 2257
4446 2 2 0 1 2257 2323 2258
4447 2 2 0 1 2324 2323 2258
4448 2 2 0 1 2258 2324 2259
4449 2 2 0 1 2325 2324 2259
4450 2 2 0 1 2259 2325 2260
4451 2 2 0 1 2326 2325 2260
4452 2 2 0 1 2260 2326 2261
4453 2 2 0 1 2327 2326 2261
4454 2 2 0 1 2261 2327 2262
4455 2 2 0 1 2328 2327 2262
4456 2 2 0 1 2262 2328 2263
4457 2 2 0 1 2329 2328 2263
4458 2 2 0 1 2263 2329 2264
4459 2 2 0 1 2330 2329 2264
4460 2 2 0 1 2264 2330 2265
4461 2 2 0 1 2331 2330 2265
4462 2 2 0 1 2265 2331 2266
4463 2 2 0 1 2332 2331 2266
4464 2 2 0 1 2266 2332 2267
4465 2 2 0 1 2333 2332 2267
4466 2 2 0 1 2267 2333 2268
4467 2 2 0 1 2334 2333 2268
4468 2 2 0 1 2268 2334 2269
4469 2 2 0 1 2335 2334 2269
4470 2 2 0 1 2269 2335 2270
4471 2 2 0 1 2336 2335 2270
4472 2 2 0 1 2270 2336 2271
4473 2 2 0 1 2337 2336 2271
4474 2 2 0 1 2271 2337 2272
4475 2 2 0 1 2338 2337 2272
4476 2 2 0 1 2272 2338 2273
4477 2 2 0 1 2339 2338 2273
4478 2 2 0 1 2273 2339 2274
4479 2 2 0 1 2340 2339 2274
4480 2 2 0 1 2274 2340 2275
4481 2 2 0 1 2277 2341 2276
4482 2 2 0 1 2341 2342 2277
4483 2 2 0 1 2278 2342 2277
4484 2 2 0 1 2342 2343 2278
4485 2 2 0 1 2279 2343 2278
4486 2 2 0 1 2343 2344 2279
4487 2 2 0 1 2280 2344 2279
4488 2 2 0 1 2344 2345 2280
4489 2 2 0 1 2281 2345 2280
4490 2 2 0 1 2345 2346 2281
4491 2 2 0 1 2282 2346 2281
4492 2 2 0 1 2346 2347 2282
4493 2 2 0 1 2283 2347 2282
4494 2 2 0 1 2347 2348 2283
4495 2 2 0 1 2284 2348 2283
4496 2 2 0 1 2348 2349 2284
4497 2 2 0 1 2285 2349 2284
4498 2 2 0 1 2349 2350 2285
4499 2 2 0 1 2286 2350 2285
4500 2 2 0 1 2350 2351 2286
4501 2 2 0 1 2287 2351 2286
4502 2 2 0 1 2351 2352 2287
4503 2 2 0 1 2288 2352 2287
4504 2 2 0 1 2352 2353 2288
4505 2 2 0 1 2289 2353 2288
4506 2 2 0 1 2353 2354 2289
4507 2 2 0 1 2290 2354 2289
4508 2 2 0 1 2354 2355 2290
4509 2 2 0 1 2291 2355 2290
4510 2 2 0 1 2355 2356 2291
4511 2 2 0 1 2292 2356 2291
4512 2 2 0 1 2356 2357 2292
4513 2 2 0 1 2293 2357 2292
4514 2 2 0 1 2357 2358 2293
4515 2 2 0 1 2294 2358 2293
4516 2 2 0 1 2358 2359 2294
4517 2 2 0 1 2295 2359 2294
4518 2 2 0 1 2359 2360 2295
4519 2 2 0 1 2296 2360 2295
4520 2 2 0 1 2360 2361 2296
4521 2 2 0 1 2297 2361 2296
4522 2 2 0 1 2361 2362 2297
4523 2 2 0 1 2298 2362 2297
4524 2 2 0 1 2362 2363 2298
4525 2 2 0 1 2299 2363 2298
4526 2 2 0 1 2363 2364 2299
4527 2 2 0 1 2300 2364 2299
4528 2 2 0 1 2364 2365 2300
4529 2 2 0 1 2301 2365 2300
4530 2 2 0 1 2365 2366 2301
4531 2 2 0 1 2302 2366 2301
4532 2 2 0 1 2366 2367 2302
4533 2 2 0 1 2303 2367 2302
4534 2 2 0 1 2367 2368 2303
4535 2 2 0 1 2304 2368 2303
4536 2 2 0 1 2368 2369 2304
4537 2 2 0 1 2370 2369 2304
4538 2 2 0 1 2304 2370 2305
4539 2 2 0 1 2306 2370 2305
4540 2 2 0 1 2370 2371 2306
4541 2 2 0 1 2372 2371 2306
4542 2 2 0 1 2306 2372 2307
4543 2 2 0 1 2373 2372 2307
4544 2 2 0 1 2307 2373 2308
4545 2 2 0 1 2374 2373 2308
4546 2 2 0 1 2308 2374 2309
4547 2 2 0 1 2375 2374 2309
4548 2 2 0 1 2309 2375 2310
4549 2 2 0 1 2376 2375 2310
4550 2 2 0 1 2310 2376 2311
4551 2 2 0 1 2377 2376 2311
4552 2 2 0 1 2311 2377 2312
4553 2 2 0 1 2378 2377 2312
4554 2 2 0 1 2312 2378 2313
4555 2 2 0 1 2379 2378 2313
4556 2 2 0 1 2313 2379 2314
4557 2 2 0 1 2380 2379 2314
4558 2 2 0 1 2314 2380 2315
4559 2 2 0 1 2381 2380 2315
4560 2 2 0 1 2315 2381 2316
4561 2 2 0 1 2382 2381 2316
4562 2 2 0 1 2316 2382 2317
4563 2 2 0 1 2383 2382 2317
4564 2 2 0 1 2317 2383 2318
4565 2 2 0 1 2384 2383 2318
4566 2 2 0 1 2318 2384 2319
4567 2 2 0 1 2385 2384 2319
4568 2 2 0 1 2319 2385 2320
4569 2 2 0 1 2386 2385 2320
4570 2 2 0 1 2320 2386 2321
4571 2 2 0 1 2387 2386 2321
4572 2 2 0 1 2321 2387 2322
4573 2 2 0 1 2388 2387 2322
4574 2 2 0 1 2322 2388 2323
4575 2 2 0 1 2389 2388 2323
4576 2 2 0 1 2323 2389 2324
4577 2 2 0 1 2390 2389 2324
4578 2 2 0 1 2324 2390 2325
4579 2 2 0 1 2391 2390 2325
4580 2 2 0 1 2325 2391 2326
4581 2 2 0 1 2392 2391 2326
4582 2 2 0 1 2326 2392 2327
4583 2 2 0 1 2393 2392 2327
4584 2 2 0 1 2327 2393 2328
4585 2 2 0 1 2394 2393 2328
4586 2 2 0 1 2328 2394 2329
4587 2 2 0 1 2395 2394 2329
4588 2 2 0 1 2329 2395 2330
4589 2 2 0 1 2396 2395 2330
4590 2 2 0 1 2330 2396 2331
4591 2 2 0 1 2397 2396 2331
4592 2 2 0 1 2331 2397 2332
4593 2 2 0 1 2398 2397 2332
4594 2 2 0 1 2332 2398 2333
4595 2 2 0 1 2399 2398 2333
4596 2 2 0 1 2333 2399 2334
4597 2 2 0 1 2400 2399 2334
4598 2 2 0 1 2334 2400 2335
4599 2 2 0 1 2401 2400 2335
4600 2 2 0 1 2335 2401 2336
4601 2 2 0 1 2402 2401 2336
4602 2 2 0 1 2336 2402 2337
4603 2 2 0 1 2403 2402 2337
4604 2 2 0 1 2337 2403 2338
4605 2 2 0 1 2404 2403 2338
4606 2 2 0 1 2338 2404 2339
4607 2 2 0 1 2405 2404 2339
4608 2 2 0 1 2339 2405 2340
4609 2 2 0 1 2342 2406 2341
4610 2 2 0 1 2406 2407 2342
4611 2 2 0 1 2343 2407 2342
4612 2 2 0 1 2407 2408 2343
4613 2 2 0 1 2344 2408 2343
4614 2 2 0 1 2408 2409 2344
4615 2 2 0 1 2345 2409 2344
4616 2 2 0 1 2409 2410 2345
4617 2 2 0 1 2346 2410 2345
4618 2 2 0 1 2410 2411 2346
4619 2 2 0 1 2347 2411 2346
4620 2 2 0 1 2411 2412 2347
4621 2 2 0 1 2348 2412 2347
4622 2 2 0 1 2412 2413 2348
4623 2 2 0 1 2349 2413 2348
4624 2 2 0 1 2413 2414 2349
4625 2 2 0 1 2350 2414 2349
4626 2 2 0 1 2414 2415 2350
4627 2 2 0 1 2351 2415 2350
4628 2 2 0 1 2415 2416 2351
4629 2 2 0 1 2352 2416 2351
4630 2 2 0 1 2416 2417 2352
4631 2 2 0 1 2353 2417 2352
4632 2 2 0 1 2417 2418 2353
4633 2 2 0 1 2354 2418 2353
4634 2 2 0 1 2418 2419 2354
4635 2 2 0 1 2355 2419 2354
4636 2 2 0 1 2419 2420 2355
4637 2 2 0 1 2356 2420 2355
4638 2 2 0 1 2420 2421 2356
4639 2 2 0 1 2357 2421 2356
4640 2 2 0 1 2421 2422 2357
4641 2 2 0 1 2358 2422 2357
4642 2 2 0 1 2422 2423 2358
4643 2 2 0 1 2359 2423 2358
4644 2 2 0 1 2423 2424 2359
4645 2 2 0 1 2360 2424 2359
4646 2 2 0 1 2424 2425 2360
4647 2 2 0 1 2361 2425 2360
4648 2 2 0 1 2425 2426 2361
4649 2 2 0 1 2362 2426 2361
4650 2 2 0 1 2426 2427 2362
4651 2 2 0 1 2363 2427 2362
4652 2 2 0 1 2427 2428 2363
4653 2 2 0 1 2364 2428 2363
4654 2 2 0 1 2428 2429 2364
4655 2 2 0 1 2365 2429 2364
4656 2 2 0 1 2429 2430 2365
4657 2 2 0 1 2366 2430 2365
4658 2 2 0 1 2430 2431 2366
4659 2 2 0 1 2367 2431 2366
4660 2 2 0 1 2431 2432 2367
4661 2 2 0 1 2368 2432 2367
4662 2 2 0 1 2432 2433 2368
4663 2 2 0 1 2369 2433 2368
4664 2 2 0 1 2433 2434 2369
4665 2 2 0 1 2435 2434 2369
4666 2 2 0 1 2369 2435 2370
4667 2 2 0 1 2371 2435 2370
4668 2 2 0 1 2435 2436 2371
4669 2 2 0 1 2437 2436 2371
4670 2 2 0 1 2371 2437 2372
4671 2 2 0 1 2438 2437 2372
4672 2 2 0 1 2372 2438 2373
4673 2 2 0 1 2439 2438 2373
4674 2 2 0 1 2373 2439 2374
4675 2 2 0 1 2440 2439 2374
4676 2 2 0 1 2374 2440 2375
4677 2 2 0 1 2441 2440 2375
4678 2 2 0 1 2375 2441 2376
4679 2 2 0 1 2442 2441 2376
4680 2 2 0 1 2376 2442 2377
4681 2 2 0 1 2443 2442 2377
4682 2 2 0 1 2377 2443 2378
4683 2 2 0 1 2444 2443 2378
4684 2 2 0 1 2378 2444 2379
4685 2 2 0 1 2445 2444 2379
4686 2 2 0 1 2379 2445 2380
4687 2 2 0 1 2446 2445 2380
4688 2 2 0 1 2380 2446 2381
4689 2 2 0 1 2447 2446 2381
4690 2 2 0 1 2381 2447 2382
4691 2 2 0 1 2448 2447 2382
4692 2 2 0 1 2382 2448 2383
4693 2 2 0 1 2449 2448 2383
4694 2 2 0 1 2383 2449 2384
4695 2 2 0 1 2450 2449 2384
4696 2 2 0 1 2384 2450 2385
4697 2 2 0 1 2451 2450 2385
4698 2 2 0 1 2385 2451 2386
4699 2 2 0 1 2452 2451 2386
4700 2 2 0 1 2386 2452 2387
4701 2 2 0 1 2453 2452 2387
4702 2 2 0 1 2387 2453 2388
4703 2 2 0 1 2454 2453 2388
4704 2 2 0 1 2388 2454 2389
4705 2 2 0 1 2455 2454 2389
4706 2 2 0 1 2389 2455 2390
4707 2 2 0 1 2456 2455 2390
4708 2 2 0 1 2390 2456 2391
4709 2 2 0 1 2457 2456 2391
4710 2 2 0 1 2391 2457 2392
4711 2 2 0 1 2458 2457 2392
4712 2 2 0 1 2392 2458 2393
4713 2 2 0 1 2459 2458 2393
4714 2 2 0 1 2393 2459 2394
4715 2 2 0 1 2460 2459 2394
4716 2 2 0 1 2394 2460 2395
4717 2 2 0 1 2461 2460 2395
4718 2 2 0 1 2395 2461 2396
4719 2 2 0 1 2462 2461 2396
4720 2 2 0 1 2396 2462 2397
4721 2 2 0 1 2463 2462 2397
4722 2 2 0 1 2397 2463 2398
4723 2 2 0 1 2464 2463 2398
4724 2 2 0 1 2398 2464 2399
4725 2 2 0 1 2465 2464 2399
4726 2 2 0 1 2399 2465 2400
4727 2 2 0 1 2466 2465 2400
4728 2 2 0 1 2400 2466 2401
4729 2 2 0 1 2467 2466 2401
4730 2 2 0 1 2401 2467 2402
4731 2 2 0 1 2468 2467 2402
4732 2 2 0 1 2402 2468 2403
4733 2 2 0 1 2469 2468 2403
4734 2 2 0 1 2403 2469 2404
4735 2 2 0 1 2470 2469 2404
4736 2 2 0 1 2404 2470 2405
4737 2 2 0 1 2407 2471 2406
4738 2 2 0 1 2471 2472 2407
4739 2 2 0 1 2408 2472 2407
4740 2 2 0 1 2472 2473 2408
4741 2 2 0 1 2409 2473 2408
4742 2 2 0 1 2473 2474 2409
4743 2 2 0 1 2410 2474 2409
4744 2 2 0 1 2474 2475 2410
4745 2 2 0 1 2411 2475 2410
4746 2 2 0 1 2475 2476 2411
4747 2 2 0 1 2412 2476 2411
4748 2 2 0 1 2476 2477 2412
4749 2 2 0 1 2413 2477 2412
4750 2 2 0 1 2477 2478 2413
4751 2 2 0 1 2414 2478 2413
4752 2 2 0 1 2478 2479 2414
4753 2 2 0 1 2415 2479 2414
4754 2 2 0 1 2479 2480 2415
4755 2 2 0 1 2416 2480 2415
4756 2 2 0 1 2480 2481 2416
4757 2 2 0 1 2417 2481 2416
4758 2 2 0 1 2481 2482 2417
4759 2 2 0 1 2418 2482 2417
4760 2 2 0 1 2482 2483 2418
4761 2 2 0 1 2419 2483 2418
4762 2 2 0 1 2483 2484 2419
4763 2 2 0 1 2420 2484 2419
4764 2 2 0 1 2484 2485 2420
4765 2 2 0 1 2421 2485 2420
4766 2 2 0 1 2485 2486 2421
4767 2 2 0 1 2422 2486 2421
4768 2 2 0 1 2486 2487 2422
4769 2 2 0 1 2423 2487 2422
4770 2 2 0 1 2487 2488 2423
4771 2 2 0 1 2424 2488 2423
4772 2 2 0 1 2488 2489 2424
4773 2 2 0 1 2425 2489 2424
4774 2 2 0 1 2489 2490 2425
4775 2 2 0 1 2426 2490 2425
4776 2 2 0 1 2490 2491 2426
4777 2 2 0 1 2427 2491 2426
4778 2 2 0 1 2491 2492 2427
4779 2 2 0 1 2428 2492 2427
4780 2 2 0 1 2492 2493 2428
4781 2 2 0 1 2429 2493 2428
4782 2 2 0 1 2493 2494 2429
4783 2 2 0 1 2430 2494 2429
4784 2 2 0 1 2494 2495 2430
4785 2 2 0 1 2431 2495 2430
4786 2 2 0 1 2495 2496 2431
4787 2 2 0 1 2432 2496 2431
4788 2 2 0 1 2496 2497 2432
4789 2 2 0 1 2433 2497 2432
4790 2 2 0 1 2497 2498 2433
4791 2 2 0 1 2434 2498 2433
4792 2 2 0 1 2498 2499 2434
4793 2 2 0 1 2500 2499 2434
4794 2 2 0 1 2434 2500 2435
4795 2 2 0 1 2436 2500 2435
4796 2 2 0 1 2500 2501 2436
4797 2 2 0 1 2502 2501 2436
4798 2 2 0 1 2436 2502 2437
4799 2 2 0 1 2503 2502 2437
4800 2 2 0 1 2437 2503 2438
4801 2 2 0 1 2504 2503 2438
4802 2 2 0 1 2438 2504 2439
4803 2 2 0 1 2505 2504 2439
4804 2 2 0 1 2439 2505 2440
4805 2 2 0 1 2506 2505 2440
4806 2 2 0 1 2440 2506 2441
4807 2 2 0 1 2507 2506 2441
4808 2 2 0 1 2441 2507 2442
4809 2 2 0 1 2508 2507 2442
4810 2 2 0 1 2442 2508 2443
4811 2 2 0 1 2509 2508 2443
4812 2 2 0 1 2443 2509 2444
4813 2 2 0 1 2510 2509 2444
4814 2 2 0 1 2444 2510 2445
4815 2 2 0 1 2511 2510 2445
4816 2 2 0 1 2445 2511 2446
4817 2 2 0 1 2512 2511 2446
4818 2 2 0 1 2446 2512 2447
4819 2 2 0 1 2513 2512 2447
4820 2 2 0 1 2447 2513 2448
4821 2 2 0 1 2514 2513 2448
4822 2 2 0 1 2448 2514 2449
4823 2 2 0 1 2515 2514 2449
4824 2 2 0 1 2449 2515 2450
4825 2 2 0 1 2516 2515 2450
4826 2 2 0 1 2450 2516 2451
4827 2 2 0 1 2517 2516 2451
4828 2 2 0 1 2451 2517 2452
4829 2 2 0 1 2518 2517 2452
4830 2 2 0 1 2452 2518 2453
4831 2 2 0 1 2519 2518 2453
4832 2 2 0 1 2453 2519 2454
4833 2 2 0 1 2520 2519 2454
4834 2 2 0 1 2454 2520 2455
4835 2 2 0 1 2521 2520 2455
4836 2 2 0 1 2455 2521 2456
4837 2 2 0 1 2522 2521 2456
4838 2 2 0 1 2456 2522 2457
4839 2 2 0 1 2523 2522 2457
4840 2 2 0 1 2457 2523 2458
4841 2 2 0 1 2524 2523 2458
4842 2 2 0 1 2458 2524 2459
4843 2 2 0 1 2525 2524 2459
4844 2 2 0 1 2459 2525 2460
4845 2 2 0 1 2526 2525 2460
4846 2 2 0 1 2460 2526 2461
4847 2 2 0 1 2527 2526 2461
4848 2 2 0 1 2461 2527 2462
4849 2 2 0 1 2528 2527 2462
4850 2 2 0 1 2462 2528 2463
4851 2 2 0 1 2529 2528 2463
4852 2 2 0 1 2463 2529 2464
4853 2 2 0 1 2530 2529 2464
4854 2 2 0 1 2464 2530 2465
4855 2 2 0 1 2531 2530 2465
4856 2 2 0 1 2465 2531 2466
4857 2 2 0 1 2532 2531 2466
4858 2 2 0 1 2466 2532 2467
4859 2 2 0 1 2533 2532 2467
4860 2 2 0 1 2467 2533 2468
4861 2 2 0 1 2534 2533 2468
4862 2 2 0 1 2468 2534 2469
4863 2 2 0 1 2535 2534 2469
4864 2 2 0 1 2469 2535 2470
4865 2 2 0 1 2472 2536 2471
4866 2 2 0 1 2536 2537 2472
4867 2 2 0 1 2473 2537 2472
4868 2 2 0 1 2537 2538 2473
4869 2 2 0 1 2474 2538 2473
4870 2 2 0 1 2538 2539 2474
4871 2 2 0 1 2475 2539 2474
4872 2 2 0 1 2539 2540 2475
4873 2 2 0 1 2476 2540 2475
4874 2 2 0 1 2540 2541 2476
4875 2 2 0 1 2477 2541 2476
4876 2 2 0 1 2541 2542 2477
4877 2 2 0 1 2478 2542 2477
4878 2 2 0 1 2542 2543 2478
4879 2 2 0 1 2479 2543 2478
4880 2 2 0 1 2543 2544 2479
4881 2 2 0 1 2480 2544 2479
4882 2 2 0 1 2544 2545 2480
4883 2 2 0 1 2481 2545 2480
4884 2 2 0 1 2545 2546 2481
4885 2 2 0 1 2482 2546 2481
4886 2 2 0 1 2546 2547 2482
4887 2 2 0 1 2483 2547 2482
4888 2 2 0 1 2547 2548 2483
4889 2 2 0 1 2484 2548 2483
4890 2 2 0 1 2548 2549 2484
4891 2 2 0 1 2485 2549 2484
4892 2 2 0 1 2549 2550 2485
4893 2 2 0 1 2486 2550 2485
4894 2 2 0 1 2550 2551 2486
4895 2 2 0 1 2487 2551 2486
4896 2 2 0 1 2551 2552 2487
4897 2 2 0 1 2488 2552 2487
4898 2 2 0 1 2552 2553 2488
4899 2 2 0 1 2489 2553 2488
4900 2 2 0 1 2553 2554 2489
4901 2 2 0 1 2490 2554 2489
4902 2 2 0 1 2554 2555 2490
4903 2 2 0 1 2491 2555 2490
4904 2 2 0 1 2555 2556 2491
4905 2 2 0 1 2492 2556 2491
4906 2 2 0 1 2556 2557 2492
4907 2 2 0 1 2493 2557 2492
4908 2 2 0 1 2557 2558 2493
4909 2 2 0 1 2494 2558 2493
4910 2 2 0 1 2558 2559 2494
4911 2 2 0 1 2495 2559 2494
4912 2 2 0 1 2559 2560 2495
4913 2 2 0 1 2496 2560 2495
4914 2 2 0 1 2560 2561 2496
4915 2 2 0 1 2497 2561 2496
4916 2 2 0 1 2561 2562 2497
4917 2 2 0 1 2498 2562 2497
4918 2 2 0 1 2562 2563 2498
4919 2 2 0 1 2499 2563 2498
4920 2 2 0 1 2563 2564 2499
4921 2 2 0 1 2565 2564 2499
4922 2 2 0 1 2499 2565 2500
4923 2 2 0 1 2566 2565 2500
4924 2 2 0 1 2500 2566 2501
4925 2 2 0 1 2567 2566 2501
4926 2 2 0 1 2501 2567 2502
4927 2 2 0 1 2568 2567 2502
4928 2 2 0 1 2502 2568 2503
4929 2 2 0 1 2569 2568 2503
4930 2 2 0 1 2503 2569 2504
4931 2 2 0 1 2570 2569 2504
4932 2 2 0 1 2504 2570 2505
4933 2 2 0 1 2571 2570 2505
4934 2 2 0 1 2505 2571 2506
4935 2 2 0 1 2572 2571 2506
4936 2 2 0 1 2506 2572 2507
4937 2 2 0 1 2573 2572 2507
4938 2 2 0 1 2507 2573 2508
4939 2 2 0 1 2574 2573 2508
4940 2 2 0 1 2508 2574 2509
4941 2 2 0 1 2575 2574 2509
4942 2 2 0 1 2509 2575 2510
4943 2 2 0 1 2576 2575 2510
4944 2 2 0 1 2510 2576 2511
4945 2 2 0 1 2577 2576 2511
4946 2 2 0 1 2511 2577 2512
4947 2 2 0 1 2578 2577 2512
4948 2 2 0 1 2512 2578 2513
4949 2 2 0 1 2579 2578 2513
4950 2 2 0 1 2513 2579 2514
4951 2 2 0 1 2580 2579 2514
4952 2 2 0 1 2514 2580 2515
4953 2 2 0 1 2581 2580 2515
4954 2 2 0 1 2515 2581 2516
4955 2 2 0 1 2582 2581 2516
4956 2 2 0 1 2516 2582 2517
4957 2 2 0 1 2583 2582 2517
4958 2 2 0 1 2517 2583 2518
4959 2 2 0 1 2584 2583 2518
4960 2 2 0 1 2518 2584 2519
4961 2 2 0 1 2585 2584 2519
4962 2 2 0 1 2519 2585 2520
4963 2 2 0 1 2586 2585 2520
4964 2 2 0 1 2520 2586 2521
4965 2 2 0 1 2587 2586 2521
4966 2 2 0 1 2521 2587 2522
4967 2 2 0 1 2588 2587 2522
4968 2 2 0 1 2522 2588 2523
4969 2 2 0 1 2589 2588 2523
4970 2 2 0 1 2523 2589 2524
4971 2 2 0 1 2590 2589 2524
4972 2 2 0 1 2524 2590 2525
4973 2 2 0 1 2591 2590 2525
4974 2 2 0 1 2525 2591 2526
4975 2 2 0 1 2592 2591 2526
4976 2 2 0 1 2526 2592 2527
4977 2 2 0 1 2593 2592 2527
4978 2 2 0 1 2527 2593 2528
4979 2 2 0 1 2594 2593 2528
4980 2 2 0 1 2528 2594 2529
4981 2 2 0 1 2595 2594 2529
4982 2 2 0 1 2529 2595 2530
4983 2 2 0 1 2596 2595 2530
4984 2 2 0 1 2530 2596 2531
4985 2 2 0 1 2597 2596 2531
4986 2 2 0 1 2531 2597 2532
4987 2 2 0 1 2598 2597 2532
4988 2 2 0 1 2532 2598 2533
4989 2 2 0 1 2599 2598 2533
4990 2 2 0 1 2533 2599 2534
4991 2 2 0 1 2600 2599 2534
4992 2 2 0 1 2534 2600 2535
4993 2 2 0 1 2537 2601 2536
4994 2 2 0 1 2601 2602 2537
4995 2 2 0 1 2538 2602 2537
4996 2 2 0 1 2602 2603 2538
4997 2 2 0 1 2539 2603 2538
4998 2 2 0 1 2603 2604 2539
4999 2 2 0 1 2540 2604 2539
5000 2 2 0 1 2604 2605 2540
5001 2 2 0 1 2541 2605 2540
5002 2 2 0 1 2605 2606 2541
5003 2 2 0 1 2542 2606 2541
5004 2 2 0 1 2606 2607 2542
5005 2 2 0 1 2543 2607 2542
5006 2 2 0 1 2607 2608 2543
5007 2 2 0 1 2544 2608 2543
5008 2 2 0 1 2608 2609 2544
5009 2 2 0 1 2545 2609 2544
5010 2 2 0 1 2609 2610 2545
5011 2 2 0 1 2546 2610 2545
5012 2 2 0 1 2610 2611 2546
5013 2 2 0 1 2547 2611 2546
5014 2 2 0 1 2611 2612 2547
5015 2 2 0 1 2548 2612 2547
5016 2 2 0 1 2612 2613 2548
5017 2 2 0 1 2549 2613 2548
5018 2 2 0 1 2613 2614 2549
5019 2 2 0 1 2550 2614 2549
5020 2 2 0 1 2614 2615 2550
5021 2 2 0 1 2551 2615 2550
5022 2 2 0 1 2615 2616 2551
5023 2 2 0 1 2552 2616 2551
5024 2 2 0 1 2616 2617 2552
5025 2 2 0 1 2553 2617 2552
5026 2 2 0 1 2617 2618 2553
5027 2 2 0 1 2554 2618 2553
5028 2 2 0 1 2618 2619 2554
5029 2 2 0 1 2555 2619 2554
5030 2 2 0 1 2619 2620 2555
5031 2 2 0 1 2556 2620 2555
5032 2 2 0 1 2620 2621 2556
5033 2 2 0 1 2557 2621 2556
5034 2 2 0 1 2621 2622 2557
5035 2 2 0 1 2558 2622 2557
5036 2 2 0 1 2622 2623 2558
5037 2 2 0 1 2559 2623 2558
5038 2 2 0 1 2623 2624 2559
5039 2 2 0 1 2560 2624 2559
5040 2 2 0 1 2624 2625 2560
5041 2 2 0 1 2561 2625 2560
5042 2 2 0 1 2625 2626 2561
5043 2 2 0 1 2562 2626 2561
5044 2 2 0 1 2626 2627 2562
5045 2 2 0 1 2563 2627 2562
5046 2 2 0 1 2627 2628 2563
5047 2 2 0 1 2564 2628 2563
5048 2 2 0 1 2628 2629 2564
5049 2 2 0 1 2630 2629 2564
5050 2 2 0 1 2564 2630 2565
5051 2 2 0 1 2631 2630 2565
5052 2 2 0 1 2565 2631 2566
5053 2 2 0 1 2632 2631 2566
5054 2 2 0 1 2566 2632 2567
5055 2 2 0 1 2633 2632 2567
5056 2 2 0 1 2567 2633 2568
5057 2 2 0 1 2634 2633 2568
5058 2 2 0 1 2568 2634 2569
5059 2 2 0 1 2635 2634 2569
5060 2 2 0 1 2569 2635 2570
5061 2 2 0 1 2636 2635 2570
5062 2 2 0 1 2570 2636 2571
5063 2 2 0 1 2637 2636 2571
5064 2 2 0 1 2571 2637 2572
5065 2 2 0 1 2638 2637 2572
5066 2 2 0 1 2572 2638 2573
5067 2 2 0 1 2639 2638 2573
5068 2 2 0 1 2573 2639 2574
5069 2 2 0 1 2640 2639 2574
5070 2 2 0 1 2574 2640 2575
5071 2 2 0 1 2641 2640 2575
5072 2 2 0 1 2575 2641 2576
5073 2 2 0 1 2642 2641 2576
5074 2 2 0 1 2576 2642 2577
5075 2 2 0 1 2643 2642 2577
5076 2 2 0 1 2577 2643 2578
5077 2 2 0 1 2644 2643 2578
5078 2 2 0 1 2578 2644 2579
5079 2 2 0 1 2645 2644 2579
5080 2 2 0 1 2579 2645 2580
5081 2 2 0 1 2646 2645 2580
5082 2 2 0 1 2580 2646 2581
5083 2 2 0 1 2647 2646 2581
5084 2 2 0 1 2581 2647 2582
5085 2 2 0 1 2648 2647 2582
5086 2 2 0 1 2582 2648 2583
5087 2 2 0 1 2649 2648 2583
5088 2 2 0 1 2583 2649 2584
5089 2 2 0 1 2650 2649 2584
5090 2 2 0 1 2584 2650 2585
5091 2 2 0 1 2651 2650 2585
5092 2 2 0 1 2585 2651 2586
5093 2 2 0 1 2652 2651 2586
5094 2 2 0 1 2586 2652 2587
5095 2 2 0 1 2653 2652 2587
5096 2 2 0 1 2587 2653 2588
5097 2 2 0 1 2654 2653 2588
5098 2 2 0 1 2588 2654 2589
5099 2 2 0 1 2655 2654 2589
5100 2 2 0 1 2589 2655 2590
5101 2 2 0 1 2656 2655 2590
5102 2 2 0 1 2590 2656 2591
5103 2 2 0 1 2657 2656 2591
5104 2 2 0 1 2591 2657 2592
5105 2 2 0 1 2658 2657 2592
5106 2 2 0 1 2592 2658 2593
5107 2 2 0 1 2659 2658 2593
5108 2 2 0 1 2593 2659 2594
5109 2 2 0 1 2660 2659 2594
5110 2 2 0 1 2594 2660 2595
5111 2 2 0 1 2661 2660 2595
5112 2 2 0 1 2595 2661 2596
5113 2 2 0 1 2662 2661 2596
5114 2 2 0 1 2596 2662 2597
5115 2 2 0 1 2663 2662 2597
5116 2 2 0 1 2597 2663 2598
5117 2 2 0 1 2664 2663 2598
5118 2 2 0 1 2598 2664 2599
5119 2 2 0 1 2665 2664 2599
5120 2 2 0 1 2599 2665 2600
5121 2 2 0 1 2602 2666 2601
5122 2 2 0 1 2666 2667 2602
5123 2 2 0 1 2603 2667 2602
5124 2 2 0 1 2667 2668 2603
5125 2 2 0 1 2604 2668 2603
5126 2 2 0 1 2668 2669 2604
5127 2 2 0 1 2605 2669 2604
5128 2 2 0 1 2669 2670 2605
5129 2 2 0 1 2606 2670 2605
5130 2 2 0 1 2670 2671 2606
5131 2 2 0 1 2607 2671 2606
5132 2 2 0 1 2671 2672 2607
5133 2 2 0 1 2608 2672 2607
5134 2 2 0 1 2672 2673 2608
5135 2 2 0 1 2609 2673 2608
5136 2 2 0 1 2673 2674 2609
5137 2 2 0 1 2610 2674 2609
5138 2 2 0 1 2674 2675 2610
5139 2 2 0 1 2611 2675 2610
5140 2 2 0 1 2675 2676 2611
5141 2 2 0 1 2612 2676 2611
5142 2 2 0 1 2676 2677 2612
5143 2 2 0 1 2613 2677 2612
5144 2 2 0 1 2677 2678 2613
5145 2 2 0 1 2614 2678 2613
5146 2 2 0 1 2678 2679 2614
5147 2 2 0 1 2615 2679 2614
5148 2 2 0 1 2679 2680 2615
5149 2 2 0 1 2616 2680 2615
5150 2 2 0 1 2680 2681 2616
5151 2 2 0 1 2617 2681 2616
5152 2 2 0 1 2681 2682 2617
5153 2 2 0 1 2618 2682 2617
5154 2 2 0 1 2682 2683 2618
5155 2 2 0 1 2619 2683 2618
5156 2 2 0 1 2683 2684 2619
5157 2 2 0 1 2620 2684 2619
5158 2 2 0 1 2684 2685 2620
5159 2 2 0 1 2621 2685 2620
5160 2 2 0 1 2685 2686 2621
5161 2 2 0 1 2622 2686 2621
5162 2 2 0 1 2686 2687 2622
5163 2 2 0 1 2623 2687 2622
5164 2 2 0 1 2687 2688 2623
5165 2 2 0 1 2624 2688 2623
5166 2 2 0 1 2688 2689 2624
5167 2 2 0 1 2625 2689 2624
5168 2 2 0 1 2689 2690 2625
5169 2 2 0 1 2626 2690 2625
5170 2 2 0 1 2690 2691 2626
5171 2 2 0 1 2627 2691 2626
5172 2 2 0 1 2691 2692 2627
5173 2 2 0 1 2628 2692 2627
5174 2 2 0 1 2692 2693 2628
5175 2 2 0 1 2629 2693 2628
5176 2 2 0 1 2693 2694 2629
5177 2 2 0 1 2630 2694 2629
5178 2 2 0 1 2694 2695 2630
5179 2 2 0 1 2631 2695 2630
5180 2 2 0 1 2695 2696 2631
5181 2 2 0 1 2632 2696 2631
5182 2 2 0 1 2696 2697 2632
5183 2 2 0 1 2698 2697 2632
5184 2 2 0 1 2632 2698 2633
5185 2 2 0 1 2699 2698 2633
5186 2 2 0 1 2633 2699 2634
5187 2 2 0 1 2700 2699 2634
5188 2 2 0 1 2634 2700 2635
5189 2 2 0 1 2701 2700 2635
5190 2 2 0 1 2635 2701 2636
5191 2 2 0 1 2702 2701 2636
5192 2 2 0 1 2636 2702 2637
5193 2 2 0 1 2703 2702 2637
5194 2 2 0 1 2637 2703 2638
5195 2 2 0 1 2704 2703 2638
5196 2 2 0 1 2638 2704 2639
5197 2 2 0 1 2705 2704 2639
5198 2 2 0 1 2639 2705 2640
5199 2 2 0 1 2706 2705 2640
5200 2 2 0 1 2640 2706 2641
5201 2 2 0 1 2707 2706 2641
5202 2 2 0 1 2641 2707 2642
5203 2 2 0 1 2708 2707 2642
5204 2 2 0 1 2642 2708 2643
5205 2 2 0 1 2709 2708 2643
5206 2 2 0 1 2643 2709 2644
5207 2 2 0 1 2710 2709 2644
5208 2 2 0 1 2644 2710 2645
5209 2 2 0 1 2711 2710 2645
5210 2 2 0 1 2645 2711 2646
5211 2 2 0 1 2712 2711 2646
5212 2 2 0 1 2646 2712 2647
5213 2 2 0 1 2713 2712 2647
5214 2 2 0 1 2647 2713 2648
5215 2 2 0 1 2714 2713 2648
5216 2 2 0 1 2648 2714 2649
5217 2 2 0 1 2715 2714 2649
5218 2 2 0 1 2649 2715 2650
5219 2 2 0 1 2716 2715 2650
5220 2 2 0 1 2650 2716 2651
5221 2 2 0 1 2717 2716 2651
5222 2 2 0 1 2651 2717 2652
5223 2 2 0 1 2718 2717 2652
5224 2 2 0 1 2652 2718 2653
5225 2 2 0 1 2719 2718 2653
5226 2 2 0 1 2653 2719 2654
5227 2 2 0 1 2720 2719 2654
5228 2 2 0 1 2654 2720 2655
5229 2 2 0 1 2721 2720 2655
5230 2 2 0 1 2655 2721 2656
5231 2 2 0 1 2722 2721 2656
5232 2 2 0 1 2656 2722 2657
5233 2 2 0 1 2723 2722 2657
5234 2 2 0 1 2657 2723 2658
5235 2 2 0 1 2724 2723 2658
5236 2 2 0 1 2658 2724 2659
5237 2 2 0 1 2725 2724 2659
5238 2 2 0 1 2659 2725 2660
5239 2 2 0 1 2726 2725 2660
5240 2 2 0 1 2660 2726 2661
5241 2 2 0 1 2727 2726 2661
5242 2 2 0 1 2661 2727 2662
5243 2 2 0 1 2728 2727 2662
5244 2 2 0 1 2662 2728 2663
5245 2 2 0 1 2729 2728 2663
5246 2 2 0 1 2663 2729 2664
5247 2 2 0 1 2730 2729 2664
5248 2 2 0 1 2664 2730 2665
5249 2 2 0 1 2667 2731 2666
5250 2 2 0 1 2731 2732 2667
5251 2 2 0 1 2668 2732 2667
5252 2 2 0 1 2732 2733 2668
5253 2 2 0 1 2669 2733 2668
5254 2 2 0 1 2733 2734 2669
5255 2 2 0 1 2670 2734 2669
5256 2 2 0 1 2734 2735 2670
5257 2 2 0 1 2671 2735 2670
5258 2 2 0 1 2735 2736 2671
5259 2 2 0 1 2672 2736 2671
5260 2 2 0 1 2736 2737 2672
5261 2 2 0 1 2673 2737 2672
5262 2 2 0 1 2737 2738 2673
5263 2 2 0 1 2674 2738 2673
5264 2 2 0 1 2738 2739 2674
5265 2 2 0 1 2675 2739 2674
5266 2 2 0 1 2739 2740 2675
5267 2 2 0 1 2676 2740 2675
5268 2 2 0 1 2740 2741 2676
5269 2 2 0 1 2677 2741 2676
5270 2 2 0 1 2741 2742 2677
5271 2 2 0 1 2678 2742 2677
5272 2 2 0 1 2742 2743 2678
5273 2 2 0 1 2679 2743 2678
5274 2 2 0 1 2743 2744 2679
5275 2 2 0 1 2680 2744 2679
5276 2 2 0 1 2744 2745 2680
5277 2 2 0 1 2681 2745 2680
5278 2 2 0 1 2745 2746 2681
5279 2 2 0 1 2682 2746 2681
5280 2 2 0 1 2746 2747 2682
5281 2 2 0 1 2683 2747 2682
5282 2 2 0 1 2747 2748 2683
5283 2 2 0 1 2684 2748 2683
5284 2 2 0 1 2748 2749 2684
5285 2 2 0 1 2685 2749 2684
5286 2 2 0 1 2749 2750 2685
5287 2 2 0 1 2686 2750 2685
5288 2 2 0 1 2750 2751 2686
5289 2 2 0 1 2687 2751 2686
5290 2 2 0 1 2751 2752 2687
5291 2 2 0 1 2688 2752 2687
5292 2 2 0 1 2752 2753 2688
5293 2 2 0 1 2689 2753 2688
5294 2 2 0 1 2753 2754 2689
5295 2 2 0 1 2690 2754 2689
5296 2 2 0 1 2754 2755 2690
5297 2 2 0 1 2691 2755 2690
5298 2 2 0 1 2755 2756 2691
5299 2 2 0 1 2692 2756 2691
5300 2 2 0 1 2756 2757 2692
5301 2 2 0 1 2693 2757 2692
5302 2 2 0 1 2757 2758 2693
5303 2 2 0 1 2694 2758 2693
5304 2 2 0 1 2758 2759 2694
5305 2 2 0 1 2695 2759 2694
5306 2 2 0 1 2759 2760 2695
5307 2 2 0 1 2696 2760 2695
5308 2 2 0 1 2760 2761 2696
5309 2 2 0 1 2697 2761 2696
5310 2 2 0 1 2761 2762 2697
5311 2 2 0 1 2698 2762 2697
5312 2 2 0 1 2762 2763 2698
5313 2 2 0 1 2699 2763 2698
5314 2 2 0 1 2763 2764 2699
5315 2 2 0 1 2765 2764 2699
5316 2 2 0 1 2699 2765 2700
5317 2 2 0 1 2766 2765 2700
5318 2 2 0 1 2700 2766 2701
5319 2 2 0 1 2767 2766 2701
5320 2 2 0 1 2701 2767 2702
5321 2 2 0 1 2768 2767 2702
5322 2 2 0 1 2702 2768 2703
5323 2 2 0 1 2769 2768 2703
5324 2 2 0 1 2703 2769 2704
5325 2 2 0 1 2770 2769 2704
5326 2 2 0 1 2704 2770 2705
5327 2 2 0 1 2771 2770 2705
5328 2 2 0 1 2705 2771 2706
5329 2 2 0 1 2772 2771 2706
5330 2 2 0 1 2706 2772 2707
5331 2 2 0 1 2773 2772 2707
5332 2 2 0 1 2707 2773 2708
5333 2 2 0 1 2774 2773 2708
5334 2 2 0 1 2708 2774 2709
5335 2 2 0 1 2775 2774 2709
5336 2 2 0 1 2709 2775 2710
5337 2 2 0 1 2776 2775 2710
5338 2 2 0 1 2710 2776 2711
5339 2 2 0 1 2777 2776 2711
5340 2 2 0 1 2711 2777 2712
5341 2 2 0 1 2778 2777 2712
5342 2 2 0 1 2712 2778 2713
5343 2 2 0 1 2779 2778 2713
5344 2 2 0 1 2713 2779 2714
5345 2 2 0 1 2780 2779 2714
5346 2 2 0 1 2714 2780 2715
5347 2 2 0 1 2781 2780 2715
5348 2 2 0 1 2715 2781 2716
5349 2 2 0 1 2782 2781 2716
5350 2 2 0 1 2716 2782 2717
5351 2 2 0 1 2783 2782 2717
5352 2 2 0 1 2717 2783 2718
5353 2 2 0 1 2784 2783 2718
5354 2 2 0 1 2718 2784 2719
5355 2 2 0 1 2785 2784 2719
5356 2 2 0 1 2719 2785 2720
5357 2 2 0 1 2786 2785 2720
5358 2 2 0 1 2720 2786 2721
5359 2 2 0 1 2787 2786 2721
5360 2 2 0 1 2721 2787 2722
5361 2 2 0 1 2788 2787 2722
5362 2 2 0 1 2722 2788 2723
5363 2 2 0 1 2789 2788 2723
5364 2 2 0 1 2723 2789 2724
5365 2 2 0 1 2790 2789 2724
5366 2 2 0 1 2724 2790 2725
5367 2 2 0 1 2791 2790 2725
5368 2 2 0 1 2725 2791 2726
5369 2 2 0 1 2792 2791 2726
5370 2 2 0 1 2726 2792 2727
5371 2 2 0 1 2793 2792 2727
5372 2 2 0 1 2727 2793 2728
5373 2 2 0 1 2794 2793 2728
5374 2 2 0 1 2728 2794 2729
5375 2 2 0 1 2795 2794 2729
5376 2 2 0 1 2729 2795 2730
5377 2 2 0 1 2732 2796 2731
5378 2 2 0 1 2796 2797 2732
5379 2 2 0 1 2733 2797 2732
5380 2 2 0 1 2797 2798 2733
5381 2 2 0 1 2734 2798 2733
5382 2 2 0 1 2798 2799 2734
5383 2 2 0 1 2735 2799 2734
5384 2 2 0 1 2799 2800 2735
5385 2 2 0 1 2736 2800 2735
5386 2 2 0 1 2800 2801 2736
5387 2 2 0 1 2737 2801 2736
5388 2 2 0 1 2801 2802 2737
5389 2 2 0 1 2738 2802 2737
5390 2 2 0 1 2802 2803 2738
5391 2 2 0 1 2739 2803 2738
5392 2 2 0 1 2803 2804 2739
5393 2 2 0 1 2740 2804 2739
5394 2 2 0 1 2804 2805 2740
5395 2 2 0 1 2741 2805 2740
5396 2 2 0 1 2805 2806 2741
5397 2 2 0 1 2742 2806 2741
5398 2 2 0 1 2806 2807 2742
5399 2 2 0 1 2743 2807 2742
5400 2 2 0 1 2807 2808 2743
5401 2 2 0 1 2744 2808 2743
5402 2 2 0 1 2808 2809 2744
5403 2 2 0 1 2745 2809 2744
5404 2 2 0 1 2809 2810 2745
5405 2 2 0 1 2746 2810 2745
5406 2 2 0 1 2810 2811 2746
5407 2 2 0 1 2747 2811 2746
5408 2 2 0 1 2811 2812 2747
5409 2 2 0 1 2748 2812 2747
5410 2 2 0 1 2812 2813 2748
5411 2 2 0 1 2749 2813 2748
5412 2 2 0 1 2813 2814 2749
5413 2 2 0 1 2750 2814 2749
5414 2 2 0 1 2814 2815 2750
5415 2 2 0 1 2751 2815 2750
5416 2 2 0 1 2815 2816 2751
5417 2 2 0 1 2752 2816 2751
5418 2 2 0 1 2816 2817 2752
5419 2 2 0 1 2753 2817 2752
5420 2 2 0 1 2817 2818 2753
5421 2 2 0 1 2754 2818 2753
5422 2 2 0 1 2818 2819 2754
5423 2 2 0 1 2755 2819 2754
5424 2 2 0 1 2819 2820 2755
5425 2 2 0 1 2756 2820 2755
5426 2 2 0 1 2820 2821 2756
5427 2 2 0 1 2757 2821 2756
5428 2 2 0 1 2821 2822 2757
5429 2 2 0 1 2758 2822 2757
5430 2 2 0 1 2822 2823 2758
5431 2 2 0 1 2759 2823 2758
5432 2 2 0 1 2823 2824 2759
5433 2 2 0 1 2760 2824 2759
5434 2 2 0 1 2824 2825 2760
5435 2 2 0 1 2761 2825 2760
5436 2 2 0 1 2825 2826 2761
5437 2 2 0 1 2762 2826 2761
5438 2 2 0 1 2826 2827 2762
5439 2 2 0 1 2763 2827 2762
5440 2 2 0 1 2827 2828 2763
5441 2 2 0 1 2764 2828 2763
5442 2 2 0 1 2828 2829 2764
5443 2 2 0 1 2765 2829 2764
5444 2 2 0 1 2829 2830 2765
5445 2 2 0 1 2766 2830 2765
5446 2 2 0 1 2830 2831 2766
5447 2 2 0 1 2832 2831 2766
5448 2 2 0 1 2766 2832 2767
5449 2 2 0 1 2768 2832 2767
5450 2 2 0 1 2832 2833 2768
5451 2 2 0 1 2834 2833 2768
5452 2 2 0 1 2768 2834 2769
5453 2 2 0 1 2835 2834 2769
5454 2 2 0 1 2769 2835 2770
5455 2 2 0 1 2836 2835 2770
5456 2 2 0 1 2770 2836 2771
5457 2 2 0 1 2837 2836 2771
5458 2 2 0 1 2771 2837 2772
5459 2 2 0 1 2838 2837 2772
5460 2 2 0 1 2772 2838 2773
5461 2 2 0 1 2839 2838 2773
5462 2 2 0 1 2773 2839 2774
5463 2 2 0 1 2840 2839 2774
5464 2 2 0 1 2774 2840 2775
5465 2 2 0 1 2841 2840 2775
5466 2 2 0 1 2775 2841 2776
5467 2 2 0 1 2842 2841 2776
5468 2 2 0 1 2776 2842 2777
5469 2 2 0 1 2843 2842 2777
5470 2 2 0 1 2777 2843 2778
5471 2 2 0 1 2844 2843 2778
5472 2 2 0 1 2778 2844 2779
5473 2 2 0 1 2845 2844 2779
5474 2 2 0 1 2779 2845 2780
5475 2 2 0 1 2846 2845 2780
5476 2 2 0 1 2780 2846 2781
5477 2 2 0 1 2847 2846 2781
5478 2 2 0 1 2781 2847 2782
5479 2 2 0 1 2848 2847 2782
5480 2 2 0 1 2782 2848 2783
5481 2 2 0 1 2849 2848 2783
5482 2 2 0 1 2783 2849 2784
5483 2 2 0 1 2850 2849 2784
5484 2 2 0 1 2784 2850 2785
5485 2 2 0 1 2851 2850 2785
5486 2 2 0 1 2785 2851 2786
5487 2 2 0 1 2852 2851 2786
5488 2 2 0 1 2786 2852 2787
5489 2 2 0 1 2853 2852 2787
5490 2 2 0 1 2787 2853 2788
5491 2 2 0 1 2854 2853 2788
5492 2 2 0 1 2788 2854 2789
5493 2 2 0 1 2855 2854 2789
5494 2 2 0 1 2789 2855 2790
5495 2 2 0 1 2856 2855 2790
5496 2 2 0 1 2790 2856 2791
5497 2 2 0 1 2857 2856 2791
5498 2 2 0 1 2791 2857 2792
5499 2 2 0 1 2858 2857 2792
5500 2 2 0 1 2792 2858 2793
5501 2 2 0 1 2859 2858 2793
5502 2 2 0 1 2793 2859 2794
5503 2 2 0 1 2860 2859 2794
5504 2 2 0 1 2794 2860 2795
5505 2 2 0 1 2797 2861 2796
5506 2 2 0 1 2861 2862 2797
5507 2 2 0 1 2798 2862 2797
5508 2 2 0 1 2862 2863 2798
5509 2 2 0 1 2799 2863 2798
5510 2 2 0 1 2863 2864 2799
5511 2 2 0 1 2800 2864 2799
5512 2 2 0 1 2864 2865 2800
5513 2 2 0 1 2801 2865 2800
5514 2 2 0 1 2865 2866 2801
5515 2 2 0 1 2802 2866 2801
5516 2 2 0 1 2866 2867 2802
5517 2 2 0 1 2803 2867 2802
5518 2 2 0 1 2867 2868 2803
5519 2 2 0 1 2804 2868 2803
5520 2 2 0 1 2868 2869 2804
5521 2 2 0 1 2805 2869 2804
5522 2 2 0 1 2869 2870 2805
5523 2 2 0 1 2806 2870 2805
5524 2 2 0 1 2870 2871 2806
5525 2 2 0 1 2807 2871 2806
5526 2 2 0 1 2871 2872 2807
5527 2 2 0 1 2808 2872 2807
5528 2 2 0 1 2872 2873 2808
5529 2 2 0 1 2809 2873 2808
5530 2 2 0 1 2873 2874 2809
5531 2 2 0 1 2810 2874 2809
5532 2 2 0 1 2874 2875 2810
5533 2 2 0 1 2811 2875 2810
5534 2 2 0 1 2875 2876 2811
5535 2 2 0 1 2812 2876 2811
5536 2 2 0 1 2876 2877 2812
5537 2 2 0 1 2813 2877 2812
5538 2 2 0 1 2877 2878 2813
5539 2 2 0 1 2814 2878 2813
5540 2 2 0 1 2878 2879 2814
5541 2 2 0 1 2815 2879 2814
5542 2 2 0 1 2879 2880 2815
5543 2 2 0 1 2816 2880 2815
5544 2 2 0 1 2880 2881 2816
5545 2 2 0 1 2817 2881 2816
5546 2 2 0 1 2881 2882 2817
5547 2 2 0 1 2818 2882 2817
5548 2 2 0 1 2882 2883 2818
5549 2 2 0 1 2819 2883 2818
5550 2 2 0 1 2883 2884 2819
5551 2 2 0 1 2820 2884 2819
5552 2 2 0 1 2884 2885 2820
5553 2 2 0 1 2821 2885 2820
5554 2 2 0 1 2885 2886 2821
5555 2 2 0 1 2822 2886 2821
5556 2 2 0 1 2886 2887 2822
5557 2 2 0 1 2823 2887 2822
5558 2 2 0 1 2887 2888 2823
5559 2 2 0 1 2824 2888 2823
5560 2 2 0 1 2888 2889 2824
5561 2 2 0 1 2825 2889 2824
5562 2 2 0 1 2889 2890 2825
5563 2 2 0 1 2826 2890 2825
5564 2 2 0 1 2890 2891 2826
5565 2 2 0 1 2827 2891 2826
5566 2 2 0 1 2891 2892 2827
5567 2 2 0 1 2828 2892 2827
5568 2 2 0 1 2892 2893 2828
5569 2 2 0 1 2829 2893 2828
5570 2 2 0 1 2893 2894 2829
5571 2 2 0 1 2830 2894 2829
5572 2 2 0 1 2894 2895 2830
5573 2 2 0 1 2831 2895 2830
5574 2 2 0 1 2895 2896 2831
5575 2 2 0 1 2832 2896 2831
5576 2 2 0 1 2896 2897 2832
5577 2 2 0 1 2833 2897 2832
5578 2 2 0 1 2897 2898 2833
5579 2 2 0 1 2834 2898 2833
5580 2 2 0 1 2898 2899 2834
5581 2 2 0 1 2900 2899 2834
5582 2 2 0 1 2834 2900 2835
5583 2 2 0 1 2901 2900 2835
5584 2 2 0 1 2835 2901 2836
5585 2 2 0 1 2902 2901 2836
5586 2 2 0 1 2836 2902 2837
5587 2 2 0 1 2903 2902 2837
5588 2 2 0 1 2837 2903 2838
5589 2 2 0 1 2904 2903 2838
5590 2 2 0 1 2838 2904 2839
5591 2 2 0 1 2905 2904 2839
5592 2 2 0 1 2839 2905 2840
5593 2 2 0 1 2906 2905 2840
5594 2 2 0 1 2840 2906 2841
5595 2 2 0 1 2907 2906 2841
5596 2 2 0 1 2841 2907 2842
5597 2 2 0 1 2908 2907 2842
5598 2 2 0 1 2842 2908 2843
5599 2 2 0 1 2909 2908 2843
5600 2 2 0 1 2843 2909 2844
5601 2 2 0 1 2910 2909 2844
5602 2 2 0 1 2844 2910 2845
5603 2 2 0 1 2911 2910 2845
5604 2 2 0 1 2845 2911 2846
5605 2 2 0 1 2912 2911 2846
5606 2 2 0 1 2846 2912 2847
5607 2 2 0 1 2913 2912 2847
5608 2 2 0 1 2847 2913 2848
5609 2 2 0 1 2914 2913 2848
5610 2 2 0 1 2848 2914 2849
5611 2 2 0 1 2915 2914 2849
5612 2 2 0 1 2849 2915 2850
5613 2 2 0 1 2916 2915 2850
5614 2 2 0 1 2850 2916 2851
5615 2 2 0 1 2917 2916 2851
5616 2 2 0 1 2851 2917 2852
5617 2 2 0 1 2918 2917 2852
5618 2 2 0 1 2852 2918 2853
5619 2 2 0 1 2919 2918 2853
5620 2 2 0 1 2853 2919 2854
5621 2 2 0 1 2920 2919 2854
5622 2 2 0 1 2854 2920 2855
5623 2 2 0 1 2921 2920 2855
5624 2 2 0 1 2855 2921 2856
5625 2 2 0 1 2922 2921 2856
5626 2 2 0 1 2856 2922 2857
5627 2 2 0 1 2923 2922 2857
5628 2 2 0 1 2857 2923 2858
5629 2 2 0 1 2924 2923 2858
5630 2 2 0 1 2858 2924 2859
5631 2 2 0 1 2925 2924 2859
5632 2 2 0 1 2859 2925 2860
5633 2 2 0 1 2862 2926 2861
5634 2 2 0 1 2926 2927 2862
5635 2 2 0 1 2863 2927 2862
5636 2 2 0 1 2927 2928 2863
5637 2 2 0 1 2864 2928 2863
5638 2 2 0 1 2928 2929 2864
5639 2 2 0 1 2865 2929 2864
5640 2 2 0 1 2929 2930 2865
5641 2 2 0 1 2866 2930 2865
5642 2 2 0 1 2930 2931 2866
5643 2 2 0 1 2867 2931 2866
5644 2 2 0 1 2931 2932 2867
5645 2 2 0 1 2868 2932 2867
5646 2 2 0 1 2932 2933 2868
5647 2 2 0 1 2869 2933 2868
5648 2 2 0 1 2933 2934 2869
5649 2 2 0 1 2870 2934 2869
5650 2 2 0 1 2934 2935 2870
5651 2 2 0 1 2871 2935 2870
5652 2 2 0 1 2935 2936 2871
5653 2 2 0 1 2872 2936 2871
5654 2 2 0 1 2936 2937 2872
5655 2 2 0 1 2873 2937 2872
5656 2 2 0 1 2937 2938 2873
5657 2 2 0 1 2874 2938 2873
5658 2 2 0 1 2938 2939 2874
5659 2 2 0 1 2875 2939 2874
5660 2 2 0 1 2939 2940 2875
5661 2 2 0 1 2876 2940 2875
5662 2 2 0 1 2940 2941 2876
5663 2 2 0 1 2877 2941 2876
5664 2 2 0 1 2941 2942 2877
5665 2 2 0 1 2878 2942 2877
5666 2 2 0 1 2942 2943 2878
5667 2 2 0 1 2879 2943 2878
5668 2 2 0 1 2943 2944 2879
5669 2 2 0 1 2880 2944 2879
5670 2 2 0 1 2944 2945 2880
5671 2 2 0 1 2881 2945 2880
5672 2 2 0 1 2945 2946 2881
5673 2 2 0 1 2882 2946 2881
5674 2 2 0 1 2946 2947 2882
5675 2 2 0 1 2883 2947 2882
5676 2 2 0 1 2947 2948 2883
5677 2 2 0 1 2884 2948 2883
5678 2 2 0 1 2948 2949 2884
5679 2 2 0 1 2885 2949 2884
5680 2 2 0 1 2949 2950 2885
5681 2 2 0 1 2886 2950 2885
5682 2 2 0 1 2950 2951 2886
5683 2 2 0 1 2887 2951 2886
5684 2 2 0 1 2951 2952 2887
5685 2 2 0 1 2888 2952 2887
5686 2 2 0 1 2952 2953 2888
5687 2 2 0 1 2889 2953 2888
5688 2 2 0 1 2953 2954 2889
5689 2 2 0 1 2890 2954 2889
5690 2 2 0 1 2954 2955 2890
5691 2 2 0 1 2891 2955 2890
5692 2 2 0 1 2955 2956 2891
5693 2 2 0 1 2892 2956 2891
5694 2 2 0 1 2956 2957 2892
5695 2 2 0 1 2893 2957 2892
5696 2 2 0 1 2957 2958 2893
5697 2 2 0 1 2894 2958 2893
5698 2 2 0 1 2958 2959 2894
5699 2 2 0 1 2895 2959 2894
5700 2 2 0 1 2959 2960 2895
5701 2 2 0 1 2896 2960 2895
5702 2 2 0 1 2960 2961 2896
5703 2 2 0 1 2897 2961 2896
5704 2 2 0 1 2961 2962 2897
5705 2 2 0 1 2898 2962 2897
5706 2 2 0 1 2962 2963 2898
5707 2 2 0 1 2899 2963 2898
5708 2 2 0 1 2963 2964 2899
5709 2 2 0 1 2900 2964 2899
5710 2 2 0 1 2964 2965 2900
5711 2 2 0 1 2901 2965 2900
5712 2 2 0 1 2965 2966 2901
5713 2 2 0 1 2967 2966 2901
5714 2 2 0 1 2901 2967 2902
5715 2 2 0 1 2968 2967 2902
5716 2 2 0 1 2902 2968 2903
5717 2 2 0 1 2969 2968 2903
5718 2 2 0 1 2903 2969 2904
5719 2 2 0 1 2970 2969 2904
5720 2 2 0 1 2904 2970 2905
5721 2 2 0 1 2971 2970 2905
5722 2 2 0 1 2905 2971 2906
5723 2 2 0 1 2972 2971 2906
5724 2 2 0 1 2906 2972 2907
5725 2 2 0 1 2973 2972 2907
5726 2 2 0 1 2907 2973 2908
5727 2 2 0 1 2974 2973 2908
5728 2 2 0 1 2908 2974 2909
5729 2 2 0 1 2975 2974 2909
5730 2 2 0 1 2909 2975 2910
5731 2 2 0 1 2976 2975 2910
5732 2 2 0 1 2910 2976 2911
5733 2 2 0 1 2977 2976 2911
5734 2 2 0 1 2911 2977 2912
5735 2 2 0 1 2978 2977 2912
5736 2 2 0 1 2912 2978 2913
5737 2 2 0 1 2979 2978 2913
5738 2 2 0 1 2913 2979 2914
5739 2 2 0 1 2980 2979 2914
5740 2 2 0 1 2914 2980 2915
5741 2 2 0 1 2981 2980 2915
5742 2 2 0 1 2915 2981 2916
5743 2 2 0 1 2982 2981 2916
5744 2 2 0 1 2916 2982 2917
5745 2 2 0 1 2983 2982 2917
5746 2 2 0 1 2917 2983 2918
5747 2 2 0 1 2984 2983 2918
5748 2 2 0 1 2918 2984 2919
5749 2 2 0 1 2985 2984 2919
5750 2 2 0 1 2919 2985 2920
5751 2 2 0 1 2986 2985 2920
5752 2 2 0 1 2920 2986 2921
5753 2 2 0 1 2987 2986 2921
5754 2 2 0 1 2921 2987 2922
5755 2 2 0 1 2988 2987 2922
5756 2 2 0 1 2922 2988 2923
5757 2 2 0 1 2989 2988 2923
5758 2 2 0 1 2923 2989 2924
5759 2 2 0 1 2990 2989 2924
5760 2 2 0 1 2924 2990 2925
5761 2 2 0 1 2927 2991 2926
5762 2 2 0 1 2991 2992 2927
5763 2 2 0 1 2928 2992 2927
5764 2 2 0 1 2992 2993 2928
5765 2 2 0 1 2929 2993 2928
5766 2 2 0 1 2993 2994 2929
5767 2 2 0 1 2930 2994 2929
5768 2 2 0 1 2994 2995 2930
5769 2 2 0 1 2931 2995 2930
5770 2 2 0 1 2995 2996 2931
5771 2 2 0 1 2932 2996 2931
5772 2 2 0 1 2996 2997 2932
5773 2 2 0 1 2933 2997 2932
5774 2 2 0 1 2997 2998 2933
5775 2 2 0 1 2934 2998 2933
5776 2 2 0 1 2998 2999 2934
5777 2 2 0 1 2935 2999 2934
5778 2 2 0 1 2999 3000 2935
5779 2 2 0 1 2936 3000 2935
5780 2 2 0 1 3000 3001 2936
5781 2 2 0 1 2937 3001 2936
5782 2 2 0 1 3001 3002 2937
5783 2 2 0 1 2938 3002 2937
5784 2 2 0 1 3002 3003 2938
5785 2 2 0 1 2939 3003 2938
5786 2 2 0 1 3003 3004 2939
5787 2 2 0 1 2940 3004 2939
5788 2 2 0 1 3004 3005 2940
5789 2 2 0 1 2941 3005 2940
5790 2 2 0 1 3005 3006 2941
5791 2 2 0 1 2942 3006 2941
5792 2 2 0 1 3006 3007 2942
5793 2 2 0 1 2943 3007 2942
5794 2 2 0 1 3007 3008 2943
5795 2 2 0 1 2944 3008 2943
5796 2 2 0 1 3008 3009 2944
5797 2 2 0 1 2945 3009 2944
5798 2 2 0 1 3009 3010 2945
5799 2 2 0 1 2946 3010 2945
5800 2 2 0 1 3010 3011 2946
5801 2 2 0 1 2947 3011 2946
5802 2 2 0 1 3011 3012 2947
5803 2 2 0 1 2948 3012 2947
5804 2 2 0 1 3012 3013 2948
5805 2 2 0 1 2949 3013 2948
5806 2 2 0 1 3013 3014 2949
5807 2 2 0 1 2950 3014 2949
5808 2 2 0 1 3014 3015 2950
5809 2 2 0 1 2951 3015 2950
5810 2 2 0 1 3015 3016 2951
5811 2 2 0 1 2952 3016 2951
5812 2 2 0 1 3016 3017 2952
5813 2 2 0 1 2953 3017 2952
5814 2 2 0 1 3017 3018 2953
5815 2 2 0 1 2954 3018 2953
5816 2 2 0 1 3018 3019 2954
5817 2 2 0 1 2955 3019 2954
5818 2 2 0 1 3019 3020 2955
5819 2 2 0 1 2956 3020 2955
5820 2 2 0 1 3020 3021 2956
5821 2 2 0 1 2957 3021 2956
5822 2 2 0 1 3021 3022 2957
5823 2 2 0 1 2958 3022 2957
5824 2 2 0 1 3022 3023 2958
5825 2 2 0 1 2959 3023 2958
5826 2 2 0 1 3023 3024 2959
5827 2 2 0 1 2960 3024 2959
5828 2 2 0 1 3024 3025 2960
5829 2 2 0 1 2961 3025 2960
5830 2 2 0 1 3025 3026 2961
5831 2 2 0 1 2962 3026 2961
5832 2 2 0 1 3026 3027 2962
5833 2 2 0 1 2963 3027 2962
5834 2 2 0 1 3027 3028 2963
5835 2 2 0 1 2964 3028 2963
5836 2 2 0 1 3028 3029 2964
5837 2 2 0 1 2965 3029 2964
5838 2 2 0 1 3029 3030 2965
5839 2 2 0 1 2966 3030 2965
5840 2 2 0 1 3030 3031 2966
5841 2 2 0 1 3032 3031 2966
5842 2 2 0 1 2966 3032 2967
5843 2 2 0 1 2968 3032 2967
5844 2 2 0 1 3032 3033 2968
5845 2 2 0 1 2969 3033 2968
5846 2 2 0 1 3033 3034 2969
5847 2 2 0 1 3035 3034 2969
5848 2 2 0 1 2969 3035 2970
5849 2 2 0 1 3036 3035 2970
5850 2 2 0 1 2970 3036 2971
5851 2 2 0 1 3037 3036 2971
5852 2 2 0 1 2971 3037 2972
5853 2 2 0 1 3038 3037 2972
5854 2 2 0 1 2972 3038 2973
5855 2 2 0 1 3039 3038 2973
5856 2 2 0 1 2973 3039 2974
5857 2 2 0 1 3040 3039 2974
5858 2 2 0 1 2974 3040 2975
5859 2 2 0 1 3041 3040 2975
5860 2 2 0 1 2975 3041 2976
5861 2 2 0 1 3042 3041 2976
5862 2 2 0 1 2976 3042 2977
5863 2 2 0 1 3043 3042 2977
5864 2 2 0 1 2977 3043 2978
5865 2 2 0 1 3044 3043 2978
5866 2 2 0 1 2978 3044 2979
5867 2 2 0 1 3045 3044 2979
5868 2 2 0 1 2979 3045 2980
5869 2 2 0 1 3046 3045 2980
5870 2 2 0 1 2980 3046 2981
5871 2 2 0 1 3047 3046 2981
5872 2 2 0 1 2981 3047 2982
5873 2 2 0 1 3048 3047 2982
5874 2 2 0 1 2982 3048 2983
5875 2 2 0 1 3049 3048 2983
5876 2 2 0 1 2983 3049 2984
5877 2 2 0 1 3050 3049 2984
5878 2 2 0 1 2984 3050 2985
5879 2 2 0 1 3051 3050 2985
5880 2 2 0 1 2985 3051 2986
5881 2 2 0 1 3052 3051 2986
5882 2 2 0 1 2986 3052 2987
5883 2 2 0 1 3053 3052 2987
5884 2 2 0 1 2987 3053 2988
5885 2 2 0 1 3054 3053 2988
5886 2 2 0 1 2988 3054 2989
5887 2 2 0 1 3055 3054 2989
5888 2 2 0 1 2989 3055 2990
5889 2 2 0 1 2992 3056 2991
5890 2 2 0 1 3056 3057 2992
5891 2 2 0 1 2993 3057 2992
5892 2 2 0 1 3057 3058 2993
5893 2 2 0 1 2994 3058 2993
5894 2 2 0 1 3058 3059 2994
5895 2 2 0 1 2995 3059 2994
5896 2 2 0 1 3059 3060 2995
5897 2 2 0 1 2996 3060 2995
5898 2 2 0 1 3060 3061 2996
5899 2 2 0 1 2997 3061 2996
5900 2 2 0 1 3061 3062 2997
5901 2 2 0 1 2998 3062 2997
5902 2 2 0 1 3062 3063 2998
5903 2 2 0 1 2999 3063 2998
5904 2 2 0 1 3063 3064 2999
5905 2 2 0 1 3000 3064 2999
5906 2 2 0 1 3064 3065 3000
5907 2 2 0 1 3001 3065 3000
5908 2 2 0 1 3065 3066 3001
5909 2 2 0 1 3002 3066 3001
5910 2 2 0 1 3066 3067 3002
5911 2 2 0 1 3003 3067 3002
5912 2 2 0 1 3067 3068 3003
5913 2 2 0 1 3004 3068 3003
5914 2 2 0 1 3068 3069 3004
5915 2 2 0 1 3005 3069 3004
5916 2 2 0 1 3069 3070 3005
5917 2 2 0 1 3006 3070 3005
5918 2 2 0 1 3070 3071 3006
5919 2 2 0 1 3007 3071 3006
5920 2 2 0 1 3071 3072 3007
5921 2 2 0 1 3008 3072 3007
5922 2 2 0 1 3072 3073 3008
5923 2 2 0 1 3009 3073 3008
5924 2 2 0 1 3073 3074 3009
5925 2 2 0 1 3010 3074 3009
5926 2 2 0 1 3074 3075 3010
5927 2 2 0 1 3011 3075 3010
5928 2 2 0 1 3075 3076 3011
5929 2 2 0 1 3012 3076 3011
5930 2 2 0 1 3076 3077 3012
5931 2 2 0 1 3013 3077 3012
5932 2 2 0 1 3077 3078 3013
5933 2 2 0 1 3014 3078 3013
5934 2 2 0 1 3078 3079 3014
5935 2 2 0 1 3015 3079 3014
5936 2 2 0 1 3079 3080 3015
5937 2 2 0 1 3016 3080 3015
5938 2 2 0 1 3080 3081 3016
5939 2 2 0 1 3017 3081 3016
5940 2 2 0 1 3081 3082 3017
5941 2 2 0 1 3018 3082 3017
5942 2 2 0 1 3082 3083 3018
5943 2 2 0 1 3019 3083 3018
5944 2 2 0 1 3083 3084 3019
5945 2 2 0 1 3020 3084 3019
5946 2 2 0 1 3084 3085 3020
5947 2 2 0 1 3021 3085 3020
5948 2 2 0 1 3085 3086 3021
5949 2 2 0 1 3022 3086 3021
5950 2 2 0 1 3086 3087 3022
5951 2 2 0 1 3023 3087 3022
5952 2 2 0 1 3087 3088 3023
5953 2 2 0 1 3024 3088 3023
5954 2 2 0 1 3088 3089 3024
5955 2 2 0 1 3025 3089 3024
5956 2 2 0 1 3089 3090 3025
5957 2 2 0 1 3026 3090 3025
5958 2 2 0 1 3090 3091 3026
5959 2 2 0 1 3027 3091 3026
5960 2 2 0 1 3091 3092 3027
5961 2 2 0 1 3028 3092 3027
5962 2 2 0 1 3092 3093 3028
5963 2 2 0 1 3029 3093 3028
5964 2 2 0 1 3093 3094 3029
5965 2 2 0 1 3030 3094 3029
5966 2 2 0 1 3094 3095 3030
5967 2 2 0 1 3031 3095 3030
5968 2 2 0 1 3095 3096 3031
5969 2 2 0 1 3032 3096 3031
5970 2 2 0 1 3096 3097 3032
5971 2 2 0 1 3033 3097 3032
5972 2 2 0 1 3097 3098 3033
5973 2 2 0 1 3034 3098 3033
5974 2 2 0 1 3098 3099 3034
5975 2 2 0 1 3035 3099 3034
5976 2 2 0 1 3099 3100 3035
5977 2 2 0 1 3101 3100 3035
5978 2 2 0 1 3035 3101 3036
5979 2 2 0 1 3102 3101 3036
5980 2 2 0 1 3036 3102 3037
5981 2 2 0 1 3103 3102 3037
5982 2 2 0 1 3037 3103 3038
5983 2 2 0 1 3104 3103 3038
5984 2 2 0 1 3038 3104 3039
5985 2 2 0 1 3105 3104 3039
5986 2 2 0 1 3039 3105 3040
5987 2 2 0 1 3106 3105 3040
5988 2 2 0 1 3040 3106 3041
5989 2 2 0 1 3107 3106 3041
5990 2 2 0 1 3041 3107 3042
5991 2 2 0 1 3108 3107 3042
5992 2 2 0 1 3042 3108 3043
5993 2 2 0 1 3109 3108 3043
5994 2 2 0 1 3043 3109 3044
5995 2 2 0 1 3110 3109 3044
5996 2 2 0 1 3044 3110 3045
5997 2 2 0 1 3111 3110 3045
5998 2 2 0 1 3045 3111 3046
5999 2 2 0 1 3112 3111 3046
6000 2 2 0 1 3046 3112 3047
6001 2 2 0 1 3113 3112 3047
6002 2 2 0 1 3047 3113 3048
6003 2 2 0 1 3114 3113 3048
6004 2 2 0 1 3048 3114 3049
6005 2 2 0 1 3115 3114 3049
6006 2 2 0 1 3049 3115 3050
6007 2 2 0 1 3116 3115 3050
6008 2 2 0 1 3050 3116 3051
6009 2 2 0 1 3117 3116 3051
6010 2 2 0 1 3051 3117 3052
6011 2 2 0 1 3118 3117 3052
6012 2 2 0 1 3052 3118 3053
6013 2 2 0 1 3119 3118 3053
6014 2 2 0 1 3053 3119 3054
6015 2 2 0 1 3120 3119 3054
6016 2 2 0 1 3054 3120 3055
6017 2 2 0 1 3057 3121 3056
6018 2 2 0 1 3121 3122 3057
6019 2 2 0 1 3058 3122 3057
6020 2 2 0 1 3122 3123 3058
6021 2 2 0 1 3059 3123 3058
6022 2 2 0 1 3123 3124 3059
6023 2 2 0 1 3060 3124 3059
6024 2 2 0 1 3124 3125 3060
6025 2 2 0 1 3061 3125 3060
6026 2 2 0 1 3125 3126 3061
6027 2 2 0 1 3062 3126 3061
6028 2 2 0 1 3126 3127 3062
6029 2 2 0 1 3063 3127 3062
6030 2 2 0 1 3127 3128 3063
6031 2 2 0 1 3064 3128 3063
6032 2 2 0 1 3128 3129 3064
6033 2 2 0 1 3065 3129 3064
6034 2 2 0 1 3129 3130 3065
6035 2 2 0 1 3066 3130 3065
6036 2 2 0 1 3130 3131 3066
6037 2 2 0 1 3067 3131 3066
6038 2 2 0 1 3131 3132 3067
6039 2 2 0 1 3068 3132 3067
6040 2 2 0 1 3132 3133 3068
6041 2 2 0 1 3069 3133 3068
6042 2 2 0 1 3133 3134 3069
6043 2 2 0 1 3070 3134 3069
6044 2 2 0 1 3134 3135 3070
6045 2 2 0 1 3071 3135 3070
6046 2 2 0 1 3135 3136 3071
6047 2 2 0 1 3072 3136 3071
6048 2 2 0 1 3136 3137 3072
6049 2 2 0 1 3073 3137 3072
6050 2 2 0 1 3137 3138 3073
6051 2 2 0 1 3074 3138 3073
6052 2 2 0 1 3138 3139 3074
6053 2 2 0 1 3075 3139 3074
6054 2 2 0 1 3139 3140 3075
6055 2 2 0 1 3076 3140 3075
6056 2 2 0 1 3140 3141 3076
6057 2 2 0 1 3077 3141 3076
6058 2 2 0 1 3141 3142 3077
6059 2 2 0 1 3078 3142 3077
6060 2 2 0 1 3142 3143 3078
6061 2 2 0 1 3079 3143 3078
6062 2 2 0 1 3143 3144 3079
6063 2 2 0 1 3080 3144 3079
6064 2 2 0 1 3144 3145 3080
6065 2 2 0 1 3081 3145 3080
6066 2 2 0 1 3145 3146 3081
6067 2 2 0 1 3082 3146 3081
6068 2 2 0 1 3146 3147 3082
6069 2 2 0 1 3083 3147 3082
6070 2 2 0 1 3147 3148 3083
6071 2 2 0 1 3084 3148 3083
6072 2 2 0 1 3148 3149 3084
6073 2 2 0 1 3085 3149 3084
6074 2 2 0 1 3149 3150 3085
6075 2 2 0 1 3086 3150 3085
6076 2 2 0 1 3150 3151 3086
6077 2 2 0 1 3087 3151 3086
6078 2 2 0 1 3151 3152 3087
6079 2 2 0 1 3088 3152 3087
6080 2 2 0 1 3152 3153 3088
6081 2 2 0 1 3089 3153 3088
6082 2 2 0 1 3153 3154 3089
6083 2 2 0 1 3090 3154 3089
6084 2 2 0 1 3154 3155 3090
6085 2 2 0 1 3091 3155 3090
6086 2 2 0 1 3155 3156 3091
6087 2 2 0 1 3092 3156 3091
6088 2 2 0 1 3156 3157 3092
6089 2 2 0 1 3093 3157 3092
6090 2 2 0 1 3157 3158 3093
6091 2 2 0 1 3094 3158 3093
6092 2 2 0 1 3158 3159 3094
6093 2 2 0 1 3095 3159 3094
6094 2 2 0 1 3159 3160 3095
6095 2 2 0 1 3096 3160 3095
6096 2 2 0 1 3160 3161 3096
6097 2 2 0 1 3097 3161 3096
6098 2 2 0 1 3161 3162 3097
6099 2 2 0 1 3098 3162 3097
6100 2 2 0 1 3162 3163 3098
6101 2 2 0 1 3099 3163 3098
6102 2 2 0 1 3163 3164 3099
6103 2 2 0 1 3100 3164 3099
6104 2 2 0 1 3164 3165 3100
6105 2 2 0 1 3101 3165 3100
6106 2 2 0 1 3165 3166 3101
6107 2 2 0 1 3167 3166 3101
6108 2 2 0 1 3101 3167 3102
6109 2 2 0 1 3168 3167 3102
6110 2 2 0 1 3102 3168 3103
6111 2 2 0 1 3169 3168 3103
6112 2 2 0 1 3103 3169 3104
6113 2 2 0 1 3170 3169 3104
6114 2 2 0 1 3104 3170 3105
6115 2 2 0 1 3171 3170 3105
6116 2 2 0 1 3105 3171 3106
6117 2 2 0 1 3172 3171 3106
6118 2 2 0 1 3106 3172 3107
6119 2 2 0 1 3173 3172 3107
6120 2 2 0 1 3107 3173 3108
6121 2 2 0 1 3174 3173 3108
6122 2 2 0 1 3108 3174 3109
6123 2 2 0 1 3175 3174 3109
6124 2 2 0 1 3109 3175 3110
6125 2 2 0 1 3176 3175 3110
6126 2 2 0 1 3110 3176 3111
6127 2 2 0 1 3177 3176 3111
6128 2 2 0 1 3111 3177 3112
6129 2 2 0 1 3178 3177 3112
6130 2 2 0 1 3112 3178 3113
6131 2 2 0 1 3179 3178 3113
6132 2 2 0 1 3113 3179 3114
6133 2 2 0 1 3180 3179 3114
6134 2 2 0 1 3114 3180 3115
6135 2 2 0 1 3181 3180 3115
6136 2 2 0 1 3115 3181 3116
6137 2 2 0 1 3182 3181 3116
6138 2 2 0 1 3116 3182 3117
6139 2 2 0 1 3183 3182 3117
6140 2 2 0 1 3117 3183 3118
6141 2 2 0 1 3184 3183 3118
6142 2 2 0 1 3118 3184 3119
6143 2 2 0 1 3185 3184 3119
6144 2 2 0 1 3119 3185 3120
6145 2 2 0 1 3122 3186 3121
6146 2 2 0 1 3186 3187 3122
6147 2 2 0 1 3123 3187 3122
6148 2 2 0 1 3187 3188 3123
6149 2 2 0 1 3124 3188 3123
6150 2 2 0 1 3188 3189 3124
6151 2 2 0 1 3125 3189 3124
6152 2 2 0 1 3189 3190 3125
6153 2 2 0 1 3126 3190 3125
6154 2 2 0 1 3190 3191 3126
6155 2 2 0 1 3127 3191 3126
6156 2 2 0 1 3191 3192 3127
6157 2 2 0 1 3128 3192 3127
6158 2 2 0 1 3192 3193 3128
6159 2 2 0 1 3129 3193 3128
6160 2 2 0 1 3193 3194 3129
6161 2 2 0 1 3130 3194 3129
6162 2 2 0 1 3194 3195 3130
6163 2 2 0 1 3131 3195 3130
6164 2 2 0 1 3195 3196 3131
6165 2 2 0 1 3132 3196 3131
6166 2 2 0 1 3196 3197 3132
6167 2 2 0 1 3133 3197 3132
6168 2 2 0 1 3197 3198 3133
6169 2 2 0 1 3134 3198 3133
6170 2 2 0 1 3198 3199 3134
6171 2 2 0 1 3135 3199 3134
6172 2 2 0 1 3199 3200 3135
6173 2 2 0 1 3136 3200 3135
6174 2 2 0 1 3200 3201 3136
6175 2 2 0 1 3137 3201 3136
6176 2 2 0 1 3201 3202 3137
6177 2 2 0 1 3138 3202 3137
6178 2 2 0 1 3202 3203 3138
6179 2 2 0 1 3139 3203 3138
6180 2 2 0 1 3203 3204 3139
6181 2 2 0 1 3140 3204 3139
6182 2 2 0 1 3204 3205 3140
6183 2 2 0 1 3141 3205 3140
6184 2 2 0 1 3205 3206 3141
6185 2 2 0 1 3142 3206 3141
6186 2 2 0 1 3206 3207 3142
6187 2 2 0 1 3143 3207 3142
6188 2 2 0 1 3207 3208 3143
6189 2 2 0 1 3144 3208 3143
6190 2 2 0 1 3208 3209 3144
6191 2 2 0 1 3145 3209 3144
6192 2 2 0 1 3209 3210 3145
6193 2 2 0 1 3146 3210 3145
6194 2 2 0 1 3210 3211 3146
6195 2 2 0 1 3147 3211 3146
6196 2 2 0 1 3211 3212 3147
6197 2 2 0 1 3148 3212 3147
6198 2 2 0 1 3212 3213 3148
6199 2 2 0 1 3149 3213 3148
6200 2 2 0 1 3213 3214 3149
6201 2 2 0 1 3150 3214 3149
6202 2 2 0 1 3214 3215 3150
6203 2 2 0 1 3151 3215 3150
6204 2 2 0 1 3215 3216 3151
6205 2 2 0 1 3152 3216 3151
6206 2 2 0 1 3216 3217 3152
6207 2 2 0 1 3153 3217 3152
6208 2 2 0 1 3217 3218 3153
6209 2 2 0 1 3154 3218 3153
6210 2 2 0 1 3218 3219 3154
6211 2 2 0 1 3155 3219 3154
6212 2 2 0 1 3219 3220 3155
6213 2 2 0 1 3156 3220 3155
6214 2 2 0 1 3220 3221 3156
6215 2 2 0 1 3157 3221 3156
6216 2 2 0 1 3221 3222 3157
6217 2 2 0 1 3158 3222 3157
6218 2 2 0 1 3222 3223 3158
6219 2 2 0 1 3159 3223 3158
6220 2 2 0 1 3223 3224 3159
6221 2 2 0 1 3160 3224 3159
6222 2 2 0 1 3224 3225 3160
6223 2 2 0 1 3161 3225 3160
6224 2 2 0 1 3225 3226 3161
6225 2 2 0 1 3162 3226 3161
6226 2 2 0 1 3226 3227 3162
6227 2 2 0 1 3163 3227 3162
6228 2 2 0 1 3227 3228 3163
6229 2 2 0 1 3164 3228 3163
6230 2 2 0 1 3228 3229 3164
6231 2 2 0 1 3165 3229 3164
6232 2 2 0 1 3229 3230 3165
6233 2 2 0 1 3166 3230 3165
6234 2 2 0 1 3230 3231 3166
6235 2 2 0 1 3167 3231 3166
6236 2 2 0 1 3231 3232 3167
6237 2 2 0 1 3233 3232 3167
6238 2 2 0 1 3167 3233 3168
6239 2 2 0 1 3234 3233 3168
6240 2 2 0 1 3168 3234 3169
6241 2 2 0 1 3235 3234 3169
6242 2 2 0 1 3169 3235 3170
6243 2 2 0 1 3236 3235 3170
6244 2 2 0 1 3170 3236 3171
6245 2 2 0 1 3237 3236 3171
6246 2 2 0 1 3171 3237 3172
6247 2 2 0 1 3238 3237 3172
6248 2 2 0 1 3172 3238 3173
6249 2 2 0 1 3239 3238 3173
6250 2 2 0 1 3173 3239 3174
6251 2 2 0 1 3240 3239 3174
6252 2 2 0 1 3174 3240 3175
6253 2 2 0 1 3241 3240 3175
6254 2 2 0 1 3175 3241 3176
6255 2 2 0 1 3242 3241 3176
6256 2 2 0 1 3176 3242 3177
6257 2 2 0 1 3243 3242 3177
6258 2 2 0 1 3177 3243 3178
6259 2 2 0 1 3244 3243 3178
6260 2 2 0 1 3178 3244 3179
6261 2 2 0 1 3245 3244 3179
6262 2 2 0 1 3179 3245 3180
6263 2 2 0 1 3246 3245 3180
6264 2 2 0 1 3180 3246 3181
6265 2 2 0 1 3247 3246 3181
6266 2 2 0 1 3181 3247 3182
6267 2 2 0 1 3248 3247 3182
6268 2 2 0 1 3182 3248 3183
6269 2 2 0 1 3249 3248 3183
6270 2 2 0 1 3183 3249 3184
6271 2 2 0 1 3250 3249 3184
6272 2 2 0 1 3184 3250 3185
6273 2 2 0 1 3187 3251 3186
6274 2 2 0 1 3251 3252 3187
6275 2 2 0 1 3188 3252 3187
6276 2 2 0 1 3252 3253 3188
6277 2 2 0 1 3189 3253 3188
6278 2 2 0 1 3253 3254 3189
6279 2 2 0 1 3190 3254 3189
6280 2 2 0 1 3254 3255 3190
6281 2 2 0 1 3191 3255 3190
6282 2 2 0 1 3255 3256 3191
6283 2 2 0 1 3192 3256 3191
6284 2 2 0 1 3256 3257 3192
6285 2 2 0 1 3193 3257 3192
6286 2 2 0 1 3257 3258 3193
6287 2 2 0 1 3194 3258 3193
6288 2 2 0 1 3258 3259 3194
6289 2 2 0 1 3195 3259 3194
6290 2 2 0 1 3259 3260 3195
6291 2 2 0 1 3196 3260 3195
6292 2 2 0 1 3260 3261 3196
6293 2 2 0 1 3197 3261 3196
6294 2 2 0 1 3261 3262 3197
6295 2 2 0 1 3198 3262 3197
6296 2 2 0 1 3262 3263 3198
6297 2 2 0 1 3199 3263 3198
6298 2 2 0 1 3263 3264 3199
6299 2 2 0 1 3200 3264 3199
6300 2 2 0 1 3264 3265 3200
6301 2 2 0 1 3201 3265 3200
6302 2 2 0 1 3265 3266 3201
6303 2 2 0 1 3202 3266 3201
6304 2 2 0 1 3266 3267 3202
6305 2 2 0 1 3203 3267 3202
6306 2 2 0 1 3267 3268 3203
6307 2 2 0 1 3204 3268 3203
6308 2 2 0 1 3268 3269 3204
6309 2 2 0 1 3205 3269 3204
6310 2 2 0 1 3269 3270 3205
6311 2 2 0 1 3206 3270 3205
6312 2 2 0 1 3270 3271 3206
6313 2 2 0 1 3207 3271 3206
6314 2 2 0 1 3271 3272 3207
6315 2 2 0 1 3208 3272 3207
6316 2 2 0 1 3272 3273 3208
6317 2 2 0 1 3209 3273 3208
6318 2 2 0 1 3273 3274 3209
6319 2 2 0 1 3210 3274 3209
6320 2 2 0 1 3274 3275 3210
6321 2 2 0 1 3211 3275 3210
6322 2 2 0 1 3275 3276 3211
6323 2 2 0 1 3212 3276 3211
6324 2 2 0 1 3276 3277 3212
6325 2 2 0 1 3213 3277 3212
6326 2 2 0 1 3277 3278 3213
6327 2 2 0 1 3214 3278 3213
6328 2 2 0 1 3278 3279 3214
6329 2 2 0 1 3215 3279 3214
6330 2 2 0 1 3279 3280 3215
6331 2 2 0 1 3216 3280 3215
6332 2 2 0 1 3280 3281 3216
6333 2 2 0 1 3217 3281 3216
6334 2 2 0 1 3281 3282 3217
6335 2 2 0 1 3218 3282 3217
6336 2 2 0 1 3282 3283 3218
6337 2 2 0 1 3219 3283 3218
6338 2 2 0 1 3283 3284 3219
6339 2 2 0 1 3220 3284 3219
6340 2 2 0 1 3284 3285 3220
6341 2 2 0 1 3221 3285 3220
6342 2 2 0 1 3285 3286 3221
6343 2 2 0 1 3222 3286 3221
6344 2 2 0 1 3286 3287 3222
6345 2 2 0 1 3223 3287 3222
6346 2 2 0 1 3287 3288 3223
6347 2 2 0 1 3224 3288 3223
6348 2 2 0 1 3288 3289 3224
6349 2 2 0 1 3225 3289 3224
6350 2 2 0 1 3289 3290 3225
6351 2 2 0 1 3226 3290 3225
6352 2 2 0 1 3290 3291 3226
6353 2 2 0 1 3227 3291 3226
6354 2 2 0 1 3291 3292 3227
6355 2 2 0 1 3228 3292 3227
6356 2 2 0 1 3292 3293 3228
6357 2 2 0 1 3229 3293 3228
6358 2 2 0 1 3293 3294 3229
6359 2 2 0 1 3230 3294 3229
6360 2 2 0 1 3294 3295 3230
6361 2 2 0 1 3231 3295 3230
6362 2 2 0 1 3295 3296 3231
6363 2 2 0 1 3232 3296 3231
6364 2 2 0 1 3296 3297 3232
6365 2 2 0 1 3233 3297 3232
6366 2 2 0 1 3297 3298 3233
6367 2 2 0 1 3299 3298 3233
6368 2 2 0 1 3233 3299 3234
6369 2 2 0 1 3300 3299 3234
6370 2 2 0 1 3234 3300 3235
6371 2 2 0 1 3301 3300 3235
6372 2 2 0 1 3235 3301 3236
6373 2 2 0 1 3302 3301 3236
6374 2 2 0 1 3236 3302 3237
6375 2 2 0 1 3303 3302 3237
6376 2 2 0 1 3237 3303 3238
6377 2 2 0 1 3304 3303 3238
6378 2 2 0 1 3238 3304 3239
6379 2 2 0 1 3305 3304 3239
6380 2 2 0 1 3239 3305 3240
6381 2 2 0 1 3306 3305 3240
6382 2 2 0 1 3240 3306 3241
6383 2 2 0 1 3307 3306 3241
6384 2 2 0 1 3241 3307 3242
6385 2 2 0 1 3308 3307 3242
6386 2 2 0 1 3242 3308 3243
6387 2 2 0 1 3309 3308 3243
6388 2 2 0 1 3243 3309 3244
6389 2 2 0 1 3310 3309 3244
6390 2 2 0 1 3244 3310 3245
6391 2 2 0 1 3311 3310 3245
6392 2 2 0 1 3245 3311 3246
6393 2 2 0 1 3312 3311 3246
6394 2 2 0 1 3246 3312 3247
6395 2 2 0 1 3313 3312 3247
6396 2 2 0 1 3247 3313 3248
6397 2 2 0 1 3314 3313 3248
6398 2 2 0 1 3248 3314 3249
6399 2 2 0 1 3315 3314 3249
6400 2 2 0 1 3249 3315 3250
6401 2 2 0 1 3252 3316 3251
6402 2 2 0 1 3316 3317 3252
6403 2 2 0 1 3253 3317 3252
6404 2 2 0 1 3317 3318 3253
6405 2 2 0 1 3254 3318 3253
6406 2 2 0 1 3318 3319 3254
6407 2 2 0 1 3255 3319 3254
6408 2 2 0 1 3319 3320 3255
6409 2 2 0 1 3256 3320 3255
6410 2 2 0 1 3320 3321 3256
6411 2 2 0 1 3257 3321 3256
6412 2 2 0 1 3321 3322 3257
6413 2 2 0 1 3258 3322 3257
6414 2 2 0 1 3322 3323 3258
6415 2 2 0 1 3259 3323 3258
6416 2 2 0 1 3323 3324 3259
6417 2 2 0 1 3260 3324 3259
6418 2 2 0 1 3324 3325 3260
6419 2 2 0 1 3261 3325 3260
6420 2 2 0 1 3325 3326 3261
6421 2 2 0 1 3262 3326 3261
6422 2 2 0 1 3326 3327 3262
6423 2 2 0 1 3263 3327 3262
6424 2 2 0 1 3327 3328 3263
6425 2 2 0 1 3264 3328 3263
6426 2 2 0 1 3328 3329 3264
6427 2 2 0 1 3265 3329 3264
6428 2 2 0 1 3329 3330 3265
6429 2 2 0 1 3266 3330 3265
6430 2 2 0 1 3330 3331 3266
6431 2 2 0 1 3267 3331 3266
6432 2 2 0 1 3331 3332 3267
6433 2 2 0 1 3268 3332 3267
6434 2 2 0 1 3332 3333 3268
6435 2 2 0 1 3269 3333 3268
6436 2 2 0 1 3333 3334 3269
6437 2 2 0 1 3270 3334 3269
6438 2 2 0 1 3334 3335 3270
6439 2 2 0 1 3271 3335 3270
6440 2 2 0 1 3335 3336 3271
6441 2 2 0 1 3272 3336 3271
6442 2 2 0 1 3336 3337 3272
6443 2 2 0 1 3273 3337 3272
6444 2 2 0 1 3337 3338 3273
6445 2 2 0 1 3274 3338 3273
6446 2 2 0 1 3338 3339 3274
6447 2 2 0 1 3275 3339 3274
6448 2 2 0 1 3339 3340 3275
6449 2 2 0 1 3276 3340 3275
6450 2 2 0 1 3340 3341 3276
6451 2 2 0 1 3277 3341 3276
6452 2 2 0 1 3341 3342 3277
6453 2 2 0 1 3278 3342 3277
6454 2 2 0 1 3342 3343 3278
6455 2 2 0 1 3279 3343 3278
6456 2 2 0 1 3343 3344 3279
6457 2 2 0 1 3280 3344 3279
6458 2 2 0 1 3344 3345 3280
6459 2 2 0 1 3281 3345 3280
6460 2 2 0 1 3345 3346 3281
6461 2 2 0 1 3282 3346 3281
6462 2 2 0 1 3346 3347 3282
6463 2 2 0 1 3283 3347 3282
6464 2 2 0 1 3347 3348 3283
6465 2 2 0 1 3284 3348 3283
6466 2 2 0 1 3348 3349 3284
6467 2 2 0 1 3285 3349 3284
6468 2 2 0 1 3349 3350 3285
6469 2 2 0 1 3286 3350 3285
6470 2 2 0 1 3350 3351 3286
6471 2 2 0 1 3287 3351 3286
6472 2 2 0 1 3351 3352 3287
6473 2 2 0 1 3288 3352 3287
6474 2 2 0 1 3352 3353 3288
6475 2 2 0 1 3289 3353 3288
6476 2 2 0 1 3353 3354 3289
6477 2 2 0 1 3290 3354 3289
6478 2 2 0 1 3354 3355 3290
6479 2 2 0 1 3291 3355 3290
6480 2 2 0 1 3355 3356 3291
6481 2 2 0 1 3292 3356 3291
6482 2 2 0 1 3356 3357 3292
6483 2 2 0 1 3293 3357 3292
6484 2 2 0 1 3357 3358 3293
6485 2 2 0 1 3294 3358 3293
6486 2 2 0 1 3358 3359 3294
6487 2 2 0 1 3295 3359 3294
6488 2 2 0 1 3359 3360 3295
6489 2 2 0 1 3296 3360 3295
6490 2 2 0 1 3360 3361 3296
6491 2 2 0 1 3297 3361 3296
6492 2 2 0 1 3361 3362 3297
6493 2 2 0 1 3298 3362 3297
6494 2 2 0 1 3362 3363 3298
6495 2 2 0 1 3364 3363 3298
6496 2 2 0 1 3298 3364 3299
6497 2 2 0 1 3365 3364 3299
6498 2 2 0 1 3299 3365 3300
6499 2 2 0 1 3366 3365 3300
6500 2 2 0 1 3300 3366 3301
6501 2 2 0 1 3367 3366 3301
6502 2 2 0 1 3301 3367 3302
6503 2 2 0 1 3368 3367 3302
6504 2 2 0 1 3302 3368 3303
6505 2 2 0 1 3369 3368 3303
6506 2 2 0 1 3303 3369 3304
6507 2 2 0 1 3370 3369 3304
6508 2 2 0 1 3304 3370 3305
6509 2 2 0 1 3371 3370 3305
6510 2 2 0 1 3305 3371 3306
6511 2 2 0 1 3372 3371 3306
6512 2 2 0 1 3306 3372 3307
6513 2 2 0 1 3373 3372 3307
6514 2 2 0 1 3307 3373 3308
6515 2 2 0 1 3374 3373 3308
6516 2 2 0 1 3308 3374 3309
6517 2 2 0 1 3375 3374 3309
6518 2 2 0 1 3309 3375 3310
6519 2 2 0 1 3376 3375 3310
6520 2 2 0 1 3310 3376 3311
6521 2 2 0 1 3377 3376 3311
6522 2 2 0 1 3311 3377 3312
6523 2 2 0 1 3378 3377 3312
6524 2 2 0 1 3312 3378 3313
6525 2 2 0 1 3379 3378 3313
6526 2 2 0 1 3313 3379 3314
6527 2 2 0 1 3380 3379 3314
6528 2 2 0 1 3314 3380 3315
6529 2 2 0 1 3317 3381 3316
6530 2 2 0 1 3381 3382 3317
6531 2 2 0 1 3318 3382 3317
6532 2 2 0 1 3382 3383 3318
6533 2 2 0 1 3319 3383 3318
6534 2 2 0 1 3383 3384 3319
6535 2 2 0 1 3320 3384 3319
6536 2 2 0 1 3384 3385 3320
6537 2 2 0 1 3321 3385 3320
6538 2 2 0 1 3385 3386 3321
6539 2 2 0 1 3322 3386 3321
6540 2 2 0 1 3386 3387 3322
6541 2 2 0 1 3323 3387 3322
6542 2 2 0 1 3387 3388 3323
6543 2 2 0 1 3324 3388 3323
6544 2 2 0 1 3388 3389 3324
6545 2 2 0 1 3325 3389 3324
6546 2 2 0 1 3389 3390 3325
6547 2 2 0 1 3326 3390 3325
6548 2 2 0 1 3390 3391 3326
6549 2 2 0 1 3327 3391 3326
6550 2 2 0 1 3391 3392 3327
6551 2 2 0 1 3328 3392 3327
6552 2 2 0 1 3392 3393 3328
6553 2 2 0 1 3329 3393 3328
6554 2 2 0 1 3393 3394 3329
6555 2 2 0 1 3330 3394 3329
6556 2 2 0 1 3394 3395 3330
6557 2 2 0 1 3331 3395 3330
6558 2 2 0 1 3395 3396 3331
6559 2 2 0 1 3332 3396 3331
6560 2 2 0 1 3396 3397 3332
6561 2 2 0 1 3333 3397 3332
6562 2 2 0 1 3397 3398 3333
6563 2 2 0 1 3334 3398 3333
6564 2 2 0 1 3398 3399 3334
6565 2 2 0 1 3335 3399 3334
6566 2 2 0 1 3399 3400 3335
6567 2 2 0 1 3336 3400 3335
6568 2 2 0 1 3400 3401 3336
6569 2 2 0 1 3337 3401 3336
6570 2 2 0 1 3401 3402 3337
6571 2 2 0 1 3338 3402 3337
6572 2 2 0 1 3402 3403 3338
6573 2 2 0 1 3339 3403 3338
6574 2 2 0 1 3403 3404 3339
6575 2 2 0 1 3340 3404 3339
6576 2 2 0 1 3404 3405 3340
6577 2 2 0 1 3341 3405 3340
6578 2 2 0 1 3405 3406 3341
6579 2 2 0 1 3342 3406 3341
6580 2 2 0 1 3406 3407 3342
6581 2 2 0 1 3343 3407 3342
6582 2 2 0 1 3407 3408 3343
6583 2 2 0 1 3344 3408 3343
6584 2 2 0 1 3408 3409 3344
6585 2 2 0 1 3345 3409 3344
6586 2 2 0 1 3409 3410 3345
6587 2 2 0 1 3346 3410 3345
6588 2 2 0 1 3410 3411 3346
6589 2 2 0 1 3347 3411 3346
6590 2 2 0 1 3411 3412 3347
6591 2 2 0 1 3348 3412 3347
6592 2 2 0 1 3412 3413 3348
6593 2 2 0 1 3349 3413 3348
6594 2 2 0 1 3413 3414 3349
6595 2 2 0 1 3350 3414 3349
6596 2 2 0 1 3414 3415 3350
6597 2 2 0 1 3351 3415 3350
6598 2 2 0 1 3415 3416 3351
6599 2 2 0 1 3352 3416 3351
6600 2 2 0 1 3416 3417 3352
6601 2 2 0 1 3353 3417 3352
6602 2 2 0 1 3417 3418 3353
6603 2 2 0 1 3354 3418 3353
6604 2 2 0 1 3418 3419 3354
6605 2 2 0 1 3355 3419 3354
6606 2 2 0 1 3419 3420 3355
6607 2 2 0 1 3356 3420 3355
6608 2 2 0 1 3420 3421 3356
6609 2 2 0 1 3357 3421 3356
6610 2 2 0 1 3421 3422 3357
6611 2 2 0 1 3358 3422 3357
6612 2 2 0 1 3422 3423 3358
6613 2 2 0 1 3359 3423 3358
6614 2 2 0 1 3423 3424 3359
6615 2 2 0 1 3360 3424 3359
6616 2 2 0 1 3424 3425 3360
6617 2 2 0 1 3361 3425 3360
6618 2 2 0 1 3425 3426 3361
6619 2 2 0 1 3362 3426 3361
6620 2 2 0 1 3426 3427 3362
6621 2 2 0 1 3363 3427 3362
6622 2 2 0 1 3427 3428 3363
6623 2 2 0 1 3364 3428 3363
6624 2 2 0 1 3428 3429 3364
6625 2 2 0 1 3430 3429 3364
6626 2 2 0 1 3364 3430 3365
6627 2 2 0 1 3431 3430 3365
6628 2 2 0 1 3365 3431 3366
6629 2 2 0 1 3432 3431 3366
6630 2 2 0 1 3366 3432 3367
6631 2 2 0 1 3433 3432 3367
6632 2 2 0 1 3367 3433 3368
6633 2 2 0 1 3434 3433 3368
6634 2 2 0 1 3368 3434 3369
6635 2 2 0 1 3435 3434 3369
6636 2 2 0 1 3369 3435 3370
6637 2 2 0 1 3436 3435 3370
6638 2 2 0 1 3370 3436 3371
6639 2 2 0 1 3437 3436 3371
6640 2 2 0 1 3371 3437 3372
6641 2 2 0 1 3438 3437 3372
6642 2 2 0 1 3372 3438 3373
6643 2 2 0 1 3439 3438 3373
6644 2 2 0 1 3373 3439 3374
6645 2 2 0 1 3440 3439 3374
6646 2 2 0 1 3374 3440 3375
6647 2 2 0 1 3441 3440 3375
6648 2 2 0 1 3375 3441 3376
6649 2 2 0 1 3442 3441 3376
6650 2 2 0 1 3376 3442 3377
6651 2 2 0 1 3443 3442 3377
6652 2 2 0 1 3377 3443 3378
6653 2 2 0 1 3444 3443 3378
6654 2 2 0 1 3378 3444 3379
6655 2 2 0 1 3445 3444 3379
6656 2 2 0 1 3379 3445 3380
6657 2 2 0 1 3382 3446 3381
6658 2 2 0 1 3446 3447 3382
6659 2 2 0 1 3383 3447 3382
6660 2 2 0 1 3447 3448 3383
6661 2 2 0 1 3384 3448 3383
6662 2 2 0 1 3448 3449 3384
6663 2 2 0 1 3385 3449 3384
6664 2 2 0 1 3449 3450 3385
6665 2 2 0 1 3386 3450 3385
6666 2 2 0 1 3450 3451 3386
6667 2 2 0 1 3387 3451 3386
6668 2 2 0 1 3451 3452 3387
6669 2 2 0 1 3388 3452 3387
6670 2 2 0 1 3452 3453 3388
6671 2 2 0 1 3389 3453 3388
6672 2 2 0 1 3453 3454 3389
6673 2 2 0 1 3390 3454 3389
6674 2 2 0 1 3454 3455 3390
6675 2 2 0 1 3391 3455 3390
6676 2 2 0 1 3455 3456 3391
6677 2 2 0 1 3392 3456 3391
6678 2 2 0 1 3456 3457 3392
6679 2 2 0 1 3393 3457 3392
6680 2 2 0 1 3457 3458 3393
6681 2 2 0 1 3394 3458 3393
6682 2 2 0 1 3458 3459 3394
6683 2 2 0 1 3395 3459 3394
6684 2 2 0 1 3459 3460 3395
6685 2 2 0 1 3396 3460 3395
6686 2 2 0 1 3460 3461 3396
6687 2 2 0 1 3397 3461 3396
6688 2 2 0 1 3461 3462 3397
6689 2 2 0 1 3398 3462 3397
6690 2 2 0 1 3462 3463 3398
6691 2 2 0 1 3399 3463 3398
6692 2 2 0 1 3463 3464 3399
6693 2 2 0 1 3400 3464 3399
6694 2 2 0 1 3464 3465 3400
6695 2 2 0 1 3401 3465 3400
6696 2 2 0 1 3465 3466 3401
6697 2 2 0 1 3402 3466 3401
6698 2 2 0 1 3466 3467 3402
6699 2 2 0 1 3403 3467 3402
6700 2 2 0 1 3467 3468 3403
6701 2 2 0 1 3404 3468 3403
6702 2 2 0 1 3468 3469 3404
6703 2 2 0 1 3405 3469 3404
6704 2 2 0 1 3469 3470 3405
6705 2 2 0 1 3406 3470 3405
6706 2 2 0 1 3470 3471 3406
6707 2 2 0 1 3407 3471 3406
6708 2 2 0 1 3471 3472 3407
6709 2 2 0 1 3408 3472 3407
6710 2 2 0 1 3472 3473 3408
6711 2 2 0 1 3409 3473 3408
6712 2 2 0 1 3473 3474 3409
6713 2 2 0 1 3410 3474 3409
6714 2 2 0 1 3474 3475 3410
6715 2 2 0 1 3411 3475 3410
6716 2 2 0 1 3475 3476 3411
6717 2 2 0 1 3412 3476 3411
6718 2 2 0 1 3476 3477 3412
6719 2 2 0 1 3413 3477 3412
6720 2 2 0 1 3477 3478 3413
6721 2 2 0 1 3414 3478 3413
6722 2 2 0 1 3478 3479 3414
6723 2 2 0 1 3415 3479 3414
6724 2 2 0 1 3479 3480 3415
6725 2 2 0 1 3416 3480 3415
6726 2 2 0 1 3480 3481 3416
6727 2 2 0 1 3417 3481 3416
6728 2 2 0 1 3481 3482 3417
6729 2 2 0 1 3418 3482 3417
6730 2 2 0 1 3482 3483 3418
6731 2 2 0 1 3419 3483 3418
6732 2 2 0 1 3483 3484 3419
6733 2 2 0 1 3420 3484 3419
6734 2 2 0 1 3484 3485 3420
6735 2 2 0 1 3421 3485 3420
6736 2 2 0 1 3485 3486 3421
6737 2 2 0 1 3422 3486 3421
6738 2 2 0 1 3486 3487 3422
6739 2 2 0 1 3423 3487 3422
6740 2 2 0 1 3487 3488 3423
6741 2 2 0 1 3424 3488 3423
6742 2 2 0 1 3488 3489 3424
6743 2 2 0 1 3425 3489 3424
6744 2 2 0 1 3489 3490 3425
6745 2 2 0 1 3426 3490 3425
6746 2 2 0 1 3490 3491 3426
6747 2 2 0 1 3427 3491 3426
6748 2 2 0 1 3491 3492 3427
6749 2 2 0 1 3428 3492 3427
6750 2 2 0 1 3492 3493 3428
6751 2 2 0 1 3429 3493 3428
6752 2 2 0 1 3493 3494 3429
6753 2 2 0 1 3495 3494 3429
6754 2 2 0 1 3429 3495 3430
6755 2 2 0 1 3496 3495 3430
6756 2 2 0 1 3430 3496 3431
6757 2 2 0 1 3497 3496 3431
6758 2 2 0 1 3431 3497 3432
6759 2 2 0 1 3498 3497 3432
6760 2 2 0 1 3432 3498 3433
6761 2 2 0 1 3499 3498 3433
6762 2 2 0 1 3433 3499 3434
6763 2 2 0 1 3500 3499 3434
6764 2 2 0 1 3434 3500 3435
6765 2 2 0 1 3501 3500 3435
6766 2 2 0 1 3435 3501 3436
6767 2 2 0 1 3502 3501 3436
6768 2 2 0 1 3436 3502 3437
6769 2 2 0 1 3503 3502 3437
6770 2 2 0 1 3437 3503 3438
6771 2 2 0 1 3504 3503 3438
6772 2 2 0 1 3438 3504 3439
6773 2 2 0 1 3505 3504 3439
6774 2 2 0 1 3439 3505 3440
6775 2 2 0 1 3506 3505 3440
6776 2 2 0 1 3440 3506 3441
6777 2 2 0 1 3507 3506 3441
6778 2 2 0 1 3441 3507 3442
6779 2 2 0 1 3508 3507 3442
6780 2 2 0 1 3442 3508 3443
6781 2 2 0 1 3509 3508 3443
6782 2 2 0 1 3443 3509 3444
6783 2 2 0 1 3510 3509 3444
6784 2 2 0 1 3444 3510 3445
6785 2 2 0 1 3447 3511 3446
6786 2 2 0 1 3511 3512 3447
6787 2 2 0 1 3448 3512 3447
6788 2 2 0 1 3512 3513 3448
6789 2 2 0 1 3449 3513 3448
6790 2 2 0 1 3513 3514 3449
6791 2 2 0 1 3450 3514 3449
6792 2 2 0 1 3514 3515 3450
6793 2 2 0 1 3451 3515 3450
6794 2 2 0 1 3515 3516 3451
6795 2 2 0 1 3452 3516 3451
6796 2 2 0 1 3516 3517 3452
6797 2 2 0 1 3453 3517 3452
6798 2 2 0 1 3517 3518 3453
6799 2 2 0 1 3454 3518 3453
6800 2 2 0 1 3518 3519 3454
6801 2 2 0 1 3455 3519 3454
6802 2 2 0 1 3519 3520 3455
6803 2 2 0 1 3456 3520 3455
6804 2 2 0 1 3520 3521 3456
6805 2 2 0 1 3457 3521 3456
6806 2 2 0 1 3521 3522 3457
6807 2 2 0 1 3458 3522 3457
6808 2 2 0 1 3522 3523 3458
6809 2 2 0 1 3459 3523 3458
6810 2 2 0 1 3523 3524 3459
6811 2 2 0 1 3460 3524 3459
6812 2 2 0 1 3524 3525 3460
6813 2 2 0 1 3461 3525 3460
6814 2 2 0 1 3525 3526 3461
6815 2 2 0 1 3462 3526 3461
6816 2 2 0 1 3526 3527 3462
6817 2 2 0 1 3463 3527 3462
6818 2 2 0 1 3527 3528 3463
6819 2 2 0 1 3464 3528 3463
6820 2 2 0 1 3528 3529 3464
6821 2 2 0 1 3465 3529 3464
6822 2 2 0 1 3529 3530 3465
6823 2 2 0 1 3466 3530 3465
6824 2 2 0 1 3530 3531 3466
6825 2 2 0 1 3467 3531 3466
6826 2 2 0 1 3531 3532 3467
6827 2 2 0 1 3468 3532 3467
6828 2 2 0 1 3532 3533 3468
6829 2 2 0 1 3469 3533 3468
6830 2 2 0 1 3533 3534 3469
6831 2 2 0 1 3470 3534 3469
6832 2 2 0 1 3534 3535 3470
6833 2 2 0 1 3471 3535 3470
6834 2 2 0 1 3535 3536 3471
6835 2 2 0 1 3472 3536 3471
6836 2 2 0 1 3536 3537 3472
6837 2 2 0 1 3473 3537 3472
6838 2 2 0 1 3537 3538 3473
6839 2 2 0 1 3474 3538 3473
6840 2 2 0 1 3538 3539 3474
6841 2 2 0 1 3475 3539 3474
6842 2 2 0 1 3539 3540 3475
6843 2 2 0 1 3476 3540 3475
6844 2 2 0 1 3540 3541 3476
6845 2 2 0 1 3477 3541 3476
6846 2 2 0 1 3541 3542 3477
6847 2 2 0 1 3478 3542 3477
6848 2 2 0 1 3542 3543 3478
6849 2 2 0 1 3479 3543 3478
6850 2 2 0 1 3543 3544 3479
6851 2 2 0 1 3480 3544 3479
6852 2 2 0 1 3544 3545 3480
6853 2 2 0 1 3481 3545 3480
6854 2 2 0 1 3545 3546 3481
6855 2 2 0 1 3482 3546 3481
6856 2 2 0 1 3546 3547 3482
6857 2 2 0 1 3483 3547 3482
6858 2 2 0 1 3547 3548 3483
6859 2 2 0 1 3484 3548 3483
6860 2 2 0 1 3548 3549 3484
6861 2 2 0 1 3485 3549 3484
6862 2 2 0 1 3549 3550 3485
6863 2 2 0 1 3486 3550 3485
6864 2 2 0 1 3550 3551 3486
6865 2 2 0 1 3487 3551 3486
6866 2 2 0 1 3551 3552 3487
6867 2 2 0 1 3488 3552 3487
6868 2 2 0 1 3552 3553 3488
6869 2 2 0 1 3489 3553 3488
6870 2 2 0 1 3553 3554 3489
6871 2 2 0 1 3490 3554 3489
6872 2 2 0 1 3554 3555 3490
6873 2 2 0 1 3491 3555 3490
6874 2 2 0 1 3555 3556 3491
6875 2 2 0 1 3492 3556 3491
6876 2 2 0 1 3556 3557 3492
6877 2 2 0 1 3493 3557 3492
6878 2 2 0 1 3557 3558 3493
6879 2 2 0 1 3494 3558 3493
6880 2 2 0 1 3558 3559 3494
6881 2 2 0 1 3560 3559 3494
6882 2 2 0 1 3494 3560 3495
6883 2 2 0 1 3561 3560 3495
6884 2 2 0 1 3495 3561 3496
6885 2 2 0 1 3562 3561 3496
6886 2 2 0 1 3496 3562 3497
6887 2 2 0 1 3563 3562 3497
6888 2 2 0 1 3497 3563 3498
6889 2 2 0 1 3564 3563 3498
6890 2 2 0 1 3498 3564 3499
6891 2 2 0 1 3565 3564 3499
6892 2 2 0 1 3499 3565 3500
6893 2 2 0 1 3566 3565 3500
6894 2 2 0 1 3500 3566 3501
6895 2 2 0 1 3567 3566 3501
6896 2 2 0 1 3501 3567 3502
6897 2 2 0 1 3568 3567 3502
6898 2 2 0 1 3502 3568 3503
6899 2 2 0 1 3569 3568 3503
6900 2 2 0 1 3503 3569 3504
6901 2 2 0 1 3570 3569 3504
6902 2 2 0 1 3504 3570 3505
6903 2 2 0 1 3571 3570 3505
6904 2 2 0 1 3505 3571 3506
6905 2 2 0 1 3572 3571 3506
6906 2 2 0 1 3506 3572 3507
6907 2 2 0 1 3573 3572 3507
6908 2 2 0 1 3507 3573 3508
6909 2 2 0 1 3574 3573 3508
6910 2 2 0 1 3508 3574 3509
6911 2 2 0 1 3575 3574 3509
6912 2 2 0 1 3509 3575 3510
6913 2 2 0 1 3512 3576 3511
6914 2 2 0 1 3576 3577 3512
6915 2 2 0 1 3513 3577 3512
6916 2 2 0 1 3577 3578 3513
6917 2 2 0 1 3514 3578 3513
6918 2 2 0 1 3578 3579 3514
6919 2 2 0 1 3515 3579 3514
6920 2 2 0 1 3579 3580 3515
6921 2 2 0 1 3516 3580 3515
6922 2 2 0 1 3580 3581 3516
6923 2 2 0 1 3517 3581 3516
6924 2 2 0 1 3581 3582 3517
6925 2 2 0 1 3518 3582 3517
6926 2 2 0 1 3582 3583 3518
6927 2 2 0 1 3519 3583 3518
6928 2 2 0 1 3583 3584 3519
6929 2 2 0 1 3520 3584 3519
6930 2 2 0 1 3584 3585 3520
6931 2 2 0 1 3521 3585 3520
6932 2 2 0 1 3585 3586 3521
6933 2 2 0 1 3522 3586 3521
6934 2 2 0 1 3586 3587 3522
6935 2 2 0 1 3523 3587 3522
6936 2 2 0 1 3587 3588 3523
6937 2 2 0 1 3524 3588 3523
6938 2 2 0 1 3588 3589 3524
6939 2 2 0 1 3525 3589 3524
6940 2 2 0 1 3589 3590 3525
6941 2 2 0 1 3526 3590 3525
6942 2 2 0 1 3590 3591 3526
6943 2 2 0 1 3527 3591 3526
6944 2 2 0 1 3591 3592 3527
6945 2 2 0 1 3528 3592 3527
6946 2 2 0 1 3592 3593 3528
6947 2 2 0 1 3529 3593 3528
6948 2 2 0 1 3593 3594 3529
6949 2 2 0 1 3530 3594 3529
6950 2 2 0 1 3594 3595 3530
6951 2 2 0 1 3531 3595 3530
6952 2 2 0 1 3595 3596 3531
6953 2 2 0 1 3532 3596 3531
6954 2 2 0 1 3596 3597 3532
6955 2 2 0 1 3533 3597 3532
6956 2 2 0 1 3597 3598 3533
6957 2 2 0 1 3534 3598 3533
6958 2 2 0 1 3598 3599 3534
6959 2 2 0 1 3535 3599 3534
6960 2 2 0 1 3599 3600 3535
6961 2 2 0 1 3536 3600 3535
6962 2 2 0 1 3600 3601 3536
6963 2 2 0 1 3537 3601 3536
6964 2 2 0 1 3601 3602 3537
6965 2 2 0 1 3538 3602 3537
6966 2 2 0 1 3602 3603 3538
6967 2 2 0 1 3539 3603 3538
6968 2 2 0 1 3603 3604 3539
6969 2 2 0 1 3540 3604 3539
6970 2 2 0 1 3604 3605 3540
6971 2 2 0 1 3541 3605 3540
6972 2 2 0 1 3605 3606 3541
6973 2 2 0 1 3542 3606 3541
6974 2 2 0 1 3606 3607 3542
6975 2 2 0 1 3543 3607 3542
6976 2 2 0 1 3607 3608 3543
6977 2 2 0 1 3544 3608 3543
6978 2 2 0 1 3608 3609 3544
6979 2 2 0 1 3545 3609 3544
6980 2 2 0 1 3609 3610 3545
6981 2 2 0 1 3546 3610 3545
6982 2 2 0 1 3610 3611 3546
6983 2 2 0 1 3547 3611 3546
6984 2 2 0 1 3611 3612 3547
6985 2 2 0 1 3548 3612 3547
6986 2 2 0 1 3612 3613 3548
6987 2 2 0 1 3549 3613 3548
6988 2 2 0 1 3613 3614 3549
6989 2 2 0 1 3550 3614 3549
6990 2 2 0 1 3614 3615 3550
6991 2 2 0 1 3551 3615 3550
6992 2 2 0 1 3615 3616 3551
6993 2 2 0 1 3552 3616 3551
6994 2 2 0 1 3616 3617 3552
6995 2 2 0 1 3553 3617 3552
6996 2 2 0 1 3617 3618 3553
6997 2 2 0 1 3554 3618 3553
6998 2 2 0 1 3618 3619 3554
6999 2 2 0 1 3555 3619 3554
7000 2 2 0 1 3619 3620 3555
7001 2 2 0 1 3556 3620 3555
7002 2 2 0 1 3620 3621 3556
7003 2 2 0 1 3557 3621 3556
7004 2 2 0 1 3621 3622 3557
7005 2 2 0 1 3558 3622 3557
7006 2 2 0 1 3622 3623 3558
7007 2 2 0 1 3559 3623 3558
7008 2 2 0 1 3623 3624 3559
7009 2 2 0 1 3625 3624 3559
7010 2 2 0 1 3559 3625 3560
7011 2 2 0 1 3626 3625 3560
7012 2 2 0 1 3560 3626 3561
7013 2 2 0 1 3627 3626 3561
7014 2 2 0 1 3561 3627 3562
7015 2 2 0 1 3628 3627 3562
7016 2 2 0 1 3562 3628 3563
7017 2 2 0 1 3629 3628 3563
7018 2 2 0 1 3563 3629 3564
7019 2 2 0 1 3630 3629 3564
7020 2 2 0 1 3564 3630 3565
7021 2 2 0 1 3631 3630 3565
7022 2 2 0 1 3565 3631 3566
7023 2 2 0 1 3632 3631 3566
7024 2 2 0 1 3566 3632 3567
7025 2 2 0 1 3633 3632 3567
7026 2 2 0 1 3567 3633 3568
7027 2 2 0 1 3634 3633 3568
7028 2 2 0 1 3568 3634 3569
7029 2 2 0 1 3635 3634 3569
7030 2 2 0 1 3569 3635 3570
7031 2 2 0 1 3636 3635 3570
7032 2 2 0 1 3570 3636 3571
7033 2 2 0 1 3637 3636 3571
7034 2 2 0 1 3571 3637 3572
7035 2 2 0 1 3638 3637 3572
7036 2 2 0 1 3572 3638 3573
7037 2 2 0 1 3639 3638 3573
7038 2 2 0 1 3573 3639 3574
7039 2 2 0 1 3640 3639 3574
7040 2 2 0 1 3574 3640 3575
7041 2 2 0 1 3577 3641 3576
7042 2 2 0 1 3641 3642 3577
7043 2 2 0 1 3578 3642 3577
7044 2 2 0 1 3642 3643 3578
7045 2 2 0 1 3579 3643 3578
7046 2 2 0 1 3643 3644 3579
7047 2 2 0 1 3580 3644 3579
7048 2 2 0 1 3644 3645 3580
7049 2 2 0 1 3581 3645 3580
7050 2 2 0 1 3645 3646 3581
7051 2 2 0 1 3582 3646 3581
7052 2 2 0 1 3646 3647 3582
7053 2 2 0 1 3583 3647 3582
7054 2 2 0 1 3647 3648 3583
7055 2 2 0 1 3584 3648 3583
7056 2 2 0 1 3648 3649 3584
7057 2 2 0 1 3585 3649 3584
7058 2 2 0 1 3649 3650 3585
7059 2 2 0 1 3586 3650 3585
7060 2 2 0 1 3650 3651 3586
7061 2 2 0 1 3587 3651 3586
7062 2 2 0 1 3651 3652 3587
7063 2 2 0 1 3588 3652 3587
7064 2 2 0 1 3652 3653 3588
7065 2 2 0 1 3589 3653 3588
7066 2 2 0 1 3653 3654 3589
7067 2 2 0 1 3590 3654 3589
7068 2 2 0 1 3654 3655 3590
7069 2 2 0 1 3591 3655 3590
7070 2 2 0 1 3655 3656 3591
7071 2 2 0 1 3592 3656 3591
7072 2 2 0 1 3656 3657 3592
7073 2 2 0 1 3593 3657 3592
7074 2 2 0 1 3657 3658 3593
7075 2 2 0 1 3594 3658 3593
7076 2 2 0 1 3658 3659 3594
7077 2 2 0 1 3595 3659 3594
7078 2 2 0 1 3659 3660 3595
7079 2 2 0 1 3596 3660 3595
7080 2 2 0 1 3660 3661 3596
7081 2 2 0 1 3597 3661 3596
7082 2 2 0 1 3661 3662 3597
7083 2 2 0 1 3598 3662 3597
7084 2 2 0 1 3662 3663 3598
7085 2 2 0 1 3599 3663 3598
7086 2 2 0 1 3663 3664 3599
7087 2 2 0 1 3600 3664 3599
7088 2 2 0 1 3664 3665 3600
7089 2 2 0 1 3601 3665 3600
7090 2 2 0 1 3665 3666 3601
7091 2 2 0 1 3602 3666 3601
7092 2 2 0 1 3666 3667 3602
7093 2 2 0 1 3603 3667 3602
7094 2 2 0 1 3667 3668 3603
7095 2 2 0 1 3604 3668 3603
7096 2 2 0 1 3668 3669 3604
7097 2 2 0 1 3605 3669 3604
7098 2 2 0 1 3669 3670 3605
7099 2 2 0 1 3606 3670 3605
7100 2 2 0 1 3670 3671 3606
7101 2 2 0 1 3607 3671 3606
7102 2 2 0 1 3671 3672 3607
7103 2 2 0 1 3608 3672 3607
7104 2 2 0 1 3672 3673 3608
7105 2 2 0 1 3609 3673 3608
7106 2 2 0 1 3673 3674 3609
7107 2 2 0 1 3610 3674 3609
7108 2 2 0 1 3674 3675 3610
7109 2 2 0 1 3611 3675 3610
7110 2 2 0 1 3675 3676 3611
7111 2 2 0 1 3612 3676 3611
7112 2 2 0 1 3676 3677 3612
7113 2 2 0 1 3613 3677 3612
7114 2 2 0 1 3677 3678 3613
7115 2 2 0 1 3614 3678 3613
7116 2 2 0 1 3678 3679 3614
7117 2 2 0 1 3615 3679 3614
7118 2 2 0 1 3679 3680 3615
7119 2 2 0 1 3616 3680 3615
7120 2 2 0 1 3680 3681 3616
7121 2 2 0 1 3617 3681 3616
7122 2 2 0 1 3681 3682 3617
7123 2 2 0 1 3618 3682 3617
7124 2 2 0 1 3682 3683 3618
7125 2 2 0 1 3619 3683 3618
7126 2 2 0 1 3683 3684 3619
7127 2 2 0 1 3620 3684 3619
7128 2 2 0 1 3684 3685 3620
7129 2 2 0 1 3621 3685 3620
7130 2 2 0 1 3685 3686 3621
7131 2 2 0 1 3622 3686 3621
7132 2 2 0 1 3686 3687 3622
7133 2 2 0 1 3623 3687 3622
7134 2 2 0 1 3687 3688 3623
7135 2 2 0 1 3624 3688 3623
7136 2 2 0 1 3688 3689 3624
7137 2 2 0 1 3690 3689 3624
7138 2 2 0 1 3624 3690 3625
7139 2 2 0 1 3691 3690 3625
7140 2 2 0 1 3625 3691 3626
7141 2 2 0 1 3692 3691 3626
7142 2 2 0 1 3626 3692 3627
7143 2 2 0 1 3693 3692 3627
7144 2 2 0 1 3627 3693 3628
7145 2 2 0 1 3694 3693 3628
7146 2 2 0 1 3628 3694 3629
7147 2 2 0 1 3695 3694 3629
7148 2 2 0 1 3629 3695 3630
7149 2 2 0 1 3696 3695 3630
7150 2 2 0 1 3630 3696 3631
7151 2 2 0 1 3697 3696 3631
7152 2 2 0 1 3631 3697 3632
7153 2 2 0 1 3698 3697 3632
7154 2 2 0 1 3632 3698 3633
7155 2 2 0 1 3699 3698 3633
7156 2 2 0 1 3633 3699 3634
7157 2 2 0 1 3700 3699 3634
7158 2 2 0 1 3634 3700 3635
7159 2 2 0 1 3701 3700 3635
7160 2 2 0 1 3635 3701 3636
7161 2 2 0 1 3702 3701 3636
7162 2 2 0 1 3636 3702 3637
7163 2 2 0 1 3703 3702 3637
7164 2 2 0 1 3637 3703 3638
7165 2 2 0 1 3704 3703 3638
7166 2 2 0 1 3638 3704 3639
7167 2 2 0 1 3705 3704 3639
7168 2 2 0 1 3639 3705 3640
7169 2 2 0 1 3642 3706 3641
7170 2 2 0 1 3706 3707 3642
7171 2 2 0 1 3643 3707 3642
7172 2 2 0 1 3707 3708 3643
7173 2 2 0 1 3644 3708 3643
7174 2 2 0 1 3708 3709 3644
7175 2 2 0 1 3645 3709 3644
7176 2 2 0 1 3709 3710 3645
7177 2 2 0 1 3646 3710 3645
7178 2 2 0 1 3710 3711 3646
7179 2 2 0 1 3647 3711 3646
7180 2 2 0 1 3711 3712 3647
7181 2 2 0 1 3648 3712 3647
7182 2 2 0 1 3712 3713 3648
7183 2 2 0 1 3649 3713 3648
7184 2 2 0 1 3713 3714 3649
7185 2 2 0 1 3650 3714 3649
7186 2 2 0 1 3714 3715 3650
7187 2 2 0 1 3651 3715 3650
7188 2 2 0 1 3715 3716 3651
7189 2 2 0 1 3652 3716 3651
7190 2 2 0 1 3716 3717 3652
7191 2 2 0 1 3653 3717 3652
7192 2 2 0 1 3717 3718 3653
7193 2 2 0 1 3654 3718 3653
7194 2 2 0 1 3718 3719 3654
7195 2 2 0 1 3655 3719 3654
7196 2 2 0 1 3719 3720 3655
7197 2 2 0 1 3656 3720 3655
7198 2 2 0 1 3720 3721 3656
7199 2 2 0 1 3657 3721 3656
7200 2 2 0 1 3721 3722 3657
7201 2 2 0 1 3658 3722 3657
7202 2 2 0 1 3722 3723 3658
7203 2 2 0 1 3659 3723 3658
7204 2 2 0 1 3723 3724 3659
7205 2 2 0 1 3660 3724 3659
7206 2 2 0 1 3724 3725 3660
7207 2 2 0 1 3661 3725 3660
7208 2 2 0 1 3725 3726 3661
7209 2 2 0 1 3662 3726 3661
7210 2 2 0 1 3726 3727 3662
7211 2 2 0 1 3663 3727 3662
7212 2 2 0 1 3727 3728 3663
7213 2 2 0 1 3664 3728 3663
7214 2 2 0 1 3728 3729 3664
7215 2 2 0 1 3665 3729 3664
7216 2 2 0 1 3729 3730 3665
7217 2 2 0 1 3666 3730 3665
7218 2 2 0 1 3730 3731 3666
7219 2 2 0 1 3667 3731 3666
7220 2 2 0 1 3731 3732 3667
7221 2 2 0 1 3668 3732 3667
7222 2 2 0 1 3732 3733 3668
7223 2 2 0 1 3669 3733 3668
7224 2 2 0 1 3733 3734 3669
7225 2 2 0 1 3670 3734 3669
7226 2 2 0 1 3734 3735 3670
7227 2 2 0 1 3671 3735 3670
7228 2 2 0 1 3735 3736 3671
7229 2 2 0 1 3672 3736 3671
7230 2 2 0 1 3736 3737 3672
7231 2 2 0 1 3673 3737 3672
7232 2 2 0 1 3737 3738 3673
7233 2 2 0 1 3674 3738 3673
7234 2 2 0 1 3738 3739 3674
7235 2 2 0 1 3675 3739 3674
7236 2 2 0 1 3739 3740 3675
7237 2 2 0 1 3676 3740 3675
7238 2 2 0 1 3740 3741 3676
7239 2 2 0 1 3677 3741 3676
7240 2 2 0 1 3741 3742 3677
7241 2 2 0 1 3678 3742 3677
7242 2 2 0 1 3742 3743 3678
7243 2 2 0 1 3679 3743 3678
7244 2 2 0 1 3743 3744 3679
7245 2 2 0 1 3680 3744 3679
7246 2 2 0 1 3744 3745 3680
7247 2 2 0 1 3681 3745 3680
7248 2 2 0 1 3745 3746 3681
7249 2 2 0 1 3682 3746 3681
7250 2 2 0 1 3746 3747 3682
7251 2 2 0 1 3683 3747 3682
7252 2 2 0 1 3747 3748 3683
7253 2 2 0 1 3684 3748 3683
7254 2 2 0 1 3748 3749 3684
7255 2 2 0 1 3685 3749 3684
7256 2 2 0 1 3749 3750 3685
7257 2 2 0 1 3686 3750 3685
7258 2 2 0 1 3750 3751 3686
7259 2 2 0 1 3687 3751 3686
7260 2 2 0 1 3751 3752 3687
7261 2 2 0 1 3688 3752 3687
7262 2 2 0 1 3752 3753 3688
7263 2 2 0 1 3689 3753 3688
7264 2 2 0 1 3753 3754 3689
7265 2 2 0 1 3755 3754 3689
7266 2 2 0 1 3689 3755 3690
7267 2 2 0 1 3756 3755 3690
7268 2 2 0 1 3690 3756 3691
7269 2 2 0 1 3757 3756 3691
7270 2 2 0 1 3691 3757 3692
7271 2 2 0 1 3758 3757 3692
7272 2 2 0 1 3692 3758 3693
7273 2 2 0 1 3759 3758 3693
7274 2 2 0 1 3693 3759 3694
7275 2 2 0 1 3760 3759 3694
7276 2 2 0 1 3694 3760 3695
7277 2 2 0 1 3761 3760 3695
7278 2 2 0 1 3695 3761 3696
7279 2 2 0 1 3762 3761 3696
7280 2 2 0 1 3696 3762 3697
7281 2 2 0 1 3763 3762 3697
7282 2 2 0 1 3697 3763 3698
7283 2 2 0 1 3764 3763 3698
7284 2 2 0 1 3698 3764 3699
7285 2 2 0 1 3765 3764 3699
7286 2 2 0 1 3699 3765 3700
7287 2 2 0 1 3766 3765 3700
7288 2 2 0 1 3700 3766 3701
7289 2 2 0 1 3767 3766 3701
7290 2 2 0 1 3701 3767 3702
7291 2 2 0 1 3768 3767 3702
7292 2 2 0 1 3702 3768 3703
7293 2 2 0 1 3769 3768 3703
7294 2 2 0 1 3703 3769 3704
7295 2 2 0 1 3770 3769 3704
7296 2 2 0 1 3704 3770 3705
7297 2 2 0 1 3707 3771 3706
7298 2 2 0 1 3771 3772 3707
7299 2 2 0 1 3708 3772 3707
7300 2 2 0 1 3772 3773 3708
7301 2 2 0 1 3709 3773 3708
7302 2 2 0 1 3773 3774 3709
7303 2 2 0 1 3710 3774 3709
7304 2 2 0 1 3774 3775 3710
7305 2 2 0 1 3711 3775 3710
7306 2 2 0 1 3775 3776 3711
7307 2 2 0 1 3712 3776 3711
7308 2 2 0 1 3776 3777 3712
7309 2 2 0 1 3713 3777 3712
7310 2 2 0 1 3777 3778 3713
7311 2 2 0 1 3714 3778 3713
7312 2 2 0 1 3778 3779 3714
7313 2 2 0 1 3715 3779 3714
7314 2 2 0 1 3779 3780 3715
7315 2 2 0 1 3716 3780 3715
7316 2 2 0 1 3780 3781 3716
7317 2 2 0 1 3717 3781 3716
7318 2 2 0 1 3781 3782 3717
7319 2 2 0 1 3718 3782 3717
7320 2 2 0 1 3782 3783 3718
7321 2 2 0 1 3719 3783 3718
7322 2 2 0 1 3783 3784 3719
7323 2 2 0 1 3720 3784 3719
7324 2 2 0 1 3784 3785 3720
7325 2 2 0 1 3721 3785 3720
7326 2 2 0 1 3785 3786 3721
7327 2 2 0 1 3722 3786 3721
7328 2 2 0 1 3786 3787 3722
7329 2 2 0 1 3723 3787 3722
7330 2 2 0 1 3787 3788 3723
7331 2 2 0 1 3724 3788 3723
7332 2 2 0 1 3788 3789 3724
7333 2 2 0 1 3725 3789 3724
7334 2 2 0 1 3789 3790 3725
7335 2 2 0 1 3726 3790 3725
7336 2 2 0 1 3790 3791 3726
7337 2 2 0 1 3727 3791 3726
7338 2 2 0 1 3791 3792 3727
7339 2 2 0 1 3728 3792 3727
7340 2 2 0 1 3792 3793 3728
7341 2 2 0 1 3729 3793 3728
7342 2 2 0 1 3793 3794 3729
7343 2 2 0 1 3730 3794 3729
7344 2 2 0 1 3794 3795 3730
7345 2 2 0 1 3731 3795 3730
7346 2 2 0 1 3795 3796 3731
7347 2 2 0 1 3732 3796 3731
7348 2 2 0 1 3796 3797 3732
7349 2 2 0 1 3733 3797 3732
7350 2 2 0 1 3797 3798 3733
7351 2 2 0 1 3734 3798 3733
7352 2 2 0 1 3798 3799 3734
7353 2 2 0 1 3735 3799 3734
7354 2 2 0 1 3799 3800 3735
7355 2 2 0 1 3736 3800 3735
7356 2 2 0 1 3800 3801 3736
7357 2 2 0 1 3737 3801 3736
7358 2 2 0 1 3801 3802 3737
7359 2 2 0 1 3738 3802 3737
7360 2 2 0 1 3802 3803 3738
7361 2 2 0 1 3739 3803 3738
7362 2 2 0 1 3803 3804 3739
7363 2 2 0 1 3740 3804 3739
7364 2 2 0 1 3804 3805 3740
7365 2 2 0 1 3741 3805 3740
7366 2 2 0 1 3805 3806 3741
7367 2 2 0 1 3742 3806 3741
7368 2 2 0 1 3806 3807 3742
7369 2 2 0 1 3743 3807 3742
7370 2 2 0 1 3807 3808 3743
7371 2 2 0 1 3744 3808 3743
7372 2 2 0 1 3808 3809 3744
7373 2 2 0 1 3745 3809 3744
7374 2 2 0 1 3809 3810 3745
7375 2 2 0 1 3746 3810 3745
7376 2 2 0 1 3810 3811 3746
7377 2 2 0 1 3747 3811 3746
7378 2 2 0 1 3811 3812 3747
7379 2 2 0 1 3748 3812 3747
7380 2 2 0 1 3812 3813 3748
7381 2 2 0 1 3749 3813 3748
7382 2 2 0 1 3813 3814 3749
7383 2 2 0 1 3750 3814 3749
7384 2 2 0 1 3814 3815 3750
7385 2 2 0 1 3751 3815 3750
7386 2 2 0 1 3815 3816 3751
7387 2 2 0 1 3752 3816 3751
7388 2 2 0 1 3816 3817 3752
7389 2 2 0 1 3753 3817 3752
7390 2 2 0 1 3817 3818 3753
7391 2 2 0 1 3754 3818 3753
7392 2 2 0 1 3818 3819 3754
7393 2 2 0 1 3820 3819 3754
7394 2 2 0 1 3754 3820 3755
7395 2 2 0 1 3821 3820 3755
7396 2 2 0 1 3755 3821 3756
7397 2 2 0 1 3822 3821 3756
7398 2 2 0 1 3756 3822 3757
7399 2 2 0 1 3823 3822 3757
7400 2 2 0 1 3757 3823 3758
7401 2 2 0 1 3824 3823 3758
7402 2 2 0 1 3758 3824 3759
7403 2 2 0 1 3825 3824 3759
7404 2 2 0 1 3759 3825 3760
7405 2 2 0 1 3826 3825 3760
7406 2 2 0 1 3760 3826 3761
7407 2 2 0 1 3827 3826 3761
7408 2 2 0 1 3761 3827 3762
7409 2 2 0 1 3828 3827 3762
7410 2 2 0 1 3762 3828 3763
7411 2 2 0 1 3829 3828 3763
7412 2 2 0 1 3763 3829 3764
7413 2 2 0 1 3830 3829 3764
7414 2 2 0 1 3764 3830 3765
7415 2 2 0 1 3831 3830 3765
7416 2 2 0 1 3765 3831 3766
7417 2 2 0 1 3832 3831 3766
7418 2 2 0 1 3766 3832 3767
7419 2 2 0 1 3833 3832 3767
7420 2 2 0 1 3767 3833 3768
7421 2 2 0 1 3834 3833 3768
7422 2 2 0 1 3768 3834 3769
7423 2 2 0 1 3835 3834 3769
7424 2 2 0 1 3769 3835 3770
7425 2 2 0 1 3772 3836 3771
7426 2 2 0 1 3836 3837 3772
7427 2 2 0 1 3773 3837 3772
7428 2 2 0 1 3837 3838 3773
7429 2 2 0 1 3774 3838 3773
7430 2 2 0 1 3838 3839 3774
7431 2 2 0 1 3775 3839 3774
7432 2 2 0 1 3839 3840 3775
7433 2 2 0 1 3776 3840 3775
7434 2 2 0 1 3840 3841 3776
7435 2 2 0 1 3777 3841 3776
7436 2 2 0 1 3841 3842 3777
7437 2 2 0 1 3778 3842 3777
7438 2 2 0 1 3842 3843 3778
7439 2 2 0 1 3779 3843 3778
7440 2 2 0 1 3843 3844 3779
7441 2 2 0 1 3780 3844 3779
7442 2 2 0 1 3844 3845 3780
7443 2 2 0 1 3781 3845 3780
7444 2 2 0 1 3845 3846 3781
7445 2 2 0 1 3782 3846 3781
7446 2 2 0 1 3846 3847 3782
7447 2 2 0 1 3783 3847 3782
7448 2 2 0 1 3847 3848 3783
7449 2 2 0 1 3784 3848 3783
7450 2 2 0 1 3848 3849 3784
7451 2 2 0 1 3785 3849 3784
7452 2 2 0 1 3849 3850 3785
7453 2 2 0 1 3786 3850 3785
7454 2 2 0 1 3850 3851 3786
7455 2 2 0 1 3787 3851 3786
7456 2 2 0 1 3851 3852 3787
7457 2 2 0 1 3788 3852 3787
7458 2 2 0 1 3852 3853 3788
7459 2 2 0 1 3789 3853 3788
7460 2 2 0 1 3853 3854 3789
7461 2 2 0 1 3790 3854 3789
7462 2 2 0 1 3854 3855 3790
7463 2 2 0 1 3791 3855 3790
7464 2 2 0 1 3855 3856 3791
7465 2 2 0 1 3792 3856 3791
7466 2 2 0 1 3856 3857 3792
7467 2 2 0 1 3793 3857 3792
7468 2 2 0 1 3857 3858 3793
7469 2 2 0 1 3794 3858 3793
7470 2 2 0 1 3858 3859 3794
7471 2 2 0 1 3795 3859 3794
7472 2 2 0 1 3859 3860 3795
7473 2 2 0 1 3796 3860 3795
7474 2 2 0 1 3860 3861 3796
7475 2 2 0 1 3797 3861 3796
7476 2 2 0 1 3861 3862 3797
7477 2 2 0 1 3798 3862 3797
7478 2 2 0 1 3862 3863 3798
7479 2 2 0 1 3799 3863 3798
7480 2 2 0 1 3863 3864 3799
7481 2 2 0 1 3800 3864 3799
7482 2 2 0 1 3864 3865 3800
7483 2 2 0 1 3801 3865 3800
7484 2 2 0 1 3865 3866 3801
7485 2 2 0 1 3802 3866 3801
7486 2 2 0 1 3866 3867 3802
7487 2 2 0 1 3803 3867 3802
7488 2 2 0 1 3867 3868 3803
7489 2 2 0 1 3804 3868 3803
7490 2 2 0 1 3868 3869 3804
7491 2 2 0 1 3805 3869 3804
7492 2 2 0 1 3869 3870 3805
7493 2 2 0 1 3806 3870 3805
7494 2 2 0 1 3870 3871 3806
7495 2 2 0 1 3807 3871 3806
7496 2 2 0 1 3871 3872 3807
7497 2 2 0 1 3808 3872 3807
7498 2 2 0 1 3872 3873 3808
7499 2 2 0 1 3809 3873 3808
7500 2 2 0 1 3873 3874 3809
7501 2 2 0 1 3810 3874 3809
7502 2 2 0 1 3874 3875 3810
7503 2 2 0 1 3811 3875 3810
7504 2 2 0 1 3875 3876 3811
7505 2 2 0 1 3812 3876 3811
7506 2 2 0 1 3876 3877 3812
7507 2 2 0 1 3813 3877 3812
7508 2 2 0 1 3877 3878 3813
7509 2 2 0 1 3814 3878 3813
7510 2 2 0 1 3878 3879 3814
7511 2 2 0 1 3815 3879 3814
7512 2 2 0 1 3879 3880 3815
7513 2 2 0 1 3816 3880 3815
7514 2 2 0 1 3880 3881 3816
7515 2 2 0 1 3817 3881 3816
7516 2 2 0 1 3881 3882 3817
7517 2 2 0 1 3818 3882 3817
7518 2 2 0 1 3882 3883 3818
7519 2 2 0 1 3819 3883 3818
7520 2 2 0 1 3883 3884 3819
7521 2 2 0 1 3885 3884 3819
7522 2 2 0 1 3819 3885 3820
7523 2 2 0 1 3886 3885 3820
7524 2 2 0 1 3820 3886 3821
7525 2 2 0 1 3887 3886 3821
7526 2 2 0 1 3821 3887 3822
7527 2 2 0 1 3888 3887 3822
7528 2 2 0 1 3822 3888 3823
7529 2 2 0 1 3889 3888 3823
7530 2 2 0 1 3823 3889 3824
7531 2 2 0 1 3890 3889 3824
7532 2 2 0 1 3824 3890 3825
7533 2 2 0 1 3891 3890 3825
7534 2 2 0 1 3825 3891 3826
7535 2 2 0 1 3892 3891 3826
7536 2 2 0 1 3826 3892 3827
7537 2 2 0 1 3893 3892 3827
7538 2 2 0 1 3827 3893 3828
7539 2 2 0 1 3894 3893 3828
7540 2 2 0 1 3828 3894 3829
7541 2 2 0 1 3895 3894 3829
7542 2 2 0 1 3829 3895 3830
7543 2 2 0 1 3896 3895 3830
7544 2 2 0 1 3830 3896 3831
7545 2 2 0 1 3897 3896 3831
7546 2 2 0 1 3831 3897 3832
7547 2 2 0 1 3898 3897 3832
7548 2 2 0 1 3832 3898 3833
7549 2 2 0 1 3899 3898 3833
7550 2 2 0 1 3833 3899 3834
7551 2 2 0 1 3900 3899 3834
7552 2 2 0 1 3834 3900 3835
7553 2 2 0 1 3837 3901 3836
7554 2 2 0 1 3901 3902 3837
7555 2 2 0 1 3838 3902 3837
7556 2 2 0 1 3902 3903 3838
7557 2 2 0 1 3839 3903 3838
7558 2 2 0 1 3903 3904 3839
7559 2 2 0 1 3840 3904 3839
7560 2 2 0 1 3904 3905 3840
7561 2 2 0 1 3841 3905 3840
7562 2 2 0 1 3905 3906 3841
7563 2 2 0 1 3842 3906 3841
7564 2 2 0 1 3906 3907 3842
7565 2 2 0 1 3843 3907 3842
7566 2 2 0 1 3907 3908 3843
7567 2 2 0 1 3844 3908 3843
7568 2 2 0 1 3908 3909 3844
7569 2 2 0 1 3845 3909 3844
7570 2 2 0 1 3909 3910 3845
7571 2 2 0 1 3846 3910 3845
7572 2 2 0 1 3910 3911 3846
7573 2 2 0 1 3847 3911 3846
7574 2 2 0 1 3911 3912 3847
7575 2 2 0 1 3848 3912 3847
7576 2 2 0 1 3912 3913 3848
7577 2 2 0 1 3849 3913 3848
7578 2 2 0 1 3913 3914 3849
7579 2 2 0 1 3850 3914 3849
7580 2 2 0 1 3914 3915 3850
7581 2 2 0 1 3851 3915 3850
7582 2 2 0 1 3915 3916 3851
7583 2 2 0 1 3852 3916 3851
7584 2 2 0 1 3916 3917 3852
7585 2 2 0 1 3853 3917 3852
7586 2 2 0 1 3917 3918 3853
7587 2 2 0 1 3854 3918 3853
7588 2 2 0 1 3918 3919 3854
7589 2 2 0 1 3855 3919 3854
7590 2 2 0 1 3919 3920 3855
7591 2 2 0 1 3856 3920 3855
7592 2 2 0 1 3920 3921 3856
7593 2 2 0 1 3857 3921 3856
7594 2 2 0 1 3921 3922 3857
7595 2 2 0 1 3858 3922 3857
7596 2 2 0 1 3922 3923 3858
7597 2 2 0 1 3859 3923 3858
7598 2 2 0 1 3923 3924 3859
7599 2 2 0 1 3860 3924 3859
7600 2 2 0 1 3924 3925 3860
7601 2 2 0 1 3861 3925 3860
7602 2 2 0 1 3925 3926 3861
7603 2 2 0 1 3862 3926 3861
7604 2 2 0 1 3926 3927 3862
7605 2 2 0 1 3863 3927 3862
7606 2 2 0 1 3927 3928 3863
7607 2 2 0 1 3864 3928 3863
7608 2 2 0 1 3928 3929 3864
7609 2 2 0 1 3865 3929 3864
7610 2 2 0 1 3929 3930 3865
7611 2 2 0 1 3866 3930 3865
7612 2 2 0 1 3930 3931 3866
7613 2 2 0 1 3867 3931 3866
7614 2 2 0 1 3931 3932 3867
7615 2 2 0 1 3868 3932 3867
7616 2 2 0 1 3932 3933 3868
7617 2 2 0 1 3869 3933 3868
7618 2 2 0 1 3933 3934 3869
7619 2 2 0 1 3870 3934 3869
7620 2 2 0 1 3934 3935 3870
7621 2 2 0 1 3871 3935 3870
7622 2 2 0 1 3935 3936 3871
7623 2 2 0 1 3872 3936 3871
7624 2 2 0 1 3936 3937 3872
7625 2 2 0 1 3873 3937 3872
7626 2 2 0 1 3937 3938 3873
7627 2 2 0 1 3874 3938 3873
7628 2 2 0 1 3938 3939 3874
7629 2 2 0 1 3875 3939 3874
7630 2 2 0 1 3939 3940 3875
7631 2 2 0 1 3876 3940 3875
7632 2 2 0 1 3940 3941 3876
7633 2 2 0 1 3877 3941 3876
7634 2 2 0 1 3941 3942 3877
7635 2 2 0 1 3878 3942 3877
7636 2 2 0 1 3942 3943 3878
7637 2 2 0 1 3879 3943 3878
7638 2 2 0 1 3943 3944 3879
7639 2 2 0 1 3880 3944 3879
7640 2 2 0 1 3944 3945 3880
7641 2 2 0 1 3881 3945 3880
7642 2 2 0 1 3945 3946 3881
7643 2 2 0 1 3882 3946 3881
7644 2 2 0 1 3946 3947 3882
7645 2 2 0 1 3883 3947 3882
7646 2 2 0 1 3947 3948 3883
7647 2 2 0 1 3884 3948 3883
7648 2 2 0 1 3948 3949 3884
7649 2 2 0 1 3950 3949 3884
7650 2 2 0 1 3884 3950 3885
7651 2 2 0 1 3951 3950 3885
7652 2 2 0 1 3885 3951 3886
7653 2 2 0 1 3952 3951 3886
7654 2 2 0 1 3886 3952 3887
7655 2 2 0 1 3953 3952 3887
7656 2 2 0 1 3887 3953 3888
7657 2 2 0 1 3954 3953 3888
7658 2 2 0 1 3888 3954 3889
7659 2 2 0 1 3955 3954 3889
7660 2 2 0 1 3889 3955 3890
7661 2 2 0 1 3956 3955 3890
7662 2 2 0 1 3890 3956 3891
7663 2 2 0 1 3957 3956 3891
7664 2 2 0 1 3891 3957 3892
7665 2 2 0 1 3958 3957 3892
7666 2 2 0 1 3892 3958 3893
7667 2 2 0 1 3959 3958 3893
7668 2 2 0 1 3893 3959 3894
7669 2 2 0 1 3960 3959 3894
7670 2 2 0 1 3894 3960 3895
7671 2 2 0 1 3961 3960 3895
7672 2 2 0 1 3895 3961 3896
7673 2 2 0 1 3962 3961 3896
7674 2 2 0 1 3896 3962 3897
7675 2 2 0 1 3963 3962 3897
7676 2 2 0 1 3897 3963 3898
7677 2 2 0 1 3964 3963 3898
7678 2 2 0 1 3898 3964 3899
7679 2 2 0 1 3965 3964 3899
7680 2 2 0 1 3899 3965 3900
7681 2 2 0 1 3902 3966 3901
7682 2 2 0 1 3966 3967 3902
7683 2 2 0 1 3903 3967 3902
7684 2 2 0 1 3967 3968 3903
7685 2 2 0 1 3904 3968 3903
7686 2 2 0 1 3968 3969 3904
7687 2 2 0 1 3905 3969 3904
7688 2 2 0 1 3969 3970 3905
7689 2 2 0 1 3906 3970 3905
7690 2 2 0 1 3970 3971 3906
7691 2 2 0 1 3907 3971 3906
7692 2 2 0 1 3971 3972 3907
7693 2 2 0 1 3908 3972 3907
7694 2 2 0 1 3972 3973 3908
7695 2 2 0 1 3909 3973 3908
7696 2 2 0 1 3973 3974 3909
7697 2 2 0 1 3910 3974 3909
7698 2 2 0 1 3974 3975 3910
7699 2 2 0 1 3911 3975 3910
7700 2 2 0 1 3975 3976 3911
7701 2 2 0 1 3912 3976 3911
7702 2 2 0 1 3976 3977 3912
7703 2 2 0 1 3913 3977 3912
7704 2 2 0 1 3977 3978 3913
7705 2 2 0 1 3914 3978 3913
7706 2 2 0 1 3978 3979 3914
7707 2 2 0 1 3915 3979 3914
7708 2 2 0 1 3979 3980 3915
7709 2 2 0 1 3916 3980 3915
7710 2 2 0 1 3980 3981 3916
7711 2 2 0 1 3917 3981 3916
7712 2 2 0 1 3981 3982 3917
7713 2 2 0 1 3918 3982 3917
7714 2 2 0 1 3982 3983 3918
7715 2 2 0 1 3919 3983 3918
7716 2 2 0 1 3983 3984 3919
7717 2 2 0 1 3920 3984 3919
7718 2 2 0 1 3984 3985 3920
7719 2 2 0 1 3921 3985 3920
7720 2 2 0 1 3985 3986 3921
7721 2 2 0 1 3922 3986 3921
7722 2 2 0 1 3986 3987 3922
7723 2 2 0 1 3923 3987 3922
7724 2 2 0 1 3987 3988 3923
7725 2 2 0 1 3924 3988 3923
7726 2 2 0 1 3988 3989 3924
7727 2 2 0 1 3925 3989 3924
7728 2 2 0 1 3989 3990 3925
7729 2 2 0 1 3926 3990 3925
7730 2 2 0 1 3990 3991 3926
7731 2 2 0 1 3927 3991 3926
7732 2 2 0 1 3991 3992 3927
7733 2 2 0 1 3928 3992 3927
7734 2 2 0 1 3992 3993 3928
7735 2 2 0 1 3929 3993 3928
7736 2 2 0 1 3993 3994 3929
7737 2 2 0 1 3930 3994 3929
7738 2 2 0 1 3994 3995 3930
7739 2 2 0 1 3931 3995 3930
7740 2 2 0 1 3995 3996 3931
7741 2 2 0 1 3932 3996 3931
7742 2 2 0 1 3996 3997 3932
7743 2 2 0 1 3933 3997 3932
7744 2 2 0 1 3997 3998 3933
7745 2 2 0 1 3934 3998 3933
7746 2 2 0 1 3998 3999 3934
7747 2 2 0 1 3935 3999 3934
7748 2 2 0 1 3999 4000 3935
7749 2 2 0 1 3936 4000 3935
7750 2 2 0 1 4000 4001 3936
7751 2 2 0 1 3937 4001 3936
7752 2 2 0 1 4001 4002 3937
7753 2 2 0 1 3938 4002 3937
7754 2 2 0 1 4002 4003 3938
7755 2 2 0 1 3939 4003 3938
7756 2 2 0 1 4003 4004 3939
7757 2 2 0 1 3940 4004 3939
7758 2 2 0 1 4004 4005 3940
7759 2 2 0 1 3941 4005 3940
7760 2 2 0 1 4005 4006 3941
7761 2 2 0 1 3942 4006 3941
7762 2 2 0 1 4006 4007 3942
7763 2 2 0 1 3943 4007 3942
7764 2 2 0 1 4007 4008 3943
7765 2 2 0 1 3944 4008 3943
7766 2 2 0 1 4008 4009 3944
7767 2 2 0 1 3945 4009 3944
7768 2 2 0 1 4009 4010 3945
7769 2 2 0 1 3946 4010 3945
7770 2 2 0 1 4010 4011 3946
7771 2 2 0 1 3947 4011 3946
7772 2 2 0 1 4011 4012 3947
7773 2 2 0 1 3948 4012 3947
7774 2 2 0 1 4012 4013 3948
7775 2 2 0 1 3949 4013 3948
7776 2 2 0 1 4013 4014 3949
7777 2 2 0 1 4015 4014 3949
7778 2 2 0 1 3949 4015 3950
7779 2 2 0 1 4016 4015 3950
7780 2 2 0 1 3950 4016 3951
7781 2 2 0 1 4017 4016 3951
7782 2 2 0 1 3951 4017 3952
7783 2 2 0 1 4018 4017 3952
7784 2 2 0 1 3952 4018 3953
7785 2 2 0 1 4019 4018 3953
7786 2 2 0 1 3953 4019 3954
7787 2 2 0 1 4020 4019 3954
7788 2 2 0 1 3954 4020 3955
7789 2 2 0 1 4021 4020 3955
7790 2 2 0 1 3955 4021 3956
7791 2 2 0 1 4022 4021 3956
7792 2 2 0 1 3956 4022 3957
7793 2 2 0 1 4023 4022 3957
7794 2 2 0 1 3957 4023 3958
7795 2 2 0 1 4024 4023 3958
7796 2 2 0 1 3958 4024 3959
7797 2 2 0 1 4025 4024 3959
7798 2 2 0 1 3959 4025 3960
7799 2 2 0 1 4026 4025 3960
7800 2 2 0 1 3960 4026 3961
7801 2 2 0 1 4027 4026 3961
7802 2 2 0 1 3961 4027 3962
7803 2 2 0 1 4028 4027 3962
7804 2 2 0 1 3962 4028 3963
7805 2 2 0 1 4029 4028 3963
7806 2 2 0 1 3963 4029 3964
7807 2 2 0 1 4030 4029 3964
7808 2 2 0 1 3964 4030 3965
7809 2 2 0 1 3967 4031 3966
7810 2 2 0 1 4031 4032 3967
7811 2 2 0 1 3968 4032 3967
7812 2 2 0 1 4032 4033 3968
7813 2 2 0 1 3969 4033 3968
7814 2 2 0 1 4033 4034 3969
7815 2 2 0 1 3970 4034 3969
7816 2 2 0 1 4034 4035 3970
7817 2 2 0 1 3971 4035 3970
7818 2 2 0 1 4035 4036 3971
7819 2 2 0 1 3972 4036 3971
7820 2 2 0 1 4036 4037 3972
7821 2 2 0 1 3973 4037 3972
7822 2 2 0 1 4037 4038 3973
7823 2 2 0 1 3974 4038 3973
7824 2 2 0 1 4038 4039 3974
7825 2 2 0 1 3975 4039 3974
7826 2 2 0 1 4039 4040 3975
7827 2 2 0 1 3976 4040 3975
7828 2 2 0 1 4040 4041 3976
7829 2 2 0 1 3977 4041 3976
7830 2 2 0 1 4041 4042 3977
7831 2 2 0 1 3978 4042 3977
7832 2 2 0 1 4042 4043 3978
7833 2 2 0 1 3979 4043 3978
7834 2 2 0 1 4043 4044 3979
7835 2 2 0 1 3980 4044 3979
7836 2 2 0 1 4044 4045 3980
7837 2 2 0 1 3981 4045 3980
7838 2 2 0 1 4045 4046 3981
7839 2 2 0 1 3982 4046 3981
7840 2 2 0 1 4046 4047 3982
7841 2 2 0 1 3983 4047 3982
7842 2 2 0 1 4047 4048 3983
7843 2 2 0 1 3984 4048 3983
7844 2 2 0 1 4048 4049 3984
7845 2 2 0 1 3985 4049 3984
7846 2 2 0 1 4049 4050 3985
7847 2 2 0 1 3986 4050 3985
7848 2 2 0 1 4050 4051 3986
7849 2 2 0 1 3987 4051 3986
7850 2 2 0 1 4051 4052 3987
7851 2 2 0 1 3988 4052 3987
7852 2 2 0 1 4052 4053 3988
7853 2 2 0 1 3989 4053 3988
7854 2 2 0 1 4053 4054 3989
7855 2 2 0 1 3990 4054 3989
7856 2 2 0 1 4054 4055 3990
7857 2 2 0 1 3991 4055 3990
7858 2 2 0 1 4055 4056 3991
7859 2 2 0 1 3992 4056 3991
7860 2 2 0 1 4056 4057 3992
7861 2 2 0 1 3993 4057 3992
7862 2 2 0 1 4057 4058 3993
7863 2 2 0 1 3994 4058 3993
7864 2 2 0 1 4058 4059 3994
7865 2 2 0 1 3995 4059 3994
7866 2 2 0 1 4059 4060 3995
7867 2 2 0 1 3996 4060 3995
7868 2 2 0 1 4060 4061 3996
7869 2 2 0 1 3997 4061 3996
7870 2 2 0 1 4061 4062 3997
7871 2 2 0 1 3998 4062 3997
7872 2 2 0 1 4062 4063 3998
7873 2 2 0 1 3999 4063 3998
7874 2 2 0 1 4063 4064 3999
7875 2 2 0 1 4000 4064 3999
7876 2 2 0 1 4064 4065 4000
7877 2 2 0 1 4001 4065 4000
7878 2 2 0 1 4065 4066 4001
7879 2 2 0 1 4002 4066 4001
7880 2 2 0 1 4066 4067 4002
7881 2 2 0 1 4003 4067 4002
7882 2 2 0 1 4067 4068 4003
7883 2 2 0 1 4004 4068 4003
7884 2 2 0 1 4068 4069 4004
7885 2 2 0 1 4005 4069 4004
7886 2 2 0 1 4069 4070 4005
7887 2 2 0 1 4006 4070 4005
7888 2 2 0 1 4070 4071 4006
7889 2 2 0 1 4007 4071 4006
7890 2 2 0 1 4071 4072 4007
7891 2 2 0 1 4008 4072 4007
7892 2 2 0 1 4072 4073 4008
7893 2 2 0 1 4009 4073 4008
7894 2 2 0 1 4073 4074 4009
7895 2 2 0 1 4010 4074 4009
7896 2 2 0 1 4074 4075 4010
7897 2 2 0 1 4011 4075 4010
7898 2 2 0 1 4075 4076 4011
7899 2 2 0 1 4012 4076 4011
7900 2 2 0 1 4076 4077 4012
7901 2 2 0 1 4013 4077 4012
7902 2 2 0 1 4077 4078 4013
7903 2 2 0 1 4014 4078 4013
7904 2 2 0 1 4078 4079 4014
7905 2 2 0 1 4080 4079 4014
7906 2 2 0 1 4014 4080 4015
7907 2 2 0 1 4081 4080 4015
7908 2 2 0 1 4015 4081 4016
7909 2 2 0 1 4082 4081 4016
7910 2 2 0 1 4016 4082 4017
7911 2 2 0 1 4083 4082 4017
7912 2 2 0 1 4017 4083 4018
7913 2 2 0 1 4084 4083 4018
7914 2 2 0 1 4018 4084 4019
7915 2 2 0 1 4085 4084 4019
7916 2 2 0 1 4019 4085 4020
7917 2 2 0 1 4086 4085 4020
7918 2 2 0 1 4020 4086 4021
7919 2 2 0 1 4087 4086 4021
7920 2 2 0 1 4021 4087 4022
7921 2 2 0 1 4088 4087 4022
7922 2 2 0 1 4022 4088 4023
7923 2 2 0 1 4089 4088 4023
7924 2 2 0 1 4023 4089 4024
7925 2 2 0 1 4090 4089 4024
7926 2 2 0 1 4024 4090 4025
7927 2 2 0 1 4091 4090 4025
7928 2 2 0 1 4025 4091 4026
7929 2 2 0 1 4092 4091 4026
7930 2 2 0 1 4026 4092 4027
7931 2 2 0 1 4093 4092 4027
7932 2 2 0 1 4027 4093 4028
7933 2 2 0 1 4094 4093 4028
7934 2 2 0 1 4028 4094 4029
7935 2 2 0 1 4095 4094 4029
7936 2 2 0 1 4029 4095 4030
7937 2 2 0 1 4032 4096 4031
7938 2 2 0 1 4096 4097 4032
7939 2 2 0 1 4033 4097 4032
7940 2 2 0 1 4097 4098 4033
7941 2 2 0 1 4034 4098 4033
7942 2 2 0 1 4098 4099 4034
7943 2 2 0 1 4035 4099 4034
7944 2 2 0 1 4099 4100 4035
7945 2 2 0 1 4036 4100 4035
7946 2 2 0 1 4100 4101 4036
7947 2 2 0 1 4037 4101 4036
7948 2 2 0 1 4101 4102 4037
7949 2 2 0 1 4038 4102 4037
7950 2 2 0 1 4102 4103 4038
7951 2 2 0 1 4039 4103 4038
7952 2 2 0 1 4103 4104 4039
7953 2 2 0 1 4040 4104 4039
7954 2 2 0 1 4104 4105 4040
7955 2 2 0 1 4041 4105 4040
7956 2 2 0 1 4105 4106 4041
7957 2 2 0 1 4042 4106 4041
7958 2 2 0 1 4106 4107 4042
7959 2 2 0 1 4043 4107 4042
7960 2 2 0 1 4107 4108 4043
7961 2 2 0 1 4044 4108 4043
7962 2 2 0 1 4108 4109 4044
7963 2 2 0 1 4045 4109 4044
7964 2 2 0 1 4109 4110 4045
7965 2 2 0 1 4046 4110 4045
7966 2 2 0 1 4110 4111 4046
7967 2 2 0 1 4047 4111 4046
7968 2 2 0 1 4111 4112 4047
7969 2 2 0 1 4048 4112 4047
7970 2 2 0 1 4112 4113 4048
7971 2 2 0 1 4049 4113 4048
7972 2 2 0 1 4113 4114 4049
7973 2 2 0 1 4050 4114 4049
7974 2 2 0 1 4114 4115 4050
7975 2 2 0 1 4051 4115 4050
7976 2 2 0 1 4115 4116 4051
7977 2 2 0 1 4052 4116 4051
7978 2 2 0 1 4116 4117 4052
7979 2 2 0 1 4053 4117 4052
7980 2 2 0 1 4117 4118 4053
7981 2 2 0 1 4054 4118 4053
7982 2 2 0 1 4118 4119 4054
7983 2 2 0 1 4055 4119 4054
7984 2 2 0 1 4119 4120 4055
7985 2 2 0 1 4056 4120 4055
7986 2 2 0 1 4120 4121 4056
7987 2 2 0 1 4057 4121 4056
7988 2 2 0 1 4121 4122 4057
7989 2 2 0 1 4058 4122 4057
7990 2 2 0 1 4122 4123 4058
7991 2 2 0 1 4059 4123 4058
7992 2 2 0 1 4123 4124 4059
7993 2 2 0 1 4060 4124 4059
7994 2 2 0 1 4124 4125 4060
7995 2 2 0 1 4061 4125 4060
7996 2 2 0 1 4125 4126 4061
7997 2 2 0 1 4062 4126 4061
7998 2 2 0 1 4126 4127 4062
7999 2 2 0 1 4063 4127 4062
8000 2 2 0 1 4127 4128 4063
8001 2 2 0 1 4064 4128 4063
8002 2 2 0 1 4128 4129 4064
8003 2 2 0 1 4065 4129 4064
8004 2 2 0 1 4129 4130 4065
8005 2 2 0 1 4066 4130 4065
8006 2 2 0 1 4130 4131 4066
8007 2 2 0 1 4067 4131 4066
8008 2 2 0 1 4131 4132 4067
8009 2 2 0 1 4068 4132 4067
8010 2 2 0 1 4132 4133 4068
8011 2 2 0 1 4069 4133 4068
8012 2 2 0 1 4133 4134 4069
8013 2 2 0 1 4070 4134 4069
8014 2 2 0 1 4134 4135 4070
8015 2 2 0 1 4071 4135 4070
8016 2 2 0 1 4135 4136 4071
8017 2 2 0 1 4072 4136 4071
8018 2 2 0 1 4136 4137 4072
8019 2 2 0 1 4073 4137 4072
8020 2 2 0 1 4137 4138 4073
8021 2 2 0 1 4074 4138 4073
8022 2 2 0 1 4138 4139 4074
8023 2 2 0 1 4075 4139 4074
8024 2 2 0 1 4139 4140 4075
8025 2 2 0 1 4076 4140 4075
8026 2 2 0 1 4140 4141 4076
8027 2 2 0 1 4077 4141 4076
8028 2 2 0 1 4141 4142 4077
8029 2 2 0 1 4078 4142 4077
8030 2 2 0 1 4142 4143 4078
8031 2 2 0 1 4079 4143 4078
8032 2 2 0 1 4143 4144 4079
8033 2 2 0 1 4145 4144 4079
8034 2 2 0 1 4079 4145 4080
8035 2 2 0 1 4146 4145 4080
8036 2 2 0 1 4080 4146 4081
8037 2 2 0 1 4147 4146 4081
8038 2 2 0 1 4081 4147 4082
8039 2 2 0 1 4148 4147 4082
8040 2 2 0 1 4082 4148 4083
8041 2 2 0 1 4149 4148 4083
8042 2 2 0 1 4083 4149 4084
8043 2 2 0 1 4150 4149 4084
8044 2 2 0 1 4084 4150 4085
8045 2 2 0 1 4151 4150 4085
8046 2 2 0 1 4085 4151 4086
8047 2 2 0 1 4152 4151 4086
8048 2 2 0 1 4086 4152 4087
8049 2 2 0 1 4153 4152 4087
8050 2 2 0 1 4087 4153 4088
8051 2 2 0 1 4154 4153 4088
8052 2 2 0 1 4088 4154 4089
8053 2 2 0 1 4155 4154 4089
8054 2 2 0 1 4089 4155 4090
8055 2 2 0 1 4156 4155 4090
8056 2 2 0 1 4090 4156 4091
8057 2 2 0 1 4157 4156 4091
8058 2 2 0 1 4091 4157 4092
8059 2 2 0 1 4158 4157 4092
8060 2 2 0 1 4092 4158 4093
8061 2 2 0 1 4159 4158 4093
8062 2 2 0 1 4093 4159 4094
8063 2 2 0 1 4160 4159 4094
8064 2 2 0 1 4094 4160 4095
8065 2 2 0 1 4097 4161 4096
8066 2 2 0 1 4161 4162 4097
8067 2 2 0 1 4098 4162 4097
8068 2 2 0 1 4162 4163 4098
8069 2 2 0 1 4099 4163 4098
8070 2 2 0 1 4163 4164 4099
8071 2 2 0 1 4100 4164 4099
8072 2 2 0 1 4164 4165 4100
8073 2 2 0 1 4101 4165 4100
8074 2 2 0 1 4165 4166 4101
8075 2 2 0 1 4102 4166 4101
8076 2 2 0 1 4166 4167 4102
8077 2 2 0 1 4103 4167 4102
8078 2 2 0 1 4167 4168 4103
8079 2 2 0 1 4104 4168 4103
8080 2 2 0 1 4168 4169 4104
8081 2 2 0 1 4105 4169 4104
8082 2 2 0 1 4169 4170 4105
8083 2 2 0 1 4106 4170 4105
8084 2 2 0 1 4170 4171 4106
8085 2 2 0 1 4107 4171 4106
8086 2 2 0 1 4171 4172 4107
8087 2 2 0 1 4108 4172 4107
8088 2 2 0 1 4172 4173 4108
8089 2 2 0 1 4109 4173 4108
8090 2 2 0 1 4173 4174 4109
8091 2 2 0 1 4110 4174 4109
8092 2 2 0 1 4174 4175 4110
8093 2 2 0 1 4111 4175 4110
8094 2 2 0 1 4175 4176 4111
8095 2 2 0 1 4112 4176 4111
8096 2 2 0 1 4176 4177 4112
8097 2 2 0 1 4113 4177 4112
8098 2 2 0 1 4177 4178 4113
8099 2 2 0 1 4114 4178 4113
8100 2 2 0 1 4178 4179 4114
8101 2 2 0 1 4115 4179 4114
8102 2 2 0 1 4179 4180 4115
8103 2 2 0 1 4116 4180 4115
8104 2 2 0 1 4180 4181 4116
8105 2 2 0 1 4117 4181 4116
8106 2 2 0 1 4181 4182 4117
8107 2 2 0 1 4118 4182 4117
8108 2 2 0 1 4182 4183 4118
8109 2 2 0 1 4119 4183 4118
8110 2 2 0 1 4183 4184 4119
8111 2 2 0 1 4120 4184 4119
8112 2 2 0 1 4184 4185 4120
8113 2 2 0 1 4121 4185 4120
8114 2 2 0 1 4185 4186 4121
8115 2 2 0 1 4122 4186 4121
8116 2 2 0 1 4186 4187 4122
8117 2 2 0 1 4123 4187 4122
8118 2 2 0 1 4187 4188 4123
8119 2 2 0 1 4124 4188 4123
8120 2 2 0 1 4188 4189 4124
8121 2 2 0 1 4125 4189 4124
8122 2 2 0 1 4189 4190 4125
8123 2 2 0 1 4126 4190 4125
8124 2 2 0 1 4190 4191 4126
8125 2 2 0 1 4127 4191 4126
8126 2 2 0 1 4191 4192 4127
8127 2 2 0 1 4128 4192 4127
8128 2 2 0 1 4192 4193 4128
8129 2 2 0 1 4129 4193 4128
8130 2 2 0 1 4193 4194 4129
8131 2 2 0 1 4130 4194 4129
8132 2 2 0 1 4194 4195 4130
8133 2 2 0 1 4131 4195 4130
8134 2 2 0 1 4195 4196 4131
8135 2 2 0 1 4132 4196 4131
8136 2 2 0 1 4196 4197 4132
8137 2 2 0 1 4133 4197 4132
8138 2 2 0 1 4197 4198 4133
8139 2 2 0 1 4134 4198 4133
8140 2 2 0 1 4198 4199 4134
8141 2 2 0 1 4135 4199 4134
8142 2 2 0 1 4199 4200 4135
8143 2 2 0 1 4136 4200 4135
8144 2 2 0 1 4200 4201 4136
8145 2 2 0 1 4137 4201 4136
8146 2 2 0 1 4201 4202 4137
8147 2 2 0 1 4138 4202 4137
8148 2 2 0 1 4202 4203 4138
8149 2 2 0 1 4139 4203 4138
8150 2 2 0 1 4203 4204 4139
8151 2 2 0 1 4140 4204 4139
8152 2 2 0 1 4204 4205 4140
8153 2 2 0 1 4141 4205 4140
8154 2 2 0 1 4205 4206 4141
8155 2 2 0 1 4142 4206 4141
8156 2 2 0 1 4206 4207 4142
8157 2 2 0 1 4143 4207 4142
8158 2 2 0 1 4207 4208 4143
8159 2 2 0 1 4144 4208 4143
8160 2 2 0 1 4208 4209 4144
8161 2 2 0 1 4210 4209 4144
8162 2 2 0 1 4144 4210 4145
8163 2 2 0 1 4211 4210 4145
8164 2 2 0 1 4145 4211 4146
8165 2 2 0 1 4212 4211 4146
8166 2 2 0 1 4146 4212 4147
8167 2 2 0 1 4213 4212 4147
8168 2 2 0 1 4147 4213 4148
8169 2 2 0 1 4214 4213 4148
8170 2 2 0 1 4148 4214 4149
8171 2 2 0 1 4215 4214 4149
8172 2 2 0 1 4149 4215 4150
8173 2 2 0 1 4216 4215 4150
8174 2 2 0 1 4150 4216 4151
8175 2 2 0 1 4217 4216 4151
8176 2 2 0 1 4151 4217 4152
8177 2 2 0 1 4218 4217 4152
8178 2 2 0 1 4152 4218 4153
8179 2 2 0 1 4219 4218 4153
8180 2 2 0 1 4153 4219 4154
8181 2 2 0 1 4220 4219 4154
8182 2 2 0 1 4154 4220 4155
8183 2 2 0 1 4221 4220 4155
8184 2 2 0 1 4155 4221 4156
8185 2 2 0 1 4222 4221 4156
8186 2 2 0 1 4156 4222 4157
8187 2 2 0 1 4223 4222 4157
8188 2 2 0 1 4157 4223 4158
8189 2 2 0 1 4224 4223 4158
8190 2 2 0 1 4158 4224 4159
8191 2 2 0 1 4225 4224 4159
8192 2 2 0 1 4159 4225 4160
8193 2 2 0 1 4226 4227 4161
8194 2 2 0 1 4161 4226 4162
8195 2 2 0 1 4228 4226 4162
8196 2 2 0 1 4162 4228 4163
8197 2 2 0 1 4229 4228 4163
8198 2 2 0 1 4163 4229 4164
8199 2 2 0 1 4230 4229 4164
8200 2 2 0 1 4164 4230 4165
8201 2 2 0 1 4231 4230 4165
8202 2 2 0 1 4165 4231 4166
8203 2 2 0 1 4232 4231 4166
8204 2 2 0 1 4166 4232 4167
8205 2 2 0 1 4233 4232 4167
8206 2 2 0 1 4167 4233 4168
8207 2 2 0 1 4234 4233 4168
8208 2 2 0 1 4168 4234 4169
8209 2 2 0 1 4235 4234 4169
8210 2 2 0 1 4169 4235 4170
8211 2 2 0 1 4236 4235 4170
8212 2 2 0 1 4170 4236 4171
8213 2 2 0 1 4237 4236 4171
8214 2 2 0 1 4171 4237 4172
8215 2 2 0 1 4238 4237 4172
8216 2 2 0 1 4172 4238 4173
8217 2 2 0 1 4239 4238 4173
8218 2 2 0 1 4173 4239 4174
8219 2 2 0 1 4240 4239 4174
8220 2 2 0 1 4174 4240 4175
8221 2 2 0 1 4241 4240 4175
8222 2 2 0 1 4175 4241 4176
8223 2 2 0 1 4242 4241 4176
8224 2 2 0 1 4176 4242 4177
8225 2 2 0 1 4243 4242 4177
8226 2 2 0 1 4177 4243 4178
8227 2 2 0 1 4244 4243 4178
8228 2 2 0 1 4178 4244 4179
8229 2 2 0 1 4245 4244 4179
8230 2 2 0 1 4179 4245 4180
8231 2 2 0 1 4246 4245 4180
8232 2 2 0 1 4180 4246 4181
8233 2 2 0 1 4247 4246 4181
8234 2 2 0 1 4181 4247 4182
8235 2 2 0 1 4248 4247 4182
8236 2 2 0 1 4182 4248 4183
8237 2 2 0 1 4249 4248 4183
8238 2 2 0 1 4183 4249 4184
8239 2 2 0 1 4250 4249 4184
8240 2 2 0 1 4184 4250 4185
8241 2 2 0 1 4251 4250 4185
8242 2 2 0 1 4185 4251 4186
8243 2 2 0 1 4252 4251 4186
8244 2 2 0 1 4186 4252 4187
8245 2 2 0 1 4253 4252 4187
8246 2 2 0 1 4187 4253 4188
8247 2 2 0 1 4254 4253 4188
8248 2 2 0 1 4188 4254 4189
8249 2 2 0 1 4255 4254 4189
8250 2 2 0 1 4189 4255 4190
8251 2 2 0 1 4256 4255 4190
8252 2 2 0 1 4190 4256 4191
8253 2 2 0 1 4257 4256 4191
8254 2 2 0 1 4191 4257 4192
8255 2 2 0 1 4258 4257 4192
8256 2 2 0 1 4192 4258 4193
8257 2 2 0 1 4259 4258 4193
8258 2 2 0 1 4193 4259 4194
8259 2 2 0 1 4260 4259 4194
8260 2 2 0 1 4194 4260 4195
8261 2 2 0 1 4261 4260 4195
8262 2 2 0 1 4195 4261 4196
8263 2 2 0 1 4262 4261 4196
8264 2 2 0 1 4196 4262 4197
8265 2 2 0 1 4263 4262 4197
8266 2 2 0 1 4197 4263 4198
8267 2 2 0 1 4264 4263 4198
8268 2 2 0 1 4198 4264 4199
8269 2 2 0 1 4265 4264 4199
8270 2 2 0 1 4199 4265 4200
8271 2 2 0 1 4266 4265 4200
8272 2 2 0 1 4200 4266 4201
8273 2 2 0 1 4267 4266 4201
8274 2 2 0 1 4201 4267 4202
8275 2 2 0 1 4268 4267 4202
8276 2 2 0 1 4202 4268 4203
8277 2 2 0 1 4269 4268 4203
8278 2 2 0 1 4203 4269 4204
8279 2 2 0 1 4270 4269 4204
8280 2 2 0 1 4204 4270 4205
8281 2 2 0 1 4271 4270 4205
8282 2 2 0 1 4205 4271 4206
8283 2 2 0 1 4272 4271 4206
8284 2 2 0 1 4206 4272 4207
8285 2 2 0 1 4273 4272 4207
8286 2 2 0 1 4207 4273 4208
8287 2 2 0 1 4274 4273 4208
8288 2 2 0 1 4208 4274 4209
8289 2 2 0 1 4210 4274 4209
8290 2 2 0 1 4274 4275 4210
8291 2 2 0 1 4211 4275 4210
8292 2 2 0 1 4275 4276 4211
8293 2 2 0 1 4212 4276 4211
8294 2 2 0 1 4276 4277 4212
8295 2 2 0 1 4213 4277 4212
8296 2 2 0 1 4277 4278 4213
8297 2 2 0 1 4214 4278 4213
8298 2 2 0 1 4278 4279 4214
8299 2 2 0 1 4215 4279 4214
8300 2 2 0 1 4279 4280 4215
8301 2 2 0 1 4216 4280 4215
8302 2 2 0 1 4280 4281 4216
8303 2 2 0 1 4217 4281 4216
8304 2 2 0 1 4281 4282 4217
8305 2 2 0 1 4218 4282 4217
8306 2 2 0 1 4282 4283 4218
8307 2 2 0 1 4219 4283 4218
8308 2 2 0 1 4283 4284 4219
8309 2 2 0 1 4220 4284 4219
8310 2 2 0 1 4284 4285 4220
8311 2 2 0 1 4221 4285 4220
8312 2 2 0 1 4285 4286 4221
8313 2 2 0 1 4222 4286 4221
8314 2 2 0 1 4286 4287 4222
8315 2 2 0 1 4223 4287 4222
8316 2 2 0 1 4287 4288 4223
8317 2 2 0 1 4224 4288 4223
8318 2 2 0 1 4288 4289 4224
8319 2 2 0 1 4225 4289 4224
8320 2 2 0 1 4289 4290 4225
8321 2 2 0 1 4291 4292 4227
8322 2 2 0 1 4227 4291 4226
8323 2 2 0 1 4293 4291 4226
8324 2 2 0 1 4226 4293 4228
8325 2 2 0 1 4294 4293 4228
8326 2 2 0 1 4228 4294 4229
8327 2 2 0 1 4295 4294 4229
8328 2 2 0 1 4229 4295 4230
8329 2 2 0 1 4296 4295 4230
8330 2 2 0 1 4230 4296 4231
8331 2 2 0 1 4297 4296 4231
8332 2 2 0 1 4231 4297 4232
8333 2 2 0 1 4298 4297 4232
8334 2 2 0 1 4232 4298 4233
8335 2 2 0 1 4299 4298 4233
8336 2 2 0 1 4233 4299 4234
8337 2 2 0 1 4300 4299 4234
8338 2 2 0 1 4234 4300 4235
8339 2 2 0 1 4301 4300 4235
8340 2 2 0 1 4235 4301 4236
8341 2 2 0 1 4302 4301 4236
8342 2 2 0 1 4236 4302 4237
8343 2 2 0 1 4303 4302 4237
8344 2 2 0 1 4237 4303 4238
8345 2 2 0 1 4304 4303 4238
8346 2 2 0 1 4238 4304 4239
8347 2 2 0 1 4305 4304 4239
8348 2 2 0 1 4239 4305 4240
8349 2 2 0 1 4306 4305 4240
8350 2 2 0 1 4240 4306 4241
8351 2 2 0 1 4307 4306 4241
8352 2 2 0 1 4241 4307 4242
8353 2 2 0 1 4308 4307 4242
8354 2 2 0 1 4242 4308 4243
8355 2 2 0 1 4309 4308 4243
8356 2 2 0 1 4243 4309 4244
8357 2 2 0 1 4310 4309 4244
8358 2 2 0 1 4244 4310 4245
8359 2 2 0 1 4311 4310 4245
8360 2 2 0 1 4245 4311 4246
8361 2 2 0 1 4312 4311 4246
8362 2 2 0 1 4246 4312 4247
8363 2 2 0 1 4313 4312 4247
8364 2 2 0 1 4247 4313 4248
8365 2 2 0 1 4314 4313 4248
8366 2 2 0 1 4248 4314 4249
8367 2 2 0 1 4315 4314 4249
8368 2 2 0 1 4249 4315 4250
8369 2 2 0 1 4316 4315 4250
8370 2 2 0 1 4250 4316 4251
8371 2 2 0 1 4317 4316 4251
8372 2 2 0 1 4251 4317 4252
8373 2 2 0 1 4318 4317 4252
8374 2 2 0 1 4252 4318 4253
8375 2 2 0 1 4319 4318 4253
8376 2 2 0 1 4253 4319 4254
8377 2 2 0 1 4320 4319 4254
8378 2 2 0 1 4254 4320 4255
8379 2 2 0 1 4321 4320 4255
8380 2 2 0 1 4255 4321 4256
8381 2 2 0 1 4322 4321 4256
8382 2 2 0 1 4256 4322 4257
8383 2 2 0 1 4323 4322 4257
8384 2 2 0 1 4257 4323 4258
8385 2 2 0 1 4324 4323 4258
8386 2 2 0 1 4258 4324 4259
8387 2 2 0 1 4325 4324 4259
8388 2 2 0 1 4259 4325 4260
8389 2 2 0 1 4326 4325 4260
8390 2 2 0 1 4260 4326 4261
8391 2 2 0 1 4327 4326 4261
8392 2 2 0 1 4261 4327 4262
8393 2 2 0 1 4328 4327 4262
8394 2 2 0 1 4262 4328 4263
8395 2 2 0 1 4329 4328 4263
8396 2 2 0 1 4263 4329 4264
8397 2 2 0 1 4330 4329 4264
8398 2 2 0 1 4264 4330 4265
8399 2 2 0 1 4331 4330 4265
8400 2 2 0 1 4265 4331 4266
8401 2 2 0 1 4332 4331 4266
8402 2 2 0 1 4266 4332 4267
8403 2 2 0 1 4333 4332 4267
8404 2 2 0 1 4267 4333 4268
8405 2 2 0 1 4334 4333 4268
8406 2 2 0 1 4268 4334 4269
8407 2 2 0 1 4335 4334 4269
8408 2 2 0 1 4269 4335 4270
8409 2 2 0 1 4336 4335 4270
8410 2 2 0 1 4270 4336 4271
8411 2 2 0 1 4337 4336 4271
8412 2 2 0 1 4271 4337 4272
8413 2 2 0 1 4338 4337 4272
8414 2 2 0 1 4272 4338 4273
8415 2 2 0 1 4339 4338 4273
8416 2 2 0 1 4273 4339 4274
8417 2 2 0 1 4275 4339 4274
8418 2 2 0 1 4339 4340 4275
8419 2 2 0 1 4276 4340 4275
8420 2 2 0 1 4340 4341 4276
8421 2 2 0 1 4277 4341 4276
8422 2 2 0 1 4341 4342 4277
8423 2 2 0 1 4278 4342 4277
8424 2 2 0 1 4342 4343 4278
8425 2 2 0 1 4279 4343 4278
8426 2 2 0 1 4343 4344 4279
8427 2 2 0 1 4280 4344 4279
8428 2 2 0 1 4344 4345 4280
8429 2 2 0 1 4281 4345 4280
8430 2 2 0 1 4345 4346 4281
8431 2 2 0 1 4282 4346 4281
8432 2 2 0 1 4346 4347 4282
8433 2 2 0 1 4283 4347 4282
8434 2 2 0 1 4347 4348 4283
8435 2 2 0 1 4284 4348 4283
8436 2 2 0 1 4348 4349 4284
8437 2 2 0 1 4285 4349 4284
8438 2 2 0 1 4349 4350 4285
8439 2 2 0 1 4286 4350 4285
8440 2 2 0 1 4350 4351 4286
8441 2 2 0 1 4287 4351 4286
8442 2 2 0 1 4351 4352 4287
8443 2 2 0 1 4288 4352 4287
8444 2 2 0 1 4352 4353 4288
8445 2 2 0 1 4289 4353 4288
8446 2 2 0 1 4353 4354 4289
8447 2 2 0 1 4290 4354 4289
8448 2 2 0 1 4354 4355 4290
8449 2 2 0 1 4356 4357 4292
8450 2 2 0 1 4292 4356 4291
8451 2 2 0 1 4358 4356 4291
8452 2 2 0 1 4291 4358 4293
8453 2 2 0 1 4359 4358 4293
8454 2 2 0 1 4293 4359 4294
8455 2 2 0 1 4360 4359 4294
8456 2 2 0 1 4294 4360 4295
8457 2 2 0 1 4361 4360 4295
8458 2 2 0 1 4295 4361 4296
8459 2 2 0 1 4362 4361 4296
8460 2 2 0 1 4296 4362 4297
8461 2 2 0 1 4363 4362 4297
8462 2 2 0 1 4297 4363 4298
8463 2 2 0 1 4364 4363 4298
8464 2 2 0 1 4298 4364 4299
8465 2 2 0 1 4365 4364 4299
8466 2 2 0 1 4299 4365 4300
8467 2 2 0 1 4366 4365 4300
8468 2 2 0 1 4300 4366 4301
8469 2 2 0 1 4367 4366 4301
8470 2 2 0 1 4301 4367 4302
8471 2 2 0 1 4368 4367 4302
8472 2 2 0 1 4302 4368 4303
8473 2 2 0 1 4369 4368 4303
8474 2 2 0 1 4303 4369 4304
8475 2 2 0 1 4370 4369 4304
8476 2 2 0 1 4304 4370 4305
8477 2 2 0 1 4371 4370 4305
8478 2 2 0 1 4305 4371 4306
8479 2 2 0 1 4372 4371 4306
8480 2 2 0 1 4306 4372 4307
8481 2 2 0 1 4373 4372 4307
8482 2 2 0 1 4307 4373 4308
8483 2 2 0 1 4374 4373 4308
8484 2 2 0 1 4308 4374 4309
8485 2 2 0 1 4375 4374 4309
8486 2 2 0 1 4309 4375 4310
8487 2 2 0 1 4376 4375 4310
8488 2 2 0 1 4310 4376 4311
8489 2 2 0 1 4377 4376 4311
8490 2 2 0 1 4311 4377 4312
8491 2 2 0 1 4378 4377 4312
8492 2 2 0 1 4312 4378 4313
8493 2 2 0 1 4379 4378 4313
8494 2 2 0 1 4313 4379 4314
8495 2 2 0 1 4380 4379 4314
8496 2 2 0 1 4314 4380 4315
8497 2 2 0 1 4381 4380 4315
8498 2 2 0 1 4315 4381 4316
8499 2 2 0 1 4382 4381 4316
8500 2 2 0 1 4316 4382 4317
8501 2 2 0 1 4383 4382 4317
8502 2 2 0 1 4317 4383 4318
8503 2 2 0 1 4384 4383 4318
8504 2 2 0 1 4318 4384 4319
8505 2 2 0 1 4385 4384 4319
8506 2 2 0 1 4319 4385 4320
8507 2 2 0 1 4386 4385 4320
8508 2 2 0 1 4320 4386 4321
8509 2 2 0 1 4387 4386 4321
8510 2 2 0 1 4321 4387 4322
8511 2 2 0 1 4388 4387 4322
8512 2 2 0 1 4322 4388 4323
8513 2 2 0 1 4389 4388 4323
8514 2 2 0 1 4323 4389 4324
8515 2 2 0 1 4390 4389 4324
8516 2 2 0 1 4324 4390 4325
8517 2 2 0 1 4391 4390 4325
8518 2 2 0 1 4325 4391 4326
8519 2 2 0 1 4392 4391 4326
8520 2 2 0 1 4326 4392 4327
8521 2 2 0 1 4393 4392 4327
8522 2 2 0 1 4327 4393 4328
8523 2 2 0 1 4394 4393 4328
8524 2 2 0 1 4328 4394 4329
8525 2 2 0 1 4395 4394 4329
8526 2 2 0 1 4329 4395 4330
8527 2 2 0 1 4396 4395 4330
8528 2 2 0 1 4330 4396 4331
8529 2 2 0 1 4397 4396 4331
8530 2 2 0 1 4331 4397 4332
8531 2 2 0 1 4398 4397 4332
8532 2 2 0 1 4332 4398 4333
8533 2 2 0 1 4399 4398 4333
8534 2 2 0 1 4333 4399 4334
8535 2 2 0 1 4400 4399 4334
8536 2 2 0 1 4334 4400 4335
8537 2 2 0 1 4401 4400 4335
8538 2 2 0 1 4335 4401 4336
8539 2 2 0 1 4402 4401 4336
8540 2 2 0 1 4336 4402 4337
8541 2 2 0 1 4403 4402 4337
8542 2 2 0 1 4337 4403 4338
8543 2 2 0 1 4404 4403 4338
8544 2 2 0 1 4338 4404 4339
8545 2 2 0 1 4340 4404 4339
8546 2 2 0 1 4404 4405 4340
8547 2 2 0 1 4341 4405 4340
8548 2 2 0 1 4405 4406 4341
8549 2 2 0 1 4342 4406 4341
8550 2 2 0 1 4406 4407 4342
8551 2 2 0 1 4343 4407 4342
8552 2 2 0 1 4407 4408 4343
8553 2 2 0 1 4344 4408 4343
8554 2 2 0 1 4408 4409 4344
8555 2 2 0 1 4345 4409 4344
8556 2 2 0 1 4409 4410 4345
8557 2 2 0 1 4346 4410 4345
8558 2 2 0 1 4410 4411 4346
8559 2 2 0 1 4347 4411 4346
8560 2 2 0 1 4411 4412 4347
8561 2 2 0 1 4348 4412 4347
8562 2 2 0 1 4412 4413 4348
8563 2 2 0 1 4349 4413 4348
8564 2 2 0 1 4413 4414 4349
8565 2 2 0 1 4350 4414 4349
8566 2 2 0 1 4414 4415 4350
8567 2 2 0 1 4351 4415 4350
8568 2 2 0 1 4415 4416 4351
8569 2 2 0 1 4352 4416 4351
8570 2 2 0 1 4416 4417 4352
8571 2 2 0 1 4353 4417 4352
8572 2 2 0 1 4417 4418 4353
8573 2 2 0 1 4354 4418 4353
8574 2 2 0 1 4418 4419 4354
8575 2 2 0 1 4355 4419 4354
8576 2 2 0 1 4419 4420 4355
8577 2 2 0 1 4421 4422 4357
8578 2 2 0 1 4357 4421 4356
8579 2 2 0 1 4423 4421 4356
8580 2 2 0 1 4356 4423 4358
8581 2 2 0 1 4424 4423 4358
8582 2 2 0 1 4358 4424 4359
8583 2 2 0 1 4425 4424 4359
8584 2 2 0 1 4359 4425 4360
8585 2 2 0 1 4426 4425 4360
8586 2 2 0 1 4360 4426 4361
8587 2 2 0 1 4427 4426 4361
8588 2 2 0 1 4361 4427 4362
8589 2 2 0 1 4428 4427 4362
8590 2 2 0 1 4362 4428 4363
8591 2 2 0 1 4429 4428 4363
8592 2 2 0 1 4363 4429 4364
8593 2 2 0 1 4430 4429 4364
8594 2 2 0 1 4364 4430 4365
8595 2 2 0 1 4431 4430 4365
8596 2 2 0 1 4365 4431 4366
8597 2 2 0 1 4432 4431 4366
8598 2 2 0 1 4366 4432 4367
8599 2 2 0 1 4433 4432 4367
8600 2 2 0 1 4367 4433 4368
8601 2 2 0 1 4434 4433 4368
8602 2 2 0 1 4368 4434 4369
8603 2 2 0 1 4435 4434 4369
8604 2 2 0 1 4369 4435 4370
8605 2 2 0 1 4436 4435 4370
8606 2 2 0 1 4370 4436 4371
8607 2 2 0 1 4437 4436 4371
8608 2 2 0 1 4371 4437 4372
8609 2 2 0 1 4438 4437 4372
8610 2 2 0 1 4372 4438 4373
8611 2 2 0 1 4439 4438 4373
8612 2 2 0 1 4373 4439 4374
8613 2 2 0 1 4440 4439 4374
8614 2 2 0 1 4374 4440 4375
8615 2 2 0 1 4441 4440 4375
8616 2 2 0 1 4375 4441 4376
8617 2 2 0 1 4442 4441 4376
8618 2 2 0 1 4376 4442 4377
8619 2 2 0 1 4443 4442 4377
8620 2 2 0 1 4377 4443 4378
8621 2 2 0 1 4444 4443 4378
8622 2 2 0 1 4378 4444 4379
8623 2 2 0 1 4445 4444 4379
8624 2 2 0 1 4379 4445 4380
8625 2 2 0 1 4446 4445 4380
8626 2 2 0 1 4380 4446 4381
8627 2 2 0 1 4447 4446 4381
8628 2 2 0 1 4381 4447 4382
8629 2 2 0 1 4448 4447 4382
8630 2 2 0 1 4382 4448 4383
8631 2 2 0 1 4449 4448 4383
8632 2 2 0 1 4383 4449 4384
8633 2 2 0 1 4450 4449 4384
8634 2 2 0 1 4384 4450 4385
8635 2 2 0 1 4451 4450 4385
8636 2 2 0 1 4385 4451 4386
8637 2 2 0 1 4452 4451 4386
8638 2 2 0 1 4386 4452 4387
8639 2 2 0 1 4453 4452 4387
8640 2 2 0 1 4387 4453 4388
8641 2 2 0 1 4454 4453 4388
8642 2 2 0 1 4388 4454 4389
8643 2 2 0 1 4455 4454 4389
8644 2 2 0 1 4389 4455 4390
8645 2 2 0 1 4456 4455 4390
8646 2 2 0 1 4390 4456 4391
8647 2 2 0 1 4457 4456 4391
8648 2 2 0 1 4391 4457 4392
8649 2 2 0 1 4458 4457 4392
8650 2 2 0 1 4392 4458 4393
8651 2 2 0 1 4459 4458 4393
8652 2 2 0 1 4393 4459 4394
8653 2 2 0 1 4460 4459 4394
8654 2 2 0 1 4394 4460 4395
8655 2 2 0 1 4461 4460 4395
8656 2 2 0 1 4395 4461 4396
8657 2 2 0 1 4462 4461 4396
8658 2 2 0 1 4396 4462 4397
8659 2 2 0 1 4463 4462 4397
8660 2 2 0 1 4397 4463 4398
8661 2 2 0 1 4464 4463 4398
8662 2 2 0 1 4398 4464 4399
8663 2 2 0 1 4465 4464 4399
8664 2 2 0 1 4399 4465 4400
8665 2 2 0 1 4466 4465 4400
8666 2 2 0 1 4400 4466 4401
8667 2 2 0 1 4467 4466 4401
8668 2 2 0 1 4401 4467 4402
8669 2 2 0 1 4468 4467 4402
8670 2 2 0 1 4402 4468 4403
8671 2 2 0 1 4469 4468 4403
8672 2 2 0 1 4403 4469 4404
8673 2 2 0 1 4405 4469 4404
8674 2 2 0 1 4469 4470 4405
8675 2 2 0 1 4406 4470 4405
8676 2 2 0 1 4470 4471 4406
8677 2 2 0 1 4407 4471 4406
8678 2 2 0 1 4471 4472 4407
8679 2 2 0 1 4408 4472 4407
8680 2 2 0 1 4472 4473 4408
8681 2 2 0 1 4409 4473 4408
8682 2 2 0 1 4473 4474 4409
8683 2 2 0 1 4410 4474 4409
8684 2 2 0 1 4474 4475 4410
8685 2 2 0 1 4411 4475 4410
8686 2 2 0 1 4475 4476 4411
8687 2 2 0 1 4412 4476 4411
8688 2 2 0 1 4476 4477 4412
8689 2 2 0 1 4413 4477 4412
8690 2 2 0 1 4477 4478 4413
8691 2 2 0 1 4414 4478 4413
8692 2 2 0 1 4478 4479 4414
8693 2 2 0 1 4415 4479 4414
8694 2 2 0 1 4479 4480 4415
8695 2 2 0 1 4416 4480 4415
8696 2 2 0 1 4480 4481 4416
8697 2 2 0 1 4417 4481 4416
8698 2 2 0 1 4481 4482 4417
8699 2 2 0 1 4418 4482 4417
8700 2 2 0 1 4482 4483 4418
8701 2 2 0 1 4419 4483 4418
8702 2 2 0 1 4483 4484 4419
8703 2 2 0 1 4420 4484 4419
8704 2 2 0 1 4484 4485 4420
8705 2 2 0 1 4486 4487 4422
8706 2 2 0 1 4422 4486 4421
8707 2 2 0 1 4488 4486 4421
8708 2 2 0 1 4421 4488 4423
8709 2 2 0 1 4489 4488 4423
8710 2 2 0 1 4423 4489 4424
8711 2 2 0 1 4490 4489 4424
8712 2 2 0 1 4424 4490 4425
8713 2 2 0 1 4491 4490 4425
8714 2 2 0 1 4425 4491 4426
8715 2 2 0 1 4492 4491 4426
8716 2 2 0 1 4426 4492 4427
8717 2 2 0 1 4493 4492 4427
8718 2 2 0 1 4427 4493 4428
8719 2 2 0 1 4494 4493 4428
8720 2 2 0 1 4428 4494 4429
8721 2 2 0 1 4495 4494 4429
8722 2 2 0 1 4429 4495 4430
8723 2 2 0 1 4496 4495 4430
8724 2 2 0 1 4430 4496 4431
8725 2 2 0 1 4497 4496 4431
8726 2 2 0 1 4431 4497 4432
8727 2 2 0 1 4498 4497 4432
8728 2 2 0 1 4432 4498 4433
8729 2 2 0 1 4499 4498 4433
8730 2 2 0 1 4433 4499 4434
8731 2 2 0 1 4500 4499 4434
8732 2 2 0 1 4434 4500 4435
8733 2 2 0 1 4501 4500 4435
8734 2 2 0 1 4435 4501 4436
8735 2 2 0 1 4502 4501 4436
8736 2 2 0 1 4436 4502 4437
8737 2 2 0 1 4503 4502 4437
8738 2 2 0 1 4437 4503 4438
8739 2 2 0 1 4504 4503 4438
8740 2 2 0 1 4438 4504 4439
8741 2 2 0 1 4505 4504 4439
8742 2 2 0 1 4439 4505 4440
8743 2 2 0 1 4506 4505 4440
8744 2 2 0 1 4440 4506 4441
8745 2 2 0 1 4507 4506 4441
8746 2 2 0 1 4441 4507 4442
8747 2 2 0 1 4508 4507 4442
8748 2 2 0 1 4442 4508 4443
8749 2 2 0 1 4509 4508 4443
8750 2 2 0 1 4443 4509 4444
8751 2 2 0 1 4510 4509 4444
8752 2 2 0 1 4444 4510 4445
8753 2 2 0 1 4511 4510 4445
8754 2 2 0 1 4445 4511 4446
8755 2 2 0 1 4512 4511 4446
8756 2 2 0 1 4446 4512 4447
8757 2 2 0 1 4513 4512 4447
8758 2 2 0 1 4447 4513 4448
8759 2 2 0 1 4514 4513 4448
8760 2 2 0 1 4448 4514 4449
8761 2 2 0 1 4515 4514 4449
8762 2 2 0 1 4449 4515 4450
8763 2 2 0 1 4516 4515 4450
8764 2 2 0 1 4450 4516 4451
8765 2 2 0 1 4517 4516 4451
8766 2 2 0 1 4451 4517 4452
8767 2 2 0 1 4518 4517 4452
8768 2 2 0 1 4452 4518 4453
8769 2 2 0 1 4519 4518 4453
8770 2 2 0 1 4453 4519 4454
8771 2 2 0 1 4520 4519 4454
8772 2 2 0 1 4454 4520 4455
8773 2 2 0 1 4521 4520 4455
8774 2 2 0 1 4455 4521 4456
8775 2 2 0 1 4522 4521 4456
8776 2 2 0 1 4456 4522 4457
8777 2 2 0 1 4523 4522 4457
8778 2 2 0 1 4457 4523 4458
8779 2 2 0 1 4524 4523 4458
8780 2 2 0 1 4458 4524 4459
8781 2 2 0 1 4525 4524 4459
8782 2 2 0 1 4459 4525 4460
8783 2 2 0 1 4526 4525 4460
8784 2 2 0 1 4460 4526 4461
8785 2 2 0 1 4527 4526 4461
8786 2 2 0 1 4461 4527 4462
8787 2 2 0 1 4528 4527 4462
8788 2 2 0 1 4462 4528 4463
8789 2 2 0 1 4529 4528 4463
8790 2 2 0 1 4463 4529 4464
8791 2 2 0 1 4530 4529 4464
8792 2 2 0 1 4464 4530 4465
8793 2 2 0 1 4531 4530 4465
8794 2 2 0 1 4465 4531 4466
8795 2 2 0 1 4532 4531 4466
8796 2 2 0 1 4466 4532 4467
8797 2 2 0 1 4533 4532 4467
8798 2 2 0 1 4467 4533 4468
8799 2 2 0 1 4534 4533 4468
8800 2 2 0 1 4468 4534 4469
8801 2 2 0 1 4470 4534 4469
8802 2 2 0 1 4534 4535 4470
8803 2 2 0 1 4471 4535 4470
8804 2 2 0 1 4535 4536 4471
8805 2 2 0 1 4472 4536 4471
8806 2 2 0 1 4536 4537 4472
8807 2 2 0 1 4473 4537 4472
8808 2 2 0 1 4537 4538 4473
8809 2 2 0 1 4474 4538 4473
8810 2 2 0 1 4538 4539 4474
8811 2 2 0 1 4475 4539 4474
8812 2 2 0 1 4539 4540 4475
8813 2 2 0 1 4476 4540 4475
8814 2 2 0 1 4540 4541 4476
8815 2 2 0 1 4477 4541 4476
8816 2 2 0 1 4541 4542 4477
8817 2 2 0 1 4478 4542 4477
8818 2 2 0 1 4542 4543 4478
8819 2 2 0 1 4479 4543 4478
8820 2 2 0 1 4543 4544 4479
8821 2 2 0 1 4480 4544 4479
8822 2 2 0 1 4544 4545 4480
8823 2 2 0 1 4481 4545 4480
8824 2 2 0 1 4545 4546 4481
8825 2 2 0 1 4482 4546 4481
8826 2 2 0 1 4546 4547 4482
8827 2 2 0 1 4483 4547 4482
8828 2 2 0 1 4547 4548 4483
8829 2 2 0 1 4484 4548 4483
8830 2 2 0 1 4548 4549 4484
8831 2 2 0 1 4485 4549 4484
8832 2 2 0 1 4549 4550 4485
8833 2 2 0 1 4551 4552 4487
8834 2 2 0 1 4487 4551 4486
8835 2 2 0 1 4553 4551 4486
8836 2 2 0 1 4486 4553 4488
8837 2 2 0 1 4554 4553 4488
8838 2 2 0 1 4488 4554 4489
8839 2 2 0 1 4555 4554 4489
8840 2 2 0 1 4489 4555 4490
8841 2 2 0 1 4556 4555 4490
8842 2 2 0 1 4490 4556 4491
8843 2 2 0 1 4557 4556 4491
8844 2 2 0 1 4491 4557 4492
8845 2 2 0 1 4558 4557 4492
8846 2 2 0 1 4492 4558 4493
8847 2 2 0 1 4559 4558 4493
8848 2 2 0 1 4493 4559 4494
8849 2 2 0 1 4560 4559 4494
8850 2 2 0 1 4494 4560 4495
8851 2 2 0 1 4561 4560 4495
8852 2 2 0 1 4495 4561 4496
8853 2 2 0 1 4562 4561 4496
8854 2 2 0 1 4496 4562 4497
8855 2 2 0 1 4563 4562 4497
8856 2 2 0 1 4497 4563 4498
8857 2 2 0 1 4564 4563 4498
8858 2 2 0 1 4498 4564 4499
8859 2 2 0 1 4565 4564 4499
8860 2 2 0 1 4499 4565 4500
8861 2 2 0 1 4566 4565 4500
8862 2 2 0 1 4500 4566 4501
8863 2 2 0 1 4567 4566 4501
8864 2 2 0 1 4501 4567 4502
8865 2 2 0 1 4568 4567 4502
8866 2 2 0 1 4502 4568 4503
8867 2 2 0 1 4569 4568 4503
8868 2 2 0 1 4503 4569 4504
8869 2 2 0 1 4570 4569 4504
8870 2 2 0 1 4504 4570 4505
8871 2 2 0 1 4571 4570 4505
8872 2 2 0 1 4505 4571 4506
8873 2 2 0 1 4572 4571 4506
8874 2 2 0 1 4506 4572 4507
8875 2 2 0 1 4573 4572 4507
8876 2 2 0 1 4507 4573 4508
8877 2 2 0 1 4574 4573 4508
8878 2 2 0 1 4508 4574 4509
8879 2 2 0 1 4575 4574 4509
8880 2 2 0 1 4509 4575 4510
8881 2 2 0 1 4576 4575 4510
8882 2 2 0 1 4510 4576 4511
8883 2 2 0 1 4577 4576 4511
8884 2 2 0 1 4511 4577 4512
8885 2 2 0 1 4578 4577 4512
8886 2 2 0 1 4512 4578 4513
8887 2 2 0 1 4579 4578 4513
8888 2 2 0 1 4513 4579 4514
8889 2 2 0 1 4580 4579 4514
8890 2 2 0 1 4514 4580 4515
8891 2 2 0 1 4581 4580 4515
8892 2 2 0 1 4515 4581 4516
8893 2 2 0 1 4582 4581 4516
8894 2 2 0 1 4516 4582 4517
8895 2 2 0 1 4583 4582 4517
8896 2 2 0 1 4517 4583 4518
8897 2 2 0 1 4584 4583 4518
8898 2 2 0 1 4518 4584 4519
8899 2 2 0 1 4585 4584 4519
8900 2 2 0 1 4519 4585 4520
8901 2 2 0 1 4586 4585 4520
8902 2 2 0 1 4520 4586 4521
8903 2 2 0 1 4587 4586 4521
8904 2 2 0 1 4521 4587 4522
8905 2 2 0 1 4588 4587 4522
8906 2 2 0 1 4522 4588 4523
8907 2 2 0 1 4589 4588 4523
8908 2 2 0 1 4523 4589 4524
8909 2 2 0 1 4590 4589 4524
8910 2 2 0 1 4524 4590 4525
8911 2 2 0 1 4591 4590 4525
8912 2 2 0 1 4525 4591 4526
8913 2 2 0 1 4592 4591 4526
8914 2 2 0 1 4526 4592 4527
8915 2 2 0 1 4593 4592 4527
8916 2 2 0 1 4527 4593 4528
8917 2 2 0 1 4594 4593 4528
8918 2 2 0 1 4528 4594 4529
8919 2 2 0 1 4595 4594 4529
8920 2 2 0 1 4529 4595 4530
8921 2 2 0 1 4596 4595 4530
8922 2 2 0 1 4530 4596 4531
8923 2 2 0 1 4597 4596 4531
8924 2 2 0 1 4531 4597 4532
8925 2 2 0 1 4598 4597 4532
8926 2 2 0 1 4532 4598 4533
8927 2 2 0 1 4599 4598 4533
8928 2 2 0 1 4533 4599 4534
8929 2 2 0 1 4535 4599 4534
8930 2 2 0 1 4599 4600 4535
8931 2 2 0 1 4536 4600 4535
8932 2 2 0 1 4600 4601 4536
8933 2 2 0 1 4537 4601 4536
8934 2 2 0 1 4601 4602 4537
8935 2 2 0 1 4538 4602 4537
8936 2 2 0 1 4602 4603 4538
8937 2 2 0 1 4539 4603 4538
8938 2 2 0 1 4603 4604 4539
8939 2 2 0 1 4540 4604 4539
8940 2 2 0 1 4604 4605 4540
8941 2 2 0 1 4541 4605 4540
8942 2 2 0 1 4605 4606 4541
8943 2 2 0 1 4542 4606 4541
8944 2 2 0 1 4606 4607 4542
8945 2 2 0 1 4543 4607 4542
8946 2 2 0 1 4607 4608 4543
8947 2 2 0 1 4544 4608 4543
8948 2 2 0 1 4608 4609 4544
8949 2 2 0 1 4545 4609 4544
8950 2 2 0 1 4609 4610 4545
8951 2 2 0 1 4546 4610 4545
8952 2 2 0 1 4610 4611 4546
8953 2 2 0 1 4547 4611 4546
8954 2 2 0 1 4611 4612 4547
8955 2 2 0 1 4548 4612 4547
8956 2 2 0 1 4612 4613 4548
8957 2 2 0 1 4549 4613 4548
8958 2 2 0 1 4613 4614 4549
8959 2 2 0 1 4550 4614 4549
8960 2 2 0 1 4614 4615 4550
8961 2 2 0 1 4616 4617 4552
8962 2 2 0 1 4552 4616 4551
8963 2 2 0 1 4618 4616 4551
8964 2 2 0 1 4551 4618 4553
8965 2 2 0 1 4619 4618 4553
8966 2 2 0 1 4553 4619 4554
8967 2 2 0 1 4620 4619 4554
8968 2 2 0 1 4554 4620 4555
8969 2 2 0 1 4621 4620 4555
8970 2 2 0 1 4555 4621 4556
8971 2 2 0 1 4622 4621 4556
8972 2 2 0 1 4556 4622 4557
8973 2 2 0 1 4623 4622 4557
8974 2 2 0 1 4557 4623 4558
8975 2 2 0 1 4624 4623 4558
8976 2 2 0 1 4558 4624 4559
8977 2 2 0 1 4625 4624 4559
8978 2 2 0 1 4559 4625 4560
8979 2 2 0 1 4626 4625 4560
8980 2 2 0 1 4560 4626 4561
8981 2 2 0 1 4627 4626 4561
8982 2 2 0 1 4561 4627 4562
8983 2 2 0 1 4628 4627 4562
8984 2 2 0 1 4562 4628 4563
8985 2 2 0 1 4629 4628 4563
8986 2 2 0 1 4563 4629 4564
8987 2 2 0 1 4630 4629 4564
8988 2 2 0 1 4564 4630 4565
8989 2 2 0 1 4631 4630 4565
8990 2 2 0 1 4565 4631 4566
8991 2 2 0 1 4632 4631 4566
8992 2 2 0 1 4566 4632 4567
8993 2 2 0 1 4633 4632 4567
8994 2 2 0 1 4567 4633 4568
8995 2 2 0 1 4634 4633 4568
8996 2 2 0 1 4568 4634 4569
8997 2 2 0 1 4635 4634 4569
8998 2 2 0 1 4569 4635 4570
8999 2 2 0 1 4636 4635 4570
9000 2 2 0 1 4570 4636 4571
9001 2 2 0 1 4637 4636 4571
9002 2 2 0 1 4571 4637 4572
9003 2 2 0 1 4638 4637 4572
9004 2 2 0 1 4572 4638 4573
9005 2 2 0 1 4639 4638 4573
9006 2 2 0 1 4573 4639 4574
9007 2 2 0 1 4640 4639 4574
9008 2 2 0 1 4574 4640 4575
9009 2 2 0 1 4641 4640 4575
9010 2 2 0 1 4575 4641 4576
9011 2 2 0 1 4642 4641 4576
9012 2 2 0 1 4576 4642 4577
9013 2 2 0 1 4643 4642 4577
9014 2 2 0 1 4577 4643 4578
9015 2 2 0 1 4644 4643 4578
9016 2 2 0 1 4578 4644 4579
9017 2 2 0 1 4645 4644 4579
9018 2 2 0 1 4579 4645 4580
9019 2 2 0 1 4646 4645 4580
9020 2 2 0 1 4580 4646 4581
9021 2 2 0 1 4647 4646 4581
9022 2 2 0 1 4581 4647 4582
9023 2 2 0 1 4648 4647 4582
9024 2 2 0 1 4582 4648 4583
9025 2 2 0 1 4649 4648 4583
9026 2 2 0 1 4583 4649 4584
9027 2 2 0 1 4650 4649 4584
9028 2 2 0 1 4584 4650 4585
9029 2 2 0 1 4651 4650 4585
9030 2 2 0 1 4585 4651 4586
9031 2 2 0 1 4652 4651 4586
9032 2 2 0 1 4586 4652 4587
9033 2 2 0 1 4653 4652 4587
9034 2 2 0 1 4587 4653 4588
9035 2 2 0 1 4654 4653 4588
9036 2 2 0 1 4588 4654 4589
9037 2 2 0 1 4655 4654 4589
9038 2 2 0 1 4589 4655 4590
9039 2 2 0 1 4656 4655 4590
9040 2 2 0 1 4590 4656 4591
9041 2 2 0 1 4657 4656 4591
9042 2 2 0 1 4591 4657 4592
9043 2 2 0 1 4658 4657 4592
9044 2 2 0 1 4592 4658 4593
9045 2 2 0 1 4659 4658 4593
9046 2 2 0 1 4593 4659 4594
9047 2 2 0 1 4660 4659 4594
9048 2 2 0 1 4594 4660 4595
9049 2 2 0 1 4661 4660 4595
9050 2 2 0 1 4595 4661 4596
9051 2 2 0 1 4662 4661 4596
9052 2 2 0 1 4596 4662 4597
9053 2 2 0 1 4663 4662 4597
9054 2 2 0 1 4597 4663 4598
9055 2 2 0 1 4664 4663 4598
9056 2 2 0 1 4598 4664 4599
9057 2 2 0 1 4600 4664 4599
9058 2 2 0 1 4664 4665 4600
9059 2 2 0 1 4601 4665 4600
9060 2 2 0 1 4665 4666 4601
9061 2 2 0 1 4602 4666 4601
9062 2 2 0 1 4666 4667 4602
9063 2 2 0 1 4603 4667 4602
9064 2 2 0 1 4667 4668 4603
9065 2 2 0 1 4604 4668 4603
9066 2 2 0 1 4668 4669 4604
9067 2 2 0 1 4605 4669 4604
9068 2 2 0 1 4669 4670 4605
9069 2 2 0 1 4606 4670 4605
9070 2 2 0 1 4670 4671 4606
9071 2 2 0 1 4607 4671 4606
9072 2 2 0 1 4671 4672 4607
9073 2 2 0 1 4608 4672 4607
9074 2 2 0 1 4672 4673 4608
9075 2 2 0 1 4609 4673 4608
9076 2 2 0 1 4673 4674 4609
9077 2 2 0 1 4610 4674 4609
9078 2 2 0 1 4674 4675 4610
9079 2 2 0 1 4611 4675 4610
9080 2 2 0 1 4675 4676 4611
9081 2 2 0 1 4612 4676 4611
9082 2 2 0 1 4676 4677 4612
9083 2 2 0 1 4613 4677 4612
9084 2 2 0 1 4677 4678 4613
9085 2 2 0 1 4614 4678 4613
9086 2 2 0 1 4678 4679 4614
9087 2 2 0 1 4615 4679 4614
9088 2 2 0 1 4679 4680 4615
9089 2 2 0 1 4681 4682 4617
9090 2 2 0 1 4617 4681 4616
9091 2 2 0 1 4683 4681 4616
9092 2 2 0 1 4616 4683 4618
9093 2 2 0 1 4684 4683 4618
9094 2 2 0 1 4618 4684 4619
9095 2 2 0 1 4685 4684 4619
9096 2 2 0 1 4619 4685 4620
9097 2 2 0 1 4686 4685 4620
9098 2 2 0 1 4620 4686 4621
9099 2 2 0 1 4687 4686 4621
9100 2 2 0 1 4621 4687 4622
9101 2 2 0 1 4688 4687 4622
9102 2 2 0 1 4622 4688 4623
9103 2 2 0 1 4689 4688 4623
9104 2 2 0 1 4623 4689 4624
9105 2 2 0 1 4690 4689 4624
9106 2 2 0 1 4624 4690 4625
9107 2 2 0 1 4691 4690 4625
9108 2 2 0 1 4625 4691 4626
9109 2 2 0 1 4692 4691 4626
9110 2 2 0 1 4626 4692 4627
9111 2 2 0 1 4693 4692 4627
9112 2 2 0 1 4627 4693 4628
9113 2 2 0 1 4694 4693 4628
9114 2 2 0 1 4628 4694 4629
9115 2 2 0 1 4695 4694 4629
9116 2 2 0 1 4629 4695 4630
9117 2 2 0 1 4696 4695 4630
9118 2 2 0 1 4630 4696 4631
9119 2 2 0 1 4697 4696 4631
9120 2 2 0 1 4631 4697 4632
9121 2 2 0 1 4698 4697 4632
9122 2 2 0 1 4632 4698 4633
9123 2 2 0 1 4699 4698 4633
9124 2 2 0 1 4633 4699 4634
9125 2 2 0 1 4700 4699 4634
9126 2 2 0 1 4634 4700 4635
9127 2 2 0 1 4701 4700 4635
9128 2 2 0 1 4635 4701 4636
9129 2 2 0 1 4702 4701 4636
9130 2 2 0 1 4636 4702 4637
9131 2 2 0 1 4703 4702 4637
9132 2 2 0 1 4637 4703 4638
9133 2 2 0 1 4704 4703 4638
9134 2 2 0 1 4638 4704 4639
9135 2 2 0 1 4705 4704 4639
9136 2 2 0 1 4639 4705 4640
9137 2 2 0 1 4706 4705 4640
9138 2 2 0 1 4640 4706 4641
9139 2 2 0 1 4707 4706 4641
9140 2 2 0 1 4641 4707 4642
9141 2 2 0 1 4708 4707 4642
9142 2 2 0 1 4642 4708 4643
9143 2 2 0 1 4709 4708 4643
9144 2 2 0 1 4643 4709 4644
9145 2 2 0 1 4710 4709 4644
9146 2 2 0 1 4644 4710 4645
9147 2 2 0 1 4711 4710 4645
9148 2 2 0 1 4645 4711 4646
9149 2 2 0 1 4712 4711 4646
9150 2 2 0 1 4646 4712 4647
9151 2 2 0 1 4713 4712 4647
9152 2 2 0 1 4647 4713 4648
9153 2 2 0 1 4714 4713 4648
9154 2 2 0 1 4648 4714 4649
9155 2 2 0 1 4715 4714 4649
9156 2 2 0 1 4649 4715 4650
9157 2 2 0 1 4716 4715 4650
9158 2 2 0 1 4650 4716 4651
9159 2 2 0 1 4717 4716 4651
9160 2 2 0 1 4651 4717 4652
9161 2 2 0 1 4718 4717 4652
9162 2 2 0 1 4652 4718 4653
9163 2 2 0 1 4719 4718 4653
9164 2 2 0 1 4653 4719 4654
9165 2 2 0 1 4720 4719 4654
9166 2 2 0 1 4654 4720 4655
9167 2 2 0 1 4721 4720 4655
9168 2 2 0 1 4655 4721 4656
9169 2 2 0 1 4722 4721 4656
9170 2 2 0 1 4656 4722 4657
9171 2 2 0 1 4723 4722 4657
9172 2 2 0 1 4657 4723 4658
9173 2 2 0 1 4724 4723 4658
9174 2 2 0 1 4658 4724 4659
9175 2 2 0 1 4725 4724 4659
9176 2 2 0 1 4659 4725 4660
9177 2 2 0 1 4726 4725 4660
9178 2 2 0 1 4660 4726 4661
9179 2 2 0 1 4727 4726 4661
9180 2 2 0 1 4661 4727 4662
9181 2 2 0 1 4728 4727 4662
9182 2 2 0 1 4662 4728 4663
9183 2 2 0 1 4729 4728 4663
9184 2 2 0 1 4663 4729 4664
9185 2 2 0 1 4665 4729 4664
9186 2 2 0 1 4729 4730 4665
9187 2 2 0 1 4666 4730 4665
9188 2 2 0 1 4730 4731 4666
9189 2 2 0 1 4667 4731 4666
9190 2 2 0 1 4731 4732 4667
9191 2 2 0 1 4668 4732 4667
9192 2 2 0 1 4732 4733 4668
9193 2 2 0 1 4669 4733 4668
9194 2 2 0 1 4733 4734 4669
9195 2 2 0 1 4670 4734 4669
9196 2 2 0 1 4734 4735 4670
9197 2 2 0 1 4671 4735 4670
9198 2 2 0 1 4735 4736 4671
9199 2 2 0 1 4672 4736 4671
9200 2 2 0 1 4736 4737 4672
9201 2 2 0 1 4673 4737 4672
9202 2 2 0 1 4737 4738 4673
9203 2 2 0 1 4674 4738 4673
9204 2 2 0 1 4738 4739 4674
9205 2 2 0 1 4675 4739 4674
9206 2 2 0 1 4739 4740 4675
9207 2 2 0 1 4676 4740 4675
9208 2 2 0 1 4740 4741 4676
9209 2 2 0 1 4677 4741 4676
9210 2 2 0 1 4741 4742 4677
9211 2 2 0 1 4678 4742 4677
9212 2 2 0 1 4742 4743 4678
9213 2 2 0 1 4679 4743 4678
9214 2 2 0 1 4743 4744 4679
9215 2 2 0 1 4680 4744 4679
9216 2 2 0 1 4744 4745 4680
9217 2 2 0 1 4746 4747 4682
9218 2 2 0 1 4682 4746 4681
9219 2 2 0 1 4748 4746 4681
9220 2 2 0 1 4681 4748 4683
9221 2 2 0 1 4749 4748 4683
9222 2 2 0 1 4683 4749 4684
9223 2 2 0 1 4750 4749 4684
9224 2 2 0 1 4684 4750 4685
9225 2 2 0 1 4751 4750 4685
9226 2 2 0 1 4685 4751 4686
9227 2 2 0 1 4752 4751 4686
9228 2 2 0 1 4686 4752 4687
9229 2 2 0 1 4753 4752 4687
9230 2 2 0 1 4687 4753 4688
9231 2 2 0 1 4754 4753 4688
9232 2 2 0 1 4688 4754 4689
9233 2 2 0 1 4755 4754 4689
9234 2 2 0 1 4689 4755 4690
9235 2 2 0 1 4756 4755 4690
9236 2 2 0 1 4690 4756 4691
9237 2 2 0 1 4757 4756 4691
9238 2 2 0 1 4691 4757 4692
9239 2 2 0 1 4758 4757 4692
9240 2 2 0 1 4692 4758 4693
9241 2 2 0 1 4759 4758 4693
9242 2 2 0 1 4693 4759 4694
9243 2 2 0 1 4760 4759 4694
9244 2 2 0 1 4694 4760 4695
9245 2 2 0 1 4761 4760 4695
9246 2 2 0 1 4695 4761 4696
9247 2 2 0 1 4762 4761 4696
9248 2 2 0 1 4696 4762 4697
9249 2 2 0 1 4763 4762 4697
9250 2 2 0 1 4697 4763 4698
9251 2 2 0 1 4764 4763 4698
9252 2 2 0 1 4698 4764 4699
9253 2 2 0 1 4765 4764 4699
9254 2 2 0 1 4699 4765 4700
9255 2 2 0 1 4766 4765 4700
9256 2 2 0 1 4700 4766 4701
9257 2 2 0 1 4767 4766 4701
9258 2 2 0 1 4701 4767 4702
9259 2 2 0 1 4768 4767 4702
9260 2 2 0 1 4702 4768 4703
9261 2 2 0 1 4769 4768 4703
9262 2 2 0 1 4703 4769 4704
9263 2 2 0 1 4770 4769 4704
9264 2 2 0 1 4704 4770 4705
9265 2 2 0 1 4771 4770 4705
9266 2 2 0 1 4705 4771 4706
9267 2 2 0 1 4772 4771 4706
9268 2 2 0 1 4706 4772 4707
9269 2 2 0 1 4773 4772 4707
9270 2 2 0 1 4707 4773 4708
9271 2 2 0 1 4774 4773 4708
9272 2 2 0 1 4708 4774 4709
9273 2 2 0 1 4775 4774 4709
9274 2 2 0 1 4709 4775 4710
9275 2 2 0 1 4776 4775 4710
9276 2 2 0 1 4710 4776 4711
9277 2 2 0 1 4777 4776 4711
9278 2 2 0 1 4711 4777 4712
9279 2 2 0 1 4778 4777 4712
9280 2 2 0 1 4712 4778 4713
9281 2 2 0 1 4779 4778 4713
9282 2 2 0 1 4713 4779 4714
9283 2 2 0 1 4780 4779 4714
9284 2 2 0 1 4714 4780 4715
9285 2 2 0 1 4781 4780 4715
9286 2 2 0 1 4715 4781 4716
9287 2 2 0 1 4782 4781 4716
9288 2 2 0 1 4716 4782 4717
9289 2 2 0 1 4783 4782 4717
9290 2 2 0 1 4717 4783 4718
9291 2 2 0 1 4784 4783 4718
9292 2 2 0 1 4718 4784 4719
9293 2 2 0 1 4785 4784 4719
9294 2 2 0 1 4719 4785 4720
9295 2 2 0 1 4786 4785 4720
9296 2 2 0 1 4720 4786 4721
9297 2 2 0 1 4787 4786 4721
9298 2 2 0 1 4721 4787 4722
9299 2 2 0 1 4788 4787 4722
9300 2 2 0 1 4722 4788 4723
9301 2 2 0 1 4789 4788 4723
9302 2 2 0 1 4723 4789 4724
9303 2 2 0 1 4790 4789 4724
9304 2 2 0 1 4724 4790 4725
9305 2 2 0 1 4791 4790 4725
9306 2 2 0 1 4725 4791 4726
9307 2 2 0 1 4792 4791 4726
9308 2 2 0 1 4726 4792 4727
9309 2 2 0 1 4793 4792 4727
9310 2 2 0 1 4727 4793 4728
9311 2 2 0 1 4794 4793 4728
9312 2 2 0 1 4728 4794 4729
9313 2 2 0 1 4730 4794 4729
9314 2 2 0 1 4794 4795 4730
9315 2 2 0 1 4731 4795 4730
9316 2 2 0 1 4795 4796 4731
9317 2 2 0 1 4732 4796 4731
9318 2 2 0 1 4796 4797 4732
9319 2 2 0 1 4733 4797 4732
9320 2 2 0 1 4797 4798 4733
9321 2 2 0 1 4734 4798 4733
9322 2 2 0 1 4798 4799 4734
9323 2 2 0 1 4735 4799 4734
9324 2 2 0 1 4799 4800 4735
9325 2 2 0 1 4736 4800 4735
9326 2 2 0 1 4800 4801 4736
9327 2 2 0 1 4737 4801 4736
9328 2 2 0 1 4801 4802 4737
9329 2 2 0 1 4738 4802 4737
9330 2 2 0 1 4802 4803 4738
9331 2 2 0 1 4739 4803 4738
9332 2 2 0 1 4803 4804 4739
9333 2 2 0 1 4740 4804 4739
9334 2 2 0 1 4804 4805 4740
9335 2 2 0 1 4741 4805 4740
9336 2 2 0 1 4805 4806 4741
9337 2 2 0 1 4742 4806 4741
9338 2 2 0 1 4806 4807 4742
9339 2 2 0 1 4743 4807 4742
9340 2 2 0 1 4807 4808 4743
9341 2 2 0 1 4744 4808 4743
9342 2 2 0 1 4808 4809 4744
9343 2 2 0 1 4745 4809 4744
9344 2 2 0 1 4809 4810 4745
9345 2 2 0 1 4811 4812 4747
9346 2 2 0 1 4747 4811 4746
9347 2 2 0 1 4813 4811 4746
9348 2 2 0 1 4746 4813 4748
9349 2 2 0 1 4814 4813 4748
9350 2 2 0 1 4748 4814 4749
9351 2 2 0 1 4815 4814 4749
9352 2 2 0 1 4749 4815 4750
9353 2 2 0 1 4816 4815 4750
9354 2 2 0 1 4750 4816 4751
9355 2 2 0 1 4817 4816 4751
9356 2 2 0 1 4751 4817 4752
9357 2 2 0 1 4818 4817 4752
9358 2 2 0 1 4752 4818 4753
9359 2 2 0 1 4819 4818 4753
9360 2 2 0 1 4753 4819 4754
9361 2 2 0 1 4820 4819 4754
9362 2 2 0 1 4754 4820 4755
9363 2 2 0 1 4821 4820 4755
9364 2 2 0 1 4755 4821 4756
9365 2 2 0 1 4822 4821 4756
9366 2 2 0 1 4756 4822 4757
9367 2 2 0 1 4823 4822 4757
9368 2 2 0 1 4757 4823 4758
9369 2 2 0 1 4824 4823 4758
9370 2 2 0 1 4758 4824 4759
9371 2 2 0 1 4825 4824 4759
9372 2 2 0 1 4759 4825 4760
9373 2 2 0 1 4826 4825 4760
9374 2 2 0 1 4760 4826 4761
9375 2 2 0 1 4827 4826 4761
9376 2 2 0 1 4761 4827 4762
9377 2 2 0 1 4828 4827 4762
9378 2 2 0 1 4762 4828 4763
9379 2 2 0 1 4829 4828 4763
9380 2 2 0 1 4763 4829 4764
9381 2 2 0 1 4830 4829 4764
9382 2 2 0 1 4764 4830 4765
9383 2 2 0 1 4831 4830 4765
9384 2 2 0 1 4765 4831 4766
9385 2 2 0 1 4832 4831 4766
9386 2 2 0 1 4766 4832 4767
9387 2 2 0 1 4833 4832 4767
9388 2 2 0 1 4767 4833 4768
9389 2 2 0 1 4834 4833 4768
9390 2 2 0 1 4768 4834 4769
9391 2 2 0 1 4835 4834 4769
9392 2 2 0 1 4769 4835 4770
9393 2 2 0 1 4836 4835 4770
9394 2 2 0 1 4770 4836 4771
9395 2 2 0 1 4837 4836 4771
9396 2 2 0 1 4771 4837 4772
9397 2 2 0 1 4838 4837 4772
9398 2 2 0 1 4772 4838 4773
9399 2 2 0 1 4839 4838 4773
9400 2 2 0 1 4773 4839 4774
9401 2 2 0 1 4840 4839 4774
9402 2 2 0 1 4774 4840 4775
9403 2 2 0 1 4841 4840 4775
9404 2 2 0 1 4775 4841 4776
9405 2 2 0 1 4842 4841 4776
9406 2 2 0 1 4776 4842 4777
9407 2 2 0 1 4843 4842 4777
9408 2 2 0 1 4777 4843 4778
9409 2 2 0 1 4844 4843 4778
9410 2 2 0 1 4778 4844 4779
9411 2 2 0 1 4845 4844 4779
9412 2 2 0 1 4779 4845 4780
9413 2 2 0 1 4846 4845 4780
9414 2 2 0 1 4780 4846 4781
9415 2 2 0 1 4847 4846 4781
9416 2 2 0 1 4781 4847 4782
9417 2 2 0 1 4848 4847 4782
9418 2 2 0 1 4782 4848 4783
9419 2 2 0 1 4849 4848 4783
9420 2 2 0 1 4783 4849 4784
9421 2 2 0 1 4850 4849 4784
9422 2 2 0 1 4784 4850 4785
9423 2 2 0 1 4851 4850 4785
9424 2 2 0 1 4785 4851 4786
9425 2 2 0 1 4852 4851 4786
9426 2 2 0 1 4786 4852 4787
9427 2 2 0 1 4853 4852 4787
9428 2 2 0 1 4787 4853 4788
9429 2 2 0 1 4854 4853 4788
9430 2 2 0 1 4788 4854 4789
9431 2 2 0 1 4855 4854 4789
9432 2 2 0 1 4789 4855 4790
9433 2 2 0 1 4856 4855 4790
9434 2 2 0 1 4790 4856 4791
9435 2 2 0 1 4857 4856 4791
9436 2 2 0 1 4791 4857 4792
9437 2 2 0 1 4858 4857 4792
9438 2 2 0 1 4792 4858 4793
9439 2 2 0 1 4859 4858 4793
9440 2 2 0 1 4793 4859 4794
9441 2 2 0 1 4795 4859 4794
9442 2 2 0 1 4859 4860 4795
9443 2 2 0 1 4796 4860 4795
9444 2 2 0 1 4860 4861 4796
9445 2 2 0 1 4797 4861 4796
9446 2 2 0 1 4861 4862 4797
9447 2 2 0 1 4798 4862 4797
9448 2 2 0 1 4862 4863 4798
9449 2 2 0 1 4799 4863 4798
9450 2 2 0 1 4863 4864 4799
9451 2 2 0 1 4800 4864 4799
9452 2 2 0 1 4864 4865 4800
9453 2 2 0 1 4801 4865 4800
9454 2 2 0 1 4865 4866 4801
9455 2 2 0 1 4802 4866 4801
9456 2 2 0 1 4866 4867 4802
9457 2 2 0 1 4803 4867 4802
9458 2 2 0 1 4867 4868 4803
9459 2 2 0 1 4804 4868 4803
9460 2 2 0 1 4868 4869 4804
9461 2 2 0 1 4805 4869 4804
9462 2 2 0 1 4869 4870 4805
9463 2 2 0 1 4806 4870 4805
9464 2 2 0 1 4870 4871 4806
9465 2 2 0 1 4807 4871 4806
9466 2 2 0 1 4871 4872 4807
9467 2 2 0 1 4808 4872 4807
9468 2 2 0 1 4872 4873 4808
9469 2 2 0 1 4809 4873 4808
9470 2 2 0 1 4873 4874 4809
9471 2 2 0 1 4810 4874 4809
9472 2 2 0 1 4874 4875 4810
9473 2 2 0 1 4876 4877 4812
9474 2 2 0 1 4812 4876 4811
9475 2 2 0 1 4878 4876 4811
9476 2 2 0 1 4811 4878 4813
9477 2 2 0 1 4879 4878 4813
9478 2 2 0 1 4813 4879 4814
9479 2 2 0 1 4880 4879 4814
9480 2 2 0 1 4814 4880 4815
9481 2 2 0 1 4881 4880 4815
9482 2 2 0 1 4815 4881 4816
9483 2 2 0 1 4882 4881 4816
9484 2 2 0 1 4816 4882 4817
9485 2 2 0 1 4883 4882 4817
9486 2 2 0 1 4817 4883 4818
9487 2 2 0 1 4884 4883 4818
9488 2 2 0 1 4818 4884 4819
9489 2 2 0 1 4885 4884 4819
9490 2 2 0 1 4819 4885 4820
9491 2 2 0 1 4886 4885 4820
9492 2 2 0 1 4820 4886 4821
9493 2 2 0 1 4887 4886 4821
9494 2 2 0 1 4821 4887 4822
9495 2 2 0 1 4888 4887 4822
9496 2 2 0 1 4822 4888 4823
9497 2 2 0 1 4889 4888 4823
9498 2 2 0 1 4823 4889 4824
9499 2 2 0 1 4890 4889 4824
9500 2 2 0 1 4824 4890 4825
9501 2 2 0 1 4891 4890 4825
9502 2 2 0 1 4825 4891 4826
9503 2 2 0 1 4892 4891 4826
9504 2 2 0 1 4826 4892 4827
9505 2 2 0 1 4893 4892 4827
9506 2 2 0 1 4827 4893 4828
9507 2 2 0 1 4894 4893 4828
9508 2 2 0 1 4828 4894 4829
9509 2 2 0 1 4895 4894 4829
9510 2 2 0 1 4829 4895 4830
9511 2 2 0 1 4896 4895 4830
9512 2 2 0 1 4830 4896 4831
9513 2 2 0 1 4897 4896 4831
9514 2 2 0 1 4831 4897 4832
9515 2 2 0 1 4898 4897 4832
9516 2 2 0 1 4832 4898 4833
9517 2 2 0 1 4899 4898 4833
9518 2 2 0 1 4833 4899 4834
9519 2 2 0 1 4900 4899 4834
9520 2 2 0 1 4834 4900 4835
9521 2 2 0 1 4901 4900 4835
9522 2 2 0 1 4835 4901 4836
9523 2 2 0 1 4902 4901 4836
9524 2 2 0 1 4836 4902 4837
9525 2 2 0 1 4903 4902 4837
9526 2 2 0 1 4837 4903 4838
9527 2 2 0 1 4904 4903 4838
9528 2 2 0 1 4838 4904 4839
9529 2 2 0 1 4905 4904 4839
9530 2 2 0 1 4839 4905 4840
9531 2 2 0 1 4906 4905 4840
9532 2 2 0 1 4840 4906 4841
9533 2 2 0 1 4907 4906 4841
9534 2 2 0 1 4841 4907 4842
9535 2 2 0 1 4908 4907 4842
9536 2 2 0 1 4842 4908 4843
9537 2 2 0 1 4909 4908 4843
9538 2 2 0 1 4843 4909 4844
9539 2 2 0 1 4910 4909 4844
9540 2 2 0 1 4844 4910 4845
9541 2 2 0 1 4911 4910 4845
9542 2 2 0 1 4845 4911 4846
9543 2 2 0 1 4912 4911 4846
9544 2 2 0 1 4846 4912 4847
9545 2 2 0 1 4913 4912 4847
9546 2 2 0 1 4847 4913 4848
9547 2 2 0 1 4914 4913 4848
9548 2 2 0 1 4848 4914 4849
9549 2 2 0 1 4915 4914 4849
9550 2 2 0 1 4849 4915 4850
9551 2 2 0 1 4916 4915 4850
9552 2 2 0 1 4850 4916 4851
9553 2 2 0 1 4917 4916 4851
9554 2 2 0 1 4851 4917 4852
9555 2 2 0 1 4918 4917 4852
9556 2 2 0 1 4852 4918 4853
9557 2 2 0 1 4919 4918 4853
9558 2 2 0 1 4853 4919 4854
9559 2 2 0 1 4920 4919 4854
9560 2 2 0 1 4854 4920 4855
9561 2 2 0 1 4921 4920 4855
9562 2 2 0 1 4855 4921 4856
9563 2 2 0 1 4922 4921 4856
9564 2 2 0 1 4856 4922 4857
9565 2 2 0 1 4923 4922 4857
9566 2 2 0 1 4857 4923 4858
9567 2 2 0 1 4924 4923 4858
9568 2 2 0 1 4858 4924 4859
9569 2 2 0 1 4860 4924 4859
9570 2 2 0 1 4924 4925 4860
9571 2 2 0 1 4861 4925 4860
9572 2 2 0 1 4925 4926 4861
9573 2 2 0 1 4862 4926 4861
9574 2 2 0 1 4926 4927 4862
9575 2 2 0 1 4863 4927 4862
9576 2 2 0 1 4927 4928 4863
9577 2 2 0 1 4864 4928 4863
9578 2 2 0 1 4928 4929 4864
9579 2 2 0 1 4865 4929 4864
9580 2 2 0 1 4929 4930 4865
9581 2 2 0 1 4866 4930 4865
9582 2 2 0 1 4930 4931 4866
9583 2 2 0 1 4867 4931 4866
9584 2 2 0 1 4931 4932 4867
9585 2 2 0 1 4868 4932 4867
9586 2 2 0 1 4932 4933 4868
9587 2 2 0 1 4869 4933 4868
9588 2 2 0 1 4933 4934 4869
9589 2 2 0 1 4870 4934 4869
9590 2 2 0 1 4934 4935 4870
9591 2 2 0 1 4871 4935 4870
9592 2 2 0 1 4935 4936 4871
9593 2 2 0 1 4872 4936 4871
9594 2 2 0 1 4936 4937 4872
9595 2 2 0 1 4873 4937 4872
9596 2 2 0 1 4937 4938 4873
9597 2 2 0 1 4874 4938 4873
9598 2 2 0 1 4938 4939 4874
9599 2 2 0 1 4875 4939 4874
9600 2 2 0 1 4939 4940 4875
9601 2 2 0 1 4941 4942 4877
9602 2 2 0 1 4877 4941 4876
9603 2 2 0 1 4943 4941 4876
9604 2 2 0 1 4876 4943 4878
9605 2 2 0 1 4944 4943 4878
9606 2 2 0 1 4878 4944 4879
9607 2 2 0 1 4945 4944 4879
9608 2 2 0 1 4879 4945 4880
9609 2 2 0 1 4946 4945 4880
9610 2 2 0 1 4880 4946 4881
9611 2 2 0 1 4947 4946 4881
9612 2 2 0 1 4881 4947 4882
9613 2 2 0 1 4948 4947 4882
9614 2 2 0 1 4882 4948 4883
9615 2 2 0 1 4949 4948 4883
9616 2 2 0 1 4883 4949 4884
9617 2 2 0 1 4950 4949 4884
9618 2 2 0 1 4884 4950 4885
9619 2 2 0 1 4951 4950 4885
9620 2 2 0 1 4885 4951 4886
9621 2 2 0 1 4952 4951 4886
9622 2 2 0 1 4886 4952 4887
9623 2 2 0 1 4953 4952 4887
9624 2 2 0 1 4887 4953 4888
9625 2 2 0 1 4954 4953 4888
9626 2 2 0 1 4888 4954 4889
9627 2 2 0 1 4955 4954 4889
9628 2 2 0 1 4889 4955 4890
9629 2 2 0 1 4956 4955 4890
9630 2 2 0 1 4890 4956 4891
9631 2 2 0 1 4957 4956 4891
9632 2 2 0 1 4891 4957 4892
9633 2 2 0 1 4958 4957 4892
9634 2 2 0 1 4892 4958 4893
9635 2 2 0 1 4959 4958 4893
9636 2 2 0 1 4893 4959 4894
9637 2 2 0 1 4960 4959 4894
9638 2 2 0 1 4894 4960 4895
9639 2 2 0 1 4961 4960 4895
9640 2 2 0 1 4895 4961 4896
9641 2 2 0 1 4962 4961 4896
9642 2 2 0 1 4896 4962 4897
9643 2 2 0 1 4963 4962 4897
9644 2 2 0 1 4897 4963 4898
9645 2 2 0 1 4964 4963 4898
9646 2 2 0 1 4898 4964 4899
9647 2 2 0 1 4965 4964 4899
9648 2 2 0 1 4899 4965 4900
9649 2 2 0 1 4966 4965 4900
9650 2 2 0 1 4900 4966 4901
9651 2 2 0 1 4967 4966 4901
9652 2 2 0 1 4901 4967 4902
9653 2 2 0 1 4968 4967 4902
9654 2 2 0 1 4902 4968 4903
9655 2 2 0 1 4969 4968 4903
9656 2 2 0 1 4903 4969 4904
9657 2 2 0 1 4970 4969 4904
9658 2 2 0 1 4904 4970 4905
9659 2 2 0 1 4971 4970 4905
9660 2 2 0 1 4905 4971 4906
9661 2 2 0 1 4972 4971 4906
9662 2 2 0 1 4906 4972 4907
9663 2 2 0 1 4973 4972 4907
9664 2 2 0 1 4907 4973 4908
9665 2 2 0 1 4974 4973 4908
9666 2 2 0 1 4908 4974 4909
9667 2 2 0 1 4975 4974 4909
9668 2 2 0 1 4909 4975 4910
9669 2 2 0 1 4976 4975 4910
9670 2 2 0 1 4910 4976 4911
9671 2 2 0 1 4977 4976 4911
9672 2 2 0 1 4911 4977 4912
9673 2 2 0 1 4978 4977 4912
9674 2 2 0 1 4912 4978 4913
9675 2 2 0 1 4979 4978 4913
9676 2 2 0 1 4913 4979 4914
9677 2 2 0 1 4980 4979 4914
9678 2 2 0 1 4914 4980 4915
9679 2 2 0 1 4981 4980 4915
9680 2 2 0 1 4915 4981 4916
9681 2 2 0 1 4982 4981 4916
9682 2 2 0 1 4916 4982 4917
9683 2 2 0 1 4983 4982 4917
9684 2 2 0 1 4917 4983 4918
9685 2 2 0 1 4984 4983 4918
9686 2 2 0 1 4918 4984 4919
9687 2 2 0 1 4985 4984 4919
9688 2 2 0 1 4919 4985 4920
9689 2 2 0 1 4986 4985 4920
9690 2 2 0 1 4920 4986 4921
9691 2 2 0 1 4987 4986 4921
9692 2 2 0 1 4921 4987 4922
9693 2 2 0 1 4988 4987 4922
9694 2 2 0 1 4922 4988 4923
9695 2 2 0 1 4989 4988 4923
9696 2 2 0 1 4923 4989 4924
9697 2 2 0 1 4925 4989 4924
9698 2 2 0 1 4989 4990 4925
9699 2 2 0 1 4926 4990 4925
9700 2 2 0 1 4990 4991 4926
9701 2 2 0 1 4927 4991 4926
9702 2 2 0 1 4991 4992 4927
9703 2 2 0 1 4928 4992 4927
9704 2 2 0 1 4992 4993 4928
9705 2 2 0 1 4929 4993 4928
9706 2 2 0 1 4993 4994 4929
9707 2 2 0 1 4930 4994 4929
9708 2 2 0 1 4994 4995 4930
9709 2 2 0 1 4931 4995 4930
9710 2 2 0 1 4995 4996 4931
9711 2 2 0 1 4932 4996 4931
9712 2 2 0 1 4996 4997 4932
9713 2 2 0 1 4933 4997 4932
9714 2 2 0 1 4997 4998 4933
9715 2 2 0 1 4934 4998 4933
9716 2 2 0 1 4998 4999 4934
9717 2 2 0 1 4935 4999 4934
9718 2 2 0 1 4999 5000 4935
9719 2 2 0 1 4936 5000 4935
9720 2 2 0 1 5000 5001 4936
9721 2 2 0 1 4937 5001 4936
9722 2 2 0 1 5001 5002 4937
9723 2 2 0 1 4938 5002 4937
9724 2 2 0 1 5002 5003 4938
9725 2 2 0 1 4939 5003 4938
9726 2 2 0 1 5003 5004 4939
9727 2 2 0 1 4940 5004 4939
9728 2 2 0 1 5004 5005 4940
9729 2 2 0 1 5006 5007 4942
9730 2 2 0 1 4942 5006 4941
9731 2 2 0 1 5008 5006 4941
9732 2 2 0 1 4941 5008 4943
9733 2 2 0 1 5009 5008 4943
9734 2 2 0 1 4943 5009 4944
9735 2 2 0 1 5010 5009 4944
9736 2 2 0 1 4944 5010 4945
9737 2 2 0 1 5011 5010 4945
9738 2 2 0 1 4945 5011 4946
9739 2 2 0 1 5012 5011 4946
9740 2 2 0 1 4946 5012 4947
9741 2 2 0 1 5013 5012 4947
9742 2 2 0 1 4947 5013 4948
9743 2 2 0 1 5014 5013 4948
9744 2 2 0 1 4948 5014 4949
9745 2 2 0 1 5015 5014 4949
9746 2 2 0 1 4949 5015 4950
9747 2 2 0 1 5016 5015 4950
9748 2 2 0 1 4950 5016 4951
9749 2 2 0 1 5017 5016 4951
9750 2 2 0 1 4951 5017 4952
9751 2 2 0 1 5018 5017 4952
9752 2 2 0 1 4952 5018 4953
9753 2 2 0 1 5019 5018 4953
9754 2 2 0 1 4953 5019 4954
9755 2 2 0 1 5020 5019 4954
9756 2 2 0 1 4954 5020 4955
9757 2 2 0 1 5021 5020 4955
9758 2 2 0 1 4955 5021 4956
9759 2 2 0 1 5022 5021 4956
9760 2 2 0 1 4956 5022 4957
9761 2 2 0 1 5023 5022 4957
9762 2 2 0 1 4957 5023 4958
9763 2 2 0 1 5024 5023 4958
9764 2 2 0 1 4958 5024 4959
9765 2 2 0 1 5025 5024 4959
9766 2 2 0 1 4959 5025 4960
9767 2 2 0 1 5026 5025 4960
9768 2 2 0 1 4960 5026 4961
9769 2 2 0 1 5027 5026 4961
9770 2 2 0 1 4961 5027 4962
9771 2 2 0 1 5028 5027 4962
9772 2 2 0 1 4962 5028 4963
9773 2 2 0 1 5029 5028 4963
9774 2 2 0 1 4963 5029 4964
9775 2 2 0 1 5030 5029 4964
9776 2 2 0 1 4964 5030 4965
9777 2 2 0 1 5031 5030 4965
9778 2 2 0 1 4965 5031 4966
9779 2 2 0 1 5032 5031 4966
9780 2 2 0 1 4966 5032 4967
9781 2 2 0 1 5033 5032 4967
9782 2 2 0 1 4967 5033 4968
9783 2 2 0 1 5034 5033 4968
9784 2 2 0 1 4968 5034 4969
9785 2 2 0 1 5035 5034 4969
9786 2 2 0 1 4969 5035 4970
9787 2 2 0 1 5036 5035 4970
9788 2 2 0 1 4970 5036 4971
9789 2 2 0 1 5037 5036 4971
9790 2 2 0 1 4971 5037 4972
9791 2 2 0 1 5038 5037 4972
9792 2 2 0 1 4972 5038 4973
9793 2 2 0 1 5039 5038 4973
9794 2 2 0 1 4973 5039 4974
9795 2 2 0 1 5040 5039 4974
9796 2 2 0 1 4974 5040 4975
9797 2 2 0 1 5041 5040 4975
9798 2 2 0 1 4975 5041 4976
9799 2 2 0 1 5042 5041 4976
9800 2 2 0 1 4976 5042 4977
9801 2 2 0 1 5043 5042 4977
9802 2 2 0 1 4977 5043 4978
9803 2 2 0 1 5044 5043 4978
9804 2 2 0 1 4978 5044 4979
9805 2 2 0 1 5045 5044 4979
9806 2 2 0 1 4979 5045 4980
9807 2 2 0 1 5046 5045 4980
9808 2 2 0 1 4980 5046 4981
9809 2 2 0 1 5047 5046 4981
9810 2 2 0 1 4981 5047 4982
9811 2 2 0 1 5048 5047 4982
9812 2 2 0 1 4982 5048 4983
9813 2 2 0 1 5049 5048 4983
9814 2 2 0 1 4983 5049 4984
9815 2 2 0 1 5050 5049 4984
9816 2 2 0 1 4984 5050 4985
9817 2 2 0 1 5051 5050 4985
9818 2 2 0 1 4985 5051 4986
9819 2 2 0 1 5052 5051 4986
9820 2 2 0 1 4986 5052 4987
9821 2 2 0 1 5053 5052 4987
9822 2 2 0 1 4987 5053 4988
9823 2 2 0 1 5054 5053 4988
9824 2 2 0 1 4988 5054 4989
9825 2 2 0 1 4990 5054 4989
9826 2 2 0 1 5054 5055 4990
9827 2 2 0 1 4991 5055 4990
9828 2 2 0 1 5055 5056 4991
9829 2 2 0 1 4992 5056 4991
9830 2 2 0 1 5056 5057 4992
9831 2 2 0 1 4993 5057 4992
9832 2 2 0 1 5057 5058 4993
9833 2 2 0 1 4994 5058 4993
9834 2 2 0 1 5058 5059 4994
9835 2 2 0 1 4995 5059 4994
9836 2 2 0 1 5059 5060 4995
9837 2 2 0 1 4996 5060 4995
9838 2 2 0 1 5060 5061 4996
9839 2 2 0 1 4997 5061 4996
9840 2 2 0 1 5061 5062 4997
9841 2 2 0 1 4998 5062 4997
9842 2 2 0 1 5062 5063 4998
9843 2 2 0 1 4999 5063 4998
9844 2 2 0 1 5063 5064 4999
9845 2 2 0 1 5000 5064 4999
9846 2 2 0 1 5064 5065 5000
9847 2 2 0 1 5001 5065 5000
9848 2 2 0 1 5065 5066 5001
9849 2 2 0 1 5002 5066 5001
9850 2 2 0 1 5066 5067 5002
9851 2 2 0 1 5003 5067 5002
9852 2 2 0 1 5067 5068 5003
9853 2 2 0 1 5004 5068 5003
9854 2 2 0 1 5068 5069 5004
9855 2 2 0 1 5005 5069 5004
9856 2 2 0 1 5069 5070 5005
9857 2 2 0 1 5071 5072 5007
9858 2 2 0 1 5007 5071 5006
9859 2 2 0 1 5073 5071 5006
9860 2 2 0 1 5006 5073 5008
9861 2 2 0 1 5074 5073 5008
9862 2 2 0 1 5008 5074 5009
9863 2 2 0 1 5075 5074 5009
9864 2 2 0 1 5009 5075 5010
9865 2 2 0 1 5076 5075 5010
9866 2 2 0 1 5010 5076 5011
9867 2 2 0 1 5077 5076 5011
9868 2 2 0 1 5011 5077 5012
9869 2 2 0 1 5078 5077 5012
9870 2 2 0 1 5012 5078 5013
9871 2 2 0 1 5079 5078 5013
9872 2 2 0 1 5013 5079 5014
9873 2 2 0 1 5080 5079 5014
9874 2 2 0 1 5014 5080 5015
9875 2 2 0 1 5081 5080 5015
9876 2 2 0 1 5015 5081 5016
9877 2 2 0 1 5082 5081 5016
9878 2 2 0 1 5016 5082 5017
9879 2 2 0 1 5083 5082 5017
9880 2 2 0 1 5017 5083 5018
9881 2 2 0 1 5084 5083 5018
9882 2 2 0 1 5018 5084 5019
9883 2 2 0 1 5085 5084 5019
9884 2 2 0 1 5019 5085 5020
9885 2 2 0 1 5086 5085 5020
9886 2 2 0 1 5020 5086 5021
9887 2 2 0 1 5087 5086 5021
9888 2 2 0 1 5021 5087 5022
9889 2 2 0 1 5088 5087 5022
9890 2 2 0 1 5022 5088 5023
9891 2 2 0 1 5089 5088 5023
9892 2 2 0 1 5023 5089 5024
9893 2 2 0 1 5090 5089 5024
9894 2 2 0 1 5024 5090 5025
9895 2 2 0 1 5091 5090 5025
9896 2 2 0 1 5025 5091 5026
9897 2 2 0 1 5092 5091 5026
9898 2 2 0 1 5026 5092 5027
9899 2 2 0 1 5093 5092 5027
9900 2 2 0 1 5027 5093 5028
9901 2 2 0 1 5094 5093 5028
9902 2 2 0 1 5028 5094 5029
9903 2 2 0 1 5095 5094 5029
9904 2 2 0 1 5029 5095 5030
9905 2 2 0 1 5096 5095 5030
9906 2 2 0 1 5030 5096 5031
9907 2 2 0 1 5097 5096 5031
9908 2 2 0 1 5031 5097 5032
9909 2 2 0 1 5098 5097 5032
9910 2 2 0 1 5032 5098 5033
9911 2 2 0 1 5099 5098 5033
9912 2 2 0 1 5033 5099 5034
9913 2 2 0 1 5100 5099 5034
9914 2 2 0 1 5034 5100 5035
9915 2 2 0 1 5101 5100 5035
9916 2 2 0 1 5035 5101 5036
9917 2 2 0 1 5102 5101 5036
9918 2 2 0 1 5036 5102 5037
9919 2 2 0 1 5103 5102 5037
9920 2 2 0 1 5037 5103 5038
9921 2 2 0 1 5104 5103 5038
9922 2 2 0 1 5038 5104 5039
9923 2 2 0 1 5105 5104 5039
9924 2 2 0 1 5039 5105 5040
9925 2 2 0 1 5106 5105 5040
9926 2 2 0 1 5040 5106 5041
9927 2 2 0 1 5107 5106 5041
9928 2 2 0 1 5041 5107 5042
9929 2 2 0 1 5108 5107 5042
9930 2 2 0 1 5042 5108 5043
9931 2 2 0 1 5109 5108 5043
9932 2 2 0 1 5043 5109 5044
9933 2 2 0 1 5110 5109 5044
9934 2 2 0 1 5044 5110 5045
9935 2 2 0 1 5111 5110 5045
9936 2 2 0 1 5045 5111 5046
9937 2 2 0 1 5112 5111 5046
9938 2 2 0 1 5046 5112 5047
9939 2 2 0 1 5113 5112 5047
9940 2 2 0 1 5047 5113 5048
9941 2 2 0 1 5114 5113 5048
9942 2 2 0 1 5048 5114 5049
9943 2 2 0 1 5115 5114 5049
9944 2 2 0 1 5049 5115 5050
9945 2 2 0 1 5116 5115 5050
9946 2 2 0 1 5050 5116 5051
9947 2 2 0 1 5117 5116 5051
9948 2 2 0 1 5051 5117 5052
9949 2 2 0 1 5118 5117 5052
9950 2 2 0 1 5052 5118 5053
9951 2 2 0 1 5054 5118 5053
9952 2 2 0 1 5118 5119 5054
9953 2 2 0 1 5055 5119 5054
9954 2 2 0 1 5119 5120 5055
9955 2 2 0 1 5056 5120 5055
9956 2 2 0 1 5120 5121 5056
9957 2 2 0 1 5057 5121 5056
9958 2 2 0 1 5121 5122 5057
9959 2 2 0 1 5058 5122 5057
9960 2 2 0 1 5122 5123 5058
9961 2 2 0 1 5059 5123 5058
9962 2 2 0 1 5123 5124 5059
9963 2 2 0 1 5060 5124 5059
9964 2 2 0 1 5124 5125 5060
9965 2 2 0 1 5061 5125 5060
9966 2 2 0 1 5125 5126 5061
9967 2 2 0 1 5062 5126 5061
9968 2 2 0 1 5126 5127 5062
9969 2 2 0 1 5063 5127 5062
9970 2 2 0 1 5127 5128 5063
9971 2 2 0 1 5064 5128 5063
9972 2 2 0 1 5128 5129 5064
9973 2 2 0 1 5065 5129 5064
9974 2 2 0 1 5129 5130 5065
9975 2 2 0 1 5066 5130 5065
9976 2 2 0 1 5130 5131 5066
9977 2 2 0 1 5067 5131 5066
9978 2 2 0 1 5131 5132 5067
9979 2 2 0 1 5068 5132 5067
9980 2 2 0 1 5132 5133 5068
9981 2 2 0 1 5069 5133 5068
9982 2 2 0 1 5133 5134 5069
9983 2 2 0 1 5070 5134 5069
9984 2 2 0 1 5134 5135 5070
9985 2 2 0 1 5136 5137 5072
9986 2 2 0 1 5072 5136 5071
9987 2 2 0 1 5138 5136 5071
9988 2 2 0 1 5071 5138 5073
9989 2 2 0 1 5139 5138 5073
9990 2 2 0 1 5073 5139 5074
9991 2 2 0 1 5140 5139 5074
9992 2 2 0 1 5074 5140 5075
9993 2 2 0 1 5141 5140 5075
9994 2 2 0 1 5075 5141 5076
9995 2 2 0 1 5142 5141 5076
9996 2 2 0 1 5076 5142 5077
9997 2 2 0 1 5143 5142 5077
9998 2 2 0 1 5077 5143 5078
9999 2 2 0 1 5144 5143 5078
10000 2 2 0 1 5078 5144 5079
10001 2 2 0 1 5145 5144 5079
10002 2 2 0 1 5079 5145 5080
10003 2 2 0 1 5146 5145 5080
10004 2 2 0 1 5080 5146 5081
10005 2 2 0 1 5147 5146 5081
10006 2 2 0 1 5081 5147 5082
10007 2 2 0 1 5148 5147 5082
10008 2 2 0 1 5082 5148 5083
10009 2 2 0 1 5149 5148 5083
10010 2 2 0 1 5083 5149 5084
10011 2 2 0 1 5150 5149 5084
10012 2 2 0 1 5084 5150 5085
10013 2 2 0 1 5151 5150 5085
10014 2 2 0 1 5085 5151 5086
10015 2 2 0 1 5152 5151 5086
10016 2 2 0 1 5086 5152 5087
10017 2 2 0 1 5153 5152 5087
10018 2 2 0 1 5087 5153 5088
10019 2 2 0 1 5154 5153 5088
10020 2 2 0 1 5088 5154 5089
10021 2 2 0 1 5155 5154 5089
10022 2 2 0 1 5089 5155 5090
10023 2 2 0 1 5156 5155 5090
10024 2 2 0 1 5090 5156 5091
10025 2 2 0 1 5157 5156 5091
10026 2 2 0 1 5091 5157 5092
10027 2 2 0 1 5158 5157 5092
10028 2 2 0 1 5092 5158 5093
10029 2 2 0 1 5159 5158 5093
10030 2 2 0 1 5093 5159 5094
10031 2 2 0 1 5160 5159 5094
10032 2 2 0 1 5094 5160 5095
10033 2 2 0 1 5161 5160 5095
10034 2 2 0 1 5095 5161 5096
10035 2 2 0 1 5162 5161 5096
10036 2 2 0 1 5096 5162 5097
10037 2 2 0 1 5163 5162 5097
10038 2 2 0 1 5097 5163 5098
10039 2 2 0 1 5164 5163 5098
10040 2 2 0 1 5098 5164 5099
10041 2 2 0 1 5165 5164 5099
10042 2 2 0 1 5099 5165 5100
10043 2 2 0 1 5166 5165 5100
10044 2 2 0 1 5100 5166 5101
10045 2 2 0 1 5167 5166 5101
10046 2 2 0 1 5101 5167 5102
10047 2 2 0 1 5168 5167 5102
10048 2 2 0 1 5102 5168 5103
10049 2 2 0 1 5169 5168 5103
10050 2 2 0 1 5103 5169 5104
10051 2 2 0 1 5170 5169 5104
10052 2 2 0 1 5104 5170 5105
10053 2 2 0 1 5171 5170 5105
10054 2 2 0 1 5105 5171 5106
10055 2 2 0 1 5172 5171 5106
10056 2 2 0 1 5106 5172 5107
10057 2 2 0 1 5173 5172 5107
10058 2 2 0 1 5107 5173 5108
10059 2 2 0 1 5174 5173 5108
10060 2 2 0 1 5108 5174 5109
10061 2 2 0 1 5175 5174 5109
10062 2 2 0 1 5109 5175 5110
10063 2 2 0 1 5176 5175 5110
10064 2 2 0 1 5110 5176 5111
10065 2 2 0 1 5177 5176 5111
10066 2 2 0 1 5111 5177 5112
10067 2 2 0 1 5178 5177 5112
10068 2 2 0 1 5112 5178 5113
10069 2 2 0 1 5179 5178 5113
10070 2 2 0 1 5113 5179 5114
10071 2 2 0 1 5180 5179 5114
10072 2 2 0 1 5114 5180 5115
10073 2 2 0 1 5181 5180 5115
10074 2 2 0 1 5115 5181 5116
10075 2 2 0 1 5182 5181 5116
10076 2 2 0 1 5116 5182 5117
10077 2 2 0 1 5183 5182 5117
10078 2 2 0 1 5117 5183 5118
10079 2 2 0 1 5119 5183 5118
10080 2 2 0 1 5183 5184 5119
10081 2 2 0 1 5120 5184 5119
10082 2 2 0 1 5184 5185 5120
10083 2 2 0 1 5121 5185 5120
10084 2 2 0 1 5185 5186 5121
10085 2 2 0 1 5122 5186 5121
10086 2 2 0 1 5186 5187 5122
10087 2 2 0 1 5123 5187 5122
10088 2 2 0 1 5187 5188 5123
10089 2 2 0 1 5124 5188 5123
10090 2 2 0 1 5188 5189 5124
10091 2 2 0 1 5125 5189 5124
10092 2 2 0 1 5189 5190 5125
10093 2 2 0 1 5126 5190 5125
10094 2 2 0 1 5190 5191 5126
10095 2 2 0 1 5127 5191 5126
10096 2 2 0 1 5191 5192 5127
10097 2 2 0 1 5128 5192 5127
10098 2 2 0 1 5192 5193 5128
10099 2 2 0 1 5129 5193 5128
10100 2 2 0 1 5193 5194 5129
10101 2 2 0 1 5130 5194 5129
10102 2 2 0 1 5194 5195 5130
10103 2 2 0 1 5131 5195 5130
10104 2 2 0 1 5195 5196 5131
10105 2 2 0 1 5132 5196 5131
10106 2 2 0 1 5196 5197 5132
10107 2 2 0 1 5133 5197 5132
10108 2 2 0 1 5197 5198 5133
10109 2 2 0 1 5134 5198 5133
10110 2 2 0 1 5198 5199 5134
10111 2 2 0 1 5135 5199 5134
10112 2 2 0 1 5199 5200 5135
10113 2 2 0 1 5201 5202 5137
10114 2 2 0 1 5137 5201 5136
10115 2 2 0 1 5203 5201 5136
10116 2 2 0 1 5136 5203 5138
10117 2 2 0 1 5204 5203 5138
10118 2 2 0 1 5138 5204 5139
10119 2 2 0 1 5205 5204 5139
10120 2 2 0 1 5139 5205 5140
10121 2 2 0 1 5206 5205 5140
10122 2 2 0 1 5140 5206 5141
10123 2 2 0 1 5207 5206 5141
10124 2 2 0 1 5141 5207 5142
10125 2 2 0 1 5208 5207 5142
10126 2 2 0 1 5142 5208 5143
10127 2 2 0 1 5209 5208 5143
10128 2 2 0 1 5143 5209 5144
10129 2 2 0 1 5210 5209 5144
10130 2 2 0 1 5144 5210 5145
10131 2 2 0 1 5211 5210 5145
10132 2 2 0 1 5145 5211 5146
10133 2 2 0 1 5212 5211 5146
10134 2 2 0 1 5146 5212 5147
10135 2 2 0 1 5213 5212 5147
10136 2 2 0 1 5147 5213 5148
10137 2 2 0 1 5214 5213 5148
10138 2 2 0 1 5148 5214 5149
10139 2 2 0 1 5215 5214 5149
10140 2 2 0 1 5149 5215 5150
10141 2 2 0 1 5216 5215 5150
10142 2 2 0 1 5150 5216 5151
10143 2 2 0 1 5217 5216 5151
10144 2 2 0 1 5151 5217 5152
10145 2 2 0 1 5218 5217 5152
10146 2 2 0 1 5152 5218 5153
10147 2 2 0 1 5219 5218 5153
10148 2 2 0 1 5153 5219 5154
10149 2 2 0 1 5220 5219 5154
10150 2 2 0 1 5154 5220 5155
10151 2 2 0 1 5221 5220 5155
10152 2 2 0 1 5155 5221 5156
10153 2 2 0 1 5222 5221 5156
10154 2 2 0 1 5156 5222 5157
10155 2 2 0 1 5223 5222 5157
10156 2 2 0 1 5157 5223 5158
10157 2 2 0 1 5224 5223 5158
10158 2 2 0 1 5158 5224 5159
10159 2 2 0 1 5225 5224 5159
10160 2 2 0 1 5159 5225 5160
10161 2 2 0 1 5226 5225 5160
10162 2 2 0 1 5160 5226 5161
10163 2 2 0 1 5227 5226 5161
10164 2 2 0 1 5161 5227 5162
10165 2 2 0 1 5228 5227 5162
10166 2 2 0 1 5162 5228 5163
10167 2 2 0 1 5229 5228 5163
10168 2 2 0 1 5163 5229 5164
10169 2 2 0 1 5230 5229 5164
10170 2 2 0 1 5164 5230 5165
10171 2 2 0 1 5231 5230 5165
10172 2 2 0 1 5165 5231 5166
10173 2 2 0 1 5232 5231 5166
10174 2 2 0 1 5166 5232 5167
10175 2 2 0 1 5233 5232 5167
10176 2 2 0 1 5167 5233 5168
10177 2 2 0 1 5234 5233 5168
10178 2 2 0 1 5168 5234 5169
10179 2 2 0 1 5235 5234 5169
10180 2 2 0 1 5169 5235 5170
10181 2 2 0 1 5236 5235 5170
10182 2 2 0 1 5170 5236 5171
10183 2 2 0 1 5237 5236 5171
10184 2 2 0 1 5171 5237 5172
10185 2 2 0 1 5238 5237 5172
10186 2 2 0 1 5172 5238 5173
10187 2 2 0 1 5239 5238 5173
10188 2 2 0 1 5173 5239 5174
10189 2 2 0 1 5240 5239 5174
10190 2 2 0 1 5174 5240 5175
10191 2 2 0 1 5241 5240 5175
10192 2 2 0 1 5175 5241 5176
10193 2 2 0 1 5242 5241 5176
10194 2 2 0 1 5176 5242 5177
10195 2 2 0 1 5243 5242 5177
10196 2 2 0 1 5177 5243 5178
10197 2 2 0 1 5244 5243 5178
10198 2 2 0 1 5178 5244 5179
10199 2 2 0 1 5245 5244 5179
10200 2 2 0 1 5179 5245 5180
10201 2 2 0 1 5246 5245 5180
10202 2 2 0 1 5180 5246 5181
10203 2 2 0 1 5247 5246 5181
10204 2 2 0 1 5181 5247 5182
10205 2 2 0 1 5183 5247 5182
10206 2 2 0 1 5247 5248 5183
10207 2 2 0 1 5184 5248 5183
10208 2 2 0 1 5248 5249 5184
10209 2 2 0 1 5185 5249 5184
10210 2 2 0 1 5249 5250 5185
10211 2 2 0 1 5186 5250 5185
10212 2 2 0 1 5250 5251 5186
10213 2 2 0 1 5187 5251 5186
10214 2 2 0 1 5251 5252 5187
10215 2 2 0 1 5188 5252 5187
10216 2 2 0 1 5252 5253 5188
10217 2 2 0 1 5189 5253 5188
10218 2 2 0 1 5253 5254 5189
10219 2 2 0 1 5190 5254 5189
10220 2 2 0 1 5254 5255 5190
10221 2 2 0 1 5191 5255 5190
10222 2 2 0 1 5255 5256 5191
10223 2 2 0 1 5192 5256 5191
10224 2 2 0 1 5256 5257 5192
10225 2 2 0 1 5193 5257 5192
10226 2 2 0 1 5257 5258 5193
10227 2 2 0 1 5194 5258 5193
10228 2 2 0 1 5258 5259 5194
10229 2 2 0 1 5195 5259 5194
10230 2 2 0 1 5259 5260 5195
10231 2 2 0 1 5196 5260 5195
10232 2 2 0 1 5260 5261 5196
10233 2 2 0 1 5197 5261 5196
10234 2 2 0 1 5261 5262 5197
10235 2 2 0 1 5198 5262 5197
10236 2 2 0 1 5262 5263 5198
10237 2 2 0 1 5199 5263 5198
10238 2 2 0 1 5263 5264 5199
10239 2 2 0 1 5200 5264 5199
10240 2 2 0 1 5264 5265 5200
10241 2 2 0 1 5266 5267 5202
10242 2 2 0 1 5202 5266 5201
10243 2 2 0 1 5268 5266 5201
10244 2 2 0 1 5201 5268 5203
10245 2 2 0 1 5269 5268 5203
10246 2 2 0 1 5203 5269 5204
10247 2 2 0 1 5270 5269 5204
10248 2 2 0 1 5204 5270 5205
10249 2 2 0 1 5271 5270 5205
10250 2 2 0 1 5205 5271 5206
10251 2 2 0 1 5272 5271 5206
10252 2 2 0 1 5206 5272 5207
10253 2 2 0 1 5273 5272 5207
10254 2 2 0 1 5207 5273 5208
10255 2 2 0 1 5274 5273 5208
10256 2 2 0 1 5208 5274 5209
10257 2 2 0 1 5275 5274 5209
10258 2 2 0 1 5209 5275 5210
10259 2 2 0 1 5276 5275 5210
10260 2 2 0 1 5210 5276 5211
10261 2 2 0 1 5277 5276 5211
10262 2 2 0 1 5211 5277 5212
10263 2 2 0 1 5278 5277 5212
10264 2 2 0 1 5212 5278 5213
10265 2 2 0 1 5279 5278 5213
10266 2 2 0 1 5213 5279 5214
10267 2 2 0 1 5280 5279 5214
10268 2 2 0 1 5214 5280 5215
10269 2 2 0 1 5281 5280 5215
10270 2 2 0 1 5215 5281 5216
10271 2 2 0 1 5282 5281 5216
10272 2 2 0 1 5216 5282 5217
10273 2 2 0 1 5283 5282 5217
10274 2 2 0 1 5217 5283 5218
10275 2 2 0 1 5284 5283 5218
10276 2 2 0 1 5218 5284 5219
10277 2 2 0 1 5285 5284 5219
10278 2 2 0 1 5219 5285 5220
10279 2 2 0 1 5286 5285 5220
10280 2 2 0 1 5220 5286 5221
10281 2 2 0 1 5287 5286 5221
10282 2 2 0 1 5221 5287 5222
10283 2 2 0 1 5288 5287 5222
10284 2 2 0 1 5222 5288 5223
10285 2 2 0 1 5289 5288 5223
10286 2 2 0 1 5223 5289 5224
10287 2 2 0 1 5290 5289 5224
10288 2 2 0 1 5224 5290 5225
10289 2 2 0 1 5291 5290 5225
10290 2 2 0 1 5225 5291 5226
10291 2 2 0 1 5292 5291 5226
10292 2 2 0 1 5226 5292 5227
10293 2 2 0 1 5293 5292 5227
10294 2 2 0 1 5227 5293 5228
10295 2 2 0 1 5294 5293 5228
10296 2 2 0 1 5228 5294 5229
10297 2 2 0 1 5295 5294 5229
10298 2 2 0 1 5229 5295 5230
10299 2 2 0 1 5296 5295 5230
10300 2 2 0 1 5230 5296 5231
10301 2 2 0 1 5297 5296 5231
10302 2 2 0 1 5231 5297 5232
10303 2 2 0 1 5298 5297 5232
10304 2 2 0 1 5232 5298 5233
10305 2 2 0 1 5299 5298 5233
10306 2 2 0 1 5233 5299 5234
10307 2 2 0 1 5300 5299 5234
10308 2 2 0 1 5234 5300 5235
10309 2 2 0 1 5301 5300 5235
10310 2 2 0 1 5235 5301 5236
10311 2 2 0 1 5302 5301 5236
10312 2 2 0 1 5236 5302 5237
10313 2 2 0 1 5303 5302 5237
10314 2 2 0 1 5237 5303 5238
10315 2 2 0 1 5304 5303 5238
10316 2 2 0 1 5238 5304 5239
10317 2 2 0 1 5305 5304 5239
10318 2 2 0 1 5239 5305 5240
10319 2 2 0 1 5306 5305 5240
10320 2 2 0 1 5240 5306 5241
10321 2 2 0 1 5307 5306 5241
10322 2 2 0 1 5241 5307 5242
10323 2 2 0 1 5308 5307 5242
10324 2 2 0 1 5242 5308 5243
10325 2 2 0 1 5309 5308 5243
10326 2 2 0 1 5243 5309 5244
10327 2 2 0 1 5310 5309 5244
10328 2 2 0 1 5244 5310 5245
10329 2 2 0 1 5311 5310 5245
10330 2 2 0 1 5245 5311 5246
10331 2 2 0 1 5247 5311 5246
10332 2 2 0 1 5311 5312 5247
10333 2 2 0 1 5248 5312 5247
10334 2 2 0 1 5312 5313 5248
10335 2 2 0 1 5249 5313 5248
10336 2 2 0 1 5313 5314 5249
10337 2 2 0 1 5250 5314 5249
10338 2 2 0 1 5314 5315 5250
10339 2 2 0 1 5251 5315 5250
10340 2 2 0 1 5315 5316 5251
10341 2 2 0 1 5252 5316 5251
10342 2 2 0 1 5316 5317 5252
10343 2 2 0 1 5253 5317 5252
10344 2 2 0 1 5317 5318 5253
10345 2 2 0 1 5254 5318 5253
10346 2 2 0 1 5318 5319 5254
10347 2 2 0 1 5255 5319 5254
10348 2 2 0 1 5319 5320 5255
10349 2 2 0 1 5256 5320 5255
10350 2 2 0 1 5320 5321 5256
10351 2 2 0 1 5257 5321 5256
10352 2 2 0 1 5321 5322 5257
10353 2 2 0 1 5258 5322 5257
10354 2 2 0 1 5322 5323 5258
10355 2 2 0 1 5259 5323 5258
10356 2 2 0 1 5323 5324 5259
10357 2 2 0 1 5260 5324 5259
10358 2 2 0 1 5324 5325 5260
10359 2 2 0 1 5261 5325 5260
10360 2 2 0 1 5325 5326 5261
10361 2 2 0 1 5262 5326 5261
10362 2 2 0 1 5326 5327 5262
10363 2 2 0 1 5263 5327 5262
10364 2 2 0 1 5327 5328 5263
10365 2 2 0 1 5264 5328 5263
10366 2 2 0 1 5328 5329 5264
10367 2 2 0 1 5265 5329 5264
10368 2 2 0 1 5329 5330 5265
10369 2 2 0 1 5331 5332 5267
10370 2 2 0 1 5267 5331 5266
10371 2 2 0 1 5333 5331 5266
10372 2 2 0 1 5266 5333 5268
10373 2 2 0 1 5334 5333 5268
10374 2 2 0 1 5268 5334 5269
10375 2 2 0 1 5335 5334 5269
10376 2 2 0 1 5269 5335 5270
10377 2 2 0 1 5336 5335 5270
10378 2 2 0 1 5270 5336 5271
10379 2 2 0 1 5337 5336 5271
10380 2 2 0 1 5271 5337 5272
10381 2 2 0 1 5338 5337 5272
10382 2 2 0 1 5272 5338 5273
10383 2 2 0 1 5339 5338 5273
10384 2 2 0 1 5273 5339 5274
10385 2 2 0 1 5340 5339 5274
10386 2 2 0 1 5274 5340 5275
10387 2 2 0 1 5341 5340 5275
10388 2 2 0 1 5275 5341 5276
10389 2 2 0 1 5342 5341 5276
10390 2 2 0 1 5276 5342 5277
10391 2 2 0 1 5343 5342 5277
10392 2 2 0 1 5277 5343 5278
10393 2 2 0 1 5344 5343 5278
10394 2 2 0 1 5278 5344 5279
10395 2 2 0 1 5345 5344 5279
10396 2 2 0 1 5279 5345 5280
10397 2 2 0 1 5346 5345 5280
10398 2 2 0 1 5280 5346 5281
10399 2 2 0 1 5347 5346 5281
10400 2 2 0 1 5281 5347 5282
10401 2 2 0 1 5348 5347 5282
10402 2 2 0 1 5282 5348 5283
10403 2 2 0 1 5349 5348 5283
10404 2 2 0 1 5283 5349 5284
10405 2 2 0 1 5350 5349 5284
10406 2 2 0 1 5284 5350 5285
10407 2 2 0 1 5351 5350 5285
10408 2 2 0 1 5285 5351 5286
10409 2 2 0 1 5352 5351 5286
10410 2 2 0 1 5286 5352 5287
10411 2 2 0 1 5353 5352 5287
10412 2 2 0 1 5287 5353 5288
10413 2 2 0 1 5354 5353 5288
10414 2 2 0 1 5288 5354 5289
10415 2 2 0 1 5355 5354 5289
10416 2 2 0 1 5289 5355 5290
10417 2 2 0 1 5356 5355 5290
10418 2 2 0 1 5290 5356 5291
10419 2 2 0 1 5357 5356 5291
10420 2 2 0 1 5291 5357 5292
10421 2 2 0 1 5358 5357 5292
10422 2 2 0 1 5292 5358 5293
10423 2 2 0 1 5359 5358 5293
10424 2 2 0 1 5293 5359 5294
10425 2 2 0 1 5360 5359 5294
10426 2 2 0 1 5294 5360 5295
10427 2 2 0 1 5361 5360 5295
10428 2 2 0 1 5295 5361 5296
10429 2 2 0 1 5362 5361 5296
10430 2 2 0 1 5296 5362 5297
10431 2 2 0 1 5363 5362 5297
10432 2 2 0 1 5297 5363 5298
10433 2 2 0 1 5364 5363 5298
10434 2 2 0 1 5298 5364 5299
10435 2 2 0 1 5365 5364 5299
10436 2 2 0 1 5299 5365 5300
10437 2 2 0 1 5366 5365 5300
10438 2 2 0 1 5300 5366 5301
10439 2 2 0 1 5367 5366 5301
10440 2 2 0 1 5301 5367 5302
10441 2 2 0 1 5368 5367 5302
10442 2 2 0 1 5302 5368 5303
10443 2 2 0 1 5369 5368 5303
10444 2 2 0 1 5303 5369 5304
10445 2 2 0 1 5370 5369 5304
10446 2 2 0 1 5304 5370 5305
10447 2 2 0 1 5371 5370 5305
10448 2 2 0 1 5305 5371 5306
10449 2 2 0 1 5372 5371 5306
10450 2 2 0 1 5306 5372 5307
10451 2 2 0 1 5373 5372 5307
10452 2 2 0 1 5307 5373 5308
10453 2 2 0 1 5374 5373 5308
10454 2 2 0 1 5308 5374 5309
10455 2 2 0 1 5375 5374 5309
10456 2 2 0 1 5309 5375 5310
10457 2 2 0 1 5311 5375 5310
10458 2 2 0 1 5375 5376 5311
10459 2 2 0 1 5312 5376 5311
10460 2 2 0 1 5376 5377 5312
10461 2 2 0 1 5313 5377 5312
10462 2 2 0 1 5377 5378 5313
10463 2 2 0 1 5314 5378 5313
10464 2 2 0 1 5378 5379 5314
10465 2 2 0 1 5315 5379 5314
10466 2 2 0 1 5379 5380 5315
10467 2 2 0 1 5316 5380 5315
10468 2 2 0 1 5380 5381 5316
10469 2 2 0 1 5317 5381 5316
10470 2 2 0 1 5381 5382 5317
10471 2 2 0 1 5318 5382 5317
10472 2 2 0 1 5382 5383 5318
10473 2 2 0 1 5319 5383 5318
10474 2 2 0 1 5383 5384 5319
10475 2 2 0 1 5320 5384 5319
10476 2 2 0 1 5384 5385 5320
10477 2 2 0 1 5321 5385 5320
10478 2 2 0 1 5385 5386 5321
10479 2 2 0 1 5322 5386 5321
10480 2 2 0 1 5386 5387 5322
10481 2 2 0 1 5323 5387 5322
10482 2 2 0 1 5387 5388 5323
10483 2 2 0 1 5324 5388 5323
10484 2 2 0 1 5388 5389 5324
10485 2 2 0 1 5325 5389 5324
10486 2 2 0 1 5389 5390 5325
10487 2 2 0 1 5326 5390 5325
10488 2 2 0 1 5390 5391 5326
10489 2 2 0 1 5327 5391 5326
10490 2 2 0 1 5391 5392 5327
10491 2 2 0 1 5328 5392 5327
10492 2 2 0 1 5392 5393 5328
10493 2 2 0 1 5329 5393 5328
10494 2 2 0 1 5393 5394 5329
10495 2 2 0 1 5330 5394 5329
10496 2 2 0 1 5394 5395 5330
10497 2 2 0 1 5396 5397 5332
10498 2 2 0 1 5332 5396 5331
10499 2 2 0 1 5398 5396 5331
10500 2 2 0 1 5331 5398 5333
10501 2 2 0 1 5399 5398 5333
10502 2 2 0 1 5333 5399 5334
10503 2 2 0 1 5400 5399 5334
10504 2 2 0 1 5334 5400 5335
10505 2 2 0 1 5401 5400 5335
10506 2 2 0 1 5335 5401 5336
10507 2 2 0 1 5402 5401 5336
10508 2 2 0 1 5336 5402 5337
10509 2 2 0 1 5403 5402 5337
10510 2 2 0 1 5337 5403 5338
10511 2 2 0 1 5404 5403 5338
10512 2 2 0 1 5338 5404 5339
10513 2 2 0 1 5405 5404 5339
10514 2 2 0 1 5339 5405 5340
10515 2 2 0 1 5406 5405 5340
10516 2 2 0 1 5340 5406 5341
10517 2 2 0 1 5407 5406 5341
10518 2 2 0 1 5341 5407 5342
10519 2 2 0 1 5408 5407 5342
10520 2 2 0 1 5342 5408 5343
10521 2 2 0 1 5409 5408 5343
10522 2 2 0 1 5343 5409 5344
10523 2 2 0 1 5410 5409 5344
10524 2 2 0 1 5344 5410 5345
10525 2 2 0 1 5411 5410 5345
10526 2 2 0 1 5345 5411 5346
10527 2 2 0 1 5412 5411 5346
10528 2 2 0 1 5346 5412 5347
10529 2 2 0 1 5413 5412 5347
10530 2 2 0 1 5347 5413 5348
10531 2 2 0 1 5414 5413 5348
10532 2 2 0 1 5348 5414 5349
10533 2 2 0 1 5415 5414 5349
10534 2 2 0 1 5349 5415 5350
10535 2 2 0 1 5416 5415 5350
10536 2 2 0 1 5350 5416 5351
10537 2 2 0 1 5417 5416 5351
10538 2 2 0 1 5351 5417 5352
10539 2 2 0 1 5418 5417 5352
10540 2 2 0 1 5352 5418 5353
10541 2 2 0 1 5419 5418 5353
10542 2 2 0 1 5353 5419 5354
10543 2 2 0 1 5420 5419 5354
10544 2 2 0 1 5354 5420 5355
10545 2 2 0 1 5421 5420 5355
10546 2 2 0 1 5355 5421 5356
10547 2 2 0 1 5422 5421 5356
10548 2 2 0 1 5356 5422 5357
10549 2 2 0 1 5423 5422 5357
10550 2 2 0 1 5357 5423 5358
10551 2 2 0 1 5424 5423 5358
10552 2 2 0 1 5358 5424 5359
10553 2 2 0 1 5425 5424 5359
10554 2 2 0 1 5359 5425 5360
10555 2 2 0 1 5426 5425 5360
10556 2 2 0 1 5360 5426 5361
10557 2 2 0 1 5427 5426 5361
10558 2 2 0 1 5361 5427 5362
10559 2 2 0 1 5428 5427 5362
10560 2 2 0 1 5362 5428 5363
10561 2 2 0 1 5429 5428 5363
10562 2 2 0 1 5363 5429 5364
10563 2 2 0 1 5430 5429 5364
10564 2 2 0 1 5364 5430 5365
10565 2 2 0 1 5431 5430 5365
10566 2 2 0 1 5365 5431 5366
10567 2 2 0 1 5432 5431 5366
10568 2 2 0 1 5366 5432 5367
10569 2 2 0 1 5433 5432 5367
10570 2 2 0 1 5367 5433 5368
10571 2 2 0 1 5434 5433 5368
10572 2 2 0 1 5368 5434 5369
10573 2 2 0 1 5435 5434 5369
10574 2 2 0 1 5369 5435 5370
10575 2 2 0 1 5436 5435 5370
10576 2 2 0 1 5370 5436 5371
10577 2 2 0 1 5372 5436 5371
10578 2 2 0 1 5436 5437 5372
10579 2 2 0 1 5438 5437 5372
10580 2 2 0 1 5372 5438 5373
10581 2 2 0 1 5439 5438 5373
10582 2 2 0 1 5373 5439 5374
10583 2 2 0 1 5375 5439 5374
10584 2 2 0 1 5439 5440 5375
10585 2 2 0 1 5376 5440 5375
10586 2 2 0 1 5440 5441 5376
10587 2 2 0 1 5377 5441 5376
10588 2 2 0 1 5441 5442 5377
10589 2 2 0 1 5378 5442 5377
10590 2 2 0 1 5442 5443 5378
10591 2 2 0 1 5379 5443 5378
10592 2 2 0 1 5443 5444 5379
10593 2 2 0 1 5380 5444 5379
10594 2 2 0 1 5444 5445 5380
10595 2 2 0 1 5381 5445 5380
10596 2 2 0 1 5445 5446 5381
10597 2 2 0 1 5382 5446 5381
10598 2 2 0 1 5446 5447 5382
10599 2 2 0 1 5383 5447 5382
10600 2 2 0 1 5447 5448 5383
10601 2 2 0 1 5384 5448 5383
10602 2 2 0 1 5448 5449 5384
10603 2 2 0 1 5385 5449 5384
10604 2 2 0 1 5449 5450 5385
10605 2 2 0 1 5386 5450 5385
10606 2 2 0 1 5450 5451 5386
10607 2 2 0 1 5387 5451 5386
10608 2 2 0 1 5451 5452 5387
10609 2 2 0 1 5388 5452 5387
10610 2 2 0 1 5452 5453 5388
10611 2 2 0 1 5389 5453 5388
10612 2 2 0 1 5453 5454 5389
10613 2 2 0 1 5390 5454 5389
10614 2 2 0 1 5454 5455 5390
10615 2 2 0 1 5391 5455 5390
10616 2 2 0 1 5455 5456 5391
10617 2 2 0 1 5392 5456 5391
10618 2 2 0 1 5456 5457 5392
10619 2 2 0 1 5393 5457 5392
10620 2 2 0 1 5457 5458 5393
10621 2 2 0 1 5394 5458 5393
10622 2 2 0 1 5458 5459 5394
10623 2 2 0 1 5395 5459 5394
10624 2 2 0 1 5459 5460 5395
10625 2 2 0 1 5461 5462 5397
10626 2 2 0 1 5397 5461 5396
10627 2 2 0 1 5463 5461 5396
10628 2 2 0 1 5396 5463 5398
10629 2 2 0 1 5464 5463 5398
10630 2 2 0 1 5398 5464 5399
10631 2 2 0 1 5465 5464 5399
10632 2 2 0 1 5399 5465 5400
10633 2 2 0 1 5466 5465 5400
10634 2 2 0 1 5400 5466 5401
10635 2 2 0 1 5467 5466 5401
10636 2 2 0 1 5401 5467 5402
10637 2 2 0 1 5468 5467 5402
10638 2 2 0 1 5402 5468 5403
10639 2 2 0 1 5469 5468 5403
10640 2 2 0 1 5403 5469 5404
10641 2 2 0 1 5470 5469 5404
10642 2 2 0 1 5404 5470 5405
10643 2 2 0 1 5471 5470 5405
10644 2 2 0 1 5405 5471 5406
10645 2 2 0 1 5472 5471 5406
10646 2 2 0 1 5406 5472 5407
10647 2 2 0 1 5473 5472 5407
10648 2 2 0 1 5407 5473 5408
10649 2 2 0 1 5474 5473 5408
10650 2 2 0 1 5408 5474 5409
10651 2 2 0 1 5475 5474 5409
10652 2 2 0 1 5409 5475 5410
10653 2 2 0 1 5476 5475 5410
10654 2 2 0 1 5410 5476 5411
10655 2 2 0 1 5477 5476 5411
10656 2 2 0 1 5411 5477 5412
10657 2 2 0 1 5478 5477 5412
10658 2 2 0 1 5412 5478 5413
10659 2 2 0 1 5479 5478 5413
10660 2 2 0 1 5413 5479 5414
10661 2 2 0 1 5480 5479 5414
10662 2 2 0 1 5414 5480 5415
10663 2 2 0 1 5481 5480 5415
10664 2 2 0 1 5415 5481 5416
10665 2 2 0 1 5482 5481 5416
10666 2 2 0 1 5416 5482 5417
10667 2 2 0 1 5483 5482 5417
10668 2 2 0 1 5417 5483 5418
10669 2 2 0 1 5484 5483 5418
10670 2 2 0 1 5418 5484 5419
10671 2 2 0 1 5485 5484 5419
10672 2 2 0 1 5419 5485 5420
10673 2 2 0 1 5486 5485 5420
10674 2 2 0 1 5420 5486 5421
10675 2 2 0 1 5487 5486 5421
10676 2 2 0 1 5421 5487 5422
10677 2 2 0 1 5488 5487 5422
10678 2 2 0 1 5422 5488 5423
10679 2 2 0 1 5489 5488 5423
10680 2 2 0 1 5423 5489 5424
10681 2 2 0 1 5490 5489 5424
10682 2 2 0 1 5424 5490 5425
10683 2 2 0 1 5491 5490 5425
10684 2 2 0 1 5425 5491 5426
10685 2 2 0 1 5492 5491 5426
10686 2 2 0 1 5426 5492 5427
10687 2 2 0 1 5493 5492 5427
10688 2 2 0 1 5427 5493 5428
10689 2 2 0 1 5494 5493 5428
10690 2 2 0 1 5428 5494 5429
10691 2 2 0 1 5495 5494 5429
10692 2 2 0 1 5429 5495 5430
10693 2 2 0 1 5496 5495 5430
10694 2 2 0 1 5430 5496 5431
10695 2 2 0 1 5497 5496 5431
10696 2 2 0 1 5431 5497 5432
10697 2 2 0 1 5498 5497 5432
10698 2 2 0 1 5432 5498 5433
10699 2 2 0 1 5499 5498 5433
10700 2 2 0 1 5433 5499 5434
10701 2 2 0 1 5500 5499 5434
10702 2 2 0 1 5434 5500 5435
10703 2 2 0 1 5501 5500 5435
10704 2 2 0 1 5435 5501 5436
10705 2 2 0 1 5437 5501 5436
10706 2 2 0 1 5501 5502 5437
10707 2 2 0 1 5438 5502 5437
10708 2 2 0 1 5502 5503 5438
10709 2 2 0 1 5439 5503 5438
10710 2 2 0 1 5503 5504 5439
10711 2 2 0 1 5440 5504 5439
10712 2 2 0 1 5504 5505 5440
10713 2 2 0 1 5441 5505 5440
10714 2 2 0 1 5505 5506 5441
10715 2 2 0 1 5442 5506 5441
10716 2 2 0 1 5506 5507 5442
10717 2 2 0 1 5443 5507 5442
10718 2 2 0 1 5507 5508 5443
10719 2 2 0 1 5444 5508 5443
10720 2 2 0 1 5508 5509 5444
10721 2 2 0 1 5445 5509 5444
10722 2 2 0 1 5509 5510 5445
10723 2 2 0 1 5446 5510 5445
10724 2 2 0 1 5510 5511 5446
10725 2 2 0 1 5447 5511 5446
10726 2 2 0 1 5511 5512 5447
10727 2 2 0 1 5448 5512 5447
10728 2 2 0 1 5512 5513 5448
10729 2 2 0 1 5449 5513 5448
10730 2 2 0 1 5513 5514 5449
10731 2 2 0 1 5450 5514 5449
10732 2 2 0 1 5514 5515 5450
10733 2 2 0 1 5451 5515 5450
10734 2 2 0 1 5515 5516 5451
10735 2 2 0 1 5452 5516 5451
10736 2 2 0 1 5516 5517 5452
10737 2 2 0 1 5453 5517 5452
10738 2 2 0 1 5517 5518 5453
10739 2 2 0 1 5454 5518 5453
10740 2 2 0 1 5518 5519 5454
10741 2 2 0 1 5455 5519 5454
10742 2 2 0 1 5519 5520 5455
10743 2 2 0 1 5456 5520 5455
10744 2 2 0 1 5520 5521 5456
10745 2 2 0 1 5457 5521 5456
10746 2 2 0 1 5521 5522 5457
10747 2 2 0 1 5458 5522 5457
10748 2 2 0 1 5522 5523 5458
10749 2 2 0 1 5459 5523 5458
10750 2 2 0 1 5523 5524 5459
10751 2 2 0 1 5460 5524 5459
10752 2 2 0 1 5524 5525 5460
10753 2 2 0 1 5526 5527 5462
10754 2 2 0 1 5462 5526 5461
10755 2 2 0 1 5528 5526 5461
10756 2 2 0 1 5461 5528 5463
10757 2 2 0 1 5529 5528 5463
10758 2 2 0 1 5463 5529 5464
10759 2 2 0 1 5530 5529 5464
10760 2 2 0 1 5464 5530 5465
10761 2 2 0 1 5531 5530 5465
10762 2 2 0 1 5465 5531 5466
10763 2 2 0 1 5532 5531 5466
10764 2 2 0 1 5466 5532 5467
10765 2 2 0 1 5533 5532 5467
10766 2 2 0 1 5467 5533 5468
10767 2 2 0 1 5534 5533 5468
10768 2 2 0 1 5468 5534 5469
10769 2 2 0 1 5535 5534 5469
10770 2 2 0 1 5469 5535 5470
10771 2 2 0 1 5536 5535 5470
10772 2 2 0 1 5470 5536 5471
10773 2 2 0 1 5537 5536 5471
10774 2 2 0 1 5471 5537 5472
10775 2 2 0 1 5538 5537 5472
10776 2 2 0 1 5472 5538 5473
10777 2 2 0 1 5539 5538 5473
10778 2 2 0 1 5473 5539 5474
10779 2 2 0 1 5540 5539 5474
10780 2 2 0 1 5474 5540 5475
10781 2 2 0 1 5541 5540 5475
10782 2 2 0 1 5475 5541 5476
10783 2 2 0 1 5542 5541 5476
10784 2 2 0 1 5476 5542 5477
10785 2 2 0 1 5543 5542 5477
10786 2 2 0 1 5477 5543 5478
10787 2 2 0 1 5544 5543 5478
10788 2 2 0 1 5478 5544 5479
10789 2 2 0 1 5545 5544 5479
10790 2 2 0 1 5479 5545 5480
10791 2 2 0 1 5546 5545 5480
10792 2 2 0 1 5480 5546 5481
10793 2 2 0 1 5547 5546 5481
10794 2 2 0 1 5481 5547 5482
10795 2 2 0 1 5548 5547 5482
10796 2 2 0 1 5482 5548 5483
10797 2 2 0 1 5549 5548 5483
10798 2 2 0 1 5483 5549 5484
10799 2 2 0 1 5550 5549 5484
10800 2 2 0 1 5484 5550 5485
10801 2 2 0 1 5551 5550 5485
10802 2 2 0 1 5485 5551 5486
10803 2 2 0 1 5552 5551 5486
10804 2 2 0 1 5486 5552 5487
10805 2 2 0 1 5553 5552 5487
10806 2 2 0 1 5487 5553 5488
10807 2 2 0 1 5554 5553 5488
10808 2 2 0 1 5488 5554 5489
10809 2 2 0 1 5555 5554 5489
10810 2 2 0 1 5489 5555 5490
10811 2 2 0 1 5556 5555 5490
10812 2 2 0 1 5490 5556 5491
10813 2 2 0 1 5557 5556 5491
10814 2 2 0 1 5491 5557 5492
10815 2 2 0 1 5558 5557 5492
10816 2 2 0 1 5492 5558 5493
10817 2 2 0 1 5559 5558 5493
10818 2 2 0 1 5493 5559 5494
10819 2 2 0 1 5560 5559 5494
10820 2 2 0 1 5494 5560 5495
10821 2 2 0 1 5561 5560 5495
10822 2 2 0 1 5495 5561 5496
10823 2 2 0 1 5562 5561 5496
10824 2 2 0 1 5496 5562 5497
10825 2 2 0 1 5563 5562 5497
10826 2 2 0 1 5497 5563 5498
10827 2 2 0 1 5564 5563 5498
10828 2 2 0 1 5498 5564 5499
10829 2 2 0 1 5500 5564 5499
10830 2 2 0 1 5564 5565 5500
10831 2 2 0 1 5501 5565 5500
10832 2 2 0 1 5565 5566 5501
10833 2 2 0 1 5502 5566 5501
10834 2 2 0 1 5566 5567 5502
10835 2 2 0 1 5503 5567 5502
10836 2 2 0 1 5567 5568 5503
10837 2 2 0 1 5504 5568 5503
10838 2 2 0 1 5568 5569 5504
10839 2 2 0 1 5505 5569 5504
10840 2 2 0 1 5569 5570 5505
10841 2 2 0 1 5506 5570 5505
10842 2 2 0 1 5570 5571 5506
10843 2 2 0 1 5507 5571 5506
10844 2 2 0 1 5571 5572 5507
10845 2 2 0 1 5508 5572 5507
10846 2 2 0 1 5572 5573 5508
10847 2 2 0 1 5509 5573 5508
10848 2 2 0 1 5573 5574 5509
10849 2 2 0 1 5510 5574 5509
10850 2 2 0 1 5574 5575 5510
10851 2 2 0 1 5511 5575 5510
10852 2 2 0 1 5575 5576 5511
10853 2 2 0 1 5512 5576 5511
10854 2 2 0 1 5576 5577 5512
10855 2 2 0 1 5513 5577 5512
10856 2 2 0 1 5577 5578 5513
10857 2 2 0 1 5514 5578 5513
10858 2 2 0 1 5578 5579 5514
10859 2 2 0 1 5515 5579 5514
10860 2 2 0 1 5579 5580 5515
10861 2 2 0 1 5516 5580 5515
10862 2 2 0 1 5580 5581 5516
10863 2 2 0 1 5517 5581 5516
10864 2 2 0 1 5581 5582 5517
10865 2 2 0 1 5518 5582 5517
10866 2 2 0 1 5582 5583 5518
10867 2 2 0 1 5519 5583 5518
10868 2 2 0 1 5583 5584 5519
10869 2 2 0 1 5520 5584 5519
10870 2 2 0 1 5584 5585 5520
10871 2 2 0 1 5521 5585 5520
10872 2 2 0 1 5585 5586 5521
10873 2 2 0 1 5522 5586 5521
10874 2 2 0 1 5586 5587 5522
10875 2 2 0 1 5523 5587 5522
10876 2 2 0 1 5587 5588 5523
10877 2 2 0 1 5524 5588 5523
10878 2 2 0 1 5588 5589 5524
10879 2 2 0 1 5525 5589 5524
10880 2 2 0 1 5589 5590 5525
10881 2 2 0 1 5591 5592 5527
10882 2 2 0 1 5527 5591 5526
10883 2 2 0 1 5593 5591 5526
10884 2 2 0 1 5526 5593 5528
10885 2 2 0 1 5594 5593 5528
10886 2 2 0 1 5528 5594 5529
10887 2 2 0 1 5595 5594 5529
10888 2 2 0 1 5529 5595 5530
10889 2 2 0 1 5596 5595 5530
10890 2 2 0 1 5530 5596 5531
10891 2 2 0 1 5597 5596 5531
10892 2 2 0 1 5531 5597 5532
10893 2 2 0 1 5598 5597 5532
10894 2 2 0 1 5532 5598 5533
10895 2 2 0 1 5599 5598 5533
10896 2 2 0 1 5533 5599 5534
10897 2 2 0 1 5600 5599 5534
10898 2 2 0 1 5534 5600 5535
10899 2 2 0 1 5601 5600 5535
10900 2 2 0 1 5535 5601 5536
10901 2 2 0 1 5602 5601 5536
10902 2 2 0 1 5536 5602 5537
10903 2 2 0 1 5603 5602 5537
10904 2 2 0 1 5537 5603 5538
10905 2 2 0 1 5604 5603 5538
10906 2 2 0 1 5538 5604 5539
10907 2 2 0 1 5605 5604 5539
10908 2 2 0 1 5539 5605 5540
10909 2 2 0 1 5606 5605 5540
10910 2 2 0 1 5540 5606 5541
10911 2 2 0 1 5607 5606 5541
10912 2 2 0 1 5541 5607 5542
10913 2 2 0 1 5608 5607 5542
10914 2 2 0 1 5542 5608 5543
10915 2 2 0 1 5609 5608 5543
10916 2 2 0 1 5543 5609 5544
10917 2 2 0 1 5610 5609 5544
10918 2 2 0 1 5544 5610 5545
10919 2 2 0 1 5611 5610 5545
10920 2 2 0 1 5545 5611 5546
10921 2 2 0 1 5612 5611 5546
10922 2 2 0 1 5546 5612 5547
10923 2 2 0 1 5613 5612 5547
10924 2 2 0 1 5547 5613 5548
10925 2 2 0 1 5614 5613 5548
10926 2 2 0 1 5548 5614 5549
10927 2 2 0 1 5615 5614 5549
10928 2 2 0 1 5549 5615 5550
10929 2 2 0 1 5616 5615 5550
10930 2 2 0 1 5550 5616 5551
10931 2 2 0 1 5617 5616 5551
10932 2 2 0 1 5551 5617 5552
10933 2 2 0 1 5618 5617 5552
10934 2 2 0 1 5552 5618 5553
10935 2 2 0 1 5619 5618 5553
10936 2 2 0 1 5553 5619 5554
10937 2 2 0 1 5620 5619 5554
10938 2 2 0 1 5554 5620 5555
10939 2 2 0 1 5621 5620 5555
10940 2 2 0 1 5555 5621 5556
10941 2 2 0 1 5622 5621 5556
10942 2 2 0 1 5556 5622 5557
10943 2 2 0 1 5623 5622 5557
10944 2 2 0 1 5557 5623 5558
10945 2 2 0 1 5624 5623 5558
10946 2 2 0 1 5558 5624 5559
10947 2 2 0 1 5625 5624 5559
10948 2 2 0 1 5559 5625 5560
10949 2 2 0 1 5626 5625 5560
10950 2 2 0 1 5560 5626 5561
10951 2 2 0 1 5562 5626 5561
10952 2 2 0 1 5626 5627 5562
10953 2 2 0 1 5628 5627 5562
10954 2 2 0 1 5562 5628 5563
10955 2 2 0 1 5564 5628 5563
10956 2 2 0 1 5628 5629 5564
10957 2 2 0 1 5565 5629 5564
10958 2 2 0 1 5629 5630 5565
10959 2 2 0 1 5566 5630 5565
10960 2 2 0 1 5630 5631 5566
10961 2 2 0 1 5567 5631 5566
10962 2 2 0 1 5631 5632 5567
10963 2 2 0 1 5568 5632 5567
10964 2 2 0 1 5632 5633 5568
10965 2 2 0 1 5569 5633 5568
10966 2 2 0 1 5633 5634 5569
10967 2 2 0 1 5570 5634 5569
10968 2 2 0 1 5634 5635 5570
10969 2 2 0 1 5571 5635 5570
10970 2 2 0 1 5635 5636 5571
10971 2 2 0 1 5572 5636 5571
10972 2 2 0 1 5636 5637 5572
10973 2 2 0 1 5573 5637 5572
10974 2 2 0 1 5637 5638 5573
10975 2 2 0 1 5574 5638 5573
10976 2 2 0 1 5638 5639 5574
10977 2 2 0 1 5575 5639 5574
10978 2 2 0 1 5639 5640 5575
10979 2 2 0 1 5576 5640 5575
10980 2 2 0 1 5640 5641 5576
10981 2 2 0 1 5577 5641 5576
10982 2 2 0 1 5641 5642 5577
10983 2 2 0 1 5578 5642 5577
10984 2 2 0 1 5642 5643 5578
10985 2 2 0 1 5579 5643 5578
10986 2 2 0 1 5643 5644 5579
10987 2 2 0 1 5580 5644 5579
10988 2 2 0 1 5644 5645 5580
10989 2 2 0 1 5581 5645 5580
10990 2 2 0 1 5645 5646 5581
10991 2 2 0 1 5582 5646 5581
10992 2 2 0 1 5646 5647 5582
10993 2 2 0 1 5583 5647 5582
10994 2 2 0 1 5647 5648 5583
10995 2 2 0 1 5584 5648 5583
10996 2 2 0 1 5648 5649 5584
10997 2 2 0 1 5585 5649 5584
10998 2 2 0 1 5649 5650 5585
10999 2 2 0 1 5586 5650 5585
11000 2 2 0 1 5650 5651 5586
11001 2 2 0 1 5587 5651 5586
11002 2 2 0 1 5651 5652 5587
11003 2 2 0 1 5588 5652 5587
11004 2 2 0 1 5652 5653 5588
11005 2 2 0 1 5589 5653 5588
11006 2 2 0 1 5653 5654 5589
11007 2 2 0 1 5590 5654 5589
11008 2 2 0 1 5654 5655 5590
11009 2 2 0 1 5656 5657 5592
11010 2 2 0 1 5592 5656 5591
11011 2 2 0 1 5658 5656 5591
11012 2 2 0 1 5591 5658 5593
11013 2 2 0 1 5659 5658 5593
11014 2 2 0 1 5593 5659 5594
11015 2 2 0 1 5660 5659 5594
11016 2 2 0 1 5594 5660 5595
11017 2 2 0 1 5661 5660 5595
11018 2 2 0 1 5595 5661 5596
11019 2 2 0 1 5662 5661 5596
11020 2 2 0 1 5596 5662 5597
11021 2 2 0 1 5663 5662 5597
11022 2 2 0 1 5597 5663 5598
11023 2 2 0 1 5664 5663 5598
11024 2 2 0 1 5598 5664 5599
11025 2 2 0 1 5665 5664 5599
11026 2 2 0 1 5599 5665 5600
11027 2 2 0 1 5666 5665 5600
11028 2 2 0 1 5600 5666 5601
11029 2 2 0 1 5667 5666 5601
11030 2 2 0 1 5601 5667 5602
11031 2 2 0 1 5668 5667 5602
11032 2 2 0 1 5602 5668 5603
11033 2 2 0 1 5669 5668 5603
11034 2 2 0 1 5603 5669 5604
11035 2 2 0 1 5670 5669 5604
11036 2 2 0 1 5604 5670 5605
11037 2 2 0 1 5671 5670 5605
11038 2 2 0 1 5605 5671 5606
11039 2 2 0 1 5672 5671 5606
11040 2 2 0 1 5606 5672 5607
11041 2 2 0 1 5673 5672 5607
11042 2 2 0 1 5607 5673 5608
11043 2 2 0 1 5674 5673 5608
11044 2 2 0 1 5608 5674 5609
11045 2 2 0 1 5675 5674 5609
11046 2 2 0 1 5609 5675 5610
11047 2 2 0 1 5676 5675 5610
11048 2 2 0 1 5610 5676 5611
11049 2 2 0 1 5677 5676 5611
11050 2 2 0 1 5611 5677 5612
11051 2 2 0 1 5678 5677 5612
11052 2 2 0 1 5612 5678 5613
11053 2 2 0 1 5679 5678 5613
11054 2 2 0 1 5613 5679 5614
11055 2 2 0 1 5680 5679 5614
11056 2 2 0 1 5614 5680 5615
11057 2 2 0 1 5681 5680 5615
11058 2 2 0 1 5615 5681 5616
11059 2 2 0 1 5682 5681 5616
11060 2 2 0 1 5616 5682 5617
11061 2 2 0 1 5683 5682 5617
11062 2 2 0 1 5617 5683 5618
11063 2 2 0 1 5684 5683 5618
11064 2 2 0 1 5618 5684 5619
11065 2 2 0 1 5685 5684 5619
11066 2 2 0 1 5619 5685 5620
11067 2 2 0 1 5686 5685 5620
11068 2 2 0 1 5620 5686 5621
11069 2 2 0 1 5687 5686 5621
11070 2 2 0 1 5621 5687 5622
11071 2 2 0 1 5688 5687 5622
11072 2 2 0 1 5622 5688 5623
11073 2 2 0 1 5689 5688 5623
11074 2 2 0 1 5623 5689 5624
11075 2 2 0 1 5625 5689 5624
11076 2 2 0 1 5689 5690 5625
11077 2 2 0 1 5626 5690 5625
11078 2 2 0 1 5690 5691 5626
11079 2 2 0 1 5627 5691 5626
11080 2 2 0 1 5691 5692 5627
11081 2 2 0 1 5628 5692 5627
11082 2 2 0 1 5692 5693 5628
11083 2 2 0 1 5629 5693 5628
11084 2 2 0 1 5693 5694 5629
11085 2 2 0 1 5630 5694 5629
11086 2 2 0 1 5694 5695 5630
11087 2 2 0 1 5631 5695 5630
11088 2 2 0 1 5695 5696 5631
11089 2 2 0 1 5632 5696 5631
11090 2 2 0 1 5696 5697 5632
11091 2 2 0 1 5633 5697 5632
11092 2 2 0 1 5697 5698 5633
11093 2 2 0 1 5634 5698 5633
11094 2 2 0 1 5698 5699 5634
11095 2 2 0 1 5635 5699 5634
11096 2 2 0 1 5699 5700 5635
11097 2 2 0 1 5636 5700 5635
11098 2 2 0 1 5700 5701 5636
11099 2 2 0 1 5637 5701 5636
11100 2 2 0 1 5701 5702 5637
11101 2 2 0 1 5638 5702 5637
11102 2 2 0 1 5702 5703 5638
11103 2 2 0 1 5639 5703 5638
11104 2 2 0 1 5703 5704 5639
11105 2 2 0 1 5640 5704 5639
11106 2 2 0 1 5704 5705 5640
11107 2 2 0 1 5641 5705 5640
11108 2 2 0 1 5705 5706 5641
11109 2 2 0 1 5642 5706 5641
11110 2 2 0 1 5706 5707 5642
11111 2 2 0 1 5643 5707 5642
11112 2 2 0 1 5707 5708 5643
11113 2 2 0 1 5644 5708 5643
11114 2 2 0 1 5708 5709 5644
11115 2 2 0 1 5645 5709 5644
11116 2 2 0 1 5709 5710 5645
11117 2 2 0 1 5646 5710 5645
11118 2 2 0 1 5710 5711 5646
11119 2 2 0 1 5647 5711 5646
11120 2 2 0 1 5711 5712 5647
11121 2 2 0 1 5648 5712 5647
11122 2 2 0 1 5712 5713 5648
11123 2 2 0 1 5649 5713 5648
11124 2 2 0 1 5713 5714 5649
11125 2 2 0 1 5650 5714 5649
11126 2 2 0 1 5714 5715 5650
11127 2 2 0 1 5651 5715 5650
11128 2 2 0 1 5715 5716 5651
11129 2 2 0 1 5652 5716 5651
11130 2 2 0 1 5716 5717 5652
11131 2 2 0 1 5653 5717 5652
11132 2 2 0 1 5717 5718 5653
11133 2 2 0 1 5654 5718 5653
11134 2 2 0 1 5718 5719 5654
11135 2 2 0 1 5655 5719 5654
11136 2 2 0 1 5719 5720 5655
11137 2 2 0 1 5721 5722 5657
11138 2 2 0 1 5657 5721 5656
11139 2 2 0 1 5723 5721 5656
11140 2 2 0 1 5656 5723 5658
11141 2 2 0 1 5724 5723 5658
11142 2 2 0 1 5658 5724 5659
11143 2 2 0 1 5725 5724 5659
11144 2 2 0 1 5659 5725 5660
11145 2 2 0 1 5726 5725 5660
11146 2 2 0 1 5660 5726 5661
11147 2 2 0 1 5727 5726 5661
11148 2 2 0 1 5661 5727 5662
11149 2 2 0 1 5728 5727 5662
11150 2 2 0 1 5662 5728 5663
11151 2 2 0 1 5729 5728 5663
11152 2 2 0 1 5663 5729 5664
11153 2 2 0 1 5730 5729 5664
11154 2 2 0 1 5664 5730 5665
11155 2 2 0 1 5731 5730 5665
11156 2 2 0 1 5665 5731 5666
11157 2 2 0 1 5732 5731 5666
11158 2 2 0 1 5666 5732 5667
11159 2 2 0 1 5733 5732 5667
11160 2 2 0 1 5667 5733 5668
11161 2 2 0 1 5734 5733 5668
11162 2 2 0 1 5668 5734 5669
11163 2 2 0 1 5735 5734 5669
11164 2 2 0 1 5669 5735 5670
11165 2 2 0 1 5736 5735 5670
11166 2 2 0 1 5670 5736 5671
11167 2 2 0 1 5737 5736 5671
11168 2 2 0 1 5671 5737 5672
11169 2 2 0 1 5738 5737 5672
11170 2 2 0 1 5672 5738 5673
11171 2 2 0 1 5739 5738 5673
11172 2 2 0 1 5673 5739 5674
11173 2 2 0 1 5740 5739 5674
11174 2 2 0 1 5674 5740 5675
11175 2 2 0 1 5741 5740 5675
11176 2 2 0 1 5675 5741 5676
11177 2 2 0 1 5742 5741 5676
11178 2 2 0 1 5676 5742 5677
11179 2 2 0 1 5743 5742 5677
11180 2 2 0 1 5677 5743 5678
11181 2 2 0 1 5744 5743 5678
11182 2 2 0 1 5678 5744 5679
11183 2 2 0 1 5745 5744 5679
11184 2 2 0 1 5679 5745 5680
11185 2 2 0 1 5746 5745 5680
11186 2 2 0 1 5680 5746 5681
11187 2 2 0 1 5747 5746 5681
11188 2 2 0 1 5681 5747 5682
11189 2 2 0 1 5748 5747 5682
11190 2 2 0 1 5682 5748 5683
11191 2 2 0 1 5749 5748 5683
11192 2 2 0 1 5683 5749 5684
11193 2 2 0 1 5750 5749 5684
11194 2 2 0 1 5684 5750 5685
11195 2 2 0 1 5751 5750 5685
11196 2 2 0 1 5685 5751 5686
11197 2 2 0 1 5752 5751 5686
11198 2 2 0 1 5686 5752 5687
11199 2 2 0 1 5688 5752 5687
11200 2 2 0 1 5752 5753 5688
11201 2 2 0 1 5689 5753 5688
11202 2 2 0 1 5753 5754 5689
11203 2 2 0 1 5690 5754 5689
11204 2 2 0 1 5754 5755 5690
11205 2 2 0 1 5691 5755 5690
11206 2 2 0 1 5755 5756 5691
11207 2 2 0 1 5692 5756 5691
11208 2 2 0 1 5756 5757 5692
11209 2 2 0 1 5693 5757 5692
11210 2 2 0 1 5757 5758 5693
11211 2 2 0 1 5694 5758 5693
11212 2 2 0 1 5758 5759 5694
11213 2 2 0 1 5695 5759 5694
11214 2 2 0 1 5759 5760 5695
11215 2 2 0 1 5696 5760 5695
11216 2 2 0 1 5760 5761 5696
11217 2 2 0 1 5697 5761 5696
11218 2 2 0 1 5761 5762 5697
11219 2 2 0 1 5698 5762 5697
11220 2 2 0 1 5762 5763 5698
11221 2 2 0 1 5699 5763 5698
11222 2 2 0 1 5763 5764 5699
11223 2 2 0 1 5700 5764 5699
11224 2 2 0 1 5764 5765 5700
11225 2 2 0 1 5701 5765 5700
11226 2 2 0 1 5765 5766 5701
11227 2 2 0 1 5702 5766 5701
11228 2 2 0 1 5766 5767 5702
11229 2 2 0 1 5703 5767 5702
11230 2 2 0 1 5767 5768 5703
11231 2 2 0 1 5704 5768 5703
11232 2 2 0 1 5768 5769 5704
11233 2 2 0 1 5705 5769 5704
11234 2 2 0 1 5769 5770 5705
11235 2 2 0 1 5706 5770 5705
11236 2 2 0 1 5770 5771 5706
11237 2 2 0 1 5707 5771 5706
11238 2 2 0 1 5771 5772 5707
11239 2 2 0 1 5708 5772 5707
11240 2 2 0 1 5772 5773 5708
11241 2 2 0 1 5709 5773 5708
11242 2 2 0 1 5773 5774 5709
11243 2 2 0 1 5710 5774 5709
11244 2 2 0 1 5774 5775 5710
11245 2 2 0 1 5711 5775 5710
11246 2 2 0 1 5775 5776 5711
11247 2 2 0 1 5712 5776 5711
11248 2 2 0 1 5776 5777 5712
11249 2 2 0 1 5713 5777 5712
11250 2 2 0 1 5777 5778 5713
11251 2 2 0 1 5714 5778 5713
11252 2 2 0 1 5778 5779 5714
11253 2 2 0 1 5715 5779 5714
11254 2 2 0 1 5779 5780 5715
11255 2 2 0 1 5716 5780 5715
11256 2 2 0 1 5780 5781 5716
11257 2 2 0 1 5717 5781 5716
11258 2 2 0 1 5781 5782 5717
11259 2 2 0 1 5718 5782 5717
11260 2 2 0 1 5782 5783 5718
11261 2 2 0 1 5719 5783 5718
11262 2 2 0 1 5783 5784 5719
11263 2 2 0 1 5720 5784 5719
11264 2 2 0 1 5784 5785 5720
11265 2 2 0 1 5786 5787 5722
11266 2 2 0 1 5722 5786 5721
11267 2 2 0 1 5788 5786 5721
11268 2 2 0 1 5721 5788 5723
11269 2 2 0 1 5789 5788 5723
11270 2 2 0 1 5723 5789 5724
11271 2 2 0 1 5790 5789 5724
11272 2 2 0 1 5724 5790 5725
11273 2 2 0 1 5791 5790 5725
11274 2 2 0 1 5725 5791 5726
11275 2 2 0 1 5792 5791 5726
11276 2 2 0 1 5726 5792 5727
11277 2 2 0 1 5793 5792 5727
11278 2 2 0 1 5727 5793 5728
11279 2 2 0 1 5794 5793 5728
11280 2 2 0 1 5728 5794 5729
11281 2 2 0 1 5795 5794 5729
11282 2 2 0 1 5729 5795 5730
11283 2 2 0 1 5796 5795 5730
11284 2 2 0 1 5730 5796 5731
11285 2 2 0 1 5797 5796 5731
11286 2 2 0 1 5731 5797 5732
11287 2 2 0 1 5798 5797 5732
11288 2 2 0 1 5732 5798 5733
11289 2 2 0 1 5799 5798 5733
11290 2 2 0 1 5733 5799 5734
11291 2 2 0 1 5800 5799 5734
11292 2 2 0 1 5734 5800 5735
11293 2 2 0 1 5801 5800 5735
11294 2 2 0 1 5735 5801 5736
11295 2 2 0 1 5802 5801 5736
11296 2 2 0 1 5736 5802 5737
11297 2 2 0 1 5803 5802 5737
11298 2 2 0 1 5737 5803 5738
11299 2 2 0 1 5804 5803 5738
11300 2 2 0 1 5738 5804 5739
11301 2 2 0 1 5805 5804 5739
11302 2 2 0 1 5739 5805 5740
11303 2 2 0 1 5806 5805 5740
11304 2 2 0 1 5740 5806 5741
11305 2 2 0 1 5807 5806 5741
11306 2 2 0 1 5741 5807 5742
11307 2 2 0 1 5808 5807 5742
11308 2 2 0 1 5742 5808 5743
11309 2 2 0 1 5809 5808 5743
11310 2 2 0 1 5743 5809 5744
11311 2 2 0 1 5810 5809 5744
11312 2 2 0 1 5744 5810 5745
11313 2 2 0 1 5811 5810 5745
11314 2 2 0 1 5745 5811 5746
11315 2 2 0 1 5812 5811 5746
11316 2 2 0 1 5746 5812 5747
11317 2 2 0 1 5813 5812 5747
11318 2 2 0 1 5747 5813 5748
11319 2 2 0 1 5814 5813 5748
11320 2 2 0 1 5748 5814 5749
11321 2 2 0 1 5750 5814 5749
11322 2 2 0 1 5814 5815 5750
11323 2 2 0 1 5751 5815 5750
11324 2 2 0 1 5815 5816 5751
11325 2 2 0 1 5752 5816 5751
11326 2 2 0 1 5816 5817 5752
11327 2 2 0 1 5753 5817 5752
11328 2 2 0 1 5817 5818 5753
11329 2 2 0 1 5754 5818 5753
11330 2 2 0 1 5818 5819 5754
11331 2 2 0 1 5755 5819 5754
11332 2 2 0 1 5819 5820 5755
11333 2 2 0 1 5756 5820 5755
11334 2 2 0 1 5820 5821 5756
11335 2 2 0 1 5757 5821 5756
11336 2 2 0 1 5821 5822 5757
11337 2 2 0 1 5758 5822 5757
11338 2 2 0 1 5822 5823 5758
11339 2 2 0 1 5759 5823 5758
11340 2 2 0 1 5823 5824 5759
11341 2 2 0 1 5760 5824 5759
11342 2 2 0 1 5824 5825 5760
11343 2 2 0 1 5761 5825 5760
11344 2 2 0 1 5825 5826 5761
11345 2 2 0 1 5762 5826 5761
11346 2 2 0 1 5826 5827 5762
11347 2 2 0 1 5763 5827 5762
11348 2 2 0 1 5827 5828 5763
11349 2 2 0 1 5764 5828 5763
11350 2 2 0 1 5828 5829 5764
11351 2 2 0 1 5765 5829 5764
11352 2 2 0 1 5829 5830 5765
11353 2 2 0 1 5766 5830 5765
11354 2 2 0 1 5830 5831 5766
11355 2 2 0 1 5767 5831 5766
11356 2 2 0 1 5831 5832 5767
11357 2 2 0 1 5768 5832 5767
11358 2 2 0 1 5832 5833 5768
11359 2 2 0 1 5769 5833 5768
11360 2 2 0 1 5833 5834 5769
11361 2 2 0 1 5770 5834 5769
11362 2 2 0 1 5834 5835 5770
11363 2 2 0 1 5771 5835 5770
11364 2 2 0 1 5835 5836 5771
11365 2 2 0 1 5772 5836 5771
11366 2 2 0 1 5836 5837 5772
11367 2 2 0 1 5773 5837 5772
11368 2 2 0 1 5837 5838 5773
11369 2 2 0 1 5774 5838 5773
11370 2 2 0 1 5838 5839 5774
11371 2 2 0 1 5775 5839 5774
11372 2 2 0 1 5839 5840 5775
11373 2 2 0 1 5776 5840 5775
11374 2 2 0 1 5840 5841 5776
11375 2 2 0 1 5777 5841 5776
11376 2 2 0 1 5841 5842 5777
11377 2 2 0 1 5778 5842 5777
11378 2 2 0 1 5842 5843 5778
11379 2 2 0 1 5779 5843 5778
11380 2 2 0 1 5843 5844 5779
11381 2 2 0 1 5780 5844 5779
11382 2 2 0 1 5844 5845 5780
11383 2 2 0 1 5781 5845 5780
11384 2 2 0 1 5845 5846 5781
11385 2 2 0 1 5782 5846 5781
11386 2 2 0 1 5846 5847 5782
11387 2 2 0 1 5783 5847 5782
11388 2 2 0 1 5847 5848 5783
11389 2 2 0 1 5784 5848 5783
11390 2 2 0 1 5848 5849 5784
11391 2 2 0 1 5785 5849 5784
11392 2 2 0 1 5849 5850 5785
11393 2 2 0 1 5851 5852 5787
11394 2 2 0 1 5787 5851 5786
11395 2 2 0 1 5853 5851 5786
11396 2 2 0 1 5786 5853 5788
11397 2 2 0 1 5854 5853 5788
11398 2 2 0 1 5788 5854 5789
11399 2 2 0 1 5855 5854 5789
11400 2 2 0 1 5789 5855 5790
11401 2 2 0 1 5856 5855 5790
11402 2 2 0 1 5790 5856 5791
11403 2 2 0 1 5857 5856 5791
11404 2 2 0 1 5791 5857 5792
11405 2 2 0 1 5858 5857 5792
11406 2 2 0 1 5792 5858 5793
11407 2 2 0 1 5859 5858 5793
11408 2 2 0 1 5793 5859 5794
11409 2 2 0 1 5860 5859 5794
11410 2 2 0 1 5794 5860 5795
11411 2 2 0 1 5861 5860 5795
11412 2 2 0 1 5795 5861 5796
11413 2 2 0 1 5862 5861 5796
11414 2 2 0 1 5796 5862 5797
11415 2 2 0 1 5863 5862 5797
11416 2 2 0 1 5797 5863 5798
11417 2 2 0 1 5864 5863 5798
11418 2 2 0 1 5798 5864 5799
11419 2 2 0 1 5865 5864 5799
11420 2 2 0 1 5799 5865 5800
11421 2 2 0 1 5866 5865 5800
11422 2 2 0 1 5800 5866 5801
11423 2 2 0 1 5867 5866 5801
11424 2 2 0 1 5801 5867 5802
11425 2 2 0 1 5868 5867 5802
11426 2 2 0 1 5802 5868 5803
11427 2 2 0 1 5869 5868 5803
11428 2 2 0 1 5803 5869 5804
11429 2 2 0 1 5870 5869 5804
11430 2 2 0 1 5804 5870 5805
11431 2 2 0 1 5871 5870 5805
11432 2 2 0 1 5805 5871 5806
11433 2 2 0 1 5872 5871 5806
11434 2 2 0 1 5806 5872 5807
11435 2 2 0 1 5873 5872 5807
11436 2 2 0 1 5807 5873 5808
11437 2 2 0 1 5874 5873 5808
11438 2 2 0 1 5808 5874 5809
11439 2 2 0 1 5875 5874 5809
11440 2 2 0 1 5809 5875 5810
11441 2 2 0 1 5876 5875 5810
11442 2 2 0 1 5810 5876 5811
11443 2 2 0 1 5877 5876 5811
11444 2 2 0 1 5811 5877 5812
11445 2 2 0 1 5878 5877 5812
11446 2 2 0 1 5812 5878 5813
11447 2 2 0 1 5879 5878 5813
11448 2 2 0 1 5813 5879 5814
11449 2 2 0 1 5815 5879 5814
11450 2 2 0 1 5879 5880 5815
11451 2 2 0 1 5816 5880 5815
11452 2 2 0 1 5880 5881 5816
11453 2 2 0 1 5817 5881 5816
11454 2 2 0 1 5881 5882 5817
11455 2 2 0 1 5818 5882 5817
11456 2 2 0 1 5882 5883 5818
11457 2 2 0 1 5819 5883 5818
11458 2 2 0 1 5883 5884 5819
11459 2 2 0 1 5820 5884 5819
11460 2 2 0 1 5884 5885 5820
11461 2 2 0 1 5821 5885 5820
11462 2 2 0 1 5885 5886 5821
11463 2 2 0 1 5822 5886 5821
11464 2 2 0 1 5886 5887 5822
11465 2 2 0 1 5823 5887 5822
11466 2 2 0 1 5887 5888 5823
11467 2 2 0 1 5824 5888 5823
11468 2 2 0 1 5888 5889 5824
11469 2 2 0 1 5825 5889 5824
11470 2 2 0 1 5889 5890 5825
11471 2 2 0 1 5826 5890 5825
11472 2 2 0 1 5890 5891 5826
11473 2 2 0 1 5827 5891 5826
11474 2 2 0 1 5891 5892 5827
11475 2 2 0 1 5828 5892 5827
11476 2 2 0 1 5892 5893 5828
11477 2 2 0 1 5829 5893 5828
11478 2 2 0 1 5893 5894 5829
11479 2 2 0 1 5830 5894 5829
11480 2 2 0 1 5894 5895 5830
11481 2 2 0 1 5831 5895 5830
11482 2 2 0 1 5895 5896 5831
11483 2 2 0 1 5832 5896 5831
11484 2 2 0 1 5896 5897 5832
11485 2 2 0 1 5833 5897 5832
11486 2 2 0 1 5897 5898 5833
11487 2 2 0 1 5834 5898 5833
11488 2 2 0 1 5898 5899 5834
11489 2 2 0 1 5835 5899 5834
11490 2 2 0 1 5899 5900 5835
11491 2 2 0 1 5836 5900 5835
11492 2 2 0 1 5900 5901 5836
11493 2 2 0 1 5837 5901 5836
11494 2 2 0 1 5901 5902 5837
11495 2 2 0 1 5838 5902 5837
11496 2 2 0 1 5902 5903 5838
11497 2 2 0 1 5839 5903 5838
11498 2 2 0 1 5903 5904 5839
11499 2 2 0 1 5840 5904 5839
11500 2 2 0 1 5904 5905 5840
11501 2 2 0 1 5841 5905 5840
11502 2 2 0 1 5905 5906 5841
11503 2 2 0 1 5842 5906 5841
11504 2 2 0 1 5906 5907 5842
11505 2 2 0 1 5843 5907 5842
11506 2 2 0 1 5907 5908 5843
11507 2 2 0 1 5844 5908 5843
11508 2 2 0 1 5908 5909 5844
11509 2 2 0 1 5845 5909 5844
11510 2 2 0 1 5909 5910 5845
11511 2 2 0 1 5846 5910 5845
11512 2 2 0 1 5910 5911 5846
11513 2 2 0 1 5847 5911 5846
11514 2 2 0 1 5911 5912 5847
11515 2 2 0 1 5848 5912 5847
11516 2 2 0 1 5912 5913 5848
11517 2 2 0 1 5849 5913 5848
11518 2 2 0 1 5913 5914 5849
11519 2 2 0 1 5850 5914 5849
11520 2 2 0 1 5914 5915 5850
11521 2 2 0 1 5916 5917 5852
11522 2 2 0 1 5852 5916 5851
11523 2 2 0 1 5918 5916 5851
11524 2 2 0 1 5851 5918 5853
11525 2 2 0 1 5919 5918 5853
11526 2 2 0 1 5853 5919 5854
11527 2 2 0 1 5920 5919 5854
11528 2 2 0 1 5854 5920 5855
11529 2 2 0 1 5921 5920 5855
11530 2 2 0 1 5855 5921 5856
11531 2 2 0 1 5922 5921 5856
11532 2 2 0 1 5856 5922 5857
11533 2 2 0 1 5923 5922 5857
11534 2 2 0 1 5857 5923 5858
11535 2 2 0 1 5924 5923 5858
11536 2 2 0 1 5858 5924 5859
11537 2 2 0 1 5925 5924 5859
11538 2 2 0 1 5859 5925 5860
11539 2 2 0 1 5926 5925 5860
11540 2 2 0 1 5860 5926 5861
11541 2 2 0 1 5927 5926 5861
11542 2 2 0 1 5861 5927 5862
11543 2 2 0 1 5928 5927 5862
11544 2 2 0 1 5862 5928 5863
11545 2 2 0 1 5929 5928 5863
11546 2 2 0 1 5863 5929 5864
11547 2 2 0 1 5930 5929 5864
11548 2 2 0 1 5864 5930 5865
11549 2 2 0 1 5931 5930 5865
11550 2 2 0 1 5865 5931 5866
11551 2 2 0 1 5932 5931 5866
11552 2 2 0 1 5866 5932 5867
11553 2 2 0 1 5933 5932 5867
11554 2 2 0 1 5867 5933 5868
11555 2 2 0 1 5934 5933 5868
11556 2 2 0 1 5868 5934 5869
11557 2 2 0 1 5935 5934 5869
11558 2 2 0 1 5869 5935 5870
11559 2 2 0 1 5936 5935 5870
11560 2 2 0 1 5870 5936 5871
11561 2 2 0 1 5937 5936 5871
11562 2 2 0 1 5871 5937 5872
11563 2 2 0 1 5938 5937 5872
11564 2 2 0 1 5872 5938 5873
11565 2 2 0 1 5939 5938 5873
11566 2 2 0 1 5873 5939 5874
11567 2 2 0 1 5940 5939 5874
11568 2 2 0 1 5874 5940 5875
11569 2 2 0 1 5941 5940 5875
11570 2 2 0 1 5875 5941 5876
11571 2 2 0 1 5942 5941 5876
11572 2 2 0 1 5876 5942 5877
11573 2 2 0 1 5943 5942 5877
11574 2 2 0 1 5877 5943 5878
11575 2 2 0 1 5944 5943 5878
11576 2 2 0 1 5878 5944 5879
11577 2 2 0 1 5880 5944 5879
11578 2 2 0 1 5944 5945 5880
11579 2 2 0 1 5946 5945 5880
11580 2 2 0 1 5880 5946 5881
11581 2 2 0 1 5882 5946 5881
11582 2 2 0 1 5946 5947 5882
11583 2 2 0 1 5883 5947 5882
11584 2 2 0 1 5947 5948 5883
11585 2 2 0 1 5884 5948 5883
11586 2 2 0 1 5948 5949 5884
11587 2 2 0 1 5885 5949 5884
11588 2 2 0 1 5949 5950 5885
11589 2 2 0 1 5886 5950 5885
11590 2 2 0 1 5950 5951 5886
11591 2 2 0 1 5887 5951 5886
11592 2 2 0 1 5951 5952 5887
11593 2 2 0 1 5888 5952 5887
11594 2 2 0 1 5952 5953 5888
11595 2 2 0 1 5889 5953 5888
11596 2 2 0 1 5953 5954 5889
11597 2 2 0 1 5890 5954 5889
11598 2 2 0 1 5954 5955 5890
11599 2 2 0 1 5891 5955 5890
11600 2 2 0 1 5955 5956 5891
11601 2 2 0 1 5892 5956 5891
11602 2 2 0 1 5956 5957 5892
11603 2 2 0 1 5893 5957 5892
11604 2 2 0 1 5957 5958 5893
11605 2 2 0 1 5894 5958 5893
11606 2 2 0 1 5958 5959 5894
11607 2 2 0 1 5895 5959 5894
11608 2 2 0 1 5959 5960 5895
11609 2 2 0 1 5896 5960 5895
11610 2 2 0 1 5960 5961 5896
11611 2 2 0 1 5897 5961 5896
11612 2 2 0 1 5961 5962 5897
11613 2 2 0 1 5898 5962 5897
11614 2 2 0 1 5962 5963 5898
11615 2 2 0 1 5899 5963 5898
11616 2 2 0 1 5963 5964 5899
11617 2 2 0 1 5900 5964 5899
11618 2 2 0 1 5964 5965 5900
11619 2 2 0 1 5901 5965 5900
11620 2 2 0 1 5965 5966 5901
11621 2 2 0 1 5902 5966 5901
11622 2 2 0 1 5966 5967 5902
11623 2 2 0 1 5903 5967 5902
11624 2 2 0 1 5967 5968 5903
11625 2 2 0 1 5904 5968 5903
11626 2 2 0 1 5968 5969 5904
11627 2 2 0 1 5905 5969 5904
11628 2 2 0 1 5969 5970 5905
11629 2 2 0 1 5906 5970 5905
11630 2 2 0 1 5970 5971 5906
11631 2 2 0 1 5907 5971 5906
11632 2 2 0 1 5971 5972 5907
11633 2 2 0 1 5908 5972 5907
11634 2 2 0 1 5972 5973 5908
11635 2 2 0 1 5909 5973 5908
11636 2 2 0 1 5973 5974 5909
11637 2 2 0 1 5910 5974 5909
11638 2 2 0 1 5974 5975 5910
11639 2 2 0 1 5911 5975 5910
11640 2 2 0 1 5975 5976 5911
11641 2 2 0 1 5912 5976 5911
11642 2 2 0 1 5976 5977 5912
11643 2 2 0 1 5913 5977 5912
11644 2 2 0 1 5977 5978 5913
11645 2 2 0 1 5914 5978 5913
11646 2 2 0 1 5978 5979 5914
11647 2 2 0 1 5915 5979 5914
11648 2 2 0 1 5979 5980 5915
11649 2 2 0 1 5981 5982 5917
11650 2 2 0 1 5917 5981 5916
11651 2 2 0 1 5983 5981 5916
11652 2 2 0 1 5916 5983 5918
11653 2 2 0 1 5984 5983 5918
11654 2 2 0 1 5918 5984 5919
11655 2 2 0 1 5985 5984 5919
11656 2 2 0 1 5919 5985 5920
11657 2 2 0 1 5986 5985 5920
11658 2 2 0 1 5920 5986 5921
11659 2 2 0 1 5987 5986 5921
11660 2 2 0 1 5921 5987 5922
11661 2 2 0 1 5988 5987 5922
11662 2 2 0 1 5922 5988 5923
11663 2 2 0 1 5989 5988 5923
11664 2 2 0 1 5923 5989 5924
11665 2 2 0 1 5990 5989 5924
11666 2 2 0 1 5924 5990 5925
11667 2 2 0 1 5991 5990 5925
11668 2 2 0 1 5925 5991 5926
11669 2 2 0 1 5992 5991 5926
11670 2 2 0 1 5926 5992 5927
11671 2 2 0 1 5993 5992 5927
11672 2 2 0 1 5927 5993 5928
11673 2 2 0 1 5994 5993 5928
11674 2 2 0 1 5928 5994 5929
11675 2 2 0 1 5995 5994 5929
11676 2 2 0 1 5929 5995 5930
11677 2 2 0 1 5996 5995 5930
11678 2 2 0 1 5930 5996 5931
11679 2 2 0 1 5997 5996 5931
11680 2 2 0 1 5931 5997 5932
11681 2 2 0 1 5998 5997 5932
11682 2 2 0 1 5932 5998 5933
11683 2 2 0 1 5999 5998 5933
11684 2 2 0 1 5933 5999 5934
11685 2 2 0 1 6000 5999 5934
11686 2 2 0 1 5934 6000 5935
11687 2 2 0 1 6001 6000 5935
11688 2 2 0 1 5935 6001 5936
11689 2 2 0 1 6002 6001 5936
11690 2 2 0 1 5936 6002 5937
11691 2 2 0 1 6003 6002 5937
11692 2 2 0 1 5937 6003 5938
11693 2 2 0 1 6004 6003 5938
11694 2 2 0 1 5938 6004 5939
11695 2 2 0 1 6005 6004 5939
11696 2 2 0 1 5939 6005 5940
11697 2 2 0 1 6006 6005 5940
11698 2 2 0 1 5940 6006 5941
11699 2 2 0 1 6007 6006 5941
11700 2 2 0 1 5941 6007 5942
11701 2 2 0 1 6008 6007 5942
11702 2 2 0 1 5942 6008 5943
11703 2 2 0 1 6009 6008 5943
11704 2 2 0 1 5943 6009 5944
11705 2 2 0 1 5945 6009 5944
11706 2 2 0 1 6009 6010 5945
11707 2 2 0 1 6011 6010 5945
11708 2 2 0 1 5945 6011 5946
11709 2 2 0 1 5947 6011 5946
11710 2 2 0 1 6011 6012 5947
11711 2 2 0 1 5948 6012 5947
11712 2 2 0 1 6012 6013 5948
11713 2 2 0 1 5949 6013 5948
11714 2 2 0 1 6013 6014 5949
11715 2 2 0 1 5950 6014 5949
11716 2 2 0 1 6014 6015 5950
11717 2 2 0 1 5951 6015 5950
11718 2 2 0 1 6015 6016 5951
11719 2 2 0 1 5952 6016 5951
11720 2 2 0 1 6016 6017 5952
11721 2 2 0 1 5953 6017 5952
11722 2 2 0 1 6017 6018 5953
11723 2 2 0 1 5954 6018 5953
11724 2 2 0 1 6018 6019 5954
11725 2 2 0 1 5955 6019 5954
11726 2 2 0 1 6019 6020 5955
11727 2 2 0 1 5956 6020 5955
11728 2 2 0 1 6020 6021 5956
11729 2 2 0 1 5957 6021 5956
11730 2 2 0 1 6021 6022 5957
11731 2 2 0 1 5958 6022 5957
11732 2 2 0 1 6022 6023 5958
11733 2 2 0 1 5959 6023 5958
11734 2 2 0 1 6023 6024 5959
11735 2 2 0 1 5960 6024 5959
11736 2 2 0 1 6024 6025 5960
11737 2 2 0 1 5961 6025 5960
11738 2 2 0 1 6025 6026 5961
11739 2 2 0 1 5962 6026 5961
11740 2 2 0 1 6026 6027 5962
11741 2 2 0 1 5963 6027 5962
11742 2 2 0 1 6027 6028 5963
11743 2 2 0 1 5964 6028 5963
11744 2 2 0 1 6028 6029 5964
11745 2 2 0 1 5965 6029 5964
11746 2 2 0 1 6029 6030 5965
11747 2 2 0 1 5966 6030 5965
11748 2 2 0 1 6030 6031 5966
11749 2 2 0 1 5967 6031 5966
11750 2 2 0 1 6031 6032 5967
11751 2 2 0 1 5968 6032 5967
11752 2 2 0 1 6032 6033 5968
11753 2 2 0 1 5969 6033 5968
11754 2 2 0 1 6033 6034 5969
11755 2 2 0 1 5970 6034 5969
11756 2 2 0 1 6034 6035 5970
11757 2 2 0 1 5971 6035 5970
11758 2 2 0 1 6035 6036 5971
11759 2 2 0 1 5972 6036 5971
11760 2 2 0 1 6036 6037 5972
11761 2 2 0 1 5973 6037 5972
11762 2 2 0 1 6037 6038 5973
11763 2 2 0 1 5974 6038 5973
11764 2 2 0 1 6038 6039 5974
11765 2 2 0 1 5975 6039 5974
11766 2 2 0 1 6039 6040 5975
11767 2 2 0 1 5976 6040 5975
11768 2 2 0 1 6040 6041 5976
11769 2 2 0 1 5977 6041 5976
11770 2 2 0 1 6041 6042 5977
11771 2 2 0 1 5978 6042 5977
11772 2 2 0 1 6042 6043 5978
11773 2 2 0 1 5979 6043 5978
11774 2 2 0 1 6043 6044 5979
11775 2 2 0 1 5980 6044 5979
11776 2 2 0 1 6044 6045 5980
11777 2 2 0 1 6046 6047 5982
11778 2 2 0 1 5982 6046 5981
11779 2 2 0 1 6048 6046 5981
11780 2 2 0 1 5981 6048 5983
11781 2 2 0 1 6049 6048 5983
11782 2 2 0 1 5983 6049 5984
11783 2 2 0 1 6050 6049 5984
11784 2 2 0 1 5984 6050 5985
11785 2 2 0 1 6051 6050 5985
11786 2 2 0 1 5985 6051 5986
11787 2 2 0 1 6052 6051 5986
11788 2 2 0 1 5986 6052 5987
11789 2 2 0 1 6053 6052 5987
11790 2 2 0 1 5987 6053 5988
11791 2 2 0 1 6054 6053 5988
11792 2 2 0 1 5988 6054 5989
11793 2 2 0 1 6055 6054 5989
11794 2 2 0 1 5989 6055 5990
11795 2 2 0 1 6056 6055 5990
11796 2 2 0 1 5990 6056 5991
11797 2 2 0 1 6057 6056 5991
11798 2 2 0 1 5991 6057 5992
11799 2 2 0 1 6058 6057 5992
11800 2 2 0 1 5992 6058 5993
11801 2 2 0 1 6059 6058 5993
11802 2 2 0 1 5993 6059 5994
11803 2 2 0 1 6060 6059 5994
11804 2 2 0 1 5994 6060 5995
11805 2 2 0 1 6061 6060 5995
11806 2 2 0 1 5995 6061 5996
11807 2 2 0 1 6062 6061 5996
11808 2 2 0 1 5996 6062 5997
11809 2 2 0 1 6063 6062 5997
11810 2 2 0 1 5997 6063 5998
11811 2 2 0 1 6064 6063 5998
11812 2 2 0 1 5998 6064 5999
11813 2 2 0 1 6065 6064 5999
11814 2 2 0 1 5999 6065 6000
11815 2 2 0 1 6066 6065 6000
11816 2 2 0 1 6000 6066 6001
11817 2 2 0 1 6067 6066 6001
11818 2 2 0 1 6001 6067 6002
11819 2 2 0 1 6068 6067 6002
11820 2 2 0 1 6002 6068 6003
11821 2 2 0 1 6069 6068 6003
11822 2 2 0 1 6003 6069 6004
11823 2 2 0 1 6070 6069 6004
11824 2 2 0 1 6004 6070 6005
11825 2 2 0 1 6071 6070 6005
11826 2 2 0 1 6005 6071 6006
11827 2 2 0 1 6072 6071 6006
11828 2 2 0 1 6006 6072 6007
11829 2 2 0 1 6073 6072 6007
11830 2 2 0 1 6007 6073 6008
11831 2 2 0 1 6074 6073 6008
11832 2 2 0 1 6008 6074 6009
11833 2 2 0 1 6010 6074 6009
11834 2 2 0 1 6074 6075 6010
11835 2 2 0 1 6076 6075 6010
11836 2 2 0 1 6010 6076 6011
11837 2 2 0 1 6012 6076 6011
11838 2 2 0 1 6076 6077 6012
11839 2 2 0 1 6013 6077 6012
11840 2 2 0 1 6077 6078 6013
11841 2 2 0 1 6014 6078 6013
11842 2 2 0 1 6078 6079 6014
11843 2 2 0 1 6015 6079 6014
11844 2 2 0 1 6079 6080 6015
11845 2 2 0 1 6016 6080 6015
11846 2 2 0 1 6080 6081 6016
11847 2 2 0 1 6017 6081 6016
11848 2 2 0 1 6081 6082 6017
11849 2 2 0 1 6018 6082 6017
11850 2 2 0 1 6082 6083 6018
11851 2 2 0 1 6019 6083 6018
11852 2 2 0 1 6083 6084 6019
11853 2 2 0 1 6020 6084 6019
11854 2 2 0 1 6084 6085 6020
11855 2 2 0 1 6021 6085 6020
11856 2 2 0 1 6085 6086 6021
11857 2 2 0 1 6022 6086 6021
11858 2 2 0 1 6086 6087 6022
11859 2 2 0 1 6023 6087 6022
11860 2 2 0 1 6087 6088 6023
11861 2 2 0 1 6024 6088 6023
11862 2 2 0 1 6088 6089 6024
11863 2 2 0 1 6025 6089 6024
11864 2 2 0 1 6089 6090 6025
11865 2 2 0 1 6026 6090 6025
11866 2 2 0 1 6090 6091 6026
11867 2 2 0 1 6027 6091 6026
11868 2 2 0 1 6091 6092 6027
11869 2 2 0 1 6028 6092 6027
11870 2 2 0 1 6092 6093 6028
11871 2 2 0 1 6029 6093 6028
11872 2 2 0 1 6093 6094 6029
11873 2 2 0 1 6030 6094 6029
11874 2 2 0 1 6094 6095 6030
11875 2 2 0 1 6031 6095 6030
11876 2 2 0 1 6095 6096 6031
11877 2 2 0 1 6032 6096 6031
11878 2 2 0 1 6096 6097 6032
11879 2 2 0 1 6033 6097 6032
11880 2 2 0 1 6097 6098 6033
11881 2 2 0 1 6034 6098 6033
11882 2 2 0 1 6098 6099 6034
11883 2 2 0 1 6035 6099 6034
11884 2 2 0 1 6099 6100 6035
11885 2 2 0 1 6036 6100 6035
11886 2 2 0 1 6100 6101 6036
11887 2 2 0 1 6037 6101 6036
11888 2 2 0 1 6101 6102 6037
11889 2 2 0 1 6038 6102 6037
11890 2 2 0 1 6102 6103 6038
11891 2 2 0 1 6039 6103 6038
11892 2 2 0 1 6103 6104 6039
11893 2 2 0 1 6040 6104 6039
11894 2 2 0 1 6104 6105 6040
11895 2 2 0 1 6041 6105 6040
11896 2 2 0 1 6105 6106 6041
11897 2 2 0 1 6042 6106 6041
11898 2 2 0 1 6106 6107 6042
11899 2 2 0 1 6043 6107 6042
11900 2 2 0 1 6107 6108 6043
11901 2 2 0 1 6044 6108 6043
11902 2 2 0 1 6108 6109 6044
11903 2 2 0 1 6045 6109 6044
11904 2 2 0 1 6109 6110 6045
11905 2 2 0 1 6111 6112 6047
11906 2 2 0 1 6047 6111 6046
11907 2 2 0 1 6113 6111 6046
11908 2 2 0 1 6046 6113 6048
11909 2 2 0 1 6114 6113 6048
11910 2 2 0 1 6048 6114 6049
11911 2 2 0 1 6115 6114 6049
11912 2 2 0 1 6049 6115 6050
11913 2 2 0 1 6116 6115 6050
11914 2 2 0 1 6050 6116 6051
11915 2 2 0 1 6117 6116 6051
11916 2 2 0 1 6051 6117 6052
11917 2 2 0 1 6118 6117 6052
11918 2 2 0 1 6052 6118 6053
11919 2 2 0 1 6119 6118 6053
11920 2 2 0 1 6053 6119 6054
11921 2 2 0 1 6120 6119 6054
11922 2 2 0 1 6054 6120 6055
11923 2 2 0 1 6121 6120 6055
11924 2 2 0 1 6055 6121 6056
11925 2 2 0 1 6122 6121 6056
11926 2 2 0 1 6056 6122 6057
11927 2 2 0 1 6123 6122 6057
11928 2 2 0 1 6057 6123 6058
11929 2 2 0 1 6124 6123 6058
11930 2 2 0 1 6058 6124 6059
11931 2 2 0 1 6125 6124 6059
11932 2 2 0 1 6059 6125 6060
11933 2 2 0 1 6126 6125 6060
11934 2 2 0 1 6060 6126 6061
11935 2 2 0 1 6127 6126 6061
11936 2 2 0 1 6061 6127 6062
11937 2 2 0 1 6128 6127 6062
11938 2 2 0 1 6062 6128 6063
11939 2 2 0 1 6129 6128 6063
11940 2 2 0 1 6063 6129 6064
11941 2 2 0 1 6130 6129 6064
11942 2 2 0 1 6064 6130 6065
11943 2 2 0 1 6131 6130 6065
11944 2 2 0 1 6065 6131 6066
11945 2 2 0 1 6132 6131 6066
11946 2 2 0 1 6066 6132 6067
11947 2 2 0 1 6133 6132 6067
11948 2 2 0 1 6067 6133 6068
11949 2 2 0 1 6134 6133 6068
11950 2 2 0 1 6068 6134 6069
11951 2 2 0 1 6135 6134 6069
11952 2 2 0 1 6069 6135 6070
11953 2 2 0 1 6136 6135 6070
11954 2 2 0 1 6070 6136 6071
11955 2 2 0 1 6137 6136 6071
11956 2 2 0 1 6071 6137 6072
11957 2 2 0 1 6138 6137 6072
11958 2 2 0 1 6072 6138 6073
11959 2 2 0 1 6074 6138 6073
11960 2 2 0 1 6138 6139 6074
11961 2 2 0 1 6075 6139 6074
11962 2 2 0 1 6139 6140 6075
11963 2 2 0 1 6141 6140 6075
11964 2 2 0 1 6075 6141 6076
11965 2 2 0 1 6077 6141 6076
11966 2 2 0 1 6141 6142 6077
11967 2 2 0 1 6078 6142 6077
11968 2 2 0 1 6142 6143 6078
11969 2 2 0 1 6079 6143 6078
11970 2 2 0 1 6143 6144 6079
11971 2 2 0 1 6080 6144 6079
11972 2 2 0 1 6144 6145 6080
11973 2 2 0 1 6081 6145 6080
11974 2 2 0 1 6145 6146 6081
11975 2 2 0 1 6082 6146 6081
11976 2 2 0 1 6146 6147 6082
11977 2 2 0 1 6083 6147 6082
11978 2 2 0 1 6147 6148 6083
11979 2 2 0 1 6084 6148 6083
11980 2 2 0 1 6148 6149 6084
11981 2 2 0 1 6085 6149 6084
11982 2 2 0 1 6149 6150 6085
11983 2 2 0 1 6086 6150 6085
11984 2 2 0 1 6150 6151 6086
11985 2 2 0 1 6087 6151 6086
11986 2 2 0 1 6151 6152 6087
11987 2 2 0 1 6088 6152 6087
11988 2 2 0 1 6152 6153 6088
11989 2 2 0 1 6089 6153 6088
11990 2 2 0 1 6153 6154 6089
11991 2 2 0 1 6090 6154 6089
11992 2 2 0 1 6154 6155 6090
11993 2 2 0 1 6091 6155 6090
11994 2 2 0 1 6155 6156 6091
11995 2 2 0 1 6092 6156 6091
11996 2 2 0 1 6156 6157 6092
11997 2 2 0 1 6093 6157 6092
11998 2 2 0 1 6157 6158 6093
11999 2 2 0 1 6094 6158 6093
12000 2 2 0 1 6158 6159 6094
12001 2 2 0 1 6095 6159 6094
12002 2 2 0 1 6159 6160 6095
12003 2 2 0 1 6096 6160 6095
12004 2 2 0 1 6160 6161 6096
12005 2 2 0 1 6097 6161 6096
12006 2 2 0 1 6161 6162 6097
12007 2 2 0 1 6098 6162 6097
12008 2 2 0 1 6162 6163 6098
12009 2 2 0 1 6099 6163 6098
12010 2 2 0 1 6163 6164 6099
12011 2 2 0 1 6100 6164 6099
12012 2 2 0 1 6164 6165 6100
12013 2 2 0 1 6101 6165 6100
12014 2 2 0 1 6165 6166 6101
12015 2 2 0 1 6102 6166 6101
12016 2 2 0 1 6166 6167 6102
12017 2 2 0 1 6103 6167 6102
12018 2 2 0 1 6167 6168 6103
12019 2 2 0 1 6104 6168 6103
12020 2 2 0 1 6168 6169 6104
12021 2 2 0 1 6105 6169 6104
12022 2 2 0 1 6169 6170 6105
12023 2 2 0 1 6106 6170 6105
12024 2 2 0 1 6170 6171 6106
12025 2 2 0 1 6107 6171 6106
12026 2 2 0 1 6171 6172 6107
12027 2 2 0 1 6108 6172 6107
12028 2 2 0 1 6172 6173 6108
12029 2 2 0 1 6109 6173 6108
12030 2 2 0 1 6173 6174 6109
12031 2 2 0 1 6110 6174 6109
12032 2 2 0 1 6174 6175 6110
12033 2 2 0 1 6176 6177 6112
12034 2 2 0 1 6112 6176 6111
12035 2 2 0 1 6178 6176 6111
12036 2 2 0 1 6111 6178 6113
12037 2 2 0 1 6179 6178 6113
12038 2 2 0 1 6113 6179 6114
12039 2 2 0 1 6180 6179 6114
12040 2 2 0 1 6114 6180 6115
12041 2 2 0 1 6181 6180 6115
12042 2 2 0 1 6115 6181 6116
12043 2 2 0 1 6182 6181 6116
12044 2 2 0 1 6116 6182 6117
12045 2 2 0 1 6183 6182 6117
12046 2 2 0 1 6117 6183 6118
12047 2 2 0 1 6184 6183 6118
12048 2 2 0 1 6118 6184 6119
12049 2 2 0 1 6185 6184 6119
12050 2 2 0 1 6119 6185 6120
12051 2 2 0 1 6186 6185 6120
12052 2 2 0 1 6120 6186 6121
12053 2 2 0 1 6187 6186 6121
12054 2 2 0 1 6121 6187 6122
12055 2 2 0 1 6188 6187 6122
12056 2 2 0 1 6122 6188 6123
12057 2 2 0 1 6189 6188 6123
12058 2 2 0 1 6123 6189 6124
12059 2 2 0 1 6190 6189 6124
12060 2 2 0 1 6124 6190 6125
12061 2 2 0 1 6191 6190 6125
12062 2 2 0 1 6125 6191 6126
12063 2 2 0 1 6192 6191 6126
12064 2 2 0 1 6126 6192 6127
12065 2 2 0 1 6193 6192 6127
12066 2 2 0 1 6127 6193 6128
12067 2 2 0 1 6194 6193 6128
12068 2 2 0 1 6128 6194 6129
12069 2 2 0 1 6195 6194 6129
12070 2 2 0 1 6129 6195 6130
12071 2 2 0 1 6196 6195 6130
12072 2 2 0 1 6130 6196 6131
12073 2 2 0 1 6197 6196 6131
12074 2 2 0 1 6131 6197 6132
12075 2 2 0 1 6198 6197 6132
12076 2 2 0 1 6132 6198 6133
12077 2 2 0 1 6199 6198 6133
12078 2 2 0 1 6133 6199 6134
12079 2 2 0 1 6200 6199 6134
12080 2 2 0 1 6134 6200 6135
12081 2 2 0 1 6201 6200 6135
12082 2 2 0 1 6135 6201 6136
12083 2 2 0 1 6202 6201 6136
12084 2 2 0 1 6136 6202 6137
12085 2 2 0 1 6203 6202 6137
12086 2 2 0 1 6137 6203 6138
12087 2 2 0 1 6139 6203 6138
12088 2 2 0 1 6203 6204 6139
12089 2 2 0 1 6140 6204 6139
12090 2 2 0 1 6204 6205 6140
12091 2 2 0 1 6206 6205 6140
12092 2 2 0 1 6140 6206 6141
12093 2 2 0 1 6142 6206 6141
12094 2 2 0 1 6206 6207 6142
12095 2 2 0 1 6143 6207 6142
12096 2 2 0 1 6207 6208 6143
12097 2 2 0 1 6144 6208 6143
12098 2 2 0 1 6208 6209 6144
12099 2 2 0 1 6145 6209 6144
12100 2 2 0 1 6209 6210 6145
12101 2 2 0 1 6146 6210 6145
12102 2 2 0 1 6210 6211 6146
12103 2 2 0 1 6147 6211 6146
12104 2 2 0 1 6211 6212 6147
12105 2 2 0 1 6148 6212 6147
12106 2 2 0 1 6212 6213 6148
12107 2 2 0 1 6149 6213 6148
12108 2 2 0 1 6213 6214 6149
12109 2 2 0 1 6150 6214 6149
12110 2 2 0 1 6214 6215 6150
12111 2 2 0 1 6151 6215 6150
12112 2 2 0 1 6215 6216 6151
12113 2 2 0 1 6152 6216 6151
12114 2 2 0 1 6216 6217 6152
12115 2 2 0 1 6153 6217 6152
12116 2 2 0 1 6217 6218 6153
12117 2 2 0 1 6154 6218 6153
12118 2 2 0 1 6218 6219 6154
12119 2 2 0 1 6155 6219 6154
12120 2 2 0 1 6219 6220 6155
12121 2 2 0 1 6156 6220 6155
12122 2 2 0 1 6220 6221 6156
12123 2 2 0 1 6157 6221 6156
12124 2 2 0 1 6221 6222 6157
12125 2 2 0 1 6158 6222 6157
12126 2 2 0 1 6222 6223 6158
12127 2 2 0 1 6159 6223 6158
12128 2 2 0 1 6223 6224 6159
12129 2 2 0 1 6160 6224 6159
12130 2 2 0 1 6224 6225 6160
12131 2 2 0 1 6161 6225 6160
12132 2 2 0 1 6225 6226 6161
12133 2 2 0 1 6162 6226 6161
12134 2 2 0 1 6226 6227 6162
12135 2 2 0 1 6163 6227 6162
12136 2 2 0 1 6227 6228 6163
12137 2 2 0 1 6164 6228 6163
12138 2 2 0 1 6228 6229 6164
12139 2 2 0 1 6165 6229 6164
12140 2 2 0 1 6229 6230 6165
12141 2 2 0 1 6166 6230 6165
12142 2 2 0 1 6230 6231 6166
12143 2 2 0 1 6167 6231 6166
12144 2 2 0 1 6231 6232 6167
12145 2 2 0 1 6168 6232 6167
12146 2 2 0 1 6232 6233 6168
12147 2 2 0 1 6169 6233 6168
12148 2 2 0 1 6233 6234 6169
12149 2 2 0 1 6170 6234 6169
12150 2 2 0 1 6234 6235 6170
12151 2 2 0 1 6171 6235 6170
12152 2 2 0 1 6235 6236 6171
12153 2 2 0 1 6172 6236 6171
12154 2 2 0 1 6236 6237 6172
12155 2 2 0 1 6173 6237 6172
12156 2 2 0 1 6237 6238 6173
12157 2 2 0 1 6174 6238 6173
12158 2 2 0 1 6238 6239 6174
12159 2 2 0 1 6175 6239 6174
12160 2 2 0 1 6239 6240 6175
12161 2 2 0 1 6241 6242 6177
12162 2 2 0 1 6177 6241 6176
12163 2 2 0 1 6243 6241 6176
12164 2 2 0 1 6176 6243 6178
12165 2 2 0 1 6244 6243 6178
12166 2 2 0 1 6178 6244 6179
12167 2 2 0 1 6245 6244 6179
12168 2 2 0 1 6179 6245 6180
12169 2 2 0 1 6246 6245 6180
12170 2 2 0 1 6180 6246 6181
12171 2 2 0 1 6247 6246 6181
12172 2 2 0 1 6181 6247 6182
12173 2 2 0 1 6248 6247 6182
12174 2 2 0 1 6182 6248 6183
12175 2 2 0 1 6249 6248 6183
12176 2 2 0 1 6183 6249 6184
12177 2 2 0 1 6250 6249 6184
12178 2 2 0 1 6184 6250 6185
12179 2 2 0 1 6251 6250 6185
12180 2 2 0 1 6185 6251 6186
12181 2 2 0 1 6252 6251 6186
12182 2 2 0 1 6186 6252 6187
12183 2 2 0 1 6253 6252 6187
12184 2 2 0 1 6187 6253 6188
12185 2 2 0 1 6254 6253 6188
12186 2 2 0 1 6188 6254 6189
12187 2 2 0 1 6255 6254 6189
12188 2 2 0 1 6189 6255 6190
12189 2 2 0 1 6256 6255 6190
12190 2 2 0 1 6190 6256 6191
12191 2 2 0 1 6257 6256 6191
12192 2 2 0 1 6191 6257 6192
12193 2 2 0 1 6258 6257 6192
12194 2 2 0 1 6192 6258 6193
12195 2 2 0 1 6259 6258 6193
12196 2 2 0 1 6193 6259 6194
12197 2 2 0 1 6260 6259 6194
12198 2 2 0 1 6194 6260 6195
12199 2 2 0 1 6261 6260 6195
12200 2 2 0 1 6195 6261 6196
12201 2 2 0 1 6262 6261 6196
12202 2 2 0 1 6196 6262 6197
12203 2 2 0 1 6263 6262 6197
12204 2 2 0 1 6197 6263 6198
12205 2 2 0 1 6264 6263 6198
12206 2 2 0 1 6198 6264 6199
12207 2 2 0 1 6265 6264 6199
12208 2 2 0 1 6199 6265 6200
12209 2 2 0 1 6266 6265 6200
12210 2 2 0 1 6200 6266 6201
12211 2 2 0 1 6267 6266 6201
12212 2 2 0 1 6201 6267 6202
12213 2 2 0 1 6268 6267 6202
12214 2 2 0 1 6202 6268 6203
12215 2 2 0 1 6204 6268 6203
12216 2 2 0 1 6268 6269 6204
12217 2 2 0 1 6205 6269 6204
12218 2 2 0 1 6269 6270 6205
12219 2 2 0 1 6271 6270 6205
12220 2 2 0 1 6205 6271 6206
12221 2 2 0 1 6207 6271 6206
12222 2 2 0 1 6271 6272 6207
12223 2 2 0 1 6208 6272 6207
12224 2 2 0 1 6272 6273 6208
12225 2 2 0 1 6209 6273 6208
12226 2 2 0 1 6273 6274 6209
12227 2 2 0 1 6210 6274 6209
12228 2 2 0 1 6274 6275 6210
12229 2 2 0 1 6211 6275 6210
12230 2 2 0 1 6275 6276 6211
12231 2 2 0 1 6212 6276 6211
12232 2 2 0 1 6276 6277 6212
12233 2 2 0 1 6213 6277 6212
12234 2 2 0 1 6277 6278 6213
12235 2 2 0 1 6214 6278 6213
12236 2 2 0 1 6278 6279 6214
12237 2 2 0 1 6215 6279 6214
12238 2 2 0 1 6279 6280 6215
12239 2 2 0 1 6216 6280 6215
12240 2 2 0 1 6280 6281 6216
12241 2 2 0 1 6217 6281 6216
12242 2 2 0 1 6281 6282 6217
12243 2 2 0 1 6218 6282 6217
12244 2 2 0 1 6282 6283 6218
12245 2 2 0 1 6219 6283 6218
12246 2 2 0 1 6283 6284 6219
12247 2 2 0 1 6220 6284 6219
12248 2 2 0 1 6284 6285 6220
12249 2 2 0 1 6221 6285 6220
12250 2 2 0 1 6285 6286 6221
12251 2 2 0 1 6222 6286 6221
12252 2 2 0 1 6286 6287 6222
12253 2 2 0 1 6223 6287 6222
12254 2 2 0 1 6287 6288 6223
12255 2 2 0 1 6224 6288 6223
12256 2 2 0 1 6288 6289 6224
12257 2 2 0 1 6225 6289 6224
12258 2 2 0 1 6289 6290 6225
12259 2 2 0 1 6226 6290 6225
12260 2 2 0 1 6290 6291 6226
12261 2 2 0 1 6227 6291 6226
12262 2 2 0 1 6291 6292 6227
12263 2 2 0 1 6228 6292 6227
12264 2 2 0 1 6292 6293 6228
12265 2 2 0 1 6229 6293 6228
12266 2 2 0 1 6293 6294 6229
12267 2 2 0 1 6230 6294 6229
12268 2 2 0 1 6294 6295 6230
12269 2 2 0 1 6231 6295 6230
12270 2 2 0 1 6295 6296 6231
12271 2 2 0 1 6232 6296 6231
12272 2 2 0 1 6296 6297 6232
12273 2 2 0 1 6233 6297 6232
12274 2 2 0 1 6297 6298 6233
12275 2 2 0 1 6234 6298 6233
12276 2 2 0 1 6298 6299 6234
12277 2 2 0 1 6235 6299 6234
12278 2 2 0 1 6299 6300 6235
12279 2 2 0 1 6236 6300 6235
12280 2 2 0 1 6300 6301 6236
12281 2 2 0 1 6237 6301 6236
12282 2 2 0 1 6301 6302 6237
12283 2 2 0 1 6238 6302 6237
12284 2 2 0 1 6302 6303 6238
12285 2 2 0 1 6239 6303 6238
12286 2 2 0 1 6303 6304 6239
12287 2 2 0 1 6240 6304 6239
12288 2 2 0 1 6304 6305 6240
12289 2 2 0 1 6306 6307 6242
12290 2 2 0 1 6242 6306 6241
12291 2 2 0 1 6308 6306 6241
12292 2 2 0 1 6241 6308 6243
12293 2 2 0 1 6309 6308 6243
12294 2 2 0 1 6243 6309 6244
12295 2 2 0 1 6310 6309 6244
12296 2 2 0 1 6244 6310 6245
12297 2 2 0 1 6311 6310 6245
12298 2 2 0 1 6245 6311 6246
12299 2 2 0 1 6312 6311 6246
12300 2 2 0 1 6246 6312 6247
12301 2 2 0 1 6313 6312 6247
12302 2 2 0 1 6247 6313 6248
12303 2 2 0 1 6314 6313 6248
12304 2 2 0 1 6248 6314 6249
12305 2 2 0 1 6315 6314 6249
12306 2 2 0 1 6249 6315 6250
12307 2 2 0 1 6316 6315 6250
12308 2 2 0 1 6250 6316 6251
12309 2 2 0 1 6317 6316 6251
12310 2 2 0 1 6251 6317 6252
12311 2 2 0 1 6318 6317 6252
12312 2 2 0 1 6252 6318 6253
12313 2 2 0 1 6319 6318 6253
12314 2 2 0 1 6253 6319 6254
12315 2 2 0 1 6320 6319 6254
12316 2 2 0 1 6254 6320 6255
12317 2 2 0 1 6321 6320 6255
12318 2 2 0 1 6255 6321 6256
12319 2 2 0 1 6322 6321 6256
12320 2 2 0 1 6256 6322 6257
12321 2 2 0 1 6323 6322 6257
12322 2 2 0 1 6257 6323 6258
12323 2 2 0 1 6324 6323 6258
12324 2 2 0 1 6258 6324 6259
12325 2 2 0 1 6325 6324 6259
12326 2 2 0 1 6259 6325 6260
12327 2 2 0 1 6326 6325 6260
12328 2 2 0 1 6260 6326 6261
12329 2 2 0 1 6327 6326 6261
12330 2 2 0 1 6261 6327 6262
12331 2 2 0 1 6328 6327 6262
12332 2 2 0 1 6262 6328 6263
12333 2 2 0 1 6329 6328 6263
12334 2 2 0 1 6263 6329 6264
12335 2 2 0 1 6330 6329 6264
12336 2 2 0 1 6264 6330 6265
12337 2 2 0 1 6266 6330 6265
12338 2 2 0 1 6330 6331 6266
12339 2 2 0 1 6332 6331 6266
12340 2 2 0 1 6266 6332 6267
12341 2 2 0 1 6333 6332 6267
12342 2 2 0 1 6267 6333 6268
12343 2 2 0 1 6269 6333 6268
12344 2 2 0 1 6333 6334 6269
12345 2 2 0 1 6270 6334 6269
12346 2 2 0 1 6334 6335 6270
12347 2 2 0 1 6336 6335 6270
12348 2 2 0 1 6270 6336 6271
12349 2 2 0 1 6272 6336 6271
12350 2 2 0 1 6336 6337 6272
12351 2 2 0 1 6273 6337 6272
12352 2 2 0 1 6337 6338 6273
12353 2 2 0 1 6274 6338 6273
12354 2 2 0 1 6338 6339 6274
12355 2 2 0 1 6275 6339 6274
12356 2 2 0 1 6339 6340 6275
12357 2 2 0 1 6276 6340 6275
12358 2 2 0 1 6340 6341 6276
12359 2 2 0 1 6277 6341 6276
12360 2 2 0 1 6341 6342 6277
12361 2 2 0 1 6278 6342 6277
12362 2 2 0 1 6342 6343 6278
12363 2 2 0 1 6279 6343 6278
12364 2 2 0 1 6343 6344 6279
12365 2 2 0 1 6280 6344 6279
12366 2 2 0 1 6344 6345 6280
12367 2 2 0 1 6281 6345 6280
12368 2 2 0 1 6345 6346 6281
12369 2 2 0 1 6282 6346 6281
12370 2 2 0 1 6346 6347 6282
12371 2 2 0 1 6283 6347 6282
12372 2 2 0 1 6347 6348 6283
12373 2 2 0 1 6284 6348 6283
12374 2 2 0 1 6348 6349 6284
12375 2 2 0 1 6285 6349 6284
12376 2 2 0 1 6349 6350 6285
12377 2 2 0 1 6286 6350 6285
12378 2 2 0 1 6350 6351 6286
12379 2 2 0 1 6287 6351 6286
12380 2 2 0 1 6351 6352 6287
12381 2 2 0 1 6288 6352 6287
12382 2 2 0 1 6352 6353 6288
12383 2 2 0 1 6289 6353 6288
12384 2 2 0 1 6353 6354 6289
12385 2 2 0 1 6290 6354 6289
12386 2 2 0 1 6354 6355 6290
12387 2 2 0 1 6291 6355 6290
12388 2 2 0 1 6355 6356 6291
12389 2 2 0 1 6292 6356 6291
12390 2 2 0 1 6356 6357 6292
12391 2 2 0 1 6293 6357 6292
12392 2 2 0 1 6357 6358 6293
12393 2 2 0 1 6294 6358 6293
12394 2 2 0 1 6358 6359 6294
12395 2 2 0 1 6295 6359 6294
12396 2 2 0 1 6359 6360 6295
12397 2 2 0 1 6296 6360 6295
12398 2 2 0 1 6360 6361 6296
12399 2 2 0 1 6297 6361 6296
12400 2 2 0 1 6361 6362 6297
12401 2 2 0 1 6298 6362 6297
12402 2 2 0 1 6362 6363 6298
12403 2 2 0 1 6299 6363 6298
12404 2 2 0 1 6363 6364 6299
12405 2 2 0 1 6300 6364 6299
12406 2 2 0 1 6364 6365 6300
12407 2 2 0 1 6301 6365 6300
12408 2 2 0 1 6365 6366 6301
12409 2 2 0 1 6302 6366 6301
12410 2 2 0 1 6366 6367 6302
12411 2 2 0 1 6303 6367 6302
12412 2 2 0 1 6367 6368 6303
12413 2 2 0 1 6304 6368 6303
12414 2 2 0 1 6368 6369 6304
12415 2 2 0 1 6305 6369 6304
12416 2 2 0 1 6369 6370 6305
12417 2 2 0 1 6306 6371 6307
12418 2 2 0 1 6371 6372 6306
12419 2 2 0 1 6308 6372 6306
12420 2 2 0 1 6372 6373 6308
12421 2 2 0 1 6309 6373 6308
12422 2 2 0 1 6373 6374 6309
12423 2 2 0 1 6375 6374 6309
12424 2 2 0 1 6309 6375 6310
12425 2 2 0 1 6376 6375 6310
12426 2 2 0 1 6310 6376 6311
12427 2 2 0 1 6377 6376 6311
12428 2 2 0 1 6311 6377 6312
12429 2 2 0 1 6378 6377 6312
12430 2 2 0 1 6312 6378 6313
12431 2 2 0 1 6379 6378 6313
12432 2 2 0 1 6313 6379 6314
12433 2 2 0 1 6380 6379 6314
12434 2 2 0 1 6314 6380 6315
12435 2 2 0 1 6381 6380 6315
12436 2 2 0 1 6315 6381 6316
12437 2 2 0 1 6382 6381 6316
12438 2 2 0 1 6316 6382 6317
12439 2 2 0 1 6383 6382 6317
12440 2 2 0 1 6317 6383 6318
12441 2 2 0 1 6384 6383 6318
12442 2 2 0 1 6318 6384 6319
12443 2 2 0 1 6385 6384 6319
12444 2 2 0 1 6319 6385 6320
12445 2 2 0 1 6386 6385 6320
12446 2 2 0 1 6320 6386 6321
12447 2 2 0 1 6387 6386 6321
12448 2 2 0 1 6321 6387 6322
12449 2 2 0 1 6388 6387 6322
12450 2 2 0 1 6322 6388 6323
12451 2 2 0 1 6389 6388 6323
12452 2 2 0 1 6323 6389 6324
12453 2 2 0 1 6390 6389 6324
12454 2 2 0 1 6324 6390 6325
12455 2 2 0 1 6391 6390 6325
12456 2 2 0 1 6325 6391 6326
12457 2 2 0 1 6392 6391 6326
12458 2 2 0 1 6326 6392 6327
12459 2 2 0 1 6393 6392 6327
12460 2 2 0 1 6327 6393 6328
12461 2 2 0 1 6394 6393 6328
12462 2 2 0 1 6328 6394 6329
12463 2 2 0 1 6395 6394 6329
12464 2 2 0 1 6329 6395 6330
12465 2 2 0 1 6331 6395 6330
12466 2 2 0 1 6395 6396 6331
12467 2 2 0 1 6397 6396 6331
12468 2 2 0 1 6331 6397 6332
12469 2 2 0 1 6398 6397 6332
12470 2 2 0 1 6332 6398 6333
12471 2 2 0 1 6334 6398 6333
12472 2 2 0 1 6398 6399 6334
12473 2 2 0 1 6335 6399 6334
12474 2 2 0 1 6399 6400 6335
12475 2 2 0 1 6401 6400 6335
12476 2 2 0 1 6335 6401 6336
12477 2 2 0 1 6337 6401 6336
12478 2 2 0 1 6401 6402 6337
12479 2 2 0 1 6338 6402 6337
12480 2 2 0 1 6402 6403 6338
12481 2 2 0 1 6339 6403 6338
12482 2 2 0 1 6403 6404 6339
12483 2 2 0 1 6340 6404 6339
12484 2 2 0 1 6404 6405 6340
12485 2 2 0 1 6341 6405 6340
12486 2 2 0 1 6405 6406 6341
12487 2 2 0 1 6342 6406 6341
12488 2 2 0 1 6406 6407 6342
12489 2 2 0 1 6343 6407 6342
12490 2 2 0 1 6407 6408 6343
12491 2 2 0 1 6344 6408 6343
12492 2 2 0 1 6408 6409 6344
12493 2 2 0 1 6345 6409 6344
12494 2 2 0 1 6409 6410 6345
12495 2 2 0 1 6346 6410 6345
12496 2 2 0 1 6410 6411 6346
12497 2 2 0 1 6347 6411 6346
12498 2 2 0 1 6411 6412 6347
12499 2 2 0 1 6348 6412 6347
12500 2 2 0 1 6412 6413 6348
12501 2 2 0 1 6349 6413 6348
12502 2 2 0 1 6413 6414 6349
12503 2 2 0 1 6350 6414 6349
12504 2 2 0 1 6414 6415 6350
12505 2 2 0 1 6351 6415 6350
12506 2 2 0 1 6415 6416 6351
12507 2 2 0 1 6352 6416 6351
12508 2 2 0 1 6416 6417 6352
12509 2 2 0 1 6353 6417 6352
12510 2 2 0 1 6417 6418 6353
12511 2 2 0 1 6354 6418 6353
12512 2 2 0 1 6418 6419 6354
12513 2 2 0 1 6355 6419 6354
12514 2 2 0 1 6419 6420 6355
12515 2 2 0 1 6356 6420 6355
12516 2 2 0 1 6420 6421 6356
12517 2 2 0 1 6357 6421 6356
12518 2 2 0 1 6421 6422 6357
12519 2 2 0 1 6358 6422 6357
12520 2 2 0 1 6422 6423 6358
12521 2 2 0 1 6359 6423 6358
12522 2 2 0 1 6423 6424 6359
12523 2 2 0 1 6360 6424 6359
12524 2 2 0 1 6424 6425 6360
12525 2 2 0 1 6361 6425 6360
12526 2 2 0 1 6425 6426 6361
12527 2 2 0 1 6362 6426 6361
12528 2 2 0 1 6426 6427 6362
12529 2 2 0 1 6363 6427 6362
12530 2 2 0 1 6427 6428 6363
12531 2 2 0 1 6364 6428 6363
12532 2 2 0 1 6428 6429 6364
12533 2 2 0 1 6365 6429 6364
12534 2 2 0 1 6429 6430 6365
12535 2 2 0 1 6366 6430 6365
12536 2 2 0 1 6430 6431 6366
12537 2 2 0 1 6367 6431 6366
12538 2 2 0 1 6431 6432 6367
12539 2 2 0 1 6368 6432 6367
12540 2 2 0 1 6432 6433 6368
12541 2 2 0 1 6369 6433 6368
12542 2 2 0 1 6433 6434 6369
12543 2 2 0 1 6370 6434 6369
12544 2 2 0 1 6434 6435 6370
12545 2 2 0 1 6372 6436 6371
12546 2 2 0 1 6436 6437 6372
12547 2 2 0 1 6373 6437 6372
12548 2 2 0 1 6437 6438 6373
12549 2 2 0 1 6374 6438 6373
12550 2 2 0 1 6438 6439 6374
12551 2 2 0 1 6440 6439 6374
12552 2 2 0 1 6374 6440 6375
12553 2 2 0 1 6441 6440 6375
12554 2 2 0 1 6375 6441 6376
12555 2 2 0 1 6442 6441 6376
12556 2 2 0 1 6376 6442 6377
12557 2 2 0 1 6443 6442 6377
12558 2 2 0 1 6377 6443 6378
12559 2 2 0 1 6444 6443 6378
12560 2 2 0 1 6378 6444 6379
12561 2 2 0 1 6445 6444 6379
12562 2 2 0 1 6379 6445 6380
12563 2 2 0 1 6446 6445 6380
12564 2 2 0 1 6380 6446 6381
12565 2 2 0 1 6447 6446 6381
12566 2 2 0 1 6381 6447 6382
12567 2 2 0 1 6448 6447 6382
12568 2 2 0 1 6382 6448 6383
12569 2 2 0 1 6449 6448 6383
12570 2 2 0 1 6383 6449 6384
12571 2 2 0 1 6450 6449 6384
12572 2 2 0 1 6384 6450 6385
12573 2 2 0 1 6451 6450 6385
12574 2 2 0 1 6385 6451 6386
12575 2 2 0 1 6452 6451 6386
12576 2 2 0 1 6386 6452 6387
12577 2 2 0 1 6453 6452 6387
12578 2 2 0 1 6387 6453 6388
12579 2 2 0 1 6454 6453 6388
12580 2 2 0 1 6388 6454 6389
12581 2 2 0 1 6455 6454 6389
12582 2 2 0 1 6389 6455 6390
12583 2 2 0 1 6456 6455 6390
12584 2 2 0 1 6390 6456 6391
12585 2 2 0 1 6457 6456 6391
12586 2 2 0 1 6391 6457 6392
12587 2 2 0 1 6458 6457 6392
12588 2 2 0 1 6392 6458 6393
12589 2 2 0 1 6459 6458 6393
12590 2 2 0 1 6393 6459 6394
12591 2 2 0 1 6460 6459 6394
12592 2 2 0 1 6394 6460 6395
12593 2 2 0 1 6396 6460 6395
12594 2 2 0 1 6460 6461 6396
12595 2 2 0 1 6462 6461 6396
12596 2 2 0 1 6396 6462 6397
12597 2 2 0 1 6463 6462 6397
12598 2 2 0 1 6397 6463 6398
12599 2 2 0 1 6399 6463 6398
12600 2 2 0 1 6463 6464 6399
12601 2 2 0 1 6400 6464 6399
12602 2 2 0 1 6464 6465 6400
12603 2 2 0 1 6466 6465 6400
12604 2 2 0 1 6400 6466 6401
12605 2 2 0 1 6402 6466 6401
12606 2 2 0 1 6466 6467 6402
12607 2 2 0 1 6403 6467 6402
12608 2 2 0 1 6467 6468 6403
12609 2 2 0 1 6404 6468 6403
12610 2 2 0 1 6468 6469 6404
12611 2 2 0 1 6405 6469 6404
12612 2 2 0 1 6469 6470 6405
12613 2 2 0 1 6406 6470 6405
12614 2 2 0 1 6470 6471 6406
12615 2 2 0 1 6407 6471 6406
12616 2 2 0 1 6471 6472 6407
12617 2 2 0 1 6408 6472 6407
12618 2 2 0 1 6472 6473 6408
12619 2 2 0 1 6409 6473 6408
12620 2 2 0 1 6473 6474 6409
12621 2 2 0 1 6410 6474 6409
12622 2 2 0 1 6474 6475 6410
12623 2 2 0 1 6411 6475 6410
12624 2 2 0 1 6475 6476 6411
12625 2 2 0 1 6412 6476 6411
12626 2 2 0 1 6476 6477 6412
12627 2 2 0 1 6413 6477 6412
12628 2 2 0 1 6477 6478 6413
12629 2 2 0 1 6414 6478 6413
12630 2 2 0 1 6478 6479 6414
12631 2 2 0 1 6415 6479 6414
12632 2 2 0 1 6479 6480 6415
12633 2 2 0 1 6416 6480 6415
12634 2 2 0 1 6480 6481 6416
12635 2 2 0 1 6417 6481 6416
12636 2 2 0 1 6481 6482 6417
12637 2 2 0 1 6418 6482 6417
12638 2 2 0 1 6482 6483 6418
12639 2 2 0 1 6419 6483 6418
12640 2 2 0 1 6483 6484 6419
12641 2 2 0 1 6420 6484 6419
12642 2 2 0 1 6484 6485 6420
12643 2 2 0 1 6421 6485 6420
12644 2 2 0 1 6485 6486 6421
12645 2 2 0 1 6422 6486 6421
12646 2 2 0 1 6486 6487 6422
12647 2 2 0 1 6423 6487 6422
12648 2 2 0 1 6487 6488 6423
12649 2 2 0 1 6424 6488 6423
12650 2 2 0 1 6488 6489 6424
12651 2 2 0 1 6425 6489 6424
12652 2 2 0 1 6489 6490 6425
12653 2 2 0 1 6426 6490 6425
12654 2 2 0 1 6490 6491 6426
12655 2 2 0 1 6427 6491 6426
12656 2 2 0 1 6491 6492 6427
12657 2 2 0 1 6428 6492 6427
12658 2 2 0 1 6492 6493 6428
12659 2 2 0 1 6429 6493 6428
12660 2 2 0 1 6493 6494 6429
12661 2 2 0 1 6430 6494 6429
12662 2 2 0 1 6494 6495 6430
12663 2 2 0 1 6431 6495 6430
12664 2 2 0 1 6495 6496 6431
12665 2 2 0 1 6432 6496 6431
12666 2 2 0 1 6496 6497 6432
12667 2 2 0 1 6433 6497 6432
12668 2 2 0 1 6497 6498 6433
12669 2 2 0 1 6434 6498 6433
12670 2 2 0 1 6498 6499 6434
12671 2 2 0 1 6435 6499 6434
12672 2 2 0 1 6499 6500 6435
12673 2 2 0 1 6437 6501 6436
12674 2 2 0 1 6501 6502 6437
12675 2 2 0 1 6438 6502 6437
12676 2 2 0 1 6502 6503 6438
12677 2 2 0 1 6439 6503 6438
12678 2 2 0 1 6503 6504 6439
12679 2 2 0 1 6505 6504 6439
12680 2 2 0 1 6439 6505 6440
12681 2 2 0 1 6506 6505 6440
12682 2 2 0 1 6440 6506 6441
12683 2 2 0 1 6507 6506 6441
12684 2 2 0 1 6441 6507 6442
12685 2 2 0 1 6508 6507 6442
12686 2 2 0 1 6442 6508 6443
12687 2 2 0 1 6509 6508 6443
12688 2 2 0 1 6443 6509 6444
12689 2 2 0 1 6510 6509 6444
12690 2 2 0 1 6444 6510 6445
12691 2 2 0 1 6511 6510 6445
12692 2 2 0 1 6445 6511 6446
12693 2 2 0 1 6512 6511 6446
12694 2 2 0 1 6446 6512 6447
12695 2 2 0 1 6513 6512 6447
12696 2 2 0 1 6447 6513 6448
12697 2 2 0 1 6514 6513 6448
12698 2 2 0 1 6448 6514 6449
12699 2 2 0 1 6515 6514 6449
12700 2 2 0 1 6449 6515 6450
12701 2 2 0 1 6516 6515 6450
12702 2 2 0 1 6450 6516 6451
12703 2 2 0 1 6517 6516 6451
12704 2 2 0 1 6451 6517 6452
12705 2 2 0 1 6518 6517 6452
12706 2 2 0 1 6452 6518 6453
12707 2 2 0 1 6519 6518 6453
12708 2 2 0 1 6453 6519 6454
12709 2 2 0 1 6520 6519 6454
12710 2 2 0 1 6454 6520 6455
12711 2 2 0 1 6521 6520 6455
12712 2 2 0 1 6455 6521 6456
12713 2 2 0 1 6522 6521 6456
12714 2 2 0 1 6456 6522 6457
12715 2 2 0 1 6523 6522 6457
12716 2 2 0 1 6457 6523 6458
12717 2 2 0 1 6524 6523 6458
12718 2 2 0 1 6458 6524 6459
12719 2 2 0 1 6525 6524 6459
12720 2 2 0 1 6459 6525 6460
12721 2 2 0 1 6461 6525 6460
12722 2 2 0 1 6525 6526 6461
12723 2 2 0 1 6527 6526 6461
12724 2 2 0 1 6461 6527 6462
12725 2 2 0 1 6528 6527 6462
12726 2 2 0 1 6462 6528 6463
12727 2 2 0 1 6464 6528 6463
12728 2 2 0 1 6528 6529 6464
12729 2 2 0 1 6465 6529 6464
12730 2 2 0 1 6529 6530 6465
12731 2 2 0 1 6531 6530 6465
12732 2 2 0 1 6465 6531 6466
12733 2 2 0 1 6467 6531 6466
12734 2 2 0 1 6531 6532 6467
12735 2 2 0 1 6468 6532 6467
12736 2 2 0 1 6532 6533 6468
12737 2 2 0 1 6469 6533 6468
12738 2 2 0 1 6533 6534 6469
12739 2 2 0 1 6470 6534 6469
12740 2 2 0 1 6534 6535 6470
12741 2 2 0 1 6471 6535 6470
12742 2 2 0 1 6535 6536 6471
12743 2 2 0 1 6472 6536 6471
12744 2 2 0 1 6536 6537 6472
12745 2 2 0 1 6473 6537 6472
12746 2 2 0 1 6537 6538 6473
12747 2 2 0 1 6474 6538 6473
12748 2 2 0 1 6538 6539 6474
12749 2 2 0 1 6475 6539 6474
12750 2 2 0 1 6539 6540 6475
12751 2 2 0 1 6476 6540 6475
12752 2 2 0 1 6540 6541 6476
12753 2 2 0 1 6477 6541 6476
12754 2 2 0 1 6541 6542 6477
12755 2 2 0 1 6478 6542 6477
12756 2 2 0 1 6542 6543 6478
12757 2 2 0 1 6479 6543 6478
12758 2 2 0 1 6543 6544 6479
12759 2 2 0 1 6480 6544 6479
12760 2 2 0 1 6544 6545 6480
12761 2 2 0 1 6481 6545 6480
12762 2 2 0 1 6545 6546 6481
12763 2 2 0 1 6482 6546 6481
12764 2 2 0 1 6546 6547 6482
12765 2 2 0 1 6483 6547 6482
12766 2 2 0 1 6547 6548 6483
12767 2 2 0 1 6484 6548 6483
12768 2 2 0 1 6548 6549 6484
12769 2 2 0 1 6485 6549 6484
12770 2 2 0 1 6549 6550 6485
12771 2 2 0 1 6486 6550 6485
12772 2 2 0 1 6550 6551 6486
12773 2 2 0 1 6487 6551 6486
12774 2 2 0 1 6551 6552 6487
12775 2 2 0 1 6488 6552 6487
12776 2 2 0 1 6552 6553 6488
12777 2 2 0 1 6489 6553 6488
12778 2 2 0 1 6553 6554 6489
12779 2 2 0 1 6490 6554 6489
12780 2 2 0 1 6554 6555 6490
12781 2 2 0 1 6491 6555 6490
12782 2 2 0 1 6555 6556 6491
12783 2 2 0 1 6492 6556 6491
12784 2 2 0 1 6556 6557 6492
12785 2 2 0 1 6493 6557 6492
12786 2 2 0 1 6557 6558 6493
12787 2 2 0 1 6494 6558 6493
12788 2 2 0 1 6558 6559 6494
12789 2 2 0 1 6495 6559 6494
12790 2 2 0 1 6559 6560 6495
12791 2 2 0 1 6496 6560 6495
12792 2 2 0 1 6560 6561 6496
12793 2 2 0 1 6497 6561 6496
12794 2 2 0 1 6561 6562 6497
12795 2 2 0 1 6498 6562 6497
12796 2 2 0 1 6562 6563 6498
12797 2 2 0 1 6564 6563 6498
12798 2 2 0 1 6498 6564 6499
12799 2 2 0 1 6565 6564 6499
12800 2 2 0 1 6499 6565 6500
12801 2 2 0 1 6502 6566 6501
12802 2 2 0 1 6566 6567 6502
12803 2 2 0 1 6503 6567 6502
12804 2 2 0 1 6567 6568 6503
12805 2 2 0 1 6504 6568 6503
12806 2 2 0 1 6568 6569 6504
12807 2 2 0 1 6570 6569 6504
12808 2 2 0 1 6504 6570 6505
12809 2 2 0 1 6571 6570 6505
12810 2 2 0 1 6505 6571 6506
12811 2 2 0 1 6572 6571 6506
12812 2 2 0 1 6506 6572 6507
12813 2 2 0 1 6573 6572 6507
12814 2 2 0 1 6507 6573 6508
12815 2 2 0 1 6574 6573 6508
12816 2 2 0 1 6508 6574 6509
12817 2 2 0 1 6575 6574 6509
12818 2 2 0 1 6509 6575 6510
12819 2 2 0 1 6576 6575 6510
12820 2 2 0 1 6510 6576 6511
12821 2 2 0 1 6577 6576 6511
12822 2 2 0 1 6511 6577 6512
12823 2 2 0 1 6578 6577 6512
12824 2 2 0 1 6512 6578 6513
12825 2 2 0 1 6579 6578 6513
12826 2 2 0 1 6513 6579 6514
12827 2 2 0 1 6580 6579 6514
12828 2 2 0 1 6514 6580 6515
12829 2 2 0 1 6581 6580 6515
12830 2 2 0 1 6515 6581 6516
12831 2 2 0 1 6582 6581 6516
12832 2 2 0 1 6516 6582 6517
12833 2 2 0 1 6518 6582 6517
12834 2 2 0 1 6582 6583 6518
12835 2 2 0 1 6584 6583 6518
12836 2 2 0 1 6518 6584 6519
12837 2 2 0 1 6585 6584 6519
12838 2 2 0 1 6519 6585 6520
12839 2 2 0 1 6586 6585 6520
12840 2 2 0 1 6520 6586 6521
12841 2 2 0 1 6587 6586 6521
12842 2 2 0 1 6521 6587 6522
12843 2 2 0 1 6588 6587 6522
12844 2 2 0 1 6522 6588 6523
12845 2 2 0 1 6589 6588 6523
12846 2 2 0 1 6523 6589 6524
12847 2 2 0 1 6590 6589 6524
12848 2 2 0 1 6524 6590 6525
12849 2 2 0 1 6526 6590 6525
12850 2 2 0 1 6590 6591 6526
12851 2 2 0 1 6592 6591 6526
12852 2 2 0 1 6526 6592 6527
12853 2 2 0 1 6593 6592 6527
12854 2 2 0 1 6527 6593 6528
12855 2 2 0 1 6529 6593 6528
12856 2 2 0 1 6593 6594 6529
12857 2 2 0 1 6530 6594 6529
12858 2 2 0 1 6594 6595 6530
12859 2 2 0 1 6596 6595 6530
12860 2 2 0 1 6530 6596 6531
12861 2 2 0 1 6532 6596 6531
12862 2 2 0 1 6596 6597 6532
12863 2 2 0 1 6533 6597 6532
12864 2 2 0 1 6597 6598 6533
12865 2 2 0 1 6534 6598 6533
12866 2 2 0 1 6598 6599 6534
12867 2 2 0 1 6535 6599 6534
12868 2 2 0 1 6599 6600 6535
12869 2 2 0 1 6536 6600 6535
12870 2 2 0 1 6600 6601 6536
12871 2 2 0 1 6537 6601 6536
12872 2 2 0 1 6601 6602 6537
12873 2 2 0 1 6538 6602 6537
12874 2 2 0 1 6602 6603 6538
12875 2 2 0 1 6539 6603 6538
12876 2 2 0 1 6603 6604 6539
12877 2 2 0 1 6540 6604 6539
12878 2 2 0 1 6604 6605 6540
12879 2 2 0 1 6541 6605 6540
12880 2 2 0 1 6605 6606 6541
12881 2 2 0 1 6542 6606 6541
12882 2 2 0 1 6606 6607 6542
12883 2 2 0 1 6543 6607 6542
12884 2 2 0 1 6607 6608 6543
12885 2 2 0 1 6544 6608 6543
12886 2 2 0 1 6608 6609 6544
12887 2 2 0 1 6545 6609 6544
12888 2 2 0 1 6609 6610 6545
12889 2 2 0 1 6546 6610 6545
12890 2 2 0 1 6610 6611 6546
12891 2 2 0 1 6547 6611 6546
12892 2 2 0 1 6611 6612 6547
12893 2 2 0 1 6548 6612 6547
12894 2 2 0 1 6612 6613 6548
12895 2 2 0 1 6549 6613 6548
12896 2 2 0 1 6613 6614 6549
12897 2 2 0 1 6550 6614 6549
12898 2 2 0 1 6614 6615 6550
12899 2 2 0 1 6551 6615 6550
12900 2 2 0 1 6615 6616 6551
12901 2 2 0 1 6552 6616 6551
12902 2 2 0 1 6616 6617 6552
12903 2 2 0 1 6553 6617 6552
12904 2 2 0 1 6617 6618 6553
12905 2 2 0 1 6554 6618 6553
12906 2 2 0 1 6618 6619 6554
12907 2 2 0 1 6555 6619 6554
12908 2 2 0 1 6619 6620 6555
12909 2 2 0 1 6556 6620 6555
12910 2 2 0 1 6620 6621 6556
12911 2 2 0 1 6557 6621 6556
12912 2 2 0 1 6621 6622 6557
12913 2 2 0 1 6558 6622 6557
12914 2 2 0 1 6622 6623 6558
12915 2 2 0 1 6559 6623 6558
12916 2 2 0 1 6623 6624 6559
12917 2 2 0 1 6560 6624 6559
12918 2 2 0 1 6624 6625 6560
12919 2 2 0 1 6561 6625 6560
12920 2 2 0 1 6625 6626 6561
12921 2 2 0 1 6627 6626 6561
12922 2 2 0 1 6561 6627 6562
12923 2 2 0 1 6563 6627 6562
12924 2 2 0 1 6627 6628 6563
12925 2 2 0 1 6564 6628 6563
12926 2 2 0 1 6628 6629 6564
12927 2 2 0 1 6565 6629 6564
12928 2 2 0 1 6629 6630 6565
12929 2 2 0 1 6567 6631 6566
12930 2 2 0 1 6631 6632 6567
12931 2 2 0 1 6568 6632 6567
12932 2 2 0 1 6632 6633 6568
12933 2 2 0 1 6569 6633 6568
12934 2 2 0 1 6633 6634 6569
12935 2 2 0 1 6635 6634 6569
12936 2 2 0 1 6569 6635 6570
12937 2 2 0 1 6636 6635 6570
12938 2 2 0 1 6570 6636 6571
12939 2 2 0 1 6637 6636 6571
12940 2 2 0 1 6571 6637 6572
12941 2 2 0 1 6638 6637 6572
12942 2 2 0 1 6572 6638 6573
12943 2 2 0 1 6639 6638 6573
12944 2 2 0 1 6573 6639 6574
12945 2 2 0 1 6640 6639 6574
12946 2 2 0 1 6574 6640 6575
12947 2 2 0 1 6576 6640 6575
12948 2 2 0 1 6640 6641 6576
12949 2 2 0 1 6577 6641 6576
12950 2 2 0 1 6641 6642 6577
12951 2 2 0 1 6643 6642 6577
12952 2 2 0 1 6577 6643 6578
12953 2 2 0 1 6644 6643 6578
12954 2 2 0 1 6578 6644 6579
12955 2 2 0 1 6645 6644 6579
12956 2 2 0 1 6579 6645 6580
12957 2 2 0 1 6646 6645 6580
12958 2 2 0 1 6580 6646 6581
12959 2 2 0 1 6647 6646 6581
12960 2 2 0 1 6581 6647 6582
12961 2 2 0 1 6583 6647 6582
12962 2 2 0 1 6647 6648 6583
12963 2 2 0 1 6649 6648 6583
12964 2 2 0 1 6583 6649 6584
12965 2 2 0 1 6650 6649 6584
12966 2 2 0 1 6584 6650 6585
12967 2 2 0 1 6651 6650 6585
12968 2 2 0 1 6585 6651 6586
12969 2 2 0 1 6587 6651 6586
12970 2 2 0 1 6651 6652 6587
12971 2 2 0 1 6653 6652 6587
12972 2 2 0 1 6587 6653 6588
12973 2 2 0 1 6654 6653 6588
12974 2 2 0 1 6588 6654 6589
12975 2 2 0 1 6655 6654 6589
12976 2 2 0 1 6589 6655 6590
12977 2 2 0 1 6591 6655 6590
12978 2 2 0 1 6655 6656 6591
12979 2 2 0 1 6657 6656 6591
12980 2 2 0 1 6591 6657 6592
12981 2 2 0 1 6658 6657 6592
12982 2 2 0 1 6592 6658 6593
12983 2 2 0 1 6594 6658 6593
12984 2 2 0 1 6658 6659 6594
12985 2 2 0 1 6595 6659 6594
12986 2 2 0 1 6659 6660 6595
12987 2 2 0 1 6661 6660 6595
12988 2 2 0 1 6595 6661 6596
12989 2 2 0 1 6662 6661 6596
12990 2 2 0 1 6596 6662 6597
12991 2 2 0 1 6598 6662 6597
12992 2 2 0 1 6662 6663 6598
12993 2 2 0 1 6599 6663 6598
12994 2 2 0 1 6663 6664 6599
12995 2 2 0 1 6665 6664 6599
12996 2 2 0 1 6599 6665 6600
12997 2 2 0 1 6601 6665 6600
12998 2 2 0 1 6665 6666 6601
12999 2 2 0 1 6602 6666 6601
13000 2 2 0 1 6666 6667 6602
13001 2 2 0 1 6668 6667 6602
13002 2 2 0 1 6602 6668 6603
13003 2 2 0 1 6604 6668 6603
13004 2 2 0 1 6668 6669 6604
13005 2 2 0 1 6605 6669 6604
13006 2 2 0 1 6669 6670 6605
13007 2 2 0 1 6606 6670 6605
13008 2 2 0 1 6670 6671 6606
13009 2 2 0 1 6607 6671 6606
13010 2 2 0 1 6671 6672 6607
13011 2 2 0 1 6608 6672 6607
13012 2 2 0 1 6672 6673 6608
13013 2 2 0 1 6609 6673 6608
13014 2 2 0 1 6673 6674 6609
13015 2 2 0 1 6610 6674 6609
13016 2 2 0 1 6674 6675 6610
13017 2 2 0 1 6611 6675 6610
13018 2 2 0 1 6675 6676 6611
13019 2 2 0 1 6612 6676 6611
13020 2 2 0 1 6676 6677 6612
13021 2 2 0 1 6613 6677 6612
13022 2 2 0 1 6677 6678 6613
13023 2 2 0 1 6614 6678 6613
13024 2 2 0 1 6678 6679 6614
13025 2 2 0 1 6615 6679 6614
13026 2 2 0 1 6679 6680 6615
13027 2 2 0 1 6616 6680 6615
13028 2 2 0 1 6680 6681 6616
13029 2 2 0 1 6617 6681 6616
13030 2 2 0 1 6681 6682 6617
13031 2 2 0 1 6618 6682 6617
13032 2 2 0 1 6682 6683 6618
13033 2 2 0 1 6619 6683 6618
13034 2 2 0 1 6683 6684 6619
13035 2 2 0 1 6685 6684 6619
13036 2 2 0 1 6619 6685 6620
13037 2 2 0 1 6686 6685 6620
13038 2 2 0 1 6620 6686 6621
13039 2 2 0 1 6687 6686 6621
13040 2 2 0 1 6621 6687 6622
13041 2 2 0 1 6688 6687 6622
13042 2 2 0 1 6622 6688 6623
13043 2 2 0 1 6689 6688 6623
13044 2 2 0 1 6623 6689 6624
13045 2 2 0 1 6690 6689 6624
13046 2 2 0 1 6624 6690 6625
13047 2 2 0 1 6691 6690 6625
13048 2 2 0 1 6625 6691 6626
13049 2 2 0 1 6692 6691 6626
13050 2 2 0 1 6626 6692 6627
13051 2 2 0 1 6693 6692 6627
13052 2 2 0 1 6627 6693 6628
13053 2 2 0 1 6694 6693 6628
13054 2 2 0 1 6628 6694 6629
13055 2 2 0 1 6630 6694 6629
13056 2 2 0 1 6694 6695 6630
13057 2 2 0 1 6632 6696 6631
13058 2 2 0 1 6696 6697 6632
13059 2 2 0 1 6633 6697 6632
13060 2 2 0 1 6697 6698 6633
13061 2 2 0 1 6634 6698 6633
13062 2 2 0 1 6698 6699 6634
13063 2 2 0 1 6700 6699 6634
13064 2 2 0 1 6634 6700 6635
13065 2 2 0 1 6701 6700 6635
13066 2 2 0 1 6635 6701 6636
13067 2 2 0 1 6702 6701 6636
13068 2 2 0 1 6636 6702 6637
13069 2 2 0 1 6703 6702 6637
13070 2 2 0 1 6637 6703 6638
13071 2 2 0 1 6704 6703 6638
13072 2 2 0 1 6638 6704 6639
13073 2 2 0 1 6705 6704 6639
13074 2 2 0 1 6639 6705 6640
13075 2 2 0 1 6641 6705 6640
13076 2 2 0 1 6705 6706 6641
13077 2 2 0 1 6642 6706 6641
13078 2 2 0 1 6706 6707 6642
13079 2 2 0 1 6708 6707 6642
13080 2 2 0 1 6642 6708 6643
13081 2 2 0 1 6709 6708 6643
13082 2 2 0 1 6643 6709 6644
13083 2 2 0 1 6710 6709 6644
13084 2 2 0 1 6644 6710 6645
13085 2 2 0 1 6711 6710 6645
13086 2 2 0 1 6645 6711 6646
13087 2 2 0 1 6712 6711 6646
13088 2 2 0 1 6646 6712 6647
13089 2 2 0 1 6648 6712 6647
13090 2 2 0 1 6712 6713 6648
13091 2 2 0 1 6714 6713 6648
13092 2 2 0 1 6648 6714 6649
13093 2 2 0 1 6715 6714 6649
13094 2 2 0 1 6649 6715 6650
13095 2 2 0 1 6716 6715 6650
13096 2 2 0 1 6650 6716 6651
13097 2 2 0 1 6717 6716 6651
13098 2 2 0 1 6651 6717 6652
13099 2 2 0 1 6718 6717 6652
13100 2 2 0 1 6652 6718 6653
13101 2 2 0 1 6719 6718 6653
13102 2 2 0 1 6653 6719 6654
13103 2 2 0 1 6720 6719 6654
13104 2 2 0 1 6654 6720 6655
13105 2 2 0 1 6656 6720 6655
13106 2 2 0 1 6720 6721 6656
13107 2 2 0 1 6722 6721 6656
13108 2 2 0 1 6656 6722 6657
13109 2 2 0 1 6723 6722 6657
13110 2 2 0 1 6657 6723 6658
13111 2 2 0 1 6724 6723 6658
13112 2 2 0 1 6658 6724 6659
13113 2 2 0 1 6725 6724 6659
13114 2 2 0 1 6659 6725 6660
13115 2 2 0 1 6726 6725 6660
13116 2 2 0 1 6660 6726 6661
13117 2 2 0 1 6727 6726 6661
13118 2 2 0 1 6661 6727 6662
13119 2 2 0 1 6728 6727 6662
13120 2 2 0 1 6662 6728 6663
13121 2 2 0 1 6729 6728 6663
13122 2 2 0 1 6663 6729 6664
13123 2 2 0 1 6730 6729 6664
13124 2 2 0 1 6664 6730 6665
13125 2 2 0 1 6731 6730 6665
13126 2 2 0 1 6665 6731 6666
13127 2 2 0 1 6732 6731 6666
13128 2 2 0 1 6666 6732 6667
13129 2 2 0 1 6733 6732 6667
13130 2 2 0 1 6667 6733 6668
13131 2 2 0 1 6734 6733 6668
13132 2 2 0 1 6668 6734 6669
13133 2 2 0 1 6735 6734 6669
13134 2 2 0 1 6669 6735 6670
13135 2 2 0 1 6736 6735 6670
13136 2 2 0 1 6670 6736 6671
13137 2 2 0 1 6737 6736 6671
13138 2 2 0 1 6671 6737 6672
13139 2 2 0 1 6738 6737 6672
13140 2 2 0 1 6672 6738 6673
13141 2 2 0 1 6674 6738 6673
13142 2 2 0 1 6738 6739 6674
13143 2 2 0 1 6740 6739 6674
13144 2 2 0 1 6674 6740 6675
13145 2 2 0 1 6741 6740 6675
13146 2 2 0 1 6675 6741 6676
13147 2 2 0 1 6677 6741 6676
13148 2 2 0 1 6741 6742 6677
13149 2 2 0 1 6678 6742 6677
13150 2 2 0 1 6742 6743 6678
13151 2 2 0 1 6679 6743 6678
13152 2 2 0 1 6743 6744 6679
13153 2 2 0 1 6680 6744 6679
13154 2 2 0 1 6744 6745 6680
13155 2 2 0 1 6681 6745 6680
13156 2 2 0 1 6745 6746 6681
13157 2 2 0 1 6682 6746 6681
13158 2 2 0 1 6746 6747 6682
13159 2 2 0 1 6683 6747 6682
13160 2 2 0 1 6747 6748 6683
13161 2 2 0 1 6684 6748 6683
13162 2 2 0 1 6748 6749 6684
13163 2 2 0 1 6685 6749 6684
13164 2 2 0 1 6749 6750 6685
13165 2 2 0 1 6686 6750 6685
13166 2 2 0 1 6750 6751 6686
13167 2 2 0 1 6687 6751 6686
13168 2 2 0 1 6751 6752 6687
13169 2 2 0 1 6688 6752 6687
13170 2 2 0 1 6752 6753 6688
13171 2 2 0 1 6754 6753 6688
13172 2 2 0 1 6688 6754 6689
13173 2 2 0 1 6755 6754 6689
13174 2 2 0 1 6689 6755 6690
13175 2 2 0 1 6756 6755 6690
13176 2 2 0 1 6690 6756 6691
13177 2 2 0 1 6757 6756 6691
13178 2 2 0 1 6691 6757 6692
13179 2 2 0 1 6758 6757 6692
13180 2 2 0 1 6692 6758 6693
13181 2 2 0 1 6694 6758 6693
13182 2 2 0 1 6758 6759 6694
13183 2 2 0 1 6695 6759 6694
13184 2 2 0 1 6759 6760 6695
13185 2 2 0 1 6697 6761 6696
13186 2 2 0 1 6761 6762 6697
13187 2 2 0 1 6698 6762 6697
13188 2 2 0 1 6762 6763 6698
13189 2 2 0 1 6699 6763 6698
13190 2 2 0 1 6763 6764 6699
13191 2 2 0 1 6765 6764 6699
13192 2 2 0 1 6699 6765 6700
13193 2 2 0 1 6766 6765 6700
13194 2 2 0 1 6700 6766 6701
13195 2 2 0 1 6767 6766 6701
13196 2 2 0 1 6701 6767 6702
13197 2 2 0 1 6768 6767 6702
13198 2 2 0 1 6702 6768 6703
13199 2 2 0 1 6704 6768 6703
13200 2 2 0 1 6768 6769 6704
13201 2 2 0 1 6705 6769 6704
13202 2 2 0 1 6769 6770 6705
13203 2 2 0 1 6706 6770 6705
13204 2 2 0 1 6770 6771 6706
13205 2 2 0 1 6707 6771 6706
13206 2 2 0 1 6771 6772 6707
13207 2 2 0 1 6708 6772 6707
13208 2 2 0 1 6772 6773 6708
13209 2 2 0 1 6774 6773 6708
13210 2 2 0 1 6708 6774 6709
13211 2 2 0 1 6775 6774 6709
13212 2 2 0 1 6709 6775 6710
13213 2 2 0 1 6711 6775 6710
13214 2 2 0 1 6775 6776 6711
13215 2 2 0 1 6712 6776 6711
13216 2 2 0 1 6776 6777 6712
13217 2 2 0 1 6713 6777 6712
13218 2 2 0 1 6777 6778 6713
13219 2 2 0 1 6779 6778 6713
13220 2 2 0 1 6713 6779 6714
13221 2 2 0 1 6715 6779 6714
13222 2 2 0 1 6779 6780 6715
13223 2 2 0 1 6716 6780 6715
13224 2 2 0 1 6780 6781 6716
13225 2 2 0 1 6717 6781 6716
13226 2 2 0 1 6781 6782 6717
13227 2 2 0 1 6718 6782 6717
13228 2 2 0 1 6782 6783 6718
13229 2 2 0 1 6784 6783 6718
13230 2 2 0 1 6718 6784 6719
13231 2 2 0 1 6720 6784 6719
13232 2 2 0 1 6784 6785 6720
13233 2 2 0 1 6721 6785 6720
13234 2 2 0 1 6785 6786 6721
13235 2 2 0 1 6722 6786 6721
13236 2 2 0 1 6786 6787 6722
13237 2 2 0 1 6723 6787 6722
13238 2 2 0 1 6787 6788 6723
13239 2 2 0 1 6724 6788 6723
13240 2 2 0 1 6788 6789 6724
13241 2 2 0 1 6725 6789 6724
13242 2 2 0 1 6789 6790 6725
13243 2 2 0 1 6791 6790 6725
13244 2 2 0 1 6725 6791 6726
13245 2 2 0 1 6727 6791 6726
13246 2 2 0 1 6791 6792 6727
13247 2 2 0 1 6728 6792 6727
13248 2 2 0 1 6792 6793 6728
13249 2 2 0 1 6729 6793 6728
13250 2 2 0 1 6793 6794 6729
13251 2 2 0 1 6730 6794 6729
13252 2 2 0 1 6794 6795 6730
13253 2 2 0 1 6731 6795 6730
13254 2 2 0 1 6795 6796 6731
13255 2 2 0 1 6732 6796 6731
13256 2 2 0 1 6796 6797 6732
13257 2 2 0 1 6733 6797 6732
13258 2 2 0 1 6797 6798 6733
13259 2 2 0 1 6734 6798 6733
13260 2 2 0 1 6798 6799 6734
13261 2 2 0 1 6735 6799 6734
13262 2 2 0 1 6799 6800 6735
13263 2 2 0 1 6736 6800 6735
13264 2 2 0 1 6800 6801 6736
13265 2 2 0 1 6737 6801 6736
13266 2 2 0 1 6801 6802 6737
13267 2 2 0 1 6738 6802 6737
13268 2 2 0 1 6802 6803 6738
13269 2 2 0 1 6739 6803 6738
13270 2 2 0 1 6803 6804 6739
13271 2 2 0 1 6740 6804 6739
13272 2 2 0 1 6804 6805 6740
13273 2 2 0 1 6741 6805 6740
13274 2 2 0 1 6805 6806 6741
13275 2 2 0 1 6742 6806 6741
13276 2 2 0 1 6806 6807 6742
13277 2 2 0 1 6743 6807 6742
13278 2 2 0 1 6807 6808 6743
13279 2 2 0 1 6744 6808 6743
13280 2 2 0 1 6808 6809 6744
13281 2 2 0 1 6745 6809 6744
13282 2 2 0 1 6809 6810 6745
13283 2 2 0 1 6746 6810 6745
13284 2 2 0 1 6810 6811 6746
13285 2 2 0 1 6747 6811 6746
13286 2 2 0 1 6811 6812 6747
13287 2 2 0 1 6748 6812 6747
13288 2 2 0 1 6812 6813 6748
13289 2 2 0 1 6814 6813 6748
13290 2 2 0 1 6748 6814 6749
13291 2 2 0 1 6815 6814 6749
13292 2 2 0 1 6749 6815 6750
13293 2 2 0 1 6816 6815 6750
13294 2 2 0 1 6750 6816 6751
13295 2 2 0 1 6817 6816 6751
13296 2 2 0 1 6751 6817 6752
13297 2 2 0 1 6818 6817 6752
13298 2 2 0 1 6752 6818 6753
13299 2 2 0 1 6819 6818 6753
13300 2 2 0 1 6753 6819 6754
13301 2 2 0 1 6820 6819 6754
13302 2 2 0 1 6754 6820 6755
13303 2 2 0 1 6821 6820 6755
13304 2 2 0 1 6755 6821 6756
13305 2 2 0 1 6822 6821 6756
13306 2 2 0 1 6756 6822 6757
13307 2 2 0 1 6823 6822 6757
13308 2 2 0 1 6757 6823 6758
13309 2 2 0 1 6824 6823 6758
13310 2 2 0 1 6758 6824 6759
13311 2 2 0 1 6825 6824 6759
13312 2 2 0 1 6759 6825 6760
13313 2 2 0 1 6762 6826 6761
13314 2 2 0 1 6826 6827 6762
13315 2 2 0 1 6763 6827 6762
13316 2 2 0 1 6827 6828 6763
13317 2 2 0 1 6764 6828 6763
13318 2 2 0 1 6828 6829 6764
13319 2 2 0 1 6765 6829 6764
13320 2 2 0 1 6829 6830 6765
13321 2 2 0 1 6831 6830 6765
13322 2 2 0 1 6765 6831 6766
13323 2 2 0 1 6832 6831 6766
13324 2 2 0 1 6766 6832 6767
13325 2 2 0 1 6833 6832 6767
13326 2 2 0 1 6767 6833 6768
13327 2 2 0 1 6769 6833 6768
13328 2 2 0 1 6833 6834 6769
13329 2 2 0 1 6770 6834 6769
13330 2 2 0 1 6834 6835 6770
13331 2 2 0 1 6771 6835 6770
13332 2 2 0 1 6835 6836 6771
13333 2 2 0 1 6772 6836 6771
13334 2 2 0 1 6836 6837 6772
13335 2 2 0 1 6773 6837 6772
13336 2 2 0 1 6837 6838 6773
13337 2 2 0 1 6839 6838 6773
13338 2 2 0 1 6773 6839 6774
13339 2 2 0 1 6840 6839 6774
13340 2 2 0 1 6774 6840 6775
13341 2 2 0 1 6776 6840 6775
13342 2 2 0 1 6840 6841 6776
13343 2 2 0 1 6777 6841 6776
13344 2 2 0 1 6841 6842 6777
13345 2 2 0 1 6778 6842 6777
13346 2 2 0 1 6842 6843 6778
13347 2 2 0 1 6844 6843 6778
13348 2 2 0 1 6778 6844 6779
13349 2 2 0 1 6780 6844 6779
13350 2 2 0 1 6844 6845 6780
13351 2 2 0 1 6781 6845 6780
13352 2 2 0 1 6845 6846 6781
13353 2 2 0 1 6782 6846 6781
13354 2 2 0 1 6846 6847 6782
13355 2 2 0 1 6783 6847 6782
13356 2 2 0 1 6847 6848 6783
13357 2 2 0 1 6849 6848 6783
13358 2 2 0 1 6783 6849 6784
13359 2 2 0 1 6785 6849 6784
13360 2 2 0 1 6849 6850 6785
13361 2 2 0 1 6786 6850 6785
13362 2 2 0 1 6850 6851 6786
13363 2 2 0 1 6787 6851 6786
13364 2 2 0 1 6851 6852 6787
13365 2 2 0 1 6853 6852 6787
13366 2 2 0 1 6787 6853 6788
13367 2 2 0 1 6789 6853 6788
13368 2 2 0 1 6853 6854 6789
13369 2 2 0 1 6790 6854 6789
13370 2 2 0 1 6854 6855 6790
13371 2 2 0 1 6856 6855 6790
13372 2 2 0 1 6790 6856 6791
13373 2 2 0 1 6792 6856 6791
13374 2 2 0 1 6856 6857 6792
13375 2 2 0 1 6793 6857 6792
13376 2 2 0 1 6857 6858 6793
13377 2 2 0 1 6794 6858 6793
13378 2 2 0 1 6858 6859 6794
13379 2 2 0 1 6860 6859 6794
13380 2 2 0 1 6794 6860 6795
13381 2 2 0 1 6796 6860 6795
13382 2 2 0 1 6860 6861 6796
13383 2 2 0 1 6797 6861 6796
13384 2 2 0 1 6861 6862 6797
13385 2 2 0 1 6863 6862 6797
13386 2 2 0 1 6797 6863 6798
13387 2 2 0 1 6864 6863 6798
13388 2 2 0 1 6798 6864 6799
13389 2 2 0 1 6865 6864 6799
13390 2 2 0 1 6799 6865 6800
13391 2 2 0 1 6866 6865 6800
13392 2 2 0 1 6800 6866 6801
13393 2 2 0 1 6867 6866 6801
13394 2 2 0 1 6801 6867 6802
13395 2 2 0 1 6803 6867 6802
13396 2 2 0 1 6867 6868 6803
13397 2 2 0 1 6804 6868 6803
13398 2 2 0 1 6868 6869 6804
13399 2 2 0 1 6805 6869 6804
13400 2 2 0 1 6869 6870 6805
13401 2 2 0 1 6806 6870 6805
13402 2 2 0 1 6870 6871 6806
13403 2 2 0 1 6807 6871 6806
13404 2 2 0 1 6871 6872 6807
13405 2 2 0 1 6808 6872 6807
13406 2 2 0 1 6872 6873 6808
13407 2 2 0 1 6874 6873 6808
13408 2 2 0 1 6808 6874 6809
13409 2 2 0 1 6875 6874 6809
13410 2 2 0 1 6809 6875 6810
13411 2 2 0 1 6876 6875 6810
13412 2 2 0 1 6810 6876 6811
13413 2 2 0 1 6877 6876 6811
13414 2 2 0 1 6811 6877 6812
13415 2 2 0 1 6878 6877 6812
13416 2 2 0 1 6812 6878 6813
13417 2 2 0 1 6879 6878 6813
13418 2 2 0 1 6813 6879 6814
13419 2 2 0 1 6880 6879 6814
13420 2 2 0 1 6814 6880 6815
13421 2 2 0 1 6881 6880 6815
13422 2 2 0 1 6815 6881 6816
13423 2 2 0 1 6882 6881 6816
13424 2 2 0 1 6816 6882 6817
13425 2 2 0 1 6883 6882 6817
13426 2 2 0 1 6817 6883 6818
13427 2 2 0 1 6884 6883 6818
13428 2 2 0 1 6818 6884 6819
13429 2 2 0 1 6885 6884 6819
13430 2 2 0 1 6819 6885 6820
13431 2 2 0 1 6886 6885 6820
13432 2 2 0 1 6820 6886 6821
13433 2 2 0 1 6887 6886 6821
13434 2 2 0 1 6821 6887 6822
13435 2 2 0 1 6888 6887 6822
13436 2 2 0 1 6822 6888 6823
13437 2 2 0 1 6889 6888 6823
13438 2 2 0 1 6823 6889 6824
13439 2 2 0 1 6890 6889 6824
13440 2 2 0 1 6824 6890 6825
13441 2 2 0 1 6827 6891 6826
13442 2 2 0 1 6891 6892 6827
13443 2 2 0 1 6828 6892 6827
13444 2 2 0 1 6892 6893 6828
13445 2 2 0 1 6829 6893 6828
13446 2 2 0 1 6893 6894 6829
13447 2 2 0 1 6830 6894 6829
13448 2 2 0 1 6894 6895 6830
13449 2 2 0 1 6896 6895 6830
13450 2 2 0 1 6830 6896 6831
13451 2 2 0 1 6897 6896 6831
13452 2 2 0 1 6831 6897 6832
13453 2 2 0 1 6898 6897 6832
13454 2 2 0 1 6832 6898 6833
13455 2 2 0 1 6834 6898 6833
13456 2 2 0 1 6898 6899 6834
13457 2 2 0 1 6835 6899 6834
13458 2 2 0 1 6899 6900 6835
13459 2 2 0 1 6836 6900 6835
13460 2 2 0 1 6900 6901 6836
13461 2 2 0 1 6837 6901 6836
13462 2 2 0 1 6901 6902 6837
13463 2 2 0 1 6838 6902 6837
13464 2 2 0 1 6902 6903 6838
13465 2 2 0 1 6904 6903 6838
13466 2 2 0 1 6838 6904 6839
13467 2 2 0 1 6905 6904 6839
13468 2 2 0 1 6839 6905 6840
13469 2 2 0 1 6841 6905 6840
13470 2 2 0 1 6905 6906 6841
13471 2 2 0 1 6842 6906 6841
13472 2 2 0 1 6906 6907 6842
13473 2 2 0 1 6843 6907 6842
13474 2 2 0 1 6907 6908 6843
13475 2 2 0 1 6909 6908 6843
13476 2 2 0 1 6843 6909 6844
13477 2 2 0 1 6845 6909 6844
13478 2 2 0 1 6909 6910 6845
13479 2 2 0 1 6846 6910 6845
13480 2 2 0 1 6910 6911 6846
13481 2 2 0 1 6847 6911 6846
13482 2 2 0 1 6911 6912 6847
13483 2 2 0 1 6848 6912 6847
13484 2 2 0 1 6912 6913 6848
13485 2 2 0 1 6914 6913 6848
13486 2 2 0 1 6848 6914 6849
13487 2 2 0 1 6850 6914 6849
13488 2 2 0 1 6914 6915 6850
13489 2 2 0 1 6851 6915 6850
13490 2 2 0 1 6915 6916 6851
13491 2 2 0 1 6852 6916 6851
13492 2 2 0 1 6916 6917 6852
13493 2 2 0 1 6918 6917 6852
13494 2 2 0 1 6852 6918 6853
13495 2 2 0 1 6854 6918 6853
13496 2 2 0 1 6918 6919 6854
13497 2 2 0 1 6855 6919 6854
13498 2 2 0 1 6919 6920 6855
13499 2 2 0 1 6921 6920 6855
13500 2 2 0 1 6855 6921 6856
13501 2 2 0 1 6857 6921 6856
13502 2 2 0 1 6921 6922 6857
13503 2 2 0 1 6858 6922 6857
13504 2 2 0 1 6922 6923 6858
13505 2 2 0 1 6859 6923 6858
13506 2 2 0 1 6923 6924 6859
13507 2 2 0 1 6925 6924 6859
13508 2 2 0 1 6859 6925 6860
13509 2 2 0 1 6926 6925 6860
13510 2 2 0 1 6860 6926 6861
13511 2 2 0 1 6862 6926 6861
13512 2 2 0 1 6926 6927 6862
13513 2 2 0 1 6928 6927 6862
13514 2 2 0 1 6862 6928 6863
13515 2 2 0 1 6929 6928 6863
13516 2 2 0 1 6863 6929 6864
13517 2 2 0 1 6930 6929 6864
13518 2 2 0 1 6864 6930 6865
13519 2 2 0 1 6931 6930 6865
13520 2 2 0 1 6865 6931 6866
13521 2 2 0 1 6932 6931 6866
13522 2 2 0 1 6866 6932 6867
13523 2 2 0 1 6933 6932 6867
13524 2 2 0 1 6867 6933 6868
13525 2 2 0 1 6869 6933 6868
13526 2 2 0 1 6933 6934 6869
13527 2 2 0 1 6870 6934 6869
13528 2 2 0 1 6934 6935 6870
13529 2 2 0 1 6936 6935 6870
13530 2 2 0 1 6870 6936 6871
13531 2 2 0 1 6937 6936 6871
13532 2 2 0 1 6871 6937 6872
13533 2 2 0 1 6938 6937 6872
13534 2 2 0 1 6872 6938 6873
13535 2 2 0 1 6939 6938 6873
13536 2 2 0 1 6873 6939 6874
13537 2 2 0 1 6940 6939 6874
13538 2 2 0 1 6874 6940 6875
13539 2 2 0 1 6941 6940 6875
13540 2 2 0 1 6875 6941 6876
13541 2 2 0 1 6942 6941 6876
13542 2 2 0 1 6876 6942 6877
13543 2 2 0 1 6943 6942 6877
13544 2 2 0 1 6877 6943 6878
13545 2 2 0 1 6944 6943 6878
13546 2 2 0 1 6878 6944 6879
13547 2 2 0 1 6945 6944 6879
13548 2 2 0 1 6879 6945 6880
13549 2 2 0 1 6946 6945 6880
13550 2 2 0 1 6880 6946 6881
13551 2 2 0 1 6947 6946 6881
13552 2 2 0 1 6881 6947 6882
13553 2 2 0 1 6948 6947 6882
13554 2 2 0 1 6882 6948 6883
13555 2 2 0 1 6949 6948 6883
13556 2 2 0 1 6883 6949 6884
13557 2 2 0 1 6950 6949 6884
13558 2 2 0 1 6884 6950 6885
13559 2 2 0 1 6951 6950 6885
13560 2 2 0 1 6885 6951 6886
13561 2 2 0 1 6952 6951 6886
13562 2 2 0 1 6886 6952 6887
13563 2 2 0 1 6953 6952 6887
13564 2 2 0 1 6887 6953 6888
13565 2 2 0 1 6954 6953 6888
13566 2 2 0 1 6888 6954 6889
13567 2 2 0 1 6955 6954 6889
13568 2 2 0 1 6889 6955 6890
13569 2 2 0 1 6892 6956 6891
13570 2 2 0 1 6956 6957 6892
13571 2 2 0 1 6893 6957 6892
13572 2 2 0 1 6957 6958 6893
13573 2 2 0 1 6894 6958 6893
13574 2 2 0 1 6958 6959 6894
13575 2 2 0 1 6895 6959 6894
13576 2 2 0 1 6959 6960 6895
13577 2 2 0 1 6961 6960 6895
13578 2 2 0 1 6895 6961 6896
13579 2 2 0 1 6962 6961 6896
13580 2 2 0 1 6896 6962 6897
13581 2 2 0 1 6898 6962 6897
13582 2 2 0 1 6962 6963 6898
13583 2 2 0 1 6899 6963 6898
13584 2 2 0 1 6963 6964 6899
13585 2 2 0 1 6900 6964 6899
13586 2 2 0 1 6964 6965 6900
13587 2 2 0 1 6901 6965 6900
13588 2 2 0 1 6965 6966 6901
13589 2 2 0 1 6902 6966 6901
13590 2 2 0 1 6966 6967 6902
13591 2 2 0 1 6903 6967 6902
13592 2 2 0 1 6967 6968 6903
13593 2 2 0 1 6969 6968 6903
13594 2 2 0 1 6903 6969 6904
13595 2 2 0 1 6970 6969 6904
13596 2 2 0 1 6904 6970 6905
13597 2 2 0 1 6906 6970 6905
13598 2 2 0 1 6970 6971 6906
13599 2 2 0 1 6907 6971 6906
13600 2 2 0 1 6971 6972 6907
13601 2 2 0 1 6908 6972 6907
13602 2 2 0 1 6972 6973 6908
13603 2 2 0 1 6974 6973 6908
13604 2 2 0 1 6908 6974 6909
13605 2 2 0 1 6910 6974 6909
13606 2 2 0 1 6974 6975 6910
13607 2 2 0 1 6911 6975 6910
13608 2 2 0 1 6975 6976 6911
13609 2 2 0 1 6912 6976 6911
13610 2 2 0 1 6976 6977 6912
13611 2 2 0 1 6913 6977 6912
13612 2 2 0 1 6977 6978 6913
13613 2 2 0 1 6979 6978 6913
13614 2 2 0 1 6913 6979 6914
13615 2 2 0 1 6915 6979 6914
13616 2 2 0 1 6979 6980 6915
13617 2 2 0 1 6916 6980 6915
13618 2 2 0 1 6980 6981 6916
13619 2 2 0 1 6982 6981 6916
13620 2 2 0 1 6916 6982 6917
13621 2 2 0 1 6983 6982 6917
13622 2 2 0 1 6917 6983 6918
13623 2 2 0 1 6919 6983 6918
13624 2 2 0 1 6983 6984 6919
13625 2 2 0 1 6920 6984 6919
13626 2 2 0 1 6984 6985 6920
13627 2 2 0 1 6986 6985 6920
13628 2 2 0 1 6920 6986 6921
13629 2 2 0 1 6987 6986 6921
13630 2 2 0 1 6921 6987 6922
13631 2 2 0 1 6923 6987 6922
13632 2 2 0 1 6987 6988 6923
13633 2 2 0 1 6989 6988 6923
13634 2 2 0 1 6923 6989 6924
13635 2 2 0 1 6990 6989 6924
13636 2 2 0 1 6924 6990 6925
13637 2 2 0 1 6991 6990 6925
13638 2 2 0 1 6925 6991 6926
13639 2 2 0 1 6992 6991 6926
13640 2 2 0 1 6926 6992 6927
13641 2 2 0 1 6993 6992 6927
13642 2 2 0 1 6927 6993 6928
13643 2 2 0 1 6994 6993 6928
13644 2 2 0 1 6928 6994 6929
13645 2 2 0 1 6995 6994 6929
13646 2 2 0 1 6929 6995 6930
13647 2 2 0 1 6996 6995 6930
13648 2 2 0 1 6930 6996 6931
13649 2 2 0 1 6997 6996 6931
13650 2 2 0 1 6931 6997 6932
13651 2 2 0 1 6998 6997 6932
13652 2 2 0 1 6932 6998 6933
13653 2 2 0 1 6999 6998 6933
13654 2 2 0 1 6933 6999 6934
13655 2 2 0 1 7000 6999 6934
13656 2 2 0 1 6934 7000 6935
13657 2 2 0 1 7001 7000 6935
13658 2 2 0 1 6935 7001 6936
13659 2 2 0 1 7002 7001 6936
13660 2 2 0 1 6936 7002 6937
13661 2 2 0 1 7003 7002 6937
13662 2 2 0 1 6937 7003 6938
13663 2 2 0 1 7004 7003 6938
13664 2 2 0 1 6938 7004 6939
13665 2 2 0 1 7005 7004 6939
13666 2 2 0 1 6939 7005 6940
13667 2 2 0 1 7006 7005 6940
13668 2 2 0 1 6940 7006 6941
13669 2 2 0 1 7007 7006 6941
13670 2 2 0 1 6941 7007 6942
13671 2 2 0 1 7008 7007 6942
13672 2 2 0 1 6942 7008 6943
13673 2 2 0 1 7009 7008 6943
13674 2 2 0 1 6943 7009 6944
13675 2 2 0 1 7010 7009 6944
13676 2 2 0 1 6944 7010 6945
13677 2 2 0 1 7011 7010 6945
13678 2 2 0 1 6945 7011 6946
13679 2 2 0 1 7012 7011 6946
13680 2 2 0 1 6946 7012 6947
13681 2 2 0 1 7013 7012 6947
13682 2 2 0 1 6947 7013 6948
13683 2 2 0 1 7014 7013 6948
13684 2 2 0 1 6948 7014 6949
13685 2 2 0 1 7015 7014 6949
13686 2 2 0 1 6949 7015 6950
13687 2 2 0 1 7016 7015 6950
13688 2 2 0 1 6950 7016 6951
13689 2 2 0 1 7017 7016 6951
13690 2 2 0 1 6951 7017 6952
13691 2 2 0 1 7018 7017 6952
13692 2 2 0 1 6952 7018 6953
13693 2 2 0 1 7019 7018 6953
13694 2 2 0 1 6953 7019 6954
13695 2 2 0 1 7020 7019 6954
13696 2 2 0 1 6954 7020 6955
13697 2 2 0 1 6957 7021 6956
13698 2 2 0 1 7021 7022 6957
13699 2 2 0 1 6958 7022 6957
13700 2 2 0 1 7022 7023 6958
13701 2 2 0 1 6959 7023 6958
13702 2 2 0 1 7023 7024 6959
13703 2 2 0 1 6960 7024 6959
13704 2 2 0 1 7024 7025 6960
13705 2 2 0 1 6961 7025 6960
13706 2 2 0 1 7025 7026 6961
13707 2 2 0 1 7027 7026 6961
13708 2 2 0 1 6961 7027 6962
13709 2 2 0 1 6963 7027 6962
13710 2 2 0 1 7027 7028 6963
13711 2 2 0 1 6964 7028 6963
13712 2 2 0 1 7028 7029 6964
13713 2 2 0 1 6965 7029 6964
13714 2 2 0 1 7029 7030 6965
13715 2 2 0 1 6966 7030 6965
13716 2 2 0 1 7030 7031 6966
13717 2 2 0 1 6967 7031 6966
13718 2 2 0 1 7031 7032 6967
13719 2 2 0 1 6968 7032 6967
13720 2 2 0 1 7032 7033 6968
13721 2 2 0 1 7034 7033 6968
13722 2 2 0 1 6968 7034 6969
13723 2 2 0 1 6970 7034 6969
13724 2 2 0 1 7034 7035 6970
13725 2 2 0 1 6971 7035 6970
13726 2 2 0 1 7035 7036 6971
13727 2 2 0 1 6972 7036 6971
13728 2 2 0 1 7036 7037 6972
13729 2 2 0 1 6973 7037 6972
13730 2 2 0 1 7037 7038 6973
13731 2 2 0 1 7039 7038 6973
13732 2 2 0 1 6973 7039 6974
13733 2 2 0 1 6975 7039 6974
13734 2 2 0 1 7039 7040 6975
13735 2 2 0 1 6976 7040 6975
13736 2 2 0 1 7040 7041 6976
13737 2 2 0 1 6977 7041 6976
13738 2 2 0 1 7041 7042 6977
13739 2 2 0 1 6978 7042 6977
13740 2 2 0 1 7042 7043 6978
13741 2 2 0 1 7044 7043 6978
13742 2 2 0 1 6978 7044 6979
13743 2 2 0 1 6980 7044 6979
13744 2 2 0 1 7044 7045 6980
13745 2 2 0 1 6981 7045 6980
13746 2 2 0 1 7045 7046 6981
13747 2 2 0 1 7047 7046 6981
13748 2 2 0 1 6981 7047 6982
13749 2 2 0 1 7048 7047 6982
13750 2 2 0 1 6982 7048 6983
13751 2 2 0 1 6984 7048 6983
13752 2 2 0 1 7048 7049 6984
13753 2 2 0 1 6985 7049 6984
13754 2 2 0 1 7049 7050 6985
13755 2 2 0 1 7051 7050 6985
13756 2 2 0 1 6985 7051 6986
13757 2 2 0 1 7052 7051 6986
13758 2 2 0 1 6986 7052 6987
13759 2 2 0 1 7053 7052 6987
13760 2 2 0 1 6987 7053 6988
13761 2 2 0 1 7054 7053 6988
13762 2 2 0 1 6988 7054 6989
13763 2 2 0 1 7055 7054 6989
13764 2 2 0 1 6989 7055 6990
13765 2 2 0 1 7056 7055 6990
13766 2 2 0 1 6990 7056 6991
13767 2 2 0 1 7057 7056 6991
13768 2 2 0 1 6991 7057 6992
13769 2 2 0 1 7058 7057 6992
13770 2 2 0 1 6992 7058 6993
13771 2 2 0 1 7059 7058 6993
13772 2 2 0 1 6993 7059 6994
13773 2 2 0 1 7060 7059 6994
13774 2 2 0 1 6994 7060 6995
13775 2 2 0 1 7061 7060 6995
13776 2 2 0 1 6995 7061 6996
13777 2 2 0 1 7062 7061 6996
13778 2 2 0 1 6996 7062 6997
13779 2 2 0 1 7063 7062 6997
13780 2 2 0 1 6997 7063 6998
13781 2 2 0 1 7064 7063 6998
13782 2 2 0 1 6998 7064 6999
13783 2 2 0 1 7065 7064 6999
13784 2 2 0 1 6999 7065 7000
13785 2 2 0 1 7066 7065 7000
13786 2 2 0 1 7000 7066 7001
13787 2 2 0 1 7067 7066 7001
13788 2 2 0 1 7001 7067 7002
13789 2 2 0 1 7068 7067 7002
13790 2 2 0 1 7002 7068 7003
13791 2 2 0 1 7069 7068 7003
13792 2 2 0 1 7003 7069 7004
13793 2 2 0 1 7070 7069 7004
13794 2 2 0 1 7004 7070 7005
13795 2 2 0 1 7071 7070 7005
13796 2 2 0 1 7005 7071 7006
13797 2 2 0 1 7072 7071 7006
13798 2 2 0 1 7006 7072 7007
13799 2 2 0 1 7073 7072 7007
13800 2 2 0 1 7007 7073 7008
13801 2 2 0 1 7074 7073 7008
13802 2 2 0 1 7008 7074 7009
13803 2 2 0 1 7075 7074 7009
13804 2 2 0 1 7009 7075 7010
13805 2 2 0 1 7076 7075 7010
13806 2 2 0 1 7010 7076 7011
13807 2 2 0 1 7077 7076 7011
13808 2 2 0 1 7011 7077 7012
13809 2 2 0 1 7078 7077 7012
13810 2 2 0 1 7012 7078 7013
13811 2 2 0 1 7079 7078 7013
13812 2 2 0 1 7013 7079 7014
13813 2 2 0 1 7080 7079 7014
13814 2 2 0 1 7014 7080 7015
13815 2 2 0 1 7081 7080 7015
13816 2 2 0 1 7015 7081 7016
13817 2 2 0 1 7082 7081 7016
13818 2 2 0 1 7016 7082 7017
13819 2 2 0 1 7083 7082 7017
13820 2 2 0 1 7017 7083 7018
13821 2 2 0 1 7084 7083 7018
13822 2 2 0 1 7018 7084 7019
13823 2 2 0 1 7085 7084 7019
13824 2 2 0 1 7019 7085 7020
13825 2 2 0 1 7022 7086 7021
13826 2 2 0 1 7086 7087 7022
13827 2 2 0 1 7023 7087 7022
13828 2 2 0 1 7087 7088 7023
13829 2 2 0 1 7024 7088 7023
13830 2 2 0 1 7088 7089 7024
13831 2 2 0 1 7025 7089 7024
13832 2 2 0 1 7089 7090 7025
13833 2 2 0 1 7026 7090 7025
13834 2 2 0 1 7090 7091 7026
13835 2 2 0 1 7027 7091 7026
13836 2 2 0 1 7091 7092 7027
13837 2 2 0 1 7028 7092 7027
13838 2 2 0 1 7092 7093 7028
13839 2 2 0 1 7029 7093 7028
13840 2 2 0 1 7093 7094 7029
13841 2 2 0 1 7030 7094 7029
13842 2 2 0 1 7094 7095 7030
13843 2 2 0 1 7031 7095 7030
13844 2 2 0 1 7095 7096 7031
13845 2 2 0 1 7032 7096 7031
13846 2 2 0 1 7096 7097 7032
13847 2 2 0 1 7033 7097 7032
13848 2 2 0 1 7097 7098 7033
13849 2 2 0 1 7034 7098 7033
13850 2 2 0 1 7098 7099 7034
13851 2 2 0 1 7035 7099 7034
13852 2 2 0 1 7099 7100 7035
13853 2 2 0 1 7036 7100 7035
13854 2 2 0 1 7100 7101 7036
13855 2 2 0 1 7037 7101 7036
13856 2 2 0 1 7101 7102 7037
13857 2 2 0 1 7038 7102 7037
13858 2 2 0 1 7102 7103 7038
13859 2 2 0 1 7039 7103 7038
13860 2 2 0 1 7103 7104 7039
13861 2 2 0 1 7040 7104 7039
13862 2 2 0 1 7104 7105 7040
13863 2 2 0 1 7041 7105 7040
13864 2 2 0 1 7105 7106 7041
13865 2 2 0 1 7042 7106 7041
13866 2 2 0 1 7106 7107 7042
13867 2 2 0 1 7043 7107 7042
13868 2 2 0 1 7107 7108 7043
13869 2 2 0 1 7109 7108 7043
13870 2 2 0 1 7043 7109 7044
13871 2 2 0 1 7045 7109 7044
13872 2 2 0 1 7109 7110 7045
13873 2 2 0 1 7046 7110 7045
13874 2 2 0 1 7110 7111 7046
13875 2 2 0 1 7112 7111 7046
13876 2 2 0 1 7046 7112 7047
13877 2 2 0 1 7113 7112 7047
13878 2 2 0 1 7047 7113 7048
13879 2 2 0 1 7049 7113 7048
13880 2 2 0 1 7113 7114 7049
13881 2 2 0 1 7050 7114 7049
13882 2 2 0 1 7114 7115 7050
13883 2 2 0 1 7116 7115 7050
13884 2 2 0 1 7050 7116 7051
13885 2 2 0 1 7117 7116 7051
13886 2 2 0 1 7051 7117 7052
13887 2 2 0 1 7118 7117 7052
13888 2 2 0 1 7052 7118 7053
13889 2 2 0 1 7119 7118 7053
13890 2 2 0 1 7053 7119 7054
13891 2 2 0 1 7120 7119 7054
13892 2 2 0 1 7054 7120 7055
13893 2 2 0 1 7121 7120 7055
13894 2 2 0 1 7055 7121 7056
13895 2 2 0 1 7122 7121 7056
13896 2 2 0 1 7056 7122 7057
13897 2 2 0 1 7123 7122 7057
13898 2 2 0 1 7057 7123 7058
13899 2 2 0 1 7124 7123 7058
13900 2 2 0 1 7058 7124 7059
13901 2 2 0 1 7125 7124 7059
13902 2 2 0 1 7059 7125 7060
13903 2 2 0 1 7126 7125 7060
13904 2 2 0 1 7060 7126 7061
13905 2 2 0 1 7127 7126 7061
13906 2 2 0 1 7061 7127 7062
13907 2 2 0 1 7128 7127 7062
13908 2 2 0 1 7062 7128 7063
13909 2 2 0 1 7129 7128 7063
13910 2 2 0 1 7063 7129 7064
13911 2 2 0 1 7130 7129 7064
13912 2 2 0 1 7064 7130 7065
13913 2 2 0 1 7131 7130 7065
13914 2 2 0 1 7065 7131 7066
13915 2 2 0 1 7132 7131 7066
13916 2 2 0 1 7066 7132 7067
13917 2 2 0 1 7133 7132 7067
13918 2 2 0 1 7067 7133 7068
13919 2 2 0 1 7134 7133 7068
13920 2 2 0 1 7068 7134 7069
13921 2 2 0 1 7135 7134 7069
13922 2 2 0 1 7069 7135 7070
13923 2 2 0 1 7136 7135 7070
13924 2 2 0 1 7070 7136 7071
13925 2 2 0 1 7137 7136 7071
13926 2 2 0 1 7071 7137 7072
13927 2 2 0 1 7138 7137 7072
13928 2 2 0 1 7072 7138 7073
13929 2 2 0 1 7139 7138 7073
13930 2 2 0 1 7073 7139 7074
13931 2 2 0 1 7140 7139 7074
13932 2 2 0 1 7074 7140 7075
13933 2 2 0 1 7141 7140 7075
13934 2 2 0 1 7075 7141 7076
13935 2 2 0 1 7142 7141 7076
13936 2 2 0 1 7076 7142 7077
13937 2 2 0 1 7143 7142 7077
13938 2 2 0 1 7077 7143 7078
13939 2 2 0 1 7144 7143 7078
13940 2 2 0 1 7078 7144 7079
13941 2 2 0 1 7145 7144 7079
13942 2 2 0 1 7079 7145 7080
13943 2 2 0 1 7146 7145 7080
13944 2 2 0 1 7080 7146 7081
13945 2 2 0 1 7147 7146 7081
13946 2 2 0 1 7081 7147 7082
13947 2 2 0 1 7148 7147 7082
13948 2 2 0 1 7082 7148 7083
13949 2 2 0 1 7149 7148 7083
13950 2 2 0 1 7083 7149 7084
13951 2 2 0 1 7085 7149 7084
13952 2 2 0 1 7149 7150 7085
13953 2 2 0 1 7087 7151 7086
13954 2 2 0 1 7151 7152 7087
13955 2 2 0 1 7088 7152 7087
13956 2 2 0 1 7152 7153 7088
13957 2 2 0 1 7089 7153 7088
13958 2 2 0 1 7153 7154 7089
13959 2 2 0 1 7090 7154 7089
13960 2 2 0 1 7154 7155 7090
13961 2 2 0 1 7091 7155 7090
13962 2 2 0 1 7155 7156 7091
13963 2 2 0 1 7092 7156 7091
13964 2 2 0 1 7156 7157 7092
13965 2 2 0 1 7093 7157 7092
13966 2 2 0 1 7157 7158 7093
13967 2 2 0 1 7094 7158 7093
13968 2 2 0 1 7158 7159 7094
13969 2 2 0 1 7095 7159 7094
13970 2 2 0 1 7159 7160 7095
13971 2 2 0 1 7096 7160 7095
13972 2 2 0 1 7160 7161 7096
13973 2 2 0 1 7097 7161 7096
13974 2 2 0 1 7161 7162 7097
13975 2 2 0 1 7098 7162 7097
13976 2 2 0 1 7162 7163 7098
13977 2 2 0 1 7099 7163 7098
13978 2 2 0 1 7163 7164 7099
13979 2 2 0 1 7100 7164 7099
13980 2 2 0 1 7164 7165 7100
13981 2 2 0 1 7101 7165 7100
13982 2 2 0 1 7165 7166 7101
13983 2 2 0 1 7102 7166 7101
13984 2 2 0 1 7166 7167 7102
13985 2 2 0 1 7103 7167 7102
13986 2 2 0 1 7167 7168 7103
13987 2 2 0 1 7104 7168 7103
13988 2 2 0 1 7168 7169 7104
13989 2 2 0 1 7105 7169 7104
13990 2 2 0 1 7169 7170 7105
13991 2 2 0 1 7106 7170 7105
13992 2 2 0 1 7170 7171 7106
13993 2 2 0 1 7107 7171 7106
13994 2 2 0 1 7171 7172 7107
13995 2 2 0 1 7108 7172 7107
13996 2 2 0 1 7172 7173 7108
13997 2 2 0 1 7174 7173 7108
13998 2 2 0 1 7108 7174 7109
13999 2 2 0 1 7110 7174 7109
14000 2 2 0 1 7174 7175 7110
14001 2 2 0 1 7111 7175 7110
14002 2 2 0 1 7175 7176 7111
14003 2 2 0 1 7177 7176 7111
14004 2 2 0 1 7111 7177 7112
14005 2 2 0 1 7178 7177 7112
14006 2 2 0 1 7112 7178 7113
14007 2 2 0 1 7179 7178 7113
14008 2 2 0 1 7113 7179 7114
14009 2 2 0 1 7115 7179 7114
14010 2 2 0 1 7179 7180 7115
14011 2 2 0 1 7181 7180 7115
14012 2 2 0 1 7115 7181 7116
14013 2 2 0 1 7182 7181 7116
14014 2 2 0 1 7116 7182 7117
14015 2 2 0 1 7183 7182 7117
14016 2 2 0 1 7117 7183 7118
14017 2 2 0 1 7184 7183 7118
14018 2 2 0 1 7118 7184 7119
14019 2 2 0 1 7185 7184 7119
14020 2 2 0 1 7119 7185 7120
14021 2 2 0 1 7186 7185 7120
14022 2 2 0 1 7120 7186 7121
14023 2 2 0 1 7187 7186 7121
14024 2 2 0 1 7121 7187 7122
14025 2 2 0 1 7188 7187 7122
14026 2 2 0 1 7122 7188 7123
14027 2 2 0 1 7189 7188 7123
14028 2 2 0 1 7123 7189 7124
14029 2 2 0 1 7190 7189 7124
14030 2 2 0 1 7124 7190 7125
14031 2 2 0 1 7191 7190 7125
14032 2 2 0 1 7125 7191 7126
14033 2 2 0 1 7192 7191 7126
14034 2 2 0 1 7126 7192 7127
14035 2 2 0 1 7193 7192 7127
14036 2 2 0 1 7127 7193 7128
14037 2 2 0 1 7194 7193 7128
14038 2 2 0 1 7128 7194 7129
14039 2 2 0 1 7195 7194 7129
14040 2 2 0 1 7129 7195 7130
14041 2 2 0 1 7196 7195 7130
14042 2 2 0 1 7130 7196 7131
14043 2 2 0 1 7197 7196 7131
14044 2 2 0 1 7131 7197 7132
14045 2 2 0 1 7198 7197 7132
14046 2 2 0 1 7132 7198 7133
14047 2 2 0 1 7199 7198 7133
14048 2 2 0 1 7133 7199 7134
14049 2 2 0 1 7200 7199 7134
14050 2 2 0 1 7134 7200 7135
14051 2 2 0 1 7201 7200 7135
14052 2 2 0 1 7135 7201 7136
14053 2 2 0 1 7202 7201 7136
14054 2 2 0 1 7136 7202 7137
14055 2 2 0 1 7203 7202 7137
14056 2 2 0 1 7137 7203 7138
14057 2 2 0 1 7204 7203 7138
14058 2 2 0 1 7138 7204 7139
14059 2 2 0 1 7205 7204 7139
14060 2 2 0 1 7139 7205 7140
14061 2 2 0 1 7206 7205 7140
14062 2 2 0 1 7140 7206 7141
14063 2 2 0 1 7207 7206 7141
14064 2 2 0 1 7141 7207 7142
14065 2 2 0 1 7208 7207 7142
14066 2 2 0 1 7142 7208 7143
14067 2 2 0 1 7209 7208 7143
14068 2 2 0 1 7143 7209 7144
14069 2 2 0 1 7210 7209 7144
14070 2 2 0 1 7144 7210 7145
14071 2 2 0 1 7211 7210 7145
14072 2 2 0 1 7145 7211 7146
14073 2 2 0 1 7212 7211 7146
14074 2 2 0 1 7146 7212 7147
14075 2 2 0 1 7213 7212 7147
14076 2 2 0 1 7147 7213 7148
14077 2 2 0 1 7214 7213 7148
14078 2 2 0 1 7148 7214 7149
14079 2 2 0 1 7215 7214 7149
14080 2 2 0 1 7149 7215 7150
14081 2 2 0 1 7152 7216 7151
14082 2 2 0 1 7216 7217 7152
14083 2 2 0 1 7153 7217 7152
14084 2 2 0 1 7217 7218 7153
14085 2 2 0 1 7154 7218 7153
14086 2 2 0 1 7218 7219 7154
14087 2 2 0 1 7155 7219 7154
14088 2 2 0 1 7219 7220 7155
14089 2 2 0 1 7156 7220 7155
14090 2 2 0 1 7220 7221 7156
14091 2 2 0 1 7157 7221 7156
14092 2 2 0 1 7221 7222 7157
14093 2 2 0 1 7158 7222 7157
14094 2 2 0 1 7222 7223 7158
14095 2 2 0 1 7159 7223 7158
14096 2 2 0 1 7223 7224 7159
14097 2 2 0 1 7160 7224 7159
14098 2 2 0 1 7224 7225 7160
14099 2 2 0 1 7161 7225 7160
14100 2 2 0 1 7225 7226 7161
14101 2 2 0 1 7162 7226 7161
14102 2 2 0 1 7226 7227 7162
14103 2 2 0 1 7163 7227 7162
14104 2 2 0 1 7227 7228 7163
14105 2 2 0 1 7164 7228 7163
14106 2 2 0 1 7228 7229 7164
14107 2 2 0 1 7165 7229 7164
14108 2 2 0 1 7229 7230 7165
14109 2 2 0 1 7166 7230 7165
14110 2 2 0 1 7230 7231 7166
14111 2 2 0 1 7167 7231 7166
14112 2 2 0 1 7231 7232 7167
14113 2 2 0 1 7168 7232 7167
14114 2 2 0 1 7232 7233 7168
14115 2 2 0 1 7169 7233 7168
14116 2 2 0 1 7233 7234 7169
14117 2 2 0 1 7170 7234 7169
14118 2 2 0 1 7234 7235 7170
14119 2 2 0 1 7171 7235 7170
14120 2 2 0 1 7235 7236 7171
14121 2 2 0 1 7172 7236 7171
14122 2 2 0 1 7236 7237 7172
14123 2 2 0 1 7173 7237 7172
14124 2 2 0 1 7237 7238 7173
14125 2 2 0 1 7239 7238 7173
14126 2 2 0 1 7173 7239 7174
14127 2 2 0 1 7175 7239 7174
14128 2 2 0 1 7239 7240 7175
14129 2 2 0 1 7176 7240 7175
14130 2 2 0 1 7240 7241 7176
14131 2 2 0 1 7242 7241 7176
14132 2 2 0 1 7176 7242 7177
14133 2 2 0 1 7243 7242 7177
14134 2 2 0 1 7177 7243 7178
14135 2 2 0 1 7244 7243 7178
14136 2 2 0 1 7178 7244 7179
14137 2 2 0 1 7245 7244 7179
14138 2 2 0 1 7179 7245 7180
14139 2 2 0 1 7246 7245 7180
14140 2 2 0 1 7180 7246 7181
14141 2 2 0 1 7247 7246 7181
14142 2 2 0 1 7181 7247 7182
14143 2 2 0 1 7248 7247 7182
14144 2 2 0 1 7182 7248 7183
14145 2 2 0 1 7249 7248 7183
14146 2 2 0 1 7183 7249 7184
14147 2 2 0 1 7250 7249 7184
14148 2 2 0 1 7184 7250 7185
14149 2 2 0 1 7251 7250 7185
14150 2 2 0 1 7185 7251 7186
14151 2 2 0 1 7252 7251 7186
14152 2 2 0 1 7186 7252 7187
14153 2 2 0 1 7253 7252 7187
14154 2 2 0 1 7187 7253 7188
14155 2 2 0 1 7254 7253 7188
14156 2 2 0 1 7188 7254 7189
14157 2 2 0 1 7255 7254 7189
14158 2 2 0 1 7189 7255 7190
14159 2 2 0 1 7256 7255 7190
14160 2 2 0 1 7190 7256 7191
14161 2 2 0 1 7257 7256 7191
14162 2 2 0 1 7191 7257 7192
14163 2 2 0 1 7258 7257 7192
14164 2 2 0 1 7192 7258 7193
14165 2 2 0 1 7259 7258 7193
14166 2 2 0 1 7193 7259 7194
14167 2 2 0 1 7260 7259 7194
14168 2 2 0 1 7194 7260 7195
14169 2 2 0 1 7261 7260 7195
14170 2 2 0 1 7195 7261 7196
14171 2 2 0 1 7262 7261 7196
14172 2 2 0 1 7196 7262 7197
14173 2 2 0 1 7263 7262 7197
14174 2 2 0 1 7197 7263 7198
14175 2 2 0 1 7264 7263 7198
14176 2 2 0 1 7198 7264 7199
14177 2 2 0 1 7265 7264 7199
14178 2 2 0 1 7199 7265 7200
14179 2 2 0 1 7266 7265 7200
14180 2 2 0 1 7200 7266 7201
14181 2 2 0 1 7267 7266 7201
14182 2 2 0 1 7201 7267 7202
14183 2 2 0 1 7268 7267 7202
14184 2 2 0 1 7202 7268 7203
14185 2 2 0 1 7269 7268 7203
14186 2 2 0 1 7203 7269 7204
14187 2 2 0 1 7270 7269 7204
14188 2 2 0 1 7204 7270 7205
14189 2 2 0 1 7271 7270 7205
14190 2 2 0 1 7205 7271 7206
14191 2 2 0 1 7272 7271 7206
14192 2 2 0 1 7206 7272 7207
14193 2 2 0 1 7273 7272 7207
14194 2 2 0 1 7207 7273 7208
14195 2 2 0 1 7274 7273 7208
14196 2 2 0 1 7208 7274 7209
14197 2 2 0 1 7275 7274 7209
14198 2 2 0 1 7209 7275 7210
14199 2 2 0 1 7276 7275 7210
14200 2 2 0 1 7210 7276 7211
14201 2 2 0 1 7277 7276 7211
14202 2 2 0 1 7211 7277 7212
14203 2 2 0 1 7278 7277 7212
14204 2 2 0 1 7212 7278 7213
14205 2 2 0 1 7279 7278 7213
14206 2 2 0 1 7213 7279 7214
14207 2 2 0 1 7280 7279 7214
14208 2 2 0 1 7214 7280 7215
14209 2 2 0 1 7217 7281 7216
14210 2 2 0 1 7281 7282 7217
14211 2 2 0 1 7218 7282 7217
14212 2 2 0 1 7282 7283 7218
14213 2 2 0 1 7219 7283 7218
14214 2 2 0 1 7283 7284 7219
14215 2 2 0 1 7220 7284 7219
14216 2 2 0 1 7284 7285 7220
14217 2 2 0 1 7221 7285 7220
14218 2 2 0 1 7285 7286 7221
14219 2 2 0 1 7222 7286 7221
14220 2 2 0 1 7286 7287 7222
14221 2 2 0 1 7223 7287 7222
14222 2 2 0 1 7287 7288 7223
14223 2 2 0 1 7224 7288 7223
14224 2 2 0 1 7288 7289 7224
14225 2 2 0 1 7225 7289 7224
14226 2 2 0 1 7289 7290 7225
14227 2 2 0 1 7226 7290 7225
14228 2 2 0 1 7290 7291 7226
14229 2 2 0 1 7227 7291 7226
14230 2 2 0 1 7291 7292 7227
14231 2 2 0 1 7228 7292 7227
14232 2 2 0 1 7292 7293 7228
14233 2 2 0 1 7229 7293 7228
14234 2 2 0 1 7293 7294 7229
14235 2 2 0 1 7230 7294 7229
14236 2 2 0 1 7294 7295 7230
14237 2 2 0 1 7231 7295 7230
14238 2 2 0 1 7295 7296 7231
14239 2 2 0 1 7232 7296 7231
14240 2 2 0 1 7296 7297 7232
14241 2 2 0 1 7233 7297 7232
14242 2 2 0 1 7297 7298 7233
14243 2 2 0 1 7234 7298 7233
14244 2 2 0 1 7298 7299 7234
14245 2 2 0 1 7235 7299 7234
14246 2 2 0 1 7299 7300 7235
14247 2 2 0 1 7236 7300 7235
14248 2 2 0 1 7300 7301 7236
14249 2 2 0 1 7237 7301 7236
14250 2 2 0 1 7301 7302 7237
14251 2 2 0 1 7238 7302 7237
14252 2 2 0 1 7302 7303 7238
14253 2 2 0 1 7304 7303 7238
14254 2 2 0 1 7238 7304 7239
14255 2 2 0 1 7240 7304 7239
14256 2 2 0 1 7304 7305 7240
14257 2 2 0 1 7241 7305 7240
14258 2 2 0 1 7305 7306 7241
14259 2 2 0 1 7307 7306 7241
14260 2 2 0 1 7241 7307 7242
14261 2 2 0 1 7308 7307 7242
14262 2 2 0 1 7242 7308 7243
14263 2 2 0 1 7309 7308 7243
14264 2 2 0 1 7243 7309 7244
14265 2 2 0 1 7310 7309 7244
14266 2 2 0 1 7244 7310 7245
14267 2 2 0 1 7311 7310 7245
14268 2 2 0 1 7245 7311 7246
14269 2 2 0 1 7312 7311 7246
14270 2 2 0 1 7246 7312 7247
14271 2 2 0 1 7313 7312 7247
14272 2 2 0 1 7247 7313 7248
14273 2 2 0 1 7314 7313 7248
14274 2 2 0 1 7248 7314 7249
14275 2 2 0 1 7315 7314 7249
14276 2 2 0 1 7249 7315 7250
14277 2 2 0 1 7316 7315 7250
14278 2 2 0 1 7250 7316 7251
14279 2 2 0 1 7317 7316 7251
14280 2 2 0 1 7251 7317 7252
14281 2 2 0 1 7318 7317 7252
14282 2 2 0 1 7252 7318 7253
14283 2 2 0 1 7319 7318 7253
14284 2 2 0 1 7253 7319 7254
14285 2 2 0 1 7320 7319 7254
14286 2 2 0 1 7254 7320 7255
14287 2 2 0 1 7321 7320 7255
14288 2 2 0 1 7255 7321 7256
14289 2 2 0 1 7322 7321 7256
14290 2 2 0 1 7256 7322 7257
14291 2 2 0 1 7323 7322 7257
14292 2 2 0 1 7257 7323 7258
14293 2 2 0 1 7324 7323 7258
14294 2 2 0 1 7258 7324 7259
14295 2 2 0 1 7325 7324 7259
14296 2 2 0 1 7259 7325 7260
14297 2 2 0 1 7326 7325 7260
14298 2 2 0 1 7260 7326 7261
14299 2 2 0 1 7327 7326 7261
14300 2 2 0 1 7261 7327 7262
14301 2 2 0 1 7328 7327 7262
14302 2 2 0 1 7262 7328 7263
14303 2 2 0 1 7329 7328 7263
14304 2 2 0 1 7263 7329 7264
14305 2 2 0 1 7330 7329 7264
14306 2 2 0 1 7264 7330 7265
14307 2 2 0 1 7331 7330 7265
14308 2 2 0 1 7265 7331 7266
14309 2 2 0 1 7332 7331 7266
14310 2 2 0 1 7266 7332 7267
14311 2 2 0 1 7333 7332 7267
14312 2 2 0 1 7267 7333 7268
14313 2 2 0 1 7334 7333 7268
14314 2 2 0 1 7268 7334 7269
14315 2 2 0 1 7335 7334 7269
14316 2 2 0 1 7269 7335 7270
14317 2 2 0 1 7336 7335 7270
14318 2 2 0 1 7270 7336 7271
14319 2 2 0 1 7337 7336 7271
14320 2 2 0 1 7271 7337 7272
14321 2 2 0 1 7338 7337 7272
14322 2 2 0 1 7272 7338 7273
14323 2 2 0 1 7339 7338 7273
14324 2 2 0 1 7273 7339 7274
14325 2 2 0 1 7340 7339 7274
14326 2 2 0 1 7274 7340 7275
14327 2 2 0 1 7341 7340 7275
14328 2 2 0 1 7275 7341 7276
14329 2 2 0 1 7342 7341 7276
14330 2 2 0 1 7276 7342 7277
14331 2 2 0 1 7343 7342 7277
14332 2 2 0 1 7277 7343 7278
14333 2 2 0 1 7279 7343 7278
14334 2 2 0 1 7343 7344 7279
14335 2 2 0 1 7280 7344 7279
14336 2 2 0 1 7344 7345 7280
14337 2 2 0 1 7282 7346 7281
14338 2 2 0 1 7346 7347 7282
14339 2 2 0 1 7283 7347 7282
14340 2 2 0 1 7347 7348 7283
14341 2 2 0 1 7284 7348 7283
14342 2 2 0 1 7348 7349 7284
14343 2 2 0 1 7285 7349 7284
14344 2 2 0 1 7349 7350 7285
14345 2 2 0 1 7286 7350 7285
14346 2 2 0 1 7350 7351 7286
14347 2 2 0 1 7287 7351 7286
14348 2 2 0 1 7351 7352 7287
14349 2 2 0 1 7288 7352 7287
14350 2 2 0 1 7352 7353 7288
14351 2 2 0 1 7289 7353 7288
14352 2 2 0 1 7353 7354 7289
14353 2 2 0 1 7290 7354 7289
14354 2 2 0 1 7354 7355 7290
14355 2 2 0 1 7291 7355 7290
14356 2 2 0 1 7355 7356 7291
14357 2 2 0 1 7292 7356 7291
14358 2 2 0 1 7356 7357 7292
14359 2 2 0 1 7293 7357 7292
14360 2 2 0 1 7357 7358 7293
14361 2 2 0 1 7294 7358 7293
14362 2 2 0 1 7358 7359 7294
14363 2 2 0 1 7295 7359 7294
14364 2 2 0 1 7359 7360 7295
14365 2 2 0 1 7296 7360 7295
14366 2 2 0 1 7360 7361 7296
14367 2 2 0 1 7297 7361 7296
14368 2 2 0 1 7361 7362 7297
14369 2 2 0 1 7298 7362 7297
14370 2 2 0 1 7362 7363 7298
14371 2 2 0 1 7299 7363 7298
14372 2 2 0 1 7363 7364 7299
14373 2 2 0 1 7300 7364 7299
14374 2 2 0 1 7364 7365 7300
14375 2 2 0 1 7301 7365 7300
14376 2 2 0 1 7365 7366 7301
14377 2 2 0 1 7302 7366 7301
14378 2 2 0 1 7366 7367 7302
14379 2 2 0 1 7303 7367 7302
14380 2 2 0 1 7367 7368 7303
14381 2 2 0 1 7369 7368 7303
14382 2 2 0 1 7303 7369 7304
14383 2 2 0 1 7305 7369 7304
14384 2 2 0 1 7369 7370 7305
14385 2 2 0 1 7306 7370 7305
14386 2 2 0 1 7370 7371 7306
14387 2 2 0 1 7372 7371 7306
14388 2 2 0 1 7306 7372 7307
14389 2 2 0 1 7373 7372 7307
14390 2 2 0 1 7307 7373 7308
14391 2 2 0 1 7374 7373 7308
14392 2 2 0 1 7308 7374 7309
14393 2 2 0 1 7375 7374 7309
14394 2 2 0 1 7309 7375 7310
14395 2 2 0 1 7376 7375 7310
14396 2 2 0 1 7310 7376 7311
14397 2 2 0 1 7377 7376 7311
14398 2 2 0 1 7311 7377 7312
14399 2 2 0 1 7378 7377 7312
14400 2 2 0 1 7312 7378 7313
14401 2 2 0 1 7379 7378 7313
14402 2 2 0 1 7313 7379 7314
14403 2 2 0 1 7380 7379 7314
14404 2 2 0 1 7314 7380 7315
14405 2 2 0 1 7381 7380 7315
14406 2 2 0 1 7315 7381 7316
14407 2 2 0 1 7382 7381 7316
14408 2 2 0 1 7316 7382 7317
14409 2 2 0 1 7383 7382 7317
14410 2 2 0 1 7317 7383 7318
14411 2 2 0 1 7384 7383 7318
14412 2 2 0 1 7318 7384 7319
14413 2 2 0 1 7385 7384 7319
14414 2 2 0 1 7319 7385 7320
14415 2 2 0 1 7386 7385 7320
14416 2 2 0 1 7320 7386 7321
14417 2 2 0 1 7387 7386 7321
14418 2 2 0 1 7321 7387 7322
14419 2 2 0 1 7388 7387 7322
14420 2 2 0 1 7322 7388 7323
14421 2 2 0 1 7389 7388 7323
14422 2 2 0 1 7323 7389 7324
14423 2 2 0 1 7390 7389 7324
14424 2 2 0 1 7324 7390 7325
14425 2 2 0 1 7391 7390 7325
14426 2 2 0 1 7325 7391 7326
14427 2 2 0 1 7392 7391 7326
14428 2 2 0 1 7326 7392 7327
14429 2 2 0 1 7393 7392 7327
14430 2 2 0 1 7327 7393 7328
14431 2 2 0 1 7394 7393 7328
14432 2 2 0 1 7328 7394 7329
14433 2 2 0 1 7395 7394 7329
14434 2 2 0 1 7329 7395 7330
14435 2 2 0 1 7396 7395 7330
14436 2 2 0 1 7330 7396 7331
14437 2 2 0 1 7397 7396 7331
14438 2 2 0 1 7331 7397 7332
14439 2 2 0 1 7398 7397 7332
14440 2 2 0 1 7332 7398 7333
14441 2 2 0 1 7399 7398 7333
14442 2 2 0 1 7333 7399 7334
14443 2 2 0 1 7400 7399 7334
14444 2 2 0 1 7334 7400 7335
14445 2 2 0 1 7401 7400 7335
14446 2 2 0 1 7335 7401 7336
14447 2 2 0 1 7402 7401 7336
14448 2 2 0 1 7336 7402 7337
14449 2 2 0 1 7403 7402 7337
14450 2 2 0 1 7337 7403 7338
14451 2 2 0 1 7404 7403 7338
14452 2 2 0 1 7338 7404 7339
14453 2 2 0 1 7405 7404 7339
14454 2 2 0 1 7339 7405 7340
14455 2 2 0 1 7406 7405 7340
14456 2 2 0 1 7340 7406 7341
14457 2 2 0 1 7407 7406 7341
14458 2 2 0 1 7341 7407 7342
14459 2 2 0 1 7408 7407 7342
14460 2 2 0 1 7342 7408 7343
14461 2 2 0 1 7409 7408 7343
14462 2 2 0 1 7343 7409 7344
14463 2 2 0 1 7410 7409 7344
14464 2 2 0 1 7344 7410 7345
14465 2 2 0 1 7347 7411 7346
14466 2 2 0 1 7411 7412 7347
14467 2 2 0 1 7348 7412 7347
14468 2 2 0 1 7412 7413 7348
14469 2 2 0 1 7349 7413 7348
14470 2 2 0 1 7413 7414 7349
14471 2 2 0 1 7350 7414 7349
14472 2 2 0 1 7414 7415 7350
14473 2 2 0 1 7351 7415 7350
14474 2 2 0 1 7415 7416 7351
14475 2 2 0 1 7352 7416 7351
14476 2 2 0 1 7416 7417 7352
14477 2 2 0 1 7353 7417 7352
14478 2 2 0 1 7417 7418 7353
14479 2 2 0 1 7354 7418 7353
14480 2 2 0 1 7418 7419 7354
14481 2 2 0 1 7355 7419 7354
14482 2 2 0 1 7419 7420 7355
14483 2 2 0 1 7356 7420 7355
14484 2 2 0 1 7420 7421 7356
14485 2 2 0 1 7357 7421 7356
14486 2 2 0 1 7421 7422 7357
14487 2 2 0 1 7358 7422 7357
14488 2 2 0 1 7422 7423 7358
14489 2 2 0 1 7359 7423 7358
14490 2 2 0 1 7423 7424 7359
14491 2 2 0 1 7360 7424 7359
14492 2 2 0 1 7424 7425 7360
14493 2 2 0 1 7361 7425 7360
14494 2 2 0 1 7425 7426 7361
14495 2 2 0 1 7362 7426 7361
14496 2 2 0 1 7426 7427 7362
14497 2 2 0 1 7363 7427 7362
14498 2 2 0 1 7427 7428 7363
14499 2 2 0 1 7364 7428 7363
14500 2 2 0 1 7428 7429 7364
14501 2 2 0 1 7365 7429 7364
14502 2 2 0 1 7429 7430 7365
14503 2 2 0 1 7366 7430 7365
14504 2 2 0 1 7430 7431 7366
14505 2 2 0 1 7367 7431 7366
14506 2 2 0 1 7431 7432 7367
14507 2 2 0 1 7368 7432 7367
14508 2 2 0 1 7432 7433 7368
14509 2 2 0 1 7434 7433 7368
14510 2 2 0 1 7368 7434 7369
14511 2 2 0 1 7370 7434 7369
14512 2 2 0 1 7434 7435 7370
14513 2 2 0 1 7371 7435 7370
14514 2 2 0 1 7435 7436 7371
14515 2 2 0 1 7437 7436 7371
14516 2 2 0 1 7371 7437 7372
14517 2 2 0 1 7438 7437 7372
14518 2 2 0 1 7372 7438 7373
14519 2 2 0 1 7439 7438 7373
14520 2 2 0 1 7373 7439 7374
14521 2 2 0 1 7440 7439 7374
14522 2 2 0 1 7374 7440 7375
14523 2 2 0 1 7441 7440 7375
14524 2 2 0 1 7375 7441 7376
14525 2 2 0 1 7442 7441 7376
14526 2 2 0 1 7376 7442 7377
14527 2 2 0 1 7443 7442 7377
14528 2 2 0 1 7377 7443 7378
14529 2 2 0 1 7444 7443 7378
14530 2 2 0 1 7378 7444 7379
14531 2 2 0 1 7445 7444 7379
14532 2 2 0 1 7379 7445 7380
14533 2 2 0 1 7446 7445 7380
14534 2 2 0 1 7380 7446 7381
14535 2 2 0 1 7447 7446 7381
14536 2 2 0 1 7381 7447 7382
14537 2 2 0 1 7448 7447 7382
14538 2 2 0 1 7382 7448 7383
14539 2 2 0 1 7449 7448 7383
14540 2 2 0 1 7383 7449 7384
14541 2 2 0 1 7450 7449 7384
14542 2 2 0 1 7384 7450 7385
14543 2 2 0 1 7451 7450 7385
14544 2 2 0 1 7385 7451 7386
14545 2 2 0 1 7452 7451 7386
14546 2 2 0 1 7386 7452 7387
14547 2 2 0 1 7453 7452 7387
14548 2 2 0 1 7387 7453 7388
14549 2 2 0 1 7454 7453 7388
14550 2 2 0 1 7388 7454 7389
14551 2 2 0 1 7455 7454 7389
14552 2 2 0 1 7389 7455 7390
14553 2 2 0 1 7456 7455 7390
14554 2 2 0 1 7390 7456 7391
14555 2 2 0 1 7457 7456 7391
14556 2 2 0 1 7391 7457 7392
14557 2 2 0 1 7458 7457 7392
14558 2 2 0 1 7392 7458 7393
14559 2 2 0 1 7459 7458 7393
14560 2 2 0 1 7393 7459 7394
14561 2 2 0 1 7460 7459 7394
14562 2 2 0 1 7394 7460 7395
14563 2 2 0 1 7461 7460 7395
14564 2 2 0 1 7395 7461 7396
14565 2 2 0 1 7462 7461 7396
14566 2 2 0 1 7396 7462 7397
14567 2 2 0 1 7463 7462 7397
14568 2 2 0 1 7397 7463 7398
14569 2 2 0 1 7464 7463 7398
14570 2 2 0 1 7398 7464 7399
14571 2 2 0 1 7465 7464 7399
14572 2 2 0 1 7399 7465 7400
14573 2 2 0 1 7466 7465 7400
14574 2 2 0 1 7400 7466 7401
14575 2 2 0 1 7467 7466 7401
14576 2 2 0 1 7401 7467 7402
14577 2 2 0 1 7468 7467 7402
14578 2 2 0 1 7402 7468 7403
14579 2 2 0 1 7469 7468 7403
14580 2 2 0 1 7403 7469 7404
14581 2 2 0 1 7470 7469 7404
14582 2 2 0 1 7404 7470 7405
14583 2 2 0 1 7471 7470 7405
14584 2 2 0 1 7405 7471 7406
14585 2 2 0 1 7472 7471 7406
14586 2 2 0 1 7406 7472 7407
14587 2 2 0 1 7473 7472 7407
14588 2 2 0 1 7407 7473 7408
14589 2 2 0 1 7474 7473 7408
14590 2 2 0 1 7408 7474 7409
14591 2 2 0 1 7475 7474 7409
14592 2 2 0 1 7409 7475 7410
14593 2 2 0 1 7412 7476 7411
14594 2 2 0 1 7476 7477 7412
14595 2 2 0 1 7413 7477 7412
14596 2 2 0 1 7477 7478 7413
14597 2 2 0 1 7414 7478 7413
14598 2 2 0 1 7478 7479 7414
14599 2 2 0 1 7415 7479 7414
14600 2 2 0 1 7479 7480 7415
14601 2 2 0 1 7416 7480 7415
14602 2 2 0 1 7480 7481 7416
14603 2 2 0 1 7417 7481 7416
14604 2 2 0 1 7481 7482 7417
14605 2 2 0 1 7418 7482 7417
14606 2 2 0 1 7482 7483 7418
14607 2 2 0 1 7419 7483 7418
14608 2 2 0 1 7483 7484 7419
14609 2 2 0 1 7420 7484 7419
14610 2 2 0 1 7484 7485 7420
14611 2 2 0 1 7421 7485 7420
14612 2 2 0 1 7485 7486 7421
14613 2 2 0 1 7422 7486 7421
14614 2 2 0 1 7486 7487 7422
14615 2 2 0 1 7423 7487 7422
14616 2 2 0 1 7487 7488 7423
14617 2 2 0 1 7424 7488 7423
14618 2 2 0 1 7488 7489 7424
14619 2 2 0 1 7425 7489 7424
14620 2 2 0 1 7489 7490 7425
14621 2 2 0 1 7426 7490 7425
14622 2 2 0 1 7490 7491 7426
14623 2 2 0 1 7427 7491 7426
14624 2 2 0 1 7491 7492 7427
14625 2 2 0 1 7428 7492 7427
14626 2 2 0 1 7492 7493 7428
14627 2 2 0 1 7429 7493 7428
14628 2 2 0 1 7493 7494 7429
14629 2 2 0 1 7430 7494 7429
14630 2 2 0 1 7494 7495 7430
14631 2 2 0 1 7431 7495 7430
14632 2 2 0 1 7495 7496 7431
14633 2 2 0 1 7432 7496 7431
14634 2 2 0 1 7496 7497 7432
14635 2 2 0 1 7433 7497 7432
14636 2 2 0 1 7497 7498 7433
14637 2 2 0 1 7434 7498 7433
14638 2 2 0 1 7498 7499 7434
14639 2 2 0 1 7435 7499 7434
14640 2 2 0 1 7499 7500 7435
14641 2 2 0 1 7436 7500 7435
14642 2 2 0 1 7500 7501 7436
14643 2 2 0 1 7437 7501 7436
14644 2 2 0 1 7501 7502 7437
14645 2 2 0 1 7438 7502 7437
14646 2 2 0 1 7502 7503 7438
14647 2 2 0 1 7439 7503 7438
14648 2 2 0 1 7503 7504 7439
14649 2 2 0 1 7440 7504 7439
14650 2 2 0 1 7504 7505 7440
14651 2 2 0 1 7506 7505 7440
14652 2 2 0 1 7440 7506 7441
14653 2 2 0 1 7442 7506 7441
14654 2 2 0 1 7506 7507 7442
14655 2 2 0 1 7443 7507 7442
14656 2 2 0 1 7507 7508 7443
14657 2 2 0 1 7444 7508 7443
14658 2 2 0 1 7508 7509 7444
14659 2 2 0 1 7510 7509 7444
14660 2 2 0 1 7444 7510 7445
14661 2 2 0 1 7511 7510 7445
14662 2 2 0 1 7445 7511 7446
14663 2 2 0 1 7512 7511 7446
14664 2 2 0 1 7446 7512 7447
14665 2 2 0 1 7513 7512 7447
14666 2 2 0 1 7447 7513 7448
14667 2 2 0 1 7514 7513 7448
14668 2 2 0 1 7448 7514 7449
14669 2 2 0 1 7515 7514 7449
14670 2 2 0 1 7449 7515 7450
14671 2 2 0 1 7516 7515 7450
14672 2 2 0 1 7450 7516 7451
14673 2 2 0 1 7517 7516 7451
14674 2 2 0 1 7451 7517 7452
14675 2 2 0 1 7518 7517 7452
14676 2 2 0 1 7452 7518 7453
14677 2 2 0 1 7519 7518 7453
14678 2 2 0 1 7453 7519 7454
14679 2 2 0 1 7520 7519 7454
14680 2 2 0 1 7454 7520 7455
14681 2 2 0 1 7521 7520 7455
14682 2 2 0 1 7455 7521 7456
14683 2 2 0 1 7522 7521 7456
14684 2 2 0 1 7456 7522 7457
14685 2 2 0 1 7523 7522 7457
14686 2 2 0 1 7457 7523 7458
14687 2 2 0 1 7524 7523 7458
14688 2 2 0 1 7458 7524 7459
14689 2 2 0 1 7525 7524 7459
14690 2 2 0 1 7459 7525 7460
14691 2 2 0 1 7526 7525 7460
14692 2 2 0 1 7460 7526 7461
14693 2 2 0 1 7527 7526 7461
14694 2 2 0 1 7461 7527 7462
14695 2 2 0 1 7528 7527 7462
14696 2 2 0 1 7462 7528 7463
14697 2 2 0 1 7529 7528 7463
14698 2 2 0 1 7463 7529 7464
14699 2 2 0 1 7530 7529 7464
14700 2 2 0 1 7464 7530 7465
14701 2 2 0 1 7531 7530 7465
14702 2 2 0 1 7465 7531 7466
14703 2 2 0 1 7532 7531 7466
14704 2 2 0 1 7466 7532 7467
14705 2 2 0 1 7533 7532 7467
14706 2 2 0 1 7467 7533 7468
14707 2 2 0 1 7534 7533 7468
14708 2 2 0 1 7468 7534 7469
14709 2 2 0 1 7535 7534 7469
14710 2 2 0 1 7469 7535 7470
14711 2 2 0 1 7536 7535 7470
14712 2 2 0 1 7470 7536 7471
14713 2 2 0 1 7537 7536 7471
14714 2 2 0 1 7471 7537 7472
14715 2 2 0 1 7538 7537 7472
14716 2 2 0 1 7472 7538 7473
14717 2 2 0 1 7539 7538 7473
14718 2 2 0 1 7473 7539 7474
14719 2 2 0 1 7540 7539 7474
14720 2 2 0 1 7474 7540 7475
14721 2 2 0 1 7477 7541 7476
14722 2 2 0 1 7541 7542 7477
14723 2 2 0 1 7478 7542 7477
14724 2 2 0 1 7542 7543 7478
14725 2 2 0 1 7479 7543 7478
14726 2 2 0 1 7543 7544 7479
14727 2 2 0 1 7480 7544 7479
14728 2 2 0 1 7544 7545 7480
14729 2 2 0 1 7481 7545 7480
14730 2 2 0 1 7545 7546 7481
14731 2 2 0 1 7482 7546 7481
14732 2 2 0 1 7546 7547 7482
14733 2 2 0 1 7483 7547 7482
14734 2 2 0 1 7547 7548 7483
14735 2 2 0 1 7484 7548 7483
14736 2 2 0 1 7548 7549 7484
14737 2 2 0 1 7485 7549 7484
14738 2 2 0 1 7549 7550 7485
14739 2 2 0 1 7486 7550 7485
14740 2 2 0 1 7550 7551 7486
14741 2 2 0 1 7487 7551 7486
14742 2 2 0 1 7551 7552 7487
14743 2 2 0 1 7488 7552 7487
14744 2 2 0 1 7552 7553 7488
14745 2 2 0 1 7489 7553 7488
14746 2 2 0 1 7553 7554 7489
14747 2 2 0 1 7490 7554 7489
14748 2 2 0 1 7554 7555 7490
14749 2 2 0 1 7491 7555 7490
14750 2 2 0 1 7555 7556 7491
14751 2 2 0 1 7492 7556 7491
14752 2 2 0 1 7556 7557 7492
14753 2 2 0 1 7493 7557 7492
14754 2 2 0 1 7557 7558 7493
14755 2 2 0 1 7494 7558 7493
14756 2 2 0 1 7558 7559 7494
14757 2 2 0 1 7495 7559 7494
14758 2 2 0 1 7559 7560 7495
14759 2 2 0 1 7496 7560 7495
14760 2 2 0 1 7560 7561 7496
14761 2 2 0 1 7497 7561 7496
14762 2 2 0 1 7561 7562 7497
14763 2 2 0 1 7498 7562 7497
14764 2 2 0 1 7562 7563 7498
14765 2 2 0 1 7499 7563 7498
14766 2 2 0 1 7563 7564 7499
14767 2 2 0 1 7500 7564 7499
14768 2 2 0 1 7564 7565 7500
14769 2 2 0 1 7501 7565 7500
14770 2 2 0 1 7565 7566 7501
14771 2 2 0 1 7502 7566 7501
14772 2 2 0 1 7566 7567 7502
14773 2 2 0 1 7503 7567 7502
14774 2 2 0 1 7567 7568 7503
14775 2 2 0 1 7504 7568 7503
14776 2 2 0 1 7568 7569 7504
14777 2 2 0 1 7505 7569 7504
14778 2 2 0 1 7569 7570 7505
14779 2 2 0 1 7506 7570 7505
14780 2 2 0 1 7570 7571 7506
14781 2 2 0 1 7507 7571 7506
14782 2 2 0 1 7571 7572 7507
14783 2 2 0 1 7508 7572 7507
14784 2 2 0 1 7572 7573 7508
14785 2 2 0 1 7509 7573 7508
14786 2 2 0 1 7573 7574 7509
14787 2 2 0 1 7510 7574 7509
14788 2 2 0 1 7574 7575 7510
14789 2 2 0 1 7511 7575 7510
14790 2 2 0 1 7575 7576 7511
14791 2 2 0 1 7512 7576 7511
14792 2 2 0 1 7576 7577 7512
14793 2 2 0 1 7578 7577 7512
14794 2 2 0 1 7512 7578 7513
14795 2 2 0 1 7579 7578 7513
14796 2 2 0 1 7513 7579 7514
14797 2 2 0 1 7515 7579 7514
14798 2 2 0 1 7579 7580 7515
14799 2 2 0 1 7516 7580 7515
14800 2 2 0 1 7580 7581 7516
14801 2 2 0 1 7582 7581 7516
14802 2 2 0 1 7516 7582 7517
14803 2 2 0 1 7518 7582 7517
14804 2 2 0 1 7582 7583 7518
14805 2 2 0 1 7519 7583 7518
14806 2 2 0 1 7583 7584 7519
14807 2 2 0 1 7520 7584 7519
14808 2 2 0 1 7584 7585 7520
14809 2 2 0 1 7586 7585 7520
14810 2 2 0 1 7520 7586 7521
14811 2 2 0 1 7587 7586 7521
14812 2 2 0 1 7521 7587 7522
14813 2 2 0 1 7588 7587 7522
14814 2 2 0 1 7522 7588 7523
14815 2 2 0 1 7589 7588 7523
14816 2 2 0 1 7523 7589 7524
14817 2 2 0 1 7590 7589 7524
14818 2 2 0 1 7524 7590 7525
14819 2 2 0 1 7591 7590 7525
14820 2 2 0 1 7525 7591 7526
14821 2 2 0 1 7592 7591 7526
14822 2 2 0 1 7526 7592 7527
14823 2 2 0 1 7593 7592 7527
14824 2 2 0 1 7527 7593 7528
14825 2 2 0 1 7594 7593 7528
14826 2 2 0 1 7528 7594 7529
14827 2 2 0 1 7595 7594 7529
14828 2 2 0 1 7529 7595 7530
14829 2 2 0 1 7596 7595 7530
14830 2 2 0 1 7530 7596 7531
14831 2 2 0 1 7597 7596 7531
14832 2 2 0 1 7531 7597 7532
14833 2 2 0 1 7598 7597 7532
14834 2 2 0 1 7532 7598 7533
14835 2 2 0 1 7599 7598 7533
14836 2 2 0 1 7533 7599 7534
14837 2 2 0 1 7600 7599 7534
14838 2 2 0 1 7534 7600 7535
14839 2 2 0 1 7601 7600 7535
14840 2 2 0 1 7535 7601 7536
14841 2 2 0 1 7602 7601 7536
14842 2 2 0 1 7536 7602 7537
14843 2 2 0 1 7603 7602 7537
14844 2 2 0 1 7537 7603 7538
14845 2 2 0 1 7604 7603 7538
14846 2 2 0 1 7538 7604 7539
14847 2 2 0 1 7605 7604 7539
14848 2 2 0 1 7539 7605 7540
14849 2 2 0 1 7542 7606 7541
14850 2 2 0 1 7606 7607 7542
14851 2 2 0 1 7543 7607 7542
14852 2 2 0 1 7607 7608 7543
14853 2 2 0 1 7544 7608 7543
14854 2 2 0 1 7608 7609 7544
14855 2 2 0 1 7545 7609 7544
14856 2 2 0 1 7609 7610 7545
14857 2 2 0 1 7546 7610 7545
14858 2 2 0 1 7610 7611 7546
14859 2 2 0 1 7547 7611 7546
14860 2 2 0 1 7611 7612 7547
14861 2 2 0 1 7548 7612 7547
14862 2 2 0 1 7612 7613 7548
14863 2 2 0 1 7549 7613 7548
14864 2 2 0 1 7613 7614 7549
14865 2 2 0 1 7550 7614 7549
14866 2 2 0 1 7614 7615 7550
14867 2 2 0 1 7551 7615 7550
14868 2 2 0 1 7615 7616 7551
14869 2 2 0 1 7552 7616 7551
14870 2 2 0 1 7616 7617 7552
14871 2 2 0 1 7553 7617 7552
14872 2 2 0 1 7617 7618 7553
14873 2 2 0 1 7554 7618 7553
14874 2 2 0 1 7618 7619 7554
14875 2 2 0 1 7555 7619 7554
14876 2 2 0 1 7619 7620 7555
14877 2 2 0 1 7556 7620 7555
14878 2 2 0 1 7620 7621 7556
14879 2 2 0 1 7557 7621 7556
14880 2 2 0 1 7621 7622 7557
14881 2 2 0 1 7558 7622 7557
14882 2 2 0 1 7622 7623 7558
14883 2 2 0 1 7559 7623 7558
14884 2 2 0 1 7623 7624 7559
14885 2 2 0 1 7560 7624 7559
14886 2 2 0 1 7624 7625 7560
14887 2 2 0 1 7561 7625 7560
14888 2 2 0 1 7625 7626 7561
14889 2 2 0 1 7562 7626 7561
14890 2 2 0 1 7626 7627 7562
14891 2 2 0 1 7563 7627 7562
14892 2 2 0 1 7627 7628 7563
14893 2 2 0 1 7564 7628 7563
14894 2 2 0 1 7628 7629 7564
14895 2 2 0 1 7565 7629 7564
14896 2 2 0 1 7629 7630 7565
14897 2 2 0 1 7566 7630 7565
14898 2 2 0 1 7630 7631 7566
14899 2 2 0 1 7567 7631 7566
14900 2 2 0 1 7631 7632 7567
14901 2 2 0 1 7568 7632 7567
14902 2 2 0 1 7632 7633 7568
14903 2 2 0 1 7569 7633 7568
14904 2 2 0 1 7633 7634 7569
14905 2 2 0 1 7570 7634 7569
14906 2 2 0 1 7634 7635 7570
14907 2 2 0 1 7571 7635 7570
14908 2 2 0 1 7635 7636 7571
14909 2 2 0 1 7572 7636 7571
14910 2 2 0 1 7636 7637 7572
14911 2 2 0 1 7573 7637 7572
14912 2 2 0 1 7637 7638 7573
14913 2 2 0 1 7574 7638 7573
14914 2 2 0 1 7638 7639 7574
14915 2 2 0 1 7575 7639 7574
14916 2 2 0 1 7639 7640 7575
14917 2 2 0 1 7576 7640 7575
14918 2 2 0 1 7640 7641 7576
14919 2 2 0 1 7577 7641 7576
14920 2 2 0 1 7641 7642 7577
14921 2 2 0 1 7578 7642 7577
14922 2 2 0 1 7642 7643 7578
14923 2 2 0 1 7579 7643 7578
14924 2 2 0 1 7643 7644 7579
14925 2 2 0 1 7580 7644 7579
14926 2 2 0 1 7644 7645 7580
14927 2 2 0 1 7581 7645 7580
14928 2 2 0 1 7645 7646 7581
14929 2 2 0 1 7582 7646 7581
14930 2 2 0 1 7646 7647 7582
14931 2 2 0 1 7583 7647 7582
14932 2 2 0 1 7647 7648 7583
14933 2 2 0 1 7584 7648 7583
14934 2 2 0 1 7648 7649 7584
14935 2 2 0 1 7585 7649 7584
14936 2 2 0 1 7649 7650 7585
14937 2 2 0 1 7586 7650 7585
14938 2 2 0 1 7650 7651 7586
14939 2 2 0 1 7587 7651 7586
14940 2 2 0 1 7651 7652 7587
14941 2 2 0 1 7588 7652 7587
14942 2 2 0 1 7652 7653 7588
14943 2 2 0 1 7654 7653 7588
14944 2 2 0 1 7588 7654 7589
14945 2 2 0 1 7655 7654 7589
14946 2 2 0 1 7589 7655 7590
14947 2 2 0 1 7656 7655 7590
14948 2 2 0 1 7590 7656 7591
14949 2 2 0 1 7657 7656 7591
14950 2 2 0 1 7591 7657 7592
14951 2 2 0 1 7658 7657 7592
14952 2 2 0 1 7592 7658 7593
14953 2 2 0 1 7659 7658 7593
14954 2 2 0 1 7593 7659 7594
14955 2 2 0 1 7660 7659 7594
14956 2 2 0 1 7594 7660 7595
14957 2 2 0 1 7661 7660 7595
14958 2 2 0 1 7595 7661 7596
14959 2 2 0 1 7662 7661 7596
14960 2 2 0 1 7596 7662 7597
14961 2 2 0 1 7663 7662 7597
14962 2 2 0 1 7597 7663 7598
14963 2 2 0 1 7664 7663 7598
14964 2 2 0 1 7598 7664 7599
14965 2 2 0 1 7665 7664 7599
14966 2 2 0 1 7599 7665 7600
14967 2 2 0 1 7666 7665 7600
14968 2 2 0 1 7600 7666 7601
14969 2 2 0 1 7667 7666 7601
14970 2 2 0 1 7601 7667 7602
14971 2 2 0 1 7668 7667 7602
14972 2 2 0 1 7602 7668 7603
14973 2 2 0 1 7669 7668 7603
14974 2 2 0 1 7603 7669 7604
14975 2 2 0 1 7670 7669 7604
14976 2 2 0 1 7604 7670 7605
14977 2 2 0 1 7607 7671 7606
14978 2 2 0 1 7671 7672 7607
14979 2 2 0 1 7608 7672 7607
14980 2 2 0 1 7672 7673 7608
14981 2 2 0 1 7609 7673 7608
14982 2 2 0 1 7673 7674 7609
14983 2 2 0 1 7610 7674 7609
14984 2 2 0 1 7674 7675 7610
14985 2 2 0 1 7611 7675 7610
14986 2 2 0 1 7675 7676 7611
14987 2 2 0 1 7612 7676 7611
14988 2 2 0 1 7676 7677 7612
14989 2 2 0 1 7613 7677 7612
14990 2 2 0 1 7677 7678 7613
14991 2 2 0 1 7614 7678 7613
14992 2 2 0 1 7678 7679 7614
14993 2 2 0 1 7615 7679 7614
14994 2 2 0 1 7679 7680 7615
14995 2 2 0 1 7616 7680 7615
14996 2 2 0 1 7680 7681 7616
14997 2 2 0 1 7617 7681 7616
14998 2 2 0 1 7681 7682 7617
14999 2 2 0 1 7618 7682 7617
15000 2 2 0 1 7682 7683 7618
15001 2 2 0 1 7619 7683 7618
15002 2 2 0 1 7683 7684 7619
15003 2 2 0 1 7620 7684 7619
15004 2 2 0 1 7684 7685 7620
15005 2 2 0 1 7621 7685 7620
15006 2 2 0 1 7685 7686 7621
15007 2 2 0 1 7622 7686 7621
15008 2 2 0 1 7686 7687 7622
15009 2 2 0 1 7623 7687 7622
15010 2 2 0 1 7687 7688 7623
15011 2 2 0 1 7624 7688 7623
15012 2 2 0 1 7688 7689 7624
15013 2 2 0 1 7625 7689 7624
15014 2 2 0 1 7689 7690 7625
15015 2 2 0 1 7626 7690 7625
15016 2 2 0 1 7690 7691 7626
15017 2 2 0 1 7627 7691 7626
15018 2 2 0 1 7691 7692 7627
15019 2 2 0 1 7628 7692 7627
15020 2 2 0 1 7692 7693 7628
15021 2 2 0 1 7629 7693 7628
15022 2 2 0 1 7693 7694 7629
15023 2 2 0 1 7630 7694 7629
15024 2 2 0 1 7694 7695 7630
15025 2 2 0 1 7631 7695 7630
15026 2 2 0 1 7695 7696 7631
15027 2 2 0 1 7632 7696 7631
15028 2 2 0 1 7696 7697 7632
15029 2 2 0 1 7633 7697 7632
15030 2 2 0 1 7697 7698 7633
15031 2 2 0 1 7634 7698 7633
15032 2 2 0 1 7698 7699 7634
15033 2 2 0 1 7635 7699 7634
15034 2 2 0 1 7699 7700 7635
15035 2 2 0 1 7636 7700 7635
15036 2 2 0 1 7700 7701 7636
15037 2 2 0 1 7637 7701 7636
15038 2 2 0 1 7701 7702 7637
15039 2 2 0 1 7638 7702 7637
15040 2 2 0 1 7702 7703 7638
15041 2 2 0 1 7639 7703 7638
15042 2 2 0 1 7703 7704 7639
15043 2 2 0 1 7640 7704 7639
15044 2 2 0 1 7704 7705 7640
15045 2 2 0 1 7641 7705 7640
15046 2 2 0 1 7705 7706 7641
15047 2 2 0 1 7642 7706 7641
15048 2 2 0 1 7706 7707 7642
15049 2 2 0 1 7643 7707 7642
15050 2 2 0 1 7707 7708 7643
15051 2 2 0 1 7644 7708 7643
15052 2 2 0 1 7708 7709 7644
15053 2 2 0 1 7645 7709 7644
15054 2 2 0 1 7709 7710 7645
15055 2 2 0 1 7646 7710 7645
15056 2 2 0 1 7710 7711 7646
15057 2 2 0 1 7647 7711 7646
15058 2 2 0 1 7711 7712 7647
15059 2 2 0 1 7648 7712 7647
15060 2 2 0 1 7712 7713 7648
15061 2 2 0 1 7649 7713 7648
15062 2 2 0 1 7713 7714 7649
15063 2 2 0 1 7650 7714 7649
15064 2 2 0 1 7714 7715 7650
15065 2 2 0 1 7651 7715 7650
15066 2 2 0 1 7715 7716 7651
15067 2 2 0 1 7652 7716 7651
15068 2 2 0 1 7716 7717 7652
15069 2 2 0 1 7653 7717 7652
15070 2 2 0 1 7717 7718 7653
15071 2 2 0 1 7654 7718 7653
15072 2 2 0 1 7718 7719 7654
15073 2 2 0 1 7655 7719 7654
15074 2 2 0 1 7719 7720 7655
15075 2 2 0 1 7721 7720 7655
15076 2 2 0 1 7655 7721 7656
15077 2 2 0 1 7722 7721 7656
15078 2 2 0 1 7656 7722 7657
15079 2 2 0 1 7723 7722 7657
15080 2 2 0 1 7657 7723 7658
15081 2 2 0 1 7724 7723 7658
15082 2 2 0 1 7658 7724 7659
15083 2 2 0 1 7725 7724 7659
15084 2 2 0 1 7659 7725 7660
15085 2 2 0 1 7726 7725 7660
15086 2 2 0 1 7660 7726 7661
15087 2 2 0 1 7727 7726 7661
15088 2 2 0 1 7661 7727 7662
15089 2 2 0 1 7728 7727 7662
15090 2 2 0 1 7662 7728 7663
15091 2 2 0 1 7729 7728 7663
15092 2 2 0 1 7663 7729 7664
15093 2 2 0 1 7730 7729 7664
15094 2 2 0 1 7664 7730 7665
15095 2 2 0 1 7731 7730 7665
15096 2 2 0 1 7665 7731 7666
15097 2 2 0 1 7732 7731 7666
15098 2 2 0 1 7666 7732 7667
15099 2 2 0 1 7733 7732 7667
15100 2 2 0 1 7667 7733 7668
15101 2 2 0 1 7734 7733 7668
15102 2 2 0 1 7668 7734 7669
15103 2 2 0 1 7735 7734 7669
15104 2 2 0 1 7669 7735 7670
15105 2 2 0 1 7672 7736 7671
15106 2 2 0 1 7736 7737 7672
15107 2 2 0 1 7673 7737 7672
15108 2 2 0 1 7737 7738 7673
15109 2 2 0 1 7674 7738 7673
15110 2 2 0 1 7738 7739 7674
15111 2 2 0 1 7675 7739 7674
15112 2 2 0 1 7739 7740 7675
15113 2 2 0 1 7676 7740 7675
15114 2 2 0 1 7740 7741 7676
15115 2 2 0 1 7677 7741 7676
15116 2 2 0 1 7741 7742 7677
15117 2 2 0 1 7678 7742 7677
15118 2 2 0 1 7742 7743 7678
15119 2 2 0 1 7679 7743 7678
15120 2 2 0 1 7743 7744 7679
15121 2 2 0 1 7680 7744 7679
15122 2 2 0 1 7744 7745 7680
15123 2 2 0 1 7681 7745 7680
15124 2 2 0 1 7745 7746 7681
15125 2 2 0 1 7682 7746 7681
15126 2 2 0 1 7746 7747 7682
15127 2 2 0 1 7683 7747 7682
15128 2 2 0 1 7747 7748 7683
15129 2 2 0 1 7684 7748 7683
15130 2 2 0 1 7748 7749 7684
15131 2 2 0 1 7685 7749 7684
15132 2 2 0 1 7749 7750 7685
15133 2 2 0 1 7686 7750 7685
15134 2 2 0 1 7750 7751 7686
15135 2 2 0 1 7687 7751 7686
15136 2 2 0 1 7751 7752 7687
15137 2 2 0 1 7688 7752 7687
15138 2 2 0 1 7752 7753 7688
15139 2 2 0 1 7689 7753 7688
15140 2 2 0 1 7753 7754 7689
15141 2 2 0 1 7690 7754 7689
15142 2 2 0 1 7754 7755 7690
15143 2 2 0 1 7691 7755 7690
15144 2 2 0 1 7755 7756 7691
15145 2 2 0 1 7692 7756 7691
15146 2 2 0 1 7756 7757 7692
15147 2 2 0 1 7693 7757 7692
15148 2 2 0 1 7757 7758 7693
15149 2 2 0 1 7694 7758 7693
15150 2 2 0 1 7758 7759 7694
15151 2 2 0 1 7695 7759 7694
15152 2 2 0 1 7759 7760 7695
15153 2 2 0 1 7696 7760 7695
15154 2 2 0 1 7760 7761 7696
15155 2 2 0 1 7697 7761 7696
15156 2 2 0 1 7761 7762 7697
15157 2 2 0 1 7698 7762 7697
15158 2 2 0 1 7762 7763 7698
15159 2 2 0 1 7699 7763 7698
15160 2 2 0 1 7763 7764 7699
15161 2 2 0 1 7700 7764 7699
15162 2 2 0 1 7764 7765 7700
15163 2 2 0 1 7701 7765 7700
15164 2 2 0 1 7765 7766 7701
15165 2 2 0 1 7702 7766 7701
15166 2 2 0 1 7766 7767 7702
15167 2 2 0 1 7703 7767 7702
15168 2 2 0 1 7767 7768 7703
15169 2 2 0 1 7704 7768 7703
15170 2 2 0 1 7768 7769 7704
15171 2 2 0 1 7705 7769 7704
15172 2 2 0 1 7769 7770 7705
15173 2 2 0 1 7706 7770 7705
15174 2 2 0 1 7770 7771 7706
15175 2 2 0 1 7707 7771 7706
15176 2 2 0 1 7771 7772 7707
15177 2 2 0 1 7708 7772 7707
15178 2 2 0 1 7772 7773 7708
15179 2 2 0 1 7709 7773 7708
15180 2 2 0 1 7773 7774 7709
15181 2 2 0 1 7710 7774 7709
15182 2 2 0 1 7774 7775 7710
15183 2 2 0 1 7711 7775 7710
15184 2 2 0 1 7775 7776 7711
15185 2 2 0 1 7712 7776 7711
15186 2 2 0 1 7776 7777 7712
15187 2 2 0 1 7713 7777 7712
15188 2 2 0 1 7777 7778 7713
15189 2 2 0 1 7714 7778 7713
15190 2 2 0 1 7778 7779 7714
15191 2 2 0 1 7715 7779 7714
15192 2 2 0 1 7779 7780 7715
15193 2 2 0 1 7716 7780 7715
15194 2 2 0 1 7780 7781 7716
15195 2 2 0 1 7717 7781 7716
15196 2 2 0 1 7781 7782 7717
15197 2 2 0 1 7718 7782 7717
15198 2 2 0 1 7782 7783 7718
15199 2 2 0 1 7719 7783 7718
15200 2 2 0 1 7783 7784 7719
15201 2 2 0 1 7720 7784 7719
15202 2 2 0 1 7784 7785 7720
15203 2 2 0 1 7721 7785 7720
15204 2 2 0 1 7785 7786 7721
15205 2 2 0 1 7722 7786 7721
15206 2 2 0 1 7786 7787 7722
15207 2 2 0 1 7788 7787 7722
15208 2 2 0 1 7722 7788 7723
15209 2 2 0 1 7789 7788 7723
15210 2 2 0 1 7723 7789 7724
15211 2 2 0 1 7790 7789 7724
15212 2 2 0 1 7724 7790 7725
15213 2 2 0 1 7791 7790 7725
15214 2 2 0 1 7725 7791 7726
15215 2 2 0 1 7792 7791 7726
15216 2 2 0 1 7726 7792 7727
15217 2 2 0 1 7793 7792 7727
15218 2 2 0 1 7727 7793 7728
15219 2 2 0 1 7794 7793 7728
15220 2 2 0 1 7728 7794 7729
15221 2 2 0 1 7795 7794 7729
15222 2 2 0 1 7729 7795 7730
15223 2 2 0 1 7796 7795 7730
15224 2 2 0 1 7730 7796 7731
15225 2 2 0 1 7797 7796 7731
15226 2 2 0 1 7731 7797 7732
15227 2 2 0 1 7798 7797 7732
15228 2 2 0 1 7732 7798 7733
15229 2 2 0 1 7799 7798 7733
15230 2 2 0 1 7733 7799 7734
15231 2 2 0 1 7800 7799 7734
15232 2 2 0 1 7734 7800 7735
15233 2 2 0 1 7737 7801 7736
15234 2 2 0 1 7801 7802 7737
15235 2 2 0 1 7738 7802 7737
15236 2 2 0 1 7802 7803 7738
15237 2 2 0 1 7739 7803 7738
15238 2 2 0 1 7803 7804 7739
15239 2 2 0 1 7740 7804 7739
15240 2 2 0 1 7804 7805 7740
15241 2 2 0 1 7741 7805 7740
15242 2 2 0 1 7805 7806 7741
15243 2 2 0 1 7742 7806 7741
15244 2 2 0 1 7806 7807 7742
15245 2 2 0 1 7743 7807 7742
15246 2 2 0 1 7807 7808 7743
15247 2 2 0 1 7744 7808 7743
15248 2 2 0 1 7808 7809 7744
15249 2 2 0 1 7745 7809 7744
15250 2 2 0 1 7809 7810 7745
15251 2 2 0 1 7746 7810 7745
15252 2 2 0 1 7810 7811 7746
15253 2 2 0 1 7747 7811 7746
15254 2 2 0 1 7811 7812 7747
15255 2 2 0 1 7748 7812 7747
15256 2 2 0 1 7812 7813 7748
15257 2 2 0 1 7749 7813 7748
15258 2 2 0 1 7813 7814 7749
15259 2 2 0 1 7750 7814 7749
15260 2 2 0 1 7814 7815 7750
15261 2 2 0 1 7751 7815 7750
15262 2 2 0 1 7815 7816 7751
15263 2 2 0 1 7752 7816 7751
15264 2 2 0 1 7816 7817 7752
15265 2 2 0 1 7753 7817 7752
15266 2 2 0 1 7817 7818 7753
15267 2 2 0 1 7754 7818 7753
15268 2 2 0 1 7818 7819 7754
15269 2 2 0 1 7755 7819 7754
15270 2 2 0 1 7819 7820 7755
15271 2 2 0 1 7756 7820 7755
15272 2 2 0 1 7820 7821 7756
15273 2 2 0 1 7757 7821 7756
15274 2 2 0 1 7821 7822 7757
15275 2 2 0 1 7758 7822 7757
15276 2 2 0 1 7822 7823 7758
15277 2 2 0 1 7759 7823 7758
15278 2 2 0 1 7823 7824 7759
15279 2 2 0 1 7760 7824 7759
15280 2 2 0 1 7824 7825 7760
15281 2 2 0 1 7761 7825 7760
15282 2 2 0 1 7825 7826 7761
15283 2 2 0 1 7762 7826 7761
15284 2 2 0 1 7826 7827 7762
15285 2 2 0 1 7763 7827 7762
15286 2 2 0 1 7827 7828 7763
15287 2 2 0 1 7764 7828 7763
15288 2 2 0 1 7828 7829 7764
15289 2 2 0 1 7765 7829 7764
15290 2 2 0 1 7829 7830 7765
15291 2 2 0 1 7766 7830 7765
15292 2 2 0 1 7830 7831 7766
15293 2 2 0 1 7767 7831 7766
15294 2 2 0 1 7831 7832 7767
15295 2 2 0 1 7768 7832 7767
15296 2 2 0 1 7832 7833 7768
15297 2 2 0 1 7769 7833 7768
15298 2 2 0 1 7833 7834 7769
15299 2 2 0 1 7770 7834 7769
15300 2 2 0 1 7834 7835 7770
15301 2 2 0 1 7771 7835 7770
15302 2 2 0 1 7835 7836 7771
15303 2 2 0 1 7772 7836 7771
15304 2 2 0 1 7836 7837 7772
15305 2 2 0 1 7773 7837 7772
15306 2 2 0 1 7837 7838 7773
15307 2 2 0 1 7774 7838 7773
15308 2 2 0 1 7838 7839 7774
15309 2 2 0 1 7775 7839 7774
15310 2 2 0 1 7839 7840 7775
15311 2 2 0 1 7776 7840 7775
15312 2 2 0 1 7840 7841 7776
15313 2 2 0 1 7777 7841 7776
15314 2 2 0 1 7841 7842 7777
15315 2 2 0 1 7778 7842 7777
15316 2 2 0 1 7842 7843 7778
15317 2 2 0 1 7779 7843 7778
15318 2 2 0 1 7843 7844 7779
15319 2 2 0 1 7780 7844 7779
15320 2 2 0 1 7844 7845 7780
15321 2 2 0 1 7781 7845 7780
15322 2 2 0 1 7845 7846 7781
15323 2 2 0 1 7782 7846 7781
15324 2 2 0 1 7846 7847 7782
15325 2 2 0 1 7783 7847 7782
15326 2 2 0 1 7847 7848 7783
15327 2 2 0 1 7784 7848 7783
15328 2 2 0 1 7848 7849 7784
15329 2 2 0 1 7785 7849 7784
15330 2 2 0 1 7849 7850 7785
15331 2 2 0 1 7786 7850 7785
15332 2 2 0 1 7850 7851 7786
15333 2 2 0 1 7787 7851 7786
15334 2 2 0 1 7851 7852 7787
15335 2 2 0 1 7788 7852 7787
15336 2 2 0 1 7852 7853 7788
15337 2 2 0 1 7789 7853 7788
15338 2 2 0 1 7853 7854 7789
15339 2 2 0 1 7855 7854 7789
15340 2 2 0 1 7789 7855 7790
15341 2 2 0 1 7856 7855 7790
15342 2 2 0 1 7790 7856 7791
15343 2 2 0 1 7857 7856 7791
15344 2 2 0 1 7791 7857 7792
15345 2 2 0 1 7858 7857 7792
15346 2 2 0 1 7792 7858 7793
15347 2 2 0 1 7859 7858 7793
15348 2 2 0 1 7793 7859 7794
15349 2 2 0 1 7860 7859 7794
15350 2 2 0 1 7794 7860 7795
15351 2 2 0 1 7861 7860 7795
15352 2 2 0 1 7795 7861 7796
15353 2 2 0 1 7862 7861 7796
15354 2 2 0 1 7796 7862 7797
15355 2 2 0 1 7863 7862 7797
15356 2 2 0 1 7797 7863 7798
15357 2 2 0 1 7864 7863 7798
15358 2 2 0 1 7798 7864 7799
15359 2 2 0 1 7865 7864 7799
15360 2 2 0 1 7799 7865 7800
15361 2 2 0 1 7802 7866 7801
15362 2 2 0 1 7866 7867 7802
15363 2 2 0 1 7803 7867 7802
15364 2 2 0 1 7867 7868 7803
15365 2 2 0 1 7804 7868 7803
15366 2 2 0 1 7868 7869 7804
15367 2 2 0 1 7805 7869 7804
15368 2 2 0 1 7869 7870 7805
15369 2 2 0 1 7806 7870 7805
15370 2 2 0 1 7870 7871 7806
15371 2 2 0 1 7807 7871 7806
15372 2 2 0 1 7871 7872 7807
15373 2 2 0 1 7808 7872 7807
15374 2 2 0 1 7872 7873 7808
15375 2 2 0 1 7809 7873 7808
15376 2 2 0 1 7873 7874 7809
15377 2 2 0 1 7810 7874 7809
15378 2 2 0 1 7874 7875 7810
15379 2 2 0 1 7811 7875 7810
15380 2 2 0 1 7875 7876 7811
15381 2 2 0 1 7812 7876 7811
15382 2 2 0 1 7876 7877 7812
15383 2 2 0 1 7813 7877 7812
15384 2 2 0 1 7877 7878 7813
15385 2 2 0 1 7814 7878 7813
15386 2 2 0 1 7878 7879 7814
15387 2 2 0 1 7815 7879 7814
15388 2 2 0 1 7879 7880 7815
15389 2 2 0 1 7816 7880 7815
15390 2 2 0 1 7880 7881 7816
15391 2 2 0 1 7817 7881 7816
15392 2 2 0 1 7881 7882 7817
15393 2 2 0 1 7818 7882 7817
15394 2 2 0 1 7882 7883 7818
15395 2 2 0 1 7819 7883 7818
15396 2 2 0 1 7883 7884 7819
15397 2 2 0 1 7820 7884 7819
15398 2 2 0 1 7884 7885 7820
15399 2 2 0 1 7821 7885 7820
15400 2 2 0 1 7885 7886 7821
15401 2 2 0 1 7822 7886 7821
15402 2 2 0 1 7886 7887 7822
15403 2 2 0 1 7823 7887 7822
15404 2 2 0 1 7887 7888 7823
15405 2 2 0 1 7824 7888 7823
15406 2 2 0 1 7888 7889 7824
15407 2 2 0 1 7825 7889 7824
15408 2 2 0 1 7889 7890 7825
15409 2 2 0 1 7826 7890 7825
15410 2 2 0 1 7890 7891 7826
15411 2 2 0 1 7827 7891 7826
15412 2 2 0 1 7891 7892 7827
15413 2 2 0 1 7828 7892 7827
15414 2 2 0 1 7892 7893 7828
15415 2 2 0 1 7829 7893 7828
15416 2 2 0 1 7893 7894 7829
15417 2 2 0 1 7830 7894 7829
15418 2 2 0 1 7894 7895 7830
15419 2 2 0 1 7831 7895 7830
15420 2 2 0 1 7895 7896 7831
15421 2 2 0 1 7832 7896 7831
15422 2 2 0 1 7896 7897 7832
15423 2 2 0 1 7833 7897 7832
15424 2 2 0 1 7897 7898 7833
15425 2 2 0 1 7834 7898 7833
15426 2 2 0 1 7898 7899 7834
15427 2 2 0 1 7835 7899 7834
15428 2 2 0 1 7899 7900 7835
15429 2 2 0 1 7836 7900 7835
15430 2 2 0 1 7900 7901 7836
15431 2 2 0 1 7837 7901 7836
15432 2 2 0 1 7901 7902 7837
15433 2 2 0 1 7838 7902 7837
15434 2 2 0 1 7902 7903 7838
15435 2 2 0 1 7839 7903 7838
15436 2 2 0 1 7903 7904 7839
15437 2 2 0 1 7840 7904 7839
15438 2 2 0 1 7904 7905 7840
15439 2 2 0 1 7841 7905 7840
15440 2 2 0 1 7905 7906 7841
15441 2 2 0 1 7842 7906 7841
15442 2 2 0 1 7906 7907 7842
15443 2 2 0 1 7843 7907 7842
15444 2 2 0 1 7907 7908 7843
15445 2 2 0 1 7844 7908 7843
15446 2 2 0 1 7908 7909 7844
15447 2 2 0 1 7845 7909 7844
15448 2 2 0 1 7909 7910 7845
15449 2 2 0 1 7846 7910 7845
15450 2 2 0 1 7910 7911 7846
15451 2 2 0 1 7847 7911 7846
15452 2 2 0 1 7911 7912 7847
15453 2 2 0 1 7848 7912 7847
15454 2 2 0 1 7912 7913 7848
15455 2 2 0 1 7849 7913 7848
15456 2 2 0 1 7913 7914 7849
15457 2 2 0 1 7850 7914 7849
15458 2 2 0 1 7914 7915 7850
15459 2 2 0 1 7851 7915 7850
15460 2 2 0 1 7915 7916 7851
15461 2 2 0 1 7852 7916 7851
15462 2 2 0 1 7916 7917 7852
15463 2 2 0 1 7853 7917 7852
15464 2 2 0 1 7917 7918 7853
15465 2 2 0 1 7854 7918 7853
15466 2 2 0 1 7918 7919 7854
15467 2 2 0 1 7855 7919 7854
15468 2 2 0 1 7919 7920 7855
15469 2 2 0 1 7856 7920 7855
15470 2 2 0 1 7920 7921 7856
15471 2 2 0 1 7922 7921 7856
15472 2 2 0 1 7856 7922 7857
15473 2 2 0 1 7923 7922 7857
15474 2 2 0 1 7857 7923 7858
15475 2 2 0 1 7924 7923 7858
15476 2 2 0 1 7858 7924 7859
15477 2 2 0 1 7925 7924 7859
15478 2 2 0 1 7859 7925 7860
15479 2 2 0 1 7926 7925 7860
15480 2 2 0 1 7860 7926 7861
15481 2 2 0 1 7927 7926 7861
15482 2 2 0 1 7861 7927 7862
15483 2 2 0 1 7928 7927 7862
15484 2 2 0 1 7862 7928 7863
15485 2 2 0 1 7929 7928 7863
15486 2 2 0 1 7863 7929 7864
15487 2 2 0 1 7930 7929 7864
15488 2 2 0 1 7864 7930 7865
15489 2 2 0 1 7867 7931 7866
15490 2 2 0 1 7931 7932 7867
15491 2 2 0 1 7868 7932 7867
15492 2 2 0 1 7932 7933 7868
15493 2 2 0 1 7869 7933 7868
15494 2 2 0 1 7933 7934 7869
15495 2 2 0 1 7870 7934 7869
15496 2 2 0 1 7934 7935 7870
15497 2 2 0 1 7871 7935 7870
15498 2 2 0 1 7935 7936 7871
15499 2 2 0 1 7872 7936 7871
15500 2 2 0 1 7936 7937 7872
15501 2 2 0 1 7873 7937 7872
15502 2 2 0 1 7937 7938 7873
15503 2 2 0 1 7874 7938 7873
15504 2 2 0 1 7938 7939 7874
15505 2 2 0 1 7875 7939 7874
15506 2 2 0 1 7939 7940 7875
15507 2 2 0 1 7876 7940 7875
15508 2 2 0 1 7940 7941 7876
15509 2 2 0 1 7877 7941 7876
15510 2 2 0 1 7941 7942 7877
15511 2 2 0 1 7878 7942 7877
15512 2 2 0 1 7942 7943 7878
15513 2 2 0 1 7879 7943 7878
15514 2 2 0 1 7943 7944 7879
15515 2 2 0 1 7880 7944 7879
15516 2 2 0 1 7944 7945 7880
15517 2 2 0 1 7881 7945 7880
15518 2 2 0 1 7945 7946 7881
15519 2 2 0 1 7882 7946 7881
15520 2 2 0 1 7946 7947 7882
15521 2 2 0 1 7883 7947 7882
15522 2 2 0 1 7947 7948 7883
15523 2 2 0 1 7884 7948 7883
15524 2 2 0 1 7948 7949 7884
15525 2 2 0 1 7885 7949 7884
15526 2 2 0 1 7949 7950 7885
15527 2 2 0 1 7886 7950 7885
15528 2 2 0 1 7950 7951 7886
15529 2 2 0 1 7887 7951 7886
15530 2 2 0 1 7951 7952 7887
15531 2 2 0 1 7888 7952 7887
15532 2 2 0 1 7952 7953 7888
15533 2 2 0 1 7889 7953 7888
15534 2 2 0 1 7953 7954 7889
15535 2 2 0 1 7890 7954 7889
15536 2 2 0 1 7954 7955 7890
15537 2 2 0 1 7891 7955 7890
15538 2 2 0 1 7955 7956 7891
15539 2 2 0 1 7892 7956 7891
15540 2 2 0 1 7956 7957 7892
15541 2 2 0 1 7893 7957 7892
15542 2 2 0 1 7957 7958 7893
15543 2 2 0 1 7894 7958 7893
15544 2 2 0 1 7958 7959 7894
15545 2 2 0 1 7895 7959 7894
15546 2 2 0 1 7959 7960 7895
15547 2 2 0 1 7896 7960 7895
15548 2 2 0 1 7960 7961 7896
15549 2 2 0 1 7897 7961 7896
15550 2 2 0 1 7961 7962 7897
15551 2 2 0 1 7898 7962 7897
15552 2 2 0 1 7962 7963 7898
15553 2 2 0 1 7899 7963 7898
15554 2 2 0 1 7963 7964 7899
15555 2 2 0 1 7900 7964 7899
15556 2 2 0 1 7964 7965 7900
15557 2 2 0 1 7901 7965 7900
15558 2 2 0 1 7965 7966 7901
15559 2 2 0 1 7902 7966 7901
15560 2 2 0 1 7966 7967 7902
15561 2 2 0 1 7903 7967 7902
15562 2 2 0 1 7967 7968 7903
15563 2 2 0 1 7904 7968 7903
15564 2 2 0 1 7968 7969 7904
15565 2 2 0 1 7905 7969 7904
15566 2 2 0 1 7969 7970 7905
15567 2 2 0 1 7906 7970 7905
15568 2 2 0 1 7970 7971 7906
15569 2 2 0 1 7907 7971 7906
15570 2 2 0 1 7971 7972 7907
15571 2 2 0 1 7908 7972 7907
15572 2 2 0 1 7972 7973 7908
15573 2 2 0 1 7909 7973 7908
15574 2 2 0 1 7973 7974 7909
15575 2 2 0 1 7910 7974 7909
15576 2 2 0 1 7974 7975 7910
15577 2 2 0 1 7911 7975 7910
15578 2 2 0 1 7975 7976 7911
15579 2 2 0 1 7912 7976 7911
15580 2 2 0 1 7976 7977 7912
15581 2 2 0 1 7913 7977 7912
15582 2 2 0 1 7977 7978 7913
15583 2 2 0 1 7914 7978 7913
15584 2 2 0 1 7978 7979 7914
15585 2 2 0 1 7915 7979 7914
15586 2 2 0 1 7979 7980 7915
15587 2 2 0 1 7916 7980 7915
15588 2 2 0 1 7980 7981 7916
15589 2 2 0 1 7917 7981 7916
15590 2 2 0 1 7981 7982 7917
15591 2 2 0 1 7918 7982 7917
15592 2 2 0 1 7982 7983 7918
15593 2 2 0 1 7919 7983 7918
15594 2 2 0 1 7983 7984 7919
15595 2 2 0 1 7920 7984 7919
15596 2 2 0 1 7984 7985 7920
15597 2 2 0 1 7921 7985 7920
15598 2 2 0 1 7985 7986 7921
15599 2 2 0 1 7922 7986 7921
15600 2 2 0 1 7986 7987 7922
15601 2 2 0 1 7988 7987 7922
15602 2 2 0 1 7922 7988 7923
15603 2 2 0 1 7989 7988 7923
15604 2 2 0 1 7923 7989 7924
15605 2 2 0 1 7990 7989 7924
15606 2 2 0 1 7924 7990 7925
15607 2 2 0 1 7991 7990 7925
15608 2 2 0 1 7925 7991 7926
15609 2 2 0 1 7992 7991 7926
15610 2 2 0 1 7926 7992 7927
15611 2 2 0 1 7993 7992 7927
15612 2 2 0 1 7927 7993 7928
15613 2 2 0 1 7994 7993 7928
15614 2 2 0 1 7928 7994 7929
15615 2 2 0 1 7995 7994 7929
15616 2 2 0 1 7929 7995 7930
15617 2 2 0 1 7932 7996 7931
15618 2 2 0 1 7996 7997 7932
15619 2 2 0 1 7933 7997 7932
15620 2 2 0 1 7997 7998 7933
15621 2 2 0 1 7934 7998 7933
15622 2 2 0 1 7998 7999 7934
15623 2 2 0 1 7935 7999 7934
15624 2 2 0 1 7999 8000 7935
15625 2 2 0 1 7936 8000 7935
15626 2 2 0 1 8000 8001 7936
15627 2 2 0 1 7937 8001 7936
15628 2 2 0 1 8001 8002 7937
15629 2 2 0 1 7938 8002 7937
15630 2 2 0 1 8002 8003 7938
15631 2 2 0 1 7939 8003 7938
15632 2 2 0 1 8003 8004 7939
15633 2 2 0 1 7940 8004 7939
15634 2 2 0 1 8004 8005 7940
15635 2 2 0 1 7941 8005 7940
15636 2 2 0 1 8005 8006 7941
15637 2 2 0 1 7942 8006 7941
15638 2 2 0 1 8006 8007 7942
15639 2 2 0 1 7943 8007 7942
15640 2 2 0 1 8007 8008 7943
15641 2 2 0 1 7944 8008 7943
15642 2 2 0 1 8008 8009 7944
15643 2 2 0 1 7945 8009 7944
15644 2 2 0 1 8009 8010 7945
15645 2 2 0 1 7946 8010 7945
15646 2 2 0 1 8010 8011 7946
15647 2 2 0 1 7947 8011 7946
15648 2 2 0 1 8011 8012 7947
15649 2 2 0 1 7948 8012 7947
15650 2 2 0 1 8012 8013 7948
15651 2 2 0 1 7949 8013 7948
15652 2 2 0 1 8013 8014 7949
15653 2 2 0 1 7950 8014 7949
15654 2 2 0 1 8014 8015 7950
15655 2 2 0 1 7951 8015 7950
15656 2 2 0 1 8015 8016 7951
15657 2 2 0 1 7952 8016 7951
15658 2 2 0 1 8016 8017 7952
15659 2 2 0 1 7953 8017 7952
15660 2 2 0 1 8017 8018 7953
15661 2 2 0 1 7954 8018 7953
15662 2 2 0 1 8018 8019 7954
15663 2 2 0 1 7955 8019 7954
15664 2 2 0 1 8019 8020 7955
15665 2 2 0 1 7956 8020 7955
15666 2 2 0 1 8020 8021 7956
15667 2 2 0 1 7957 8021 7956
15668 2 2 0 1 8021 8022 7957
15669 2 2 0 1 7958 8022 7957
15670 2 2 0 1 8022 8023 7958
15671 2 2 0 1 7959 8023 7958
15672 2 2 0 1 8023 8024 7959
15673 2 2 0 1 7960 8024 7959
15674 2 2 0 1 8024 8025 7960
15675 2 2 0 1 7961 8025 7960
15676 2 2 0 1 8025 8026 7961
15677 2 2 0 1 7962 8026 7961
15678 2 2 0 1 8026 8027 7962
15679 2 2 0 1 7963 8027 7962
15680 2 2 0 1 8027 8028 7963
15681 2 2 0 1 7964 8028 7963
15682 2 2 0 1 8028 8029 7964
15683 2 2 0 1 7965 8029 7964
15684 2 2 0 1 8029 8030 7965
15685 2 2 0 1 7966 8030 7965
15686 2 2 0 1 8030 8031 7966
15687 2 2 0 1 7967 8031 7966
15688 2 2 0 1 8031 8032 7967
15689 2 2 0 1 7968 8032 7967
15690 2 2 0 1 8032 8033 7968
15691 2 2 0 1 7969 8033 7968
15692 2 2 0 1 8033 8034 7969
15693 2 2 0 1 7970 8034 7969
15694 2 2 0 1 8034 8035 7970
15695 2 2 0 1 7971 8035 7970
15696 2 2 0 1 8035 8036 7971
15697 2 2 0 1 7972 8036 7971
15698 2 2 0 1 8036 8037 7972
15699 2 2 0 1 7973 8037 7972
15700 2 2 0 1 8037 8038 7973
15701 2 2 0 1 7974 8038 7973
15702 2 2 0 1 8038 8039 7974
15703 2 2 0 1 7975 8039 7974
15704 2 2 0 1 8039 8040 7975
15705 2 2 0 1 7976 8040 7975
15706 2 2 0 1 8040 8041 7976
15707 2 2 0 1 7977 8041 7976
15708 2 2 0 1 8041 8042 7977
15709 2 2 0 1 7978 8042 7977
15710 2 2 0 1 8042 8043 7978
15711 2 2 0 1 7979 8043 7978
15712 2 2 0 1 8043 8044 7979
15713 2 2 0 1 7980 8044 7979
15714 2 2 0 1 8044 8045 7980
15715 2 2 0 1 7981 8045 7980
15716 2 2 0 1 8045 8046 7981
15717 2 2 0 1 7982 8046 7981
15718 2 2 0 1 8046 8047 7982
15719 2 2 0 1 7983 8047 7982
15720 2 2 0 1 8047 8048 7983
15721 2 2 0 1 7984 8048 7983
15722 2 2 0 1 8048 8049 7984
15723 2 2 0 1 7985 8049 7984
15724 2 2 0 1 8049 8050 7985
15725 2 2 0 1 7986 8050 7985
15726 2 2 0 1 8050 8051 7986
15727 2 2 0 1 7987 8051 7986
15728 2 2 0 1 8051 8052 7987
15729 2 2 0 1 7988 8052 7987
15730 2 2 0 1 8052 8053 7988
15731 2 2 0 1 7989 8053 7988
15732 2 2 0 1 8053 8054 7989
15733 2 2 0 1 7990 8054 7989
15734 2 2 0 1 8054 8055 7990
15735 2 2 0 1 8056 8055 7990
15736 2 2 0 1 7990 8056 7991
15737 2 2 0 1 8057 8056 7991
15738 2 2 0 1 7991 8057 7992
15739 2 2 0 1 8058 8057 7992
15740 2 2 0 1 7992 8058 7993
15741 2 2 0 1 8059 8058 7993
15742 2 2 0 1 7993 8059 7994
15743 2 2 0 1 8060 8059 7994
15744 2 2 0 1 7994 8060 7995
15745 2 2 0 1 7997 8061 7996
15746 2 2 0 1 8061 8062 7997
15747 2 2 0 1 7998 8062 7997
15748 2 2 0 1 8062 8063 7998
15749 2 2 0 1 7999 8063 7998
15750 2 2 0 1 8063 8064 7999
15751 2 2 0 1 8000 8064 7999
15752 2 2 0 1 8064 8065 8000
15753 2 2 0 1 8001 8065 8000
15754 2 2 0 1 8065 8066 8001
15755 2 2 0 1 8002 8066 8001
15756 2 2 0 1 8066 8067 8002
15757 2 2 0 1 8003 8067 8002
15758 2 2 0 1 8067 8068 8003
15759 2 2 0 1 8004 8068 8003
15760 2 2 0 1 8068 8069 8004
15761 2 2 0 1 8005 8069 8004
15762 2 2 0 1 8069 8070 8005
15763 2 2 0 1 8006 8070 8005
15764 2 2 0 1 8070 8071 8006
15765 2 2 0 1 8007 8071 8006
15766 2 2 0 1 8071 8072 8007
15767 2 2 0 1 8008 8072 8007
15768 2 2 0 1 8072 8073 8008
15769 2 2 0 1 8009 8073 8008
15770 2 2 0 1 8073 8074 8009
15771 2 2 0 1 8010 8074 8009
15772 2 2 0 1 8074 8075 8010
15773 2 2 0 1 8011 8075 8010
15774 2 2 0 1 8075 8076 8011
15775 2 2 0 1 8012 8076 8011
15776 2 2 0 1 8076 8077 8012
15777 2 2 0 1 8013 8077 8012
15778 2 2 0 1 8077 8078 8013
15779 2 2 0 1 8014 8078 8013
15780 2 2 0 1 8078 8079 8014
15781 2 2 0 1 8015 8079 8014
15782 2 2 0 1 8079 8080 8015
15783 2 2 0 1 8016 8080 8015
15784 2 2 0 1 8080 8081 8016
15785 2 2 0 1 8017 8081 8016
15786 2 2 0 1 8081 8082 8017
15787 2 2 0 1 8018 8082 8017
15788 2 2 0 1 8082 8083 8018
15789 2 2 0 1 8019 8083 8018
15790 2 2 0 1 8083 8084 8019
15791 2 2 0 1 8020 8084 8019
15792 2 2 0 1 8084 8085 8020
15793 2 2 0 1 8021 8085 8020
15794 2 2 0 1 8085 8086 8021
15795 2 2 0 1 8022 8086 8021
15796 2 2 0 1 8086 8087 8022
15797 2 2 0 1 8023 8087 8022
15798 2 2 0 1 8087 8088 8023
15799 2 2 0 1 8024 8088 8023
15800 2 2 0 1 8088 8089 8024
15801 2 2 0 1 8025 8089 8024
15802 2 2 0 1 8089 8090 8025
15803 2 2 0 1 8026 8090 8025
15804 2 2 0 1 8090 8091 8026
15805 2 2 0 1 8027 8091 8026
15806 2 2 0 1 8091 8092 8027
15807 2 2 0 1 8028 8092 8027
15808 2 2 0 1 8092 8093 8028
15809 2 2 0 1 8029 8093 8028
15810 2 2 0 1 8093 8094 8029
15811 2 2 0 1 8030 8094 8029
15812 2 2 0 1 8094 8095 8030
15813 2 2 0 1 8031 8095 8030
15814 2 2 0 1 8095 8096 8031
15815 2 2 0 1 8032 8096 8031
15816 2 2 0 1 8096 8097 8032
15817 2 2 0 1 8033 8097 8032
15818 2 2 0 1 8097 8098 8033
15819 2 2 0 1 8034 8098 8033
15820 2 2 0 1 8098 8099 8034
15821 2 2 0 1 8035 8099 8034
15822 2 2 0 1 8099 8100 8035
15823 2 2 0 1 8036 8100 8035
15824 2 2 0 1 8100 8101 8036
15825 2 2 0 1 8037 8101 8036
15826 2 2 0 1 8101 8102 8037
15827 2 2 0 1 8038 8102 8037
15828 2 2 0 1 8102 8103 8038
15829 2 2 0 1 8039 8103 8038
15830 2 2 0 1 8103 8104 8039
15831 2 2 0 1 8040 8104 8039
15832 2 2 0 1 8104 8105 8040
15833 2 2 0 1 8041 8105 8040
15834 2 2 0 1 8105 8106 8041
15835 2 2 0 1 8042 8106 8041
15836 2 2 0 1 8106 8107 8042
15837 2 2 0 1 8043 8107 8042
15838 2 2 0 1 8107 8108 8043
15839 2 2 0 1 8044 8108 8043
15840 2 2 0 1 8108 8109 8044
15841 2 2 0 1 8045 8109 8044
15842 2 2 0 1 8109 8110 8045
15843 2 2 0 1 8046 8110 8045
15844 2 2 0 1 8110 8111 8046
15845 2 2 0 1 8047 8111 8046
15846 2 2 0 1 8111 8112 8047
15847 2 2 0 1 8048 8112 8047
15848 2 2 0 1 8112 8113 8048
15849 2 2 0 1 8049 8113 8048
15850 2 2 0 1 8113 8114 8049
15851 2 2 0 1 8050 8114 8049
15852 2 2 0 1 8114 8115 8050
15853 2 2 0 1 8051 8115 8050
15854 2 2 0 1 8115 8116 8051
15855 2 2 0 1 8052 8116 8051
15856 2 2 0 1 8116 8117 8052
15857 2 2 0 1 8053 8117 8052
15858 2 2 0 1 8117 8118 8053
15859 2 2 0 1 8054 8118 8053
15860 2 2 0 1 8118 8119 8054
15861 2 2 0 1 8055 8119 8054
15862 2 2 0 1 8119 8120 8055
15863 2 2 0 1 8056 8120 8055
15864 2 2 0 1 8120 8121 8056
15865 2 2 0 1 8057 8121 8056
15866 2 2 0 1 8121 8122 8057
15867 2 2 0 1 8123 8122 8057
15868 2 2 0 1 8057 8123 8058
15869 2 2 0 1 8124 8123 8058
15870 2 2 0 1 8058 8124 8059
15871 2 2 0 1 8125 8124 8059
15872 2 2 0 1 8059 8125 8060
15873 2 2 0 1 8062 8126 8061
15874 2 2 0 1 8126 8127 8062
15875 2 2 0 1 8063 8127 8062
15876 2 2 0 1 8127 8128 8063
15877 2 2 0 1 8064 8128 8063
15878 2 2 0 1 8128 8129 8064
15879 2 2 0 1 8065 8129 8064
15880 2 2 0 1 8129 8130 8065
15881 2 2 0 1 8066 8130 8065
15882 2 2 0 1 8130 8131 8066
15883 2 2 0 1 8067 8131 8066
15884 2 2 0 1 8131 8132 8067
15885 2 2 0 1 8068 8132 8067
15886 2 2 0 1 8132 8133 8068
15887 2 2 0 1 8069 8133 8068
15888 2 2 0 1 8133 8134 8069
15889 2 2 0 1 8070 8134 8069
15890 2 2 0 1 8134 8135 8070
15891 2 2 0 1 8071 8135 8070
15892 2 2 0 1 8135 8136 8071
15893 2 2 0 1 8072 8136 8071
15894 2 2 0 1 8136 8137 8072
15895 2 2 0 1 8073 8137 8072
15896 2 2 0 1 8137 8138 8073
15897 2 2 0 1 8074 8138 8073
15898 2 2 0 1 8138 8139 8074
15899 2 2 0 1 8075 8139 8074
15900 2 2 0 1 8139 8140 8075
15901 2 2 0 1 8076 8140 8075
15902 2 2 0 1 8140 8141 8076
15903 2 2 0 1 8077 8141 8076
15904 2 2 0 1 8141 8142 8077
15905 2 2 0 1 8078 8142 8077
15906 2 2 0 1 8142 8143 8078
15907 2 2 0 1 8079 8143 8078
15908 2 2 0 1 8143 8144 8079
15909 2 2 0 1 8080 8144 8079
15910 2 2 0 1 8144 8145 8080
15911 2 2 0 1 8081 8145 8080
15912 2 2 0 1 8145 8146 8081
15913 2 2 0 1 8082 8146 8081
15914 2 2 0 1 8146 8147 8082
15915 2 2 0 1 8083 8147 8082
15916 2 2 0 1 8147 8148 8083
15917 2 2 0 1 8084 8148 8083
15918 2 2 0 1 8148 8149 8084
15919 2 2 0 1 8085 8149 8084
15920 2 2 0 1 8149 8150 8085
15921 2 2 0 1 8086 8150 8085
15922 2 2 0 1 8150 8151 8086
15923 2 2 0 1 8087 8151 8086
15924 2 2 0 1 8151 8152 8087
15925 2 2 0 1 8088 8152 8087
15926 2 2 0 1 8152 8153 8088
15927 2 2 0 1 8089 8153 8088
15928 2 2 0 1 8153 8154 8089
15929 2 2 0 1 8090 8154 8089
15930 2 2 0 1 8154 8155 8090
15931 2 2 0 1 8091 8155 8090
15932 2 2 0 1 8155 8156 8091
15933 2 2 0 1 8092 8156 8091
15934 2 2 0 1 8156 8157 8092
15935 2 2 0 1 8093 8157 8092
15936 2 2 0 1 8157 8158 8093
15937 2 2 0 1 8094 8158 8093
15938 2 2 0 1 8158 8159 8094
15939 2 2 0 1 8095 8159 8094
15940 2 2 0 1 8159 8160 8095
15941 2 2 0 1 8096 8160 8095
15942 2 2 0 1 8160 8161 8096
15943 2 2 0 1 8097 8161 8096
15944 2 2 0 1 8161 8162 8097
15945 2 2 0 1 8098 8162 8097
15946 2 2 0 1 8162 8163 8098
15947 2 2 0 1 8099 8163 8098
15948 2 2 0 1 8163 8164 8099
15949 2 2 0 1 8100 8164 8099
15950 2 2 0 1 8164 8165 8100
15951 2 2 0 1 8101 8165 8100
15952 2 2 0 1 8165 8166 8101
15953 2 2 0 1 8102 8166 8101
15954 2 2 0 1 8166 8167 8102
15955 2 2 0 1 8103 8167 8102
15956 2 2 0 1 8167 8168 8103
15957 2 2 0 1 8104 8168 8103
15958 2 2 0 1 8168 8169 8104
15959 2 2 0 1 8105 8169 8104
15960 2 2 0 1 8169 8170 8105
15961 2 2 0 1 8106 8170 8105
15962 2 2 0 1 8170 8171 8106
15963 2 2 0 1 8107 8171 8106
15964 2 2 0 1 8171 8172 8107
15965 2 2 0 1 8108 8172 8107
15966 2 2 0 1 8172 8173 8108
15967 2 2 0 1 8109 8173 8108
15968 2 2 0 1 8173 8174 8109
15969 2 2 0 1 8110 8174 8109
15970 2 2 0 1 8174 8175 8110
15971 2 2 0 1 8111 8175 8110
15972 2 2 0 1 8175 8176 8111
15973 2 2 0 1 8112 8176 8111
15974 2 2 0 1 8176 8177 8112
15975 2 2 0 1 8113 8177 8112
15976 2 2 0 1 8177 8178 8113
15977 2 2 0 1 8114 8178 8113
15978 2 2 0 1 8178 8179 8114
15979 2 2 0 1 8115 8179 8114
15980 2 2 0 1 8179 8180 8115
15981 2 2 0 1 8116 8180 8115
15982 2 2 0 1 8180 8181 8116
15983 2 2 0 1 8117 8181 8116
15984 2 2 0 1 8181 8182 8117
15985 2 2 0 1 8118 8182 8117
15986 2 2 0 1 8182 8183 8118
15987 2 2 0 1 8119 8183 8118
15988 2 2 0 1 8183 8184 8119
15989 2 2 0 1 8120 8184 8119
15990 2 2 0 1 8184 8185 8120
15991 2 2 0 1 8121 8185 8120
15992 2 2 0 1 8185 8186 8121
15993 2 2 0 1 8122 8186 8121
15994 2 2 0 1 8186 8187 8122
15995 2 2 0 1 8188 8187 8122
15996 2 2 0 1 8122 8188 8123
15997 2 2 0 1 8189 8188 8123
15998 2 2 0 1 8123 8189 8124
15999 2 2 0 1 8190 8189 8124
16000 2 2 0 1 8124 8190 8125
16001 2 2 0 1 8127 8191 8126
16002 2 2 0 1 8191 8192 8127
16003 2 2 0 1 8128 8192 8127
16004 2 2 0 1 8192 8193 8128
16005 2 2 0 1 8129 8193 8128
16006 2 2 0 1 8193 8194 8129
16007 2 2 0 1 8130 8194 8129
16008 2 2 0 1 8194 8195 8130
16009 2 2 0 1 8131 8195 8130
16010 2 2 0 1 8195 8196 8131
16011 2 2 0 1 8132 8196 8131
16012 2 2 0 1 8196 8197 8132
16013 2 2 0 1 8133 8197 8132
16014 2 2 0 1 8197 8198 8133
16015 2 2 0 1 8134 8198 8133
16016 2 2 0 1 8198 8199 8134
16017 2 2 0 1 8135 8199 8134
16018 2 2 0 1 8199 8200 8135
16019 2 2 0 1 8136 8200 8135
16020 2 2 0 1 8200 8201 8136
16021 2 2 0 1 8137 8201 8136
16022 2 2 0 1 8201 8202 8137
16023 2 2 0 1 8138 8202 8137
16024 2 2 0 1 8202 8203 8138
16025 2 2 0 1 8139 8203 8138
16026 2 2 0 1 8203 8204 8139
16027 2 2 0 1 8140 8204 8139
16028 2 2 0 1 8204 8205 8140
16029 2 2 0 1 8141 8205 8140
16030 2 2 0 1 8205 8206 8141
16031 2 2 0 1 8142 8206 8141
16032 2 2 0 1 8206 8207 8142
16033 2 2 0 1 8143 8207 8142
16034 2 2 0 1 8207 8208 8143
16035 2 2 0 1 8144 8208 8143
16036 2 2 0 1 8208 8209 8144
16037 2 2 0 1 8145 8209 8144
16038 2 2 0 1 8209 8210 8145
16039 2 2 0 1 8146 8210 8145
16040 2 2 0 1 8210 8211 8146
16041 2 2 0 1 8147 8211 8146
16042 2 2 0 1 8211 8212 8147
16043 2 2 0 1 8148 8212 8147
16044 2 2 0 1 8212 8213 8148
16045 2 2 0 1 8149 8213 8148
16046 2 2 0 1 8213 8214 8149
16047 2 2 0 1 8150 8214 8149
16048 2 2 0 1 8214 8215 8150
16049 2 2 0 1 8151 8215 8150
16050 2 2 0 1 8215 8216 8151
16051 2 2 0 1 8152 8216 8151
16052 2 2 0 1 8216 8217 8152
16053 2 2 0 1 8153 8217 8152
16054 2 2 0 1 8217 8218 8153
16055 2 2 0 1 8154 8218 8153
16056 2 2 0 1 8218 8219 8154
16057 2 2 0 1 8155 8219 8154
16058 2 2 0 1 8219 8220 8155
16059 2 2 0 1 8156 8220 8155
16060 2 2 0 1 8220 8221 8156
16061 2 2 0 1 8157 8221 8156
16062 2 2 0 1 8221 8222 8157
16063 2 2 0 1 8158 8222 8157
16064 2 2 0 1 8222 8223 8158
16065 2 2 0 1 8159 8223 8158
16066 2 2 0 1 8223 8224 8159
16067 2 2 0 1 8160 8224 8159
16068 2 2 0 1 8224 8225 8160
16069 2 2 0 1 8161 8225 8160
16070 2 2 0 1 8225 8226 8161
16071 2 2 0 1 8162 8226 8161
16072 2 2 0 1 8226 8227 8162
16073 2 2 0 1 8163 8227 8162
16074 2 2 0 1 8227 8228 8163
16075 2 2 0 1 8164 8228 8163
16076 2 2 0 1 8228 8229 8164
16077 2 2 0 1 8165 8229 8164
16078 2 2 0 1 8229 8230 8165
16079 2 2 0 1 8166 8230 8165
16080 2 2 0 1 8230 8231 8166
16081 2 2 0 1 8167 8231 8166
16082 2 2 0 1 8231 8232 8167
16083 2 2 0 1 8168 8232 8167
16084 2 2 0 1 8232 8233 8168
16085 2 2 0 1 8169 8233 8168
16086 2 2 0 1 8233 8234 8169
16087 2 2 0 1 8170 8234 8169
16088 2 2 0 1 8234 8235 8170
16089 2 2 0 1 8171 8235 8170
16090 2 2 0 1 8235 8236 8171
16091 2 2 0 1 8172 8236 8171
16092 2 2 0 1 8236 8237 8172
16093 2 2 0 1 8173 8237 8172
16094 2 2 0 1 8237 8238 8173
16095 2 2 0 1 8174 8238 8173
16096 2 2 0 1 8238 8239 8174
16097 2 2 0 1 8175 8239 8174
16098 2 2 0 1 8239 8240 8175
16099 2 2 0 1 8176 8240 8175
16100 2 2 0 1 8240 8241 8176
16101 2 2 0 1 8177 8241 8176
16102 2 2 0 1 8241 8242 8177
16103 2 2 0 1 8178 8242 8177
16104 2 2 0 1 8242 8243 8178
16105 2 2 0 1 8179 8243 8178
16106 2 2 0 1 8243 8244 8179
16107 2 2 0 1 8180 8244 8179
16108 2 2 0 1 8244 8245 8180
16109 2 2 0 1 8181 8245 8180
16110 2 2 0 1 8245 8246 8181
16111 2 2 0 1 8182 8246 8181
16112 2 2 0 1 8246 8247 8182
16113 2 2 0 1 8183 8247 8182
16114 2 2 0 1 8247 8248 8183
16115 2 2 0 1 8184 8248 8183
16116 2 2 0 1 8248 8249 8184
16117 2 2 0 1 8185 8249 8184
16118 2 2 0 1 8249 8250 8185
16119 2 2 0 1 8186 8250 8185
16120 2 2 0 1 8250 8251 8186
16121 2 2 0 1 8187 8251 8186
16122 2 2 0 1 8251 8252 8187
16123 2 2 0 1 8253 8252 8187
16124 2 2 0 1 8187 8253 8188
16125 2 2 0 1 8254 8253 8188
16126 2 2 0 1 8188 8254 8189
16127 2 2 0 1 8255 8254 8189
16128 2 2 0 1 8189 8255 8190
16129 2 2 0 1 8192 8256 8191
16130 2 2 0 1 8256 8257 8192
16131 2 2 0 1 8193 8257 8192
16132 2 2 0 1 8257 8258 8193
16133 2 2 0 1 8194 8258 8193
16134 2 2 0 1 8258 8259 8194
16135 2 2 0 1 8195 8259 8194
16136 2 2 0 1 8259 8260 8195
16137 2 2 0 1 8196 8260 8195
16138 2 2 0 1 8260 8261 8196
16139 2 2 0 1 8197 8261 8196
16140 2 2 0 1 8261 8262 8197
16141 2 2 0 1 8198 8262 8197
16142 2 2 0 1 8262 8263 8198
16143 2 2 0 1 8199 8263 8198
16144 2 2 0 1 8263 8264 8199
16145 2 2 0 1 8200 8264 8199
16146 2 2 0 1 8264 8265 8200
16147 2 2 0 1 8201 8265 8200
16148 2 2 0 1 8265 8266 8201
16149 2 2 0 1 8202 8266 8201
16150 2 2 0 1 8266 8267 8202
16151 2 2 0 1 8203 8267 8202
16152 2 2 0 1 8267 8268 8203
16153 2 2 0 1 8204 8268 8203
16154 2 2 0 1 8268 8269 8204
16155 2 2 0 1 8205 8269 8204
16156 2 2 0 1 8269 8270 8205
16157 2 2 0 1 8206 8270 8205
16158 2 2 0 1 8270 8271 8206
16159 2 2 0 1 8207 8271 8206
16160 2 2 0 1 8271 8272 8207
16161 2 2 0 1 8208 8272 8207
16162 2 2 0 1 8272 8273 8208
16163 2 2 0 1 8209 8273 8208
16164 2 2 0 1 8273 8274 8209
16165 2 2 0 1 8210 8274 8209
16166 2 2 0 1 8274 8275 8210
16167 2 2 0 1 8211 8275 8210
16168 2 2 0 1 8275 8276 8211
16169 2 2 0 1 8212 8276 8211
16170 2 2 0 1 8276 8277 8212
16171 2 2 0 1 8213 8277 8212
16172 2 2 0 1 8277 8278 8213
16173 2 2 0 1 8214 8278 8213
16174 2 2 0 1 8278 8279 8214
16175 2 2 0 1 8215 8279 8214
16176 2 2 0 1 8279 8280 8215
16177 2 2 0 1 8216 8280 8215
16178 2 2 0 1 8280 8281 8216
16179 2 2 0 1 8217 8281 8216
16180 2 2 0 1 8281 8282 8217
16181 2 2 0 1 8218 8282 8217
16182 2 2 0 1 8282 8283 8218
16183 2 2 0 1 8219 8283 8218
16184 2 2 0 1 8283 8284 8219
16185 2 2 0 1 8220 8284 8219
16186 2 2 0 1 8284 8285 8220
16187 2 2 0 1 8221 8285 8220
16188 2 2 0 1 8285 8286 8221
16189 2 2 0 1 8222 8286 8221
16190 2 2 0 1 8286 8287 8222
16191 2 2 0 1 8223 8287 8222
16192 2 2 0 1 8287 8288 8223
16193 2 2 0 1 8224 8288 8223
16194 2 2 0 1 8288 8289 8224
16195 2 2 0 1 8225 8289 8224
16196 2 2 0 1 8289 8290 8225
16197 2 2 0 1 8226 8290 8225
16198 2 2 0 1 8290 8291 8226
16199 2 2 0 1 8227 8291 8226
16200 2 2 0 1 8291 8292 8227
16201 2 2 0 1 8228 8292 8227
16202 2 2 0 1 8292 8293 8228
16203 2 2 0 1 8229 8293 8228
16204 2 2 0 1 8293 8294 8229
16205 2 2 0 1 8230 8294 8229
16206 2 2 0 1 8294 8295 8230
16207 2 2 0 1 8231 8295 8230
16208 2 2 0 1 8295 8296 8231
16209 2 2 0 1 8232 8296 8231
16210 2 2 0 1 8296 8297 8232
16211 2 2 0 1 8233 8297 8232
16212 2 2 0 1 8297 8298 8233
16213 2 2 0 1 8234 8298 8233
16214 2 2 0 1 8298 8299 8234
16215 2 2 0 1 8235 8299 8234
16216 2 2 0 1 8299 8300 8235
16217 2 2 0 1 8236 8300 8235
16218 2 2 0 1 8300 8301 8236
16219 2 2 0 1 8237 8301 8236
16220 2 2 0 1 8301 8302 8237
16221 2 2 0 1 8238 8302 8237
16222 2 2 0 1 8302 8303 8238
16223 2 2 0 1 8239 8303 8238
16224 2 2 0 1 8303 8304 8239
16225 2 2 0 1 8240 8304 8239
16226 2 2 0 1 8304 8305 8240
16227 2 2 0 1 8241 8305 8240
16228 2 2 0 1 8305 8306 8241
16229 2 2 0 1 8242 8306 8241
16230 2 2 0 1 8306 8307 8242
16231 2 2 0 1 8243 8307 8242
16232 2 2 0 1 8307 8308 8243
16233 2 2 0 1 8244 8308 8243
16234 2 2 0 1 8308 8309 8244
16235 2 2 0 1 8245 8309 8244
16236 2 2 0 1 8309 8310 8245
16237 2 2 0 1 8246 8310 8245
16238 2 2 0 1 8310 8311 8246
16239 2 2 0 1 8247 8311 8246
16240 2 2 0 1 8311 8312 8247
16241 2 2 0 1 8248 8312 8247
16242 2 2 0 1 8312 8313 8248
16243 2 2 0 1 8249 8313 8248
16244 2 2 0 1 8313 8314 8249
16245 2 2 0 1 8250 8314 8249
16246 2 2 0 1 8314 8315 8250
16247 2 2 0 1 8251 8315 8250
16248 2 2 0 1 8315 8316 8251
16249 2 2 0 1 8252 8316 8251
16250 2 2 0 1 8316 8317 8252
16251 2 2 0 1 8253 8317 8252
16252 2 2 0 1 8317 8318 8253
16253 2 2 0 1 8319 8318 8253
16254 2 2 0 1 8253 8319 8254
16255 2 2 0 1 8320 8319 8254
16256 2 2 0 1 8254 8320 8255
16257 2 2 0 1 8257 3 8256
16258 2 2 0 1 3 4 8257
16259 2 2 0 1 8258 4 8257
16260 2 2 0 1 4 6 8258
16261 2 2 0 1 8259 6 8258
16262 2 2 0 1 6 8 8259
16263 2 2 0 1 8260 8 8259
16264 2 2 0 1 8 10 8260
16265 2 2 0 1 8261 10 8260
16266 2 2 0 1 10 12 8261
16267 2 2 0 1 8262 12 8261
16268 2 2 0 1 12 14 8262
16269 2 2 0 1 8263 14 8262
16270 2 2 0 1 14 16 8263
16271 2 2 0 1 8264 16 8263
16272 2 2 0 1 16 18 8264
16273 2 2 0 1 8265 18 8264
16274 2 2 0 1 18 20 8265
16275 2 2 0 1 8266 20 8265
16276 2 2 0 1 20 22 8266
16277 2 2 0 1 8267 22 8266
16278 2 2 0 1 22 24 8267
16279 2 2 0 1 8268 24 8267
16280 2 2 0 1 24 26 8268
16281 2 2 0 1 8269 26 8268
16282 2 2 0 1 26 28 8269
16283 2 2 0 1 8270 28 8269
16284 2 2 0 1 28 30 8270
16285 2 2 0 1 8271 30 8270
16286 2 2 0 1 30 32 8271
16287 2 2 0 1 8272 32 8271
16288 2 2 0 1 32 34 8272
16289 2 2 0 1 8273 34 8272
16290 2 2 0 1 34 36 8273
16291 2 2 0 1 8274 36 8273
16292 2 2 0 1 36 38 8274
16293 2 2 0 1 8275 38 8274
16294 2 2 0 1 38 40 8275
16295 2 2 0 1 8276 40 8275
16296 2 2 0 1 40 42 8276
16297 2 2 0 1 8277 42 8276
16298 2 2 0 1 42 44 8277
16299 2 2 0 1 8278 44 8277
16300 2 2 0 1 44 46 8278
16301 2 2 0 1 8279 46 8278
16302 2 2 0 1 46 48 8279
16303 2 2 0 1 8280 48 8279
16304 2 2 0 1 48 50 8280
16305 2 2 0 1 8281 50 8280
16306 2 2 0 1 50 52 8281
16307 2 2 0 1 8282 52 8281
16308 2 2 0 1 52 54 8282
16309 2 2 0 1 8283 54 8282
16310 2 2 0 1 54 56 8283
16311 2 2 0 1 8284 56 8283
16312 2 2 0 1 56 58 8284
16313 2 2 0 1 8285 58 8284
16314 2 2 0 1 58 60 8285
16315 2 2 0 1 8286 60 8285
16316 2 2 0 1 60 62 8286
16317 2 2 0 1 8287 62 8286
16318 2 2 0 1 62 64 8287
16319 2 2 0 1 8288 64 8287
16320 2 2 0 1 64 66 8288
16321 2 2 0 1 8289 66 8288
16322 2 2 0 1 66 68 8289
16323 2 2 0 1 8290 68 8289
16324 2 2 0 1 68 70 8290
16325 2 2 0 1 8291 70 8290
16326 2 2 0 1 70 72 8291
16327 2 2 0 1 8292 72 8291
16328 2 2 0 1 72 74 8292
16329 2 2 0 1 8293 74 8292
16330 2 2 0 1 74 76 8293
16331 2 2 0 1 8294 76 8293
16332 2 2 0 1 76 78 8294
16333 2 2 0 1 8295 78 8294
16334 2 2 0 1 78 80 8295
16335 2 2 0 1 8296 80 8295
16336 2 2 0 1 80 82 8296
16337 2 2 0 1 8297 82 8296
16338 2 2 0 1 82 84 8297
16339 2 2 0 1 8298 84 8297
16340 2 2 0 1 84 86 8298
16341 2 2 0 1 8299 86 8298
16342 2 2 0 1 86 88 8299
16343 2 2 0 1 8300 88 8299
16344 2 2 0 1 88 90 8300
16345 2 2 0 1 8301 90 8300
16346 2 2 0 1 90 92 8301
16347 2 2 0 1 8302 92 8301
16348 2 2 0 1 92 94 8302
16349 2 2 0 1 8303 94 8302
16350 2 2 0 1 94 96 8303
16351 2 2 0 1 8304 96 8303
16352 2 2 0 1 96 98 8304
16353 2 2 0 1 8305 98 8304
16354 2 2 0 1 98 100 8305
16355 2 2 0 1 8306 100 8305
16356 2 2 0 1 100 102 8306
16357 2 2 0 1 8307 102 8306
16358 2 2 0 1 102 104 8307
16359 2 2 0 1 8308 104 8307
16360 2 2 0 1 104 106 8308
16361 2 2 0 1 8309 106 8308
16362 2 2 0 1 106 108 8309
16363 2 2 0 1 8310 108 8309
16364 2 2 0 1 108 110 8310
16365 2 2 0 1 8311 110 8310
16366 2 2 0 1 110 112 8311
16367 2 2 0 1 8312 112 8311
16368 2 2 0 1 112 114 8312
16369 2 2 0 1 8313 114 8312
16370 2 2 0 1 114 116 8313
16371 2 2 0 1 8314 116 8313
16372 2 2 0 1 116 118 8314
16373 2 2 0 1 8315 118 8314
16374 2 2 0 1 118 120 8315
16375 2 2 0 1 8316 120 8315
16376 2 2 0 1 120 122 8316
16377 2 2 0 1 8317 122 8316
16378 2 2 0 1 122 124 8317
16379 2 2 0 1 8318 124 8317
16380 2 2 0 1 124 126 8318
16381 2 2 0 1 127 126 8318
16382 2 2 0 1 8318 127 8319
16383 2 2 0 1 129 127 8319
16384 2 2 0 1 8319 129 8320
$EndElements
