$MeshFormat
2.2 0 8
$EndMeshFormat
$Nodes
8320
1 -0.4089800715446472 -0.004300427623093128 -0.4977999925613403
2 -0.4090096354484558 3.784281157514157e-17 -0.4985445439815521
3 -0.4090099930763245 3.784281157514157e-17 -0.4977999925613403
4 -0.4089797139167786 -0.004300427623093128 -0.4985445141792297
5 -0.408889502286911 -0.008628371171653271 -0.4977999925613403
6 -0.4088891446590424 -0.008628371171653271 -0.4985444247722626
7 -0.408735603094101 -0.0130112012848258 -0.4985442757606506
8 -0.4087359607219696 -0.0130112012848258 -0.4977999925613403
9 -0.408515065908432 -0.01747599802911282 -0.4985440671443939
10 -0.4085154235363007 -0.01747599802911282 -0.4977999925613403
11 -0.4082223176956177 -0.02204940281808376 -0.4977999925613403
12 -0.408221960067749 -0.02204940281808376 -0.4985437989234924
13 -0.407848984003067 -0.02675745636224747 -0.4985434412956238
14 -0.4078493416309357 -0.02675745636224747 -0.4977999925613403
15 -0.407387375831604 -0.03162544220685959 -0.4977999925613403
16 -0.4073870480060577 -0.03162544220685959 -0.498542994260788
17 -0.4068252146244049 -0.03667772188782692 -0.4985424876213074
18 -0.4068255424499512 -0.03667772188782692 -0.4977999925613403
19 -0.4061506390571594 -0.04193753376603127 -0.4985418319702148
20 -0.4061509668827057 -0.04193753376603127 -0.4977999925613403
21 -0.4053484201431274 -0.04742682725191116 -0.4985410869121552
22 -0.4053487777709961 -0.04742682725191116 -0.4977999925613403
23 -0.4044016003608704 -0.05316602811217308 -0.4985401928424835
24 -0.404401957988739 -0.05316602811217308 -0.4977999925613403
25 -0.4032909870147705 -0.05917384102940559 -0.4985391199588776
26 -0.4032913446426392 -0.05917384102940559 -0.4977999925613403
27 -0.4019950926303864 -0.0654669851064682 -0.4985378980636597
28 -0.401995450258255 -0.0654669851064682 -0.4977999925613403
29 -0.4004901349544525 -0.07205995917320251 -0.4985364675521851
30 -0.4004904925823212 -0.07205995917320251 -0.4977999925613403
31 -0.3987499475479126 -0.07896475493907928 -0.4985348284244537
32 -0.3987503051757812 -0.07896475493907928 -0.4977999925613403
33 -0.3967462778091431 -0.08619057387113571 -0.4977999925613403
34 -0.3967459499835968 -0.08619057387113571 -0.4985329508781433
35 -0.3944471478462219 -0.09374348819255829 -0.498530775308609
36 -0.3944475054740906 -0.09374348819255829 -0.4977999925613403
37 -0.3918203115463257 -0.1016261652112007 -0.4985282719135284
38 -0.3918206691741943 -0.1016261652112007 -0.4977999925613403
39 -0.3888298869132996 -0.1098374724388123 -0.4985254406929016
40 -0.3888302445411682 -0.1098374724388123 -0.4977999925613403
41 -0.3854382932186127 -0.1183721497654915 -0.4985222518444061
42 -0.3854386210441589 -0.1183721497654915 -0.4977999925613403
43 -0.3816060125827789 -0.1272204518318176 -0.4985186159610748
44 -0.3816063404083252 -0.1272204518318176 -0.4977999925613403
45 -0.3772919476032257 -0.1363677829504013 -0.4985145330429077
46 -0.377292275428772 -0.1363677829504013 -0.4977999925613403
47 -0.3724536597728729 -0.1457943469285965 -0.49850994348526
48 -0.3724540174007416 -0.1457943469285965 -0.4977999925613403
49 -0.3670479357242584 -0.1554747670888901 -0.4985048472881317
50 -0.3670482635498047 -0.1554747670888901 -0.4977999925613403
51 -0.3610309958457947 -0.1653778105974197 -0.4984991550445557
52 -0.3610313236713409 -0.1653778105974197 -0.4977999925613403
53 -0.3543593287467957 -0.1754660755395889 -0.4984928369522095
54 -0.3543596565723419 -0.1754660755395889 -0.4977999925613403
55 -0.3469901084899902 -0.1856957525014877 -0.4984858632087708
56 -0.3469904363155365 -0.1856957525014877 -0.4977999925613403
57 -0.3388819694519043 -0.196016401052475 -0.4984782040119171
58 -0.3388822972774506 -0.196016401052475 -0.4977999925613403
59 -0.3299958407878876 -0.2063708901405334 -0.4984697997570038
60 -0.3299961686134338 -0.2063708901405334 -0.4977999925613403
61 -0.3202957212924957 -0.2166952788829803 -0.4984606206417084
62 -0.3202960193157196 -0.2166952788829803 -0.4977999925613403
63 -0.3097495138645172 -0.2269189208745956 -0.4984506368637085
64 -0.3097498118877411 -0.2269189208745956 -0.4977999925613403
65 -0.2983300983905792 -0.2369646281003952 -0.4984398484230042
66 -0.2983303964138031 -0.2369646281003952 -0.4977999925613403
67 -0.2860162556171417 -0.2467489093542099 -0.4984281957149506
68 -0.2860165536403656 -0.2467489093542099 -0.4977999925613403
69 -0.2727935910224915 -0.256182461977005 -0.4984156787395477
70 -0.2727938592433929 -0.256182461977005 -0.4977999925613403
71 -0.2586556375026703 -0.2651706635951996 -0.4984022974967957
72 -0.2586559355258942 -0.2651706635951996 -0.4977999925613403
73 -0.243604764342308 -0.2736142575740814 -0.4983880519866943
74 -0.2436050474643707 -0.2736142575740814 -0.4977999925613403
75 -0.2276531308889389 -0.2814103662967682 -0.4983729720115662
76 -0.2276533991098404 -0.2814103662967682 -0.4977999925613403
77 -0.2108235061168671 -0.2884532511234283 -0.4983570575714111
78 -0.2108237743377686 -0.2884532511234283 -0.4977999925613403
79 -0.1931500434875488 -0.2946357131004333 -0.4983403384685516
80 -0.1931502968072891 -0.2946357131004333 -0.4977999925613403
81 -0.1746789366006851 -0.2998502850532532 -0.4983228445053101
82 -0.1746791899204254 -0.2998502850532532 -0.4977999925613403
83 -0.1554689109325409 -0.3039907217025757 -0.498304694890976
84 -0.15546914935112 -0.3039907217025757 -0.4977999925613403
85 -0.1355915069580078 -0.3069534301757812 -0.4982858896255493
86 -0.1355917304754257 -0.3069534301757812 -0.4977999925613403
87 -0.1151312068104744 -0.3086393177509308 -0.4982665181159973
88 -0.1151314228773117 -0.3086393177509308 -0.4977999925613403
89 -0.09418535232543945 -0.3089552819728851 -0.4982466995716095
90 -0.09418556094169617 -0.3089552819728851 -0.4977999925613403
91 -0.07286378741264343 -0.307816207408905 -0.498226523399353
92 -0.07286398857831955 -0.307816207408905 -0.4977999925613403
93 -0.05128827691078186 -0.3051464557647705 -0.4982061088085175
94 -0.05128847062587738 -0.3051464557647705 -0.4977999925613403
95 -0.02959164790809155 -0.3008818328380585 -0.4981856048107147
96 -0.02959182672202587 -0.3008818328380585 -0.4977999925613403
97 -0.007916701957583427 -0.2949709892272949 -0.498165100812912
98 -0.007916873320937157 -0.2949709892272949 -0.4977999925613403
99 0.01358515210449696 -0.2873771488666534 -0.4981447458267212
100 0.01358498819172382 -0.2873771488666534 -0.4977999925613403
101 0.03475550562143326 -0.2780794501304626 -0.4981247186660767
102 0.03475534170866013 -0.2780794501304626 -0.4977999925613403
103 0.05543074756860733 -0.2670739591121674 -0.4981051683425903
104 0.05543061345815659 -0.2670739591121674 -0.4977999925613403
105 0.07544415444135666 -0.2543748617172241 -0.4980862140655518
106 0.07544402033090591 -0.2543748617172241 -0.4977999925613403
107 0.09462799876928329 -0.2400149405002594 -0.4980680644512177
108 0.09462787955999374 -0.2400149405002594 -0.4977999925613403
109 0.1128159090876579 -0.2240460216999054 -0.4980508685112
110 0.1128157898783684 -0.2240460216999054 -0.4977999925613403
111 0.1298452615737915 -0.2065390795469284 -0.4980347454547882
112 0.129845142364502 -0.2065390795469284 -0.4977999925613403
113 0.1455595791339874 -0.1875839084386826 -0.4980199038982391
114 0.1455594748258591 -0.1875839084386826 -0.4977999925613403
115 0.1598110496997833 -0.1672885119915009 -0.4980064034461975
116 0.1598109602928162 -0.1672885119915009 -0.4977999925613403
117 0.1724627614021301 -0.14577816426754 -0.49799445271492
118 0.172462671995163 -0.14577816426754 -0.4977999925613403
119 0.1833910048007965 -0.123194046318531 -0.4979841113090515
120 0.1833909153938293 -0.123194046318531 -0.4977999925613403
121 0.1924872398376465 -0.0996917337179184 -0.4979754984378815
122 0.1924871802330017 -0.0996917337179184 -0.4977999925613403
123 0.199660062789917 -0.0754392072558403 -0.4979687035083771
124 0.1996600031852722 -0.0754392072558403 -0.4977999925613403
125 0.2048366367816925 -0.05061473697423935 -0.4979638159275055
126 0.2048365771770477 -0.05061473697423935 -0.4977999925613403
127 0.2079640328884125 -0.02540448866784573 -0.4979608654975891
128 0.2079639434814453 -0.02540448866784573 -0.4977999925613403
129 0.2090100049972534 0 -0.4977999925613403
130 0.2090100944042206 0 -0.4979598522186279
131 0.2079639434814453 0.02540448866784573 -0.4977999925613403
132 0.2079640328884125 0.02540448866784573 -0.4979608654975891
133 0.2048365771770477 0.05061473697423935 -0.4977999925613403
134 0.2048366367816925 0.05061473697423935 -0.4979638159275055
135 0.1996600031852722 0.0754392072558403 -0.4977999925613403
136 0.199660062789917 0.0754392072558403 -0.4979687035083771
137 0.1924871802330017 0.0996917337179184 -0.4977999925613403
138 0.1924872398376465 0.0996917337179184 -0.4979754984378815
139 0.1833909153938293 0.123194046318531 -0.4977999925613403
140 0.1833910048007965 0.123194046318531 -0.4979841113090515
141 0.172462671995163 0.14577816426754 -0.4977999925613403
142 0.1724627614021301 0.14577816426754 -0.49799445271492
143 0.1598109602928162 0.1672885119915009 -0.4977999925613403
144 0.1598110496997833 0.1672885119915009 -0.4980064034461975
145 0.1455594748258591 0.1875839084386826 -0.4977999925613403
146 0.1455595791339874 0.1875839084386826 -0.4980199038982391
147 0.129845142364502 0.2065390795469284 -0.4977999925613403
148 0.1298452615737915 0.2065390795469284 -0.4980347454547882
149 0.1128157898783684 0.2240460216999054 -0.4977999925613403
150 0.1128159090876579 0.2240460216999054 -0.4980508685112
151 0.09462787955999374 0.2400149405002594 -0.4977999925613403
152 0.09462799876928329 0.2400149405002594 -0.4980680644512177
153 0.07544402033090591 0.2543748617172241 -0.4977999925613403
154 0.07544415444135666 0.2543748617172241 -0.4980862140655518
155 0.05543061345815659 0.2670739591121674 -0.4977999925613403
156 0.05543074756860733 0.2670739591121674 -0.4981051683425903
157 0.03475534170866013 0.2780794501304626 -0.4977999925613403
158 0.03475550562143326 0.2780794501304626 -0.4981247186660767
159 0.01358498819172382 0.2873771488666534 -0.4977999925613403
160 0.01358515210449696 0.2873771488666534 -0.4981447458267212
161 -0.007916873320937157 0.2949709892272949 -0.4977999925613403
162 -0.007916701957583427 0.2949709892272949 -0.498165100812912
163 -0.02959182672202587 0.3008818328380585 -0.4977999925613403
164 -0.02959164790809155 0.3008818328380585 -0.4981856048107147
165 -0.05128847062587738 0.3051464557647705 -0.4977999925613403
166 -0.05128827691078186 0.3051464557647705 -0.4982061088085175
167 -0.07286398857831955 0.307816207408905 -0.4977999925613403
168 -0.07286378741264343 0.307816207408905 -0.498226523399353
169 -0.09418556094169617 0.3089552819728851 -0.4977999925613403
170 -0.09418535232543945 0.3089552819728851 -0.4982466995716095
171 -0.1151314228773117 0.3086393177509308 -0.4977999925613403
172 -0.1151312068104744 0.3086393177509308 -0.4982665181159973
173 -0.1355917304754257 0.3069534301757812 -0.4977999925613403
174 -0.1355915069580078 0.3069534301757812 -0.4982858896255493
175 -0.15546914935112 0.3039907217025757 -0.4977999925613403
176 -0.1554689109325409 0.3039907217025757 -0.498304694890976
177 -0.1746791899204254 0.2998502850532532 -0.4977999925613403
178 -0.1746789366006851 0.2998502850532532 -0.4983228445053101
179 -0.1931502968072891 0.2946357131004333 -0.4977999925613403
180 -0.1931500434875488 0.2946357131004333 -0.4983403384685516
181 -0.2108237743377686 0.2884532511234283 -0.4977999925613403
182 -0.2108235061168671 0.2884532511234283 -0.4983570575714111
183 -0.2276533991098404 0.2814103662967682 -0.4977999925613403
184 -0.2276531308889389 0.2814103662967682 -0.4983729720115662
185 -0.2436050474643707 0.2736142575740814 -0.4977999925613403
186 -0.243604764342308 0.2736142575740814 -0.4983880519866943
187 -0.2586559355258942 0.2651706635951996 -0.4977999925613403
188 -0.2586556375026703 0.2651706635951996 -0.4984022974967957
189 -0.2727938592433929 0.256182461977005 -0.4977999925613403
190 -0.2727935910224915 0.256182461977005 -0.4984156787395477
191 -0.2860165536403656 0.2467489093542099 -0.4977999925613403
192 -0.2860162556171417 0.2467489093542099 -0.4984281957149506
193 -0.2983303964138031 0.2369646281003952 -0.4977999925613403
194 -0.2983300983905792 0.2369646281003952 -0.4984398484230042
195 -0.3097498118877411 0.2269189208745956 -0.4977999925613403
196 -0.3097495138645172 0.2269189208745956 -0.4984506368637085
197 -0.3202960193157196 0.2166952788829803 -0.4977999925613403
198 -0.3202957212924957 0.2166952788829803 -0.4984606206417084
199 -0.3299961686134338 0.2063708901405334 -0.4977999925613403
200 -0.3299958407878876 0.2063708901405334 -0.4984697997570038
201 -0.3388822972774506 0.196016401052475 -0.4977999925613403
202 -0.3388819694519043 0.196016401052475 -0.4984782040119171
203 -0.3469904363155365 0.1856957525014877 -0.4977999925613403
204 -0.3469901084899902 0.1856957525014877 -0.4984858632087708
205 -0.3543596565723419 0.1754660755395889 -0.4977999925613403
206 -0.3543593287467957 0.1754660755395889 -0.4984928369522095
207 -0.3610313236713409 0.1653778105974197 -0.4977999925613403
208 -0.3610309958457947 0.1653778105974197 -0.4984991550445557
209 -0.3670482635498047 0.1554747670888901 -0.4977999925613403
210 -0.3670479357242584 0.1554747670888901 -0.4985048472881317
211 -0.3724540174007416 0.1457943469285965 -0.4977999925613403
212 -0.3724536597728729 0.1457943469285965 -0.49850994348526
213 -0.377292275428772 0.1363677829504013 -0.4977999925613403
214 -0.3772919476032257 0.1363677829504013 -0.4985145330429077
215 -0.3816063404083252 0.1272204518318176 -0.4977999925613403
216 -0.3816060125827789 0.1272204518318176 -0.4985186159610748
217 -0.3854386210441589 0.1183721497654915 -0.4977999925613403
218 -0.3854382932186127 0.1183721497654915 -0.4985222518444061
219 -0.3888302445411682 0.1098374724388123 -0.4977999925613403
220 -0.3888298869132996 0.1098374724388123 -0.4985254406929016
221 -0.3918206691741943 0.1016261652112007 -0.4977999925613403
222 -0.3918203115463257 0.1016261652112007 -0.4985282719135284
223 -0.3944475054740906 0.09374348819255829 -0.4977999925613403
224 -0.3944471478462219 0.09374348819255829 -0.498530775308609
225 -0.3967462778091431 0.08619057387113571 -0.4977999925613403
226 -0.3967459499835968 0.08619057387113571 -0.4985329508781433
227 -0.3987499475479126 0.07896475493907928 -0.4985348284244537
228 -0.3987503051757812 0.07896475493907928 -0.4977999925613403
229 -0.4004904925823212 0.07205995917320251 -0.4977999925613403
230 -0.4004901349544525 0.07205995917320251 -0.4985364675521851
231 -0.401995450258255 0.0654669851064682 -0.4977999925613403
232 -0.4019950926303864 0.0654669851064682 -0.4985378980636597
233 -0.4032913446426392 0.05917384102940559 -0.4977999925613403
234 -0.4032909870147705 0.05917384102940559 -0.4985391199588776
235 -0.404401957988739 0.05316602811217308 -0.4977999925613403
236 -0.4044016003608704 0.05316602811217308 -0.4985401928424835
237 -0.4053487777709961 0.04742682725191116 -0.4977999925613403
238 -0.4053484201431274 0.04742682725191116 -0.4985410869121552
239 -0.4061509668827057 0.04193753376603127 -0.4977999925613403
240 -0.4061506390571594 0.04193753376603127 -0.4985418319702148
241 -0.4068255424499512 0.03667772188782692 -0.4977999925613403
242 -0.4068252146244049 0.03667772188782692 -0.4985424876213074
243 -0.407387375831604 0.03162544220685959 -0.4977999925613403
244 -0.4073870480060577 0.03162544220685959 -0.498542994260788
245 -0.407848984003067 0.02675745636224747 -0.4985434412956238
246 -0.4078493416309357 0.02675745636224747 -0.4977999925613403
247 -0.4082223176956177 0.02204940281808376 -0.4977999925613403
248 -0.408221960067749 0.02204940281808376 -0.4985437989234924
249 -0.4085154235363007 0.01747599802911282 -0.4977999925613403
250 -0.408515065908432 0.01747599802911282 -0.4985440671443939
251 -0.4087359607219696 0.0130112012848258 -0.4977999925613403
252 -0.408735603094101 0.0130112012848258 -0.4985442757606506
253 -0.408889502286911 0.008628371171653271 -0.4977999925613403
254 -0.4088891446590424 0.008628371171653271 -0.4985444247722626
255 -0.4089797139167786 0.004300427623093128 -0.4985445141792297
256 -0.4089800715446472 0.004300427623093128 -0.4977999925613403
257 -0.4090043604373932 3.784281157514157e-17 -0.5007764101028442
258 -0.4089744389057159 -0.004300427623093128 -0.5007762908935547
259 -0.4088838696479797 -0.008628371171653271 -0.500775933265686
260 -0.4087303280830383 -0.0130112012848258 -0.5007753372192383
261 -0.4085097908973694 -0.01747599802911282 -0.5007745027542114
262 -0.4082167148590088 -0.02204940281808376 -0.5007734298706055
263 -0.4078437089920044 -0.02675745636224747 -0.5007719993591309
264 -0.4073817729949951 -0.03162544220685959 -0.5007702708244324
265 -0.4068199396133423 -0.03667772188782692 -0.5007681250572205
266 -0.4061453640460968 -0.04193753376603127 -0.5007655620574951
267 -0.4053431749343872 -0.04742682725191116 -0.5007625818252563
268 -0.4043963551521301 -0.05316602811217308 -0.500758945941925
269 -0.4032857418060303 -0.05917384102940559 -0.5007547736167908
270 -0.4019898772239685 -0.0654669851064682 -0.5007498860359192
271 -0.4004849195480347 -0.07205995917320251 -0.5007441639900208
272 -0.3987447619438171 -0.07896475493907928 -0.5007376074790955
273 -0.3967407643795013 -0.08619057387113571 -0.500730037689209
274 -0.3944419920444489 -0.09374348819255829 -0.5007213354110718
275 -0.3918151557445526 -0.1016261652112007 -0.5007113814353943
276 -0.3888247609138489 -0.1098374724388123 -0.500700056552887
277 -0.385433167219162 -0.1183721497654915 -0.5006872415542603
278 -0.3816009163856506 -0.1272204518318176 -0.5006727576255798
279 -0.3772868812084198 -0.1363677829504013 -0.5006564259529114
280 -0.3724486529827118 -0.1457943469285965 -0.5006381273269653
281 -0.3670429289340973 -0.1554747670888901 -0.5006176829338074
282 -0.3610260486602783 -0.1653778105974197 -0.5005949735641479
283 -0.3543544113636017 -0.1754660755395889 -0.5005697011947632
284 -0.346985250711441 -0.1856957525014877 -0.5005418658256531
285 -0.3388771712779999 -0.196016401052475 -0.5005111694335938
286 -0.3299911022186279 -0.2063708901405334 -0.5004775524139404
287 -0.3202910423278809 -0.2166952788829803 -0.5004408955574036
288 -0.3097448945045471 -0.2269189208745956 -0.5004010200500488
289 -0.2983255684375763 -0.2369646281003952 -0.5003578066825867
290 -0.2860117852687836 -0.2467489093542099 -0.5003112554550171
291 -0.2727892100811005 -0.256182461977005 -0.5002612471580505
292 -0.2586513757705688 -0.2651706635951996 -0.500207781791687
293 -0.243600606918335 -0.2736142575740814 -0.5001508593559265
294 -0.2276490777730942 -0.2814103662967682 -0.5000905394554138
295 -0.2108195573091507 -0.2884532511234283 -0.5000268816947937
296 -0.193146213889122 -0.2946357131004333 -0.4999600350856781
297 -0.174675241112709 -0.2998502850532532 -0.4998901784420013
298 -0.1554653346538544 -0.3039907217025757 -0.4998175203800201
299 -0.135588064789772 -0.3069534301757812 -0.4997423589229584
300 -0.1151278987526894 -0.3086393177509308 -0.4996649622917175
301 -0.09418218582868576 -0.3089552819728851 -0.499585747718811
302 -0.07286076247692108 -0.307816207408905 -0.4995051026344299
303 -0.05128539726138115 -0.3051464557647705 -0.4994235336780548
304 -0.02958891354501247 -0.3008818328380585 -0.4993414580821991
305 -0.007914116606116295 -0.2949709892272949 -0.4992595016956329
306 0.01358759589493275 -0.2873771488666534 -0.4991781711578369
307 0.03475780040025711 -0.2780794501304626 -0.4990981221199036
308 0.05543292313814163 -0.2670739591121674 -0.4990199208259583
309 0.07544619590044022 -0.2543748617172241 -0.4989442229270935
310 0.09462990611791611 -0.2400149405002594 -0.4988716840744019
311 0.11281768232584 -0.2240460216999054 -0.4988029003143311
312 0.129846915602684 -0.2065390795469284 -0.4987384974956512
313 0.1455611437559128 -0.1875839084386826 -0.4986790716648102
314 0.1598125100135803 -0.1672885119915009 -0.4986251592636108
315 0.1724641621112823 -0.14577816426754 -0.4985773265361786
316 0.1833923161029816 -0.123194046318531 -0.4985359907150269
317 0.1924884915351868 -0.0996917337179184 -0.4985015988349915
318 0.1996612548828125 -0.0754392072558403 -0.4984744489192963
319 0.2048377990722656 -0.05061473697423935 -0.4984548687934875
320 0.2079651653766632 -0.02540448866784573 -0.498443067073822
321 0.2090112268924713 0 -0.4984391033649445
322 0.2079651653766632 0.02540448866784573 -0.498443067073822
323 0.2048377990722656 0.05061473697423935 -0.4984548687934875
324 0.1996612548828125 0.0754392072558403 -0.4984744489192963
325 0.1924884915351868 0.0996917337179184 -0.4985015988349915
326 0.1833923161029816 0.123194046318531 -0.4985359907150269
327 0.1724641621112823 0.14577816426754 -0.4985773265361786
328 0.1598125100135803 0.1672885119915009 -0.4986251592636108
329 0.1455611437559128 0.1875839084386826 -0.4986790716648102
330 0.129846915602684 0.2065390795469284 -0.4987384974956512
331 0.11281768232584 0.2240460216999054 -0.4988029003143311
332 0.09462990611791611 0.2400149405002594 -0.4988716840744019
333 0.07544619590044022 0.2543748617172241 -0.4989442229270935
334 0.05543292313814163 0.2670739591121674 -0.4990199208259583
335 0.03475780040025711 0.2780794501304626 -0.4990981221199036
336 0.01358759589493275 0.2873771488666534 -0.4991781711578369
337 -0.007914116606116295 0.2949709892272949 -0.4992595016956329
338 -0.02958891354501247 0.3008818328380585 -0.4993414580821991
339 -0.05128539726138115 0.3051464557647705 -0.4994235336780548
340 -0.07286076247692108 0.307816207408905 -0.4995051026344299
341 -0.09418218582868576 0.3089552819728851 -0.499585747718811
342 -0.1151278987526894 0.3086393177509308 -0.4996649622917175
343 -0.135588064789772 0.3069534301757812 -0.4997423589229584
344 -0.1554653346538544 0.3039907217025757 -0.4998175203800201
345 -0.174675241112709 0.2998502850532532 -0.4998901784420013
346 -0.193146213889122 0.2946357131004333 -0.4999600350856781
347 -0.2108195573091507 0.2884532511234283 -0.5000268816947937
348 -0.2276490777730942 0.2814103662967682 -0.5000905394554138
349 -0.243600606918335 0.2736142575740814 -0.5001508593559265
350 -0.2586513757705688 0.2651706635951996 -0.500207781791687
351 -0.2727892100811005 0.256182461977005 -0.5002612471580505
352 -0.2860117852687836 0.2467489093542099 -0.5003112554550171
353 -0.2983255684375763 0.2369646281003952 -0.5003578066825867
354 -0.3097448945045471 0.2269189208745956 -0.5004010200500488
355 -0.3202910423278809 0.2166952788829803 -0.5004408955574036
356 -0.3299911022186279 0.2063708901405334 -0.5004775524139404
357 -0.3388771712779999 0.196016401052475 -0.5005111694335938
358 -0.346985250711441 0.1856957525014877 -0.5005418658256531
359 -0.3543544113636017 0.1754660755395889 -0.5005697011947632
360 -0.3610260486602783 0.1653778105974197 -0.5005949735641479
361 -0.3670429289340973 0.1554747670888901 -0.5006176829338074
362 -0.3724486529827118 0.1457943469285965 -0.5006381273269653
363 -0.3772868812084198 0.1363677829504013 -0.5006564259529114
364 -0.3816009163856506 0.1272204518318176 -0.5006727576255798
365 -0.385433167219162 0.1183721497654915 -0.5006872415542603
366 -0.3888247609138489 0.1098374724388123 -0.500700056552887
367 -0.3918151557445526 0.1016261652112007 -0.5007113814353943
368 -0.3944419920444489 0.09374348819255829 -0.5007213354110718
369 -0.3967407643795013 0.08619057387113571 -0.500730037689209
370 -0.3987447619438171 0.07896475493907928 -0.5007376074790955
371 -0.4004849195480347 0.07205995917320251 -0.5007441639900208
372 -0.4019898772239685 0.0654669851064682 -0.5007498860359192
373 -0.4032857418060303 0.05917384102940559 -0.5007547736167908
374 -0.4043963551521301 0.05316602811217308 -0.500758945941925
375 -0.4053431749343872 0.04742682725191116 -0.5007625818252563
376 -0.4061453640460968 0.04193753376603127 -0.5007655620574951
377 -0.4068199396133423 0.03667772188782692 -0.5007681250572205
378 -0.4073817729949951 0.03162544220685959 -0.5007702708244324
379 -0.4078437089920044 0.02675745636224747 -0.5007719993591309
380 -0.4082167148590088 0.02204940281808376 -0.5007734298706055
381 -0.4085097908973694 0.01747599802911282 -0.5007745027542114
382 -0.4087303280830383 0.0130112012848258 -0.5007753372192383
383 -0.4088838696479797 0.008628371171653271 -0.500775933265686
384 -0.4089744389057159 0.004300427623093128 -0.5007762908935547
385 -0.4089516401290894 -0.004300427623093128 -0.5044898390769958
386 -0.4089815616607666 3.784281157514157e-17 -0.504490077495575
387 -0.4088610708713531 -0.008628371171653271 -0.5044890642166138
388 -0.4087075293064117 -0.0130112012848258 -0.5044877529144287
389 -0.4084869921207428 -0.01747599802911282 -0.5044859051704407
390 -0.4081939160823822 -0.02204940281808376 -0.5044834017753601
391 -0.4078209400177002 -0.02675745636224747 -0.504480242729187
392 -0.4073590040206909 -0.03162544220685959 -0.5044763088226318
393 -0.4067972004413605 -0.03667772188782692 -0.5044715404510498
394 -0.4061226546764374 -0.04193753376603127 -0.5044658184051514
395 -0.4053204655647278 -0.04742682725191116 -0.5044589638710022
396 -0.4043736755847931 -0.05316602811217308 -0.5044509172439575
397 -0.4032630920410156 -0.05917384102940559 -0.504441499710083
398 -0.4019672572612762 -0.0654669851064682 -0.5044304728507996
399 -0.4004623591899872 -0.07205995917320251 -0.5044176578521729
400 -0.398722231388092 -0.07896475493907928 -0.5044028759002686
401 -0.396718293428421 -0.08619057387113571 -0.5043858289718628
402 -0.3944196105003357 -0.09374348819255829 -0.5043663382530212
403 -0.3917928338050842 -0.1016261652112007 -0.5043439865112305
404 -0.3888025283813477 -0.1098374724388123 -0.5043185353279114
405 -0.3854110538959503 -0.1183721497654915 -0.5042897462844849
406 -0.3815788924694061 -0.1272204518318176 -0.5042571425437927
407 -0.3772649765014648 -0.1363677829504013 -0.5042204856872559
408 -0.3724268972873688 -0.1457943469285965 -0.5041793584823608
409 -0.3670213520526886 -0.1554747670888901 -0.504133403301239
410 -0.3610046207904816 -0.1653778105974197 -0.5040822625160217
411 -0.3543331921100616 -0.1754660755395889 -0.5040255188941956
412 -0.3469642400741577 -0.1856957525014877 -0.5039628744125366
413 -0.3388563990592957 -0.196016401052475 -0.5038939714431763
414 -0.3299705982208252 -0.2063708901405334 -0.5038184523582458
415 -0.3202708065509796 -0.2166952788829803 -0.5037359595298767
416 -0.3097249567508698 -0.2269189208745956 -0.5036463141441345
417 -0.2983059585094452 -0.2369646281003952 -0.5035492777824402
418 -0.2859925627708435 -0.2467489093542099 -0.5034445524215698
419 -0.2727703452110291 -0.256182461977005 -0.5033321976661682
420 -0.2586329281330109 -0.2651706635951996 -0.5032119750976562
421 -0.2435825914144516 -0.2736142575740814 -0.5030840635299683
422 -0.2276315242052078 -0.2814103662967682 -0.5029484629631042
423 -0.2108024954795837 -0.2884532511234283 -0.5028054118156433
424 -0.1931296586990356 -0.2946357131004333 -0.5026551485061646
425 -0.1746592223644257 -0.2998502850532532 -0.5024981498718262
426 -0.1554498821496964 -0.3039907217025757 -0.5023348331451416
427 -0.1355731785297394 -0.3069534301757812 -0.5021658539772034
428 -0.1151136085391045 -0.3086393177509308 -0.5019919276237488
429 -0.09416849911212921 -0.3089552819728851 -0.5018138885498047
430 -0.07284770160913467 -0.307816207408905 -0.5016326308250427
431 -0.05127295851707458 -0.3051464557647705 -0.5014492273330688
432 -0.02957710437476635 -0.3008818328380585 -0.5012648105621338
433 -0.007902933284640312 -0.2949709892272949 -0.5010805726051331
434 0.01359815336763859 -0.2873771488666534 -0.5008977651596069
435 0.03476773947477341 -0.2780794501304626 -0.50071781873703
436 0.05544226616621017 -0.2670739591121674 -0.5005420446395874
437 0.0754549577832222 -0.2543748617172241 -0.5003719329833984
438 0.09463811665773392 -0.2400149405002594 -0.500208854675293
439 0.112825371325016 -0.2240460216999054 -0.5000542402267456
440 0.1298541128635406 -0.2065390795469284 -0.4999094605445862
441 0.1455678790807724 -0.1875839084386826 -0.4997758865356445
442 0.1598188281059265 -0.1672885119915009 -0.4996547400951385
443 0.1724700927734375 -0.14577816426754 -0.4995471835136414
444 0.1833979487419128 -0.123194046318531 -0.4994542896747589
445 0.1924938559532166 -0.0996917337179184 -0.4993769824504852
446 0.199666440486908 -0.0754392072558403 -0.49931600689888
447 0.2048428356647491 -0.05061473697423935 -0.4992719888687134
448 0.2079700827598572 -0.02540448866784573 -0.4992454051971436
449 0.2090161144733429 0 -0.499236524105072
450 0.2079700827598572 0.02540448866784573 -0.4992454051971436
451 0.2048428356647491 0.05061473697423935 -0.4992719888687134
452 0.199666440486908 0.0754392072558403 -0.49931600689888
453 0.1924938559532166 0.0996917337179184 -0.4993769824504852
454 0.1833979487419128 0.123194046318531 -0.4994542896747589
455 0.1724700927734375 0.14577816426754 -0.4995471835136414
456 0.1598188281059265 0.1672885119915009 -0.4996547400951385
457 0.1455678790807724 0.1875839084386826 -0.4997758865356445
458 0.1298541128635406 0.2065390795469284 -0.4999094605445862
459 0.112825371325016 0.2240460216999054 -0.5000542402267456
460 0.09463811665773392 0.2400149405002594 -0.500208854675293
461 0.0754549577832222 0.2543748617172241 -0.5003719329833984
462 0.05544226616621017 0.2670739591121674 -0.5005420446395874
463 0.03476773947477341 0.2780794501304626 -0.50071781873703
464 0.01359815336763859 0.2873771488666534 -0.5008977651596069
465 -0.007902933284640312 0.2949709892272949 -0.5010805726051331
466 -0.02957710437476635 0.3008818328380585 -0.5012648105621338
467 -0.05127295851707458 0.3051464557647705 -0.5014492273330688
468 -0.07284770160913467 0.307816207408905 -0.5016326308250427
469 -0.09416849911212921 0.3089552819728851 -0.5018138885498047
470 -0.1151136085391045 0.3086393177509308 -0.5019919276237488
471 -0.1355731785297394 0.3069534301757812 -0.5021658539772034
472 -0.1554498821496964 0.3039907217025757 -0.5023348331451416
473 -0.1746592223644257 0.2998502850532532 -0.5024981498718262
474 -0.1931296586990356 0.2946357131004333 -0.5026551485061646
475 -0.2108024954795837 0.2884532511234283 -0.5028054118156433
476 -0.2276315242052078 0.2814103662967682 -0.5029484629631042
477 -0.2435825914144516 0.2736142575740814 -0.5030840635299683
478 -0.2586329281330109 0.2651706635951996 -0.5032119750976562
479 -0.2727703452110291 0.256182461977005 -0.5033321976661682
480 -0.2859925627708435 0.2467489093542099 -0.5034445524215698
481 -0.2983059585094452 0.2369646281003952 -0.5035492777824402
482 -0.3097249567508698 0.2269189208745956 -0.5036463141441345
483 -0.3202708065509796 0.2166952788829803 -0.5037359595298767
484 -0.3299705982208252 0.2063708901405334 -0.5038184523582458
485 -0.3388563990592957 0.196016401052475 -0.5038939714431763
486 -0.3469642400741577 0.1856957525014877 -0.5039628744125366
487 -0.3543331921100616 0.1754660755395889 -0.5040255188941956
488 -0.3610046207904816 0.1653778105974197 -0.5040822625160217
489 -0.3670213520526886 0.1554747670888901 -0.504133403301239
490 -0.3724268972873688 0.1457943469285965 -0.5041793584823608
491 -0.3772649765014648 0.1363677829504013 -0.5042204856872559
492 -0.3815788924694061 0.1272204518318176 -0.5042571425437927
493 -0.3854110538959503 0.1183721497654915 -0.5042897462844849
494 -0.3888025283813477 0.1098374724388123 -0.5043185353279114
495 -0.3917928338050842 0.1016261652112007 -0.5043439865112305
496 -0.3944196105003357 0.09374348819255829 -0.5043663382530212
497 -0.396718293428421 0.08619057387113571 -0.5043858289718628
498 -0.398722231388092 0.07896475493907928 -0.5044028759002686
499 -0.4004623591899872 0.07205995917320251 -0.5044176578521729
500 -0.4019672572612762 0.0654669851064682 -0.5044304728507996
501 -0.4032630920410156 0.05917384102940559 -0.504441499710083
502 -0.4043736755847931 0.05316602811217308 -0.5044509172439575
503 -0.4053204655647278 0.04742682725191116 -0.5044589638710022
504 -0.4061226546764374 0.04193753376603127 -0.5044658184051514
505 -0.4067972004413605 0.03667772188782692 -0.5044715404510498
506 -0.4073590040206909 0.03162544220685959 -0.5044763088226318
507 -0.4078209400177002 0.02675745636224747 -0.504480242729187
508 -0.4081939160823822 0.02204940281808376 -0.5044834017753601
509 -0.4084869921207428 0.01747599802911282 -0.5044859051704407
510 -0.4087075293064117 0.0130112012848258 -0.5044877529144287
511 -0.4088610708713531 0.008628371171653271 -0.5044890642166138
512 -0.4089516401290894 0.004300427623093128 -0.5044898390769958
513 -0.4088904559612274 -0.004300427623093128 -0.5096760392189026
514 -0.4089203774929047 3.784281157514157e-17 -0.5096765160560608
515 -0.4087999165058136 -0.008628371171653271 -0.5096746683120728
516 -0.4086463749408722 -0.0130112012848258 -0.5096723437309265
517 -0.4084258675575256 -0.01747599802911282 -0.5096690058708191
518 -0.408132791519165 -0.02204940281808376 -0.5096645951271057
519 -0.4077598452568054 -0.02675745636224747 -0.5096589922904968
520 -0.4072979688644409 -0.03162544220685959 -0.5096520185470581
521 -0.4067361950874329 -0.03667772188782692 -0.5096434950828552
522 -0.4060616791248322 -0.04193753376603127 -0.5096333622932434
523 -0.4052595794200897 -0.04742682725191116 -0.509621262550354
524 -0.4043128490447998 -0.05316602811217308 -0.5096069574356079
525 -0.4032023549079895 -0.05917384102940559 -0.509590208530426
526 -0.4019066393375397 -0.0654669851064682 -0.5095706582069397
527 -0.4004018604755402 -0.07205995917320251 -0.5095479488372803
528 -0.3986618518829346 -0.07896475493907928 -0.5095216631889343
529 -0.3966580629348755 -0.08619057387113571 -0.5094914436340332
530 -0.3943595588207245 -0.09374348819255829 -0.5094567537307739
531 -0.3917329907417297 -0.1016261652112007 -0.5094171166419983
532 -0.3887429237365723 -0.1098374724388123 -0.5093719363212585
533 -0.385351687669754 -0.1183721497654915 -0.5093207955360413
534 -0.3815198540687561 -0.1272204518318176 -0.5092629790306091
535 -0.3772062659263611 -0.1363677829504013 -0.5091978311538696
536 -0.3723685443401337 -0.1457943469285965 -0.5091248154640198
537 -0.3669634163379669 -0.1554747670888901 -0.509043276309967
538 -0.3609471917152405 -0.1653778105974197 -0.5089524388313293
539 -0.3542762696743011 -0.1754660755395889 -0.5088517665863037
540 -0.3469078838825226 -0.1856957525014877 -0.5087405443191528
541 -0.3388006687164307 -0.196016401052475 -0.5086182355880737
542 -0.3299155533313751 -0.2063708901405334 -0.5084841251373291
543 -0.3202165067195892 -0.2166952788829803 -0.5083377361297607
544 -0.3096714913845062 -0.2269189208745956 -0.5081785917282104
545 -0.2982533872127533 -0.2369646281003952 -0.5080062747001648
546 -0.2859409153461456 -0.2467489093542099 -0.5078204274177551
547 -0.2727197706699371 -0.256182461977005 -0.5076208710670471
548 -0.2585834264755249 -0.2651706635951996 -0.507407546043396
549 -0.2435342669487 -0.2736142575740814 -0.507180392742157
550 -0.2275844365358353 -0.2814103662967682 -0.506939709186554
551 -0.2107567191123962 -0.2884532511234283 -0.506685733795166
552 -0.1930852681398392 -0.2946357131004333 -0.5064190030097961
553 -0.1746162623167038 -0.2998502850532532 -0.5061402916908264
554 -0.1554084122180939 -0.3039907217025757 -0.5058503746986389
555 -0.1355332583189011 -0.3069534301757812 -0.5055504441261292
556 -0.1150752753019333 -0.3086393177509308 -0.5052416920661926
557 -0.09413179755210876 -0.3089552819728851 -0.5049256086349487
558 -0.07281264662742615 -0.307816207408905 -0.5046038031578064
559 -0.05123958736658096 -0.3051464557647705 -0.5042782425880432
560 -0.02954541705548763 -0.3008818328380585 -0.503950834274292
561 -0.0078729297965765 -0.2949709892272949 -0.5036237239837646
562 0.01362648047506809 -0.2873771488666534 -0.5032992362976074
563 0.03479442745447159 -0.2780794501304626 -0.5029798150062561
564 0.05546734482049942 -0.2670739591121674 -0.5026677846908569
565 0.07547847181558609 -0.2543748617172241 -0.50236576795578
566 0.09466014057397842 -0.2400149405002594 -0.502076268196106
567 0.1128459796309471 -0.2240460216999054 -0.5018017888069153
568 0.1298733949661255 -0.2065390795469284 -0.5015448331832886
569 0.1455859541893005 -0.1875839084386826 -0.5013076663017273
570 0.1598358154296875 -0.1672885119915009 -0.5010926127433777
571 0.1724860966205597 -0.14577816426754 -0.5009016990661621
572 0.1834130883216858 -0.123194046318531 -0.5007367730140686
573 0.1925082802772522 -0.0996917337179184 -0.5005995035171509
574 0.1996802985668182 -0.0754392072558403 -0.5004912614822388
575 0.204856276512146 -0.05061473697423935 -0.500413179397583
576 0.2079833149909973 -0.02540448866784573 -0.5003659725189209
577 0.2090292572975159 0 -0.5003501772880554
578 0.2079833149909973 0.02540448866784573 -0.5003659725189209
579 0.204856276512146 0.05061473697423935 -0.500413179397583
580 0.1996802985668182 0.0754392072558403 -0.5004912614822388
581 0.1925082802772522 0.0996917337179184 -0.5005995035171509
582 0.1834130883216858 0.123194046318531 -0.5007367730140686
583 0.1724860966205597 0.14577816426754 -0.5009016990661621
584 0.1598358154296875 0.1672885119915009 -0.5010926127433777
585 0.1455859541893005 0.1875839084386826 -0.5013076663017273
586 0.1298733949661255 0.2065390795469284 -0.5015448331832886
587 0.1128459796309471 0.2240460216999054 -0.5018017888069153
588 0.09466014057397842 0.2400149405002594 -0.502076268196106
589 0.07547847181558609 0.2543748617172241 -0.50236576795578
590 0.05546734482049942 0.2670739591121674 -0.5026677846908569
591 0.03479442745447159 0.2780794501304626 -0.5029798150062561
592 0.01362648047506809 0.2873771488666534 -0.5032992362976074
593 -0.0078729297965765 0.2949709892272949 -0.5036237239837646
594 -0.02954541705548763 0.3008818328380585 -0.503950834274292
595 -0.05123958736658096 0.3051464557647705 -0.5042782425880432
596 -0.07281264662742615 0.307816207408905 -0.5046038031578064
597 -0.09413179755210876 0.3089552819728851 -0.5049256086349487
598 -0.1150752753019333 0.3086393177509308 -0.5052416920661926
599 -0.1355332583189011 0.3069534301757812 -0.5055504441261292
600 -0.1554084122180939 0.3039907217025757 -0.5058503746986389
601 -0.1746162623167038 0.2998502850532532 -0.5061402916908264
602 -0.1930852681398392 0.2946357131004333 -0.5064190030097961
603 -0.2107567191123962 0.2884532511234283 -0.506685733795166
604 -0.2275844365358353 0.2814103662967682 -0.506939709186554
605 -0.2435342669487 0.2736142575740814 -0.507180392742157
606 -0.2585834264755249 0.2651706635951996 -0.507407546043396
607 -0.2727197706699371 0.256182461977005 -0.5076208710670471
608 -0.2859409153461456 0.2467489093542099 -0.5078204274177551
609 -0.2982533872127533 0.2369646281003952 -0.5080062747001648
610 -0.3096714913845062 0.2269189208745956 -0.5081785917282104
611 -0.3202165067195892 0.2166952788829803 -0.5083377361297607
612 -0.3299155533313751 0.2063708901405334 -0.5084841251373291
613 -0.3388006687164307 0.196016401052475 -0.5086182355880737
614 -0.3469078838825226 0.1856957525014877 -0.5087405443191528
615 -0.3542762696743011 0.1754660755395889 -0.5088517665863037
616 -0.3609471917152405 0.1653778105974197 -0.5089524388313293
617 -0.3669634163379669 0.1554747670888901 -0.509043276309967
618 -0.3723685443401337 0.1457943469285965 -0.5091248154640198
619 -0.3772062659263611 0.1363677829504013 -0.5091978311538696
620 -0.3815198540687561 0.1272204518318176 -0.5092629790306091
621 -0.385351687669754 0.1183721497654915 -0.5093207955360413
622 -0.3887429237365723 0.1098374724388123 -0.5093719363212585
623 -0.3917329907417297 0.1016261652112007 -0.5094171166419983
624 -0.3943595588207245 0.09374348819255829 -0.5094567537307739
625 -0.3966580629348755 0.08619057387113571 -0.5094914436340332
626 -0.3986618518829346 0.07896475493907928 -0.5095216631889343
627 -0.4004018604755402 0.07205995917320251 -0.5095479488372803
628 -0.4019066393375397 0.0654669851064682 -0.5095706582069397
629 -0.4032023549079895 0.05917384102940559 -0.509590208530426
630 -0.4043128490447998 0.05316602811217308 -0.5096069574356079
631 -0.4052595794200897 0.04742682725191116 -0.509621262550354
632 -0.4060616791248322 0.04193753376603127 -0.5096333622932434
633 -0.4067361950874329 0.03667772188782692 -0.5096434950828552
634 -0.4072979688644409 0.03162544220685959 -0.5096520185470581
635 -0.4077598452568054 0.02675745636224747 -0.5096589922904968
636 -0.408132791519165 0.02204940281808376 -0.5096645951271057
637 -0.4084258675575256 0.01747599802911282 -0.5096690058708191
638 -0.4086463749408722 0.0130112012848258 -0.5096723437309265
639 -0.4087999165058136 0.008628371171653271 -0.5096746683120728
640 -0.4088904559612274 0.004300427623093128 -0.5096760392189026
641 -0.4087620675563812 -0.004300427623093128 -0.5163217782974243
642 -0.4087919890880585 3.784281157514157e-17 -0.5163224935531616
643 -0.4086715579032898 -0.008628371171653271 -0.5163196325302124
644 -0.4085180163383484 -0.0130112012848258 -0.5163159966468811
645 -0.4082975685596466 -0.01747599802911282 -0.5163108110427856
646 -0.4080045521259308 -0.02204940281808376 -0.5163039565086365
647 -0.4076316654682159 -0.02675745636224747 -0.5162951350212097
648 -0.4071698486804962 -0.03162544220685959 -0.5162842869758606
649 -0.4066081643104553 -0.03667772188782692 -0.5162710547447205
650 -0.4059337675571442 -0.04193753376603127 -0.5162551999092102
651 -0.4051317870616913 -0.04742682725191116 -0.5162363052368164
652 -0.4041852355003357 -0.05316602811217308 -0.5162140130996704
653 -0.4030749201774597 -0.05917384102940559 -0.5161879062652588
654 -0.4017793834209442 -0.0654669851064682 -0.5161573886871338
655 -0.4002748727798462 -0.07205995917320251 -0.5161219835281372
656 -0.3985351622104645 -0.07896475493907928 -0.5160809755325317
657 -0.3965317010879517 -0.08619057387113571 -0.5160338282585144
658 -0.3942335546016693 -0.09374348819255829 -0.5159797072410583
659 -0.3916074335575104 -0.1016261652112007 -0.5159178972244263
660 -0.3886178433895111 -0.1098374724388123 -0.5158475041389465
661 -0.3852271735668182 -0.1183721497654915 -0.5157676935195923
662 -0.3813959360122681 -0.1272204518318176 -0.5156775116920471
663 -0.3770830631256104 -0.1363677829504013 -0.5155760049819946
664 -0.3722461462020874 -0.1457943469285965 -0.5154621005058289
665 -0.3668418824672699 -0.1554747670888901 -0.5153349041938782
666 -0.3608266413211823 -0.1653778105974197 -0.5151932835578918
667 -0.3541567921638489 -0.1754660755395889 -0.5150362849235535
668 -0.3467895984649658 -0.1856957525014877 -0.5148628354072571
669 -0.3386837244033813 -0.196016401052475 -0.5146719813346863
670 -0.3298000693321228 -0.2063708901405334 -0.5144628286361694
671 -0.3201026022434235 -0.2166952788829803 -0.5142345428466797
672 -0.3095593154430389 -0.2269189208745956 -0.513986349105835
673 -0.298143059015274 -0.2369646281003952 -0.5137175917625427
674 -0.2858326137065887 -0.2467489093542099 -0.5134277939796448
675 -0.2726136147975922 -0.256182461977005 -0.5131165981292725
676 -0.2584795653820038 -0.2651706635951996 -0.5127838253974915
677 -0.2434328645467758 -0.2736142575740814 -0.5124295949935913
678 -0.2274856418371201 -0.2814103662967682 -0.5120542049407959
679 -0.2106606662273407 -0.2884532511234283 -0.5116581320762634
680 -0.192992091178894 -0.2946357131004333 -0.511242151260376
681 -0.1745260953903198 -0.2998502850532532 -0.5108074545860291
682 -0.1553213894367218 -0.3039907217025757 -0.5103553533554077
683 -0.1354494690895081 -0.3069534301757812 -0.5098875164985657
684 -0.1149948313832283 -0.3086393177509308 -0.5094059705734253
685 -0.09405477344989777 -0.3089552819728851 -0.508912980556488
686 -0.07273910194635391 -0.307816207408905 -0.508411169052124
687 -0.05116955935955048 -0.3051464557647705 -0.5079033970832825
688 -0.02947892807424068 -0.3008818328380585 -0.5073927640914917
689 -0.007809980306774378 -0.2949709892272949 -0.5068826675415039
690 0.01368592865765095 -0.2873771488666534 -0.5063766241073608
691 0.03485042601823807 -0.2780794501304626 -0.5058783292770386
692 0.0555199608206749 -0.2670739591121674 -0.5053917765617371
693 0.07552782446146011 -0.2543748617172241 -0.5049207210540771
694 0.09470636397600174 -0.2400149405002594 -0.5044692158699036
695 0.1128892377018929 -0.2240460216999054 -0.5040411949157715
696 0.1299138814210892 -0.2065390795469284 -0.5036404132843018
697 0.1456238627433777 -0.1875839084386826 -0.5032705664634705
698 0.1598713994026184 -0.1672885119915009 -0.5029351115226746
699 0.1725196242332458 -0.14577816426754 -0.5026373863220215
700 0.1834448277950287 -0.123194046318531 -0.5023801922798157
701 0.1925385594367981 -0.0996917337179184 -0.5021660923957825
702 0.1997093856334686 -0.0754392072558403 -0.5019972920417786
703 0.2048845291137695 -0.05061473697423935 -0.5018754601478577
704 0.2080110609531403 -0.02540448866784573 -0.5018018484115601
705 0.2090568244457245 0 -0.5017772316932678
706 0.2080110609531403 0.02540448866784573 -0.5018018484115601
707 0.2048845291137695 0.05061473697423935 -0.5018754601478577
708 0.1997093856334686 0.0754392072558403 -0.5019972920417786
709 0.1925385594367981 0.0996917337179184 -0.5021660923957825
710 0.1834448277950287 0.123194046318531 -0.5023801922798157
711 0.1725196242332458 0.14577816426754 -0.5026373863220215
712 0.1598713994026184 0.1672885119915009 -0.5029351115226746
713 0.1456238627433777 0.1875839084386826 -0.5032705664634705
714 0.1299138814210892 0.2065390795469284 -0.5036404132843018
715 0.1128892377018929 0.2240460216999054 -0.5040411949157715
716 0.09470636397600174 0.2400149405002594 -0.5044692158699036
717 0.07552782446146011 0.2543748617172241 -0.5049207210540771
718 0.0555199608206749 0.2670739591121674 -0.5053917765617371
719 0.03485042601823807 0.2780794501304626 -0.5058783292770386
720 0.01368592865765095 0.2873771488666534 -0.5063766241073608
721 -0.007809980306774378 0.2949709892272949 -0.5068826675415039
722 -0.02947892807424068 0.3008818328380585 -0.5073927640914917
723 -0.05116955935955048 0.3051464557647705 -0.5079033970832825
724 -0.07273910194635391 0.307816207408905 -0.508411169052124
725 -0.09405477344989777 0.3089552819728851 -0.508912980556488
726 -0.1149948313832283 0.3086393177509308 -0.5094059705734253
727 -0.1354494690895081 0.3069534301757812 -0.5098875164985657
728 -0.1553213894367218 0.3039907217025757 -0.5103553533554077
729 -0.1745260953903198 0.2998502850532532 -0.5108074545860291
730 -0.192992091178894 0.2946357131004333 -0.511242151260376
731 -0.2106606662273407 0.2884532511234283 -0.5116581320762634
732 -0.2274856418371201 0.2814103662967682 -0.5120542049407959
733 -0.2434328645467758 0.2736142575740814 -0.5124295949935913
734 -0.2584795653820038 0.2651706635951996 -0.5127838253974915
735 -0.2726136147975922 0.256182461977005 -0.5131165981292725
736 -0.2858326137065887 0.2467489093542099 -0.5134277939796448
737 -0.298143059015274 0.2369646281003952 -0.5137175917625427
738 -0.3095593154430389 0.2269189208745956 -0.513986349105835
739 -0.3201026022434235 0.2166952788829803 -0.5142345428466797
740 -0.3298000693321228 0.2063708901405334 -0.5144628286361694
741 -0.3386837244033813 0.196016401052475 -0.5146719813346863
742 -0.3467895984649658 0.1856957525014877 -0.5148628354072571
743 -0.3541567921638489 0.1754660755395889 -0.5150362849235535
744 -0.3608266413211823 0.1653778105974197 -0.5151932835578918
745 -0.3668418824672699 0.1554747670888901 -0.5153349041938782
746 -0.3722461462020874 0.1457943469285965 -0.5154621005058289
747 -0.3770830631256104 0.1363677829504013 -0.5155760049819946
748 -0.3813959360122681 0.1272204518318176 -0.5156775116920471
749 -0.3852271735668182 0.1183721497654915 -0.5157676935195923
750 -0.3886178433895111 0.1098374724388123 -0.5158475041389465
751 -0.3916074335575104 0.1016261652112007 -0.5159178972244263
752 -0.3942335546016693 0.09374348819255829 -0.5159797072410583
753 -0.3965317010879517 0.08619057387113571 -0.5160338282585144
754 -0.3985351622104645 0.07896475493907928 -0.5160809755325317
755 -0.4002748727798462 0.07205995917320251 -0.5161219835281372
756 -0.4017793834209442 0.0654669851064682 -0.5161573886871338
757 -0.4030749201774597 0.05917384102940559 -0.5161879062652588
758 -0.4041852355003357 0.05316602811217308 -0.5162140130996704
759 -0.4051317870616913 0.04742682725191116 -0.5162363052368164
760 -0.4059337675571442 0.04193753376603127 -0.5162551999092102
761 -0.4066081643104553 0.03667772188782692 -0.5162710547447205
762 -0.4071698486804962 0.03162544220685959 -0.5162842869758606
763 -0.4076316654682159 0.02675745636224747 -0.5162951350212097
764 -0.4080045521259308 0.02204940281808376 -0.5163039565086365
765 -0.4082975685596466 0.01747599802911282 -0.5163108110427856
766 -0.4085180163383484 0.0130112012848258 -0.5163159966468811
767 -0.4086715579032898 0.008628371171653271 -0.5163196325302124
768 -0.4087620675563812 0.004300427623093128 -0.5163217782974243
769 -0.408530056476593 -0.004300427623093128 -0.5244097709655762
770 -0.4085599780082703 3.784281157514157e-17 -0.5244107842445374
771 -0.4084395468235016 -0.008628371171653271 -0.5244067311286926
772 -0.4082860946655273 -0.0130112012848258 -0.5244015455245972
773 -0.4080656766891479 -0.01747599802911282 -0.5243940949440002
774 -0.4077727496623993 -0.02204940281808376 -0.5243842005729675
775 -0.407399982213974 -0.02675745636224747 -0.5243715643882751
776 -0.4069383144378662 -0.03162544220685959 -0.524355947971344
777 -0.4063767790794373 -0.03667772188782692 -0.5243369340896606
778 -0.4057025909423828 -0.04193753376603127 -0.5243141651153564
779 -0.404900848865509 -0.04742682725191116 -0.5242870450019836
780 -0.4039545655250549 -0.05316602811217308 -0.5242549777030945
781 -0.4028445780277252 -0.05917384102940559 -0.524217426776886
782 -0.4015494287014008 -0.0654669851064682 -0.5241736173629761
783 -0.4000453650951385 -0.07205995917320251 -0.5241227746009827
784 -0.3983061611652374 -0.07896475493907928 -0.5240638852119446
785 -0.3963032960891724 -0.08619057387113571 -0.5239961743354797
786 -0.3940058052539825 -0.09374348819255829 -0.5239183902740479
787 -0.3913804590702057 -0.1016261652112007 -0.5238295793533325
788 -0.3883917629718781 -0.1098374724388123 -0.5237284898757935
789 -0.385002076625824 -0.1183721497654915 -0.5236138105392456
790 -0.3811720013618469 -0.1272204518318176 -0.5234842300415039
791 -0.3768603801727295 -0.1363677829504013 -0.5233383774757385
792 -0.3720248937606812 -0.1457943469285965 -0.5231747627258301
793 -0.3666222393512726 -0.1554747670888901 -0.522991955280304
794 -0.3606087565422058 -0.1653778105974197 -0.5227885246276855
795 -0.35394087433815 -0.1754660755395889 -0.5225629210472107
796 -0.3465758860111237 -0.1856957525014877 -0.5223137736320496
797 -0.3384723663330078 -0.196016401052475 -0.5220395922660828
798 -0.3295913338661194 -0.2063708901405334 -0.52173912525177
799 -0.3198967278003693 -0.2166952788829803 -0.5214111804962158
800 -0.3093565404415131 -0.2269189208745956 -0.5210545659065247
801 -0.2979436814785004 -0.2369646281003952 -0.5206684470176697
802 -0.285636842250824 -0.2467489093542099 -0.5202521085739136
803 -0.2724217474460602 -0.256182461977005 -0.5198050141334534
804 -0.2582918703556061 -0.2651706635951996 -0.5193269848823547
805 -0.2432496100664139 -0.2736142575740814 -0.5188180804252625
806 -0.2273070812225342 -0.2814103662967682 -0.5182786583900452
807 -0.2104870826005936 -0.2884532511234283 -0.5177096128463745
808 -0.1928237080574036 -0.2946357131004333 -0.5171120762825012
809 -0.1743631660938263 -0.2998502850532532 -0.5164874792098999
810 -0.1551641076803207 -0.3039907217025757 -0.5158379673957825
811 -0.1352980583906174 -0.3069534301757812 -0.5151658654212952
812 -0.1148494482040405 -0.3086393177509308 -0.5144740343093872
813 -0.09391555935144424 -0.3089552819728851 -0.513765811920166
814 -0.07260618358850479 -0.307816207408905 -0.5130448341369629
815 -0.05104300007224083 -0.3051464557647705 -0.5123153328895569
816 -0.0293587651103735 -0.3008818328380585 -0.5115817189216614
817 -0.007696209941059351 -0.2949709892272949 -0.5108488202095032
818 0.01379335857927799 -0.2873771488666534 -0.5101218223571777
819 0.03495161980390549 -0.2780794501304626 -0.5094059705734253
820 0.05561506003141403 -0.2670739591121674 -0.5087069272994995
821 0.07561702281236649 -0.2543748617172241 -0.5080301761627197
822 0.09478991478681564 -0.2400149405002594 -0.5073815584182739
823 0.112967424094677 -0.2240460216999054 -0.5067665576934814
824 0.129987046122551 -0.2065390795469284 -0.5061907768249512
825 0.1456923931837082 -0.1875839084386826 -0.5056594014167786
826 0.1599357128143311 -0.1672885119915009 -0.5051775574684143
827 0.17258021235466 -0.14577816426754 -0.5047497749328613
828 0.183502197265625 -0.123194046318531 -0.5043802261352539
829 0.1925932466983795 -0.0996917337179184 -0.5040726661682129
830 0.1997619569301605 -0.0754392072558403 -0.5038301348686218
831 0.2049355804920197 -0.05061473697423935 -0.5036550760269165
832 0.2080611884593964 -0.02540448866784573 -0.503549337387085
833 0.2091066241264343 0 -0.5035139918327332
834 0.2080611884593964 0.02540448866784573 -0.503549337387085
835 0.2049355804920197 0.05061473697423935 -0.5036550760269165
836 0.1997619569301605 0.0754392072558403 -0.5038301348686218
837 0.1925932466983795 0.0996917337179184 -0.5040726661682129
838 0.183502197265625 0.123194046318531 -0.5043802261352539
839 0.17258021235466 0.14577816426754 -0.5047497749328613
840 0.1599357128143311 0.1672885119915009 -0.5051775574684143
841 0.1456923931837082 0.1875839084386826 -0.5056594014167786
842 0.129987046122551 0.2065390795469284 -0.5061907768249512
843 0.112967424094677 0.2240460216999054 -0.5067665576934814
844 0.09478991478681564 0.2400149405002594 -0.5073815584182739
845 0.07561702281236649 0.2543748617172241 -0.5080301761627197
846 0.05561506003141403 0.2670739591121674 -0.5087069272994995
847 0.03495161980390549 0.2780794501304626 -0.5094059705734253
848 0.01379335857927799 0.2873771488666534 -0.5101218223571777
849 -0.007696209941059351 0.2949709892272949 -0.5108488202095032
850 -0.0293587651103735 0.3008818328380585 -0.5115817189216614
851 -0.05104300007224083 0.3051464557647705 -0.5123153328895569
852 -0.07260618358850479 0.307816207408905 -0.5130448341369629
853 -0.09391555935144424 0.3089552819728851 -0.513765811920166
854 -0.1148494482040405 0.3086393177509308 -0.5144740343093872
855 -0.1352980583906174 0.3069534301757812 -0.5151658654212952
856 -0.1551641076803207 0.3039907217025757 -0.5158379673957825
857 -0.1743631660938263 0.2998502850532532 -0.5164874792098999
858 -0.1928237080574036 0.2946357131004333 -0.5171120762825012
859 -0.2104870826005936 0.2884532511234283 -0.5177096128463745
860 -0.2273070812225342 0.2814103662967682 -0.5182786583900452
861 -0.2432496100664139 0.2736142575740814 -0.5188180804252625
862 -0.2582918703556061 0.2651706635951996 -0.5193269848823547
863 -0.2724217474460602 0.256182461977005 -0.5198050141334534
864 -0.285636842250824 0.2467489093542099 -0.5202521085739136
865 -0.2979436814785004 0.2369646281003952 -0.5206684470176697
866 -0.3093565404415131 0.2269189208745956 -0.5210545659065247
867 -0.3198967278003693 0.2166952788829803 -0.5214111804962158
868 -0.3295913338661194 0.2063708901405334 -0.52173912525177
869 -0.3384723663330078 0.196016401052475 -0.5220395922660828
870 -0.3465758860111237 0.1856957525014877 -0.5223137736320496
871 -0.35394087433815 0.1754660755395889 -0.5225629210472107
872 -0.3606087565422058 0.1653778105974197 -0.5227885246276855
873 -0.3666222393512726 0.1554747670888901 -0.522991955280304
874 -0.3720248937606812 0.1457943469285965 -0.5231747627258301
875 -0.3768603801727295 0.1363677829504013 -0.5233383774757385
876 -0.3811720013618469 0.1272204518318176 -0.5234842300415039
877 -0.385002076625824 0.1183721497654915 -0.5236138105392456
878 -0.3883917629718781 0.1098374724388123 -0.5237284898757935
879 -0.3913804590702057 0.1016261652112007 -0.5238295793533325
880 -0.3940058052539825 0.09374348819255829 -0.5239183902740479
881 -0.3963032960891724 0.08619057387113571 -0.5239961743354797
882 -0.3983061611652374 0.07896475493907928 -0.5240638852119446
883 -0.4000453650951385 0.07205995917320251 -0.5241227746009827
884 -0.4015494287014008 0.0654669851064682 -0.5241736173629761
885 -0.4028445780277252 0.05917384102940559 -0.524217426776886
886 -0.4039545655250549 0.05316602811217308 -0.5242549777030945
887 -0.404900848865509 0.04742682725191116 -0.5242870450019836
888 -0.4057025909423828 0.04193753376603127 -0.5243141651153564
889 -0.4063767790794373 0.03667772188782692 -0.5243369340896606
890 -0.4069383144378662 0.03162544220685959 -0.524355947971344
891 -0.407399982213974 0.02675745636224747 -0.5243715643882751
892 -0.4077727496623993 0.02204940281808376 -0.5243842005729675
893 -0.4080656766891479 0.01747599802911282 -0.5243940949440002
894 -0.4082860946655273 0.0130112012848258 -0.5244015455245972
895 -0.4084395468235016 0.008628371171653271 -0.5244067311286926
896 -0.408530056476593 0.004300427623093128 -0.5244097709655762
897 -0.4081507921218872 -0.004300427623093128 -0.5339184999465942
898 -0.4081806838512421 3.784281157514157e-17 -0.5339198708534241
899 -0.4080603420734406 -0.008628371171653271 -0.53391432762146
900 -0.4079069495201111 -0.0130112012848258 -0.5339072942733765
901 -0.4076866507530212 -0.01747599802911282 -0.5338971614837646
902 -0.4073938429355621 -0.02204940281808376 -0.5338837504386902
903 -0.4070212543010712 -0.02675745636224747 -0.5338665843009949
904 -0.4065597951412201 -0.03162544220685959 -0.5338454246520996
905 -0.405998557806015 -0.03667772188782692 -0.5338196158409119
906 -0.4053246974945068 -0.04193753376603127 -0.5337886810302734
907 -0.4045233428478241 -0.04742682725191116 -0.5337518453598022
908 -0.4035775065422058 -0.05316602811217308 -0.533708393573761
909 -0.4024680554866791 -0.05917384102940559 -0.533657431602478
910 -0.4011735320091248 -0.0654669851064682 -0.5335979461669922
911 -0.3996701836585999 -0.07205995917320251 -0.5335288643836975
912 -0.3979318141937256 -0.07896475493907928 -0.5334489941596985
913 -0.3959299027919769 -0.08619057387113571 -0.5333570241928101
914 -0.3936335444450378 -0.09374348819255829 -0.5332515239715576
915 -0.3910094797611237 -0.1016261652112007 -0.533130943775177
916 -0.3880222141742706 -0.1098374724388123 -0.5329937338829041
917 -0.3846341669559479 -0.1183721497654915 -0.5328380465507507
918 -0.3808059096336365 -0.1272204518318176 -0.5326622128486633
919 -0.3764964044094086 -0.1363677829504013 -0.5324642062187195
920 -0.3716632425785065 -0.1457943469285965 -0.5322421193122864
921 -0.3662631809711456 -0.1554747670888901 -0.5319940447807312
922 -0.3602525889873505 -0.1653778105974197 -0.5317178964614868
923 -0.3535879552364349 -0.1754660755395889 -0.5314117074012756
924 -0.3462264835834503 -0.1856957525014877 -0.5310735106468201
925 -0.3381268978118896 -0.196016401052475 -0.5307013392448425
926 -0.3292501270771027 -0.2063708901405334 -0.5302935242652893
927 -0.3195601999759674 -0.2166952788829803 -0.5298483371734619
928 -0.3090251088142395 -0.2269189208745956 -0.5293643474578857
929 -0.2976177334785461 -0.2369646281003952 -0.5288402438163757
930 -0.2853168547153473 -0.2467489093542099 -0.5282750725746155
931 -0.2721081078052521 -0.256182461977005 -0.5276682376861572
932 -0.2579850554466248 -0.2651706635951996 -0.5270193815231323
933 -0.2429500371217728 -0.2736142575740814 -0.5263286232948303
934 -0.2270152121782303 -0.2814103662967682 -0.5255964994430542
935 -0.2102033048868179 -0.2884532511234283 -0.5248240828514099
936 -0.1925484538078308 -0.2946357131004333 -0.5240129828453064
937 -0.1740968078374863 -0.2998502850532532 -0.523165225982666
938 -0.1549070179462433 -0.3039907217025757 -0.5222836136817932
939 -0.1350505501031876 -0.3069534301757812 -0.5213713049888611
940 -0.1146117970347404 -0.3086393177509308 -0.5204322934150696
941 -0.093688003718853 -0.3089552819728851 -0.5194709897041321
942 -0.0723889023065567 -0.307816207408905 -0.5184924602508545
943 -0.05083611235022545 -0.3051464557647705 -0.5175022482872009
944 -0.0291623380035162 -0.3008818328380585 -0.5165064334869385
945 -0.007510221097618341 -0.2949709892272949 -0.515511691570282
946 0.01396898366510868 -0.2873771488666534 -0.5145248770713806
947 0.03511703759431839 -0.2780794501304626 -0.513553261756897
948 0.05577050894498825 -0.2670739591121674 -0.5126043558120728
949 0.07576284557580948 -0.2543748617172241 -0.511685848236084
950 0.09492646902799606 -0.2400149405002594 -0.5108053684234619
951 0.1130952164530754 -0.2240460216999054 -0.5099706649780273
952 0.1301066279411316 -0.2065390795469284 -0.5091890692710876
953 0.1458044052124023 -0.1875839084386826 -0.5084678530693054
954 0.1600408852100372 -0.1672885119915009 -0.5078138113021851
955 0.1726792752742767 -0.14577816426754 -0.5072331428527832
956 0.1835959851741791 -0.123194046318531 -0.5067316293716431
957 0.1926826536655426 -0.0996917337179184 -0.5063141584396362
958 0.1998479068279266 -0.0754392072558403 -0.5059849619865417
959 0.2050190269947052 -0.05061473697423935 -0.505747377872467
960 0.2081431150436401 -0.02540448866784573 -0.5056038498878479
961 0.2091880738735199 0 -0.5055558085441589
962 0.2081431150436401 0.02540448866784573 -0.5056038498878479
963 0.2050190269947052 0.05061473697423935 -0.505747377872467
964 0.1998479068279266 0.0754392072558403 -0.5059849619865417
965 0.1926826536655426 0.0996917337179184 -0.5063141584396362
966 0.1835959851741791 0.123194046318531 -0.5067316293716431
967 0.1726792752742767 0.14577816426754 -0.5072331428527832
968 0.1600408852100372 0.1672885119915009 -0.5078138113021851
969 0.1458044052124023 0.1875839084386826 -0.5084678530693054
970 0.1301066279411316 0.2065390795469284 -0.5091890692710876
971 0.1130952164530754 0.2240460216999054 -0.5099706649780273
972 0.09492646902799606 0.2400149405002594 -0.5108053684234619
973 0.07576284557580948 0.2543748617172241 -0.511685848236084
974 0.05577050894498825 0.2670739591121674 -0.5126043558120728
975 0.03511703759431839 0.2780794501304626 -0.513553261756897
976 0.01396898366510868 0.2873771488666534 -0.5145248770713806
977 -0.007510221097618341 0.2949709892272949 -0.515511691570282
978 -0.0291623380035162 0.3008818328380585 -0.5165064334869385
979 -0.05083611235022545 0.3051464557647705 -0.5175022482872009
980 -0.0723889023065567 0.307816207408905 -0.5184924602508545
981 -0.093688003718853 0.3089552819728851 -0.5194709897041321
982 -0.1146117970347404 0.3086393177509308 -0.5204322934150696
983 -0.1350505501031876 0.3069534301757812 -0.5213713049888611
984 -0.1549070179462433 0.3039907217025757 -0.5222836136817932
985 -0.1740968078374863 0.2998502850532532 -0.523165225982666
986 -0.1925484538078308 0.2946357131004333 -0.5240129828453064
987 -0.2102033048868179 0.2884532511234283 -0.5248240828514099
988 -0.2270152121782303 0.2814103662967682 -0.5255964994430542
989 -0.2429500371217728 0.2736142575740814 -0.5263286232948303
990 -0.2579850554466248 0.2651706635951996 -0.5270193815231323
991 -0.2721081078052521 0.256182461977005 -0.5276682376861572
992 -0.2853168547153473 0.2467489093542099 -0.5282750725746155
993 -0.2976177334785461 0.2369646281003952 -0.5288402438163757
994 -0.3090251088142395 0.2269189208745956 -0.5293643474578857
995 -0.3195601999759674 0.2166952788829803 -0.5298483371734619
996 -0.3292501270771027 0.2063708901405334 -0.5302935242652893
997 -0.3381268978118896 0.196016401052475 -0.5307013392448425
998 -0.3462264835834503 0.1856957525014877 -0.5310735106468201
999 -0.3535879552364349 0.1754660755395889 -0.5314117074012756
1000 -0.3602525889873505 0.1653778105974197 -0.5317178964614868
1001 -0.3662631809711456 0.1554747670888901 -0.5319940447807312
1002 -0.3716632425785065 0.1457943469285965 -0.5322421193122864
1003 -0.3764964044094086 0.1363677829504013 -0.5324642062187195
1004 -0.3808059096336365 0.1272204518318176 -0.5326622128486633
1005 -0.3846341669559479 0.1183721497654915 -0.5328380465507507
1006 -0.3880222141742706 0.1098374724388123 -0.5329937338829041
1007 -0.3910094797611237 0.1016261652112007 -0.533130943775177
1008 -0.3936335444450378 0.09374348819255829 -0.5332515239715576
1009 -0.3959299027919769 0.08619057387113571 -0.5333570241928101
1010 -0.3979318141937256 0.07896475493907928 -0.5334489941596985
1011 -0.3996701836585999 0.07205995917320251 -0.5335288643836975
1012 -0.4011735320091248 0.0654669851064682 -0.5335979461669922
1013 -0.4024680554866791 0.05917384102940559 -0.533657431602478
1014 -0.4035775065422058 0.05316602811217308 -0.533708393573761
1015 -0.4045233428478241 0.04742682725191116 -0.5337518453598022
1016 -0.4053246974945068 0.04193753376603127 -0.5337886810302734
1017 -0.405998557806015 0.03667772188782692 -0.5338196158409119
1018 -0.4065597951412201 0.03162544220685959 -0.5338454246520996
1019 -0.4070212543010712 0.02675745636224747 -0.5338665843009949
1020 -0.4073938429355621 0.02204940281808376 -0.5338837504386902
1021 -0.4076866507530212 0.01747599802911282 -0.5338971614837646
1022 -0.4079069495201111 0.0130112012848258 -0.5339072942733765
1023 -0.4080603420734406 0.008628371171653271 -0.53391432762146
1024 -0.4081507921218872 0.004300427623093128 -0.5339184999465942
1025 -0.4075741767883301 -0.004291794262826443 -0.5448215007781982
1026 -0.4076039493083954 3.784281157514157e-17 -0.5448232889175415
1027 -0.4074841439723969 -0.008611371740698814 -0.5448161363601685
1028 -0.4073314070701599 -0.01298636756837368 -0.544806957244873
1029 -0.4071120619773865 -0.01744411885738373 -0.5447938442230225
1030 -0.4068203866481781 -0.02201151475310326 -0.5447763800621033
1031 -0.4064490497112274 -0.02671482972800732 -0.5447541475296021
1032 -0.4059889316558838 -0.03157956898212433 -0.5447266101837158
1033 -0.4054290652275085 -0.03663028404116631 -0.5446931123733521
1034 -0.4047564566135406 -0.04189040511846542 -0.5446528196334839
1035 -0.4039562046527863 -0.04738201573491096 -0.5446049571037292
1036 -0.4030111730098724 -0.05312566831707954 -0.5445483922958374
1037 -0.401902049779892 -0.0591401569545269 -0.5444819927215576
1038 -0.4006072580814362 -0.06544224917888641 -0.5444045066833496
1039 -0.3991028964519501 -0.07204645872116089 -0.544314444065094
1040 -0.3973625600337982 -0.07896475493907928 -0.5442102551460266
1041 -0.395357608795166 -0.08620625734329224 -0.5440902709960938
1042 -0.3930568397045135 -0.09377692639827728 -0.5439525246620178
1043 -0.3904268443584442 -0.1016792505979538 -0.543795108795166
1044 -0.3874319791793823 -0.1099118813872337 -0.5436158776283264
1045 -0.3840344548225403 -0.1184693053364754 -0.5434125065803528
1046 -0.3801946341991425 -0.1273414492607117 -0.5431826710700989
1047 -0.3758713603019714 -0.136513352394104 -0.5429238677024841
1048 -0.3710221648216248 -0.1459647715091705 -0.5426336526870728
1049 -0.3656036555767059 -0.1556699275970459 -0.5423092842102051
1050 -0.3595722019672394 -0.165597066283226 -0.5419482588768005
1051 -0.3528842926025391 -0.1757082492113113 -0.541547954082489
1052 -0.3454972803592682 -0.185959130525589 -0.5411058068275452
1053 -0.3373700082302094 -0.1962987035512924 -0.5406193733215332
1054 -0.3284636735916138 -0.2066692709922791 -0.5400862693786621
1055 -0.3187426030635834 -0.2170063406229019 -0.53950434923172
1056 -0.3081751465797424 -0.2272387593984604 -0.5388718247413635
1057 -0.2967347502708435 -0.2372888475656509 -0.5381870865821838
1058 -0.2844007313251495 -0.247072696685791 -0.5374488234519958
1059 -0.2711593508720398 -0.2565006613731384 -0.5366562008857727
1060 -0.2570048868656158 -0.2654778361320496 -0.5358089804649353
1061 -0.2419404536485672 -0.2739048600196838 -0.5349072813987732
1062 -0.2259789705276489 -0.2816787958145142 -0.5339518785476685
1063 -0.2091439962387085 -0.2886940836906433 -0.5329442024230957
1064 -0.1914705038070679 -0.2948437333106995 -0.5318863391876221
1065 -0.1730053722858429 -0.3000207245349884 -0.530781090259552
1066 -0.1538080275058746 -0.3041192889213562 -0.529632031917572
1067 -0.1339505612850189 -0.3070366084575653 -0.528443455696106
1068 -0.1135179176926613 -0.3086743950843811 -0.5272204279899597
1069 -0.09260775148868561 -0.3089405596256256 -0.5259687900543213
1070 -0.07133003324270248 -0.3077509999275208 -0.5246952176094055
1071 -0.04980646446347237 -0.3050312697887421 -0.5234068632125854
1072 -0.02816961519420147 -0.3007182776927948 -0.5221117734909058
1073 -0.006561814341694117 -0.29476198554039 -0.5208184123039246
1074 0.01486624218523502 -0.2871268391609192 -0.5195358395576477
1075 0.03595706075429916 -0.2777929902076721 -0.5182734131813049
1076 0.05654817074537277 -0.2667576670646667 -0.5170409083366394
1077 0.07647412270307541 -0.2540359199047089 -0.5158482193946838
1078 0.0955686941742897 -0.2396612763404846 -0.5147053003311157
1079 0.1136671081185341 -0.2236861437559128 -0.513621985912323
1080 0.1306084394454956 -0.2061818391084671 -0.5126079320907593
1081 0.1462379693984985 -0.1872382164001465 -0.5116723775863647
1082 0.1604095995426178 -0.1669631600379944 -0.5108241438865662
1083 0.1729881167411804 -0.1454814970493317 -0.5100712180137634
1084 0.1838513910770416 -0.1229338049888611 -0.5094209909439087
1085 0.1928923428058624 -0.09947473555803299 -0.5088798403739929
1086 0.2000207901000977 -0.07527118921279907 -0.5084531903266907
1087 0.205164909362793 -0.05050016939640045 -0.508145272731781
1088 0.2082725167274475 -0.0253464300185442 -0.507959246635437
1089 0.2093119323253632 0 -0.5078970193862915
1090 0.2082725167274475 0.0253464300185442 -0.507959246635437
1091 0.205164909362793 0.05050016939640045 -0.508145272731781
1092 0.2000207901000977 0.07527118921279907 -0.5084531903266907
1093 0.1928923428058624 0.09947473555803299 -0.5088798403739929
1094 0.1838513910770416 0.1229338049888611 -0.5094209909439087
1095 0.1729881167411804 0.1454814970493317 -0.5100712180137634
1096 0.1604095995426178 0.1669631600379944 -0.5108241438865662
1097 0.1462379693984985 0.1872382164001465 -0.5116723775863647
1098 0.1306084394454956 0.2061818391084671 -0.5126079320907593
1099 0.1136671081185341 0.2236861437559128 -0.513621985912323
1100 0.0955686941742897 0.2396612763404846 -0.5147053003311157
1101 0.07647412270307541 0.2540359199047089 -0.5158482193946838
1102 0.05654817074537277 0.2667576670646667 -0.5170409083366394
1103 0.03595706075429916 0.2777929902076721 -0.5182734131813049
1104 0.01486624218523502 0.2871268391609192 -0.5195358395576477
1105 -0.006561814341694117 0.29476198554039 -0.5208184123039246
1106 -0.02816961519420147 0.3007182776927948 -0.5221117734909058
1107 -0.04980646446347237 0.3050312697887421 -0.5234068632125854
1108 -0.07133003324270248 0.3077509999275208 -0.5246952176094055
1109 -0.09260775148868561 0.3089405596256256 -0.5259687900543213
1110 -0.1135179176926613 0.3086743950843811 -0.5272204279899597
1111 -0.1339505612850189 0.3070366084575653 -0.528443455696106
1112 -0.1538080275058746 0.3041192889213562 -0.529632031917572
1113 -0.1730053722858429 0.3000207245349884 -0.530781090259552
1114 -0.1914705038070679 0.2948437333106995 -0.5318863391876221
1115 -0.2091439962387085 0.2886940836906433 -0.5329442024230957
1116 -0.2259789705276489 0.2816787958145142 -0.5339518785476685
1117 -0.2419404536485672 0.2739048600196838 -0.5349072813987732
1118 -0.2570048868656158 0.2654778361320496 -0.5358089804649353
1119 -0.2711593508720398 0.2565006613731384 -0.5366562008857727
1120 -0.2844007313251495 0.247072696685791 -0.5374488234519958
1121 -0.2967347502708435 0.2372888475656509 -0.5381870865821838
1122 -0.3081751465797424 0.2272387593984604 -0.5388718247413635
1123 -0.3187426030635834 0.2170063406229019 -0.53950434923172
1124 -0.3284636735916138 0.2066692709922791 -0.5400862693786621
1125 -0.3373700082302094 0.1962987035512924 -0.5406193733215332
1126 -0.3454972803592682 0.185959130525589 -0.5411058068275452
1127 -0.3528842926025391 0.1757082492113113 -0.541547954082489
1128 -0.3595722019672394 0.165597066283226 -0.5419482588768005
1129 -0.3656036555767059 0.1556699275970459 -0.5423092842102051
1130 -0.3710221648216248 0.1459647715091705 -0.5426336526870728
1131 -0.3758713603019714 0.136513352394104 -0.5429238677024841
1132 -0.3801946341991425 0.1273414492607117 -0.5431826710700989
1133 -0.3840344548225403 0.1184693053364754 -0.5434125065803528
1134 -0.3874319791793823 0.1099118813872337 -0.5436158776283264
1135 -0.3904268443584442 0.1016792505979538 -0.543795108795166
1136 -0.3930568397045135 0.09377692639827728 -0.5439525246620178
1137 -0.395357608795166 0.08620625734329224 -0.5440902709960938
1138 -0.3973625600337982 0.07896475493907928 -0.5442102551460266
1139 -0.3991028964519501 0.07204645872116089 -0.544314444065094
1140 -0.4006072580814362 0.06544224917888641 -0.5444045066833496
1141 -0.401902049779892 0.0591401569545269 -0.5444819927215576
1142 -0.4030111730098724 0.05312566831707954 -0.5445483922958374
1143 -0.4039562046527863 0.04738201573491096 -0.5446049571037292
1144 -0.4047564566135406 0.04189040511846542 -0.5446528196334839
1145 -0.4054290652275085 0.03663028404116631 -0.5446931123733521
1146 -0.4059889316558838 0.03157956898212433 -0.5447266101837158
1147 -0.4064490497112274 0.02671482972800732 -0.5447541475296021
1148 -0.4068203866481781 0.02201151475310326 -0.5447763800621033
1149 -0.4071120619773865 0.01744411885738373 -0.5447938442230225
1150 -0.4073314070701599 0.01298636756837368 -0.544806957244873
1151 -0.4074841439723969 0.008611371740698814 -0.5448161363601685
1152 -0.4075741767883301 0.004291794262826443 -0.5448215007781982
1153 -0.4067461788654327 -0.004116487223654985 -0.5570874810218811
1154 -0.4067735075950623 3.784281157514157e-17 -0.5570895671844482
1155 -0.4066632390022278 -0.008266180753707886 -0.5570812225341797
1156 -0.4065220355987549 -0.01248207408934832 -0.5570705533027649
1157 -0.4063179790973663 -0.01679673045873642 -0.5570551156997681
1158 -0.4060446321964264 -0.02124206908047199 -0.5570344924926758
1159 -0.405693531036377 -0.02584913372993469 -0.5570079684257507
1160 -0.4052542448043823 -0.03064786642789841 -0.5569747686386108
1161 -0.4047141075134277 -0.03566686809062958 -0.5569339394569397
1162 -0.4040581583976746 -0.04093313962221146 -0.5568844079971313
1163 -0.4032690823078156 -0.04647182300686836 -0.556824803352356
1164 -0.4023271203041077 -0.052305918186903 -0.5567536354064941
1165 -0.4012098908424377 -0.05845599994063377 -0.5566692352294922
1166 -0.3998923599720001 -0.06493989378213882 -0.5565696954727173
1167 -0.398346871137619 -0.07177235931158066 -0.5564529299736023
1168 -0.3965429961681366 -0.07896475493907928 -0.556316614151001
1169 -0.3944477140903473 -0.08652467280626297 -0.5561583638191223
1170 -0.3920254111289978 -0.09445556998252869 -0.5559753179550171
1171 -0.3892380893230438 -0.1027564406394958 -0.5557647347450256
1172 -0.386045515537262 -0.1114213690161705 -0.5555235743522644
1173 -0.3824055790901184 -0.1204392239451408 -0.5552485585212708
1174 -0.3782745599746704 -0.1297933012247086 -0.5549364686012268
1175 -0.3736076056957245 -0.1394609212875366 -0.5545838475227356
1176 -0.3683593571186066 -0.1494132429361343 -0.5541873574256897
1177 -0.3624842762947083 -0.1596148759126663 -0.5537434816360474
1178 -0.3559376299381256 -0.1700237989425659 -0.5532489418983459
1179 -0.3486760258674622 -0.1805911362171173 -0.5527002811431885
1180 -0.3406582474708557 -0.1912611424922943 -0.552094578742981
1181 -0.3318462073802948 -0.2019712775945663 -0.5514287948608398
1182 -0.3222057819366455 -0.2126522660255432 -0.5507004857063293
1183 -0.3117076754570007 -0.2232284247875214 -0.5499073266983032
1184 -0.3003285825252533 -0.2336180359125137 -0.5490476489067078
1185 -0.2880518138408661 -0.2437338680028915 -0.5481201410293579
1186 -0.27486851811409 -0.2534837424755096 -0.5471241474151611
1187 -0.2607782781124115 -0.2627714574337006 -0.5460596084594727
1188 -0.2457900643348694 -0.2714975774288177 -0.5449272990226746
1189 -0.2299228012561798 -0.2795604765415192 -0.5437285304069519
1190 -0.213206022977829 -0.2868575751781464 -0.5424655675888062
1191 -0.1956802755594254 -0.2932864427566528 -0.5411415100097656
1192 -0.1773974001407623 -0.2987462282180786 -0.5397602319717407
1193 -0.158420667052269 -0.3031390011310577 -0.5383265018463135
1194 -0.1388246715068817 -0.3063711524009705 -0.5368460416793823
1195 -0.1186951249837875 -0.3083548843860626 -0.535325288772583
1196 -0.09812838584184647 -0.3090095818042755 -0.5337714552879333
1197 -0.07723086327314377 -0.3082630932331085 -0.5321926474571228
1198 -0.05611814558506012 -0.3060532808303833 -0.5305975675582886
1199 -0.03491406887769699 -0.3023289442062378 -0.5289956331253052
1200 -0.0137495007365942 -0.2970511317253113 -0.5273966193199158
1201 0.007238910999149084 -0.2901938855648041 -0.5258109569549561
1202 0.02791021205484867 -0.2817452549934387 -0.524249255657196
1203 0.04812062531709671 -0.271707683801651 -0.5227223634719849
1204 0.06772523373365402 -0.2600985467433929 -0.5212412476539612
1205 0.08657955378293991 -0.2469503283500671 -0.5198168158531189
1206 0.1045413240790367 -0.2323106080293655 -0.5184597969055176
1207 0.121472142636776 -0.2162418812513351 -0.5171806812286377
1208 0.1372391283512115 -0.198821172118187 -0.5159894824028015
1209 0.1517165303230286 -0.1801393926143646 -0.5148956775665283
1210 0.1647873222827911 -0.16030053794384 -0.5139082074165344
1211 0.1763445734977722 -0.1394207626581192 -0.5130350589752197
1212 0.1862927675247192 -0.1176272109150887 -0.5122834444046021
1213 0.1945489943027496 -0.09505672752857208 -0.5116596817970276
1214 0.2010440230369568 -0.07185444235801697 -0.5111690163612366
1215 0.2057230174541473 -0.04817227646708488 -0.5108155012130737
1216 0.2085464298725128 -0.02416728064417839 -0.5106022357940674
1217 0.2094902396202087 0 -0.5105308890342712
1218 0.2085464298725128 0.02416728064417839 -0.5106022357940674
1219 0.2057230174541473 0.04817227646708488 -0.5108155012130737
1220 0.2010440230369568 0.07185444235801697 -0.5111690163612366
1221 0.1945489943027496 0.09505672752857208 -0.5116596817970276
1222 0.1862927675247192 0.1176272109150887 -0.5122834444046021
1223 0.1763445734977722 0.1394207626581192 -0.5130350589752197
1224 0.1647873222827911 0.16030053794384 -0.5139082074165344
1225 0.1517165303230286 0.1801393926143646 -0.5148956775665283
1226 0.1372391283512115 0.198821172118187 -0.5159894824028015
1227 0.121472142636776 0.2162418812513351 -0.5171806812286377
1228 0.1045413240790367 0.2323106080293655 -0.5184597969055176
1229 0.08657955378293991 0.2469503283500671 -0.5198168158531189
1230 0.06772523373365402 0.2600985467433929 -0.5212412476539612
1231 0.04812062531709671 0.271707683801651 -0.5227223634719849
1232 0.02791021205484867 0.2817452549934387 -0.524249255657196
1233 0.007238910999149084 0.2901938855648041 -0.5258109569549561
1234 -0.0137495007365942 0.2970511317253113 -0.5273966193199158
1235 -0.03491406887769699 0.3023289442062378 -0.5289956331253052
1236 -0.05611814558506012 0.3060532808303833 -0.5305975675582886
1237 -0.07723086327314377 0.3082630932331085 -0.5321926474571228
1238 -0.09812838584184647 0.3090095818042755 -0.5337714552879333
1239 -0.1186951249837875 0.3083548843860626 -0.535325288772583
1240 -0.1388246715068817 0.3063711524009705 -0.5368460416793823
1241 -0.158420667052269 0.3031390011310577 -0.5383265018463135
1242 -0.1773974001407623 0.2987462282180786 -0.5397602319717407
1243 -0.1956802755594254 0.2932864427566528 -0.5411415100097656
1244 -0.213206022977829 0.2868575751781464 -0.5424655675888062
1245 -0.2299228012561798 0.2795604765415192 -0.5437285304069519
1246 -0.2457900643348694 0.2714975774288177 -0.5449272990226746
1247 -0.2607782781124115 0.2627714574337006 -0.5460596084594727
1248 -0.27486851811409 0.2534837424755096 -0.5471241474151611
1249 -0.2880518138408661 0.2437338680028915 -0.5481201410293579
1250 -0.3003285825252533 0.2336180359125137 -0.5490476489067078
1251 -0.3117076754570007 0.2232284247875214 -0.5499073266983032
1252 -0.3222057819366455 0.2126522660255432 -0.5507004857063293
1253 -0.3318462073802948 0.2019712775945663 -0.5514287948608398
1254 -0.3406582474708557 0.1912611424922943 -0.552094578742981
1255 -0.3486760258674622 0.1805911362171173 -0.5527002811431885
1256 -0.3559376299381256 0.1700237989425659 -0.5532489418983459
1257 -0.3624842762947083 0.1596148759126663 -0.5537434816360474
1258 -0.3683593571186066 0.1494132429361343 -0.5541873574256897
1259 -0.3736076056957245 0.1394609212875366 -0.5545838475227356
1260 -0.3782745599746704 0.1297933012247086 -0.5549364686012268
1261 -0.3824055790901184 0.1204392239451408 -0.5552485585212708
1262 -0.386045515537262 0.1114213690161705 -0.5555235743522644
1263 -0.3892380893230438 0.1027564406394958 -0.5557647347450256
1264 -0.3920254111289978 0.09445556998252869 -0.5559753179550171
1265 -0.3944477140903473 0.08652467280626297 -0.5561583638191223
1266 -0.3965429961681366 0.07896475493907928 -0.556316614151001
1267 -0.398346871137619 0.07177235931158066 -0.5564529299736023
1268 -0.3998923599720001 0.06493989378213882 -0.5565696954727173
1269 -0.4012098908424377 0.05845599994063377 -0.5566692352294922
1270 -0.4023271203041077 0.052305918186903 -0.5567536354064941
1271 -0.4032690823078156 0.04647182300686836 -0.556824803352356
1272 -0.4040581583976746 0.04093313962221146 -0.5568844079971313
1273 -0.4047141075134277 0.03566686809062958 -0.5569339394569397
1274 -0.4052542448043823 0.03064786642789841 -0.5569747686386108
1275 -0.405693531036377 0.02584913372993469 -0.5570079684257507
1276 -0.4060446321964264 0.02124206908047199 -0.5570344924926758
1277 -0.4063179790973663 0.01679673045873642 -0.5570551156997681
1278 -0.4065220355987549 0.01248207408934832 -0.5570705533027649
1279 -0.4066632390022278 0.008266180753707886 -0.5570812225341797
1280 -0.4067461788654327 0.004116487223654985 -0.5570874810218811
1281 -0.4056031107902527 -0.003936522640287876 -0.5706794857978821
1282 -0.4056280851364136 3.784281157514157e-17 -0.5706818103790283
1283 -0.4055272042751312 -0.007911810651421547 -0.5706724524497986
1284 -0.4053973853588104 -0.011964350938797 -0.5706603527069092
1285 -0.4052085280418396 -0.01613206975162029 -0.5706427693367004
1286 -0.4049534499645233 -0.02045204676687717 -0.5706190466880798
1287 -0.4046227037906647 -0.02496022917330265 -0.5705882906913757
1288 -0.4042044878005981 -0.02969112433493137 -0.5705494284629822
1289 -0.4036845266819 -0.03467749431729317 -0.5705010294914246
1290 -0.4030458927154541 -0.03995003178715706 -0.5704416632652283
1291 -0.4022688865661621 -0.04553702473640442 -0.5703693628311157
1292 -0.4013309478759766 -0.05146399885416031 -0.5702821612358093
1293 -0.4002065062522888 -0.05775336548686028 -0.5701775550842285
1294 -0.3988669216632843 -0.06442400813102722 -0.5700529813766479
1295 -0.3972805142402649 -0.07149092108011246 -0.5699054598808289
1296 -0.3954124748706818 -0.07896475493907928 -0.5697317123413086
1297 -0.3932251632213593 -0.08685144037008286 -0.5695282816886902
1298 -0.3906780481338501 -0.09515172988176346 -0.569291353225708
1299 -0.3877281844615936 -0.1038607805967331 -0.5690170526504517
1300 -0.3843303322792053 -0.112967774271965 -0.5687010288238525
1301 -0.3804376125335693 -0.1224554926156998 -0.5683389902114868
1302 -0.3760018944740295 -0.1322999894618988 -0.5679264068603516
1303 -0.3709744811058044 -0.1424703150987625 -0.5674588084220886
1304 -0.3653067946434021 -0.1529282033443451 -0.5669317245483398
1305 -0.3589512705802917 -0.163628026843071 -0.5663406252861023
1306 -0.3518621325492859 -0.1745166331529617 -0.5656812787055969
1307 -0.3439964354038239 -0.1855334341526031 -0.5649497509002686
1308 -0.3353149890899658 -0.1966106295585632 -0.5641422867774963
1309 -0.3257834315299988 -0.2076734006404877 -0.563255786895752
1310 -0.3153732120990753 -0.2186404466629028 -0.5622876286506653
1311 -0.3040625751018524 -0.2294245660305023 -0.5612356662750244
1312 -0.2918376326560974 -0.2399333566427231 -0.5600986480712891
1313 -0.2786930799484253 -0.2500701248645782 -0.5588761568069458
1314 -0.2646331489086151 -0.2597348988056183 -0.5575684905052185
1315 -0.2496721148490906 -0.2688256204128265 -0.556177020072937
1316 -0.233834907412529 -0.2772393226623535 -0.5547040700912476
1317 -0.2171574234962463 -0.2848734259605408 -0.5531529784202576
1318 -0.1996866911649704 -0.2916272580623627 -0.5515280961990356
1319 -0.1814808249473572 -0.2974033355712891 -0.5498348474502563
1320 -0.1626088321208954 -0.3021087944507599 -0.5480796694755554
1321 -0.1431502252817154 -0.3056567907333374 -0.5462698936462402
1322 -0.1231943145394325 -0.3079678416252136 -0.5444138646125793
1323 -0.1028394997119904 -0.3089709281921387 -0.5425207614898682
1324 -0.0821923166513443 -0.3086046874523163 -0.5406004786491394
1325 -0.06136631593108177 -0.3068183958530426 -0.5386635661125183
1326 -0.04048089683055878 -0.3035726845264435 -0.5367210507392883
1327 -0.01965999417006969 -0.2988402247428894 -0.5347846150398254
1328 0.0009692549938336015 -0.2926060855388641 -0.5328660011291504
1329 0.02127792127430439 -0.2848682105541229 -0.530977189540863
1330 0.04113664478063583 -0.2756372392177582 -0.5291301608085632
1331 0.06041698902845383 -0.264936625957489 -0.5273370146751404
1332 0.07899283617734909 -0.2528023719787598 -0.5256093740463257
1333 0.09674154967069626 -0.2392824590206146 -0.5239586234092712
1334 0.1135452017188072 -0.2244365513324738 -0.5223957896232605
1335 0.1292916834354401 -0.2083352506160736 -0.5209313035011292
1336 0.1438756138086319 -0.1910593509674072 -0.5195748805999756
1337 0.1571992933750153 -0.1726990938186646 -0.5183357000350952
1338 0.1691734194755554 -0.1533532440662384 -0.5172220468521118
1339 0.1797178089618683 -0.1331282109022141 -0.5162413716316223
1340 0.1887618899345398 -0.1121371537446976 -0.515400230884552
1341 0.1962452828884125 -0.09049893915653229 -0.5147042274475098
1342 0.2021179795265198 -0.06833725422620773 -0.5141580104827881
1343 0.2063409090042114 -0.04577962681651115 -0.513765275478363
1344 0.2088859379291534 -0.02295644208788872 -0.51352858543396
1345 0.2097361981868744 0 -0.513449490070343
1346 0.2088859379291534 0.02295644208788872 -0.51352858543396
1347 0.2063409090042114 0.04577962681651115 -0.513765275478363
1348 0.2021179795265198 0.06833725422620773 -0.5141580104827881
1349 0.1962452828884125 0.09049893915653229 -0.5147042274475098
1350 0.1887618899345398 0.1121371537446976 -0.515400230884552
1351 0.1797178089618683 0.1331282109022141 -0.5162413716316223
1352 0.1691734194755554 0.1533532440662384 -0.5172220468521118
1353 0.1571992933750153 0.1726990938186646 -0.5183357000350952
1354 0.1438756138086319 0.1910593509674072 -0.5195748805999756
1355 0.1292916834354401 0.2083352506160736 -0.5209313035011292
1356 0.1135452017188072 0.2244365513324738 -0.5223957896232605
1357 0.09674154967069626 0.2392824590206146 -0.5239586234092712
1358 0.07899283617734909 0.2528023719787598 -0.5256093740463257
1359 0.06041698902845383 0.264936625957489 -0.5273370146751404
1360 0.04113664478063583 0.2756372392177582 -0.5291301608085632
1361 0.02127792127430439 0.2848682105541229 -0.530977189540863
1362 0.0009692549938336015 0.2926060855388641 -0.5328660011291504
1363 -0.01965999417006969 0.2988402247428894 -0.5347846150398254
1364 -0.04048089683055878 0.3035726845264435 -0.5367210507392883
1365 -0.06136631593108177 0.3068183958530426 -0.5386635661125183
1366 -0.0821923166513443 0.3086046874523163 -0.5406004786491394
1367 -0.1028394997119904 0.3089709281921387 -0.5425207614898682
1368 -0.1231943145394325 0.3079678416252136 -0.5444138646125793
1369 -0.1431502252817154 0.3056567907333374 -0.5462698936462402
1370 -0.1626088321208954 0.3021087944507599 -0.5480796694755554
1371 -0.1814808249473572 0.2974033355712891 -0.5498348474502563
1372 -0.1996866911649704 0.2916272580623627 -0.5515280961990356
1373 -0.2171574234962463 0.2848734259605408 -0.5531529784202576
1374 -0.233834907412529 0.2772393226623535 -0.5547040700912476
1375 -0.2496721148490906 0.2688256204128265 -0.556177020072937
1376 -0.2646331489086151 0.2597348988056183 -0.5575684905052185
1377 -0.2786930799484253 0.2500701248645782 -0.5588761568069458
1378 -0.2918376326560974 0.2399333566427231 -0.5600986480712891
1379 -0.3040625751018524 0.2294245660305023 -0.5612356662750244
1380 -0.3153732120990753 0.2186404466629028 -0.5622876286506653
1381 -0.3257834315299988 0.2076734006404877 -0.563255786895752
1382 -0.3353149890899658 0.1966106295585632 -0.5641422867774963
1383 -0.3439964354038239 0.1855334341526031 -0.5649497509002686
1384 -0.3518621325492859 0.1745166331529617 -0.5656812787055969
1385 -0.3589512705802917 0.163628026843071 -0.5663406252861023
1386 -0.3653067946434021 0.1529282033443451 -0.5669317245483398
1387 -0.3709744811058044 0.1424703150987625 -0.5674588084220886
1388 -0.3760018944740295 0.1322999894618988 -0.5679264068603516
1389 -0.3804376125335693 0.1224554926156998 -0.5683389902114868
1390 -0.3843303322792053 0.112967774271965 -0.5687010288238525
1391 -0.3877281844615936 0.1038607805967331 -0.5690170526504517
1392 -0.3906780481338501 0.09515172988176346 -0.569291353225708
1393 -0.3932251632213593 0.08685144037008286 -0.5695282816886902
1394 -0.3954124748706818 0.07896475493907928 -0.5697317123413086
1395 -0.3972805142402649 0.07149092108011246 -0.5699054598808289
1396 -0.3988669216632843 0.06442400813102722 -0.5700529813766479
1397 -0.4002065062522888 0.05775336548686028 -0.5701775550842285
1398 -0.4013309478759766 0.05146399885416031 -0.5702821612358093
1399 -0.4022688865661621 0.04553702473640442 -0.5703693628311157
1400 -0.4030458927154541 0.03995003178715706 -0.5704416632652283
1401 -0.4036845266819 0.03467749431729317 -0.5705010294914246
1402 -0.4042044878005981 0.02969112433493137 -0.5705494284629822
1403 -0.4046227037906647 0.02496022917330265 -0.5705882906913757
1404 -0.4049534499645233 0.02045204676687717 -0.5706190466880798
1405 -0.4052085280418396 0.01613206975162029 -0.5706427693367004
1406 -0.4053973853588104 0.011964350938797 -0.5706603527069092
1407 -0.4055272042751312 0.007911810651421547 -0.5706724524497986
1408 -0.4056031107902527 0.003936522640287876 -0.5706794857978821
1409 -0.4040791392326355 -0.003761392319574952 -0.585554838180542
1410 -0.4041019082069397 3.784281157514157e-17 -0.5855574011802673
1411 -0.4040098190307617 -0.007566952146589756 -0.5855470299720764
1412 -0.4038906395435333 -0.0114605063572526 -0.5855336785316467
1413 -0.4037160873413086 -0.01548519544303417 -0.5855140686035156
1414 -0.4034782946109772 -0.01968312449753284 -0.585487425327301
1415 -0.4031669199466705 -0.02409501187503338 -0.5854524374008179
1416 -0.40276899933815 -0.02875981479883194 -0.5854077935218811
1417 -0.4022687077522278 -0.03371436148881912 -0.5853517055511475
1418 -0.4016472399234772 -0.03899294510483742 -0.5852819681167603
1419 -0.4008826315402985 -0.04462693631649017 -0.5851961374282837
1420 -0.3999496102333069 -0.05064432695508003 -0.5850914716720581
1421 -0.3988194167613983 -0.05706930905580521 -0.5849646329879761
1422 -0.397459864616394 -0.06392180174589157 -0.5848121047019958
1423 -0.3958351910114288 -0.07121697813272476 -0.5846297740936279
1424 -0.3939061760902405 -0.07896475493907928 -0.5844133496284485
1425 -0.3916304111480713 -0.08716932684183121 -0.5841580033302307
1426 -0.3889624178409576 -0.09582866728305817 -0.5838586091995239
1427 -0.3858540058135986 -0.1049340143799782 -0.5835098624229431
1428 -0.3822549879550934 -0.1144694983959198 -0.5831059813499451
1429 -0.3781134784221649 -0.1244116574525833 -0.5826413035392761
1430 -0.3733768463134766 -0.1347291469573975 -0.582109808921814
1431 -0.3679925203323364 -0.1453824490308762 -0.5815056562423706
1432 -0.3619088530540466 -0.1563237607479095 -0.5808230042457581
1433 -0.3550762236118317 -0.1674968749284744 -0.580056369304657
1434 -0.3474481999874115 -0.1788373589515686 -0.5792004466056824
1435 -0.3389825224876404 -0.1902727484703064 -0.578250527381897
1436 -0.3296424746513367 -0.2017230540513992 -0.5772024989128113
1437 -0.3193980157375336 -0.2131012231111526 -0.5760530233383179
1438 -0.3082267940044403 -0.2243140935897827 -0.5747995376586914
1439 -0.2961153388023376 -0.2352631688117981 -0.5734404921531677
1440 -0.2830598652362823 -0.2458459138870239 -0.5719755887985229
1441 -0.2690671980381012 -0.2559568583965302 -0.5704055428504944
1442 -0.2541552782058716 -0.2654891610145569 -0.5687323212623596
1443 -0.2383536100387573 -0.2743359506130219 -0.5669592618942261
1444 -0.2217034548521042 -0.2823919951915741 -0.5650909543037415
1445 -0.2042577415704727 -0.2895552515983582 -0.5631334185600281
1446 -0.1860808432102203 -0.2957284152507782 -0.5610938668251038
1447 -0.167248010635376 -0.3008204996585846 -0.5589807033538818
1448 -0.1478446424007416 -0.3047481179237366 -0.5568035244941711
1449 -0.1279653012752533 -0.3074369132518768 -0.5545728802680969
1450 -0.107712596654892 -0.3088225722312927 -0.5523003935813904
1451 -0.08719593286514282 -0.3088518679141998 -0.5499982833862305
1452 -0.06653008610010147 -0.3074831664562225 -0.5476794242858887
1453 -0.04583373665809631 -0.3046871423721313 -0.5453571677207947
1454 -0.02522799931466579 -0.3004468977451324 -0.5430450439453125
1455 -0.004834941122680902 -0.2947580218315125 -0.5407568216323853
1456 0.01522387750446796 -0.2876284122467041 -0.538506031036377
1457 0.03482871502637863 -0.2790779173374176 -0.5363062620162964
1458 0.05386293679475784 -0.2691378593444824 -0.5341705083847046
1459 0.07221411913633347 -0.2578502297401428 -0.5321113467216492
1460 0.08977500349283218 -0.2452669441699982 -0.5301408767700195
1461 0.1064443364739418 -0.2314489930868149 -0.5282704830169678
1462 0.1221274957060814 -0.2164655476808548 -0.5265107154846191
1463 0.136737048625946 -0.2003929316997528 -0.5248714089393616
1464 0.1501930356025696 -0.1833137571811676 -0.5233615636825562
1465 0.162423312664032 -0.1653160601854324 -0.5219892263412476
1466 0.1733635663986206 -0.1464923471212387 -0.5207616686820984
1467 0.1829573512077332 -0.1269389241933823 -0.5196851491928101
1468 0.1911562085151672 -0.1067551672458649 -0.5187652111053467
1469 0.1979192793369293 -0.08604283630847931 -0.5180063247680664
1470 0.2032134830951691 -0.06490561366081238 -0.5174123048782349
1471 0.2070132195949554 -0.04344857484102249 -0.5169859528541565
1472 0.209300309419632 -0.02177779749035835 -0.5167292952537537
1473 0.2100639045238495 0 -0.5166436433792114
1474 0.209300309419632 0.02177779749035835 -0.5167292952537537
1475 0.2070132195949554 0.04344857484102249 -0.5169859528541565
1476 0.2032134830951691 0.06490561366081238 -0.5174123048782349
1477 0.1979192793369293 0.08604283630847931 -0.5180063247680664
1478 0.1911562085151672 0.1067551672458649 -0.5187652111053467
1479 0.1829573512077332 0.1269389241933823 -0.5196851491928101
1480 0.1733635663986206 0.1464923471212387 -0.5207616686820984
1481 0.162423312664032 0.1653160601854324 -0.5219892263412476
1482 0.1501930356025696 0.1833137571811676 -0.5233615636825562
1483 0.136737048625946 0.2003929316997528 -0.5248714089393616
1484 0.1221274957060814 0.2164655476808548 -0.5265107154846191
1485 0.1064443364739418 0.2314489930868149 -0.5282704830169678
1486 0.08977500349283218 0.2452669441699982 -0.5301408767700195
1487 0.07221411913633347 0.2578502297401428 -0.5321113467216492
1488 0.05386293679475784 0.2691378593444824 -0.5341705083847046
1489 0.03482871502637863 0.2790779173374176 -0.5363062620162964
1490 0.01522387750446796 0.2876284122467041 -0.538506031036377
1491 -0.004834941122680902 0.2947580218315125 -0.5407568216323853
1492 -0.02522799931466579 0.3004468977451324 -0.5430450439453125
1493 -0.04583373665809631 0.3046871423721313 -0.5453571677207947
1494 -0.06653008610010147 0.3074831664562225 -0.5476794242858887
1495 -0.08719593286514282 0.3088518679141998 -0.5499982833862305
1496 -0.107712596654892 0.3088225722312927 -0.5523003935813904
1497 -0.1279653012752533 0.3074369132518768 -0.5545728802680969
1498 -0.1478446424007416 0.3047481179237366 -0.5568035244941711
1499 -0.167248010635376 0.3008204996585846 -0.5589807033538818
1500 -0.1860808432102203 0.2957284152507782 -0.5610938668251038
1501 -0.2042577415704727 0.2895552515983582 -0.5631334185600281
1502 -0.2217034548521042 0.2823919951915741 -0.5650909543037415
1503 -0.2383536100387573 0.2743359506130219 -0.5669592618942261
1504 -0.2541552782058716 0.2654891610145569 -0.5687323212623596
1505 -0.2690671980381012 0.2559568583965302 -0.5704055428504944
1506 -0.2830598652362823 0.2458459138870239 -0.5719755887985229
1507 -0.2961153388023376 0.2352631688117981 -0.5734404921531677
1508 -0.3082267940044403 0.2243140935897827 -0.5747995376586914
1509 -0.3193980157375336 0.2131012231111526 -0.5760530233383179
1510 -0.3296424746513367 0.2017230540513992 -0.5772024989128113
1511 -0.3389825224876404 0.1902727484703064 -0.578250527381897
1512 -0.3474481999874115 0.1788373589515686 -0.5792004466056824
1513 -0.3550762236118317 0.1674968749284744 -0.580056369304657
1514 -0.3619088530540466 0.1563237607479095 -0.5808230042457581
1515 -0.3679925203323364 0.1453824490308762 -0.5815056562423706
1516 -0.3733768463134766 0.1347291469573975 -0.582109808921814
1517 -0.3781134784221649 0.1244116574525833 -0.5826413035392761
1518 -0.3822549879550934 0.1144694983959198 -0.5831059813499451
1519 -0.3858540058135986 0.1049340143799782 -0.5835098624229431
1520 -0.3889624178409576 0.09582866728305817 -0.5838586091995239
1521 -0.3916304111480713 0.08716932684183121 -0.5841580033302307
1522 -0.3939061760902405 0.07896475493907928 -0.5844133496284485
1523 -0.3958351910114288 0.07121697813272476 -0.5846297740936279
1524 -0.397459864616394 0.06392180174589157 -0.5848121047019958
1525 -0.3988194167613983 0.05706930905580521 -0.5849646329879761
1526 -0.3999496102333069 0.05064432695508003 -0.5850914716720581
1527 -0.4008826315402985 0.04462693631649017 -0.5851961374282837
1528 -0.4016472399234772 0.03899294510483742 -0.5852819681167603
1529 -0.4022687077522278 0.03371436148881912 -0.5853517055511475
1530 -0.40276899933815 0.02875981479883194 -0.5854077935218811
1531 -0.4031669199466705 0.02409501187503338 -0.5854524374008179
1532 -0.4034782946109772 0.01968312449753284 -0.585487425327301
1533 -0.4037160873413086 0.01548519544303417 -0.5855140686035156
1534 -0.4038906395435333 0.0114605063572526 -0.5855336785316467
1535 -0.4040098190307617 0.007566952146589756 -0.5855470299720764
1536 -0.4040791392326355 0.003761392319574952 -0.585554838180542
1537 -0.4021048247814178 -0.003617750946432352 -0.601664662361145
1538 -0.4021258056163788 3.784281157514157e-17 -0.6016674637794495
1539 -0.4020406901836395 -0.007284095510840416 -0.6016561388969421
1540 -0.4019300043582916 -0.0110472347587347 -0.6016414165496826
1541 -0.4017668962478638 -0.01495458371937275 -0.6016196608543396
1542 -0.4015430510044098 -0.01905236952006817 -0.6015898585319519
1543 -0.4012474119663239 -0.02338522486388683 -0.6015505194664001
1544 -0.4008661210536957 -0.027995765209198 -0.6014997363090515
1545 -0.4003821909427643 -0.03292415663599968 -0.6014353036880493
1546 -0.399775356054306 -0.03820766881108284 -0.6013545393943787
1547 -0.3990217745304108 -0.04388019442558289 -0.6012542247772217
1548 -0.3980940282344818 -0.04997176304459572 -0.6011306643486023
1549 -0.3969607055187225 -0.05650803819298744 -0.6009798049926758
1550 -0.3955866396427155 -0.06350976973772049 -0.6007968187332153
1551 -0.3939326703548431 -0.07099224627017975 -0.600576639175415
1552 -0.3919558525085449 -0.07896475493907928 -0.6003134250640869
1553 -0.3896097540855408 -0.08742998540401459 -0.6000010371208191
1554 -0.3868446052074432 -0.09638350456953049 -0.5996328592300415
1555 -0.3836078941822052 -0.1058132126927376 -0.5992019772529602
1556 -0.3798450529575348 -0.115698866546154 -0.5987009406089783
1557 -0.3755000829696655 -0.1260116547346115 -0.5981224775314331
1558 -0.3705165684223175 -0.1367138773202896 -0.5974589586257935
1559 -0.364838570356369 -0.1477586776018143 -0.5967029929161072
1560 -0.3584120273590088 -0.159089982509613 -0.5958473086357117
1561 -0.3511857390403748 -0.170642614364624 -0.5948851704597473
1562 -0.3431128561496735 -0.182342454791069 -0.5938103795051575
1563 -0.3341520726680756 -0.1941069662570953 -0.5926172733306885
1564 -0.3242690861225128 -0.2058458030223846 -0.591301441192627
1565 -0.3134379088878632 -0.2174617201089859 -0.5898593664169312
1566 -0.3016419112682343 -0.2288516312837601 -0.5882888436317444
1567 -0.288875013589859 -0.2399078756570816 -0.5865890383720398
1568 -0.2751425802707672 -0.250519722700119 -0.5847606658935547
1569 -0.2604619860649109 -0.2605749070644379 -0.5828060507774353
1570 -0.2448631674051285 -0.269961416721344 -0.5807291865348816
1571 -0.2283886969089508 -0.2785693109035492 -0.5785357356071472
1572 -0.2110937237739563 -0.2862923741340637 -0.5762330889701843
1573 -0.1930454820394516 -0.2930299937725067 -0.5738301277160645
1574 -0.1743226498365402 -0.2986889481544495 -0.5713372826576233
1575 -0.1550143659114838 -0.3031846880912781 -0.5687665939331055
1576 -0.1352190673351288 -0.3064429461956024 -0.5661309957504272
1577 -0.115043006837368 -0.3084008097648621 -0.5634446740150452
1578 -0.09459879249334335 -0.3090075552463531 -0.5607227087020874
1579 -0.0740036815404892 -0.3082253038883209 -0.5579806566238403
1580 -0.05337787047028542 -0.3060294389724731 -0.5552344918251038
1581 -0.03284279257059097 -0.3024084866046906 -0.5525004267692566
1582 -0.01251944713294506 -0.2973640859127045 -0.5497944951057434
1583 0.007473120000213385 -0.2909103333950043 -0.547132670879364
1584 0.02701933123171329 -0.2830733060836792 -0.5445302724838257
1585 0.04600820690393448 -0.27388995885849 -0.5420020222663879
1586 0.06433459371328354 -0.263407289981842 -0.5395620465278625
1587 0.08189982920885086 -0.2516811192035675 -0.5372233390808105
1588 0.09861252456903458 -0.2387749999761581 -0.5349981784820557
1589 0.1143889501690865 -0.2247589230537415 -0.5328977108001709
1590 0.1291532516479492 -0.2097082585096359 -0.5309319496154785
1591 0.1428374946117401 -0.1937025934457779 -0.5291100144386292
1592 0.1553815305233002 -0.1768247187137604 -0.5274398326873779
1593 0.1667328774929047 -0.1591597497463226 -0.5259284973144531
1594 0.1768462061882019 -0.1407943964004517 -0.5245820283889771
1595 0.185683012008667 -0.1218161955475807 -0.5234054923057556
1596 0.193211168050766 -0.1023131832480431 -0.5224031209945679
1597 0.1994045078754425 -0.08237338811159134 -0.5215785503387451
1598 0.2042421996593475 -0.06208471953868866 -0.5209344625473022
1599 0.2077086269855499 -0.04153477028012276 -0.5204729437828064
1600 0.2097927629947662 -0.02081084623932838 -0.5201954245567322
1601 0.2104882001876831 0 -0.520102858543396
1602 0.2097927629947662 0.02081084623932838 -0.5201954245567322
1603 0.2077086269855499 0.04153477028012276 -0.5204729437828064
1604 0.2042421996593475 0.06208471953868866 -0.5209344625473022
1605 0.1994045078754425 0.08237338811159134 -0.5215785503387451
1606 0.193211168050766 0.1023131832480431 -0.5224031209945679
1607 0.185683012008667 0.1218161955475807 -0.5234054923057556
1608 0.1768462061882019 0.1407943964004517 -0.5245820283889771
1609 0.1667328774929047 0.1591597497463226 -0.5259284973144531
1610 0.1553815305233002 0.1768247187137604 -0.5274398326873779
1611 0.1428374946117401 0.1937025934457779 -0.5291100144386292
1612 0.1291532516479492 0.2097082585096359 -0.5309319496154785
1613 0.1143889501690865 0.2247589230537415 -0.5328977108001709
1614 0.09861252456903458 0.2387749999761581 -0.5349981784820557
1615 0.08189982920885086 0.2516811192035675 -0.5372233390808105
1616 0.06433459371328354 0.263407289981842 -0.5395620465278625
1617 0.04600820690393448 0.27388995885849 -0.5420020222663879
1618 0.02701933123171329 0.2830733060836792 -0.5445302724838257
1619 0.007473120000213385 0.2909103333950043 -0.547132670879364
1620 -0.01251944713294506 0.2973640859127045 -0.5497944951057434
1621 -0.03284279257059097 0.3024084866046906 -0.5525004267692566
1622 -0.05337787047028542 0.3060294389724731 -0.5552344918251038
1623 -0.0740036815404892 0.3082253038883209 -0.5579806566238403
1624 -0.09459879249334335 0.3090075552463531 -0.5607227087020874
1625 -0.115043006837368 0.3084008097648621 -0.5634446740150452
1626 -0.1352190673351288 0.3064429461956024 -0.5661309957504272
1627 -0.1550143659114838 0.3031846880912781 -0.5687665939331055
1628 -0.1743226498365402 0.2986889481544495 -0.5713372826576233
1629 -0.1930454820394516 0.2930299937725067 -0.5738301277160645
1630 -0.2110937237739563 0.2862923741340637 -0.5762330889701843
1631 -0.2283886969089508 0.2785693109035492 -0.5785357356071472
1632 -0.2448631674051285 0.269961416721344 -0.5807291865348816
1633 -0.2604619860649109 0.2605749070644379 -0.5828060507774353
1634 -0.2751425802707672 0.250519722700119 -0.5847606658935547
1635 -0.288875013589859 0.2399078756570816 -0.5865890383720398
1636 -0.3016419112682343 0.2288516312837601 -0.5882888436317444
1637 -0.3134379088878632 0.2174617201089859 -0.5898593664169312
1638 -0.3242690861225128 0.2058458030223846 -0.591301441192627
1639 -0.3341520726680756 0.1941069662570953 -0.5926172733306885
1640 -0.3431128561496735 0.182342454791069 -0.5938103795051575
1641 -0.3511857390403748 0.170642614364624 -0.5948851704597473
1642 -0.3584120273590088 0.159089982509613 -0.5958473086357117
1643 -0.364838570356369 0.1477586776018143 -0.5967029929161072
1644 -0.3705165684223175 0.1367138773202896 -0.5974589586257935
1645 -0.3755000829696655 0.1260116547346115 -0.5981224775314331
1646 -0.3798450529575348 0.115698866546154 -0.5987009406089783
1647 -0.3836078941822052 0.1058132126927376 -0.5992019772529602
1648 -0.3868446052074432 0.09638350456953049 -0.5996328592300415
1649 -0.3896097540855408 0.08742998540401459 -0.6000010371208191
1650 -0.3919558525085449 0.07896475493907928 -0.6003134250640869
1651 -0.3939326703548431 0.07099224627017975 -0.600576639175415
1652 -0.3955866396427155 0.06350976973772049 -0.6007968187332153
1653 -0.3969607055187225 0.05650803819298744 -0.6009798049926758
1654 -0.3980940282344818 0.04997176304459572 -0.6011306643486023
1655 -0.3990217745304108 0.04388019442558289 -0.6012542247772217
1656 -0.399775356054306 0.03820766881108284 -0.6013545393943787
1657 -0.4003821909427643 0.03292415663599968 -0.6014353036880493
1658 -0.4008661210536957 0.027995765209198 -0.6014997363090515
1659 -0.4012474119663239 0.02338522486388683 -0.6015505194664001
1660 -0.4015430510044098 0.01905236952006817 -0.6015898585319519
1661 -0.4017668962478638 0.01495458371937275 -0.6016196608543396
1662 -0.4019300043582916 0.0110472347587347 -0.6016414165496826
1663 -0.4020406901836395 0.007284095510840416 -0.6016561388969421
1664 -0.4021048247814178 0.003617750946432352 -0.601664662361145
1665 -0.3996089398860931 -0.00347905931994319 -0.6189538836479187
1666 -0.3996282815933228 3.784281157514157e-17 -0.6189569234848022
1667 -0.3995496928691864 -0.007010980974882841 -0.6189446449279785
1668 -0.3994469344615936 -0.01064818724989891 -0.6189286708831787
1669 -0.3992946147918701 -0.01444221753627062 -0.6189049482345581
1670 -0.3990839719772339 -0.01844327710568905 -0.6188721060752869
1671 -0.3988033533096313 -0.02269978262484074 -0.6188283562660217
1672 -0.3984380662441254 -0.0272578839212656 -0.618771493434906
1673 -0.3979701101779938 -0.03216098248958588 -0.6186985373497009
1674 -0.3973777890205383 -0.03744921460747719 -0.6186062693595886
1675 -0.3966355621814728 -0.04315893724560738 -0.6184906363487244
1676 -0.3957138657569885 -0.04932215064764023 -0.6183470487594604
1677 -0.3945788443088531 -0.05596592649817467 -0.6181702017784119
1678 -0.393192321062088 -0.06311182677745819 -0.6179541945457458
1679 -0.3915118873119354 -0.07077522575855255 -0.6176923513412476
1680 -0.3894909024238586 -0.07896475493907928 -0.6173774600028992
1681 -0.3870788514614105 -0.08768159151077271 -0.6170016527175903
1682 -0.3842217922210693 -0.09691888839006424 -0.6165565252304077
1683 -0.3808628916740417 -0.1066611856222153 -0.6160331964492798
1684 -0.3769432604312897 -0.1168838515877724 -0.6154224872589111
1685 -0.3724027574062347 -0.1275526881217957 -0.6147150993347168
1686 -0.3671812117099762 -0.1386235803365707 -0.6139015555381775
1687 -0.3612195551395416 -0.1500422954559326 -0.6129727363586426
1688 -0.354461282491684 -0.1617445200681686 -0.6119197607040405
1689 -0.3468538522720337 -0.1736560016870499 -0.6107344627380371
1690 -0.3383500874042511 -0.1856929510831833 -0.6094095706939697
1691 -0.3289099931716919 -0.1977628022432327 -0.6079387664794922
1692 -0.3185019493103027 -0.2097649574279785 -0.6063171625137329
1693 -0.3071042597293854 -0.2215921133756638 -0.6045413613319397
1694 -0.2947063744068146 -0.2331315279006958 -0.6026097536087036
1695 -0.2813099920749664 -0.2442667186260223 -0.6005225777626038
1696 -0.2669297456741333 -0.2548792064189911 -0.5982820391654968
1697 -0.2515939474105835 -0.2648505568504333 -0.5958926677703857
1698 -0.2353446185588837 -0.274064302444458 -0.593360960483551
1699 -0.2182374149560928 -0.2824080586433411 -0.5906956195831299
1700 -0.200341209769249 -0.2897755801677704 -0.5879073739051819
1701 -0.1817372590303421 -0.2960686683654785 -0.5850088000297546
1702 -0.1625180244445801 -0.3011988997459412 -0.5820143818855286
1703 -0.1427858769893646 -0.3050892055034637 -0.5789400339126587
1704 -0.1226513311266899 -0.3076751232147217 -0.5758030414581299
1705 -0.1022313013672829 -0.3089057803153992 -0.5726215243339539
1706 -0.08164715766906738 -0.3087444603443146 -0.5694144368171692
1707 -0.06102268025279045 -0.3071689903736115 -0.5662010908126831
1708 -0.04048212617635727 -0.3041715025901794 -0.5630007982254028
1709 -0.02014832012355328 -0.2997581362724304 -0.559832751750946
1710 -0.0001408889947924763 -0.2939483821392059 -0.5567155480384827
1711 0.01942533440887928 -0.2867740094661713 -0.5536670684814453
1712 0.03844163566827774 -0.2782779037952423 -0.5507042407989502
1713 0.05680651217699051 -0.2685128450393677 -0.5478429198265076
1714 0.07442653924226761 -0.2575399279594421 -0.5450977087020874
1715 0.09121692925691605 -0.245427131652832 -0.5424817204475403
1716 0.107101745903492 -0.2322479039430618 -0.5400068163871765
1717 0.1220140382647514 -0.2180796265602112 -0.5376834273338318
1718 0.135895624756813 -0.2030023336410522 -0.535520613193512
1719 0.1486966907978058 -0.1870975494384766 -0.5335261821746826
1720 0.1603752970695496 -0.1704472154378891 -0.5317066311836243
1721 0.1708966791629791 -0.153132826089859 -0.5300673246383667
1722 0.1802325546741486 -0.1352348327636719 -0.5286127924919128
1723 0.1883603632450104 -0.1168320849537849 -0.5273464322090149
1724 0.1952624320983887 -0.09800161421298981 -0.5262711048126221
1725 0.2009252607822418 -0.07881850004196167 -0.525388777256012
1726 0.2053388357162476 -0.05935591831803322 -0.5247011780738831
1727 0.2084960341453552 -0.03968538716435432 -0.5242092609405518
1728 0.2103921473026276 -0.01987702585756779 -0.5239138007164001
1729 0.2110244929790497 0 -0.5238153338432312
1730 0.2103921473026276 0.01987702585756779 -0.5239138007164001
1731 0.2084960341453552 0.03968538716435432 -0.5242092609405518
1732 0.2053388357162476 0.05935591831803322 -0.5247011780738831
1733 0.2009252607822418 0.07881850004196167 -0.525388777256012
1734 0.1952624320983887 0.09800161421298981 -0.5262711048126221
1735 0.1883603632450104 0.1168320849537849 -0.5273464322090149
1736 0.1802325546741486 0.1352348327636719 -0.5286127924919128
1737 0.1708966791629791 0.153132826089859 -0.5300673246383667
1738 0.1603752970695496 0.1704472154378891 -0.5317066311836243
1739 0.1486966907978058 0.1870975494384766 -0.5335261821746826
1740 0.135895624756813 0.2030023336410522 -0.535520613193512
1741 0.1220140382647514 0.2180796265602112 -0.5376834273338318
1742 0.107101745903492 0.2322479039430618 -0.5400068163871765
1743 0.09121692925691605 0.245427131652832 -0.5424817204475403
1744 0.07442653924226761 0.2575399279594421 -0.5450977087020874
1745 0.05680651217699051 0.2685128450393677 -0.5478429198265076
1746 0.03844163566827774 0.2782779037952423 -0.5507042407989502
1747 0.01942533440887928 0.2867740094661713 -0.5536670684814453
1748 -0.0001408889947924763 0.2939483821392059 -0.5567155480384827
1749 -0.02014832012355328 0.2997581362724304 -0.559832751750946
1750 -0.04048212617635727 0.3041715025901794 -0.5630007982254028
1751 -0.06102268025279045 0.3071689903736115 -0.5662010908126831
1752 -0.08164715766906738 0.3087444603443146 -0.5694144368171692
1753 -0.1022313013672829 0.3089057803153992 -0.5726215243339539
1754 -0.1226513311266899 0.3076751232147217 -0.5758030414581299
1755 -0.1427858769893646 0.3050892055034637 -0.5789400339126587
1756 -0.1625180244445801 0.3011988997459412 -0.5820143818855286
1757 -0.1817372590303421 0.2960686683654785 -0.5850088000297546
1758 -0.200341209769249 0.2897755801677704 -0.5879073739051819
1759 -0.2182374149560928 0.2824080586433411 -0.5906956195831299
1760 -0.2353446185588837 0.274064302444458 -0.593360960483551
1761 -0.2515939474105835 0.2648505568504333 -0.5958926677703857
1762 -0.2669297456741333 0.2548792064189911 -0.5982820391654968
1763 -0.2813099920749664 0.2442667186260223 -0.6005225777626038
1764 -0.2947063744068146 0.2331315279006958 -0.6026097536087036
1765 -0.3071042597293854 0.2215921133756638 -0.6045413613319397
1766 -0.3185019493103027 0.2097649574279785 -0.6063171625137329
1767 -0.3289099931716919 0.1977628022432327 -0.6079387664794922
1768 -0.3383500874042511 0.1856929510831833 -0.6094095706939697
1769 -0.3468538522720337 0.1736560016870499 -0.6107344627380371
1770 -0.354461282491684 0.1617445200681686 -0.6119197607040405
1771 -0.3612195551395416 0.1500422954559326 -0.6129727363586426
1772 -0.3671812117099762 0.1386235803365707 -0.6139015555381775
1773 -0.3724027574062347 0.1275526881217957 -0.6147150993347168
1774 -0.3769432604312897 0.1168838515877724 -0.6154224872589111
1775 -0.3808628916740417 0.1066611856222153 -0.6160331964492798
1776 -0.3842217922210693 0.09691888839006424 -0.6165565252304077
1777 -0.3870788514614105 0.08768159151077271 -0.6170016527175903
1778 -0.3894909024238586 0.07896475493907928 -0.6173774600028992
1779 -0.3915118873119354 0.07077522575855255 -0.6176923513412476
1780 -0.393192321062088 0.06311182677745819 -0.6179541945457458
1781 -0.3945788443088531 0.05596592649817467 -0.6181702017784119
1782 -0.3957138657569885 0.04932215064764023 -0.6183470487594604
1783 -0.3966355621814728 0.04315893724560738 -0.6184906363487244
1784 -0.3973777890205383 0.03744921460747719 -0.6186062693595886
1785 -0.3979701101779938 0.03216098248958588 -0.6186985373497009
1786 -0.3984380662441254 0.0272578839212656 -0.618771493434906
1787 -0.3988033533096313 0.02269978262484074 -0.6188283562660217
1788 -0.3990839719772339 0.01844327710568905 -0.6188721060752869
1789 -0.3992946147918701 0.01444221753627062 -0.6189049482345581
1790 -0.3994469344615936 0.01064818724989891 -0.6189286708831787
1791 -0.3995496928691864 0.007010980974882841 -0.6189446449279785
1792 -0.3996089398860931 0.00347905931994319 -0.6189538836479187
1793 -0.3965185880661011 -0.003345123957842588 -0.637360692024231
1794 -0.3965364098548889 3.784281157514157e-17 -0.6373639106750488
1795 -0.3964639008045197 -0.006747228559106588 -0.637350857257843
1796 -0.3963686525821686 -0.01026280969381332 -0.6373336911201477
1797 -0.3962264955043793 -0.01394738629460335 -0.6373080611228943
1798 -0.3960283100605011 -0.01785500720143318 -0.6372723579406738
1799 -0.3957620561122894 -0.02203774265944958 -0.6372243762016296
1800 -0.3954122364521027 -0.02654516138136387 -0.6371613144874573
1801 -0.3949598670005798 -0.03142379224300385 -0.6370798349380493
1802 -0.3943820297718048 -0.03671655803918839 -0.6369757056236267
1803 -0.3936515152454376 -0.04246219247579575 -0.6368440985679626
1804 -0.3927367627620697 -0.04869460314512253 -0.6366792321205139
1805 -0.3916015028953552 -0.05544224008917809 -0.6364746689796448
1806 -0.3902047276496887 -0.0627274215221405 -0.6362230181694031
1807 -0.3885007500648499 -0.07056561857461929 -0.6359159350395203
1808 -0.386439323425293 -0.07896475493907928 -0.6355445384979248
1809 -0.3839660286903381 -0.08792451024055481 -0.6350988149642944
1810 -0.3810226917266846 -0.09743561595678329 -0.6345685124397278
1811 -0.3775482773780823 -0.1074792072176933 -0.6339424252510071
1812 -0.3734795451164246 -0.1180262938141823 -0.6332092881202698
1813 -0.3687523603439331 -0.1290372461080551 -0.6323574781417847
1814 -0.3633028566837311 -0.1404615193605423 -0.6313755512237549
1815 -0.3570689260959625 -0.1522374749183655 -0.6302522420883179
1816 -0.3499917685985565 -0.1642925143241882 -0.6289770007133484
1817 -0.3420175909996033 -0.1765432953834534 -0.6275401711463928
1818 -0.3330993056297302 -0.1888964474201202 -0.6259331703186035
1819 -0.3231982290744781 -0.2012493163347244 -0.6241490840911865
1820 -0.3122857213020325 -0.2134912461042404 -0.6221827268600464
1821 -0.3003447651863098 -0.2255049794912338 -0.6200311183929443
1822 -0.2873711287975311 -0.2371684312820435 -0.6176933646202087
1823 -0.2733744382858276 -0.2483566105365753 -0.6151713132858276
1824 -0.2583790123462677 -0.2589438259601593 -0.6124693155288696
1825 -0.2424241006374359 -0.2688058912754059 -0.6095943450927734
1826 -0.2255638688802719 -0.2778226435184479 -0.6065562963485718
1827 -0.2078670263290405 -0.2858799993991852 -0.6033675074577332
1828 -0.1894159317016602 -0.2928724884986877 -0.6000428199768066
1829 -0.1703054308891296 -0.2987050712108612 -0.596599280834198
1830 -0.1506412327289581 -0.3032950460910797 -0.5930559635162354
1831 -0.1305381059646606 -0.3065735399723053 -0.5894336104393005
1832 -0.1101177781820297 -0.3084865510463715 -0.5857540369033813
1833 -0.08950671553611755 -0.30899578332901 -0.5820401310920715
1834 -0.06883381307125092 -0.3080789148807526 -0.5783150792121887
1835 -0.04822812974452972 -0.3057294189929962 -0.5746021270751953
1836 -0.02781668119132519 -0.3019562065601349 -0.5709242224693298
1837 -0.007722421083599329 -0.2967825531959534 -0.5673034191131592
1838 0.011937590315938 -0.2902450859546661 -0.5637608766555786
1839 0.03105367161333561 -0.282392293214798 -0.5603163242340088
1840 0.04952477663755417 -0.2732828259468079 -0.556988000869751
1841 0.06725939363241196 -0.2629837989807129 -0.553792417049408
1842 0.08417605608701706 -0.2515690326690674 -0.5507442355155945
1843 0.1002036556601524 -0.2391171306371689 -0.5478562116622925
1844 0.1152812913060188 -0.225709855556488 -0.5451393723487854
1845 0.1293580383062363 -0.2114305198192596 -0.5426028370857239
1846 0.1423922330141068 -0.1963625252246857 -0.5402542352676392
1847 0.1543508470058441 -0.1805881857872009 -0.5380994081497192
1848 0.165208488702774 -0.1641876846551895 -0.5361429452896118
1849 0.1749464869499207 -0.1472383290529251 -0.5343882441520691
1850 0.1835517287254333 -0.1298140287399292 -0.5328376889228821
1851 0.1910157203674316 -0.1119849979877472 -0.5314927697181702
1852 0.1973334550857544 -0.09381768107414246 -0.530354380607605
1853 0.2025024890899658 -0.07537489384412766 -0.5294229388237
1854 0.2065221071243286 -0.05671613663434982 -0.5286986231803894
1855 0.2093925774097443 -0.03789805620908737 -0.5281814336776733
1856 0.2111144959926605 -0.01897505857050419 -0.5278711318969727
1857 0.211688369512558 0 -0.5277677178382874
1858 0.2111144959926605 0.01897505857050419 -0.5278711318969727
1859 0.2093925774097443 0.03789805620908737 -0.5281814336776733
1860 0.2065221071243286 0.05671613663434982 -0.5286986231803894
1861 0.2025024890899658 0.07537489384412766 -0.5294229388237
1862 0.1973334550857544 0.09381768107414246 -0.530354380607605
1863 0.1910157203674316 0.1119849979877472 -0.5314927697181702
1864 0.1835517287254333 0.1298140287399292 -0.5328376889228821
1865 0.1749464869499207 0.1472383290529251 -0.5343882441520691
1866 0.165208488702774 0.1641876846551895 -0.5361429452896118
1867 0.1543508470058441 0.1805881857872009 -0.5380994081497192
1868 0.1423922330141068 0.1963625252246857 -0.5402542352676392
1869 0.1293580383062363 0.2114305198192596 -0.5426028370857239
1870 0.1152812913060188 0.225709855556488 -0.5451393723487854
1871 0.1002036556601524 0.2391171306371689 -0.5478562116622925
1872 0.08417605608701706 0.2515690326690674 -0.5507442355155945
1873 0.06725939363241196 0.2629837989807129 -0.553792417049408
1874 0.04952477663755417 0.2732828259468079 -0.556988000869751
1875 0.03105367161333561 0.282392293214798 -0.5603163242340088
1876 0.011937590315938 0.2902450859546661 -0.5637608766555786
1877 -0.007722421083599329 0.2967825531959534 -0.5673034191131592
1878 -0.02781668119132519 0.3019562065601349 -0.5709242224693298
1879 -0.04822812974452972 0.3057294189929962 -0.5746021270751953
1880 -0.06883381307125092 0.3080789148807526 -0.5783150792121887
1881 -0.08950671553611755 0.30899578332901 -0.5820401310920715
1882 -0.1101177781820297 0.3084865510463715 -0.5857540369033813
1883 -0.1305381059646606 0.3065735399723053 -0.5894336104393005
1884 -0.1506412327289581 0.3032950460910797 -0.5930559635162354
1885 -0.1703054308891296 0.2987050712108612 -0.596599280834198
1886 -0.1894159317016602 0.2928724884986877 -0.6000428199768066
1887 -0.2078670263290405 0.2858799993991852 -0.6033675074577332
1888 -0.2255638688802719 0.2778226435184479 -0.6065562963485718
1889 -0.2424241006374359 0.2688058912754059 -0.6095943450927734
1890 -0.2583790123462677 0.2589438259601593 -0.6124693155288696
1891 -0.2733744382858276 0.2483566105365753 -0.6151713132858276
1892 -0.2873711287975311 0.2371684312820435 -0.6176933646202087
1893 -0.3003447651863098 0.2255049794912338 -0.6200311183929443
1894 -0.3122857213020325 0.2134912461042404 -0.6221827268600464
1895 -0.3231982290744781 0.2012493163347244 -0.6241490840911865
1896 -0.3330993056297302 0.1888964474201202 -0.6259331703186035
1897 -0.3420175909996033 0.1765432953834534 -0.6275401711463928
1898 -0.3499917685985565 0.1642925143241882 -0.6289770007133484
1899 -0.3570689260959625 0.1522374749183655 -0.6302522420883179
1900 -0.3633028566837311 0.1404615193605423 -0.6313755512237549
1901 -0.3687523603439331 0.1290372461080551 -0.6323574781417847
1902 -0.3734795451164246 0.1180262938141823 -0.6332092881202698
1903 -0.3775482773780823 0.1074792072176933 -0.6339424252510071
1904 -0.3810226917266846 0.09743561595678329 -0.6345685124397278
1905 -0.3839660286903381 0.08792451024055481 -0.6350988149642944
1906 -0.386439323425293 0.07896475493907928 -0.6355445384979248
1907 -0.3885007500648499 0.07056561857461929 -0.6359159350395203
1908 -0.3902047276496887 0.0627274215221405 -0.6362230181694031
1909 -0.3916015028953552 0.05544224008917809 -0.6364746689796448
1910 -0.3927367627620697 0.04869460314512253 -0.6366792321205139
1911 -0.3936515152454376 0.04246219247579575 -0.6368440985679626
1912 -0.3943820297718048 0.03671655803918839 -0.6369757056236267
1913 -0.3949598670005798 0.03142379224300385 -0.6370798349380493
1914 -0.3954122364521027 0.02654516138136387 -0.6371613144874573
1915 -0.3957620561122894 0.02203774265944958 -0.6372243762016296
1916 -0.3960283100605011 0.01785500720143318 -0.6372723579406738
1917 -0.3962264955043793 0.01394738629460335 -0.6373080611228943
1918 -0.3963686525821686 0.01026280969381332 -0.6373336911201477
1919 -0.3964639008045197 0.006747228559106588 -0.637350857257843
1920 -0.3965185880661011 0.003345123957842588 -0.637360692024231
1921 -0.392760694026947 -0.003221325343474746 -0.6568165421485901
1922 -0.392777144908905 3.784281157514157e-17 -0.6568199396133423
1923 -0.3927101194858551 -0.00650343531742692 -0.6568061113357544
1924 -0.3926215767860413 -0.0099065862596035 -0.6567878127098083
1925 -0.3924886286258698 -0.0134899765253067 -0.6567603945732117
1926 -0.3923018574714661 -0.01731120422482491 -0.6567218899726868
1927 -0.3920488059520721 -0.02142572030425072 -0.6566696763038635
1928 -0.3917133808135986 -0.02588625811040401 -0.6566004753112793
1929 -0.3912757337093353 -0.03074223920702934 -0.6565101742744446
1930 -0.3907118439674377 -0.03603916987776756 -0.656393826007843
1931 -0.3899931013584137 -0.04181798547506332 -0.6562455296516418
1932 -0.3890860676765442 -0.04811437055468559 -0.6560584306716919
1933 -0.3879522979259491 -0.0549580454826355 -0.6558244824409485
1934 -0.3865481317043304 -0.06237202510237694 -0.6555348038673401
1935 -0.3848249316215515 -0.0703718364238739 -0.6551792621612549
1936 -0.3827290832996368 -0.07896475493907928 -0.6547468900680542
1937 -0.3802024126052856 -0.08814898878335953 -0.6542255878448486
1938 -0.3771829903125763 -0.09791295230388641 -0.653602659702301
1939 -0.3736056387424469 -0.1082345545291901 -0.6528646349906921
1940 -0.369403213262558 -0.11908058822155 -0.6519976258277893
1941 -0.3645078241825104 -0.1304062306880951 -0.6509876251220703
1942 -0.3588521480560303 -0.142154797911644 -0.6498208045959473
1943 -0.3523713350296021 -0.1542575359344482 -0.6484837532043457
1944 -0.3450045585632324 -0.1666338890790939 -0.646963894367218
1945 -0.3366970121860504 -0.1791918873786926 -0.6452499628067017
1946 -0.3274017870426178 -0.1918289363384247 -0.6433322429656982
1947 -0.3170818090438843 -0.204432874917984 -0.6412031054496765
1948 -0.3057115077972412 -0.2168834954500198 -0.6388573050498962
1949 -0.2932784855365753 -0.2290542423725128 -0.6362922191619873
1950 -0.279784768819809 -0.240814283490181 -0.6335083246231079
1951 -0.2652478814125061 -0.2520308494567871 -0.6305091977119446
1952 -0.2497013956308365 -0.2625717520713806 -0.627301812171936
1953 -0.2331951111555099 -0.2723078727722168 -0.6238963603973389
1954 -0.2157947868108749 -0.2811160087585449 -0.6203064918518066
1955 -0.1975813806056976 -0.2888812124729156 -0.6165488362312317
1956 -0.1786498874425888 -0.2954993546009064 -0.6126430630683899
1957 -0.1591076403856277 -0.3008792102336884 -0.6086112856864929
1958 -0.1390723586082458 -0.3049442172050476 -0.6044778227806091
1959 -0.1186699196696281 -0.3076339066028595 -0.600268542766571
1960 -0.09803179651498795 -0.3089049458503723 -0.596010684967041
1961 -0.07729253172874451 -0.3087314069271088 -0.5917319059371948
1962 -0.05658711120486259 -0.3071048855781555 -0.5874601602554321
1963 -0.03604842722415924 -0.3040339648723602 -0.5832228064537048
1964 -0.01580496691167355 -0.2995432615280151 -0.579046368598938
1965 0.004021318163722754 -0.2936720550060272 -0.574955940246582
1966 0.02331678755581379 -0.2864727675914764 -0.570975124835968
1967 0.04197754710912704 -0.278008908033371 -0.5671252012252808
1968 0.05991052836179733 -0.2683531939983368 -0.5634254217147827
1969 0.07703406363725662 -0.2575853168964386 -0.5598926544189453
1970 0.09327828139066696 -0.2457898557186127 -0.5565412640571594
1971 0.1085849329829216 -0.2330543398857117 -0.5533833503723145
1972 0.1229070350527763 -0.2194671779870987 -0.5504285097122192
1973 0.1362081170082092 -0.2051161229610443 -0.547684371471405
1974 0.1484613865613937 -0.1900867223739624 -0.5451563596725464
1975 0.1596485674381256 -0.1744610965251923 -0.5428483486175537
1976 0.1697587370872498 -0.1583170741796494 -0.5407624840736389
1977 0.1787869930267334 -0.1417275220155716 -0.538899838924408
1978 0.1867331862449646 -0.1247599422931671 -0.5372604727745056
1979 0.1936006546020508 -0.1074763536453247 -0.5358436703681946
1980 0.1993949711322784 -0.08993348479270935 -0.5346482396125793
1981 0.2041228711605072 -0.07218305766582489 -0.5336728096008301
1982 0.2077913284301758 -0.05427233874797821 -0.5329159498214722
1983 0.2104065716266632 -0.03624485805630684 -0.5323764085769653
1984 0.2119736075401306 -0.01814121566712856 -0.5320531129837036
1985 0.2124955952167511 0 -0.5319454073905945
1986 0.2119736075401306 0.01814121566712856 -0.5320531129837036
1987 0.2104065716266632 0.03624485805630684 -0.5323764085769653
1988 0.2077913284301758 0.05427233874797821 -0.5329159498214722
1989 0.2041228711605072 0.07218305766582489 -0.5336728096008301
1990 0.1993949711322784 0.08993348479270935 -0.5346482396125793
1991 0.1936006546020508 0.1074763536453247 -0.5358436703681946
1992 0.1867331862449646 0.1247599422931671 -0.5372604727745056
1993 0.1787869930267334 0.1417275220155716 -0.538899838924408
1994 0.1697587370872498 0.1583170741796494 -0.5407624840736389
1995 0.1596485674381256 0.1744610965251923 -0.5428483486175537
1996 0.1484613865613937 0.1900867223739624 -0.5451563596725464
1997 0.1362081170082092 0.2051161229610443 -0.547684371471405
1998 0.1229070350527763 0.2194671779870987 -0.5504285097122192
1999 0.1085849329829216 0.2330543398857117 -0.5533833503723145
2000 0.09327828139066696 0.2457898557186127 -0.5565412640571594
2001 0.07703406363725662 0.2575853168964386 -0.5598926544189453
2002 0.05991052836179733 0.2683531939983368 -0.5634254217147827
2003 0.04197754710912704 0.278008908033371 -0.5671252012252808
2004 0.02331678755581379 0.2864727675914764 -0.570975124835968
2005 0.004021318163722754 0.2936720550060272 -0.574955940246582
2006 -0.01580496691167355 0.2995432615280151 -0.579046368598938
2007 -0.03604842722415924 0.3040339648723602 -0.5832228064537048
2008 -0.05658711120486259 0.3071048855781555 -0.5874601602554321
2009 -0.07729253172874451 0.3087314069271088 -0.5917319059371948
2010 -0.09803179651498795 0.3089049458503723 -0.596010684967041
2011 -0.1186699196696281 0.3076339066028595 -0.600268542766571
2012 -0.1390723586082458 0.3049442172050476 -0.6044778227806091
2013 -0.1591076403856277 0.3008792102336884 -0.6086112856864929
2014 -0.1786498874425888 0.2954993546009064 -0.6126430630683899
2015 -0.1975813806056976 0.2888812124729156 -0.6165488362312317
2016 -0.2157947868108749 0.2811160087585449 -0.6203064918518066
2017 -0.2331951111555099 0.2723078727722168 -0.6238963603973389
2018 -0.2497013956308365 0.2625717520713806 -0.627301812171936
2019 -0.2652478814125061 0.2520308494567871 -0.6305091977119446
2020 -0.279784768819809 0.240814283490181 -0.6335083246231079
2021 -0.2932784855365753 0.2290542423725128 -0.6362922191619873
2022 -0.3057115077972412 0.2168834954500198 -0.6388573050498962
2023 -0.3170818090438843 0.204432874917984 -0.6412031054496765
2024 -0.3274017870426178 0.1918289363384247 -0.6433322429656982
2025 -0.3366970121860504 0.1791918873786926 -0.6452499628067017
2026 -0.3450045585632324 0.1666338890790939 -0.646963894367218
2027 -0.3523713350296021 0.1542575359344482 -0.6484837532043457
2028 -0.3588521480560303 0.142154797911644 -0.6498208045959473
2029 -0.3645078241825104 0.1304062306880951 -0.6509876251220703
2030 -0.369403213262558 0.11908058822155 -0.6519976258277893
2031 -0.3736056387424469 0.1082345545291901 -0.6528646349906921
2032 -0.3771829903125763 0.09791295230388641 -0.653602659702301
2033 -0.3802024126052856 0.08814898878335953 -0.6542255878448486
2034 -0.3827290832996368 0.07896475493907928 -0.6547468900680542
2035 -0.3848249316215515 0.0703718364238739 -0.6551792621612549
2036 -0.3865481317043304 0.06237202510237694 -0.6555348038673401
2037 -0.3879522979259491 0.0549580454826355 -0.6558244824409485
2038 -0.3890860676765442 0.04811437055468559 -0.6560584306716919
2039 -0.3899931013584137 0.04181798547506332 -0.6562455296516418
2040 -0.3907118439674377 0.03603916987776756 -0.656393826007843
2041 -0.3912757337093353 0.03074223920702934 -0.6565101742744446
2042 -0.3917133808135986 0.02588625811040401 -0.6566004753112793
2043 -0.3920488059520721 0.02142572030425072 -0.6566696763038635
2044 -0.3923018574714661 0.01731120422482491 -0.6567218899726868
2045 -0.3924886286258698 0.0134899765253067 -0.6567603945732117
2046 -0.3926215767860413 0.0099065862596035 -0.6567878127098083
2047 -0.3927101194858551 0.00650343531742692 -0.6568061113357544
2048 -0.392760694026947 0.003221325343474746 -0.6568165421485901
2049 -0.3882631957530975 -0.003106704214587808 -0.6772460341453552
2050 -0.3882783949375153 3.784281157514157e-17 -0.677249550819397
2051 -0.3882163166999817 -0.006277711596339941 -0.6772350072860718
2052 -0.3881338834762573 -0.009576760232448578 -0.6772157549858093
2053 -0.3880093097686768 -0.01306645013391972 -0.6771865487098694
2054 -0.3878329992294312 -0.01680766977369785 -0.6771453022956848
2055 -0.3875921368598938 -0.020858995616436 -0.6770888566970825
2056 -0.3872701823711395 -0.02527609467506409 -0.6770134568214417
2057 -0.3868465721607208 -0.03011107817292213 -0.6769142746925354
2058 -0.386296272277832 -0.03541184589266777 -0.676785409450531
2059 -0.3855893909931183 -0.04122137278318405 -0.676619827747345
2060 -0.3846908807754517 -0.04757700115442276 -0.6764094233512878
2061 -0.3835602700710297 -0.05450962111353874 -0.6761446595191956
2062 -0.3821516036987305 -0.06204289942979813 -0.6758148074150085
2063 -0.3804134130477905 -0.07019240409135818 -0.6754077076911926
2064 -0.3782889842987061 -0.07896475493907928 -0.6749102473258972
2065 -0.3757167756557465 -0.08835678547620773 -0.6743078827857971
2066 -0.3726312220096588 -0.09835467487573624 -0.6735852956771851
2067 -0.3689634501934052 -0.1089332476258278 -0.6727263331413269
2068 -0.3646426796913147 -0.1200552731752396 -0.6717144846916199
2069 -0.3595974743366241 -0.1316709667444229 -0.6705330014228821
2070 -0.3537574708461761 -0.1437177211046219 -0.6691653728485107
2071 -0.3470552563667297 -0.1561200320720673 -0.6675958037376404
2072 -0.3394282460212708 -0.168789729475975 -0.665809690952301
2073 -0.3308208584785461 -0.1816265732049942 -0.6637939810752869
2074 -0.3211866021156311 -0.1945192068815231 -0.6615378260612488
2075 -0.3104900419712067 -0.2073464542627335 -0.6590328216552734
2076 -0.2987087666988373 -0.2199790477752686 -0.6562738418579102
2077 -0.2858349680900574 -0.2322817146778107 -0.6532590389251709
2078 -0.2718768715858459 -0.2441155016422272 -0.6499903202056885
2079 -0.2568595707416534 -0.2553405165672302 -0.6464734673500061
2080 -0.2408255785703659 -0.2658186554908752 -0.6427186131477356
2081 -0.2238347381353378 -0.2754166126251221 -0.6387396454811096
2082 -0.2059637606143951 -0.2840087711811066 -0.6345545649528503
2083 -0.1873050928115845 -0.2914799153804779 -0.6301850080490112
2084 -0.1679653525352478 -0.2977278530597687 -0.6256559491157532
2085 -0.1480633467435837 -0.3026654720306396 -0.6209952235221863
2086 -0.1277276128530502 -0.3062227666378021 -0.6162329316139221
2087 -0.1070938408374786 -0.3083478808403015 -0.611400842666626
2088 -0.08630193024873734 -0.3090079128742218 -0.6065317392349243
2089 -0.0654931515455246 -0.3081891536712646 -0.6016587018966675
2090 -0.04480724409222603 -0.3058966994285583 -0.5968143939971924
2091 -0.02437972836196423 -0.3021534383296967 -0.5920305848121643
2092 -0.004339462611824274 -0.2969987988471985 -0.5873374938964844
2093 0.0151935163885355 -0.2904869914054871 -0.5827631950378418
2094 0.03410967439413071 -0.2826848030090332 -0.5783333778381348
2095 0.05231130868196487 -0.2736694514751434 -0.5740708112716675
2096 0.06971342116594315 -0.2635261118412018 -0.5699955821037292
2097 0.08624406903982162 -0.2523454427719116 -0.5661243796348572
2098 0.1018443927168846 -0.2402213662862778 -0.5624710321426392
2099 0.1164682134985924 -0.2272486835718155 -0.5590463876724243
2100 0.1300813108682632 -0.2135211676359177 -0.5558584332466125
2101 0.1426603645086288 -0.1991297900676727 -0.5529125928878784
2102 0.154191792011261 -0.1841612607240677 -0.5502121448516846
2103 0.1646703481674194 -0.168696865439415 -0.5477582216262817
2104 0.1740976274013519 -0.1528116166591644 -0.545550525188446
2105 0.1824806332588196 -0.1365737915039062 -0.5435873866081238
2106 0.1898302137851715 -0.1200446635484695 -0.5418662428855896
2107 0.1961596310138702 -0.1032785922288895 -0.5403839945793152
2108 0.2014833390712738 -0.0863233283162117 -0.5391372442245483
2109 0.2058157026767731 -0.06922055035829544 -0.5381227135658264
2110 0.2091698944568634 -0.05200657993555069 -0.5373371839523315
2111 0.2115571200847626 -0.03471328318119049 -0.5367781519889832
2112 0.2129859030246735 -0.01736907288432121 -0.5364435315132141
2113 0.2134615778923035 0 -0.5363321304321289
2114 0.2129859030246735 0.01736907288432121 -0.5364435315132141
2115 0.2115571200847626 0.03471328318119049 -0.5367781519889832
2116 0.2091698944568634 0.05200657993555069 -0.5373371839523315
2117 0.2058157026767731 0.06922055035829544 -0.5381227135658264
2118 0.2014833390712738 0.0863233283162117 -0.5391372442245483
2119 0.1961596310138702 0.1032785922288895 -0.5403839945793152
2120 0.1898302137851715 0.1200446635484695 -0.5418662428855896
2121 0.1824806332588196 0.1365737915039062 -0.5435873866081238
2122 0.1740976274013519 0.1528116166591644 -0.545550525188446
2123 0.1646703481674194 0.168696865439415 -0.5477582216262817
2124 0.154191792011261 0.1841612607240677 -0.5502121448516846
2125 0.1426603645086288 0.1991297900676727 -0.5529125928878784
2126 0.1300813108682632 0.2135211676359177 -0.5558584332466125
2127 0.1164682134985924 0.2272486835718155 -0.5590463876724243
2128 0.1018443927168846 0.2402213662862778 -0.5624710321426392
2129 0.08624406903982162 0.2523454427719116 -0.5661243796348572
2130 0.06971342116594315 0.2635261118412018 -0.5699955821037292
2131 0.05231130868196487 0.2736694514751434 -0.5740708112716675
2132 0.03410967439413071 0.2826848030090332 -0.5783333778381348
2133 0.0151935163885355 0.2904869914054871 -0.5827631950378418
2134 -0.004339462611824274 0.2969987988471985 -0.5873374938964844
2135 -0.02437972836196423 0.3021534383296967 -0.5920305848121643
2136 -0.04480724409222603 0.3058966994285583 -0.5968143939971924
2137 -0.0654931515455246 0.3081891536712646 -0.6016587018966675
2138 -0.08630193024873734 0.3090079128742218 -0.6065317392349243
2139 -0.1070938408374786 0.3083478808403015 -0.611400842666626
2140 -0.1277276128530502 0.3062227666378021 -0.6162329316139221
2141 -0.1480633467435837 0.3026654720306396 -0.6209952235221863
2142 -0.1679653525352478 0.2977278530597687 -0.6256559491157532
2143 -0.1873050928115845 0.2914799153804779 -0.6301850080490112
2144 -0.2059637606143951 0.2840087711811066 -0.6345545649528503
2145 -0.2238347381353378 0.2754166126251221 -0.6387396454811096
2146 -0.2408255785703659 0.2658186554908752 -0.6427186131477356
2147 -0.2568595707416534 0.2553405165672302 -0.6464734673500061
2148 -0.2718768715858459 0.2441155016422272 -0.6499903202056885
2149 -0.2858349680900574 0.2322817146778107 -0.6532590389251709
2150 -0.2987087666988373 0.2199790477752686 -0.6562738418579102
2151 -0.3104900419712067 0.2073464542627335 -0.6590328216552734
2152 -0.3211866021156311 0.1945192068815231 -0.6615378260612488
2153 -0.3308208584785461 0.1816265732049942 -0.6637939810752869
2154 -0.3394282460212708 0.168789729475975 -0.665809690952301
2155 -0.3470552563667297 0.1561200320720673 -0.6675958037376404
2156 -0.3537574708461761 0.1437177211046219 -0.6691653728485107
2157 -0.3595974743366241 0.1316709667444229 -0.6705330014228821
2158 -0.3646426796913147 0.1200552731752396 -0.6717144846916199
2159 -0.3689634501934052 0.1089332476258278 -0.6727263331413269
2160 -0.3726312220096588 0.09835467487573624 -0.6735852956771851
2161 -0.3757167756557465 0.08835678547620773 -0.6743078827857971
2162 -0.3782889842987061 0.07896475493907928 -0.6749102473258972
2163 -0.3804134130477905 0.07019240409135818 -0.6754077076911926
2164 -0.3821516036987305 0.06204289942979813 -0.6758148074150085
2165 -0.3835602700710297 0.05450962111353874 -0.6761446595191956
2166 -0.3846908807754517 0.04757700115442276 -0.6764094233512878
2167 -0.3855893909931183 0.04122137278318405 -0.676619827747345
2168 -0.386296272277832 0.03541184589266777 -0.676785409450531
2169 -0.3868465721607208 0.03011107817292213 -0.6769142746925354
2170 -0.3872701823711395 0.02527609467506409 -0.6770134568214417
2171 -0.3875921368598938 0.020858995616436 -0.6770888566970825
2172 -0.3878329992294312 0.01680766977369785 -0.6771453022956848
2173 -0.3880093097686768 0.01306645013391972 -0.6771865487098694
2174 -0.3881338834762573 0.009576760232448578 -0.6772157549858093
2175 -0.3882163166999817 0.006277711596339941 -0.6772350072860718
2176 -0.3882631957530975 0.003106704214587808 -0.6772460341453552
2177 -0.3829562366008759 -0.003002090379595757 -0.6985670328140259
2178 -0.3829703330993652 3.784281157514157e-17 -0.698570728302002
2179 -0.382912665605545 -0.006071693729609251 -0.6985555291175842
2180 -0.3828356862068176 -0.009275722317397594 -0.6985352039337158
2181 -0.3827186822891235 -0.01267988234758377 -0.6985043287277222
2182 -0.382551908493042 -0.01634806022047997 -0.6984603404998779
2183 -0.3823222517967224 -0.02034169249236584 -0.6983997821807861
2184 -0.382012814283371 -0.02471912279725075 -0.6983181238174438
2185 -0.3816024363040924 -0.02953491546213627 -0.698209822177887
2186 -0.3810652792453766 -0.03483916074037552 -0.6980681419372559
2187 -0.3803703486919403 -0.04067671671509743 -0.6978847980499268
2188 -0.3794811964035034 -0.04708641767501831 -0.6976501941680908
2189 -0.3783555626869202 -0.05410024896264076 -0.697353184223175
2190 -0.3769453763961792 -0.06174244731664658 -0.6969811320304871
2191 -0.3751967251300812 -0.07002861052751541 -0.6965197920799255
2192 -0.3730500936508179 -0.07896475493907928 -0.6959534287452698
2193 -0.3704409599304199 -0.08854639530181885 -0.6952650547027588
2194 -0.367300420999527 -0.09875763952732086 -0.6944364905357361
2195 -0.3635563254356384 -0.1095703840255737 -0.6934486627578735
2196 -0.3591345846652985 -0.1209436282515526 -0.6922820210456848
2197 -0.3539606332778931 -0.1328229308128357 -0.6909169554710388
2198 -0.3479613959789276 -0.1451401114463806 -0.6893341541290283
2199 -0.3410672247409821 -0.1578132957220078 -0.6875151991844177
2200 -0.3332140743732452 -0.1707471758127213 -0.6854432821273804
2201 -0.3243458271026611 -0.1838337481021881 -0.6831035614013672
2202 -0.3144164681434631 -0.1969534605741501 -0.6804838180541992
2203 -0.3033924102783203 -0.2099767029285431 -0.6775752902030945
2204 -0.2912542521953583 -0.2227658182382584 -0.6743727922439575
2205 -0.2779987454414368 -0.2351774424314499 -0.6708755493164062
2206 -0.2636399269104004 -0.2470652163028717 -0.667087197303772
2207 -0.2482101172208786 -0.2582827806472778 -0.6630162596702576
2208 -0.2317601591348648 -0.268686830997467 -0.6586762070655823
2209 -0.2143592834472656 -0.278140515089035 -0.6540852189064026
2210 -0.1960942596197128 -0.2865163385868073 -0.649266242980957
2211 -0.1770680099725723 -0.293699324131012 -0.6442464590072632
2212 -0.157397672533989 -0.2995895445346832 -0.6390567421913147
2213 -0.1372122317552567 -0.3041044175624847 -0.6337311267852783
2214 -0.1166497692465782 -0.3071804344654083 -0.6283060312271118
2215 -0.09585438668727875 -0.3087742030620575 -0.6228194832801819
2216 -0.07497305423021317 -0.30886310338974 -0.6173102259635925
2217 -0.05415242910385132 -0.3074450790882111 -0.6118170022964478
2218 -0.03353577852249146 -0.3045378923416138 -0.6063776016235352
2219 -0.01326013915240765 -0.3001778721809387 -0.6010282039642334
2220 0.006546193268150091 -0.2944182455539703 -0.5958026051521301
2221 0.02576578594744205 -0.2873266637325287 -0.5907317996025085
2222 0.04429366439580917 -0.2789830267429352 -0.5858434438705444
2223 0.06203848868608475 -0.2694767117500305 -0.5811617374420166
2224 0.07892317324876785 -0.2589038014411926 -0.5767070055007935
2225 0.09488507360219955 -0.2473644912242889 -0.572495698928833
2226 0.1098756417632103 -0.2349604517221451 -0.568540632724762
2227 0.1238597556948662 -0.221792533993721 -0.5648511648178101
2228 0.136814683675766 -0.2079586535692215 -0.5614331960678101
2229 0.1487288028001785 -0.1935520172119141 -0.5582898259162903
2230 0.1596001386642456 -0.1786597669124603 -0.5554215908050537
2231 0.169434666633606 -0.1633617728948593 -0.5528268814086914
2232 0.1782447397708893 -0.1477300822734833 -0.5505024790763855
2233 0.1860473453998566 -0.1318283975124359 -0.5484438538551331
2234 0.1928625106811523 -0.1157121211290359 -0.5466457605361938
2235 0.1987118124961853 -0.09942850470542908 -0.5451025366783142
2236 0.2036168873310089 -0.08301718533039093 -0.5438084006309509
2237 0.2075982689857483 -0.06651084125041962 -0.5427579879760742
2238 0.2106741964817047 -0.04993613436818123 -0.5419464111328125
2239 0.2128598392009735 -0.03331467881798744 -0.5413697957992554
2240 0.2141665518283844 -0.01666425354778767 -0.5410250425338745
2241 0.2146013379096985 0 -0.5409103035926819
2242 0.2141665518283844 0.01666425354778767 -0.5410250425338745
2243 0.2128598392009735 0.03331467881798744 -0.5413697957992554
2244 0.2106741964817047 0.04993613436818123 -0.5419464111328125
2245 0.2075982689857483 0.06651084125041962 -0.5427579879760742
2246 0.2036168873310089 0.08301718533039093 -0.5438084006309509
2247 0.1987118124961853 0.09942850470542908 -0.5451025366783142
2248 0.1928625106811523 0.1157121211290359 -0.5466457605361938
2249 0.1860473453998566 0.1318283975124359 -0.5484438538551331
2250 0.1782447397708893 0.1477300822734833 -0.5505024790763855
2251 0.169434666633606 0.1633617728948593 -0.5528268814086914
2252 0.1596001386642456 0.1786597669124603 -0.5554215908050537
2253 0.1487288028001785 0.1935520172119141 -0.5582898259162903
2254 0.136814683675766 0.2079586535692215 -0.5614331960678101
2255 0.1238597556948662 0.221792533993721 -0.5648511648178101
2256 0.1098756417632103 0.2349604517221451 -0.568540632724762
2257 0.09488507360219955 0.2473644912242889 -0.572495698928833
2258 0.07892317324876785 0.2589038014411926 -0.5767070055007935
2259 0.06203848868608475 0.2694767117500305 -0.5811617374420166
2260 0.04429366439580917 0.2789830267429352 -0.5858434438705444
2261 0.02576578594744205 0.2873266637325287 -0.5907317996025085
2262 0.006546193268150091 0.2944182455539703 -0.5958026051521301
2263 -0.01326013915240765 0.3001778721809387 -0.6010282039642334
2264 -0.03353577852249146 0.3045378923416138 -0.6063776016235352
2265 -0.05415242910385132 0.3074450790882111 -0.6118170022964478
2266 -0.07497305423021317 0.30886310338974 -0.6173102259635925
2267 -0.09585438668727875 0.3087742030620575 -0.6228194832801819
2268 -0.1166497692465782 0.3071804344654083 -0.6283060312271118
2269 -0.1372122317552567 0.3041044175624847 -0.6337311267852783
2270 -0.157397672533989 0.2995895445346832 -0.6390567421913147
2271 -0.1770680099725723 0.293699324131012 -0.6442464590072632
2272 -0.1960942596197128 0.2865163385868073 -0.649266242980957
2273 -0.2143592834472656 0.278140515089035 -0.6540852189064026
2274 -0.2317601591348648 0.268686830997467 -0.6586762070655823
2275 -0.2482101172208786 0.2582827806472778 -0.6630162596702576
2276 -0.2636399269104004 0.2470652163028717 -0.667087197303772
2277 -0.2779987454414368 0.2351774424314499 -0.6708755493164062
2278 -0.2912542521953583 0.2227658182382584 -0.6743727922439575
2279 -0.3033924102783203 0.2099767029285431 -0.6775752902030945
2280 -0.3144164681434631 0.1969534605741501 -0.6804838180541992
2281 -0.3243458271026611 0.1838337481021881 -0.6831035614013672
2282 -0.3332140743732452 0.1707471758127213 -0.6854432821273804
2283 -0.3410672247409821 0.1578132957220078 -0.6875151991844177
2284 -0.3479613959789276 0.1451401114463806 -0.6893341541290283
2285 -0.3539606332778931 0.1328229308128357 -0.6909169554710388
2286 -0.3591345846652985 0.1209436282515526 -0.6922820210456848
2287 -0.3635563254356384 0.1095703840255737 -0.6934486627578735
2288 -0.367300420999527 0.09875763952732086 -0.6944364905357361
2289 -0.3704409599304199 0.08854639530181885 -0.6952650547027588
2290 -0.3730500936508179 0.07896475493907928 -0.6959534287452698
2291 -0.3751967251300812 0.07002861052751541 -0.6965197920799255
2292 -0.3769453763961792 0.06174244731664658 -0.6969811320304871
2293 -0.3783555626869202 0.05410024896264076 -0.697353184223175
2294 -0.3794811964035034 0.04708641767501831 -0.6976501941680908
2295 -0.3803703486919403 0.04067671671509743 -0.6978847980499268
2296 -0.3810652792453766 0.03483916074037552 -0.6980681419372559
2297 -0.3816024363040924 0.02953491546213627 -0.698209822177887
2298 -0.382012814283371 0.02471912279725075 -0.6983181238174438
2299 -0.3823222517967224 0.02034169249236584 -0.6983997821807861
2300 -0.382551908493042 0.01634806022047997 -0.6984603404998779
2301 -0.3827186822891235 0.01267988234758377 -0.6985043287277222
2302 -0.3828356862068176 0.009275722317397594 -0.6985352039337158
2303 -0.382912665605545 0.006071693729609251 -0.6985555291175842
2304 -0.3829562366008759 0.003002090379595757 -0.6985670328140259
2305 -0.3767732977867126 -0.00291997566819191 -0.7206907868385315
2306 -0.3767865300178528 3.784281157514157e-17 -0.7206946611404419
2307 -0.3767323195934296 -0.00590998213738203 -0.7206786870956421
2308 -0.3766596913337708 -0.009039422497153282 -0.7206572294235229
2309 -0.3765487372875214 -0.01237643882632256 -0.7206244468688965
2310 -0.3763896226882935 -0.01598727144300938 -0.7205774784088135
2311 -0.3761691451072693 -0.01993560418486595 -0.720512330532074
2312 -0.3758701384067535 -0.02428187988698483 -0.7204240560531616
2313 -0.3754710853099823 -0.02908259443938732 -0.7203062176704407
2314 -0.3749455511569977 -0.03438955917954445 -0.7201510071754456
2315 -0.3742618560791016 -0.04024910926818848 -0.7199491262435913
2316 -0.3733824491500854 -0.04670125991106033 -0.7196894288063049
2317 -0.3722639083862305 -0.05377884581685066 -0.7193590998649597
2318 -0.3708565831184387 -0.06150656938552856 -0.7189435362815857
2319 -0.3691047728061676 -0.0699000284075737 -0.7184261679649353
2320 -0.3669469058513641 -0.07896475493907928 -0.7177889347076416
2321 -0.3643162548542023 -0.08869519829750061 -0.7170121073722839
2322 -0.3611415028572083 -0.09907380491495132 -0.7160745859146118
2323 -0.3573480546474457 -0.1100701168179512 -0.7149543166160583
2324 -0.3528594076633453 -0.1216401010751724 -0.7136287689208984
2325 -0.3475987613201141 -0.1337255537509918 -0.7120752930641174
2326 -0.3414910137653351 -0.14625383913517 -0.7102715969085693
2327 -0.3344649970531464 -0.1591379195451736 -0.708196759223938
2328 -0.3264557719230652 -0.1722767651081085 -0.7058315873146057
2329 -0.3174068927764893 -0.1855561435222626 -0.7031593918800354
2330 -0.3072730600833893 -0.1988499015569687 -0.7001667618751526
2331 -0.2960221767425537 -0.2120217084884644 -0.6968442797660828
2332 -0.283637523651123 -0.2249271869659424 -0.6931869983673096
2333 -0.2701195180416107 -0.237416610121727 -0.6891950368881226
2334 -0.2554869055747986 -0.249337762594223 -0.6848738789558411
2335 -0.2397777140140533 -0.2605392336845398 -0.6802348494529724
2336 -0.2230494469404221 -0.2708738744258881 -0.6752948760986328
2337 -0.2053786069154739 -0.2802020311355591 -0.6700764894485474
2338 -0.1868596971035004 -0.2883951663970947 -0.6646077036857605
2339 -0.1676036566495895 -0.2953387498855591 -0.6589212417602539
2340 -0.1477355808019638 -0.3009350299835205 -0.6530540585517883
2341 -0.1273919939994812 -0.3051053583621979 -0.6470464468002319
2342 -0.1067179217934608 -0.3077917993068695 -0.6409412026405334
2343 -0.08586345613002777 -0.3089580237865448 -0.6347827315330505
2344 -0.0649804100394249 -0.3085898756980896 -0.6286157369613647
2345 -0.04421889409422874 -0.3066947758197784 -0.6224847435951233
2346 -0.0237241368740797 -0.3033007979393005 -0.6164324283599854
2347 -0.003633557353168726 -0.2984549999237061 -0.6104995608329773
2348 0.01592580415308475 -0.2922213971614838 -0.6047235131263733
2349 0.03483929485082626 -0.2846783697605133 -0.5991382002830505
2350 0.05300620943307877 -0.2759159207344055 -0.593773365020752
2351 0.07034077495336533 -0.2660327255725861 -0.5886542797088623
2352 0.08677258342504501 -0.2551331520080566 -0.5838018655776978
2353 0.1022465899586678 -0.243324488401413 -0.5792322754859924
2354 0.1167224869132042 -0.2307140678167343 -0.5749573707580566
2355 0.1301738917827606 -0.2174070179462433 -0.5709850788116455
2356 0.142586961388588 -0.2035040110349655 -0.567319393157959
2357 0.1539590060710907 -0.189099594950676 -0.5639611482620239
2358 0.1642967164516449 -0.1742807775735855 -0.560908317565918
2359 0.173614501953125 -0.159126028418541 -0.5581567287445068
2360 0.1819325089454651 -0.1437046676874161 -0.5557003617286682
2361 0.1892750561237335 -0.1280766874551773 -0.5535320639610291
2362 0.1956686973571777 -0.1122926697134972 -0.5516439080238342
2363 0.2011409103870392 -0.09639429301023483 -0.5500279664993286
2364 0.2057183384895325 -0.08041486144065857 -0.5486761927604675
2365 0.2094258069992065 -0.06438013166189194 -0.5475813746452332
2366 0.2122851312160492 -0.04830935597419739 -0.5467369556427002
2367 0.2143141329288483 -0.0322163850069046 -0.546137809753418
2368 0.2155261039733887 -0.01611095480620861 -0.5457798838615417
2369 0.2159291505813599 0 -0.5456608533859253
2370 0.2155261039733887 0.01611095480620861 -0.5457798838615417
2371 0.2143141329288483 0.0322163850069046 -0.546137809753418
2372 0.2122851312160492 0.04830935597419739 -0.5467369556427002
2373 0.2094258069992065 0.06438013166189194 -0.5475813746452332
2374 0.2057183384895325 0.08041486144065857 -0.5486761927604675
2375 0.2011409103870392 0.09639429301023483 -0.5500279664993286
2376 0.1956686973571777 0.1122926697134972 -0.5516439080238342
2377 0.1892750561237335 0.1280766874551773 -0.5535320639610291
2378 0.1819325089454651 0.1437046676874161 -0.5557003617286682
2379 0.173614501953125 0.159126028418541 -0.5581567287445068
2380 0.1642967164516449 0.1742807775735855 -0.560908317565918
2381 0.1539590060710907 0.189099594950676 -0.5639611482620239
2382 0.142586961388588 0.2035040110349655 -0.567319393157959
2383 0.1301738917827606 0.2174070179462433 -0.5709850788116455
2384 0.1167224869132042 0.2307140678167343 -0.5749573707580566
2385 0.1022465899586678 0.243324488401413 -0.5792322754859924
2386 0.08677258342504501 0.2551331520080566 -0.5838018655776978
2387 0.07034077495336533 0.2660327255725861 -0.5886542797088623
2388 0.05300620943307877 0.2759159207344055 -0.593773365020752
2389 0.03483929485082626 0.2846783697605133 -0.5991382002830505
2390 0.01592580415308475 0.2922213971614838 -0.6047235131263733
2391 -0.003633557353168726 0.2984549999237061 -0.6104995608329773
2392 -0.0237241368740797 0.3033007979393005 -0.6164324283599854
2393 -0.04421889409422874 0.3066947758197784 -0.6224847435951233
2394 -0.0649804100394249 0.3085898756980896 -0.6286157369613647
2395 -0.08586345613002777 0.3089580237865448 -0.6347827315330505
2396 -0.1067179217934608 0.3077917993068695 -0.6409412026405334
2397 -0.1273919939994812 0.3051053583621979 -0.6470464468002319
2398 -0.1477355808019638 0.3009350299835205 -0.6530540585517883
2399 -0.1676036566495895 0.2953387498855591 -0.6589212417602539
2400 -0.1868596971035004 0.2883951663970947 -0.6646077036857605
2401 -0.2053786069154739 0.2802020311355591 -0.6700764894485474
2402 -0.2230494469404221 0.2708738744258881 -0.6752948760986328
2403 -0.2397777140140533 0.2605392336845398 -0.6802348494529724
2404 -0.2554869055747986 0.249337762594223 -0.6848738789558411
2405 -0.2701195180416107 0.237416610121727 -0.6891950368881226
2406 -0.283637523651123 0.2249271869659424 -0.6931869983673096
2407 -0.2960221767425537 0.2120217084884644 -0.6968442797660828
2408 -0.3072730600833893 0.1988499015569687 -0.7001667618751526
2409 -0.3174068927764893 0.1855561435222626 -0.7031593918800354
2410 -0.3264557719230652 0.1722767651081085 -0.7058315873146057
2411 -0.3344649970531464 0.1591379195451736 -0.708196759223938
2412 -0.3414910137653351 0.14625383913517 -0.7102715969085693
2413 -0.3475987613201141 0.1337255537509918 -0.7120752930641174
2414 -0.3528594076633453 0.1216401010751724 -0.7136287689208984
2415 -0.3573480546474457 0.1100701168179512 -0.7149543166160583
2416 -0.3611415028572083 0.09907380491495132 -0.7160745859146118
2417 -0.3643162548542023 0.08869519829750061 -0.7170121073722839
2418 -0.3669469058513641 0.07896475493907928 -0.7177889347076416
2419 -0.3691047728061676 0.0699000284075737 -0.7184261679649353
2420 -0.3708565831184387 0.06150656938552856 -0.7189435362815857
2421 -0.3722639083862305 0.05377884581685066 -0.7193590998649597
2422 -0.3733824491500854 0.04670125991106033 -0.7196894288063049
2423 -0.3742618560791016 0.04024910926818848 -0.7199491262435913
2424 -0.3749455511569977 0.03438955917954445 -0.7201510071754456
2425 -0.3754710853099823 0.02908259443938732 -0.7203062176704407
2426 -0.3758701384067535 0.02428187988698483 -0.7204240560531616
2427 -0.3761691451072693 0.01993560418486595 -0.720512330532074
2428 -0.3763896226882935 0.01598727144300938 -0.7205774784088135
2429 -0.3765487372875214 0.01237643882632256 -0.7206244468688965
2430 -0.3766596913337708 0.009039422497153282 -0.7206572294235229
2431 -0.3767323195934296 0.00590998213738203 -0.7206786870956421
2432 -0.3767732977867126 0.00291997566819191 -0.7206907868385315
2433 -0.3696529269218445 -0.002829281846061349 -0.7435222864151001
2434 -0.3696652352809906 3.784281157514157e-17 -0.7435263395309448
2435 -0.3696147501468658 -0.005731373559683561 -0.7435097098350525
2436 -0.3695467710494995 -0.00877842865884304 -0.7434873580932617
2437 -0.3694422841072083 -0.01204127911478281 -0.7434530258178711
2438 -0.3692914545536041 -0.01558876689523458 -0.7434034943580627
2439 -0.3690809309482574 -0.0194870512932539 -0.7433342933654785
2440 -0.3687933087348938 -0.02379889972507954 -0.7432397603988647
2441 -0.3684066832065582 -0.02858294546604156 -0.7431126832962036
2442 -0.3678941130638123 -0.03389289975166321 -0.7429442405700684
2443 -0.3672229647636414 -0.03977673500776291 -0.7427236437797546
2444 -0.3663547933101654 -0.0462757796049118 -0.7424383163452148
2445 -0.3652446866035461 -0.05342379957437515 -0.7420734763145447
2446 -0.3638414144515991 -0.06124600395560265 -0.7416122555732727
2447 -0.3620872497558594 -0.06975799798965454 -0.7410357594490051
2448 -0.359918475151062 -0.07896475493907928 -0.7403229475021362
2449 -0.3572658002376556 -0.08885952830314636 -0.7394511103630066
2450 -0.3540553450584412 -0.09942286461591721 -0.7383959889411926
2451 -0.3502098619937897 -0.1106216758489609 -0.7371321320533752
2452 -0.3456501066684723 -0.1224084869027138 -0.7356335520744324
2453 -0.3402968645095825 -0.1347208470106125 -0.7338741421699524
2454 -0.3340729176998138 -0.1474810689687729 -0.7318286299705505
2455 -0.3269054293632507 -0.1605963259935379 -0.7294729351997375
2456 -0.3187284171581268 -0.1739590764045715 -0.7267854809761047
2457 -0.3094853162765503 -0.1874480545520782 -0.7237476706504822
2458 -0.2991316020488739 -0.2009297162294388 -0.7203448414802551
2459 -0.2876370251178741 -0.2142601311206818 -0.7165670990943909
2460 -0.2749879062175751 -0.2272874414920807 -0.7124098539352417
2461 -0.2611888349056244 -0.2398547977209091 -0.7078746557235718
2462 -0.2462639808654785 -0.2518035471439362 -0.702969491481781
2463 -0.2302578240633011 -0.2629767656326294 -0.6977089047431946
2464 -0.2132351994514465 -0.2732230126857758 -0.6921142935752869
2465 -0.1952807456254959 -0.2824000418186188 -0.6862134337425232
2466 -0.1764976233243942 -0.290378212928772 -0.680040180683136
2467 -0.1570055186748505 -0.2970438599586487 -0.6736339330673218
2468 -0.1369381844997406 -0.3023021221160889 -0.6670386791229248
2469 -0.1164403334259987 -0.3060790300369263 -0.6603018641471863
2470 -0.09566434472799301 -0.3083232343196869 -0.6534736752510071
2471 -0.074766606092453 -0.3090068101882935 -0.6466054916381836
2472 -0.05390384048223495 -0.3081251680850983 -0.639748752117157
2473 -0.0332295149564743 -0.3056966662406921 -0.632953941822052
2474 -0.01289051584899426 -0.3017609715461731 -0.6262694001197815
2475 0.006975860800594091 -0.2963772118091583 -0.6197401285171509
2476 0.02624445594847202 -0.2896214723587036 -0.6134073734283447
2477 0.0448041632771492 -0.281583845615387 -0.6073075532913208
2478 0.06255940347909927 -0.272365391254425 -0.6014721393585205
2479 0.07943090051412582 -0.2620748281478882 -0.5959271788597107
2480 0.09535586088895798 -0.2508253753185272 -0.5906932950019836
2481 0.1102877482771873 -0.2387316823005676 -0.5857858061790466
2482 0.1241954043507576 -0.2259069681167603 -0.581214964389801
2483 0.1370619088411331 -0.2124605774879456 -0.5769863128662109
2484 0.1488830596208572 -0.1984957754611969 -0.5731011629104614
2485 0.1596656441688538 -0.184108093380928 -0.5695573687553406
2486 0.1694256067276001 -0.1693840026855469 -0.5663496851921082
2487 0.1781859993934631 -0.154400035738945 -0.5634705424308777
2488 0.1859751641750336 -0.1392223089933395 -0.5609105229377747
2489 0.1928247511386871 -0.1239063814282417 -0.5586593747138977
2490 0.1987680792808533 -0.1084975004196167 -0.5567060708999634
2491 0.2038383781909943 -0.09303110092878342 -0.555039644241333
2492 0.208067387342453 -0.0775335505604744 -0.5536497235298157
2493 0.2114841639995575 -0.0620230995118618 -0.5525267720222473
2494 0.2141138911247253 -0.04651102796196938 -0.5516625046730042
2495 0.2159770429134369 -0.03100287169218063 -0.5510501861572266
2496 0.2170887291431427 -0.01549979392439127 -0.5506848096847534
2497 0.2174582779407501 0 -0.5505633354187012
2498 0.2170887291431427 0.01549979392439127 -0.5506848096847534
2499 0.2159770429134369 0.03100287169218063 -0.5510501861572266
2500 0.2141138911247253 0.04651102796196938 -0.5516625046730042
2501 0.2114841639995575 0.0620230995118618 -0.5525267720222473
2502 0.208067387342453 0.0775335505604744 -0.5536497235298157
2503 0.2038383781909943 0.09303110092878342 -0.555039644241333
2504 0.1987680792808533 0.1084975004196167 -0.5567060708999634
2505 0.1928247511386871 0.1239063814282417 -0.5586593747138977
2506 0.1859751641750336 0.1392223089933395 -0.5609105229377747
2507 0.1781859993934631 0.154400035738945 -0.5634705424308777
2508 0.1694256067276001 0.1693840026855469 -0.5663496851921082
2509 0.1596656441688538 0.184108093380928 -0.5695573687553406
2510 0.1488830596208572 0.1984957754611969 -0.5731011629104614
2511 0.1370619088411331 0.2124605774879456 -0.5769863128662109
2512 0.1241954043507576 0.2259069681167603 -0.581214964389801
2513 0.1102877482771873 0.2387316823005676 -0.5857858061790466
2514 0.09535586088895798 0.2508253753185272 -0.5906932950019836
2515 0.07943090051412582 0.2620748281478882 -0.5959271788597107
2516 0.06255940347909927 0.272365391254425 -0.6014721393585205
2517 0.0448041632771492 0.281583845615387 -0.6073075532913208
2518 0.02624445594847202 0.2896214723587036 -0.6134073734283447
2519 0.006975860800594091 0.2963772118091583 -0.6197401285171509
2520 -0.01289051584899426 0.3017609715461731 -0.6262694001197815
2521 -0.0332295149564743 0.3056966662406921 -0.632953941822052
2522 -0.05390384048223495 0.3081251680850983 -0.639748752117157
2523 -0.074766606092453 0.3090068101882935 -0.6466054916381836
2524 -0.09566434472799301 0.3083232343196869 -0.6534736752510071
2525 -0.1164403334259987 0.3060790300369263 -0.6603018641471863
2526 -0.1369381844997406 0.3023021221160889 -0.6670386791229248
2527 -0.1570055186748505 0.2970438599586487 -0.6736339330673218
2528 -0.1764976233243942 0.290378212928772 -0.680040180683136
2529 -0.1952807456254959 0.2824000418186188 -0.6862134337425232
2530 -0.2132351994514465 0.2732230126857758 -0.6921142935752869
2531 -0.2302578240633011 0.2629767656326294 -0.6977089047431946
2532 -0.2462639808654785 0.2518035471439362 -0.702969491481781
2533 -0.2611888349056244 0.2398547977209091 -0.7078746557235718
2534 -0.2749879062175751 0.2272874414920807 -0.7124098539352417
2535 -0.2876370251178741 0.2142601311206818 -0.7165670990943909
2536 -0.2991316020488739 0.2009297162294388 -0.7203448414802551
2537 -0.3094853162765503 0.1874480545520782 -0.7237476706504822
2538 -0.3187284171581268 0.1739590764045715 -0.7267854809761047
2539 -0.3269054293632507 0.1605963259935379 -0.7294729351997375
2540 -0.3340729176998138 0.1474810689687729 -0.7318286299705505
2541 -0.3402968645095825 0.1347208470106125 -0.7338741421699524
2542 -0.3456501066684723 0.1224084869027138 -0.7356335520744324
2543 -0.3502098619937897 0.1106216758489609 -0.7371321320533752
2544 -0.3540553450584412 0.09942286461591721 -0.7383959889411926
2545 -0.3572658002376556 0.08885952830314636 -0.7394511103630066
2546 -0.359918475151062 0.07896475493907928 -0.7403229475021362
2547 -0.3620872497558594 0.06975799798965454 -0.7410357594490051
2548 -0.3638414144515991 0.06124600395560265 -0.7416122555732727
2549 -0.3652446866035461 0.05342379957437515 -0.7420734763145447
2550 -0.3663547933101654 0.0462757796049118 -0.7424383163452148
2551 -0.3672229647636414 0.03977673500776291 -0.7427236437797546
2552 -0.3678941130638123 0.03389289975166321 -0.7429442405700684
2553 -0.3684066832065582 0.02858294546604156 -0.7431126832962036
2554 -0.3687933087348938 0.02379889972507954 -0.7432397603988647
2555 -0.3690809309482574 0.0194870512932539 -0.7433342933654785
2556 -0.3692914545536041 0.01558876689523458 -0.7434034943580627
2557 -0.3694422841072083 0.01204127911478281 -0.7434530258178711
2558 -0.3695467710494995 0.00877842865884304 -0.7434873580932617
2559 -0.3696147501468658 0.005731373559683561 -0.7435097098350525
2560 -0.3696529269218445 0.002829281846061349 -0.7435222864151001
2561 -0.361539214849472 -0.002736353781074286 -0.766960620880127
2562 -0.3615505993366241 3.784281157514157e-17 -0.7669647932052612
2563 -0.3615037798881531 -0.005548364017158747 -0.7669477462768555
2564 -0.3614404201507568 -0.00851100031286478 -0.7669246792793274
2565 -0.3613424599170685 -0.01169785019010305 -0.7668890357017517
2566 -0.3611999750137329 -0.01518041919916868 -0.7668371796607971
2567 -0.360999584197998 -0.01902740634977818 -0.766764223575592
2568 -0.3607236742973328 -0.02330396324396133 -0.7666637897491455
2569 -0.3603499829769135 -0.02807090990245342 -0.7665278315544128
2570 -0.3598510324954987 -0.03338391706347466 -0.7663462162017822
2571 -0.3591935038566589 -0.03929262980818748 -0.766106903553009
2572 -0.3583378195762634 -0.04583972319960594 -0.7657954692840576
2573 -0.3572378158569336 -0.05305993184447289 -0.7653951048851013
2574 -0.3558405935764313 -0.0609789751470089 -0.7648865580558777
2575 -0.3540864884853363 -0.06961245834827423 -0.7642481327056885
2576 -0.3519095778465271 -0.07896475493907928 -0.763455867767334
2577 -0.3492381572723389 -0.08902787417173386 -0.7624835968017578
2578 -0.3459957242012024 -0.09978037327528 -0.7613034844398499
2579 -0.3421023190021515 -0.1111864075064659 -0.7598864436149597
2580 -0.3374760746955872 -0.1231948733329773 -0.7582026720046997
2581 -0.3320353627204895 -0.135738879442215 -0.7562224864959717
2582 -0.3257008492946625 -0.1487354189157486 -0.7539169788360596
2583 -0.318398118019104 -0.1620855778455734 -0.7512590885162354
2584 -0.3100602924823761 -0.1756750196218491 -0.7482244968414307
2585 -0.3006308078765869 -0.189375102519989 -0.7447925806045532
2586 -0.2900659739971161 -0.203044518828392 -0.740947425365448
2587 -0.2783377170562744 -0.216531440615654 -0.7366788387298584
2588 -0.265435516834259 -0.2296762317419052 -0.7319830060005188
2589 -0.2513684332370758 -0.2423146665096283 -0.7268632054328918
2590 -0.2361662685871124 -0.2542814910411835 -0.7213302254676819
2591 -0.2198802083730698 -0.2654142081737518 -0.7154028415679932
2592 -0.2025827318429947 -0.2755572199821472 -0.7091072797775269
2593 -0.1843667775392532 -0.2845656275749207 -0.7024774551391602
2594 -0.1653442680835724 -0.2923091650009155 -0.6955540776252747
2595 -0.1456437110900879 -0.2986753880977631 -0.688383936882019
2596 -0.1254074722528458 -0.3035727441310883 -0.6810187697410583
2597 -0.1047883406281471 -0.306932657957077 -0.6735143065452576
2598 -0.08394580334424973 -0.3087109923362732 -0.6659285426139832
2599 -0.06304215639829636 -0.3088887631893158 -0.6583204865455627
2600 -0.04223859310150146 -0.3074718713760376 -0.6507488489151001
2601 -0.02169138751924038 -0.3044900596141815 -0.6432705521583557
2602 -0.001548452652059495 -0.2999952733516693 -0.6359394192695618
2603 0.0180536974221468 -0.2940591275691986 -0.6288050413131714
2604 0.03699243813753128 -0.2867701649665833 -0.6219121813774109
2605 0.05516091734170914 -0.2782304584980011 -0.6152996420860291
2606 0.07246928662061691 -0.2685521841049194 -0.6090001463890076
2607 0.08884527534246445 -0.2578541040420532 -0.6030399799346924
2608 0.1042342111468315 -0.2462581545114517 -0.5974390506744385
2609 0.1185983642935753 -0.2338860630989075 -0.592211127281189
2610 0.1319159269332886 -0.2208566069602966 -0.5873640775680542
2611 0.1441795825958252 -0.2072829157114029 -0.5829006433486938
2612 0.1553946733474731 -0.1932704299688339 -0.5788187980651855
2613 0.1655773520469666 -0.1789152175188065 -0.5751127600669861
2614 0.174752414226532 -0.1643027663230896 -0.5717734098434448
2615 0.1829513311386108 -0.1495072245597839 -0.5687893629074097
2616 0.1902100741863251 -0.1345911026000977 -0.56614750623703
2617 0.1965672671794891 -0.1196052953600883 -0.5638337731361389
2618 0.2020623087882996 -0.1045893952250481 -0.5618337988853455
2619 0.2067337930202484 -0.08957245200872421 -0.5601335763931274
2620 0.2106179893016815 -0.07457379251718521 -0.5587198734283447
2621 0.2137477099895477 -0.05960410460829735 -0.557580828666687
2622 0.2161511182785034 -0.04466673359274864 -0.5567060708999634
2623 0.2178510129451752 -0.02975896559655666 -0.5560873746871948
2624 0.2188641130924225 -0.0148735148832202 -0.5557186603546143
2625 0.2192006707191467 0 -0.5555961728096008
2626 0.2188641130924225 0.0148735148832202 -0.5557186603546143
2627 0.2178510129451752 0.02975896559655666 -0.5560873746871948
2628 0.2161511182785034 0.04466673359274864 -0.5567060708999634
2629 0.2137477099895477 0.05960410460829735 -0.557580828666687
2630 0.2106179893016815 0.07457379251718521 -0.5587198734283447
2631 0.2067337930202484 0.08957245200872421 -0.5601335763931274
2632 0.2020623087882996 0.1045893952250481 -0.5618337988853455
2633 0.1965672671794891 0.1196052953600883 -0.5638337731361389
2634 0.1902100741863251 0.1345911026000977 -0.56614750623703
2635 0.1829513311386108 0.1495072245597839 -0.5687893629074097
2636 0.174752414226532 0.1643027663230896 -0.5717734098434448
2637 0.1655773520469666 0.1789152175188065 -0.5751127600669861
2638 0.1553946733474731 0.1932704299688339 -0.5788187980651855
2639 0.1441795825958252 0.2072829157114029 -0.5829006433486938
2640 0.1319159269332886 0.2208566069602966 -0.5873640775680542
2641 0.1185983642935753 0.2338860630989075 -0.592211127281189
2642 0.1042342111468315 0.2462581545114517 -0.5974390506744385
2643 0.08884527534246445 0.2578541040420532 -0.6030399799346924
2644 0.07246928662061691 0.2685521841049194 -0.6090001463890076
2645 0.05516091734170914 0.2782304584980011 -0.6152996420860291
2646 0.03699243813753128 0.2867701649665833 -0.6219121813774109
2647 0.0180536974221468 0.2940591275691986 -0.6288050413131714
2648 -0.001548452652059495 0.2999952733516693 -0.6359394192695618
2649 -0.02169138751924038 0.3044900596141815 -0.6432705521583557
2650 -0.04223859310150146 0.3074718713760376 -0.6507488489151001
2651 -0.06304215639829636 0.3088887631893158 -0.6583204865455627
2652 -0.08394580334424973 0.3087109923362732 -0.6659285426139832
2653 -0.1047883406281471 0.306932657957077 -0.6735143065452576
2654 -0.1254074722528458 0.3035727441310883 -0.6810187697410583
2655 -0.1456437110900879 0.2986753880977631 -0.688383936882019
2656 -0.1653442680835724 0.2923091650009155 -0.6955540776252747
2657 -0.1843667775392532 0.2845656275749207 -0.7024774551391602
2658 -0.2025827318429947 0.2755572199821472 -0.7091072797775269
2659 -0.2198802083730698 0.2654142081737518 -0.7154028415679932
2660 -0.2361662685871124 0.2542814910411835 -0.7213302254676819
2661 -0.2513684332370758 0.2423146665096283 -0.7268632054328918
2662 -0.265435516834259 0.2296762317419052 -0.7319830060005188
2663 -0.2783377170562744 0.216531440615654 -0.7366788387298584
2664 -0.2900659739971161 0.203044518828392 -0.740947425365448
2665 -0.3006308078765869 0.189375102519989 -0.7447925806045532
2666 -0.3100602924823761 0.1756750196218491 -0.7482244968414307
2667 -0.318398118019104 0.1620855778455734 -0.7512590885162354
2668 -0.3257008492946625 0.1487354189157486 -0.7539169788360596
2669 -0.3320353627204895 0.135738879442215 -0.7562224864959717
2670 -0.3374760746955872 0.1231948733329773 -0.7582026720046997
2671 -0.3421023190021515 0.1111864075064659 -0.7598864436149597
2672 -0.3459957242012024 0.09978037327528 -0.7613034844398499
2673 -0.3492381572723389 0.08902787417173386 -0.7624835968017578
2674 -0.3519095778465271 0.07896475493907928 -0.763455867767334
2675 -0.3540864884853363 0.06961245834827423 -0.7642481327056885
2676 -0.3558405935764313 0.0609789751470089 -0.7648865580558777
2677 -0.3572378158569336 0.05305993184447289 -0.7653951048851013
2678 -0.3583378195762634 0.04583972319960594 -0.7657954692840576
2679 -0.3591935038566589 0.03929262980818748 -0.766106903553009
2680 -0.3598510324954987 0.03338391706347466 -0.7663462162017822
2681 -0.3603499829769135 0.02807090990245342 -0.7665278315544128
2682 -0.3607236742973328 0.02330396324396133 -0.7666637897491455
2683 -0.360999584197998 0.01902740634977818 -0.766764223575592
2684 -0.3611999750137329 0.01518041919916868 -0.7668371796607971
2685 -0.3613424599170685 0.01169785019010305 -0.7668890357017517
2686 -0.3614404201507568 0.00851100031286478 -0.7669246792793274
2687 -0.3615037798881531 0.005548364017158747 -0.7669477462768555
2688 -0.361539214849472 0.002736353781074286 -0.766960620880127
2689 -0.3523830771446228 -0.002654049778357148 -0.7908995747566223
2690 -0.3523936569690704 3.784281157514157e-17 -0.7909038066864014
2691 -0.3523500859737396 -0.005386276170611382 -0.7908863425254822
2692 -0.3522908389568329 -0.008274140767753124 -0.7908625602722168
2693 -0.3521986603736877 -0.01139367278665304 -0.7908255457878113
2694 -0.3520637154579163 -0.01481873448938131 -0.7907714247703552
2695 -0.3518725335597992 -0.01862027682363987 -0.7906947135925293
2696 -0.351607471704483 -0.02286556176841259 -0.7905883193016052
2697 -0.3512459993362427 -0.02761735022068024 -0.7904433012008667
2698 -0.3507603108882904 -0.03293304890394211 -0.7902483940124512
2699 -0.350116491317749 -0.03886378556489944 -0.7899900078773499
2700 -0.349274218082428 -0.04545344412326813 -0.7896519899368286
2701 -0.3481862843036652 -0.05273760110139847 -0.7892153859138489
2702 -0.346798449754715 -0.06074243411421776 -0.7886584997177124
2703 -0.3450496196746826 -0.06948354095220566 -0.787956714630127
2704 -0.3428720533847809 -0.07896475493907928 -0.787082850933075
2705 -0.3401920199394226 -0.08917694538831711 -0.7860073447227478
2706 -0.3369309902191162 -0.1000968888401985 -0.7846987247467041
2707 -0.3330068290233612 -0.1116862148046494 -0.7831239700317383
2708 -0.3283356130123138 -0.1238905563950539 -0.7812494039535522
2709 -0.3228337466716766 -0.1366389840841293 -0.7790415287017822
2710 -0.3164202570915222 -0.1498437076807022 -0.7764678597450256
2711 -0.3090195953845978 -0.1634002476930618 -0.773497998714447
2712 -0.3005642890930176 -0.1771881282329559 -0.7701049447059631
2713 -0.2909979522228241 -0.1910720467567444 -0.7662659883499146
2714 -0.2802779674530029 -0.2049036771059036 -0.7619640827178955
2715 -0.2683781683444977 -0.2185240685939789 -0.7571887373924255
2716 -0.2552911043167114 -0.2317666411399841 -0.7519369721412659
2717 -0.2410298138856888 -0.2444605529308319 -0.746213972568512
2718 -0.225629135966301 -0.2564346790313721 -0.740033745765686
2719 -0.2091461420059204 -0.2675217390060425 -0.7334192395210266
2720 -0.1916599273681641 -0.2775624692440033 -0.7264020442962646
2721 -0.1732706278562546 -0.2864099442958832 -0.7190225124359131
2722 -0.1540975421667099 -0.2939334809780121 -0.7113284468650818
2723 -0.1342766433954239 -0.300022155046463 -0.7033743858337402
2724 -0.1139574274420738 -0.3045876920223236 -0.695220410823822
2725 -0.09329918026924133 -0.3075666427612305 -0.6869303584098816
2726 -0.07246702164411545 -0.308921754360199 -0.6785704493522644
2727 -0.0516277477145195 -0.3086423277854919 -0.6702077388763428
2728 -0.0309456791728735 -0.3067438304424286 -0.6619081497192383
2729 -0.01057874970138073 -0.3032665848731995 -0.6537349820137024
2730 0.009325021877884865 -0.2982734739780426 -0.6457476615905762
2731 0.02863060869276524 -0.291847437620163 -0.6380004286766052
2732 0.04721837490797043 -0.2840880155563354 -0.6305412650108337
2733 0.06498587876558304 -0.2751078307628632 -0.623411238193512
2734 0.0818488672375679 -0.2650288045406342 -0.6166442036628723
2735 0.09774171561002731 -0.2539783418178558 -0.6102664470672607
2736 0.1126171424984932 -0.242085725069046 -0.6042969822883606
2737 0.1264454126358032 -0.229478657245636 -0.5987477898597717
2738 0.1392129510641098 -0.2162803411483765 -0.5936242341995239
2739 0.1509207189083099 -0.2026069164276123 -0.5889259576797485
2740 0.1615822911262512 -0.188565269112587 -0.5846474766731262
2741 0.1712216138839722 -0.1742515414953232 -0.5807792544364929
2742 0.1798709034919739 -0.1597500294446945 -0.5773083567619324
2743 0.1875684261322021 -0.1451324671506882 -0.5742193460464478
2744 0.1943563520908356 -0.1304579377174377 -0.5714954137802124
2745 0.2002787292003632 -0.115773007273674 -0.5691187977790833
2746 0.2053797841072083 -0.1011122316122055 -0.5670717358589172
2747 0.2097021341323853 -0.08649895340204239 -0.5653371810913086
2748 0.2132855355739594 -0.07194632291793823 -0.5638992190361023
2749 0.2161655724048615 -0.05745849385857582 -0.5627434849739075
2750 0.2183725833892822 -0.04303193464875221 -0.5618578195571899
2751 0.219931036233902 -0.02865686640143394 -0.5612323880195618
2752 0.2208588421344757 -0.01431878749281168 -0.5608600974082947
2753 0.2211669087409973 0 -0.5607364773750305
2754 0.2208588421344757 0.01431878749281168 -0.5608600974082947
2755 0.219931036233902 0.02865686640143394 -0.5612323880195618
2756 0.2183725833892822 0.04303193464875221 -0.5618578195571899
2757 0.2161655724048615 0.05745849385857582 -0.5627434849739075
2758 0.2132855355739594 0.07194632291793823 -0.5638992190361023
2759 0.2097021341323853 0.08649895340204239 -0.5653371810913086
2760 0.2053797841072083 0.1011122316122055 -0.5670717358589172
2761 0.2002787292003632 0.115773007273674 -0.5691187977790833
2762 0.1943563520908356 0.1304579377174377 -0.5714954137802124
2763 0.1875684261322021 0.1451324671506882 -0.5742193460464478
2764 0.1798709034919739 0.1597500294446945 -0.5773083567619324
2765 0.1712216138839722 0.1742515414953232 -0.5807792544364929
2766 0.1615822911262512 0.188565269112587 -0.5846474766731262
2767 0.1509207189083099 0.2026069164276123 -0.5889259576797485
2768 0.1392129510641098 0.2162803411483765 -0.5936242341995239
2769 0.1264454126358032 0.229478657245636 -0.5987477898597717
2770 0.1126171424984932 0.242085725069046 -0.6042969822883606
2771 0.09774171561002731 0.2539783418178558 -0.6102664470672607
2772 0.0818488672375679 0.2650288045406342 -0.6166442036628723
2773 0.06498587876558304 0.2751078307628632 -0.623411238193512
2774 0.04721837490797043 0.2840880155563354 -0.6305412650108337
2775 0.02863060869276524 0.291847437620163 -0.6380004286766052
2776 0.009325021877884865 0.2982734739780426 -0.6457476615905762
2777 -0.01057874970138073 0.3032665848731995 -0.6537349820137024
2778 -0.0309456791728735 0.3067438304424286 -0.6619081497192383
2779 -0.0516277477145195 0.3086423277854919 -0.6702077388763428
2780 -0.07246702164411545 0.308921754360199 -0.6785704493522644
2781 -0.09329918026924133 0.3075666427612305 -0.6869303584098816
2782 -0.1139574274420738 0.3045876920223236 -0.695220410823822
2783 -0.1342766433954239 0.300022155046463 -0.7033743858337402
2784 -0.1540975421667099 0.2939334809780121 -0.7113284468650818
2785 -0.1732706278562546 0.2864099442958832 -0.7190225124359131
2786 -0.1916599273681641 0.2775624692440033 -0.7264020442962646
2787 -0.2091461420059204 0.2675217390060425 -0.7334192395210266
2788 -0.225629135966301 0.2564346790313721 -0.740033745765686
2789 -0.2410298138856888 0.2444605529308319 -0.746213972568512
2790 -0.2552911043167114 0.2317666411399841 -0.7519369721412659
2791 -0.2683781683444977 0.2185240685939789 -0.7571887373924255
2792 -0.2802779674530029 0.2049036771059036 -0.7619640827178955
2793 -0.2909979522228241 0.1910720467567444 -0.7662659883499146
2794 -0.3005642890930176 0.1771881282329559 -0.7701049447059631
2795 -0.3090195953845978 0.1634002476930618 -0.773497998714447
2796 -0.3164202570915222 0.1498437076807022 -0.7764678597450256
2797 -0.3228337466716766 0.1366389840841293 -0.7790415287017822
2798 -0.3283356130123138 0.1238905563950539 -0.7812494039535522
2799 -0.3330068290233612 0.1116862148046494 -0.7831239700317383
2800 -0.3369309902191162 0.1000968888401985 -0.7846987247467041
2801 -0.3401920199394226 0.08917694538831711 -0.7860073447227478
2802 -0.3428720533847809 0.07896475493907928 -0.787082850933075
2803 -0.3450496196746826 0.06948354095220566 -0.787956714630127
2804 -0.346798449754715 0.06074243411421776 -0.7886584997177124
2805 -0.3481862843036652 0.05273760110139847 -0.7892153859138489
2806 -0.349274218082428 0.04545344412326813 -0.7896519899368286
2807 -0.350116491317749 0.03886378556489944 -0.7899900078773499
2808 -0.3507603108882904 0.03293304890394211 -0.7902483940124512
2809 -0.3512459993362427 0.02761735022068024 -0.7904433012008667
2810 -0.351607471704483 0.02286556176841259 -0.7905883193016052
2811 -0.3518725335597992 0.01862027682363987 -0.7906947135925293
2812 -0.3520637154579163 0.01481873448938131 -0.7907714247703552
2813 -0.3521986603736877 0.01139367278665304 -0.7908255457878113
2814 -0.3522908389568329 0.008274140767753124 -0.7908625602722168
2815 -0.3523500859737396 0.005386276170611382 -0.7908863425254822
2816 -0.3523830771446228 0.002654049778357148 -0.7908995747566223
2817 -0.3421437740325928 -0.002581212902441621 -0.8152283430099487
2818 -0.3421536386013031 3.784281157514157e-17 -0.8152326345443726
2819 -0.3421129286289215 -0.005242831539362669 -0.8152146935462952
2820 -0.3420573174953461 -0.008064523339271545 -0.8151901960372925
2821 -0.3419703543186188 -0.01112447399646044 -0.8151518702507019
2822 -0.3418422341346741 -0.01449863612651825 -0.8150954246520996
2823 -0.3416595160961151 -0.01825994998216629 -0.8150148391723633
2824 -0.3414045870304108 -0.02247754856944084 -0.8149024844169617
2825 -0.3410547971725464 -0.02721591293811798 -0.8147482872009277
2826 -0.3405821025371552 -0.03253398463129997 -0.8145399689674377
2827 -0.3399522304534912 -0.03848421201109886 -0.814262330532074
2828 -0.3391242921352386 -0.04511153697967529 -0.8138973712921143
2829 -0.3380503356456757 -0.05245229974389076 -0.8134239912033081
2830 -0.336675226688385 -0.0605330727994442 -0.8128178715705872
2831 -0.334936648607254 -0.06936944276094437 -0.81205153465271
2832 -0.332765519618988 -0.07896475493907928 -0.8110945224761963
2833 -0.3300866484642029 -0.08930885791778564 -0.809913694858551
2834 -0.326819896697998 -0.1003768965601921 -0.8084737658500671
2835 -0.3228814601898193 -0.1121282503008842 -0.8067377805709839
2836 -0.3181858658790588 -0.1245056018233299 -0.8046680092811584
2837 -0.3126480281352997 -0.1374343633651733 -0.8022270202636719
2838 -0.3061858713626862 -0.1508224159479141 -0.7993786334991455
2839 -0.2987230718135834 -0.1645602881908417 -0.7960891127586365
2840 -0.2901918590068817 -0.1785219460725784 -0.7923287153244019
2841 -0.2805362641811371 -0.1925660520792007 -0.7880726456642151
2842 -0.2697146832942963 -0.2065380215644836 -0.7833026647567749
2843 -0.2577029168605804 -0.2202724814414978 -0.7780081033706665
2844 -0.24449622631073 -0.233596608042717 -0.7721867561340332
2845 -0.2301112562417984 -0.2463337033987045 -0.7658461332321167
2846 -0.2145872116088867 -0.2583074867725372 -0.7590033411979675
2847 -0.1979862302541733 -0.2693463563919067 -0.7516859173774719
2848 -0.1803930848836899 -0.2792880535125732 -0.7439311146736145
2849 -0.1619139164686203 -0.2879839837551117 -0.7357857823371887
2850 -0.1426741927862167 -0.2953033447265625 -0.7273051738739014
2851 -0.1228159740567207 -0.3011367321014404 -0.7185519933700562
2852 -0.102494440972805 -0.305399090051651 -0.7095946073532104
2853 -0.08187399059534073 -0.3080318868160248 -0.7005053758621216
2854 -0.06112400069832802 -0.3090042173862457 -0.6913591027259827
2855 -0.04041444510221481 -0.3083131015300751 -0.6822306513786316
2856 -0.0199116300791502 -0.305982768535614 -0.6731933355331421
2857 0.0002258360327687114 -0.30206298828125 -0.6643170714378357
2858 0.01985063590109348 -0.2966266572475433 -0.6556667685508728
2859 0.03882978111505508 -0.2897667586803436 -0.6473010182380676
2860 0.05704694241285324 -0.2815926074981689 -0.6392711997032166
2861 0.07440408319234848 -0.2722261548042297 -0.6316204071044922
2862 0.09082239121198654 -0.2617977261543274 -0.6243835091590881
2863 0.106242410838604 -0.250442236661911 -0.617586612701416
2864 0.1206236258149147 -0.2382951378822327 -0.6112475395202637
2865 0.1339433640241623 -0.2254891991615295 -0.6053764224052429
2866 0.1461952924728394 -0.2121512293815613 -0.5999759435653687
2867 0.1573875248432159 -0.198399618268013 -0.5950425863265991
2868 0.1675404906272888 -0.1843422800302505 -0.5905672907829285
2869 0.1766847670078278 -0.1700751185417175 -0.5865366458892822
2870 0.1848585903644562 -0.1556810289621353 -0.582933783531189
2871 0.1921057105064392 -0.1412294805049896 -0.5797393321990967
2872 0.198473185300827 -0.1267763078212738 -0.5769326686859131
2873 0.2040093541145325 -0.1123641356825829 -0.5744923949241638
2874 0.2087620496749878 -0.09802299737930298 -0.5723974704742432
2875 0.2127770185470581 -0.08377119898796082 -0.570627748966217
2876 0.2160964906215668 -0.06961648166179657 -0.5691645741462708
2877 0.2187580466270447 -0.05555728450417519 -0.5679914355278015
2878 0.2207936346530914 -0.04158415272831917 -0.5670941472053528
2879 0.2222288548946381 -0.02768123149871826 -0.5664615035057068
2880 0.223082423210144 -0.01382782869040966 -0.5660852789878845
2881 0.2233656644821167 0 -0.5659604668617249
2882 0.223082423210144 0.01382782869040966 -0.5660852789878845
2883 0.2222288548946381 0.02768123149871826 -0.5664615035057068
2884 0.2207936346530914 0.04158415272831917 -0.5670941472053528
2885 0.2187580466270447 0.05555728450417519 -0.5679914355278015
2886 0.2160964906215668 0.06961648166179657 -0.5691645741462708
2887 0.2127770185470581 0.08377119898796082 -0.570627748966217
2888 0.2087620496749878 0.09802299737930298 -0.5723974704742432
2889 0.2040093541145325 0.1123641356825829 -0.5744923949241638
2890 0.198473185300827 0.1267763078212738 -0.5769326686859131
2891 0.1921057105064392 0.1412294805049896 -0.5797393321990967
2892 0.1848585903644562 0.1556810289621353 -0.582933783531189
2893 0.1766847670078278 0.1700751185417175 -0.5865366458892822
2894 0.1675404906272888 0.1843422800302505 -0.5905672907829285
2895 0.1573875248432159 0.198399618268013 -0.5950425863265991
2896 0.1461952924728394 0.2121512293815613 -0.5999759435653687
2897 0.1339433640241623 0.2254891991615295 -0.6053764224052429
2898 0.1206236258149147 0.2382951378822327 -0.6112475395202637
2899 0.106242410838604 0.250442236661911 -0.617586612701416
2900 0.09082239121198654 0.2617977261543274 -0.6243835091590881
2901 0.07440408319234848 0.2722261548042297 -0.6316204071044922
2902 0.05704694241285324 0.2815926074981689 -0.6392711997032166
2903 0.03882978111505508 0.2897667586803436 -0.6473010182380676
2904 0.01985063590109348 0.2966266572475433 -0.6556667685508728
2905 0.0002258360327687114 0.30206298828125 -0.6643170714378357
2906 -0.0199116300791502 0.305982768535614 -0.6731933355331421
2907 -0.04041444510221481 0.3083131015300751 -0.6822306513786316
2908 -0.06112400069832802 0.3090042173862457 -0.6913591027259827
2909 -0.08187399059534073 0.3080318868160248 -0.7005053758621216
2910 -0.102494440972805 0.305399090051651 -0.7095946073532104
2911 -0.1228159740567207 0.3011367321014404 -0.7185519933700562
2912 -0.1426741927862167 0.2953033447265625 -0.7273051738739014
2913 -0.1619139164686203 0.2879839837551117 -0.7357857823371887
2914 -0.1803930848836899 0.2792880535125732 -0.7439311146736145
2915 -0.1979862302541733 0.2693463563919067 -0.7516859173774719
2916 -0.2145872116088867 0.2583074867725372 -0.7590033411979675
2917 -0.2301112562417984 0.2463337033987045 -0.7658461332321167
2918 -0.24449622631073 0.233596608042717 -0.7721867561340332
2919 -0.2577029168605804 0.2202724814414978 -0.7780081033706665
2920 -0.2697146832942963 0.2065380215644836 -0.7833026647567749
2921 -0.2805362641811371 0.1925660520792007 -0.7880726456642151
2922 -0.2901918590068817 0.1785219460725784 -0.7923287153244019
2923 -0.2987230718135834 0.1645602881908417 -0.7960891127586365
2924 -0.3061858713626862 0.1508224159479141 -0.7993786334991455
2925 -0.3126480281352997 0.1374343633651733 -0.8022270202636719
2926 -0.3181858658790588 0.1245056018233299 -0.8046680092811584
2927 -0.3228814601898193 0.1121282503008842 -0.8067377805709839
2928 -0.326819896697998 0.1003768965601921 -0.8084737658500671
2929 -0.3300866484642029 0.08930885791778564 -0.809913694858551
2930 -0.332765519618988 0.07896475493907928 -0.8110945224761963
2931 -0.334936648607254 0.06936944276094437 -0.81205153465271
2932 -0.336675226688385 0.0605330727994442 -0.8128178715705872
2933 -0.3380503356456757 0.05245229974389076 -0.8134239912033081
2934 -0.3391242921352386 0.04511153697967529 -0.8138973712921143
2935 -0.3399522304534912 0.03848421201109886 -0.814262330532074
2936 -0.3405821025371552 0.03253398463129997 -0.8145399689674377
2937 -0.3410547971725464 0.02721591293811798 -0.8147482872009277
2938 -0.3414045870304108 0.02247754856944084 -0.8149024844169617
2939 -0.3416595160961151 0.01825994998216629 -0.8150148391723633
2940 -0.3418422341346741 0.01449863612651825 -0.8150954246520996
2941 -0.3419703543186188 0.01112447399646044 -0.8151518702507019
2942 -0.3420573174953461 0.008064523339271545 -0.8151901960372925
2943 -0.3421129286289215 0.005242831539362669 -0.8152146935462952
2944 -0.3421437740325928 0.002581212902441621 -0.8152283430099487
2945 -0.3307894766330719 -0.002516332315281034 -0.8398323059082031
2946 -0.3307987153530121 3.784281157514157e-17 -0.8398367762565613
2947 -0.3307605683803558 -0.005115054547786713 -0.8398183584213257
2948 -0.3307082653045654 -0.007877799682319164 -0.8397930860519409
2949 -0.3306260108947754 -0.01088467426598072 -0.8397533893585205
2950 -0.3305041491985321 -0.0142134902998805 -0.839694619178772
2951 -0.3303293585777283 -0.01793896406888962 -0.8396102786064148
2952 -0.3300839960575104 -0.02213189005851746 -0.8394918441772461
2953 -0.3297455012798309 -0.02685828693211079 -0.8393285274505615
2954 -0.3292856514453888 -0.03217846155166626 -0.8391066193580627
2955 -0.3286700546741486 -0.03814604505896568 -0.8388095498085022
2956 -0.3278574645519257 -0.04480692744255066 -0.8384174108505249
2957 -0.3267994225025177 -0.05219812318682671 -0.8379068970680237
2958 -0.3254401683807373 -0.06034655496478081 -0.8372509479522705
2959 -0.3237165808677673 -0.06926780194044113 -0.8364192247390747
2960 -0.3215585947036743 -0.07896475493907928 -0.8353778719902039
2961 -0.3188900351524353 -0.08942633867263794 -0.8340901136398315
2962 -0.3156295120716095 -0.1006262451410294 -0.8325167298316956
2963 -0.3116921186447144 -0.1125217750668526 -0.8306167125701904
2964 -0.3069912493228912 -0.1250529587268829 -0.8283482789993286
2965 -0.3014408946037292 -0.1381419003009796 -0.8256698846817017
2966 -0.2949581742286682 -0.1516925394535065 -0.8225415945053101
2967 -0.2874663770198822 -0.1655908972024918 -0.8189263939857483
2968 -0.2788977921009064 -0.1797058582305908 -0.8147915601730347
2969 -0.2691968977451324 -0.193890705704689 -0.8101102709770203
2970 -0.2583233714103699 -0.2079851031303406 -0.8048631548881531
2971 -0.2462546974420547 -0.2218179404735565 -0.799039363861084
2972 -0.2329887002706528 -0.2352107465267181 -0.7926377058029175
2973 -0.2185451537370682 -0.2479816079139709 -0.785667896270752
2974 -0.2029670625925064 -0.2599496245384216 -0.7781505584716797
2975 -0.1863209158182144 -0.270939439535141 -0.7701178193092346
2976 -0.1686961799860001 -0.2807861864566803 -0.7616128325462341
2977 -0.1502039730548859 -0.2893399000167847 -0.7526892423629761
2978 -0.1309747993946075 -0.2964698076248169 -0.743410050868988
2979 -0.1111555173993111 -0.3020681738853455 -0.733846127986908
2980 -0.09090577065944672 -0.3060530424118042 -0.7240744233131409
2981 -0.07039377838373184 -0.308370441198349 -0.7141761779785156
2982 -0.04979192838072777 -0.308995395898819 -0.7042346000671387
2983 -0.02927225641906261 -0.3079320788383484 -0.6943326592445374
2984 -0.009002042934298515 -0.3052127063274384 -0.6845510601997375
2985 0.01086029596626759 -0.3008956909179688 -0.6749663352966309
2986 0.03016879595816135 -0.2950629889965057 -0.665648877620697
2987 0.04879290610551834 -0.2878164947032928 -0.6566616296768188
2988 0.06661985069513321 -0.2792743742465973 -0.6480591297149658
2989 0.08355603367090225 -0.2695667445659637 -0.6398864388465881
2990 0.09952779859304428 -0.2588313519954681 -0.6321790814399719
2991 0.1144814416766167 -0.2472095638513565 -0.624963104724884
2992 0.1283825933933258 -0.2348422855138779 -0.6182549595832825
2993 0.1412148624658585 -0.2218663841485977 -0.6120626926422119
2994 0.1529782116413116 -0.208411693572998 -0.6063861846923828
2995 0.1636869013309479 -0.194598376750946 -0.601218581199646
2996 0.1733672618865967 -0.1805349588394165 -0.5965472459793091
2997 0.1820552349090576 -0.1663169115781784 -0.5923547744750977
2998 0.1897939741611481 -0.1520257443189621 -0.5886204242706299
2999 0.1966316699981689 -0.1377286463975906 -0.5853208303451538
3000 0.2026192247867584 -0.1234784796833992 -0.5824314951896667
3001 0.2078082263469696 -0.1093142926692963 -0.5799275040626526
3002 0.2122492492198944 -0.09526200592517853 -0.5777844190597534
3003 0.2159903049468994 -0.08133546262979507 -0.5759791135787964
3004 0.2190754115581512 -0.06753762066364288 -0.5744903683662415
3005 0.221543550491333 -0.05386191979050636 -0.5732994079589844
3006 0.2234277129173279 -0.04029373452067375 -0.5723901391029358
3007 0.224754273891449 -0.02681193500757217 -0.5717500448226929
3008 0.225542426109314 -0.01339047029614449 -0.5713697075843811
3009 0.2258038520812988 0 -0.5712435245513916
3010 0.225542426109314 0.01339047029614449 -0.5713697075843811
3011 0.224754273891449 0.02681193500757217 -0.5717500448226929
3012 0.2234277129173279 0.04029373452067375 -0.5723901391029358
3013 0.221543550491333 0.05386191979050636 -0.5732994079589844
3014 0.2190754115581512 0.06753762066364288 -0.5744903683662415
3015 0.2159903049468994 0.08133546262979507 -0.5759791135787964
3016 0.2122492492198944 0.09526200592517853 -0.5777844190597534
3017 0.2078082263469696 0.1093142926692963 -0.5799275040626526
3018 0.2026192247867584 0.1234784796833992 -0.5824314951896667
3019 0.1966316699981689 0.1377286463975906 -0.5853208303451538
3020 0.1897939741611481 0.1520257443189621 -0.5886204242706299
3021 0.1820552349090576 0.1663169115781784 -0.5923547744750977
3022 0.1733672618865967 0.1805349588394165 -0.5965472459793091
3023 0.1636869013309479 0.194598376750946 -0.601218581199646
3024 0.1529782116413116 0.208411693572998 -0.6063861846923828
3025 0.1412148624658585 0.2218663841485977 -0.6120626926422119
3026 0.1283825933933258 0.2348422855138779 -0.6182549595832825
3027 0.1144814416766167 0.2472095638513565 -0.624963104724884
3028 0.09952779859304428 0.2588313519954681 -0.6321790814399719
3029 0.08355603367090225 0.2695667445659637 -0.6398864388465881
3030 0.06661985069513321 0.2792743742465973 -0.6480591297149658
3031 0.04879290610551834 0.2878164947032928 -0.6566616296768188
3032 0.03016879595816135 0.2950629889965057 -0.665648877620697
3033 0.01086029596626759 0.3008956909179688 -0.6749663352966309
3034 -0.009002042934298515 0.3052127063274384 -0.6845510601997375
3035 -0.02927225641906261 0.3079320788383484 -0.6943326592445374
3036 -0.04979192838072777 0.308995395898819 -0.7042346000671387
3037 -0.07039377838373184 0.308370441198349 -0.7141761779785156
3038 -0.09090577065944672 0.3060530424118042 -0.7240744233131409
3039 -0.1111555173993111 0.3020681738853455 -0.733846127986908
3040 -0.1309747993946075 0.2964698076248169 -0.743410050868988
3041 -0.1502039730548859 0.2893399000167847 -0.7526892423629761
3042 -0.1686961799860001 0.2807861864566803 -0.7616128325462341
3043 -0.1863209158182144 0.270939439535141 -0.7701178193092346
3044 -0.2029670625925064 0.2599496245384216 -0.7781505584716797
3045 -0.2185451537370682 0.2479816079139709 -0.785667896270752
3046 -0.2329887002706528 0.2352107465267181 -0.7926377058029175
3047 -0.2462546974420547 0.2218179404735565 -0.799039363861084
3048 -0.2583233714103699 0.2079851031303406 -0.8048631548881531
3049 -0.2691968977451324 0.193890705704689 -0.8101102709770203
3050 -0.2788977921009064 0.1797058582305908 -0.8147915601730347
3051 -0.2874663770198822 0.1655908972024918 -0.8189263939857483
3052 -0.2949581742286682 0.1516925394535065 -0.8225415945053101
3053 -0.3014408946037292 0.1381419003009796 -0.8256698846817017
3054 -0.3069912493228912 0.1250529587268829 -0.8283482789993286
3055 -0.3116921186447144 0.1125217750668526 -0.8306167125701904
3056 -0.3156295120716095 0.1006262451410294 -0.8325167298316956
3057 -0.3188900351524353 0.08942633867263794 -0.8340901136398315
3058 -0.3215585947036743 0.07896475493907928 -0.8353778719902039
3059 -0.3237165808677673 0.06926780194044113 -0.8364192247390747
3060 -0.3254401683807373 0.06034655496478081 -0.8372509479522705
3061 -0.3267994225025177 0.05219812318682671 -0.8379068970680237
3062 -0.3278574645519257 0.04480692744255066 -0.8384174108505249
3063 -0.3286700546741486 0.03814604505896568 -0.8388095498085022
3064 -0.3292856514453888 0.03217846155166626 -0.8391066193580627
3065 -0.3297455012798309 0.02685828693211079 -0.8393285274505615
3066 -0.3300839960575104 0.02213189005851746 -0.8394918441772461
3067 -0.3303293585777283 0.01793896406888962 -0.8396102786064148
3068 -0.3305041491985321 0.0142134902998805 -0.839694619178772
3069 -0.3306260108947754 0.01088467426598072 -0.8397533893585205
3070 -0.3307082653045654 0.007877799682319164 -0.8397930860519409
3071 -0.3307605683803558 0.005115054547786713 -0.8398183584213257
3072 -0.3307894766330719 0.002516332315281034 -0.8398323059082031
3073 -0.31829833984375 -0.002457758411765099 -0.8645942211151123
3074 -0.3183069825172424 3.784281157514157e-17 -0.8645987510681152
3075 -0.3182711899280548 -0.004999698605388403 -0.8645799160003662
3076 -0.3182218968868256 -0.007709224242717028 -0.8645539283752441
3077 -0.3181440234184265 -0.01066817995160818 -0.8645129203796387
3078 -0.3180280029773712 -0.01395605318248272 -0.8644518256187439
3079 -0.3178606927394867 -0.01764916256070137 -0.8643636703491211
3080 -0.3176245391368866 -0.02181980945169926 -0.8642392754554749
3081 -0.317297101020813 -0.0265353936702013 -0.8640667796134949
3082 -0.3168501853942871 -0.03185746446251869 -0.8638313412666321
3083 -0.3162493109703064 -0.03784071654081345 -0.8635148406028748
3084 -0.3154531121253967 -0.04453189298510551 -0.8630954027175903
3085 -0.314412921667099 -0.05196862295269966 -0.8625474572181702
3086 -0.3130725026130676 -0.06017814949154854 -0.8618413805961609
3087 -0.311368316411972 -0.06917603313922882 -0.860943615436554
3088 -0.3092297315597534 -0.07896475493907928 -0.8598170876502991
3089 -0.3065797984600067 -0.08953239768743515 -0.8584211468696594
3090 -0.3033364713191986 -0.1008512824773788 -0.8567126393318176
3091 -0.2994140684604645 -0.112876869738102 -0.8546463847160339
3092 -0.2947253286838531 -0.1255467087030411 -0.8521764874458313
3093 -0.289183646440506 -0.1387798935174942 -0.849257230758667
3094 -0.2827058434486389 -0.1524767279624939 -0.8458448648452759
3095 -0.2752150297164917 -0.1665190905332565 -0.8418989181518555
3096 -0.2666438519954681 -0.1807712912559509 -0.8373838067054749
3097 -0.2569375038146973 -0.1950815618038177 -0.8322706818580627
3098 -0.2460567504167557 -0.2092843949794769 -0.8265389800071716
3099 -0.2339809089899063 -0.2232034057378769 -0.8201777338981628
3100 -0.2207100093364716 -0.2366549968719482 -0.8131868839263916
3101 -0.2062666416168213 -0.2494525164365768 -0.8055784702301025
3102 -0.1906970590353012 -0.2614108622074127 -0.7973767518997192
3103 -0.1740714013576508 -0.2723514437675476 -0.7886187434196472
3104 -0.1564830839633942 -0.2821069657802582 -0.7793536186218262
3105 -0.1380472481250763 -0.290526419878006 -0.7696419954299927
3106 -0.118898369371891 -0.2974792420864105 -0.7595548033714294
3107 -0.09918708354234695 -0.3028592765331268 -0.7491713762283325
3108 -0.07907632738351822 -0.3065875768661499 -0.7385774850845337
3109 -0.05873704329133034 -0.308614581823349 -0.7278631925582886
3110 -0.03834357112646103 -0.3089208602905273 -0.7171204090118408
3111 -0.01806901954114437 -0.3075171411037445 -0.7064402103424072
3112 0.00191922637168318 -0.3044431209564209 -0.6959108710289001
3113 0.02146364934742451 -0.2997651696205139 -0.6856153011322021
3114 0.04042018204927444 -0.293573409318924 -0.6756294369697571
3115 0.05866114050149918 -0.2859779894351959 -0.6660205125808716
3116 0.0760774239897728 -0.277104914188385 -0.6568459868431091
3117 0.09257981926202774 -0.267091691493988 -0.6481528878211975
3118 0.108099676668644 -0.2560827434062958 -0.6399773955345154
3119 0.1225886568427086 -0.2442250400781631 -0.6323449611663818
3120 0.1360179632902145 -0.2316641807556152 -0.625270664691925
3121 0.1483768373727798 -0.21854068338871 -0.6187602877616882
3122 0.1596707999706268 -0.2049868106842041 -0.6128109097480774
3123 0.1699194014072418 -0.1911241412162781 -0.6074121594429016
3124 0.1791538894176483 -0.1770615726709366 -0.6025476455688477
3125 0.1874147355556488 -0.162893995642662 -0.5981960296630859
3126 0.194749116897583 -0.148701474070549 -0.5943324565887451
3127 0.2012086808681488 -0.1345490366220474 -0.5909296870231628
3128 0.2068473398685455 -0.1204867735505104 -0.587959349155426
3129 0.2117191851139069 -0.1065504103899002 -0.585392951965332
3130 0.2158767879009247 -0.09276215732097626 -0.5832028388977051
3131 0.2193697690963745 -0.07913181930780411 -0.5813628435134888
3132 0.2222433090209961 -0.0656580775976181 -0.5798491239547729
3133 0.2245373129844666 -0.05232992023229599 -0.5786406993865967
3134 0.2262854874134064 -0.0391281433403492 -0.5777197480201721
3135 0.2275146543979645 -0.02602695673704147 -0.5770722627639771
3136 0.2282442450523376 -0.01299560442566872 -0.5766879320144653
3137 0.2284861207008362 0 -0.5765605568885803
3138 0.2282442450523376 0.01299560442566872 -0.5766879320144653
3139 0.2275146543979645 0.02602695673704147 -0.5770722627639771
3140 0.2262854874134064 0.0391281433403492 -0.5777197480201721
3141 0.2245373129844666 0.05232992023229599 -0.5786406993865967
3142 0.2222433090209961 0.0656580775976181 -0.5798491239547729
3143 0.2193697690963745 0.07913181930780411 -0.5813628435134888
3144 0.2158767879009247 0.09276215732097626 -0.5832028388977051
3145 0.2117191851139069 0.1065504103899002 -0.585392951965332
3146 0.2068473398685455 0.1204867735505104 -0.587959349155426
3147 0.2012086808681488 0.1345490366220474 -0.5909296870231628
3148 0.194749116897583 0.148701474070549 -0.5943324565887451
3149 0.1874147355556488 0.162893995642662 -0.5981960296630859
3150 0.1791538894176483 0.1770615726709366 -0.6025476455688477
3151 0.1699194014072418 0.1911241412162781 -0.6074121594429016
3152 0.1596707999706268 0.2049868106842041 -0.6128109097480774
3153 0.1483768373727798 0.21854068338871 -0.6187602877616882
3154 0.1360179632902145 0.2316641807556152 -0.625270664691925
3155 0.1225886568427086 0.2442250400781631 -0.6323449611663818
3156 0.108099676668644 0.2560827434062958 -0.6399773955345154
3157 0.09257981926202774 0.267091691493988 -0.6481528878211975
3158 0.0760774239897728 0.277104914188385 -0.6568459868431091
3159 0.05866114050149918 0.2859779894351959 -0.6660205125808716
3160 0.04042018204927444 0.293573409318924 -0.6756294369697571
3161 0.02146364934742451 0.2997651696205139 -0.6856153011322021
3162 0.00191922637168318 0.3044431209564209 -0.6959108710289001
3163 -0.01806901954114437 0.3075171411037445 -0.7064402103424072
3164 -0.03834357112646103 0.3089208602905273 -0.7171204090118408
3165 -0.05873704329133034 0.308614581823349 -0.7278631925582886
3166 -0.07907632738351822 0.3065875768661499 -0.7385774850845337
3167 -0.09918708354234695 0.3028592765331268 -0.7491713762283325
3168 -0.118898369371891 0.2974792420864105 -0.7595548033714294
3169 -0.1380472481250763 0.290526419878006 -0.7696419954299927
3170 -0.1564830839633942 0.2821069657802582 -0.7793536186218262
3171 -0.1740714013576508 0.2723514437675476 -0.7886187434196472
3172 -0.1906970590353012 0.2614108622074127 -0.7973767518997192
3173 -0.2062666416168213 0.2494525164365768 -0.8055784702301025
3174 -0.2207100093364716 0.2366549968719482 -0.8131868839263916
3175 -0.2339809089899063 0.2232034057378769 -0.8201777338981628
3176 -0.2460567504167557 0.2092843949794769 -0.8265389800071716
3177 -0.2569375038146973 0.1950815618038177 -0.8322706818580627
3178 -0.2666438519954681 0.1807712912559509 -0.8373838067054749
3179 -0.2752150297164917 0.1665190905332565 -0.8418989181518555
3180 -0.2827058434486389 0.1524767279624939 -0.8458448648452759
3181 -0.289183646440506 0.1387798935174942 -0.849257230758667
3182 -0.2947253286838531 0.1255467087030411 -0.8521764874458313
3183 -0.2994140684604645 0.112876869738102 -0.8546463847160339
3184 -0.3033364713191986 0.1008512824773788 -0.8567126393318176
3185 -0.3065797984600067 0.08953239768743515 -0.8584211468696594
3186 -0.3092297315597534 0.07896475493907928 -0.8598170876502991
3187 -0.311368316411972 0.06917603313922882 -0.860943615436554
3188 -0.3130725026130676 0.06017814949154854 -0.8618413805961609
3189 -0.314412921667099 0.05196862295269966 -0.8625474572181702
3190 -0.3154531121253967 0.04453189298510551 -0.8630954027175903
3191 -0.3162493109703064 0.03784071654081345 -0.8635148406028748
3192 -0.3168501853942871 0.03185746446251869 -0.8638313412666321
3193 -0.317297101020813 0.0265353936702013 -0.8640667796134949
3194 -0.3176245391368866 0.02181980945169926 -0.8642392754554749
3195 -0.3178606927394867 0.01764916256070137 -0.8643636703491211
3196 -0.3180280029773712 0.01395605318248272 -0.8644518256187439
3197 -0.3181440234184265 0.01066817995160818 -0.8645129203796387
3198 -0.3182218968868256 0.007709224242717028 -0.8645539283752441
3199 -0.3182711899280548 0.004999698605388403 -0.8645799160003662
3200 -0.31829833984375 0.002457758411765099 -0.8645942211151123
3201 -0.3046590685844421 -0.002400718629360199 -0.8893950581550598
3202 -0.3046671748161316 3.784281157514157e-17 -0.8893996477127075
3203 -0.3046336472034454 -0.004887362942099571 -0.8893804550170898
3204 -0.3045872449874878 -0.007545062340795994 -0.8893538117408752
3205 -0.3045136332511902 -0.01045735087245703 -0.8893116116523743
3206 -0.3044033944606781 -0.0137053495272994 -0.8892483711242676
3207 -0.3042435050010681 -0.01736693829298019 -0.8891566395759583
3208 -0.3040166199207306 -0.02151588164269924 -0.8890265226364136
3209 -0.3037004470825195 -0.02622092887759209 -0.8888451457023621
3210 -0.3032668828964233 -0.03154484182596207 -0.8885964155197144
3211 -0.3026815056800842 -0.03754334524273872 -0.8882606625556946
3212 -0.3019029498100281 -0.04426402598619461 -0.8878140449523926
3213 -0.3008823692798615 -0.05174510553479195 -0.8872286081314087
3214 -0.2995634377002716 -0.06001413613557816 -0.8864719867706299
3215 -0.2978822290897369 -0.06908665597438812 -0.8855075836181641
3216 -0.2957677245140076 -0.07896475493907928 -0.8842946887016296
3217 -0.293142557144165 -0.08963565528392792 -0.8827887773513794
3218 -0.2899242043495178 -0.101070374250412 -0.8809426426887512
3219 -0.2860264778137207 -0.1132224947214127 -0.8787067532539368
3220 -0.2813616991043091 -0.1260271668434143 -0.8760309219360352
3221 -0.2758429646492004 -0.139400452375412 -0.8728652000427246
3222 -0.2693869769573212 -0.1532391309738159 -0.86916184425354
3223 -0.2619169950485229 -0.1674209535121918 -0.8648768067359924
3224 -0.2533660531044006 -0.1818056702613831 -0.8599717020988464
3225 -0.2436801791191101 -0.1962366253137589 -0.8544155955314636
3226 -0.232821524143219 -0.2105431258678436 -0.848186731338501
3227 -0.2207710295915604 -0.2245436310768127 -0.8412742018699646
3228 -0.2075309604406357 -0.2380495071411133 -0.8336792588233948
3229 -0.1931265443563461 -0.250869482755661 -0.8254164457321167
3230 -0.1776070892810822 -0.2628143727779388 -0.8165139555931091
3231 -0.1610460579395294 -0.2737024128437042 -0.8070140480995178
3232 -0.1435403972864151 -0.2833641171455383 -0.7969722151756287
3233 -0.1252088248729706 -0.2916474640369415 -0.7864566445350647
3234 -0.1061892434954643 -0.2984222769737244 -0.7755464315414429
3235 -0.08663543313741684 -0.303584098815918 -0.764329731464386
3236 -0.06671303510665894 -0.3070571422576904 -0.7529016137123108
3237 -0.04659502953290939 -0.3087961971759796 -0.7413612604141235
3238 -0.02645706944167614 -0.3087875247001648 -0.7298094630241394
3239 -0.006472697947174311 -0.3070484697818756 -0.7183458209037781
3240 0.01319119520485401 -0.3036260604858398 -0.7070659995079041
3241 0.03237851709127426 -0.2985945343971252 -0.69605952501297
3242 0.05094756931066513 -0.2920521795749664 -0.6854076981544495
3243 0.06877385824918747 -0.2841170728206635 -0.6751819849014282
3244 0.0857522264122963 -0.2749229967594147 -0.6654426455497742
3245 0.1017980501055717 -0.2646145224571228 -0.6562382578849792
3246 0.1168476715683937 -0.2533424198627472 -0.647605299949646
3247 0.1308580935001373 -0.2412590980529785 -0.6395685076713562
3248 0.1438058614730835 -0.2285145819187164 -0.6321412324905396
3249 0.1556856632232666 -0.2152526527643204 -0.6253266334533691
3250 0.1665081977844238 -0.2016078382730484 -0.6191184520721436
3251 0.1762979030609131 -0.1877028793096542 -0.6135028004646301
3252 0.1850904822349548 -0.1736468523740768 -0.6084590554237366
3253 0.1929304897785187 -0.159533903002739 -0.6039618253707886
3254 0.1998685896396637 -0.1454426050186157 -0.5999818444252014
3255 0.2059594690799713 -0.1314357221126556 -0.5964879393577576
3256 0.2112594544887543 -0.1175605654716492 -0.5934476852416992
3257 0.2158246636390686 -0.1038495823740959 -0.5908289551734924
3258 0.2197092771530151 -0.09032134711742401 -0.5886006355285645
3259 0.2229640483856201 -0.07698174566030502 -0.5867335796356201
3260 0.2256350219249725 -0.06382531672716141 -0.5852014422416687
3261 0.227762758731842 -0.05083676800131798 -0.5839808583259583
3262 0.2293812930583954 -0.03799253329634666 -0.5830524563789368
3263 0.2305176854133606 -0.02526237629354 -0.5824005603790283
3264 0.2311916053295135 -0.01261106040328741 -0.5820139646530151
3265 0.2314149141311646 0 -0.5818858742713928
3266 0.2311916053295135 0.01261106040328741 -0.5820139646530151
3267 0.2305176854133606 0.02526237629354 -0.5824005603790283
3268 0.2293812930583954 0.03799253329634666 -0.5830524563789368
3269 0.227762758731842 0.05083676800131798 -0.5839808583259583
3270 0.2256350219249725 0.06382531672716141 -0.5852014422416687
3271 0.2229640483856201 0.07698174566030502 -0.5867335796356201
3272 0.2197092771530151 0.09032134711742401 -0.5886006355285645
3273 0.2158246636390686 0.1038495823740959 -0.5908289551734924
3274 0.2112594544887543 0.1175605654716492 -0.5934476852416992
3275 0.2059594690799713 0.1314357221126556 -0.5964879393577576
3276 0.1998685896396637 0.1454426050186157 -0.5999818444252014
3277 0.1929304897785187 0.159533903002739 -0.6039618253707886
3278 0.1850904822349548 0.1736468523740768 -0.6084590554237366
3279 0.1762979030609131 0.1877028793096542 -0.6135028004646301
3280 0.1665081977844238 0.2016078382730484 -0.6191184520721436
3281 0.1556856632232666 0.2152526527643204 -0.6253266334533691
3282 0.1438058614730835 0.2285145819187164 -0.6321412324905396
3283 0.1308580935001373 0.2412590980529785 -0.6395685076713562
3284 0.1168476715683937 0.2533424198627472 -0.647605299949646
3285 0.1017980501055717 0.2646145224571228 -0.6562382578849792
3286 0.0857522264122963 0.2749229967594147 -0.6654426455497742
3287 0.06877385824918747 0.2841170728206635 -0.6751819849014282
3288 0.05094756931066513 0.2920521795749664 -0.6854076981544495
3289 0.03237851709127426 0.2985945343971252 -0.69605952501297
3290 0.01319119520485401 0.3036260604858398 -0.7070659995079041
3291 -0.006472697947174311 0.3070484697818756 -0.7183458209037781
3292 -0.02645706944167614 0.3087875247001648 -0.7298094630241394
3293 -0.04659502953290939 0.3087961971759796 -0.7413612604141235
3294 -0.06671303510665894 0.3070571422576904 -0.7529016137123108
3295 -0.08663543313741684 0.303584098815918 -0.764329731464386
3296 -0.1061892434954643 0.2984222769737244 -0.7755464315414429
3297 -0.1252088248729706 0.2916474640369415 -0.7864566445350647
3298 -0.1435403972864151 0.2833641171455383 -0.7969722151756287
3299 -0.1610460579395294 0.2737024128437042 -0.8070140480995178
3300 -0.1776070892810822 0.2628143727779388 -0.8165139555931091
3301 -0.1931265443563461 0.250869482755661 -0.8254164457321167
3302 -0.2075309604406357 0.2380495071411133 -0.8336792588233948
3303 -0.2207710295915604 0.2245436310768127 -0.8412742018699646
3304 -0.232821524143219 0.2105431258678436 -0.848186731338501
3305 -0.2436801791191101 0.1962366253137589 -0.8544155955314636
3306 -0.2533660531044006 0.1818056702613831 -0.8599717020988464
3307 -0.2619169950485229 0.1674209535121918 -0.8648768067359924
3308 -0.2693869769573212 0.1532391309738159 -0.86916184425354
3309 -0.2758429646492004 0.139400452375412 -0.8728652000427246
3310 -0.2813616991043091 0.1260271668434143 -0.8760309219360352
3311 -0.2860264778137207 0.1132224947214127 -0.8787067532539368
3312 -0.2899242043495178 0.101070374250412 -0.8809426426887512
3313 -0.293142557144165 0.08963565528392792 -0.8827887773513794
3314 -0.2957677245140076 0.07896475493907928 -0.8842946887016296
3315 -0.2978822290897369 0.06908665597438812 -0.8855075836181641
3316 -0.2995634377002716 0.06001413613557816 -0.8864719867706299
3317 -0.3008823692798615 0.05174510553479195 -0.8872286081314087
3318 -0.3019029498100281 0.04426402598619461 -0.8878140449523926
3319 -0.3026815056800842 0.03754334524273872 -0.8882606625556946
3320 -0.3032668828964233 0.03154484182596207 -0.8885964155197144
3321 -0.3037004470825195 0.02622092887759209 -0.8888451457023621
3322 -0.3040166199207306 0.02151588164269924 -0.8890265226364136
3323 -0.3042435050010681 0.01736693829298019 -0.8891566395759583
3324 -0.3044033944606781 0.0137053495272994 -0.8892483711242676
3325 -0.3045136332511902 0.01045735087245703 -0.8893116116523743
3326 -0.3045872449874878 0.007545062340795994 -0.8893538117408752
3327 -0.3046336472034454 0.004887362942099571 -0.8893804550170898
3328 -0.3046590685844421 0.002400718629360199 -0.8893950581550598
3329 -0.2898715436458588 -0.002349721733480692 -0.9141151309013367
3330 -0.2898791134357452 3.784281157514157e-17 -0.9141198992729187
3331 -0.2898476719856262 -0.004786928184330463 -0.9141002297401428
3332 -0.2898039519786835 -0.007398291025310755 -0.9140729904174805
3333 -0.289734274148941 -0.010268853046 -0.914029598236084
3334 -0.2896294593811035 -0.01348119881004095 -0.9139642119407654
3335 -0.289476603269577 -0.01711460016667843 -0.9138689637184143
3336 -0.2892586886882782 -0.02124413475394249 -0.9137331247329712
3337 -0.2889535427093506 -0.02593975886702538 -0.9135429263114929
3338 -0.2885333895683289 -0.03126531094312668 -0.9132810235023499
3339 -0.2879640161991119 -0.037277452647686 -0.9129260778427124
3340 -0.2872041165828705 -0.0440245121717453 -0.9124523997306824
3341 -0.2862050831317902 -0.05154524371027946 -0.9118296504020691
3342 -0.2849105596542358 -0.0598674863576889 -0.9110227227210999
3343 -0.2832567095756531 -0.06900674849748611 -0.9099918007850647
3344 -0.2811724543571472 -0.07896475493907928 -0.9086925983428955
3345 -0.2785803973674774 -0.0897279679775238 -0.9070768356323242
3346 -0.275397926568985 -0.1012662127614021 -0.9050930738449097
3347 -0.2715388536453247 -0.1135313659906387 -0.9026875495910645
3348 -0.2669154703617096 -0.1264564096927643 -0.8998055458068848
3349 -0.2614409923553467 -0.1399546712636948 -0.8963930606842041
3350 -0.2550323903560638 -0.1539197117090225 -0.8923982977867126
3351 -0.2476133406162262 -0.168225571513176 -0.8877736926078796
3352 -0.2391176670789719 -0.1827278435230255 -0.8824779391288757
3353 -0.2294923365116119 -0.1972654312849045 -0.8764780163764954
3354 -0.2187007516622543 -0.2116630077362061 -0.8697510957717896
3355 -0.206725537776947 -0.2257343381643295 -0.862286388874054
3356 -0.1935708522796631 -0.2392862737178802 -0.8540864586830139
3357 -0.1792642027139664 -0.2521233558654785 -0.8451684713363647
3358 -0.1638573110103607 -0.2640528380870819 -0.8355646729469299
3359 -0.1474263072013855 -0.2748900353908539 -0.8253224492073059
3360 -0.1300707757472992 -0.2844636738300323 -0.8145039677619934
3361 -0.1119120344519615 -0.2926208674907684 -0.8031848073005676
3362 -0.09309038519859314 -0.2992319166660309 -0.7914524078369141
3363 -0.07376166433095932 -0.3041940033435822 -0.7794038653373718
3364 -0.05409304425120354 -0.3074342906475067 -0.7671435475349426
3365 -0.03425849974155426 -0.3089117109775543 -0.7547797560691833
3366 -0.0144339557737112 -0.3086176514625549 -0.7424222230911255
3367 0.00520754000172019 -0.3065755665302277 -0.7301787734031677
3368 0.02450037933886051 -0.3028391897678375 -0.718152642250061
3369 0.04329051822423935 -0.2974899411201477 -0.7064398527145386
3370 0.06143907457590103 -0.290633350610733 -0.695127010345459
3371 0.07882503420114517 -0.2823947668075562 -0.6842895746231079
3372 0.09534723311662674 -0.2729148268699646 -0.6739905476570129
3373 0.1109255030751228 -0.2623443603515625 -0.6642798781394958
3374 0.1255009174346924 -0.2508397698402405 -0.6551943421363831
3375 0.1390352696180344 -0.23855821788311 -0.6467577815055847
3376 0.1515100300312042 -0.2256535142660141 -0.6389816999435425
3377 0.1629244983196259 -0.2122722566127777 -0.6318665146827698
3378 0.173293799161911 -0.1985508352518082 -0.6254028677940369
3379 0.1826464831829071 -0.1846128404140472 -0.6195728778839111
3380 0.1910218894481659 -0.1705673784017563 -0.6143521070480347
3381 0.1984676718711853 -0.1565078347921371 -0.6097108125686646
3382 0.2050372660160065 -0.1425112634897232 -0.6056156754493713
3383 0.2107875049114227 -0.1286383718252182 -0.6020312905311584
3384 0.2157764732837677 -0.1149338856339455 -0.5989214181900024
3385 0.2200616300106049 -0.1014272943139076 -0.5962502956390381
3386 0.2236980795860291 -0.08813390135765076 -0.59398353099823
3387 0.2267372012138367 -0.07505608350038528 -0.592089056968689
3388 0.2292255461215973 -0.06218473240733147 -0.590537965297699
3389 0.2312037646770477 -0.04950077459216118 -0.5893048644065857
3390 0.2327060401439667 -0.03697679564356804 -0.5883684158325195
3391 0.2337594330310822 -0.02457866817712784 -0.5877118110656738
3392 0.2343835532665253 -0.01226723939180374 -0.5873227715492249
3393 0.2345902621746063 0 -0.5871939063072205
3394 0.2343835532665253 0.01226723939180374 -0.5873227715492249
3395 0.2337594330310822 0.02457866817712784 -0.5877118110656738
3396 0.2327060401439667 0.03697679564356804 -0.5883684158325195
3397 0.2312037646770477 0.04950077459216118 -0.5893048644065857
3398 0.2292255461215973 0.06218473240733147 -0.590537965297699
3399 0.2267372012138367 0.07505608350038528 -0.592089056968689
3400 0.2236980795860291 0.08813390135765076 -0.59398353099823
3401 0.2200616300106049 0.1014272943139076 -0.5962502956390381
3402 0.2157764732837677 0.1149338856339455 -0.5989214181900024
3403 0.2107875049114227 0.1286383718252182 -0.6020312905311584
3404 0.2050372660160065 0.1425112634897232 -0.6056156754493713
3405 0.1984676718711853 0.1565078347921371 -0.6097108125686646
3406 0.1910218894481659 0.1705673784017563 -0.6143521070480347
3407 0.1826464831829071 0.1846128404140472 -0.6195728778839111
3408 0.173293799161911 0.1985508352518082 -0.6254028677940369
3409 0.1629244983196259 0.2122722566127777 -0.6318665146827698
3410 0.1515100300312042 0.2256535142660141 -0.6389816999435425
3411 0.1390352696180344 0.23855821788311 -0.6467577815055847
3412 0.1255009174346924 0.2508397698402405 -0.6551943421363831
3413 0.1109255030751228 0.2623443603515625 -0.6642798781394958
3414 0.09534723311662674 0.2729148268699646 -0.6739905476570129
3415 0.07882503420114517 0.2823947668075562 -0.6842895746231079
3416 0.06143907457590103 0.290633350610733 -0.695127010345459
3417 0.04329051822423935 0.2974899411201477 -0.7064398527145386
3418 0.02450037933886051 0.3028391897678375 -0.718152642250061
3419 0.00520754000172019 0.3065755665302277 -0.7301787734031677
3420 -0.0144339557737112 0.3086176514625549 -0.7424222230911255
3421 -0.03425849974155426 0.3089117109775543 -0.7547797560691833
3422 -0.05409304425120354 0.3074342906475067 -0.7671435475349426
3423 -0.07376166433095932 0.3041940033435822 -0.7794038653373718
3424 -0.09309038519859314 0.2992319166660309 -0.7914524078369141
3425 -0.1119120344519615 0.2926208674907684 -0.8031848073005676
3426 -0.1300707757472992 0.2844636738300323 -0.8145039677619934
3427 -0.1474263072013855 0.2748900353908539 -0.8253224492073059
3428 -0.1638573110103607 0.2640528380870819 -0.8355646729469299
3429 -0.1792642027139664 0.2521233558654785 -0.8451684713363647
3430 -0.1935708522796631 0.2392862737178802 -0.8540864586830139
3431 -0.206725537776947 0.2257343381643295 -0.862286388874054
3432 -0.2187007516622543 0.2116630077362061 -0.8697510957717896
3433 -0.2294923365116119 0.1972654312849045 -0.8764780163764954
3434 -0.2391176670789719 0.1827278435230255 -0.8824779391288757
3435 -0.2476133406162262 0.168225571513176 -0.8877736926078796
3436 -0.2550323903560638 0.1539197117090225 -0.8923982977867126
3437 -0.2614409923553467 0.1399546712636948 -0.8963930606842041
3438 -0.2669154703617096 0.1264564096927643 -0.8998055458068848
3439 -0.2715388536453247 0.1135313659906387 -0.9026875495910645
3440 -0.275397926568985 0.1012662127614021 -0.9050930738449097
3441 -0.2785803973674774 0.0897279679775238 -0.9070768356323242
3442 -0.2811724543571472 0.07896475493907928 -0.9086925983428955
3443 -0.2832567095756531 0.06900674849748611 -0.9099918007850647
3444 -0.2849105596542358 0.0598674863576889 -0.9110227227210999
3445 -0.2862050831317902 0.05154524371027946 -0.9118296504020691
3446 -0.2872041165828705 0.0440245121717453 -0.9124523997306824
3447 -0.2879640161991119 0.037277452647686 -0.9129260778427124
3448 -0.2885333895683289 0.03126531094312668 -0.9132810235023499
3449 -0.2889535427093506 0.02593975886702538 -0.9135429263114929
3450 -0.2892586886882782 0.02124413475394249 -0.9137331247329712
3451 -0.289476603269577 0.01711460016667843 -0.9138689637184143
3452 -0.2896294593811035 0.01348119881004095 -0.9139642119407654
3453 -0.289734274148941 0.010268853046 -0.914029598236084
3454 -0.2898039519786835 0.007398291025310755 -0.9140729904174805
3455 -0.2898476719856262 0.004786928184330463 -0.9141002297401428
3456 -0.2898715436458588 0.002349721733480692 -0.9141151309013367
3457 -0.2739472091197968 -0.002304068300873041 -0.9386357069015503
3458 -0.273954302072525 3.784281157514157e-17 -0.9386404752731323
3459 -0.2739247381687164 -0.004697015974670649 -0.9386205077171326
3460 -0.2738835215568542 -0.007266896311193705 -0.9385926127433777
3461 -0.2738175392150879 -0.01010010298341513 -0.9385480284690857
3462 -0.2737177908420563 -0.01328052766621113 -0.9384805560112
3463 -0.2735716998577118 -0.0168886911123991 -0.9383817911148071
3464 -0.2733624577522278 -0.02100084722042084 -0.9382402896881104
3465 -0.2730682790279388 -0.02568802796304226 -0.9380413889884949
3466 -0.2726616859436035 -0.03101504594087601 -0.937766432762146
3467 -0.2721087336540222 -0.03703939169645309 -0.93739253282547
3468 -0.2713685929775238 -0.04381006956100464 -0.9368920922279358
3469 -0.270392894744873 -0.05136630684137344 -0.936232328414917
3470 -0.2691256701946259 -0.05973618850111961 -0.935375452041626
3471 -0.2675033509731293 -0.06893520802259445 -0.9342784881591797
3472 -0.2654552459716797 -0.07896475493907928 -0.9328935742378235
3473 -0.2629042267799377 -0.08981060236692429 -0.9311686158180237
3474 -0.259768009185791 -0.1014414802193642 -0.9290479421615601
3475 -0.2559607625007629 -0.1138077601790428 -0.9264735579490662
3476 -0.2513952553272247 -0.1268404275178909 -0.9233864545822144
3477 -0.2459851950407028 -0.1404503434896469 -0.9197282791137695
3478 -0.2396481484174728 -0.1545281410217285 -0.9154432415962219
3479 -0.2323086112737656 -0.1689445078372955 -0.9104803800582886
3480 -0.2239012718200684 -0.1835512816905975 -0.9047954678535461
3481 -0.2143742591142654 -0.1981833279132843 -0.8983534574508667
3482 -0.2036922872066498 -0.2126611322164536 -0.8911305069923401
3483 -0.1918394565582275 -0.2267942279577255 -0.883115828037262
3484 -0.1788216680288315 -0.2403853982686996 -0.8743134140968323
3485 -0.1646682173013687 -0.2532354295253754 -0.8647431135177612
3486 -0.1494327783584595 -0.2651483416557312 -0.8544411659240723
3487 -0.1331933885812759 -0.2759369909763336 -0.8434603214263916
3488 -0.1160515174269676 -0.2854284048080444 -0.8318693041801453
3489 -0.09813013672828674 -0.293469101190567 -0.8197511434555054
3490 -0.07957097142934799 -0.2999298274517059 -0.8072017431259155
3491 -0.06053085997700691 -0.3047093749046326 -0.7943271398544312
3492 -0.04117751866579056 -0.3077377080917358 -0.7812407612800598
3493 -0.02168486826121807 -0.308977484703064 -0.7680601477622986
3494 -0.002228169236332178 -0.3084249794483185 -0.7549038529396057
3495 0.01702086068689823 -0.3061091005802155 -0.7418879866600037
3496 0.0358986034989357 -0.3020897507667542 -0.7291231751441956
3497 0.05425364524126053 -0.2964547872543335 -0.7167118191719055
3498 0.07195029407739639 -0.2893163859844208 -0.7047456502914429
3499 0.08887120336294174 -0.2808063328266144 -0.6933040022850037
3500 0.1049192920327187 -0.2710713744163513 -0.6824525594711304
3501 0.1200186833739281 -0.2602680325508118 -0.6722426414489746
3502 0.1341148465871811 -0.2485575824975967 -0.6627110242843628
3503 0.1471740305423737 -0.2361014038324356 -0.6538806557655334
3504 0.1591819524765015 -0.2230565398931503 -0.6457610726356506
3505 0.1701419949531555 -0.2095720171928406 -0.6383500695228577
3506 0.1800729930400848 -0.1957857310771942 -0.6316348910331726
3507 0.1890067756175995 -0.1818219721317291 -0.6255940198898315
3508 0.1969856023788452 -0.1677897274494171 -0.6201989054679871
3509 0.2040595412254333 -0.1537815779447556 -0.615415632724762
3510 0.2102839648723602 -0.1398731619119644 -0.6112067699432373
3511 0.2157171964645386 -0.126123234629631 -0.6075329184532166
3512 0.2204184532165527 -0.1125742048025131 -0.6043540239334106
3513 0.2244459092617035 -0.0992528572678566 -0.601630687713623
3514 0.2278551161289215 -0.08617155253887177 -0.59932541847229
3515 0.2306976616382599 -0.07332955300807953 -0.597403347492218
3516 0.2330200374126434 -0.060714490711689 -0.5958330035209656
3517 0.2348628640174866 -0.04830395802855492 -0.5945869088172913
3518 0.2362600862979889 -0.03606713935732841 -0.5936421155929565
3519 0.2372386455535889 -0.02396649308502674 -0.5929804444313049
3520 0.2378179430961609 -0.0119594307616353 -0.5925887823104858
3521 0.2380097210407257 0 -0.5924590826034546
3522 0.2378179430961609 0.0119594307616353 -0.5925887823104858
3523 0.2372386455535889 0.02396649308502674 -0.5929804444313049
3524 0.2362600862979889 0.03606713935732841 -0.5936421155929565
3525 0.2348628640174866 0.04830395802855492 -0.5945869088172913
3526 0.2330200374126434 0.060714490711689 -0.5958330035209656
3527 0.2306976616382599 0.07332955300807953 -0.597403347492218
3528 0.2278551161289215 0.08617155253887177 -0.59932541847229
3529 0.2244459092617035 0.0992528572678566 -0.601630687713623
3530 0.2204184532165527 0.1125742048025131 -0.6043540239334106
3531 0.2157171964645386 0.126123234629631 -0.6075329184532166
3532 0.2102839648723602 0.1398731619119644 -0.6112067699432373
3533 0.2040595412254333 0.1537815779447556 -0.615415632724762
3534 0.1969856023788452 0.1677897274494171 -0.6201989054679871
3535 0.1890067756175995 0.1818219721317291 -0.6255940198898315
3536 0.1800729930400848 0.1957857310771942 -0.6316348910331726
3537 0.1701419949531555 0.2095720171928406 -0.6383500695228577
3538 0.1591819524765015 0.2230565398931503 -0.6457610726356506
3539 0.1471740305423737 0.2361014038324356 -0.6538806557655334
3540 0.1341148465871811 0.2485575824975967 -0.6627110242843628
3541 0.1200186833739281 0.2602680325508118 -0.6722426414489746
3542 0.1049192920327187 0.2710713744163513 -0.6824525594711304
3543 0.08887120336294174 0.2808063328266144 -0.6933040022850037
3544 0.07195029407739639 0.2893163859844208 -0.7047456502914429
3545 0.05425364524126053 0.2964547872543335 -0.7167118191719055
3546 0.0358986034989357 0.3020897507667542 -0.7291231751441956
3547 0.01702086068689823 0.3061091005802155 -0.7418879866600037
3548 -0.002228169236332178 0.3084249794483185 -0.7549038529396057
3549 -0.02168486826121807 0.308977484703064 -0.7680601477622986
3550 -0.04117751866579056 0.3077377080917358 -0.7812407612800598
3551 -0.06053085997700691 0.3047093749046326 -0.7943271398544312
3552 -0.07957097142934799 0.2999298274517059 -0.8072017431259155
3553 -0.09813013672828674 0.293469101190567 -0.8197511434555054
3554 -0.1160515174269676 0.2854284048080444 -0.8318693041801453
3555 -0.1331933885812759 0.2759369909763336 -0.8434603214263916
3556 -0.1494327783584595 0.2651483416557312 -0.8544411659240723
3557 -0.1646682173013687 0.2532354295253754 -0.8647431135177612
3558 -0.1788216680288315 0.2403853982686996 -0.8743134140968323
3559 -0.1918394565582275 0.2267942279577255 -0.883115828037262
3560 -0.2036922872066498 0.2126611322164536 -0.8911305069923401
3561 -0.2143742591142654 0.1981833279132843 -0.8983534574508667
3562 -0.2239012718200684 0.1835512816905975 -0.9047954678535461
3563 -0.2323086112737656 0.1689445078372955 -0.9104803800582886
3564 -0.2396481484174728 0.1545281410217285 -0.9154432415962219
3565 -0.2459851950407028 0.1404503434896469 -0.9197282791137695
3566 -0.2513952553272247 0.1268404275178909 -0.9233864545822144
3567 -0.2559607625007629 0.1138077601790428 -0.9264735579490662
3568 -0.259768009185791 0.1014414802193642 -0.9290479421615601
3569 -0.2629042267799377 0.08981060236692429 -0.9311686158180237
3570 -0.2654552459716797 0.07896475493907928 -0.9328935742378235
3571 -0.2675033509731293 0.06893520802259445 -0.9342784881591797
3572 -0.2691256701946259 0.05973618850111961 -0.935375452041626
3573 -0.270392894744873 0.05136630684137344 -0.936232328414917
3574 -0.2713685929775238 0.04381006956100464 -0.9368920922279358
3575 -0.2721087336540222 0.03703939169645309 -0.93739253282547
3576 -0.2726616859436035 0.03101504594087601 -0.937766432762146
3577 -0.2730682790279388 0.02568802796304226 -0.9380413889884949
3578 -0.2733624577522278 0.02100084722042084 -0.9382402896881104
3579 -0.2735716998577118 0.0168886911123991 -0.9383817911148071
3580 -0.2737177908420563 0.01328052766621113 -0.9384805560112
3581 -0.2738175392150879 0.01010010298341513 -0.9385480284690857
3582 -0.2738835215568542 0.007266896311193705 -0.9385926127433777
3583 -0.2739247381687164 0.004697015974670649 -0.9386205077171326
3584 -0.2739472091197968 0.002304068300873041 -0.9386357069015503
3585 -0.2569092512130737 -0.002263933420181274 -0.9628397226333618
3586 -0.256915956735611 3.784281157514157e-17 -0.9628446102142334
3587 -0.2568881213665009 -0.004617972765117884 -0.9628242254257202
3588 -0.2568491995334625 -0.007151383906602859 -0.9627957344055176
3589 -0.2567866444587708 -0.009951749816536903 -0.9627498984336853
3590 -0.2566916942596436 -0.01310411095619202 -0.9626803398132324
3591 -0.2565520703792572 -0.0166900847107172 -0.9625780582427979
3592 -0.2563512623310089 -0.0207869578152895 -0.962431013584137
3593 -0.2560679018497467 -0.02546671591699123 -0.9622234702110291
3594 -0.2556749284267426 -0.0307950172573328 -0.9619356393814087
3595 -0.2551389336585999 -0.03683009371161461 -0.9615430235862732
3596 -0.2544195353984833 -0.04362153261899948 -0.9610161185264587
3597 -0.2534689605236053 -0.0512089841067791 -0.9603198766708374
3598 -0.2522318363189697 -0.05962075293064117 -0.9594137072563171
3599 -0.2506451904773712 -0.06887231767177582 -0.9582515954971313
3600 -0.2486390024423599 -0.07896475493907928 -0.9567821621894836
3601 -0.2461368292570114 -0.08988324552774429 -0.9549494385719299
3602 -0.2430571466684341 -0.1015955358743668 -0.95269376039505
3603 -0.239314928650856 -0.1140506640076637 -0.9499527215957642
3604 -0.2348237335681915 -0.127177819609642 -0.9466631412506104
3605 -0.2294982075691223 -0.1408857256174088 -0.9427624940872192
3606 -0.223256915807724 -0.1550623625516891 -0.9381910562515259
3607 -0.2160253822803497 -0.1695754528045654 -0.9328942894935608
3608 -0.2077394872903824 -0.1842735111713409 -0.9268252849578857
3609 -0.1983485966920853 -0.1989878118038177 -0.9199469089508057
3610 -0.1878187209367752 -0.2135351300239563 -0.9122343063354492
3611 -0.1761354058980942 -0.227721244096756 -0.9036768674850464
3612 -0.1633059084415436 -0.2413453310728073 -0.8942798972129822
3613 -0.1493609696626663 -0.2542048990726471 -0.8840659260749817
3614 -0.1343556046485901 -0.2661011219024658 -0.8730751872062683
3615 -0.1183690577745438 -0.2768446803092957 -0.8613658547401428
3616 -0.1015038266777992 -0.2862611711025238 -0.8490129113197327
3617 -0.08388365060091019 -0.2941966652870178 -0.8361070156097412
3618 -0.06565064191818237 -0.3005223274230957 -0.8227522373199463
3619 -0.04696160927414894 -0.3051385581493378 -0.8090634346008301
3620 -0.02798375301063061 -0.307977706193924 -0.795163094997406
3621 -0.008889971300959587 -0.309006005525589 -0.781177818775177
3622 0.01014609821140766 -0.3082239627838135 -0.7672348618507385
3623 0.02895485796034336 -0.3056654334068298 -0.7534583806991577
3624 0.04737534373998642 -0.3013958334922791 -0.7399662733078003
3625 0.06525931507349014 -0.2955088019371033 -0.726867139339447
3626 0.08247459679841995 -0.2881222367286682 -0.7142577767372131
3627 0.09890767186880112 -0.2793737351894379 -0.7022213935852051
3628 0.1144654974341393 -0.2694153785705566 -0.6908260583877563
3629 0.1290763169527054 -0.2584086060523987 -0.6801243424415588
3630 0.1426896899938583 -0.24651899933815 -0.6701532006263733
3631 0.1552757918834686 -0.2339114993810654 -0.6609345078468323
3632 0.1668241024017334 -0.2207459509372711 -0.6524759531021118
3633 0.1773413121700287 -0.2071734219789505 -0.6447725892066956
3634 0.1868492960929871 -0.1933330297470093 -0.6378085017204285
3635 0.1953824758529663 -0.1793495714664459 -0.631558358669281
3636 0.2029852271080017 -0.1653318554162979 -0.6259897351264954
3637 0.2097092866897583 -0.1513716578483582 -0.6210646629333496
3638 0.2156112790107727 -0.1375433057546616 -0.6167417764663696
3639 0.2207504212856293 -0.1239038333296776 -0.6129775643348694
3640 0.2251864075660706 -0.110493503510952 -0.6097284555435181
3641 0.2289775907993317 -0.09733673185110092 -0.6069515943527222
3642 0.2321795225143433 -0.08444330096244812 -0.6046063303947449
3643 0.234843522310257 -0.07180973142385483 -0.6026550531387329
3644 0.2370158135890961 -0.05942079797387123 -0.6010639667510986
3645 0.2387365400791168 -0.04725120216608047 -0.599803626537323
3646 0.2400393486022949 -0.0352671854197979 -0.598849356174469
3647 0.240950733423233 -0.02342824265360832 -0.5981818437576294
3648 0.2414898574352264 -0.01168882101774216 -0.5977869629859924
3649 0.2416682541370392 0 -0.5976563096046448
3650 0.2414898574352264 0.01168882101774216 -0.5977869629859924
3651 0.240950733423233 0.02342824265360832 -0.5981818437576294
3652 0.2400393486022949 0.0352671854197979 -0.598849356174469
3653 0.2387365400791168 0.04725120216608047 -0.599803626537323
3654 0.2370158135890961 0.05942079797387123 -0.6010639667510986
3655 0.234843522310257 0.07180973142385483 -0.6026550531387329
3656 0.2321795225143433 0.08444330096244812 -0.6046063303947449
3657 0.2289775907993317 0.09733673185110092 -0.6069515943527222
3658 0.2251864075660706 0.110493503510952 -0.6097284555435181
3659 0.2207504212856293 0.1239038333296776 -0.6129775643348694
3660 0.2156112790107727 0.1375433057546616 -0.6167417764663696
3661 0.2097092866897583 0.1513716578483582 -0.6210646629333496
3662 0.2029852271080017 0.1653318554162979 -0.6259897351264954
3663 0.1953824758529663 0.1793495714664459 -0.631558358669281
3664 0.1868492960929871 0.1933330297470093 -0.6378085017204285
3665 0.1773413121700287 0.2071734219789505 -0.6447725892066956
3666 0.1668241024017334 0.2207459509372711 -0.6524759531021118
3667 0.1552757918834686 0.2339114993810654 -0.6609345078468323
3668 0.1426896899938583 0.24651899933815 -0.6701532006263733
3669 0.1290763169527054 0.2584086060523987 -0.6801243424415588
3670 0.1144654974341393 0.2694153785705566 -0.6908260583877563
3671 0.09890767186880112 0.2793737351894379 -0.7022213935852051
3672 0.08247459679841995 0.2881222367286682 -0.7142577767372131
3673 0.06525931507349014 0.2955088019371033 -0.726867139339447
3674 0.04737534373998642 0.3013958334922791 -0.7399662733078003
3675 0.02895485796034336 0.3056654334068298 -0.7534583806991577
3676 0.01014609821140766 0.3082239627838135 -0.7672348618507385
3677 -0.008889971300959587 0.309006005525589 -0.781177818775177
3678 -0.02798375301063061 0.307977706193924 -0.795163094997406
3679 -0.04696160927414894 0.3051385581493378 -0.8090634346008301
3680 -0.06565064191818237 0.3005223274230957 -0.8227522373199463
3681 -0.08388365060091019 0.2941966652870178 -0.8361070156097412
3682 -0.1015038266777992 0.2862611711025238 -0.8490129113197327
3683 -0.1183690577745438 0.2768446803092957 -0.8613658547401428
3684 -0.1343556046485901 0.2661011219024658 -0.8730751872062683
3685 -0.1493609696626663 0.2542048990726471 -0.8840659260749817
3686 -0.1633059084415436 0.2413453310728073 -0.8942798972129822
3687 -0.1761354058980942 0.227721244096756 -0.9036768674850464
3688 -0.1878187209367752 0.2135351300239563 -0.9122343063354492
3689 -0.1983485966920853 0.1989878118038177 -0.9199469089508057
3690 -0.2077394872903824 0.1842735111713409 -0.9268252849578857
3691 -0.2160253822803497 0.1695754528045654 -0.9328942894935608
3692 -0.223256915807724 0.1550623625516891 -0.9381910562515259
3693 -0.2294982075691223 0.1408857256174088 -0.9427624940872192
3694 -0.2348237335681915 0.127177819609642 -0.9466631412506104
3695 -0.239314928650856 0.1140506640076637 -0.9499527215957642
3696 -0.2430571466684341 0.1015955358743668 -0.95269376039505
3697 -0.2461368292570114 0.08988324552774429 -0.9549494385719299
3698 -0.2486390024423599 0.07896475493907928 -0.9567821621894836
3699 -0.2506451904773712 0.06887231767177582 -0.9582515954971313
3700 -0.2522318363189697 0.05962075293064117 -0.9594137072563171
3701 -0.2534689605236053 0.0512089841067791 -0.9603198766708374
3702 -0.2544195353984833 0.04362153261899948 -0.9610161185264587
3703 -0.2551389336585999 0.03683009371161461 -0.9615430235862732
3704 -0.2556749284267426 0.0307950172573328 -0.9619356393814087
3705 -0.2560679018497467 0.02546671591699123 -0.9622234702110291
3706 -0.2563512623310089 0.0207869578152895 -0.962431013584137
3707 -0.2565520703792572 0.0166900847107172 -0.9625780582427979
3708 -0.2566916942596436 0.01310411095619202 -0.9626803398132324
3709 -0.2567866444587708 0.009951749816536903 -0.9627498984336853
3710 -0.2568491995334625 0.007151383906602859 -0.9627957344055176
3711 -0.2568881213665009 0.004617972765117884 -0.9628242254257202
3712 -0.2569092512130737 0.002263933420181274 -0.9628397226333618
3713 -0.2387927770614624 -0.002229193458333611 -0.9866136312484741
3714 -0.2387990802526474 3.784281157514157e-17 -0.9866186380386353
3715 -0.2387728244066238 -0.004549553617835045 -0.9865978360176086
3716 -0.238736018538475 -0.007051397114992142 -0.9865686297416687
3717 -0.2386766821146011 -0.009823335334658623 -0.9865216016769409
3718 -0.2385862767696381 -0.01295140199363232 -0.9864499568939209
3719 -0.238452821969986 -0.01651816815137863 -0.9863442182540894
3720 -0.2382602393627167 -0.02060181088745594 -0.9861915707588196
3721 -0.237987607717514 -0.02527513913810253 -0.9859755039215088
3722 -0.2376083880662918 -0.03060455061495304 -0.9856749773025513
3723 -0.2370897829532623 -0.03664891049265862 -0.985264003276825
3724 -0.2363921105861664 -0.04345832020044327 -0.9847111105918884
3725 -0.2354683727025986 -0.05107279494404793 -0.9839789867401123
3726 -0.234264001250267 -0.05952082946896553 -0.983024537563324
3727 -0.2327170073986053 -0.0688178688287735 -0.981798529624939
3728 -0.2307583093643188 -0.07896475493907928 -0.9802462458610535
3729 -0.2283125519752502 -0.08994611352682114 -0.9783079624176025
3730 -0.2252993285655975 -0.1017288640141487 -0.9759199619293213
3731 -0.2216348201036453 -0.1142608448863029 -0.9730157852172852
3732 -0.217233806848526 -0.1274697184562683 -0.9695279598236084
3733 -0.2120122611522675 -0.1412622928619385 -0.9653898477554321
3734 -0.2058900445699692 -0.1555242836475372 -0.9605379104614258
3735 -0.1987940967082977 -0.1701207906007767 -0.9549143314361572
3736 -0.1906616389751434 -0.1848974078893661 -0.9484692811965942
3737 -0.1814433932304382 -0.1996823251247406 -0.9411637783050537
3738 -0.1711067259311676 -0.2142890095710754 -0.9329718351364136
3739 -0.1596384048461914 -0.2285200506448746 -0.9238830804824829
3740 -0.147046834230423 -0.2421714514493942 -0.9139041900634766
3741 -0.133363738656044 -0.2550378441810608 -0.9030601978302002
3742 -0.1186449229717255 -0.2669180035591125 -0.8913953900337219
3743 -0.102970153093338 -0.2776207029819489 -0.8789730072021484
3744 -0.08644212782382965 -0.2869703769683838 -0.8658744096755981
3745 -0.06918441504240036 -0.2948126792907715 -0.852197527885437
3746 -0.0513385497033596 -0.3010192811489105 -0.8380545377731323
3747 -0.03306030482053757 -0.3054919242858887 -0.8235688805580139
3748 -0.01451536826789379 -0.3081652522087097 -0.808871865272522
3749 0.004125358071178198 -0.3090085387229919 -0.7940989136695862
3750 0.02269068546593189 -0.3080260455608368 -0.7793857455253601
3751 0.0410139337182045 -0.3052560985088348 -0.7648643851280212
3752 0.05893745273351669 -0.3007687926292419 -0.7506598234176636
3753 0.07631654292345047 -0.2946628332138062 -0.736886739730835
3754 0.0930229052901268 -0.2870612442493439 -0.7236468195915222
3755 0.1089469566941261 -0.2781065106391907 -0.7110269069671631
3756 0.123999647796154 -0.2679553925991058 -0.6990975141525269
3757 0.1381131112575531 -0.2567735612392426 -0.6879124641418457
3758 0.1512406468391418 -0.2447302490472794 -0.6775087714195251
3759 0.1633559167385101 -0.2319934368133545 -0.6679072976112366
3760 0.1744515001773834 -0.2187253534793854 -0.6591140031814575
3761 0.1845368444919586 -0.2050787359476089 -0.6511212587356567
3762 0.1936362087726593 -0.191193699836731 -0.6439099311828613
3763 0.2017858028411865 -0.1771954149007797 -0.6374512910842896
3764 0.2090314328670502 -0.1631924360990524 -0.6317090392112732
3765 0.2154259085655212 -0.1492758244276047 -0.6266413927078247
3766 0.2210264205932617 -0.1355186998844147 -0.6222029328346252
3767 0.2258924245834351 -0.1219765618443489 -0.6183465719223022
3768 0.2300836145877838 -0.1086878105998039 -0.6150250434875488
3769 0.2336580455303192 -0.0956747978925705 -0.6121922731399536
3770 0.2366707921028137 -0.08294504135847092 -0.609804630279541
3771 0.2391726076602936 -0.0704926997423172 -0.6078219413757324
3772 0.2412091195583344 -0.05830012261867523 -0.6062079668045044
3773 0.2428198158740997 -0.0463394969701767 -0.6049314737319946
3774 0.2440376877784729 -0.03457456082105637 -0.6039662957191467
3775 0.2448888123035431 -0.02296228148043156 -0.6032918095588684
3776 0.2453919351100922 -0.0114545775577426 -0.602893054485321
3777 0.2455583810806274 0 -0.6027611494064331
3778 0.2453919351100922 0.0114545775577426 -0.602893054485321
3779 0.2448888123035431 0.02296228148043156 -0.6032918095588684
3780 0.2440376877784729 0.03457456082105637 -0.6039662957191467
3781 0.2428198158740997 0.0463394969701767 -0.6049314737319946
3782 0.2412091195583344 0.05830012261867523 -0.6062079668045044
3783 0.2391726076602936 0.0704926997423172 -0.6078219413757324
3784 0.2366707921028137 0.08294504135847092 -0.609804630279541
3785 0.2336580455303192 0.0956747978925705 -0.6121922731399536
3786 0.2300836145877838 0.1086878105998039 -0.6150250434875488
3787 0.2258924245834351 0.1219765618443489 -0.6183465719223022
3788 0.2210264205932617 0.1355186998844147 -0.6222029328346252
3789 0.2154259085655212 0.1492758244276047 -0.6266413927078247
3790 0.2090314328670502 0.1631924360990524 -0.6317090392112732
3791 0.2017858028411865 0.1771954149007797 -0.6374512910842896
3792 0.1936362087726593 0.191193699836731 -0.6439099311828613
3793 0.1845368444919586 0.2050787359476089 -0.6511212587356567
3794 0.1744515001773834 0.2187253534793854 -0.6591140031814575
3795 0.1633559167385101 0.2319934368133545 -0.6679072976112366
3796 0.1512406468391418 0.2447302490472794 -0.6775087714195251
3797 0.1381131112575531 0.2567735612392426 -0.6879124641418457
3798 0.123999647796154 0.2679553925991058 -0.6990975141525269
3799 0.1089469566941261 0.2781065106391907 -0.7110269069671631
3800 0.0930229052901268 0.2870612442493439 -0.7236468195915222
3801 0.07631654292345047 0.2946628332138062 -0.736886739730835
3802 0.05893745273351669 0.3007687926292419 -0.7506598234176636
3803 0.0410139337182045 0.3052560985088348 -0.7648643851280212
3804 0.02269068546593189 0.3080260455608368 -0.7793857455253601
3805 0.004125358071178198 0.3090085387229919 -0.7940989136695862
3806 -0.01451536826789379 0.3081652522087097 -0.808871865272522
3807 -0.03306030482053757 0.3054919242858887 -0.8235688805580139
3808 -0.0513385497033596 0.3010192811489105 -0.8380545377731323
3809 -0.06918441504240036 0.2948126792907715 -0.852197527885437
3810 -0.08644212782382965 0.2869703769683838 -0.8658744096755981
3811 -0.102970153093338 0.2776207029819489 -0.8789730072021484
3812 -0.1186449229717255 0.2669180035591125 -0.8913953900337219
3813 -0.133363738656044 0.2550378441810608 -0.9030601978302002
3814 -0.147046834230423 0.2421714514493942 -0.9139041900634766
3815 -0.1596384048461914 0.2285200506448746 -0.9238830804824829
3816 -0.1711067259311676 0.2142890095710754 -0.9329718351364136
3817 -0.1814433932304382 0.1996823251247406 -0.9411637783050537
3818 -0.1906616389751434 0.1848974078893661 -0.9484692811965942
3819 -0.1987940967082977 0.1701207906007767 -0.9549143314361572
3820 -0.2058900445699692 0.1555242836475372 -0.9605379104614258
3821 -0.2120122611522675 0.1412622928619385 -0.9653898477554321
3822 -0.217233806848526 0.1274697184562683 -0.9695279598236084
3823 -0.2216348201036453 0.1142608448863029 -0.9730157852172852
3824 -0.2252993285655975 0.1017288640141487 -0.9759199619293213
3825 -0.2283125519752502 0.08994611352682114 -0.9783079624176025
3826 -0.2307583093643188 0.07896475493907928 -0.9802462458610535
3827 -0.2327170073986053 0.0688178688287735 -0.981798529624939
3828 -0.234264001250267 0.05952082946896553 -0.983024537563324
3829 -0.2354683727025986 0.05107279494404793 -0.9839789867401123
3830 -0.2363921105861664 0.04345832020044327 -0.9847111105918884
3831 -0.2370897829532623 0.03664891049265862 -0.985264003276825
3832 -0.2376083880662918 0.03060455061495304 -0.9856749773025513
3833 -0.237987607717514 0.02527513913810253 -0.9859755039215088
3834 -0.2382602393627167 0.02060181088745594 -0.9861915707588196
3835 -0.238452821969986 0.01651816815137863 -0.9863442182540894
3836 -0.2385862767696381 0.01295140199363232 -0.9864499568939209
3837 -0.2386766821146011 0.009823335334658623 -0.9865216016769409
3838 -0.238736018538475 0.007051397114992142 -0.9865686297416687
3839 -0.2387728244066238 0.004549553617835045 -0.9865978360176086
3840 -0.2387927770614624 0.002229193458333611 -0.9866136312484741
3841 -0.2196480631828308 -0.001376110129058361 -1.009851455688477
3842 -0.2196503877639771 3.784281157514157e-17 -1.009853482246399
3843 -0.2196404039859772 -0.002850791905075312 -1.009844899177551
3844 -0.2196252644062042 -0.004521727561950684 -1.00983190536499
3845 -0.2195987105369568 -0.006484817713499069 -1.009809136390686
3846 -0.2195544838905334 -0.008833284489810467 -1.009771347045898
3847 -0.2194833606481552 -0.01165675837546587 -1.009710311889648
3848 -0.2193722575902939 -0.01504033803939819 -1.009615182876587
3849 -0.2192033976316452 -0.01906360499560833 -1.009470462799072
3850 -0.2189533561468124 -0.02379957400262356 -1.00925624370575
3851 -0.2185921519994736 -0.02931354567408562 -1.008946776390076
3852 -0.218082457780838 -0.03566184639930725 -1.008510112762451
3853 -0.2173789888620377 -0.04289044812321663 -1.007907390594482
3854 -0.2164280861616135 -0.05103342980146408 -1.007092714309692
3855 -0.2151676267385483 -0.06011134013533592 -1.006012678146362
3856 -0.2135273218154907 -0.07012941688299179 -1.004607319831848
3857 -0.2114294320344925 -0.08107580989599228 -1.002810001373291
3858 -0.2087899148464203 -0.09291975945234299 -1.000548481941223
3859 -0.2055200934410095 -0.1056099981069565 -0.997747004032135
3860 -0.201528862118721 -0.119073323905468 -0.9943273663520813
3861 -0.1967252790927887 -0.1332135796546936 -0.9902117848396301
3862 -0.1910216957330704 -0.1479112654924393 -0.9853250980377197
3863 -0.1843370497226715 -0.1630237400531769 -0.979597806930542
3864 -0.1766005456447601 -0.1783863008022308 -0.9729693531990051
3865 -0.1677552759647369 -0.1938142329454422 -0.9653909206390381
3866 -0.1577617079019547 -0.2091058194637299 -0.9568286538124084
3867 -0.1466008871793747 -0.2240463048219681 -0.9472663402557373
3868 -0.1342771053314209 -0.2384129166603088 -0.9367075562477112
3869 -0.1208197474479675 -0.2519805431365967 -0.9251776337623596
3870 -0.1062843799591064 -0.2645280361175537 -0.9127240180969238
3871 -0.09075270593166351 -0.2758448719978333 -0.8994168639183044
3872 -0.07433146238327026 -0.2857377827167511 -0.8853474855422974
3873 -0.05715024471282959 -0.2940369844436646 -0.8706269860267639
3874 -0.03935826197266579 -0.3006018400192261 -0.8553832173347473
3875 -0.0211202260106802 -0.3053253293037415 -0.8397573232650757
3876 -0.002611553762108088 -0.3081375062465668 -0.823899507522583
3877 0.01598691381514072 -0.309007316827774 -0.8079647421836853
3878 0.03449434787034988 -0.3079429268836975 -0.7921079993247986
3879 0.05273524671792984 -0.3049905598163605 -0.7764796018600464
3880 0.07054445892572403 -0.3002318143844604 -0.7612210512161255
3881 0.0877714529633522 -0.2937798202037811 -0.7464613318443298
3882 0.1042839363217354 -0.2857742011547089 -0.7323138117790222
3883 0.1199704185128212 -0.2763755321502686 -0.7188739776611328
3884 0.1347419768571854 -0.2657591998577118 -0.7062180638313293
3885 0.1485327482223511 -0.2541093826293945 -0.6944024562835693
3886 0.1612998247146606 -0.2416129410266876 -0.6834638714790344
3887 0.1730220317840576 -0.2284540086984634 -0.6734205484390259
3888 0.1836982369422913 -0.2148090749979019 -0.6642734408378601
3889 0.1933450102806091 -0.2008428871631622 -0.6560083031654358
3890 0.201994001865387 -0.1867052018642426 -0.6485980153083801
3891 0.2096890509128571 -0.1725282967090607 -0.6420050859451294
3892 0.2164833843708038 -0.158425435423851 -0.6361838579177856
3893 0.2224366664886475 -0.144490048289299 -0.6310831904411316
3894 0.2276125550270081 -0.1307955384254456 -0.6266486048698425
3895 0.2320761382579803 -0.1173957660794258 -0.6228243112564087
3896 0.2358919680118561 -0.1043259054422379 -0.6195549964904785
3897 0.2391222715377808 -0.09160365164279938 -0.6167873740196228
3898 0.2418254315853119 -0.07923075556755066 -0.6144713163375854
3899 0.244054913520813 -0.06719467043876648 -0.6125611662864685
3900 0.2458583116531372 -0.05547033250331879 -0.6110160946846008
3901 0.24727663397789 -0.04402195662260056 -0.6098008751869202
3902 0.2483440041542053 -0.03280489146709442 -0.6088864207267761
3903 0.2490871548652649 -0.02176743745803833 -0.6082496643066406
3904 0.2495253086090088 -0.0108526237308979 -0.6078742742538452
3905 0.2496700882911682 0 -0.6077502369880676
3906 0.2495253086090088 0.0108526237308979 -0.6078742742538452
3907 0.2490871548652649 0.02176743745803833 -0.6082496643066406
3908 0.2483440041542053 0.03280489146709442 -0.6088864207267761
3909 0.24727663397789 0.04402195662260056 -0.6098008751869202
3910 0.2458583116531372 0.05547033250331879 -0.6110160946846008
3911 0.244054913520813 0.06719467043876648 -0.6125611662864685
3912 0.2418254315853119 0.07923075556755066 -0.6144713163375854
3913 0.2391222715377808 0.09160365164279938 -0.6167873740196228
3914 0.2358919680118561 0.1043259054422379 -0.6195549964904785
3915 0.2320761382579803 0.1173957660794258 -0.6228243112564087
3916 0.2276125550270081 0.1307955384254456 -0.6266486048698425
3917 0.2224366664886475 0.144490048289299 -0.6310831904411316
3918 0.2164833843708038 0.158425435423851 -0.6361838579177856
3919 0.2096890509128571 0.1725282967090607 -0.6420050859451294
3920 0.201994001865387 0.1867052018642426 -0.6485980153083801
3921 0.1933450102806091 0.2008428871631622 -0.6560083031654358
3922 0.1836982369422913 0.2148090749979019 -0.6642734408378601
3923 0.1730220317840576 0.2284540086984634 -0.6734205484390259
3924 0.1612998247146606 0.2416129410266876 -0.6834638714790344
3925 0.1485327482223511 0.2541093826293945 -0.6944024562835693
3926 0.1347419768571854 0.2657591998577118 -0.7062180638313293
3927 0.1199704185128212 0.2763755321502686 -0.7188739776611328
3928 0.1042839363217354 0.2857742011547089 -0.7323138117790222
3929 0.0877714529633522 0.2937798202037811 -0.7464613318443298
3930 0.07054445892572403 0.3002318143844604 -0.7612210512161255
3931 0.05273524671792984 0.3049905598163605 -0.7764796018600464
3932 0.03449434787034988 0.3079429268836975 -0.7921079993247986
3933 0.01598691381514072 0.309007316827774 -0.8079647421836853
3934 -0.002611553762108088 0.3081375062465668 -0.823899507522583
3935 -0.0211202260106802 0.3053253293037415 -0.8397573232650757
3936 -0.03935826197266579 0.3006018400192261 -0.8553832173347473
3937 -0.05715024471282959 0.2940369844436646 -0.8706269860267639
3938 -0.07433146238327026 0.2857377827167511 -0.8853474855422974
3939 -0.09075270593166351 0.2758448719978333 -0.8994168639183044
3940 -0.1062843799591064 0.2645280361175537 -0.9127240180969238
3941 -0.1208197474479675 0.2519805431365967 -0.9251776337623596
3942 -0.1342771053314209 0.2384129166603088 -0.9367075562477112
3943 -0.1466008871793747 0.2240463048219681 -0.9472663402557373
3944 -0.1577617079019547 0.2091058194637299 -0.9568286538124084
3945 -0.1677552759647369 0.1938142329454422 -0.9653909206390381
3946 -0.1766005456447601 0.1783863008022308 -0.9729693531990051
3947 -0.1843370497226715 0.1630237400531769 -0.979597806930542
3948 -0.1910216957330704 0.1479112654924393 -0.9853250980377197
3949 -0.1967252790927887 0.1332135796546936 -0.9902117848396301
3950 -0.201528862118721 0.119073323905468 -0.9943273663520813
3951 -0.2055200934410095 0.1056099981069565 -0.997747004032135
3952 -0.2087899148464203 0.09291975945234299 -1.000548481941223
3953 -0.2114294320344925 0.08107580989599228 -1.002810001373291
3954 -0.2135273218154907 0.07012941688299179 -1.004607319831848
3955 -0.2151676267385483 0.06011134013533592 -1.006012678146362
3956 -0.2164280861616135 0.05103342980146408 -1.007092714309692
3957 -0.2173789888620377 0.04289044812321663 -1.007907390594482
3958 -0.218082457780838 0.03566184639930725 -1.008510112762451
3959 -0.2185921519994736 0.02931354567408562 -1.008946776390076
3960 -0.2189533561468124 0.02379957400262356 -1.00925624370575
3961 -0.2192033976316452 0.01906360499560833 -1.009470462799072
3962 -0.2193722575902939 0.01504033803939819 -1.009615182876587
3963 -0.2194833606481552 0.01165675837546587 -1.009710311889648
3964 -0.2195544838905334 0.008833284489810467 -1.009771347045898
3965 -0.2195987105369568 0.006484817713499069 -1.009809136390686
3966 -0.2196252644062042 0.004521727561950684 -1.00983190536499
3967 -0.2196404039859772 0.002850791905075312 -1.009844899177551
3968 -0.2196480631828308 0.001376110129058361 -1.009851455688477
3969 -0.1564971953630447 -0.011633625254035 -1.075167059898376
3970 -0.1340534687042236 3.784281157514157e-17 -1.095450401306152
3971 -0.1566460132598877 3.784281157514157e-17 -1.07532787322998
3972 -0.1338649243116379 -0.01337925624102354 -1.095230340957642
3973 -0.1560498178005219 -0.02327257208526134 -1.074683785438538
3974 -0.1332991719245911 -0.02674234099686146 -1.09457004070282
3975 -0.1553011834621429 -0.03492169454693794 -1.073875069618225
3976 -0.132355734705925 -0.04007289931178093 -1.09346878528595
3977 -0.1542468219995499 -0.04658491909503937 -1.072736263275146
3978 -0.1310339123010635 -0.05335419997572899 -1.091926097869873
3979 -0.1528806388378143 -0.05826478078961372 -1.071260452270508
3980 -0.1293327808380127 -0.06656897068023682 -1.089940547943115
3981 -0.1511949151754379 -0.06996199488639832 -1.06943953037262
3982 -0.1272512525320053 -0.07969922572374344 -1.08751106262207
3983 -0.1491805911064148 -0.08167502284049988 -1.067263603210449
3984 -0.1247881427407265 -0.09272611141204834 -1.084636211395264
3985 -0.1468273550271988 -0.09339970350265503 -1.064721703529358
3986 -0.1219422742724419 -0.1056297719478607 -1.08131468296051
3987 -0.1441238969564438 -0.1051288470625877 -1.061801314353943
3988 -0.1187125816941261 -0.1183892488479614 -1.077545046806335
3989 -0.1410581469535828 -0.1168519482016563 -1.058489680290222
3990 -0.115098237991333 -0.1309823542833328 -1.073326468467712
3991 -0.1376175284385681 -0.1285548806190491 -1.054773092269897
3992 -0.1110987514257431 -0.1433856338262558 -1.068658471107483
3993 -0.1337893456220627 -0.1402197033166885 -1.05063796043396
3994 -0.106714129447937 -0.1555742919445038 -1.063540935516357
3995 -0.1295610368251801 -0.151824414730072 -1.046070456504822
3996 -0.1019450128078461 -0.1675222367048264 -1.057974576950073
3997 -0.124920554459095 -0.1633429527282715 -1.041057825088501
3998 -0.09679282456636429 -0.1792020201683044 -1.051961064338684
3999 -0.1198568046092987 -0.1747450828552246 -1.035587906837463
4000 -0.09125989675521851 -0.1905849874019623 -1.045503258705139
4001 -0.1143599450588226 -0.185996487736702 -1.029650092124939
4002 -0.08534964174032211 -0.2016412615776062 -1.038604974746704
4003 -0.1084218621253967 -0.1970588862895966 -1.02323579788208
4004 -0.0790666937828064 -0.2123399376869202 -1.031271815299988
4005 -0.1020365208387375 -0.2078903168439865 -1.016338348388672
4006 -0.07241702079772949 -0.2226492017507553 -1.023510575294495
4007 -0.09520038962364197 -0.2184453457593918 -1.008953928947449
4008 -0.06540805846452713 -0.2325365096330643 -1.015329957008362
4009 -0.08791277557611465 -0.2286755740642548 -1.001081824302673
4010 -0.05804884433746338 -0.2419688403606415 -1.006740570068359
4011 -0.08017618954181671 -0.2385300993919373 -0.9927246570587158
4012 -0.05035007372498512 -0.2509128451347351 -0.9977548122406006
4013 -0.07199660688638687 -0.2479560971260071 -0.9838890433311462
4014 -0.04232420027256012 -0.2593352496623993 -0.9883872866630554
4015 -0.06338377296924591 -0.2568994760513306 -0.9745854139328003
4016 -0.03398549556732178 -0.2672030031681061 -0.978654682636261
4017 -0.05435134470462799 -0.2653056085109711 -0.9648285508155823
4018 -0.02535006962716579 -0.2744836211204529 -0.9685757160186768
4019 -0.0449170209467411 -0.2731201350688934 -0.9546375274658203
4020 -0.01643588952720165 -0.2811455726623535 -0.9581714272499084
4021 -0.03510259836912155 -0.2802897095680237 -0.9440359473228455
4022 -0.00726274261251092 -0.2871584892272949 -0.9474648237228394
4023 -0.0249339397996664 -0.2867628335952759 -0.9330517053604126
4024 0.002147780265659094 -0.2924935519695282 -0.936481237411499
4025 -0.01444084756076336 -0.2924908101558685 -0.9217169880867004
4026 0.01177236624062061 -0.2971237301826477 -0.9252477288246155
4027 -0.003656862769275904 -0.29742830991745 -0.9100680351257324
4028 0.02158607728779316 -0.3010241985321045 -0.9137935042381287
4029 0.007381015922874212 -0.3015343844890594 -0.8981448411941528
4030 0.03156246989965439 -0.3041724860668182 -0.9021494388580322
4031 0.01863268949091434 -0.3047730028629303 -0.8859907388687134
4032 0.04167372733354568 -0.3065488338470459 -0.890347957611084
4033 0.03005536831915379 -0.3071136474609375 -0.873651921749115
4034 0.05189084261655807 -0.3081364035606384 -0.8784229159355164
4035 0.04160410910844803 -0.3085319697856903 -0.8611768484115601
4036 0.06218380481004715 -0.3089213967323303 -0.8664093017578125
4037 0.05323230475187302 -0.3090099990367889 -0.8486160635948181
4038 0.07252173870801926 -0.3088933527469635 -0.8543432354927063
4039 0.06489225476980209 -0.308536559343338 -0.8360208868980408
4040 0.08287318795919418 -0.3080452084541321 -0.8422614336013794
4041 0.07653579860925674 -0.3071073293685913 -0.8234434723854065
4042 0.09320632368326187 -0.3063733279705048 -0.8302009701728821
4043 0.08811486512422562 -0.3047248423099518 -0.8109356760978699
4044 0.103489063680172 -0.3038776218891144 -0.8181992769241333
4045 0.09958206862211227 -0.301398366689682 -0.7985487580299377
4046 0.1136894747614861 -0.3005615472793579 -0.806293785572052
4047 0.110891304910183 -0.2971436679363251 -0.7863324284553528
4048 0.1237757727503777 -0.2964319884777069 -0.7945213913917542
4049 0.1219981983304024 -0.2919825911521912 -0.774334728717804
4050 0.1337167471647263 -0.2914992868900299 -0.7829186320304871
4051 0.1328606009483337 -0.2859425246715546 -0.7626010775566101
4052 0.1434817761182785 -0.2857770025730133 -0.771521270275116
4053 0.1530411243438721 -0.2792818546295166 -0.7603639364242554
4054 0.143438994884491 -0.2790559530258179 -0.7511742115020752
4055 0.1623660624027252 -0.2720335125923157 -0.7494801878929138
4056 0.1536968350410461 -0.2713597416877747 -0.7400936484336853
4057 0.1714290082454681 -0.2640543580055237 -0.7389022707939148
4058 0.1636008024215698 -0.2628943622112274 -0.72939532995224
4059 0.1802037060260773 -0.2553693354129791 -0.7286607623100281
4060 0.17312091588974 -0.2537032961845398 -0.7191116213798523
4061 0.1886652112007141 -0.2460056245326996 -0.7187847495079041
4062 0.1822307705879211 -0.2438322603702545 -0.7092711329460144
4063 0.1967901587486267 -0.2359924465417862 -0.7093016505241394
4064 0.1909073889255524 -0.2333283722400665 -0.6998986005783081
4065 0.2045566141605377 -0.2253607958555222 -0.7002369165420532
4066 0.1991312503814697 -0.22223961353302 -0.6910151243209839
4067 0.2119442820549011 -0.214143231511116 -0.6916142702102661
4068 0.2068862915039062 -0.2106140106916428 -0.6826381087303162
4069 0.2189343869686127 -0.2023735344409943 -0.6834557056427002
4070 0.2141594290733337 -0.1984991580247879 -0.6747816205024719
4071 0.2255097627639771 -0.1900866031646729 -0.6757811307907104
4072 0.2209406495094299 -0.1859416365623474 -0.6674565076828003
4073 0.2316547930240631 -0.1773181408643723 -0.6686089038848877
4074 0.2272225022315979 -0.1729865372180939 -0.6606707572937012
4075 0.2373554110527039 -0.1641045063734055 -0.6619553565979004
4076 0.2329999804496765 -0.1596771329641342 -0.6544299125671387
4077 0.2425990104675293 -0.1504825204610825 -0.6558352112770081
4078 0.2382700443267822 -0.1460545659065247 -0.6487371921539307
4079 0.2473743259906769 -0.1364893168210983 -0.6502615809440613
4080 0.2430313527584076 -0.1321576684713364 -0.643593966960907
4081 0.2516716122627258 -0.1221622005105019 -0.6452459692955017
4082 0.247283935546875 -0.1180228590965271 -0.6390002965927124
4083 0.2554822266101837 -0.1075385734438896 -0.6407983899116516
4084 0.2510288655757904 -0.1036841049790382 -0.6349550485610962
4085 0.2587988376617432 -0.09265581518411636 -0.6369273066520691
4086 0.2542678713798523 -0.08917298167943954 -0.631456196308136
4087 0.2616152763366699 -0.07755123823881149 -0.6336401104927063
4088 0.2570031881332397 -0.07451882213354111 -0.6285014748573303
4089 0.2639263868331909 -0.06226207688450813 -0.6309426426887512
4090 0.2592371106147766 -0.05974888801574707 -0.6260883808135986
4091 0.2657280564308167 -0.04682542756199837 -0.6288397908210754
4092 0.2609719038009644 -0.04488863050937653 -0.6242144703865051
4093 0.2670171856880188 -0.03127827867865562 -0.6273351907730103
4094 0.2622095048427582 -0.02996200695633888 -0.6228775978088379
4095 0.2677915394306183 -0.01565753109753132 -0.626431405544281
4096 0.2629514336585999 -0.01499179936945438 -0.622076153755188
4097 0.2680498063564301 0 -0.6261299252510071
4098 0.2631986439228058 0 -0.621809184551239
4099 0.2629514336585999 0.01499179936945438 -0.622076153755188
4100 0.2677915394306183 0.01565753109753132 -0.626431405544281
4101 0.2622095048427582 0.02996200695633888 -0.6228775978088379
4102 0.2670171856880188 0.03127827867865562 -0.6273351907730103
4103 0.2609719038009644 0.04488863050937653 -0.6242144703865051
4104 0.2657280564308167 0.04682542756199837 -0.6288397908210754
4105 0.2592371106147766 0.05974888801574707 -0.6260883808135986
4106 0.2639263868331909 0.06226207688450813 -0.6309426426887512
4107 0.2570031881332397 0.07451882213354111 -0.6285014748573303
4108 0.2616152763366699 0.07755123823881149 -0.6336401104927063
4109 0.2542678713798523 0.08917298167943954 -0.631456196308136
4110 0.2587988376617432 0.09265581518411636 -0.6369273066520691
4111 0.2510288655757904 0.1036841049790382 -0.6349550485610962
4112 0.2554822266101837 0.1075385734438896 -0.6407983899116516
4113 0.247283935546875 0.1180228590965271 -0.6390002965927124
4114 0.2516716122627258 0.1221622005105019 -0.6452459692955017
4115 0.2430313527584076 0.1321576684713364 -0.643593966960907
4116 0.2473743259906769 0.1364893168210983 -0.6502615809440613
4117 0.2382700443267822 0.1460545659065247 -0.6487371921539307
4118 0.2425990104675293 0.1504825204610825 -0.6558352112770081
4119 0.2329999804496765 0.1596771329641342 -0.6544299125671387
4120 0.2373554110527039 0.1641045063734055 -0.6619553565979004
4121 0.2272225022315979 0.1729865372180939 -0.6606707572937012
4122 0.2316547930240631 0.1773181408643723 -0.6686089038848877
4123 0.2209406495094299 0.1859416365623474 -0.6674565076828003
4124 0.2255097627639771 0.1900866031646729 -0.6757811307907104
4125 0.2141594290733337 0.1984991580247879 -0.6747816205024719
4126 0.2189343869686127 0.2023735344409943 -0.6834557056427002
4127 0.2068862915039062 0.2106140106916428 -0.6826381087303162
4128 0.2119442820549011 0.214143231511116 -0.6916142702102661
4129 0.1991312503814697 0.22223961353302 -0.6910151243209839
4130 0.2045566141605377 0.2253607958555222 -0.7002369165420532
4131 0.1909073889255524 0.2333283722400665 -0.6998986005783081
4132 0.1967901587486267 0.2359924465417862 -0.7093016505241394
4133 0.1822307705879211 0.2438322603702545 -0.7092711329460144
4134 0.1886652112007141 0.2460056245326996 -0.7187847495079041
4135 0.17312091588974 0.2537032961845398 -0.7191116213798523
4136 0.1802037060260773 0.2553693354129791 -0.7286607623100281
4137 0.1636008024215698 0.2628943622112274 -0.72939532995224
4138 0.1714290082454681 0.2640543580055237 -0.7389022707939148
4139 0.1536968350410461 0.2713597416877747 -0.7400936484336853
4140 0.1623660624027252 0.2720335125923157 -0.7494801878929138
4141 0.143438994884491 0.2790559530258179 -0.7511742115020752
4142 0.1530411243438721 0.2792818546295166 -0.7603639364242554
4143 0.1328606009483337 0.2859425246715546 -0.7626010775566101
4144 0.1434817761182785 0.2857770025730133 -0.771521270275116
4145 0.1337167471647263 0.2914992868900299 -0.7829186320304871
4146 0.1219981983304024 0.2919825911521912 -0.774334728717804
4147 0.1237757727503777 0.2964319884777069 -0.7945213913917542
4148 0.110891304910183 0.2971436679363251 -0.7863324284553528
4149 0.1136894747614861 0.3005615472793579 -0.806293785572052
4150 0.09958206862211227 0.301398366689682 -0.7985487580299377
4151 0.103489063680172 0.3038776218891144 -0.8181992769241333
4152 0.08811486512422562 0.3047248423099518 -0.8109356760978699
4153 0.09320632368326187 0.3063733279705048 -0.8302009701728821
4154 0.07653579860925674 0.3071073293685913 -0.8234434723854065
4155 0.08287318795919418 0.3080452084541321 -0.8422614336013794
4156 0.06489225476980209 0.308536559343338 -0.8360208868980408
4157 0.07252173870801926 0.3088933527469635 -0.8543432354927063
4158 0.05323230475187302 0.3090099990367889 -0.8486160635948181
4159 0.06218380481004715 0.3089213967323303 -0.8664093017578125
4160 0.04160410910844803 0.3085319697856903 -0.8611768484115601
4161 0.05189084261655807 0.3081364035606384 -0.8784229159355164
4162 0.03005536831915379 0.3071136474609375 -0.873651921749115
4163 0.04167372733354568 0.3065488338470459 -0.890347957611084
4164 0.01863268949091434 0.3047730028629303 -0.8859907388687134
4165 0.03156246989965439 0.3041724860668182 -0.9021494388580322
4166 0.007381015922874212 0.3015343844890594 -0.8981448411941528
4167 0.02158607728779316 0.3010241985321045 -0.9137935042381287
4168 -0.003656862769275904 0.29742830991745 -0.9100680351257324
4169 0.01177236624062061 0.2971237301826477 -0.9252477288246155
4170 -0.01444084756076336 0.2924908101558685 -0.9217169880867004
4171 0.002147780265659094 0.2924935519695282 -0.936481237411499
4172 -0.0249339397996664 0.2867628335952759 -0.9330517053604126
4173 -0.00726274261251092 0.2871584892272949 -0.9474648237228394
4174 -0.03510259836912155 0.2802897095680237 -0.9440359473228455
4175 -0.01643588952720165 0.2811455726623535 -0.9581714272499084
4176 -0.0449170209467411 0.2731201350688934 -0.9546375274658203
4177 -0.02535006962716579 0.2744836211204529 -0.9685757160186768
4178 -0.05435134470462799 0.2653056085109711 -0.9648285508155823
4179 -0.03398549556732178 0.2672030031681061 -0.978654682636261
4180 -0.06338377296924591 0.2568994760513306 -0.9745854139328003
4181 -0.04232420027256012 0.2593352496623993 -0.9883872866630554
4182 -0.07199660688638687 0.2479560971260071 -0.9838890433311462
4183 -0.05035007372498512 0.2509128451347351 -0.9977548122406006
4184 -0.08017618954181671 0.2385300993919373 -0.9927246570587158
4185 -0.05804884433746338 0.2419688403606415 -1.006740570068359
4186 -0.08791277557611465 0.2286755740642548 -1.001081824302673
4187 -0.06540805846452713 0.2325365096330643 -1.015329957008362
4188 -0.09520038962364197 0.2184453457593918 -1.008953928947449
4189 -0.07241702079772949 0.2226492017507553 -1.023510575294495
4190 -0.1020365208387375 0.2078903168439865 -1.016338348388672
4191 -0.0790666937828064 0.2123399376869202 -1.031271815299988
4192 -0.1084218621253967 0.1970588862895966 -1.02323579788208
4193 -0.08534964174032211 0.2016412615776062 -1.038604974746704
4194 -0.1143599450588226 0.185996487736702 -1.029650092124939
4195 -0.09125989675521851 0.1905849874019623 -1.045503258705139
4196 -0.1198568046092987 0.1747450828552246 -1.035587906837463
4197 -0.09679282456636429 0.1792020201683044 -1.051961064338684
4198 -0.124920554459095 0.1633429527282715 -1.041057825088501
4199 -0.1019450128078461 0.1675222367048264 -1.057974576950073
4200 -0.1295610368251801 0.151824414730072 -1.046070456504822
4201 -0.106714129447937 0.1555742919445038 -1.063540935516357
4202 -0.1337893456220627 0.1402197033166885 -1.05063796043396
4203 -0.1110987514257431 0.1433856338262558 -1.068658471107483
4204 -0.1376175284385681 0.1285548806190491 -1.054773092269897
4205 -0.115098237991333 0.1309823542833328 -1.073326468467712
4206 -0.1410581469535828 0.1168519482016563 -1.058489680290222
4207 -0.1187125816941261 0.1183892488479614 -1.077545046806335
4208 -0.1441238969564438 0.1051288470625877 -1.061801314353943
4209 -0.1219422742724419 0.1056297719478607 -1.08131468296051
4210 -0.1468273550271988 0.09339970350265503 -1.064721703529358
4211 -0.1247881427407265 0.09272611141204834 -1.084636211395264
4212 -0.1491805911064148 0.08167502284049988 -1.067263603210449
4213 -0.1272512525320053 0.07969922572374344 -1.08751106262207
4214 -0.1511949151754379 0.06996199488639832 -1.06943953037262
4215 -0.1293327808380127 0.06656897068023682 -1.089940547943115
4216 -0.1528806388378143 0.05826478078961372 -1.071260452270508
4217 -0.1310339123010635 0.05335419997572899 -1.091926097869873
4218 -0.1542468219995499 0.04658491909503937 -1.072736263275146
4219 -0.132355734705925 0.04007289931178093 -1.09346878528595
4220 -0.1553011834621429 0.03492169454693794 -1.073875069618225
4221 -0.1332991719245911 0.02674234099686146 -1.09457004070282
4222 -0.1560498178005219 0.02327257208526134 -1.074683785438538
4223 -0.1338649243116379 0.01337925624102354 -1.095230340957642
4224 -0.1564971953630447 0.011633625254035 -1.075167059898376
4225 -0.1108186021447182 3.784281157514157e-17 -1.114599108695984
4226 -0.1105926036834717 -0.01499152835458517 -1.114313960075378
4227 -0.1099153012037277 -0.02994484268128872 -1.113459348678589
4228 -0.108788825571537 -0.04482192173600197 -1.112037897109985
4229 -0.1072166785597801 -0.05958512052893639 -1.110054135322571
4230 -0.1052037104964256 -0.07419735193252563 -1.107514142990112
4231 -0.102756105363369 -0.08862225711345673 -1.104425668716431
4232 -0.09988127648830414 -0.102824367582798 -1.10079824924469
4233 -0.09658782184123993 -0.1167692691087723 -1.09664249420166
4234 -0.09288544952869415 -0.1304236948490143 -1.091970801353455
4235 -0.08878489583730698 -0.1437556445598602 -1.086796641349792
4236 -0.08429780602455139 -0.1567344963550568 -1.081134676933289
4237 -0.07943668961524963 -0.1693311035633087 -1.075000882148743
4238 -0.07421479374170303 -0.1815177500247955 -1.068411827087402
4239 -0.06864600628614426 -0.193268284201622 -1.061385035514832
4240 -0.06274478137493134 -0.2045580744743347 -1.053938746452332
4241 -0.05652604997158051 -0.2153640240430832 -1.046091914176941
4242 -0.05000511556863785 -0.2256645411252975 -1.037863612174988
4243 -0.04319760948419571 -0.2354394793510437 -1.029273867607117
4244 -0.03611939400434494 -0.2446701377630234 -1.020342469215393
4245 -0.02878652326762676 -0.2533391416072845 -1.011089682579041
4246 -0.02121519111096859 -0.2614303529262543 -1.001536130905151
4247 -0.01342169009149075 -0.2689289450645447 -0.991702139377594
4248 -0.005422359798103571 -0.2758210897445679 -0.9816084504127502
4249 0.002766372170299292 -0.2820940315723419 -0.971275806427002
4250 0.01112804748117924 -0.2877359986305237 -0.9607248902320862
4251 0.01964616216719151 -0.2927360534667969 -0.9499765634536743
4252 0.02830413915216923 -0.2970840930938721 -0.9390518069267273
4253 0.03708533197641373 -0.3007707893848419 -0.9279716014862061
4254 0.04597293585538864 -0.3037874400615692 -0.9167570471763611
4255 0.054950051009655 -0.3061261475086212 -0.9054296016693115
4256 0.06399954110383987 -0.3077795803546906 -0.8940107822418213
4257 0.07310406118631363 -0.30874103307724 -0.8825225830078125
4258 0.08224595338106155 -0.3090045750141144 -0.8709871768951416
4259 0.09140727669000626 -0.3085649609565735 -0.859427273273468
4260 0.1005696877837181 -0.3074176013469696 -0.8478659987449646
4261 0.1097144410014153 -0.3055588901042938 -0.8363270163536072
4262 0.1188223287463188 -0.3029860556125641 -0.8248345255851746
4263 0.1278737336397171 -0.2996973693370819 -0.8134133219718933
4264 0.1368484646081924 -0.2956922352313995 -0.8020888566970825
4265 0.145725890994072 -0.2909713387489319 -0.790887176990509
4266 0.1544848680496216 -0.2855368256568909 -0.7798349857330322
4267 0.1631037890911102 -0.2793923020362854 -0.7689594626426697
4268 0.1715606153011322 -0.2725432217121124 -0.758288562297821
4269 0.1798328757286072 -0.2649968564510345 -0.7478504180908203
4270 0.1878978610038757 -0.2567624747753143 -0.7376739382743835
4271 0.1957324743270874 -0.2478515803813934 -0.7277880907058716
4272 0.2033135890960693 -0.2382779717445374 -0.7182221412658691
4273 0.2106179893016815 -0.2280579209327698 -0.7090052962303162
4274 0.2176225483417511 -0.2172102034091949 -0.7001668810844421
4275 0.2243043184280396 -0.2057562619447708 -0.6917356848716736
4276 0.2306408286094666 -0.1937202513217926 -0.6837401986122131
4277 0.2366100251674652 -0.1811290383338928 -0.6762081384658813
4278 0.2421905994415283 -0.168012261390686 -0.6691665053367615
4279 0.2473621368408203 -0.1544022262096405 -0.6626409292221069
4280 0.2521052360534668 -0.1403339207172394 -0.65665602684021
4281 0.2564017176628113 -0.1258448958396912 -0.6512346863746643
4282 0.2602347433567047 -0.1109751164913177 -0.6463980674743652
4283 0.2635891437530518 -0.09576679021120071 -0.64216548204422
4284 0.2664512991905212 -0.08026421070098877 -0.6385539770126343
4285 0.2688094973564148 -0.06451346725225449 -0.6355783343315125
4286 0.2706539928913116 -0.04856225475668907 -0.6332509517669678
4287 0.2719770669937134 -0.03245953097939491 -0.6315814852714539
4288 0.2727731466293335 -0.01625523902475834 -0.6305769681930542
4289 0.2730388939380646 0 -0.6302416324615479
4290 0.2727731466293335 0.01625523902475834 -0.6305769681930542
4291 0.2719770669937134 0.03245953097939491 -0.6315814852714539
4292 0.2706539928913116 0.04856225475668907 -0.6332509517669678
4293 0.2688094973564148 0.06451346725225449 -0.6355783343315125
4294 0.2664512991905212 0.08026421070098877 -0.6385539770126343
4295 0.2635891437530518 0.09576679021120071 -0.64216548204422
4296 0.2602347433567047 0.1109751164913177 -0.6463980674743652
4297 0.2564017176628113 0.1258448958396912 -0.6512346863746643
4298 0.2521052360534668 0.1403339207172394 -0.65665602684021
4299 0.2473621368408203 0.1544022262096405 -0.6626409292221069
4300 0.2421905994415283 0.168012261390686 -0.6691665053367615
4301 0.2366100251674652 0.1811290383338928 -0.6762081384658813
4302 0.2306408286094666 0.1937202513217926 -0.6837401986122131
4303 0.2243043184280396 0.2057562619447708 -0.6917356848716736
4304 0.2176225483417511 0.2172102034091949 -0.7001668810844421
4305 0.2106179893016815 0.2280579209327698 -0.7090052962303162
4306 0.2033135890960693 0.2382779717445374 -0.7182221412658691
4307 0.1957324743270874 0.2478515803813934 -0.7277880907058716
4308 0.1878978610038757 0.2567624747753143 -0.7376739382743835
4309 0.1798328757286072 0.2649968564510345 -0.7478504180908203
4310 0.1715606153011322 0.2725432217121124 -0.758288562297821
4311 0.1631037890911102 0.2793923020362854 -0.7689594626426697
4312 0.1544848680496216 0.2855368256568909 -0.7798349857330322
4313 0.145725890994072 0.2909713387489319 -0.790887176990509
4314 0.1368484646081924 0.2956922352313995 -0.8020888566970825
4315 0.1278737336397171 0.2996973693370819 -0.8134133219718933
4316 0.1188223287463188 0.3029860556125641 -0.8248345255851746
4317 0.1097144410014153 0.3055588901042938 -0.8363270163536072
4318 0.1005696877837181 0.3074176013469696 -0.8478659987449646
4319 0.09140727669000626 0.3085649609565735 -0.859427273273468
4320 0.08224595338106155 0.3090045750141144 -0.8709871768951416
4321 0.07310406118631363 0.30874103307724 -0.8825225830078125
4322 0.06399954110383987 0.3077795803546906 -0.8940107822418213
4323 0.054950051009655 0.3061261475086212 -0.9054296016693115
4324 0.04597293585538864 0.3037874400615692 -0.9167570471763611
4325 0.03708533197641373 0.3007707893848419 -0.9279716014862061
4326 0.02830413915216923 0.2970840930938721 -0.9390518069267273
4327 0.01964616216719151 0.2927360534667969 -0.9499765634536743
4328 0.01112804748117924 0.2877359986305237 -0.9607248902320862
4329 0.002766372170299292 0.2820940315723419 -0.971275806427002
4330 -0.005422359798103571 0.2758210897445679 -0.9816084504127502
4331 -0.01342169009149075 0.2689289450645447 -0.991702139377594
4332 -0.02121519111096859 0.2614303529262543 -1.001536130905151
4333 -0.02878652326762676 0.2533391416072845 -1.011089682579041
4334 -0.03611939400434494 0.2446701377630234 -1.020342469215393
4335 -0.04319760948419571 0.2354394793510437 -1.029273867607117
4336 -0.05000511556863785 0.2256645411252975 -1.037863612174988
4337 -0.05652604997158051 0.2153640240430832 -1.046091914176941
4338 -0.06274478137493134 0.2045580744743347 -1.053938746452332
4339 -0.06864600628614426 0.193268284201622 -1.061385035514832
4340 -0.07421479374170303 0.1815177500247955 -1.068411827087402
4341 -0.07943668961524963 0.1693311035633087 -1.075000882148743
4342 -0.08429780602455139 0.1567344963550568 -1.081134676933289
4343 -0.08878489583730698 0.1437556445598602 -1.086796641349792
4344 -0.09288544952869415 0.1304236948490143 -1.091970801353455
4345 -0.09658782184123993 0.1167692691087723 -1.09664249420166
4346 -0.09988127648830414 0.102824367582798 -1.10079824924469
4347 -0.102756105363369 0.08862225711345673 -1.104425668716431
4348 -0.1052037104964256 0.07419735193252563 -1.107514142990112
4349 -0.1072166785597801 0.05958512052893639 -1.110054135322571
4350 -0.108788825571537 0.04482192173600197 -1.112037897109985
4351 -0.1099153012037277 0.02994484268128872 -1.113459348678589
4352 -0.1105926036834717 0.01499152835458517 -1.114313960075378
4353 -0.08704458922147751 3.784281157514157e-17 -1.132715940475464
4354 -0.08678365498781204 -0.01651419512927532 -1.132359743118286
4355 -0.08600247651338577 -0.03296714648604393 -1.131293177604675
4356 -0.08470594137907028 -0.04929828271269798 -1.129523038864136
4357 -0.08290207386016846 -0.06544837355613708 -1.127060294151306
4358 -0.08060193061828613 -0.08136012405157089 -1.12391996383667
4359 -0.07781936228275299 -0.09697879105806351 -1.120121002197266
4360 -0.07457078993320465 -0.1122526824474335 -1.115685701370239
4361 -0.07087493687868118 -0.1271336078643799 -1.110639929771423
4362 -0.06675248593091965 -0.1415772438049316 -1.105011582374573
4363 -0.06222576647996902 -0.1555434018373489 -1.098831295967102
4364 -0.05731838196516037 -0.1689962893724442 -1.092131376266479
4365 -0.05205487832427025 -0.1819045096635818 -1.084945201873779
4366 -0.04646036028862 -0.1942411810159683 -1.077307105064392
4367 -0.04056017845869064 -0.2059837877750397 -1.069251775741577
4368 -0.03437957912683487 -0.2171140611171722 -1.060813426971436
4369 -0.02794342301785946 -0.2276178151369095 -1.052026271820068
4370 -0.02127589844167233 -0.2374845594167709 -1.042923331260681
4371 -0.01440031640231609 -0.2467072904109955 -1.033536195755005
4372 -0.007338880095630884 -0.2552820146083832 -1.023895382881165
4373 -0.0001125395283452235 -0.2632074058055878 -1.014029383659363
4374 0.007259094621986151 -0.2704843580722809 -1.003965020179749
4375 0.01475788094103336 -0.2771156430244446 -0.9937271475791931
4376 0.02236712910234928 -0.2831052839756012 -0.9833383560180664
4377 0.03007162548601627 -0.288458377122879 -0.9728195667266846
4378 0.03785759955644608 -0.2931804656982422 -0.9621895551681519
4379 0.04571258276700974 -0.2972773313522339 -0.9514653086662292
4380 0.05362541228532791 -0.3007546067237854 -0.9406620860099792
4381 0.06158598512411118 -0.3036173582077026 -0.929793655872345
4382 0.06958521157503128 -0.3058699667453766 -0.9188724756240845
4383 0.07761470228433609 -0.3075157701969147 -0.9079099893569946
4384 0.085666723549366 -0.3085570633411407 -0.8969166874885559
4385 0.09373388439416885 -0.3089947104454041 -0.8859027624130249
4386 0.1018089726567268 -0.3088283836841583 -0.8748780488967896
4387 0.1098847016692162 -0.3080562353134155 -0.8638523817062378
4388 0.1179535314440727 -0.306675136089325 -0.8528361916542053
4389 0.1260074228048325 -0.3046806752681732 -0.841840386390686
4390 0.134037658572197 -0.3020673096179962 -0.830876886844635
4391 0.1420346349477768 -0.2988285422325134 -0.8199587464332581
4392 0.1499876379966736 -0.2949571907520294 -0.8091006875038147
4393 0.1578847765922546 -0.2904455959796906 -0.7983188629150391
4394 0.1657127737998962 -0.2852860391139984 -0.7876314520835876
4395 0.1734569072723389 -0.2794710099697113 -0.7770585417747498
4396 0.1811009049415588 -0.2729937136173248 -0.7666223645210266
4397 0.1886268556118011 -0.2658483684062958 -0.7563473582267761
4398 0.1960153579711914 -0.2580307424068451 -0.7462599873542786
4399 0.2032454013824463 -0.2495386004447937 -0.7363889217376709
4400 0.2102945446968079 -0.2403720766305923 -0.7267649173736572
4401 0.2171389758586884 -0.2305342257022858 -0.7174203395843506
4402 0.2237537205219269 -0.220031350851059 -0.7083893418312073
4403 0.2301128804683685 -0.2088734805583954 -0.6997073292732239
4404 0.2361897826194763 -0.1970746964216232 -0.6914106607437134
4405 0.2419573962688446 -0.1846533715724945 -0.6835362315177917
4406 0.2473885416984558 -0.1716324985027313 -0.6761212348937988
4407 0.2524563074111938 -0.1580397635698318 -0.6692022681236267
4408 0.2571344077587128 -0.1439076513051987 -0.6628153920173645
4409 0.261397510766983 -0.1292734444141388 -0.6569950580596924
4410 0.2652217149734497 -0.1141790896654129 -0.6517739295959473
4411 0.2685847878456116 -0.09867099672555923 -0.6471824049949646
4412 0.2714667022228241 -0.08279972523450851 -0.6432477831840515
4413 0.2738498151302338 -0.06661961227655411 -0.6399941444396973
4414 0.2757193148136139 -0.05018826201558113 -0.6374418139457703
4415 0.2770633101463318 -0.03356601297855377 -0.6356068849563599
4416 0.2778731882572174 -0.01681530475616455 -0.6345011591911316
4417 0.2781437337398529 0 -0.6341317892074585
4418 0.2778731882572174 0.01681530475616455 -0.6345011591911316
4419 0.2770633101463318 0.03356601297855377 -0.6356068849563599
4420 0.2757193148136139 0.05018826201558113 -0.6374418139457703
4421 0.2738498151302338 0.06661961227655411 -0.6399941444396973
4422 0.2714667022228241 0.08279972523450851 -0.6432477831840515
4423 0.2685847878456116 0.09867099672555923 -0.6471824049949646
4424 0.2652217149734497 0.1141790896654129 -0.6517739295959473
4425 0.261397510766983 0.1292734444141388 -0.6569950580596924
4426 0.2571344077587128 0.1439076513051987 -0.6628153920173645
4427 0.2524563074111938 0.1580397635698318 -0.6692022681236267
4428 0.2473885416984558 0.1716324985027313 -0.6761212348937988
4429 0.2419573962688446 0.1846533715724945 -0.6835362315177917
4430 0.2361897826194763 0.1970746964216232 -0.6914106607437134
4431 0.2301128804683685 0.2088734805583954 -0.6997073292732239
4432 0.2237537205219269 0.220031350851059 -0.7083893418312073
4433 0.2171389758586884 0.2305342257022858 -0.7174203395843506
4434 0.2102945446968079 0.2403720766305923 -0.7267649173736572
4435 0.2032454013824463 0.2495386004447937 -0.7363889217376709
4436 0.1960153579711914 0.2580307424068451 -0.7462599873542786
4437 0.1886268556118011 0.2658483684062958 -0.7563473582267761
4438 0.1811009049415588 0.2729937136173248 -0.7666223645210266
4439 0.1734569072723389 0.2794710099697113 -0.7770585417747498
4440 0.1657127737998962 0.2852860391139984 -0.7876314520835876
4441 0.1578847765922546 0.2904455959796906 -0.7983188629150391
4442 0.1499876379966736 0.2949571907520294 -0.8091006875038147
4443 0.1420346349477768 0.2988285422325134 -0.8199587464332581
4444 0.134037658572197 0.3020673096179962 -0.830876886844635
4445 0.1260074228048325 0.3046806752681732 -0.841840386390686
4446 0.1179535314440727 0.306675136089325 -0.8528361916542053
4447 0.1098847016692162 0.3080562353134155 -0.8638523817062378
4448 0.1018089726567268 0.3088283836841583 -0.8748780488967896
4449 0.09373388439416885 0.3089947104454041 -0.8859027624130249
4450 0.085666723549366 0.3085570633411407 -0.8969166874885559
4451 0.07761470228433609 0.3075157701969147 -0.9079099893569946
4452 0.06958521157503128 0.3058699667453766 -0.9188724756240845
4453 0.06158598512411118 0.3036173582077026 -0.929793655872345
4454 0.05362541228532791 0.3007546067237854 -0.9406620860099792
4455 0.04571258276700974 0.2972773313522339 -0.9514653086662292
4456 0.03785759955644608 0.2931804656982422 -0.9621895551681519
4457 0.03007162548601627 0.288458377122879 -0.9728195667266846
4458 0.02236712910234928 0.2831052839756012 -0.9833383560180664
4459 0.01475788094103336 0.2771156430244446 -0.9937271475791931
4460 0.007259094621986151 0.2704843580722809 -1.003965020179749
4461 -0.0001125395283452235 0.2632074058055878 -1.014029383659363
4462 -0.007338880095630884 0.2552820146083832 -1.023895382881165
4463 -0.01440031640231609 0.2467072904109955 -1.033536195755005
4464 -0.02127589844167233 0.2374845594167709 -1.042923331260681
4465 -0.02794342301785946 0.2276178151369095 -1.052026271820068
4466 -0.03437957912683487 0.2171140611171722 -1.060813426971436
4467 -0.04056017845869064 0.2059837877750397 -1.069251775741577
4468 -0.04646036028862 0.1942411810159683 -1.077307105064392
4469 -0.05205487832427025 0.1819045096635818 -1.084945201873779
4470 -0.05731838196516037 0.1689962893724442 -1.092131376266479
4471 -0.06222576647996902 0.1555434018373489 -1.098831295967102
4472 -0.06675248593091965 0.1415772438049316 -1.105011582374573
4473 -0.07087493687868118 0.1271336078643799 -1.110639929771423
4474 -0.07457078993320465 0.1122526824474335 -1.115685701370239
4475 -0.07781936228275299 0.09697879105806351 -1.120121002197266
4476 -0.08060193061828613 0.08136012405157089 -1.12391996383667
4477 -0.08290207386016846 0.06544837355613708 -1.127060294151306
4478 -0.08470594137907028 0.04929828271269798 -1.129523038864136
4479 -0.08600247651338577 0.03296714648604393 -1.131293177604675
4480 -0.08678365498781204 0.01651419512927532 -1.132359743118286
4481 -0.06284046173095703 3.784281157514157e-17 -1.149754285812378
4482 -0.06254871189594269 -0.01793383620679379 -1.149322867393494
4483 -0.06167604029178619 -0.03578285500407219 -1.148032307624817
4484 -0.06023010611534119 -0.05346349626779556 -1.145893931388855
4485 -0.05822350084781647 -0.07089465856552124 -1.142926335334778
4486 -0.05567345023155212 -0.08799887448549271 -1.139155149459839
4487 -0.05260144546627998 -0.104703314602375 -1.134611964225769
4488 -0.0490327812731266 -0.1209407299757004 -1.129334330558777
4489 -0.04499601945281029 -0.1366501897573471 -1.123364329338074
4490 -0.04052240774035454 -0.1517776846885681 -1.116748332977295
4491 -0.0356452539563179 -0.1662765443325043 -1.109535574913025
4492 -0.03039929829537868 -0.1801076382398605 -1.10177743434906
4493 -0.02482008747756481 -0.1932394802570343 -1.093526363372803
4494 -0.01894334517419338 -0.2056480497121811 -1.084835290908813
4495 -0.01280440203845501 -0.2173165529966354 -1.075756549835205
4496 -0.006437665317207575 -0.2282350212335587 -1.066340804100037
4497 0.000123859936138615 -0.2383997440338135 -1.056637048721313
4498 0.006848969962447882 -0.2478126883506775 -1.046691298484802
4499 0.01370863057672977 -0.2564807534217834 -1.03654670715332
4500 0.02067620493471622 -0.2644151151180267 -1.02624237537384
4501 0.02772765792906284 -0.2716302871704102 -1.015814065933228
4502 0.03484170883893967 -0.2781435251235962 -1.005293130874634
4503 0.04199980944395065 -0.2839739620685577 -0.9947071671485901
4504 0.04918622225522995 -0.2891418933868408 -0.9840792417526245
4505 0.05638787895441055 -0.2936679720878601 -0.9734287858009338
4506 0.0635942742228508 -0.2975727319717407 -0.9627713561058044
4507 0.07079730182886124 -0.3008759319782257 -0.9521188139915466
4508 0.07799107581377029 -0.3035959601402283 -0.9414800405502319
4509 0.08517160266637802 -0.305749386548996 -0.9308608770370483
4510 0.09233655780553818 -0.3073506653308868 -0.9202646613121033
4511 0.09948501735925674 -0.3084117770195007 -0.9096928834915161
4512 0.1066171005368233 -0.3089419305324554 -0.8991453647613525
4513 0.1137336567044258 -0.3089474141597748 -0.8886207342147827
4514 0.1208359375596046 -0.3084315955638885 -0.8781172633171082
4515 0.127925306558609 -0.3073947131633759 -0.8676328659057617
4516 0.1350027918815613 -0.3058340549468994 -0.857166051864624
4517 0.1420689076185226 -0.3037440776824951 -0.846716046333313
4518 0.1491232067346573 -0.3011164367198944 -0.8362835049629211
4519 0.1561640799045563 -0.2979404032230377 -0.8258708119392395
4520 0.1631883978843689 -0.2942030727863312 -0.8154826164245605
4521 0.1701913177967072 -0.2898898124694824 -0.8051261305809021
4522 0.1771659255027771 -0.2849845588207245 -0.7948114275932312
4523 0.18410325050354 -0.2794705927371979 -0.7845518589019775
4524 0.1909918785095215 -0.2733307778835297 -0.7743643522262573
4525 0.1978179812431335 -0.2665483951568604 -0.7642692923545837
4526 0.2045651972293854 -0.2591077089309692 -0.7542909383773804
4527 0.2112146317958832 -0.2509947121143341 -0.7444571256637573
4528 0.2177449464797974 -0.2421976923942566 -0.7347995638847351
4529 0.2241323590278625 -0.2327080816030502 -0.7253532409667969
4530 0.2303509712219238 -0.2225211411714554 -0.7161566019058228
4531 0.2363728582859039 -0.2116365283727646 -0.7072508931159973
4532 0.2421685457229614 -0.2000590413808823 -0.6986797451972961
4533 0.2477072179317474 -0.1877991259098053 -0.6904886364936829
4534 0.2529572546482086 -0.1748733371496201 -0.6827244758605957
4535 0.2578866481781006 -0.1613047271966934 -0.675434410572052
4536 0.2624636292457581 -0.1471230536699295 -0.6686655282974243
4537 0.2666571140289307 -0.1323648989200592 -0.6624638438224792
4538 0.2704372406005859 -0.1170736327767372 -0.6568734645843506
4539 0.2737760841846466 -0.1012991592288017 -0.6519356966018677
4540 0.276648074388504 -0.08509757369756699 -0.6476883292198181
4541 0.2790306210517883 -0.0685306191444397 -0.6441648006439209
4542 0.2809044718742371 -0.05166500806808472 -0.6413935422897339
4543 0.2822542488574982 -0.03457160666584969 -0.6393973827362061
4544 0.2830686867237091 -0.01732450723648071 -0.6381929516792297
4545 0.2833409309387207 0 -0.637790322303772
4546 0.2830686867237091 0.01732450723648071 -0.6381929516792297
4547 0.2822542488574982 0.03457160666584969 -0.6393973827362061
4548 0.2809044718742371 0.05166500806808472 -0.6413935422897339
4549 0.2790306210517883 0.0685306191444397 -0.6441648006439209
4550 0.276648074388504 0.08509757369756699 -0.6476883292198181
4551 0.2737760841846466 0.1012991592288017 -0.6519356966018677
4552 0.2704372406005859 0.1170736327767372 -0.6568734645843506
4553 0.2666571140289307 0.1323648989200592 -0.6624638438224792
4554 0.2624636292457581 0.1471230536699295 -0.6686655282974243
4555 0.2578866481781006 0.1613047271966934 -0.675434410572052
4556 0.2529572546482086 0.1748733371496201 -0.6827244758605957
4557 0.2477072179317474 0.1877991259098053 -0.6904886364936829
4558 0.2421685457229614 0.2000590413808823 -0.6986797451972961
4559 0.2363728582859039 0.2116365283727646 -0.7072508931159973
4560 0.2303509712219238 0.2225211411714554 -0.7161566019058228
4561 0.2241323590278625 0.2327080816030502 -0.7253532409667969
4562 0.2177449464797974 0.2421976923942566 -0.7347995638847351
4563 0.2112146317958832 0.2509947121143341 -0.7444571256637573
4564 0.2045651972293854 0.2591077089309692 -0.7542909383773804
4565 0.1978179812431335 0.2665483951568604 -0.7642692923545837
4566 0.1909918785095215 0.2733307778835297 -0.7743643522262573
4567 0.18410325050354 0.2794705927371979 -0.7845518589019775
4568 0.1771659255027771 0.2849845588207245 -0.7948114275932312
4569 0.1701913177967072 0.2898898124694824 -0.8051261305809021
4570 0.1631883978843689 0.2942030727863312 -0.8154826164245605
4571 0.1561640799045563 0.2979404032230377 -0.8258708119392395
4572 0.1491232067346573 0.3011164367198944 -0.8362835049629211
4573 0.1420689076185226 0.3037440776824951 -0.846716046333313
4574 0.1350027918815613 0.3058340549468994 -0.857166051864624
4575 0.127925306558609 0.3073947131633759 -0.8676328659057617
4576 0.1208359375596046 0.3084315955638885 -0.8781172633171082
4577 0.1137336567044258 0.3089474141597748 -0.8886207342147827
4578 0.1066171005368233 0.3089419305324554 -0.8991453647613525
4579 0.09948501735925674 0.3084117770195007 -0.9096928834915161
4580 0.09233655780553818 0.3073506653308868 -0.9202646613121033
4581 0.08517160266637802 0.305749386548996 -0.9308608770370483
4582 0.07799107581377029 0.3035959601402283 -0.9414800405502319
4583 0.07079730182886124 0.3008759319782257 -0.9521188139915466
4584 0.0635942742228508 0.2975727319717407 -0.9627713561058044
4585 0.05638787895441055 0.2936679720878601 -0.9734287858009338
4586 0.04918622225522995 0.2891418933868408 -0.9840792417526245
4587 0.04199980944395065 0.2839739620685577 -0.9947071671485901
4588 0.03484170883893967 0.2781435251235962 -1.005293130874634
4589 0.02772765792906284 0.2716302871704102 -1.015814065933228
4590 0.02067620493471622 0.2644151151180267 -1.02624237537384
4591 0.01370863057672977 0.2564807534217834 -1.03654670715332
4592 0.006848969962447882 0.2478126883506775 -1.046691298484802
4593 0.000123859936138615 0.2383997440338135 -1.056637048721313
4594 -0.006437665317207575 0.2282350212335587 -1.066340804100037
4595 -0.01280440203845501 0.2173165529966354 -1.075756549835205
4596 -0.01894334517419338 0.2056480497121811 -1.084835290908813
4597 -0.02482008747756481 0.1932394802570343 -1.093526363372803
4598 -0.03039929829537868 0.1801076382398605 -1.10177743434906
4599 -0.0356452539563179 0.1662765443325043 -1.109535574913025
4600 -0.04052240774035454 0.1517776846885681 -1.116748332977295
4601 -0.04499601945281029 0.1366501897573471 -1.123364329338074
4602 -0.0490327812731266 0.1209407299757004 -1.129334330558777
4603 -0.05260144546627998 0.104703314602375 -1.134611964225769
4604 -0.05567345023155212 0.08799887448549271 -1.139155149459839
4605 -0.05822350084781647 0.07089465856552124 -1.142926335334778
4606 -0.06023010611534119 0.05346349626779556 -1.145893931388855
4607 -0.06167604029178619 0.03578285500407219 -1.148032307624817
4608 -0.06254871189594269 0.01793383620679379 -1.149322867393494
4609 -0.03831984847784042 3.784281157514157e-17 -1.165679097175598
4610 -0.03800217434763908 -0.01925569027662277 -1.165169477462769
4611 -0.03705264627933502 -0.03840235248208046 -1.163646221160889
4612 -0.03548167645931244 -0.05733288452029228 -1.161126017570496
4613 -0.03330633044242859 -0.07594399899244308 -1.157636284828186
4614 -0.03054985962808132 -0.09413795918226242 -1.1532142162323
4615 -0.027241175994277 -0.1118241250514984 -1.147906303405762
4616 -0.02341409586369991 -0.128920316696167 -1.141766667366028
4617 -0.0191065575927496 -0.1453539133071899 -1.134856343269348
4618 -0.01435971073806286 -0.161062553524971 -1.127241253852844
4619 -0.00921705923974514 -0.1759947389364243 -1.118991136550903
4620 -0.003723463509231806 -0.1901099532842636 -1.110178112983704
4621 0.002075703348964453 -0.2033786028623581 -1.100874781608582
4622 0.0081354770809412 -0.2157816886901855 -1.091153383255005
4623 0.01441204734146595 -0.2273101657629013 -1.081084251403809
4624 0.0208634901791811 -0.2379641979932785 -1.07073450088501
4625 0.02745039202272892 -0.2477522492408752 -1.060167551040649
4626 0.03413630276918411 -0.2566899657249451 -1.049441695213318
4627 0.04088821262121201 -0.2647991180419922 -1.038609981536865
4628 0.04767676442861557 -0.2721063196659088 -1.027719497680664
4629 0.05447644740343094 -0.2786420583724976 -1.01681113243103
4630 0.061265729367733 -0.2844393253326416 -1.005919456481934
4631 0.06802693754434586 -0.2895326614379883 -0.9950728416442871
4632 0.074746273458004 -0.2939571142196655 -0.9842934012413025
4633 0.08141355961561203 -0.2977473139762878 -0.9735974073410034
4634 0.08802209049463272 -0.3009366393089294 -0.962995707988739
4635 0.09456826001405716 -0.3035564124584198 -0.9524940252304077
4636 0.101051352918148 -0.3056354224681854 -0.942093551158905
4637 0.1074730828404427 -0.3071992695331573 -0.9317915439605713
4638 0.1138373091816902 -0.3082700073719025 -0.9215817451477051
4639 0.1201496049761772 -0.3088657855987549 -0.9114552736282349
4640 0.1264168620109558 -0.3090006113052368 -0.9014010429382324
4641 0.1326468884944916 -0.3086842596530914 -0.8914065957069397
4642 0.1388479769229889 -0.3079220354557037 -0.8814585208892822
4643 0.1450285464525223 -0.3067149817943573 -0.8715433478355408
4644 0.15119668841362 -0.3050597608089447 -0.8616481423377991
4645 0.157359778881073 -0.3029489815235138 -0.8517610430717468
4646 0.1635241508483887 -0.3003712594509125 -0.8418718576431274
4647 0.1696946322917938 -0.2973115742206573 -0.8319729566574097
4648 0.1758742034435272 -0.29375159740448 -0.8220593333244324
4649 0.1820638179779053 -0.2896702289581299 -0.8121297359466553
4650 0.188261866569519 -0.2850439250469208 -0.8021865487098694
4651 0.1944640576839447 -0.2798475027084351 -0.7922366857528687
4652 0.2006631791591644 -0.274054616689682 -0.7822917699813843
4653 0.2068488597869873 -0.267638623714447 -0.7723684310913086
4654 0.2130074799060822 -0.2605732977390289 -0.7624884843826294
4655 0.2191221117973328 -0.2528338134288788 -0.7526791095733643
4656 0.2251725196838379 -0.2443975359201431 -0.7429727911949158
4657 0.2311351597309113 -0.235245019197464 -0.7334072589874268
4658 0.2369835376739502 -0.2253609746694565 -0.7240250110626221
4659 0.2426882982254028 -0.2147351801395416 -0.714873194694519
4660 0.2482175529003143 -0.203363448381424 -0.7060028910636902
4661 0.253537505865097 -0.1912483423948288 -0.6974684000015259
4662 0.2586126923561096 -0.1784000396728516 -0.6893265247344971
4663 0.2634068131446838 -0.1648368239402771 -0.6816356182098389
4664 0.2678831815719604 -0.1505855768918991 -0.674454391002655
4665 0.2720056176185608 -0.1356820613145828 -0.6678410172462463
4666 0.2757389843463898 -0.1201708689332008 -0.6618517637252808
4667 0.2790501713752747 -0.1041053310036659 -0.6565398573875427
4668 0.2819085419178009 -0.08754703402519226 -0.6519542932510376
4669 0.2842869162559509 -0.07056522369384766 -0.6481387615203857
4670 0.2861620485782623 -0.05323587730526924 -0.6451306343078613
4671 0.2875151932239532 -0.0356406569480896 -0.6429598331451416
4672 0.2883326709270477 -0.01786565966904163 -0.6416484117507935
4673 0.2886061072349548 0 -0.6412097811698914
4674 0.2883326709270477 0.01786565966904163 -0.6416484117507935
4675 0.2875151932239532 0.0356406569480896 -0.6429598331451416
4676 0.2861620485782623 0.05323587730526924 -0.6451306343078613
4677 0.2842869162559509 0.07056522369384766 -0.6481387615203857
4678 0.2819085419178009 0.08754703402519226 -0.6519542932510376
4679 0.2790501713752747 0.1041053310036659 -0.6565398573875427
4680 0.2757389843463898 0.1201708689332008 -0.6618517637252808
4681 0.2720056176185608 0.1356820613145828 -0.6678410172462463
4682 0.2678831815719604 0.1505855768918991 -0.674454391002655
4683 0.2634068131446838 0.1648368239402771 -0.6816356182098389
4684 0.2586126923561096 0.1784000396728516 -0.6893265247344971
4685 0.253537505865097 0.1912483423948288 -0.6974684000015259
4686 0.2482175529003143 0.203363448381424 -0.7060028910636902
4687 0.2426882982254028 0.2147351801395416 -0.714873194694519
4688 0.2369835376739502 0.2253609746694565 -0.7240250110626221
4689 0.2311351597309113 0.235245019197464 -0.7334072589874268
4690 0.2251725196838379 0.2443975359201431 -0.7429727911949158
4691 0.2191221117973328 0.2528338134288788 -0.7526791095733643
4692 0.2130074799060822 0.2605732977390289 -0.7624884843826294
4693 0.2068488597869873 0.267638623714447 -0.7723684310913086
4694 0.2006631791591644 0.274054616689682 -0.7822917699813843
4695 0.1944640576839447 0.2798475027084351 -0.7922366857528687
4696 0.188261866569519 0.2850439250469208 -0.8021865487098694
4697 0.1820638179779053 0.2896702289581299 -0.8121297359466553
4698 0.1758742034435272 0.29375159740448 -0.8220593333244324
4699 0.1696946322917938 0.2973115742206573 -0.8319729566574097
4700 0.1635241508483887 0.3003712594509125 -0.8418718576431274
4701 0.157359778881073 0.3029489815235138 -0.8517610430717468
4702 0.15119668841362 0.3050597608089447 -0.8616481423377991
4703 0.1450285464525223 0.3067149817943573 -0.8715433478355408
4704 0.1388479769229889 0.3079220354557037 -0.8814585208892822
4705 0.1326468884944916 0.3086842596530914 -0.8914065957069397
4706 0.1264168620109558 0.3090006113052368 -0.9014010429382324
4707 0.1201496049761772 0.3088657855987549 -0.9114552736282349
4708 0.1138373091816902 0.3082700073719025 -0.9215817451477051
4709 0.1074730828404427 0.3071992695331573 -0.9317915439605713
4710 0.101051352918148 0.3056354224681854 -0.942093551158905
4711 0.09456826001405716 0.3035564124584198 -0.9524940252304077
4712 0.08802209049463272 0.3009366393089294 -0.962995707988739
4713 0.08141355961561203 0.2977473139762878 -0.9735974073410034
4714 0.074746273458004 0.2939571142196655 -0.9842934012413025
4715 0.06802693754434586 0.2895326614379883 -0.9950728416442871
4716 0.061265729367733 0.2844393253326416 -1.005919456481934
4717 0.05447644740343094 0.2786420583724976 -1.01681113243103
4718 0.04767676442861557 0.2721063196659088 -1.027719497680664
4719 0.04088821262121201 0.2647991180419922 -1.038609981536865
4720 0.03413630276918411 0.2566899657249451 -1.049441695213318
4721 0.02745039202272892 0.2477522492408752 -1.060167551040649
4722 0.0208634901791811 0.2379641979932785 -1.07073450088501
4723 0.01441204734146595 0.2273101657629013 -1.081084251403809
4724 0.0081354770809412 0.2157816886901855 -1.091153383255005
4725 0.002075703348964453 0.2033786028623581 -1.100874781608582
4726 -0.003723463509231806 0.1901099532842636 -1.110178112983704
4727 -0.00921705923974514 0.1759947389364243 -1.118991136550903
4728 -0.01435971073806286 0.161062553524971 -1.127241253852844
4729 -0.0191065575927496 0.1453539133071899 -1.134856343269348
4730 -0.02341409586369991 0.128920316696167 -1.141766667366028
4731 -0.027241175994277 0.1118241250514984 -1.147906303405762
4732 -0.03054985962808132 0.09413795918226242 -1.1532142162323
4733 -0.03330633044242859 0.07594399899244308 -1.157636284828186
4734 -0.03548167645931244 0.05733288452029228 -1.161126017570496
4735 -0.03705264627933502 0.03840235248208046 -1.163646221160889
4736 -0.03800217434763908 0.01925569027662277 -1.165169477462769
4737 -0.01359964720904827 3.784281157514157e-17 -1.180467128753662
4738 -0.01326199434697628 -0.02046758122742176 -1.17987859249115
4739 -0.01225338689982891 -0.04080203548073769 -1.178120255470276
4740 -0.01058675162494183 -0.06087292358279228 -1.175214886665344
4741 -0.008283225819468498 -0.08055508136749268 -1.171199202537537
4742 -0.005371561739593744 -0.09973102807998657 -1.166123390197754
4743 -0.001887342310510576 -0.1182930618524551 -1.160049438476562
4744 0.002127984073013067 -0.1361450701951981 -1.15304958820343
4745 0.006628186907619238 -0.1532038897275925 -1.145204424858093
4746 0.01156341470777988 -0.1694002747535706 -1.136600971221924
4747 0.01688141562044621 -0.1846794337034225 -1.127330183982849
4748 0.02252872474491596 -0.1990010738372803 -1.117485404014587
4749 0.02845183946192265 -0.2123391479253769 -1.107159733772278
4750 0.03459829837083817 -0.2246811985969543 -1.096444725990295
4751 0.04091761261224747 -0.2360273003578186 -1.085428357124329
4752 0.04736218601465225 -0.2463889271020889 -1.074193716049194
4753 0.05388797074556351 -0.2557874917984009 -1.062817454338074
4754 0.06045500189065933 -0.264252781867981 -1.051369309425354
4755 0.06702787429094315 -0.2718214392662048 -1.039910912513733
4756 0.0735759511590004 -0.2785353362560272 -1.028495788574219
4757 0.08007349818944931 -0.2844399809837341 -1.017168760299683
4758 0.08649968355894089 -0.2895829975605011 -1.005966186523438
4759 0.09283848851919174 -0.2940128445625305 -0.9949159026145935
4760 0.09907852858304977 -0.2977775931358337 -0.9840377569198608
4761 0.1052127555012703 -0.3009236752986908 -0.973344087600708
4762 0.1112381145358086 -0.3034951090812683 -0.9628402590751648
4763 0.1171552017331123 -0.3055325746536255 -0.9525250792503357
4764 0.1229678615927696 -0.3070728778839111 -0.9423919916152954
4765 0.1286827027797699 -0.3081483244895935 -0.9324294328689575
4766 0.1343086957931519 -0.3087863624095917 -0.9226217865943909
4767 0.1398566663265228 -0.3090094029903412 -0.9129501581192017
4768 0.1453389227390289 -0.3088344633579254 -0.903393030166626
4769 0.1507686972618103 -0.3082732260227203 -0.8939274549484253
4770 0.1561597585678101 -0.3073318600654602 -0.8845293521881104
4771 0.1615259349346161 -0.3060112297534943 -0.8751745820045471
4772 0.1668806970119476 -0.3043069839477539 -0.8658397197723389
4773 0.1722367107868195 -0.3022096157073975 -0.8565027117729187
4774 0.1776054203510284 -0.2997048497200012 -0.8471435904502869
4775 0.1829966008663177 -0.2967738807201385 -0.8377452492713928
4776 0.188418060541153 -0.2933937311172485 -0.8282940983772278
4777 0.1938751935958862 -0.2895377576351166 -0.818780779838562
4778 0.1993706226348877 -0.2851762175559998 -0.8092007637023926
4779 0.2049039304256439 -0.2802767753601074 -0.7995546460151672
4780 0.2104713022708893 -0.2748053669929504 -0.7898491621017456
4781 0.2160654067993164 -0.2687269151210785 -0.7800970673561096
4782 0.2216750681400299 -0.2620062232017517 -0.7703179121017456
4783 0.2272852659225464 -0.2546091079711914 -0.7605377435684204
4784 0.2328770458698273 -0.2465033084154129 -0.7507897019386292
4785 0.2384275496006012 -0.237659752368927 -0.7411136627197266
4786 0.2439101934432983 -0.2280536442995071 -0.7315558791160583
4787 0.2492948472499847 -0.2176657170057297 -0.7221689224243164
4788 0.2545482516288757 -0.2064833641052246 -0.7130107879638672
4789 0.2596344947814941 -0.1945017874240875 -0.7041440606117249
4790 0.2645153999328613 -0.1817249059677124 -0.6956352591514587
4791 0.2691514492034912 -0.168166309595108 -0.687553346157074
4792 0.2735022902488708 -0.1538498848676682 -0.6799686551094055
4793 0.2775277197360992 -0.1388101875782013 -0.6729511618614197
4794 0.2811885178089142 -0.1230927407741547 -0.6665694117546082
4795 0.2844472825527191 -0.106753759086132 -0.6608884930610657
4796 0.2872693836688995 -0.08985982090234756 -0.6559687256813049
4797 0.289623886346817 -0.07248707860708237 -0.6518641710281372
4798 0.2914841771125793 -0.0547201968729496 -0.6486212015151978
4799 0.2928287982940674 -0.03665107116103172 -0.6462771892547607
4800 0.293641984462738 -0.01837721094489098 -0.6448595523834229
4801 0.2939141392707825 0 -0.6443850994110107
4802 0.293641984462738 0.01837721094489098 -0.6448595523834229
4803 0.2928287982940674 0.03665107116103172 -0.6462771892547607
4804 0.2914841771125793 0.0547201968729496 -0.6486212015151978
4805 0.289623886346817 0.07248707860708237 -0.6518641710281372
4806 0.2872693836688995 0.08985982090234756 -0.6559687256813049
4807 0.2844472825527191 0.106753759086132 -0.6608884930610657
4808 0.2811885178089142 0.1230927407741547 -0.6665694117546082
4809 0.2775277197360992 0.1388101875782013 -0.6729511618614197
4810 0.2735022902488708 0.1538498848676682 -0.6799686551094055
4811 0.2691514492034912 0.168166309595108 -0.687553346157074
4812 0.2645153999328613 0.1817249059677124 -0.6956352591514587
4813 0.2596344947814941 0.1945017874240875 -0.7041440606117249
4814 0.2545482516288757 0.2064833641052246 -0.7130107879638672
4815 0.2492948472499847 0.2176657170057297 -0.7221689224243164
4816 0.2439101934432983 0.2280536442995071 -0.7315558791160583
4817 0.2384275496006012 0.237659752368927 -0.7411136627197266
4818 0.2328770458698273 0.2465033084154129 -0.7507897019386292
4819 0.2272852659225464 0.2546091079711914 -0.7605377435684204
4820 0.2216750681400299 0.2620062232017517 -0.7703179121017456
4821 0.2160654067993164 0.2687269151210785 -0.7800970673561096
4822 0.2104713022708893 0.2748053669929504 -0.7898491621017456
4823 0.2049039304256439 0.2802767753601074 -0.7995546460151672
4824 0.1993706226348877 0.2851762175559998 -0.8092007637023926
4825 0.1938751935958862 0.2895377576351166 -0.818780779838562
4826 0.188418060541153 0.2933937311172485 -0.8282940983772278
4827 0.1829966008663177 0.2967738807201385 -0.8377452492713928
4828 0.1776054203510284 0.2997048497200012 -0.8471435904502869
4829 0.1722367107868195 0.3022096157073975 -0.8565027117729187
4830 0.1668806970119476 0.3043069839477539 -0.8658397197723389
4831 0.1615259349346161 0.3060112297534943 -0.8751745820045471
4832 0.1561597585678101 0.3073318600654602 -0.8845293521881104
4833 0.1507686972618103 0.3082732260227203 -0.8939274549484253
4834 0.1453389227390289 0.3088344633579254 -0.903393030166626
4835 0.1398566663265228 0.3090094029903412 -0.9129501581192017
4836 0.1343086957931519 0.3087863624095917 -0.9226217865943909
4837 0.1286827027797699 0.3081483244895935 -0.9324294328689575
4838 0.1229678615927696 0.3070728778839111 -0.9423919916152954
4839 0.1171552017331123 0.3055325746536255 -0.9525250792503357
4840 0.1112381145358086 0.3034951090812683 -0.9628402590751648
4841 0.1052127555012703 0.3009236752986908 -0.973344087600708
4842 0.09907852858304977 0.2977775931358337 -0.9840377569198608
4843 0.09283848851919174 0.2940128445625305 -0.9949159026145935
4844 0.08649968355894089 0.2895829975605011 -1.005966186523438
4845 0.08007349818944931 0.2844399809837341 -1.017168760299683
4846 0.0735759511590004 0.2785353362560272 -1.028495788574219
4847 0.06702787429094315 0.2718214392662048 -1.039910912513733
4848 0.06045500189065933 0.264252781867981 -1.051369309425354
4849 0.05388797074556351 0.2557874917984009 -1.062817454338074
4850 0.04736218601465225 0.2463889271020889 -1.074193716049194
4851 0.04091761261224747 0.2360273003578186 -1.085428357124329
4852 0.03459829837083817 0.2246811985969543 -1.096444725990295
4853 0.02845183946192265 0.2123391479253769 -1.107159733772278
4854 0.02252872474491596 0.1990010738372803 -1.117485404014587
4855 0.01688141562044621 0.1846794337034225 -1.127330183982849
4856 0.01156341470777988 0.1694002747535706 -1.136600971221924
4857 0.006628186907619238 0.1532038897275925 -1.145204424858093
4858 0.002127984073013067 0.1361450701951981 -1.15304958820343
4859 -0.001887342310510576 0.1182930618524551 -1.160049438476562
4860 -0.005371561739593744 0.09973102807998657 -1.166123390197754
4861 -0.008283225819468498 0.08055508136749268 -1.171199202537537
4862 -0.01058675162494183 0.06087292358279228 -1.175214886665344
4863 -0.01225338689982891 0.04080203548073769 -1.178120255470276
4864 -0.01326199434697628 0.02046758122742176 -1.17987859249115
4865 0.01120124943554401 3.784281157514157e-17 -1.194107055664062
4866 0.01155215688049793 -0.02155797742307186 -1.193440914154053
4867 0.01259982027113438 -0.04295975714921951 -1.191452026367188
4868 0.01432920433580875 -0.06405259668827057 -1.188169121742249
4869 0.01671580411493778 -0.08469057083129883 -1.183638572692871
4870 0.01972633041441441 -0.1047376021742821 -1.177923560142517
4871 0.02331970073282719 -0.1240701526403427 -1.171102166175842
4872 0.0274482611566782 -0.1425794363021851 -1.163264751434326
4873 0.03205911070108414 -0.1601730734109879 -1.15451180934906
4874 0.03709547966718674 -0.1767762303352356 -1.144951105117798
4875 0.04249826818704605 -0.1923320442438126 -1.134694814682007
4876 0.04820739477872849 -0.2068016231060028 -1.123856902122498
4877 0.05416325479745865 -0.2201634645462036 -1.112550735473633
4878 0.06030788272619247 -0.2324123829603195 -1.100886106491089
4879 0.06658612936735153 -0.2435581535100937 -1.08896791934967
4880 0.07294657081365585 -0.2536237239837646 -1.07689368724823
4881 0.07934220880270004 -0.2626433670520782 -1.064752578735352
4882 0.08573117107152939 -0.2706606388092041 -1.052624225616455
4883 0.09207694977521896 -0.2777262926101685 -1.04057776927948
4884 0.09834868460893631 -0.2838962972164154 -1.028671979904175
4885 0.1045212373137474 -0.2892298102378845 -1.016954302787781
4886 0.1105750724673271 -0.2937875390052795 -1.005462169647217
4887 0.1164960637688637 -0.2976300418376923 -0.9942221641540527
4888 0.1222752258181572 -0.3008162677288055 -0.9832513928413391
4889 0.1279083490371704 -0.3034025132656097 -0.9725578427314758
4890 0.1333955526351929 -0.3054412305355072 -0.9621412754058838
4891 0.1387408375740051 -0.3069803416728973 -0.9519941210746765
4892 0.1439516544342041 -0.3080626428127289 -0.9421022534370422
4893 0.1490383297204971 -0.3087251782417297 -0.9324460625648499
4894 0.1540136337280273 -0.3089991509914398 -0.9230012893676758
4895 0.1588922142982483 -0.3089095652103424 -0.9137400388717651
4896 0.1636902391910553 -0.3084751665592194 -0.9046318531036377
4897 0.1684247255325317 -0.3077084720134735 -0.8956441879272461
4898 0.1731132566928864 -0.3066158592700958 -0.8867437839508057
4899 0.1777734160423279 -0.3051975965499878 -0.8778972029685974
4900 0.1824223399162292 -0.3034480214118958 -0.8690719604492188
4901 0.1870763599872589 -0.3013558685779572 -0.8602371215820312
4902 0.1917504072189331 -0.2989043891429901 -0.8513641953468323
4903 0.1964578032493591 -0.2960717976093292 -0.8424279689788818
4904 0.2012097239494324 -0.2928315401077271 -0.8334072232246399
4905 0.2060147821903229 -0.2891528308391571 -0.824285626411438
4906 0.2108787596225739 -0.2850011587142944 -0.8150521516799927
4907 0.2158041596412659 -0.280338853597641 -0.8057021498680115
4908 0.220789909362793 -0.2751259505748749 -0.7962374687194824
4909 0.2258312106132507 -0.2693209052085876 -0.7866674065589905
4910 0.2309190928936005 -0.2628816366195679 -0.7770089507102966
4911 0.2360403835773468 -0.2557665705680847 -0.7672869563102722
4912 0.2411777079105377 -0.2479358017444611 -0.7575346231460571
4913 0.2463092803955078 -0.2393524795770645 -0.7477931976318359
4914 0.2514091730117798 -0.2299840301275253 -0.7381118535995483
4915 0.2564474940299988 -0.2198036313056946 -0.7285474538803101
4916 0.2613906860351562 -0.2087915688753128 -0.7191635966300964
4917 0.2662020325660706 -0.1969365924596786 -0.7100300788879395
4918 0.2708422243595123 -0.1842371374368668 -0.7012214064598083
4919 0.2752700448036194 -0.1707024723291397 -0.692815899848938
4920 0.2794432044029236 -0.1563535034656525 -0.6848939061164856
4921 0.2833191752433777 -0.1412234157323837 -0.6775360107421875
4922 0.2868562638759613 -0.125357985496521 -0.6708213686943054
4923 0.2900145351886749 -0.108815535902977 -0.6648259162902832
4924 0.2927568554878235 -0.09166645258665085 -0.6596201062202454
4925 0.295049786567688 -0.07399243861436844 -0.6552673578262329
4926 0.2968646287918091 -0.05588528513908386 -0.6518221497535706
4927 0.2981781661510468 -0.03744535148143768 -0.6493286490440369
4928 0.2989732623100281 -0.01877969317138195 -0.6478192806243896
4929 0.2992394864559174 0 -0.6473138928413391
4930 0.2989732623100281 0.01877969317138195 -0.6478192806243896
4931 0.2981781661510468 0.03744535148143768 -0.6493286490440369
4932 0.2968646287918091 0.05588528513908386 -0.6518221497535706
4933 0.295049786567688 0.07399243861436844 -0.6552673578262329
4934 0.2927568554878235 0.09166645258665085 -0.6596201062202454
4935 0.2900145351886749 0.108815535902977 -0.6648259162902832
4936 0.2868562638759613 0.125357985496521 -0.6708213686943054
4937 0.2833191752433777 0.1412234157323837 -0.6775360107421875
4938 0.2794432044029236 0.1563535034656525 -0.6848939061164856
4939 0.2752700448036194 0.1707024723291397 -0.692815899848938
4940 0.2708422243595123 0.1842371374368668 -0.7012214064598083
4941 0.2662020325660706 0.1969365924596786 -0.7100300788879395
4942 0.2613906860351562 0.2087915688753128 -0.7191635966300964
4943 0.2564474940299988 0.2198036313056946 -0.7285474538803101
4944 0.2514091730117798 0.2299840301275253 -0.7381118535995483
4945 0.2463092803955078 0.2393524795770645 -0.7477931976318359
4946 0.2411777079105377 0.2479358017444611 -0.7575346231460571
4947 0.2360403835773468 0.2557665705680847 -0.7672869563102722
4948 0.2309190928936005 0.2628816366195679 -0.7770089507102966
4949 0.2258312106132507 0.2693209052085876 -0.7866674065589905
4950 0.220789909362793 0.2751259505748749 -0.7962374687194824
4951 0.2158041596412659 0.280338853597641 -0.8057021498680115
4952 0.2108787596225739 0.2850011587142944 -0.8150521516799927
4953 0.2060147821903229 0.2891528308391571 -0.824285626411438
4954 0.2012097239494324 0.2928315401077271 -0.8334072232246399
4955 0.1964578032493591 0.2960717976093292 -0.8424279689788818
4956 0.1917504072189331 0.2989043891429901 -0.8513641953468323
4957 0.1870763599872589 0.3013558685779572 -0.8602371215820312
4958 0.1824223399162292 0.3034480214118958 -0.8690719604492188
4959 0.1777734160423279 0.3051975965499878 -0.8778972029685974
4960 0.1731132566928864 0.3066158592700958 -0.8867437839508057
4961 0.1684247255325317 0.3077084720134735 -0.8956441879272461
4962 0.1636902391910553 0.3084751665592194 -0.9046318531036377
4963 0.1588922142982483 0.3089095652103424 -0.9137400388717651
4964 0.1540136337280273 0.3089991509914398 -0.9230012893676758
4965 0.1490383297204971 0.3087251782417297 -0.9324460625648499
4966 0.1439516544342041 0.3080626428127289 -0.9421022534370422
4967 0.1387408375740051 0.3069803416728973 -0.9519941210746765
4968 0.1333955526351929 0.3054412305355072 -0.9621412754058838
4969 0.1279083490371704 0.3034025132656097 -0.9725578427314758
4970 0.1222752258181572 0.3008162677288055 -0.9832513928413391
4971 0.1164960637688637 0.2976300418376923 -0.9942221641540527
4972 0.1105750724673271 0.2937875390052795 -1.005462169647217
4973 0.1045212373137474 0.2892298102378845 -1.016954302787781
4974 0.09834868460893631 0.2838962972164154 -1.028671979904175
4975 0.09207694977521896 0.2777262926101685 -1.04057776927948
4976 0.08573117107152939 0.2706606388092041 -1.052624225616455
4977 0.07934220880270004 0.2626433670520782 -1.064752578735352
4978 0.07294657081365585 0.2536237239837646 -1.07689368724823
4979 0.06658612936735153 0.2435581535100937 -1.08896791934967
4980 0.06030788272619247 0.2324123829603195 -1.100886106491089
4981 0.05416325479745865 0.2201634645462036 -1.112550735473633
4982 0.04820739477872849 0.2068016231060028 -1.123856902122498
4983 0.04249826818704605 0.1923320442438126 -1.134694814682007
4984 0.03709547966718674 0.1767762303352356 -1.144951105117798
4985 0.03205911070108414 0.1601730734109879 -1.15451180934906
4986 0.0274482611566782 0.1425794363021851 -1.163264751434326
4987 0.02331970073282719 0.1240701526403427 -1.171102166175842
4988 0.01972633041441441 0.1047376021742821 -1.177923560142517
4989 0.01671580411493778 0.08469057083129883 -1.183638572692871
4990 0.01432920433580875 0.06405259668827057 -1.188169121742249
4991 0.01259982027113438 0.04295975714921951 -1.191452026367188
4992 0.01155215688049793 0.02155797742307186 -1.193440914154053
4993 0.0359632596373558 3.784281157514157e-17 -1.20659875869751
4994 0.03632111102342606 -0.02254316583275795 -1.205857157707214
4995 0.03738901764154434 -0.0449078343808651 -1.203644156455994
4996 0.03915027529001236 -0.06691978126764297 -1.199994325637817
4997 0.04157759994268417 -0.08841317147016525 -1.194964170455933
4998 0.04463406652212143 -0.1092342585325241 -1.188630342483521
4999 0.04827422648668289 -0.1292446851730347 -1.181086897850037
5000 0.05244552344083786 -0.1483240723609924 -1.17244279384613
5001 0.05708981305360794 -0.1663719564676285 -1.162818431854248
5002 0.06214507669210434 -0.1833090335130692 -1.152342438697815
5003 0.0675470307469368 -0.1990775316953659 -1.141148090362549
5004 0.07323076575994492 -0.2136409729719162 -1.129369735717773
5005 0.0791323110461235 -0.2269833385944366 -1.117140054702759
5006 0.08519002050161362 -0.2391075044870377 -1.104586720466614
5007 0.09134570509195328 -0.250033438205719 -1.091830372810364
5008 0.09754567593336105 -0.2597959339618683 -1.07898223400116
5009 0.1037415191531181 -0.2684421539306641 -1.066142559051514
5010 0.1098906174302101 -0.2760291695594788 -1.053399920463562
5011 0.1159564778208733 -0.2826213240623474 -1.040829658508301
5012 0.12190892547369 -0.288287878036499 -1.028494477272034
5013 0.1277240365743637 -0.2931008040904999 -1.016443967819214
5014 0.1333839744329453 -0.2971324920654297 -1.004714965820312
5015 0.1388767510652542 -0.3004542291164398 -0.9933323264122009
5016 0.1441957652568817 -0.3031344711780548 -0.9823098182678223
5017 0.1493394374847412 -0.3052376508712769 -0.9716506004333496
5018 0.1543106734752655 -0.3068231046199799 -0.9613487720489502
5019 0.1591163575649261 -0.3079443573951721 -0.9513900279998779
5020 0.1637668311595917 -0.3086486160755157 -0.9417529106140137
5021 0.1682753264904022 -0.3089762628078461 -0.9324100613594055
5022 0.1726574599742889 -0.3089607656002045 -0.9233289957046509
5023 0.1769307553768158 -0.3086285293102264 -0.9144734740257263
5024 0.181114137172699 -0.3079990744590759 -0.9058043360710144
5025 0.1852273344993591 -0.307084858417511 -0.8972805738449097
5026 0.1892906129360199 -0.3058916926383972 -0.888860285282135
5027 0.1933241188526154 -0.3044187724590302 -0.8805016875267029
5028 0.1973476111888885 -0.3026589751243591 -0.8721638321876526
5029 0.2013798952102661 -0.300599068403244 -0.8638077974319458
5030 0.2054384648799896 -0.2982200682163239 -0.8553972840309143
5031 0.2095390260219574 -0.2954974472522736 -0.8468997478485107
5032 0.213695228099823 -0.292401522397995 -0.8382868766784668
5033 0.2179180681705475 -0.2888979911804199 -0.829535961151123
5034 0.2222156226634979 -0.2849482893943787 -0.8206301331520081
5035 0.2265927195549011 -0.2805103361606598 -0.8115595579147339
5036 0.2310505211353302 -0.2755391001701355 -0.80232173204422
5037 0.2355861365795135 -0.2699876129627228 -0.7929226160049438
5038 0.2401926219463348 -0.2638077735900879 -0.7833766341209412
5039 0.2448585629463196 -0.2569516897201538 -0.7737075090408325
5040 0.2495679557323456 -0.249372735619545 -0.7639482617378235
5041 0.2543003261089325 -0.2410271167755127 -0.7541414499282837
5042 0.2590306401252747 -0.2318752855062485 -0.7443388104438782
5043 0.2637296617031097 -0.221883550286293 -0.7346011400222778
5044 0.2683640420436859 -0.2110256254673004 -0.724997341632843
5045 0.2728969752788544 -0.1992842704057693 -0.7156038284301758
5046 0.2772886455059052 -0.186652734875679 -0.7065029740333557
5047 0.2814970314502716 -0.1731360852718353 -0.6977819800376892
5048 0.2854787111282349 -0.1587523221969604 -0.6895308494567871
5049 0.2891897857189178 -0.1435331702232361 -0.6818404197692871
5050 0.2925869822502136 -0.1275245249271393 -0.6748003959655762
5051 0.295628696680069 -0.1107864677906036 -0.6684971451759338
5052 0.2982760071754456 -0.09339290857315063 -0.6630111336708069
5053 0.3004938662052155 -0.07543069124221802 -0.6584150791168213
5054 0.3022520840167999 -0.05699829757213593 -0.6547715067863464
5055 0.3035261332988739 -0.03820407018065453 -0.6521313190460205
5056 0.3042979538440704 -0.01916414499282837 -0.6505318880081177
5057 0.3045564889907837 0 -0.6499961614608765
5058 0.3042979538440704 0.01916414499282837 -0.6505318880081177
5059 0.3035261332988739 0.03820407018065453 -0.6521313190460205
5060 0.3022520840167999 0.05699829757213593 -0.6547715067863464
5061 0.3004938662052155 0.07543069124221802 -0.6584150791168213
5062 0.2982760071754456 0.09339290857315063 -0.6630111336708069
5063 0.295628696680069 0.1107864677906036 -0.6684971451759338
5064 0.2925869822502136 0.1275245249271393 -0.6748003959655762
5065 0.2891897857189178 0.1435331702232361 -0.6818404197692871
5066 0.2854787111282349 0.1587523221969604 -0.6895308494567871
5067 0.2814970314502716 0.1731360852718353 -0.6977819800376892
5068 0.2772886455059052 0.186652734875679 -0.7065029740333557
5069 0.2728969752788544 0.1992842704057693 -0.7156038284301758
5070 0.2683640420436859 0.2110256254673004 -0.724997341632843
5071 0.2637296617031097 0.221883550286293 -0.7346011400222778
5072 0.2590306401252747 0.2318752855062485 -0.7443388104438782
5073 0.2543003261089325 0.2410271167755127 -0.7541414499282837
5074 0.2495679557323456 0.249372735619545 -0.7639482617378235
5075 0.2448585629463196 0.2569516897201538 -0.7737075090408325
5076 0.2401926219463348 0.2638077735900879 -0.7833766341209412
5077 0.2355861365795135 0.2699876129627228 -0.7929226160049438
5078 0.2310505211353302 0.2755391001701355 -0.80232173204422
5079 0.2265927195549011 0.2805103361606598 -0.8115595579147339
5080 0.2222156226634979 0.2849482893943787 -0.8206301331520081
5081 0.2179180681705475 0.2888979911804199 -0.829535961151123
5082 0.213695228099823 0.292401522397995 -0.8382868766784668
5083 0.2095390260219574 0.2954974472522736 -0.8468997478485107
5084 0.2054384648799896 0.2982200682163239 -0.8553972840309143
5085 0.2013798952102661 0.300599068403244 -0.8638077974319458
5086 0.1973476111888885 0.3026589751243591 -0.8721638321876526
5087 0.1933241188526154 0.3044187724590302 -0.8805016875267029
5088 0.1892906129360199 0.3058916926383972 -0.888860285282135
5089 0.1852273344993591 0.307084858417511 -0.8972805738449097
5090 0.181114137172699 0.3079990744590759 -0.9058043360710144
5091 0.1769307553768158 0.3086285293102264 -0.9144734740257263
5092 0.1726574599742889 0.3089607656002045 -0.9233289957046509
5093 0.1682753264904022 0.3089762628078461 -0.9324100613594055
5094 0.1637668311595917 0.3086486160755157 -0.9417529106140137
5095 0.1591163575649261 0.3079443573951721 -0.9513900279998779
5096 0.1543106734752655 0.3068231046199799 -0.9613487720489502
5097 0.1493394374847412 0.3052376508712769 -0.9716506004333496
5098 0.1441957652568817 0.3031344711780548 -0.9823098182678223
5099 0.1388767510652542 0.3004542291164398 -0.9933323264122009
5100 0.1333839744329453 0.2971324920654297 -1.004714965820312
5101 0.1277240365743637 0.2931008040904999 -1.016443967819214
5102 0.12190892547369 0.288287878036499 -1.028494477272034
5103 0.1159564778208733 0.2826213240623474 -1.040829658508301
5104 0.1098906174302101 0.2760291695594788 -1.053399920463562
5105 0.1037415191531181 0.2684421539306641 -1.066142559051514
5106 0.09754567593336105 0.2597959339618683 -1.07898223400116
5107 0.09134570509195328 0.250033438205719 -1.091830372810364
5108 0.08519002050161362 0.2391075044870377 -1.104586720466614
5109 0.0791323110461235 0.2269833385944366 -1.117140054702759
5110 0.07323076575994492 0.2136409729719162 -1.129369735717773
5111 0.0675470307469368 0.1990775316953659 -1.141148090362549
5112 0.06214507669210434 0.1833090335130692 -1.152342438697815
5113 0.05708981305360794 0.1663719564676285 -1.162818431854248
5114 0.05244552344083786 0.1483240723609924 -1.17244279384613
5115 0.04827422648668289 0.1292446851730347 -1.181086897850037
5116 0.04463406652212143 0.1092342585325241 -1.188630342483521
5117 0.04157759994268417 0.08841317147016525 -1.194964170455933
5118 0.03915027529001236 0.06691978126764297 -1.199994325637817
5119 0.03738901764154434 0.0449078343808651 -1.203644156455994
5120 0.03632111102342606 0.02254316583275795 -1.205857157707214
5121 0.06056735664606094 3.784281157514157e-17 -1.217953681945801
5122 0.06092605739831924 -0.02342711389064789 -1.217139840126038
5123 0.06199609488248825 -0.04665450379252434 -1.214712262153625
5124 0.06375948339700699 -0.06948754191398621 -1.210711717605591
5125 0.06618694216012955 -0.09174154698848724 -1.205204606056213
5126 0.06923884898424149 -0.1132462546229362 -1.198280811309814
5127 0.07286658138036728 -0.133849561214447 -1.190050601959229
5128 0.07701409608125687 -0.1534206122159958 -1.180641293525696
5129 0.08161958307027817 -0.1718519479036331 -1.170192837715149
5130 0.0866173729300499 -0.1890607476234436 -1.158854484558105
5131 0.0919397845864296 -0.2049892693758011 -1.146779656410217
5132 0.09751882404088974 -0.2196042537689209 -1.134122490882874
5133 0.1032879129052162 -0.232895702123642 -1.121034264564514
5134 0.1091833338141441 -0.2448750138282776 -1.107659459114075
5135 0.1151454225182533 -0.2555725276470184 -1.094133377075195
5136 0.1211196854710579 -0.2650348246097565 -1.08057963848114
5137 0.1270574778318405 -0.273321658372879 -1.067108750343323
5138 0.1329164952039719 -0.2805030345916748 -1.053816437721252
5139 0.1386611461639404 -0.2866562306880951 -1.040783762931824
5140 0.144262507557869 -0.2918629050254822 -1.028075933456421
5141 0.149698331952095 -0.2962065041065216 -1.015743851661682
5142 0.154952734708786 -0.2997700572013855 -1.003823280334473
5143 0.1600158214569092 -0.302634209394455 -0.9923368096351624
5144 0.1648832261562347 -0.3048754632472992 -0.9812941551208496
5145 0.1695557236671448 -0.30656498670578 -0.9706937670707703
5146 0.17403843998909 -0.3077676296234131 -0.9605239033699036
5147 0.1783405840396881 -0.3085411787033081 -0.9507637023925781
5148 0.182474672794342 -0.3089359402656555 -0.9413847923278809
5149 0.186456024646759 -0.3089943826198578 -0.9323523640632629
5150 0.1903022825717926 -0.3087513148784637 -0.9236263632774353
5151 0.1940329372882843 -0.3082336187362671 -0.9151628017425537
5152 0.1976686120033264 -0.3074606955051422 -0.9069145321846008
5153 0.20123091340065 -0.3064444065093994 -0.8988327980041504
5154 0.2047417163848877 -0.3051895201206207 -0.8908679485321045
5155 0.2082228064537048 -0.3036938905715942 -0.8829704523086548
5156 0.2116955816745758 -0.3019488155841827 -0.8750918507575989
5157 0.215180367231369 -0.2999391257762909 -0.8671859502792358
5158 0.2186962962150574 -0.2976436614990234 -0.859209418296814
5159 0.2222607135772705 -0.2950355708599091 -0.8511229157447815
5160 0.2258888185024261 -0.2920825481414795 -0.8428919315338135
5161 0.2295932769775391 -0.2887472212314606 -0.8344876170158386
5162 0.2333838939666748 -0.28498774766922 -0.82588791847229
5163 0.2372671365737915 -0.2807582318782806 -0.8170781135559082
5164 0.2412458062171936 -0.27600958943367 -0.8080517649650574
5165 0.2453188002109528 -0.2706900835037231 -0.7988114356994629
5166 0.2494806945323944 -0.2647466957569122 -0.7893694043159485
5167 0.253721684217453 -0.258125901222229 -0.7797480225563049
5168 0.2580272257328033 -0.2507753074169159 -0.7699801325798035
5169 0.2623781561851501 -0.2426449507474899 -0.7601092457771301
5170 0.2667506039142609 -0.2336890548467636 -0.750189483165741
5171 0.2711162567138672 -0.2238676697015762 -0.7402852177619934
5172 0.275442510843277 -0.2131485491991043 -0.7304702997207642
5173 0.2796930074691772 -0.2015088647603989 -0.7208272814750671
5174 0.2838281393051147 -0.1889369934797287 -0.7114459872245789
5175 0.2878058254718781 -0.175434023141861 -0.7024219036102295
5176 0.291582316160202 -0.1610151082277298 -0.6938542723655701
5177 0.2951131761074066 -0.1457104235887527 -0.685843825340271
5178 0.29835444688797 -0.1295658349990845 -0.6784904003143311
5179 0.3012636303901672 -0.1126429662108421 -0.6718904376029968
5180 0.3038009405136108 -0.09501887112855911 -0.6661341190338135
5181 0.3059303760528564 -0.0767851322889328 -0.6613031029701233
5182 0.3076208531856537 -0.05804641544818878 -0.6574679017066956
5183 0.3088470995426178 -0.03891855478286743 -0.654685914516449
5184 0.3095904886722565 -0.01952618174254894 -0.6529994606971741
5185 0.3098395764827728 0 -0.6524343490600586
5186 0.3095904886722565 0.01952618174254894 -0.6529994606971741
5187 0.3088470995426178 0.03891855478286743 -0.654685914516449
5188 0.3076208531856537 0.05804641544818878 -0.6574679017066956
5189 0.3059303760528564 0.0767851322889328 -0.6613031029701233
5190 0.3038009405136108 0.09501887112855911 -0.6661341190338135
5191 0.3012636303901672 0.1126429662108421 -0.6718904376029968
5192 0.29835444688797 0.1295658349990845 -0.6784904003143311
5193 0.2951131761074066 0.1457104235887527 -0.685843825340271
5194 0.291582316160202 0.1610151082277298 -0.6938542723655701
5195 0.2878058254718781 0.175434023141861 -0.7024219036102295
5196 0.2838281393051147 0.1889369934797287 -0.7114459872245789
5197 0.2796930074691772 0.2015088647603989 -0.7208272814750671
5198 0.275442510843277 0.2131485491991043 -0.7304702997207642
5199 0.2711162567138672 0.2238676697015762 -0.7402852177619934
5200 0.2667506039142609 0.2336890548467636 -0.750189483165741
5201 0.2623781561851501 0.2426449507474899 -0.7601092457771301
5202 0.2580272257328033 0.2507753074169159 -0.7699801325798035
5203 0.253721684217453 0.258125901222229 -0.7797480225563049
5204 0.2494806945323944 0.2647466957569122 -0.7893694043159485
5205 0.2453188002109528 0.2706900835037231 -0.7988114356994629
5206 0.2412458062171936 0.27600958943367 -0.8080517649650574
5207 0.2372671365737915 0.2807582318782806 -0.8170781135559082
5208 0.2333838939666748 0.28498774766922 -0.82588791847229
5209 0.2295932769775391 0.2887472212314606 -0.8344876170158386
5210 0.2258888185024261 0.2920825481414795 -0.8428919315338135
5211 0.2222607135772705 0.2950355708599091 -0.8511229157447815
5212 0.2186962962150574 0.2976436614990234 -0.859209418296814
5213 0.215180367231369 0.2999391257762909 -0.8671859502792358
5214 0.2116955816745758 0.3019488155841827 -0.8750918507575989
5215 0.2082228064537048 0.3036938905715942 -0.8829704523086548
5216 0.2047417163848877 0.3051895201206207 -0.8908679485321045
5217 0.20123091340065 0.3064444065093994 -0.8988327980041504
5218 0.1976686120033264 0.3074606955051422 -0.9069145321846008
5219 0.1940329372882843 0.3082336187362671 -0.9151628017425537
5220 0.1903022825717926 0.3087513148784637 -0.9236263632774353
5221 0.186456024646759 0.3089943826198578 -0.9323523640632629
5222 0.182474672794342 0.3089359402656555 -0.9413847923278809
5223 0.1783405840396881 0.3085411787033081 -0.9507637023925781
5224 0.17403843998909 0.3077676296234131 -0.9605239033699036
5225 0.1695557236671448 0.30656498670578 -0.9706937670707703
5226 0.1648832261562347 0.3048754632472992 -0.9812941551208496
5227 0.1600158214569092 0.302634209394455 -0.9923368096351624
5228 0.154952734708786 0.2997700572013855 -1.003823280334473
5229 0.149698331952095 0.2962065041065216 -1.015743851661682
5230 0.144262507557869 0.2918629050254822 -1.028075933456421
5231 0.1386611461639404 0.2866562306880951 -1.040783762931824
5232 0.1329164952039719 0.2805030345916748 -1.053816437721252
5233 0.1270574778318405 0.273321658372879 -1.067108750343323
5234 0.1211196854710579 0.2650348246097565 -1.08057963848114
5235 0.1151454225182533 0.2555725276470184 -1.094133377075195
5236 0.1091833338141441 0.2448750138282776 -1.107659459114075
5237 0.1032879129052162 0.232895702123642 -1.121034264564514
5238 0.09751882404088974 0.2196042537689209 -1.134122490882874
5239 0.0919397845864296 0.2049892693758011 -1.146779656410217
5240 0.0866173729300499 0.1890607476234436 -1.158854484558105
5241 0.08161958307027817 0.1718519479036331 -1.170192837715149
5242 0.07701409608125687 0.1534206122159958 -1.180641293525696
5243 0.07286658138036728 0.133849561214447 -1.190050601959229
5244 0.06923884898424149 0.1132462546229362 -1.198280811309814
5245 0.06618694216012955 0.09174154698848724 -1.205204606056213
5246 0.06375948339700699 0.06948754191398621 -1.210711717605591
5247 0.06199609488248825 0.04665450379252434 -1.214712262153625
5248 0.06092605739831924 0.02342711389064789 -1.217139840126038
5249 0.08489619940519333 3.784281157514157e-17 -1.228193640708923
5250 0.08525026589632034 -0.02422093413770199 -1.227311372756958
5251 0.086306132376194 -0.04822192713618279 -1.224680304527283
5252 0.08804493397474289 -0.0717889592051506 -1.220347285270691
5253 0.09043606370687485 -0.09471955895423889 -1.214388728141785
5254 0.09343814104795456 -0.1168279349803925 -1.206907749176025
5255 0.09700048714876175 -0.1379492878913879 -1.198030710220337
5256 0.1010648533701897 -0.1579432934522629 -1.187902569770813
5257 0.1055671945214272 -0.1766964346170425 -1.176683068275452
5258 0.1104397848248482 -0.1941233426332474 -1.164540886878967
5259 0.1156130358576775 -0.2101670205593109 -1.151649594306946
5260 0.1210174486041069 -0.2247981131076813 -1.138182163238525
5261 0.1265853941440582 -0.2380131930112839 -1.12430727481842
5262 0.1322524845600128 -0.249832421541214 -1.110185265541077
5263 0.1379589587450027 -0.2602966725826263 -1.095965027809143
5264 0.1436506807804108 -0.2694641649723053 -1.08178174495697
5265 0.1492797881364822 -0.2774069607257843 -1.06775438785553
5266 0.1548051536083221 -0.2842075526714325 -1.053985595703125
5267 0.1601927280426025 -0.2899553179740906 -1.040560126304626
5268 0.165415346622467 -0.2947434484958649 -1.027545690536499
5269 0.1704526841640472 -0.2986659705638885 -1.014993071556091
5270 0.1752909123897552 -0.301815390586853 -1.002936482429504
5271 0.1799221932888031 -0.3042805194854736 -0.9913957118988037
5272 0.1843442618846893 -0.3061447441577911 -0.9803762435913086
5273 0.1885598003864288 -0.3074848055839539 -0.969871461391449
5274 0.1925758719444275 -0.3083698153495789 -0.9598636627197266
5275 0.1964033842086792 -0.3088607490062714 -0.9503257870674133
5276 0.2000564634799957 -0.3090099394321442 -0.941222608089447
5277 0.2035518884658813 -0.30886110663414 -0.9325122237205505
5278 0.2069086730480194 -0.3084494471549988 -0.924147367477417
5279 0.2101473808288574 -0.3078016340732574 -0.9160767197608948
5280 0.2132898569107056 -0.3069363832473755 -0.9082459211349487
5281 0.2163586318492889 -0.3058644831180573 -0.9005987048149109
5282 0.2193765342235565 -0.3045893609523773 -0.8930783271789551
5283 0.2223663032054901 -0.3031072914600372 -0.8856280446052551
5284 0.2253501415252686 -0.3014077842235565 -0.8781925439834595
5285 0.228349357843399 -0.2994738817214966 -0.8707187175750732
5286 0.2313839495182037 -0.2972824573516846 -0.8631566762924194
5287 0.2344722747802734 -0.2948043644428253 -0.8554608821868896
5288 0.2376305162906647 -0.2920050024986267 -0.8475907444953918
5289 0.2408724725246429 -0.2888443768024445 -0.8395119905471802
5290 0.2442090809345245 -0.2852777540683746 -0.8311974406242371
5291 0.2476480305194855 -0.2812559306621552 -0.8226277828216553
5292 0.25119349360466 -0.2767260670661926 -0.8137927651405334
5293 0.2548456192016602 -0.2716324031352997 -0.8046919107437134
5294 0.2586004436016083 -0.2659172117710114 -0.7953351736068726
5295 0.2624494731426239 -0.2595219910144806 -0.7857436537742615
5296 0.2663795948028564 -0.2523888647556305 -0.7759500741958618
5297 0.2703729867935181 -0.2444621324539185 -0.7659988403320312
5298 0.2744069695472717 -0.2356900423765182 -0.7559464573860168
5299 0.2784543633460999 -0.2260266840457916 -0.7458606362342834
5300 0.2824835181236267 -0.2154339551925659 -0.7358202338218689
5301 0.2864589095115662 -0.2038835883140564 -0.7259138822555542
5302 0.2903414964675903 -0.1913591474294662 -0.7162387371063232
5303 0.2940896451473236 -0.1778577268123627 -0.7068986892700195
5304 0.2976597547531128 -0.163391575217247 -0.6980022192001343
5305 0.3010074198246002 -0.1479893326759338 -0.6896600127220154
5306 0.3040885031223297 -0.1316967010498047 -0.6819822192192078
5307 0.3068601787090302 -0.1145767942070961 -0.6750754117965698
5308 0.3092822432518005 -0.09670976549386978 -0.669039785861969
5309 0.3113182485103607 -0.07819188386201859 -0.663966178894043
5310 0.3129366636276245 -0.05913401022553444 -0.6599332094192505
5311 0.3141117990016937 -0.03965948149561882 -0.6570048928260803
5312 0.314824640750885 -0.01990147866308689 -0.6552284955978394
5313 0.3150635659694672 0 -0.654633104801178
5314 0.314824640750885 0.01990147866308689 -0.6552284955978394
5315 0.3141117990016937 0.03965948149561882 -0.6570048928260803
5316 0.3129366636276245 0.05913401022553444 -0.6599332094192505
5317 0.3113182485103607 0.07819188386201859 -0.663966178894043
5318 0.3092822432518005 0.09670976549386978 -0.669039785861969
5319 0.3068601787090302 0.1145767942070961 -0.6750754117965698
5320 0.3040885031223297 0.1316967010498047 -0.6819822192192078
5321 0.3010074198246002 0.1479893326759338 -0.6896600127220154
5322 0.2976597547531128 0.163391575217247 -0.6980022192001343
5323 0.2940896451473236 0.1778577268123627 -0.7068986892700195
5324 0.2903414964675903 0.1913591474294662 -0.7162387371063232
5325 0.2864589095115662 0.2038835883140564 -0.7259138822555542
5326 0.2824835181236267 0.2154339551925659 -0.7358202338218689
5327 0.2784543633460999 0.2260266840457916 -0.7458606362342834
5328 0.2744069695472717 0.2356900423765182 -0.7559464573860168
5329 0.2703729867935181 0.2444621324539185 -0.7659988403320312
5330 0.2663795948028564 0.2523888647556305 -0.7759500741958618
5331 0.2624494731426239 0.2595219910144806 -0.7857436537742615
5332 0.2586004436016083 0.2659172117710114 -0.7953351736068726
5333 0.2548456192016602 0.2716324031352997 -0.8046919107437134
5334 0.25119349360466 0.2767260670661926 -0.8137927651405334
5335 0.2476480305194855 0.2812559306621552 -0.8226277828216553
5336 0.2442090809345245 0.2852777540683746 -0.8311974406242371
5337 0.2408724725246429 0.2888443768024445 -0.8395119905471802
5338 0.2376305162906647 0.2920050024986267 -0.8475907444953918
5339 0.2344722747802734 0.2948043644428253 -0.8554608821868896
5340 0.2313839495182037 0.2972824573516846 -0.8631566762924194
5341 0.228349357843399 0.2994738817214966 -0.8707187175750732
5342 0.2253501415252686 0.3014077842235565 -0.8781925439834595
5343 0.2223663032054901 0.3031072914600372 -0.8856280446052551
5344 0.2193765342235565 0.3045893609523773 -0.8930783271789551
5345 0.2163586318492889 0.3058644831180573 -0.9005987048149109
5346 0.2132898569107056 0.3069363832473755 -0.9082459211349487
5347 0.2101473808288574 0.3078016340732574 -0.9160767197608948
5348 0.2069086730480194 0.3084494471549988 -0.924147367477417
5349 0.2035518884658813 0.30886110663414 -0.9325122237205505
5350 0.2000564634799957 0.3090099394321442 -0.941222608089447
5351 0.1964033842086792 0.3088607490062714 -0.9503257870674133
5352 0.1925758719444275 0.3083698153495789 -0.9598636627197266
5353 0.1885598003864288 0.3074848055839539 -0.969871461391449
5354 0.1843442618846893 0.3061447441577911 -0.9803762435913086
5355 0.1799221932888031 0.3042805194854736 -0.9913957118988037
5356 0.1752909123897552 0.301815390586853 -1.002936482429504
5357 0.1704526841640472 0.2986659705638885 -1.014993071556091
5358 0.165415346622467 0.2947434484958649 -1.027545690536499
5359 0.1601927280426025 0.2899553179740906 -1.040560126304626
5360 0.1548051536083221 0.2842075526714325 -1.053985595703125
5361 0.1492797881364822 0.2774069607257843 -1.06775438785553
5362 0.1436506807804108 0.2694641649723053 -1.08178174495697
5363 0.1379589587450027 0.2602966725826263 -1.095965027809143
5364 0.1322524845600128 0.249832421541214 -1.110185265541077
5365 0.1265853941440582 0.2380131930112839 -1.12430727481842
5366 0.1210174486041069 0.2247981131076813 -1.138182163238525
5367 0.1156130358576775 0.2101670205593109 -1.151649594306946
5368 0.1104397848248482 0.1941233426332474 -1.164540886878967
5369 0.1055671945214272 0.1766964346170425 -1.176683068275452
5370 0.1010648533701897 0.1579432934522629 -1.187902569770813
5371 0.09700048714876175 0.1379492878913879 -1.198030710220337
5372 0.09343814104795456 0.1168279349803925 -1.206907749176025
5373 0.09043606370687485 0.09471955895423889 -1.214388728141785
5374 0.08804493397474289 0.0717889592051506 -1.220347285270691
5375 0.086306132376194 0.04822192713618279 -1.224680304527283
5376 0.08525026589632034 0.02422093413770199 -1.227311372756958
5377 0.108835257589817 3.784281157514157e-17 -1.237350583076477
5378 0.1091796532273293 -0.02492663636803627 -1.236404299736023
5379 0.1102063879370689 -0.04961447417736053 -1.233583331108093
5380 0.1118961796164513 -0.07383143901824951 -1.228940486907959
5381 0.1142177805304527 -0.09735855460166931 -1.222561717033386
5382 0.1171290054917336 -0.1199957504868507 -1.214562892913818
5383 0.1205783262848854 -0.1415666788816452 -1.205085635185242
5384 0.1245065852999687 -0.1619225591421127 -1.194292426109314
5385 0.1288489997386932 -0.1809447407722473 -1.182361364364624
5386 0.133537232875824 -0.1985460370779037 -1.169480085372925
5387 0.1385013908147812 -0.2146707773208618 -1.155840635299683
5388 0.143671989440918 -0.2292938232421875 -1.141633987426758
5389 0.1489817202091217 -0.2424184530973434 -1.127045154571533
5390 0.1543669402599335 -0.2540735900402069 -1.11224889755249
5391 0.1597689390182495 -0.2643102705478668 -1.097406387329102
5392 0.1651349067687988 -0.2731978893280029 -1.08266294002533
5393 0.1704186499118805 -0.2808201909065247 -1.068145513534546
5394 0.1755809187889099 -0.28727126121521 -1.053961873054504
5395 0.1805895566940308 -0.2926516532897949 -1.040200233459473
5396 0.185419499874115 -0.2970650196075439 -1.026929616928101
5397 0.1900524497032166 -0.3006148636341095 -1.014200210571289
5398 0.1944765448570251 -0.3034020364284515 -1.002044677734375
5399 0.198685884475708 -0.3055222630500793 -0.9904791712760925
5400 0.2026799023151398 -0.3070647716522217 -0.9795053005218506
5401 0.2064628601074219 -0.308110773563385 -0.9691113829612732
5402 0.21004319190979 -0.3087326884269714 -0.9592741131782532
5403 0.2134329676628113 -0.3089936673641205 -0.949960470199585
5404 0.2166473269462585 -0.30894735455513 -0.9411287903785706
5405 0.2197038233280182 -0.3086379766464233 -0.9327307939529419
5406 0.2226221263408661 -0.3081004917621613 -0.9247125387191772
5407 0.2254233360290527 -0.3073609471321106 -0.9170160293579102
5408 0.228129655122757 -0.3064368963241577 -0.9095802307128906
5409 0.2307639122009277 -0.3053379058837891 -0.9023423790931702
5410 0.2333492040634155 -0.3040658235549927 -0.8952391147613525
5411 0.2359085083007812 -0.3026153445243835 -0.8882072567939758
5412 0.2384642362594604 -0.3009743094444275 -0.8811851739883423
5413 0.2410379946231842 -0.299124002456665 -0.8741135597229004
5414 0.2436500489711761 -0.2970395088195801 -0.8669367432594299
5415 0.2463191449642181 -0.2946899235248566 -0.859603226184845
5416 0.2490619421005249 -0.2920385301113129 -0.8520671725273132
5417 0.2518928349018097 -0.2890432775020599 -0.8442890644073486
5418 0.2548234164714813 -0.2856569588184357 -0.8362370729446411
5419 0.2578622102737427 -0.2818276584148407 -0.8278877139091492
5420 0.2610142827033997 -0.2774994075298309 -0.8192272186279297
5421 0.2642808854579926 -0.2726129293441772 -0.8102519512176514
5422 0.2676591575145721 -0.2671065032482147 -0.8009698987007141
5423 0.2711418569087982 -0.2609172165393829 -0.7914008498191833
5424 0.27471724152565 -0.2539823353290558 -0.7815772891044617
5425 0.27836874127388 -0.246240958571434 -0.7715445160865784
5426 0.2820751368999481 -0.2376359403133392 -0.7613608837127686
5427 0.2858105301856995 -0.2281158119440079 -0.751097559928894
5428 0.2895446419715881 -0.2176370620727539 -0.7408378124237061
5429 0.2932431101799011 -0.2061662822961807 -0.730675995349884
5430 0.2968680560588837 -0.1936824172735214 -0.7207162380218506
5431 0.3003787398338318 -0.1801787614822388 -0.7110703587532043
5432 0.3037324547767639 -0.1656647175550461 -0.7018557190895081
5433 0.3068854808807373 -0.1501672714948654 -0.6931926012039185
5434 0.3097941279411316 -0.1337319314479828 -0.6852008104324341
5435 0.3124160170555115 -0.116423062980175 -0.6779970526695251
5436 0.3147111535072327 -0.09832364320755005 -0.6716910004615784
5437 0.3166432678699493 -0.07953431457281113 -0.666382372379303
5438 0.3181808590888977 -0.06017176061868668 -0.6621577143669128
5439 0.3192982375621796 -0.04036640375852585 -0.659087598323822
5440 0.3199764788150787 -0.02025954052805901 -0.6572241187095642
5441 0.3202038407325745 0 -0.6565993428230286
5442 0.3199764788150787 0.02025954052805901 -0.6572241187095642
5443 0.3192982375621796 0.04036640375852585 -0.659087598323822
5444 0.3181808590888977 0.06017176061868668 -0.6621577143669128
5445 0.3166432678699493 0.07953431457281113 -0.666382372379303
5446 0.3147111535072327 0.09832364320755005 -0.6716910004615784
5447 0.3124160170555115 0.116423062980175 -0.6779970526695251
5448 0.3097941279411316 0.1337319314479828 -0.6852008104324341
5449 0.3068854808807373 0.1501672714948654 -0.6931926012039185
5450 0.3037324547767639 0.1656647175550461 -0.7018557190895081
5451 0.3003787398338318 0.1801787614822388 -0.7110703587532043
5452 0.2968680560588837 0.1936824172735214 -0.7207162380218506
5453 0.2932431101799011 0.2061662822961807 -0.730675995349884
5454 0.2895446419715881 0.2176370620727539 -0.7408378124237061
5455 0.2858105301856995 0.2281158119440079 -0.751097559928894
5456 0.2820751368999481 0.2376359403133392 -0.7613608837127686
5457 0.27836874127388 0.246240958571434 -0.7715445160865784
5458 0.27471724152565 0.2539823353290558 -0.7815772891044617
5459 0.2711418569087982 0.2609172165393829 -0.7914008498191833
5460 0.2676591575145721 0.2671065032482147 -0.8009698987007141
5461 0.2642808854579926 0.2726129293441772 -0.8102519512176514
5462 0.2610142827033997 0.2774994075298309 -0.8192272186279297
5463 0.2578622102737427 0.2818276584148407 -0.8278877139091492
5464 0.2548234164714813 0.2856569588184357 -0.8362370729446411
5465 0.2518928349018097 0.2890432775020599 -0.8442890644073486
5466 0.2490619421005249 0.2920385301113129 -0.8520671725273132
5467 0.2463191449642181 0.2946899235248566 -0.859603226184845
5468 0.2436500489711761 0.2970395088195801 -0.8669367432594299
5469 0.2410379946231842 0.299124002456665 -0.8741135597229004
5470 0.2384642362594604 0.3009743094444275 -0.8811851739883423
5471 0.2359085083007812 0.3026153445243835 -0.8882072567939758
5472 0.2333492040634155 0.3040658235549927 -0.8952391147613525
5473 0.2307639122009277 0.3053379058837891 -0.9023423790931702
5474 0.228129655122757 0.3064368963241577 -0.9095802307128906
5475 0.2254233360290527 0.3073609471321106 -0.9170160293579102
5476 0.2226221263408661 0.3081004917621613 -0.9247125387191772
5477 0.2197038233280182 0.3086379766464233 -0.9327307939529419
5478 0.2166473269462585 0.30894735455513 -0.9411287903785706
5479 0.2134329676628113 0.3089936673641205 -0.949960470199585
5480 0.21004319190979 0.3087326884269714 -0.9592741131782532
5481 0.2064628601074219 0.308110773563385 -0.9691113829612732
5482 0.2026799023151398 0.3070647716522217 -0.9795053005218506
5483 0.198685884475708 0.3055222630500793 -0.9904791712760925
5484 0.1944765448570251 0.3034020364284515 -1.002044677734375
5485 0.1900524497032166 0.3006148636341095 -1.014200210571289
5486 0.185419499874115 0.2970650196075439 -1.026929616928101
5487 0.1805895566940308 0.2926516532897949 -1.040200233459473
5488 0.1755809187889099 0.28727126121521 -1.053961873054504
5489 0.1704186499118805 0.2808201909065247 -1.068145513534546
5490 0.1651349067687988 0.2731978893280029 -1.08266294002533
5491 0.1597689390182495 0.2643102705478668 -1.097406387329102
5492 0.1543669402599335 0.2540735900402069 -1.11224889755249
5493 0.1489817202091217 0.2424184530973434 -1.127045154571533
5494 0.143671989440918 0.2292938232421875 -1.141633987426758
5495 0.1385013908147812 0.2146707773208618 -1.155840635299683
5496 0.133537232875824 0.1985460370779037 -1.169480085372925
5497 0.1288489997386932 0.1809447407722473 -1.182361364364624
5498 0.1245065852999687 0.1619225591421127 -1.194292426109314
5499 0.1205783262848854 0.1415666788816452 -1.205085635185242
5500 0.1171290054917336 0.1199957504868507 -1.214562892913818
5501 0.1142177805304527 0.09735855460166931 -1.222561717033386
5502 0.1118961796164513 0.07383143901824951 -1.228940486907959
5503 0.1102063879370689 0.04961447417736053 -1.233583331108093
5504 0.1091796532273293 0.02492663636803627 -1.236404299736023
5505 0.1322737187147141 3.784281157514157e-17 -1.245465278625488
5506 0.1326037794351578 -0.02553865872323513 -1.244460940361023
5507 0.1335875242948532 -0.05082172900438309 -1.241467714309692
5508 0.1352057754993439 -0.07560107111930847 -1.236543893814087
5509 0.137427419424057 -0.09964308887720108 -1.229784250259399
5510 0.1402105391025543 -0.1227350682020187 -1.22131609916687
5511 0.1435039788484573 -0.1446905434131622 -1.211295247077942
5512 0.147249162197113 -0.1653534322977066 -1.199899911880493
5513 0.1513820588588715 -0.1846007257699966 -1.18732476234436
5514 0.1558353900909424 -0.2023438811302185 -1.173774719238281
5515 0.1605404913425446 -0.2185287177562714 -1.159458637237549
5516 0.1654293835163116 -0.2331341058015823 -1.144583344459534
5517 0.1704365015029907 -0.2461695820093155 -1.129348278045654
5518 0.1755001544952393 -0.257671982049942 -1.113941192626953
5519 0.1805637776851654 -0.267701655626297 -1.098534345626831
5520 0.1855767667293549 -0.2763379514217377 -1.083281397819519
5521 0.1904952228069305 -0.2836749255657196 -1.068316102027893
5522 0.1952822208404541 -0.2898169159889221 -1.053750872612
5523 0.1999078094959259 -0.2948743402957916 -1.039676666259766
5524 0.2043490409851074 -0.2989598214626312 -1.026163458824158
5525 0.2085896134376526 -0.30218505859375 -1.013260722160339
5526 0.212619423866272 -0.3046578466892242 -1.000999450683594
5527 0.2164340317249298 -0.3064799010753632 -0.9893927574157715
5528 0.2200342118740082 -0.3077450394630432 -0.9784386157989502
5529 0.2234252095222473 -0.3085381090641022 -0.9681209325790405
5530 0.226616233587265 -0.3089340627193451 -0.9584116339683533
5531 0.2296198904514313 -0.3089976012706757 -0.9492724537849426
5532 0.2324515879154205 -0.3087831437587738 -0.9406565427780151
5533 0.2351290285587311 -0.3083349466323853 -0.9325100183486938
5534 0.2376717031002045 -0.3076875507831573 -0.9247734546661377
5535 0.2401005625724792 -0.3068661093711853 -0.9173832535743713
5536 0.2424374222755432 -0.3058870136737823 -0.9102728962898254
5537 0.2447047233581543 -0.3047584295272827 -0.9033742547035217
5538 0.2469251155853271 -0.3034807741641998 -0.8966183066368103
5539 0.2491210401058197 -0.3020472526550293 -0.8899368643760681
5540 0.2513144910335541 -0.3004442155361176 -0.8832629323005676
5541 0.2535265982151031 -0.2986515164375305 -0.8765321969985962
5542 0.2557773292064667 -0.2966427505016327 -0.8696839213371277
5543 0.2580851316452026 -0.2943856120109558 -0.8626620173454285
5544 0.2604665756225586 -0.291841983795166 -0.8554160594940186
5545 0.2629360258579254 -0.2889681756496429 -0.8479023575782776
5546 0.2655052542686462 -0.2857152819633484 -0.840084969997406
5547 0.2681831419467926 -0.2820295393466949 -0.8319370746612549
5548 0.270975261926651 -0.2778527736663818 -0.8234415650367737
5549 0.273883581161499 -0.2731232047080994 -0.8145924806594849
5550 0.2769061625003815 -0.2677762508392334 -0.8053957223892212
5551 0.2800368964672089 -0.261745810508728 -0.7958698868751526
5552 0.2832652926445007 -0.2549655735492706 -0.7860469818115234
5553 0.2865762412548065 -0.2473707497119904 -0.7759727835655212
5554 0.2899501621723175 -0.2389000654220581 -0.7657070755958557
5555 0.2933628559112549 -0.2294978499412537 -0.7553233504295349
5556 0.2967858612537384 -0.2191163450479507 -0.7449082732200623
5557 0.3001866936683655 -0.2077181041240692 -0.7345606684684753
5558 0.3035293221473694 -0.1952783614397049 -0.7243900895118713
5559 0.3067749738693237 -0.1817872822284698 -0.7145146131515503
5560 0.3098827302455902 -0.1672518700361252 -0.7050588130950928
5561 0.3128105700016022 -0.1516976654529572 -0.6961503028869629
5562 0.315516471862793 -0.135169729590416 -0.687917172908783
5563 0.3179594874382019 -0.1177332326769829 -0.6804838180541992
5564 0.3201009929180145 -0.09947311878204346 -0.6739678978919983
5565 0.3219058513641357 -0.0804932713508606 -0.6684763431549072
5566 0.3233434557914734 -0.06091473996639252 -0.6641021370887756
5567 0.3243889212608337 -0.04087333008646965 -0.6609211564064026
5568 0.3250237703323364 -0.02051654458045959 -0.6589894890785217
5569 0.3252366483211517 0 -0.6583417654037476
5570 0.3250237703323364 0.02051654458045959 -0.6589894890785217
5571 0.3243889212608337 0.04087333008646965 -0.6609211564064026
5572 0.3233434557914734 0.06091473996639252 -0.6641021370887756
5573 0.3219058513641357 0.0804932713508606 -0.6684763431549072
5574 0.3201009929180145 0.09947311878204346 -0.6739678978919983
5575 0.3179594874382019 0.1177332326769829 -0.6804838180541992
5576 0.315516471862793 0.135169729590416 -0.687917172908783
5577 0.3128105700016022 0.1516976654529572 -0.6961503028869629
5578 0.3098827302455902 0.1672518700361252 -0.7050588130950928
5579 0.3067749738693237 0.1817872822284698 -0.7145146131515503
5580 0.3035293221473694 0.1952783614397049 -0.7243900895118713
5581 0.3001866936683655 0.2077181041240692 -0.7345606684684753
5582 0.2967858612537384 0.2191163450479507 -0.7449082732200623
5583 0.2933628559112549 0.2294978499412537 -0.7553233504295349
5584 0.2899501621723175 0.2389000654220581 -0.7657070755958557
5585 0.2865762412548065 0.2473707497119904 -0.7759727835655212
5586 0.2832652926445007 0.2549655735492706 -0.7860469818115234
5587 0.2800368964672089 0.261745810508728 -0.7958698868751526
5588 0.2769061625003815 0.2677762508392334 -0.8053957223892212
5589 0.273883581161499 0.2731232047080994 -0.8145924806594849
5590 0.270975261926651 0.2778527736663818 -0.8234415650367737
5591 0.2681831419467926 0.2820295393466949 -0.8319370746612549
5592 0.2655052542686462 0.2857152819633484 -0.840084969997406
5593 0.2629360258579254 0.2889681756496429 -0.8479023575782776
5594 0.2604665756225586 0.291841983795166 -0.8554160594940186
5595 0.2580851316452026 0.2943856120109558 -0.8626620173454285
5596 0.2557773292064667 0.2966427505016327 -0.8696839213371277
5597 0.2535265982151031 0.2986515164375305 -0.8765321969985962
5598 0.2513144910335541 0.3004442155361176 -0.8832629323005676
5599 0.2491210401058197 0.3020472526550293 -0.8899368643760681
5600 0.2469251155853271 0.3034807741641998 -0.8966183066368103
5601 0.2447047233581543 0.3047584295272827 -0.9033742547035217
5602 0.2424374222755432 0.3058870136737823 -0.9102728962898254
5603 0.2401005625724792 0.3068661093711853 -0.9173832535743713
5604 0.2376717031002045 0.3076875507831573 -0.9247734546661377
5605 0.2351290285587311 0.3083349466323853 -0.9325100183486938
5606 0.2324515879154205 0.3087831437587738 -0.9406565427780151
5607 0.2296198904514313 0.3089976012706757 -0.9492724537849426
5608 0.226616233587265 0.3089340627193451 -0.9584116339683533
5609 0.2234252095222473 0.3085381090641022 -0.9681209325790405
5610 0.2200342118740082 0.3077450394630432 -0.9784386157989502
5611 0.2164340317249298 0.3064799010753632 -0.9893927574157715
5612 0.212619423866272 0.3046578466892242 -1.000999450683594
5613 0.2085896134376526 0.30218505859375 -1.013260722160339
5614 0.2043490409851074 0.2989598214626312 -1.026163458824158
5615 0.1999078094959259 0.2948743402957916 -1.039676666259766
5616 0.1952822208404541 0.2898169159889221 -1.053750872612
5617 0.1904952228069305 0.2836749255657196 -1.068316102027893
5618 0.1855767667293549 0.2763379514217377 -1.083281397819519
5619 0.1805637776851654 0.267701655626297 -1.098534345626831
5620 0.1755001544952393 0.257671982049942 -1.113941192626953
5621 0.1704365015029907 0.2461695820093155 -1.129348278045654
5622 0.1654293835163116 0.2331341058015823 -1.144583344459534
5623 0.1605404913425446 0.2185287177562714 -1.159458637237549
5624 0.1558353900909424 0.2023438811302185 -1.173774719238281
5625 0.1513820588588715 0.1846007257699966 -1.18732476234436
5626 0.147249162197113 0.1653534322977066 -1.199899911880493
5627 0.1435039788484573 0.1446905434131622 -1.211295247077942
5628 0.1402105391025543 0.1227350682020187 -1.22131609916687
5629 0.137427419424057 0.09964308887720108 -1.229784250259399
5630 0.1352057754993439 0.07560107111930847 -1.236543893814087
5631 0.1335875242948532 0.05082172900438309 -1.241467714309692
5632 0.1326037794351578 0.02553865872323513 -1.244460940361023
5633 0.1551053524017334 3.784281157514157e-17 -1.252586603164673
5634 0.1554175019264221 -0.02607535757124424 -1.251529574394226
5635 0.1563476026058197 -0.0518798828125 -1.248379945755005
5636 0.1578769683837891 -0.07715087383985519 -1.24320113658905
5637 0.1599751710891724 -0.1016415059566498 -1.236095905303955
5638 0.1626014113426208 -0.1251277178525925 -1.227202653884888
5639 0.1657058596611023 -0.1474140286445618 -1.216690182685852
5640 0.1692315936088562 -0.1683378964662552 -1.204751014709473
5641 0.1731165051460266 -0.1877726912498474 -1.191595554351807
5642 0.1772954761981964 -0.2056289315223694 -1.177444338798523
5643 0.1817023158073425 -0.2218541204929352 -1.162521481513977
5644 0.1862716674804688 -0.2364311367273331 -1.147048234939575
5645 0.1909407079219818 -0.2493754476308823 -1.131237506866455
5646 0.1956506371498108 -0.260731428861618 -1.115288376808167
5647 0.2003477513790131 -0.270567923784256 -1.099382638931274
5648 0.2049843370914459 -0.2789736092090607 -1.083681702613831
5649 0.209519237279892 -0.2860519886016846 -1.068325161933899
5650 0.213918149471283 -0.2919166088104248 -1.053429245948792
5651 0.2181535661220551 -0.2966866791248322 -1.039086937904358
5652 0.2222046852111816 -0.3004829287528992 -1.025368571281433
5653 0.2260571420192719 -0.3034241199493408 -1.012323021888733
5654 0.2297023832798004 -0.3056242167949677 -0.9999791979789734
5655 0.233137309551239 -0.3071898221969604 -0.988347589969635
5656 0.2363635897636414 -0.3082188069820404 -0.9774224162101746
5657 0.239387184381485 -0.3087988197803497 -0.9671836495399475
5658 0.2422176599502563 -0.3090066909790039 -0.957598865032196
5659 0.2448677122592926 -0.3089082837104797 -0.9486249685287476
5660 0.2473526000976562 -0.3085582852363586 -0.9402104020118713
5661 0.2496896982192993 -0.308000773191452 -0.9322963356971741
5662 0.2518979609012604 -0.3072694838047028 -0.9248184561729431
5663 0.2539976537227631 -0.3063885867595673 -0.9177082777023315
5664 0.2560098469257355 -0.3053731322288513 -0.9108944535255432
5665 0.2579560875892639 -0.3042299449443817 -0.9043039083480835
5666 0.2598581314086914 -0.3029579818248749 -0.89786297082901
5667 0.261737585067749 -0.3015490174293518 -0.8914986848831177
5668 0.2636154890060425 -0.2999879717826843 -0.8851394653320312
5669 0.265512228012085 -0.2982534170150757 -0.8787166476249695
5670 0.2674469649791718 -0.2963177263736725 -0.8721649646759033
5671 0.2694375813007355 -0.2941473424434662 -0.8654242157936096
5672 0.2715001106262207 -0.2917028963565826 -0.8584398031234741
5673 0.2736486196517944 -0.2889394760131836 -0.8511644005775452
5674 0.2758947014808655 -0.2858068346977234 -0.8435584902763367
5675 0.2782472968101501 -0.2822495400905609 -0.8355919718742371
5676 0.2807121872901917 -0.2782077193260193 -0.8272449970245361
5677 0.2832919061183929 -0.2736175060272217 -0.8185093402862549
5678 0.2859852313995361 -0.2684118747711182 -0.809389054775238
5679 0.2887869477272034 -0.2625220119953156 -0.79990154504776
5680 0.2916878163814545 -0.2558785378932953 -0.7900784015655518
5681 0.2946741580963135 -0.2484132796525955 -0.7799657583236694
5682 0.2977279722690582 -0.2400613278150558 -0.7696245908737183
5683 0.3008269667625427 -0.2307632565498352 -0.7591304779052734
5684 0.3039446473121643 -0.2204675227403641 -0.7485731840133667
5685 0.3070505857467651 -0.209133043885231 -0.7380555272102356
5686 0.3101110458374023 -0.1967316865921021 -0.7276918888092041
5687 0.3130894601345062 -0.1832507252693176 -0.7176061868667603
5688 0.3159471452236176 -0.1686949878931046 -0.7079291939735413
5689 0.3186443150043488 -0.1530885845422745 -0.6987957954406738
5690 0.3211410641670227 -0.1364761590957642 -0.690341055393219
5691 0.3233984112739563 -0.1189234927296638 -0.6826969981193542
5692 0.3253795504570007 -0.1005173176527023 -0.6759883165359497
5693 0.3270508646965027 -0.08136437088251114 -0.670328676700592
5694 0.328383207321167 -0.06158964335918427 -0.6658170223236084
5695 0.3293526768684387 -0.04133380949497223 -0.6625341176986694
5696 0.3299416303634644 -0.0207500047981739 -0.6605398058891296
5697 0.33013916015625 0 -0.6598708629608154
5698 0.3299416303634644 0.0207500047981739 -0.6605398058891296
5699 0.3293526768684387 0.04133380949497223 -0.6625341176986694
5700 0.328383207321167 0.06158964335918427 -0.6658170223236084
5701 0.3270508646965027 0.08136437088251114 -0.670328676700592
5702 0.3253795504570007 0.1005173176527023 -0.6759883165359497
5703 0.3233984112739563 0.1189234927296638 -0.6826969981193542
5704 0.3211410641670227 0.1364761590957642 -0.690341055393219
5705 0.3186443150043488 0.1530885845422745 -0.6987957954406738
5706 0.3159471452236176 0.1686949878931046 -0.7079291939735413
5707 0.3130894601345062 0.1832507252693176 -0.7176061868667603
5708 0.3101110458374023 0.1967316865921021 -0.7276918888092041
5709 0.3070505857467651 0.209133043885231 -0.7380555272102356
5710 0.3039446473121643 0.2204675227403641 -0.7485731840133667
5711 0.3008269667625427 0.2307632565498352 -0.7591304779052734
5712 0.2977279722690582 0.2400613278150558 -0.7696245908737183
5713 0.2946741580963135 0.2484132796525955 -0.7799657583236694
5714 0.2916878163814545 0.2558785378932953 -0.7900784015655518
5715 0.2887869477272034 0.2625220119953156 -0.79990154504776
5716 0.2859852313995361 0.2684118747711182 -0.809389054775238
5717 0.2832919061183929 0.2736175060272217 -0.8185093402862549
5718 0.2807121872901917 0.2782077193260193 -0.8272449970245361
5719 0.2782472968101501 0.2822495400905609 -0.8355919718742371
5720 0.2758947014808655 0.2858068346977234 -0.8435584902763367
5721 0.2736486196517944 0.2889394760131836 -0.8511644005775452
5722 0.2715001106262207 0.2917028963565826 -0.8584398031234741
5723 0.2694375813007355 0.2941473424434662 -0.8654242157936096
5724 0.2674469649791718 0.2963177263736725 -0.8721649646759033
5725 0.265512228012085 0.2982534170150757 -0.8787166476249695
5726 0.2636154890060425 0.2999879717826843 -0.8851394653320312
5727 0.261737585067749 0.3015490174293518 -0.8914986848831177
5728 0.2598581314086914 0.3029579818248749 -0.89786297082901
5729 0.2579560875892639 0.3042299449443817 -0.9043039083480835
5730 0.2560098469257355 0.3053731322288513 -0.9108944535255432
5731 0.2539976537227631 0.3063885867595673 -0.9177082777023315
5732 0.2518979609012604 0.3072694838047028 -0.9248184561729431
5733 0.2496896982192993 0.308000773191452 -0.9322963356971741
5734 0.2473526000976562 0.3085582852363586 -0.9402104020118713
5735 0.2448677122592926 0.3089082837104797 -0.9486249685287476
5736 0.2422176599502563 0.3090066909790039 -0.957598865032196
5737 0.239387184381485 0.3087988197803497 -0.9671836495399475
5738 0.2363635897636414 0.3082188069820404 -0.9774224162101746
5739 0.233137309551239 0.3071898221969604 -0.988347589969635
5740 0.2297023832798004 0.3056242167949677 -0.9999791979789734
5741 0.2260571420192719 0.3034241199493408 -1.012323021888733
5742 0.2222046852111816 0.3004829287528992 -1.025368571281433
5743 0.2181535661220551 0.2966866791248322 -1.039086937904358
5744 0.213918149471283 0.2919166088104248 -1.053429245948792
5745 0.209519237279892 0.2860519886016846 -1.068325161933899
5746 0.2049843370914459 0.2789736092090607 -1.083681702613831
5747 0.2003477513790131 0.270567923784256 -1.099382638931274
5748 0.1956506371498108 0.260731428861618 -1.115288376808167
5749 0.1909407079219818 0.2493754476308823 -1.131237506866455
5750 0.1862716674804688 0.2364311367273331 -1.147048234939575
5751 0.1817023158073425 0.2218541204929352 -1.162521481513977
5752 0.1772954761981964 0.2056289315223694 -1.177444338798523
5753 0.1731165051460266 0.1877726912498474 -1.191595554351807
5754 0.1692315936088562 0.1683378964662552 -1.204751014709473
5755 0.1657058596611023 0.1474140286445618 -1.216690182685852
5756 0.1626014113426208 0.1251277178525925 -1.227202653884888
5757 0.1599751710891724 0.1016415059566498 -1.236095905303955
5758 0.1578769683837891 0.07715087383985519 -1.24320113658905
5759 0.1563476026058197 0.0518798828125 -1.248379945755005
5760 0.1554175019264221 0.02607535757124424 -1.251529574394226
5761 0.1772292852401733 3.784281157514157e-17 -1.258770346641541
5762 0.1775206029415131 -0.02654160372912884 -1.257666230201721
5763 0.1783885061740875 -0.05279876664280891 -1.254376649856567
5764 0.1798150837421417 -0.0784958228468895 -1.248969554901123
5765 0.1817711889743805 -0.1033741608262062 -1.241555452346802
5766 0.1842177212238312 -0.1271996796131134 -1.232282519340515
5767 0.1871070861816406 -0.1497689485549927 -1.221331000328064
5768 0.1903849542140961 -0.1709138751029968 -1.208907127380371
5769 0.1939921677112579 -0.190504714846611 -1.195235013961792
5770 0.1978667676448822 -0.2084514200687408 -1.180549263954163
5771 0.2019460201263428 -0.2247031778097153 -1.165087938308716
5772 0.2061680853366852 -0.239246666431427 -1.149085164070129
5773 0.2104738056659698 -0.2521028816699982 -1.132765531539917
5774 0.2148078978061676 -0.263323038816452 -1.116338133811951
5775 0.2191202044487 -0.2729838192462921 -1.099993467330933
5776 0.2233663499355316 -0.2811821401119232 -1.083899617195129
5777 0.2275082468986511 -0.2880299687385559 -1.068200707435608
5778 0.2315144240856171 -0.2936491072177887 -1.053016304969788
5779 0.2353598773479462 -0.2981665134429932 -1.038441061973572
5780 0.2390260100364685 -0.3017099797725677 -1.024545550346375
5781 0.2425001263618469 -0.3044044077396393 -1.011377811431885
5782 0.2457751333713531 -0.3063689768314362 -0.9989647269248962
5783 0.2488489747047424 -0.3077146112918854 -0.9873141646385193
5784 0.251723974943161 -0.3085423111915588 -0.9764172434806824
5785 0.2544063925743103 -0.308942049741745 -0.9662501215934753
5786 0.2569058835506439 -0.3089921772480011 -0.9567765593528748
5787 0.2592347860336304 -0.3087592124938965 -0.9479493498802185
5788 0.2614079117774963 -0.3082979619503021 -0.9397126436233521
5789 0.2634418606758118 -0.3076519966125488 -0.9320034980773926
5790 0.2653547525405884 -0.306854248046875 -0.9247532486915588
5791 0.2671657204627991 -0.3059277832508087 -0.9178891777992249
5792 0.268894761800766 -0.3048864305019379 -0.9113357067108154
5793 0.2705622017383575 -0.3037355244159698 -0.9050156474113464
5794 0.2721885740756989 -0.3024727404117584 -0.8988513350486755
5795 0.2737942039966583 -0.3010884821414948 -0.8927656412124634
5796 0.2753989696502686 -0.2995664775371552 -0.8866831660270691
5797 0.2770220935344696 -0.2978840470314026 -0.8805311322212219
5798 0.2786816954612732 -0.2960125505924225 -0.8742407560348511
5799 0.2803947031497955 -0.2939173579216003 -0.8677480816841125
5800 0.2821764051914215 -0.291558176279068 -0.8609950542449951
5801 0.2840401530265808 -0.288889080286026 -0.8539308905601501
5802 0.285997211933136 -0.2858586609363556 -0.8465132117271423
5803 0.2880562543869019 -0.2824103832244873 -0.8387089967727661
5804 0.2902231216430664 -0.2784829139709473 -0.8304959535598755
5805 0.2925006151199341 -0.2740107178688049 -0.8218637704849243
5806 0.2948880195617676 -0.2689249217510223 -0.8128148317337036
5807 0.2973810434341431 -0.2631543874740601 -0.8033656477928162
5808 0.2999714910984039 -0.2566272616386414 -0.7935472130775452
5809 0.3026471138000488 -0.2492725253105164 -0.7834059596061707
5810 0.3053915798664093 -0.2410222589969635 -0.7730038166046143
5811 0.3081844747066498 -0.231813833117485 -0.7624180316925049
5812 0.3110014200210571 -0.2215924710035324 -0.7517410516738892
5813 0.3138144314289093 -0.2103139609098434 -0.7410790920257568
5814 0.3165921866893768 -0.1979472488164902 -0.7305507659912109
5815 0.3193006813526154 -0.1844770908355713 -0.7202848792076111
5816 0.3219039440155029 -0.1699063628911972 -0.7104178667068481
5817 0.3243648111820221 -0.1542578637599945 -0.7010905742645264
5818 0.3266459405422211 -0.1375758349895477 -0.6924445629119873
5819 0.3287107944488525 -0.1199265196919441 -0.6846182346343994
5820 0.3305248320102692 -0.1013980880379677 -0.6777425408363342
5821 0.3320564925670624 -0.08209970593452454 -0.6719371676445007
5822 0.3332783281803131 -0.0621597021818161 -0.6673061847686768
5823 0.3341678380966187 -0.04172292351722717 -0.6639347672462463
5824 0.3347083628177643 -0.02094733156263828 -0.6618859767913818
5825 0.3348897099494934 0 -0.6611986756324768
5826 0.3347083628177643 0.02094733156263828 -0.6618859767913818
5827 0.3341678380966187 0.04172292351722717 -0.6639347672462463
5828 0.3332783281803131 0.0621597021818161 -0.6673061847686768
5829 0.3320564925670624 0.08209970593452454 -0.6719371676445007
5830 0.3305248320102692 0.1013980880379677 -0.6777425408363342
5831 0.3287107944488525 0.1199265196919441 -0.6846182346343994
5832 0.3266459405422211 0.1375758349895477 -0.6924445629119873
5833 0.3243648111820221 0.1542578637599945 -0.7010905742645264
5834 0.3219039440155029 0.1699063628911972 -0.7104178667068481
5835 0.3193006813526154 0.1844770908355713 -0.7202848792076111
5836 0.3165921866893768 0.1979472488164902 -0.7305507659912109
5837 0.3138144314289093 0.2103139609098434 -0.7410790920257568
5838 0.3110014200210571 0.2215924710035324 -0.7517410516738892
5839 0.3081844747066498 0.231813833117485 -0.7624180316925049
5840 0.3053915798664093 0.2410222589969635 -0.7730038166046143
5841 0.3026471138000488 0.2492725253105164 -0.7834059596061707
5842 0.2999714910984039 0.2566272616386414 -0.7935472130775452
5843 0.2973810434341431 0.2631543874740601 -0.8033656477928162
5844 0.2948880195617676 0.2689249217510223 -0.8128148317337036
5845 0.2925006151199341 0.2740107178688049 -0.8218637704849243
5846 0.2902231216430664 0.2784829139709473 -0.8304959535598755
5847 0.2880562543869019 0.2824103832244873 -0.8387089967727661
5848 0.285997211933136 0.2858586609363556 -0.8465132117271423
5849 0.2840401530265808 0.288889080286026 -0.8539308905601501
5850 0.2821764051914215 0.291558176279068 -0.8609950542449951
5851 0.2803947031497955 0.2939173579216003 -0.8677480816841125
5852 0.2786816954612732 0.2960125505924225 -0.8742407560348511
5853 0.2770220935344696 0.2978840470314026 -0.8805311322212219
5854 0.2753989696502686 0.2995664775371552 -0.8866831660270691
5855 0.2737942039966583 0.3010884821414948 -0.8927656412124634
5856 0.2721885740756989 0.3024727404117584 -0.8988513350486755
5857 0.2705622017383575 0.3037355244159698 -0.9050156474113464
5858 0.268894761800766 0.3048864305019379 -0.9113357067108154
5859 0.2671657204627991 0.3059277832508087 -0.9178891777992249
5860 0.2653547525405884 0.306854248046875 -0.9247532486915588
5861 0.2634418606758118 0.3076519966125488 -0.9320034980773926
5862 0.2614079117774963 0.3082979619503021 -0.9397126436233521
5863 0.2592347860336304 0.3087592124938965 -0.9479493498802185
5864 0.2569058835506439 0.3089921772480011 -0.9567765593528748
5865 0.2544063925743103 0.308942049741745 -0.9662501215934753
5866 0.251723974943161 0.3085423111915588 -0.9764172434806824
5867 0.2488489747047424 0.3077146112918854 -0.9873141646385193
5868 0.2457751333713531 0.3063689768314362 -0.9989647269248962
5869 0.2425001263618469 0.3044044077396393 -1.011377811431885
5870 0.2390260100364685 0.3017099797725677 -1.024545550346375
5871 0.2353598773479462 0.2981665134429932 -1.038441061973572
5872 0.2315144240856171 0.2936491072177887 -1.053016304969788
5873 0.2275082468986511 0.2880299687385559 -1.068200707435608
5874 0.2233663499355316 0.2811821401119232 -1.083899617195129
5875 0.2191202044487 0.2729838192462921 -1.099993467330933
5876 0.2148078978061676 0.263323038816452 -1.116338133811951
5877 0.2104738056659698 0.2521028816699982 -1.132765531539917
5878 0.2061680853366852 0.239246666431427 -1.149085164070129
5879 0.2019460201263428 0.2247031778097153 -1.165087938308716
5880 0.1978667676448822 0.2084514200687408 -1.180549263954163
5881 0.1939921677112579 0.190504714846611 -1.195235013961792
5882 0.1903849542140961 0.1709138751029968 -1.208907127380371
5883 0.1871070861816406 0.1497689485549927 -1.221331000328064
5884 0.1842177212238312 0.1271996796131134 -1.232282519340515
5885 0.1817711889743805 0.1033741608262062 -1.241555452346802
5886 0.1798150837421417 0.0784958228468895 -1.248969554901123
5887 0.1783885061740875 0.05279876664280891 -1.254376649856567
5888 0.1775206029415131 0.02654160372912884 -1.257666230201721
5889 0.1985504627227783 3.784281157514157e-17 -1.264078378677368
5890 0.1988188624382019 -0.02694683335721493 -1.262932300567627
5891 0.199618399143219 -0.05359707772731781 -1.259518146514893
5892 0.200932115316391 -0.0796634778380394 -1.253908276557922
5893 0.202732652425766 -0.1048769578337669 -1.246219754219055
5894 0.2049831449985504 -0.1289945095777512 -1.236609697341919
5895 0.2076388895511627 -0.1518056839704514 -1.225269317626953
5896 0.2106488347053528 -0.1731376051902771 -1.212416410446167
5897 0.2139575183391571 -0.1928579211235046 -1.198287844657898
5898 0.2175069749355316 -0.2108762264251709 -1.183130979537964
5899 0.2212386429309845 -0.2271434813737869 -1.167196154594421
5900 0.2250949442386627 -0.2416499257087708 -1.150729179382324
5901 0.229020893573761 -0.2544216513633728 -1.133964776992798
5902 0.232965350151062 -0.2655162215232849 -1.11712121963501
5903 0.2368820905685425 -0.2750173509120941 -1.100396156311035
5904 0.240730345249176 -0.2830294966697693 -1.083963513374329
5905 0.244475394487381 -0.2896721363067627 -1.067971587181091
5906 0.2480886280536652 -0.295074462890625 -1.052542448043823
5907 0.251547634601593 -0.2993702590465546 -1.037771940231323
5908 0.254835844039917 -0.3026934862136841 -1.023730754852295
5909 0.257942259311676 -0.3051744401454926 -1.010465860366821
5910 0.2608610391616821 -0.3069367706775665 -0.9980022311210632
5911 0.2635909020900726 -0.3080949783325195 -0.9863453507423401
5912 0.2661345899105072 -0.308752715587616 -0.9754832983016968
5913 0.2684985101222992 -0.3090018928050995 -0.9653890132904053
5914 0.2706919610500336 -0.3089218437671661 -0.9560226202011108
5915 0.272726833820343 -0.3085795640945435 -0.9473333954811096
5916 0.2746171057224274 -0.3080296814441681 -0.9392616152763367
5917 0.2763783931732178 -0.3073152303695679 -0.9317406415939331
5918 0.2780276536941528 -0.306468278169632 -0.9246980547904968
5919 0.2795827686786652 -0.3055106699466705 -0.9180575013160706
5920 0.2810623049736023 -0.3044550120830536 -0.9117395877838135
5921 0.2824851870536804 -0.3033054172992706 -0.9056636691093445
5922 0.2838704586029053 -0.3020581603050232 -0.8997482657432556
5923 0.2852370142936707 -0.3007024526596069 -0.8939129114151001
5924 0.2866033017635345 -0.2992208898067474 -0.8880785703659058
5925 0.2879871726036072 -0.2975897490978241 -0.882169246673584
5926 0.2894055247306824 -0.2957794666290283 -0.876112699508667
5927 0.2908740937709808 -0.2937545776367188 -0.8698416948318481
5928 0.2924071550369263 -0.2914739549160004 -0.8632951974868774
5929 0.2940173447132111 -0.2888907790184021 -0.8564194440841675
5930 0.2957152128219604 -0.2859528660774231 -0.8491693139076233
5931 0.2975090742111206 -0.2826026082038879 -0.841509222984314
5932 0.29940465092659 -0.2787775099277496 -0.8334147930145264
5933 0.3014048337936401 -0.2744106650352478 -0.8248737454414368
5934 0.3035093545913696 -0.2694315016269684 -0.8158870935440063
5935 0.3057146072387695 -0.2637670338153839 -0.8064702749252319
5936 0.3080134093761444 -0.2573430836200714 -0.7966539859771729
5937 0.3103948831558228 -0.25008624792099 -0.7864847183227539
5938 0.312844306230545 -0.2419258803129196 -0.7760252952575684
5939 0.3153432011604309 -0.2327964603900909 -0.7653545737266541
5940 0.3178694248199463 -0.2226403504610062 -0.7545672655105591
5941 0.3203973472118378 -0.2114104479551315 -0.7437726855278015
5942 0.3228982985019684 -0.1990731060504913 -0.7330931425094604
5943 0.3253410756587982 -0.1856107711791992 -0.722662091255188
5944 0.3276925384998322 -0.1710244715213776 -0.7126209735870361
5945 0.3299184143543243 -0.1553358733654022 -0.7031161189079285
5946 0.3319841921329498 -0.1385887563228607 -0.6942949295043945
5947 0.3338561058044434 -0.1208497583866119 -0.686301589012146
5948 0.3355020880699158 -0.1022083610296249 -0.6792730093002319
5949 0.3368928730487823 -0.08277591317892075 -0.6733341217041016
5950 0.3380029499530792 -0.06268377602100372 -0.6685938239097595
5951 0.3388114869594574 -0.0420805811882019 -0.6651412844657898
5952 0.3393029570579529 -0.02112868614494801 -0.6630426049232483
5953 0.339467853307724 0 -0.6623384356498718
5954 0.3393029570579529 0.02112868614494801 -0.6630426049232483
5955 0.3388114869594574 0.0420805811882019 -0.6651412844657898
5956 0.3380029499530792 0.06268377602100372 -0.6685938239097595
5957 0.3368928730487823 0.08277591317892075 -0.6733341217041016
5958 0.3355020880699158 0.1022083610296249 -0.6792730093002319
5959 0.3338561058044434 0.1208497583866119 -0.686301589012146
5960 0.3319841921329498 0.1385887563228607 -0.6942949295043945
5961 0.3299184143543243 0.1553358733654022 -0.7031161189079285
5962 0.3276925384998322 0.1710244715213776 -0.7126209735870361
5963 0.3253410756587982 0.1856107711791992 -0.722662091255188
5964 0.3228982985019684 0.1990731060504913 -0.7330931425094604
5965 0.3203973472118378 0.2114104479551315 -0.7437726855278015
5966 0.3178694248199463 0.2226403504610062 -0.7545672655105591
5967 0.3153432011604309 0.2327964603900909 -0.7653545737266541
5968 0.312844306230545 0.2419258803129196 -0.7760252952575684
5969 0.3103948831558228 0.25008624792099 -0.7864847183227539
5970 0.3080134093761444 0.2573430836200714 -0.7966539859771729
5971 0.3057146072387695 0.2637670338153839 -0.8064702749252319
5972 0.3035093545913696 0.2694315016269684 -0.8158870935440063
5973 0.3014048337936401 0.2744106650352478 -0.8248737454414368
5974 0.29940465092659 0.2787775099277496 -0.8334147930145264
5975 0.2975090742111206 0.2826026082038879 -0.841509222984314
5976 0.2957152128219604 0.2859528660774231 -0.8491693139076233
5977 0.2940173447132111 0.2888907790184021 -0.8564194440841675
5978 0.2924071550369263 0.2914739549160004 -0.8632951974868774
5979 0.2908740937709808 0.2937545776367188 -0.8698416948318481
5980 0.2894055247306824 0.2957794666290283 -0.876112699508667
5981 0.2879871726036072 0.2975897490978241 -0.882169246673584
5982 0.2866033017635345 0.2992208898067474 -0.8880785703659058
5983 0.2852370142936707 0.3007024526596069 -0.8939129114151001
5984 0.2838704586029053 0.3020581603050232 -0.8997482657432556
5985 0.2824851870536804 0.3033054172992706 -0.9056636691093445
5986 0.2810623049736023 0.3044550120830536 -0.9117395877838135
5987 0.2795827686786652 0.3055106699466705 -0.9180575013160706
5988 0.2780276536941528 0.306468278169632 -0.9246980547904968
5989 0.2763783931732178 0.3073152303695679 -0.9317406415939331
5990 0.2746171057224274 0.3080296814441681 -0.9392616152763367
5991 0.272726833820343 0.3085795640945435 -0.9473333954811096
5992 0.2706919610500336 0.3089218437671661 -0.9560226202011108
5993 0.2684985101222992 0.3090018928050995 -0.9653890132904053
5994 0.2661345899105072 0.308752715587616 -0.9754832983016968
5995 0.2635909020900726 0.3080949783325195 -0.9863453507423401
5996 0.2608610391616821 0.3069367706775665 -0.9980022311210632
5997 0.257942259311676 0.3051744401454926 -1.010465860366821
5998 0.254835844039917 0.3026934862136841 -1.023730754852295
5999 0.251547634601593 0.2993702590465546 -1.037771940231323
6000 0.2480886280536652 0.295074462890625 -1.052542448043823
6001 0.244475394487381 0.2896721363067627 -1.067971587181091
6002 0.240730345249176 0.2830294966697693 -1.083963513374329
6003 0.2368820905685425 0.2750173509120941 -1.100396156311035
6004 0.232965350151062 0.2655162215232849 -1.11712121963501
6005 0.229020893573761 0.2544216513633728 -1.133964776992798
6006 0.2250949442386627 0.2416499257087708 -1.150729179382324
6007 0.2212386429309845 0.2271434813737869 -1.167196154594421
6008 0.2175069749355316 0.2108762264251709 -1.183130979537964
6009 0.2139575183391571 0.1928579211235046 -1.198287844657898
6010 0.2106488347053528 0.1731376051902771 -1.212416410446167
6011 0.2076388895511627 0.1518056839704514 -1.225269317626953
6012 0.2049831449985504 0.1289945095777512 -1.236609697341919
6013 0.202732652425766 0.1048769578337669 -1.246219754219055
6014 0.200932115316391 0.0796634778380394 -1.253908276557922
6015 0.199618399143219 0.05359707772731781 -1.259518146514893
6016 0.1988188624382019 0.02694683335721493 -1.262932300567627
6017 0.2189801037311554 3.784281157514157e-17 -1.268577218055725
6018 0.2192242443561554 -0.02730007097125053 -1.267393827438354
6019 0.2199513912200928 -0.05429263785481453 -1.263869404792786
6020 0.2211458086967468 -0.08068005740642548 -1.258079886436462
6021 0.2227821350097656 -0.1061838865280151 -1.25014865398407
6022 0.2248262166976929 -0.1305531710386276 -1.240240812301636
6023 0.2272366285324097 -0.1535713374614716 -1.228557348251343
6024 0.2299661934375763 -0.1750612407922745 -1.215327143669128
6025 0.2329637110233307 -0.1948884427547455 -1.200798034667969
6026 0.2361757457256317 -0.212962418794632 -1.185229182243347
6027 0.2395483553409576 -0.2292358875274658 -1.168881893157959
6028 0.2430287599563599 -0.2437025159597397 -1.152012228965759
6029 0.2465665936470032 -0.2563932538032532 -1.134864211082458
6030 0.2501151859760284 -0.2673713564872742 -1.117663979530334
6031 0.2536324858665466 -0.2767271399497986 -1.100615501403809
6032 0.257081538438797 -0.2845718264579773 -1.083897590637207
6033 0.2604310810565948 -0.2910317480564117 -1.067662358283997
6034 0.2636554539203644 -0.2962426841259003 -1.052033543586731
6035 0.2667347490787506 -0.3003444969654083 -1.037108063697815
6036 0.2696544229984283 -0.3034765720367432 -1.022956371307373
6037 0.2724049985408783 -0.3057739734649658 -1.009624123573303
6038 0.2749817073345184 -0.3073641061782837 -0.9971346855163574
6039 0.2773839235305786 -0.3083645403385162 -0.9854910969734192
6040 0.27961465716362 -0.3088811635971069 -0.974678635597229
6041 0.2816801071166992 -0.3090072572231293 -0.9646672010421753
6042 0.2835892140865326 -0.3088229894638062 -0.9554136991500854
6043 0.2853531241416931 -0.3083954751491547 -0.9468639492988586
6044 0.2869848310947418 -0.30777907371521 -0.9389550089836121
6045 0.2884987890720367 -0.3070161044597626 -0.9316167235374451
6046 0.2899106442928314 -0.3061377108097076 -0.9247734546661377
6047 0.2912368178367615 -0.3051646053791046 -0.9183453321456909
6048 0.2924943864345551 -0.3041081428527832 -0.9122499227523804
6049 0.2937006652355194 -0.3029711842536926 -0.9064029455184937
6050 0.2948731184005737 -0.3017488420009613 -0.9007200002670288
6051 0.2960290610790253 -0.3004291951656342 -0.8951172232627869
6052 0.2971853613853455 -0.2989937663078308 -0.8895125985145569
6053 0.2983583807945251 -0.2974180281162262 -0.8838268518447876
6054 0.2995636761188507 -0.2956714928150177 -0.8779847621917725
6055 0.3008156716823578 -0.293718010187149 -0.8719162344932556
6056 0.3021275997161865 -0.2915157079696655 -0.8655573129653931
6057 0.3035110533237457 -0.2890171706676483 -0.8588515520095825
6058 0.3049759268760681 -0.2861693799495697 -0.8517512083053589
6059 0.3065299987792969 -0.2829138338565826 -0.8442186117172241
6060 0.308178722858429 -0.279187023639679 -0.8362271785736084
6061 0.309924989938736 -0.2749207019805908 -0.8277629613876343
6062 0.3117688298225403 -0.2700428068637848 -0.8188257217407227
6063 0.3137072920799255 -0.264478474855423 -0.8094298839569092
6064 0.3157341182231903 -0.25815150141716 -0.7996057868003845
6065 0.317839652299881 -0.2509860396385193 -0.7894001603126526
6066 0.320010781288147 -0.242908850312233 -0.7788766026496887
6067 0.3222309052944183 -0.2338517010211945 -0.7681155800819397
6068 0.3244800269603729 -0.2237540930509567 -0.7572139501571655
6069 0.3267349898815155 -0.2125661969184875 -0.746284008026123
6070 0.328969806432724 -0.2002517580986023 -0.7354518175125122
6071 0.3311560451984406 -0.1867910027503967 -0.7248550057411194
6072 0.3332635164260864 -0.1721831858158112 -0.7146399617195129
6073 0.3352609276771545 -0.1564488559961319 -0.704958438873291
6074 0.3371167182922363 -0.1396313309669495 -0.6959633231163025
6075 0.3387999534606934 -0.1217976808547974 -0.687804639339447
6076 0.3402812480926514 -0.1030386611819267 -0.6806247234344482
6077 0.3415337204933167 -0.0834677666425705 -0.6745538711547852
6078 0.3425339460372925 -0.063219353556633 -0.6697056889533997
6079 0.3432627618312836 -0.04244579374790192 -0.6661731004714966
6080 0.3437058925628662 -0.02131378650665283 -0.6640251874923706
6081 0.3438546061515808 0 -0.6633044481277466
6082 0.3437058925628662 0.02131378650665283 -0.6640251874923706
6083 0.3432627618312836 0.04244579374790192 -0.6661731004714966
6084 0.3425339460372925 0.063219353556633 -0.6697056889533997
6085 0.3415337204933167 0.0834677666425705 -0.6745538711547852
6086 0.3402812480926514 0.1030386611819267 -0.6806247234344482
6087 0.3387999534606934 0.1217976808547974 -0.687804639339447
6088 0.3371167182922363 0.1396313309669495 -0.6959633231163025
6089 0.3352609276771545 0.1564488559961319 -0.704958438873291
6090 0.3332635164260864 0.1721831858158112 -0.7146399617195129
6091 0.3311560451984406 0.1867910027503967 -0.7248550057411194
6092 0.328969806432724 0.2002517580986023 -0.7354518175125122
6093 0.3267349898815155 0.2125661969184875 -0.746284008026123
6094 0.3244800269603729 0.2237540930509567 -0.7572139501571655
6095 0.3222309052944183 0.2338517010211945 -0.7681155800819397
6096 0.320010781288147 0.242908850312233 -0.7788766026496887
6097 0.317839652299881 0.2509860396385193 -0.7894001603126526
6098 0.3157341182231903 0.25815150141716 -0.7996057868003845
6099 0.3137072920799255 0.264478474855423 -0.8094298839569092
6100 0.3117688298225403 0.2700428068637848 -0.8188257217407227
6101 0.309924989938736 0.2749207019805908 -0.8277629613876343
6102 0.308178722858429 0.279187023639679 -0.8362271785736084
6103 0.3065299987792969 0.2829138338565826 -0.8442186117172241
6104 0.3049759268760681 0.2861693799495697 -0.8517512083053589
6105 0.3035110533237457 0.2890171706676483 -0.8588515520095825
6106 0.3021275997161865 0.2915157079696655 -0.8655573129653931
6107 0.3008156716823578 0.293718010187149 -0.8719162344932556
6108 0.2995636761188507 0.2956714928150177 -0.8779847621917725
6109 0.2983583807945251 0.2974180281162262 -0.8838268518447876
6110 0.2971853613853455 0.2989937663078308 -0.8895125985145569
6111 0.2960290610790253 0.3004291951656342 -0.8951172232627869
6112 0.2948731184005737 0.3017488420009613 -0.9007200002670288
6113 0.2937006652355194 0.3029711842536926 -0.9064029455184937
6114 0.2924943864345551 0.3041081428527832 -0.9122499227523804
6115 0.2912368178367615 0.3051646053791046 -0.9183453321456909
6116 0.2899106442928314 0.3061377108097076 -0.9247734546661377
6117 0.2884987890720367 0.3070161044597626 -0.9316167235374451
6118 0.2869848310947418 0.30777907371521 -0.9389550089836121
6119 0.2853531241416931 0.3083954751491547 -0.9468639492988586
6120 0.2835892140865326 0.3088229894638062 -0.9554136991500854
6121 0.2816801071166992 0.3090072572231293 -0.9646672010421753
6122 0.27961465716362 0.3088811635971069 -0.974678635597229
6123 0.2773839235305786 0.3083645403385162 -0.9854910969734192
6124 0.2749817073345184 0.3073641061782837 -0.9971346855163574
6125 0.2724049985408783 0.3057739734649658 -1.009624123573303
6126 0.2696544229984283 0.3034765720367432 -1.022956371307373
6127 0.2667347490787506 0.3003444969654083 -1.037108063697815
6128 0.2636554539203644 0.2962426841259003 -1.052033543586731
6129 0.2604310810565948 0.2910317480564117 -1.067662358283997
6130 0.257081538438797 0.2845718264579773 -1.083897590637207
6131 0.2536324858665466 0.2767271399497986 -1.100615501403809
6132 0.2501151859760284 0.2673713564872742 -1.117663979530334
6133 0.2465665936470032 0.2563932538032532 -1.134864211082458
6134 0.2430287599563599 0.2437025159597397 -1.152012228965759
6135 0.2395483553409576 0.2292358875274658 -1.168881893157959
6136 0.2361757457256317 0.212962418794632 -1.185229182243347
6137 0.2329637110233307 0.1948884427547455 -1.200798034667969
6138 0.2299661934375763 0.1750612407922745 -1.215327143669128
6139 0.2272366285324097 0.1535713374614716 -1.228557348251343
6140 0.2248262166976929 0.1305531710386276 -1.240240812301636
6141 0.2227821350097656 0.1061838865280151 -1.25014865398407
6142 0.2211458086967468 0.08068005740642548 -1.258079886436462
6143 0.2199513912200928 0.05429263785481453 -1.263869404792786
6144 0.2192242443561554 0.02730007097125053 -1.267393827438354
6145 0.2384361326694489 3.784281157514157e-17 -1.272336483001709
6146 0.2386552095413208 -0.02760432846844196 -1.271120548248291
6147 0.2393076419830322 -0.05489153787493706 -1.267499923706055
6148 0.2403790652751923 -0.08155485242605209 -1.261553764343262
6149 0.2418463230133057 -0.1073075979948044 -1.253410935401917
6150 0.2436783313751221 -0.1318918913602829 -1.243243932723999
6151 0.2458373010158539 -0.1550857722759247 -1.23126232624054
6152 0.2482802867889404 -0.1767085343599319 -1.217704296112061
6153 0.2509607970714569 -0.1966239362955093 -1.202828288078308
6154 0.2538303434848785 -0.2147414982318878 -1.186903238296509
6155 0.2568400502204895 -0.2310156226158142 -1.170200347900391
6156 0.2599421441555023 -0.2454431653022766 -1.152984619140625
6157 0.2630912661552429 -0.2580593526363373 -1.135508060455322
6158 0.2662453651428223 -0.2689327597618103 -1.118003726005554
6159 0.2693667411804199 -0.2781594097614288 -1.100681066513062
6160 0.2724223732948303 -0.2858566045761108 -1.083723187446594
6161 0.2753844261169434 -0.2921567261219025 -1.0672847032547
6162 0.278230220079422 -0.2972012758255005 -1.051491379737854
6163 0.2809422314167023 -0.3011354804039001 -1.03644061088562
6164 0.2835077941417694 -0.3041034340858459 -1.022202491760254
6165 0.2859189212322235 -0.3062441945075989 -1.008821606636047
6166 0.288171648979187 -0.3076884746551514 -0.996319591999054
6167 0.2902658879756927 -0.3085563182830811 -0.9846972227096558
6168 0.2922047078609467 -0.3089554607868195 -0.9739373922348022
6169 0.2939940392971039 -0.3089802861213684 -0.9640071988105774
6170 0.2956421673297882 -0.3087115287780762 -0.9548606872558594
6171 0.297159343957901 -0.3082162737846375 -0.9464408159255981
6172 0.298557460308075 -0.3075485229492188 -0.9386816620826721
6173 0.2998496890068054 -0.3067499101161957 -0.9315100908279419
6174 0.301050215959549 -0.3058505654335022 -0.9248475432395935
6175 0.3021739423274994 -0.3048701882362366 -0.9186112284660339
6176 0.3032362461090088 -0.3038190007209778 -0.9127158522605896
6177 0.3042527735233307 -0.3026986718177795 -0.9070743322372437
6178 0.3052393198013306 -0.3015032708644867 -0.9015994071960449
6179 0.3062114417552948 -0.3002198338508606 -0.89620441198349
6180 0.3071844279766083 -0.2988290190696716 -0.8908045291900635
6181 0.3081730902194977 -0.2973055243492126 -0.885317862033844
6182 0.3091914057731628 -0.2956181764602661 -0.8796664476394653
6183 0.3102525472640991 -0.2937301695346832 -0.8737775683403015
6184 0.3113684058189392 -0.2915991842746735 -0.8675848245620728
6185 0.3125496208667755 -0.2891771197319031 -0.8610293865203857
6186 0.3138052225112915 -0.2864103317260742 -0.8540613055229187
6187 0.3151423037052155 -0.2832396924495697 -0.8466407656669617
6188 0.3165660500526428 -0.2796007096767426 -0.8387394547462463
6189 0.3180792331695557 -0.275424063205719 -0.8303418755531311
6190 0.3196820914745331 -0.2706363499164581 -0.8214464783668518
6191 0.3213721513748169 -0.2651611566543579 -0.8120670318603516
6192 0.3231440782546997 -0.2589203119277954 -0.8022335171699524
6193 0.3249893486499786 -0.2518359124660492 -0.7919927835464478
6194 0.3268964290618896 -0.2438323795795441 -0.7814091444015503
6195 0.3288505375385284 -0.2348389774560928 -0.7705644369125366
6196 0.3308338522911072 -0.2247926592826843 -0.7595575451850891
6197 0.3328257203102112 -0.2136410772800446 -0.7485033869743347
6198 0.3348027765750885 -0.2013456672430038 -0.7375312447547913
6199 0.3367395401000977 -0.1878845393657684 -0.7267827987670898
6200 0.3386088311672211 -0.1732553839683533 -0.7164088487625122
6201 0.34038245677948 -0.1574776321649551 -0.7065658569335938
6202 0.3420318961143494 -0.1405942291021347 -0.6974118947982788
6203 0.343529224395752 -0.1226726025342941 -0.6891021728515625
6204 0.3448478579521179 -0.1038046255707741 -0.6817841529846191
6205 0.3459634780883789 -0.08410576730966568 -0.675592839717865
6206 0.3468548357486725 -0.06371311098337173 -0.670646071434021
6207 0.3475045561790466 -0.04278242960572243 -0.6670404076576233
6208 0.3478996753692627 -0.02148438431322575 -0.6648475527763367
6209 0.3480322659015656 0 -0.6641116738319397
6210 0.3478996753692627 0.02148438431322575 -0.6648475527763367
6211 0.3475045561790466 0.04278242960572243 -0.6670404076576233
6212 0.3468548357486725 0.06371311098337173 -0.670646071434021
6213 0.3459634780883789 0.08410576730966568 -0.675592839717865
6214 0.3448478579521179 0.1038046255707741 -0.6817841529846191
6215 0.343529224395752 0.1226726025342941 -0.6891021728515625
6216 0.3420318961143494 0.1405942291021347 -0.6974118947982788
6217 0.34038245677948 0.1574776321649551 -0.7065658569335938
6218 0.3386088311672211 0.1732553839683533 -0.7164088487625122
6219 0.3367395401000977 0.1878845393657684 -0.7267827987670898
6220 0.3348027765750885 0.2013456672430038 -0.7375312447547913
6221 0.3328257203102112 0.2136410772800446 -0.7485033869743347
6222 0.3308338522911072 0.2247926592826843 -0.7595575451850891
6223 0.3288505375385284 0.2348389774560928 -0.7705644369125366
6224 0.3268964290618896 0.2438323795795441 -0.7814091444015503
6225 0.3249893486499786 0.2518359124660492 -0.7919927835464478
6226 0.3231440782546997 0.2589203119277954 -0.8022335171699524
6227 0.3213721513748169 0.2651611566543579 -0.8120670318603516
6228 0.3196820914745331 0.2706363499164581 -0.8214464783668518
6229 0.3180792331695557 0.275424063205719 -0.8303418755531311
6230 0.3165660500526428 0.2796007096767426 -0.8387394547462463
6231 0.3151423037052155 0.2832396924495697 -0.8466407656669617
6232 0.3138052225112915 0.2864103317260742 -0.8540613055229187
6233 0.3125496208667755 0.2891771197319031 -0.8610293865203857
6234 0.3113684058189392 0.2915991842746735 -0.8675848245620728
6235 0.3102525472640991 0.2937301695346832 -0.8737775683403015
6236 0.3091914057731628 0.2956181764602661 -0.8796664476394653
6237 0.3081730902194977 0.2973055243492126 -0.885317862033844
6238 0.3071844279766083 0.2988290190696716 -0.8908045291900635
6239 0.3062114417552948 0.3002198338508606 -0.89620441198349
6240 0.3052393198013306 0.3015032708644867 -0.9015994071960449
6241 0.3042527735233307 0.3026986718177795 -0.9070743322372437
6242 0.3032362461090088 0.3038190007209778 -0.9127158522605896
6243 0.3021739423274994 0.3048701882362366 -0.9186112284660339
6244 0.301050215959549 0.3058505654335022 -0.9248475432395935
6245 0.2998496890068054 0.3067499101161957 -0.9315100908279419
6246 0.298557460308075 0.3075485229492188 -0.9386816620826721
6247 0.297159343957901 0.3082162737846375 -0.9464408159255981
6248 0.2956421673297882 0.3087115287780762 -0.9548606872558594
6249 0.2939940392971039 0.3089802861213684 -0.9640071988105774
6250 0.2922047078609467 0.3089554607868195 -0.9739373922348022
6251 0.2902658879756927 0.3085563182830811 -0.9846972227096558
6252 0.288171648979187 0.3076884746551514 -0.996319591999054
6253 0.2859189212322235 0.3062441945075989 -1.008821606636047
6254 0.2835077941417694 0.3041034340858459 -1.022202491760254
6255 0.2809422314167023 0.3011354804039001 -1.03644061088562
6256 0.278230220079422 0.2972012758255005 -1.051491379737854
6257 0.2753844261169434 0.2921567261219025 -1.0672847032547
6258 0.2724223732948303 0.2858566045761108 -1.083723187446594
6259 0.2693667411804199 0.2781594097614288 -1.100681066513062
6260 0.2662453651428223 0.2689327597618103 -1.118003726005554
6261 0.2630912661552429 0.2580593526363373 -1.135508060455322
6262 0.2599421441555023 0.2454431653022766 -1.152984619140625
6263 0.2568400502204895 0.2310156226158142 -1.170200347900391
6264 0.2538303434848785 0.2147414982318878 -1.186903238296509
6265 0.2509607970714569 0.1966239362955093 -1.202828288078308
6266 0.2482802867889404 0.1767085343599319 -1.217704296112061
6267 0.2458373010158539 0.1550857722759247 -1.23126232624054
6268 0.2436783313751221 0.1318918913602829 -1.243243932723999
6269 0.2418463230133057 0.1073075979948044 -1.253410935401917
6270 0.2403790652751923 0.08155485242605209 -1.261553764343262
6271 0.2393076419830322 0.05489153787493706 -1.267499923706055
6272 0.2386552095413208 0.02760432846844196 -1.271120548248291
6273 0.2568431198596954 3.784281157514157e-17 -1.275428295135498
6274 0.2570368945598602 -0.0278632789850235 -1.274184584617615
6275 0.2576139271259308 -0.05540113523602486 -1.270481109619141
6276 0.2585613131523132 -0.08229889720678329 -1.264400482177734
6277 0.2598582804203033 -0.108262799680233 -1.256075978279114
6278 0.261476993560791 -0.1330289840698242 -1.245686531066895
6279 0.2633835971355438 -0.1563709229230881 -1.233449220657349
6280 0.265539675951004 -0.1781048178672791 -1.219610691070557
6281 0.2679036557674408 -0.1980929970741272 -1.204437851905823
6282 0.2704322338104248 -0.2162450551986694 -1.18820858001709
6283 0.2730818688869476 -0.2325169593095779 -1.171202301979065
6284 0.275810033082962 -0.2469083666801453 -1.15369188785553
6285 0.2785764336585999 -0.2594583034515381 -1.135936141014099
6286 0.2813438475131989 -0.270239919424057 -1.118173956871033
6287 0.2840788662433624 -0.2793542742729187 -1.100619554519653
6288 0.2867524921894073 -0.2869239449501038 -1.083459377288818
6289 0.2893401980400085 -0.2930864691734314 -1.066850423812866
6290 0.2918221950531006 -0.2979883551597595 -1.050920009613037
6291 0.2941832840442657 -0.3017793595790863 -1.035765647888184
6292 0.2964125871658325 -0.3046075999736786 -1.021457195281982
6293 0.2985033094882965 -0.3066155314445496 -1.008038282394409
6294 0.300452321767807 -0.3079366087913513 -0.9955288171768188
6295 0.3022598028182983 -0.3086930215358734 -0.983927845954895
6296 0.3039287328720093 -0.308993935585022 -0.9732159376144409
6297 0.3054646551609039 -0.3089345991611481 -0.9633579850196838
6298 0.3068750500679016 -0.3085961639881134 -0.9543054699897766
6299 0.3081692457199097 -0.3080456554889679 -0.9459989666938782
6300 0.3093578517436981 -0.3073366582393646 -0.9383699297904968
6301 0.3104526996612549 -0.3065100908279419 -0.9313428401947021
6302 0.31146639585495 -0.3055953085422516 -0.9248365163803101
6303 0.3124122321605682 -0.304610937833786 -0.9187658429145813
6304 0.3133038580417633 -0.303566187620163 -0.9130430221557617
6305 0.3141552209854126 -0.3024617731571198 -0.9075786471366882
6306 0.3149802982807159 -0.3012907803058624 -0.9022830128669739
6307 0.315792977809906 -0.3000393509864807 -0.897067129611969
6308 0.3166067898273468 -0.2986874282360077 -0.8918437957763672
6309 0.3174348771572113 -0.2972089648246765 -0.8865287899971008
6310 0.31828972697258 -0.2955722808837891 -0.8810420036315918
6311 0.3191830217838287 -0.2937400937080383 -0.8753084540367126
6312 0.3201254606246948 -0.2916695773601532 -0.8692595362663269
6313 0.3211265206336975 -0.2893122136592865 -0.8628344535827637
6314 0.3221942484378815 -0.2866139113903046 -0.8559813499450684
6315 0.3233351409435272 -0.2835148870944977 -0.8486586213111877
6316 0.3245538771152496 -0.2799499928951263 -0.8408364653587341
6317 0.3258530497550964 -0.2758490443229675 -0.8324979543685913
6318 0.3272330462932587 -0.2711375057697296 -0.8236405849456787
6319 0.3286918699741364 -0.2657376229763031 -0.8142774105072021
6320 0.330224871635437 -0.2595697045326233 -0.8044379949569702
6321 0.3318247497081757 -0.2525540590286255 -0.7941693663597107
6322 0.3334814012050629 -0.2446131110191345 -0.783536434173584
6323 0.33518186211586 -0.2356740087270737 -0.7726221084594727
6324 0.3369105160236359 -0.2256715595722198 -0.7615270018577576
6325 0.3386490941047668 -0.214551255106926 -0.7503682374954224
6326 0.340377002954483 -0.2022724747657776 -0.7392780184745789
6327 0.3420716524124146 -0.1888115853071213 -0.7284011840820312
6328 0.3437089622020721 -0.174164816737175 -0.7178922891616821
6329 0.3452638983726501 -0.1583507061004639 -0.7079120874404907
6330 0.3467111587524414 -0.1414117962121964 -0.6986229419708252
6331 0.3480258882045746 -0.1234157681465149 -0.6901845932006836
6332 0.3491844236850739 -0.1044554933905602 -0.6827487945556641
6333 0.350165069103241 -0.08464807271957397 -0.6764546632766724
6334 0.3509488999843597 -0.06413291394710541 -0.6714237332344055
6335 0.3515203893184662 -0.04306869208812714 -0.667755663394928
6336 0.3518680334091187 -0.02162946946918964 -0.665524423122406
6337 0.3519847095012665 0 -0.664775550365448
6338 0.3518680334091187 0.02162946946918964 -0.665524423122406
6339 0.3515203893184662 0.04306869208812714 -0.667755663394928
6340 0.3509488999843597 0.06413291394710541 -0.6714237332344055
6341 0.350165069103241 0.08464807271957397 -0.6764546632766724
6342 0.3491844236850739 0.1044554933905602 -0.6827487945556641
6343 0.3480258882045746 0.1234157681465149 -0.6901845932006836
6344 0.3467111587524414 0.1414117962121964 -0.6986229419708252
6345 0.3452638983726501 0.1583507061004639 -0.7079120874404907
6346 0.3437089622020721 0.174164816737175 -0.7178922891616821
6347 0.3420716524124146 0.1888115853071213 -0.7284011840820312
6348 0.340377002954483 0.2022724747657776 -0.7392780184745789
6349 0.3386490941047668 0.214551255106926 -0.7503682374954224
6350 0.3369105160236359 0.2256715595722198 -0.7615270018577576
6351 0.33518186211586 0.2356740087270737 -0.7726221084594727
6352 0.3334814012050629 0.2446131110191345 -0.783536434173584
6353 0.3318247497081757 0.2525540590286255 -0.7941693663597107
6354 0.330224871635437 0.2595697045326233 -0.8044379949569702
6355 0.3286918699741364 0.2657376229763031 -0.8142774105072021
6356 0.3272330462932587 0.2711375057697296 -0.8236405849456787
6357 0.3258530497550964 0.2758490443229675 -0.8324979543685913
6358 0.3245538771152496 0.2799499928951263 -0.8408364653587341
6359 0.3233351409435272 0.2835148870944977 -0.8486586213111877
6360 0.3221942484378815 0.2866139113903046 -0.8559813499450684
6361 0.3211265206336975 0.2893122136592865 -0.8628344535827637
6362 0.3201254606246948 0.2916695773601532 -0.8692595362663269
6363 0.3191830217838287 0.2937400937080383 -0.8753084540367126
6364 0.31828972697258 0.2955722808837891 -0.8810420036315918
6365 0.3174348771572113 0.2972089648246765 -0.8865287899971008
6366 0.3166067898273468 0.2986874282360077 -0.8918437957763672
6367 0.315792977809906 0.3000393509864807 -0.897067129611969
6368 0.3149802982807159 0.3012907803058624 -0.9022830128669739
6369 0.3141552209854126 0.3024617731571198 -0.9075786471366882
6370 0.3133038580417633 0.303566187620163 -0.9130430221557617
6371 0.3124122321605682 0.304610937833786 -0.9187658429145813
6372 0.31146639585495 0.3055953085422516 -0.9248365163803101
6373 0.3104526996612549 0.3065100908279419 -0.9313428401947021
6374 0.3093578517436981 0.3073366582393646 -0.9383699297904968
6375 0.3081692457199097 0.3080456554889679 -0.9459989666938782
6376 0.3068750500679016 0.3085961639881134 -0.9543054699897766
6377 0.3054646551609039 0.3089345991611481 -0.9633579850196838
6378 0.3039287328720093 0.308993935585022 -0.9732159376144409
6379 0.3022598028182983 0.3086930215358734 -0.983927845954895
6380 0.300452321767807 0.3079366087913513 -0.9955288171768188
6381 0.2985033094882965 0.3066155314445496 -1.008038282394409
6382 0.2964125871658325 0.3046075999736786 -1.021457195281982
6383 0.2941832840442657 0.3017793595790863 -1.035765647888184
6384 0.2918221950531006 0.2979883551597595 -1.050920009613037
6385 0.2893401980400085 0.2930864691734314 -1.066850423812866
6386 0.2867524921894073 0.2869239449501038 -1.083459377288818
6387 0.2840788662433624 0.2793542742729187 -1.100619554519653
6388 0.2813438475131989 0.270239919424057 -1.118173956871033
6389 0.2785764336585999 0.2594583034515381 -1.135936141014099
6390 0.275810033082962 0.2469083666801453 -1.15369188785553
6391 0.2730818688869476 0.2325169593095779 -1.171202301979065
6392 0.2704322338104248 0.2162450551986694 -1.18820858001709
6393 0.2679036557674408 0.1980929970741272 -1.204437851905823
6394 0.265539675951004 0.1781048178672791 -1.219610691070557
6395 0.2633835971355438 0.1563709229230881 -1.233449220657349
6396 0.261476993560791 0.1330289840698242 -1.245686531066895
6397 0.2598582804203033 0.108262799680233 -1.256075978279114
6398 0.2585613131523132 0.08229889720678329 -1.264400482177734
6399 0.2576139271259308 0.05540113523602486 -1.270481109619141
6400 0.2570368945598602 0.0278632789850235 -1.274184584617615
6401 0.2741325497627258 3.784281157514157e-17 -1.277925848960876
6402 0.2743012607097626 -0.02807686105370522 -1.276658892631531
6403 0.27480348944664 -0.05582147836685181 -1.272886514663696
6404 0.2756280303001404 -0.08291270583868027 -1.266693711280823
6405 0.2767565250396729 -0.1090509444475174 -1.258217930793762
6406 0.2781644761562347 -0.1339674293994904 -1.247642993927002
6407 0.2798222005367279 -0.1574318408966064 -1.235192179679871
6408 0.2816959321498871 -0.1792578548192978 -1.221118927001953
6409 0.2837491929531097 -0.1993065774440765 -1.205697417259216
6410 0.285944014787674 -0.2174876630306244 -1.189212441444397
6411 0.2882423102855682 -0.2337582856416702 -1.171950578689575
6412 0.2906068563461304 -0.2481203526258469 -1.154191017150879
6413 0.2930024564266205 -0.2606160044670105 -1.136198043823242
6414 0.2953967154026031 -0.2713220715522766 -1.118215441703796
6415 0.2977605760097504 -0.2803437113761902 -1.100461006164551
6416 0.3000687956809998 -0.2878077328205109 -1.083124279975891
6417 0.3023002445697784 -0.2938559651374817 -1.066364407539368
6418 0.3044378459453583 -0.2986389398574829 -1.050309300422668
6419 0.3064685165882111 -0.3023100793361664 -1.035057306289673
6420 0.308383047580719 -0.3050208687782288 -1.020677804946899
6421 0.3101757168769836 -0.3069165050983429 -1.007213592529297
6422 0.3118439912796021 -0.3081327080726624 -0.9946835041046143
6423 0.3133882284164429 -0.3087934255599976 -0.9830849766731262
6424 0.3148112595081329 -0.3090090155601501 -0.9723970293998718
6425 0.3161179721355438 -0.3088755011558533 -0.9625825881958008
6426 0.3173150718212128 -0.3084743618965149 -0.9535912871360779
6427 0.3184107840061188 -0.3078725934028625 -0.9453617334365845
6428 0.3194144368171692 -0.3071234524250031 -0.9378235936164856
6429 0.3203363418579102 -0.3062673807144165 -0.9308992028236389
6430 0.3211875855922699 -0.3053328990936279 -0.9245057106018066
6431 0.3219797313213348 -0.3043379783630371 -0.9185560941696167
6432 0.3227247297763824 -0.3032909631729126 -0.9129606485366821
6433 0.3234347105026245 -0.3021916449069977 -0.9076281785964966
6434 0.3241218328475952 -0.3010323345661163 -0.9024671912193298
6435 0.3247982263565063 -0.299798458814621 -0.897386908531189
6436 0.3254757225513458 -0.2984693348407745 -0.8922985196113586
6437 0.3261657357215881 -0.29701828956604 -0.887116014957428
6438 0.3268791735172272 -0.2954132258892059 -0.8817574977874756
6439 0.3276262283325195 -0.2936164736747742 -0.8761464357376099
6440 0.3284162580966949 -0.2915847897529602 -0.8702126741409302
6441 0.3292575776576996 -0.2892694175243378 -0.8638938665390015
6442 0.3301572501659393 -0.2866159081459045 -0.857136607170105
6443 0.3311209976673126 -0.2835641205310822 -0.849898099899292
6444 0.332152932882309 -0.2800484895706177 -0.8421472907066345
6445 0.3332554996013641 -0.2759982645511627 -0.8338662981987
6446 0.3344290852546692 -0.2713382840156555 -0.8250517845153809
6447 0.3356720507144928 -0.2659899592399597 -0.8157160878181458
6448 0.3369804918766022 -0.2598726153373718 -0.8058885931968689
6449 0.3383481800556183 -0.2529054284095764 -0.7956162691116333
6450 0.3397663831710815 -0.245009571313858 -0.784964382648468
6451 0.3412240147590637 -0.2361107766628265 -0.7740164399147034
6452 0.3427075147628784 -0.2261424362659454 -0.7628741264343262
6453 0.3442011177539825 -0.2150485962629318 -0.7516561150550842
6454 0.3456869423389435 -0.2027872502803802 -0.7404963970184326
6455 0.3471454381942749 -0.189333587884903 -0.729542076587677
6456 0.3485556244850159 -0.1746828407049179 -0.7189503312110901
6457 0.3498958051204681 -0.1588528007268906 -0.7088845372200012
6458 0.3511439263820648 -0.1418857574462891 -0.6995102763175964
6459 0.3522782921791077 -0.1238494738936424 -0.690990149974823
6460 0.3532783389091492 -0.1048373803496361 -0.6834790110588074
6461 0.3541251420974731 -0.08496762812137604 -0.6771188378334045
6462 0.3548021912574768 -0.06438108533620834 -0.6720336675643921
6463 0.3552959561347961 -0.04323830455541611 -0.6683252453804016
6464 0.3555963337421417 -0.0217155497521162 -0.6660690903663635
6465 0.3556971549987793 0 -0.6653118133544922
6466 0.3555963337421417 0.0217155497521162 -0.6660690903663635
6467 0.3552959561347961 0.04323830455541611 -0.6683252453804016
6468 0.3548021912574768 0.06438108533620834 -0.6720336675643921
6469 0.3541251420974731 0.08496762812137604 -0.6771188378334045
6470 0.3532783389091492 0.1048373803496361 -0.6834790110588074
6471 0.3522782921791077 0.1238494738936424 -0.690990149974823
6472 0.3511439263820648 0.1418857574462891 -0.6995102763175964
6473 0.3498958051204681 0.1588528007268906 -0.7088845372200012
6474 0.3485556244850159 0.1746828407049179 -0.7189503312110901
6475 0.3471454381942749 0.189333587884903 -0.729542076587677
6476 0.3456869423389435 0.2027872502803802 -0.7404963970184326
6477 0.3442011177539825 0.2150485962629318 -0.7516561150550842
6478 0.3427075147628784 0.2261424362659454 -0.7628741264343262
6479 0.3412240147590637 0.2361107766628265 -0.7740164399147034
6480 0.3397663831710815 0.245009571313858 -0.784964382648468
6481 0.3383481800556183 0.2529054284095764 -0.7956162691116333
6482 0.3369804918766022 0.2598726153373718 -0.8058885931968689
6483 0.3356720507144928 0.2659899592399597 -0.8157160878181458
6484 0.3344290852546692 0.2713382840156555 -0.8250517845153809
6485 0.3332554996013641 0.2759982645511627 -0.8338662981987
6486 0.332152932882309 0.2800484895706177 -0.8421472907066345
6487 0.3311209976673126 0.2835641205310822 -0.849898099899292
6488 0.3301572501659393 0.2866159081459045 -0.857136607170105
6489 0.3292575776576996 0.2892694175243378 -0.8638938665390015
6490 0.3284162580966949 0.2915847897529602 -0.8702126741409302
6491 0.3276262283325195 0.2936164736747742 -0.8761464357376099
6492 0.3268791735172272 0.2954132258892059 -0.8817574977874756
6493 0.3261657357215881 0.29701828956604 -0.887116014957428
6494 0.3254757225513458 0.2984693348407745 -0.8922985196113586
6495 0.3247982263565063 0.299798458814621 -0.897386908531189
6496 0.3241218328475952 0.3010323345661163 -0.9024671912193298
6497 0.3234347105026245 0.3021916449069977 -0.9076281785964966
6498 0.3227247297763824 0.3032909631729126 -0.9129606485366821
6499 0.3219797313213348 0.3043379783630371 -0.9185560941696167
6500 0.3211875855922699 0.3053328990936279 -0.9245057106018066
6501 0.3203363418579102 0.3062673807144165 -0.9308992028236389
6502 0.3194144368171692 0.3071234524250031 -0.9378235936164856
6503 0.3184107840061188 0.3078725934028625 -0.9453617334365845
6504 0.3173150718212128 0.3084743618965149 -0.9535912871360779
6505 0.3161179721355438 0.3088755011558533 -0.9625825881958008
6506 0.3148112595081329 0.3090090155601501 -0.9723970293998718
6507 0.3133882284164429 0.3087934255599976 -0.9830849766731262
6508 0.3118439912796021 0.3081327080726624 -0.9946835041046143
6509 0.3101757168769836 0.3069165050983429 -1.007213592529297
6510 0.308383047580719 0.3050208687782288 -1.020677804946899
6511 0.3064685165882111 0.3023100793361664 -1.035057306289673
6512 0.3044378459453583 0.2986389398574829 -1.050309300422668
6513 0.3023002445697784 0.2938559651374817 -1.066364407539368
6514 0.3000687956809998 0.2878077328205109 -1.083124279975891
6515 0.2977605760097504 0.2803437113761902 -1.100461006164551
6516 0.2953967154026031 0.2713220715522766 -1.118215441703796
6517 0.2930024564266205 0.2606160044670105 -1.136198043823242
6518 0.2906068563461304 0.2481203526258469 -1.154191017150879
6519 0.2882423102855682 0.2337582856416702 -1.171950578689575
6520 0.285944014787674 0.2174876630306244 -1.189212441444397
6521 0.2837491929531097 0.1993065774440765 -1.205697417259216
6522 0.2816959321498871 0.1792578548192978 -1.221118927001953
6523 0.2798222005367279 0.1574318408966064 -1.235192179679871
6524 0.2781644761562347 0.1339674293994904 -1.247642993927002
6525 0.2767565250396729 0.1090509444475174 -1.258217930793762
6526 0.2756280303001404 0.08291270583868027 -1.266693711280823
6527 0.27480348944664 0.05582147836685181 -1.272886514663696
6528 0.2743012607097626 0.02807686105370522 -1.276658892631531
6529 0.2902426421642303 3.784281157514157e-17 -1.27990198135376
6530 0.2903870046138763 -0.02825703658163548 -1.278615355491638
6531 0.2908168137073517 -0.05617599934339523 -1.274784922599792
6532 0.2915222644805908 -0.08343019336462021 -1.268497705459595
6533 0.2924876511096954 -0.1097150519490242 -1.259894251823425
6534 0.2936917543411255 -0.1347576379776001 -1.249163150787354
6535 0.29510897397995 -0.1583243906497955 -1.236532807350159
6536 0.296710193157196 -0.1802268922328949 -1.222262501716614
6537 0.2984640002250671 -0.200325220823288 -1.206632375717163
6538 0.3003377318382263 -0.2185291200876236 -1.18993353843689
6539 0.3022985756397247 -0.2347968816757202 -1.172458171844482
6540 0.3043146431446075 -0.249132364988327 -1.154490947723389
6541 0.3063556849956512 -0.2615804076194763 -1.136301040649414
6542 0.3083939254283905 -0.2722210586071014 -1.118135929107666
6543 0.3104045689105988 -0.2811629474163055 -1.10021698474884
6544 0.3123660683631897 -0.2885366082191467 -1.082735776901245
6545 0.3142604529857635 -0.294487476348877 -1.065852999687195
6546 0.3160731494426727 -0.2991695404052734 -1.049697875976562
6547 0.317793220281601 -0.3027393817901611 -1.034368515014648
6548 0.3194128274917603 -0.3053512275218964 -1.019934296607971
6549 0.3209273219108582 -0.3071526885032654 -1.006437182426453
6550 0.3223346471786499 -0.3082813620567322 -0.9938950538635254
6551 0.3236352503299713 -0.308862566947937 -0.9823039174079895
6552 0.3248316645622253 -0.3090077340602875 -0.9716413617134094
6553 0.3259282112121582 -0.3088134825229645 -0.9618687033653259
6554 0.3269307613372803 -0.3083614706993103 -0.9529340863227844
6555 0.3278463184833527 -0.3077186644077301 -0.944774329662323
6556 0.3286830484867096 -0.3069380223751068 -0.937317430973053
6557 0.3294497728347778 -0.3060594499111176 -0.9304842948913574
6558 0.330155998468399 -0.3051108717918396 -0.9241902828216553
6559 0.3308116793632507 -0.3041095435619354 -0.9183468818664551
6560 0.3314270079135895 -0.3030630052089691 -0.9128628373146057
6561 0.3320124447345734 -0.3019703924655914 -0.9076454639434814
6562 0.3325783908367157 -0.3008232712745667 -0.9026017785072327
6563 0.333135187625885 -0.2996064722537994 -0.8976393938064575
6564 0.3336930274963379 -0.298298716545105 -0.8926680684089661
6565 0.3342616558074951 -0.2968729138374329 -0.8876003623008728
6566 0.3348504602909088 -0.2952965199947357 -0.8823529481887817
6567 0.3354681730270386 -0.2935315072536469 -0.8768478035926819
6568 0.3361228108406067 -0.291534423828125 -0.8710135221481323
6569 0.3368215560913086 -0.2892562448978424 -0.8647863268852234
6570 0.3375704884529114 -0.2866422235965729 -0.8581117391586304
6571 0.3383745551109314 -0.2836319506168365 -0.850945770740509
6572 0.3392373621463776 -0.2801594734191895 -0.8432562947273254
6573 0.3401610255241394 -0.2761535942554474 -0.8350245356559753
6574 0.3411459922790527 -0.2715385854244232 -0.8262465596199036
6575 0.3421908915042877 -0.2662351131439209 -0.8169341683387756
6576 0.3432925343513489 -0.2601616978645325 -0.8071163892745972
6577 0.3444455862045288 -0.2532365024089813 -0.7968401908874512
6578 0.3456427454948425 -0.2453795224428177 -0.7861710786819458
6579 0.3468745052814484 -0.2365153878927231 -0.7751933336257935
6580 0.3481294214725494 -0.2265761494636536 -0.764009416103363
6581 0.3493940234184265 -0.2155046164989471 -0.7527391910552979
6582 0.3506530821323395 -0.2032575607299805 -0.7415184378623962
6583 0.3518898487091064 -0.1898090988397598 -0.7304961681365967
6584 0.3530864715576172 -0.1751535832881927 -0.7198317050933838
6585 0.3542243540287018 -0.1593082100152969 -0.7096909880638123
6586 0.355284571647644 -0.1423149555921555 -0.7002421021461487
6587 0.3562486171722412 -0.1242417246103287 -0.6916503310203552
6588 0.3570988178253174 -0.1051824316382408 -0.684073269367218
6589 0.357818990945816 -0.08525612950325012 -0.6776552200317383
6590 0.3583948910236359 -0.06460501253604889 -0.6725225448608398
6591 0.3588149845600128 -0.04339128732681274 -0.6687787175178528
6592 0.3590705990791321 -0.0217931717634201 -0.6665008068084717
6593 0.3591563999652863 0 -0.6657361388206482
6594 0.3590705990791321 0.0217931717634201 -0.6665008068084717
6595 0.3588149845600128 0.04339128732681274 -0.6687787175178528
6596 0.3583948910236359 0.06460501253604889 -0.6725225448608398
6597 0.357818990945816 0.08525612950325012 -0.6776552200317383
6598 0.3570988178253174 0.1051824316382408 -0.684073269367218
6599 0.3562486171722412 0.1242417246103287 -0.6916503310203552
6600 0.355284571647644 0.1423149555921555 -0.7002421021461487
6601 0.3542243540287018 0.1593082100152969 -0.7096909880638123
6602 0.3530864715576172 0.1751535832881927 -0.7198317050933838
6603 0.3518898487091064 0.1898090988397598 -0.7304961681365967
6604 0.3506530821323395 0.2032575607299805 -0.7415184378623962
6605 0.3493940234184265 0.2155046164989471 -0.7527391910552979
6606 0.3481294214725494 0.2265761494636536 -0.764009416103363
6607 0.3468745052814484 0.2365153878927231 -0.7751933336257935
6608 0.3456427454948425 0.2453795224428177 -0.7861710786819458
6609 0.3444455862045288 0.2532365024089813 -0.7968401908874512
6610 0.3432925343513489 0.2601616978645325 -0.8071163892745972
6611 0.3421908915042877 0.2662351131439209 -0.8169341683387756
6612 0.3411459922790527 0.2715385854244232 -0.8262465596199036
6613 0.3401610255241394 0.2761535942554474 -0.8350245356559753
6614 0.3392373621463776 0.2801594734191895 -0.8432562947273254
6615 0.3383745551109314 0.2836319506168365 -0.850945770740509
6616 0.3375704884529114 0.2866422235965729 -0.8581117391586304
6617 0.3368215560913086 0.2892562448978424 -0.8647863268852234
6618 0.3361228108406067 0.291534423828125 -0.8710135221481323
6619 0.3354681730270386 0.2935315072536469 -0.8768478035926819
6620 0.3348504602909088 0.2952965199947357 -0.8823529481887817
6621 0.3342616558074951 0.2968729138374329 -0.8876003623008728
6622 0.3336930274963379 0.298298716545105 -0.8926680684089661
6623 0.333135187625885 0.2996064722537994 -0.8976393938064575
6624 0.3325783908367157 0.3008232712745667 -0.9026017785072327
6625 0.3320124447345734 0.3019703924655914 -0.9076454639434814
6626 0.3314270079135895 0.3030630052089691 -0.9128628373146057
6627 0.3308116793632507 0.3041095435619354 -0.9183468818664551
6628 0.330155998468399 0.3051108717918396 -0.9241902828216553
6629 0.3294497728347778 0.3060594499111176 -0.9304842948913574
6630 0.3286830484867096 0.3069380223751068 -0.937317430973053
6631 0.3278463184833527 0.3077186644077301 -0.944774329662323
6632 0.3269307613372803 0.3083614706993103 -0.9529340863227844
6633 0.3259282112121582 0.3088134825229645 -0.9618687033653259
6634 0.3248316645622253 0.3090077340602875 -0.9716413617134094
6635 0.3236352503299713 0.308862566947937 -0.9823039174079895
6636 0.3223346471786499 0.3082813620567322 -0.9938950538635254
6637 0.3209273219108582 0.3071526885032654 -1.006437182426453
6638 0.3194128274917603 0.3053512275218964 -1.019934296607971
6639 0.317793220281601 0.3027393817901611 -1.034368515014648
6640 0.3160731494426727 0.2991695404052734 -1.049697875976562
6641 0.3142604529857635 0.294487476348877 -1.065852999687195
6642 0.3123660683631897 0.2885366082191467 -1.082735776901245
6643 0.3104045689105988 0.2811629474163055 -1.10021698474884
6644 0.3083939254283905 0.2722210586071014 -1.118135929107666
6645 0.3063556849956512 0.2615804076194763 -1.136301040649414
6646 0.3043146431446075 0.249132364988327 -1.154490947723389
6647 0.3022985756397247 0.2347968816757202 -1.172458171844482
6648 0.3003377318382263 0.2185291200876236 -1.18993353843689
6649 0.2984640002250671 0.200325220823288 -1.206632375717163
6650 0.296710193157196 0.1802268922328949 -1.222262501716614
6651 0.29510897397995 0.1583243906497955 -1.236532807350159
6652 0.2936917543411255 0.1347576379776001 -1.249163150787354
6653 0.2924876511096954 0.1097150519490242 -1.259894251823425
6654 0.2915222644805908 0.08343019336462021 -1.268497705459595
6655 0.2908168137073517 0.05617599934339523 -1.274784922599792
6656 0.2903870046138763 0.02825703658163548 -1.278615355491638
6657 0.305118203163147 3.784281157514157e-17 -1.281428098678589
6658 0.3052393794059753 -0.02840795926749706 -1.280125141143799
6659 0.3056001365184784 -0.05647289752960205 -1.276246309280396
6660 0.3061922192573547 -0.08386342972517014 -1.269880294799805
6661 0.3070022463798523 -0.110270768404007 -1.261170625686646
6662 0.3080123960971832 -0.1354184448719025 -1.250309586524963
6663 0.3092009723186493 -0.1590702086687088 -1.237529873847961
6664 0.310543417930603 -0.1810358464717865 -1.223095893859863
6665 0.3120132088661194 -0.2011746317148209 -1.207292795181274
6666 0.3135827481746674 -0.2193963974714279 -1.190416932106018
6667 0.3152244389057159 -0.2356604188680649 -1.172765374183655
6668 0.3169113993644714 -0.2499722689390182 -1.154627203941345
6669 0.3186182081699371 -0.2623791098594666 -1.13627564907074
6670 0.3203215301036835 -0.2729637026786804 -1.117961406707764
6671 0.3220005333423615 -0.2818377614021301 -1.099908471107483
6672 0.3236372470855713 -0.2891348600387573 -1.082310557365417
6673 0.3252165913581848 -0.2950035333633423 -1.065329551696777
6674 0.3267264664173126 -0.2996006608009338 -1.049095153808594
6675 0.3281577527523041 -0.303085595369339 -1.033706068992615
6676 0.3295040130615234 -0.3056147992610931 -1.019230842590332
6677 0.3307614326477051 -0.3073378801345825 -1.005711078643799
6678 0.3319284021854401 -0.3083940148353577 -0.9931636452674866
6679 0.333005428314209 -0.3089097440242767 -0.9815835356712341
6680 0.3339946866035461 -0.3089972138404846 -0.9709469676017761
6681 0.33489990234375 -0.3087535798549652 -0.9612139463424683
6682 0.3357260525226593 -0.3082606494426727 -0.9523311853408813
6683 0.336479127407074 -0.3075852692127228 -0.9442342519760132
6684 0.3371659219264984 -0.3067801594734192 -0.9368496537208557
6685 0.3377939760684967 -0.3058847188949585 -0.9300969243049622
6686 0.3383712470531464 -0.304926335811615 -0.9238901734352112
6687 0.3389060795307159 -0.3039216101169586 -0.9181395173072815
6688 0.3394071161746979 -0.3028774857521057 -0.9127523899078369
6689 0.3398830592632294 -0.3017924427986145 -0.9076347947120667
6690 0.3403427302837372 -0.3006574809551239 -0.9026925563812256
6691 0.3407948017120361 -0.2994568347930908 -0.8978320360183716
6692 0.3412477672100067 -0.2981687784194946 -0.8929616212844849
6693 0.3417098820209503 -0.2967658340930939 -0.887992799282074
6694 0.3421890437602997 -0.2952151000499725 -0.8828408718109131
6695 0.3426925837993622 -0.2934783399105072 -0.87742680311203
6696 0.3432272672653198 -0.2915118336677551 -0.8716778159141541
6697 0.3437991142272949 -0.2892663478851318 -0.8655292391777039
6698 0.3444133102893829 -0.286686897277832 -0.8589254021644592
6699 0.3450740277767181 -0.2837128937244415 -0.8518214225769043
6700 0.3457843363285065 -0.2802779972553253 -0.8441843390464783
6701 0.3465460240840912 -0.2763106822967529 -0.8359946012496948
6702 0.3473595380783081 -0.2717346847057343 -0.8272475004196167
6703 0.3482238352298737 -0.2664700746536255 -0.8179546594619751
6704 0.3491362035274506 -0.260434627532959 -0.808144748210907
6705 0.3500923216342926 -0.2535455822944641 -0.7978646755218506
6706 0.3510860204696655 -0.2457220703363419 -0.7871802449226379
6707 0.3521094620227814 -0.2368875592947006 -0.7761762142181396
6708 0.3531530201435089 -0.2269730269908905 -0.7649558186531067
6709 0.354205459356308 -0.21592016518116 -0.7536401152610779
6710 0.3552539944648743 -0.2036846876144409 -0.7423661351203918
6711 0.3562846183776855 -0.1902397722005844 -0.7312846779823303
6712 0.3572823703289032 -0.1755789816379547 -0.720556914806366
6713 0.3582315742969513 -0.1597189754247665 -0.7103509902954102
6714 0.359116405248642 -0.1427015364170074 -0.7008371949195862
6715 0.3599212765693665 -0.1245945915579796 -0.6921831965446472
6716 0.3606313169002533 -0.1054925322532654 -0.6845487356185913
6717 0.3612329363822937 -0.08551521599292755 -0.6780803799629211
6718 0.3617141246795654 -0.06480599194765091 -0.6729063391685486
6719 0.3620651960372925 -0.04352853819727898 -0.6691317558288574
6720 0.3622788190841675 -0.02186279557645321 -0.6668348908424377
6721 0.3623505234718323 0 -0.6660638451576233
6722 0.3622788190841675 0.02186279557645321 -0.6668348908424377
6723 0.3620651960372925 0.04352853819727898 -0.6691317558288574
6724 0.3617141246795654 0.06480599194765091 -0.6729063391685486
6725 0.3612329363822937 0.08551521599292755 -0.6780803799629211
6726 0.3606313169002533 0.1054925322532654 -0.6845487356185913
6727 0.3599212765693665 0.1245945915579796 -0.6921831965446472
6728 0.359116405248642 0.1427015364170074 -0.7008371949195862
6729 0.3582315742969513 0.1597189754247665 -0.7103509902954102
6730 0.3572823703289032 0.1755789816379547 -0.720556914806366
6731 0.3562846183776855 0.1902397722005844 -0.7312846779823303
6732 0.3552539944648743 0.2036846876144409 -0.7423661351203918
6733 0.354205459356308 0.21592016518116 -0.7536401152610779
6734 0.3531530201435089 0.2269730269908905 -0.7649558186531067
6735 0.3521094620227814 0.2368875592947006 -0.7761762142181396
6736 0.3510860204696655 0.2457220703363419 -0.7871802449226379
6737 0.3500923216342926 0.2535455822944641 -0.7978646755218506
6738 0.3491362035274506 0.260434627532959 -0.808144748210907
6739 0.3482238352298737 0.2664700746536255 -0.8179546594619751
6740 0.3473595380783081 0.2717346847057343 -0.8272475004196167
6741 0.3465460240840912 0.2763106822967529 -0.8359946012496948
6742 0.3457843363285065 0.2802779972553253 -0.8441843390464783
6743 0.3450740277767181 0.2837128937244415 -0.8518214225769043
6744 0.3444133102893829 0.286686897277832 -0.8589254021644592
6745 0.3437991142272949 0.2892663478851318 -0.8655292391777039
6746 0.3432272672653198 0.2915118336677551 -0.8716778159141541
6747 0.3426925837993622 0.2934783399105072 -0.87742680311203
6748 0.3421890437602997 0.2952151000499725 -0.8828408718109131
6749 0.3417098820209503 0.2967658340930939 -0.887992799282074
6750 0.3412477672100067 0.2981687784194946 -0.8929616212844849
6751 0.3407948017120361 0.2994568347930908 -0.8978320360183716
6752 0.3403427302837372 0.3006574809551239 -0.9026925563812256
6753 0.3398830592632294 0.3017924427986145 -0.9076347947120667
6754 0.3394071161746979 0.3028774857521057 -0.9127523899078369
6755 0.3389060795307159 0.3039216101169586 -0.9181395173072815
6756 0.3383712470531464 0.304926335811615 -0.9238901734352112
6757 0.3377939760684967 0.3058847188949585 -0.9300969243049622
6758 0.3371659219264984 0.3067801594734192 -0.9368496537208557
6759 0.336479127407074 0.3075852692127228 -0.9442342519760132
6760 0.3357260525226593 0.3082606494426727 -0.9523311853408813
6761 0.33489990234375 0.3087535798549652 -0.9612139463424683
6762 0.3339946866035461 0.3089972138404846 -0.9709469676017761
6763 0.333005428314209 0.3089097440242767 -0.9815835356712341
6764 0.3319284021854401 0.3083940148353577 -0.9931636452674866
6765 0.3307614326477051 0.3073378801345825 -1.005711078643799
6766 0.3295040130615234 0.3056147992610931 -1.019230842590332
6767 0.3281577527523041 0.303085595369339 -1.033706068992615
6768 0.3267264664173126 0.2996006608009338 -1.049095153808594
6769 0.3252165913581848 0.2950035333633423 -1.065329551696777
6770 0.3236372470855713 0.2891348600387573 -1.082310557365417
6771 0.3220005333423615 0.2818377614021301 -1.099908471107483
6772 0.3203215301036835 0.2729637026786804 -1.117961406707764
6773 0.3186182081699371 0.2623791098594666 -1.13627564907074
6774 0.3169113993644714 0.2499722689390182 -1.154627203941345
6775 0.3152244389057159 0.2356604188680649 -1.172765374183655
6776 0.3135827481746674 0.2193963974714279 -1.190416932106018
6777 0.3120132088661194 0.2011746317148209 -1.207292795181274
6778 0.310543417930603 0.1810358464717865 -1.223095893859863
6779 0.3092009723186493 0.1590702086687088 -1.237529873847961
6780 0.3080123960971832 0.1354184448719025 -1.250309586524963
6781 0.3070022463798523 0.110270768404007 -1.261170625686646
6782 0.3061922192573547 0.08386342972517014 -1.269880294799805
6783 0.3056001365184784 0.05647289752960205 -1.276246309280396
6784 0.3052393794059753 0.02840795926749706 -1.280125141143799
6785 0.3187104463577271 3.784281157514157e-17 -1.282573580741882
6786 0.3188099265098572 -0.02853346616029739 -1.281257152557373
6787 0.3191059827804565 -0.05671975016593933 -1.27733838558197
6788 0.3195918500423431 -0.08422351628541946 -1.270907402038574
6789 0.3202564716339111 -0.1107324510812759 -1.262110233306885
6790 0.3210850954055786 -0.1359671056270599 -1.251142144203186
6791 0.3220598697662354 -0.1596889942884445 -1.238239765167236
6792 0.3231604993343353 -0.1817064136266708 -1.223671317100525
6793 0.3243651390075684 -0.2018779814243317 -1.20772659778595
6794 0.3256510496139526 -0.2201136350631714 -1.190705895423889
6795 0.3269954919815063 -0.2363735288381577 -1.172910571098328
6796 0.3283763229846954 -0.2506647109985352 -1.154633402824402
6797 0.3297726809978485 -0.2630362808704376 -1.13615083694458
6798 0.3311654031276703 -0.2735733389854431 -1.117716312408447
6799 0.3325374126434326 -0.2823901474475861 -1.099556088447571
6800 0.3338739275932312 -0.2896229326725006 -1.081865429878235
6801 0.3351626992225647 -0.2954228520393372 -1.064807057380676
6802 0.336393803358078 -0.2999491989612579 -1.048511505126953
6803 0.3375598788261414 -0.3033635318279266 -1.033077120780945
6804 0.3386557102203369 -0.305824339389801 -1.018572568893433
6805 0.339678168296814 -0.3074827790260315 -1.005038738250732
6806 0.3406261205673218 -0.308479368686676 -0.9924915432929993
6807 0.3414999544620514 -0.3089415729045868 -0.9809252023696899
6808 0.3423015773296356 -0.3089822828769684 -0.9703146815299988
6809 0.3430340886116028 -0.3086989223957062 -0.9606189727783203
6810 0.3437016010284424 -0.3081734180450439 -0.9517836570739746
6811 0.3443090617656708 -0.3074725866317749 -0.9437429904937744
6812 0.3448621332645416 -0.3066487610340118 -0.9364224672317505
6813 0.3453669548034668 -0.3057410418987274 -0.9297404885292053
6814 0.345830112695694 -0.3047762513160706 -0.9236099123954773
6815 0.3462584912776947 -0.3037704825401306 -0.9179399013519287
6816 0.3466591536998749 -0.3027301132678986 -0.9126367568969727
6817 0.3470392525196075 -0.301653116941452 -0.9076054096221924
6818 0.3474060297012329 -0.3005298972129822 -0.902750551700592
6819 0.347766637802124 -0.2993443608283997 -0.8979775905609131
6820 0.3481280505657196 -0.2980743050575256 -0.8931938409805298
6821 0.3484970331192017 -0.2966919541358948 -0.8883097171783447
6822 0.3488800823688507 -0.295164167881012 -0.8832395672798157
6823 0.3492832481861115 -0.2934524118900299 -0.8779032826423645
6824 0.349712073802948 -0.2915128469467163 -0.8722271919250488
6825 0.3501715362071991 -0.28929603099823 -0.8661455512046814
6826 0.3506658971309662 -0.2867468297481537 -0.8596019744873047
6827 0.3511986434459686 -0.2838044464588165 -0.8525506854057312
6828 0.351772278547287 -0.280402272939682 -0.8449578881263733
6829 0.352388322353363 -0.2764684557914734 -0.8368035554885864
6830 0.3530471920967102 -0.2719262838363647 -0.8280824422836304
6831 0.3537480533123016 -0.2666952908039093 -0.8188056945800781
6832 0.354488730430603 -0.2606925666332245 -0.8090018630027771
6833 0.3552657067775726 -0.2538346946239471 -0.7987177968025208
6834 0.3560739457607269 -0.2460398524999619 -0.7880195379257202
6835 0.356907069683075 -0.2372305989265442 -0.7769922018051147
6836 0.357757180929184 -0.2273369580507278 -0.7657397985458374
6837 0.3586151003837585 -0.2162996083498001 -0.7543842792510986
6838 0.3594703376293182 -0.2040733844041824 -0.7430639266967773
6839 0.3603114485740662 -0.1906305700540543 -0.7319309115409851
6840 0.3611260950565338 -0.1759641021490097 -0.7211481332778931
6841 0.3619014322757721 -0.1600901633501053 -0.7108855247497559
6842 0.3626244366168976 -0.1430502831935883 -0.7013153433799744
6843 0.3632823526859283 -0.1249125301837921 -0.6926072239875793
6844 0.3638629019260406 -0.1057716459035873 -0.6849229335784912
6845 0.3643548786640167 -0.08574823290109634 -0.6784108877182007
6846 0.364748477935791 -0.06498663872480392 -0.6732009649276733
6847 0.3650356531143188 -0.04365185275673866 -0.6693997383117676
6848 0.3652104437351227 -0.02192533388733864 -0.6670864224433899
6849 0.3652691245079041 0 -0.6663097739219666
6850 0.3652104437351227 0.02192533388733864 -0.6670864224433899
6851 0.3650356531143188 0.04365185275673866 -0.6693997383117676
6852 0.364748477935791 0.06498663872480392 -0.6732009649276733
6853 0.3643548786640167 0.08574823290109634 -0.6784108877182007
6854 0.3638629019260406 0.1057716459035873 -0.6849229335784912
6855 0.3632823526859283 0.1249125301837921 -0.6926072239875793
6856 0.3626244366168976 0.1430502831935883 -0.7013153433799744
6857 0.3619014322757721 0.1600901633501053 -0.7108855247497559
6858 0.3611260950565338 0.1759641021490097 -0.7211481332778931
6859 0.3603114485740662 0.1906305700540543 -0.7319309115409851
6860 0.3594703376293182 0.2040733844041824 -0.7430639266967773
6861 0.3586151003837585 0.2162996083498001 -0.7543842792510986
6862 0.357757180929184 0.2273369580507278 -0.7657397985458374
6863 0.356907069683075 0.2372305989265442 -0.7769922018051147
6864 0.3560739457607269 0.2460398524999619 -0.7880195379257202
6865 0.3552657067775726 0.2538346946239471 -0.7987177968025208
6866 0.354488730430603 0.2606925666332245 -0.8090018630027771
6867 0.3537480533123016 0.2666952908039093 -0.8188056945800781
6868 0.3530471920967102 0.2719262838363647 -0.8280824422836304
6869 0.352388322353363 0.2764684557914734 -0.8368035554885864
6870 0.351772278547287 0.280402272939682 -0.8449578881263733
6871 0.3511986434459686 0.2838044464588165 -0.8525506854057312
6872 0.3506658971309662 0.2867468297481537 -0.8596019744873047
6873 0.3501715362071991 0.28929603099823 -0.8661455512046814
6874 0.349712073802948 0.2915128469467163 -0.8722271919250488
6875 0.3492832481861115 0.2934524118900299 -0.8779032826423645
6876 0.3488800823688507 0.295164167881012 -0.8832395672798157
6877 0.3484970331192017 0.2966919541358948 -0.8883097171783447
6878 0.3481280505657196 0.2980743050575256 -0.8931938409805298
6879 0.347766637802124 0.2993443608283997 -0.8979775905609131
6880 0.3474060297012329 0.3005298972129822 -0.902750551700592
6881 0.3470392525196075 0.301653116941452 -0.9076054096221924
6882 0.3466591536998749 0.3027301132678986 -0.9126367568969727
6883 0.3462584912776947 0.3037704825401306 -0.9179399013519287
6884 0.345830112695694 0.3047762513160706 -0.9236099123954773
6885 0.3453669548034668 0.3057410418987274 -0.9297404885292053
6886 0.3448621332645416 0.3066487610340118 -0.9364224672317505
6887 0.3443090617656708 0.3074725866317749 -0.9437429904937744
6888 0.3437016010284424 0.3081734180450439 -0.9517836570739746
6889 0.3430340886116028 0.3086989223957062 -0.9606189727783203
6890 0.3423015773296356 0.3089822828769684 -0.9703146815299988
6891 0.3414999544620514 0.3089415729045868 -0.9809252023696899
6892 0.3406261205673218 0.308479368686676 -0.9924915432929993
6893 0.339678168296814 0.3074827790260315 -1.005038738250732
6894 0.3386557102203369 0.305824339389801 -1.018572568893433
6895 0.3375598788261414 0.3033635318279266 -1.033077120780945
6896 0.336393803358078 0.2999491989612579 -1.048511505126953
6897 0.3351626992225647 0.2954228520393372 -1.064807057380676
6898 0.3338739275932312 0.2896229326725006 -1.081865429878235
6899 0.3325374126434326 0.2823901474475861 -1.099556088447571
6900 0.3311654031276703 0.2735733389854431 -1.117716312408447
6901 0.3297726809978485 0.2630362808704376 -1.13615083694458
6902 0.3283763229846954 0.2506647109985352 -1.154633402824402
6903 0.3269954919815063 0.2363735288381577 -1.172910571098328
6904 0.3256510496139526 0.2201136350631714 -1.190705895423889
6905 0.3243651390075684 0.2018779814243317 -1.20772659778595
6906 0.3231604993343353 0.1817064136266708 -1.223671317100525
6907 0.3220598697662354 0.1596889942884445 -1.238239765167236
6908 0.3210850954055786 0.1359671056270599 -1.251142144203186
6909 0.3202564716339111 0.1107324510812759 -1.262110233306885
6910 0.3195918500423431 0.08422351628541946 -1.270907402038574
6911 0.3191059827804565 0.05671975016593933 -1.27733838558197
6912 0.3188099265098572 0.02853346616029739 -1.281257152557373
6913 0.3309767246246338 3.784281157514157e-17 -1.283403992652893
6914 0.3310561776161194 -0.0286373533308506 -1.282076478004456
6915 0.3312927186489105 -0.05692403391003609 -1.278125047683716
6916 0.3316808044910431 -0.08452140539884567 -1.27164101600647
6917 0.3322116732597351 -0.1111141741275787 -1.262772440910339
6918 0.3328734040260315 -0.1364204436540604 -1.251717090606689
6919 0.3336516618728638 -0.1601998209953308 -1.238714694976807
6920 0.3345302045345306 -0.1822594106197357 -1.224037170410156
6921 0.3354914784431458 -0.2024572789669037 -1.207977533340454
6922 0.3365172743797302 -0.2207035422325134 -1.190839886665344
6923 0.3375893533229828 -0.2369590550661087 -1.172928690910339
6924 0.3386900424957275 -0.2512321472167969 -1.154540181159973
6925 0.3398025929927826 -0.2635735869407654 -1.135953068733215
6926 0.3409116864204407 -0.2740704715251923 -1.117423534393311
6927 0.342003732919693 -0.2828392386436462 -1.099179029464722
6928 0.343066930770874 -0.2900183200836182 -1.081416368484497
6929 0.3440915048122406 -0.2957610189914703 -1.06429922580719
6930 0.3450696170330048 -0.3002287447452545 -1.047958254814148
6931 0.3459953665733337 -0.3035849034786224 -1.03249192237854
6932 0.3468647003173828 -0.3059895634651184 -1.017968535423279
6933 0.3476751446723938 -0.307595282793045 -1.004428505897522
6934 0.3484258353710175 -0.3085435926914215 -0.991887092590332
6935 0.3491171300411224 -0.3089627921581268 -0.9803375601768494
6936 0.3497506380081177 -0.3089662194252014 -0.9697540998458862
6937 0.350328803062439 -0.3086516261100769 -0.960094690322876
6938 0.3508549928665161 -0.3081009984016418 -0.9513038396835327
6939 0.3513331711292267 -0.3073809742927551 -0.9433149695396423
6940 0.3517678678035736 -0.3065437376499176 -0.9360525012016296
6941 0.3521640300750732 -0.3056278824806213 -0.9294338822364807
6942 0.3525269329547882 -0.3046599626541138 -0.9233711957931519
6943 0.3528620600700378 -0.3036554753780365 -0.9177724123001099
6944 0.3531750738620758 -0.3026203811168671 -0.9125431180000305
6945 0.3534716963768005 -0.3015521764755249 -0.9075872898101807
6946 0.3537577390670776 -0.3004409074783325 -0.902808666229248
6947 0.3540388643741608 -0.2992700040340424 -0.898111879825592
6948 0.3543207049369812 -0.2980169951915741 -0.8934032917022705
6949 0.3546086549758911 -0.2966538369655609 -0.8885923624038696
6950 0.3549079298973083 -0.2951471507549286 -0.8835926651954651
6951 0.3552233278751373 -0.2934582829475403 -0.8783231973648071
6952 0.3555593490600586 -0.2915431559085846 -0.8727095127105713
6953 0.3559199571609497 -0.2893522679805756 -0.8666850328445435
6954 0.3563085496425629 -0.286830335855484 -0.860192596912384
6955 0.3567279577255249 -0.2839163243770599 -0.8531856536865234
6956 0.3571802377700806 -0.2805434465408325 -0.8456299901008606
6957 0.357666552066803 -0.2766395211219788 -0.8375048041343689
6958 0.3581873178482056 -0.2721274495124817 -0.828804612159729
6959 0.3587418794631958 -0.2669262588024139 -0.8195400238037109
6960 0.3593284785747528 -0.2609525322914124 -0.8097395896911621
6961 0.3599443733692169 -0.2541220486164093 -0.7994500994682312
6962 0.3605855703353882 -0.2463522404432297 -0.7887377738952637
6963 0.3612469732761383 -0.2375648766756058 -0.7776880860328674
6964 0.3619222939014435 -0.2276890277862549 -0.7664057016372681
6965 0.3626042008399963 -0.2166645228862762 -0.7550134062767029
6966 0.3632843196392059 -0.2044453173875809 -0.743650496006012
6967 0.3639535307884216 -0.1910029947757721 -0.7324705123901367
6968 0.3646019399166107 -0.1763298362493515 -0.7216377854347229
6969 0.3652192950248718 -0.1604416519403458 -0.7113238573074341
6970 0.3657951653003693 -0.1433797627687454 -0.7017027139663696
6971 0.366319328546524 -0.1252122968435287 -0.6929457783699036
6972 0.3667819499969482 -0.1060343980789185 -0.6852166056632996
6973 0.3671740889549255 -0.08596730977296829 -0.6786652803421021
6974 0.3674878776073456 -0.06515631824731827 -0.6734230518341064
6975 0.3677168488502502 -0.04376760870218277 -0.6695978045463562
6976 0.3678562045097351 -0.02198401652276516 -0.6672697067260742
6977 0.3679029643535614 0 -0.6664881110191345
6978 0.3678562045097351 0.02198401652276516 -0.6672697067260742
6979 0.3677168488502502 0.04376760870218277 -0.6695978045463562
6980 0.3674878776073456 0.06515631824731827 -0.6734230518341064
6981 0.3671740889549255 0.08596730977296829 -0.6786652803421021
6982 0.3667819499969482 0.1060343980789185 -0.6852166056632996
6983 0.366319328546524 0.1252122968435287 -0.6929457783699036
6984 0.3657951653003693 0.1433797627687454 -0.7017027139663696
6985 0.3652192950248718 0.1604416519403458 -0.7113238573074341
6986 0.3646019399166107 0.1763298362493515 -0.7216377854347229
6987 0.3639535307884216 0.1910029947757721 -0.7324705123901367
6988 0.3632843196392059 0.2044453173875809 -0.743650496006012
6989 0.3626042008399963 0.2166645228862762 -0.7550134062767029
6990 0.3619222939014435 0.2276890277862549 -0.7664057016372681
6991 0.3612469732761383 0.2375648766756058 -0.7776880860328674
6992 0.3605855703353882 0.2463522404432297 -0.7887377738952637
6993 0.3599443733692169 0.2541220486164093 -0.7994500994682312
6994 0.3593284785747528 0.2609525322914124 -0.8097395896911621
6995 0.3587418794631958 0.2669262588024139 -0.8195400238037109
6996 0.3581873178482056 0.2721274495124817 -0.828804612159729
6997 0.357666552066803 0.2766395211219788 -0.8375048041343689
6998 0.3571802377700806 0.2805434465408325 -0.8456299901008606
6999 0.3567279577255249 0.2839163243770599 -0.8531856536865234
7000 0.3563085496425629 0.286830335855484 -0.860192596912384
7001 0.3559199571609497 0.2893522679805756 -0.8666850328445435
7002 0.3555593490600586 0.2915431559085846 -0.8727095127105713
7003 0.3552233278751373 0.2934582829475403 -0.8783231973648071
7004 0.3549079298973083 0.2951471507549286 -0.8835926651954651
7005 0.3546086549758911 0.2966538369655609 -0.8885923624038696
7006 0.3543207049369812 0.2980169951915741 -0.8934032917022705
7007 0.3540388643741608 0.2992700040340424 -0.898111879825592
7008 0.3537577390670776 0.3004409074783325 -0.902808666229248
7009 0.3534716963768005 0.3015521764755249 -0.9075872898101807
7010 0.3531750738620758 0.3026203811168671 -0.9125431180000305
7011 0.3528620600700378 0.3036554753780365 -0.9177724123001099
7012 0.3525269329547882 0.3046599626541138 -0.9233711957931519
7013 0.3521640300750732 0.3056278824806213 -0.9294338822364807
7014 0.3517678678035736 0.3065437376499176 -0.9360525012016296
7015 0.3513331711292267 0.3073809742927551 -0.9433149695396423
7016 0.3508549928665161 0.3081009984016418 -0.9513038396835327
7017 0.350328803062439 0.3086516261100769 -0.960094690322876
7018 0.3497506380081177 0.3089662194252014 -0.9697540998458862
7019 0.3491171300411224 0.3089627921581268 -0.9803375601768494
7020 0.3484258353710175 0.3085435926914215 -0.991887092590332
7021 0.3476751446723938 0.307595282793045 -1.004428505897522
7022 0.3468647003173828 0.3059895634651184 -1.017968535423279
7023 0.3459953665733337 0.3035849034786224 -1.03249192237854
7024 0.3450696170330048 0.3002287447452545 -1.047958254814148
7025 0.3440915048122406 0.2957610189914703 -1.06429922580719
7026 0.343066930770874 0.2900183200836182 -1.081416368484497
7027 0.342003732919693 0.2828392386436462 -1.099179029464722
7028 0.3409116864204407 0.2740704715251923 -1.117423534393311
7029 0.3398025929927826 0.2635735869407654 -1.135953068733215
7030 0.3386900424957275 0.2512321472167969 -1.154540181159973
7031 0.3375893533229828 0.2369590550661087 -1.172928690910339
7032 0.3365172743797302 0.2207035422325134 -1.190839886665344
7033 0.3354914784431458 0.2024572789669037 -1.207977533340454
7034 0.3345302045345306 0.1822594106197357 -1.224037170410156
7035 0.3336516618728638 0.1601998209953308 -1.238714694976807
7036 0.3328734040260315 0.1364204436540604 -1.251717090606689
7037 0.3322116732597351 0.1111141741275787 -1.262772440910339
7038 0.3316808044910431 0.08452140539884567 -1.27164101600647
7039 0.3312927186489105 0.05692403391003609 -1.278125047683716
7040 0.3310561776161194 0.0286373533308506 -1.282076478004456
7041 0.3418801426887512 3.784281157514157e-17 -1.28398072719574
7042 0.3419415354728699 -0.02872204780578613 -1.282644391059875
7043 0.3421242833137512 -0.05709055438637733 -1.278666734695435
7044 0.3424241244792938 -0.08476415276527405 -1.272140145301819
7045 0.3428342342376709 -0.1114251241087914 -1.263214111328125
7046 0.3433453738689423 -0.1367895305156708 -1.252088785171509
7047 0.3439463973045349 -0.160615473985672 -1.239006519317627
7048 0.3446247577667236 -0.1827090531587601 -1.224241614341736
7049 0.3453668057918549 -0.202927902340889 -1.208090305328369
7050 0.3461584448814392 -0.2211822867393494 -1.19085955619812
7051 0.3469855785369873 -0.2374336570501328 -1.172856569290161
7052 0.347834438085556 -0.2516914308071136 -1.154379844665527
7053 0.3486921787261963 -0.2640078067779541 -1.135710597038269
7054 0.3495469093322754 -0.2744714915752411 -1.117106556892395
7055 0.3503881394863129 -0.2832006812095642 -1.098796725273132
7056 0.3512067496776581 -0.2903356552124023 -1.080978870391846
7057 0.3519951999187469 -0.2960315644741058 -1.063817143440247
7058 0.3527475297451019 -0.3004514873027802 -1.047442674636841
7059 0.3534591197967529 -0.3037603199481964 -1.031953811645508
7060 0.3541269302368164 -0.3061195015907288 -1.017418622970581
7061 0.3547490537166595 -0.3076826333999634 -1.00387704372406
7062 0.3553248941898346 -0.3085921406745911 -0.9913438558578491
7063 0.355854719877243 -0.308976948261261 -0.979811429977417
7064 0.3563398122787476 -0.3089507818222046 -0.9692533016204834
7065 0.356782078742981 -0.3086116015911102 -0.9596266746520996
7066 0.3571841716766357 -0.3080414533615112 -0.9508752226829529
7067 0.3575491309165955 -0.3073068261146545 -0.9429315328598022
7068 0.3578804731369019 -0.3064596652984619 -0.9357192516326904
7069 0.3581820428371429 -0.3055383265018463 -0.9291551113128662
7070 0.3584579527378082 -0.3045689165592194 -0.9231503009796143
7071 0.358712375164032 -0.3035666346549988 -0.9176121950149536
7072 0.35894975066185 -0.3025369644165039 -0.9124454855918884
7073 0.359174519777298 -0.3014770448207855 -0.907553493976593
7074 0.3593910932540894 -0.3003765642642975 -0.9028393030166626
7075 0.3596039414405823 -0.2992186844348907 -0.8982066512107849
7076 0.3598173558712006 -0.2979806065559387 -0.8935612440109253
7077 0.3600355684757233 -0.2966341376304626 -0.8888118267059326
7078 0.360262542963028 -0.2951456904411316 -0.8838711977005005
7079 0.3605020940303802 -0.2934764921665192 -0.8786577582359314
7080 0.36075758934021 -0.2915823757648468 -0.873096227645874
7081 0.3610321879386902 -0.2894136309623718 -0.8671195507049561
7082 0.361328512430191 -0.2869149744510651 -0.8606697916984558
7083 0.3616487383842468 -0.2840251326560974 -0.8536999225616455
7084 0.3619944453239441 -0.2806771695613861 -0.8461750745773315
7085 0.362366646528244 -0.2767986357212067 -0.8380740880966187
7086 0.3627655506134033 -0.2723121345043182 -0.8293910622596741
7087 0.3631907403469086 -0.2671362459659576 -0.8201364278793335
7088 0.3636409044265747 -0.2611869871616364 -0.8103384971618652
7089 0.3641138672828674 -0.2543796300888062 -0.8000441193580627
7090 0.3646065890789032 -0.246630921959877 -0.7893195748329163
7091 0.3651151359081268 -0.2378618568181992 -0.7782507538795471
7092 0.3656346499919891 -0.2280007898807526 -0.7669427990913391
7093 0.3661594986915588 -0.2169867753982544 -0.7555192708969116
7094 0.3666831851005554 -0.2047730386257172 -0.7441202402114868
7095 0.3671986758708954 -0.1913305222988129 -0.7329003810882568
7096 0.3676983118057251 -0.1766509860754013 -0.7220253348350525
7097 0.3681741654872894 -0.1607498675584793 -0.7116678953170776
7098 0.3686181902885437 -0.1436683535575867 -0.7020035982131958
7099 0.369022399187088 -0.1254746466875076 -0.6932053565979004
7100 0.3693792521953583 -0.1062641888856888 -0.6854381561279297
7101 0.3696817755699158 -0.08615878969430923 -0.6788535118103027
7102 0.3699238896369934 -0.06530456990003586 -0.673583984375
7103 0.3701005578041077 -0.04386870935559273 -0.6697384119033813
7104 0.3702080845832825 -0.02203525975346565 -0.6673977971076965
7105 0.3702442049980164 0 -0.6666119694709778
7106 0.3702080845832825 0.02203525975346565 -0.6673977971076965
7107 0.3701005578041077 0.04386870935559273 -0.6697384119033813
7108 0.3699238896369934 0.06530456990003586 -0.673583984375
7109 0.3696817755699158 0.08615878969430923 -0.6788535118103027
7110 0.3693792521953583 0.1062641888856888 -0.6854381561279297
7111 0.369022399187088 0.1254746466875076 -0.6932053565979004
7112 0.3686181902885437 0.1436683535575867 -0.7020035982131958
7113 0.3681741654872894 0.1607498675584793 -0.7116678953170776
7114 0.3676983118057251 0.1766509860754013 -0.7220253348350525
7115 0.3671986758708954 0.1913305222988129 -0.7329003810882568
7116 0.3666831851005554 0.2047730386257172 -0.7441202402114868
7117 0.3661594986915588 0.2169867753982544 -0.7555192708969116
7118 0.3656346499919891 0.2280007898807526 -0.7669427990913391
7119 0.3651151359081268 0.2378618568181992 -0.7782507538795471
7120 0.3646065890789032 0.246630921959877 -0.7893195748329163
7121 0.3641138672828674 0.2543796300888062 -0.8000441193580627
7122 0.3636409044265747 0.2611869871616364 -0.8103384971618652
7123 0.3631907403469086 0.2671362459659576 -0.8201364278793335
7124 0.3627655506134033 0.2723121345043182 -0.8293910622596741
7125 0.362366646528244 0.2767986357212067 -0.8380740880966187
7126 0.3619944453239441 0.2806771695613861 -0.8461750745773315
7127 0.3616487383842468 0.2840251326560974 -0.8536999225616455
7128 0.361328512430191 0.2869149744510651 -0.8606697916984558
7129 0.3610321879386902 0.2894136309623718 -0.8671195507049561
7130 0.36075758934021 0.2915823757648468 -0.873096227645874
7131 0.3605020940303802 0.2934764921665192 -0.8786577582359314
7132 0.360262542963028 0.2951456904411316 -0.8838711977005005
7133 0.3600355684757233 0.2966341376304626 -0.8888118267059326
7134 0.3598173558712006 0.2979806065559387 -0.8935612440109253
7135 0.3596039414405823 0.2992186844348907 -0.8982066512107849
7136 0.3593910932540894 0.3003765642642975 -0.9028393030166626
7137 0.359174519777298 0.3014770448207855 -0.907553493976593
7138 0.35894975066185 0.3025369644165039 -0.9124454855918884
7139 0.358712375164032 0.3035666346549988 -0.9176121950149536
7140 0.3584579527378082 0.3045689165592194 -0.9231503009796143
7141 0.3581820428371429 0.3055383265018463 -0.9291551113128662
7142 0.3578804731369019 0.3064596652984619 -0.9357192516326904
7143 0.3575491309165955 0.3073068261146545 -0.9429315328598022
7144 0.3571841716766357 0.3080414533615112 -0.9508752226829529
7145 0.356782078742981 0.3086116015911102 -0.9596266746520996
7146 0.3563398122787476 0.3089507818222046 -0.9692533016204834
7147 0.355854719877243 0.308976948261261 -0.979811429977417
7148 0.3553248941898346 0.3085921406745911 -0.9913438558578491
7149 0.3547490537166595 0.3076826333999634 -1.00387704372406
7150 0.3541269302368164 0.3061195015907288 -1.017418622970581
7151 0.3534591197967529 0.3037603199481964 -1.031953811645508
7152 0.3527475297451019 0.3004514873027802 -1.047442674636841
7153 0.3519951999187469 0.2960315644741058 -1.063817143440247
7154 0.3512067496776581 0.2903356552124023 -1.080978870391846
7155 0.3503881394863129 0.2832006812095642 -1.098796725273132
7156 0.3495469093322754 0.2744714915752411 -1.117106556892395
7157 0.3486921787261963 0.2640078067779541 -1.135710597038269
7158 0.347834438085556 0.2516914308071136 -1.154379844665527
7159 0.3469855785369873 0.2374336570501328 -1.172856569290161
7160 0.3461584448814392 0.2211822867393494 -1.19085955619812
7161 0.3453668057918549 0.202927902340889 -1.208090305328369
7162 0.3446247577667236 0.1827090531587601 -1.224241614341736
7163 0.3439463973045349 0.160615473985672 -1.239006519317627
7164 0.3433453738689423 0.1367895305156708 -1.252088785171509
7165 0.3428342342376709 0.1114251241087914 -1.263214111328125
7166 0.3424241244792938 0.08476415276527405 -1.272140145301819
7167 0.3421242833137512 0.05709055438637733 -1.278666734695435
7168 0.3419415354728699 0.02872204780578613 -1.282644391059875
7169 0.3513891994953156 3.784281157514157e-17 -1.28436005115509
7170 0.3514346480369568 -0.02879017777740955 -1.283016681671143
7171 0.3515699207782745 -0.05722448229789734 -1.27901828289032
7172 0.3517918586730957 -0.08495934307575226 -1.272457957267761
7173 0.3520953953266144 -0.111675076186657 -1.263486623764038
7174 0.352473646402359 -0.1370860934257507 -1.252306222915649
7175 0.3529183864593506 -0.1609492599964142 -1.239160895347595
7176 0.353420227766037 -0.1830698847770691 -1.224327325820923
7177 0.3539690971374512 -0.2033052742481232 -1.208104014396667
7178 0.3545545041561127 -0.2215657979249954 -1.190800309181213
7179 0.3551659882068634 -0.2378134578466415 -1.172725677490234
7180 0.3557934165000916 -0.2520585060119629 -1.154180407524109
7181 0.3564271926879883 -0.2643543183803558 -1.13544762134552
7182 0.3570585250854492 -0.2747909426689148 -1.116786360740662
7183 0.3576796650886536 -0.2834880352020264 -1.098426699638367
7184 0.3582839071750641 -0.2905873656272888 -1.080567240715027
7185 0.3588656187057495 -0.2962455451488495 -1.063372731208801
7186 0.3594204187393188 -0.3006269931793213 -1.046974182128906
7187 0.3599449396133423 -0.303897887468338 -1.031470060348511
7188 0.3604369163513184 -0.3062207102775574 -1.016928434371948
7189 0.3608950078487396 -0.3077499270439148 -1.003388524055481
7190 0.3613187074661255 -0.3086286783218384 -0.990864634513855
7191 0.3617083132266998 -0.3089863359928131 -0.9793487787246704
7192 0.3620647192001343 -0.3089369833469391 -0.9688137173652649
7193 0.3623894453048706 -0.3085787296295166 -0.9592160582542419
7194 0.3626843690872192 -0.307993620634079 -0.9504987597465515
7195 0.362951785326004 -0.307248055934906 -0.9425938725471497
7196 0.3631943464279175 -0.3063937723636627 -0.9354243874549866
7197 0.3634148836135864 -0.3054688572883606 -0.928906261920929
7198 0.3636163771152496 -0.3044991493225098 -0.922950267791748
7199 0.3638020157814026 -0.3034994602203369 -0.9174630045890808
7200 0.3639750480651855 -0.3024750351905823 -0.9123486876487732
7201 0.3641387522220612 -0.301422655582428 -0.907509982585907
7202 0.3642964363098145 -0.300331711769104 -0.9028493165969849
7203 0.3644513487815857 -0.2991851270198822 -0.8982699513435364
7204 0.3646067380905151 -0.297959953546524 -0.8936769366264343
7205 0.3647657036781311 -0.2966277301311493 -0.8889784812927246
7206 0.36493119597435 -0.2951547801494598 -0.8840867877006531
7207 0.3651060163974762 -0.2935022413730621 -0.8789196014404297
7208 0.3652926981449127 -0.2916258275508881 -0.8734011650085449
7209 0.3654935956001282 -0.2894757986068726 -0.8674638271331787
7210 0.3657106161117554 -0.2869966924190521 -0.8610492348670959
7211 0.3659453690052032 -0.2841271758079529 -0.8541098237037659
7212 0.3661991059780121 -0.2808001339435577 -0.8466103076934814
7213 0.3664725124835968 -0.2769429087638855 -0.8385291695594788
7214 0.3667657971382141 -0.272477775812149 -0.8298600912094116
7215 0.3670786321163177 -0.2673230171203613 -0.8206134438514709
7216 0.3674100339412689 -0.2613942325115204 -0.8108173012733459
7217 0.3677584826946259 -0.2546061277389526 -0.8005185723304749
7218 0.3681216537952423 -0.2468749284744263 -0.7897837162017822
7219 0.3684966862201691 -0.2381209880113602 -0.7786988019943237
7220 0.3688799738883972 -0.2282720357179642 -0.7673693895339966
7221 0.3692673444747925 -0.2172664701938629 -0.7559196352958679
7222 0.3696539998054504 -0.20505690574646 -0.7444904446601868
7223 0.3700347244739532 -0.1916137486696243 -0.7332372665405273
7224 0.3704038560390472 -0.1769282966852188 -0.7223268151283264
7225 0.3707554936408997 -0.1610157191753387 -0.7119330763816833
7226 0.371083676815033 -0.1439170390367508 -0.7022327780723572
7227 0.371382474899292 -0.125700518488884 -0.6934000253677368
7228 0.3716463446617126 -0.1064619049429893 -0.6856011152267456
7229 0.3718700408935547 -0.08632346987724304 -0.6789886951446533
7230 0.37204909324646 -0.06543201208114624 -0.6736963391304016
7231 0.37217977643013 -0.04395559802651405 -0.6698338389396667
7232 0.3722593188285828 -0.02207929454743862 -0.6674827337265015
7233 0.3722860217094421 0 -0.666693389415741
7234 0.3722593188285828 0.02207929454743862 -0.6674827337265015
7235 0.37217977643013 0.04395559802651405 -0.6698338389396667
7236 0.37204909324646 0.06543201208114624 -0.6736963391304016
7237 0.3718700408935547 0.08632346987724304 -0.6789886951446533
7238 0.3716463446617126 0.1064619049429893 -0.6856011152267456
7239 0.371382474899292 0.125700518488884 -0.6934000253677368
7240 0.371083676815033 0.1439170390367508 -0.7022327780723572
7241 0.3707554936408997 0.1610157191753387 -0.7119330763816833
7242 0.3704038560390472 0.1769282966852188 -0.7223268151283264
7243 0.3700347244739532 0.1916137486696243 -0.7332372665405273
7244 0.3696539998054504 0.20505690574646 -0.7444904446601868
7245 0.3692673444747925 0.2172664701938629 -0.7559196352958679
7246 0.3688799738883972 0.2282720357179642 -0.7673693895339966
7247 0.3684966862201691 0.2381209880113602 -0.7786988019943237
7248 0.3681216537952423 0.2468749284744263 -0.7897837162017822
7249 0.3677584826946259 0.2546061277389526 -0.8005185723304749
7250 0.3674100339412689 0.2613942325115204 -0.8108173012733459
7251 0.3670786321163177 0.2673230171203613 -0.8206134438514709
7252 0.3667657971382141 0.272477775812149 -0.8298600912094116
7253 0.3664725124835968 0.2769429087638855 -0.8385291695594788
7254 0.3661991059780121 0.2808001339435577 -0.8466103076934814
7255 0.3659453690052032 0.2841271758079529 -0.8541098237037659
7256 0.3657106161117554 0.2869966924190521 -0.8610492348670959
7257 0.3654935956001282 0.2894757986068726 -0.8674638271331787
7258 0.3652926981449127 0.2916258275508881 -0.8734011650085449
7259 0.3651060163974762 0.2935022413730621 -0.8789196014404297
7260 0.36493119597435 0.2951547801494598 -0.8840867877006531
7261 0.3647657036781311 0.2966277301311493 -0.8889784812927246
7262 0.3646067380905151 0.297959953546524 -0.8936769366264343
7263 0.3644513487815857 0.2991851270198822 -0.8982699513435364
7264 0.3642964363098145 0.300331711769104 -0.9028493165969849
7265 0.3641387522220612 0.301422655582428 -0.907509982585907
7266 0.3639750480651855 0.3024750351905823 -0.9123486876487732
7267 0.3638020157814026 0.3034994602203369 -0.9174630045890808
7268 0.3636163771152496 0.3044991493225098 -0.922950267791748
7269 0.3634148836135864 0.3054688572883606 -0.928906261920929
7270 0.3631943464279175 0.3063937723636627 -0.9354243874549866
7271 0.362951785326004 0.307248055934906 -0.9425938725471497
7272 0.3626843690872192 0.307993620634079 -0.9504987597465515
7273 0.3623894453048706 0.3085787296295166 -0.9592160582542419
7274 0.3620647192001343 0.3089369833469391 -0.9688137173652649
7275 0.3617083132266998 0.3089863359928131 -0.9793487787246704
7276 0.3613187074661255 0.3086286783218384 -0.990864634513855
7277 0.3608950078487396 0.3077499270439148 -1.003388524055481
7278 0.3604369163513184 0.3062207102775574 -1.016928434371948
7279 0.3599449396133423 0.303897887468338 -1.031470060348511
7280 0.3594204187393188 0.3006269931793213 -1.046974182128906
7281 0.3588656187057495 0.2962455451488495 -1.063372731208801
7282 0.3582839071750641 0.2905873656272888 -1.080567240715027
7283 0.3576796650886536 0.2834880352020264 -1.098426699638367
7284 0.3570585250854492 0.2747909426689148 -1.116786360740662
7285 0.3564271926879883 0.2643543183803558 -1.13544762134552
7286 0.3557934165000916 0.2520585060119629 -1.154180407524109
7287 0.3551659882068634 0.2378134578466415 -1.172725677490234
7288 0.3545545041561127 0.2215657979249954 -1.190800309181213
7289 0.3539690971374512 0.2033052742481232 -1.208104014396667
7290 0.353420227766037 0.1830698847770691 -1.224327325820923
7291 0.3529183864593506 0.1609492599964142 -1.239160895347595
7292 0.352473646402359 0.1370860934257507 -1.252306222915649
7293 0.3520953953266144 0.111675076186657 -1.263486623764038
7294 0.3517918586730957 0.08495934307575226 -1.272457957267761
7295 0.3515699207782745 0.05722448229789734 -1.27901828289032
7296 0.3514346480369568 0.02879017777740955 -1.283016681671143
7297 0.3594775497913361 3.784281157514157e-17 -1.284592032432556
7298 0.359509289264679 -0.02884401008486748 -1.283243298530579
7299 0.3596038222312927 -0.05733029544353485 -1.279228687286377
7300 0.3597588539123535 -0.085113525390625 -1.272642374038696
7301 0.359970897436142 -0.1118724495172501 -1.263635993003845
7302 0.3602350950241089 -0.1373201757669449 -1.252412796020508
7303 0.3605457246303558 -0.1612125933170319 -1.239218711853027
7304 0.3608961701393127 -0.183354377746582 -1.224332213401794
7305 0.3612793982028961 -0.203602597117424 -1.208053588867188
7306 0.3616880774497986 -0.2218676954507828 -1.190693855285645
7307 0.3621148765087128 -0.238112136721611 -1.172564268112183
7308 0.3625527024269104 -0.2523468732833862 -1.153966903686523
7309 0.3629948198795319 -0.2646261751651764 -1.135185837745667
7310 0.3634351789951324 -0.2750411927700043 -1.116481423377991
7311 0.3638682663440704 -0.2837127149105072 -1.098084807395935
7312 0.364289402961731 -0.2907837927341461 -1.080194711685181
7313 0.3646947741508484 -0.2964120805263519 -1.062976479530334
7314 0.3650812208652496 -0.3007631599903107 -1.046561241149902
7315 0.3654464185237885 -0.3040041625499725 -1.031047582626343
7316 0.3657888174057007 -0.3062984347343445 -1.016502976417542
7317 0.3661074936389923 -0.3078011274337769 -1.002966642379761
7318 0.3664021193981171 -0.3086559176445007 -0.9904524683952332
7319 0.3666728436946869 -0.3089925348758698 -0.9789518117904663
7320 0.3669203817844391 -0.3089253604412079 -0.968437135219574
7321 0.3671457469463348 -0.3085525631904602 -0.9588643908500671
7322 0.3673502802848816 -0.3079561591148376 -0.9501761794090271
7323 0.3675356209278107 -0.3072025775909424 -0.9423038363456726
7324 0.3677035570144653 -0.306343287229538 -0.9351699352264404
7325 0.3678561151027679 -0.3054161965847015 -0.9286900162696838
7326 0.3679953813552856 -0.3044469058513641 -0.9227741956710815
7327 0.3681235611438751 -0.303449958562851 -0.9173287749290466
7328 0.3682429492473602 -0.3024303019046783 -0.9122573733329773
7329 0.3683558404445648 -0.3013845086097717 -0.9074622392654419
7330 0.3684645295143127 -0.3003017604351044 -0.9028453230857849
7331 0.3685713112354279 -0.2991647720336914 -0.8983093500137329
7332 0.3686784505844116 -0.2979503870010376 -0.89375901222229
7333 0.3687880635261536 -0.2966300845146179 -0.8891019225120544
7334 0.3689022958278656 -0.2951700389385223 -0.8842499256134033
7335 0.3690230548381805 -0.2935312986373901 -0.8791202306747437
7336 0.369152158498764 -0.2916695177555084 -0.873636782169342
7337 0.3692911863327026 -0.2895349264144897 -0.8677312731742859
7338 0.3694415092468262 -0.2870719432830811 -0.861345112323761
7339 0.3696043193340302 -0.2842191457748413 -0.8544302582740784
7340 0.3697803914546967 -0.2809093296527863 -0.8469510674476624
7341 0.3699702620506287 -0.2770695984363556 -0.8388858437538147
7342 0.3701740801334381 -0.2726220488548279 -0.8302280306816101
7343 0.3703916072845459 -0.2674846351146698 -0.8209876418113708
7344 0.3706221878528595 -0.2615725994110107 -0.8111928105354309
7345 0.3708647191524506 -0.2548002302646637 -0.8008903861045837
7346 0.3711176514625549 -0.2470832914113998 -0.7901468873023987
7347 0.3713789284229279 -0.2383416444063187 -0.7790486812591553
7348 0.3716460466384888 -0.2285024374723434 -0.7677016258239746
7349 0.3719161152839661 -0.2175035625696182 -0.7562304139137268
7350 0.3721857368946075 -0.205297127366066 -0.7447764873504639
7351 0.3724513053894043 -0.1918530762195587 -0.7334960103034973
7352 0.3727088570594788 -0.1771623492240906 -0.7225566506385803
7353 0.3729542195796967 -0.1612398624420166 -0.7121331691741943
7354 0.3731832802295685 -0.1441265344619751 -0.7024033665657043
7355 0.3733918964862823 -0.1258906722068787 -0.69354248046875
7356 0.3735761046409607 -0.1066282540559769 -0.6857176423072815
7357 0.3737322986125946 -0.08646195381879807 -0.679082453250885
7358 0.373857319355011 -0.06553915143013 -0.6737714409828186
7359 0.3739485740661621 -0.0440286286175251 -0.6698951125144958
7360 0.3740041255950928 -0.02211629971861839 -0.6675354838371277
7361 0.3740227818489075 0 -0.6667432188987732
7362 0.3740041255950928 0.02211629971861839 -0.6675354838371277
7363 0.3739485740661621 0.0440286286175251 -0.6698951125144958
7364 0.373857319355011 0.06553915143013 -0.6737714409828186
7365 0.3737322986125946 0.08646195381879807 -0.679082453250885
7366 0.3735761046409607 0.1066282540559769 -0.6857176423072815
7367 0.3733918964862823 0.1258906722068787 -0.69354248046875
7368 0.3731832802295685 0.1441265344619751 -0.7024033665657043
7369 0.3729542195796967 0.1612398624420166 -0.7121331691741943
7370 0.3727088570594788 0.1771623492240906 -0.7225566506385803
7371 0.3724513053894043 0.1918530762195587 -0.7334960103034973
7372 0.3721857368946075 0.205297127366066 -0.7447764873504639
7373 0.3719161152839661 0.2175035625696182 -0.7562304139137268
7374 0.3716460466384888 0.2285024374723434 -0.7677016258239746
7375 0.3713789284229279 0.2383416444063187 -0.7790486812591553
7376 0.3711176514625549 0.2470832914113998 -0.7901468873023987
7377 0.3708647191524506 0.2548002302646637 -0.8008903861045837
7378 0.3706221878528595 0.2615725994110107 -0.8111928105354309
7379 0.3703916072845459 0.2674846351146698 -0.8209876418113708
7380 0.3701740801334381 0.2726220488548279 -0.8302280306816101
7381 0.3699702620506287 0.2770695984363556 -0.8388858437538147
7382 0.3697803914546967 0.2809093296527863 -0.8469510674476624
7383 0.3696043193340302 0.2842191457748413 -0.8544302582740784
7384 0.3694415092468262 0.2870719432830811 -0.861345112323761
7385 0.3692911863327026 0.2895349264144897 -0.8677312731742859
7386 0.369152158498764 0.2916695177555084 -0.873636782169342
7387 0.3690230548381805 0.2935312986373901 -0.8791202306747437
7388 0.3689022958278656 0.2951700389385223 -0.8842499256134033
7389 0.3687880635261536 0.2966300845146179 -0.8891019225120544
7390 0.3686784505844116 0.2979503870010376 -0.89375901222229
7391 0.3685713112354279 0.2991647720336914 -0.8983093500137329
7392 0.3684645295143127 0.3003017604351044 -0.9028453230857849
7393 0.3683558404445648 0.3013845086097717 -0.9074622392654419
7394 0.3682429492473602 0.3024303019046783 -0.9122573733329773
7395 0.3681235611438751 0.303449958562851 -0.9173287749290466
7396 0.3679953813552856 0.3044469058513641 -0.9227741956710815
7397 0.3678561151027679 0.3054161965847015 -0.9286900162696838
7398 0.3677035570144653 0.306343287229538 -0.9351699352264404
7399 0.3675356209278107 0.3072025775909424 -0.9423038363456726
7400 0.3673502802848816 0.3079561591148376 -0.9501761794090271
7401 0.3671457469463348 0.3085525631904602 -0.9588643908500671
7402 0.3669203817844391 0.3089253604412079 -0.968437135219574
7403 0.3666728436946869 0.3089925348758698 -0.9789518117904663
7404 0.3664021193981171 0.3086559176445007 -0.9904524683952332
7405 0.3661074936389923 0.3078011274337769 -1.002966642379761
7406 0.3657888174057007 0.3062984347343445 -1.016502976417542
7407 0.3654464185237885 0.3040041625499725 -1.031047582626343
7408 0.3650812208652496 0.3007631599903107 -1.046561241149902
7409 0.3646947741508484 0.2964120805263519 -1.062976479530334
7410 0.364289402961731 0.2907837927341461 -1.080194711685181
7411 0.3638682663440704 0.2837127149105072 -1.098084807395935
7412 0.3634351789951324 0.2750411927700043 -1.116481423377991
7413 0.3629948198795319 0.2646261751651764 -1.135185837745667
7414 0.3625527024269104 0.2523468732833862 -1.153966903686523
7415 0.3621148765087128 0.238112136721611 -1.172564268112183
7416 0.3616880774497986 0.2218676954507828 -1.190693855285645
7417 0.3612793982028961 0.203602597117424 -1.208053588867188
7418 0.3608961701393127 0.183354377746582 -1.224332213401794
7419 0.3605457246303558 0.1612125933170319 -1.239218711853027
7420 0.3602350950241089 0.1373201757669449 -1.252412796020508
7421 0.359970897436142 0.1118724495172501 -1.263635993003845
7422 0.3597588539123535 0.085113525390625 -1.272642374038696
7423 0.3596038222312927 0.05733029544353485 -1.279228687286377
7424 0.359509289264679 0.02884401008486748 -1.283243298530579
7425 0.3661235272884369 3.784281157514157e-17 -1.284720420837402
7426 0.3661439418792725 -0.02888545952737331 -1.283367514610291
7427 0.366204708814621 -0.05741175636649132 -1.279340863227844
7428 0.3663044273853302 -0.0852321982383728 -1.272734761238098
7429 0.3664407432079315 -0.1120243221521378 -1.263701915740967
7430 0.3666106164455414 -0.1375002413988113 -1.252446532249451
7431 0.3668102920055389 -0.1614150553941727 -1.239215850830078
7432 0.3670355677604675 -0.183572992682457 -1.224289536476135
7433 0.3672818839550018 -0.2038309276103973 -1.207969307899475
7434 0.3675445020198822 -0.2220993787050247 -1.1905677318573
7435 0.3678187429904938 -0.2383411526679993 -1.172397255897522
7436 0.3681000173091888 -0.2525677680969238 -1.153761029243469
7437 0.3683840036392212 -0.2648341655731201 -1.134944438934326
7438 0.3686667680740356 -0.2752324044704437 -1.116208434104919
7439 0.3689448237419128 -0.2838841378688812 -1.097784876823425
7440 0.3692151606082916 -0.2909333407878876 -1.079872965812683
7441 0.3694752752780914 -0.2965385913848877 -1.062638163566589
7442 0.3697231709957123 -0.3008663356304169 -1.046211838722229
7443 0.3699574172496796 -0.3040844202041626 -1.030692458152771
7444 0.3701769411563873 -0.3063568472862244 -1.016147255897522
7445 0.3703811466693878 -0.3078392744064331 -1.002615451812744
7446 0.3705698847770691 -0.3086758553981781 -0.9901102781295776
7447 0.3707432448863983 -0.3089965879917145 -0.9786229729652405
7448 0.3709016740322113 -0.3089160025119781 -0.9681255221366882
7449 0.371045857667923 -0.3085323870182037 -0.9585734605789185
7450 0.3711766302585602 -0.3079277575016022 -0.9499090313911438
7451 0.3712950348854065 -0.3071683943271637 -0.9420631527900696
7452 0.3714022636413574 -0.3063057065010071 -0.9349580407142639
7453 0.3714995980262756 -0.3053773939609528 -0.9285088181495667
7454 0.371588408946991 -0.3044088780879974 -0.9226252436637878
7455 0.3716700673103333 -0.3034144937992096 -0.9172131419181824
7456 0.3717460930347443 -0.3023990094661713 -0.9121759533882141
7457 0.371817946434021 -0.3013587594032288 -0.9074154496192932
7458 0.3718871176242828 -0.3002827763557434 -0.9028331637382507
7459 0.3719550371170044 -0.2991536259651184 -0.8983315825462341
7460 0.3720231950283051 -0.297948032617569 -0.8938149809837341
7461 0.372092992067337 -0.2966373264789581 -0.8891906142234802
7462 0.3721657693386078 -0.2951876819133759 -0.884369969367981
7463 0.3722427189350128 -0.2935600280761719 -0.8792698979377747
7464 0.37232506275177 -0.2917100191116333 -0.8738138675689697
7465 0.3724138140678406 -0.2895877957344055 -0.8679335117340088
7466 0.3725098669528961 -0.2871377170085907 -0.8615696430206299
7467 0.372613936662674 -0.284298300743103 -0.8546741008758545
7468 0.3727265596389771 -0.2810022532939911 -0.8472109436988831
7469 0.3728481233119965 -0.2771764695644379 -0.8391581773757935
7470 0.3729786574840546 -0.2727429270744324 -0.8305090069770813
7471 0.3731180429458618 -0.2676193416118622 -0.8212735056877136
7472 0.3732658326625824 -0.2617206275463104 -0.8114795088768005
7473 0.3734213709831238 -0.2549607753753662 -0.801173985004425
7474 0.3735836148262024 -0.2472551465034485 -0.790423572063446
7475 0.3737512826919556 -0.2385231852531433 -0.7793147563934326
7476 0.3739227652549744 -0.2286916226148605 -0.7679536938667297
7477 0.3740961253643036 -0.2176979184150696 -0.7564653158187866
7478 0.3742693066596985 -0.2054937779903412 -0.7449917197227478
7479 0.3744398653507233 -0.1920487433671951 -0.7336896061897278
7480 0.3746053278446198 -0.1773535162210464 -0.7227271795272827
7481 0.374763011932373 -0.1614227741956711 -0.7122800946235657
7482 0.3749102056026459 -0.1442973613739014 -0.7025269269943237
7483 0.3750442564487457 -0.1260456442832947 -0.6936435699462891
7484 0.375162661075592 -0.1067637652158737 -0.6857981085777283
7485 0.3752630949020386 -0.0865747258067131 -0.6791449189186096
7486 0.3753434717655182 -0.0656263679265976 -0.6738191246986389
7487 0.3754021227359772 -0.04408806934952736 -0.6699317097663879
7488 0.37543785572052 -0.02214641496539116 -0.6675653457641602
7489 0.3754498362541199 0 -0.6667707562446594
7490 0.37543785572052 0.02214641496539116 -0.6675653457641602
7491 0.3754021227359772 0.04408806934952736 -0.6699317097663879
7492 0.3753434717655182 0.0656263679265976 -0.6738191246986389
7493 0.3752630949020386 0.0865747258067131 -0.6791449189186096
7494 0.375162661075592 0.1067637652158737 -0.6857981085777283
7495 0.3750442564487457 0.1260456442832947 -0.6936435699462891
7496 0.3749102056026459 0.1442973613739014 -0.7025269269943237
7497 0.374763011932373 0.1614227741956711 -0.7122800946235657
7498 0.3746053278446198 0.1773535162210464 -0.7227271795272827
7499 0.3744398653507233 0.1920487433671951 -0.7336896061897278
7500 0.3742693066596985 0.2054937779903412 -0.7449917197227478
7501 0.3740961253643036 0.2176979184150696 -0.7564653158187866
7502 0.3739227652549744 0.2286916226148605 -0.7679536938667297
7503 0.3737512826919556 0.2385231852531433 -0.7793147563934326
7504 0.3735836148262024 0.2472551465034485 -0.790423572063446
7505 0.3734213709831238 0.2549607753753662 -0.801173985004425
7506 0.3732658326625824 0.2617206275463104 -0.8114795088768005
7507 0.3731180429458618 0.2676193416118622 -0.8212735056877136
7508 0.3729786574840546 0.2727429270744324 -0.8305090069770813
7509 0.3728481233119965 0.2771764695644379 -0.8391581773757935
7510 0.3727265596389771 0.2810022532939911 -0.8472109436988831
7511 0.372613936662674 0.284298300743103 -0.8546741008758545
7512 0.3725098669528961 0.2871377170085907 -0.8615696430206299
7513 0.3724138140678406 0.2895877957344055 -0.8679335117340088
7514 0.37232506275177 0.2917100191116333 -0.8738138675689697
7515 0.3722427189350128 0.2935600280761719 -0.8792698979377747
7516 0.3721657693386078 0.2951876819133759 -0.884369969367981
7517 0.372092992067337 0.2966373264789581 -0.8891906142234802
7518 0.3720231950283051 0.297948032617569 -0.8938149809837341
7519 0.3719550371170044 0.2991536259651184 -0.8983315825462341
7520 0.3718871176242828 0.3002827763557434 -0.9028331637382507
7521 0.371817946434021 0.3013587594032288 -0.9074154496192932
7522 0.3717460930347443 0.3023990094661713 -0.9121759533882141
7523 0.3716700673103333 0.3034144937992096 -0.9172131419181824
7524 0.371588408946991 0.3044088780879974 -0.9226252436637878
7525 0.3714995980262756 0.3053773939609528 -0.9285088181495667
7526 0.3714022636413574 0.3063057065010071 -0.9349580407142639
7527 0.3712950348854065 0.3071683943271637 -0.9420631527900696
7528 0.3711766302585602 0.3079277575016022 -0.9499090313911438
7529 0.371045857667923 0.3085323870182037 -0.9585734605789185
7530 0.3709016740322113 0.3089160025119781 -0.9681255221366882
7531 0.3707432448863983 0.3089965879917145 -0.9786229729652405
7532 0.3705698847770691 0.3086758553981781 -0.9901102781295776
7533 0.3703811466693878 0.3078392744064331 -1.002615451812744
7534 0.3701769411563873 0.3063568472862244 -1.016147255897522
7535 0.3699574172496796 0.3040844202041626 -1.030692458152771
7536 0.3697231709957123 0.3008663356304169 -1.046211838722229
7537 0.3694752752780914 0.2965385913848877 -1.062638163566589
7538 0.3692151606082916 0.2909333407878876 -1.079872965812683
7539 0.3689448237419128 0.2838841378688812 -1.097784876823425
7540 0.3686667680740356 0.2752324044704437 -1.116208434104919
7541 0.3683840036392212 0.2648341655731201 -1.134944438934326
7542 0.3681000173091888 0.2525677680969238 -1.153761029243469
7543 0.3678187429904938 0.2383411526679993 -1.172397255897522
7544 0.3675445020198822 0.2220993787050247 -1.1905677318573
7545 0.3672818839550018 0.2038309276103973 -1.207969307899475
7546 0.3670355677604675 0.183572992682457 -1.224289536476135
7547 0.3668102920055389 0.1614150553941727 -1.239215850830078
7548 0.3666106164455414 0.1375002413988113 -1.252446532249451
7549 0.3664407432079315 0.1120243221521378 -1.263701915740967
7550 0.3663044273853302 0.0852321982383728 -1.272734761238098
7551 0.366204708814621 0.05741175636649132 -1.279340863227844
7552 0.3661439418792725 0.02888545952737331 -1.283367514610291
7553 0.371309906244278 3.784281157514157e-17 -1.284781575202942
7554 0.371321439743042 -0.02891608141362667 -1.283425688743591
7555 0.3713557422161102 -0.05747193470597267 -1.279390215873718
7556 0.3714120090007782 -0.08531985431909561 -1.272769808769226
7557 0.3714889883995056 -0.1121364831924438 -1.263717770576477
7558 0.3715848624706268 -0.1376331746578217 -1.252439141273499
7559 0.3716975450515747 -0.1615644693374634 -1.239181876182556
7560 0.3718246817588806 -0.183734267950058 -1.224226832389832
7561 0.3719636797904968 -0.2039992660284042 -1.207876682281494
7562 0.3721118569374084 -0.2222700864076614 -1.190444946289062
7563 0.3722665905952454 -0.2385097742080688 -1.172245144844055
7564 0.3724252283573151 -0.2527302503585815 -1.153581261634827
7565 0.3725854158401489 -0.2649870216846466 -1.134739398956299
7566 0.3727448880672455 -0.2753727436065674 -1.115981221199036
7567 0.3729016482830048 -0.2840098142623901 -1.097538709640503
7568 0.3730540573596954 -0.2910428047180176 -1.079611778259277
7569 0.3732006549835205 -0.2966310381889343 -1.062366008758545
7570 0.373340368270874 -0.3009415566921234 -1.045932650566101
7571 0.3734723031520844 -0.3041427433490753 -1.030410170555115
7572 0.3735959529876709 -0.3063991069793701 -1.015865683555603
7573 0.373710960149765 -0.3078667521476746 -1.002338171005249
7574 0.3738171756267548 -0.3086900413036346 -0.9898408651351929
7575 0.3739147484302521 -0.3089992105960846 -0.9783645272254944
7576 0.3740038573741913 -0.3089089393615723 -0.9678807854652405
7577 0.3740849196910858 -0.3085175454616547 -0.9583450555801392
7578 0.3741584420204163 -0.3079070746898651 -0.9496991038322449
7579 0.3742249608039856 -0.3071437478065491 -0.9418737292289734
7580 0.3742851614952087 -0.3062788248062134 -0.9347907900810242
7581 0.3743397891521454 -0.3053499162197113 -0.9283650517463684
7582 0.3743895888328552 -0.3043822646141052 -0.9225060939788818
7583 0.3744353950023651 -0.3033900856971741 -0.9171195030212402
7584 0.3744779825210571 -0.3023779988288879 -0.9121082425117493
7585 0.3745182454586029 -0.3013421595096588 -0.9073740243911743
7586 0.3745569586753845 -0.3002714514732361 -0.9028180837631226
7587 0.3745950162410736 -0.2991484105587006 -0.8983425498008728
7588 0.3746331930160522 -0.2979495823383331 -0.8938514590263367
7589 0.3746722936630249 -0.2966462969779968 -0.8892518281936646
7590 0.3747130632400513 -0.2952046394348145 -0.8844547867774963
7591 0.374756246805191 -0.2935855090618134 -0.8793770670890808
7592 0.374802440404892 -0.2917445003986359 -0.8739417791366577
7593 0.3748522698879242 -0.2896316945552826 -0.8680803179740906
7594 0.3749062120914459 -0.2871914803981781 -0.8617332577705383
7595 0.374964714050293 -0.2843623161315918 -0.8548521995544434
7596 0.3750280737876892 -0.2810767292976379 -0.8474010825157166
7597 0.3750964403152466 -0.2772616446018219 -0.8393576145172119
7598 0.3751699030399323 -0.2728387713432312 -0.8307149410247803
7599 0.3752484023571014 -0.2677256762981415 -0.8214830160140991
7600 0.3753316402435303 -0.2618371248245239 -0.8116896152496338
7601 0.3754192590713501 -0.2550867795944214 -0.8013817071914673
7602 0.3755106925964355 -0.2473897039890289 -0.7906259894371033
7603 0.3756052255630493 -0.2386650592088699 -0.7795090079307556
7604 0.3757018744945526 -0.2288392335176468 -0.7681372165679932
7605 0.3757996559143066 -0.2178493589162827 -0.756635844707489
7606 0.3758973181247711 -0.205646812915802 -0.7451472878456116
7607 0.375993549823761 -0.1922008991241455 -0.7338287234306335
7608 0.3760868906974792 -0.1775020360946655 -0.7228488326072693
7609 0.3761758506298065 -0.1615647822618484 -0.7123838663101196
7610 0.376258909702301 -0.1444299221038818 -0.7026128768920898
7611 0.376334547996521 -0.1261658370494843 -0.6937125325202942
7612 0.3764013946056366 -0.1068688184022903 -0.6858514547348022
7613 0.376458078622818 -0.08666212856769562 -0.6791845560073853
7614 0.3765034377574921 -0.06569395214319229 -0.673847496509552
7615 0.3765365481376648 -0.04413411766290665 -0.6699517369270325
7616 0.3765567243099213 -0.02216974273324013 -0.6675801873207092
7617 0.3765634894371033 0 -0.6667839288711548
7618 0.3765567243099213 0.02216974273324013 -0.6675801873207092
7619 0.3765365481376648 0.04413411766290665 -0.6699517369270325
7620 0.3765034377574921 0.06569395214319229 -0.673847496509552
7621 0.376458078622818 0.08666212856769562 -0.6791845560073853
7622 0.3764013946056366 0.1068688184022903 -0.6858514547348022
7623 0.376334547996521 0.1261658370494843 -0.6937125325202942
7624 0.376258909702301 0.1444299221038818 -0.7026128768920898
7625 0.3761758506298065 0.1615647822618484 -0.7123838663101196
7626 0.3760868906974792 0.1775020360946655 -0.7228488326072693
7627 0.375993549823761 0.1922008991241455 -0.7338287234306335
7628 0.3758973181247711 0.205646812915802 -0.7451472878456116
7629 0.3757996559143066 0.2178493589162827 -0.756635844707489
7630 0.3757018744945526 0.2288392335176468 -0.7681372165679932
7631 0.3756052255630493 0.2386650592088699 -0.7795090079307556
7632 0.3755106925964355 0.2473897039890289 -0.7906259894371033
7633 0.3754192590713501 0.2550867795944214 -0.8013817071914673
7634 0.3753316402435303 0.2618371248245239 -0.8116896152496338
7635 0.3752484023571014 0.2677256762981415 -0.8214830160140991
7636 0.3751699030399323 0.2728387713432312 -0.8307149410247803
7637 0.3750964403152466 0.2772616446018219 -0.8393576145172119
7638 0.3750280737876892 0.2810767292976379 -0.8474010825157166
7639 0.374964714050293 0.2843623161315918 -0.8548521995544434
7640 0.3749062120914459 0.2871914803981781 -0.8617332577705383
7641 0.3748522698879242 0.2896316945552826 -0.8680803179740906
7642 0.374802440404892 0.2917445003986359 -0.8739417791366577
7643 0.374756246805191 0.2935855090618134 -0.8793770670890808
7644 0.3747130632400513 0.2952046394348145 -0.8844547867774963
7645 0.3746722936630249 0.2966462969779968 -0.8892518281936646
7646 0.3746331930160522 0.2979495823383331 -0.8938514590263367
7647 0.3745950162410736 0.2991484105587006 -0.8983425498008728
7648 0.3745569586753845 0.3002714514732361 -0.9028180837631226
7649 0.3745182454586029 0.3013421595096588 -0.9073740243911743
7650 0.3744779825210571 0.3023779988288879 -0.9121082425117493
7651 0.3744353950023651 0.3033900856971741 -0.9171195030212402
7652 0.3743895888328552 0.3043822646141052 -0.9225060939788818
7653 0.3743397891521454 0.3053499162197113 -0.9283650517463684
7654 0.3742851614952087 0.3062788248062134 -0.9347907900810242
7655 0.3742249608039856 0.3071437478065491 -0.9418737292289734
7656 0.3741584420204163 0.3079070746898651 -0.9496991038322449
7657 0.3740849196910858 0.3085175454616547 -0.9583450555801392
7658 0.3740038573741913 0.3089089393615723 -0.9678807854652405
7659 0.3739147484302521 0.3089992105960846 -0.9783645272254944
7660 0.3738171756267548 0.3086900413036346 -0.9898408651351929
7661 0.373710960149765 0.3078667521476746 -1.002338171005249
7662 0.3735959529876709 0.3063991069793701 -1.015865683555603
7663 0.3734723031520844 0.3041427433490753 -1.030410170555115
7664 0.373340368270874 0.3009415566921234 -1.045932650566101
7665 0.3732006549835205 0.2966310381889343 -1.062366008758545
7666 0.3730540573596954 0.2910428047180176 -1.079611778259277
7667 0.3729016482830048 0.2840098142623901 -1.097538709640503
7668 0.3727448880672455 0.2753727436065674 -1.115981221199036
7669 0.3725854158401489 0.2649870216846466 -1.134739398956299
7670 0.3724252283573151 0.2527302503585815 -1.153581261634827
7671 0.3722665905952454 0.2385097742080688 -1.172245144844055
7672 0.3721118569374084 0.2222700864076614 -1.190444946289062
7673 0.3719636797904968 0.2039992660284042 -1.207876682281494
7674 0.3718246817588806 0.183734267950058 -1.224226832389832
7675 0.3716975450515747 0.1615644693374634 -1.239181876182556
7676 0.3715848624706268 0.1376331746578217 -1.252439141273499
7677 0.3714889883995056 0.1121364831924438 -1.263717770576477
7678 0.3714120090007782 0.08531985431909561 -1.272769808769226
7679 0.3713557422161102 0.05747193470597267 -1.279390215873718
7680 0.371321439743042 0.02891608141362667 -1.283425688743591
7681 0.3750236034393311 3.784281157514157e-17 -1.284804344177246
7682 0.3750287592411041 -0.02893709205091 -1.283446550369263
7683 0.375044047832489 -0.05751321837306023 -1.279404997825623
7684 0.3750691115856171 -0.08537998795509338 -1.272775053977966
7685 0.3751033842563629 -0.1122134029865265 -1.263710021972656
7686 0.3751461207866669 -0.1377243101596832 -1.252415657043457
7687 0.3751963078975677 -0.1616668999195099 -1.239140510559082
7688 0.3752529323101044 -0.1838447600603104 -1.224166035652161
7689 0.375314861536026 -0.2041145712137222 -1.207795858383179
7690 0.3753808438777924 -0.2223869562149048 -1.190343976020813
7691 0.3754497468471527 -0.2386251389980316 -1.172124624252319
7692 0.3755204081535339 -0.2528413534164429 -1.15344226360321
7693 0.3755917251110077 -0.2650914490222931 -1.134583711624146
7694 0.3756627440452576 -0.2754685580730438 -1.115810751914978
7695 0.3757325410842896 -0.2840954959392548 -1.097356081008911
7696 0.3758003711700439 -0.2911173701286316 -1.079419493675232
7697 0.3758656084537506 -0.2966939210891724 -1.062166690826416
7698 0.3759277760982513 -0.3009926080703735 -1.045729160308838
7699 0.3759864866733551 -0.3041822612285614 -1.030205130577087
7700 0.3760415017604828 -0.3064276576042175 -1.015661835670471
7701 0.3760926425457001 -0.3078851997852325 -1.002138018608093
7702 0.3761398792266846 -0.3086994588375092 -0.9896466135978699
7703 0.3761832416057587 -0.3090008199214935 -0.9781783223152161
7704 0.3762228488922119 -0.3089040219783783 -0.9677045941352844
7705 0.3762588798999786 -0.3085074722766876 -0.9581806063652039
7706 0.3762915432453156 -0.3078931272029877 -0.9495479464530945
7707 0.3763210773468018 -0.3071272075176239 -0.941737174987793
7708 0.3763478100299835 -0.3062609136104584 -0.9346699118614197
7709 0.3763720393180847 -0.3053317666053772 -0.9282608032226562
7710 0.376394122838974 -0.3043648898601532 -0.9224191904067993
7711 0.37641441822052 -0.3033744096755981 -0.9170504808425903
7712 0.3764333128929138 -0.3023647665977478 -0.9120575189590454
7713 0.376451164484024 -0.3013321161270142 -0.9073417186737061
7714 0.376468300819397 -0.3002652525901794 -0.9028041958808899
7715 0.3764851689338684 -0.2991465032100677 -0.8983469009399414
7716 0.3765020966529846 -0.2979525327682495 -0.8938736319541931
7717 0.3765194118022919 -0.2966545224189758 -0.8892912864685059
7718 0.3765375018119812 -0.2952184975147247 -0.8845107555389404
7719 0.3765566349029541 -0.2936053574085236 -0.8794485926628113
7720 0.3765771389007568 -0.2917706966400146 -0.8740277886390686
7721 0.3765992522239685 -0.2896645665168762 -0.8681794404983521
7722 0.3766232132911682 -0.2872313261032104 -0.8618441224098206
7723 0.3766492009162903 -0.2844093441963196 -0.8549731969833374
7724 0.3766773641109467 -0.2811311483383179 -0.8475303649902344
7725 0.3767077326774597 -0.2773235440254211 -0.8394933938980103
7726 0.376740425825119 -0.2729081809520721 -0.8308552503585815
7727 0.376775324344635 -0.267802506685257 -0.8216257095336914
7728 0.3768123686313629 -0.2619210481643677 -0.8118327260017395
7729 0.376851350069046 -0.25517737865448 -0.8015230894088745
7730 0.3768920302391052 -0.2474863082170486 -0.7907636165618896
7731 0.3769341111183167 -0.2387667745351791 -0.7796409130096436
7732 0.3769771456718445 -0.2289449423551559 -0.7682616114616394
7733 0.3770206868648529 -0.2179576903581619 -0.7567511200904846
7734 0.3770641684532166 -0.2057562172412872 -0.7452520132064819
7735 0.3771070241928101 -0.192309558391571 -0.7339218854904175
7736 0.3771485686302185 -0.1776080578565598 -0.7229297757148743
7737 0.3771882057189941 -0.1616661101579666 -0.712452232837677
7738 0.3772252202033997 -0.1445244550704956 -0.7026687860488892
7739 0.3772589266300201 -0.1262515187263489 -0.6937565207481384
7740 0.3772886991500854 -0.1069436892867088 -0.6858844757080078
7741 0.3773139417171478 -0.08672440052032471 -0.679207980632782
7742 0.3773341476917267 -0.06574209034442902 -0.6738630533218384
7743 0.3773488998413086 -0.0441669188439846 -0.6699614524841309
7744 0.3773579001426697 -0.02218635752797127 -0.6675863265991211
7745 0.3773609101772308 0 -0.6667888164520264
7746 0.3773579001426697 0.02218635752797127 -0.6675863265991211
7747 0.3773488998413086 0.0441669188439846 -0.6699614524841309
7748 0.3773341476917267 0.06574209034442902 -0.6738630533218384
7749 0.3773139417171478 0.08672440052032471 -0.679207980632782
7750 0.3772886991500854 0.1069436892867088 -0.6858844757080078
7751 0.3772589266300201 0.1262515187263489 -0.6937565207481384
7752 0.3772252202033997 0.1445244550704956 -0.7026687860488892
7753 0.3771882057189941 0.1616661101579666 -0.712452232837677
7754 0.3771485686302185 0.1776080578565598 -0.7229297757148743
7755 0.3771070241928101 0.192309558391571 -0.7339218854904175
7756 0.3770641684532166 0.2057562172412872 -0.7452520132064819
7757 0.3770206868648529 0.2179576903581619 -0.7567511200904846
7758 0.3769771456718445 0.2289449423551559 -0.7682616114616394
7759 0.3769341111183167 0.2387667745351791 -0.7796409130096436
7760 0.3768920302391052 0.2474863082170486 -0.7907636165618896
7761 0.376851350069046 0.25517737865448 -0.8015230894088745
7762 0.3768123686313629 0.2619210481643677 -0.8118327260017395
7763 0.376775324344635 0.267802506685257 -0.8216257095336914
7764 0.376740425825119 0.2729081809520721 -0.8308552503585815
7765 0.3767077326774597 0.2773235440254211 -0.8394933938980103
7766 0.3766773641109467 0.2811311483383179 -0.8475303649902344
7767 0.3766492009162903 0.2844093441963196 -0.8549731969833374
7768 0.3766232132911682 0.2872313261032104 -0.8618441224098206
7769 0.3765992522239685 0.2896645665168762 -0.8681794404983521
7770 0.3765771389007568 0.2917706966400146 -0.8740277886390686
7771 0.3765566349029541 0.2936053574085236 -0.8794485926628113
7772 0.3765375018119812 0.2952184975147247 -0.8845107555389404
7773 0.3765194118022919 0.2966545224189758 -0.8892912864685059
7774 0.3765020966529846 0.2979525327682495 -0.8938736319541931
7775 0.3764851689338684 0.2991465032100677 -0.8983469009399414
7776 0.376468300819397 0.3002652525901794 -0.9028041958808899
7777 0.376451164484024 0.3013321161270142 -0.9073417186737061
7778 0.3764333128929138 0.3023647665977478 -0.9120575189590454
7779 0.37641441822052 0.3033744096755981 -0.9170504808425903
7780 0.376394122838974 0.3043648898601532 -0.9224191904067993
7781 0.3763720393180847 0.3053317666053772 -0.9282608032226562
7782 0.3763478100299835 0.3062609136104584 -0.9346699118614197
7783 0.3763210773468018 0.3071272075176239 -0.941737174987793
7784 0.3762915432453156 0.3078931272029877 -0.9495479464530945
7785 0.3762588798999786 0.3085074722766876 -0.9581806063652039
7786 0.3762228488922119 0.3089040219783783 -0.9677045941352844
7787 0.3761832416057587 0.3090008199214935 -0.9781783223152161
7788 0.3761398792266846 0.3086994588375092 -0.9896466135978699
7789 0.3760926425457001 0.3078851997852325 -1.002138018608093
7790 0.3760415017604828 0.3064276576042175 -1.015661835670471
7791 0.3759864866733551 0.3041822612285614 -1.030205130577087
7792 0.3759277760982513 0.3009926080703735 -1.045729160308838
7793 0.3758656084537506 0.2966939210891724 -1.062166690826416
7794 0.3758003711700439 0.2911173701286316 -1.079419493675232
7795 0.3757325410842896 0.2840954959392548 -1.097356081008911
7796 0.3756627440452576 0.2754685580730438 -1.115810751914978
7797 0.3755917251110077 0.2650914490222931 -1.134583711624146
7798 0.3755204081535339 0.2528413534164429 -1.15344226360321
7799 0.3754497468471527 0.2386251389980316 -1.172124624252319
7800 0.3753808438777924 0.2223869562149048 -1.190343976020813
7801 0.375314861536026 0.2041145712137222 -1.207795858383179
7802 0.3752529323101044 0.1838447600603104 -1.224166035652161
7803 0.3751963078975677 0.1616668999195099 -1.239140510559082
7804 0.3751461207866669 0.1377243101596832 -1.252415657043457
7805 0.3751033842563629 0.1122134029865265 -1.263710021972656
7806 0.3750691115856171 0.08537998795509338 -1.272775053977966
7807 0.375044047832489 0.05751321837306023 -1.279404997825623
7808 0.3750287592411041 0.02893709205091 -1.283446550369263
7809 0.3772554695606232 3.784281157514157e-17 -1.284809708595276
7810 0.3772567510604858 -0.02894935384392738 -1.283450603485107
7811 0.3772605657577515 -0.05753730982542038 -1.27940571308136
7812 0.3772668540477753 -0.0854150727391243 -1.272770166397095
7813 0.3772754371166229 -0.1122582778334618 -1.263697624206543
7814 0.3772861361503601 -0.1377774775028229 -1.252394199371338
7815 0.3772986829280853 -0.1617266237735748 -1.239108800888062
7816 0.3773128688335419 -0.1839091926813126 -1.224123239517212
7817 0.3773283660411835 -0.2041817754507065 -1.207741498947144
7818 0.3773448765277863 -0.2224550396203995 -1.190278053283691
7819 0.3773621320724487 -0.2386923283338547 -1.17204737663269
7820 0.377379834651947 -0.2529060244560242 -1.153354644775391
7821 0.3773976564407349 -0.265152245759964 -1.134486436843872
7822 0.3774154484272003 -0.2755242884159088 -1.115705251693726
7823 0.3774329125881195 -0.2841452956199646 -1.097243666648865
7824 0.3774498701095581 -0.2911606431007385 -1.079301714897156
7825 0.3774662017822266 -0.2967303991317749 -1.062045097351074
7826 0.3774817585945129 -0.3010222017765045 -1.045605301856995
7827 0.3774964511394501 -0.3042051196098328 -1.030080795288086
7828 0.3775101900100708 -0.3064441382884979 -1.015538454055786
7829 0.3775230050086975 -0.3078958094120026 -1.002017021179199
7830 0.377534806728363 -0.3087048530578613 -0.9895293116569519
7831 0.3775456547737122 -0.3090016841888428 -0.9780659675598145
7832 0.3775555491447449 -0.3089011311531067 -0.9675983786582947
7833 0.377564549446106 -0.3085016012191772 -0.9580814242362976
7834 0.3775727152824402 -0.307885080575943 -0.9494567513465881
7835 0.3775801062583923 -0.3071177005767822 -0.9416546821594238
7836 0.3775867819786072 -0.3062506914138794 -0.9345967769622803
7837 0.3775928318500519 -0.3053214848041534 -0.9281975626945496
7838 0.3775983452796936 -0.30435511469841 -0.9223663210868835
7839 0.3776034116744995 -0.3033656775951385 -0.9170082211494446
7840 0.3776081204414368 -0.30235755443573 -0.9120261073112488
7841 0.3776125907897949 -0.3013268411159515 -0.9073212146759033
7842 0.3776168525218964 -0.3002622425556183 -0.9027945995330811
7843 0.377621054649353 -0.2991461455821991 -0.8983480930328369
7844 0.3776252865791321 -0.2979550361633301 -0.8938853740692139
7845 0.3776296079158783 -0.2966601550579071 -0.8893132209777832
7846 0.3776341378688812 -0.2952274978160858 -0.8845424652099609
7847 0.3776389062404633 -0.2936179339885712 -0.8794894814491272
7848 0.3776440322399139 -0.2917870581150055 -0.8740772604942322
7849 0.3776495456695557 -0.2896848917007446 -0.8682366609573364
7850 0.3776555359363556 -0.2872557640075684 -0.8619082570075989
7851 0.3776620328426361 -0.2844380736351013 -0.8550432324409485
7852 0.3776690661907196 -0.281164288520813 -0.8476053476333618
7853 0.3776766657829285 -0.277361124753952 -0.8395721912384033
7854 0.3776848316192627 -0.2729502320289612 -0.8309366703033447
7855 0.3776935636997223 -0.267848938703537 -0.821708619594574
7856 0.3777028322219849 -0.2619717121124268 -0.8119158148765564
7857 0.3777125775814056 -0.2552319765090942 -0.8016051650047302
7858 0.3777227699756622 -0.2475444823503494 -0.7908433675765991
7859 0.3777332901954651 -0.2388279587030411 -0.7797173261642456
7860 0.3777440786361694 -0.2290084809064865 -0.7683335542678833
7861 0.3777549564838409 -0.2180227637290955 -0.7568175792694092
7862 0.3777658343315125 -0.2058218866586685 -0.7453123331069946
7863 0.377776563167572 -0.1923747658729553 -0.733975350856781
7864 0.3777869641780853 -0.1776716411113739 -0.7229759097099304
7865 0.3777968883514404 -0.1617268472909927 -0.712490975856781
7866 0.377806156873703 -0.1445811092853546 -0.702700138092041
7867 0.3778145909309387 -0.1263028681278229 -0.6937808394432068
7868 0.3778220415115356 -0.1069885417819023 -0.6859022974967957
7869 0.3778283596038818 -0.08676169812679291 -0.6792201399803162
7870 0.3778334259986877 -0.06577093154191971 -0.6738705635070801
7871 0.3778371214866638 -0.04418656229972839 -0.6699654459953308
7872 0.3778393864631653 -0.02219630777835846 -0.6675881743431091
7873 0.377840131521225 0 -0.6667899489402771
7874 0.3778393864631653 0.02219630777835846 -0.6675881743431091
7875 0.3778371214866638 0.04418656229972839 -0.6699654459953308
7876 0.3778334259986877 0.06577093154191971 -0.6738705635070801
7877 0.3778283596038818 0.08676169812679291 -0.6792201399803162
7878 0.3778220415115356 0.1069885417819023 -0.6859022974967957
7879 0.3778145909309387 0.1263028681278229 -0.6937808394432068
7880 0.377806156873703 0.1445811092853546 -0.702700138092041
7881 0.3777968883514404 0.1617268472909927 -0.712490975856781
7882 0.3777869641780853 0.1776716411113739 -0.7229759097099304
7883 0.377776563167572 0.1923747658729553 -0.733975350856781
7884 0.3777658343315125 0.2058218866586685 -0.7453123331069946
7885 0.3777549564838409 0.2180227637290955 -0.7568175792694092
7886 0.3777440786361694 0.2290084809064865 -0.7683335542678833
7887 0.3777332901954651 0.2388279587030411 -0.7797173261642456
7888 0.3777227699756622 0.2475444823503494 -0.7908433675765991
7889 0.3777125775814056 0.2552319765090942 -0.8016051650047302
7890 0.3777028322219849 0.2619717121124268 -0.8119158148765564
7891 0.3776935636997223 0.267848938703537 -0.821708619594574
7892 0.3776848316192627 0.2729502320289612 -0.8309366703033447
7893 0.3776766657829285 0.277361124753952 -0.8395721912384033
7894 0.3776690661907196 0.281164288520813 -0.8476053476333618
7895 0.3776620328426361 0.2844380736351013 -0.8550432324409485
7896 0.3776555359363556 0.2872557640075684 -0.8619082570075989
7897 0.3776495456695557 0.2896848917007446 -0.8682366609573364
7898 0.3776440322399139 0.2917870581150055 -0.8740772604942322
7899 0.3776389062404633 0.2936179339885712 -0.8794894814491272
7900 0.3776341378688812 0.2952274978160858 -0.8845424652099609
7901 0.3776296079158783 0.2966601550579071 -0.8893132209777832
7902 0.3776252865791321 0.2979550361633301 -0.8938853740692139
7903 0.377621054649353 0.2991461455821991 -0.8983480930328369
7904 0.3776168525218964 0.3002622425556183 -0.9027945995330811
7905 0.3776125907897949 0.3013268411159515 -0.9073212146759033
7906 0.3776081204414368 0.30235755443573 -0.9120261073112488
7907 0.3776034116744995 0.3033656775951385 -0.9170082211494446
7908 0.3775983452796936 0.30435511469841 -0.9223663210868835
7909 0.3775928318500519 0.3053214848041534 -0.9281975626945496
7910 0.3775867819786072 0.3062506914138794 -0.9345967769622803
7911 0.3775801062583923 0.3071177005767822 -0.9416546821594238
7912 0.3775727152824402 0.307885080575943 -0.9494567513465881
7913 0.377564549446106 0.3085016012191772 -0.9580814242362976
7914 0.3775555491447449 0.3089011311531067 -0.9675983786582947
7915 0.3775456547737122 0.3090016841888428 -0.9780659675598145
7916 0.377534806728363 0.3087048530578613 -0.9895293116569519
7917 0.3775230050086975 0.3078958094120026 -1.002017021179199
7918 0.3775101900100708 0.3064441382884979 -1.015538454055786
7919 0.3774964511394501 0.3042051196098328 -1.030080795288086
7920 0.3774817585945129 0.3010222017765045 -1.045605301856995
7921 0.3774662017822266 0.2967303991317749 -1.062045097351074
7922 0.3774498701095581 0.2911606431007385 -1.079301714897156
7923 0.3774329125881195 0.2841452956199646 -1.097243666648865
7924 0.3774154484272003 0.2755242884159088 -1.115705251693726
7925 0.3773976564407349 0.265152245759964 -1.134486436843872
7926 0.377379834651947 0.2529060244560242 -1.153354644775391
7927 0.3773621320724487 0.2386923283338547 -1.17204737663269
7928 0.3773448765277863 0.2224550396203995 -1.190278053283691
7929 0.3773283660411835 0.2041817754507065 -1.207741498947144
7930 0.3773128688335419 0.1839091926813126 -1.224123239517212
7931 0.3772986829280853 0.1617266237735748 -1.239108800888062
7932 0.3772861361503601 0.1377774775028229 -1.252394199371338
7933 0.3772754371166229 0.1122582778334618 -1.263697624206543
7934 0.3772668540477753 0.0854150727391243 -1.272770166397095
7935 0.3772605657577515 0.05753730982542038 -1.27940571308136
7936 0.3772567510604858 0.02894935384392738 -1.283450603485107
7937 0.3779999911785126 3.784281157514157e-17 -1.284810066223145
7938 0.3779999911785126 -0.02895338274538517 -1.283450603485107
7939 0.3779999911785126 -0.05754522606730461 -1.279404520988464
7940 0.3779999911785126 -0.08542659878730774 -1.272767186164856
7941 0.3779999911785126 -0.1122730225324631 -1.263692259788513
7942 0.3779999911785126 -0.1377949416637421 -1.252385854721069
7943 0.3779999911785126 -0.1617462486028671 -1.239097118377686
7944 0.3779999911785126 -0.1839303523302078 -1.22410786151886
7945 0.3779999911785126 -0.2042038440704346 -1.207722306251526
7946 0.3779999911785126 -0.2224774062633514 -1.190255165100098
7947 0.3779999911785126 -0.2387143969535828 -1.17202091217041
7948 0.3779999911785126 -0.2529272437095642 -1.153324604034424
7949 0.3779999911785126 -0.2651721835136414 -1.134453415870667
7950 0.3779999911785126 -0.2755425572395325 -1.11566948890686
7951 0.3779999911785126 -0.2841616272926331 -1.097205758094788
7952 0.3779999911785126 -0.2911748588085175 -1.079262018203735
7953 0.3779999911785126 -0.29674232006073 -1.062004208564758
7954 0.3779999911785126 -0.3010318875312805 -1.045563817024231
7955 0.3779999911785126 -0.3042125999927521 -1.030039072036743
7956 0.3779999911785126 -0.3064495325088501 -1.015497088432312
7957 0.3779999911785126 -0.3078992962837219 -1.001976490020752
7958 0.3779999911785126 -0.3087065815925598 -0.9894900918006897
7959 0.3779999911785126 -0.3090019524097443 -0.978028416633606
7960 0.3779999911785126 -0.3089002072811127 -0.9675628542900085
7961 0.3779999911785126 -0.3084996938705444 -0.9580482840538025
7962 0.3779999911785126 -0.3078824579715729 -0.9494262337684631
7963 0.3779999911785126 -0.3071146309375763 -0.9416270852088928
7964 0.3779999911785126 -0.3062473833560944 -0.9345723390579224
7965 0.3779999911785126 -0.305318146944046 -0.9281764030456543
7966 0.3779999911785126 -0.3043519556522369 -0.9223485589027405
7967 0.3779999911785126 -0.3033628761768341 -0.916994035243988
7968 0.3779999911785126 -0.3023552596569061 -0.9120154976844788
7969 0.3779999911785126 -0.3013252019882202 -0.9073142409324646
7970 0.3779999911785126 -0.300261378288269 -0.9027912020683289
7971 0.3779999911785126 -0.2991461157798767 -0.8983482718467712
7972 0.3779999911785126 -0.2979559898376465 -0.8938890695571899
7973 0.3779999911785126 -0.2966621518135071 -0.8893202543258667
7974 0.3779999911785126 -0.2952306270599365 -0.8845527768135071
7975 0.3779999911785126 -0.2936222553253174 -0.8795028328895569
7976 0.3779999911785126 -0.291792631149292 -0.8740933537483215
7977 0.3779999911785126 -0.2896917760372162 -0.8682553768157959
7978 0.3779999911785126 -0.2872640192508698 -0.8619292378425598
7979 0.3779999911785126 -0.2844477593898773 -0.855066180229187
7980 0.3779999911785126 -0.2811754047870636 -0.8476299047470093
7981 0.3779999911785126 -0.277373731136322 -0.8395980000495911
7982 0.3779999911785126 -0.2729643285274506 -0.8309633731842041
7983 0.3779999911785126 -0.2678644955158234 -0.8217357397079468
7984 0.3779999911785126 -0.2619886696338654 -0.811942994594574
7985 0.3779999911785126 -0.2552502453327179 -0.8016319870948792
7986 0.3779999911785126 -0.247563898563385 -0.7908695340156555
7987 0.3779999911785126 -0.2388483881950378 -0.7797423005104065
7988 0.3779999911785126 -0.2290296852588654 -0.7683570384979248
7989 0.3779999911785126 -0.2180444747209549 -0.7568393349647522
7990 0.3779999911785126 -0.2058437764644623 -0.7453320026397705
7991 0.3779999911785126 -0.1923965066671371 -0.7339927554130554
7992 0.3779999911785126 -0.1776928305625916 -0.7229909300804138
7993 0.3779999911785126 -0.1617470979690552 -0.7125034928321838
7994 0.3779999911785126 -0.1445999890565872 -0.7027102708816528
7995 0.3779999911785126 -0.1263199746608734 -0.6937885880470276
7996 0.3779999911785126 -0.1070034876465797 -0.6859079003334045
7997 0.3779999911785126 -0.08677412569522858 -0.6792238354682922
7998 0.3779999911785126 -0.06578053534030914 -0.673872709274292
7999 0.3779999911785126 -0.04419310390949249 -0.6699665188789368
8000 0.3779999911785126 -0.02219962142407894 -0.667588472366333
8001 0.3779999911785126 0 -0.6667900085449219
8002 0.3779999911785126 0.02219962142407894 -0.667588472366333
8003 0.3779999911785126 0.04419310390949249 -0.6699665188789368
8004 0.3779999911785126 0.06578053534030914 -0.673872709274292
8005 0.3779999911785126 0.08677412569522858 -0.6792238354682922
8006 0.3779999911785126 0.1070034876465797 -0.6859079003334045
8007 0.3779999911785126 0.1263199746608734 -0.6937885880470276
8008 0.3779999911785126 0.1445999890565872 -0.7027102708816528
8009 0.3779999911785126 0.1617470979690552 -0.7125034928321838
8010 0.3779999911785126 0.1776928305625916 -0.7229909300804138
8011 0.3779999911785126 0.1923965066671371 -0.7339927554130554
8012 0.3779999911785126 0.2058437764644623 -0.7453320026397705
8013 0.3779999911785126 0.2180444747209549 -0.7568393349647522
8014 0.3779999911785126 0.2290296852588654 -0.7683570384979248
8015 0.3779999911785126 0.2388483881950378 -0.7797423005104065
8016 0.3779999911785126 0.247563898563385 -0.7908695340156555
8017 0.3779999911785126 0.2552502453327179 -0.8016319870948792
8018 0.3779999911785126 0.2619886696338654 -0.811942994594574
8019 0.3779999911785126 0.2678644955158234 -0.8217357397079468
8020 0.3779999911785126 0.2729643285274506 -0.8309633731842041
8021 0.3779999911785126 0.277373731136322 -0.8395980000495911
8022 0.3779999911785126 0.2811754047870636 -0.8476299047470093
8023 0.3779999911785126 0.2844477593898773 -0.855066180229187
8024 0.3779999911785126 0.2872640192508698 -0.8619292378425598
8025 0.3779999911785126 0.2896917760372162 -0.8682553768157959
8026 0.3779999911785126 0.291792631149292 -0.8740933537483215
8027 0.3779999911785126 0.2936222553253174 -0.8795028328895569
8028 0.3779999911785126 0.2952306270599365 -0.8845527768135071
8029 0.3779999911785126 0.2966621518135071 -0.8893202543258667
8030 0.3779999911785126 0.2979559898376465 -0.8938890695571899
8031 0.3779999911785126 0.2991461157798767 -0.8983482718467712
8032 0.3779999911785126 0.300261378288269 -0.9027912020683289
8033 0.3779999911785126 0.3013252019882202 -0.9073142409324646
8034 0.3779999911785126 0.3023552596569061 -0.9120154976844788
8035 0.3779999911785126 0.3033628761768341 -0.916994035243988
8036 0.3779999911785126 0.3043519556522369 -0.9223485589027405
8037 0.3779999911785126 0.305318146944046 -0.9281764030456543
8038 0.3779999911785126 0.3062473833560944 -0.9345723390579224
8039 0.3779999911785126 0.3071146309375763 -0.9416270852088928
8040 0.3779999911785126 0.3078824579715729 -0.9494262337684631
8041 0.3779999911785126 0.3084996938705444 -0.9580482840538025
8042 0.3779999911785126 0.3089002072811127 -0.9675628542900085
8043 0.3779999911785126 0.3090019524097443 -0.978028416633606
8044 0.3779999911785126 0.3087065815925598 -0.9894900918006897
8045 0.3779999911785126 0.3078992962837219 -1.001976490020752
8046 0.3779999911785126 0.3064495325088501 -1.015497088432312
8047 0.3779999911785126 0.3042125999927521 -1.030039072036743
8048 0.3779999911785126 0.3010318875312805 -1.045563817024231
8049 0.3779999911785126 0.29674232006073 -1.062004208564758
8050 0.3779999911785126 0.2911748588085175 -1.079262018203735
8051 0.3779999911785126 0.2841616272926331 -1.097205758094788
8052 0.3779999911785126 0.2755425572395325 -1.11566948890686
8053 0.3779999911785126 0.2651721835136414 -1.134453415870667
8054 0.3779999911785126 0.2529272437095642 -1.153324604034424
8055 0.3779999911785126 0.2387143969535828 -1.17202091217041
8056 0.3779999911785126 0.2224774062633514 -1.190255165100098
8057 0.3779999911785126 0.2042038440704346 -1.207722306251526
8058 0.3779999911785126 0.1839303523302078 -1.22410786151886
8059 0.3779999911785126 0.1617462486028671 -1.239097118377686
8060 0.3779999911785126 0.1377949416637421 -1.252385854721069
8061 0.3779999911785126 0.1122730225324631 -1.263692259788513
8062 0.3779999911785126 0.08542659878730774 -1.272767186164856
8063 0.3779999911785126 0.05754522606730461 -1.279404520988464
8064 0.3779999911785126 0.02895338274538517 -1.283450603485107
8065 -0.1994797438383102 -0.006363128311932087 -1.032401442527771
8066 -0.1995278149843216 3.784281157514157e-17 -1.032446026802063
8067 -0.1993336528539658 -0.01278477907180786 -1.03226625919342
8068 -0.1990840584039688 -0.01932267658412457 -1.032035231590271
8069 -0.1987216770648956 -0.02603294886648655 -1.031699776649475
8070 -0.1982334703207016 -0.03296930715441704 -1.031247735023499
8071 -0.1976024806499481 -0.0401822030544281 -1.0306636095047
8072 -0.1968078315258026 -0.04771798104047775 -1.029927968978882
8073 -0.1958245784044266 -0.05561797693371773 -1.029017686843872
8074 -0.1946237981319427 -0.06391759961843491 -1.027906060218811
8075 -0.1931725293397903 -0.072645403444767 -1.026562571525574
8076 -0.1914340257644653 -0.08182211965322495 -1.024953126907349
8077 -0.1893679052591324 -0.09145971387624741 -1.023040533065796
8078 -0.1869306415319443 -0.1015604436397552 -1.020784139633179
8079 -0.1807557791471481 -0.1231065765023232 -1.01506781578064
8080 -0.1994797438383102 0.006363128311932087 -1.032401442527771
8081 -0.1993336528539658 0.01278477907180786 -1.03226625919342
8082 -0.1990840584039688 0.01932267658412457 -1.032035231590271
8083 -0.1987216770648956 0.02603294886648655 -1.031699776649475
8084 -0.1982334703207016 0.03296930715441704 -1.031247735023499
8085 -0.1976024806499481 0.0401822030544281 -1.0306636095047
8086 -0.1968078315258026 0.04771798104047775 -1.029927968978882
8087 -0.1958245784044266 0.05561797693371773 -1.029017686843872
8088 -0.1946237981319427 0.06391759961843491 -1.027906060218811
8089 -0.1931725293397903 0.072645403444767 -1.026562571525574
8090 -0.1914340257644653 0.08182211965322495 -1.024953126907349
8091 -0.1893679052591324 0.09145971387624741 -1.023040533065796
8092 -0.1869306415319443 0.1015604436397552 -1.020784139633179
8093 -0.1807557791471481 0.1231065765023232 -1.01506781578064
8094 -0.1783989071846008 -0.009403294883668423 -1.054198861122131
8095 -0.1785001009702682 3.784281157514157e-17 -1.05430006980896
8096 -0.1780937761068344 -0.01883645541965961 -1.053893804550171
8097 -0.1775799691677094 -0.0283286664634943 -1.053380012512207
8098 -0.1768497377634048 -0.03790774196386337 -1.052649736404419
8099 -0.1758922338485718 -0.04759945720434189 -1.051692247390747
8100 -0.1746937334537506 -0.05742686241865158 -1.050493717193604
8101 -0.1732376515865326 -0.06740961223840714 -1.04903769493103
8102 -0.1715048551559448 -0.07756331562995911 -1.04730486869812
8103 -0.1694737374782562 -0.08789887279272079 -1.045273780822754
8104 -0.1671205759048462 -0.09842187166213989 -1.042920589447021
8105 -0.1644198596477509 -0.1091320067644119 -1.040219902992249
8106 -0.1840759813785553 -0.1121159866452217 -1.018141508102417
8107 -0.1613447070121765 -0.1200225576758385 -1.037144660949707
8108 -0.1578672528266907 -0.1310798823833466 -1.033667206764221
8109 -0.1495927721261978 -0.1536037176847458 -1.025392770767212
8110 -0.1783989071846008 0.009403294883668423 -1.054198861122131
8111 -0.1780937761068344 0.01883645541965961 -1.053893804550171
8112 -0.1775799691677094 0.0283286664634943 -1.053380012512207
8113 -0.1768497377634048 0.03790774196386337 -1.052649736404419
8114 -0.1758922338485718 0.04759945720434189 -1.051692247390747
8115 -0.1746937334537506 0.05742686241865158 -1.050493717193604
8116 -0.1732376515865326 0.06740961223840714 -1.04903769493103
8117 -0.1715048551559448 0.07756331562995911 -1.04730486869812
8118 -0.1694737374782562 0.08789887279272079 -1.045273780822754
8119 -0.1671205759048462 0.09842187166213989 -1.042920589447021
8120 -0.1644198596477509 0.1091320067644119 -1.040219902992249
8121 -0.1840759813785553 0.1121159866452217 -1.018141508102417
8122 -0.1613447070121765 0.1200225576758385 -1.037144660949707
8123 -0.1578672528266907 0.1310798823833466 -1.033667206764221
8124 -0.1495927721261978 0.1536037176847458 -1.025392770767212
8125 -0.1539592742919922 -0.142283096909523 -1.029759287834167
8126 -0.1539592742919922 0.142283096909523 -1.029759287834167
8127 0.09936372190713882 -0.2929591238498688 -0.755747377872467
8128 0.1132657751441002 -0.2859051823616028 -0.7428775429725647
8129 0.1266171336174011 -0.277749091386795 -0.730517566204071
8130 0.1393556445837021 -0.2685910761356354 -0.7187249064445496
8131 0.1514310240745544 -0.2585378587245941 -0.7075461149215698
8132 0.1628048419952393 -0.247699573636055 -0.6970168352127075
8133 0.1734504103660583 -0.2361870855093002 -0.6871616840362549
8134 0.1833521723747253 -0.2241093665361404 -0.6779951453208923
8135 0.1925049424171448 -0.2115711271762848 -0.6695219874382019
8136 0.2009127140045166 -0.1986709386110306 -0.6617384552955627
8137 0.2085875272750854 -0.1854994744062424 -0.6546335220336914
8138 0.2155482470989227 -0.1721383631229401 -0.6481896042823792
8139 0.2218190133571625 -0.1586591899394989 -0.6423844695091248
8140 0.2274279892444611 -0.145123079419136 -0.6371919512748718
8141 0.232405960559845 -0.1315803676843643 -0.6325836181640625
8142 0.2367852032184601 -0.1180707290768623 -0.6285295486450195
8143 0.240598201751709 -0.1046235635876656 -0.6249996423721313
8144 0.2438766658306122 -0.09125848114490509 -0.6219646334648132
8145 0.2466506063938141 -0.07798609882593155 -0.6193966269493103
8146 0.2489475607872009 -0.06480889022350311 -0.6172702312469482
8147 0.2507918477058411 -0.05172219499945641 -0.615562915802002
8148 0.2522040903568268 -0.03871529921889305 -0.6142554879188538
8149 0.2532007992267609 -0.02577260136604309 -0.6133328080177307
8150 0.2537939548492432 -0.01287477090954781 -0.612783670425415
8151 0.2539908885955811 0 -0.6126013994216919
8152 0.2537939548492432 0.01287477090954781 -0.612783670425415
8153 0.2532007992267609 0.02577260136604309 -0.6133328080177307
8154 0.2522040903568268 0.03871529921889305 -0.6142554879188538
8155 0.2507918477058411 0.05172219499945641 -0.615562915802002
8156 0.2489475607872009 0.06480889022350311 -0.6172702312469482
8157 0.2466506063938141 0.07798609882593155 -0.6193966269493103
8158 0.2438766658306122 0.09125848114490509 -0.6219646334648132
8159 0.240598201751709 0.1046235635876656 -0.6249996423721313
8160 0.2367852032184601 0.1180707290768623 -0.6285295486450195
8161 0.232405960559845 0.1315803676843643 -0.6325836181640625
8162 0.2274279892444611 0.145123079419136 -0.6371919512748718
8163 0.2218190133571625 0.1586591899394989 -0.6423844695091248
8164 0.2155482470989227 0.1721383631229401 -0.6481896042823792
8165 0.2085875272750854 0.1854994744062424 -0.6546335220336914
8166 0.2009127140045166 0.1986709386110306 -0.6617384552955627
8167 0.1925049424171448 0.2115711271762848 -0.6695219874382019
8168 0.1833521723747253 0.2241093665361404 -0.6779951453208923
8169 0.1734504103660583 0.2361870855093002 -0.6871616840362549
8170 0.1628048419952393 0.247699573636055 -0.6970168352127075
8171 0.1514310240745544 0.2585378587245941 -0.7075461149215698
8172 0.1393556445837021 0.2685910761356354 -0.7187249064445496
8173 0.1266171336174011 0.277749091386795 -0.730517566204071
8174 0.1132657751441002 0.2859051823616028 -0.7428775429725647
8175 0.09936372190713882 0.2929591238498688 -0.755747377872467
8176 0.1109068170189857 -0.2922883331775665 -0.7648932337760925
8177 0.123093955218792 -0.2857953011989594 -0.7527060508728027
8178 0.1348860561847687 -0.2783551216125488 -0.740913987159729
8179 0.1462361961603165 -0.2700299620628357 -0.72956383228302
8180 0.1571039259433746 -0.2608867585659027 -0.718696117401123
8181 0.1674554646015167 -0.2509958148002625 -0.708344578742981
8182 0.1772637069225311 -0.2404291182756424 -0.6985363364219666
8183 0.1865080296993256 -0.2292590439319611 -0.6892920136451721
8184 0.1951741278171539 -0.217556893825531 -0.6806259155273438
8185 0.2032534182071686 -0.2053917348384857 -0.6725466251373291
8186 0.2107425630092621 -0.1928293406963348 -0.6650574803352356
8187 0.2176429331302643 -0.1799312978982925 -0.6581571102142334
8188 0.2239597141742706 -0.1667543053627014 -0.6518403291702271
8189 0.2297014594078064 -0.1533497124910355 -0.6460985541343689
8190 0.2348791360855103 -0.139763131737709 -0.640920877456665
8191 0.2395054996013641 -0.1260343492031097 -0.6362945437431335
8192 0.2435944080352783 -0.1121973022818565 -0.632205605506897
8193 0.2471601068973541 -0.09828027337789536 -0.6286399364471436
8194 0.2502167224884033 -0.08430621027946472 -0.625583291053772
8195 0.2527775764465332 -0.07029309868812561 -0.6230224370956421
8196 0.2548547685146332 -0.0562545582652092 -0.6209452748298645
8197 0.2564588487148285 -0.04220039397478104 -0.6193411946296692
8198 0.2575983107089996 -0.02813730202615261 -0.618201732635498
8199 0.258279412984848 -0.01406960003077984 -0.6175206303596497
8200 0.2585060298442841 0 -0.6172940135002136
8201 0.258279412984848 0.01406960003077984 -0.6175206303596497
8202 0.2575983107089996 0.02813730202615261 -0.618201732635498
8203 0.2564588487148285 0.04220039397478104 -0.6193411946296692
8204 0.2548547685146332 0.0562545582652092 -0.6209452748298645
8205 0.2527775764465332 0.07029309868812561 -0.6230224370956421
8206 0.2502167224884033 0.08430621027946472 -0.625583291053772
8207 0.2471601068973541 0.09828027337789536 -0.6286399364471436
8208 0.2435944080352783 0.1121973022818565 -0.632205605506897
8209 0.2395054996013641 0.1260343492031097 -0.6362945437431335
8210 0.2348791360855103 0.139763131737709 -0.640920877456665
8211 0.2297014594078064 0.1533497124910355 -0.6460985541343689
8212 0.2239597141742706 0.1667543053627014 -0.6518403291702271
8213 0.2176429331302643 0.1799312978982925 -0.6581571102142334
8214 0.2107425630092621 0.1928293406963348 -0.6650574803352356
8215 0.2032534182071686 0.2053917348384857 -0.6725466251373291
8216 0.1951741278171539 0.217556893825531 -0.6806259155273438
8217 0.1865080296993256 0.2292590439319611 -0.6892920136451721
8218 0.1772637069225311 0.2404291182756424 -0.6985363364219666
8219 0.1674554646015167 0.2509958148002625 -0.708344578742981
8220 0.1571039259433746 0.2608867585659027 -0.718696117401123
8221 0.1462361961603165 0.2700299620628357 -0.72956383228302
8222 0.1348860561847687 0.2783551216125488 -0.740913987159729
8223 0.123093955218792 0.2857953011989594 -0.7527060508728027
8224 0.1109068170189857 0.2922883331775665 -0.7648932337760925
8225 -0.1769207566976547 -0.1345003992319107 -1.011517524719238
8226 -0.1725216507911682 -0.1462529897689819 -1.007445096969604
8227 -0.1675103902816772 -0.1583069413900375 -1.002805948257446
8228 -0.161841481924057 -0.1705919057130814 -0.9975579380989075
8229 -0.1554734408855438 -0.1830247938632965 -0.9916627407073975
8230 -0.1483703553676605 -0.1955104172229767 -0.9850870370864868
8231 -0.1405035108327866 -0.207942470908165 -0.9778043031692505
8232 -0.1318528354167938 -0.2202049642801285 -0.9697959423065186
8233 -0.122408352792263 -0.2321740686893463 -0.9610527157783508
8234 -0.1121713891625404 -0.243720218539238 -0.9515758752822876
8235 -0.101155623793602 -0.2547107636928558 -0.9413780570030212
8236 -0.08938769996166229 -0.2650127112865448 -0.930483877658844
8237 -0.07690755277872086 -0.2744958698749542 -0.9189304113388062
8238 -0.06376830488443375 -0.2830359041690826 -0.9067667722702026
8239 -0.05003577470779419 -0.2905174493789673 -0.8940538763999939
8240 -0.035787433385849 -0.2968370914459229 -0.8808634877204895
8241 -0.02111110650002956 -0.3019061386585236 -0.8672769069671631
8242 -0.006103186402469873 -0.3056528568267822 -0.8533833026885986
8243 0.009133422747254372 -0.3080242276191711 -0.8392780423164368
8244 0.02449156530201435 -0.3089874386787415 -0.825060248374939
8245 0.03986229747533798 -0.3085302710533142 -0.8108307719230652
8246 0.05513728410005569 -0.3066611588001251 -0.7966899871826172
8247 0.07021128386259079 -0.3034086227416992 -0.7827352285385132
8248 0.08498432487249374 -0.298819899559021 -0.7690591216087341
8249 -0.1447405815124512 -0.165005549788475 -1.020540595054626
8250 -0.1393771767616272 -0.1764446496963501 -1.015177130699158
8251 -0.1334793865680695 -0.1878694444894791 -1.009279370307922
8252 -0.1270271837711334 -0.1992210894823074 -1.002827167510986
8253 -0.1200044974684715 -0.2104338556528091 -0.9958045482635498
8254 -0.1123999580740929 -0.2214359492063522 -0.9882000088691711
8255 -0.1042076721787453 -0.2321503162384033 -0.9800077080726624
8256 -0.09542786329984665 -0.2424957007169724 -0.9712278842926025
8257 -0.08606741577386856 -0.2523880004882812 -0.9618674516677856
8258 -0.07614037394523621 -0.2617415487766266 -0.9519404172897339
8259 -0.06566815078258514 -0.2704707086086273 -0.9414681792259216
8260 -0.0546797439455986 -0.2784915566444397 -0.9304797649383545
8261 -0.04321157187223434 -0.2857234179973602 -0.9190115928649902
8262 -0.03130729496479034 -0.2920905351638794 -0.9071072936058044
8263 -0.01901730708777905 -0.2975237667560577 -0.8948173522949219
8264 -0.0063981250859797 -0.3019620180130005 -0.8821981549263
8265 0.006488473620265722 -0.3053534626960754 -0.8693115711212158
8266 0.01957638747990131 -0.3076567649841309 -0.8562236428260803
8267 0.03279630094766617 -0.3088418841362 -0.8430037498474121
8268 0.04607687145471573 -0.3088905811309814 -0.8297231197357178
8269 0.05934599786996841 -0.3077968060970306 -0.8164539933204651
8270 0.07253202050924301 -0.3055665194988251 -0.8032680153846741
8271 0.08556494861841202 -0.3022174537181854 -0.7902351021766663
8272 0.09837763756513596 -0.2977783977985382 -0.7774223685264587
8273 -0.1769207566976547 0.1345003992319107 -1.011517524719238
8274 -0.1725216507911682 0.1462529897689819 -1.007445096969604
8275 -0.1675103902816772 0.1583069413900375 -1.002805948257446
8276 -0.161841481924057 0.1705919057130814 -0.9975579380989075
8277 -0.1554734408855438 0.1830247938632965 -0.9916627407073975
8278 -0.1483703553676605 0.1955104172229767 -0.9850870370864868
8279 -0.1405035108327866 0.207942470908165 -0.9778043031692505
8280 -0.1318528354167938 0.2202049642801285 -0.9697959423065186
8281 -0.122408352792263 0.2321740686893463 -0.9610527157783508
8282 -0.1121713891625404 0.243720218539238 -0.9515758752822876
8283 -0.101155623793602 0.2547107636928558 -0.9413780570030212
8284 -0.08938769996166229 0.2650127112865448 -0.930483877658844
8285 -0.07690755277872086 0.2744958698749542 -0.9189304113388062
8286 -0.06376830488443375 0.2830359041690826 -0.9067667722702026
8287 -0.05003577470779419 0.2905174493789673 -0.8940538763999939
8288 -0.035787433385849 0.2968370914459229 -0.8808634877204895
8289 -0.02111110650002956 0.3019061386585236 -0.8672769069671631
8290 -0.006103186402469873 0.3056528568267822 -0.8533833026885986
8291 0.009133422747254372 0.3080242276191711 -0.8392780423164368
8292 0.02449156530201435 0.3089874386787415 -0.825060248374939
8293 0.03986229747533798 0.3085302710533142 -0.8108307719230652
8294 0.05513728410005569 0.3066611588001251 -0.7966899871826172
8295 0.07021128386259079 0.3034086227416992 -0.7827352285385132
8296 0.08498432487249374 0.298819899559021 -0.7690591216087341
8297 -0.1447405815124512 0.165005549788475 -1.020540595054626
8298 -0.1393771767616272 0.1764446496963501 -1.015177130699158
8299 -0.1334793865680695 0.1878694444894791 -1.009279370307922
8300 -0.1270271837711334 0.1992210894823074 -1.002827167510986
8301 -0.1200044974684715 0.2104338556528091 -0.9958045482635498
8302 -0.1123999580740929 0.2214359492063522 -0.9882000088691711
8303 -0.1042076721787453 0.2321503162384033 -0.9800077080726624
8304 -0.09542786329984665 0.2424957007169724 -0.9712278842926025
8305 -0.08606741577386856 0.2523880004882812 -0.9618674516677856
8306 -0.07614037394523621 0.2617415487766266 -0.9519404172897339
8307 -0.06566815078258514 0.2704707086086273 -0.9414681792259216
8308 -0.0546797439455986 0.2784915566444397 -0.9304797649383545
8309 -0.04321157187223434 0.2857234179973602 -0.9190115928649902
8310 -0.03130729496479034 0.2920905351638794 -0.9071072936058044
8311 -0.01901730708777905 0.2975237667560577 -0.8948173522949219
8312 -0.0063981250859797 0.3019620180130005 -0.8821981549263
8313 0.006488473620265722 0.3053534626960754 -0.8693115711212158
8314 0.01957638747990131 0.3076567649841309 -0.8562236428260803
8315 0.03279630094766617 0.3088418841362 -0.8430037498474121
8316 0.04607687145471573 0.3088905811309814 -0.8297231197357178
8317 0.05934599786996841 0.3077968060970306 -0.8164539933204651
8318 0.07253202050924301 0.3055665194988251 -0.8032680153846741
8319 0.08556494861841202 0.3022174537181854 -0.7902351021766663
8320 0.09837763756513596 0.2977783977985382 -0.7774223685264587
$EndNodes
$Elements
16380
1 2 2 0 1 1 2 3
2 2 2 0 1 4 2 1
3 2 2 0 1 5 4 1
4 2 2 0 1 6 4 5
5 2 2 0 1 7 8 5
6 2 2 0 1 7 6 5
7 2 2 0 1 9 10 8
8 2 2 0 1 9 7 8
9 2 2 0 1 11 9 10
10 2 2 0 1 12 9 11
11 2 2 0 1 13 14 11
12 2 2 0 1 13 12 11
13 2 2 0 1 15 13 14
14 2 2 0 1 16 13 15
15 2 2 0 1 17 18 15
16 2 2 0 1 17 16 15
17 2 2 0 1 19 20 18
18 2 2 0 1 19 17 18
19 2 2 0 1 21 22 20
20 2 2 0 1 21 19 20
21 2 2 0 1 23 24 22
22 2 2 0 1 23 21 22
23 2 2 0 1 25 26 24
24 2 2 0 1 25 23 24
25 2 2 0 1 27 28 26
26 2 2 0 1 27 25 26
27 2 2 0 1 29 30 28
28 2 2 0 1 29 27 28
29 2 2 0 1 31 32 30
30 2 2 0 1 31 29 30
31 2 2 0 1 33 31 32
32 2 2 0 1 34 31 33
33 2 2 0 1 35 36 33
34 2 2 0 1 35 34 33
35 2 2 0 1 37 38 36
36 2 2 0 1 37 35 36
37 2 2 0 1 39 40 38
38 2 2 0 1 39 37 38
39 2 2 0 1 41 42 40
40 2 2 0 1 41 39 40
41 2 2 0 1 43 44 42
42 2 2 0 1 43 41 42
43 2 2 0 1 45 46 44
44 2 2 0 1 45 43 44
45 2 2 0 1 47 48 46
46 2 2 0 1 47 45 46
47 2 2 0 1 49 50 48
48 2 2 0 1 49 47 48
49 2 2 0 1 51 52 50
50 2 2 0 1 51 49 50
51 2 2 0 1 53 54 52
52 2 2 0 1 53 51 52
53 2 2 0 1 55 56 54
54 2 2 0 1 55 53 54
55 2 2 0 1 57 58 56
56 2 2 0 1 57 55 56
57 2 2 0 1 59 60 58
58 2 2 0 1 59 57 58
59 2 2 0 1 61 62 60
60 2 2 0 1 61 59 60
61 2 2 0 1 63 64 62
62 2 2 0 1 63 61 62
63 2 2 0 1 65 66 64
64 2 2 0 1 65 63 64
65 2 2 0 1 67 68 66
66 2 2 0 1 67 65 66
67 2 2 0 1 69 70 68
68 2 2 0 1 69 67 68
69 2 2 0 1 71 72 70
70 2 2 0 1 71 69 70
71 2 2 0 1 73 74 72
72 2 2 0 1 73 71 72
73 2 2 0 1 75 76 74
74 2 2 0 1 75 73 74
75 2 2 0 1 77 78 76
76 2 2 0 1 77 75 76
77 2 2 0 1 79 80 78
78 2 2 0 1 79 77 78
79 2 2 0 1 81 82 80
80 2 2 0 1 81 79 80
81 2 2 0 1 83 84 82
82 2 2 0 1 83 81 82
83 2 2 0 1 85 86 84
84 2 2 0 1 85 83 84
85 2 2 0 1 87 88 86
86 2 2 0 1 87 85 86
87 2 2 0 1 89 90 88
88 2 2 0 1 89 87 88
89 2 2 0 1 91 92 90
90 2 2 0 1 91 89 90
91 2 2 0 1 93 94 92
92 2 2 0 1 93 91 92
93 2 2 0 1 95 96 94
94 2 2 0 1 95 93 94
95 2 2 0 1 97 98 96
96 2 2 0 1 97 95 96
97 2 2 0 1 99 100 98
98 2 2 0 1 99 97 98
99 2 2 0 1 101 102 100
100 2 2 0 1 101 99 100
101 2 2 0 1 103 104 102
102 2 2 0 1 103 101 102
103 2 2 0 1 105 106 104
104 2 2 0 1 105 103 104
105 2 2 0 1 107 108 106
106 2 2 0 1 107 105 106
107 2 2 0 1 109 110 108
108 2 2 0 1 109 107 108
109 2 2 0 1 111 112 110
110 2 2 0 1 111 109 110
111 2 2 0 1 113 114 112
112 2 2 0 1 113 111 112
113 2 2 0 1 115 116 114
114 2 2 0 1 115 113 114
115 2 2 0 1 117 118 116
116 2 2 0 1 117 115 116
117 2 2 0 1 119 120 118
118 2 2 0 1 119 117 118
119 2 2 0 1 121 122 120
120 2 2 0 1 121 119 120
121 2 2 0 1 123 124 122
122 2 2 0 1 123 121 122
123 2 2 0 1 125 126 124
124 2 2 0 1 125 123 124
125 2 2 0 1 127 128 126
126 2 2 0 1 127 125 126
127 2 2 0 1 129 127 128
128 2 2 0 1 130 127 129
129 2 2 0 1 131 130 129
130 2 2 0 1 132 130 131
131 2 2 0 1 133 132 131
132 2 2 0 1 134 132 133
133 2 2 0 1 135 134 133
134 2 2 0 1 136 134 135
135 2 2 0 1 137 136 135
136 2 2 0 1 138 136 137
137 2 2 0 1 139 138 137
138 2 2 0 1 140 138 139
139 2 2 0 1 141 140 139
140 2 2 0 1 142 140 141
141 2 2 0 1 143 142 141
142 2 2 0 1 144 142 143
143 2 2 0 1 145 144 143
144 2 2 0 1 146 144 145
145 2 2 0 1 147 146 145
146 2 2 0 1 148 146 147
147 2 2 0 1 149 148 147
148 2 2 0 1 150 148 149
149 2 2 0 1 151 150 149
150 2 2 0 1 152 150 151
151 2 2 0 1 153 152 151
152 2 2 0 1 154 152 153
153 2 2 0 1 155 154 153
154 2 2 0 1 156 154 155
155 2 2 0 1 157 156 155
156 2 2 0 1 158 156 157
157 2 2 0 1 159 158 157
158 2 2 0 1 160 158 159
159 2 2 0 1 161 160 159
160 2 2 0 1 162 160 161
161 2 2 0 1 163 162 161
162 2 2 0 1 164 162 163
163 2 2 0 1 165 164 163
164 2 2 0 1 166 164 165
165 2 2 0 1 167 166 165
166 2 2 0 1 168 166 167
167 2 2 0 1 169 168 167
168 2 2 0 1 170 168 169
169 2 2 0 1 171 170 169
170 2 2 0 1 172 170 171
171 2 2 0 1 173 172 171
172 2 2 0 1 174 172 173
173 2 2 0 1 175 174 173
174 2 2 0 1 176 174 175
175 2 2 0 1 177 176 175
176 2 2 0 1 178 176 177
177 2 2 0 1 179 178 177
178 2 2 0 1 180 178 179
179 2 2 0 1 181 180 179
180 2 2 0 1 182 180 181
181 2 2 0 1 183 182 181
182 2 2 0 1 184 182 183
183 2 2 0 1 185 184 183
184 2 2 0 1 186 184 185
185 2 2 0 1 187 186 185
186 2 2 0 1 188 186 187
187 2 2 0 1 189 188 187
188 2 2 0 1 190 188 189
189 2 2 0 1 191 190 189
190 2 2 0 1 192 190 191
191 2 2 0 1 193 192 191
192 2 2 0 1 194 192 193
193 2 2 0 1 195 194 193
194 2 2 0 1 196 194 195
195 2 2 0 1 197 196 195
196 2 2 0 1 198 196 197
197 2 2 0 1 199 198 197
198 2 2 0 1 200 198 199
199 2 2 0 1 201 200 199
200 2 2 0 1 202 200 201
201 2 2 0 1 203 202 201
202 2 2 0 1 204 202 203
203 2 2 0 1 205 204 203
204 2 2 0 1 206 204 205
205 2 2 0 1 207 206 205
206 2 2 0 1 208 206 207
207 2 2 0 1 209 208 207
208 2 2 0 1 210 208 209
209 2 2 0 1 211 210 209
210 2 2 0 1 212 210 211
211 2 2 0 1 213 212 211
212 2 2 0 1 214 212 213
213 2 2 0 1 215 214 213
214 2 2 0 1 216 214 215
215 2 2 0 1 217 216 215
216 2 2 0 1 218 216 217
217 2 2 0 1 219 218 217
218 2 2 0 1 220 218 219
219 2 2 0 1 221 220 219
220 2 2 0 1 222 220 221
221 2 2 0 1 223 222 221
222 2 2 0 1 224 222 223
223 2 2 0 1 225 224 223
224 2 2 0 1 226 224 225
225 2 2 0 1 227 228 225
226 2 2 0 1 227 226 225
227 2 2 0 1 229 227 228
228 2 2 0 1 230 227 229
229 2 2 0 1 231 230 229
230 2 2 0 1 232 230 231
231 2 2 0 1 233 232 231
232 2 2 0 1 234 232 233
233 2 2 0 1 235 234 233
234 2 2 0 1 236 234 235
235 2 2 0 1 237 236 235
236 2 2 0 1 238 236 237
237 2 2 0 1 239 238 237
238 2 2 0 1 240 238 239
239 2 2 0 1 241 240 239
240 2 2 0 1 242 240 241
241 2 2 0 1 243 242 241
242 2 2 0 1 244 242 243
243 2 2 0 1 245 246 243
244 2 2 0 1 245 244 243
245 2 2 0 1 247 245 246
246 2 2 0 1 248 245 247
247 2 2 0 1 249 248 247
248 2 2 0 1 250 248 249
249 2 2 0 1 251 250 249
250 2 2 0 1 252 250 251
251 2 2 0 1 253 252 251
252 2 2 0 1 254 252 253
253 2 2 0 1 255 256 253
254 2 2 0 1 255 254 253
255 2 2 0 1 2 3 256
256 2 2 0 1 2 255 256
257 2 2 0 1 4 257 2
258 2 2 0 1 258 257 4
259 2 2 0 1 6 258 4
260 2 2 0 1 259 258 6
261 2 2 0 1 7 259 6
262 2 2 0 1 260 259 7
263 2 2 0 1 9 260 7
264 2 2 0 1 261 260 9
265 2 2 0 1 12 261 9
266 2 2 0 1 262 261 12
267 2 2 0 1 263 13 12
268 2 2 0 1 263 262 12
269 2 2 0 1 16 263 13
270 2 2 0 1 264 263 16
271 2 2 0 1 17 264 16
272 2 2 0 1 265 264 17
273 2 2 0 1 19 265 17
274 2 2 0 1 266 265 19
275 2 2 0 1 21 266 19
276 2 2 0 1 267 266 21
277 2 2 0 1 23 267 21
278 2 2 0 1 268 267 23
279 2 2 0 1 25 268 23
280 2 2 0 1 269 268 25
281 2 2 0 1 27 269 25
282 2 2 0 1 270 269 27
283 2 2 0 1 29 270 27
284 2 2 0 1 271 270 29
285 2 2 0 1 272 31 29
286 2 2 0 1 272 271 29
287 2 2 0 1 34 272 31
288 2 2 0 1 273 272 34
289 2 2 0 1 35 273 34
290 2 2 0 1 274 273 35
291 2 2 0 1 37 274 35
292 2 2 0 1 275 274 37
293 2 2 0 1 39 275 37
294 2 2 0 1 276 275 39
295 2 2 0 1 41 276 39
296 2 2 0 1 277 276 41
297 2 2 0 1 43 277 41
298 2 2 0 1 278 277 43
299 2 2 0 1 45 278 43
300 2 2 0 1 279 278 45
301 2 2 0 1 47 279 45
302 2 2 0 1 280 279 47
303 2 2 0 1 49 280 47
304 2 2 0 1 281 280 49
305 2 2 0 1 51 281 49
306 2 2 0 1 282 281 51
307 2 2 0 1 53 282 51
308 2 2 0 1 283 282 53
309 2 2 0 1 55 283 53
310 2 2 0 1 284 283 55
311 2 2 0 1 57 284 55
312 2 2 0 1 285 284 57
313 2 2 0 1 59 285 57
314 2 2 0 1 286 285 59
315 2 2 0 1 61 286 59
316 2 2 0 1 287 286 61
317 2 2 0 1 63 287 61
318 2 2 0 1 288 287 63
319 2 2 0 1 65 288 63
320 2 2 0 1 289 288 65
321 2 2 0 1 67 289 65
322 2 2 0 1 290 289 67
323 2 2 0 1 69 290 67
324 2 2 0 1 291 290 69
325 2 2 0 1 71 291 69
326 2 2 0 1 292 291 71
327 2 2 0 1 73 292 71
328 2 2 0 1 293 292 73
329 2 2 0 1 75 293 73
330 2 2 0 1 294 293 75
331 2 2 0 1 77 294 75
332 2 2 0 1 295 294 77
333 2 2 0 1 79 295 77
334 2 2 0 1 296 295 79
335 2 2 0 1 81 296 79
336 2 2 0 1 297 296 81
337 2 2 0 1 83 297 81
338 2 2 0 1 298 297 83
339 2 2 0 1 85 298 83
340 2 2 0 1 299 298 85
341 2 2 0 1 87 299 85
342 2 2 0 1 300 299 87
343 2 2 0 1 89 300 87
344 2 2 0 1 301 300 89
345 2 2 0 1 91 301 89
346 2 2 0 1 302 301 91
347 2 2 0 1 93 302 91
348 2 2 0 1 303 302 93
349 2 2 0 1 95 303 93
350 2 2 0 1 304 303 95
351 2 2 0 1 97 304 95
352 2 2 0 1 305 304 97
353 2 2 0 1 99 305 97
354 2 2 0 1 306 305 99
355 2 2 0 1 101 306 99
356 2 2 0 1 307 306 101
357 2 2 0 1 103 307 101
358 2 2 0 1 308 307 103
359 2 2 0 1 105 308 103
360 2 2 0 1 309 308 105
361 2 2 0 1 107 309 105
362 2 2 0 1 310 309 107
363 2 2 0 1 109 310 107
364 2 2 0 1 311 310 109
365 2 2 0 1 111 311 109
366 2 2 0 1 312 311 111
367 2 2 0 1 113 312 111
368 2 2 0 1 313 312 113
369 2 2 0 1 115 313 113
370 2 2 0 1 314 313 115
371 2 2 0 1 117 314 115
372 2 2 0 1 315 314 117
373 2 2 0 1 119 315 117
374 2 2 0 1 316 315 119
375 2 2 0 1 121 316 119
376 2 2 0 1 317 316 121
377 2 2 0 1 123 317 121
378 2 2 0 1 318 317 123
379 2 2 0 1 125 318 123
380 2 2 0 1 319 318 125
381 2 2 0 1 127 319 125
382 2 2 0 1 320 319 127
383 2 2 0 1 130 320 127
384 2 2 0 1 321 320 130
385 2 2 0 1 322 132 130
386 2 2 0 1 322 321 130
387 2 2 0 1 323 134 132
388 2 2 0 1 323 322 132
389 2 2 0 1 324 136 134
390 2 2 0 1 324 323 134
391 2 2 0 1 325 138 136
392 2 2 0 1 325 324 136
393 2 2 0 1 326 140 138
394 2 2 0 1 326 325 138
395 2 2 0 1 327 142 140
396 2 2 0 1 327 326 140
397 2 2 0 1 328 144 142
398 2 2 0 1 328 327 142
399 2 2 0 1 329 146 144
400 2 2 0 1 329 328 144
401 2 2 0 1 330 148 146
402 2 2 0 1 330 329 146
403 2 2 0 1 331 150 148
404 2 2 0 1 331 330 148
405 2 2 0 1 332 152 150
406 2 2 0 1 332 331 150
407 2 2 0 1 333 154 152
408 2 2 0 1 333 332 152
409 2 2 0 1 334 156 154
410 2 2 0 1 334 333 154
411 2 2 0 1 335 158 156
412 2 2 0 1 335 334 156
413 2 2 0 1 336 160 158
414 2 2 0 1 336 335 158
415 2 2 0 1 337 162 160
416 2 2 0 1 337 336 160
417 2 2 0 1 338 164 162
418 2 2 0 1 338 337 162
419 2 2 0 1 339 166 164
420 2 2 0 1 339 338 164
421 2 2 0 1 340 168 166
422 2 2 0 1 340 339 166
423 2 2 0 1 341 170 168
424 2 2 0 1 341 340 168
425 2 2 0 1 342 172 170
426 2 2 0 1 342 341 170
427 2 2 0 1 343 174 172
428 2 2 0 1 343 342 172
429 2 2 0 1 344 176 174
430 2 2 0 1 344 343 174
431 2 2 0 1 345 178 176
432 2 2 0 1 345 344 176
433 2 2 0 1 346 180 178
434 2 2 0 1 346 345 178
435 2 2 0 1 347 182 180
436 2 2 0 1 347 346 180
437 2 2 0 1 348 184 182
438 2 2 0 1 348 347 182
439 2 2 0 1 349 186 184
440 2 2 0 1 349 348 184
441 2 2 0 1 350 188 186
442 2 2 0 1 350 349 186
443 2 2 0 1 351 190 188
444 2 2 0 1 351 350 188
445 2 2 0 1 352 192 190
446 2 2 0 1 352 351 190
447 2 2 0 1 353 194 192
448 2 2 0 1 353 352 192
449 2 2 0 1 354 196 194
450 2 2 0 1 354 353 194
451 2 2 0 1 355 198 196
452 2 2 0 1 355 354 196
453 2 2 0 1 356 200 198
454 2 2 0 1 356 355 198
455 2 2 0 1 357 202 200
456 2 2 0 1 357 356 200
457 2 2 0 1 358 204 202
458 2 2 0 1 358 357 202
459 2 2 0 1 359 206 204
460 2 2 0 1 359 358 204
461 2 2 0 1 360 208 206
462 2 2 0 1 360 359 206
463 2 2 0 1 361 210 208
464 2 2 0 1 361 360 208
465 2 2 0 1 362 212 210
466 2 2 0 1 362 361 210
467 2 2 0 1 363 214 212
468 2 2 0 1 363 362 212
469 2 2 0 1 364 216 214
470 2 2 0 1 364 363 214
471 2 2 0 1 365 218 216
472 2 2 0 1 365 364 216
473 2 2 0 1 366 220 218
474 2 2 0 1 366 365 218
475 2 2 0 1 367 222 220
476 2 2 0 1 367 366 220
477 2 2 0 1 368 224 222
478 2 2 0 1 368 367 222
479 2 2 0 1 369 226 224
480 2 2 0 1 369 368 224
481 2 2 0 1 370 227 226
482 2 2 0 1 370 369 226
483 2 2 0 1 230 370 227
484 2 2 0 1 371 370 230
485 2 2 0 1 372 232 230
486 2 2 0 1 372 371 230
487 2 2 0 1 373 234 232
488 2 2 0 1 373 372 232
489 2 2 0 1 374 236 234
490 2 2 0 1 374 373 234
491 2 2 0 1 375 238 236
492 2 2 0 1 375 374 236
493 2 2 0 1 376 240 238
494 2 2 0 1 376 375 238
495 2 2 0 1 377 242 240
496 2 2 0 1 377 376 240
497 2 2 0 1 378 244 242
498 2 2 0 1 378 377 242
499 2 2 0 1 379 245 244
500 2 2 0 1 379 378 244
501 2 2 0 1 248 379 245
502 2 2 0 1 380 379 248
503 2 2 0 1 381 250 248
504 2 2 0 1 381 380 248
505 2 2 0 1 382 252 250
506 2 2 0 1 382 381 250
507 2 2 0 1 383 254 252
508 2 2 0 1 383 382 252
509 2 2 0 1 384 255 254
510 2 2 0 1 384 383 254
511 2 2 0 1 257 2 255
512 2 2 0 1 257 384 255
513 2 2 0 1 385 258 257
514 2 2 0 1 385 386 257
515 2 2 0 1 387 259 258
516 2 2 0 1 387 385 258
517 2 2 0 1 260 387 259
518 2 2 0 1 388 387 260
519 2 2 0 1 389 261 260
520 2 2 0 1 389 388 260
521 2 2 0 1 262 389 261
522 2 2 0 1 390 389 262
523 2 2 0 1 391 263 262
524 2 2 0 1 391 390 262
525 2 2 0 1 264 391 263
526 2 2 0 1 392 391 264
527 2 2 0 1 393 265 264
528 2 2 0 1 393 392 264
529 2 2 0 1 394 266 265
530 2 2 0 1 394 393 265
531 2 2 0 1 395 267 266
532 2 2 0 1 395 394 266
533 2 2 0 1 268 395 267
534 2 2 0 1 396 395 268
535 2 2 0 1 397 269 268
536 2 2 0 1 397 396 268
537 2 2 0 1 398 270 269
538 2 2 0 1 398 397 269
539 2 2 0 1 399 271 270
540 2 2 0 1 399 398 270
541 2 2 0 1 272 399 271
542 2 2 0 1 400 399 272
543 2 2 0 1 273 400 272
544 2 2 0 1 401 400 273
545 2 2 0 1 402 274 273
546 2 2 0 1 402 401 273
547 2 2 0 1 275 402 274
548 2 2 0 1 403 402 275
549 2 2 0 1 276 403 275
550 2 2 0 1 404 403 276
551 2 2 0 1 405 277 276
552 2 2 0 1 405 404 276
553 2 2 0 1 406 278 277
554 2 2 0 1 406 405 277
555 2 2 0 1 279 406 278
556 2 2 0 1 407 406 279
557 2 2 0 1 280 407 279
558 2 2 0 1 408 407 280
559 2 2 0 1 409 281 280
560 2 2 0 1 409 408 280
561 2 2 0 1 282 409 281
562 2 2 0 1 410 409 282
563 2 2 0 1 411 283 282
564 2 2 0 1 411 410 282
565 2 2 0 1 412 284 283
566 2 2 0 1 412 411 283
567 2 2 0 1 413 285 284
568 2 2 0 1 413 412 284
569 2 2 0 1 414 286 285
570 2 2 0 1 414 413 285
571 2 2 0 1 415 287 286
572 2 2 0 1 415 414 286
573 2 2 0 1 416 288 287
574 2 2 0 1 416 415 287
575 2 2 0 1 417 289 288
576 2 2 0 1 417 416 288
577 2 2 0 1 290 417 289
578 2 2 0 1 418 417 290
579 2 2 0 1 291 418 290
580 2 2 0 1 419 418 291
581 2 2 0 1 420 292 291
582 2 2 0 1 420 419 291
583 2 2 0 1 421 293 292
584 2 2 0 1 421 420 292
585 2 2 0 1 422 294 293
586 2 2 0 1 422 421 293
587 2 2 0 1 423 295 294
588 2 2 0 1 423 422 294
589 2 2 0 1 424 296 295
590 2 2 0 1 424 423 295
591 2 2 0 1 425 297 296
592 2 2 0 1 425 424 296
593 2 2 0 1 426 298 297
594 2 2 0 1 426 425 297
595 2 2 0 1 427 299 298
596 2 2 0 1 427 426 298
597 2 2 0 1 428 300 299
598 2 2 0 1 428 427 299
599 2 2 0 1 429 301 300
600 2 2 0 1 429 428 300
601 2 2 0 1 430 302 301
602 2 2 0 1 430 429 301
603 2 2 0 1 431 303 302
604 2 2 0 1 431 430 302
605 2 2 0 1 432 304 303
606 2 2 0 1 432 431 303
607 2 2 0 1 433 305 304
608 2 2 0 1 433 432 304
609 2 2 0 1 434 306 305
610 2 2 0 1 434 433 305
611 2 2 0 1 435 307 306
612 2 2 0 1 435 434 306
613 2 2 0 1 436 308 307
614 2 2 0 1 436 435 307
615 2 2 0 1 437 309 308
616 2 2 0 1 437 436 308
617 2 2 0 1 438 310 309
618 2 2 0 1 438 437 309
619 2 2 0 1 439 311 310
620 2 2 0 1 439 438 310
621 2 2 0 1 440 312 311
622 2 2 0 1 440 439 311
623 2 2 0 1 441 313 312
624 2 2 0 1 441 440 312
625 2 2 0 1 442 314 313
626 2 2 0 1 442 441 313
627 2 2 0 1 443 315 314
628 2 2 0 1 443 442 314
629 2 2 0 1 444 316 315
630 2 2 0 1 444 443 315
631 2 2 0 1 445 317 316
632 2 2 0 1 445 444 316
633 2 2 0 1 446 318 317
634 2 2 0 1 446 445 317
635 2 2 0 1 447 319 318
636 2 2 0 1 447 446 318
637 2 2 0 1 448 320 319
638 2 2 0 1 448 447 319
639 2 2 0 1 321 448 320
640 2 2 0 1 449 448 321
641 2 2 0 1 322 449 321
642 2 2 0 1 450 449 322
643 2 2 0 1 323 450 322
644 2 2 0 1 451 450 323
645 2 2 0 1 324 451 323
646 2 2 0 1 452 451 324
647 2 2 0 1 325 452 324
648 2 2 0 1 453 452 325
649 2 2 0 1 326 453 325
650 2 2 0 1 454 453 326
651 2 2 0 1 327 454 326
652 2 2 0 1 455 454 327
653 2 2 0 1 328 455 327
654 2 2 0 1 456 455 328
655 2 2 0 1 329 456 328
656 2 2 0 1 457 456 329
657 2 2 0 1 330 457 329
658 2 2 0 1 458 457 330
659 2 2 0 1 331 458 330
660 2 2 0 1 459 458 331
661 2 2 0 1 332 459 331
662 2 2 0 1 460 459 332
663 2 2 0 1 333 460 332
664 2 2 0 1 461 460 333
665 2 2 0 1 334 461 333
666 2 2 0 1 462 461 334
667 2 2 0 1 335 462 334
668 2 2 0 1 463 462 335
669 2 2 0 1 336 463 335
670 2 2 0 1 464 463 336
671 2 2 0 1 337 464 336
672 2 2 0 1 465 464 337
673 2 2 0 1 338 465 337
674 2 2 0 1 466 465 338
675 2 2 0 1 339 466 338
676 2 2 0 1 467 466 339
677 2 2 0 1 340 467 339
678 2 2 0 1 468 467 340
679 2 2 0 1 341 468 340
680 2 2 0 1 469 468 341
681 2 2 0 1 342 469 341
682 2 2 0 1 470 469 342
683 2 2 0 1 343 470 342
684 2 2 0 1 471 470 343
685 2 2 0 1 344 471 343
686 2 2 0 1 472 471 344
687 2 2 0 1 345 472 344
688 2 2 0 1 473 472 345
689 2 2 0 1 346 473 345
690 2 2 0 1 474 473 346
691 2 2 0 1 347 474 346
692 2 2 0 1 475 474 347
693 2 2 0 1 348 475 347
694 2 2 0 1 476 475 348
695 2 2 0 1 349 476 348
696 2 2 0 1 477 476 349
697 2 2 0 1 350 477 349
698 2 2 0 1 478 477 350
699 2 2 0 1 351 478 350
700 2 2 0 1 479 478 351
701 2 2 0 1 352 479 351
702 2 2 0 1 480 479 352
703 2 2 0 1 481 353 352
704 2 2 0 1 481 480 352
705 2 2 0 1 354 481 353
706 2 2 0 1 482 481 354
707 2 2 0 1 355 482 354
708 2 2 0 1 483 482 355
709 2 2 0 1 356 483 355
710 2 2 0 1 484 483 356
711 2 2 0 1 357 484 356
712 2 2 0 1 485 484 357
713 2 2 0 1 358 485 357
714 2 2 0 1 486 485 358
715 2 2 0 1 359 486 358
716 2 2 0 1 487 486 359
717 2 2 0 1 360 487 359
718 2 2 0 1 488 487 360
719 2 2 0 1 489 361 360
720 2 2 0 1 489 488 360
721 2 2 0 1 362 489 361
722 2 2 0 1 490 489 362
723 2 2 0 1 491 363 362
724 2 2 0 1 491 490 362
725 2 2 0 1 492 364 363
726 2 2 0 1 492 491 363
727 2 2 0 1 365 492 364
728 2 2 0 1 493 492 365
729 2 2 0 1 366 493 365
730 2 2 0 1 494 493 366
731 2 2 0 1 495 367 366
732 2 2 0 1 495 494 366
733 2 2 0 1 496 368 367
734 2 2 0 1 496 495 367
735 2 2 0 1 369 496 368
736 2 2 0 1 497 496 369
737 2 2 0 1 498 370 369
738 2 2 0 1 498 497 369
739 2 2 0 1 499 371 370
740 2 2 0 1 499 498 370
741 2 2 0 1 372 499 371
742 2 2 0 1 500 499 372
743 2 2 0 1 373 500 372
744 2 2 0 1 501 500 373
745 2 2 0 1 374 501 373
746 2 2 0 1 502 501 374
747 2 2 0 1 503 375 374
748 2 2 0 1 503 502 374
749 2 2 0 1 376 503 375
750 2 2 0 1 504 503 376
751 2 2 0 1 377 504 376
752 2 2 0 1 505 504 377
753 2 2 0 1 378 505 377
754 2 2 0 1 506 505 378
755 2 2 0 1 507 379 378
756 2 2 0 1 507 506 378
757 2 2 0 1 380 507 379
758 2 2 0 1 508 507 380
759 2 2 0 1 509 381 380
760 2 2 0 1 509 508 380
761 2 2 0 1 382 509 381
762 2 2 0 1 510 509 382
763 2 2 0 1 511 383 382
764 2 2 0 1 511 510 382
765 2 2 0 1 384 511 383
766 2 2 0 1 512 511 384
767 2 2 0 1 257 512 384
768 2 2 0 1 386 512 257
769 2 2 0 1 513 385 386
770 2 2 0 1 513 514 386
771 2 2 0 1 387 513 385
772 2 2 0 1 515 513 387
773 2 2 0 1 388 515 387
774 2 2 0 1 516 515 388
775 2 2 0 1 517 389 388
776 2 2 0 1 517 516 388
777 2 2 0 1 390 517 389
778 2 2 0 1 518 517 390
779 2 2 0 1 519 391 390
780 2 2 0 1 519 518 390
781 2 2 0 1 392 519 391
782 2 2 0 1 520 519 392
783 2 2 0 1 521 393 392
784 2 2 0 1 521 520 392
785 2 2 0 1 394 521 393
786 2 2 0 1 522 521 394
787 2 2 0 1 395 522 394
788 2 2 0 1 523 522 395
789 2 2 0 1 524 396 395
790 2 2 0 1 524 523 395
791 2 2 0 1 525 397 396
792 2 2 0 1 525 524 396
793 2 2 0 1 526 398 397
794 2 2 0 1 526 525 397
795 2 2 0 1 527 399 398
796 2 2 0 1 527 526 398
797 2 2 0 1 528 400 399
798 2 2 0 1 528 527 399
799 2 2 0 1 529 401 400
800 2 2 0 1 529 528 400
801 2 2 0 1 530 402 401
802 2 2 0 1 530 529 401
803 2 2 0 1 531 403 402
804 2 2 0 1 531 530 402
805 2 2 0 1 404 531 403
806 2 2 0 1 532 531 404
807 2 2 0 1 533 405 404
808 2 2 0 1 533 532 404
809 2 2 0 1 534 406 405
810 2 2 0 1 534 533 405
811 2 2 0 1 535 407 406
812 2 2 0 1 535 534 406
813 2 2 0 1 536 408 407
814 2 2 0 1 536 535 407
815 2 2 0 1 537 409 408
816 2 2 0 1 537 536 408
817 2 2 0 1 538 410 409
818 2 2 0 1 538 537 409
819 2 2 0 1 539 411 410
820 2 2 0 1 539 538 410
821 2 2 0 1 540 412 411
822 2 2 0 1 540 539 411
823 2 2 0 1 541 413 412
824 2 2 0 1 541 540 412
825 2 2 0 1 542 414 413
826 2 2 0 1 542 541 413
827 2 2 0 1 543 415 414
828 2 2 0 1 543 542 414
829 2 2 0 1 544 416 415
830 2 2 0 1 544 543 415
831 2 2 0 1 545 417 416
832 2 2 0 1 545 544 416
833 2 2 0 1 546 418 417
834 2 2 0 1 546 545 417
835 2 2 0 1 547 419 418
836 2 2 0 1 547 546 418
837 2 2 0 1 548 420 419
838 2 2 0 1 548 547 419
839 2 2 0 1 549 421 420
840 2 2 0 1 549 548 420
841 2 2 0 1 550 422 421
842 2 2 0 1 550 549 421
843 2 2 0 1 551 423 422
844 2 2 0 1 551 550 422
845 2 2 0 1 552 424 423
846 2 2 0 1 552 551 423
847 2 2 0 1 553 425 424
848 2 2 0 1 553 552 424
849 2 2 0 1 554 426 425
850 2 2 0 1 554 553 425
851 2 2 0 1 555 427 426
852 2 2 0 1 555 554 426
853 2 2 0 1 556 428 427
854 2 2 0 1 556 555 427
855 2 2 0 1 557 429 428
856 2 2 0 1 557 556 428
857 2 2 0 1 558 430 429
858 2 2 0 1 558 557 429
859 2 2 0 1 559 431 430
860 2 2 0 1 559 558 430
861 2 2 0 1 560 432 431
862 2 2 0 1 560 559 431
863 2 2 0 1 561 433 432
864 2 2 0 1 561 560 432
865 2 2 0 1 562 434 433
866 2 2 0 1 562 561 433
867 2 2 0 1 563 435 434
868 2 2 0 1 563 562 434
869 2 2 0 1 564 436 435
870 2 2 0 1 564 563 435
871 2 2 0 1 565 437 436
872 2 2 0 1 565 564 436
873 2 2 0 1 566 438 437
874 2 2 0 1 566 565 437
875 2 2 0 1 567 439 438
876 2 2 0 1 567 566 438
877 2 2 0 1 568 440 439
878 2 2 0 1 568 567 439
879 2 2 0 1 569 441 440
880 2 2 0 1 569 568 440
881 2 2 0 1 570 442 441
882 2 2 0 1 570 569 441
883 2 2 0 1 571 443 442
884 2 2 0 1 571 570 442
885 2 2 0 1 572 444 443
886 2 2 0 1 572 571 443
887 2 2 0 1 573 445 444
888 2 2 0 1 573 572 444
889 2 2 0 1 574 446 445
890 2 2 0 1 574 573 445
891 2 2 0 1 447 574 446
892 2 2 0 1 575 574 447
893 2 2 0 1 576 448 447
894 2 2 0 1 576 575 447
895 2 2 0 1 577 449 448
896 2 2 0 1 577 576 448
897 2 2 0 1 450 577 449
898 2 2 0 1 578 577 450
899 2 2 0 1 451 578 450
900 2 2 0 1 579 578 451
901 2 2 0 1 452 579 451
902 2 2 0 1 580 579 452
903 2 2 0 1 453 580 452
904 2 2 0 1 581 580 453
905 2 2 0 1 454 581 453
906 2 2 0 1 582 581 454
907 2 2 0 1 455 582 454
908 2 2 0 1 583 582 455
909 2 2 0 1 456 583 455
910 2 2 0 1 584 583 456
911 2 2 0 1 457 584 456
912 2 2 0 1 585 584 457
913 2 2 0 1 458 585 457
914 2 2 0 1 586 585 458
915 2 2 0 1 459 586 458
916 2 2 0 1 587 586 459
917 2 2 0 1 460 587 459
918 2 2 0 1 588 587 460
919 2 2 0 1 461 588 460
920 2 2 0 1 589 588 461
921 2 2 0 1 462 589 461
922 2 2 0 1 590 589 462
923 2 2 0 1 463 590 462
924 2 2 0 1 591 590 463
925 2 2 0 1 464 591 463
926 2 2 0 1 592 591 464
927 2 2 0 1 465 592 464
928 2 2 0 1 593 592 465
929 2 2 0 1 466 593 465
930 2 2 0 1 594 593 466
931 2 2 0 1 467 594 466
932 2 2 0 1 595 594 467
933 2 2 0 1 468 595 467
934 2 2 0 1 596 595 468
935 2 2 0 1 469 596 468
936 2 2 0 1 597 596 469
937 2 2 0 1 470 597 469
938 2 2 0 1 598 597 470
939 2 2 0 1 471 598 470
940 2 2 0 1 599 598 471
941 2 2 0 1 472 599 471
942 2 2 0 1 600 599 472
943 2 2 0 1 473 600 472
944 2 2 0 1 601 600 473
945 2 2 0 1 474 601 473
946 2 2 0 1 602 601 474
947 2 2 0 1 475 602 474
948 2 2 0 1 603 602 475
949 2 2 0 1 476 603 475
950 2 2 0 1 604 603 476
951 2 2 0 1 477 604 476
952 2 2 0 1 605 604 477
953 2 2 0 1 478 605 477
954 2 2 0 1 606 605 478
955 2 2 0 1 479 606 478
956 2 2 0 1 607 606 479
957 2 2 0 1 480 607 479
958 2 2 0 1 608 607 480
959 2 2 0 1 481 608 480
960 2 2 0 1 609 608 481
961 2 2 0 1 482 609 481
962 2 2 0 1 610 609 482
963 2 2 0 1 483 610 482
964 2 2 0 1 611 610 483
965 2 2 0 1 484 611 483
966 2 2 0 1 612 611 484
967 2 2 0 1 485 612 484
968 2 2 0 1 613 612 485
969 2 2 0 1 486 613 485
970 2 2 0 1 614 613 486
971 2 2 0 1 487 614 486
972 2 2 0 1 615 614 487
973 2 2 0 1 488 615 487
974 2 2 0 1 616 615 488
975 2 2 0 1 489 616 488
976 2 2 0 1 617 616 489
977 2 2 0 1 490 617 489
978 2 2 0 1 618 617 490
979 2 2 0 1 491 618 490
980 2 2 0 1 619 618 491
981 2 2 0 1 492 619 491
982 2 2 0 1 620 619 492
983 2 2 0 1 493 620 492
984 2 2 0 1 621 620 493
985 2 2 0 1 494 621 493
986 2 2 0 1 622 621 494
987 2 2 0 1 623 495 494
988 2 2 0 1 623 622 494
989 2 2 0 1 496 623 495
990 2 2 0 1 624 623 496
991 2 2 0 1 497 624 496
992 2 2 0 1 625 624 497
993 2 2 0 1 498 625 497
994 2 2 0 1 626 625 498
995 2 2 0 1 499 626 498
996 2 2 0 1 627 626 499
997 2 2 0 1 500 627 499
998 2 2 0 1 628 627 500
999 2 2 0 1 501 628 500
1000 2 2 0 1 629 628 501
1001 2 2 0 1 502 629 501
1002 2 2 0 1 630 629 502
1003 2 2 0 1 503 630 502
1004 2 2 0 1 631 630 503
1005 2 2 0 1 632 504 503
1006 2 2 0 1 632 631 503
1007 2 2 0 1 633 505 504
1008 2 2 0 1 633 632 504
1009 2 2 0 1 506 633 505
1010 2 2 0 1 634 633 506
1011 2 2 0 1 635 507 506
1012 2 2 0 1 635 634 506
1013 2 2 0 1 508 635 507
1014 2 2 0 1 636 635 508
1015 2 2 0 1 637 509 508
1016 2 2 0 1 637 636 508
1017 2 2 0 1 510 637 509
1018 2 2 0 1 638 637 510
1019 2 2 0 1 639 511 510
1020 2 2 0 1 639 638 510
1021 2 2 0 1 640 512 511
1022 2 2 0 1 640 639 511
1023 2 2 0 1 386 640 512
1024 2 2 0 1 514 640 386
1025 2 2 0 1 641 513 514
1026 2 2 0 1 641 642 514
1027 2 2 0 1 643 515 513
1028 2 2 0 1 643 641 513
1029 2 2 0 1 516 643 515
1030 2 2 0 1 644 643 516
1031 2 2 0 1 645 517 516
1032 2 2 0 1 645 644 516
1033 2 2 0 1 518 645 517
1034 2 2 0 1 646 645 518
1035 2 2 0 1 647 519 518
1036 2 2 0 1 647 646 518
1037 2 2 0 1 520 647 519
1038 2 2 0 1 648 647 520
1039 2 2 0 1 649 521 520
1040 2 2 0 1 649 648 520
1041 2 2 0 1 522 649 521
1042 2 2 0 1 650 649 522
1043 2 2 0 1 523 650 522
1044 2 2 0 1 651 650 523
1045 2 2 0 1 652 524 523
1046 2 2 0 1 652 651 523
1047 2 2 0 1 653 525 524
1048 2 2 0 1 653 652 524
1049 2 2 0 1 526 653 525
1050 2 2 0 1 654 653 526
1051 2 2 0 1 655 527 526
1052 2 2 0 1 655 654 526
1053 2 2 0 1 656 528 527
1054 2 2 0 1 656 655 527
1055 2 2 0 1 529 656 528
1056 2 2 0 1 657 656 529
1057 2 2 0 1 530 657 529
1058 2 2 0 1 658 657 530
1059 2 2 0 1 659 531 530
1060 2 2 0 1 659 658 530
1061 2 2 0 1 532 659 531
1062 2 2 0 1 660 659 532
1063 2 2 0 1 661 533 532
1064 2 2 0 1 661 660 532
1065 2 2 0 1 534 661 533
1066 2 2 0 1 662 661 534
1067 2 2 0 1 663 535 534
1068 2 2 0 1 663 662 534
1069 2 2 0 1 664 536 535
1070 2 2 0 1 664 663 535
1071 2 2 0 1 537 664 536
1072 2 2 0 1 665 664 537
1073 2 2 0 1 666 538 537
1074 2 2 0 1 666 665 537
1075 2 2 0 1 539 666 538
1076 2 2 0 1 667 666 539
1077 2 2 0 1 668 540 539
1078 2 2 0 1 668 667 539
1079 2 2 0 1 541 668 540
1080 2 2 0 1 669 668 541
1081 2 2 0 1 542 669 541
1082 2 2 0 1 670 669 542
1083 2 2 0 1 671 543 542
1084 2 2 0 1 671 670 542
1085 2 2 0 1 672 544 543
1086 2 2 0 1 672 671 543
1087 2 2 0 1 673 545 544
1088 2 2 0 1 673 672 544
1089 2 2 0 1 546 673 545
1090 2 2 0 1 674 673 546
1091 2 2 0 1 547 674 546
1092 2 2 0 1 675 674 547
1093 2 2 0 1 548 675 547
1094 2 2 0 1 676 675 548
1095 2 2 0 1 677 549 548
1096 2 2 0 1 677 676 548
1097 2 2 0 1 550 677 549
1098 2 2 0 1 678 677 550
1099 2 2 0 1 551 678 550
1100 2 2 0 1 679 678 551
1101 2 2 0 1 552 679 551
1102 2 2 0 1 680 679 552
1103 2 2 0 1 681 553 552
1104 2 2 0 1 681 680 552
1105 2 2 0 1 682 554 553
1106 2 2 0 1 682 681 553
1107 2 2 0 1 555 682 554
1108 2 2 0 1 683 682 555
1109 2 2 0 1 556 683 555
1110 2 2 0 1 684 683 556
1111 2 2 0 1 557 684 556
1112 2 2 0 1 685 684 557
1113 2 2 0 1 558 685 557
1114 2 2 0 1 686 685 558
1115 2 2 0 1 559 686 558
1116 2 2 0 1 687 686 559
1117 2 2 0 1 560 687 559
1118 2 2 0 1 688 687 560
1119 2 2 0 1 561 688 560
1120 2 2 0 1 689 688 561
1121 2 2 0 1 562 689 561
1122 2 2 0 1 690 689 562
1123 2 2 0 1 563 690 562
1124 2 2 0 1 691 690 563
1125 2 2 0 1 564 691 563
1126 2 2 0 1 692 691 564
1127 2 2 0 1 565 692 564
1128 2 2 0 1 693 692 565
1129 2 2 0 1 566 693 565
1130 2 2 0 1 694 693 566
1131 2 2 0 1 567 694 566
1132 2 2 0 1 695 694 567
1133 2 2 0 1 568 695 567
1134 2 2 0 1 696 695 568
1135 2 2 0 1 569 696 568
1136 2 2 0 1 697 696 569
1137 2 2 0 1 570 697 569
1138 2 2 0 1 698 697 570
1139 2 2 0 1 699 571 570
1140 2 2 0 1 699 698 570
1141 2 2 0 1 572 699 571
1142 2 2 0 1 700 699 572
1143 2 2 0 1 573 700 572
1144 2 2 0 1 701 700 573
1145 2 2 0 1 574 701 573
1146 2 2 0 1 702 701 574
1147 2 2 0 1 703 575 574
1148 2 2 0 1 703 702 574
1149 2 2 0 1 576 703 575
1150 2 2 0 1 704 703 576
1151 2 2 0 1 577 704 576
1152 2 2 0 1 705 704 577
1153 2 2 0 1 706 578 577
1154 2 2 0 1 706 705 577
1155 2 2 0 1 579 706 578
1156 2 2 0 1 707 706 579
1157 2 2 0 1 580 707 579
1158 2 2 0 1 708 707 580
1159 2 2 0 1 709 581 580
1160 2 2 0 1 709 708 580
1161 2 2 0 1 710 582 581
1162 2 2 0 1 710 709 581
1163 2 2 0 1 711 583 582
1164 2 2 0 1 711 710 582
1165 2 2 0 1 584 711 583
1166 2 2 0 1 712 711 584
1167 2 2 0 1 713 585 584
1168 2 2 0 1 713 712 584
1169 2 2 0 1 714 586 585
1170 2 2 0 1 714 713 585
1171 2 2 0 1 715 587 586
1172 2 2 0 1 715 714 586
1173 2 2 0 1 716 588 587
1174 2 2 0 1 716 715 587
1175 2 2 0 1 717 589 588
1176 2 2 0 1 717 716 588
1177 2 2 0 1 718 590 589
1178 2 2 0 1 718 717 589
1179 2 2 0 1 719 591 590
1180 2 2 0 1 719 718 590
1181 2 2 0 1 720 592 591
1182 2 2 0 1 720 719 591
1183 2 2 0 1 721 593 592
1184 2 2 0 1 721 720 592
1185 2 2 0 1 722 594 593
1186 2 2 0 1 722 721 593
1187 2 2 0 1 723 595 594
1188 2 2 0 1 723 722 594
1189 2 2 0 1 724 596 595
1190 2 2 0 1 724 723 595
1191 2 2 0 1 725 597 596
1192 2 2 0 1 725 724 596
1193 2 2 0 1 726 598 597
1194 2 2 0 1 726 725 597
1195 2 2 0 1 727 599 598
1196 2 2 0 1 727 726 598
1197 2 2 0 1 728 600 599
1198 2 2 0 1 728 727 599
1199 2 2 0 1 601 728 600
1200 2 2 0 1 729 728 601
1201 2 2 0 1 602 729 601
1202 2 2 0 1 730 729 602
1203 2 2 0 1 731 603 602
1204 2 2 0 1 731 730 602
1205 2 2 0 1 604 731 603
1206 2 2 0 1 732 731 604
1207 2 2 0 1 733 605 604
1208 2 2 0 1 733 732 604
1209 2 2 0 1 734 606 605
1210 2 2 0 1 734 733 605
1211 2 2 0 1 735 607 606
1212 2 2 0 1 735 734 606
1213 2 2 0 1 608 735 607
1214 2 2 0 1 736 735 608
1215 2 2 0 1 737 609 608
1216 2 2 0 1 737 736 608
1217 2 2 0 1 610 737 609
1218 2 2 0 1 738 737 610
1219 2 2 0 1 611 738 610
1220 2 2 0 1 739 738 611
1221 2 2 0 1 612 739 611
1222 2 2 0 1 740 739 612
1223 2 2 0 1 741 613 612
1224 2 2 0 1 741 740 612
1225 2 2 0 1 742 614 613
1226 2 2 0 1 742 741 613
1227 2 2 0 1 615 742 614
1228 2 2 0 1 743 742 615
1229 2 2 0 1 616 743 615
1230 2 2 0 1 744 743 616
1231 2 2 0 1 617 744 616
1232 2 2 0 1 745 744 617
1233 2 2 0 1 746 618 617
1234 2 2 0 1 746 745 617
1235 2 2 0 1 619 746 618
1236 2 2 0 1 747 746 619
1237 2 2 0 1 620 747 619
1238 2 2 0 1 748 747 620
1239 2 2 0 1 621 748 620
1240 2 2 0 1 749 748 621
1241 2 2 0 1 622 749 621
1242 2 2 0 1 750 749 622
1243 2 2 0 1 751 623 622
1244 2 2 0 1 751 750 622
1245 2 2 0 1 624 751 623
1246 2 2 0 1 752 751 624
1247 2 2 0 1 753 625 624
1248 2 2 0 1 753 752 624
1249 2 2 0 1 754 626 625
1250 2 2 0 1 754 753 625
1251 2 2 0 1 627 754 626
1252 2 2 0 1 755 754 627
1253 2 2 0 1 628 755 627
1254 2 2 0 1 756 755 628
1255 2 2 0 1 757 629 628
1256 2 2 0 1 757 756 628
1257 2 2 0 1 630 757 629
1258 2 2 0 1 758 757 630
1259 2 2 0 1 631 758 630
1260 2 2 0 1 759 758 631
1261 2 2 0 1 760 632 631
1262 2 2 0 1 760 759 631
1263 2 2 0 1 761 633 632
1264 2 2 0 1 761 760 632
1265 2 2 0 1 634 761 633
1266 2 2 0 1 762 761 634
1267 2 2 0 1 763 635 634
1268 2 2 0 1 763 762 634
1269 2 2 0 1 636 763 635
1270 2 2 0 1 764 763 636
1271 2 2 0 1 765 637 636
1272 2 2 0 1 765 764 636
1273 2 2 0 1 638 765 637
1274 2 2 0 1 766 765 638
1275 2 2 0 1 767 639 638
1276 2 2 0 1 767 766 638
1277 2 2 0 1 640 767 639
1278 2 2 0 1 768 767 640
1279 2 2 0 1 514 768 640
1280 2 2 0 1 642 768 514
1281 2 2 0 1 769 641 642
1282 2 2 0 1 769 770 642
1283 2 2 0 1 771 643 641
1284 2 2 0 1 771 769 641
1285 2 2 0 1 772 644 643
1286 2 2 0 1 772 771 643
1287 2 2 0 1 645 772 644
1288 2 2 0 1 773 772 645
1289 2 2 0 1 646 773 645
1290 2 2 0 1 774 773 646
1291 2 2 0 1 775 647 646
1292 2 2 0 1 775 774 646
1293 2 2 0 1 776 648 647
1294 2 2 0 1 776 775 647
1295 2 2 0 1 777 649 648
1296 2 2 0 1 777 776 648
1297 2 2 0 1 650 777 649
1298 2 2 0 1 778 777 650
1299 2 2 0 1 651 778 650
1300 2 2 0 1 779 778 651
1301 2 2 0 1 780 652 651
1302 2 2 0 1 780 779 651
1303 2 2 0 1 781 653 652
1304 2 2 0 1 781 780 652
1305 2 2 0 1 654 781 653
1306 2 2 0 1 782 781 654
1307 2 2 0 1 655 782 654
1308 2 2 0 1 783 782 655
1309 2 2 0 1 656 783 655
1310 2 2 0 1 784 783 656
1311 2 2 0 1 657 784 656
1312 2 2 0 1 785 784 657
1313 2 2 0 1 786 658 657
1314 2 2 0 1 786 785 657
1315 2 2 0 1 787 659 658
1316 2 2 0 1 787 786 658
1317 2 2 0 1 660 787 659
1318 2 2 0 1 788 787 660
1319 2 2 0 1 661 788 660
1320 2 2 0 1 789 788 661
1321 2 2 0 1 662 789 661
1322 2 2 0 1 790 789 662
1323 2 2 0 1 663 790 662
1324 2 2 0 1 791 790 663
1325 2 2 0 1 792 664 663
1326 2 2 0 1 792 791 663
1327 2 2 0 1 665 792 664
1328 2 2 0 1 793 792 665
1329 2 2 0 1 666 793 665
1330 2 2 0 1 794 793 666
1331 2 2 0 1 667 794 666
1332 2 2 0 1 795 794 667
1333 2 2 0 1 796 668 667
1334 2 2 0 1 796 795 667
1335 2 2 0 1 669 796 668
1336 2 2 0 1 797 796 669
1337 2 2 0 1 670 797 669
1338 2 2 0 1 798 797 670
1339 2 2 0 1 671 798 670
1340 2 2 0 1 799 798 671
1341 2 2 0 1 672 799 671
1342 2 2 0 1 800 799 672
1343 2 2 0 1 673 800 672
1344 2 2 0 1 801 800 673
1345 2 2 0 1 674 801 673
1346 2 2 0 1 802 801 674
1347 2 2 0 1 803 675 674
1348 2 2 0 1 803 802 674
1349 2 2 0 1 676 803 675
1350 2 2 0 1 804 803 676
1351 2 2 0 1 805 677 676
1352 2 2 0 1 805 804 676
1353 2 2 0 1 678 805 677
1354 2 2 0 1 806 805 678
1355 2 2 0 1 679 806 678
1356 2 2 0 1 807 806 679
1357 2 2 0 1 680 807 679
1358 2 2 0 1 808 807 680
1359 2 2 0 1 681 808 680
1360 2 2 0 1 809 808 681
1361 2 2 0 1 682 809 681
1362 2 2 0 1 810 809 682
1363 2 2 0 1 683 810 682
1364 2 2 0 1 811 810 683
1365 2 2 0 1 684 811 683
1366 2 2 0 1 812 811 684
1367 2 2 0 1 685 812 684
1368 2 2 0 1 813 812 685
1369 2 2 0 1 686 813 685
1370 2 2 0 1 814 813 686
1371 2 2 0 1 687 814 686
1372 2 2 0 1 815 814 687
1373 2 2 0 1 688 815 687
1374 2 2 0 1 816 815 688
1375 2 2 0 1 689 816 688
1376 2 2 0 1 817 816 689
1377 2 2 0 1 690 817 689
1378 2 2 0 1 818 817 690
1379 2 2 0 1 691 818 690
1380 2 2 0 1 819 818 691
1381 2 2 0 1 692 819 691
1382 2 2 0 1 820 819 692
1383 2 2 0 1 693 820 692
1384 2 2 0 1 821 820 693
1385 2 2 0 1 694 821 693
1386 2 2 0 1 822 821 694
1387 2 2 0 1 695 822 694
1388 2 2 0 1 823 822 695
1389 2 2 0 1 696 823 695
1390 2 2 0 1 824 823 696
1391 2 2 0 1 697 824 696
1392 2 2 0 1 825 824 697
1393 2 2 0 1 698 825 697
1394 2 2 0 1 826 825 698
1395 2 2 0 1 699 826 698
1396 2 2 0 1 827 826 699
1397 2 2 0 1 700 827 699
1398 2 2 0 1 828 827 700
1399 2 2 0 1 701 828 700
1400 2 2 0 1 829 828 701
1401 2 2 0 1 702 829 701
1402 2 2 0 1 830 829 702
1403 2 2 0 1 703 830 702
1404 2 2 0 1 831 830 703
1405 2 2 0 1 704 831 703
1406 2 2 0 1 832 831 704
1407 2 2 0 1 705 832 704
1408 2 2 0 1 833 832 705
1409 2 2 0 1 706 833 705
1410 2 2 0 1 834 833 706
1411 2 2 0 1 707 834 706
1412 2 2 0 1 835 834 707
1413 2 2 0 1 836 708 707
1414 2 2 0 1 836 835 707
1415 2 2 0 1 837 709 708
1416 2 2 0 1 837 836 708
1417 2 2 0 1 838 710 709
1418 2 2 0 1 838 837 709
1419 2 2 0 1 839 711 710
1420 2 2 0 1 839 838 710
1421 2 2 0 1 840 712 711
1422 2 2 0 1 840 839 711
1423 2 2 0 1 841 713 712
1424 2 2 0 1 841 840 712
1425 2 2 0 1 842 714 713
1426 2 2 0 1 842 841 713
1427 2 2 0 1 843 715 714
1428 2 2 0 1 843 842 714
1429 2 2 0 1 844 716 715
1430 2 2 0 1 844 843 715
1431 2 2 0 1 845 717 716
1432 2 2 0 1 845 844 716
1433 2 2 0 1 846 718 717
1434 2 2 0 1 846 845 717
1435 2 2 0 1 847 719 718
1436 2 2 0 1 847 846 718
1437 2 2 0 1 848 720 719
1438 2 2 0 1 848 847 719
1439 2 2 0 1 849 721 720
1440 2 2 0 1 849 848 720
1441 2 2 0 1 850 722 721
1442 2 2 0 1 850 849 721
1443 2 2 0 1 851 723 722
1444 2 2 0 1 851 850 722
1445 2 2 0 1 852 724 723
1446 2 2 0 1 852 851 723
1447 2 2 0 1 853 725 724
1448 2 2 0 1 853 852 724
1449 2 2 0 1 854 726 725
1450 2 2 0 1 854 853 725
1451 2 2 0 1 855 727 726
1452 2 2 0 1 855 854 726
1453 2 2 0 1 856 728 727
1454 2 2 0 1 856 855 727
1455 2 2 0 1 857 729 728
1456 2 2 0 1 857 856 728
1457 2 2 0 1 858 730 729
1458 2 2 0 1 858 857 729
1459 2 2 0 1 859 731 730
1460 2 2 0 1 859 858 730
1461 2 2 0 1 860 732 731
1462 2 2 0 1 860 859 731
1463 2 2 0 1 861 733 732
1464 2 2 0 1 861 860 732
1465 2 2 0 1 862 734 733
1466 2 2 0 1 862 861 733
1467 2 2 0 1 863 735 734
1468 2 2 0 1 863 862 734
1469 2 2 0 1 736 863 735
1470 2 2 0 1 864 863 736
1471 2 2 0 1 865 737 736
1472 2 2 0 1 865 864 736
1473 2 2 0 1 866 738 737
1474 2 2 0 1 866 865 737
1475 2 2 0 1 867 739 738
1476 2 2 0 1 867 866 738
1477 2 2 0 1 868 740 739
1478 2 2 0 1 868 867 739
1479 2 2 0 1 869 741 740
1480 2 2 0 1 869 868 740
1481 2 2 0 1 870 742 741
1482 2 2 0 1 870 869 741
1483 2 2 0 1 743 870 742
1484 2 2 0 1 871 870 743
1485 2 2 0 1 872 744 743
1486 2 2 0 1 872 871 743
1487 2 2 0 1 873 745 744
1488 2 2 0 1 873 872 744
1489 2 2 0 1 874 746 745
1490 2 2 0 1 874 873 745
1491 2 2 0 1 747 874 746
1492 2 2 0 1 875 874 747
1493 2 2 0 1 876 748 747
1494 2 2 0 1 876 875 747
1495 2 2 0 1 877 749 748
1496 2 2 0 1 877 876 748
1497 2 2 0 1 878 750 749
1498 2 2 0 1 878 877 749
1499 2 2 0 1 879 751 750
1500 2 2 0 1 879 878 750
1501 2 2 0 1 752 879 751
1502 2 2 0 1 880 879 752
1503 2 2 0 1 753 880 752
1504 2 2 0 1 881 880 753
1505 2 2 0 1 882 754 753
1506 2 2 0 1 882 881 753
1507 2 2 0 1 883 755 754
1508 2 2 0 1 883 882 754
1509 2 2 0 1 884 756 755
1510 2 2 0 1 884 883 755
1511 2 2 0 1 885 757 756
1512 2 2 0 1 885 884 756
1513 2 2 0 1 758 885 757
1514 2 2 0 1 886 885 758
1515 2 2 0 1 887 759 758
1516 2 2 0 1 887 886 758
1517 2 2 0 1 760 887 759
1518 2 2 0 1 888 887 760
1519 2 2 0 1 889 761 760
1520 2 2 0 1 889 888 760
1521 2 2 0 1 762 889 761
1522 2 2 0 1 890 889 762
1523 2 2 0 1 763 890 762
1524 2 2 0 1 891 890 763
1525 2 2 0 1 764 891 763
1526 2 2 0 1 892 891 764
1527 2 2 0 1 893 765 764
1528 2 2 0 1 893 892 764
1529 2 2 0 1 894 766 765
1530 2 2 0 1 894 893 765
1531 2 2 0 1 767 894 766
1532 2 2 0 1 895 894 767
1533 2 2 0 1 768 895 767
1534 2 2 0 1 896 895 768
1535 2 2 0 1 642 896 768
1536 2 2 0 1 770 896 642
1537 2 2 0 1 897 769 770
1538 2 2 0 1 897 898 770
1539 2 2 0 1 771 897 769
1540 2 2 0 1 899 897 771
1541 2 2 0 1 900 772 771
1542 2 2 0 1 900 899 771
1543 2 2 0 1 773 900 772
1544 2 2 0 1 901 900 773
1545 2 2 0 1 774 901 773
1546 2 2 0 1 902 901 774
1547 2 2 0 1 775 902 774
1548 2 2 0 1 903 902 775
1549 2 2 0 1 904 776 775
1550 2 2 0 1 904 903 775
1551 2 2 0 1 777 904 776
1552 2 2 0 1 905 904 777
1553 2 2 0 1 778 905 777
1554 2 2 0 1 906 905 778
1555 2 2 0 1 779 906 778
1556 2 2 0 1 907 906 779
1557 2 2 0 1 780 907 779
1558 2 2 0 1 908 907 780
1559 2 2 0 1 781 908 780
1560 2 2 0 1 909 908 781
1561 2 2 0 1 910 782 781
1562 2 2 0 1 910 909 781
1563 2 2 0 1 783 910 782
1564 2 2 0 1 911 910 783
1565 2 2 0 1 784 911 783
1566 2 2 0 1 912 911 784
1567 2 2 0 1 785 912 784
1568 2 2 0 1 913 912 785
1569 2 2 0 1 786 913 785
1570 2 2 0 1 914 913 786
1571 2 2 0 1 787 914 786
1572 2 2 0 1 915 914 787
1573 2 2 0 1 788 915 787
1574 2 2 0 1 916 915 788
1575 2 2 0 1 789 916 788
1576 2 2 0 1 917 916 789
1577 2 2 0 1 790 917 789
1578 2 2 0 1 918 917 790
1579 2 2 0 1 791 918 790
1580 2 2 0 1 919 918 791
1581 2 2 0 1 920 792 791
1582 2 2 0 1 920 919 791
1583 2 2 0 1 793 920 792
1584 2 2 0 1 921 920 793
1585 2 2 0 1 922 794 793
1586 2 2 0 1 922 921 793
1587 2 2 0 1 795 922 794
1588 2 2 0 1 923 922 795
1589 2 2 0 1 796 923 795
1590 2 2 0 1 924 923 796
1591 2 2 0 1 797 924 796
1592 2 2 0 1 925 924 797
1593 2 2 0 1 798 925 797
1594 2 2 0 1 926 925 798
1595 2 2 0 1 799 926 798
1596 2 2 0 1 927 926 799
1597 2 2 0 1 800 927 799
1598 2 2 0 1 928 927 800
1599 2 2 0 1 801 928 800
1600 2 2 0 1 929 928 801
1601 2 2 0 1 802 929 801
1602 2 2 0 1 930 929 802
1603 2 2 0 1 803 930 802
1604 2 2 0 1 931 930 803
1605 2 2 0 1 804 931 803
1606 2 2 0 1 932 931 804
1607 2 2 0 1 805 932 804
1608 2 2 0 1 933 932 805
1609 2 2 0 1 806 933 805
1610 2 2 0 1 934 933 806
1611 2 2 0 1 807 934 806
1612 2 2 0 1 935 934 807
1613 2 2 0 1 808 935 807
1614 2 2 0 1 936 935 808
1615 2 2 0 1 809 936 808
1616 2 2 0 1 937 936 809
1617 2 2 0 1 810 937 809
1618 2 2 0 1 938 937 810
1619 2 2 0 1 811 938 810
1620 2 2 0 1 939 938 811
1621 2 2 0 1 812 939 811
1622 2 2 0 1 940 939 812
1623 2 2 0 1 813 940 812
1624 2 2 0 1 941 940 813
1625 2 2 0 1 814 941 813
1626 2 2 0 1 942 941 814
1627 2 2 0 1 815 942 814
1628 2 2 0 1 943 942 815
1629 2 2 0 1 816 943 815
1630 2 2 0 1 944 943 816
1631 2 2 0 1 817 944 816
1632 2 2 0 1 945 944 817
1633 2 2 0 1 818 945 817
1634 2 2 0 1 946 945 818
1635 2 2 0 1 819 946 818
1636 2 2 0 1 947 946 819
1637 2 2 0 1 820 947 819
1638 2 2 0 1 948 947 820
1639 2 2 0 1 821 948 820
1640 2 2 0 1 949 948 821
1641 2 2 0 1 822 949 821
1642 2 2 0 1 950 949 822
1643 2 2 0 1 823 950 822
1644 2 2 0 1 951 950 823
1645 2 2 0 1 824 951 823
1646 2 2 0 1 952 951 824
1647 2 2 0 1 953 825 824
1648 2 2 0 1 953 952 824
1649 2 2 0 1 954 826 825
1650 2 2 0 1 954 953 825
1651 2 2 0 1 955 827 826
1652 2 2 0 1 955 954 826
1653 2 2 0 1 956 828 827
1654 2 2 0 1 956 955 827
1655 2 2 0 1 829 956 828
1656 2 2 0 1 957 956 829
1657 2 2 0 1 830 957 829
1658 2 2 0 1 958 957 830
1659 2 2 0 1 831 958 830
1660 2 2 0 1 959 958 831
1661 2 2 0 1 832 959 831
1662 2 2 0 1 960 959 832
1663 2 2 0 1 833 960 832
1664 2 2 0 1 961 960 833
1665 2 2 0 1 834 961 833
1666 2 2 0 1 962 961 834
1667 2 2 0 1 835 962 834
1668 2 2 0 1 963 962 835
1669 2 2 0 1 836 963 835
1670 2 2 0 1 964 963 836
1671 2 2 0 1 965 837 836
1672 2 2 0 1 965 964 836
1673 2 2 0 1 838 965 837
1674 2 2 0 1 966 965 838
1675 2 2 0 1 839 966 838
1676 2 2 0 1 967 966 839
1677 2 2 0 1 840 967 839
1678 2 2 0 1 968 967 840
1679 2 2 0 1 841 968 840
1680 2 2 0 1 969 968 841
1681 2 2 0 1 842 969 841
1682 2 2 0 1 970 969 842
1683 2 2 0 1 971 843 842
1684 2 2 0 1 971 970 842
1685 2 2 0 1 972 844 843
1686 2 2 0 1 972 971 843
1687 2 2 0 1 973 845 844
1688 2 2 0 1 973 972 844
1689 2 2 0 1 974 846 845
1690 2 2 0 1 974 973 845
1691 2 2 0 1 975 847 846
1692 2 2 0 1 975 974 846
1693 2 2 0 1 976 848 847
1694 2 2 0 1 976 975 847
1695 2 2 0 1 977 849 848
1696 2 2 0 1 977 976 848
1697 2 2 0 1 978 850 849
1698 2 2 0 1 978 977 849
1699 2 2 0 1 979 851 850
1700 2 2 0 1 979 978 850
1701 2 2 0 1 980 852 851
1702 2 2 0 1 980 979 851
1703 2 2 0 1 981 853 852
1704 2 2 0 1 981 980 852
1705 2 2 0 1 982 854 853
1706 2 2 0 1 982 981 853
1707 2 2 0 1 983 855 854
1708 2 2 0 1 983 982 854
1709 2 2 0 1 984 856 855
1710 2 2 0 1 984 983 855
1711 2 2 0 1 985 857 856
1712 2 2 0 1 985 984 856
1713 2 2 0 1 986 858 857
1714 2 2 0 1 986 985 857
1715 2 2 0 1 987 859 858
1716 2 2 0 1 987 986 858
1717 2 2 0 1 988 860 859
1718 2 2 0 1 988 987 859
1719 2 2 0 1 989 861 860
1720 2 2 0 1 989 988 860
1721 2 2 0 1 990 862 861
1722 2 2 0 1 990 989 861
1723 2 2 0 1 991 863 862
1724 2 2 0 1 991 990 862
1725 2 2 0 1 992 864 863
1726 2 2 0 1 992 991 863
1727 2 2 0 1 993 865 864
1728 2 2 0 1 993 992 864
1729 2 2 0 1 994 866 865
1730 2 2 0 1 994 993 865
1731 2 2 0 1 995 867 866
1732 2 2 0 1 995 994 866
1733 2 2 0 1 996 868 867
1734 2 2 0 1 996 995 867
1735 2 2 0 1 997 869 868
1736 2 2 0 1 997 996 868
1737 2 2 0 1 998 870 869
1738 2 2 0 1 998 997 869
1739 2 2 0 1 999 871 870
1740 2 2 0 1 999 998 870
1741 2 2 0 1 1000 872 871
1742 2 2 0 1 1000 999 871
1743 2 2 0 1 873 1000 872
1744 2 2 0 1 1001 1000 873
1745 2 2 0 1 1002 874 873
1746 2 2 0 1 1002 1001 873
1747 2 2 0 1 875 1002 874
1748 2 2 0 1 1003 1002 875
1749 2 2 0 1 1004 876 875
1750 2 2 0 1 1004 1003 875
1751 2 2 0 1 1005 877 876
1752 2 2 0 1 1005 1004 876
1753 2 2 0 1 1006 878 877
1754 2 2 0 1 1006 1005 877
1755 2 2 0 1 1007 879 878
1756 2 2 0 1 1007 1006 878
1757 2 2 0 1 1008 880 879
1758 2 2 0 1 1008 1007 879
1759 2 2 0 1 1009 881 880
1760 2 2 0 1 1009 1008 880
1761 2 2 0 1 1010 882 881
1762 2 2 0 1 1010 1009 881
1763 2 2 0 1 1011 883 882
1764 2 2 0 1 1011 1010 882
1765 2 2 0 1 1012 884 883
1766 2 2 0 1 1012 1011 883
1767 2 2 0 1 885 1012 884
1768 2 2 0 1 1013 1012 885
1769 2 2 0 1 1014 886 885
1770 2 2 0 1 1014 1013 885
1771 2 2 0 1 1015 887 886
1772 2 2 0 1 1015 1014 886
1773 2 2 0 1 888 1015 887
1774 2 2 0 1 1016 1015 888
1775 2 2 0 1 1017 889 888
1776 2 2 0 1 1017 1016 888
1777 2 2 0 1 1018 890 889
1778 2 2 0 1 1018 1017 889
1779 2 2 0 1 891 1018 890
1780 2 2 0 1 1019 1018 891
1781 2 2 0 1 1020 892 891
1782 2 2 0 1 1020 1019 891
1783 2 2 0 1 1021 893 892
1784 2 2 0 1 1021 1020 892
1785 2 2 0 1 1022 894 893
1786 2 2 0 1 1022 1021 893
1787 2 2 0 1 895 1022 894
1788 2 2 0 1 1023 1022 895
1789 2 2 0 1 1024 896 895
1790 2 2 0 1 1024 1023 895
1791 2 2 0 1 770 1024 896
1792 2 2 0 1 898 1024 770
1793 2 2 0 1 1025 897 898
1794 2 2 0 1 1025 1026 898
1795 2 2 0 1 1027 899 897
1796 2 2 0 1 1027 1025 897
1797 2 2 0 1 1028 900 899
1798 2 2 0 1 1028 1027 899
1799 2 2 0 1 1029 901 900
1800 2 2 0 1 1029 1028 900
1801 2 2 0 1 1030 902 901
1802 2 2 0 1 1030 1029 901
1803 2 2 0 1 1031 903 902
1804 2 2 0 1 1031 1030 902
1805 2 2 0 1 1032 904 903
1806 2 2 0 1 1032 1031 903
1807 2 2 0 1 1033 905 904
1808 2 2 0 1 1033 1032 904
1809 2 2 0 1 1034 906 905
1810 2 2 0 1 1034 1033 905
1811 2 2 0 1 1035 907 906
1812 2 2 0 1 1035 1034 906
1813 2 2 0 1 1036 908 907
1814 2 2 0 1 1036 1035 907
1815 2 2 0 1 1037 909 908
1816 2 2 0 1 1037 1036 908
1817 2 2 0 1 1038 910 909
1818 2 2 0 1 1038 1037 909
1819 2 2 0 1 1039 911 910
1820 2 2 0 1 1039 1038 910
1821 2 2 0 1 1040 912 911
1822 2 2 0 1 1040 1039 911
1823 2 2 0 1 913 1040 912
1824 2 2 0 1 1041 1040 913
1825 2 2 0 1 914 1041 913
1826 2 2 0 1 1042 1041 914
1827 2 2 0 1 915 1042 914
1828 2 2 0 1 1043 1042 915
1829 2 2 0 1 916 1043 915
1830 2 2 0 1 1044 1043 916
1831 2 2 0 1 917 1044 916
1832 2 2 0 1 1045 1044 917
1833 2 2 0 1 918 1045 917
1834 2 2 0 1 1046 1045 918
1835 2 2 0 1 919 1046 918
1836 2 2 0 1 1047 1046 919
1837 2 2 0 1 920 1047 919
1838 2 2 0 1 1048 1047 920
1839 2 2 0 1 921 1048 920
1840 2 2 0 1 1049 1048 921
1841 2 2 0 1 922 1049 921
1842 2 2 0 1 1050 1049 922
1843 2 2 0 1 923 1050 922
1844 2 2 0 1 1051 1050 923
1845 2 2 0 1 924 1051 923
1846 2 2 0 1 1052 1051 924
1847 2 2 0 1 925 1052 924
1848 2 2 0 1 1053 1052 925
1849 2 2 0 1 926 1053 925
1850 2 2 0 1 1054 1053 926
1851 2 2 0 1 927 1054 926
1852 2 2 0 1 1055 1054 927
1853 2 2 0 1 928 1055 927
1854 2 2 0 1 1056 1055 928
1855 2 2 0 1 929 1056 928
1856 2 2 0 1 1057 1056 929
1857 2 2 0 1 930 1057 929
1858 2 2 0 1 1058 1057 930
1859 2 2 0 1 931 1058 930
1860 2 2 0 1 1059 1058 931
1861 2 2 0 1 932 1059 931
1862 2 2 0 1 1060 1059 932
1863 2 2 0 1 933 1060 932
1864 2 2 0 1 1061 1060 933
1865 2 2 0 1 934 1061 933
1866 2 2 0 1 1062 1061 934
1867 2 2 0 1 935 1062 934
1868 2 2 0 1 1063 1062 935
1869 2 2 0 1 936 1063 935
1870 2 2 0 1 1064 1063 936
1871 2 2 0 1 937 1064 936
1872 2 2 0 1 1065 1064 937
1873 2 2 0 1 938 1065 937
1874 2 2 0 1 1066 1065 938
1875 2 2 0 1 939 1066 938
1876 2 2 0 1 1067 1066 939
1877 2 2 0 1 940 1067 939
1878 2 2 0 1 1068 1067 940
1879 2 2 0 1 941 1068 940
1880 2 2 0 1 1069 1068 941
1881 2 2 0 1 942 1069 941
1882 2 2 0 1 1070 1069 942
1883 2 2 0 1 943 1070 942
1884 2 2 0 1 1071 1070 943
1885 2 2 0 1 944 1071 943
1886 2 2 0 1 1072 1071 944
1887 2 2 0 1 945 1072 944
1888 2 2 0 1 1073 1072 945
1889 2 2 0 1 946 1073 945
1890 2 2 0 1 1074 1073 946
1891 2 2 0 1 947 1074 946
1892 2 2 0 1 1075 1074 947
1893 2 2 0 1 948 1075 947
1894 2 2 0 1 1076 1075 948
1895 2 2 0 1 949 1076 948
1896 2 2 0 1 1077 1076 949
1897 2 2 0 1 950 1077 949
1898 2 2 0 1 1078 1077 950
1899 2 2 0 1 951 1078 950
1900 2 2 0 1 1079 1078 951
1901 2 2 0 1 952 1079 951
1902 2 2 0 1 1080 1079 952
1903 2 2 0 1 953 1080 952
1904 2 2 0 1 1081 1080 953
1905 2 2 0 1 954 1081 953
1906 2 2 0 1 1082 1081 954
1907 2 2 0 1 955 1082 954
1908 2 2 0 1 1083 1082 955
1909 2 2 0 1 956 1083 955
1910 2 2 0 1 1084 1083 956
1911 2 2 0 1 957 1084 956
1912 2 2 0 1 1085 1084 957
1913 2 2 0 1 958 1085 957
1914 2 2 0 1 1086 1085 958
1915 2 2 0 1 959 1086 958
1916 2 2 0 1 1087 1086 959
1917 2 2 0 1 960 1087 959
1918 2 2 0 1 1088 1087 960
1919 2 2 0 1 961 1088 960
1920 2 2 0 1 1089 1088 961
1921 2 2 0 1 1090 962 961
1922 2 2 0 1 1090 1089 961
1923 2 2 0 1 1091 963 962
1924 2 2 0 1 1091 1090 962
1925 2 2 0 1 1092 964 963
1926 2 2 0 1 1092 1091 963
1927 2 2 0 1 1093 965 964
1928 2 2 0 1 1093 1092 964
1929 2 2 0 1 1094 966 965
1930 2 2 0 1 1094 1093 965
1931 2 2 0 1 1095 967 966
1932 2 2 0 1 1095 1094 966
1933 2 2 0 1 1096 968 967
1934 2 2 0 1 1096 1095 967
1935 2 2 0 1 1097 969 968
1936 2 2 0 1 1097 1096 968
1937 2 2 0 1 1098 970 969
1938 2 2 0 1 1098 1097 969
1939 2 2 0 1 1099 971 970
1940 2 2 0 1 1099 1098 970
1941 2 2 0 1 1100 972 971
1942 2 2 0 1 1100 1099 971
1943 2 2 0 1 1101 973 972
1944 2 2 0 1 1101 1100 972
1945 2 2 0 1 1102 974 973
1946 2 2 0 1 1102 1101 973
1947 2 2 0 1 1103 975 974
1948 2 2 0 1 1103 1102 974
1949 2 2 0 1 1104 976 975
1950 2 2 0 1 1104 1103 975
1951 2 2 0 1 1105 977 976
1952 2 2 0 1 1105 1104 976
1953 2 2 0 1 1106 978 977
1954 2 2 0 1 1106 1105 977
1955 2 2 0 1 1107 979 978
1956 2 2 0 1 1107 1106 978
1957 2 2 0 1 1108 980 979
1958 2 2 0 1 1108 1107 979
1959 2 2 0 1 1109 981 980
1960 2 2 0 1 1109 1108 980
1961 2 2 0 1 1110 982 981
1962 2 2 0 1 1110 1109 981
1963 2 2 0 1 1111 983 982
1964 2 2 0 1 1111 1110 982
1965 2 2 0 1 1112 984 983
1966 2 2 0 1 1112 1111 983
1967 2 2 0 1 1113 985 984
1968 2 2 0 1 1113 1112 984
1969 2 2 0 1 1114 986 985
1970 2 2 0 1 1114 1113 985
1971 2 2 0 1 1115 987 986
1972 2 2 0 1 1115 1114 986
1973 2 2 0 1 1116 988 987
1974 2 2 0 1 1116 1115 987
1975 2 2 0 1 1117 989 988
1976 2 2 0 1 1117 1116 988
1977 2 2 0 1 1118 990 989
1978 2 2 0 1 1118 1117 989
1979 2 2 0 1 1119 991 990
1980 2 2 0 1 1119 1118 990
1981 2 2 0 1 1120 992 991
1982 2 2 0 1 1120 1119 991
1983 2 2 0 1 1121 993 992
1984 2 2 0 1 1121 1120 992
1985 2 2 0 1 1122 994 993
1986 2 2 0 1 1122 1121 993
1987 2 2 0 1 1123 995 994
1988 2 2 0 1 1123 1122 994
1989 2 2 0 1 1124 996 995
1990 2 2 0 1 1124 1123 995
1991 2 2 0 1 1125 997 996
1992 2 2 0 1 1125 1124 996
1993 2 2 0 1 1126 998 997
1994 2 2 0 1 1126 1125 997
1995 2 2 0 1 1127 999 998
1996 2 2 0 1 1127 1126 998
1997 2 2 0 1 1128 1000 999
1998 2 2 0 1 1128 1127 999
1999 2 2 0 1 1129 1001 1000
2000 2 2 0 1 1129 1128 1000
2001 2 2 0 1 1130 1002 1001
2002 2 2 0 1 1130 1129 1001
2003 2 2 0 1 1131 1003 1002
2004 2 2 0 1 1131 1130 1002
2005 2 2 0 1 1132 1004 1003
2006 2 2 0 1 1132 1131 1003
2007 2 2 0 1 1133 1005 1004
2008 2 2 0 1 1133 1132 1004
2009 2 2 0 1 1134 1006 1005
2010 2 2 0 1 1134 1133 1005
2011 2 2 0 1 1135 1007 1006
2012 2 2 0 1 1135 1134 1006
2013 2 2 0 1 1136 1008 1007
2014 2 2 0 1 1136 1135 1007
2015 2 2 0 1 1137 1009 1008
2016 2 2 0 1 1137 1136 1008
2017 2 2 0 1 1138 1010 1009
2018 2 2 0 1 1138 1137 1009
2019 2 2 0 1 1011 1138 1010
2020 2 2 0 1 1139 1138 1011
2021 2 2 0 1 1012 1139 1011
2022 2 2 0 1 1140 1139 1012
2023 2 2 0 1 1013 1140 1012
2024 2 2 0 1 1141 1140 1013
2025 2 2 0 1 1014 1141 1013
2026 2 2 0 1 1142 1141 1014
2027 2 2 0 1 1015 1142 1014
2028 2 2 0 1 1143 1142 1015
2029 2 2 0 1 1016 1143 1015
2030 2 2 0 1 1144 1143 1016
2031 2 2 0 1 1017 1144 1016
2032 2 2 0 1 1145 1144 1017
2033 2 2 0 1 1018 1145 1017
2034 2 2 0 1 1146 1145 1018
2035 2 2 0 1 1019 1146 1018
2036 2 2 0 1 1147 1146 1019
2037 2 2 0 1 1020 1147 1019
2038 2 2 0 1 1148 1147 1020
2039 2 2 0 1 1021 1148 1020
2040 2 2 0 1 1149 1148 1021
2041 2 2 0 1 1022 1149 1021
2042 2 2 0 1 1150 1149 1022
2043 2 2 0 1 1023 1150 1022
2044 2 2 0 1 1151 1150 1023
2045 2 2 0 1 1024 1151 1023
2046 2 2 0 1 1152 1151 1024
2047 2 2 0 1 898 1152 1024
2048 2 2 0 1 1026 1152 898
2049 2 2 0 1 1153 1025 1026
2050 2 2 0 1 1153 1154 1026
2051 2 2 0 1 1155 1027 1025
2052 2 2 0 1 1155 1153 1025
2053 2 2 0 1 1156 1028 1027
2054 2 2 0 1 1156 1155 1027
2055 2 2 0 1 1157 1029 1028
2056 2 2 0 1 1157 1156 1028
2057 2 2 0 1 1158 1030 1029
2058 2 2 0 1 1158 1157 1029
2059 2 2 0 1 1159 1031 1030
2060 2 2 0 1 1159 1158 1030
2061 2 2 0 1 1160 1032 1031
2062 2 2 0 1 1160 1159 1031
2063 2 2 0 1 1161 1033 1032
2064 2 2 0 1 1161 1160 1032
2065 2 2 0 1 1162 1034 1033
2066 2 2 0 1 1162 1161 1033
2067 2 2 0 1 1163 1035 1034
2068 2 2 0 1 1163 1162 1034
2069 2 2 0 1 1164 1036 1035
2070 2 2 0 1 1164 1163 1035
2071 2 2 0 1 1165 1037 1036
2072 2 2 0 1 1165 1164 1036
2073 2 2 0 1 1166 1038 1037
2074 2 2 0 1 1166 1165 1037
2075 2 2 0 1 1167 1039 1038
2076 2 2 0 1 1167 1166 1038
2077 2 2 0 1 1168 1040 1039
2078 2 2 0 1 1168 1167 1039
2079 2 2 0 1 1041 1168 1040
2080 2 2 0 1 1169 1168 1041
2081 2 2 0 1 1042 1169 1041
2082 2 2 0 1 1170 1169 1042
2083 2 2 0 1 1043 1170 1042
2084 2 2 0 1 1171 1170 1043
2085 2 2 0 1 1044 1171 1043
2086 2 2 0 1 1172 1171 1044
2087 2 2 0 1 1045 1172 1044
2088 2 2 0 1 1173 1172 1045
2089 2 2 0 1 1046 1173 1045
2090 2 2 0 1 1174 1173 1046
2091 2 2 0 1 1047 1174 1046
2092 2 2 0 1 1175 1174 1047
2093 2 2 0 1 1048 1175 1047
2094 2 2 0 1 1176 1175 1048
2095 2 2 0 1 1049 1176 1048
2096 2 2 0 1 1177 1176 1049
2097 2 2 0 1 1050 1177 1049
2098 2 2 0 1 1178 1177 1050
2099 2 2 0 1 1051 1178 1050
2100 2 2 0 1 1179 1178 1051
2101 2 2 0 1 1052 1179 1051
2102 2 2 0 1 1180 1179 1052
2103 2 2 0 1 1053 1180 1052
2104 2 2 0 1 1181 1180 1053
2105 2 2 0 1 1054 1181 1053
2106 2 2 0 1 1182 1181 1054
2107 2 2 0 1 1055 1182 1054
2108 2 2 0 1 1183 1182 1055
2109 2 2 0 1 1056 1183 1055
2110 2 2 0 1 1184 1183 1056
2111 2 2 0 1 1057 1184 1056
2112 2 2 0 1 1185 1184 1057
2113 2 2 0 1 1058 1185 1057
2114 2 2 0 1 1186 1185 1058
2115 2 2 0 1 1059 1186 1058
2116 2 2 0 1 1187 1186 1059
2117 2 2 0 1 1060 1187 1059
2118 2 2 0 1 1188 1187 1060
2119 2 2 0 1 1061 1188 1060
2120 2 2 0 1 1189 1188 1061
2121 2 2 0 1 1062 1189 1061
2122 2 2 0 1 1190 1189 1062
2123 2 2 0 1 1063 1190 1062
2124 2 2 0 1 1191 1190 1063
2125 2 2 0 1 1064 1191 1063
2126 2 2 0 1 1192 1191 1064
2127 2 2 0 1 1065 1192 1064
2128 2 2 0 1 1193 1192 1065
2129 2 2 0 1 1066 1193 1065
2130 2 2 0 1 1194 1193 1066
2131 2 2 0 1 1067 1194 1066
2132 2 2 0 1 1195 1194 1067
2133 2 2 0 1 1068 1195 1067
2134 2 2 0 1 1196 1195 1068
2135 2 2 0 1 1069 1196 1068
2136 2 2 0 1 1197 1196 1069
2137 2 2 0 1 1070 1197 1069
2138 2 2 0 1 1198 1197 1070
2139 2 2 0 1 1071 1198 1070
2140 2 2 0 1 1199 1198 1071
2141 2 2 0 1 1072 1199 1071
2142 2 2 0 1 1200 1199 1072
2143 2 2 0 1 1073 1200 1072
2144 2 2 0 1 1201 1200 1073
2145 2 2 0 1 1074 1201 1073
2146 2 2 0 1 1202 1201 1074
2147 2 2 0 1 1075 1202 1074
2148 2 2 0 1 1203 1202 1075
2149 2 2 0 1 1076 1203 1075
2150 2 2 0 1 1204 1203 1076
2151 2 2 0 1 1077 1204 1076
2152 2 2 0 1 1205 1204 1077
2153 2 2 0 1 1078 1205 1077
2154 2 2 0 1 1206 1205 1078
2155 2 2 0 1 1079 1206 1078
2156 2 2 0 1 1207 1206 1079
2157 2 2 0 1 1080 1207 1079
2158 2 2 0 1 1208 1207 1080
2159 2 2 0 1 1081 1208 1080
2160 2 2 0 1 1209 1208 1081
2161 2 2 0 1 1082 1209 1081
2162 2 2 0 1 1210 1209 1082
2163 2 2 0 1 1083 1210 1082
2164 2 2 0 1 1211 1210 1083
2165 2 2 0 1 1084 1211 1083
2166 2 2 0 1 1212 1211 1084
2167 2 2 0 1 1085 1212 1084
2168 2 2 0 1 1213 1212 1085
2169 2 2 0 1 1086 1213 1085
2170 2 2 0 1 1214 1213 1086
2171 2 2 0 1 1087 1214 1086
2172 2 2 0 1 1215 1214 1087
2173 2 2 0 1 1088 1215 1087
2174 2 2 0 1 1216 1215 1088
2175 2 2 0 1 1089 1216 1088
2176 2 2 0 1 1217 1216 1089
2177 2 2 0 1 1218 1090 1089
2178 2 2 0 1 1218 1217 1089
2179 2 2 0 1 1219 1091 1090
2180 2 2 0 1 1219 1218 1090
2181 2 2 0 1 1220 1092 1091
2182 2 2 0 1 1220 1219 1091
2183 2 2 0 1 1221 1093 1092
2184 2 2 0 1 1221 1220 1092
2185 2 2 0 1 1222 1094 1093
2186 2 2 0 1 1222 1221 1093
2187 2 2 0 1 1223 1095 1094
2188 2 2 0 1 1223 1222 1094
2189 2 2 0 1 1224 1096 1095
2190 2 2 0 1 1224 1223 1095
2191 2 2 0 1 1225 1097 1096
2192 2 2 0 1 1225 1224 1096
2193 2 2 0 1 1226 1098 1097
2194 2 2 0 1 1226 1225 1097
2195 2 2 0 1 1227 1099 1098
2196 2 2 0 1 1227 1226 1098
2197 2 2 0 1 1228 1100 1099
2198 2 2 0 1 1228 1227 1099
2199 2 2 0 1 1229 1101 1100
2200 2 2 0 1 1229 1228 1100
2201 2 2 0 1 1230 1102 1101
2202 2 2 0 1 1230 1229 1101
2203 2 2 0 1 1231 1103 1102
2204 2 2 0 1 1231 1230 1102
2205 2 2 0 1 1232 1104 1103
2206 2 2 0 1 1232 1231 1103
2207 2 2 0 1 1233 1105 1104
2208 2 2 0 1 1233 1232 1104
2209 2 2 0 1 1234 1106 1105
2210 2 2 0 1 1234 1233 1105
2211 2 2 0 1 1235 1107 1106
2212 2 2 0 1 1235 1234 1106
2213 2 2 0 1 1236 1108 1107
2214 2 2 0 1 1236 1235 1107
2215 2 2 0 1 1237 1109 1108
2216 2 2 0 1 1237 1236 1108
2217 2 2 0 1 1238 1110 1109
2218 2 2 0 1 1238 1237 1109
2219 2 2 0 1 1239 1111 1110
2220 2 2 0 1 1239 1238 1110
2221 2 2 0 1 1240 1112 1111
2222 2 2 0 1 1240 1239 1111
2223 2 2 0 1 1241 1113 1112
2224 2 2 0 1 1241 1240 1112
2225 2 2 0 1 1242 1114 1113
2226 2 2 0 1 1242 1241 1113
2227 2 2 0 1 1243 1115 1114
2228 2 2 0 1 1243 1242 1114
2229 2 2 0 1 1244 1116 1115
2230 2 2 0 1 1244 1243 1115
2231 2 2 0 1 1245 1117 1116
2232 2 2 0 1 1245 1244 1116
2233 2 2 0 1 1246 1118 1117
2234 2 2 0 1 1246 1245 1117
2235 2 2 0 1 1247 1119 1118
2236 2 2 0 1 1247 1246 1118
2237 2 2 0 1 1248 1120 1119
2238 2 2 0 1 1248 1247 1119
2239 2 2 0 1 1249 1121 1120
2240 2 2 0 1 1249 1248 1120
2241 2 2 0 1 1250 1122 1121
2242 2 2 0 1 1250 1249 1121
2243 2 2 0 1 1251 1123 1122
2244 2 2 0 1 1251 1250 1122
2245 2 2 0 1 1252 1124 1123
2246 2 2 0 1 1252 1251 1123
2247 2 2 0 1 1253 1125 1124
2248 2 2 0 1 1253 1252 1124
2249 2 2 0 1 1254 1126 1125
2250 2 2 0 1 1254 1253 1125
2251 2 2 0 1 1255 1127 1126
2252 2 2 0 1 1255 1254 1126
2253 2 2 0 1 1256 1128 1127
2254 2 2 0 1 1256 1255 1127
2255 2 2 0 1 1257 1129 1128
2256 2 2 0 1 1257 1256 1128
2257 2 2 0 1 1258 1130 1129
2258 2 2 0 1 1258 1257 1129
2259 2 2 0 1 1259 1131 1130
2260 2 2 0 1 1259 1258 1130
2261 2 2 0 1 1260 1132 1131
2262 2 2 0 1 1260 1259 1131
2263 2 2 0 1 1261 1133 1132
2264 2 2 0 1 1261 1260 1132
2265 2 2 0 1 1262 1134 1133
2266 2 2 0 1 1262 1261 1133
2267 2 2 0 1 1263 1135 1134
2268 2 2 0 1 1263 1262 1134
2269 2 2 0 1 1264 1136 1135
2270 2 2 0 1 1264 1263 1135
2271 2 2 0 1 1265 1137 1136
2272 2 2 0 1 1265 1264 1136
2273 2 2 0 1 1266 1138 1137
2274 2 2 0 1 1266 1265 1137
2275 2 2 0 1 1139 1266 1138
2276 2 2 0 1 1267 1266 1139
2277 2 2 0 1 1140 1267 1139
2278 2 2 0 1 1268 1267 1140
2279 2 2 0 1 1141 1268 1140
2280 2 2 0 1 1269 1268 1141
2281 2 2 0 1 1142 1269 1141
2282 2 2 0 1 1270 1269 1142
2283 2 2 0 1 1143 1270 1142
2284 2 2 0 1 1271 1270 1143
2285 2 2 0 1 1144 1271 1143
2286 2 2 0 1 1272 1271 1144
2287 2 2 0 1 1145 1272 1144
2288 2 2 0 1 1273 1272 1145
2289 2 2 0 1 1146 1273 1145
2290 2 2 0 1 1274 1273 1146
2291 2 2 0 1 1147 1274 1146
2292 2 2 0 1 1275 1274 1147
2293 2 2 0 1 1148 1275 1147
2294 2 2 0 1 1276 1275 1148
2295 2 2 0 1 1149 1276 1148
2296 2 2 0 1 1277 1276 1149
2297 2 2 0 1 1150 1277 1149
2298 2 2 0 1 1278 1277 1150
2299 2 2 0 1 1151 1278 1150
2300 2 2 0 1 1279 1278 1151
2301 2 2 0 1 1152 1279 1151
2302 2 2 0 1 1280 1279 1152
2303 2 2 0 1 1026 1280 1152
2304 2 2 0 1 1154 1280 1026
2305 2 2 0 1 1281 1153 1154
2306 2 2 0 1 1281 1282 1154
2307 2 2 0 1 1283 1155 1153
2308 2 2 0 1 1283 1281 1153
2309 2 2 0 1 1284 1156 1155
2310 2 2 0 1 1284 1283 1155
2311 2 2 0 1 1285 1157 1156
2312 2 2 0 1 1285 1284 1156
2313 2 2 0 1 1286 1158 1157
2314 2 2 0 1 1286 1285 1157
2315 2 2 0 1 1287 1159 1158
2316 2 2 0 1 1287 1286 1158
2317 2 2 0 1 1288 1160 1159
2318 2 2 0 1 1288 1287 1159
2319 2 2 0 1 1289 1161 1160
2320 2 2 0 1 1289 1288 1160
2321 2 2 0 1 1290 1162 1161
2322 2 2 0 1 1290 1289 1161
2323 2 2 0 1 1291 1163 1162
2324 2 2 0 1 1291 1290 1162
2325 2 2 0 1 1292 1164 1163
2326 2 2 0 1 1292 1291 1163
2327 2 2 0 1 1293 1165 1164
2328 2 2 0 1 1293 1292 1164
2329 2 2 0 1 1294 1166 1165
2330 2 2 0 1 1294 1293 1165
2331 2 2 0 1 1295 1167 1166
2332 2 2 0 1 1295 1294 1166
2333 2 2 0 1 1296 1168 1167
2334 2 2 0 1 1296 1295 1167
2335 2 2 0 1 1169 1296 1168
2336 2 2 0 1 1297 1296 1169
2337 2 2 0 1 1170 1297 1169
2338 2 2 0 1 1298 1297 1170
2339 2 2 0 1 1171 1298 1170
2340 2 2 0 1 1299 1298 1171
2341 2 2 0 1 1172 1299 1171
2342 2 2 0 1 1300 1299 1172
2343 2 2 0 1 1173 1300 1172
2344 2 2 0 1 1301 1300 1173
2345 2 2 0 1 1174 1301 1173
2346 2 2 0 1 1302 1301 1174
2347 2 2 0 1 1175 1302 1174
2348 2 2 0 1 1303 1302 1175
2349 2 2 0 1 1176 1303 1175
2350 2 2 0 1 1304 1303 1176
2351 2 2 0 1 1177 1304 1176
2352 2 2 0 1 1305 1304 1177
2353 2 2 0 1 1178 1305 1177
2354 2 2 0 1 1306 1305 1178
2355 2 2 0 1 1179 1306 1178
2356 2 2 0 1 1307 1306 1179
2357 2 2 0 1 1180 1307 1179
2358 2 2 0 1 1308 1307 1180
2359 2 2 0 1 1181 1308 1180
2360 2 2 0 1 1309 1308 1181
2361 2 2 0 1 1182 1309 1181
2362 2 2 0 1 1310 1309 1182
2363 2 2 0 1 1183 1310 1182
2364 2 2 0 1 1311 1310 1183
2365 2 2 0 1 1184 1311 1183
2366 2 2 0 1 1312 1311 1184
2367 2 2 0 1 1185 1312 1184
2368 2 2 0 1 1313 1312 1185
2369 2 2 0 1 1186 1313 1185
2370 2 2 0 1 1314 1313 1186
2371 2 2 0 1 1187 1314 1186
2372 2 2 0 1 1315 1314 1187
2373 2 2 0 1 1188 1315 1187
2374 2 2 0 1 1316 1315 1188
2375 2 2 0 1 1189 1316 1188
2376 2 2 0 1 1317 1316 1189
2377 2 2 0 1 1190 1317 1189
2378 2 2 0 1 1318 1317 1190
2379 2 2 0 1 1191 1318 1190
2380 2 2 0 1 1319 1318 1191
2381 2 2 0 1 1192 1319 1191
2382 2 2 0 1 1320 1319 1192
2383 2 2 0 1 1193 1320 1192
2384 2 2 0 1 1321 1320 1193
2385 2 2 0 1 1194 1321 1193
2386 2 2 0 1 1322 1321 1194
2387 2 2 0 1 1195 1322 1194
2388 2 2 0 1 1323 1322 1195
2389 2 2 0 1 1196 1323 1195
2390 2 2 0 1 1324 1323 1196
2391 2 2 0 1 1197 1324 1196
2392 2 2 0 1 1325 1324 1197
2393 2 2 0 1 1198 1325 1197
2394 2 2 0 1 1326 1325 1198
2395 2 2 0 1 1199 1326 1198
2396 2 2 0 1 1327 1326 1199
2397 2 2 0 1 1200 1327 1199
2398 2 2 0 1 1328 1327 1200
2399 2 2 0 1 1201 1328 1200
2400 2 2 0 1 1329 1328 1201
2401 2 2 0 1 1202 1329 1201
2402 2 2 0 1 1330 1329 1202
2403 2 2 0 1 1203 1330 1202
2404 2 2 0 1 1331 1330 1203
2405 2 2 0 1 1204 1331 1203
2406 2 2 0 1 1332 1331 1204
2407 2 2 0 1 1205 1332 1204
2408 2 2 0 1 1333 1332 1205
2409 2 2 0 1 1206 1333 1205
2410 2 2 0 1 1334 1333 1206
2411 2 2 0 1 1207 1334 1206
2412 2 2 0 1 1335 1334 1207
2413 2 2 0 1 1208 1335 1207
2414 2 2 0 1 1336 1335 1208
2415 2 2 0 1 1209 1336 1208
2416 2 2 0 1 1337 1336 1209
2417 2 2 0 1 1210 1337 1209
2418 2 2 0 1 1338 1337 1210
2419 2 2 0 1 1211 1338 1210
2420 2 2 0 1 1339 1338 1211
2421 2 2 0 1 1212 1339 1211
2422 2 2 0 1 1340 1339 1212
2423 2 2 0 1 1213 1340 1212
2424 2 2 0 1 1341 1340 1213
2425 2 2 0 1 1214 1341 1213
2426 2 2 0 1 1342 1341 1214
2427 2 2 0 1 1215 1342 1214
2428 2 2 0 1 1343 1342 1215
2429 2 2 0 1 1216 1343 1215
2430 2 2 0 1 1344 1343 1216
2431 2 2 0 1 1217 1344 1216
2432 2 2 0 1 1345 1344 1217
2433 2 2 0 1 1346 1218 1217
2434 2 2 0 1 1346 1345 1217
2435 2 2 0 1 1347 1219 1218
2436 2 2 0 1 1347 1346 1218
2437 2 2 0 1 1348 1220 1219
2438 2 2 0 1 1348 1347 1219
2439 2 2 0 1 1349 1221 1220
2440 2 2 0 1 1349 1348 1220
2441 2 2 0 1 1350 1222 1221
2442 2 2 0 1 1350 1349 1221
2443 2 2 0 1 1351 1223 1222
2444 2 2 0 1 1351 1350 1222
2445 2 2 0 1 1352 1224 1223
2446 2 2 0 1 1352 1351 1223
2447 2 2 0 1 1353 1225 1224
2448 2 2 0 1 1353 1352 1224
2449 2 2 0 1 1354 1226 1225
2450 2 2 0 1 1354 1353 1225
2451 2 2 0 1 1355 1227 1226
2452 2 2 0 1 1355 1354 1226
2453 2 2 0 1 1356 1228 1227
2454 2 2 0 1 1356 1355 1227
2455 2 2 0 1 1357 1229 1228
2456 2 2 0 1 1357 1356 1228
2457 2 2 0 1 1358 1230 1229
2458 2 2 0 1 1358 1357 1229
2459 2 2 0 1 1359 1231 1230
2460 2 2 0 1 1359 1358 1230
2461 2 2 0 1 1360 1232 1231
2462 2 2 0 1 1360 1359 1231
2463 2 2 0 1 1361 1233 1232
2464 2 2 0 1 1361 1360 1232
2465 2 2 0 1 1362 1234 1233
2466 2 2 0 1 1362 1361 1233
2467 2 2 0 1 1363 1235 1234
2468 2 2 0 1 1363 1362 1234
2469 2 2 0 1 1364 1236 1235
2470 2 2 0 1 1364 1363 1235
2471 2 2 0 1 1365 1237 1236
2472 2 2 0 1 1365 1364 1236
2473 2 2 0 1 1366 1238 1237
2474 2 2 0 1 1366 1365 1237
2475 2 2 0 1 1367 1239 1238
2476 2 2 0 1 1367 1366 1238
2477 2 2 0 1 1368 1240 1239
2478 2 2 0 1 1368 1367 1239
2479 2 2 0 1 1369 1241 1240
2480 2 2 0 1 1369 1368 1240
2481 2 2 0 1 1370 1242 1241
2482 2 2 0 1 1370 1369 1241
2483 2 2 0 1 1371 1243 1242
2484 2 2 0 1 1371 1370 1242
2485 2 2 0 1 1372 1244 1243
2486 2 2 0 1 1372 1371 1243
2487 2 2 0 1 1373 1245 1244
2488 2 2 0 1 1373 1372 1244
2489 2 2 0 1 1374 1246 1245
2490 2 2 0 1 1374 1373 1245
2491 2 2 0 1 1375 1247 1246
2492 2 2 0 1 1375 1374 1246
2493 2 2 0 1 1376 1248 1247
2494 2 2 0 1 1376 1375 1247
2495 2 2 0 1 1377 1249 1248
2496 2 2 0 1 1377 1376 1248
2497 2 2 0 1 1378 1250 1249
2498 2 2 0 1 1378 1377 1249
2499 2 2 0 1 1379 1251 1250
2500 2 2 0 1 1379 1378 1250
2501 2 2 0 1 1380 1252 1251
2502 2 2 0 1 1380 1379 1251
2503 2 2 0 1 1381 1253 1252
2504 2 2 0 1 1381 1380 1252
2505 2 2 0 1 1382 1254 1253
2506 2 2 0 1 1382 1381 1253
2507 2 2 0 1 1383 1255 1254
2508 2 2 0 1 1383 1382 1254
2509 2 2 0 1 1384 1256 1255
2510 2 2 0 1 1384 1383 1255
2511 2 2 0 1 1385 1257 1256
2512 2 2 0 1 1385 1384 1256
2513 2 2 0 1 1386 1258 1257
2514 2 2 0 1 1386 1385 1257
2515 2 2 0 1 1387 1259 1258
2516 2 2 0 1 1387 1386 1258
2517 2 2 0 1 1388 1260 1259
2518 2 2 0 1 1388 1387 1259
2519 2 2 0 1 1389 1261 1260
2520 2 2 0 1 1389 1388 1260
2521 2 2 0 1 1390 1262 1261
2522 2 2 0 1 1390 1389 1261
2523 2 2 0 1 1391 1263 1262
2524 2 2 0 1 1391 1390 1262
2525 2 2 0 1 1392 1264 1263
2526 2 2 0 1 1392 1391 1263
2527 2 2 0 1 1393 1265 1264
2528 2 2 0 1 1393 1392 1264
2529 2 2 0 1 1394 1266 1265
2530 2 2 0 1 1394 1393 1265
2531 2 2 0 1 1267 1394 1266
2532 2 2 0 1 1395 1394 1267
2533 2 2 0 1 1268 1395 1267
2534 2 2 0 1 1396 1395 1268
2535 2 2 0 1 1269 1396 1268
2536 2 2 0 1 1397 1396 1269
2537 2 2 0 1 1270 1397 1269
2538 2 2 0 1 1398 1397 1270
2539 2 2 0 1 1271 1398 1270
2540 2 2 0 1 1399 1398 1271
2541 2 2 0 1 1272 1399 1271
2542 2 2 0 1 1400 1399 1272
2543 2 2 0 1 1273 1400 1272
2544 2 2 0 1 1401 1400 1273
2545 2 2 0 1 1274 1401 1273
2546 2 2 0 1 1402 1401 1274
2547 2 2 0 1 1275 1402 1274
2548 2 2 0 1 1403 1402 1275
2549 2 2 0 1 1276 1403 1275
2550 2 2 0 1 1404 1403 1276
2551 2 2 0 1 1277 1404 1276
2552 2 2 0 1 1405 1404 1277
2553 2 2 0 1 1278 1405 1277
2554 2 2 0 1 1406 1405 1278
2555 2 2 0 1 1279 1406 1278
2556 2 2 0 1 1407 1406 1279
2557 2 2 0 1 1280 1407 1279
2558 2 2 0 1 1408 1407 1280
2559 2 2 0 1 1154 1408 1280
2560 2 2 0 1 1282 1408 1154
2561 2 2 0 1 1409 1281 1282
2562 2 2 0 1 1409 1410 1282
2563 2 2 0 1 1411 1283 1281
2564 2 2 0 1 1411 1409 1281
2565 2 2 0 1 1412 1284 1283
2566 2 2 0 1 1412 1411 1283
2567 2 2 0 1 1413 1285 1284
2568 2 2 0 1 1413 1412 1284
2569 2 2 0 1 1414 1286 1285
2570 2 2 0 1 1414 1413 1285
2571 2 2 0 1 1415 1287 1286
2572 2 2 0 1 1415 1414 1286
2573 2 2 0 1 1416 1288 1287
2574 2 2 0 1 1416 1415 1287
2575 2 2 0 1 1417 1289 1288
2576 2 2 0 1 1417 1416 1288
2577 2 2 0 1 1418 1290 1289
2578 2 2 0 1 1418 1417 1289
2579 2 2 0 1 1419 1291 1290
2580 2 2 0 1 1419 1418 1290
2581 2 2 0 1 1420 1292 1291
2582 2 2 0 1 1420 1419 1291
2583 2 2 0 1 1421 1293 1292
2584 2 2 0 1 1421 1420 1292
2585 2 2 0 1 1422 1294 1293
2586 2 2 0 1 1422 1421 1293
2587 2 2 0 1 1423 1295 1294
2588 2 2 0 1 1423 1422 1294
2589 2 2 0 1 1424 1296 1295
2590 2 2 0 1 1424 1423 1295
2591 2 2 0 1 1297 1424 1296
2592 2 2 0 1 1425 1424 1297
2593 2 2 0 1 1298 1425 1297
2594 2 2 0 1 1426 1425 1298
2595 2 2 0 1 1299 1426 1298
2596 2 2 0 1 1427 1426 1299
2597 2 2 0 1 1300 1427 1299
2598 2 2 0 1 1428 1427 1300
2599 2 2 0 1 1301 1428 1300
2600 2 2 0 1 1429 1428 1301
2601 2 2 0 1 1302 1429 1301
2602 2 2 0 1 1430 1429 1302
2603 2 2 0 1 1303 1430 1302
2604 2 2 0 1 1431 1430 1303
2605 2 2 0 1 1304 1431 1303
2606 2 2 0 1 1432 1431 1304
2607 2 2 0 1 1305 1432 1304
2608 2 2 0 1 1433 1432 1305
2609 2 2 0 1 1306 1433 1305
2610 2 2 0 1 1434 1433 1306
2611 2 2 0 1 1307 1434 1306
2612 2 2 0 1 1435 1434 1307
2613 2 2 0 1 1308 1435 1307
2614 2 2 0 1 1436 1435 1308
2615 2 2 0 1 1309 1436 1308
2616 2 2 0 1 1437 1436 1309
2617 2 2 0 1 1310 1437 1309
2618 2 2 0 1 1438 1437 1310
2619 2 2 0 1 1311 1438 1310
2620 2 2 0 1 1439 1438 1311
2621 2 2 0 1 1312 1439 1311
2622 2 2 0 1 1440 1439 1312
2623 2 2 0 1 1313 1440 1312
2624 2 2 0 1 1441 1440 1313
2625 2 2 0 1 1314 1441 1313
2626 2 2 0 1 1442 1441 1314
2627 2 2 0 1 1315 1442 1314
2628 2 2 0 1 1443 1442 1315
2629 2 2 0 1 1316 1443 1315
2630 2 2 0 1 1444 1443 1316
2631 2 2 0 1 1317 1444 1316
2632 2 2 0 1 1445 1444 1317
2633 2 2 0 1 1318 1445 1317
2634 2 2 0 1 1446 1445 1318
2635 2 2 0 1 1319 1446 1318
2636 2 2 0 1 1447 1446 1319
2637 2 2 0 1 1320 1447 1319
2638 2 2 0 1 1448 1447 1320
2639 2 2 0 1 1321 1448 1320
2640 2 2 0 1 1449 1448 1321
2641 2 2 0 1 1322 1449 1321
2642 2 2 0 1 1450 1449 1322
2643 2 2 0 1 1323 1450 1322
2644 2 2 0 1 1451 1450 1323
2645 2 2 0 1 1324 1451 1323
2646 2 2 0 1 1452 1451 1324
2647 2 2 0 1 1325 1452 1324
2648 2 2 0 1 1453 1452 1325
2649 2 2 0 1 1326 1453 1325
2650 2 2 0 1 1454 1453 1326
2651 2 2 0 1 1327 1454 1326
2652 2 2 0 1 1455 1454 1327
2653 2 2 0 1 1328 1455 1327
2654 2 2 0 1 1456 1455 1328
2655 2 2 0 1 1329 1456 1328
2656 2 2 0 1 1457 1456 1329
2657 2 2 0 1 1330 1457 1329
2658 2 2 0 1 1458 1457 1330
2659 2 2 0 1 1331 1458 1330
2660 2 2 0 1 1459 1458 1331
2661 2 2 0 1 1332 1459 1331
2662 2 2 0 1 1460 1459 1332
2663 2 2 0 1 1333 1460 1332
2664 2 2 0 1 1461 1460 1333
2665 2 2 0 1 1334 1461 1333
2666 2 2 0 1 1462 1461 1334
2667 2 2 0 1 1335 1462 1334
2668 2 2 0 1 1463 1462 1335
2669 2 2 0 1 1336 1463 1335
2670 2 2 0 1 1464 1463 1336
2671 2 2 0 1 1337 1464 1336
2672 2 2 0 1 1465 1464 1337
2673 2 2 0 1 1338 1465 1337
2674 2 2 0 1 1466 1465 1338
2675 2 2 0 1 1339 1466 1338
2676 2 2 0 1 1467 1466 1339
2677 2 2 0 1 1340 1467 1339
2678 2 2 0 1 1468 1467 1340
2679 2 2 0 1 1341 1468 1340
2680 2 2 0 1 1469 1468 1341
2681 2 2 0 1 1342 1469 1341
2682 2 2 0 1 1470 1469 1342
2683 2 2 0 1 1343 1470 1342
2684 2 2 0 1 1471 1470 1343
2685 2 2 0 1 1344 1471 1343
2686 2 2 0 1 1472 1471 1344
2687 2 2 0 1 1345 1472 1344
2688 2 2 0 1 1473 1472 1345
2689 2 2 0 1 1474 1346 1345
2690 2 2 0 1 1474 1473 1345
2691 2 2 0 1 1475 1347 1346
2692 2 2 0 1 1475 1474 1346
2693 2 2 0 1 1476 1348 1347
2694 2 2 0 1 1476 1475 1347
2695 2 2 0 1 1477 1349 1348
2696 2 2 0 1 1477 1476 1348
2697 2 2 0 1 1478 1350 1349
2698 2 2 0 1 1478 1477 1349
2699 2 2 0 1 1479 1351 1350
2700 2 2 0 1 1479 1478 1350
2701 2 2 0 1 1480 1352 1351
2702 2 2 0 1 1480 1479 1351
2703 2 2 0 1 1481 1353 1352
2704 2 2 0 1 1481 1480 1352
2705 2 2 0 1 1482 1354 1353
2706 2 2 0 1 1482 1481 1353
2707 2 2 0 1 1483 1355 1354
2708 2 2 0 1 1483 1482 1354
2709 2 2 0 1 1484 1356 1355
2710 2 2 0 1 1484 1483 1355
2711 2 2 0 1 1485 1357 1356
2712 2 2 0 1 1485 1484 1356
2713 2 2 0 1 1486 1358 1357
2714 2 2 0 1 1486 1485 1357
2715 2 2 0 1 1487 1359 1358
2716 2 2 0 1 1487 1486 1358
2717 2 2 0 1 1488 1360 1359
2718 2 2 0 1 1488 1487 1359
2719 2 2 0 1 1489 1361 1360
2720 2 2 0 1 1489 1488 1360
2721 2 2 0 1 1490 1362 1361
2722 2 2 0 1 1490 1489 1361
2723 2 2 0 1 1491 1363 1362
2724 2 2 0 1 1491 1490 1362
2725 2 2 0 1 1492 1364 1363
2726 2 2 0 1 1492 1491 1363
2727 2 2 0 1 1493 1365 1364
2728 2 2 0 1 1493 1492 1364
2729 2 2 0 1 1494 1366 1365
2730 2 2 0 1 1494 1493 1365
2731 2 2 0 1 1495 1367 1366
2732 2 2 0 1 1495 1494 1366
2733 2 2 0 1 1496 1368 1367
2734 2 2 0 1 1496 1495 1367
2735 2 2 0 1 1497 1369 1368
2736 2 2 0 1 1497 1496 1368
2737 2 2 0 1 1498 1370 1369
2738 2 2 0 1 1498 1497 1369
2739 2 2 0 1 1499 1371 1370
2740 2 2 0 1 1499 1498 1370
2741 2 2 0 1 1500 1372 1371
2742 2 2 0 1 1500 1499 1371
2743 2 2 0 1 1501 1373 1372
2744 2 2 0 1 1501 1500 1372
2745 2 2 0 1 1502 1374 1373
2746 2 2 0 1 1502 1501 1373
2747 2 2 0 1 1503 1375 1374
2748 2 2 0 1 1503 1502 1374
2749 2 2 0 1 1504 1376 1375
2750 2 2 0 1 1504 1503 1375
2751 2 2 0 1 1505 1377 1376
2752 2 2 0 1 1505 1504 1376
2753 2 2 0 1 1506 1378 1377
2754 2 2 0 1 1506 1505 1377
2755 2 2 0 1 1507 1379 1378
2756 2 2 0 1 1507 1506 1378
2757 2 2 0 1 1508 1380 1379
2758 2 2 0 1 1508 1507 1379
2759 2 2 0 1 1509 1381 1380
2760 2 2 0 1 1509 1508 1380
2761 2 2 0 1 1510 1382 1381
2762 2 2 0 1 1510 1509 1381
2763 2 2 0 1 1511 1383 1382
2764 2 2 0 1 1511 1510 1382
2765 2 2 0 1 1512 1384 1383
2766 2 2 0 1 1512 1511 1383
2767 2 2 0 1 1513 1385 1384
2768 2 2 0 1 1513 1512 1384
2769 2 2 0 1 1514 1386 1385
2770 2 2 0 1 1514 1513 1385
2771 2 2 0 1 1515 1387 1386
2772 2 2 0 1 1515 1514 1386
2773 2 2 0 1 1516 1388 1387
2774 2 2 0 1 1516 1515 1387
2775 2 2 0 1 1517 1389 1388
2776 2 2 0 1 1517 1516 1388
2777 2 2 0 1 1518 1390 1389
2778 2 2 0 1 1518 1517 1389
2779 2 2 0 1 1519 1391 1390
2780 2 2 0 1 1519 1518 1390
2781 2 2 0 1 1520 1392 1391
2782 2 2 0 1 1520 1519 1391
2783 2 2 0 1 1521 1393 1392
2784 2 2 0 1 1521 1520 1392
2785 2 2 0 1 1522 1394 1393
2786 2 2 0 1 1522 1521 1393
2787 2 2 0 1 1395 1522 1394
2788 2 2 0 1 1523 1522 1395
2789 2 2 0 1 1396 1523 1395
2790 2 2 0 1 1524 1523 1396
2791 2 2 0 1 1397 1524 1396
2792 2 2 0 1 1525 1524 1397
2793 2 2 0 1 1398 1525 1397
2794 2 2 0 1 1526 1525 1398
2795 2 2 0 1 1399 1526 1398
2796 2 2 0 1 1527 1526 1399
2797 2 2 0 1 1400 1527 1399
2798 2 2 0 1 1528 1527 1400
2799 2 2 0 1 1401 1528 1400
2800 2 2 0 1 1529 1528 1401
2801 2 2 0 1 1402 1529 1401
2802 2 2 0 1 1530 1529 1402
2803 2 2 0 1 1403 1530 1402
2804 2 2 0 1 1531 1530 1403
2805 2 2 0 1 1404 1531 1403
2806 2 2 0 1 1532 1531 1404
2807 2 2 0 1 1405 1532 1404
2808 2 2 0 1 1533 1532 1405
2809 2 2 0 1 1406 1533 1405
2810 2 2 0 1 1534 1533 1406
2811 2 2 0 1 1407 1534 1406
2812 2 2 0 1 1535 1534 1407
2813 2 2 0 1 1408 1535 1407
2814 2 2 0 1 1536 1535 1408
2815 2 2 0 1 1282 1536 1408
2816 2 2 0 1 1410 1536 1282
2817 2 2 0 1 1537 1409 1410
2818 2 2 0 1 1537 1538 1410
2819 2 2 0 1 1539 1411 1409
2820 2 2 0 1 1539 1537 1409
2821 2 2 0 1 1540 1412 1411
2822 2 2 0 1 1540 1539 1411
2823 2 2 0 1 1541 1413 1412
2824 2 2 0 1 1541 1540 1412
2825 2 2 0 1 1542 1414 1413
2826 2 2 0 1 1542 1541 1413
2827 2 2 0 1 1543 1415 1414
2828 2 2 0 1 1543 1542 1414
2829 2 2 0 1 1544 1416 1415
2830 2 2 0 1 1544 1543 1415
2831 2 2 0 1 1545 1417 1416
2832 2 2 0 1 1545 1544 1416
2833 2 2 0 1 1546 1418 1417
2834 2 2 0 1 1546 1545 1417
2835 2 2 0 1 1547 1419 1418
2836 2 2 0 1 1547 1546 1418
2837 2 2 0 1 1548 1420 1419
2838 2 2 0 1 1548 1547 1419
2839 2 2 0 1 1549 1421 1420
2840 2 2 0 1 1549 1548 1420
2841 2 2 0 1 1550 1422 1421
2842 2 2 0 1 1550 1549 1421
2843 2 2 0 1 1551 1423 1422
2844 2 2 0 1 1551 1550 1422
2845 2 2 0 1 1552 1424 1423
2846 2 2 0 1 1552 1551 1423
2847 2 2 0 1 1425 1552 1424
2848 2 2 0 1 1553 1552 1425
2849 2 2 0 1 1426 1553 1425
2850 2 2 0 1 1554 1553 1426
2851 2 2 0 1 1427 1554 1426
2852 2 2 0 1 1555 1554 1427
2853 2 2 0 1 1428 1555 1427
2854 2 2 0 1 1556 1555 1428
2855 2 2 0 1 1429 1556 1428
2856 2 2 0 1 1557 1556 1429
2857 2 2 0 1 1430 1557 1429
2858 2 2 0 1 1558 1557 1430
2859 2 2 0 1 1431 1558 1430
2860 2 2 0 1 1559 1558 1431
2861 2 2 0 1 1432 1559 1431
2862 2 2 0 1 1560 1559 1432
2863 2 2 0 1 1433 1560 1432
2864 2 2 0 1 1561 1560 1433
2865 2 2 0 1 1434 1561 1433
2866 2 2 0 1 1562 1561 1434
2867 2 2 0 1 1435 1562 1434
2868 2 2 0 1 1563 1562 1435
2869 2 2 0 1 1436 1563 1435
2870 2 2 0 1 1564 1563 1436
2871 2 2 0 1 1437 1564 1436
2872 2 2 0 1 1565 1564 1437
2873 2 2 0 1 1438 1565 1437
2874 2 2 0 1 1566 1565 1438
2875 2 2 0 1 1439 1566 1438
2876 2 2 0 1 1567 1566 1439
2877 2 2 0 1 1440 1567 1439
2878 2 2 0 1 1568 1567 1440
2879 2 2 0 1 1441 1568 1440
2880 2 2 0 1 1569 1568 1441
2881 2 2 0 1 1442 1569 1441
2882 2 2 0 1 1570 1569 1442
2883 2 2 0 1 1443 1570 1442
2884 2 2 0 1 1571 1570 1443
2885 2 2 0 1 1444 1571 1443
2886 2 2 0 1 1572 1571 1444
2887 2 2 0 1 1445 1572 1444
2888 2 2 0 1 1573 1572 1445
2889 2 2 0 1 1446 1573 1445
2890 2 2 0 1 1574 1573 1446
2891 2 2 0 1 1447 1574 1446
2892 2 2 0 1 1575 1574 1447
2893 2 2 0 1 1448 1575 1447
2894 2 2 0 1 1576 1575 1448
2895 2 2 0 1 1449 1576 1448
2896 2 2 0 1 1577 1576 1449
2897 2 2 0 1 1450 1577 1449
2898 2 2 0 1 1578 1577 1450
2899 2 2 0 1 1451 1578 1450
2900 2 2 0 1 1579 1578 1451
2901 2 2 0 1 1452 1579 1451
2902 2 2 0 1 1580 1579 1452
2903 2 2 0 1 1453 1580 1452
2904 2 2 0 1 1581 1580 1453
2905 2 2 0 1 1454 1581 1453
2906 2 2 0 1 1582 1581 1454
2907 2 2 0 1 1455 1582 1454
2908 2 2 0 1 1583 1582 1455
2909 2 2 0 1 1456 1583 1455
2910 2 2 0 1 1584 1583 1456
2911 2 2 0 1 1457 1584 1456
2912 2 2 0 1 1585 1584 1457
2913 2 2 0 1 1458 1585 1457
2914 2 2 0 1 1586 1585 1458
2915 2 2 0 1 1459 1586 1458
2916 2 2 0 1 1587 1586 1459
2917 2 2 0 1 1460 1587 1459
2918 2 2 0 1 1588 1587 1460
2919 2 2 0 1 1461 1588 1460
2920 2 2 0 1 1589 1588 1461
2921 2 2 0 1 1462 1589 1461
2922 2 2 0 1 1590 1589 1462
2923 2 2 0 1 1463 1590 1462
2924 2 2 0 1 1591 1590 1463
2925 2 2 0 1 1464 1591 1463
2926 2 2 0 1 1592 1591 1464
2927 2 2 0 1 1465 1592 1464
2928 2 2 0 1 1593 1592 1465
2929 2 2 0 1 1466 1593 1465
2930 2 2 0 1 1594 1593 1466
2931 2 2 0 1 1467 1594 1466
2932 2 2 0 1 1595 1594 1467
2933 2 2 0 1 1468 1595 1467
2934 2 2 0 1 1596 1595 1468
2935 2 2 0 1 1469 1596 1468
2936 2 2 0 1 1597 1596 1469
2937 2 2 0 1 1470 1597 1469
2938 2 2 0 1 1598 1597 1470
2939 2 2 0 1 1471 1598 1470
2940 2 2 0 1 1599 1598 1471
2941 2 2 0 1 1472 1599 1471
2942 2 2 0 1 1600 1599 1472
2943 2 2 0 1 1473 1600 1472
2944 2 2 0 1 1601 1600 1473
2945 2 2 0 1 1602 1474 1473
2946 2 2 0 1 1602 1601 1473
2947 2 2 0 1 1603 1475 1474
2948 2 2 0 1 1603 1602 1474
2949 2 2 0 1 1604 1476 1475
2950 2 2 0 1 1604 1603 1475
2951 2 2 0 1 1605 1477 1476
2952 2 2 0 1 1605 1604 1476
2953 2 2 0 1 1606 1478 1477
2954 2 2 0 1 1606 1605 1477
2955 2 2 0 1 1607 1479 1478
2956 2 2 0 1 1607 1606 1478
2957 2 2 0 1 1608 1480 1479
2958 2 2 0 1 1608 1607 1479
2959 2 2 0 1 1609 1481 1480
2960 2 2 0 1 1609 1608 1480
2961 2 2 0 1 1610 1482 1481
2962 2 2 0 1 1610 1609 1481
2963 2 2 0 1 1611 1483 1482
2964 2 2 0 1 1611 1610 1482
2965 2 2 0 1 1612 1484 1483
2966 2 2 0 1 1612 1611 1483
2967 2 2 0 1 1613 1485 1484
2968 2 2 0 1 1613 1612 1484
2969 2 2 0 1 1614 1486 1485
2970 2 2 0 1 1614 1613 1485
2971 2 2 0 1 1615 1487 1486
2972 2 2 0 1 1615 1614 1486
2973 2 2 0 1 1616 1488 1487
2974 2 2 0 1 1616 1615 1487
2975 2 2 0 1 1617 1489 1488
2976 2 2 0 1 1617 1616 1488
2977 2 2 0 1 1618 1490 1489
2978 2 2 0 1 1618 1617 1489
2979 2 2 0 1 1619 1491 1490
2980 2 2 0 1 1619 1618 1490
2981 2 2 0 1 1620 1492 1491
2982 2 2 0 1 1620 1619 1491
2983 2 2 0 1 1621 1493 1492
2984 2 2 0 1 1621 1620 1492
2985 2 2 0 1 1622 1494 1493
2986 2 2 0 1 1622 1621 1493
2987 2 2 0 1 1623 1495 1494
2988 2 2 0 1 1623 1622 1494
2989 2 2 0 1 1624 1496 1495
2990 2 2 0 1 1624 1623 1495
2991 2 2 0 1 1625 1497 1496
2992 2 2 0 1 1625 1624 1496
2993 2 2 0 1 1626 1498 1497
2994 2 2 0 1 1626 1625 1497
2995 2 2 0 1 1627 1499 1498
2996 2 2 0 1 1627 1626 1498
2997 2 2 0 1 1628 1500 1499
2998 2 2 0 1 1628 1627 1499
2999 2 2 0 1 1629 1501 1500
3000 2 2 0 1 1629 1628 1500
3001 2 2 0 1 1630 1502 1501
3002 2 2 0 1 1630 1629 1501
3003 2 2 0 1 1631 1503 1502
3004 2 2 0 1 1631 1630 1502
3005 2 2 0 1 1632 1504 1503
3006 2 2 0 1 1632 1631 1503
3007 2 2 0 1 1633 1505 1504
3008 2 2 0 1 1633 1632 1504
3009 2 2 0 1 1634 1506 1505
3010 2 2 0 1 1634 1633 1505
3011 2 2 0 1 1635 1507 1506
3012 2 2 0 1 1635 1634 1506
3013 2 2 0 1 1636 1508 1507
3014 2 2 0 1 1636 1635 1507
3015 2 2 0 1 1637 1509 1508
3016 2 2 0 1 1637 1636 1508
3017 2 2 0 1 1638 1510 1509
3018 2 2 0 1 1638 1637 1509
3019 2 2 0 1 1639 1511 1510
3020 2 2 0 1 1639 1638 1510
3021 2 2 0 1 1640 1512 1511
3022 2 2 0 1 1640 1639 1511
3023 2 2 0 1 1641 1513 1512
3024 2 2 0 1 1641 1640 1512
3025 2 2 0 1 1642 1514 1513
3026 2 2 0 1 1642 1641 1513
3027 2 2 0 1 1643 1515 1514
3028 2 2 0 1 1643 1642 1514
3029 2 2 0 1 1644 1516 1515
3030 2 2 0 1 1644 1643 1515
3031 2 2 0 1 1645 1517 1516
3032 2 2 0 1 1645 1644 1516
3033 2 2 0 1 1646 1518 1517
3034 2 2 0 1 1646 1645 1517
3035 2 2 0 1 1647 1519 1518
3036 2 2 0 1 1647 1646 1518
3037 2 2 0 1 1648 1520 1519
3038 2 2 0 1 1648 1647 1519
3039 2 2 0 1 1649 1521 1520
3040 2 2 0 1 1649 1648 1520
3041 2 2 0 1 1650 1522 1521
3042 2 2 0 1 1650 1649 1521
3043 2 2 0 1 1523 1650 1522
3044 2 2 0 1 1651 1650 1523
3045 2 2 0 1 1524 1651 1523
3046 2 2 0 1 1652 1651 1524
3047 2 2 0 1 1525 1652 1524
3048 2 2 0 1 1653 1652 1525
3049 2 2 0 1 1526 1653 1525
3050 2 2 0 1 1654 1653 1526
3051 2 2 0 1 1527 1654 1526
3052 2 2 0 1 1655 1654 1527
3053 2 2 0 1 1528 1655 1527
3054 2 2 0 1 1656 1655 1528
3055 2 2 0 1 1529 1656 1528
3056 2 2 0 1 1657 1656 1529
3057 2 2 0 1 1530 1657 1529
3058 2 2 0 1 1658 1657 1530
3059 2 2 0 1 1531 1658 1530
3060 2 2 0 1 1659 1658 1531
3061 2 2 0 1 1532 1659 1531
3062 2 2 0 1 1660 1659 1532
3063 2 2 0 1 1533 1660 1532
3064 2 2 0 1 1661 1660 1533
3065 2 2 0 1 1534 1661 1533
3066 2 2 0 1 1662 1661 1534
3067 2 2 0 1 1535 1662 1534
3068 2 2 0 1 1663 1662 1535
3069 2 2 0 1 1536 1663 1535
3070 2 2 0 1 1664 1663 1536
3071 2 2 0 1 1410 1664 1536
3072 2 2 0 1 1538 1664 1410
3073 2 2 0 1 1665 1537 1538
3074 2 2 0 1 1665 1666 1538
3075 2 2 0 1 1667 1539 1537
3076 2 2 0 1 1667 1665 1537
3077 2 2 0 1 1668 1540 1539
3078 2 2 0 1 1668 1667 1539
3079 2 2 0 1 1669 1541 1540
3080 2 2 0 1 1669 1668 1540
3081 2 2 0 1 1670 1542 1541
3082 2 2 0 1 1670 1669 1541
3083 2 2 0 1 1671 1543 1542
3084 2 2 0 1 1671 1670 1542
3085 2 2 0 1 1672 1544 1543
3086 2 2 0 1 1672 1671 1543
3087 2 2 0 1 1673 1545 1544
3088 2 2 0 1 1673 1672 1544
3089 2 2 0 1 1674 1546 1545
3090 2 2 0 1 1674 1673 1545
3091 2 2 0 1 1675 1547 1546
3092 2 2 0 1 1675 1674 1546
3093 2 2 0 1 1676 1548 1547
3094 2 2 0 1 1676 1675 1547
3095 2 2 0 1 1677 1549 1548
3096 2 2 0 1 1677 1676 1548
3097 2 2 0 1 1678 1550 1549
3098 2 2 0 1 1678 1677 1549
3099 2 2 0 1 1679 1551 1550
3100 2 2 0 1 1679 1678 1550
3101 2 2 0 1 1680 1552 1551
3102 2 2 0 1 1680 1679 1551
3103 2 2 0 1 1553 1680 1552
3104 2 2 0 1 1681 1680 1553
3105 2 2 0 1 1554 1681 1553
3106 2 2 0 1 1682 1681 1554
3107 2 2 0 1 1555 1682 1554
3108 2 2 0 1 1683 1682 1555
3109 2 2 0 1 1556 1683 1555
3110 2 2 0 1 1684 1683 1556
3111 2 2 0 1 1557 1684 1556
3112 2 2 0 1 1685 1684 1557
3113 2 2 0 1 1558 1685 1557
3114 2 2 0 1 1686 1685 1558
3115 2 2 0 1 1559 1686 1558
3116 2 2 0 1 1687 1686 1559
3117 2 2 0 1 1560 1687 1559
3118 2 2 0 1 1688 1687 1560
3119 2 2 0 1 1561 1688 1560
3120 2 2 0 1 1689 1688 1561
3121 2 2 0 1 1562 1689 1561
3122 2 2 0 1 1690 1689 1562
3123 2 2 0 1 1563 1690 1562
3124 2 2 0 1 1691 1690 1563
3125 2 2 0 1 1564 1691 1563
3126 2 2 0 1 1692 1691 1564
3127 2 2 0 1 1565 1692 1564
3128 2 2 0 1 1693 1692 1565
3129 2 2 0 1 1566 1693 1565
3130 2 2 0 1 1694 1693 1566
3131 2 2 0 1 1567 1694 1566
3132 2 2 0 1 1695 1694 1567
3133 2 2 0 1 1568 1695 1567
3134 2 2 0 1 1696 1695 1568
3135 2 2 0 1 1569 1696 1568
3136 2 2 0 1 1697 1696 1569
3137 2 2 0 1 1570 1697 1569
3138 2 2 0 1 1698 1697 1570
3139 2 2 0 1 1571 1698 1570
3140 2 2 0 1 1699 1698 1571
3141 2 2 0 1 1572 1699 1571
3142 2 2 0 1 1700 1699 1572
3143 2 2 0 1 1573 1700 1572
3144 2 2 0 1 1701 1700 1573
3145 2 2 0 1 1574 1701 1573
3146 2 2 0 1 1702 1701 1574
3147 2 2 0 1 1575 1702 1574
3148 2 2 0 1 1703 1702 1575
3149 2 2 0 1 1576 1703 1575
3150 2 2 0 1 1704 1703 1576
3151 2 2 0 1 1577 1704 1576
3152 2 2 0 1 1705 1704 1577
3153 2 2 0 1 1578 1705 1577
3154 2 2 0 1 1706 1705 1578
3155 2 2 0 1 1579 1706 1578
3156 2 2 0 1 1707 1706 1579
3157 2 2 0 1 1580 1707 1579
3158 2 2 0 1 1708 1707 1580
3159 2 2 0 1 1581 1708 1580
3160 2 2 0 1 1709 1708 1581
3161 2 2 0 1 1582 1709 1581
3162 2 2 0 1 1710 1709 1582
3163 2 2 0 1 1583 1710 1582
3164 2 2 0 1 1711 1710 1583
3165 2 2 0 1 1584 1711 1583
3166 2 2 0 1 1712 1711 1584
3167 2 2 0 1 1585 1712 1584
3168 2 2 0 1 1713 1712 1585
3169 2 2 0 1 1586 1713 1585
3170 2 2 0 1 1714 1713 1586
3171 2 2 0 1 1587 1714 1586
3172 2 2 0 1 1715 1714 1587
3173 2 2 0 1 1588 1715 1587
3174 2 2 0 1 1716 1715 1588
3175 2 2 0 1 1589 1716 1588
3176 2 2 0 1 1717 1716 1589
3177 2 2 0 1 1590 1717 1589
3178 2 2 0 1 1718 1717 1590
3179 2 2 0 1 1591 1718 1590
3180 2 2 0 1 1719 1718 1591
3181 2 2 0 1 1592 1719 1591
3182 2 2 0 1 1720 1719 1592
3183 2 2 0 1 1593 1720 1592
3184 2 2 0 1 1721 1720 1593
3185 2 2 0 1 1594 1721 1593
3186 2 2 0 1 1722 1721 1594
3187 2 2 0 1 1595 1722 1594
3188 2 2 0 1 1723 1722 1595
3189 2 2 0 1 1596 1723 1595
3190 2 2 0 1 1724 1723 1596
3191 2 2 0 1 1597 1724 1596
3192 2 2 0 1 1725 1724 1597
3193 2 2 0 1 1598 1725 1597
3194 2 2 0 1 1726 1725 1598
3195 2 2 0 1 1599 1726 1598
3196 2 2 0 1 1727 1726 1599
3197 2 2 0 1 1600 1727 1599
3198 2 2 0 1 1728 1727 1600
3199 2 2 0 1 1601 1728 1600
3200 2 2 0 1 1729 1728 1601
3201 2 2 0 1 1730 1602 1601
3202 2 2 0 1 1730 1729 1601
3203 2 2 0 1 1731 1603 1602
3204 2 2 0 1 1731 1730 1602
3205 2 2 0 1 1732 1604 1603
3206 2 2 0 1 1732 1731 1603
3207 2 2 0 1 1733 1605 1604
3208 2 2 0 1 1733 1732 1604
3209 2 2 0 1 1734 1606 1605
3210 2 2 0 1 1734 1733 1605
3211 2 2 0 1 1735 1607 1606
3212 2 2 0 1 1735 1734 1606
3213 2 2 0 1 1736 1608 1607
3214 2 2 0 1 1736 1735 1607
3215 2 2 0 1 1737 1609 1608
3216 2 2 0 1 1737 1736 1608
3217 2 2 0 1 1738 1610 1609
3218 2 2 0 1 1738 1737 1609
3219 2 2 0 1 1739 1611 1610
3220 2 2 0 1 1739 1738 1610
3221 2 2 0 1 1740 1612 1611
3222 2 2 0 1 1740 1739 1611
3223 2 2 0 1 1741 1613 1612
3224 2 2 0 1 1741 1740 1612
3225 2 2 0 1 1742 1614 1613
3226 2 2 0 1 1742 1741 1613
3227 2 2 0 1 1743 1615 1614
3228 2 2 0 1 1743 1742 1614
3229 2 2 0 1 1744 1616 1615
3230 2 2 0 1 1744 1743 1615
3231 2 2 0 1 1745 1617 1616
3232 2 2 0 1 1745 1744 1616
3233 2 2 0 1 1746 1618 1617
3234 2 2 0 1 1746 1745 1617
3235 2 2 0 1 1747 1619 1618
3236 2 2 0 1 1747 1746 1618
3237 2 2 0 1 1748 1620 1619
3238 2 2 0 1 1748 1747 1619
3239 2 2 0 1 1749 1621 1620
3240 2 2 0 1 1749 1748 1620
3241 2 2 0 1 1750 1622 1621
3242 2 2 0 1 1750 1749 1621
3243 2 2 0 1 1751 1623 1622
3244 2 2 0 1 1751 1750 1622
3245 2 2 0 1 1752 1624 1623
3246 2 2 0 1 1752 1751 1623
3247 2 2 0 1 1753 1625 1624
3248 2 2 0 1 1753 1752 1624
3249 2 2 0 1 1754 1626 1625
3250 2 2 0 1 1754 1753 1625
3251 2 2 0 1 1755 1627 1626
3252 2 2 0 1 1755 1754 1626
3253 2 2 0 1 1756 1628 1627
3254 2 2 0 1 1756 1755 1627
3255 2 2 0 1 1757 1629 1628
3256 2 2 0 1 1757 1756 1628
3257 2 2 0 1 1758 1630 1629
3258 2 2 0 1 1758 1757 1629
3259 2 2 0 1 1759 1631 1630
3260 2 2 0 1 1759 1758 1630
3261 2 2 0 1 1760 1632 1631
3262 2 2 0 1 1760 1759 1631
3263 2 2 0 1 1761 1633 1632
3264 2 2 0 1 1761 1760 1632
3265 2 2 0 1 1762 1634 1633
3266 2 2 0 1 1762 1761 1633
3267 2 2 0 1 1763 1635 1634
3268 2 2 0 1 1763 1762 1634
3269 2 2 0 1 1764 1636 1635
3270 2 2 0 1 1764 1763 1635
3271 2 2 0 1 1765 1637 1636
3272 2 2 0 1 1765 1764 1636
3273 2 2 0 1 1766 1638 1637
3274 2 2 0 1 1766 1765 1637
3275 2 2 0 1 1767 1639 1638
3276 2 2 0 1 1767 1766 1638
3277 2 2 0 1 1768 1640 1639
3278 2 2 0 1 1768 1767 1639
3279 2 2 0 1 1769 1641 1640
3280 2 2 0 1 1769 1768 1640
3281 2 2 0 1 1770 1642 1641
3282 2 2 0 1 1770 1769 1641
3283 2 2 0 1 1771 1643 1642
3284 2 2 0 1 1771 1770 1642
3285 2 2 0 1 1772 1644 1643
3286 2 2 0 1 1772 1771 1643
3287 2 2 0 1 1773 1645 1644
3288 2 2 0 1 1773 1772 1644
3289 2 2 0 1 1774 1646 1645
3290 2 2 0 1 1774 1773 1645
3291 2 2 0 1 1775 1647 1646
3292 2 2 0 1 1775 1774 1646
3293 2 2 0 1 1776 1648 1647
3294 2 2 0 1 1776 1775 1647
3295 2 2 0 1 1777 1649 1648
3296 2 2 0 1 1777 1776 1648
3297 2 2 0 1 1778 1650 1649
3298 2 2 0 1 1778 1777 1649
3299 2 2 0 1 1651 1778 1650
3300 2 2 0 1 1779 1778 1651
3301 2 2 0 1 1652 1779 1651
3302 2 2 0 1 1780 1779 1652
3303 2 2 0 1 1653 1780 1652
3304 2 2 0 1 1781 1780 1653
3305 2 2 0 1 1654 1781 1653
3306 2 2 0 1 1782 1781 1654
3307 2 2 0 1 1655 1782 1654
3308 2 2 0 1 1783 1782 1655
3309 2 2 0 1 1656 1783 1655
3310 2 2 0 1 1784 1783 1656
3311 2 2 0 1 1657 1784 1656
3312 2 2 0 1 1785 1784 1657
3313 2 2 0 1 1658 1785 1657
3314 2 2 0 1 1786 1785 1658
3315 2 2 0 1 1659 1786 1658
3316 2 2 0 1 1787 1786 1659
3317 2 2 0 1 1660 1787 1659
3318 2 2 0 1 1788 1787 1660
3319 2 2 0 1 1661 1788 1660
3320 2 2 0 1 1789 1788 1661
3321 2 2 0 1 1662 1789 1661
3322 2 2 0 1 1790 1789 1662
3323 2 2 0 1 1663 1790 1662
3324 2 2 0 1 1791 1790 1663
3325 2 2 0 1 1664 1791 1663
3326 2 2 0 1 1792 1791 1664
3327 2 2 0 1 1538 1792 1664
3328 2 2 0 1 1666 1792 1538
3329 2 2 0 1 1793 1665 1666
3330 2 2 0 1 1793 1794 1666
3331 2 2 0 1 1795 1667 1665
3332 2 2 0 1 1795 1793 1665
3333 2 2 0 1 1796 1668 1667
3334 2 2 0 1 1796 1795 1667
3335 2 2 0 1 1797 1669 1668
3336 2 2 0 1 1797 1796 1668
3337 2 2 0 1 1798 1670 1669
3338 2 2 0 1 1798 1797 1669
3339 2 2 0 1 1799 1671 1670
3340 2 2 0 1 1799 1798 1670
3341 2 2 0 1 1800 1672 1671
3342 2 2 0 1 1800 1799 1671
3343 2 2 0 1 1801 1673 1672
3344 2 2 0 1 1801 1800 1672
3345 2 2 0 1 1802 1674 1673
3346 2 2 0 1 1802 1801 1673
3347 2 2 0 1 1803 1675 1674
3348 2 2 0 1 1803 1802 1674
3349 2 2 0 1 1804 1676 1675
3350 2 2 0 1 1804 1803 1675
3351 2 2 0 1 1805 1677 1676
3352 2 2 0 1 1805 1804 1676
3353 2 2 0 1 1806 1678 1677
3354 2 2 0 1 1806 1805 1677
3355 2 2 0 1 1807 1679 1678
3356 2 2 0 1 1807 1806 1678
3357 2 2 0 1 1808 1680 1679
3358 2 2 0 1 1808 1807 1679
3359 2 2 0 1 1681 1808 1680
3360 2 2 0 1 1809 1808 1681
3361 2 2 0 1 1682 1809 1681
3362 2 2 0 1 1810 1809 1682
3363 2 2 0 1 1683 1810 1682
3364 2 2 0 1 1811 1810 1683
3365 2 2 0 1 1684 1811 1683
3366 2 2 0 1 1812 1811 1684
3367 2 2 0 1 1685 1812 1684
3368 2 2 0 1 1813 1812 1685
3369 2 2 0 1 1686 1813 1685
3370 2 2 0 1 1814 1813 1686
3371 2 2 0 1 1687 1814 1686
3372 2 2 0 1 1815 1814 1687
3373 2 2 0 1 1688 1815 1687
3374 2 2 0 1 1816 1815 1688
3375 2 2 0 1 1689 1816 1688
3376 2 2 0 1 1817 1816 1689
3377 2 2 0 1 1690 1817 1689
3378 2 2 0 1 1818 1817 1690
3379 2 2 0 1 1691 1818 1690
3380 2 2 0 1 1819 1818 1691
3381 2 2 0 1 1692 1819 1691
3382 2 2 0 1 1820 1819 1692
3383 2 2 0 1 1693 1820 1692
3384 2 2 0 1 1821 1820 1693
3385 2 2 0 1 1694 1821 1693
3386 2 2 0 1 1822 1821 1694
3387 2 2 0 1 1695 1822 1694
3388 2 2 0 1 1823 1822 1695
3389 2 2 0 1 1696 1823 1695
3390 2 2 0 1 1824 1823 1696
3391 2 2 0 1 1697 1824 1696
3392 2 2 0 1 1825 1824 1697
3393 2 2 0 1 1698 1825 1697
3394 2 2 0 1 1826 1825 1698
3395 2 2 0 1 1699 1826 1698
3396 2 2 0 1 1827 1826 1699
3397 2 2 0 1 1700 1827 1699
3398 2 2 0 1 1828 1827 1700
3399 2 2 0 1 1701 1828 1700
3400 2 2 0 1 1829 1828 1701
3401 2 2 0 1 1702 1829 1701
3402 2 2 0 1 1830 1829 1702
3403 2 2 0 1 1703 1830 1702
3404 2 2 0 1 1831 1830 1703
3405 2 2 0 1 1704 1831 1703
3406 2 2 0 1 1832 1831 1704
3407 2 2 0 1 1705 1832 1704
3408 2 2 0 1 1833 1832 1705
3409 2 2 0 1 1706 1833 1705
3410 2 2 0 1 1834 1833 1706
3411 2 2 0 1 1707 1834 1706
3412 2 2 0 1 1835 1834 1707
3413 2 2 0 1 1708 1835 1707
3414 2 2 0 1 1836 1835 1708
3415 2 2 0 1 1709 1836 1708
3416 2 2 0 1 1837 1836 1709
3417 2 2 0 1 1710 1837 1709
3418 2 2 0 1 1838 1837 1710
3419 2 2 0 1 1711 1838 1710
3420 2 2 0 1 1839 1838 1711
3421 2 2 0 1 1712 1839 1711
3422 2 2 0 1 1840 1839 1712
3423 2 2 0 1 1713 1840 1712
3424 2 2 0 1 1841 1840 1713
3425 2 2 0 1 1714 1841 1713
3426 2 2 0 1 1842 1841 1714
3427 2 2 0 1 1715 1842 1714
3428 2 2 0 1 1843 1842 1715
3429 2 2 0 1 1716 1843 1715
3430 2 2 0 1 1844 1843 1716
3431 2 2 0 1 1717 1844 1716
3432 2 2 0 1 1845 1844 1717
3433 2 2 0 1 1718 1845 1717
3434 2 2 0 1 1846 1845 1718
3435 2 2 0 1 1719 1846 1718
3436 2 2 0 1 1847 1846 1719
3437 2 2 0 1 1720 1847 1719
3438 2 2 0 1 1848 1847 1720
3439 2 2 0 1 1721 1848 1720
3440 2 2 0 1 1849 1848 1721
3441 2 2 0 1 1722 1849 1721
3442 2 2 0 1 1850 1849 1722
3443 2 2 0 1 1723 1850 1722
3444 2 2 0 1 1851 1850 1723
3445 2 2 0 1 1724 1851 1723
3446 2 2 0 1 1852 1851 1724
3447 2 2 0 1 1725 1852 1724
3448 2 2 0 1 1853 1852 1725
3449 2 2 0 1 1726 1853 1725
3450 2 2 0 1 1854 1853 1726
3451 2 2 0 1 1727 1854 1726
3452 2 2 0 1 1855 1854 1727
3453 2 2 0 1 1728 1855 1727
3454 2 2 0 1 1856 1855 1728
3455 2 2 0 1 1729 1856 1728
3456 2 2 0 1 1857 1856 1729
3457 2 2 0 1 1858 1730 1729
3458 2 2 0 1 1858 1857 1729
3459 2 2 0 1 1859 1731 1730
3460 2 2 0 1 1859 1858 1730
3461 2 2 0 1 1860 1732 1731
3462 2 2 0 1 1860 1859 1731
3463 2 2 0 1 1861 1733 1732
3464 2 2 0 1 1861 1860 1732
3465 2 2 0 1 1862 1734 1733
3466 2 2 0 1 1862 1861 1733
3467 2 2 0 1 1863 1735 1734
3468 2 2 0 1 1863 1862 1734
3469 2 2 0 1 1864 1736 1735
3470 2 2 0 1 1864 1863 1735
3471 2 2 0 1 1865 1737 1736
3472 2 2 0 1 1865 1864 1736
3473 2 2 0 1 1866 1738 1737
3474 2 2 0 1 1866 1865 1737
3475 2 2 0 1 1867 1739 1738
3476 2 2 0 1 1867 1866 1738
3477 2 2 0 1 1868 1740 1739
3478 2 2 0 1 1868 1867 1739
3479 2 2 0 1 1869 1741 1740
3480 2 2 0 1 1869 1868 1740
3481 2 2 0 1 1870 1742 1741
3482 2 2 0 1 1870 1869 1741
3483 2 2 0 1 1871 1743 1742
3484 2 2 0 1 1871 1870 1742
3485 2 2 0 1 1872 1744 1743
3486 2 2 0 1 1872 1871 1743
3487 2 2 0 1 1873 1745 1744
3488 2 2 0 1 1873 1872 1744
3489 2 2 0 1 1874 1746 1745
3490 2 2 0 1 1874 1873 1745
3491 2 2 0 1 1875 1747 1746
3492 2 2 0 1 1875 1874 1746
3493 2 2 0 1 1876 1748 1747
3494 2 2 0 1 1876 1875 1747
3495 2 2 0 1 1877 1749 1748
3496 2 2 0 1 1877 1876 1748
3497 2 2 0 1 1878 1750 1749
3498 2 2 0 1 1878 1877 1749
3499 2 2 0 1 1879 1751 1750
3500 2 2 0 1 1879 1878 1750
3501 2 2 0 1 1880 1752 1751
3502 2 2 0 1 1880 1879 1751
3503 2 2 0 1 1881 1753 1752
3504 2 2 0 1 1881 1880 1752
3505 2 2 0 1 1882 1754 1753
3506 2 2 0 1 1882 1881 1753
3507 2 2 0 1 1883 1755 1754
3508 2 2 0 1 1883 1882 1754
3509 2 2 0 1 1884 1756 1755
3510 2 2 0 1 1884 1883 1755
3511 2 2 0 1 1885 1757 1756
3512 2 2 0 1 1885 1884 1756
3513 2 2 0 1 1886 1758 1757
3514 2 2 0 1 1886 1885 1757
3515 2 2 0 1 1887 1759 1758
3516 2 2 0 1 1887 1886 1758
3517 2 2 0 1 1888 1760 1759
3518 2 2 0 1 1888 1887 1759
3519 2 2 0 1 1889 1761 1760
3520 2 2 0 1 1889 1888 1760
3521 2 2 0 1 1890 1762 1761
3522 2 2 0 1 1890 1889 1761
3523 2 2 0 1 1891 1763 1762
3524 2 2 0 1 1891 1890 1762
3525 2 2 0 1 1892 1764 1763
3526 2 2 0 1 1892 1891 1763
3527 2 2 0 1 1893 1765 1764
3528 2 2 0 1 1893 1892 1764
3529 2 2 0 1 1894 1766 1765
3530 2 2 0 1 1894 1893 1765
3531 2 2 0 1 1895 1767 1766
3532 2 2 0 1 1895 1894 1766
3533 2 2 0 1 1896 1768 1767
3534 2 2 0 1 1896 1895 1767
3535 2 2 0 1 1897 1769 1768
3536 2 2 0 1 1897 1896 1768
3537 2 2 0 1 1898 1770 1769
3538 2 2 0 1 1898 1897 1769
3539 2 2 0 1 1899 1771 1770
3540 2 2 0 1 1899 1898 1770
3541 2 2 0 1 1900 1772 1771
3542 2 2 0 1 1900 1899 1771
3543 2 2 0 1 1901 1773 1772
3544 2 2 0 1 1901 1900 1772
3545 2 2 0 1 1902 1774 1773
3546 2 2 0 1 1902 1901 1773
3547 2 2 0 1 1903 1775 1774
3548 2 2 0 1 1903 1902 1774
3549 2 2 0 1 1904 1776 1775
3550 2 2 0 1 1904 1903 1775
3551 2 2 0 1 1905 1777 1776
3552 2 2 0 1 1905 1904 1776
3553 2 2 0 1 1906 1778 1777
3554 2 2 0 1 1906 1905 1777
3555 2 2 0 1 1779 1906 1778
3556 2 2 0 1 1907 1906 1779
3557 2 2 0 1 1780 1907 1779
3558 2 2 0 1 1908 1907 1780
3559 2 2 0 1 1781 1908 1780
3560 2 2 0 1 1909 1908 1781
3561 2 2 0 1 1782 1909 1781
3562 2 2 0 1 1910 1909 1782
3563 2 2 0 1 1783 1910 1782
3564 2 2 0 1 1911 1910 1783
3565 2 2 0 1 1784 1911 1783
3566 2 2 0 1 1912 1911 1784
3567 2 2 0 1 1785 1912 1784
3568 2 2 0 1 1913 1912 1785
3569 2 2 0 1 1786 1913 1785
3570 2 2 0 1 1914 1913 1786
3571 2 2 0 1 1787 1914 1786
3572 2 2 0 1 1915 1914 1787
3573 2 2 0 1 1788 1915 1787
3574 2 2 0 1 1916 1915 1788
3575 2 2 0 1 1789 1916 1788
3576 2 2 0 1 1917 1916 1789
3577 2 2 0 1 1790 1917 1789
3578 2 2 0 1 1918 1917 1790
3579 2 2 0 1 1791 1918 1790
3580 2 2 0 1 1919 1918 1791
3581 2 2 0 1 1792 1919 1791
3582 2 2 0 1 1920 1919 1792
3583 2 2 0 1 1666 1920 1792
3584 2 2 0 1 1794 1920 1666
3585 2 2 0 1 1921 1793 1794
3586 2 2 0 1 1921 1922 1794
3587 2 2 0 1 1923 1795 1793
3588 2 2 0 1 1923 1921 1793
3589 2 2 0 1 1924 1796 1795
3590 2 2 0 1 1924 1923 1795
3591 2 2 0 1 1925 1797 1796
3592 2 2 0 1 1925 1924 1796
3593 2 2 0 1 1926 1798 1797
3594 2 2 0 1 1926 1925 1797
3595 2 2 0 1 1927 1799 1798
3596 2 2 0 1 1927 1926 1798
3597 2 2 0 1 1928 1800 1799
3598 2 2 0 1 1928 1927 1799
3599 2 2 0 1 1929 1801 1800
3600 2 2 0 1 1929 1928 1800
3601 2 2 0 1 1930 1802 1801
3602 2 2 0 1 1930 1929 1801
3603 2 2 0 1 1931 1803 1802
3604 2 2 0 1 1931 1930 1802
3605 2 2 0 1 1932 1804 1803
3606 2 2 0 1 1932 1931 1803
3607 2 2 0 1 1933 1805 1804
3608 2 2 0 1 1933 1932 1804
3609 2 2 0 1 1934 1806 1805
3610 2 2 0 1 1934 1933 1805
3611 2 2 0 1 1935 1807 1806
3612 2 2 0 1 1935 1934 1806
3613 2 2 0 1 1936 1808 1807
3614 2 2 0 1 1936 1935 1807
3615 2 2 0 1 1809 1936 1808
3616 2 2 0 1 1937 1936 1809
3617 2 2 0 1 1810 1937 1809
3618 2 2 0 1 1938 1937 1810
3619 2 2 0 1 1811 1938 1810
3620 2 2 0 1 1939 1938 1811
3621 2 2 0 1 1812 1939 1811
3622 2 2 0 1 1940 1939 1812
3623 2 2 0 1 1813 1940 1812
3624 2 2 0 1 1941 1940 1813
3625 2 2 0 1 1814 1941 1813
3626 2 2 0 1 1942 1941 1814
3627 2 2 0 1 1815 1942 1814
3628 2 2 0 1 1943 1942 1815
3629 2 2 0 1 1816 1943 1815
3630 2 2 0 1 1944 1943 1816
3631 2 2 0 1 1817 1944 1816
3632 2 2 0 1 1945 1944 1817
3633 2 2 0 1 1818 1945 1817
3634 2 2 0 1 1946 1945 1818
3635 2 2 0 1 1819 1946 1818
3636 2 2 0 1 1947 1946 1819
3637 2 2 0 1 1820 1947 1819
3638 2 2 0 1 1948 1947 1820
3639 2 2 0 1 1821 1948 1820
3640 2 2 0 1 1949 1948 1821
3641 2 2 0 1 1822 1949 1821
3642 2 2 0 1 1950 1949 1822
3643 2 2 0 1 1823 1950 1822
3644 2 2 0 1 1951 1950 1823
3645 2 2 0 1 1824 1951 1823
3646 2 2 0 1 1952 1951 1824
3647 2 2 0 1 1825 1952 1824
3648 2 2 0 1 1953 1952 1825
3649 2 2 0 1 1826 1953 1825
3650 2 2 0 1 1954 1953 1826
3651 2 2 0 1 1827 1954 1826
3652 2 2 0 1 1955 1954 1827
3653 2 2 0 1 1828 1955 1827
3654 2 2 0 1 1956 1955 1828
3655 2 2 0 1 1829 1956 1828
3656 2 2 0 1 1957 1956 1829
3657 2 2 0 1 1830 1957 1829
3658 2 2 0 1 1958 1957 1830
3659 2 2 0 1 1831 1958 1830
3660 2 2 0 1 1959 1958 1831
3661 2 2 0 1 1832 1959 1831
3662 2 2 0 1 1960 1959 1832
3663 2 2 0 1 1833 1960 1832
3664 2 2 0 1 1961 1960 1833
3665 2 2 0 1 1834 1961 1833
3666 2 2 0 1 1962 1961 1834
3667 2 2 0 1 1835 1962 1834
3668 2 2 0 1 1963 1962 1835
3669 2 2 0 1 1836 1963 1835
3670 2 2 0 1 1964 1963 1836
3671 2 2 0 1 1837 1964 1836
3672 2 2 0 1 1965 1964 1837
3673 2 2 0 1 1838 1965 1837
3674 2 2 0 1 1966 1965 1838
3675 2 2 0 1 1839 1966 1838
3676 2 2 0 1 1967 1966 1839
3677 2 2 0 1 1840 1967 1839
3678 2 2 0 1 1968 1967 1840
3679 2 2 0 1 1841 1968 1840
3680 2 2 0 1 1969 1968 1841
3681 2 2 0 1 1842 1969 1841
3682 2 2 0 1 1970 1969 1842
3683 2 2 0 1 1843 1970 1842
3684 2 2 0 1 1971 1970 1843
3685 2 2 0 1 1844 1971 1843
3686 2 2 0 1 1972 1971 1844
3687 2 2 0 1 1845 1972 1844
3688 2 2 0 1 1973 1972 1845
3689 2 2 0 1 1846 1973 1845
3690 2 2 0 1 1974 1973 1846
3691 2 2 0 1 1847 1974 1846
3692 2 2 0 1 1975 1974 1847
3693 2 2 0 1 1848 1975 1847
3694 2 2 0 1 1976 1975 1848
3695 2 2 0 1 1849 1976 1848
3696 2 2 0 1 1977 1976 1849
3697 2 2 0 1 1850 1977 1849
3698 2 2 0 1 1978 1977 1850
3699 2 2 0 1 1851 1978 1850
3700 2 2 0 1 1979 1978 1851
3701 2 2 0 1 1852 1979 1851
3702 2 2 0 1 1980 1979 1852
3703 2 2 0 1 1853 1980 1852
3704 2 2 0 1 1981 1980 1853
3705 2 2 0 1 1854 1981 1853
3706 2 2 0 1 1982 1981 1854
3707 2 2 0 1 1855 1982 1854
3708 2 2 0 1 1983 1982 1855
3709 2 2 0 1 1856 1983 1855
3710 2 2 0 1 1984 1983 1856
3711 2 2 0 1 1857 1984 1856
3712 2 2 0 1 1985 1984 1857
3713 2 2 0 1 1986 1858 1857
3714 2 2 0 1 1986 1985 1857
3715 2 2 0 1 1987 1859 1858
3716 2 2 0 1 1987 1986 1858
3717 2 2 0 1 1988 1860 1859
3718 2 2 0 1 1988 1987 1859
3719 2 2 0 1 1989 1861 1860
3720 2 2 0 1 1989 1988 1860
3721 2 2 0 1 1990 1862 1861
3722 2 2 0 1 1990 1989 1861
3723 2 2 0 1 1991 1863 1862
3724 2 2 0 1 1991 1990 1862
3725 2 2 0 1 1992 1864 1863
3726 2 2 0 1 1992 1991 1863
3727 2 2 0 1 1993 1865 1864
3728 2 2 0 1 1993 1992 1864
3729 2 2 0 1 1994 1866 1865
3730 2 2 0 1 1994 1993 1865
3731 2 2 0 1 1995 1867 1866
3732 2 2 0 1 1995 1994 1866
3733 2 2 0 1 1996 1868 1867
3734 2 2 0 1 1996 1995 1867
3735 2 2 0 1 1997 1869 1868
3736 2 2 0 1 1997 1996 1868
3737 2 2 0 1 1998 1870 1869
3738 2 2 0 1 1998 1997 1869
3739 2 2 0 1 1999 1871 1870
3740 2 2 0 1 1999 1998 1870
3741 2 2 0 1 2000 1872 1871
3742 2 2 0 1 2000 1999 1871
3743 2 2 0 1 2001 1873 1872
3744 2 2 0 1 2001 2000 1872
3745 2 2 0 1 2002 1874 1873
3746 2 2 0 1 2002 2001 1873
3747 2 2 0 1 2003 1875 1874
3748 2 2 0 1 2003 2002 1874
3749 2 2 0 1 2004 1876 1875
3750 2 2 0 1 2004 2003 1875
3751 2 2 0 1 2005 1877 1876
3752 2 2 0 1 2005 2004 1876
3753 2 2 0 1 2006 1878 1877
3754 2 2 0 1 2006 2005 1877
3755 2 2 0 1 2007 1879 1878
3756 2 2 0 1 2007 2006 1878
3757 2 2 0 1 2008 1880 1879
3758 2 2 0 1 2008 2007 1879
3759 2 2 0 1 2009 1881 1880
3760 2 2 0 1 2009 2008 1880
3761 2 2 0 1 2010 1882 1881
3762 2 2 0 1 2010 2009 1881
3763 2 2 0 1 2011 1883 1882
3764 2 2 0 1 2011 2010 1882
3765 2 2 0 1 2012 1884 1883
3766 2 2 0 1 2012 2011 1883
3767 2 2 0 1 2013 1885 1884
3768 2 2 0 1 2013 2012 1884
3769 2 2 0 1 2014 1886 1885
3770 2 2 0 1 2014 2013 1885
3771 2 2 0 1 2015 1887 1886
3772 2 2 0 1 2015 2014 1886
3773 2 2 0 1 2016 1888 1887
3774 2 2 0 1 2016 2015 1887
3775 2 2 0 1 2017 1889 1888
3776 2 2 0 1 2017 2016 1888
3777 2 2 0 1 2018 1890 1889
3778 2 2 0 1 2018 2017 1889
3779 2 2 0 1 2019 1891 1890
3780 2 2 0 1 2019 2018 1890
3781 2 2 0 1 2020 1892 1891
3782 2 2 0 1 2020 2019 1891
3783 2 2 0 1 2021 1893 1892
3784 2 2 0 1 2021 2020 1892
3785 2 2 0 1 2022 1894 1893
3786 2 2 0 1 2022 2021 1893
3787 2 2 0 1 2023 1895 1894
3788 2 2 0 1 2023 2022 1894
3789 2 2 0 1 2024 1896 1895
3790 2 2 0 1 2024 2023 1895
3791 2 2 0 1 2025 1897 1896
3792 2 2 0 1 2025 2024 1896
3793 2 2 0 1 2026 1898 1897
3794 2 2 0 1 2026 2025 1897
3795 2 2 0 1 2027 1899 1898
3796 2 2 0 1 2027 2026 1898
3797 2 2 0 1 2028 1900 1899
3798 2 2 0 1 2028 2027 1899
3799 2 2 0 1 2029 1901 1900
3800 2 2 0 1 2029 2028 1900
3801 2 2 0 1 2030 1902 1901
3802 2 2 0 1 2030 2029 1901
3803 2 2 0 1 2031 1903 1902
3804 2 2 0 1 2031 2030 1902
3805 2 2 0 1 2032 1904 1903
3806 2 2 0 1 2032 2031 1903
3807 2 2 0 1 2033 1905 1904
3808 2 2 0 1 2033 2032 1904
3809 2 2 0 1 2034 1906 1905
3810 2 2 0 1 2034 2033 1905
3811 2 2 0 1 1907 2034 1906
3812 2 2 0 1 2035 2034 1907
3813 2 2 0 1 1908 2035 1907
3814 2 2 0 1 2036 2035 1908
3815 2 2 0 1 1909 2036 1908
3816 2 2 0 1 2037 2036 1909
3817 2 2 0 1 1910 2037 1909
3818 2 2 0 1 2038 2037 1910
3819 2 2 0 1 1911 2038 1910
3820 2 2 0 1 2039 2038 1911
3821 2 2 0 1 1912 2039 1911
3822 2 2 0 1 2040 2039 1912
3823 2 2 0 1 1913 2040 1912
3824 2 2 0 1 2041 2040 1913
3825 2 2 0 1 1914 2041 1913
3826 2 2 0 1 2042 2041 1914
3827 2 2 0 1 1915 2042 1914
3828 2 2 0 1 2043 2042 1915
3829 2 2 0 1 1916 2043 1915
3830 2 2 0 1 2044 2043 1916
3831 2 2 0 1 1917 2044 1916
3832 2 2 0 1 2045 2044 1917
3833 2 2 0 1 1918 2045 1917
3834 2 2 0 1 2046 2045 1918
3835 2 2 0 1 1919 2046 1918
3836 2 2 0 1 2047 2046 1919
3837 2 2 0 1 1920 2047 1919
3838 2 2 0 1 2048 2047 1920
3839 2 2 0 1 1794 2048 1920
3840 2 2 0 1 1922 2048 1794
3841 2 2 0 1 2049 1921 1922
3842 2 2 0 1 2049 2050 1922
3843 2 2 0 1 2051 1923 1921
3844 2 2 0 1 2051 2049 1921
3845 2 2 0 1 2052 1924 1923
3846 2 2 0 1 2052 2051 1923
3847 2 2 0 1 2053 1925 1924
3848 2 2 0 1 2053 2052 1924
3849 2 2 0 1 2054 1926 1925
3850 2 2 0 1 2054 2053 1925
3851 2 2 0 1 2055 1927 1926
3852 2 2 0 1 2055 2054 1926
3853 2 2 0 1 2056 1928 1927
3854 2 2 0 1 2056 2055 1927
3855 2 2 0 1 2057 1929 1928
3856 2 2 0 1 2057 2056 1928
3857 2 2 0 1 2058 1930 1929
3858 2 2 0 1 2058 2057 1929
3859 2 2 0 1 2059 1931 1930
3860 2 2 0 1 2059 2058 1930
3861 2 2 0 1 2060 1932 1931
3862 2 2 0 1 2060 2059 1931
3863 2 2 0 1 2061 1933 1932
3864 2 2 0 1 2061 2060 1932
3865 2 2 0 1 2062 1934 1933
3866 2 2 0 1 2062 2061 1933
3867 2 2 0 1 2063 1935 1934
3868 2 2 0 1 2063 2062 1934
3869 2 2 0 1 2064 1936 1935
3870 2 2 0 1 2064 2063 1935
3871 2 2 0 1 1937 2064 1936
3872 2 2 0 1 2065 2064 1937
3873 2 2 0 1 1938 2065 1937
3874 2 2 0 1 2066 2065 1938
3875 2 2 0 1 1939 2066 1938
3876 2 2 0 1 2067 2066 1939
3877 2 2 0 1 1940 2067 1939
3878 2 2 0 1 2068 2067 1940
3879 2 2 0 1 1941 2068 1940
3880 2 2 0 1 2069 2068 1941
3881 2 2 0 1 1942 2069 1941
3882 2 2 0 1 2070 2069 1942
3883 2 2 0 1 1943 2070 1942
3884 2 2 0 1 2071 2070 1943
3885 2 2 0 1 1944 2071 1943
3886 2 2 0 1 2072 2071 1944
3887 2 2 0 1 1945 2072 1944
3888 2 2 0 1 2073 2072 1945
3889 2 2 0 1 1946 2073 1945
3890 2 2 0 1 2074 2073 1946
3891 2 2 0 1 1947 2074 1946
3892 2 2 0 1 2075 2074 1947
3893 2 2 0 1 1948 2075 1947
3894 2 2 0 1 2076 2075 1948
3895 2 2 0 1 1949 2076 1948
3896 2 2 0 1 2077 2076 1949
3897 2 2 0 1 1950 2077 1949
3898 2 2 0 1 2078 2077 1950
3899 2 2 0 1 1951 2078 1950
3900 2 2 0 1 2079 2078 1951
3901 2 2 0 1 1952 2079 1951
3902 2 2 0 1 2080 2079 1952
3903 2 2 0 1 1953 2080 1952
3904 2 2 0 1 2081 2080 1953
3905 2 2 0 1 1954 2081 1953
3906 2 2 0 1 2082 2081 1954
3907 2 2 0 1 1955 2082 1954
3908 2 2 0 1 2083 2082 1955
3909 2 2 0 1 1956 2083 1955
3910 2 2 0 1 2084 2083 1956
3911 2 2 0 1 1957 2084 1956
3912 2 2 0 1 2085 2084 1957
3913 2 2 0 1 1958 2085 1957
3914 2 2 0 1 2086 2085 1958
3915 2 2 0 1 1959 2086 1958
3916 2 2 0 1 2087 2086 1959
3917 2 2 0 1 1960 2087 1959
3918 2 2 0 1 2088 2087 1960
3919 2 2 0 1 1961 2088 1960
3920 2 2 0 1 2089 2088 1961
3921 2 2 0 1 1962 2089 1961
3922 2 2 0 1 2090 2089 1962
3923 2 2 0 1 1963 2090 1962
3924 2 2 0 1 2091 2090 1963
3925 2 2 0 1 1964 2091 1963
3926 2 2 0 1 2092 2091 1964
3927 2 2 0 1 1965 2092 1964
3928 2 2 0 1 2093 2092 1965
3929 2 2 0 1 1966 2093 1965
3930 2 2 0 1 2094 2093 1966
3931 2 2 0 1 1967 2094 1966
3932 2 2 0 1 2095 2094 1967
3933 2 2 0 1 1968 2095 1967
3934 2 2 0 1 2096 2095 1968
3935 2 2 0 1 1969 2096 1968
3936 2 2 0 1 2097 2096 1969
3937 2 2 0 1 1970 2097 1969
3938 2 2 0 1 2098 2097 1970
3939 2 2 0 1 1971 2098 1970
3940 2 2 0 1 2099 2098 1971
3941 2 2 0 1 1972 2099 1971
3942 2 2 0 1 2100 2099 1972
3943 2 2 0 1 1973 2100 1972
3944 2 2 0 1 2101 2100 1973
3945 2 2 0 1 1974 2101 1973
3946 2 2 0 1 2102 2101 1974
3947 2 2 0 1 1975 2102 1974
3948 2 2 0 1 2103 2102 1975
3949 2 2 0 1 1976 2103 1975
3950 2 2 0 1 2104 2103 1976
3951 2 2 0 1 1977 2104 1976
3952 2 2 0 1 2105 2104 1977
3953 2 2 0 1 1978 2105 1977
3954 2 2 0 1 2106 2105 1978
3955 2 2 0 1 1979 2106 1978
3956 2 2 0 1 2107 2106 1979
3957 2 2 0 1 1980 2107 1979
3958 2 2 0 1 2108 2107 1980
3959 2 2 0 1 1981 2108 1980
3960 2 2 0 1 2109 2108 1981
3961 2 2 0 1 1982 2109 1981
3962 2 2 0 1 2110 2109 1982
3963 2 2 0 1 1983 2110 1982
3964 2 2 0 1 2111 2110 1983
3965 2 2 0 1 1984 2111 1983
3966 2 2 0 1 2112 2111 1984
3967 2 2 0 1 1985 2112 1984
3968 2 2 0 1 2113 2112 1985
3969 2 2 0 1 2114 1986 1985
3970 2 2 0 1 2114 2113 1985
3971 2 2 0 1 2115 1987 1986
3972 2 2 0 1 2115 2114 1986
3973 2 2 0 1 2116 1988 1987
3974 2 2 0 1 2116 2115 1987
3975 2 2 0 1 2117 1989 1988
3976 2 2 0 1 2117 2116 1988
3977 2 2 0 1 2118 1990 1989
3978 2 2 0 1 2118 2117 1989
3979 2 2 0 1 2119 1991 1990
3980 2 2 0 1 2119 2118 1990
3981 2 2 0 1 2120 1992 1991
3982 2 2 0 1 2120 2119 1991
3983 2 2 0 1 2121 1993 1992
3984 2 2 0 1 2121 2120 1992
3985 2 2 0 1 2122 1994 1993
3986 2 2 0 1 2122 2121 1993
3987 2 2 0 1 2123 1995 1994
3988 2 2 0 1 2123 2122 1994
3989 2 2 0 1 2124 1996 1995
3990 2 2 0 1 2124 2123 1995
3991 2 2 0 1 2125 1997 1996
3992 2 2 0 1 2125 2124 1996
3993 2 2 0 1 2126 1998 1997
3994 2 2 0 1 2126 2125 1997
3995 2 2 0 1 2127 1999 1998
3996 2 2 0 1 2127 2126 1998
3997 2 2 0 1 2128 2000 1999
3998 2 2 0 1 2128 2127 1999
3999 2 2 0 1 2129 2001 2000
4000 2 2 0 1 2129 2128 2000
4001 2 2 0 1 2130 2002 2001
4002 2 2 0 1 2130 2129 2001
4003 2 2 0 1 2131 2003 2002
4004 2 2 0 1 2131 2130 2002
4005 2 2 0 1 2132 2004 2003
4006 2 2 0 1 2132 2131 2003
4007 2 2 0 1 2133 2005 2004
4008 2 2 0 1 2133 2132 2004
4009 2 2 0 1 2134 2006 2005
4010 2 2 0 1 2134 2133 2005
4011 2 2 0 1 2135 2007 2006
4012 2 2 0 1 2135 2134 2006
4013 2 2 0 1 2136 2008 2007
4014 2 2 0 1 2136 2135 2007
4015 2 2 0 1 2137 2009 2008
4016 2 2 0 1 2137 2136 2008
4017 2 2 0 1 2138 2010 2009
4018 2 2 0 1 2138 2137 2009
4019 2 2 0 1 2139 2011 2010
4020 2 2 0 1 2139 2138 2010
4021 2 2 0 1 2140 2012 2011
4022 2 2 0 1 2140 2139 2011
4023 2 2 0 1 2141 2013 2012
4024 2 2 0 1 2141 2140 2012
4025 2 2 0 1 2142 2014 2013
4026 2 2 0 1 2142 2141 2013
4027 2 2 0 1 2143 2015 2014
4028 2 2 0 1 2143 2142 2014
4029 2 2 0 1 2144 2016 2015
4030 2 2 0 1 2144 2143 2015
4031 2 2 0 1 2145 2017 2016
4032 2 2 0 1 2145 2144 2016
4033 2 2 0 1 2146 2018 2017
4034 2 2 0 1 2146 2145 2017
4035 2 2 0 1 2147 2019 2018
4036 2 2 0 1 2147 2146 2018
4037 2 2 0 1 2148 2020 2019
4038 2 2 0 1 2148 2147 2019
4039 2 2 0 1 2149 2021 2020
4040 2 2 0 1 2149 2148 2020
4041 2 2 0 1 2150 2022 2021
4042 2 2 0 1 2150 2149 2021
4043 2 2 0 1 2151 2023 2022
4044 2 2 0 1 2151 2150 2022
4045 2 2 0 1 2152 2024 2023
4046 2 2 0 1 2152 2151 2023
4047 2 2 0 1 2153 2025 2024
4048 2 2 0 1 2153 2152 2024
4049 2 2 0 1 2154 2026 2025
4050 2 2 0 1 2154 2153 2025
4051 2 2 0 1 2155 2027 2026
4052 2 2 0 1 2155 2154 2026
4053 2 2 0 1 2156 2028 2027
4054 2 2 0 1 2156 2155 2027
4055 2 2 0 1 2157 2029 2028
4056 2 2 0 1 2157 2156 2028
4057 2 2 0 1 2158 2030 2029
4058 2 2 0 1 2158 2157 2029
4059 2 2 0 1 2159 2031 2030
4060 2 2 0 1 2159 2158 2030
4061 2 2 0 1 2160 2032 2031
4062 2 2 0 1 2160 2159 2031
4063 2 2 0 1 2161 2033 2032
4064 2 2 0 1 2161 2160 2032
4065 2 2 0 1 2162 2034 2033
4066 2 2 0 1 2162 2161 2033
4067 2 2 0 1 2035 2162 2034
4068 2 2 0 1 2163 2162 2035
4069 2 2 0 1 2036 2163 2035
4070 2 2 0 1 2164 2163 2036
4071 2 2 0 1 2037 2164 2036
4072 2 2 0 1 2165 2164 2037
4073 2 2 0 1 2038 2165 2037
4074 2 2 0 1 2166 2165 2038
4075 2 2 0 1 2039 2166 2038
4076 2 2 0 1 2167 2166 2039
4077 2 2 0 1 2040 2167 2039
4078 2 2 0 1 2168 2167 2040
4079 2 2 0 1 2041 2168 2040
4080 2 2 0 1 2169 2168 2041
4081 2 2 0 1 2042 2169 2041
4082 2 2 0 1 2170 2169 2042
4083 2 2 0 1 2043 2170 2042
4084 2 2 0 1 2171 2170 2043
4085 2 2 0 1 2044 2171 2043
4086 2 2 0 1 2172 2171 2044
4087 2 2 0 1 2045 2172 2044
4088 2 2 0 1 2173 2172 2045
4089 2 2 0 1 2046 2173 2045
4090 2 2 0 1 2174 2173 2046
4091 2 2 0 1 2047 2174 2046
4092 2 2 0 1 2175 2174 2047
4093 2 2 0 1 2048 2175 2047
4094 2 2 0 1 2176 2175 2048
4095 2 2 0 1 1922 2176 2048
4096 2 2 0 1 2050 2176 1922
4097 2 2 0 1 2177 2049 2050
4098 2 2 0 1 2177 2178 2050
4099 2 2 0 1 2179 2051 2049
4100 2 2 0 1 2179 2177 2049
4101 2 2 0 1 2180 2052 2051
4102 2 2 0 1 2180 2179 2051
4103 2 2 0 1 2181 2053 2052
4104 2 2 0 1 2181 2180 2052
4105 2 2 0 1 2182 2054 2053
4106 2 2 0 1 2182 2181 2053
4107 2 2 0 1 2183 2055 2054
4108 2 2 0 1 2183 2182 2054
4109 2 2 0 1 2184 2056 2055
4110 2 2 0 1 2184 2183 2055
4111 2 2 0 1 2185 2057 2056
4112 2 2 0 1 2185 2184 2056
4113 2 2 0 1 2186 2058 2057
4114 2 2 0 1 2186 2185 2057
4115 2 2 0 1 2187 2059 2058
4116 2 2 0 1 2187 2186 2058
4117 2 2 0 1 2188 2060 2059
4118 2 2 0 1 2188 2187 2059
4119 2 2 0 1 2189 2061 2060
4120 2 2 0 1 2189 2188 2060
4121 2 2 0 1 2190 2062 2061
4122 2 2 0 1 2190 2189 2061
4123 2 2 0 1 2191 2063 2062
4124 2 2 0 1 2191 2190 2062
4125 2 2 0 1 2192 2064 2063
4126 2 2 0 1 2192 2191 2063
4127 2 2 0 1 2065 2192 2064
4128 2 2 0 1 2193 2192 2065
4129 2 2 0 1 2066 2193 2065
4130 2 2 0 1 2194 2193 2066
4131 2 2 0 1 2067 2194 2066
4132 2 2 0 1 2195 2194 2067
4133 2 2 0 1 2068 2195 2067
4134 2 2 0 1 2196 2195 2068
4135 2 2 0 1 2069 2196 2068
4136 2 2 0 1 2197 2196 2069
4137 2 2 0 1 2070 2197 2069
4138 2 2 0 1 2198 2197 2070
4139 2 2 0 1 2071 2198 2070
4140 2 2 0 1 2199 2198 2071
4141 2 2 0 1 2072 2199 2071
4142 2 2 0 1 2200 2199 2072
4143 2 2 0 1 2073 2200 2072
4144 2 2 0 1 2201 2200 2073
4145 2 2 0 1 2074 2201 2073
4146 2 2 0 1 2202 2201 2074
4147 2 2 0 1 2075 2202 2074
4148 2 2 0 1 2203 2202 2075
4149 2 2 0 1 2076 2203 2075
4150 2 2 0 1 2204 2203 2076
4151 2 2 0 1 2077 2204 2076
4152 2 2 0 1 2205 2204 2077
4153 2 2 0 1 2078 2205 2077
4154 2 2 0 1 2206 2205 2078
4155 2 2 0 1 2079 2206 2078
4156 2 2 0 1 2207 2206 2079
4157 2 2 0 1 2080 2207 2079
4158 2 2 0 1 2208 2207 2080
4159 2 2 0 1 2081 2208 2080
4160 2 2 0 1 2209 2208 2081
4161 2 2 0 1 2082 2209 2081
4162 2 2 0 1 2210 2209 2082
4163 2 2 0 1 2083 2210 2082
4164 2 2 0 1 2211 2210 2083
4165 2 2 0 1 2084 2211 2083
4166 2 2 0 1 2212 2211 2084
4167 2 2 0 1 2085 2212 2084
4168 2 2 0 1 2213 2212 2085
4169 2 2 0 1 2086 2213 2085
4170 2 2 0 1 2214 2213 2086
4171 2 2 0 1 2087 2214 2086
4172 2 2 0 1 2215 2214 2087
4173 2 2 0 1 2088 2215 2087
4174 2 2 0 1 2216 2215 2088
4175 2 2 0 1 2089 2216 2088
4176 2 2 0 1 2217 2216 2089
4177 2 2 0 1 2090 2217 2089
4178 2 2 0 1 2218 2217 2090
4179 2 2 0 1 2091 2218 2090
4180 2 2 0 1 2219 2218 2091
4181 2 2 0 1 2092 2219 2091
4182 2 2 0 1 2220 2219 2092
4183 2 2 0 1 2093 2220 2092
4184 2 2 0 1 2221 2220 2093
4185 2 2 0 1 2094 2221 2093
4186 2 2 0 1 2222 2221 2094
4187 2 2 0 1 2095 2222 2094
4188 2 2 0 1 2223 2222 2095
4189 2 2 0 1 2096 2223 2095
4190 2 2 0 1 2224 2223 2096
4191 2 2 0 1 2097 2224 2096
4192 2 2 0 1 2225 2224 2097
4193 2 2 0 1 2098 2225 2097
4194 2 2 0 1 2226 2225 2098
4195 2 2 0 1 2099 2226 2098
4196 2 2 0 1 2227 2226 2099
4197 2 2 0 1 2100 2227 2099
4198 2 2 0 1 2228 2227 2100
4199 2 2 0 1 2101 2228 2100
4200 2 2 0 1 2229 2228 2101
4201 2 2 0 1 2102 2229 2101
4202 2 2 0 1 2230 2229 2102
4203 2 2 0 1 2103 2230 2102
4204 2 2 0 1 2231 2230 2103
4205 2 2 0 1 2104 2231 2103
4206 2 2 0 1 2232 2231 2104
4207 2 2 0 1 2105 2232 2104
4208 2 2 0 1 2233 2232 2105
4209 2 2 0 1 2106 2233 2105
4210 2 2 0 1 2234 2233 2106
4211 2 2 0 1 2107 2234 2106
4212 2 2 0 1 2235 2234 2107
4213 2 2 0 1 2108 2235 2107
4214 2 2 0 1 2236 2235 2108
4215 2 2 0 1 2109 2236 2108
4216 2 2 0 1 2237 2236 2109
4217 2 2 0 1 2110 2237 2109
4218 2 2 0 1 2238 2237 2110
4219 2 2 0 1 2111 2238 2110
4220 2 2 0 1 2239 2238 2111
4221 2 2 0 1 2112 2239 2111
4222 2 2 0 1 2240 2239 2112
4223 2 2 0 1 2113 2240 2112
4224 2 2 0 1 2241 2240 2113
4225 2 2 0 1 2242 2114 2113
4226 2 2 0 1 2242 2241 2113
4227 2 2 0 1 2243 2115 2114
4228 2 2 0 1 2243 2242 2114
4229 2 2 0 1 2244 2116 2115
4230 2 2 0 1 2244 2243 2115
4231 2 2 0 1 2245 2117 2116
4232 2 2 0 1 2245 2244 2116
4233 2 2 0 1 2246 2118 2117
4234 2 2 0 1 2246 2245 2117
4235 2 2 0 1 2247 2119 2118
4236 2 2 0 1 2247 2246 2118
4237 2 2 0 1 2248 2120 2119
4238 2 2 0 1 2248 2247 2119
4239 2 2 0 1 2249 2121 2120
4240 2 2 0 1 2249 2248 2120
4241 2 2 0 1 2250 2122 2121
4242 2 2 0 1 2250 2249 2121
4243 2 2 0 1 2251 2123 2122
4244 2 2 0 1 2251 2250 2122
4245 2 2 0 1 2252 2124 2123
4246 2 2 0 1 2252 2251 2123
4247 2 2 0 1 2253 2125 2124
4248 2 2 0 1 2253 2252 2124
4249 2 2 0 1 2254 2126 2125
4250 2 2 0 1 2254 2253 2125
4251 2 2 0 1 2255 2127 2126
4252 2 2 0 1 2255 2254 2126
4253 2 2 0 1 2256 2128 2127
4254 2 2 0 1 2256 2255 2127
4255 2 2 0 1 2257 2129 2128
4256 2 2 0 1 2257 2256 2128
4257 2 2 0 1 2258 2130 2129
4258 2 2 0 1 2258 2257 2129
4259 2 2 0 1 2259 2131 2130
4260 2 2 0 1 2259 2258 2130
4261 2 2 0 1 2260 2132 2131
4262 2 2 0 1 2260 2259 2131
4263 2 2 0 1 2261 2133 2132
4264 2 2 0 1 2261 2260 2132
4265 2 2 0 1 2262 2134 2133
4266 2 2 0 1 2262 2261 2133
4267 2 2 0 1 2263 2135 2134
4268 2 2 0 1 2263 2262 2134
4269 2 2 0 1 2264 2136 2135
4270 2 2 0 1 2264 2263 2135
4271 2 2 0 1 2265 2137 2136
4272 2 2 0 1 2265 2264 2136
4273 2 2 0 1 2266 2138 2137
4274 2 2 0 1 2266 2265 2137
4275 2 2 0 1 2267 2139 2138
4276 2 2 0 1 2267 2266 2138
4277 2 2 0 1 2268 2140 2139
4278 2 2 0 1 2268 2267 2139
4279 2 2 0 1 2269 2141 2140
4280 2 2 0 1 2269 2268 2140
4281 2 2 0 1 2270 2142 2141
4282 2 2 0 1 2270 2269 2141
4283 2 2 0 1 2271 2143 2142
4284 2 2 0 1 2271 2270 2142
4285 2 2 0 1 2272 2144 2143
4286 2 2 0 1 2272 2271 2143
4287 2 2 0 1 2273 2145 2144
4288 2 2 0 1 2273 2272 2144
4289 2 2 0 1 2274 2146 2145
4290 2 2 0 1 2274 2273 2145
4291 2 2 0 1 2275 2147 2146
4292 2 2 0 1 2275 2274 2146
4293 2 2 0 1 2276 2148 2147
4294 2 2 0 1 2276 2275 2147
4295 2 2 0 1 2277 2149 2148
4296 2 2 0 1 2277 2276 2148
4297 2 2 0 1 2278 2150 2149
4298 2 2 0 1 2278 2277 2149
4299 2 2 0 1 2279 2151 2150
4300 2 2 0 1 2279 2278 2150
4301 2 2 0 1 2280 2152 2151
4302 2 2 0 1 2280 2279 2151
4303 2 2 0 1 2281 2153 2152
4304 2 2 0 1 2281 2280 2152
4305 2 2 0 1 2282 2154 2153
4306 2 2 0 1 2282 2281 2153
4307 2 2 0 1 2283 2155 2154
4308 2 2 0 1 2283 2282 2154
4309 2 2 0 1 2284 2156 2155
4310 2 2 0 1 2284 2283 2155
4311 2 2 0 1 2285 2157 2156
4312 2 2 0 1 2285 2284 2156
4313 2 2 0 1 2286 2158 2157
4314 2 2 0 1 2286 2285 2157
4315 2 2 0 1 2287 2159 2158
4316 2 2 0 1 2287 2286 2158
4317 2 2 0 1 2288 2160 2159
4318 2 2 0 1 2288 2287 2159
4319 2 2 0 1 2289 2161 2160
4320 2 2 0 1 2289 2288 2160
4321 2 2 0 1 2290 2162 2161
4322 2 2 0 1 2290 2289 2161
4323 2 2 0 1 2163 2290 2162
4324 2 2 0 1 2291 2290 2163
4325 2 2 0 1 2164 2291 2163
4326 2 2 0 1 2292 2291 2164
4327 2 2 0 1 2165 2292 2164
4328 2 2 0 1 2293 2292 2165
4329 2 2 0 1 2166 2293 2165
4330 2 2 0 1 2294 2293 2166
4331 2 2 0 1 2167 2294 2166
4332 2 2 0 1 2295 2294 2167
4333 2 2 0 1 2168 2295 2167
4334 2 2 0 1 2296 2295 2168
4335 2 2 0 1 2169 2296 2168
4336 2 2 0 1 2297 2296 2169
4337 2 2 0 1 2170 2297 2169
4338 2 2 0 1 2298 2297 2170
4339 2 2 0 1 2171 2298 2170
4340 2 2 0 1 2299 2298 2171
4341 2 2 0 1 2172 2299 2171
4342 2 2 0 1 2300 2299 2172
4343 2 2 0 1 2173 2300 2172
4344 2 2 0 1 2301 2300 2173
4345 2 2 0 1 2174 2301 2173
4346 2 2 0 1 2302 2301 2174
4347 2 2 0 1 2175 2302 2174
4348 2 2 0 1 2303 2302 2175
4349 2 2 0 1 2176 2303 2175
4350 2 2 0 1 2304 2303 2176
4351 2 2 0 1 2050 2304 2176
4352 2 2 0 1 2178 2304 2050
4353 2 2 0 1 2305 2177 2178
4354 2 2 0 1 2305 2306 2178
4355 2 2 0 1 2307 2179 2177
4356 2 2 0 1 2307 2305 2177
4357 2 2 0 1 2308 2180 2179
4358 2 2 0 1 2308 2307 2179
4359 2 2 0 1 2309 2181 2180
4360 2 2 0 1 2309 2308 2180
4361 2 2 0 1 2310 2182 2181
4362 2 2 0 1 2310 2309 2181
4363 2 2 0 1 2311 2183 2182
4364 2 2 0 1 2311 2310 2182
4365 2 2 0 1 2312 2184 2183
4366 2 2 0 1 2312 2311 2183
4367 2 2 0 1 2313 2185 2184
4368 2 2 0 1 2313 2312 2184
4369 2 2 0 1 2314 2186 2185
4370 2 2 0 1 2314 2313 2185
4371 2 2 0 1 2315 2187 2186
4372 2 2 0 1 2315 2314 2186
4373 2 2 0 1 2316 2188 2187
4374 2 2 0 1 2316 2315 2187
4375 2 2 0 1 2317 2189 2188
4376 2 2 0 1 2317 2316 2188
4377 2 2 0 1 2318 2190 2189
4378 2 2 0 1 2318 2317 2189
4379 2 2 0 1 2319 2191 2190
4380 2 2 0 1 2319 2318 2190
4381 2 2 0 1 2320 2192 2191
4382 2 2 0 1 2320 2319 2191
4383 2 2 0 1 2193 2320 2192
4384 2 2 0 1 2321 2320 2193
4385 2 2 0 1 2194 2321 2193
4386 2 2 0 1 2322 2321 2194
4387 2 2 0 1 2195 2322 2194
4388 2 2 0 1 2323 2322 2195
4389 2 2 0 1 2196 2323 2195
4390 2 2 0 1 2324 2323 2196
4391 2 2 0 1 2197 2324 2196
4392 2 2 0 1 2325 2324 2197
4393 2 2 0 1 2198 2325 2197
4394 2 2 0 1 2326 2325 2198
4395 2 2 0 1 2199 2326 2198
4396 2 2 0 1 2327 2326 2199
4397 2 2 0 1 2200 2327 2199
4398 2 2 0 1 2328 2327 2200
4399 2 2 0 1 2201 2328 2200
4400 2 2 0 1 2329 2328 2201
4401 2 2 0 1 2202 2329 2201
4402 2 2 0 1 2330 2329 2202
4403 2 2 0 1 2203 2330 2202
4404 2 2 0 1 2331 2330 2203
4405 2 2 0 1 2204 2331 2203
4406 2 2 0 1 2332 2331 2204
4407 2 2 0 1 2205 2332 2204
4408 2 2 0 1 2333 2332 2205
4409 2 2 0 1 2206 2333 2205
4410 2 2 0 1 2334 2333 2206
4411 2 2 0 1 2207 2334 2206
4412 2 2 0 1 2335 2334 2207
4413 2 2 0 1 2208 2335 2207
4414 2 2 0 1 2336 2335 2208
4415 2 2 0 1 2209 2336 2208
4416 2 2 0 1 2337 2336 2209
4417 2 2 0 1 2210 2337 2209
4418 2 2 0 1 2338 2337 2210
4419 2 2 0 1 2211 2338 2210
4420 2 2 0 1 2339 2338 2211
4421 2 2 0 1 2212 2339 2211
4422 2 2 0 1 2340 2339 2212
4423 2 2 0 1 2213 2340 2212
4424 2 2 0 1 2341 2340 2213
4425 2 2 0 1 2214 2341 2213
4426 2 2 0 1 2342 2341 2214
4427 2 2 0 1 2215 2342 2214
4428 2 2 0 1 2343 2342 2215
4429 2 2 0 1 2216 2343 2215
4430 2 2 0 1 2344 2343 2216
4431 2 2 0 1 2217 2344 2216
4432 2 2 0 1 2345 2344 2217
4433 2 2 0 1 2218 2345 2217
4434 2 2 0 1 2346 2345 2218
4435 2 2 0 1 2219 2346 2218
4436 2 2 0 1 2347 2346 2219
4437 2 2 0 1 2220 2347 2219
4438 2 2 0 1 2348 2347 2220
4439 2 2 0 1 2221 2348 2220
4440 2 2 0 1 2349 2348 2221
4441 2 2 0 1 2222 2349 2221
4442 2 2 0 1 2350 2349 2222
4443 2 2 0 1 2223 2350 2222
4444 2 2 0 1 2351 2350 2223
4445 2 2 0 1 2224 2351 2223
4446 2 2 0 1 2352 2351 2224
4447 2 2 0 1 2225 2352 2224
4448 2 2 0 1 2353 2352 2225
4449 2 2 0 1 2226 2353 2225
4450 2 2 0 1 2354 2353 2226
4451 2 2 0 1 2227 2354 2226
4452 2 2 0 1 2355 2354 2227
4453 2 2 0 1 2228 2355 2227
4454 2 2 0 1 2356 2355 2228
4455 2 2 0 1 2229 2356 2228
4456 2 2 0 1 2357 2356 2229
4457 2 2 0 1 2230 2357 2229
4458 2 2 0 1 2358 2357 2230
4459 2 2 0 1 2231 2358 2230
4460 2 2 0 1 2359 2358 2231
4461 2 2 0 1 2232 2359 2231
4462 2 2 0 1 2360 2359 2232
4463 2 2 0 1 2233 2360 2232
4464 2 2 0 1 2361 2360 2233
4465 2 2 0 1 2234 2361 2233
4466 2 2 0 1 2362 2361 2234
4467 2 2 0 1 2235 2362 2234
4468 2 2 0 1 2363 2362 2235
4469 2 2 0 1 2236 2363 2235
4470 2 2 0 1 2364 2363 2236
4471 2 2 0 1 2237 2364 2236
4472 2 2 0 1 2365 2364 2237
4473 2 2 0 1 2238 2365 2237
4474 2 2 0 1 2366 2365 2238
4475 2 2 0 1 2239 2366 2238
4476 2 2 0 1 2367 2366 2239
4477 2 2 0 1 2240 2367 2239
4478 2 2 0 1 2368 2367 2240
4479 2 2 0 1 2241 2368 2240
4480 2 2 0 1 2369 2368 2241
4481 2 2 0 1 2370 2242 2241
4482 2 2 0 1 2370 2369 2241
4483 2 2 0 1 2371 2243 2242
4484 2 2 0 1 2371 2370 2242
4485 2 2 0 1 2372 2244 2243
4486 2 2 0 1 2372 2371 2243
4487 2 2 0 1 2373 2245 2244
4488 2 2 0 1 2373 2372 2244
4489 2 2 0 1 2374 2246 2245
4490 2 2 0 1 2374 2373 2245
4491 2 2 0 1 2375 2247 2246
4492 2 2 0 1 2375 2374 2246
4493 2 2 0 1 2376 2248 2247
4494 2 2 0 1 2376 2375 2247
4495 2 2 0 1 2377 2249 2248
4496 2 2 0 1 2377 2376 2248
4497 2 2 0 1 2378 2250 2249
4498 2 2 0 1 2378 2377 2249
4499 2 2 0 1 2379 2251 2250
4500 2 2 0 1 2379 2378 2250
4501 2 2 0 1 2380 2252 2251
4502 2 2 0 1 2380 2379 2251
4503 2 2 0 1 2381 2253 2252
4504 2 2 0 1 2381 2380 2252
4505 2 2 0 1 2382 2254 2253
4506 2 2 0 1 2382 2381 2253
4507 2 2 0 1 2383 2255 2254
4508 2 2 0 1 2383 2382 2254
4509 2 2 0 1 2384 2256 2255
4510 2 2 0 1 2384 2383 2255
4511 2 2 0 1 2385 2257 2256
4512 2 2 0 1 2385 2384 2256
4513 2 2 0 1 2386 2258 2257
4514 2 2 0 1 2386 2385 2257
4515 2 2 0 1 2387 2259 2258
4516 2 2 0 1 2387 2386 2258
4517 2 2 0 1 2388 2260 2259
4518 2 2 0 1 2388 2387 2259
4519 2 2 0 1 2389 2261 2260
4520 2 2 0 1 2389 2388 2260
4521 2 2 0 1 2390 2262 2261
4522 2 2 0 1 2390 2389 2261
4523 2 2 0 1 2391 2263 2262
4524 2 2 0 1 2391 2390 2262
4525 2 2 0 1 2392 2264 2263
4526 2 2 0 1 2392 2391 2263
4527 2 2 0 1 2393 2265 2264
4528 2 2 0 1 2393 2392 2264
4529 2 2 0 1 2394 2266 2265
4530 2 2 0 1 2394 2393 2265
4531 2 2 0 1 2395 2267 2266
4532 2 2 0 1 2395 2394 2266
4533 2 2 0 1 2396 2268 2267
4534 2 2 0 1 2396 2395 2267
4535 2 2 0 1 2397 2269 2268
4536 2 2 0 1 2397 2396 2268
4537 2 2 0 1 2398 2270 2269
4538 2 2 0 1 2398 2397 2269
4539 2 2 0 1 2399 2271 2270
4540 2 2 0 1 2399 2398 2270
4541 2 2 0 1 2400 2272 2271
4542 2 2 0 1 2400 2399 2271
4543 2 2 0 1 2401 2273 2272
4544 2 2 0 1 2401 2400 2272
4545 2 2 0 1 2402 2274 2273
4546 2 2 0 1 2402 2401 2273
4547 2 2 0 1 2403 2275 2274
4548 2 2 0 1 2403 2402 2274
4549 2 2 0 1 2404 2276 2275
4550 2 2 0 1 2404 2403 2275
4551 2 2 0 1 2405 2277 2276
4552 2 2 0 1 2405 2404 2276
4553 2 2 0 1 2406 2278 2277
4554 2 2 0 1 2406 2405 2277
4555 2 2 0 1 2407 2279 2278
4556 2 2 0 1 2407 2406 2278
4557 2 2 0 1 2408 2280 2279
4558 2 2 0 1 2408 2407 2279
4559 2 2 0 1 2409 2281 2280
4560 2 2 0 1 2409 2408 2280
4561 2 2 0 1 2410 2282 2281
4562 2 2 0 1 2410 2409 2281
4563 2 2 0 1 2411 2283 2282
4564 2 2 0 1 2411 2410 2282
4565 2 2 0 1 2412 2284 2283
4566 2 2 0 1 2412 2411 2283
4567 2 2 0 1 2413 2285 2284
4568 2 2 0 1 2413 2412 2284
4569 2 2 0 1 2414 2286 2285
4570 2 2 0 1 2414 2413 2285
4571 2 2 0 1 2415 2287 2286
4572 2 2 0 1 2415 2414 2286
4573 2 2 0 1 2416 2288 2287
4574 2 2 0 1 2416 2415 2287
4575 2 2 0 1 2417 2289 2288
4576 2 2 0 1 2417 2416 2288
4577 2 2 0 1 2418 2290 2289
4578 2 2 0 1 2418 2417 2289
4579 2 2 0 1 2291 2418 2290
4580 2 2 0 1 2419 2418 2291
4581 2 2 0 1 2292 2419 2291
4582 2 2 0 1 2420 2419 2292
4583 2 2 0 1 2293 2420 2292
4584 2 2 0 1 2421 2420 2293
4585 2 2 0 1 2294 2421 2293
4586 2 2 0 1 2422 2421 2294
4587 2 2 0 1 2295 2422 2294
4588 2 2 0 1 2423 2422 2295
4589 2 2 0 1 2296 2423 2295
4590 2 2 0 1 2424 2423 2296
4591 2 2 0 1 2297 2424 2296
4592 2 2 0 1 2425 2424 2297
4593 2 2 0 1 2298 2425 2297
4594 2 2 0 1 2426 2425 2298
4595 2 2 0 1 2299 2426 2298
4596 2 2 0 1 2427 2426 2299
4597 2 2 0 1 2300 2427 2299
4598 2 2 0 1 2428 2427 2300
4599 2 2 0 1 2301 2428 2300
4600 2 2 0 1 2429 2428 2301
4601 2 2 0 1 2302 2429 2301
4602 2 2 0 1 2430 2429 2302
4603 2 2 0 1 2303 2430 2302
4604 2 2 0 1 2431 2430 2303
4605 2 2 0 1 2304 2431 2303
4606 2 2 0 1 2432 2431 2304
4607 2 2 0 1 2178 2432 2304
4608 2 2 0 1 2306 2432 2178
4609 2 2 0 1 2433 2305 2306
4610 2 2 0 1 2433 2434 2306
4611 2 2 0 1 2435 2307 2305
4612 2 2 0 1 2435 2433 2305
4613 2 2 0 1 2436 2308 2307
4614 2 2 0 1 2436 2435 2307
4615 2 2 0 1 2437 2309 2308
4616 2 2 0 1 2437 2436 2308
4617 2 2 0 1 2438 2310 2309
4618 2 2 0 1 2438 2437 2309
4619 2 2 0 1 2439 2311 2310
4620 2 2 0 1 2439 2438 2310
4621 2 2 0 1 2440 2312 2311
4622 2 2 0 1 2440 2439 2311
4623 2 2 0 1 2441 2313 2312
4624 2 2 0 1 2441 2440 2312
4625 2 2 0 1 2442 2314 2313
4626 2 2 0 1 2442 2441 2313
4627 2 2 0 1 2443 2315 2314
4628 2 2 0 1 2443 2442 2314
4629 2 2 0 1 2444 2316 2315
4630 2 2 0 1 2444 2443 2315
4631 2 2 0 1 2445 2317 2316
4632 2 2 0 1 2445 2444 2316
4633 2 2 0 1 2446 2318 2317
4634 2 2 0 1 2446 2445 2317
4635 2 2 0 1 2447 2319 2318
4636 2 2 0 1 2447 2446 2318
4637 2 2 0 1 2448 2320 2319
4638 2 2 0 1 2448 2447 2319
4639 2 2 0 1 2321 2448 2320
4640 2 2 0 1 2449 2448 2321
4641 2 2 0 1 2322 2449 2321
4642 2 2 0 1 2450 2449 2322
4643 2 2 0 1 2323 2450 2322
4644 2 2 0 1 2451 2450 2323
4645 2 2 0 1 2324 2451 2323
4646 2 2 0 1 2452 2451 2324
4647 2 2 0 1 2325 2452 2324
4648 2 2 0 1 2453 2452 2325
4649 2 2 0 1 2326 2453 2325
4650 2 2 0 1 2454 2453 2326
4651 2 2 0 1 2327 2454 2326
4652 2 2 0 1 2455 2454 2327
4653 2 2 0 1 2328 2455 2327
4654 2 2 0 1 2456 2455 2328
4655 2 2 0 1 2329 2456 2328
4656 2 2 0 1 2457 2456 2329
4657 2 2 0 1 2330 2457 2329
4658 2 2 0 1 2458 2457 2330
4659 2 2 0 1 2331 2458 2330
4660 2 2 0 1 2459 2458 2331
4661 2 2 0 1 2332 2459 2331
4662 2 2 0 1 2460 2459 2332
4663 2 2 0 1 2333 2460 2332
4664 2 2 0 1 2461 2460 2333
4665 2 2 0 1 2334 2461 2333
4666 2 2 0 1 2462 2461 2334
4667 2 2 0 1 2335 2462 2334
4668 2 2 0 1 2463 2462 2335
4669 2 2 0 1 2336 2463 2335
4670 2 2 0 1 2464 2463 2336
4671 2 2 0 1 2337 2464 2336
4672 2 2 0 1 2465 2464 2337
4673 2 2 0 1 2338 2465 2337
4674 2 2 0 1 2466 2465 2338
4675 2 2 0 1 2339 2466 2338
4676 2 2 0 1 2467 2466 2339
4677 2 2 0 1 2340 2467 2339
4678 2 2 0 1 2468 2467 2340
4679 2 2 0 1 2341 2468 2340
4680 2 2 0 1 2469 2468 2341
4681 2 2 0 1 2342 2469 2341
4682 2 2 0 1 2470 2469 2342
4683 2 2 0 1 2343 2470 2342
4684 2 2 0 1 2471 2470 2343
4685 2 2 0 1 2344 2471 2343
4686 2 2 0 1 2472 2471 2344
4687 2 2 0 1 2345 2472 2344
4688 2 2 0 1 2473 2472 2345
4689 2 2 0 1 2346 2473 2345
4690 2 2 0 1 2474 2473 2346
4691 2 2 0 1 2347 2474 2346
4692 2 2 0 1 2475 2474 2347
4693 2 2 0 1 2348 2475 2347
4694 2 2 0 1 2476 2475 2348
4695 2 2 0 1 2349 2476 2348
4696 2 2 0 1 2477 2476 2349
4697 2 2 0 1 2350 2477 2349
4698 2 2 0 1 2478 2477 2350
4699 2 2 0 1 2351 2478 2350
4700 2 2 0 1 2479 2478 2351
4701 2 2 0 1 2352 2479 2351
4702 2 2 0 1 2480 2479 2352
4703 2 2 0 1 2353 2480 2352
4704 2 2 0 1 2481 2480 2353
4705 2 2 0 1 2354 2481 2353
4706 2 2 0 1 2482 2481 2354
4707 2 2 0 1 2355 2482 2354
4708 2 2 0 1 2483 2482 2355
4709 2 2 0 1 2356 2483 2355
4710 2 2 0 1 2484 2483 2356
4711 2 2 0 1 2357 2484 2356
4712 2 2 0 1 2485 2484 2357
4713 2 2 0 1 2358 2485 2357
4714 2 2 0 1 2486 2485 2358
4715 2 2 0 1 2359 2486 2358
4716 2 2 0 1 2487 2486 2359
4717 2 2 0 1 2360 2487 2359
4718 2 2 0 1 2488 2487 2360
4719 2 2 0 1 2361 2488 2360
4720 2 2 0 1 2489 2488 2361
4721 2 2 0 1 2362 2489 2361
4722 2 2 0 1 2490 2489 2362
4723 2 2 0 1 2363 2490 2362
4724 2 2 0 1 2491 2490 2363
4725 2 2 0 1 2364 2491 2363
4726 2 2 0 1 2492 2491 2364
4727 2 2 0 1 2365 2492 2364
4728 2 2 0 1 2493 2492 2365
4729 2 2 0 1 2366 2493 2365
4730 2 2 0 1 2494 2493 2366
4731 2 2 0 1 2367 2494 2366
4732 2 2 0 1 2495 2494 2367
4733 2 2 0 1 2368 2495 2367
4734 2 2 0 1 2496 2495 2368
4735 2 2 0 1 2369 2496 2368
4736 2 2 0 1 2497 2496 2369
4737 2 2 0 1 2498 2370 2369
4738 2 2 0 1 2498 2497 2369
4739 2 2 0 1 2499 2371 2370
4740 2 2 0 1 2499 2498 2370
4741 2 2 0 1 2500 2372 2371
4742 2 2 0 1 2500 2499 2371
4743 2 2 0 1 2501 2373 2372
4744 2 2 0 1 2501 2500 2372
4745 2 2 0 1 2502 2374 2373
4746 2 2 0 1 2502 2501 2373
4747 2 2 0 1 2503 2375 2374
4748 2 2 0 1 2503 2502 2374
4749 2 2 0 1 2504 2376 2375
4750 2 2 0 1 2504 2503 2375
4751 2 2 0 1 2505 2377 2376
4752 2 2 0 1 2505 2504 2376
4753 2 2 0 1 2506 2378 2377
4754 2 2 0 1 2506 2505 2377
4755 2 2 0 1 2507 2379 2378
4756 2 2 0 1 2507 2506 2378
4757 2 2 0 1 2508 2380 2379
4758 2 2 0 1 2508 2507 2379
4759 2 2 0 1 2509 2381 2380
4760 2 2 0 1 2509 2508 2380
4761 2 2 0 1 2510 2382 2381
4762 2 2 0 1 2510 2509 2381
4763 2 2 0 1 2511 2383 2382
4764 2 2 0 1 2511 2510 2382
4765 2 2 0 1 2512 2384 2383
4766 2 2 0 1 2512 2511 2383
4767 2 2 0 1 2513 2385 2384
4768 2 2 0 1 2513 2512 2384
4769 2 2 0 1 2514 2386 2385
4770 2 2 0 1 2514 2513 2385
4771 2 2 0 1 2515 2387 2386
4772 2 2 0 1 2515 2514 2386
4773 2 2 0 1 2516 2388 2387
4774 2 2 0 1 2516 2515 2387
4775 2 2 0 1 2517 2389 2388
4776 2 2 0 1 2517 2516 2388
4777 2 2 0 1 2518 2390 2389
4778 2 2 0 1 2518 2517 2389
4779 2 2 0 1 2519 2391 2390
4780 2 2 0 1 2519 2518 2390
4781 2 2 0 1 2520 2392 2391
4782 2 2 0 1 2520 2519 2391
4783 2 2 0 1 2521 2393 2392
4784 2 2 0 1 2521 2520 2392
4785 2 2 0 1 2522 2394 2393
4786 2 2 0 1 2522 2521 2393
4787 2 2 0 1 2523 2395 2394
4788 2 2 0 1 2523 2522 2394
4789 2 2 0 1 2524 2396 2395
4790 2 2 0 1 2524 2523 2395
4791 2 2 0 1 2525 2397 2396
4792 2 2 0 1 2525 2524 2396
4793 2 2 0 1 2526 2398 2397
4794 2 2 0 1 2526 2525 2397
4795 2 2 0 1 2527 2399 2398
4796 2 2 0 1 2527 2526 2398
4797 2 2 0 1 2528 2400 2399
4798 2 2 0 1 2528 2527 2399
4799 2 2 0 1 2529 2401 2400
4800 2 2 0 1 2529 2528 2400
4801 2 2 0 1 2530 2402 2401
4802 2 2 0 1 2530 2529 2401
4803 2 2 0 1 2531 2403 2402
4804 2 2 0 1 2531 2530 2402
4805 2 2 0 1 2532 2404 2403
4806 2 2 0 1 2532 2531 2403
4807 2 2 0 1 2533 2405 2404
4808 2 2 0 1 2533 2532 2404
4809 2 2 0 1 2534 2406 2405
4810 2 2 0 1 2534 2533 2405
4811 2 2 0 1 2535 2407 2406
4812 2 2 0 1 2535 2534 2406
4813 2 2 0 1 2536 2408 2407
4814 2 2 0 1 2536 2535 2407
4815 2 2 0 1 2537 2409 2408
4816 2 2 0 1 2537 2536 2408
4817 2 2 0 1 2538 2410 2409
4818 2 2 0 1 2538 2537 2409
4819 2 2 0 1 2539 2411 2410
4820 2 2 0 1 2539 2538 2410
4821 2 2 0 1 2540 2412 2411
4822 2 2 0 1 2540 2539 2411
4823 2 2 0 1 2541 2413 2412
4824 2 2 0 1 2541 2540 2412
4825 2 2 0 1 2542 2414 2413
4826 2 2 0 1 2542 2541 2413
4827 2 2 0 1 2543 2415 2414
4828 2 2 0 1 2543 2542 2414
4829 2 2 0 1 2544 2416 2415
4830 2 2 0 1 2544 2543 2415
4831 2 2 0 1 2545 2417 2416
4832 2 2 0 1 2545 2544 2416
4833 2 2 0 1 2546 2418 2417
4834 2 2 0 1 2546 2545 2417
4835 2 2 0 1 2419 2546 2418
4836 2 2 0 1 2547 2546 2419
4837 2 2 0 1 2420 2547 2419
4838 2 2 0 1 2548 2547 2420
4839 2 2 0 1 2421 2548 2420
4840 2 2 0 1 2549 2548 2421
4841 2 2 0 1 2422 2549 2421
4842 2 2 0 1 2550 2549 2422
4843 2 2 0 1 2423 2550 2422
4844 2 2 0 1 2551 2550 2423
4845 2 2 0 1 2424 2551 2423
4846 2 2 0 1 2552 2551 2424
4847 2 2 0 1 2425 2552 2424
4848 2 2 0 1 2553 2552 2425
4849 2 2 0 1 2426 2553 2425
4850 2 2 0 1 2554 2553 2426
4851 2 2 0 1 2427 2554 2426
4852 2 2 0 1 2555 2554 2427
4853 2 2 0 1 2428 2555 2427
4854 2 2 0 1 2556 2555 2428
4855 2 2 0 1 2429 2556 2428
4856 2 2 0 1 2557 2556 2429
4857 2 2 0 1 2430 2557 2429
4858 2 2 0 1 2558 2557 2430
4859 2 2 0 1 2431 2558 2430
4860 2 2 0 1 2559 2558 2431
4861 2 2 0 1 2432 2559 2431
4862 2 2 0 1 2560 2559 2432
4863 2 2 0 1 2306 2560 2432
4864 2 2 0 1 2434 2560 2306
4865 2 2 0 1 2561 2433 2434
4866 2 2 0 1 2561 2562 2434
4867 2 2 0 1 2563 2435 2433
4868 2 2 0 1 2563 2561 2433
4869 2 2 0 1 2564 2436 2435
4870 2 2 0 1 2564 2563 2435
4871 2 2 0 1 2565 2437 2436
4872 2 2 0 1 2565 2564 2436
4873 2 2 0 1 2566 2438 2437
4874 2 2 0 1 2566 2565 2437
4875 2 2 0 1 2567 2439 2438
4876 2 2 0 1 2567 2566 2438
4877 2 2 0 1 2568 2440 2439
4878 2 2 0 1 2568 2567 2439
4879 2 2 0 1 2569 2441 2440
4880 2 2 0 1 2569 2568 2440
4881 2 2 0 1 2570 2442 2441
4882 2 2 0 1 2570 2569 2441
4883 2 2 0 1 2571 2443 2442
4884 2 2 0 1 2571 2570 2442
4885 2 2 0 1 2572 2444 2443
4886 2 2 0 1 2572 2571 2443
4887 2 2 0 1 2573 2445 2444
4888 2 2 0 1 2573 2572 2444
4889 2 2 0 1 2574 2446 2445
4890 2 2 0 1 2574 2573 2445
4891 2 2 0 1 2575 2447 2446
4892 2 2 0 1 2575 2574 2446
4893 2 2 0 1 2576 2448 2447
4894 2 2 0 1 2576 2575 2447
4895 2 2 0 1 2449 2576 2448
4896 2 2 0 1 2577 2576 2449
4897 2 2 0 1 2450 2577 2449
4898 2 2 0 1 2578 2577 2450
4899 2 2 0 1 2451 2578 2450
4900 2 2 0 1 2579 2578 2451
4901 2 2 0 1 2452 2579 2451
4902 2 2 0 1 2580 2579 2452
4903 2 2 0 1 2453 2580 2452
4904 2 2 0 1 2581 2580 2453
4905 2 2 0 1 2454 2581 2453
4906 2 2 0 1 2582 2581 2454
4907 2 2 0 1 2455 2582 2454
4908 2 2 0 1 2583 2582 2455
4909 2 2 0 1 2456 2583 2455
4910 2 2 0 1 2584 2583 2456
4911 2 2 0 1 2457 2584 2456
4912 2 2 0 1 2585 2584 2457
4913 2 2 0 1 2458 2585 2457
4914 2 2 0 1 2586 2585 2458
4915 2 2 0 1 2459 2586 2458
4916 2 2 0 1 2587 2586 2459
4917 2 2 0 1 2460 2587 2459
4918 2 2 0 1 2588 2587 2460
4919 2 2 0 1 2461 2588 2460
4920 2 2 0 1 2589 2588 2461
4921 2 2 0 1 2462 2589 2461
4922 2 2 0 1 2590 2589 2462
4923 2 2 0 1 2463 2590 2462
4924 2 2 0 1 2591 2590 2463
4925 2 2 0 1 2464 2591 2463
4926 2 2 0 1 2592 2591 2464
4927 2 2 0 1 2465 2592 2464
4928 2 2 0 1 2593 2592 2465
4929 2 2 0 1 2466 2593 2465
4930 2 2 0 1 2594 2593 2466
4931 2 2 0 1 2467 2594 2466
4932 2 2 0 1 2595 2594 2467
4933 2 2 0 1 2468 2595 2467
4934 2 2 0 1 2596 2595 2468
4935 2 2 0 1 2469 2596 2468
4936 2 2 0 1 2597 2596 2469
4937 2 2 0 1 2470 2597 2469
4938 2 2 0 1 2598 2597 2470
4939 2 2 0 1 2471 2598 2470
4940 2 2 0 1 2599 2598 2471
4941 2 2 0 1 2472 2599 2471
4942 2 2 0 1 2600 2599 2472
4943 2 2 0 1 2473 2600 2472
4944 2 2 0 1 2601 2600 2473
4945 2 2 0 1 2474 2601 2473
4946 2 2 0 1 2602 2601 2474
4947 2 2 0 1 2475 2602 2474
4948 2 2 0 1 2603 2602 2475
4949 2 2 0 1 2476 2603 2475
4950 2 2 0 1 2604 2603 2476
4951 2 2 0 1 2477 2604 2476
4952 2 2 0 1 2605 2604 2477
4953 2 2 0 1 2478 2605 2477
4954 2 2 0 1 2606 2605 2478
4955 2 2 0 1 2479 2606 2478
4956 2 2 0 1 2607 2606 2479
4957 2 2 0 1 2480 2607 2479
4958 2 2 0 1 2608 2607 2480
4959 2 2 0 1 2481 2608 2480
4960 2 2 0 1 2609 2608 2481
4961 2 2 0 1 2482 2609 2481
4962 2 2 0 1 2610 2609 2482
4963 2 2 0 1 2483 2610 2482
4964 2 2 0 1 2611 2610 2483
4965 2 2 0 1 2484 2611 2483
4966 2 2 0 1 2612 2611 2484
4967 2 2 0 1 2485 2612 2484
4968 2 2 0 1 2613 2612 2485
4969 2 2 0 1 2486 2613 2485
4970 2 2 0 1 2614 2613 2486
4971 2 2 0 1 2487 2614 2486
4972 2 2 0 1 2615 2614 2487
4973 2 2 0 1 2488 2615 2487
4974 2 2 0 1 2616 2615 2488
4975 2 2 0 1 2489 2616 2488
4976 2 2 0 1 2617 2616 2489
4977 2 2 0 1 2490 2617 2489
4978 2 2 0 1 2618 2617 2490
4979 2 2 0 1 2491 2618 2490
4980 2 2 0 1 2619 2618 2491
4981 2 2 0 1 2492 2619 2491
4982 2 2 0 1 2620 2619 2492
4983 2 2 0 1 2493 2620 2492
4984 2 2 0 1 2621 2620 2493
4985 2 2 0 1 2494 2621 2493
4986 2 2 0 1 2622 2621 2494
4987 2 2 0 1 2495 2622 2494
4988 2 2 0 1 2623 2622 2495
4989 2 2 0 1 2496 2623 2495
4990 2 2 0 1 2624 2623 2496
4991 2 2 0 1 2497 2624 2496
4992 2 2 0 1 2625 2624 2497
4993 2 2 0 1 2626 2498 2497
4994 2 2 0 1 2626 2625 2497
4995 2 2 0 1 2627 2499 2498
4996 2 2 0 1 2627 2626 2498
4997 2 2 0 1 2628 2500 2499
4998 2 2 0 1 2628 2627 2499
4999 2 2 0 1 2629 2501 2500
5000 2 2 0 1 2629 2628 2500
5001 2 2 0 1 2630 2502 2501
5002 2 2 0 1 2630 2629 2501
5003 2 2 0 1 2631 2503 2502
5004 2 2 0 1 2631 2630 2502
5005 2 2 0 1 2632 2504 2503
5006 2 2 0 1 2632 2631 2503
5007 2 2 0 1 2633 2505 2504
5008 2 2 0 1 2633 2632 2504
5009 2 2 0 1 2634 2506 2505
5010 2 2 0 1 2634 2633 2505
5011 2 2 0 1 2635 2507 2506
5012 2 2 0 1 2635 2634 2506
5013 2 2 0 1 2636 2508 2507
5014 2 2 0 1 2636 2635 2507
5015 2 2 0 1 2637 2509 2508
5016 2 2 0 1 2637 2636 2508
5017 2 2 0 1 2638 2510 2509
5018 2 2 0 1 2638 2637 2509
5019 2 2 0 1 2639 2511 2510
5020 2 2 0 1 2639 2638 2510
5021 2 2 0 1 2640 2512 2511
5022 2 2 0 1 2640 2639 2511
5023 2 2 0 1 2641 2513 2512
5024 2 2 0 1 2641 2640 2512
5025 2 2 0 1 2642 2514 2513
5026 2 2 0 1 2642 2641 2513
5027 2 2 0 1 2643 2515 2514
5028 2 2 0 1 2643 2642 2514
5029 2 2 0 1 2644 2516 2515
5030 2 2 0 1 2644 2643 2515
5031 2 2 0 1 2645 2517 2516
5032 2 2 0 1 2645 2644 2516
5033 2 2 0 1 2646 2518 2517
5034 2 2 0 1 2646 2645 2517
5035 2 2 0 1 2647 2519 2518
5036 2 2 0 1 2647 2646 2518
5037 2 2 0 1 2648 2520 2519
5038 2 2 0 1 2648 2647 2519
5039 2 2 0 1 2649 2521 2520
5040 2 2 0 1 2649 2648 2520
5041 2 2 0 1 2650 2522 2521
5042 2 2 0 1 2650 2649 2521
5043 2 2 0 1 2651 2523 2522
5044 2 2 0 1 2651 2650 2522
5045 2 2 0 1 2652 2524 2523
5046 2 2 0 1 2652 2651 2523
5047 2 2 0 1 2653 2525 2524
5048 2 2 0 1 2653 2652 2524
5049 2 2 0 1 2654 2526 2525
5050 2 2 0 1 2654 2653 2525
5051 2 2 0 1 2655 2527 2526
5052 2 2 0 1 2655 2654 2526
5053 2 2 0 1 2656 2528 2527
5054 2 2 0 1 2656 2655 2527
5055 2 2 0 1 2657 2529 2528
5056 2 2 0 1 2657 2656 2528
5057 2 2 0 1 2658 2530 2529
5058 2 2 0 1 2658 2657 2529
5059 2 2 0 1 2659 2531 2530
5060 2 2 0 1 2659 2658 2530
5061 2 2 0 1 2660 2532 2531
5062 2 2 0 1 2660 2659 2531
5063 2 2 0 1 2661 2533 2532
5064 2 2 0 1 2661 2660 2532
5065 2 2 0 1 2662 2534 2533
5066 2 2 0 1 2662 2661 2533
5067 2 2 0 1 2663 2535 2534
5068 2 2 0 1 2663 2662 2534
5069 2 2 0 1 2664 2536 2535
5070 2 2 0 1 2664 2663 2535
5071 2 2 0 1 2665 2537 2536
5072 2 2 0 1 2665 2664 2536
5073 2 2 0 1 2666 2538 2537
5074 2 2 0 1 2666 2665 2537
5075 2 2 0 1 2667 2539 2538
5076 2 2 0 1 2667 2666 2538
5077 2 2 0 1 2668 2540 2539
5078 2 2 0 1 2668 2667 2539
5079 2 2 0 1 2669 2541 2540
5080 2 2 0 1 2669 2668 2540
5081 2 2 0 1 2670 2542 2541
5082 2 2 0 1 2670 2669 2541
5083 2 2 0 1 2671 2543 2542
5084 2 2 0 1 2671 2670 2542
5085 2 2 0 1 2672 2544 2543
5086 2 2 0 1 2672 2671 2543
5087 2 2 0 1 2673 2545 2544
5088 2 2 0 1 2673 2672 2544
5089 2 2 0 1 2674 2546 2545
5090 2 2 0 1 2674 2673 2545
5091 2 2 0 1 2547 2674 2546
5092 2 2 0 1 2675 2674 2547
5093 2 2 0 1 2548 2675 2547
5094 2 2 0 1 2676 2675 2548
5095 2 2 0 1 2549 2676 2548
5096 2 2 0 1 2677 2676 2549
5097 2 2 0 1 2550 2677 2549
5098 2 2 0 1 2678 2677 2550
5099 2 2 0 1 2551 2678 2550
5100 2 2 0 1 2679 2678 2551
5101 2 2 0 1 2552 2679 2551
5102 2 2 0 1 2680 2679 2552
5103 2 2 0 1 2553 2680 2552
5104 2 2 0 1 2681 2680 2553
5105 2 2 0 1 2554 2681 2553
5106 2 2 0 1 2682 2681 2554
5107 2 2 0 1 2555 2682 2554
5108 2 2 0 1 2683 2682 2555
5109 2 2 0 1 2556 2683 2555
5110 2 2 0 1 2684 2683 2556
5111 2 2 0 1 2557 2684 2556
5112 2 2 0 1 2685 2684 2557
5113 2 2 0 1 2558 2685 2557
5114 2 2 0 1 2686 2685 2558
5115 2 2 0 1 2559 2686 2558
5116 2 2 0 1 2687 2686 2559
5117 2 2 0 1 2560 2687 2559
5118 2 2 0 1 2688 2687 2560
5119 2 2 0 1 2434 2688 2560
5120 2 2 0 1 2562 2688 2434
5121 2 2 0 1 2689 2561 2562
5122 2 2 0 1 2689 2690 2562
5123 2 2 0 1 2691 2563 2561
5124 2 2 0 1 2691 2689 2561
5125 2 2 0 1 2692 2564 2563
5126 2 2 0 1 2692 2691 2563
5127 2 2 0 1 2693 2565 2564
5128 2 2 0 1 2693 2692 2564
5129 2 2 0 1 2694 2566 2565
5130 2 2 0 1 2694 2693 2565
5131 2 2 0 1 2695 2567 2566
5132 2 2 0 1 2695 2694 2566
5133 2 2 0 1 2696 2568 2567
5134 2 2 0 1 2696 2695 2567
5135 2 2 0 1 2697 2569 2568
5136 2 2 0 1 2697 2696 2568
5137 2 2 0 1 2698 2570 2569
5138 2 2 0 1 2698 2697 2569
5139 2 2 0 1 2699 2571 2570
5140 2 2 0 1 2699 2698 2570
5141 2 2 0 1 2700 2572 2571
5142 2 2 0 1 2700 2699 2571
5143 2 2 0 1 2701 2573 2572
5144 2 2 0 1 2701 2700 2572
5145 2 2 0 1 2702 2574 2573
5146 2 2 0 1 2702 2701 2573
5147 2 2 0 1 2703 2575 2574
5148 2 2 0 1 2703 2702 2574
5149 2 2 0 1 2704 2576 2575
5150 2 2 0 1 2704 2703 2575
5151 2 2 0 1 2577 2704 2576
5152 2 2 0 1 2705 2704 2577
5153 2 2 0 1 2578 2705 2577
5154 2 2 0 1 2706 2705 2578
5155 2 2 0 1 2579 2706 2578
5156 2 2 0 1 2707 2706 2579
5157 2 2 0 1 2580 2707 2579
5158 2 2 0 1 2708 2707 2580
5159 2 2 0 1 2581 2708 2580
5160 2 2 0 1 2709 2708 2581
5161 2 2 0 1 2582 2709 2581
5162 2 2 0 1 2710 2709 2582
5163 2 2 0 1 2583 2710 2582
5164 2 2 0 1 2711 2710 2583
5165 2 2 0 1 2584 2711 2583
5166 2 2 0 1 2712 2711 2584
5167 2 2 0 1 2585 2712 2584
5168 2 2 0 1 2713 2712 2585
5169 2 2 0 1 2586 2713 2585
5170 2 2 0 1 2714 2713 2586
5171 2 2 0 1 2587 2714 2586
5172 2 2 0 1 2715 2714 2587
5173 2 2 0 1 2588 2715 2587
5174 2 2 0 1 2716 2715 2588
5175 2 2 0 1 2589 2716 2588
5176 2 2 0 1 2717 2716 2589
5177 2 2 0 1 2590 2717 2589
5178 2 2 0 1 2718 2717 2590
5179 2 2 0 1 2591 2718 2590
5180 2 2 0 1 2719 2718 2591
5181 2 2 0 1 2592 2719 2591
5182 2 2 0 1 2720 2719 2592
5183 2 2 0 1 2593 2720 2592
5184 2 2 0 1 2721 2720 2593
5185 2 2 0 1 2594 2721 2593
5186 2 2 0 1 2722 2721 2594
5187 2 2 0 1 2595 2722 2594
5188 2 2 0 1 2723 2722 2595
5189 2 2 0 1 2596 2723 2595
5190 2 2 0 1 2724 2723 2596
5191 2 2 0 1 2597 2724 2596
5192 2 2 0 1 2725 2724 2597
5193 2 2 0 1 2598 2725 2597
5194 2 2 0 1 2726 2725 2598
5195 2 2 0 1 2599 2726 2598
5196 2 2 0 1 2727 2726 2599
5197 2 2 0 1 2600 2727 2599
5198 2 2 0 1 2728 2727 2600
5199 2 2 0 1 2601 2728 2600
5200 2 2 0 1 2729 2728 2601
5201 2 2 0 1 2602 2729 2601
5202 2 2 0 1 2730 2729 2602
5203 2 2 0 1 2603 2730 2602
5204 2 2 0 1 2731 2730 2603
5205 2 2 0 1 2604 2731 2603
5206 2 2 0 1 2732 2731 2604
5207 2 2 0 1 2605 2732 2604
5208 2 2 0 1 2733 2732 2605
5209 2 2 0 1 2606 2733 2605
5210 2 2 0 1 2734 2733 2606
5211 2 2 0 1 2607 2734 2606
5212 2 2 0 1 2735 2734 2607
5213 2 2 0 1 2608 2735 2607
5214 2 2 0 1 2736 2735 2608
5215 2 2 0 1 2609 2736 2608
5216 2 2 0 1 2737 2736 2609
5217 2 2 0 1 2610 2737 2609
5218 2 2 0 1 2738 2737 2610
5219 2 2 0 1 2611 2738 2610
5220 2 2 0 1 2739 2738 2611
5221 2 2 0 1 2612 2739 2611
5222 2 2 0 1 2740 2739 2612
5223 2 2 0 1 2613 2740 2612
5224 2 2 0 1 2741 2740 2613
5225 2 2 0 1 2614 2741 2613
5226 2 2 0 1 2742 2741 2614
5227 2 2 0 1 2615 2742 2614
5228 2 2 0 1 2743 2742 2615
5229 2 2 0 1 2616 2743 2615
5230 2 2 0 1 2744 2743 2616
5231 2 2 0 1 2617 2744 2616
5232 2 2 0 1 2745 2744 2617
5233 2 2 0 1 2618 2745 2617
5234 2 2 0 1 2746 2745 2618
5235 2 2 0 1 2619 2746 2618
5236 2 2 0 1 2747 2746 2619
5237 2 2 0 1 2620 2747 2619
5238 2 2 0 1 2748 2747 2620
5239 2 2 0 1 2621 2748 2620
5240 2 2 0 1 2749 2748 2621
5241 2 2 0 1 2622 2749 2621
5242 2 2 0 1 2750 2749 2622
5243 2 2 0 1 2623 2750 2622
5244 2 2 0 1 2751 2750 2623
5245 2 2 0 1 2624 2751 2623
5246 2 2 0 1 2752 2751 2624
5247 2 2 0 1 2625 2752 2624
5248 2 2 0 1 2753 2752 2625
5249 2 2 0 1 2754 2626 2625
5250 2 2 0 1 2754 2753 2625
5251 2 2 0 1 2755 2627 2626
5252 2 2 0 1 2755 2754 2626
5253 2 2 0 1 2756 2628 2627
5254 2 2 0 1 2756 2755 2627
5255 2 2 0 1 2757 2629 2628
5256 2 2 0 1 2757 2756 2628
5257 2 2 0 1 2758 2630 2629
5258 2 2 0 1 2758 2757 2629
5259 2 2 0 1 2759 2631 2630
5260 2 2 0 1 2759 2758 2630
5261 2 2 0 1 2760 2632 2631
5262 2 2 0 1 2760 2759 2631
5263 2 2 0 1 2761 2633 2632
5264 2 2 0 1 2761 2760 2632
5265 2 2 0 1 2762 2634 2633
5266 2 2 0 1 2762 2761 2633
5267 2 2 0 1 2763 2635 2634
5268 2 2 0 1 2763 2762 2634
5269 2 2 0 1 2764 2636 2635
5270 2 2 0 1 2764 2763 2635
5271 2 2 0 1 2765 2637 2636
5272 2 2 0 1 2765 2764 2636
5273 2 2 0 1 2766 2638 2637
5274 2 2 0 1 2766 2765 2637
5275 2 2 0 1 2767 2639 2638
5276 2 2 0 1 2767 2766 2638
5277 2 2 0 1 2768 2640 2639
5278 2 2 0 1 2768 2767 2639
5279 2 2 0 1 2769 2641 2640
5280 2 2 0 1 2769 2768 2640
5281 2 2 0 1 2770 2642 2641
5282 2 2 0 1 2770 2769 2641
5283 2 2 0 1 2771 2643 2642
5284 2 2 0 1 2771 2770 2642
5285 2 2 0 1 2772 2644 2643
5286 2 2 0 1 2772 2771 2643
5287 2 2 0 1 2773 2645 2644
5288 2 2 0 1 2773 2772 2644
5289 2 2 0 1 2774 2646 2645
5290 2 2 0 1 2774 2773 2645
5291 2 2 0 1 2775 2647 2646
5292 2 2 0 1 2775 2774 2646
5293 2 2 0 1 2776 2648 2647
5294 2 2 0 1 2776 2775 2647
5295 2 2 0 1 2777 2649 2648
5296 2 2 0 1 2777 2776 2648
5297 2 2 0 1 2778 2650 2649
5298 2 2 0 1 2778 2777 2649
5299 2 2 0 1 2779 2651 2650
5300 2 2 0 1 2779 2778 2650
5301 2 2 0 1 2780 2652 2651
5302 2 2 0 1 2780 2779 2651
5303 2 2 0 1 2781 2653 2652
5304 2 2 0 1 2781 2780 2652
5305 2 2 0 1 2782 2654 2653
5306 2 2 0 1 2782 2781 2653
5307 2 2 0 1 2783 2655 2654
5308 2 2 0 1 2783 2782 2654
5309 2 2 0 1 2784 2656 2655
5310 2 2 0 1 2784 2783 2655
5311 2 2 0 1 2785 2657 2656
5312 2 2 0 1 2785 2784 2656
5313 2 2 0 1 2786 2658 2657
5314 2 2 0 1 2786 2785 2657
5315 2 2 0 1 2787 2659 2658
5316 2 2 0 1 2787 2786 2658
5317 2 2 0 1 2788 2660 2659
5318 2 2 0 1 2788 2787 2659
5319 2 2 0 1 2789 2661 2660
5320 2 2 0 1 2789 2788 2660
5321 2 2 0 1 2790 2662 2661
5322 2 2 0 1 2790 2789 2661
5323 2 2 0 1 2791 2663 2662
5324 2 2 0 1 2791 2790 2662
5325 2 2 0 1 2792 2664 2663
5326 2 2 0 1 2792 2791 2663
5327 2 2 0 1 2793 2665 2664
5328 2 2 0 1 2793 2792 2664
5329 2 2 0 1 2794 2666 2665
5330 2 2 0 1 2794 2793 2665
5331 2 2 0 1 2795 2667 2666
5332 2 2 0 1 2795 2794 2666
5333 2 2 0 1 2796 2668 2667
5334 2 2 0 1 2796 2795 2667
5335 2 2 0 1 2797 2669 2668
5336 2 2 0 1 2797 2796 2668
5337 2 2 0 1 2798 2670 2669
5338 2 2 0 1 2798 2797 2669
5339 2 2 0 1 2799 2671 2670
5340 2 2 0 1 2799 2798 2670
5341 2 2 0 1 2800 2672 2671
5342 2 2 0 1 2800 2799 2671
5343 2 2 0 1 2801 2673 2672
5344 2 2 0 1 2801 2800 2672
5345 2 2 0 1 2802 2674 2673
5346 2 2 0 1 2802 2801 2673
5347 2 2 0 1 2675 2802 2674
5348 2 2 0 1 2803 2802 2675
5349 2 2 0 1 2676 2803 2675
5350 2 2 0 1 2804 2803 2676
5351 2 2 0 1 2677 2804 2676
5352 2 2 0 1 2805 2804 2677
5353 2 2 0 1 2678 2805 2677
5354 2 2 0 1 2806 2805 2678
5355 2 2 0 1 2679 2806 2678
5356 2 2 0 1 2807 2806 2679
5357 2 2 0 1 2680 2807 2679
5358 2 2 0 1 2808 2807 2680
5359 2 2 0 1 2681 2808 2680
5360 2 2 0 1 2809 2808 2681
5361 2 2 0 1 2682 2809 2681
5362 2 2 0 1 2810 2809 2682
5363 2 2 0 1 2683 2810 2682
5364 2 2 0 1 2811 2810 2683
5365 2 2 0 1 2684 2811 2683
5366 2 2 0 1 2812 2811 2684
5367 2 2 0 1 2685 2812 2684
5368 2 2 0 1 2813 2812 2685
5369 2 2 0 1 2686 2813 2685
5370 2 2 0 1 2814 2813 2686
5371 2 2 0 1 2687 2814 2686
5372 2 2 0 1 2815 2814 2687
5373 2 2 0 1 2688 2815 2687
5374 2 2 0 1 2816 2815 2688
5375 2 2 0 1 2562 2816 2688
5376 2 2 0 1 2690 2816 2562
5377 2 2 0 1 2817 2689 2690
5378 2 2 0 1 2817 2818 2690
5379 2 2 0 1 2819 2691 2689
5380 2 2 0 1 2819 2817 2689
5381 2 2 0 1 2820 2692 2691
5382 2 2 0 1 2820 2819 2691
5383 2 2 0 1 2821 2693 2692
5384 2 2 0 1 2821 2820 2692
5385 2 2 0 1 2822 2694 2693
5386 2 2 0 1 2822 2821 2693
5387 2 2 0 1 2823 2695 2694
5388 2 2 0 1 2823 2822 2694
5389 2 2 0 1 2824 2696 2695
5390 2 2 0 1 2824 2823 2695
5391 2 2 0 1 2825 2697 2696
5392 2 2 0 1 2825 2824 2696
5393 2 2 0 1 2826 2698 2697
5394 2 2 0 1 2826 2825 2697
5395 2 2 0 1 2827 2699 2698
5396 2 2 0 1 2827 2826 2698
5397 2 2 0 1 2828 2700 2699
5398 2 2 0 1 2828 2827 2699
5399 2 2 0 1 2829 2701 2700
5400 2 2 0 1 2829 2828 2700
5401 2 2 0 1 2830 2702 2701
5402 2 2 0 1 2830 2829 2701
5403 2 2 0 1 2831 2703 2702
5404 2 2 0 1 2831 2830 2702
5405 2 2 0 1 2832 2704 2703
5406 2 2 0 1 2832 2831 2703
5407 2 2 0 1 2705 2832 2704
5408 2 2 0 1 2833 2832 2705
5409 2 2 0 1 2706 2833 2705
5410 2 2 0 1 2834 2833 2706
5411 2 2 0 1 2707 2834 2706
5412 2 2 0 1 2835 2834 2707
5413 2 2 0 1 2708 2835 2707
5414 2 2 0 1 2836 2835 2708
5415 2 2 0 1 2709 2836 2708
5416 2 2 0 1 2837 2836 2709
5417 2 2 0 1 2710 2837 2709
5418 2 2 0 1 2838 2837 2710
5419 2 2 0 1 2711 2838 2710
5420 2 2 0 1 2839 2838 2711
5421 2 2 0 1 2712 2839 2711
5422 2 2 0 1 2840 2839 2712
5423 2 2 0 1 2713 2840 2712
5424 2 2 0 1 2841 2840 2713
5425 2 2 0 1 2714 2841 2713
5426 2 2 0 1 2842 2841 2714
5427 2 2 0 1 2715 2842 2714
5428 2 2 0 1 2843 2842 2715
5429 2 2 0 1 2716 2843 2715
5430 2 2 0 1 2844 2843 2716
5431 2 2 0 1 2717 2844 2716
5432 2 2 0 1 2845 2844 2717
5433 2 2 0 1 2718 2845 2717
5434 2 2 0 1 2846 2845 2718
5435 2 2 0 1 2719 2846 2718
5436 2 2 0 1 2847 2846 2719
5437 2 2 0 1 2720 2847 2719
5438 2 2 0 1 2848 2847 2720
5439 2 2 0 1 2721 2848 2720
5440 2 2 0 1 2849 2848 2721
5441 2 2 0 1 2722 2849 2721
5442 2 2 0 1 2850 2849 2722
5443 2 2 0 1 2723 2850 2722
5444 2 2 0 1 2851 2850 2723
5445 2 2 0 1 2724 2851 2723
5446 2 2 0 1 2852 2851 2724
5447 2 2 0 1 2725 2852 2724
5448 2 2 0 1 2853 2852 2725
5449 2 2 0 1 2726 2853 2725
5450 2 2 0 1 2854 2853 2726
5451 2 2 0 1 2727 2854 2726
5452 2 2 0 1 2855 2854 2727
5453 2 2 0 1 2728 2855 2727
5454 2 2 0 1 2856 2855 2728
5455 2 2 0 1 2729 2856 2728
5456 2 2 0 1 2857 2856 2729
5457 2 2 0 1 2730 2857 2729
5458 2 2 0 1 2858 2857 2730
5459 2 2 0 1 2731 2858 2730
5460 2 2 0 1 2859 2858 2731
5461 2 2 0 1 2732 2859 2731
5462 2 2 0 1 2860 2859 2732
5463 2 2 0 1 2733 2860 2732
5464 2 2 0 1 2861 2860 2733
5465 2 2 0 1 2734 2861 2733
5466 2 2 0 1 2862 2861 2734
5467 2 2 0 1 2735 2862 2734
5468 2 2 0 1 2863 2862 2735
5469 2 2 0 1 2736 2863 2735
5470 2 2 0 1 2864 2863 2736
5471 2 2 0 1 2737 2864 2736
5472 2 2 0 1 2865 2864 2737
5473 2 2 0 1 2738 2865 2737
5474 2 2 0 1 2866 2865 2738
5475 2 2 0 1 2739 2866 2738
5476 2 2 0 1 2867 2866 2739
5477 2 2 0 1 2740 2867 2739
5478 2 2 0 1 2868 2867 2740
5479 2 2 0 1 2741 2868 2740
5480 2 2 0 1 2869 2868 2741
5481 2 2 0 1 2742 2869 2741
5482 2 2 0 1 2870 2869 2742
5483 2 2 0 1 2743 2870 2742
5484 2 2 0 1 2871 2870 2743
5485 2 2 0 1 2744 2871 2743
5486 2 2 0 1 2872 2871 2744
5487 2 2 0 1 2745 2872 2744
5488 2 2 0 1 2873 2872 2745
5489 2 2 0 1 2746 2873 2745
5490 2 2 0 1 2874 2873 2746
5491 2 2 0 1 2747 2874 2746
5492 2 2 0 1 2875 2874 2747
5493 2 2 0 1 2748 2875 2747
5494 2 2 0 1 2876 2875 2748
5495 2 2 0 1 2749 2876 2748
5496 2 2 0 1 2877 2876 2749
5497 2 2 0 1 2750 2877 2749
5498 2 2 0 1 2878 2877 2750
5499 2 2 0 1 2751 2878 2750
5500 2 2 0 1 2879 2878 2751
5501 2 2 0 1 2752 2879 2751
5502 2 2 0 1 2880 2879 2752
5503 2 2 0 1 2753 2880 2752
5504 2 2 0 1 2881 2880 2753
5505 2 2 0 1 2882 2754 2753
5506 2 2 0 1 2882 2881 2753
5507 2 2 0 1 2883 2755 2754
5508 2 2 0 1 2883 2882 2754
5509 2 2 0 1 2884 2756 2755
5510 2 2 0 1 2884 2883 2755
5511 2 2 0 1 2885 2757 2756
5512 2 2 0 1 2885 2884 2756
5513 2 2 0 1 2886 2758 2757
5514 2 2 0 1 2886 2885 2757
5515 2 2 0 1 2887 2759 2758
5516 2 2 0 1 2887 2886 2758
5517 2 2 0 1 2888 2760 2759
5518 2 2 0 1 2888 2887 2759
5519 2 2 0 1 2889 2761 2760
5520 2 2 0 1 2889 2888 2760
5521 2 2 0 1 2890 2762 2761
5522 2 2 0 1 2890 2889 2761
5523 2 2 0 1 2891 2763 2762
5524 2 2 0 1 2891 2890 2762
5525 2 2 0 1 2892 2764 2763
5526 2 2 0 1 2892 2891 2763
5527 2 2 0 1 2893 2765 2764
5528 2 2 0 1 2893 2892 2764
5529 2 2 0 1 2894 2766 2765
5530 2 2 0 1 2894 2893 2765
5531 2 2 0 1 2895 2767 2766
5532 2 2 0 1 2895 2894 2766
5533 2 2 0 1 2896 2768 2767
5534 2 2 0 1 2896 2895 2767
5535 2 2 0 1 2897 2769 2768
5536 2 2 0 1 2897 2896 2768
5537 2 2 0 1 2898 2770 2769
5538 2 2 0 1 2898 2897 2769
5539 2 2 0 1 2899 2771 2770
5540 2 2 0 1 2899 2898 2770
5541 2 2 0 1 2900 2772 2771
5542 2 2 0 1 2900 2899 2771
5543 2 2 0 1 2901 2773 2772
5544 2 2 0 1 2901 2900 2772
5545 2 2 0 1 2902 2774 2773
5546 2 2 0 1 2902 2901 2773
5547 2 2 0 1 2903 2775 2774
5548 2 2 0 1 2903 2902 2774
5549 2 2 0 1 2904 2776 2775
5550 2 2 0 1 2904 2903 2775
5551 2 2 0 1 2905 2777 2776
5552 2 2 0 1 2905 2904 2776
5553 2 2 0 1 2906 2778 2777
5554 2 2 0 1 2906 2905 2777
5555 2 2 0 1 2907 2779 2778
5556 2 2 0 1 2907 2906 2778
5557 2 2 0 1 2908 2780 2779
5558 2 2 0 1 2908 2907 2779
5559 2 2 0 1 2909 2781 2780
5560 2 2 0 1 2909 2908 2780
5561 2 2 0 1 2910 2782 2781
5562 2 2 0 1 2910 2909 2781
5563 2 2 0 1 2911 2783 2782
5564 2 2 0 1 2911 2910 2782
5565 2 2 0 1 2912 2784 2783
5566 2 2 0 1 2912 2911 2783
5567 2 2 0 1 2913 2785 2784
5568 2 2 0 1 2913 2912 2784
5569 2 2 0 1 2914 2786 2785
5570 2 2 0 1 2914 2913 2785
5571 2 2 0 1 2915 2787 2786
5572 2 2 0 1 2915 2914 2786
5573 2 2 0 1 2916 2788 2787
5574 2 2 0 1 2916 2915 2787
5575 2 2 0 1 2917 2789 2788
5576 2 2 0 1 2917 2916 2788
5577 2 2 0 1 2918 2790 2789
5578 2 2 0 1 2918 2917 2789
5579 2 2 0 1 2919 2791 2790
5580 2 2 0 1 2919 2918 2790
5581 2 2 0 1 2920 2792 2791
5582 2 2 0 1 2920 2919 2791
5583 2 2 0 1 2921 2793 2792
5584 2 2 0 1 2921 2920 2792
5585 2 2 0 1 2922 2794 2793
5586 2 2 0 1 2922 2921 2793
5587 2 2 0 1 2923 2795 2794
5588 2 2 0 1 2923 2922 2794
5589 2 2 0 1 2924 2796 2795
5590 2 2 0 1 2924 2923 2795
5591 2 2 0 1 2925 2797 2796
5592 2 2 0 1 2925 2924 2796
5593 2 2 0 1 2926 2798 2797
5594 2 2 0 1 2926 2925 2797
5595 2 2 0 1 2927 2799 2798
5596 2 2 0 1 2927 2926 2798
5597 2 2 0 1 2928 2800 2799
5598 2 2 0 1 2928 2927 2799
5599 2 2 0 1 2929 2801 2800
5600 2 2 0 1 2929 2928 2800
5601 2 2 0 1 2930 2802 2801
5602 2 2 0 1 2930 2929 2801
5603 2 2 0 1 2803 2930 2802
5604 2 2 0 1 2931 2930 2803
5605 2 2 0 1 2804 2931 2803
5606 2 2 0 1 2932 2931 2804
5607 2 2 0 1 2805 2932 2804
5608 2 2 0 1 2933 2932 2805
5609 2 2 0 1 2806 2933 2805
5610 2 2 0 1 2934 2933 2806
5611 2 2 0 1 2807 2934 2806
5612 2 2 0 1 2935 2934 2807
5613 2 2 0 1 2808 2935 2807
5614 2 2 0 1 2936 2935 2808
5615 2 2 0 1 2809 2936 2808
5616 2 2 0 1 2937 2936 2809
5617 2 2 0 1 2810 2937 2809
5618 2 2 0 1 2938 2937 2810
5619 2 2 0 1 2811 2938 2810
5620 2 2 0 1 2939 2938 2811
5621 2 2 0 1 2812 2939 2811
5622 2 2 0 1 2940 2939 2812
5623 2 2 0 1 2813 2940 2812
5624 2 2 0 1 2941 2940 2813
5625 2 2 0 1 2814 2941 2813
5626 2 2 0 1 2942 2941 2814
5627 2 2 0 1 2815 2942 2814
5628 2 2 0 1 2943 2942 2815
5629 2 2 0 1 2816 2943 2815
5630 2 2 0 1 2944 2943 2816
5631 2 2 0 1 2690 2944 2816
5632 2 2 0 1 2818 2944 2690
5633 2 2 0 1 2945 2817 2818
5634 2 2 0 1 2945 2946 2818
5635 2 2 0 1 2947 2819 2817
5636 2 2 0 1 2947 2945 2817
5637 2 2 0 1 2948 2820 2819
5638 2 2 0 1 2948 2947 2819
5639 2 2 0 1 2949 2821 2820
5640 2 2 0 1 2949 2948 2820
5641 2 2 0 1 2950 2822 2821
5642 2 2 0 1 2950 2949 2821
5643 2 2 0 1 2951 2823 2822
5644 2 2 0 1 2951 2950 2822
5645 2 2 0 1 2952 2824 2823
5646 2 2 0 1 2952 2951 2823
5647 2 2 0 1 2953 2825 2824
5648 2 2 0 1 2953 2952 2824
5649 2 2 0 1 2954 2826 2825
5650 2 2 0 1 2954 2953 2825
5651 2 2 0 1 2955 2827 2826
5652 2 2 0 1 2955 2954 2826
5653 2 2 0 1 2956 2828 2827
5654 2 2 0 1 2956 2955 2827
5655 2 2 0 1 2957 2829 2828
5656 2 2 0 1 2957 2956 2828
5657 2 2 0 1 2958 2830 2829
5658 2 2 0 1 2958 2957 2829
5659 2 2 0 1 2959 2831 2830
5660 2 2 0 1 2959 2958 2830
5661 2 2 0 1 2960 2832 2831
5662 2 2 0 1 2960 2959 2831
5663 2 2 0 1 2833 2960 2832
5664 2 2 0 1 2961 2960 2833
5665 2 2 0 1 2834 2961 2833
5666 2 2 0 1 2962 2961 2834
5667 2 2 0 1 2835 2962 2834
5668 2 2 0 1 2963 2962 2835
5669 2 2 0 1 2836 2963 2835
5670 2 2 0 1 2964 2963 2836
5671 2 2 0 1 2837 2964 2836
5672 2 2 0 1 2965 2964 2837
5673 2 2 0 1 2838 2965 2837
5674 2 2 0 1 2966 2965 2838
5675 2 2 0 1 2839 2966 2838
5676 2 2 0 1 2967 2966 2839
5677 2 2 0 1 2840 2967 2839
5678 2 2 0 1 2968 2967 2840
5679 2 2 0 1 2841 2968 2840
5680 2 2 0 1 2969 2968 2841
5681 2 2 0 1 2842 2969 2841
5682 2 2 0 1 2970 2969 2842
5683 2 2 0 1 2843 2970 2842
5684 2 2 0 1 2971 2970 2843
5685 2 2 0 1 2844 2971 2843
5686 2 2 0 1 2972 2971 2844
5687 2 2 0 1 2845 2972 2844
5688 2 2 0 1 2973 2972 2845
5689 2 2 0 1 2846 2973 2845
5690 2 2 0 1 2974 2973 2846
5691 2 2 0 1 2847 2974 2846
5692 2 2 0 1 2975 2974 2847
5693 2 2 0 1 2848 2975 2847
5694 2 2 0 1 2976 2975 2848
5695 2 2 0 1 2849 2976 2848
5696 2 2 0 1 2977 2976 2849
5697 2 2 0 1 2850 2977 2849
5698 2 2 0 1 2978 2977 2850
5699 2 2 0 1 2851 2978 2850
5700 2 2 0 1 2979 2978 2851
5701 2 2 0 1 2852 2979 2851
5702 2 2 0 1 2980 2979 2852
5703 2 2 0 1 2853 2980 2852
5704 2 2 0 1 2981 2980 2853
5705 2 2 0 1 2854 2981 2853
5706 2 2 0 1 2982 2981 2854
5707 2 2 0 1 2855 2982 2854
5708 2 2 0 1 2983 2982 2855
5709 2 2 0 1 2856 2983 2855
5710 2 2 0 1 2984 2983 2856
5711 2 2 0 1 2857 2984 2856
5712 2 2 0 1 2985 2984 2857
5713 2 2 0 1 2858 2985 2857
5714 2 2 0 1 2986 2985 2858
5715 2 2 0 1 2859 2986 2858
5716 2 2 0 1 2987 2986 2859
5717 2 2 0 1 2860 2987 2859
5718 2 2 0 1 2988 2987 2860
5719 2 2 0 1 2861 2988 2860
5720 2 2 0 1 2989 2988 2861
5721 2 2 0 1 2862 2989 2861
5722 2 2 0 1 2990 2989 2862
5723 2 2 0 1 2863 2990 2862
5724 2 2 0 1 2991 2990 2863
5725 2 2 0 1 2864 2991 2863
5726 2 2 0 1 2992 2991 2864
5727 2 2 0 1 2865 2992 2864
5728 2 2 0 1 2993 2992 2865
5729 2 2 0 1 2866 2993 2865
5730 2 2 0 1 2994 2993 2866
5731 2 2 0 1 2867 2994 2866
5732 2 2 0 1 2995 2994 2867
5733 2 2 0 1 2868 2995 2867
5734 2 2 0 1 2996 2995 2868
5735 2 2 0 1 2869 2996 2868
5736 2 2 0 1 2997 2996 2869
5737 2 2 0 1 2870 2997 2869
5738 2 2 0 1 2998 2997 2870
5739 2 2 0 1 2871 2998 2870
5740 2 2 0 1 2999 2998 2871
5741 2 2 0 1 2872 2999 2871
5742 2 2 0 1 3000 2999 2872
5743 2 2 0 1 2873 3000 2872
5744 2 2 0 1 3001 3000 2873
5745 2 2 0 1 2874 3001 2873
5746 2 2 0 1 3002 3001 2874
5747 2 2 0 1 2875 3002 2874
5748 2 2 0 1 3003 3002 2875
5749 2 2 0 1 2876 3003 2875
5750 2 2 0 1 3004 3003 2876
5751 2 2 0 1 2877 3004 2876
5752 2 2 0 1 3005 3004 2877
5753 2 2 0 1 2878 3005 2877
5754 2 2 0 1 3006 3005 2878
5755 2 2 0 1 2879 3006 2878
5756 2 2 0 1 3007 3006 2879
5757 2 2 0 1 2880 3007 2879
5758 2 2 0 1 3008 3007 2880
5759 2 2 0 1 2881 3008 2880
5760 2 2 0 1 3009 3008 2881
5761 2 2 0 1 3010 2882 2881
5762 2 2 0 1 3010 3009 2881
5763 2 2 0 1 3011 2883 2882
5764 2 2 0 1 3011 3010 2882
5765 2 2 0 1 3012 2884 2883
5766 2 2 0 1 3012 3011 2883
5767 2 2 0 1 3013 2885 2884
5768 2 2 0 1 3013 3012 2884
5769 2 2 0 1 3014 2886 2885
5770 2 2 0 1 3014 3013 2885
5771 2 2 0 1 3015 2887 2886
5772 2 2 0 1 3015 3014 2886
5773 2 2 0 1 3016 2888 2887
5774 2 2 0 1 3016 3015 2887
5775 2 2 0 1 3017 2889 2888
5776 2 2 0 1 3017 3016 2888
5777 2 2 0 1 3018 2890 2889
5778 2 2 0 1 3018 3017 2889
5779 2 2 0 1 3019 2891 2890
5780 2 2 0 1 3019 3018 2890
5781 2 2 0 1 3020 2892 2891
5782 2 2 0 1 3020 3019 2891
5783 2 2 0 1 3021 2893 2892
5784 2 2 0 1 3021 3020 2892
5785 2 2 0 1 3022 2894 2893
5786 2 2 0 1 3022 3021 2893
5787 2 2 0 1 3023 2895 2894
5788 2 2 0 1 3023 3022 2894
5789 2 2 0 1 3024 2896 2895
5790 2 2 0 1 3024 3023 2895
5791 2 2 0 1 3025 2897 2896
5792 2 2 0 1 3025 3024 2896
5793 2 2 0 1 3026 2898 2897
5794 2 2 0 1 3026 3025 2897
5795 2 2 0 1 3027 2899 2898
5796 2 2 0 1 3027 3026 2898
5797 2 2 0 1 3028 2900 2899
5798 2 2 0 1 3028 3027 2899
5799 2 2 0 1 3029 2901 2900
5800 2 2 0 1 3029 3028 2900
5801 2 2 0 1 3030 2902 2901
5802 2 2 0 1 3030 3029 2901
5803 2 2 0 1 3031 2903 2902
5804 2 2 0 1 3031 3030 2902
5805 2 2 0 1 3032 2904 2903
5806 2 2 0 1 3032 3031 2903
5807 2 2 0 1 3033 2905 2904
5808 2 2 0 1 3033 3032 2904
5809 2 2 0 1 3034 2906 2905
5810 2 2 0 1 3034 3033 2905
5811 2 2 0 1 3035 2907 2906
5812 2 2 0 1 3035 3034 2906
5813 2 2 0 1 3036 2908 2907
5814 2 2 0 1 3036 3035 2907
5815 2 2 0 1 3037 2909 2908
5816 2 2 0 1 3037 3036 2908
5817 2 2 0 1 3038 2910 2909
5818 2 2 0 1 3038 3037 2909
5819 2 2 0 1 3039 2911 2910
5820 2 2 0 1 3039 3038 2910
5821 2 2 0 1 3040 2912 2911
5822 2 2 0 1 3040 3039 2911
5823 2 2 0 1 3041 2913 2912
5824 2 2 0 1 3041 3040 2912
5825 2 2 0 1 3042 2914 2913
5826 2 2 0 1 3042 3041 2913
5827 2 2 0 1 3043 2915 2914
5828 2 2 0 1 3043 3042 2914
5829 2 2 0 1 3044 2916 2915
5830 2 2 0 1 3044 3043 2915
5831 2 2 0 1 3045 2917 2916
5832 2 2 0 1 3045 3044 2916
5833 2 2 0 1 3046 2918 2917
5834 2 2 0 1 3046 3045 2917
5835 2 2 0 1 3047 2919 2918
5836 2 2 0 1 3047 3046 2918
5837 2 2 0 1 3048 2920 2919
5838 2 2 0 1 3048 3047 2919
5839 2 2 0 1 3049 2921 2920
5840 2 2 0 1 3049 3048 2920
5841 2 2 0 1 3050 2922 2921
5842 2 2 0 1 3050 3049 2921
5843 2 2 0 1 3051 2923 2922
5844 2 2 0 1 3051 3050 2922
5845 2 2 0 1 3052 2924 2923
5846 2 2 0 1 3052 3051 2923
5847 2 2 0 1 3053 2925 2924
5848 2 2 0 1 3053 3052 2924
5849 2 2 0 1 3054 2926 2925
5850 2 2 0 1 3054 3053 2925
5851 2 2 0 1 3055 2927 2926
5852 2 2 0 1 3055 3054 2926
5853 2 2 0 1 3056 2928 2927
5854 2 2 0 1 3056 3055 2927
5855 2 2 0 1 3057 2929 2928
5856 2 2 0 1 3057 3056 2928
5857 2 2 0 1 3058 2930 2929
5858 2 2 0 1 3058 3057 2929
5859 2 2 0 1 2931 3058 2930
5860 2 2 0 1 3059 3058 2931
5861 2 2 0 1 2932 3059 2931
5862 2 2 0 1 3060 3059 2932
5863 2 2 0 1 2933 3060 2932
5864 2 2 0 1 3061 3060 2933
5865 2 2 0 1 2934 3061 2933
5866 2 2 0 1 3062 3061 2934
5867 2 2 0 1 2935 3062 2934
5868 2 2 0 1 3063 3062 2935
5869 2 2 0 1 2936 3063 2935
5870 2 2 0 1 3064 3063 2936
5871 2 2 0 1 2937 3064 2936
5872 2 2 0 1 3065 3064 2937
5873 2 2 0 1 2938 3065 2937
5874 2 2 0 1 3066 3065 2938
5875 2 2 0 1 2939 3066 2938
5876 2 2 0 1 3067 3066 2939
5877 2 2 0 1 2940 3067 2939
5878 2 2 0 1 3068 3067 2940
5879 2 2 0 1 2941 3068 2940
5880 2 2 0 1 3069 3068 2941
5881 2 2 0 1 2942 3069 2941
5882 2 2 0 1 3070 3069 2942
5883 2 2 0 1 2943 3070 2942
5884 2 2 0 1 3071 3070 2943
5885 2 2 0 1 2944 3071 2943
5886 2 2 0 1 3072 3071 2944
5887 2 2 0 1 2818 3072 2944
5888 2 2 0 1 2946 3072 2818
5889 2 2 0 1 3073 2945 2946
5890 2 2 0 1 3073 3074 2946
5891 2 2 0 1 3075 2947 2945
5892 2 2 0 1 3075 3073 2945
5893 2 2 0 1 3076 2948 2947
5894 2 2 0 1 3076 3075 2947
5895 2 2 0 1 3077 2949 2948
5896 2 2 0 1 3077 3076 2948
5897 2 2 0 1 3078 2950 2949
5898 2 2 0 1 3078 3077 2949
5899 2 2 0 1 3079 2951 2950
5900 2 2 0 1 3079 3078 2950
5901 2 2 0 1 3080 2952 2951
5902 2 2 0 1 3080 3079 2951
5903 2 2 0 1 3081 2953 2952
5904 2 2 0 1 3081 3080 2952
5905 2 2 0 1 3082 2954 2953
5906 2 2 0 1 3082 3081 2953
5907 2 2 0 1 3083 2955 2954
5908 2 2 0 1 3083 3082 2954
5909 2 2 0 1 3084 2956 2955
5910 2 2 0 1 3084 3083 2955
5911 2 2 0 1 3085 2957 2956
5912 2 2 0 1 3085 3084 2956
5913 2 2 0 1 3086 2958 2957
5914 2 2 0 1 3086 3085 2957
5915 2 2 0 1 3087 2959 2958
5916 2 2 0 1 3087 3086 2958
5917 2 2 0 1 3088 2960 2959
5918 2 2 0 1 3088 3087 2959
5919 2 2 0 1 2961 3088 2960
5920 2 2 0 1 3089 3088 2961
5921 2 2 0 1 2962 3089 2961
5922 2 2 0 1 3090 3089 2962
5923 2 2 0 1 2963 3090 2962
5924 2 2 0 1 3091 3090 2963
5925 2 2 0 1 2964 3091 2963
5926 2 2 0 1 3092 3091 2964
5927 2 2 0 1 2965 3092 2964
5928 2 2 0 1 3093 3092 2965
5929 2 2 0 1 2966 3093 2965
5930 2 2 0 1 3094 3093 2966
5931 2 2 0 1 2967 3094 2966
5932 2 2 0 1 3095 3094 2967
5933 2 2 0 1 2968 3095 2967
5934 2 2 0 1 3096 3095 2968
5935 2 2 0 1 2969 3096 2968
5936 2 2 0 1 3097 3096 2969
5937 2 2 0 1 2970 3097 2969
5938 2 2 0 1 3098 3097 2970
5939 2 2 0 1 2971 3098 2970
5940 2 2 0 1 3099 3098 2971
5941 2 2 0 1 2972 3099 2971
5942 2 2 0 1 3100 3099 2972
5943 2 2 0 1 2973 3100 2972
5944 2 2 0 1 3101 3100 2973
5945 2 2 0 1 2974 3101 2973
5946 2 2 0 1 3102 3101 2974
5947 2 2 0 1 2975 3102 2974
5948 2 2 0 1 3103 3102 2975
5949 2 2 0 1 2976 3103 2975
5950 2 2 0 1 3104 3103 2976
5951 2 2 0 1 2977 3104 2976
5952 2 2 0 1 3105 3104 2977
5953 2 2 0 1 2978 3105 2977
5954 2 2 0 1 3106 3105 2978
5955 2 2 0 1 2979 3106 2978
5956 2 2 0 1 3107 3106 2979
5957 2 2 0 1 2980 3107 2979
5958 2 2 0 1 3108 3107 2980
5959 2 2 0 1 2981 3108 2980
5960 2 2 0 1 3109 3108 2981
5961 2 2 0 1 2982 3109 2981
5962 2 2 0 1 3110 3109 2982
5963 2 2 0 1 2983 3110 2982
5964 2 2 0 1 3111 3110 2983
5965 2 2 0 1 2984 3111 2983
5966 2 2 0 1 3112 3111 2984
5967 2 2 0 1 2985 3112 2984
5968 2 2 0 1 3113 3112 2985
5969 2 2 0 1 2986 3113 2985
5970 2 2 0 1 3114 3113 2986
5971 2 2 0 1 2987 3114 2986
5972 2 2 0 1 3115 3114 2987
5973 2 2 0 1 2988 3115 2987
5974 2 2 0 1 3116 3115 2988
5975 2 2 0 1 2989 3116 2988
5976 2 2 0 1 3117 3116 2989
5977 2 2 0 1 2990 3117 2989
5978 2 2 0 1 3118 3117 2990
5979 2 2 0 1 2991 3118 2990
5980 2 2 0 1 3119 3118 2991
5981 2 2 0 1 2992 3119 2991
5982 2 2 0 1 3120 3119 2992
5983 2 2 0 1 2993 3120 2992
5984 2 2 0 1 3121 3120 2993
5985 2 2 0 1 2994 3121 2993
5986 2 2 0 1 3122 3121 2994
5987 2 2 0 1 2995 3122 2994
5988 2 2 0 1 3123 3122 2995
5989 2 2 0 1 2996 3123 2995
5990 2 2 0 1 3124 3123 2996
5991 2 2 0 1 2997 3124 2996
5992 2 2 0 1 3125 3124 2997
5993 2 2 0 1 2998 3125 2997
5994 2 2 0 1 3126 3125 2998
5995 2 2 0 1 2999 3126 2998
5996 2 2 0 1 3127 3126 2999
5997 2 2 0 1 3000 3127 2999
5998 2 2 0 1 3128 3127 3000
5999 2 2 0 1 3001 3128 3000
6000 2 2 0 1 3129 3128 3001
6001 2 2 0 1 3002 3129 3001
6002 2 2 0 1 3130 3129 3002
6003 2 2 0 1 3003 3130 3002
6004 2 2 0 1 3131 3130 3003
6005 2 2 0 1 3004 3131 3003
6006 2 2 0 1 3132 3131 3004
6007 2 2 0 1 3005 3132 3004
6008 2 2 0 1 3133 3132 3005
6009 2 2 0 1 3006 3133 3005
6010 2 2 0 1 3134 3133 3006
6011 2 2 0 1 3007 3134 3006
6012 2 2 0 1 3135 3134 3007
6013 2 2 0 1 3008 3135 3007
6014 2 2 0 1 3136 3135 3008
6015 2 2 0 1 3009 3136 3008
6016 2 2 0 1 3137 3136 3009
6017 2 2 0 1 3138 3010 3009
6018 2 2 0 1 3138 3137 3009
6019 2 2 0 1 3139 3011 3010
6020 2 2 0 1 3139 3138 3010
6021 2 2 0 1 3140 3012 3011
6022 2 2 0 1 3140 3139 3011
6023 2 2 0 1 3141 3013 3012
6024 2 2 0 1 3141 3140 3012
6025 2 2 0 1 3142 3014 3013
6026 2 2 0 1 3142 3141 3013
6027 2 2 0 1 3143 3015 3014
6028 2 2 0 1 3143 3142 3014
6029 2 2 0 1 3144 3016 3015
6030 2 2 0 1 3144 3143 3015
6031 2 2 0 1 3145 3017 3016
6032 2 2 0 1 3145 3144 3016
6033 2 2 0 1 3146 3018 3017
6034 2 2 0 1 3146 3145 3017
6035 2 2 0 1 3147 3019 3018
6036 2 2 0 1 3147 3146 3018
6037 2 2 0 1 3148 3020 3019
6038 2 2 0 1 3148 3147 3019
6039 2 2 0 1 3149 3021 3020
6040 2 2 0 1 3149 3148 3020
6041 2 2 0 1 3150 3022 3021
6042 2 2 0 1 3150 3149 3021
6043 2 2 0 1 3151 3023 3022
6044 2 2 0 1 3151 3150 3022
6045 2 2 0 1 3152 3024 3023
6046 2 2 0 1 3152 3151 3023
6047 2 2 0 1 3153 3025 3024
6048 2 2 0 1 3153 3152 3024
6049 2 2 0 1 3154 3026 3025
6050 2 2 0 1 3154 3153 3025
6051 2 2 0 1 3155 3027 3026
6052 2 2 0 1 3155 3154 3026
6053 2 2 0 1 3156 3028 3027
6054 2 2 0 1 3156 3155 3027
6055 2 2 0 1 3157 3029 3028
6056 2 2 0 1 3157 3156 3028
6057 2 2 0 1 3158 3030 3029
6058 2 2 0 1 3158 3157 3029
6059 2 2 0 1 3159 3031 3030
6060 2 2 0 1 3159 3158 3030
6061 2 2 0 1 3160 3032 3031
6062 2 2 0 1 3160 3159 3031
6063 2 2 0 1 3161 3033 3032
6064 2 2 0 1 3161 3160 3032
6065 2 2 0 1 3162 3034 3033
6066 2 2 0 1 3162 3161 3033
6067 2 2 0 1 3163 3035 3034
6068 2 2 0 1 3163 3162 3034
6069 2 2 0 1 3164 3036 3035
6070 2 2 0 1 3164 3163 3035
6071 2 2 0 1 3165 3037 3036
6072 2 2 0 1 3165 3164 3036
6073 2 2 0 1 3166 3038 3037
6074 2 2 0 1 3166 3165 3037
6075 2 2 0 1 3167 3039 3038
6076 2 2 0 1 3167 3166 3038
6077 2 2 0 1 3168 3040 3039
6078 2 2 0 1 3168 3167 3039
6079 2 2 0 1 3169 3041 3040
6080 2 2 0 1 3169 3168 3040
6081 2 2 0 1 3170 3042 3041
6082 2 2 0 1 3170 3169 3041
6083 2 2 0 1 3171 3043 3042
6084 2 2 0 1 3171 3170 3042
6085 2 2 0 1 3172 3044 3043
6086 2 2 0 1 3172 3171 3043
6087 2 2 0 1 3173 3045 3044
6088 2 2 0 1 3173 3172 3044
6089 2 2 0 1 3174 3046 3045
6090 2 2 0 1 3174 3173 3045
6091 2 2 0 1 3175 3047 3046
6092 2 2 0 1 3175 3174 3046
6093 2 2 0 1 3176 3048 3047
6094 2 2 0 1 3176 3175 3047
6095 2 2 0 1 3177 3049 3048
6096 2 2 0 1 3177 3176 3048
6097 2 2 0 1 3178 3050 3049
6098 2 2 0 1 3178 3177 3049
6099 2 2 0 1 3179 3051 3050
6100 2 2 0 1 3179 3178 3050
6101 2 2 0 1 3180 3052 3051
6102 2 2 0 1 3180 3179 3051
6103 2 2 0 1 3181 3053 3052
6104 2 2 0 1 3181 3180 3052
6105 2 2 0 1 3182 3054 3053
6106 2 2 0 1 3182 3181 3053
6107 2 2 0 1 3183 3055 3054
6108 2 2 0 1 3183 3182 3054
6109 2 2 0 1 3184 3056 3055
6110 2 2 0 1 3184 3183 3055
6111 2 2 0 1 3185 3057 3056
6112 2 2 0 1 3185 3184 3056
6113 2 2 0 1 3186 3058 3057
6114 2 2 0 1 3186 3185 3057
6115 2 2 0 1 3059 3186 3058
6116 2 2 0 1 3187 3186 3059
6117 2 2 0 1 3060 3187 3059
6118 2 2 0 1 3188 3187 3060
6119 2 2 0 1 3061 3188 3060
6120 2 2 0 1 3189 3188 3061
6121 2 2 0 1 3062 3189 3061
6122 2 2 0 1 3190 3189 3062
6123 2 2 0 1 3063 3190 3062
6124 2 2 0 1 3191 3190 3063
6125 2 2 0 1 3064 3191 3063
6126 2 2 0 1 3192 3191 3064
6127 2 2 0 1 3065 3192 3064
6128 2 2 0 1 3193 3192 3065
6129 2 2 0 1 3066 3193 3065
6130 2 2 0 1 3194 3193 3066
6131 2 2 0 1 3067 3194 3066
6132 2 2 0 1 3195 3194 3067
6133 2 2 0 1 3068 3195 3067
6134 2 2 0 1 3196 3195 3068
6135 2 2 0 1 3069 3196 3068
6136 2 2 0 1 3197 3196 3069
6137 2 2 0 1 3070 3197 3069
6138 2 2 0 1 3198 3197 3070
6139 2 2 0 1 3071 3198 3070
6140 2 2 0 1 3199 3198 3071
6141 2 2 0 1 3072 3199 3071
6142 2 2 0 1 3200 3199 3072
6143 2 2 0 1 2946 3200 3072
6144 2 2 0 1 3074 3200 2946
6145 2 2 0 1 3201 3073 3074
6146 2 2 0 1 3201 3202 3074
6147 2 2 0 1 3203 3075 3073
6148 2 2 0 1 3203 3201 3073
6149 2 2 0 1 3204 3076 3075
6150 2 2 0 1 3204 3203 3075
6151 2 2 0 1 3205 3077 3076
6152 2 2 0 1 3205 3204 3076
6153 2 2 0 1 3206 3078 3077
6154 2 2 0 1 3206 3205 3077
6155 2 2 0 1 3207 3079 3078
6156 2 2 0 1 3207 3206 3078
6157 2 2 0 1 3208 3080 3079
6158 2 2 0 1 3208 3207 3079
6159 2 2 0 1 3209 3081 3080
6160 2 2 0 1 3209 3208 3080
6161 2 2 0 1 3210 3082 3081
6162 2 2 0 1 3210 3209 3081
6163 2 2 0 1 3211 3083 3082
6164 2 2 0 1 3211 3210 3082
6165 2 2 0 1 3212 3084 3083
6166 2 2 0 1 3212 3211 3083
6167 2 2 0 1 3213 3085 3084
6168 2 2 0 1 3213 3212 3084
6169 2 2 0 1 3214 3086 3085
6170 2 2 0 1 3214 3213 3085
6171 2 2 0 1 3215 3087 3086
6172 2 2 0 1 3215 3214 3086
6173 2 2 0 1 3216 3088 3087
6174 2 2 0 1 3216 3215 3087
6175 2 2 0 1 3089 3216 3088
6176 2 2 0 1 3217 3216 3089
6177 2 2 0 1 3090 3217 3089
6178 2 2 0 1 3218 3217 3090
6179 2 2 0 1 3091 3218 3090
6180 2 2 0 1 3219 3218 3091
6181 2 2 0 1 3092 3219 3091
6182 2 2 0 1 3220 3219 3092
6183 2 2 0 1 3093 3220 3092
6184 2 2 0 1 3221 3220 3093
6185 2 2 0 1 3094 3221 3093
6186 2 2 0 1 3222 3221 3094
6187 2 2 0 1 3095 3222 3094
6188 2 2 0 1 3223 3222 3095
6189 2 2 0 1 3096 3223 3095
6190 2 2 0 1 3224 3223 3096
6191 2 2 0 1 3097 3224 3096
6192 2 2 0 1 3225 3224 3097
6193 2 2 0 1 3098 3225 3097
6194 2 2 0 1 3226 3225 3098
6195 2 2 0 1 3099 3226 3098
6196 2 2 0 1 3227 3226 3099
6197 2 2 0 1 3100 3227 3099
6198 2 2 0 1 3228 3227 3100
6199 2 2 0 1 3101 3228 3100
6200 2 2 0 1 3229 3228 3101
6201 2 2 0 1 3102 3229 3101
6202 2 2 0 1 3230 3229 3102
6203 2 2 0 1 3103 3230 3102
6204 2 2 0 1 3231 3230 3103
6205 2 2 0 1 3104 3231 3103
6206 2 2 0 1 3232 3231 3104
6207 2 2 0 1 3105 3232 3104
6208 2 2 0 1 3233 3232 3105
6209 2 2 0 1 3106 3233 3105
6210 2 2 0 1 3234 3233 3106
6211 2 2 0 1 3107 3234 3106
6212 2 2 0 1 3235 3234 3107
6213 2 2 0 1 3108 3235 3107
6214 2 2 0 1 3236 3235 3108
6215 2 2 0 1 3109 3236 3108
6216 2 2 0 1 3237 3236 3109
6217 2 2 0 1 3110 3237 3109
6218 2 2 0 1 3238 3237 3110
6219 2 2 0 1 3111 3238 3110
6220 2 2 0 1 3239 3238 3111
6221 2 2 0 1 3112 3239 3111
6222 2 2 0 1 3240 3239 3112
6223 2 2 0 1 3113 3240 3112
6224 2 2 0 1 3241 3240 3113
6225 2 2 0 1 3114 3241 3113
6226 2 2 0 1 3242 3241 3114
6227 2 2 0 1 3115 3242 3114
6228 2 2 0 1 3243 3242 3115
6229 2 2 0 1 3116 3243 3115
6230 2 2 0 1 3244 3243 3116
6231 2 2 0 1 3117 3244 3116
6232 2 2 0 1 3245 3244 3117
6233 2 2 0 1 3118 3245 3117
6234 2 2 0 1 3246 3245 3118
6235 2 2 0 1 3119 3246 3118
6236 2 2 0 1 3247 3246 3119
6237 2 2 0 1 3120 3247 3119
6238 2 2 0 1 3248 3247 3120
6239 2 2 0 1 3121 3248 3120
6240 2 2 0 1 3249 3248 3121
6241 2 2 0 1 3122 3249 3121
6242 2 2 0 1 3250 3249 3122
6243 2 2 0 1 3123 3250 3122
6244 2 2 0 1 3251 3250 3123
6245 2 2 0 1 3124 3251 3123
6246 2 2 0 1 3252 3251 3124
6247 2 2 0 1 3125 3252 3124
6248 2 2 0 1 3253 3252 3125
6249 2 2 0 1 3126 3253 3125
6250 2 2 0 1 3254 3253 3126
6251 2 2 0 1 3127 3254 3126
6252 2 2 0 1 3255 3254 3127
6253 2 2 0 1 3128 3255 3127
6254 2 2 0 1 3256 3255 3128
6255 2 2 0 1 3129 3256 3128
6256 2 2 0 1 3257 3256 3129
6257 2 2 0 1 3130 3257 3129
6258 2 2 0 1 3258 3257 3130
6259 2 2 0 1 3131 3258 3130
6260 2 2 0 1 3259 3258 3131
6261 2 2 0 1 3132 3259 3131
6262 2 2 0 1 3260 3259 3132
6263 2 2 0 1 3133 3260 3132
6264 2 2 0 1 3261 3260 3133
6265 2 2 0 1 3134 3261 3133
6266 2 2 0 1 3262 3261 3134
6267 2 2 0 1 3135 3262 3134
6268 2 2 0 1 3263 3262 3135
6269 2 2 0 1 3136 3263 3135
6270 2 2 0 1 3264 3263 3136
6271 2 2 0 1 3137 3264 3136
6272 2 2 0 1 3265 3264 3137
6273 2 2 0 1 3266 3138 3137
6274 2 2 0 1 3266 3265 3137
6275 2 2 0 1 3267 3139 3138
6276 2 2 0 1 3267 3266 3138
6277 2 2 0 1 3268 3140 3139
6278 2 2 0 1 3268 3267 3139
6279 2 2 0 1 3269 3141 3140
6280 2 2 0 1 3269 3268 3140
6281 2 2 0 1 3270 3142 3141
6282 2 2 0 1 3270 3269 3141
6283 2 2 0 1 3271 3143 3142
6284 2 2 0 1 3271 3270 3142
6285 2 2 0 1 3272 3144 3143
6286 2 2 0 1 3272 3271 3143
6287 2 2 0 1 3273 3145 3144
6288 2 2 0 1 3273 3272 3144
6289 2 2 0 1 3274 3146 3145
6290 2 2 0 1 3274 3273 3145
6291 2 2 0 1 3275 3147 3146
6292 2 2 0 1 3275 3274 3146
6293 2 2 0 1 3276 3148 3147
6294 2 2 0 1 3276 3275 3147
6295 2 2 0 1 3277 3149 3148
6296 2 2 0 1 3277 3276 3148
6297 2 2 0 1 3278 3150 3149
6298 2 2 0 1 3278 3277 3149
6299 2 2 0 1 3279 3151 3150
6300 2 2 0 1 3279 3278 3150
6301 2 2 0 1 3280 3152 3151
6302 2 2 0 1 3280 3279 3151
6303 2 2 0 1 3281 3153 3152
6304 2 2 0 1 3281 3280 3152
6305 2 2 0 1 3282 3154 3153
6306 2 2 0 1 3282 3281 3153
6307 2 2 0 1 3283 3155 3154
6308 2 2 0 1 3283 3282 3154
6309 2 2 0 1 3284 3156 3155
6310 2 2 0 1 3284 3283 3155
6311 2 2 0 1 3285 3157 3156
6312 2 2 0 1 3285 3284 3156
6313 2 2 0 1 3286 3158 3157
6314 2 2 0 1 3286 3285 3157
6315 2 2 0 1 3287 3159 3158
6316 2 2 0 1 3287 3286 3158
6317 2 2 0 1 3288 3160 3159
6318 2 2 0 1 3288 3287 3159
6319 2 2 0 1 3289 3161 3160
6320 2 2 0 1 3289 3288 3160
6321 2 2 0 1 3290 3162 3161
6322 2 2 0 1 3290 3289 3161
6323 2 2 0 1 3291 3163 3162
6324 2 2 0 1 3291 3290 3162
6325 2 2 0 1 3292 3164 3163
6326 2 2 0 1 3292 3291 3163
6327 2 2 0 1 3293 3165 3164
6328 2 2 0 1 3293 3292 3164
6329 2 2 0 1 3294 3166 3165
6330 2 2 0 1 3294 3293 3165
6331 2 2 0 1 3295 3167 3166
6332 2 2 0 1 3295 3294 3166
6333 2 2 0 1 3296 3168 3167
6334 2 2 0 1 3296 3295 3167
6335 2 2 0 1 3297 3169 3168
6336 2 2 0 1 3297 3296 3168
6337 2 2 0 1 3298 3170 3169
6338 2 2 0 1 3298 3297 3169
6339 2 2 0 1 3299 3171 3170
6340 2 2 0 1 3299 3298 3170
6341 2 2 0 1 3300 3172 3171
6342 2 2 0 1 3300 3299 3171
6343 2 2 0 1 3301 3173 3172
6344 2 2 0 1 3301 3300 3172
6345 2 2 0 1 3302 3174 3173
6346 2 2 0 1 3302 3301 3173
6347 2 2 0 1 3303 3175 3174
6348 2 2 0 1 3303 3302 3174
6349 2 2 0 1 3304 3176 3175
6350 2 2 0 1 3304 3303 3175
6351 2 2 0 1 3305 3177 3176
6352 2 2 0 1 3305 3304 3176
6353 2 2 0 1 3306 3178 3177
6354 2 2 0 1 3306 3305 3177
6355 2 2 0 1 3307 3179 3178
6356 2 2 0 1 3307 3306 3178
6357 2 2 0 1 3308 3180 3179
6358 2 2 0 1 3308 3307 3179
6359 2 2 0 1 3309 3181 3180
6360 2 2 0 1 3309 3308 3180
6361 2 2 0 1 3310 3182 3181
6362 2 2 0 1 3310 3309 3181
6363 2 2 0 1 3311 3183 3182
6364 2 2 0 1 3311 3310 3182
6365 2 2 0 1 3312 3184 3183
6366 2 2 0 1 3312 3311 3183
6367 2 2 0 1 3313 3185 3184
6368 2 2 0 1 3313 3312 3184
6369 2 2 0 1 3314 3186 3185
6370 2 2 0 1 3314 3313 3185
6371 2 2 0 1 3187 3314 3186
6372 2 2 0 1 3315 3314 3187
6373 2 2 0 1 3188 3315 3187
6374 2 2 0 1 3316 3315 3188
6375 2 2 0 1 3189 3316 3188
6376 2 2 0 1 3317 3316 3189
6377 2 2 0 1 3190 3317 3189
6378 2 2 0 1 3318 3317 3190
6379 2 2 0 1 3191 3318 3190
6380 2 2 0 1 3319 3318 3191
6381 2 2 0 1 3192 3319 3191
6382 2 2 0 1 3320 3319 3192
6383 2 2 0 1 3193 3320 3192
6384 2 2 0 1 3321 3320 3193
6385 2 2 0 1 3194 3321 3193
6386 2 2 0 1 3322 3321 3194
6387 2 2 0 1 3195 3322 3194
6388 2 2 0 1 3323 3322 3195
6389 2 2 0 1 3196 3323 3195
6390 2 2 0 1 3324 3323 3196
6391 2 2 0 1 3197 3324 3196
6392 2 2 0 1 3325 3324 3197
6393 2 2 0 1 3198 3325 3197
6394 2 2 0 1 3326 3325 3198
6395 2 2 0 1 3199 3326 3198
6396 2 2 0 1 3327 3326 3199
6397 2 2 0 1 3200 3327 3199
6398 2 2 0 1 3328 3327 3200
6399 2 2 0 1 3074 3328 3200
6400 2 2 0 1 3202 3328 3074
6401 2 2 0 1 3329 3201 3202
6402 2 2 0 1 3329 3330 3202
6403 2 2 0 1 3331 3203 3201
6404 2 2 0 1 3331 3329 3201
6405 2 2 0 1 3332 3204 3203
6406 2 2 0 1 3332 3331 3203
6407 2 2 0 1 3333 3205 3204
6408 2 2 0 1 3333 3332 3204
6409 2 2 0 1 3334 3206 3205
6410 2 2 0 1 3334 3333 3205
6411 2 2 0 1 3335 3207 3206
6412 2 2 0 1 3335 3334 3206
6413 2 2 0 1 3336 3208 3207
6414 2 2 0 1 3336 3335 3207
6415 2 2 0 1 3337 3209 3208
6416 2 2 0 1 3337 3336 3208
6417 2 2 0 1 3338 3210 3209
6418 2 2 0 1 3338 3337 3209
6419 2 2 0 1 3339 3211 3210
6420 2 2 0 1 3339 3338 3210
6421 2 2 0 1 3340 3212 3211
6422 2 2 0 1 3340 3339 3211
6423 2 2 0 1 3341 3213 3212
6424 2 2 0 1 3341 3340 3212
6425 2 2 0 1 3342 3214 3213
6426 2 2 0 1 3342 3341 3213
6427 2 2 0 1 3343 3215 3214
6428 2 2 0 1 3343 3342 3214
6429 2 2 0 1 3344 3216 3215
6430 2 2 0 1 3344 3343 3215
6431 2 2 0 1 3217 3344 3216
6432 2 2 0 1 3345 3344 3217
6433 2 2 0 1 3218 3345 3217
6434 2 2 0 1 3346 3345 3218
6435 2 2 0 1 3219 3346 3218
6436 2 2 0 1 3347 3346 3219
6437 2 2 0 1 3220 3347 3219
6438 2 2 0 1 3348 3347 3220
6439 2 2 0 1 3221 3348 3220
6440 2 2 0 1 3349 3348 3221
6441 2 2 0 1 3222 3349 3221
6442 2 2 0 1 3350 3349 3222
6443 2 2 0 1 3223 3350 3222
6444 2 2 0 1 3351 3350 3223
6445 2 2 0 1 3224 3351 3223
6446 2 2 0 1 3352 3351 3224
6447 2 2 0 1 3225 3352 3224
6448 2 2 0 1 3353 3352 3225
6449 2 2 0 1 3226 3353 3225
6450 2 2 0 1 3354 3353 3226
6451 2 2 0 1 3227 3354 3226
6452 2 2 0 1 3355 3354 3227
6453 2 2 0 1 3228 3355 3227
6454 2 2 0 1 3356 3355 3228
6455 2 2 0 1 3229 3356 3228
6456 2 2 0 1 3357 3356 3229
6457 2 2 0 1 3230 3357 3229
6458 2 2 0 1 3358 3357 3230
6459 2 2 0 1 3231 3358 3230
6460 2 2 0 1 3359 3358 3231
6461 2 2 0 1 3232 3359 3231
6462 2 2 0 1 3360 3359 3232
6463 2 2 0 1 3233 3360 3232
6464 2 2 0 1 3361 3360 3233
6465 2 2 0 1 3234 3361 3233
6466 2 2 0 1 3362 3361 3234
6467 2 2 0 1 3235 3362 3234
6468 2 2 0 1 3363 3362 3235
6469 2 2 0 1 3236 3363 3235
6470 2 2 0 1 3364 3363 3236
6471 2 2 0 1 3237 3364 3236
6472 2 2 0 1 3365 3364 3237
6473 2 2 0 1 3238 3365 3237
6474 2 2 0 1 3366 3365 3238
6475 2 2 0 1 3239 3366 3238
6476 2 2 0 1 3367 3366 3239
6477 2 2 0 1 3240 3367 3239
6478 2 2 0 1 3368 3367 3240
6479 2 2 0 1 3241 3368 3240
6480 2 2 0 1 3369 3368 3241
6481 2 2 0 1 3242 3369 3241
6482 2 2 0 1 3370 3369 3242
6483 2 2 0 1 3243 3370 3242
6484 2 2 0 1 3371 3370 3243
6485 2 2 0 1 3244 3371 3243
6486 2 2 0 1 3372 3371 3244
6487 2 2 0 1 3245 3372 3244
6488 2 2 0 1 3373 3372 3245
6489 2 2 0 1 3246 3373 3245
6490 2 2 0 1 3374 3373 3246
6491 2 2 0 1 3247 3374 3246
6492 2 2 0 1 3375 3374 3247
6493 2 2 0 1 3248 3375 3247
6494 2 2 0 1 3376 3375 3248
6495 2 2 0 1 3249 3376 3248
6496 2 2 0 1 3377 3376 3249
6497 2 2 0 1 3250 3377 3249
6498 2 2 0 1 3378 3377 3250
6499 2 2 0 1 3251 3378 3250
6500 2 2 0 1 3379 3378 3251
6501 2 2 0 1 3252 3379 3251
6502 2 2 0 1 3380 3379 3252
6503 2 2 0 1 3253 3380 3252
6504 2 2 0 1 3381 3380 3253
6505 2 2 0 1 3254 3381 3253
6506 2 2 0 1 3382 3381 3254
6507 2 2 0 1 3255 3382 3254
6508 2 2 0 1 3383 3382 3255
6509 2 2 0 1 3256 3383 3255
6510 2 2 0 1 3384 3383 3256
6511 2 2 0 1 3257 3384 3256
6512 2 2 0 1 3385 3384 3257
6513 2 2 0 1 3258 3385 3257
6514 2 2 0 1 3386 3385 3258
6515 2 2 0 1 3259 3386 3258
6516 2 2 0 1 3387 3386 3259
6517 2 2 0 1 3260 3387 3259
6518 2 2 0 1 3388 3387 3260
6519 2 2 0 1 3261 3388 3260
6520 2 2 0 1 3389 3388 3261
6521 2 2 0 1 3262 3389 3261
6522 2 2 0 1 3390 3389 3262
6523 2 2 0 1 3263 3390 3262
6524 2 2 0 1 3391 3390 3263
6525 2 2 0 1 3264 3391 3263
6526 2 2 0 1 3392 3391 3264
6527 2 2 0 1 3265 3392 3264
6528 2 2 0 1 3393 3392 3265
6529 2 2 0 1 3394 3266 3265
6530 2 2 0 1 3394 3393 3265
6531 2 2 0 1 3395 3267 3266
6532 2 2 0 1 3395 3394 3266
6533 2 2 0 1 3396 3268 3267
6534 2 2 0 1 3396 3395 3267
6535 2 2 0 1 3397 3269 3268
6536 2 2 0 1 3397 3396 3268
6537 2 2 0 1 3398 3270 3269
6538 2 2 0 1 3398 3397 3269
6539 2 2 0 1 3399 3271 3270
6540 2 2 0 1 3399 3398 3270
6541 2 2 0 1 3400 3272 3271
6542 2 2 0 1 3400 3399 3271
6543 2 2 0 1 3401 3273 3272
6544 2 2 0 1 3401 3400 3272
6545 2 2 0 1 3402 3274 3273
6546 2 2 0 1 3402 3401 3273
6547 2 2 0 1 3403 3275 3274
6548 2 2 0 1 3403 3402 3274
6549 2 2 0 1 3404 3276 3275
6550 2 2 0 1 3404 3403 3275
6551 2 2 0 1 3405 3277 3276
6552 2 2 0 1 3405 3404 3276
6553 2 2 0 1 3406 3278 3277
6554 2 2 0 1 3406 3405 3277
6555 2 2 0 1 3407 3279 3278
6556 2 2 0 1 3407 3406 3278
6557 2 2 0 1 3408 3280 3279
6558 2 2 0 1 3408 3407 3279
6559 2 2 0 1 3409 3281 3280
6560 2 2 0 1 3409 3408 3280
6561 2 2 0 1 3410 3282 3281
6562 2 2 0 1 3410 3409 3281
6563 2 2 0 1 3411 3283 3282
6564 2 2 0 1 3411 3410 3282
6565 2 2 0 1 3412 3284 3283
6566 2 2 0 1 3412 3411 3283
6567 2 2 0 1 3413 3285 3284
6568 2 2 0 1 3413 3412 3284
6569 2 2 0 1 3414 3286 3285
6570 2 2 0 1 3414 3413 3285
6571 2 2 0 1 3415 3287 3286
6572 2 2 0 1 3415 3414 3286
6573 2 2 0 1 3416 3288 3287
6574 2 2 0 1 3416 3415 3287
6575 2 2 0 1 3417 3289 3288
6576 2 2 0 1 3417 3416 3288
6577 2 2 0 1 3418 3290 3289
6578 2 2 0 1 3418 3417 3289
6579 2 2 0 1 3419 3291 3290
6580 2 2 0 1 3419 3418 3290
6581 2 2 0 1 3420 3292 3291
6582 2 2 0 1 3420 3419 3291
6583 2 2 0 1 3421 3293 3292
6584 2 2 0 1 3421 3420 3292
6585 2 2 0 1 3422 3294 3293
6586 2 2 0 1 3422 3421 3293
6587 2 2 0 1 3423 3295 3294
6588 2 2 0 1 3423 3422 3294
6589 2 2 0 1 3424 3296 3295
6590 2 2 0 1 3424 3423 3295
6591 2 2 0 1 3425 3297 3296
6592 2 2 0 1 3425 3424 3296
6593 2 2 0 1 3426 3298 3297
6594 2 2 0 1 3426 3425 3297
6595 2 2 0 1 3427 3299 3298
6596 2 2 0 1 3427 3426 3298
6597 2 2 0 1 3428 3300 3299
6598 2 2 0 1 3428 3427 3299
6599 2 2 0 1 3429 3301 3300
6600 2 2 0 1 3429 3428 3300
6601 2 2 0 1 3430 3302 3301
6602 2 2 0 1 3430 3429 3301
6603 2 2 0 1 3431 3303 3302
6604 2 2 0 1 3431 3430 3302
6605 2 2 0 1 3432 3304 3303
6606 2 2 0 1 3432 3431 3303
6607 2 2 0 1 3433 3305 3304
6608 2 2 0 1 3433 3432 3304
6609 2 2 0 1 3434 3306 3305
6610 2 2 0 1 3434 3433 3305
6611 2 2 0 1 3435 3307 3306
6612 2 2 0 1 3435 3434 3306
6613 2 2 0 1 3436 3308 3307
6614 2 2 0 1 3436 3435 3307
6615 2 2 0 1 3437 3309 3308
6616 2 2 0 1 3437 3436 3308
6617 2 2 0 1 3438 3310 3309
6618 2 2 0 1 3438 3437 3309
6619 2 2 0 1 3439 3311 3310
6620 2 2 0 1 3439 3438 3310
6621 2 2 0 1 3440 3312 3311
6622 2 2 0 1 3440 3439 3311
6623 2 2 0 1 3441 3313 3312
6624 2 2 0 1 3441 3440 3312
6625 2 2 0 1 3442 3314 3313
6626 2 2 0 1 3442 3441 3313
6627 2 2 0 1 3315 3442 3314
6628 2 2 0 1 3443 3442 3315
6629 2 2 0 1 3316 3443 3315
6630 2 2 0 1 3444 3443 3316
6631 2 2 0 1 3317 3444 3316
6632 2 2 0 1 3445 3444 3317
6633 2 2 0 1 3318 3445 3317
6634 2 2 0 1 3446 3445 3318
6635 2 2 0 1 3319 3446 3318
6636 2 2 0 1 3447 3446 3319
6637 2 2 0 1 3320 3447 3319
6638 2 2 0 1 3448 3447 3320
6639 2 2 0 1 3321 3448 3320
6640 2 2 0 1 3449 3448 3321
6641 2 2 0 1 3322 3449 3321
6642 2 2 0 1 3450 3449 3322
6643 2 2 0 1 3323 3450 3322
6644 2 2 0 1 3451 3450 3323
6645 2 2 0 1 3324 3451 3323
6646 2 2 0 1 3452 3451 3324
6647 2 2 0 1 3325 3452 3324
6648 2 2 0 1 3453 3452 3325
6649 2 2 0 1 3326 3453 3325
6650 2 2 0 1 3454 3453 3326
6651 2 2 0 1 3327 3454 3326
6652 2 2 0 1 3455 3454 3327
6653 2 2 0 1 3328 3455 3327
6654 2 2 0 1 3456 3455 3328
6655 2 2 0 1 3202 3456 3328
6656 2 2 0 1 3330 3456 3202
6657 2 2 0 1 3457 3329 3330
6658 2 2 0 1 3457 3458 3330
6659 2 2 0 1 3459 3331 3329
6660 2 2 0 1 3459 3457 3329
6661 2 2 0 1 3460 3332 3331
6662 2 2 0 1 3460 3459 3331
6663 2 2 0 1 3461 3333 3332
6664 2 2 0 1 3461 3460 3332
6665 2 2 0 1 3462 3334 3333
6666 2 2 0 1 3462 3461 3333
6667 2 2 0 1 3463 3335 3334
6668 2 2 0 1 3463 3462 3334
6669 2 2 0 1 3464 3336 3335
6670 2 2 0 1 3464 3463 3335
6671 2 2 0 1 3465 3337 3336
6672 2 2 0 1 3465 3464 3336
6673 2 2 0 1 3466 3338 3337
6674 2 2 0 1 3466 3465 3337
6675 2 2 0 1 3467 3339 3338
6676 2 2 0 1 3467 3466 3338
6677 2 2 0 1 3468 3340 3339
6678 2 2 0 1 3468 3467 3339
6679 2 2 0 1 3469 3341 3340
6680 2 2 0 1 3469 3468 3340
6681 2 2 0 1 3470 3342 3341
6682 2 2 0 1 3470 3469 3341
6683 2 2 0 1 3471 3343 3342
6684 2 2 0 1 3471 3470 3342
6685 2 2 0 1 3472 3344 3343
6686 2 2 0 1 3472 3471 3343
6687 2 2 0 1 3345 3472 3344
6688 2 2 0 1 3473 3472 3345
6689 2 2 0 1 3346 3473 3345
6690 2 2 0 1 3474 3473 3346
6691 2 2 0 1 3347 3474 3346
6692 2 2 0 1 3475 3474 3347
6693 2 2 0 1 3348 3475 3347
6694 2 2 0 1 3476 3475 3348
6695 2 2 0 1 3349 3476 3348
6696 2 2 0 1 3477 3476 3349
6697 2 2 0 1 3350 3477 3349
6698 2 2 0 1 3478 3477 3350
6699 2 2 0 1 3351 3478 3350
6700 2 2 0 1 3479 3478 3351
6701 2 2 0 1 3352 3479 3351
6702 2 2 0 1 3480 3479 3352
6703 2 2 0 1 3353 3480 3352
6704 2 2 0 1 3481 3480 3353
6705 2 2 0 1 3354 3481 3353
6706 2 2 0 1 3482 3481 3354
6707 2 2 0 1 3355 3482 3354
6708 2 2 0 1 3483 3482 3355
6709 2 2 0 1 3356 3483 3355
6710 2 2 0 1 3484 3483 3356
6711 2 2 0 1 3357 3484 3356
6712 2 2 0 1 3485 3484 3357
6713 2 2 0 1 3358 3485 3357
6714 2 2 0 1 3486 3485 3358
6715 2 2 0 1 3359 3486 3358
6716 2 2 0 1 3487 3486 3359
6717 2 2 0 1 3360 3487 3359
6718 2 2 0 1 3488 3487 3360
6719 2 2 0 1 3361 3488 3360
6720 2 2 0 1 3489 3488 3361
6721 2 2 0 1 3362 3489 3361
6722 2 2 0 1 3490 3489 3362
6723 2 2 0 1 3363 3490 3362
6724 2 2 0 1 3491 3490 3363
6725 2 2 0 1 3364 3491 3363
6726 2 2 0 1 3492 3491 3364
6727 2 2 0 1 3365 3492 3364
6728 2 2 0 1 3493 3492 3365
6729 2 2 0 1 3366 3493 3365
6730 2 2 0 1 3494 3493 3366
6731 2 2 0 1 3367 3494 3366
6732 2 2 0 1 3495 3494 3367
6733 2 2 0 1 3368 3495 3367
6734 2 2 0 1 3496 3495 3368
6735 2 2 0 1 3369 3496 3368
6736 2 2 0 1 3497 3496 3369
6737 2 2 0 1 3370 3497 3369
6738 2 2 0 1 3498 3497 3370
6739 2 2 0 1 3371 3498 3370
6740 2 2 0 1 3499 3498 3371
6741 2 2 0 1 3372 3499 3371
6742 2 2 0 1 3500 3499 3372
6743 2 2 0 1 3373 3500 3372
6744 2 2 0 1 3501 3500 3373
6745 2 2 0 1 3374 3501 3373
6746 2 2 0 1 3502 3501 3374
6747 2 2 0 1 3375 3502 3374
6748 2 2 0 1 3503 3502 3375
6749 2 2 0 1 3376 3503 3375
6750 2 2 0 1 3504 3503 3376
6751 2 2 0 1 3377 3504 3376
6752 2 2 0 1 3505 3504 3377
6753 2 2 0 1 3378 3505 3377
6754 2 2 0 1 3506 3505 3378
6755 2 2 0 1 3379 3506 3378
6756 2 2 0 1 3507 3506 3379
6757 2 2 0 1 3380 3507 3379
6758 2 2 0 1 3508 3507 3380
6759 2 2 0 1 3381 3508 3380
6760 2 2 0 1 3509 3508 3381
6761 2 2 0 1 3382 3509 3381
6762 2 2 0 1 3510 3509 3382
6763 2 2 0 1 3383 3510 3382
6764 2 2 0 1 3511 3510 3383
6765 2 2 0 1 3384 3511 3383
6766 2 2 0 1 3512 3511 3384
6767 2 2 0 1 3385 3512 3384
6768 2 2 0 1 3513 3512 3385
6769 2 2 0 1 3386 3513 3385
6770 2 2 0 1 3514 3513 3386
6771 2 2 0 1 3387 3514 3386
6772 2 2 0 1 3515 3514 3387
6773 2 2 0 1 3388 3515 3387
6774 2 2 0 1 3516 3515 3388
6775 2 2 0 1 3389 3516 3388
6776 2 2 0 1 3517 3516 3389
6777 2 2 0 1 3390 3517 3389
6778 2 2 0 1 3518 3517 3390
6779 2 2 0 1 3391 3518 3390
6780 2 2 0 1 3519 3518 3391
6781 2 2 0 1 3392 3519 3391
6782 2 2 0 1 3520 3519 3392
6783 2 2 0 1 3393 3520 3392
6784 2 2 0 1 3521 3520 3393
6785 2 2 0 1 3522 3394 3393
6786 2 2 0 1 3522 3521 3393
6787 2 2 0 1 3523 3395 3394
6788 2 2 0 1 3523 3522 3394
6789 2 2 0 1 3524 3396 3395
6790 2 2 0 1 3524 3523 3395
6791 2 2 0 1 3525 3397 3396
6792 2 2 0 1 3525 3524 3396
6793 2 2 0 1 3526 3398 3397
6794 2 2 0 1 3526 3525 3397
6795 2 2 0 1 3527 3399 3398
6796 2 2 0 1 3527 3526 3398
6797 2 2 0 1 3528 3400 3399
6798 2 2 0 1 3528 3527 3399
6799 2 2 0 1 3529 3401 3400
6800 2 2 0 1 3529 3528 3400
6801 2 2 0 1 3530 3402 3401
6802 2 2 0 1 3530 3529 3401
6803 2 2 0 1 3531 3403 3402
6804 2 2 0 1 3531 3530 3402
6805 2 2 0 1 3532 3404 3403
6806 2 2 0 1 3532 3531 3403
6807 2 2 0 1 3533 3405 3404
6808 2 2 0 1 3533 3532 3404
6809 2 2 0 1 3534 3406 3405
6810 2 2 0 1 3534 3533 3405
6811 2 2 0 1 3535 3407 3406
6812 2 2 0 1 3535 3534 3406
6813 2 2 0 1 3536 3408 3407
6814 2 2 0 1 3536 3535 3407
6815 2 2 0 1 3537 3409 3408
6816 2 2 0 1 3537 3536 3408
6817 2 2 0 1 3538 3410 3409
6818 2 2 0 1 3538 3537 3409
6819 2 2 0 1 3539 3411 3410
6820 2 2 0 1 3539 3538 3410
6821 2 2 0 1 3540 3412 3411
6822 2 2 0 1 3540 3539 3411
6823 2 2 0 1 3541 3413 3412
6824 2 2 0 1 3541 3540 3412
6825 2 2 0 1 3542 3414 3413
6826 2 2 0 1 3542 3541 3413
6827 2 2 0 1 3543 3415 3414
6828 2 2 0 1 3543 3542 3414
6829 2 2 0 1 3544 3416 3415
6830 2 2 0 1 3544 3543 3415
6831 2 2 0 1 3545 3417 3416
6832 2 2 0 1 3545 3544 3416
6833 2 2 0 1 3546 3418 3417
6834 2 2 0 1 3546 3545 3417
6835 2 2 0 1 3547 3419 3418
6836 2 2 0 1 3547 3546 3418
6837 2 2 0 1 3548 3420 3419
6838 2 2 0 1 3548 3547 3419
6839 2 2 0 1 3549 3421 3420
6840 2 2 0 1 3549 3548 3420
6841 2 2 0 1 3550 3422 3421
6842 2 2 0 1 3550 3549 3421
6843 2 2 0 1 3551 3423 3422
6844 2 2 0 1 3551 3550 3422
6845 2 2 0 1 3552 3424 3423
6846 2 2 0 1 3552 3551 3423
6847 2 2 0 1 3553 3425 3424
6848 2 2 0 1 3553 3552 3424
6849 2 2 0 1 3554 3426 3425
6850 2 2 0 1 3554 3553 3425
6851 2 2 0 1 3555 3427 3426
6852 2 2 0 1 3555 3554 3426
6853 2 2 0 1 3556 3428 3427
6854 2 2 0 1 3556 3555 3427
6855 2 2 0 1 3557 3429 3428
6856 2 2 0 1 3557 3556 3428
6857 2 2 0 1 3558 3430 3429
6858 2 2 0 1 3558 3557 3429
6859 2 2 0 1 3559 3431 3430
6860 2 2 0 1 3559 3558 3430
6861 2 2 0 1 3560 3432 3431
6862 2 2 0 1 3560 3559 3431
6863 2 2 0 1 3561 3433 3432
6864 2 2 0 1 3561 3560 3432
6865 2 2 0 1 3562 3434 3433
6866 2 2 0 1 3562 3561 3433
6867 2 2 0 1 3563 3435 3434
6868 2 2 0 1 3563 3562 3434
6869 2 2 0 1 3564 3436 3435
6870 2 2 0 1 3564 3563 3435
6871 2 2 0 1 3565 3437 3436
6872 2 2 0 1 3565 3564 3436
6873 2 2 0 1 3566 3438 3437
6874 2 2 0 1 3566 3565 3437
6875 2 2 0 1 3567 3439 3438
6876 2 2 0 1 3567 3566 3438
6877 2 2 0 1 3568 3440 3439
6878 2 2 0 1 3568 3567 3439
6879 2 2 0 1 3569 3441 3440
6880 2 2 0 1 3569 3568 3440
6881 2 2 0 1 3570 3442 3441
6882 2 2 0 1 3570 3569 3441
6883 2 2 0 1 3443 3570 3442
6884 2 2 0 1 3571 3570 3443
6885 2 2 0 1 3444 3571 3443
6886 2 2 0 1 3572 3571 3444
6887 2 2 0 1 3445 3572 3444
6888 2 2 0 1 3573 3572 3445
6889 2 2 0 1 3446 3573 3445
6890 2 2 0 1 3574 3573 3446
6891 2 2 0 1 3447 3574 3446
6892 2 2 0 1 3575 3574 3447
6893 2 2 0 1 3448 3575 3447
6894 2 2 0 1 3576 3575 3448
6895 2 2 0 1 3449 3576 3448
6896 2 2 0 1 3577 3576 3449
6897 2 2 0 1 3450 3577 3449
6898 2 2 0 1 3578 3577 3450
6899 2 2 0 1 3451 3578 3450
6900 2 2 0 1 3579 3578 3451
6901 2 2 0 1 3452 3579 3451
6902 2 2 0 1 3580 3579 3452
6903 2 2 0 1 3453 3580 3452
6904 2 2 0 1 3581 3580 3453
6905 2 2 0 1 3454 3581 3453
6906 2 2 0 1 3582 3581 3454
6907 2 2 0 1 3455 3582 3454
6908 2 2 0 1 3583 3582 3455
6909 2 2 0 1 3456 3583 3455
6910 2 2 0 1 3584 3583 3456
6911 2 2 0 1 3330 3584 3456
6912 2 2 0 1 3458 3584 3330
6913 2 2 0 1 3585 3457 3458
6914 2 2 0 1 3585 3586 3458
6915 2 2 0 1 3587 3459 3457
6916 2 2 0 1 3587 3585 3457
6917 2 2 0 1 3588 3460 3459
6918 2 2 0 1 3588 3587 3459
6919 2 2 0 1 3589 3461 3460
6920 2 2 0 1 3589 3588 3460
6921 2 2 0 1 3590 3462 3461
6922 2 2 0 1 3590 3589 3461
6923 2 2 0 1 3591 3463 3462
6924 2 2 0 1 3591 3590 3462
6925 2 2 0 1 3592 3464 3463
6926 2 2 0 1 3592 3591 3463
6927 2 2 0 1 3593 3465 3464
6928 2 2 0 1 3593 3592 3464
6929 2 2 0 1 3594 3466 3465
6930 2 2 0 1 3594 3593 3465
6931 2 2 0 1 3595 3467 3466
6932 2 2 0 1 3595 3594 3466
6933 2 2 0 1 3596 3468 3467
6934 2 2 0 1 3596 3595 3467
6935 2 2 0 1 3597 3469 3468
6936 2 2 0 1 3597 3596 3468
6937 2 2 0 1 3598 3470 3469
6938 2 2 0 1 3598 3597 3469
6939 2 2 0 1 3599 3471 3470
6940 2 2 0 1 3599 3598 3470
6941 2 2 0 1 3600 3472 3471
6942 2 2 0 1 3600 3599 3471
6943 2 2 0 1 3473 3600 3472
6944 2 2 0 1 3601 3600 3473
6945 2 2 0 1 3474 3601 3473
6946 2 2 0 1 3602 3601 3474
6947 2 2 0 1 3475 3602 3474
6948 2 2 0 1 3603 3602 3475
6949 2 2 0 1 3476 3603 3475
6950 2 2 0 1 3604 3603 3476
6951 2 2 0 1 3477 3604 3476
6952 2 2 0 1 3605 3604 3477
6953 2 2 0 1 3478 3605 3477
6954 2 2 0 1 3606 3605 3478
6955 2 2 0 1 3479 3606 3478
6956 2 2 0 1 3607 3606 3479
6957 2 2 0 1 3480 3607 3479
6958 2 2 0 1 3608 3607 3480
6959 2 2 0 1 3481 3608 3480
6960 2 2 0 1 3609 3608 3481
6961 2 2 0 1 3482 3609 3481
6962 2 2 0 1 3610 3609 3482
6963 2 2 0 1 3483 3610 3482
6964 2 2 0 1 3611 3610 3483
6965 2 2 0 1 3484 3611 3483
6966 2 2 0 1 3612 3611 3484
6967 2 2 0 1 3485 3612 3484
6968 2 2 0 1 3613 3612 3485
6969 2 2 0 1 3486 3613 3485
6970 2 2 0 1 3614 3613 3486
6971 2 2 0 1 3487 3614 3486
6972 2 2 0 1 3615 3614 3487
6973 2 2 0 1 3488 3615 3487
6974 2 2 0 1 3616 3615 3488
6975 2 2 0 1 3489 3616 3488
6976 2 2 0 1 3617 3616 3489
6977 2 2 0 1 3490 3617 3489
6978 2 2 0 1 3618 3617 3490
6979 2 2 0 1 3491 3618 3490
6980 2 2 0 1 3619 3618 3491
6981 2 2 0 1 3492 3619 3491
6982 2 2 0 1 3620 3619 3492
6983 2 2 0 1 3493 3620 3492
6984 2 2 0 1 3621 3620 3493
6985 2 2 0 1 3494 3621 3493
6986 2 2 0 1 3622 3621 3494
6987 2 2 0 1 3495 3622 3494
6988 2 2 0 1 3623 3622 3495
6989 2 2 0 1 3496 3623 3495
6990 2 2 0 1 3624 3623 3496
6991 2 2 0 1 3497 3624 3496
6992 2 2 0 1 3625 3624 3497
6993 2 2 0 1 3498 3625 3497
6994 2 2 0 1 3626 3625 3498
6995 2 2 0 1 3499 3626 3498
6996 2 2 0 1 3627 3626 3499
6997 2 2 0 1 3500 3627 3499
6998 2 2 0 1 3628 3627 3500
6999 2 2 0 1 3501 3628 3500
7000 2 2 0 1 3629 3628 3501
7001 2 2 0 1 3502 3629 3501
7002 2 2 0 1 3630 3629 3502
7003 2 2 0 1 3503 3630 3502
7004 2 2 0 1 3631 3630 3503
7005 2 2 0 1 3504 3631 3503
7006 2 2 0 1 3632 3631 3504
7007 2 2 0 1 3505 3632 3504
7008 2 2 0 1 3633 3632 3505
7009 2 2 0 1 3506 3633 3505
7010 2 2 0 1 3634 3633 3506
7011 2 2 0 1 3507 3634 3506
7012 2 2 0 1 3635 3634 3507
7013 2 2 0 1 3508 3635 3507
7014 2 2 0 1 3636 3635 3508
7015 2 2 0 1 3509 3636 3508
7016 2 2 0 1 3637 3636 3509
7017 2 2 0 1 3510 3637 3509
7018 2 2 0 1 3638 3637 3510
7019 2 2 0 1 3511 3638 3510
7020 2 2 0 1 3639 3638 3511
7021 2 2 0 1 3512 3639 3511
7022 2 2 0 1 3640 3639 3512
7023 2 2 0 1 3513 3640 3512
7024 2 2 0 1 3641 3640 3513
7025 2 2 0 1 3514 3641 3513
7026 2 2 0 1 3642 3641 3514
7027 2 2 0 1 3515 3642 3514
7028 2 2 0 1 3643 3642 3515
7029 2 2 0 1 3516 3643 3515
7030 2 2 0 1 3644 3643 3516
7031 2 2 0 1 3517 3644 3516
7032 2 2 0 1 3645 3644 3517
7033 2 2 0 1 3518 3645 3517
7034 2 2 0 1 3646 3645 3518
7035 2 2 0 1 3519 3646 3518
7036 2 2 0 1 3647 3646 3519
7037 2 2 0 1 3520 3647 3519
7038 2 2 0 1 3648 3647 3520
7039 2 2 0 1 3521 3648 3520
7040 2 2 0 1 3649 3648 3521
7041 2 2 0 1 3650 3522 3521
7042 2 2 0 1 3650 3649 3521
7043 2 2 0 1 3651 3523 3522
7044 2 2 0 1 3651 3650 3522
7045 2 2 0 1 3652 3524 3523
7046 2 2 0 1 3652 3651 3523
7047 2 2 0 1 3653 3525 3524
7048 2 2 0 1 3653 3652 3524
7049 2 2 0 1 3654 3526 3525
7050 2 2 0 1 3654 3653 3525
7051 2 2 0 1 3655 3527 3526
7052 2 2 0 1 3655 3654 3526
7053 2 2 0 1 3656 3528 3527
7054 2 2 0 1 3656 3655 3527
7055 2 2 0 1 3657 3529 3528
7056 2 2 0 1 3657 3656 3528
7057 2 2 0 1 3658 3530 3529
7058 2 2 0 1 3658 3657 3529
7059 2 2 0 1 3659 3531 3530
7060 2 2 0 1 3659 3658 3530
7061 2 2 0 1 3660 3532 3531
7062 2 2 0 1 3660 3659 3531
7063 2 2 0 1 3661 3533 3532
7064 2 2 0 1 3661 3660 3532
7065 2 2 0 1 3662 3534 3533
7066 2 2 0 1 3662 3661 3533
7067 2 2 0 1 3663 3535 3534
7068 2 2 0 1 3663 3662 3534
7069 2 2 0 1 3664 3536 3535
7070 2 2 0 1 3664 3663 3535
7071 2 2 0 1 3665 3537 3536
7072 2 2 0 1 3665 3664 3536
7073 2 2 0 1 3666 3538 3537
7074 2 2 0 1 3666 3665 3537
7075 2 2 0 1 3667 3539 3538
7076 2 2 0 1 3667 3666 3538
7077 2 2 0 1 3668 3540 3539
7078 2 2 0 1 3668 3667 3539
7079 2 2 0 1 3669 3541 3540
7080 2 2 0 1 3669 3668 3540
7081 2 2 0 1 3670 3542 3541
7082 2 2 0 1 3670 3669 3541
7083 2 2 0 1 3671 3543 3542
7084 2 2 0 1 3671 3670 3542
7085 2 2 0 1 3672 3544 3543
7086 2 2 0 1 3672 3671 3543
7087 2 2 0 1 3673 3545 3544
7088 2 2 0 1 3673 3672 3544
7089 2 2 0 1 3674 3546 3545
7090 2 2 0 1 3674 3673 3545
7091 2 2 0 1 3675 3547 3546
7092 2 2 0 1 3675 3674 3546
7093 2 2 0 1 3676 3548 3547
7094 2 2 0 1 3676 3675 3547
7095 2 2 0 1 3677 3549 3548
7096 2 2 0 1 3677 3676 3548
7097 2 2 0 1 3678 3550 3549
7098 2 2 0 1 3678 3677 3549
7099 2 2 0 1 3679 3551 3550
7100 2 2 0 1 3679 3678 3550
7101 2 2 0 1 3680 3552 3551
7102 2 2 0 1 3680 3679 3551
7103 2 2 0 1 3681 3553 3552
7104 2 2 0 1 3681 3680 3552
7105 2 2 0 1 3682 3554 3553
7106 2 2 0 1 3682 3681 3553
7107 2 2 0 1 3683 3555 3554
7108 2 2 0 1 3683 3682 3554
7109 2 2 0 1 3684 3556 3555
7110 2 2 0 1 3684 3683 3555
7111 2 2 0 1 3685 3557 3556
7112 2 2 0 1 3685 3684 3556
7113 2 2 0 1 3686 3558 3557
7114 2 2 0 1 3686 3685 3557
7115 2 2 0 1 3687 3559 3558
7116 2 2 0 1 3687 3686 3558
7117 2 2 0 1 3688 3560 3559
7118 2 2 0 1 3688 3687 3559
7119 2 2 0 1 3689 3561 3560
7120 2 2 0 1 3689 3688 3560
7121 2 2 0 1 3690 3562 3561
7122 2 2 0 1 3690 3689 3561
7123 2 2 0 1 3691 3563 3562
7124 2 2 0 1 3691 3690 3562
7125 2 2 0 1 3692 3564 3563
7126 2 2 0 1 3692 3691 3563
7127 2 2 0 1 3693 3565 3564
7128 2 2 0 1 3693 3692 3564
7129 2 2 0 1 3694 3566 3565
7130 2 2 0 1 3694 3693 3565
7131 2 2 0 1 3695 3567 3566
7132 2 2 0 1 3695 3694 3566
7133 2 2 0 1 3696 3568 3567
7134 2 2 0 1 3696 3695 3567
7135 2 2 0 1 3697 3569 3568
7136 2 2 0 1 3697 3696 3568
7137 2 2 0 1 3698 3570 3569
7138 2 2 0 1 3698 3697 3569
7139 2 2 0 1 3571 3698 3570
7140 2 2 0 1 3699 3698 3571
7141 2 2 0 1 3572 3699 3571
7142 2 2 0 1 3700 3699 3572
7143 2 2 0 1 3573 3700 3572
7144 2 2 0 1 3701 3700 3573
7145 2 2 0 1 3574 3701 3573
7146 2 2 0 1 3702 3701 3574
7147 2 2 0 1 3575 3702 3574
7148 2 2 0 1 3703 3702 3575
7149 2 2 0 1 3576 3703 3575
7150 2 2 0 1 3704 3703 3576
7151 2 2 0 1 3577 3704 3576
7152 2 2 0 1 3705 3704 3577
7153 2 2 0 1 3578 3705 3577
7154 2 2 0 1 3706 3705 3578
7155 2 2 0 1 3579 3706 3578
7156 2 2 0 1 3707 3706 3579
7157 2 2 0 1 3580 3707 3579
7158 2 2 0 1 3708 3707 3580
7159 2 2 0 1 3581 3708 3580
7160 2 2 0 1 3709 3708 3581
7161 2 2 0 1 3582 3709 3581
7162 2 2 0 1 3710 3709 3582
7163 2 2 0 1 3583 3710 3582
7164 2 2 0 1 3711 3710 3583
7165 2 2 0 1 3584 3711 3583
7166 2 2 0 1 3712 3711 3584
7167 2 2 0 1 3458 3712 3584
7168 2 2 0 1 3586 3712 3458
7169 2 2 0 1 3713 3585 3586
7170 2 2 0 1 3713 3714 3586
7171 2 2 0 1 3715 3587 3585
7172 2 2 0 1 3715 3713 3585
7173 2 2 0 1 3716 3588 3587
7174 2 2 0 1 3716 3715 3587
7175 2 2 0 1 3717 3589 3588
7176 2 2 0 1 3717 3716 3588
7177 2 2 0 1 3718 3590 3589
7178 2 2 0 1 3718 3717 3589
7179 2 2 0 1 3719 3591 3590
7180 2 2 0 1 3719 3718 3590
7181 2 2 0 1 3720 3592 3591
7182 2 2 0 1 3720 3719 3591
7183 2 2 0 1 3721 3593 3592
7184 2 2 0 1 3721 3720 3592
7185 2 2 0 1 3722 3594 3593
7186 2 2 0 1 3722 3721 3593
7187 2 2 0 1 3723 3595 3594
7188 2 2 0 1 3723 3722 3594
7189 2 2 0 1 3724 3596 3595
7190 2 2 0 1 3724 3723 3595
7191 2 2 0 1 3725 3597 3596
7192 2 2 0 1 3725 3724 3596
7193 2 2 0 1 3726 3598 3597
7194 2 2 0 1 3726 3725 3597
7195 2 2 0 1 3727 3599 3598
7196 2 2 0 1 3727 3726 3598
7197 2 2 0 1 3728 3600 3599
7198 2 2 0 1 3728 3727 3599
7199 2 2 0 1 3601 3728 3600
7200 2 2 0 1 3729 3728 3601
7201 2 2 0 1 3602 3729 3601
7202 2 2 0 1 3730 3729 3602
7203 2 2 0 1 3603 3730 3602
7204 2 2 0 1 3731 3730 3603
7205 2 2 0 1 3604 3731 3603
7206 2 2 0 1 3732 3731 3604
7207 2 2 0 1 3605 3732 3604
7208 2 2 0 1 3733 3732 3605
7209 2 2 0 1 3606 3733 3605
7210 2 2 0 1 3734 3733 3606
7211 2 2 0 1 3607 3734 3606
7212 2 2 0 1 3735 3734 3607
7213 2 2 0 1 3608 3735 3607
7214 2 2 0 1 3736 3735 3608
7215 2 2 0 1 3609 3736 3608
7216 2 2 0 1 3737 3736 3609
7217 2 2 0 1 3610 3737 3609
7218 2 2 0 1 3738 3737 3610
7219 2 2 0 1 3611 3738 3610
7220 2 2 0 1 3739 3738 3611
7221 2 2 0 1 3612 3739 3611
7222 2 2 0 1 3740 3739 3612
7223 2 2 0 1 3613 3740 3612
7224 2 2 0 1 3741 3740 3613
7225 2 2 0 1 3614 3741 3613
7226 2 2 0 1 3742 3741 3614
7227 2 2 0 1 3615 3742 3614
7228 2 2 0 1 3743 3742 3615
7229 2 2 0 1 3616 3743 3615
7230 2 2 0 1 3744 3743 3616
7231 2 2 0 1 3617 3744 3616
7232 2 2 0 1 3745 3744 3617
7233 2 2 0 1 3618 3745 3617
7234 2 2 0 1 3746 3745 3618
7235 2 2 0 1 3619 3746 3618
7236 2 2 0 1 3747 3746 3619
7237 2 2 0 1 3620 3747 3619
7238 2 2 0 1 3748 3747 3620
7239 2 2 0 1 3621 3748 3620
7240 2 2 0 1 3749 3748 3621
7241 2 2 0 1 3622 3749 3621
7242 2 2 0 1 3750 3749 3622
7243 2 2 0 1 3623 3750 3622
7244 2 2 0 1 3751 3750 3623
7245 2 2 0 1 3624 3751 3623
7246 2 2 0 1 3752 3751 3624
7247 2 2 0 1 3625 3752 3624
7248 2 2 0 1 3753 3752 3625
7249 2 2 0 1 3626 3753 3625
7250 2 2 0 1 3754 3753 3626
7251 2 2 0 1 3627 3754 3626
7252 2 2 0 1 3755 3754 3627
7253 2 2 0 1 3628 3755 3627
7254 2 2 0 1 3756 3755 3628
7255 2 2 0 1 3629 3756 3628
7256 2 2 0 1 3757 3756 3629
7257 2 2 0 1 3630 3757 3629
7258 2 2 0 1 3758 3757 3630
7259 2 2 0 1 3631 3758 3630
7260 2 2 0 1 3759 3758 3631
7261 2 2 0 1 3632 3759 3631
7262 2 2 0 1 3760 3759 3632
7263 2 2 0 1 3633 3760 3632
7264 2 2 0 1 3761 3760 3633
7265 2 2 0 1 3634 3761 3633
7266 2 2 0 1 3762 3761 3634
7267 2 2 0 1 3635 3762 3634
7268 2 2 0 1 3763 3762 3635
7269 2 2 0 1 3636 3763 3635
7270 2 2 0 1 3764 3763 3636
7271 2 2 0 1 3637 3764 3636
7272 2 2 0 1 3765 3764 3637
7273 2 2 0 1 3638 3765 3637
7274 2 2 0 1 3766 3765 3638
7275 2 2 0 1 3639 3766 3638
7276 2 2 0 1 3767 3766 3639
7277 2 2 0 1 3640 3767 3639
7278 2 2 0 1 3768 3767 3640
7279 2 2 0 1 3641 3768 3640
7280 2 2 0 1 3769 3768 3641
7281 2 2 0 1 3642 3769 3641
7282 2 2 0 1 3770 3769 3642
7283 2 2 0 1 3643 3770 3642
7284 2 2 0 1 3771 3770 3643
7285 2 2 0 1 3644 3771 3643
7286 2 2 0 1 3772 3771 3644
7287 2 2 0 1 3645 3772 3644
7288 2 2 0 1 3773 3772 3645
7289 2 2 0 1 3646 3773 3645
7290 2 2 0 1 3774 3773 3646
7291 2 2 0 1 3647 3774 3646
7292 2 2 0 1 3775 3774 3647
7293 2 2 0 1 3648 3775 3647
7294 2 2 0 1 3776 3775 3648
7295 2 2 0 1 3649 3776 3648
7296 2 2 0 1 3777 3776 3649
7297 2 2 0 1 3778 3650 3649
7298 2 2 0 1 3778 3777 3649
7299 2 2 0 1 3779 3651 3650
7300 2 2 0 1 3779 3778 3650
7301 2 2 0 1 3780 3652 3651
7302 2 2 0 1 3780 3779 3651
7303 2 2 0 1 3781 3653 3652
7304 2 2 0 1 3781 3780 3652
7305 2 2 0 1 3782 3654 3653
7306 2 2 0 1 3782 3781 3653
7307 2 2 0 1 3783 3655 3654
7308 2 2 0 1 3783 3782 3654
7309 2 2 0 1 3784 3656 3655
7310 2 2 0 1 3784 3783 3655
7311 2 2 0 1 3785 3657 3656
7312 2 2 0 1 3785 3784 3656
7313 2 2 0 1 3786 3658 3657
7314 2 2 0 1 3786 3785 3657
7315 2 2 0 1 3787 3659 3658
7316 2 2 0 1 3787 3786 3658
7317 2 2 0 1 3788 3660 3659
7318 2 2 0 1 3788 3787 3659
7319 2 2 0 1 3789 3661 3660
7320 2 2 0 1 3789 3788 3660
7321 2 2 0 1 3790 3662 3661
7322 2 2 0 1 3790 3789 3661
7323 2 2 0 1 3791 3663 3662
7324 2 2 0 1 3791 3790 3662
7325 2 2 0 1 3792 3664 3663
7326 2 2 0 1 3792 3791 3663
7327 2 2 0 1 3793 3665 3664
7328 2 2 0 1 3793 3792 3664
7329 2 2 0 1 3794 3666 3665
7330 2 2 0 1 3794 3793 3665
7331 2 2 0 1 3795 3667 3666
7332 2 2 0 1 3795 3794 3666
7333 2 2 0 1 3796 3668 3667
7334 2 2 0 1 3796 3795 3667
7335 2 2 0 1 3797 3669 3668
7336 2 2 0 1 3797 3796 3668
7337 2 2 0 1 3798 3670 3669
7338 2 2 0 1 3798 3797 3669
7339 2 2 0 1 3799 3671 3670
7340 2 2 0 1 3799 3798 3670
7341 2 2 0 1 3800 3672 3671
7342 2 2 0 1 3800 3799 3671
7343 2 2 0 1 3801 3673 3672
7344 2 2 0 1 3801 3800 3672
7345 2 2 0 1 3802 3674 3673
7346 2 2 0 1 3802 3801 3673
7347 2 2 0 1 3803 3675 3674
7348 2 2 0 1 3803 3802 3674
7349 2 2 0 1 3804 3676 3675
7350 2 2 0 1 3804 3803 3675
7351 2 2 0 1 3805 3677 3676
7352 2 2 0 1 3805 3804 3676
7353 2 2 0 1 3806 3678 3677
7354 2 2 0 1 3806 3805 3677
7355 2 2 0 1 3807 3679 3678
7356 2 2 0 1 3807 3806 3678
7357 2 2 0 1 3808 3680 3679
7358 2 2 0 1 3808 3807 3679
7359 2 2 0 1 3809 3681 3680
7360 2 2 0 1 3809 3808 3680
7361 2 2 0 1 3810 3682 3681
7362 2 2 0 1 3810 3809 3681
7363 2 2 0 1 3811 3683 3682
7364 2 2 0 1 3811 3810 3682
7365 2 2 0 1 3812 3684 3683
7366 2 2 0 1 3812 3811 3683
7367 2 2 0 1 3813 3685 3684
7368 2 2 0 1 3813 3812 3684
7369 2 2 0 1 3814 3686 3685
7370 2 2 0 1 3814 3813 3685
7371 2 2 0 1 3815 3687 3686
7372 2 2 0 1 3815 3814 3686
7373 2 2 0 1 3816 3688 3687
7374 2 2 0 1 3816 3815 3687
7375 2 2 0 1 3817 3689 3688
7376 2 2 0 1 3817 3816 3688
7377 2 2 0 1 3818 3690 3689
7378 2 2 0 1 3818 3817 3689
7379 2 2 0 1 3819 3691 3690
7380 2 2 0 1 3819 3818 3690
7381 2 2 0 1 3820 3692 3691
7382 2 2 0 1 3820 3819 3691
7383 2 2 0 1 3821 3693 3692
7384 2 2 0 1 3821 3820 3692
7385 2 2 0 1 3822 3694 3693
7386 2 2 0 1 3822 3821 3693
7387 2 2 0 1 3823 3695 3694
7388 2 2 0 1 3823 3822 3694
7389 2 2 0 1 3824 3696 3695
7390 2 2 0 1 3824 3823 3695
7391 2 2 0 1 3825 3697 3696
7392 2 2 0 1 3825 3824 3696
7393 2 2 0 1 3826 3698 3697
7394 2 2 0 1 3826 3825 3697
7395 2 2 0 1 3699 3826 3698
7396 2 2 0 1 3827 3826 3699
7397 2 2 0 1 3700 3827 3699
7398 2 2 0 1 3828 3827 3700
7399 2 2 0 1 3701 3828 3700
7400 2 2 0 1 3829 3828 3701
7401 2 2 0 1 3702 3829 3701
7402 2 2 0 1 3830 3829 3702
7403 2 2 0 1 3703 3830 3702
7404 2 2 0 1 3831 3830 3703
7405 2 2 0 1 3704 3831 3703
7406 2 2 0 1 3832 3831 3704
7407 2 2 0 1 3705 3832 3704
7408 2 2 0 1 3833 3832 3705
7409 2 2 0 1 3706 3833 3705
7410 2 2 0 1 3834 3833 3706
7411 2 2 0 1 3707 3834 3706
7412 2 2 0 1 3835 3834 3707
7413 2 2 0 1 3708 3835 3707
7414 2 2 0 1 3836 3835 3708
7415 2 2 0 1 3709 3836 3708
7416 2 2 0 1 3837 3836 3709
7417 2 2 0 1 3710 3837 3709
7418 2 2 0 1 3838 3837 3710
7419 2 2 0 1 3711 3838 3710
7420 2 2 0 1 3839 3838 3711
7421 2 2 0 1 3712 3839 3711
7422 2 2 0 1 3840 3839 3712
7423 2 2 0 1 3586 3840 3712
7424 2 2 0 1 3714 3840 3586
7425 2 2 0 1 3841 3713 3714
7426 2 2 0 1 3841 3842 3714
7427 2 2 0 1 3843 3715 3713
7428 2 2 0 1 3843 3841 3713
7429 2 2 0 1 3844 3716 3715
7430 2 2 0 1 3844 3843 3715
7431 2 2 0 1 3845 3717 3716
7432 2 2 0 1 3845 3844 3716
7433 2 2 0 1 3846 3718 3717
7434 2 2 0 1 3846 3845 3717
7435 2 2 0 1 3847 3719 3718
7436 2 2 0 1 3847 3846 3718
7437 2 2 0 1 3848 3720 3719
7438 2 2 0 1 3848 3847 3719
7439 2 2 0 1 3849 3721 3720
7440 2 2 0 1 3849 3848 3720
7441 2 2 0 1 3850 3722 3721
7442 2 2 0 1 3850 3849 3721
7443 2 2 0 1 3851 3723 3722
7444 2 2 0 1 3851 3850 3722
7445 2 2 0 1 3852 3724 3723
7446 2 2 0 1 3852 3851 3723
7447 2 2 0 1 3853 3725 3724
7448 2 2 0 1 3853 3852 3724
7449 2 2 0 1 3854 3726 3725
7450 2 2 0 1 3854 3853 3725
7451 2 2 0 1 3855 3727 3726
7452 2 2 0 1 3855 3854 3726
7453 2 2 0 1 3856 3728 3727
7454 2 2 0 1 3856 3855 3727
7455 2 2 0 1 3857 3729 3728
7456 2 2 0 1 3857 3856 3728
7457 2 2 0 1 3858 3730 3729
7458 2 2 0 1 3858 3857 3729
7459 2 2 0 1 3859 3731 3730
7460 2 2 0 1 3859 3858 3730
7461 2 2 0 1 3860 3732 3731
7462 2 2 0 1 3860 3859 3731
7463 2 2 0 1 3861 3733 3732
7464 2 2 0 1 3861 3860 3732
7465 2 2 0 1 3862 3734 3733
7466 2 2 0 1 3862 3861 3733
7467 2 2 0 1 3863 3735 3734
7468 2 2 0 1 3863 3862 3734
7469 2 2 0 1 3864 3736 3735
7470 2 2 0 1 3864 3863 3735
7471 2 2 0 1 3865 3737 3736
7472 2 2 0 1 3865 3864 3736
7473 2 2 0 1 3866 3738 3737
7474 2 2 0 1 3866 3865 3737
7475 2 2 0 1 3867 3739 3738
7476 2 2 0 1 3867 3866 3738
7477 2 2 0 1 3868 3740 3739
7478 2 2 0 1 3868 3867 3739
7479 2 2 0 1 3869 3741 3740
7480 2 2 0 1 3869 3868 3740
7481 2 2 0 1 3870 3742 3741
7482 2 2 0 1 3870 3869 3741
7483 2 2 0 1 3871 3743 3742
7484 2 2 0 1 3871 3870 3742
7485 2 2 0 1 3872 3744 3743
7486 2 2 0 1 3872 3871 3743
7487 2 2 0 1 3873 3745 3744
7488 2 2 0 1 3873 3872 3744
7489 2 2 0 1 3874 3746 3745
7490 2 2 0 1 3874 3873 3745
7491 2 2 0 1 3875 3747 3746
7492 2 2 0 1 3875 3874 3746
7493 2 2 0 1 3876 3748 3747
7494 2 2 0 1 3876 3875 3747
7495 2 2 0 1 3877 3749 3748
7496 2 2 0 1 3877 3876 3748
7497 2 2 0 1 3750 3877 3749
7498 2 2 0 1 3878 3877 3750
7499 2 2 0 1 3751 3878 3750
7500 2 2 0 1 3879 3878 3751
7501 2 2 0 1 3752 3879 3751
7502 2 2 0 1 3880 3879 3752
7503 2 2 0 1 3753 3880 3752
7504 2 2 0 1 3881 3880 3753
7505 2 2 0 1 3754 3881 3753
7506 2 2 0 1 3882 3881 3754
7507 2 2 0 1 3755 3882 3754
7508 2 2 0 1 3883 3882 3755
7509 2 2 0 1 3756 3883 3755
7510 2 2 0 1 3884 3883 3756
7511 2 2 0 1 3757 3884 3756
7512 2 2 0 1 3885 3884 3757
7513 2 2 0 1 3758 3885 3757
7514 2 2 0 1 3886 3885 3758
7515 2 2 0 1 3759 3886 3758
7516 2 2 0 1 3887 3886 3759
7517 2 2 0 1 3760 3887 3759
7518 2 2 0 1 3888 3887 3760
7519 2 2 0 1 3761 3888 3760
7520 2 2 0 1 3889 3888 3761
7521 2 2 0 1 3762 3889 3761
7522 2 2 0 1 3890 3889 3762
7523 2 2 0 1 3763 3890 3762
7524 2 2 0 1 3891 3890 3763
7525 2 2 0 1 3764 3891 3763
7526 2 2 0 1 3892 3891 3764
7527 2 2 0 1 3765 3892 3764
7528 2 2 0 1 3893 3892 3765
7529 2 2 0 1 3766 3893 3765
7530 2 2 0 1 3894 3893 3766
7531 2 2 0 1 3767 3894 3766
7532 2 2 0 1 3895 3894 3767
7533 2 2 0 1 3768 3895 3767
7534 2 2 0 1 3896 3895 3768
7535 2 2 0 1 3769 3896 3768
7536 2 2 0 1 3897 3896 3769
7537 2 2 0 1 3770 3897 3769
7538 2 2 0 1 3898 3897 3770
7539 2 2 0 1 3771 3898 3770
7540 2 2 0 1 3899 3898 3771
7541 2 2 0 1 3772 3899 3771
7542 2 2 0 1 3900 3899 3772
7543 2 2 0 1 3773 3900 3772
7544 2 2 0 1 3901 3900 3773
7545 2 2 0 1 3774 3901 3773
7546 2 2 0 1 3902 3901 3774
7547 2 2 0 1 3775 3902 3774
7548 2 2 0 1 3903 3902 3775
7549 2 2 0 1 3776 3903 3775
7550 2 2 0 1 3904 3903 3776
7551 2 2 0 1 3777 3904 3776
7552 2 2 0 1 3905 3904 3777
7553 2 2 0 1 3906 3778 3777
7554 2 2 0 1 3906 3905 3777
7555 2 2 0 1 3907 3779 3778
7556 2 2 0 1 3907 3906 3778
7557 2 2 0 1 3908 3780 3779
7558 2 2 0 1 3908 3907 3779
7559 2 2 0 1 3909 3781 3780
7560 2 2 0 1 3909 3908 3780
7561 2 2 0 1 3910 3782 3781
7562 2 2 0 1 3910 3909 3781
7563 2 2 0 1 3911 3783 3782
7564 2 2 0 1 3911 3910 3782
7565 2 2 0 1 3912 3784 3783
7566 2 2 0 1 3912 3911 3783
7567 2 2 0 1 3913 3785 3784
7568 2 2 0 1 3913 3912 3784
7569 2 2 0 1 3914 3786 3785
7570 2 2 0 1 3914 3913 3785
7571 2 2 0 1 3915 3787 3786
7572 2 2 0 1 3915 3914 3786
7573 2 2 0 1 3916 3788 3787
7574 2 2 0 1 3916 3915 3787
7575 2 2 0 1 3917 3789 3788
7576 2 2 0 1 3917 3916 3788
7577 2 2 0 1 3918 3790 3789
7578 2 2 0 1 3918 3917 3789
7579 2 2 0 1 3919 3791 3790
7580 2 2 0 1 3919 3918 3790
7581 2 2 0 1 3920 3792 3791
7582 2 2 0 1 3920 3919 3791
7583 2 2 0 1 3921 3793 3792
7584 2 2 0 1 3921 3920 3792
7585 2 2 0 1 3922 3794 3793
7586 2 2 0 1 3922 3921 3793
7587 2 2 0 1 3923 3795 3794
7588 2 2 0 1 3923 3922 3794
7589 2 2 0 1 3924 3796 3795
7590 2 2 0 1 3924 3923 3795
7591 2 2 0 1 3925 3797 3796
7592 2 2 0 1 3925 3924 3796
7593 2 2 0 1 3926 3798 3797
7594 2 2 0 1 3926 3925 3797
7595 2 2 0 1 3927 3799 3798
7596 2 2 0 1 3927 3926 3798
7597 2 2 0 1 3928 3800 3799
7598 2 2 0 1 3928 3927 3799
7599 2 2 0 1 3929 3801 3800
7600 2 2 0 1 3929 3928 3800
7601 2 2 0 1 3930 3802 3801
7602 2 2 0 1 3930 3929 3801
7603 2 2 0 1 3931 3803 3802
7604 2 2 0 1 3931 3930 3802
7605 2 2 0 1 3932 3804 3803
7606 2 2 0 1 3932 3931 3803
7607 2 2 0 1 3933 3805 3804
7608 2 2 0 1 3933 3932 3804
7609 2 2 0 1 3806 3933 3805
7610 2 2 0 1 3934 3933 3806
7611 2 2 0 1 3807 3934 3806
7612 2 2 0 1 3935 3934 3807
7613 2 2 0 1 3808 3935 3807
7614 2 2 0 1 3936 3935 3808
7615 2 2 0 1 3809 3936 3808
7616 2 2 0 1 3937 3936 3809
7617 2 2 0 1 3810 3937 3809
7618 2 2 0 1 3938 3937 3810
7619 2 2 0 1 3811 3938 3810
7620 2 2 0 1 3939 3938 3811
7621 2 2 0 1 3812 3939 3811
7622 2 2 0 1 3940 3939 3812
7623 2 2 0 1 3813 3940 3812
7624 2 2 0 1 3941 3940 3813
7625 2 2 0 1 3814 3941 3813
7626 2 2 0 1 3942 3941 3814
7627 2 2 0 1 3815 3942 3814
7628 2 2 0 1 3943 3942 3815
7629 2 2 0 1 3816 3943 3815
7630 2 2 0 1 3944 3943 3816
7631 2 2 0 1 3817 3944 3816
7632 2 2 0 1 3945 3944 3817
7633 2 2 0 1 3818 3945 3817
7634 2 2 0 1 3946 3945 3818
7635 2 2 0 1 3819 3946 3818
7636 2 2 0 1 3947 3946 3819
7637 2 2 0 1 3820 3947 3819
7638 2 2 0 1 3948 3947 3820
7639 2 2 0 1 3821 3948 3820
7640 2 2 0 1 3949 3948 3821
7641 2 2 0 1 3822 3949 3821
7642 2 2 0 1 3950 3949 3822
7643 2 2 0 1 3823 3950 3822
7644 2 2 0 1 3951 3950 3823
7645 2 2 0 1 3824 3951 3823
7646 2 2 0 1 3952 3951 3824
7647 2 2 0 1 3825 3952 3824
7648 2 2 0 1 3953 3952 3825
7649 2 2 0 1 3826 3953 3825
7650 2 2 0 1 3954 3953 3826
7651 2 2 0 1 3827 3954 3826
7652 2 2 0 1 3955 3954 3827
7653 2 2 0 1 3828 3955 3827
7654 2 2 0 1 3956 3955 3828
7655 2 2 0 1 3829 3956 3828
7656 2 2 0 1 3957 3956 3829
7657 2 2 0 1 3830 3957 3829
7658 2 2 0 1 3958 3957 3830
7659 2 2 0 1 3831 3958 3830
7660 2 2 0 1 3959 3958 3831
7661 2 2 0 1 3832 3959 3831
7662 2 2 0 1 3960 3959 3832
7663 2 2 0 1 3833 3960 3832
7664 2 2 0 1 3961 3960 3833
7665 2 2 0 1 3834 3961 3833
7666 2 2 0 1 3962 3961 3834
7667 2 2 0 1 3835 3962 3834
7668 2 2 0 1 3963 3962 3835
7669 2 2 0 1 3836 3963 3835
7670 2 2 0 1 3964 3963 3836
7671 2 2 0 1 3837 3964 3836
7672 2 2 0 1 3965 3964 3837
7673 2 2 0 1 3838 3965 3837
7674 2 2 0 1 3966 3965 3838
7675 2 2 0 1 3839 3966 3838
7676 2 2 0 1 3967 3966 3839
7677 2 2 0 1 3840 3967 3839
7678 2 2 0 1 3968 3967 3840
7679 2 2 0 1 3714 3968 3840
7680 2 2 0 1 3842 3968 3714
7681 2 2 0 1 3969 3970 3971
7682 2 2 0 1 3972 3970 3969
7683 2 2 0 1 3973 3972 3969
7684 2 2 0 1 3974 3972 3973
7685 2 2 0 1 3975 3974 3973
7686 2 2 0 1 3976 3974 3975
7687 2 2 0 1 3977 3976 3975
7688 2 2 0 1 3978 3976 3977
7689 2 2 0 1 3979 3978 3977
7690 2 2 0 1 3980 3978 3979
7691 2 2 0 1 3981 3980 3979
7692 2 2 0 1 3982 3980 3981
7693 2 2 0 1 3983 3982 3981
7694 2 2 0 1 3984 3982 3983
7695 2 2 0 1 3985 3984 3983
7696 2 2 0 1 3986 3984 3985
7697 2 2 0 1 3987 3986 3985
7698 2 2 0 1 3988 3986 3987
7699 2 2 0 1 3989 3988 3987
7700 2 2 0 1 3990 3988 3989
7701 2 2 0 1 3991 3990 3989
7702 2 2 0 1 3992 3990 3991
7703 2 2 0 1 3993 3992 3991
7704 2 2 0 1 3994 3992 3993
7705 2 2 0 1 3995 3994 3993
7706 2 2 0 1 3996 3994 3995
7707 2 2 0 1 3997 3996 3995
7708 2 2 0 1 3998 3996 3997
7709 2 2 0 1 3999 3998 3997
7710 2 2 0 1 4000 3998 3999
7711 2 2 0 1 4001 4000 3999
7712 2 2 0 1 4002 4000 4001
7713 2 2 0 1 4003 4002 4001
7714 2 2 0 1 4004 4002 4003
7715 2 2 0 1 4005 4004 4003
7716 2 2 0 1 4006 4004 4005
7717 2 2 0 1 4007 4006 4005
7718 2 2 0 1 4008 4006 4007
7719 2 2 0 1 4009 4008 4007
7720 2 2 0 1 4010 4008 4009
7721 2 2 0 1 4011 4010 4009
7722 2 2 0 1 4012 4010 4011
7723 2 2 0 1 4013 4012 4011
7724 2 2 0 1 4014 4012 4013
7725 2 2 0 1 4015 4014 4013
7726 2 2 0 1 4016 4014 4015
7727 2 2 0 1 4017 4016 4015
7728 2 2 0 1 4018 4016 4017
7729 2 2 0 1 4019 4018 4017
7730 2 2 0 1 4020 4018 4019
7731 2 2 0 1 4021 4020 4019
7732 2 2 0 1 4022 4020 4021
7733 2 2 0 1 4023 4022 4021
7734 2 2 0 1 4024 4022 4023
7735 2 2 0 1 4025 4024 4023
7736 2 2 0 1 4026 4024 4025
7737 2 2 0 1 4027 4026 4025
7738 2 2 0 1 4028 4026 4027
7739 2 2 0 1 4029 4028 4027
7740 2 2 0 1 4030 4028 4029
7741 2 2 0 1 4031 4030 4029
7742 2 2 0 1 4032 4030 4031
7743 2 2 0 1 4033 4032 4031
7744 2 2 0 1 4034 4032 4033
7745 2 2 0 1 4035 4034 4033
7746 2 2 0 1 4036 4034 4035
7747 2 2 0 1 4037 4036 4035
7748 2 2 0 1 4038 4036 4037
7749 2 2 0 1 4039 4038 4037
7750 2 2 0 1 4040 4038 4039
7751 2 2 0 1 4041 4040 4039
7752 2 2 0 1 4042 4040 4041
7753 2 2 0 1 4043 4042 4041
7754 2 2 0 1 4044 4042 4043
7755 2 2 0 1 4045 4044 4043
7756 2 2 0 1 4046 4044 4045
7757 2 2 0 1 4047 4046 4045
7758 2 2 0 1 4048 4046 4047
7759 2 2 0 1 4049 4048 4047
7760 2 2 0 1 4050 4048 4049
7761 2 2 0 1 4051 4050 4049
7762 2 2 0 1 4052 4050 4051
7763 2 2 0 1 4053 4054 4051
7764 2 2 0 1 4053 4052 4051
7765 2 2 0 1 4055 4056 4054
7766 2 2 0 1 4055 4053 4054
7767 2 2 0 1 4057 4058 4056
7768 2 2 0 1 4057 4055 4056
7769 2 2 0 1 4059 4060 4058
7770 2 2 0 1 4059 4057 4058
7771 2 2 0 1 4061 4062 4060
7772 2 2 0 1 4061 4059 4060
7773 2 2 0 1 4063 4064 4062
7774 2 2 0 1 4063 4061 4062
7775 2 2 0 1 4065 4066 4064
7776 2 2 0 1 4065 4063 4064
7777 2 2 0 1 4067 4068 4066
7778 2 2 0 1 4067 4065 4066
7779 2 2 0 1 4069 4070 4068
7780 2 2 0 1 4069 4067 4068
7781 2 2 0 1 4071 4072 4070
7782 2 2 0 1 4071 4069 4070
7783 2 2 0 1 4073 4074 4072
7784 2 2 0 1 4073 4071 4072
7785 2 2 0 1 4075 4076 4074
7786 2 2 0 1 4075 4073 4074
7787 2 2 0 1 4077 4078 4076
7788 2 2 0 1 4077 4075 4076
7789 2 2 0 1 4079 4080 4078
7790 2 2 0 1 4079 4077 4078
7791 2 2 0 1 4081 4082 4080
7792 2 2 0 1 4081 4079 4080
7793 2 2 0 1 4083 4084 4082
7794 2 2 0 1 4083 4081 4082
7795 2 2 0 1 4085 4086 4084
7796 2 2 0 1 4085 4083 4084
7797 2 2 0 1 4087 4088 4086
7798 2 2 0 1 4087 4085 4086
7799 2 2 0 1 4089 4090 4088
7800 2 2 0 1 4089 4087 4088
7801 2 2 0 1 4091 4092 4090
7802 2 2 0 1 4091 4089 4090
7803 2 2 0 1 4093 4094 4092
7804 2 2 0 1 4093 4091 4092
7805 2 2 0 1 4095 4096 4094
7806 2 2 0 1 4095 4093 4094
7807 2 2 0 1 4097 4098 4096
7808 2 2 0 1 4097 4095 4096
7809 2 2 0 1 4099 4097 4098
7810 2 2 0 1 4100 4097 4099
7811 2 2 0 1 4101 4100 4099
7812 2 2 0 1 4102 4100 4101
7813 2 2 0 1 4103 4102 4101
7814 2 2 0 1 4104 4102 4103
7815 2 2 0 1 4105 4104 4103
7816 2 2 0 1 4106 4104 4105
7817 2 2 0 1 4107 4106 4105
7818 2 2 0 1 4108 4106 4107
7819 2 2 0 1 4109 4108 4107
7820 2 2 0 1 4110 4108 4109
7821 2 2 0 1 4111 4110 4109
7822 2 2 0 1 4112 4110 4111
7823 2 2 0 1 4113 4112 4111
7824 2 2 0 1 4114 4112 4113
7825 2 2 0 1 4115 4114 4113
7826 2 2 0 1 4116 4114 4115
7827 2 2 0 1 4117 4116 4115
7828 2 2 0 1 4118 4116 4117
7829 2 2 0 1 4119 4118 4117
7830 2 2 0 1 4120 4118 4119
7831 2 2 0 1 4121 4120 4119
7832 2 2 0 1 4122 4120 4121
7833 2 2 0 1 4123 4122 4121
7834 2 2 0 1 4124 4122 4123
7835 2 2 0 1 4125 4124 4123
7836 2 2 0 1 4126 4124 4125
7837 2 2 0 1 4127 4126 4125
7838 2 2 0 1 4128 4126 4127
7839 2 2 0 1 4129 4128 4127
7840 2 2 0 1 4130 4128 4129
7841 2 2 0 1 4131 4130 4129
7842 2 2 0 1 4132 4130 4131
7843 2 2 0 1 4133 4132 4131
7844 2 2 0 1 4134 4132 4133
7845 2 2 0 1 4135 4134 4133
7846 2 2 0 1 4136 4134 4135
7847 2 2 0 1 4137 4136 4135
7848 2 2 0 1 4138 4136 4137
7849 2 2 0 1 4139 4138 4137
7850 2 2 0 1 4140 4138 4139
7851 2 2 0 1 4141 4140 4139
7852 2 2 0 1 4142 4140 4141
7853 2 2 0 1 4143 4142 4141
7854 2 2 0 1 4144 4142 4143
7855 2 2 0 1 4145 4146 4143
7856 2 2 0 1 4145 4144 4143
7857 2 2 0 1 4147 4148 4146
7858 2 2 0 1 4147 4145 4146
7859 2 2 0 1 4149 4150 4148
7860 2 2 0 1 4149 4147 4148
7861 2 2 0 1 4151 4152 4150
7862 2 2 0 1 4151 4149 4150
7863 2 2 0 1 4153 4154 4152
7864 2 2 0 1 4153 4151 4152
7865 2 2 0 1 4155 4156 4154
7866 2 2 0 1 4155 4153 4154
7867 2 2 0 1 4157 4158 4156
7868 2 2 0 1 4157 4155 4156
7869 2 2 0 1 4159 4160 4158
7870 2 2 0 1 4159 4157 4158
7871 2 2 0 1 4161 4162 4160
7872 2 2 0 1 4161 4159 4160
7873 2 2 0 1 4163 4164 4162
7874 2 2 0 1 4163 4161 4162
7875 2 2 0 1 4165 4166 4164
7876 2 2 0 1 4165 4163 4164
7877 2 2 0 1 4167 4168 4166
7878 2 2 0 1 4167 4165 4166
7879 2 2 0 1 4169 4170 4168
7880 2 2 0 1 4169 4167 4168
7881 2 2 0 1 4171 4172 4170
7882 2 2 0 1 4171 4169 4170
7883 2 2 0 1 4173 4174 4172
7884 2 2 0 1 4173 4171 4172
7885 2 2 0 1 4175 4176 4174
7886 2 2 0 1 4175 4173 4174
7887 2 2 0 1 4177 4178 4176
7888 2 2 0 1 4177 4175 4176
7889 2 2 0 1 4179 4180 4178
7890 2 2 0 1 4179 4177 4178
7891 2 2 0 1 4181 4182 4180
7892 2 2 0 1 4181 4179 4180
7893 2 2 0 1 4183 4184 4182
7894 2 2 0 1 4183 4181 4182
7895 2 2 0 1 4185 4186 4184
7896 2 2 0 1 4185 4183 4184
7897 2 2 0 1 4187 4188 4186
7898 2 2 0 1 4187 4185 4186
7899 2 2 0 1 4189 4190 4188
7900 2 2 0 1 4189 4187 4188
7901 2 2 0 1 4191 4192 4190
7902 2 2 0 1 4191 4189 4190
7903 2 2 0 1 4193 4194 4192
7904 2 2 0 1 4193 4191 4192
7905 2 2 0 1 4195 4196 4194
7906 2 2 0 1 4195 4193 4194
7907 2 2 0 1 4197 4198 4196
7908 2 2 0 1 4197 4195 4196
7909 2 2 0 1 4199 4200 4198
7910 2 2 0 1 4199 4197 4198
7911 2 2 0 1 4201 4202 4200
7912 2 2 0 1 4201 4199 4200
7913 2 2 0 1 4203 4204 4202
7914 2 2 0 1 4203 4201 4202
7915 2 2 0 1 4205 4206 4204
7916 2 2 0 1 4205 4203 4204
7917 2 2 0 1 4207 4208 4206
7918 2 2 0 1 4207 4205 4206
7919 2 2 0 1 4209 4210 4208
7920 2 2 0 1 4209 4207 4208
7921 2 2 0 1 4211 4212 4210
7922 2 2 0 1 4211 4209 4210
7923 2 2 0 1 4213 4214 4212
7924 2 2 0 1 4213 4211 4212
7925 2 2 0 1 4215 4216 4214
7926 2 2 0 1 4215 4213 4214
7927 2 2 0 1 4217 4218 4216
7928 2 2 0 1 4217 4215 4216
7929 2 2 0 1 4219 4220 4218
7930 2 2 0 1 4219 4217 4218
7931 2 2 0 1 4221 4222 4220
7932 2 2 0 1 4221 4219 4220
7933 2 2 0 1 4223 4224 4222
7934 2 2 0 1 4223 4221 4222
7935 2 2 0 1 3970 3971 4224
7936 2 2 0 1 3970 4223 4224
7937 2 2 0 1 3972 4225 3970
7938 2 2 0 1 4226 4225 3972
7939 2 2 0 1 3974 4226 3972
7940 2 2 0 1 4227 4226 3974
7941 2 2 0 1 3976 4227 3974
7942 2 2 0 1 4228 4227 3976
7943 2 2 0 1 3978 4228 3976
7944 2 2 0 1 4229 4228 3978
7945 2 2 0 1 3980 4229 3978
7946 2 2 0 1 4230 4229 3980
7947 2 2 0 1 3982 4230 3980
7948 2 2 0 1 4231 4230 3982
7949 2 2 0 1 3984 4231 3982
7950 2 2 0 1 4232 4231 3984
7951 2 2 0 1 3986 4232 3984
7952 2 2 0 1 4233 4232 3986
7953 2 2 0 1 3988 4233 3986
7954 2 2 0 1 4234 4233 3988
7955 2 2 0 1 3990 4234 3988
7956 2 2 0 1 4235 4234 3990
7957 2 2 0 1 3992 4235 3990
7958 2 2 0 1 4236 4235 3992
7959 2 2 0 1 3994 4236 3992
7960 2 2 0 1 4237 4236 3994
7961 2 2 0 1 3996 4237 3994
7962 2 2 0 1 4238 4237 3996
7963 2 2 0 1 3998 4238 3996
7964 2 2 0 1 4239 4238 3998
7965 2 2 0 1 4000 4239 3998
7966 2 2 0 1 4240 4239 4000
7967 2 2 0 1 4002 4240 4000
7968 2 2 0 1 4241 4240 4002
7969 2 2 0 1 4004 4241 4002
7970 2 2 0 1 4242 4241 4004
7971 2 2 0 1 4006 4242 4004
7972 2 2 0 1 4243 4242 4006
7973 2 2 0 1 4008 4243 4006
7974 2 2 0 1 4244 4243 4008
7975 2 2 0 1 4010 4244 4008
7976 2 2 0 1 4245 4244 4010
7977 2 2 0 1 4012 4245 4010
7978 2 2 0 1 4246 4245 4012
7979 2 2 0 1 4014 4246 4012
7980 2 2 0 1 4247 4246 4014
7981 2 2 0 1 4016 4247 4014
7982 2 2 0 1 4248 4247 4016
7983 2 2 0 1 4018 4248 4016
7984 2 2 0 1 4249 4248 4018
7985 2 2 0 1 4020 4249 4018
7986 2 2 0 1 4250 4249 4020
7987 2 2 0 1 4022 4250 4020
7988 2 2 0 1 4251 4250 4022
7989 2 2 0 1 4024 4251 4022
7990 2 2 0 1 4252 4251 4024
7991 2 2 0 1 4026 4252 4024
7992 2 2 0 1 4253 4252 4026
7993 2 2 0 1 4028 4253 4026
7994 2 2 0 1 4254 4253 4028
7995 2 2 0 1 4030 4254 4028
7996 2 2 0 1 4255 4254 4030
7997 2 2 0 1 4032 4255 4030
7998 2 2 0 1 4256 4255 4032
7999 2 2 0 1 4034 4256 4032
8000 2 2 0 1 4257 4256 4034
8001 2 2 0 1 4036 4257 4034
8002 2 2 0 1 4258 4257 4036
8003 2 2 0 1 4038 4258 4036
8004 2 2 0 1 4259 4258 4038
8005 2 2 0 1 4040 4259 4038
8006 2 2 0 1 4260 4259 4040
8007 2 2 0 1 4042 4260 4040
8008 2 2 0 1 4261 4260 4042
8009 2 2 0 1 4044 4261 4042
8010 2 2 0 1 4262 4261 4044
8011 2 2 0 1 4046 4262 4044
8012 2 2 0 1 4263 4262 4046
8013 2 2 0 1 4048 4263 4046
8014 2 2 0 1 4264 4263 4048
8015 2 2 0 1 4050 4264 4048
8016 2 2 0 1 4265 4264 4050
8017 2 2 0 1 4052 4265 4050
8018 2 2 0 1 4266 4265 4052
8019 2 2 0 1 4053 4266 4052
8020 2 2 0 1 4267 4266 4053
8021 2 2 0 1 4268 4055 4053
8022 2 2 0 1 4268 4267 4053
8023 2 2 0 1 4269 4057 4055
8024 2 2 0 1 4269 4268 4055
8025 2 2 0 1 4270 4059 4057
8026 2 2 0 1 4270 4269 4057
8027 2 2 0 1 4271 4061 4059
8028 2 2 0 1 4271 4270 4059
8029 2 2 0 1 4272 4063 4061
8030 2 2 0 1 4272 4271 4061
8031 2 2 0 1 4273 4065 4063
8032 2 2 0 1 4273 4272 4063
8033 2 2 0 1 4274 4067 4065
8034 2 2 0 1 4274 4273 4065
8035 2 2 0 1 4275 4069 4067
8036 2 2 0 1 4275 4274 4067
8037 2 2 0 1 4276 4071 4069
8038 2 2 0 1 4276 4275 4069
8039 2 2 0 1 4277 4073 4071
8040 2 2 0 1 4277 4276 4071
8041 2 2 0 1 4278 4075 4073
8042 2 2 0 1 4278 4277 4073
8043 2 2 0 1 4279 4077 4075
8044 2 2 0 1 4279 4278 4075
8045 2 2 0 1 4280 4079 4077
8046 2 2 0 1 4280 4279 4077
8047 2 2 0 1 4281 4081 4079
8048 2 2 0 1 4281 4280 4079
8049 2 2 0 1 4282 4083 4081
8050 2 2 0 1 4282 4281 4081
8051 2 2 0 1 4283 4085 4083
8052 2 2 0 1 4283 4282 4083
8053 2 2 0 1 4284 4087 4085
8054 2 2 0 1 4284 4283 4085
8055 2 2 0 1 4285 4089 4087
8056 2 2 0 1 4285 4284 4087
8057 2 2 0 1 4286 4091 4089
8058 2 2 0 1 4286 4285 4089
8059 2 2 0 1 4287 4093 4091
8060 2 2 0 1 4287 4286 4091
8061 2 2 0 1 4288 4095 4093
8062 2 2 0 1 4288 4287 4093
8063 2 2 0 1 4289 4097 4095
8064 2 2 0 1 4289 4288 4095
8065 2 2 0 1 4100 4289 4097
8066 2 2 0 1 4290 4289 4100
8067 2 2 0 1 4102 4290 4100
8068 2 2 0 1 4291 4290 4102
8069 2 2 0 1 4104 4291 4102
8070 2 2 0 1 4292 4291 4104
8071 2 2 0 1 4106 4292 4104
8072 2 2 0 1 4293 4292 4106
8073 2 2 0 1 4108 4293 4106
8074 2 2 0 1 4294 4293 4108
8075 2 2 0 1 4110 4294 4108
8076 2 2 0 1 4295 4294 4110
8077 2 2 0 1 4112 4295 4110
8078 2 2 0 1 4296 4295 4112
8079 2 2 0 1 4114 4296 4112
8080 2 2 0 1 4297 4296 4114
8081 2 2 0 1 4116 4297 4114
8082 2 2 0 1 4298 4297 4116
8083 2 2 0 1 4118 4298 4116
8084 2 2 0 1 4299 4298 4118
8085 2 2 0 1 4120 4299 4118
8086 2 2 0 1 4300 4299 4120
8087 2 2 0 1 4122 4300 4120
8088 2 2 0 1 4301 4300 4122
8089 2 2 0 1 4124 4301 4122
8090 2 2 0 1 4302 4301 4124
8091 2 2 0 1 4126 4302 4124
8092 2 2 0 1 4303 4302 4126
8093 2 2 0 1 4128 4303 4126
8094 2 2 0 1 4304 4303 4128
8095 2 2 0 1 4130 4304 4128
8096 2 2 0 1 4305 4304 4130
8097 2 2 0 1 4132 4305 4130
8098 2 2 0 1 4306 4305 4132
8099 2 2 0 1 4134 4306 4132
8100 2 2 0 1 4307 4306 4134
8101 2 2 0 1 4136 4307 4134
8102 2 2 0 1 4308 4307 4136
8103 2 2 0 1 4138 4308 4136
8104 2 2 0 1 4309 4308 4138
8105 2 2 0 1 4140 4309 4138
8106 2 2 0 1 4310 4309 4140
8107 2 2 0 1 4142 4310 4140
8108 2 2 0 1 4311 4310 4142
8109 2 2 0 1 4312 4144 4142
8110 2 2 0 1 4312 4311 4142
8111 2 2 0 1 4313 4145 4144
8112 2 2 0 1 4313 4312 4144
8113 2 2 0 1 4314 4147 4145
8114 2 2 0 1 4314 4313 4145
8115 2 2 0 1 4315 4149 4147
8116 2 2 0 1 4315 4314 4147
8117 2 2 0 1 4316 4151 4149
8118 2 2 0 1 4316 4315 4149
8119 2 2 0 1 4317 4153 4151
8120 2 2 0 1 4317 4316 4151
8121 2 2 0 1 4318 4155 4153
8122 2 2 0 1 4318 4317 4153
8123 2 2 0 1 4319 4157 4155
8124 2 2 0 1 4319 4318 4155
8125 2 2 0 1 4320 4159 4157
8126 2 2 0 1 4320 4319 4157
8127 2 2 0 1 4321 4161 4159
8128 2 2 0 1 4321 4320 4159
8129 2 2 0 1 4322 4163 4161
8130 2 2 0 1 4322 4321 4161
8131 2 2 0 1 4323 4165 4163
8132 2 2 0 1 4323 4322 4163
8133 2 2 0 1 4324 4167 4165
8134 2 2 0 1 4324 4323 4165
8135 2 2 0 1 4325 4169 4167
8136 2 2 0 1 4325 4324 4167
8137 2 2 0 1 4326 4171 4169
8138 2 2 0 1 4326 4325 4169
8139 2 2 0 1 4327 4173 4171
8140 2 2 0 1 4327 4326 4171
8141 2 2 0 1 4328 4175 4173
8142 2 2 0 1 4328 4327 4173
8143 2 2 0 1 4329 4177 4175
8144 2 2 0 1 4329 4328 4175
8145 2 2 0 1 4330 4179 4177
8146 2 2 0 1 4330 4329 4177
8147 2 2 0 1 4331 4181 4179
8148 2 2 0 1 4331 4330 4179
8149 2 2 0 1 4332 4183 4181
8150 2 2 0 1 4332 4331 4181
8151 2 2 0 1 4333 4185 4183
8152 2 2 0 1 4333 4332 4183
8153 2 2 0 1 4334 4187 4185
8154 2 2 0 1 4334 4333 4185
8155 2 2 0 1 4335 4189 4187
8156 2 2 0 1 4335 4334 4187
8157 2 2 0 1 4336 4191 4189
8158 2 2 0 1 4336 4335 4189
8159 2 2 0 1 4337 4193 4191
8160 2 2 0 1 4337 4336 4191
8161 2 2 0 1 4338 4195 4193
8162 2 2 0 1 4338 4337 4193
8163 2 2 0 1 4339 4197 4195
8164 2 2 0 1 4339 4338 4195
8165 2 2 0 1 4340 4199 4197
8166 2 2 0 1 4340 4339 4197
8167 2 2 0 1 4341 4201 4199
8168 2 2 0 1 4341 4340 4199
8169 2 2 0 1 4342 4203 4201
8170 2 2 0 1 4342 4341 4201
8171 2 2 0 1 4343 4205 4203
8172 2 2 0 1 4343 4342 4203
8173 2 2 0 1 4344 4207 4205
8174 2 2 0 1 4344 4343 4205
8175 2 2 0 1 4345 4209 4207
8176 2 2 0 1 4345 4344 4207
8177 2 2 0 1 4346 4211 4209
8178 2 2 0 1 4346 4345 4209
8179 2 2 0 1 4347 4213 4211
8180 2 2 0 1 4347 4346 4211
8181 2 2 0 1 4348 4215 4213
8182 2 2 0 1 4348 4347 4213
8183 2 2 0 1 4349 4217 4215
8184 2 2 0 1 4349 4348 4215
8185 2 2 0 1 4350 4219 4217
8186 2 2 0 1 4350 4349 4217
8187 2 2 0 1 4351 4221 4219
8188 2 2 0 1 4351 4350 4219
8189 2 2 0 1 4352 4223 4221
8190 2 2 0 1 4352 4351 4221
8191 2 2 0 1 4225 3970 4223
8192 2 2 0 1 4225 4352 4223
8193 2 2 0 1 4226 4353 4225
8194 2 2 0 1 4354 4353 4226
8195 2 2 0 1 4227 4354 4226
8196 2 2 0 1 4355 4354 4227
8197 2 2 0 1 4228 4355 4227
8198 2 2 0 1 4356 4355 4228
8199 2 2 0 1 4229 4356 4228
8200 2 2 0 1 4357 4356 4229
8201 2 2 0 1 4230 4357 4229
8202 2 2 0 1 4358 4357 4230
8203 2 2 0 1 4231 4358 4230
8204 2 2 0 1 4359 4358 4231
8205 2 2 0 1 4232 4359 4231
8206 2 2 0 1 4360 4359 4232
8207 2 2 0 1 4233 4360 4232
8208 2 2 0 1 4361 4360 4233
8209 2 2 0 1 4234 4361 4233
8210 2 2 0 1 4362 4361 4234
8211 2 2 0 1 4235 4362 4234
8212 2 2 0 1 4363 4362 4235
8213 2 2 0 1 4236 4363 4235
8214 2 2 0 1 4364 4363 4236
8215 2 2 0 1 4237 4364 4236
8216 2 2 0 1 4365 4364 4237
8217 2 2 0 1 4238 4365 4237
8218 2 2 0 1 4366 4365 4238
8219 2 2 0 1 4239 4366 4238
8220 2 2 0 1 4367 4366 4239
8221 2 2 0 1 4240 4367 4239
8222 2 2 0 1 4368 4367 4240
8223 2 2 0 1 4241 4368 4240
8224 2 2 0 1 4369 4368 4241
8225 2 2 0 1 4242 4369 4241
8226 2 2 0 1 4370 4369 4242
8227 2 2 0 1 4243 4370 4242
8228 2 2 0 1 4371 4370 4243
8229 2 2 0 1 4244 4371 4243
8230 2 2 0 1 4372 4371 4244
8231 2 2 0 1 4245 4372 4244
8232 2 2 0 1 4373 4372 4245
8233 2 2 0 1 4246 4373 4245
8234 2 2 0 1 4374 4373 4246
8235 2 2 0 1 4247 4374 4246
8236 2 2 0 1 4375 4374 4247
8237 2 2 0 1 4248 4375 4247
8238 2 2 0 1 4376 4375 4248
8239 2 2 0 1 4249 4376 4248
8240 2 2 0 1 4377 4376 4249
8241 2 2 0 1 4250 4377 4249
8242 2 2 0 1 4378 4377 4250
8243 2 2 0 1 4251 4378 4250
8244 2 2 0 1 4379 4378 4251
8245 2 2 0 1 4252 4379 4251
8246 2 2 0 1 4380 4379 4252
8247 2 2 0 1 4253 4380 4252
8248 2 2 0 1 4381 4380 4253
8249 2 2 0 1 4254 4381 4253
8250 2 2 0 1 4382 4381 4254
8251 2 2 0 1 4255 4382 4254
8252 2 2 0 1 4383 4382 4255
8253 2 2 0 1 4256 4383 4255
8254 2 2 0 1 4384 4383 4256
8255 2 2 0 1 4257 4384 4256
8256 2 2 0 1 4385 4384 4257
8257 2 2 0 1 4258 4385 4257
8258 2 2 0 1 4386 4385 4258
8259 2 2 0 1 4259 4386 4258
8260 2 2 0 1 4387 4386 4259
8261 2 2 0 1 4260 4387 4259
8262 2 2 0 1 4388 4387 4260
8263 2 2 0 1 4261 4388 4260
8264 2 2 0 1 4389 4388 4261
8265 2 2 0 1 4262 4389 4261
8266 2 2 0 1 4390 4389 4262
8267 2 2 0 1 4263 4390 4262
8268 2 2 0 1 4391 4390 4263
8269 2 2 0 1 4264 4391 4263
8270 2 2 0 1 4392 4391 4264
8271 2 2 0 1 4265 4392 4264
8272 2 2 0 1 4393 4392 4265
8273 2 2 0 1 4266 4393 4265
8274 2 2 0 1 4394 4393 4266
8275 2 2 0 1 4267 4394 4266
8276 2 2 0 1 4395 4394 4267
8277 2 2 0 1 4396 4268 4267
8278 2 2 0 1 4396 4395 4267
8279 2 2 0 1 4397 4269 4268
8280 2 2 0 1 4397 4396 4268
8281 2 2 0 1 4398 4270 4269
8282 2 2 0 1 4398 4397 4269
8283 2 2 0 1 4399 4271 4270
8284 2 2 0 1 4399 4398 4270
8285 2 2 0 1 4400 4272 4271
8286 2 2 0 1 4400 4399 4271
8287 2 2 0 1 4401 4273 4272
8288 2 2 0 1 4401 4400 4272
8289 2 2 0 1 4402 4274 4273
8290 2 2 0 1 4402 4401 4273
8291 2 2 0 1 4403 4275 4274
8292 2 2 0 1 4403 4402 4274
8293 2 2 0 1 4404 4276 4275
8294 2 2 0 1 4404 4403 4275
8295 2 2 0 1 4405 4277 4276
8296 2 2 0 1 4405 4404 4276
8297 2 2 0 1 4406 4278 4277
8298 2 2 0 1 4406 4405 4277
8299 2 2 0 1 4407 4279 4278
8300 2 2 0 1 4407 4406 4278
8301 2 2 0 1 4408 4280 4279
8302 2 2 0 1 4408 4407 4279
8303 2 2 0 1 4409 4281 4280
8304 2 2 0 1 4409 4408 4280
8305 2 2 0 1 4410 4282 4281
8306 2 2 0 1 4410 4409 4281
8307 2 2 0 1 4411 4283 4282
8308 2 2 0 1 4411 4410 4282
8309 2 2 0 1 4412 4284 4283
8310 2 2 0 1 4412 4411 4283
8311 2 2 0 1 4413 4285 4284
8312 2 2 0 1 4413 4412 4284
8313 2 2 0 1 4414 4286 4285
8314 2 2 0 1 4414 4413 4285
8315 2 2 0 1 4415 4287 4286
8316 2 2 0 1 4415 4414 4286
8317 2 2 0 1 4416 4288 4287
8318 2 2 0 1 4416 4415 4287
8319 2 2 0 1 4417 4289 4288
8320 2 2 0 1 4417 4416 4288
8321 2 2 0 1 4290 4417 4289
8322 2 2 0 1 4418 4417 4290
8323 2 2 0 1 4291 4418 4290
8324 2 2 0 1 4419 4418 4291
8325 2 2 0 1 4292 4419 4291
8326 2 2 0 1 4420 4419 4292
8327 2 2 0 1 4293 4420 4292
8328 2 2 0 1 4421 4420 4293
8329 2 2 0 1 4294 4421 4293
8330 2 2 0 1 4422 4421 4294
8331 2 2 0 1 4295 4422 4294
8332 2 2 0 1 4423 4422 4295
8333 2 2 0 1 4296 4423 4295
8334 2 2 0 1 4424 4423 4296
8335 2 2 0 1 4297 4424 4296
8336 2 2 0 1 4425 4424 4297
8337 2 2 0 1 4298 4425 4297
8338 2 2 0 1 4426 4425 4298
8339 2 2 0 1 4299 4426 4298
8340 2 2 0 1 4427 4426 4299
8341 2 2 0 1 4300 4427 4299
8342 2 2 0 1 4428 4427 4300
8343 2 2 0 1 4301 4428 4300
8344 2 2 0 1 4429 4428 4301
8345 2 2 0 1 4302 4429 4301
8346 2 2 0 1 4430 4429 4302
8347 2 2 0 1 4303 4430 4302
8348 2 2 0 1 4431 4430 4303
8349 2 2 0 1 4304 4431 4303
8350 2 2 0 1 4432 4431 4304
8351 2 2 0 1 4305 4432 4304
8352 2 2 0 1 4433 4432 4305
8353 2 2 0 1 4306 4433 4305
8354 2 2 0 1 4434 4433 4306
8355 2 2 0 1 4307 4434 4306
8356 2 2 0 1 4435 4434 4307
8357 2 2 0 1 4308 4435 4307
8358 2 2 0 1 4436 4435 4308
8359 2 2 0 1 4309 4436 4308
8360 2 2 0 1 4437 4436 4309
8361 2 2 0 1 4310 4437 4309
8362 2 2 0 1 4438 4437 4310
8363 2 2 0 1 4311 4438 4310
8364 2 2 0 1 4439 4438 4311
8365 2 2 0 1 4440 4312 4311
8366 2 2 0 1 4440 4439 4311
8367 2 2 0 1 4441 4313 4312
8368 2 2 0 1 4441 4440 4312
8369 2 2 0 1 4442 4314 4313
8370 2 2 0 1 4442 4441 4313
8371 2 2 0 1 4443 4315 4314
8372 2 2 0 1 4443 4442 4314
8373 2 2 0 1 4444 4316 4315
8374 2 2 0 1 4444 4443 4315
8375 2 2 0 1 4445 4317 4316
8376 2 2 0 1 4445 4444 4316
8377 2 2 0 1 4446 4318 4317
8378 2 2 0 1 4446 4445 4317
8379 2 2 0 1 4447 4319 4318
8380 2 2 0 1 4447 4446 4318
8381 2 2 0 1 4448 4320 4319
8382 2 2 0 1 4448 4447 4319
8383 2 2 0 1 4449 4321 4320
8384 2 2 0 1 4449 4448 4320
8385 2 2 0 1 4450 4322 4321
8386 2 2 0 1 4450 4449 4321
8387 2 2 0 1 4451 4323 4322
8388 2 2 0 1 4451 4450 4322
8389 2 2 0 1 4452 4324 4323
8390 2 2 0 1 4452 4451 4323
8391 2 2 0 1 4453 4325 4324
8392 2 2 0 1 4453 4452 4324
8393 2 2 0 1 4454 4326 4325
8394 2 2 0 1 4454 4453 4325
8395 2 2 0 1 4455 4327 4326
8396 2 2 0 1 4455 4454 4326
8397 2 2 0 1 4456 4328 4327
8398 2 2 0 1 4456 4455 4327
8399 2 2 0 1 4457 4329 4328
8400 2 2 0 1 4457 4456 4328
8401 2 2 0 1 4458 4330 4329
8402 2 2 0 1 4458 4457 4329
8403 2 2 0 1 4459 4331 4330
8404 2 2 0 1 4459 4458 4330
8405 2 2 0 1 4460 4332 4331
8406 2 2 0 1 4460 4459 4331
8407 2 2 0 1 4461 4333 4332
8408 2 2 0 1 4461 4460 4332
8409 2 2 0 1 4462 4334 4333
8410 2 2 0 1 4462 4461 4333
8411 2 2 0 1 4463 4335 4334
8412 2 2 0 1 4463 4462 4334
8413 2 2 0 1 4464 4336 4335
8414 2 2 0 1 4464 4463 4335
8415 2 2 0 1 4465 4337 4336
8416 2 2 0 1 4465 4464 4336
8417 2 2 0 1 4466 4338 4337
8418 2 2 0 1 4466 4465 4337
8419 2 2 0 1 4467 4339 4338
8420 2 2 0 1 4467 4466 4338
8421 2 2 0 1 4468 4340 4339
8422 2 2 0 1 4468 4467 4339
8423 2 2 0 1 4469 4341 4340
8424 2 2 0 1 4469 4468 4340
8425 2 2 0 1 4470 4342 4341
8426 2 2 0 1 4470 4469 4341
8427 2 2 0 1 4471 4343 4342
8428 2 2 0 1 4471 4470 4342
8429 2 2 0 1 4472 4344 4343
8430 2 2 0 1 4472 4471 4343
8431 2 2 0 1 4473 4345 4344
8432 2 2 0 1 4473 4472 4344
8433 2 2 0 1 4474 4346 4345
8434 2 2 0 1 4474 4473 4345
8435 2 2 0 1 4475 4347 4346
8436 2 2 0 1 4475 4474 4346
8437 2 2 0 1 4476 4348 4347
8438 2 2 0 1 4476 4475 4347
8439 2 2 0 1 4477 4349 4348
8440 2 2 0 1 4477 4476 4348
8441 2 2 0 1 4478 4350 4349
8442 2 2 0 1 4478 4477 4349
8443 2 2 0 1 4479 4351 4350
8444 2 2 0 1 4479 4478 4350
8445 2 2 0 1 4480 4352 4351
8446 2 2 0 1 4480 4479 4351
8447 2 2 0 1 4353 4225 4352
8448 2 2 0 1 4353 4480 4352
8449 2 2 0 1 4354 4481 4353
8450 2 2 0 1 4482 4481 4354
8451 2 2 0 1 4355 4482 4354
8452 2 2 0 1 4483 4482 4355
8453 2 2 0 1 4356 4483 4355
8454 2 2 0 1 4484 4483 4356
8455 2 2 0 1 4357 4484 4356
8456 2 2 0 1 4485 4484 4357
8457 2 2 0 1 4358 4485 4357
8458 2 2 0 1 4486 4485 4358
8459 2 2 0 1 4359 4486 4358
8460 2 2 0 1 4487 4486 4359
8461 2 2 0 1 4360 4487 4359
8462 2 2 0 1 4488 4487 4360
8463 2 2 0 1 4361 4488 4360
8464 2 2 0 1 4489 4488 4361
8465 2 2 0 1 4362 4489 4361
8466 2 2 0 1 4490 4489 4362
8467 2 2 0 1 4363 4490 4362
8468 2 2 0 1 4491 4490 4363
8469 2 2 0 1 4364 4491 4363
8470 2 2 0 1 4492 4491 4364
8471 2 2 0 1 4365 4492 4364
8472 2 2 0 1 4493 4492 4365
8473 2 2 0 1 4366 4493 4365
8474 2 2 0 1 4494 4493 4366
8475 2 2 0 1 4367 4494 4366
8476 2 2 0 1 4495 4494 4367
8477 2 2 0 1 4368 4495 4367
8478 2 2 0 1 4496 4495 4368
8479 2 2 0 1 4369 4496 4368
8480 2 2 0 1 4497 4496 4369
8481 2 2 0 1 4370 4497 4369
8482 2 2 0 1 4498 4497 4370
8483 2 2 0 1 4371 4498 4370
8484 2 2 0 1 4499 4498 4371
8485 2 2 0 1 4372 4499 4371
8486 2 2 0 1 4500 4499 4372
8487 2 2 0 1 4373 4500 4372
8488 2 2 0 1 4501 4500 4373
8489 2 2 0 1 4374 4501 4373
8490 2 2 0 1 4502 4501 4374
8491 2 2 0 1 4375 4502 4374
8492 2 2 0 1 4503 4502 4375
8493 2 2 0 1 4376 4503 4375
8494 2 2 0 1 4504 4503 4376
8495 2 2 0 1 4377 4504 4376
8496 2 2 0 1 4505 4504 4377
8497 2 2 0 1 4378 4505 4377
8498 2 2 0 1 4506 4505 4378
8499 2 2 0 1 4379 4506 4378
8500 2 2 0 1 4507 4506 4379
8501 2 2 0 1 4380 4507 4379
8502 2 2 0 1 4508 4507 4380
8503 2 2 0 1 4381 4508 4380
8504 2 2 0 1 4509 4508 4381
8505 2 2 0 1 4382 4509 4381
8506 2 2 0 1 4510 4509 4382
8507 2 2 0 1 4383 4510 4382
8508 2 2 0 1 4511 4510 4383
8509 2 2 0 1 4384 4511 4383
8510 2 2 0 1 4512 4511 4384
8511 2 2 0 1 4385 4512 4384
8512 2 2 0 1 4513 4512 4385
8513 2 2 0 1 4386 4513 4385
8514 2 2 0 1 4514 4513 4386
8515 2 2 0 1 4387 4514 4386
8516 2 2 0 1 4515 4514 4387
8517 2 2 0 1 4388 4515 4387
8518 2 2 0 1 4516 4515 4388
8519 2 2 0 1 4389 4516 4388
8520 2 2 0 1 4517 4516 4389
8521 2 2 0 1 4390 4517 4389
8522 2 2 0 1 4518 4517 4390
8523 2 2 0 1 4391 4518 4390
8524 2 2 0 1 4519 4518 4391
8525 2 2 0 1 4392 4519 4391
8526 2 2 0 1 4520 4519 4392
8527 2 2 0 1 4393 4520 4392
8528 2 2 0 1 4521 4520 4393
8529 2 2 0 1 4394 4521 4393
8530 2 2 0 1 4522 4521 4394
8531 2 2 0 1 4395 4522 4394
8532 2 2 0 1 4523 4522 4395
8533 2 2 0 1 4524 4396 4395
8534 2 2 0 1 4524 4523 4395
8535 2 2 0 1 4525 4397 4396
8536 2 2 0 1 4525 4524 4396
8537 2 2 0 1 4526 4398 4397
8538 2 2 0 1 4526 4525 4397
8539 2 2 0 1 4527 4399 4398
8540 2 2 0 1 4527 4526 4398
8541 2 2 0 1 4528 4400 4399
8542 2 2 0 1 4528 4527 4399
8543 2 2 0 1 4529 4401 4400
8544 2 2 0 1 4529 4528 4400
8545 2 2 0 1 4530 4402 4401
8546 2 2 0 1 4530 4529 4401
8547 2 2 0 1 4531 4403 4402
8548 2 2 0 1 4531 4530 4402
8549 2 2 0 1 4532 4404 4403
8550 2 2 0 1 4532 4531 4403
8551 2 2 0 1 4533 4405 4404
8552 2 2 0 1 4533 4532 4404
8553 2 2 0 1 4534 4406 4405
8554 2 2 0 1 4534 4533 4405
8555 2 2 0 1 4535 4407 4406
8556 2 2 0 1 4535 4534 4406
8557 2 2 0 1 4536 4408 4407
8558 2 2 0 1 4536 4535 4407
8559 2 2 0 1 4537 4409 4408
8560 2 2 0 1 4537 4536 4408
8561 2 2 0 1 4538 4410 4409
8562 2 2 0 1 4538 4537 4409
8563 2 2 0 1 4539 4411 4410
8564 2 2 0 1 4539 4538 4410
8565 2 2 0 1 4540 4412 4411
8566 2 2 0 1 4540 4539 4411
8567 2 2 0 1 4541 4413 4412
8568 2 2 0 1 4541 4540 4412
8569 2 2 0 1 4542 4414 4413
8570 2 2 0 1 4542 4541 4413
8571 2 2 0 1 4543 4415 4414
8572 2 2 0 1 4543 4542 4414
8573 2 2 0 1 4544 4416 4415
8574 2 2 0 1 4544 4543 4415
8575 2 2 0 1 4545 4417 4416
8576 2 2 0 1 4545 4544 4416
8577 2 2 0 1 4418 4545 4417
8578 2 2 0 1 4546 4545 4418
8579 2 2 0 1 4419 4546 4418
8580 2 2 0 1 4547 4546 4419
8581 2 2 0 1 4420 4547 4419
8582 2 2 0 1 4548 4547 4420
8583 2 2 0 1 4421 4548 4420
8584 2 2 0 1 4549 4548 4421
8585 2 2 0 1 4422 4549 4421
8586 2 2 0 1 4550 4549 4422
8587 2 2 0 1 4423 4550 4422
8588 2 2 0 1 4551 4550 4423
8589 2 2 0 1 4424 4551 4423
8590 2 2 0 1 4552 4551 4424
8591 2 2 0 1 4425 4552 4424
8592 2 2 0 1 4553 4552 4425
8593 2 2 0 1 4426 4553 4425
8594 2 2 0 1 4554 4553 4426
8595 2 2 0 1 4427 4554 4426
8596 2 2 0 1 4555 4554 4427
8597 2 2 0 1 4428 4555 4427
8598 2 2 0 1 4556 4555 4428
8599 2 2 0 1 4429 4556 4428
8600 2 2 0 1 4557 4556 4429
8601 2 2 0 1 4430 4557 4429
8602 2 2 0 1 4558 4557 4430
8603 2 2 0 1 4431 4558 4430
8604 2 2 0 1 4559 4558 4431
8605 2 2 0 1 4432 4559 4431
8606 2 2 0 1 4560 4559 4432
8607 2 2 0 1 4433 4560 4432
8608 2 2 0 1 4561 4560 4433
8609 2 2 0 1 4434 4561 4433
8610 2 2 0 1 4562 4561 4434
8611 2 2 0 1 4435 4562 4434
8612 2 2 0 1 4563 4562 4435
8613 2 2 0 1 4436 4563 4435
8614 2 2 0 1 4564 4563 4436
8615 2 2 0 1 4437 4564 4436
8616 2 2 0 1 4565 4564 4437
8617 2 2 0 1 4438 4565 4437
8618 2 2 0 1 4566 4565 4438
8619 2 2 0 1 4439 4566 4438
8620 2 2 0 1 4567 4566 4439
8621 2 2 0 1 4568 4440 4439
8622 2 2 0 1 4568 4567 4439
8623 2 2 0 1 4569 4441 4440
8624 2 2 0 1 4569 4568 4440
8625 2 2 0 1 4570 4442 4441
8626 2 2 0 1 4570 4569 4441
8627 2 2 0 1 4571 4443 4442
8628 2 2 0 1 4571 4570 4442
8629 2 2 0 1 4572 4444 4443
8630 2 2 0 1 4572 4571 4443
8631 2 2 0 1 4573 4445 4444
8632 2 2 0 1 4573 4572 4444
8633 2 2 0 1 4574 4446 4445
8634 2 2 0 1 4574 4573 4445
8635 2 2 0 1 4575 4447 4446
8636 2 2 0 1 4575 4574 4446
8637 2 2 0 1 4576 4448 4447
8638 2 2 0 1 4576 4575 4447
8639 2 2 0 1 4577 4449 4448
8640 2 2 0 1 4577 4576 4448
8641 2 2 0 1 4578 4450 4449
8642 2 2 0 1 4578 4577 4449
8643 2 2 0 1 4579 4451 4450
8644 2 2 0 1 4579 4578 4450
8645 2 2 0 1 4580 4452 4451
8646 2 2 0 1 4580 4579 4451
8647 2 2 0 1 4581 4453 4452
8648 2 2 0 1 4581 4580 4452
8649 2 2 0 1 4582 4454 4453
8650 2 2 0 1 4582 4581 4453
8651 2 2 0 1 4583 4455 4454
8652 2 2 0 1 4583 4582 4454
8653 2 2 0 1 4584 4456 4455
8654 2 2 0 1 4584 4583 4455
8655 2 2 0 1 4585 4457 4456
8656 2 2 0 1 4585 4584 4456
8657 2 2 0 1 4586 4458 4457
8658 2 2 0 1 4586 4585 4457
8659 2 2 0 1 4587 4459 4458
8660 2 2 0 1 4587 4586 4458
8661 2 2 0 1 4588 4460 4459
8662 2 2 0 1 4588 4587 4459
8663 2 2 0 1 4589 4461 4460
8664 2 2 0 1 4589 4588 4460
8665 2 2 0 1 4590 4462 4461
8666 2 2 0 1 4590 4589 4461
8667 2 2 0 1 4591 4463 4462
8668 2 2 0 1 4591 4590 4462
8669 2 2 0 1 4592 4464 4463
8670 2 2 0 1 4592 4591 4463
8671 2 2 0 1 4593 4465 4464
8672 2 2 0 1 4593 4592 4464
8673 2 2 0 1 4594 4466 4465
8674 2 2 0 1 4594 4593 4465
8675 2 2 0 1 4595 4467 4466
8676 2 2 0 1 4595 4594 4466
8677 2 2 0 1 4596 4468 4467
8678 2 2 0 1 4596 4595 4467
8679 2 2 0 1 4597 4469 4468
8680 2 2 0 1 4597 4596 4468
8681 2 2 0 1 4598 4470 4469
8682 2 2 0 1 4598 4597 4469
8683 2 2 0 1 4599 4471 4470
8684 2 2 0 1 4599 4598 4470
8685 2 2 0 1 4600 4472 4471
8686 2 2 0 1 4600 4599 4471
8687 2 2 0 1 4601 4473 4472
8688 2 2 0 1 4601 4600 4472
8689 2 2 0 1 4602 4474 4473
8690 2 2 0 1 4602 4601 4473
8691 2 2 0 1 4603 4475 4474
8692 2 2 0 1 4603 4602 4474
8693 2 2 0 1 4604 4476 4475
8694 2 2 0 1 4604 4603 4475
8695 2 2 0 1 4605 4477 4476
8696 2 2 0 1 4605 4604 4476
8697 2 2 0 1 4606 4478 4477
8698 2 2 0 1 4606 4605 4477
8699 2 2 0 1 4607 4479 4478
8700 2 2 0 1 4607 4606 4478
8701 2 2 0 1 4608 4480 4479
8702 2 2 0 1 4608 4607 4479
8703 2 2 0 1 4481 4353 4480
8704 2 2 0 1 4481 4608 4480
8705 2 2 0 1 4482 4609 4481
8706 2 2 0 1 4610 4609 4482
8707 2 2 0 1 4483 4610 4482
8708 2 2 0 1 4611 4610 4483
8709 2 2 0 1 4484 4611 4483
8710 2 2 0 1 4612 4611 4484
8711 2 2 0 1 4485 4612 4484
8712 2 2 0 1 4613 4612 4485
8713 2 2 0 1 4486 4613 4485
8714 2 2 0 1 4614 4613 4486
8715 2 2 0 1 4487 4614 4486
8716 2 2 0 1 4615 4614 4487
8717 2 2 0 1 4488 4615 4487
8718 2 2 0 1 4616 4615 4488
8719 2 2 0 1 4489 4616 4488
8720 2 2 0 1 4617 4616 4489
8721 2 2 0 1 4490 4617 4489
8722 2 2 0 1 4618 4617 4490
8723 2 2 0 1 4491 4618 4490
8724 2 2 0 1 4619 4618 4491
8725 2 2 0 1 4492 4619 4491
8726 2 2 0 1 4620 4619 4492
8727 2 2 0 1 4493 4620 4492
8728 2 2 0 1 4621 4620 4493
8729 2 2 0 1 4494 4621 4493
8730 2 2 0 1 4622 4621 4494
8731 2 2 0 1 4495 4622 4494
8732 2 2 0 1 4623 4622 4495
8733 2 2 0 1 4496 4623 4495
8734 2 2 0 1 4624 4623 4496
8735 2 2 0 1 4497 4624 4496
8736 2 2 0 1 4625 4624 4497
8737 2 2 0 1 4498 4625 4497
8738 2 2 0 1 4626 4625 4498
8739 2 2 0 1 4499 4626 4498
8740 2 2 0 1 4627 4626 4499
8741 2 2 0 1 4500 4627 4499
8742 2 2 0 1 4628 4627 4500
8743 2 2 0 1 4501 4628 4500
8744 2 2 0 1 4629 4628 4501
8745 2 2 0 1 4502 4629 4501
8746 2 2 0 1 4630 4629 4502
8747 2 2 0 1 4503 4630 4502
8748 2 2 0 1 4631 4630 4503
8749 2 2 0 1 4504 4631 4503
8750 2 2 0 1 4632 4631 4504
8751 2 2 0 1 4505 4632 4504
8752 2 2 0 1 4633 4632 4505
8753 2 2 0 1 4506 4633 4505
8754 2 2 0 1 4634 4633 4506
8755 2 2 0 1 4507 4634 4506
8756 2 2 0 1 4635 4634 4507
8757 2 2 0 1 4508 4635 4507
8758 2 2 0 1 4636 4635 4508
8759 2 2 0 1 4509 4636 4508
8760 2 2 0 1 4637 4636 4509
8761 2 2 0 1 4510 4637 4509
8762 2 2 0 1 4638 4637 4510
8763 2 2 0 1 4511 4638 4510
8764 2 2 0 1 4639 4638 4511
8765 2 2 0 1 4512 4639 4511
8766 2 2 0 1 4640 4639 4512
8767 2 2 0 1 4513 4640 4512
8768 2 2 0 1 4641 4640 4513
8769 2 2 0 1 4514 4641 4513
8770 2 2 0 1 4642 4641 4514
8771 2 2 0 1 4515 4642 4514
8772 2 2 0 1 4643 4642 4515
8773 2 2 0 1 4516 4643 4515
8774 2 2 0 1 4644 4643 4516
8775 2 2 0 1 4517 4644 4516
8776 2 2 0 1 4645 4644 4517
8777 2 2 0 1 4518 4645 4517
8778 2 2 0 1 4646 4645 4518
8779 2 2 0 1 4519 4646 4518
8780 2 2 0 1 4647 4646 4519
8781 2 2 0 1 4520 4647 4519
8782 2 2 0 1 4648 4647 4520
8783 2 2 0 1 4521 4648 4520
8784 2 2 0 1 4649 4648 4521
8785 2 2 0 1 4522 4649 4521
8786 2 2 0 1 4650 4649 4522
8787 2 2 0 1 4651 4523 4522
8788 2 2 0 1 4651 4650 4522
8789 2 2 0 1 4652 4524 4523
8790 2 2 0 1 4652 4651 4523
8791 2 2 0 1 4653 4525 4524
8792 2 2 0 1 4653 4652 4524
8793 2 2 0 1 4654 4526 4525
8794 2 2 0 1 4654 4653 4525
8795 2 2 0 1 4655 4527 4526
8796 2 2 0 1 4655 4654 4526
8797 2 2 0 1 4656 4528 4527
8798 2 2 0 1 4656 4655 4527
8799 2 2 0 1 4657 4529 4528
8800 2 2 0 1 4657 4656 4528
8801 2 2 0 1 4658 4530 4529
8802 2 2 0 1 4658 4657 4529
8803 2 2 0 1 4659 4531 4530
8804 2 2 0 1 4659 4658 4530
8805 2 2 0 1 4660 4532 4531
8806 2 2 0 1 4660 4659 4531
8807 2 2 0 1 4661 4533 4532
8808 2 2 0 1 4661 4660 4532
8809 2 2 0 1 4662 4534 4533
8810 2 2 0 1 4662 4661 4533
8811 2 2 0 1 4663 4535 4534
8812 2 2 0 1 4663 4662 4534
8813 2 2 0 1 4664 4536 4535
8814 2 2 0 1 4664 4663 4535
8815 2 2 0 1 4665 4537 4536
8816 2 2 0 1 4665 4664 4536
8817 2 2 0 1 4666 4538 4537
8818 2 2 0 1 4666 4665 4537
8819 2 2 0 1 4667 4539 4538
8820 2 2 0 1 4667 4666 4538
8821 2 2 0 1 4668 4540 4539
8822 2 2 0 1 4668 4667 4539
8823 2 2 0 1 4669 4541 4540
8824 2 2 0 1 4669 4668 4540
8825 2 2 0 1 4670 4542 4541
8826 2 2 0 1 4670 4669 4541
8827 2 2 0 1 4671 4543 4542
8828 2 2 0 1 4671 4670 4542
8829 2 2 0 1 4672 4544 4543
8830 2 2 0 1 4672 4671 4543
8831 2 2 0 1 4673 4545 4544
8832 2 2 0 1 4673 4672 4544
8833 2 2 0 1 4546 4673 4545
8834 2 2 0 1 4674 4673 4546
8835 2 2 0 1 4547 4674 4546
8836 2 2 0 1 4675 4674 4547
8837 2 2 0 1 4548 4675 4547
8838 2 2 0 1 4676 4675 4548
8839 2 2 0 1 4549 4676 4548
8840 2 2 0 1 4677 4676 4549
8841 2 2 0 1 4550 4677 4549
8842 2 2 0 1 4678 4677 4550
8843 2 2 0 1 4551 4678 4550
8844 2 2 0 1 4679 4678 4551
8845 2 2 0 1 4552 4679 4551
8846 2 2 0 1 4680 4679 4552
8847 2 2 0 1 4553 4680 4552
8848 2 2 0 1 4681 4680 4553
8849 2 2 0 1 4554 4681 4553
8850 2 2 0 1 4682 4681 4554
8851 2 2 0 1 4555 4682 4554
8852 2 2 0 1 4683 4682 4555
8853 2 2 0 1 4556 4683 4555
8854 2 2 0 1 4684 4683 4556
8855 2 2 0 1 4557 4684 4556
8856 2 2 0 1 4685 4684 4557
8857 2 2 0 1 4558 4685 4557
8858 2 2 0 1 4686 4685 4558
8859 2 2 0 1 4559 4686 4558
8860 2 2 0 1 4687 4686 4559
8861 2 2 0 1 4560 4687 4559
8862 2 2 0 1 4688 4687 4560
8863 2 2 0 1 4561 4688 4560
8864 2 2 0 1 4689 4688 4561
8865 2 2 0 1 4562 4689 4561
8866 2 2 0 1 4690 4689 4562
8867 2 2 0 1 4563 4690 4562
8868 2 2 0 1 4691 4690 4563
8869 2 2 0 1 4564 4691 4563
8870 2 2 0 1 4692 4691 4564
8871 2 2 0 1 4565 4692 4564
8872 2 2 0 1 4693 4692 4565
8873 2 2 0 1 4566 4693 4565
8874 2 2 0 1 4694 4693 4566
8875 2 2 0 1 4567 4694 4566
8876 2 2 0 1 4695 4694 4567
8877 2 2 0 1 4568 4695 4567
8878 2 2 0 1 4696 4695 4568
8879 2 2 0 1 4697 4569 4568
8880 2 2 0 1 4697 4696 4568
8881 2 2 0 1 4698 4570 4569
8882 2 2 0 1 4698 4697 4569
8883 2 2 0 1 4699 4571 4570
8884 2 2 0 1 4699 4698 4570
8885 2 2 0 1 4700 4572 4571
8886 2 2 0 1 4700 4699 4571
8887 2 2 0 1 4701 4573 4572
8888 2 2 0 1 4701 4700 4572
8889 2 2 0 1 4702 4574 4573
8890 2 2 0 1 4702 4701 4573
8891 2 2 0 1 4703 4575 4574
8892 2 2 0 1 4703 4702 4574
8893 2 2 0 1 4704 4576 4575
8894 2 2 0 1 4704 4703 4575
8895 2 2 0 1 4705 4577 4576
8896 2 2 0 1 4705 4704 4576
8897 2 2 0 1 4706 4578 4577
8898 2 2 0 1 4706 4705 4577
8899 2 2 0 1 4707 4579 4578
8900 2 2 0 1 4707 4706 4578
8901 2 2 0 1 4708 4580 4579
8902 2 2 0 1 4708 4707 4579
8903 2 2 0 1 4709 4581 4580
8904 2 2 0 1 4709 4708 4580
8905 2 2 0 1 4710 4582 4581
8906 2 2 0 1 4710 4709 4581
8907 2 2 0 1 4711 4583 4582
8908 2 2 0 1 4711 4710 4582
8909 2 2 0 1 4712 4584 4583
8910 2 2 0 1 4712 4711 4583
8911 2 2 0 1 4713 4585 4584
8912 2 2 0 1 4713 4712 4584
8913 2 2 0 1 4714 4586 4585
8914 2 2 0 1 4714 4713 4585
8915 2 2 0 1 4715 4587 4586
8916 2 2 0 1 4715 4714 4586
8917 2 2 0 1 4716 4588 4587
8918 2 2 0 1 4716 4715 4587
8919 2 2 0 1 4717 4589 4588
8920 2 2 0 1 4717 4716 4588
8921 2 2 0 1 4718 4590 4589
8922 2 2 0 1 4718 4717 4589
8923 2 2 0 1 4719 4591 4590
8924 2 2 0 1 4719 4718 4590
8925 2 2 0 1 4720 4592 4591
8926 2 2 0 1 4720 4719 4591
8927 2 2 0 1 4721 4593 4592
8928 2 2 0 1 4721 4720 4592
8929 2 2 0 1 4722 4594 4593
8930 2 2 0 1 4722 4721 4593
8931 2 2 0 1 4723 4595 4594
8932 2 2 0 1 4723 4722 4594
8933 2 2 0 1 4724 4596 4595
8934 2 2 0 1 4724 4723 4595
8935 2 2 0 1 4725 4597 4596
8936 2 2 0 1 4725 4724 4596
8937 2 2 0 1 4726 4598 4597
8938 2 2 0 1 4726 4725 4597
8939 2 2 0 1 4727 4599 4598
8940 2 2 0 1 4727 4726 4598
8941 2 2 0 1 4728 4600 4599
8942 2 2 0 1 4728 4727 4599
8943 2 2 0 1 4729 4601 4600
8944 2 2 0 1 4729 4728 4600
8945 2 2 0 1 4730 4602 4601
8946 2 2 0 1 4730 4729 4601
8947 2 2 0 1 4731 4603 4602
8948 2 2 0 1 4731 4730 4602
8949 2 2 0 1 4732 4604 4603
8950 2 2 0 1 4732 4731 4603
8951 2 2 0 1 4733 4605 4604
8952 2 2 0 1 4733 4732 4604
8953 2 2 0 1 4734 4606 4605
8954 2 2 0 1 4734 4733 4605
8955 2 2 0 1 4735 4607 4606
8956 2 2 0 1 4735 4734 4606
8957 2 2 0 1 4736 4608 4607
8958 2 2 0 1 4736 4735 4607
8959 2 2 0 1 4609 4481 4608
8960 2 2 0 1 4609 4736 4608
8961 2 2 0 1 4610 4737 4609
8962 2 2 0 1 4738 4737 4610
8963 2 2 0 1 4611 4738 4610
8964 2 2 0 1 4739 4738 4611
8965 2 2 0 1 4612 4739 4611
8966 2 2 0 1 4740 4739 4612
8967 2 2 0 1 4613 4740 4612
8968 2 2 0 1 4741 4740 4613
8969 2 2 0 1 4614 4741 4613
8970 2 2 0 1 4742 4741 4614
8971 2 2 0 1 4615 4742 4614
8972 2 2 0 1 4743 4742 4615
8973 2 2 0 1 4616 4743 4615
8974 2 2 0 1 4744 4743 4616
8975 2 2 0 1 4617 4744 4616
8976 2 2 0 1 4745 4744 4617
8977 2 2 0 1 4618 4745 4617
8978 2 2 0 1 4746 4745 4618
8979 2 2 0 1 4619 4746 4618
8980 2 2 0 1 4747 4746 4619
8981 2 2 0 1 4620 4747 4619
8982 2 2 0 1 4748 4747 4620
8983 2 2 0 1 4621 4748 4620
8984 2 2 0 1 4749 4748 4621
8985 2 2 0 1 4622 4749 4621
8986 2 2 0 1 4750 4749 4622
8987 2 2 0 1 4623 4750 4622
8988 2 2 0 1 4751 4750 4623
8989 2 2 0 1 4624 4751 4623
8990 2 2 0 1 4752 4751 4624
8991 2 2 0 1 4625 4752 4624
8992 2 2 0 1 4753 4752 4625
8993 2 2 0 1 4626 4753 4625
8994 2 2 0 1 4754 4753 4626
8995 2 2 0 1 4627 4754 4626
8996 2 2 0 1 4755 4754 4627
8997 2 2 0 1 4628 4755 4627
8998 2 2 0 1 4756 4755 4628
8999 2 2 0 1 4629 4756 4628
9000 2 2 0 1 4757 4756 4629
9001 2 2 0 1 4630 4757 4629
9002 2 2 0 1 4758 4757 4630
9003 2 2 0 1 4631 4758 4630
9004 2 2 0 1 4759 4758 4631
9005 2 2 0 1 4632 4759 4631
9006 2 2 0 1 4760 4759 4632
9007 2 2 0 1 4633 4760 4632
9008 2 2 0 1 4761 4760 4633
9009 2 2 0 1 4634 4761 4633
9010 2 2 0 1 4762 4761 4634
9011 2 2 0 1 4635 4762 4634
9012 2 2 0 1 4763 4762 4635
9013 2 2 0 1 4636 4763 4635
9014 2 2 0 1 4764 4763 4636
9015 2 2 0 1 4637 4764 4636
9016 2 2 0 1 4765 4764 4637
9017 2 2 0 1 4638 4765 4637
9018 2 2 0 1 4766 4765 4638
9019 2 2 0 1 4639 4766 4638
9020 2 2 0 1 4767 4766 4639
9021 2 2 0 1 4640 4767 4639
9022 2 2 0 1 4768 4767 4640
9023 2 2 0 1 4641 4768 4640
9024 2 2 0 1 4769 4768 4641
9025 2 2 0 1 4642 4769 4641
9026 2 2 0 1 4770 4769 4642
9027 2 2 0 1 4643 4770 4642
9028 2 2 0 1 4771 4770 4643
9029 2 2 0 1 4644 4771 4643
9030 2 2 0 1 4772 4771 4644
9031 2 2 0 1 4645 4772 4644
9032 2 2 0 1 4773 4772 4645
9033 2 2 0 1 4646 4773 4645
9034 2 2 0 1 4774 4773 4646
9035 2 2 0 1 4647 4774 4646
9036 2 2 0 1 4775 4774 4647
9037 2 2 0 1 4648 4775 4647
9038 2 2 0 1 4776 4775 4648
9039 2 2 0 1 4649 4776 4648
9040 2 2 0 1 4777 4776 4649
9041 2 2 0 1 4650 4777 4649
9042 2 2 0 1 4778 4777 4650
9043 2 2 0 1 4779 4651 4650
9044 2 2 0 1 4779 4778 4650
9045 2 2 0 1 4780 4652 4651
9046 2 2 0 1 4780 4779 4651
9047 2 2 0 1 4781 4653 4652
9048 2 2 0 1 4781 4780 4652
9049 2 2 0 1 4782 4654 4653
9050 2 2 0 1 4782 4781 4653
9051 2 2 0 1 4783 4655 4654
9052 2 2 0 1 4783 4782 4654
9053 2 2 0 1 4784 4656 4655
9054 2 2 0 1 4784 4783 4655
9055 2 2 0 1 4785 4657 4656
9056 2 2 0 1 4785 4784 4656
9057 2 2 0 1 4786 4658 4657
9058 2 2 0 1 4786 4785 4657
9059 2 2 0 1 4787 4659 4658
9060 2 2 0 1 4787 4786 4658
9061 2 2 0 1 4788 4660 4659
9062 2 2 0 1 4788 4787 4659
9063 2 2 0 1 4789 4661 4660
9064 2 2 0 1 4789 4788 4660
9065 2 2 0 1 4790 4662 4661
9066 2 2 0 1 4790 4789 4661
9067 2 2 0 1 4791 4663 4662
9068 2 2 0 1 4791 4790 4662
9069 2 2 0 1 4792 4664 4663
9070 2 2 0 1 4792 4791 4663
9071 2 2 0 1 4793 4665 4664
9072 2 2 0 1 4793 4792 4664
9073 2 2 0 1 4794 4666 4665
9074 2 2 0 1 4794 4793 4665
9075 2 2 0 1 4795 4667 4666
9076 2 2 0 1 4795 4794 4666
9077 2 2 0 1 4796 4668 4667
9078 2 2 0 1 4796 4795 4667
9079 2 2 0 1 4797 4669 4668
9080 2 2 0 1 4797 4796 4668
9081 2 2 0 1 4798 4670 4669
9082 2 2 0 1 4798 4797 4669
9083 2 2 0 1 4799 4671 4670
9084 2 2 0 1 4799 4798 4670
9085 2 2 0 1 4800 4672 4671
9086 2 2 0 1 4800 4799 4671
9087 2 2 0 1 4801 4673 4672
9088 2 2 0 1 4801 4800 4672
9089 2 2 0 1 4674 4801 4673
9090 2 2 0 1 4802 4801 4674
9091 2 2 0 1 4675 4802 4674
9092 2 2 0 1 4803 4802 4675
9093 2 2 0 1 4676 4803 4675
9094 2 2 0 1 4804 4803 4676
9095 2 2 0 1 4677 4804 4676
9096 2 2 0 1 4805 4804 4677
9097 2 2 0 1 4678 4805 4677
9098 2 2 0 1 4806 4805 4678
9099 2 2 0 1 4679 4806 4678
9100 2 2 0 1 4807 4806 4679
9101 2 2 0 1 4680 4807 4679
9102 2 2 0 1 4808 4807 4680
9103 2 2 0 1 4681 4808 4680
9104 2 2 0 1 4809 4808 4681
9105 2 2 0 1 4682 4809 4681
9106 2 2 0 1 4810 4809 4682
9107 2 2 0 1 4683 4810 4682
9108 2 2 0 1 4811 4810 4683
9109 2 2 0 1 4684 4811 4683
9110 2 2 0 1 4812 4811 4684
9111 2 2 0 1 4685 4812 4684
9112 2 2 0 1 4813 4812 4685
9113 2 2 0 1 4686 4813 4685
9114 2 2 0 1 4814 4813 4686
9115 2 2 0 1 4687 4814 4686
9116 2 2 0 1 4815 4814 4687
9117 2 2 0 1 4688 4815 4687
9118 2 2 0 1 4816 4815 4688
9119 2 2 0 1 4689 4816 4688
9120 2 2 0 1 4817 4816 4689
9121 2 2 0 1 4690 4817 4689
9122 2 2 0 1 4818 4817 4690
9123 2 2 0 1 4691 4818 4690
9124 2 2 0 1 4819 4818 4691
9125 2 2 0 1 4692 4819 4691
9126 2 2 0 1 4820 4819 4692
9127 2 2 0 1 4693 4820 4692
9128 2 2 0 1 4821 4820 4693
9129 2 2 0 1 4694 4821 4693
9130 2 2 0 1 4822 4821 4694
9131 2 2 0 1 4695 4822 4694
9132 2 2 0 1 4823 4822 4695
9133 2 2 0 1 4696 4823 4695
9134 2 2 0 1 4824 4823 4696
9135 2 2 0 1 4825 4697 4696
9136 2 2 0 1 4825 4824 4696
9137 2 2 0 1 4826 4698 4697
9138 2 2 0 1 4826 4825 4697
9139 2 2 0 1 4827 4699 4698
9140 2 2 0 1 4827 4826 4698
9141 2 2 0 1 4828 4700 4699
9142 2 2 0 1 4828 4827 4699
9143 2 2 0 1 4829 4701 4700
9144 2 2 0 1 4829 4828 4700
9145 2 2 0 1 4830 4702 4701
9146 2 2 0 1 4830 4829 4701
9147 2 2 0 1 4831 4703 4702
9148 2 2 0 1 4831 4830 4702
9149 2 2 0 1 4832 4704 4703
9150 2 2 0 1 4832 4831 4703
9151 2 2 0 1 4833 4705 4704
9152 2 2 0 1 4833 4832 4704
9153 2 2 0 1 4834 4706 4705
9154 2 2 0 1 4834 4833 4705
9155 2 2 0 1 4835 4707 4706
9156 2 2 0 1 4835 4834 4706
9157 2 2 0 1 4836 4708 4707
9158 2 2 0 1 4836 4835 4707
9159 2 2 0 1 4837 4709 4708
9160 2 2 0 1 4837 4836 4708
9161 2 2 0 1 4838 4710 4709
9162 2 2 0 1 4838 4837 4709
9163 2 2 0 1 4839 4711 4710
9164 2 2 0 1 4839 4838 4710
9165 2 2 0 1 4840 4712 4711
9166 2 2 0 1 4840 4839 4711
9167 2 2 0 1 4841 4713 4712
9168 2 2 0 1 4841 4840 4712
9169 2 2 0 1 4842 4714 4713
9170 2 2 0 1 4842 4841 4713
9171 2 2 0 1 4843 4715 4714
9172 2 2 0 1 4843 4842 4714
9173 2 2 0 1 4844 4716 4715
9174 2 2 0 1 4844 4843 4715
9175 2 2 0 1 4845 4717 4716
9176 2 2 0 1 4845 4844 4716
9177 2 2 0 1 4846 4718 4717
9178 2 2 0 1 4846 4845 4717
9179 2 2 0 1 4847 4719 4718
9180 2 2 0 1 4847 4846 4718
9181 2 2 0 1 4848 4720 4719
9182 2 2 0 1 4848 4847 4719
9183 2 2 0 1 4849 4721 4720
9184 2 2 0 1 4849 4848 4720
9185 2 2 0 1 4850 4722 4721
9186 2 2 0 1 4850 4849 4721
9187 2 2 0 1 4851 4723 4722
9188 2 2 0 1 4851 4850 4722
9189 2 2 0 1 4852 4724 4723
9190 2 2 0 1 4852 4851 4723
9191 2 2 0 1 4853 4725 4724
9192 2 2 0 1 4853 4852 4724
9193 2 2 0 1 4854 4726 4725
9194 2 2 0 1 4854 4853 4725
9195 2 2 0 1 4855 4727 4726
9196 2 2 0 1 4855 4854 4726
9197 2 2 0 1 4856 4728 4727
9198 2 2 0 1 4856 4855 4727
9199 2 2 0 1 4857 4729 4728
9200 2 2 0 1 4857 4856 4728
9201 2 2 0 1 4858 4730 4729
9202 2 2 0 1 4858 4857 4729
9203 2 2 0 1 4859 4731 4730
9204 2 2 0 1 4859 4858 4730
9205 2 2 0 1 4860 4732 4731
9206 2 2 0 1 4860 4859 4731
9207 2 2 0 1 4861 4733 4732
9208 2 2 0 1 4861 4860 4732
9209 2 2 0 1 4862 4734 4733
9210 2 2 0 1 4862 4861 4733
9211 2 2 0 1 4863 4735 4734
9212 2 2 0 1 4863 4862 4734
9213 2 2 0 1 4864 4736 4735
9214 2 2 0 1 4864 4863 4735
9215 2 2 0 1 4737 4609 4736
9216 2 2 0 1 4737 4864 4736
9217 2 2 0 1 4738 4865 4737
9218 2 2 0 1 4866 4865 4738
9219 2 2 0 1 4739 4866 4738
9220 2 2 0 1 4867 4866 4739
9221 2 2 0 1 4740 4867 4739
9222 2 2 0 1 4868 4867 4740
9223 2 2 0 1 4741 4868 4740
9224 2 2 0 1 4869 4868 4741
9225 2 2 0 1 4742 4869 4741
9226 2 2 0 1 4870 4869 4742
9227 2 2 0 1 4743 4870 4742
9228 2 2 0 1 4871 4870 4743
9229 2 2 0 1 4744 4871 4743
9230 2 2 0 1 4872 4871 4744
9231 2 2 0 1 4745 4872 4744
9232 2 2 0 1 4873 4872 4745
9233 2 2 0 1 4746 4873 4745
9234 2 2 0 1 4874 4873 4746
9235 2 2 0 1 4747 4874 4746
9236 2 2 0 1 4875 4874 4747
9237 2 2 0 1 4748 4875 4747
9238 2 2 0 1 4876 4875 4748
9239 2 2 0 1 4749 4876 4748
9240 2 2 0 1 4877 4876 4749
9241 2 2 0 1 4750 4877 4749
9242 2 2 0 1 4878 4877 4750
9243 2 2 0 1 4751 4878 4750
9244 2 2 0 1 4879 4878 4751
9245 2 2 0 1 4752 4879 4751
9246 2 2 0 1 4880 4879 4752
9247 2 2 0 1 4753 4880 4752
9248 2 2 0 1 4881 4880 4753
9249 2 2 0 1 4754 4881 4753
9250 2 2 0 1 4882 4881 4754
9251 2 2 0 1 4755 4882 4754
9252 2 2 0 1 4883 4882 4755
9253 2 2 0 1 4756 4883 4755
9254 2 2 0 1 4884 4883 4756
9255 2 2 0 1 4757 4884 4756
9256 2 2 0 1 4885 4884 4757
9257 2 2 0 1 4758 4885 4757
9258 2 2 0 1 4886 4885 4758
9259 2 2 0 1 4759 4886 4758
9260 2 2 0 1 4887 4886 4759
9261 2 2 0 1 4760 4887 4759
9262 2 2 0 1 4888 4887 4760
9263 2 2 0 1 4761 4888 4760
9264 2 2 0 1 4889 4888 4761
9265 2 2 0 1 4762 4889 4761
9266 2 2 0 1 4890 4889 4762
9267 2 2 0 1 4763 4890 4762
9268 2 2 0 1 4891 4890 4763
9269 2 2 0 1 4764 4891 4763
9270 2 2 0 1 4892 4891 4764
9271 2 2 0 1 4765 4892 4764
9272 2 2 0 1 4893 4892 4765
9273 2 2 0 1 4766 4893 4765
9274 2 2 0 1 4894 4893 4766
9275 2 2 0 1 4767 4894 4766
9276 2 2 0 1 4895 4894 4767
9277 2 2 0 1 4768 4895 4767
9278 2 2 0 1 4896 4895 4768
9279 2 2 0 1 4769 4896 4768
9280 2 2 0 1 4897 4896 4769
9281 2 2 0 1 4770 4897 4769
9282 2 2 0 1 4898 4897 4770
9283 2 2 0 1 4771 4898 4770
9284 2 2 0 1 4899 4898 4771
9285 2 2 0 1 4772 4899 4771
9286 2 2 0 1 4900 4899 4772
9287 2 2 0 1 4773 4900 4772
9288 2 2 0 1 4901 4900 4773
9289 2 2 0 1 4774 4901 4773
9290 2 2 0 1 4902 4901 4774
9291 2 2 0 1 4775 4902 4774
9292 2 2 0 1 4903 4902 4775
9293 2 2 0 1 4776 4903 4775
9294 2 2 0 1 4904 4903 4776
9295 2 2 0 1 4777 4904 4776
9296 2 2 0 1 4905 4904 4777
9297 2 2 0 1 4778 4905 4777
9298 2 2 0 1 4906 4905 4778
9299 2 2 0 1 4779 4906 4778
9300 2 2 0 1 4907 4906 4779
9301 2 2 0 1 4908 4780 4779
9302 2 2 0 1 4908 4907 4779
9303 2 2 0 1 4909 4781 4780
9304 2 2 0 1 4909 4908 4780
9305 2 2 0 1 4910 4782 4781
9306 2 2 0 1 4910 4909 4781
9307 2 2 0 1 4911 4783 4782
9308 2 2 0 1 4911 4910 4782
9309 2 2 0 1 4912 4784 4783
9310 2 2 0 1 4912 4911 4783
9311 2 2 0 1 4913 4785 4784
9312 2 2 0 1 4913 4912 4784
9313 2 2 0 1 4914 4786 4785
9314 2 2 0 1 4914 4913 4785
9315 2 2 0 1 4915 4787 4786
9316 2 2 0 1 4915 4914 4786
9317 2 2 0 1 4916 4788 4787
9318 2 2 0 1 4916 4915 4787
9319 2 2 0 1 4917 4789 4788
9320 2 2 0 1 4917 4916 4788
9321 2 2 0 1 4918 4790 4789
9322 2 2 0 1 4918 4917 4789
9323 2 2 0 1 4919 4791 4790
9324 2 2 0 1 4919 4918 4790
9325 2 2 0 1 4920 4792 4791
9326 2 2 0 1 4920 4919 4791
9327 2 2 0 1 4921 4793 4792
9328 2 2 0 1 4921 4920 4792
9329 2 2 0 1 4922 4794 4793
9330 2 2 0 1 4922 4921 4793
9331 2 2 0 1 4923 4795 4794
9332 2 2 0 1 4923 4922 4794
9333 2 2 0 1 4924 4796 4795
9334 2 2 0 1 4924 4923 4795
9335 2 2 0 1 4925 4797 4796
9336 2 2 0 1 4925 4924 4796
9337 2 2 0 1 4926 4798 4797
9338 2 2 0 1 4926 4925 4797
9339 2 2 0 1 4927 4799 4798
9340 2 2 0 1 4927 4926 4798
9341 2 2 0 1 4928 4800 4799
9342 2 2 0 1 4928 4927 4799
9343 2 2 0 1 4929 4801 4800
9344 2 2 0 1 4929 4928 4800
9345 2 2 0 1 4802 4929 4801
9346 2 2 0 1 4930 4929 4802
9347 2 2 0 1 4803 4930 4802
9348 2 2 0 1 4931 4930 4803
9349 2 2 0 1 4804 4931 4803
9350 2 2 0 1 4932 4931 4804
9351 2 2 0 1 4805 4932 4804
9352 2 2 0 1 4933 4932 4805
9353 2 2 0 1 4806 4933 4805
9354 2 2 0 1 4934 4933 4806
9355 2 2 0 1 4807 4934 4806
9356 2 2 0 1 4935 4934 4807
9357 2 2 0 1 4808 4935 4807
9358 2 2 0 1 4936 4935 4808
9359 2 2 0 1 4809 4936 4808
9360 2 2 0 1 4937 4936 4809
9361 2 2 0 1 4810 4937 4809
9362 2 2 0 1 4938 4937 4810
9363 2 2 0 1 4811 4938 4810
9364 2 2 0 1 4939 4938 4811
9365 2 2 0 1 4812 4939 4811
9366 2 2 0 1 4940 4939 4812
9367 2 2 0 1 4813 4940 4812
9368 2 2 0 1 4941 4940 4813
9369 2 2 0 1 4814 4941 4813
9370 2 2 0 1 4942 4941 4814
9371 2 2 0 1 4815 4942 4814
9372 2 2 0 1 4943 4942 4815
9373 2 2 0 1 4816 4943 4815
9374 2 2 0 1 4944 4943 4816
9375 2 2 0 1 4817 4944 4816
9376 2 2 0 1 4945 4944 4817
9377 2 2 0 1 4818 4945 4817
9378 2 2 0 1 4946 4945 4818
9379 2 2 0 1 4819 4946 4818
9380 2 2 0 1 4947 4946 4819
9381 2 2 0 1 4820 4947 4819
9382 2 2 0 1 4948 4947 4820
9383 2 2 0 1 4821 4948 4820
9384 2 2 0 1 4949 4948 4821
9385 2 2 0 1 4822 4949 4821
9386 2 2 0 1 4950 4949 4822
9387 2 2 0 1 4823 4950 4822
9388 2 2 0 1 4951 4950 4823
9389 2 2 0 1 4952 4824 4823
9390 2 2 0 1 4952 4951 4823
9391 2 2 0 1 4953 4825 4824
9392 2 2 0 1 4953 4952 4824
9393 2 2 0 1 4954 4826 4825
9394 2 2 0 1 4954 4953 4825
9395 2 2 0 1 4955 4827 4826
9396 2 2 0 1 4955 4954 4826
9397 2 2 0 1 4956 4828 4827
9398 2 2 0 1 4956 4955 4827
9399 2 2 0 1 4957 4829 4828
9400 2 2 0 1 4957 4956 4828
9401 2 2 0 1 4958 4830 4829
9402 2 2 0 1 4958 4957 4829
9403 2 2 0 1 4959 4831 4830
9404 2 2 0 1 4959 4958 4830
9405 2 2 0 1 4960 4832 4831
9406 2 2 0 1 4960 4959 4831
9407 2 2 0 1 4961 4833 4832
9408 2 2 0 1 4961 4960 4832
9409 2 2 0 1 4962 4834 4833
9410 2 2 0 1 4962 4961 4833
9411 2 2 0 1 4963 4835 4834
9412 2 2 0 1 4963 4962 4834
9413 2 2 0 1 4964 4836 4835
9414 2 2 0 1 4964 4963 4835
9415 2 2 0 1 4965 4837 4836
9416 2 2 0 1 4965 4964 4836
9417 2 2 0 1 4966 4838 4837
9418 2 2 0 1 4966 4965 4837
9419 2 2 0 1 4967 4839 4838
9420 2 2 0 1 4967 4966 4838
9421 2 2 0 1 4968 4840 4839
9422 2 2 0 1 4968 4967 4839
9423 2 2 0 1 4969 4841 4840
9424 2 2 0 1 4969 4968 4840
9425 2 2 0 1 4970 4842 4841
9426 2 2 0 1 4970 4969 4841
9427 2 2 0 1 4971 4843 4842
9428 2 2 0 1 4971 4970 4842
9429 2 2 0 1 4972 4844 4843
9430 2 2 0 1 4972 4971 4843
9431 2 2 0 1 4973 4845 4844
9432 2 2 0 1 4973 4972 4844
9433 2 2 0 1 4974 4846 4845
9434 2 2 0 1 4974 4973 4845
9435 2 2 0 1 4975 4847 4846
9436 2 2 0 1 4975 4974 4846
9437 2 2 0 1 4976 4848 4847
9438 2 2 0 1 4976 4975 4847
9439 2 2 0 1 4977 4849 4848
9440 2 2 0 1 4977 4976 4848
9441 2 2 0 1 4978 4850 4849
9442 2 2 0 1 4978 4977 4849
9443 2 2 0 1 4979 4851 4850
9444 2 2 0 1 4979 4978 4850
9445 2 2 0 1 4980 4852 4851
9446 2 2 0 1 4980 4979 4851
9447 2 2 0 1 4981 4853 4852
9448 2 2 0 1 4981 4980 4852
9449 2 2 0 1 4982 4854 4853
9450 2 2 0 1 4982 4981 4853
9451 2 2 0 1 4983 4855 4854
9452 2 2 0 1 4983 4982 4854
9453 2 2 0 1 4984 4856 4855
9454 2 2 0 1 4984 4983 4855
9455 2 2 0 1 4985 4857 4856
9456 2 2 0 1 4985 4984 4856
9457 2 2 0 1 4986 4858 4857
9458 2 2 0 1 4986 4985 4857
9459 2 2 0 1 4987 4859 4858
9460 2 2 0 1 4987 4986 4858
9461 2 2 0 1 4988 4860 4859
9462 2 2 0 1 4988 4987 4859
9463 2 2 0 1 4989 4861 4860
9464 2 2 0 1 4989 4988 4860
9465 2 2 0 1 4990 4862 4861
9466 2 2 0 1 4990 4989 4861
9467 2 2 0 1 4991 4863 4862
9468 2 2 0 1 4991 4990 4862
9469 2 2 0 1 4992 4864 4863
9470 2 2 0 1 4992 4991 4863
9471 2 2 0 1 4865 4737 4864
9472 2 2 0 1 4865 4992 4864
9473 2 2 0 1 4866 4993 4865
9474 2 2 0 1 4994 4993 4866
9475 2 2 0 1 4867 4994 4866
9476 2 2 0 1 4995 4994 4867
9477 2 2 0 1 4868 4995 4867
9478 2 2 0 1 4996 4995 4868
9479 2 2 0 1 4869 4996 4868
9480 2 2 0 1 4997 4996 4869
9481 2 2 0 1 4870 4997 4869
9482 2 2 0 1 4998 4997 4870
9483 2 2 0 1 4871 4998 4870
9484 2 2 0 1 4999 4998 4871
9485 2 2 0 1 4872 4999 4871
9486 2 2 0 1 5000 4999 4872
9487 2 2 0 1 4873 5000 4872
9488 2 2 0 1 5001 5000 4873
9489 2 2 0 1 4874 5001 4873
9490 2 2 0 1 5002 5001 4874
9491 2 2 0 1 4875 5002 4874
9492 2 2 0 1 5003 5002 4875
9493 2 2 0 1 4876 5003 4875
9494 2 2 0 1 5004 5003 4876
9495 2 2 0 1 4877 5004 4876
9496 2 2 0 1 5005 5004 4877
9497 2 2 0 1 4878 5005 4877
9498 2 2 0 1 5006 5005 4878
9499 2 2 0 1 4879 5006 4878
9500 2 2 0 1 5007 5006 4879
9501 2 2 0 1 4880 5007 4879
9502 2 2 0 1 5008 5007 4880
9503 2 2 0 1 4881 5008 4880
9504 2 2 0 1 5009 5008 4881
9505 2 2 0 1 4882 5009 4881
9506 2 2 0 1 5010 5009 4882
9507 2 2 0 1 4883 5010 4882
9508 2 2 0 1 5011 5010 4883
9509 2 2 0 1 4884 5011 4883
9510 2 2 0 1 5012 5011 4884
9511 2 2 0 1 4885 5012 4884
9512 2 2 0 1 5013 5012 4885
9513 2 2 0 1 4886 5013 4885
9514 2 2 0 1 5014 5013 4886
9515 2 2 0 1 4887 5014 4886
9516 2 2 0 1 5015 5014 4887
9517 2 2 0 1 4888 5015 4887
9518 2 2 0 1 5016 5015 4888
9519 2 2 0 1 4889 5016 4888
9520 2 2 0 1 5017 5016 4889
9521 2 2 0 1 4890 5017 4889
9522 2 2 0 1 5018 5017 4890
9523 2 2 0 1 4891 5018 4890
9524 2 2 0 1 5019 5018 4891
9525 2 2 0 1 4892 5019 4891
9526 2 2 0 1 5020 5019 4892
9527 2 2 0 1 4893 5020 4892
9528 2 2 0 1 5021 5020 4893
9529 2 2 0 1 4894 5021 4893
9530 2 2 0 1 5022 5021 4894
9531 2 2 0 1 4895 5022 4894
9532 2 2 0 1 5023 5022 4895
9533 2 2 0 1 4896 5023 4895
9534 2 2 0 1 5024 5023 4896
9535 2 2 0 1 4897 5024 4896
9536 2 2 0 1 5025 5024 4897
9537 2 2 0 1 4898 5025 4897
9538 2 2 0 1 5026 5025 4898
9539 2 2 0 1 4899 5026 4898
9540 2 2 0 1 5027 5026 4899
9541 2 2 0 1 4900 5027 4899
9542 2 2 0 1 5028 5027 4900
9543 2 2 0 1 4901 5028 4900
9544 2 2 0 1 5029 5028 4901
9545 2 2 0 1 4902 5029 4901
9546 2 2 0 1 5030 5029 4902
9547 2 2 0 1 4903 5030 4902
9548 2 2 0 1 5031 5030 4903
9549 2 2 0 1 4904 5031 4903
9550 2 2 0 1 5032 5031 4904
9551 2 2 0 1 4905 5032 4904
9552 2 2 0 1 5033 5032 4905
9553 2 2 0 1 4906 5033 4905
9554 2 2 0 1 5034 5033 4906
9555 2 2 0 1 5035 4907 4906
9556 2 2 0 1 5035 5034 4906
9557 2 2 0 1 5036 4908 4907
9558 2 2 0 1 5036 5035 4907
9559 2 2 0 1 5037 4909 4908
9560 2 2 0 1 5037 5036 4908
9561 2 2 0 1 5038 4910 4909
9562 2 2 0 1 5038 5037 4909
9563 2 2 0 1 5039 4911 4910
9564 2 2 0 1 5039 5038 4910
9565 2 2 0 1 5040 4912 4911
9566 2 2 0 1 5040 5039 4911
9567 2 2 0 1 5041 4913 4912
9568 2 2 0 1 5041 5040 4912
9569 2 2 0 1 5042 4914 4913
9570 2 2 0 1 5042 5041 4913
9571 2 2 0 1 5043 4915 4914
9572 2 2 0 1 5043 5042 4914
9573 2 2 0 1 5044 4916 4915
9574 2 2 0 1 5044 5043 4915
9575 2 2 0 1 5045 4917 4916
9576 2 2 0 1 5045 5044 4916
9577 2 2 0 1 5046 4918 4917
9578 2 2 0 1 5046 5045 4917
9579 2 2 0 1 5047 4919 4918
9580 2 2 0 1 5047 5046 4918
9581 2 2 0 1 5048 4920 4919
9582 2 2 0 1 5048 5047 4919
9583 2 2 0 1 5049 4921 4920
9584 2 2 0 1 5049 5048 4920
9585 2 2 0 1 5050 4922 4921
9586 2 2 0 1 5050 5049 4921
9587 2 2 0 1 5051 4923 4922
9588 2 2 0 1 5051 5050 4922
9589 2 2 0 1 5052 4924 4923
9590 2 2 0 1 5052 5051 4923
9591 2 2 0 1 5053 4925 4924
9592 2 2 0 1 5053 5052 4924
9593 2 2 0 1 5054 4926 4925
9594 2 2 0 1 5054 5053 4925
9595 2 2 0 1 5055 4927 4926
9596 2 2 0 1 5055 5054 4926
9597 2 2 0 1 5056 4928 4927
9598 2 2 0 1 5056 5055 4927
9599 2 2 0 1 5057 4929 4928
9600 2 2 0 1 5057 5056 4928
9601 2 2 0 1 4930 5057 4929
9602 2 2 0 1 5058 5057 4930
9603 2 2 0 1 4931 5058 4930
9604 2 2 0 1 5059 5058 4931
9605 2 2 0 1 4932 5059 4931
9606 2 2 0 1 5060 5059 4932
9607 2 2 0 1 4933 5060 4932
9608 2 2 0 1 5061 5060 4933
9609 2 2 0 1 4934 5061 4933
9610 2 2 0 1 5062 5061 4934
9611 2 2 0 1 4935 5062 4934
9612 2 2 0 1 5063 5062 4935
9613 2 2 0 1 4936 5063 4935
9614 2 2 0 1 5064 5063 4936
9615 2 2 0 1 4937 5064 4936
9616 2 2 0 1 5065 5064 4937
9617 2 2 0 1 4938 5065 4937
9618 2 2 0 1 5066 5065 4938
9619 2 2 0 1 4939 5066 4938
9620 2 2 0 1 5067 5066 4939
9621 2 2 0 1 4940 5067 4939
9622 2 2 0 1 5068 5067 4940
9623 2 2 0 1 4941 5068 4940
9624 2 2 0 1 5069 5068 4941
9625 2 2 0 1 4942 5069 4941
9626 2 2 0 1 5070 5069 4942
9627 2 2 0 1 4943 5070 4942
9628 2 2 0 1 5071 5070 4943
9629 2 2 0 1 4944 5071 4943
9630 2 2 0 1 5072 5071 4944
9631 2 2 0 1 4945 5072 4944
9632 2 2 0 1 5073 5072 4945
9633 2 2 0 1 4946 5073 4945
9634 2 2 0 1 5074 5073 4946
9635 2 2 0 1 4947 5074 4946
9636 2 2 0 1 5075 5074 4947
9637 2 2 0 1 4948 5075 4947
9638 2 2 0 1 5076 5075 4948
9639 2 2 0 1 4949 5076 4948
9640 2 2 0 1 5077 5076 4949
9641 2 2 0 1 4950 5077 4949
9642 2 2 0 1 5078 5077 4950
9643 2 2 0 1 4951 5078 4950
9644 2 2 0 1 5079 5078 4951
9645 2 2 0 1 4952 5079 4951
9646 2 2 0 1 5080 5079 4952
9647 2 2 0 1 5081 4953 4952
9648 2 2 0 1 5081 5080 4952
9649 2 2 0 1 5082 4954 4953
9650 2 2 0 1 5082 5081 4953
9651 2 2 0 1 5083 4955 4954
9652 2 2 0 1 5083 5082 4954
9653 2 2 0 1 5084 4956 4955
9654 2 2 0 1 5084 5083 4955
9655 2 2 0 1 5085 4957 4956
9656 2 2 0 1 5085 5084 4956
9657 2 2 0 1 5086 4958 4957
9658 2 2 0 1 5086 5085 4957
9659 2 2 0 1 5087 4959 4958
9660 2 2 0 1 5087 5086 4958
9661 2 2 0 1 5088 4960 4959
9662 2 2 0 1 5088 5087 4959
9663 2 2 0 1 5089 4961 4960
9664 2 2 0 1 5089 5088 4960
9665 2 2 0 1 5090 4962 4961
9666 2 2 0 1 5090 5089 4961
9667 2 2 0 1 5091 4963 4962
9668 2 2 0 1 5091 5090 4962
9669 2 2 0 1 5092 4964 4963
9670 2 2 0 1 5092 5091 4963
9671 2 2 0 1 5093 4965 4964
9672 2 2 0 1 5093 5092 4964
9673 2 2 0 1 5094 4966 4965
9674 2 2 0 1 5094 5093 4965
9675 2 2 0 1 5095 4967 4966
9676 2 2 0 1 5095 5094 4966
9677 2 2 0 1 5096 4968 4967
9678 2 2 0 1 5096 5095 4967
9679 2 2 0 1 5097 4969 4968
9680 2 2 0 1 5097 5096 4968
9681 2 2 0 1 5098 4970 4969
9682 2 2 0 1 5098 5097 4969
9683 2 2 0 1 5099 4971 4970
9684 2 2 0 1 5099 5098 4970
9685 2 2 0 1 5100 4972 4971
9686 2 2 0 1 5100 5099 4971
9687 2 2 0 1 5101 4973 4972
9688 2 2 0 1 5101 5100 4972
9689 2 2 0 1 5102 4974 4973
9690 2 2 0 1 5102 5101 4973
9691 2 2 0 1 5103 4975 4974
9692 2 2 0 1 5103 5102 4974
9693 2 2 0 1 5104 4976 4975
9694 2 2 0 1 5104 5103 4975
9695 2 2 0 1 5105 4977 4976
9696 2 2 0 1 5105 5104 4976
9697 2 2 0 1 5106 4978 4977
9698 2 2 0 1 5106 5105 4977
9699 2 2 0 1 5107 4979 4978
9700 2 2 0 1 5107 5106 4978
9701 2 2 0 1 5108 4980 4979
9702 2 2 0 1 5108 5107 4979
9703 2 2 0 1 5109 4981 4980
9704 2 2 0 1 5109 5108 4980
9705 2 2 0 1 5110 4982 4981
9706 2 2 0 1 5110 5109 4981
9707 2 2 0 1 5111 4983 4982
9708 2 2 0 1 5111 5110 4982
9709 2 2 0 1 5112 4984 4983
9710 2 2 0 1 5112 5111 4983
9711 2 2 0 1 5113 4985 4984
9712 2 2 0 1 5113 5112 4984
9713 2 2 0 1 5114 4986 4985
9714 2 2 0 1 5114 5113 4985
9715 2 2 0 1 5115 4987 4986
9716 2 2 0 1 5115 5114 4986
9717 2 2 0 1 5116 4988 4987
9718 2 2 0 1 5116 5115 4987
9719 2 2 0 1 5117 4989 4988
9720 2 2 0 1 5117 5116 4988
9721 2 2 0 1 5118 4990 4989
9722 2 2 0 1 5118 5117 4989
9723 2 2 0 1 5119 4991 4990
9724 2 2 0 1 5119 5118 4990
9725 2 2 0 1 5120 4992 4991
9726 2 2 0 1 5120 5119 4991
9727 2 2 0 1 4993 4865 4992
9728 2 2 0 1 4993 5120 4992
9729 2 2 0 1 4994 5121 4993
9730 2 2 0 1 5122 5121 4994
9731 2 2 0 1 4995 5122 4994
9732 2 2 0 1 5123 5122 4995
9733 2 2 0 1 4996 5123 4995
9734 2 2 0 1 5124 5123 4996
9735 2 2 0 1 4997 5124 4996
9736 2 2 0 1 5125 5124 4997
9737 2 2 0 1 4998 5125 4997
9738 2 2 0 1 5126 5125 4998
9739 2 2 0 1 4999 5126 4998
9740 2 2 0 1 5127 5126 4999
9741 2 2 0 1 5000 5127 4999
9742 2 2 0 1 5128 5127 5000
9743 2 2 0 1 5001 5128 5000
9744 2 2 0 1 5129 5128 5001
9745 2 2 0 1 5002 5129 5001
9746 2 2 0 1 5130 5129 5002
9747 2 2 0 1 5003 5130 5002
9748 2 2 0 1 5131 5130 5003
9749 2 2 0 1 5004 5131 5003
9750 2 2 0 1 5132 5131 5004
9751 2 2 0 1 5005 5132 5004
9752 2 2 0 1 5133 5132 5005
9753 2 2 0 1 5006 5133 5005
9754 2 2 0 1 5134 5133 5006
9755 2 2 0 1 5007 5134 5006
9756 2 2 0 1 5135 5134 5007
9757 2 2 0 1 5008 5135 5007
9758 2 2 0 1 5136 5135 5008
9759 2 2 0 1 5009 5136 5008
9760 2 2 0 1 5137 5136 5009
9761 2 2 0 1 5010 5137 5009
9762 2 2 0 1 5138 5137 5010
9763 2 2 0 1 5011 5138 5010
9764 2 2 0 1 5139 5138 5011
9765 2 2 0 1 5012 5139 5011
9766 2 2 0 1 5140 5139 5012
9767 2 2 0 1 5013 5140 5012
9768 2 2 0 1 5141 5140 5013
9769 2 2 0 1 5014 5141 5013
9770 2 2 0 1 5142 5141 5014
9771 2 2 0 1 5015 5142 5014
9772 2 2 0 1 5143 5142 5015
9773 2 2 0 1 5016 5143 5015
9774 2 2 0 1 5144 5143 5016
9775 2 2 0 1 5017 5144 5016
9776 2 2 0 1 5145 5144 5017
9777 2 2 0 1 5018 5145 5017
9778 2 2 0 1 5146 5145 5018
9779 2 2 0 1 5019 5146 5018
9780 2 2 0 1 5147 5146 5019
9781 2 2 0 1 5020 5147 5019
9782 2 2 0 1 5148 5147 5020
9783 2 2 0 1 5021 5148 5020
9784 2 2 0 1 5149 5148 5021
9785 2 2 0 1 5022 5149 5021
9786 2 2 0 1 5150 5149 5022
9787 2 2 0 1 5023 5150 5022
9788 2 2 0 1 5151 5150 5023
9789 2 2 0 1 5024 5151 5023
9790 2 2 0 1 5152 5151 5024
9791 2 2 0 1 5025 5152 5024
9792 2 2 0 1 5153 5152 5025
9793 2 2 0 1 5026 5153 5025
9794 2 2 0 1 5154 5153 5026
9795 2 2 0 1 5027 5154 5026
9796 2 2 0 1 5155 5154 5027
9797 2 2 0 1 5028 5155 5027
9798 2 2 0 1 5156 5155 5028
9799 2 2 0 1 5029 5156 5028
9800 2 2 0 1 5157 5156 5029
9801 2 2 0 1 5030 5157 5029
9802 2 2 0 1 5158 5157 5030
9803 2 2 0 1 5031 5158 5030
9804 2 2 0 1 5159 5158 5031
9805 2 2 0 1 5032 5159 5031
9806 2 2 0 1 5160 5159 5032
9807 2 2 0 1 5033 5160 5032
9808 2 2 0 1 5161 5160 5033
9809 2 2 0 1 5034 5161 5033
9810 2 2 0 1 5162 5161 5034
9811 2 2 0 1 5163 5035 5034
9812 2 2 0 1 5163 5162 5034
9813 2 2 0 1 5164 5036 5035
9814 2 2 0 1 5164 5163 5035
9815 2 2 0 1 5165 5037 5036
9816 2 2 0 1 5165 5164 5036
9817 2 2 0 1 5166 5038 5037
9818 2 2 0 1 5166 5165 5037
9819 2 2 0 1 5167 5039 5038
9820 2 2 0 1 5167 5166 5038
9821 2 2 0 1 5168 5040 5039
9822 2 2 0 1 5168 5167 5039
9823 2 2 0 1 5169 5041 5040
9824 2 2 0 1 5169 5168 5040
9825 2 2 0 1 5170 5042 5041
9826 2 2 0 1 5170 5169 5041
9827 2 2 0 1 5171 5043 5042
9828 2 2 0 1 5171 5170 5042
9829 2 2 0 1 5172 5044 5043
9830 2 2 0 1 5172 5171 5043
9831 2 2 0 1 5173 5045 5044
9832 2 2 0 1 5173 5172 5044
9833 2 2 0 1 5174 5046 5045
9834 2 2 0 1 5174 5173 5045
9835 2 2 0 1 5175 5047 5046
9836 2 2 0 1 5175 5174 5046
9837 2 2 0 1 5176 5048 5047
9838 2 2 0 1 5176 5175 5047
9839 2 2 0 1 5177 5049 5048
9840 2 2 0 1 5177 5176 5048
9841 2 2 0 1 5178 5050 5049
9842 2 2 0 1 5178 5177 5049
9843 2 2 0 1 5179 5051 5050
9844 2 2 0 1 5179 5178 5050
9845 2 2 0 1 5180 5052 5051
9846 2 2 0 1 5180 5179 5051
9847 2 2 0 1 5181 5053 5052
9848 2 2 0 1 5181 5180 5052
9849 2 2 0 1 5182 5054 5053
9850 2 2 0 1 5182 5181 5053
9851 2 2 0 1 5183 5055 5054
9852 2 2 0 1 5183 5182 5054
9853 2 2 0 1 5184 5056 5055
9854 2 2 0 1 5184 5183 5055
9855 2 2 0 1 5185 5057 5056
9856 2 2 0 1 5185 5184 5056
9857 2 2 0 1 5058 5185 5057
9858 2 2 0 1 5186 5185 5058
9859 2 2 0 1 5059 5186 5058
9860 2 2 0 1 5187 5186 5059
9861 2 2 0 1 5060 5187 5059
9862 2 2 0 1 5188 5187 5060
9863 2 2 0 1 5061 5188 5060
9864 2 2 0 1 5189 5188 5061
9865 2 2 0 1 5062 5189 5061
9866 2 2 0 1 5190 5189 5062
9867 2 2 0 1 5063 5190 5062
9868 2 2 0 1 5191 5190 5063
9869 2 2 0 1 5064 5191 5063
9870 2 2 0 1 5192 5191 5064
9871 2 2 0 1 5065 5192 5064
9872 2 2 0 1 5193 5192 5065
9873 2 2 0 1 5066 5193 5065
9874 2 2 0 1 5194 5193 5066
9875 2 2 0 1 5067 5194 5066
9876 2 2 0 1 5195 5194 5067
9877 2 2 0 1 5068 5195 5067
9878 2 2 0 1 5196 5195 5068
9879 2 2 0 1 5069 5196 5068
9880 2 2 0 1 5197 5196 5069
9881 2 2 0 1 5070 5197 5069
9882 2 2 0 1 5198 5197 5070
9883 2 2 0 1 5071 5198 5070
9884 2 2 0 1 5199 5198 5071
9885 2 2 0 1 5072 5199 5071
9886 2 2 0 1 5200 5199 5072
9887 2 2 0 1 5073 5200 5072
9888 2 2 0 1 5201 5200 5073
9889 2 2 0 1 5074 5201 5073
9890 2 2 0 1 5202 5201 5074
9891 2 2 0 1 5075 5202 5074
9892 2 2 0 1 5203 5202 5075
9893 2 2 0 1 5076 5203 5075
9894 2 2 0 1 5204 5203 5076
9895 2 2 0 1 5077 5204 5076
9896 2 2 0 1 5205 5204 5077
9897 2 2 0 1 5078 5205 5077
9898 2 2 0 1 5206 5205 5078
9899 2 2 0 1 5079 5206 5078
9900 2 2 0 1 5207 5206 5079
9901 2 2 0 1 5080 5207 5079
9902 2 2 0 1 5208 5207 5080
9903 2 2 0 1 5209 5081 5080
9904 2 2 0 1 5209 5208 5080
9905 2 2 0 1 5210 5082 5081
9906 2 2 0 1 5210 5209 5081
9907 2 2 0 1 5211 5083 5082
9908 2 2 0 1 5211 5210 5082
9909 2 2 0 1 5212 5084 5083
9910 2 2 0 1 5212 5211 5083
9911 2 2 0 1 5213 5085 5084
9912 2 2 0 1 5213 5212 5084
9913 2 2 0 1 5214 5086 5085
9914 2 2 0 1 5214 5213 5085
9915 2 2 0 1 5215 5087 5086
9916 2 2 0 1 5215 5214 5086
9917 2 2 0 1 5216 5088 5087
9918 2 2 0 1 5216 5215 5087
9919 2 2 0 1 5217 5089 5088
9920 2 2 0 1 5217 5216 5088
9921 2 2 0 1 5218 5090 5089
9922 2 2 0 1 5218 5217 5089
9923 2 2 0 1 5219 5091 5090
9924 2 2 0 1 5219 5218 5090
9925 2 2 0 1 5220 5092 5091
9926 2 2 0 1 5220 5219 5091
9927 2 2 0 1 5221 5093 5092
9928 2 2 0 1 5221 5220 5092
9929 2 2 0 1 5222 5094 5093
9930 2 2 0 1 5222 5221 5093
9931 2 2 0 1 5223 5095 5094
9932 2 2 0 1 5223 5222 5094
9933 2 2 0 1 5224 5096 5095
9934 2 2 0 1 5224 5223 5095
9935 2 2 0 1 5225 5097 5096
9936 2 2 0 1 5225 5224 5096
9937 2 2 0 1 5226 5098 5097
9938 2 2 0 1 5226 5225 5097
9939 2 2 0 1 5227 5099 5098
9940 2 2 0 1 5227 5226 5098
9941 2 2 0 1 5228 5100 5099
9942 2 2 0 1 5228 5227 5099
9943 2 2 0 1 5229 5101 5100
9944 2 2 0 1 5229 5228 5100
9945 2 2 0 1 5230 5102 5101
9946 2 2 0 1 5230 5229 5101
9947 2 2 0 1 5231 5103 5102
9948 2 2 0 1 5231 5230 5102
9949 2 2 0 1 5232 5104 5103
9950 2 2 0 1 5232 5231 5103
9951 2 2 0 1 5233 5105 5104
9952 2 2 0 1 5233 5232 5104
9953 2 2 0 1 5234 5106 5105
9954 2 2 0 1 5234 5233 5105
9955 2 2 0 1 5235 5107 5106
9956 2 2 0 1 5235 5234 5106
9957 2 2 0 1 5236 5108 5107
9958 2 2 0 1 5236 5235 5107
9959 2 2 0 1 5237 5109 5108
9960 2 2 0 1 5237 5236 5108
9961 2 2 0 1 5238 5110 5109
9962 2 2 0 1 5238 5237 5109
9963 2 2 0 1 5239 5111 5110
9964 2 2 0 1 5239 5238 5110
9965 2 2 0 1 5240 5112 5111
9966 2 2 0 1 5240 5239 5111
9967 2 2 0 1 5241 5113 5112
9968 2 2 0 1 5241 5240 5112
9969 2 2 0 1 5242 5114 5113
9970 2 2 0 1 5242 5241 5113
9971 2 2 0 1 5243 5115 5114
9972 2 2 0 1 5243 5242 5114
9973 2 2 0 1 5244 5116 5115
9974 2 2 0 1 5244 5243 5115
9975 2 2 0 1 5245 5117 5116
9976 2 2 0 1 5245 5244 5116
9977 2 2 0 1 5246 5118 5117
9978 2 2 0 1 5246 5245 5117
9979 2 2 0 1 5247 5119 5118
9980 2 2 0 1 5247 5246 5118
9981 2 2 0 1 5248 5120 5119
9982 2 2 0 1 5248 5247 5119
9983 2 2 0 1 5121 4993 5120
9984 2 2 0 1 5121 5248 5120
9985 2 2 0 1 5122 5249 5121
9986 2 2 0 1 5250 5249 5122
9987 2 2 0 1 5123 5250 5122
9988 2 2 0 1 5251 5250 5123
9989 2 2 0 1 5124 5251 5123
9990 2 2 0 1 5252 5251 5124
9991 2 2 0 1 5125 5252 5124
9992 2 2 0 1 5253 5252 5125
9993 2 2 0 1 5126 5253 5125
9994 2 2 0 1 5254 5253 5126
9995 2 2 0 1 5127 5254 5126
9996 2 2 0 1 5255 5254 5127
9997 2 2 0 1 5128 5255 5127
9998 2 2 0 1 5256 5255 5128
9999 2 2 0 1 5129 5256 5128
10000 2 2 0 1 5257 5256 5129
10001 2 2 0 1 5130 5257 5129
10002 2 2 0 1 5258 5257 5130
10003 2 2 0 1 5131 5258 5130
10004 2 2 0 1 5259 5258 5131
10005 2 2 0 1 5132 5259 5131
10006 2 2 0 1 5260 5259 5132
10007 2 2 0 1 5133 5260 5132
10008 2 2 0 1 5261 5260 5133
10009 2 2 0 1 5134 5261 5133
10010 2 2 0 1 5262 5261 5134
10011 2 2 0 1 5135 5262 5134
10012 2 2 0 1 5263 5262 5135
10013 2 2 0 1 5136 5263 5135
10014 2 2 0 1 5264 5263 5136
10015 2 2 0 1 5137 5264 5136
10016 2 2 0 1 5265 5264 5137
10017 2 2 0 1 5138 5265 5137
10018 2 2 0 1 5266 5265 5138
10019 2 2 0 1 5139 5266 5138
10020 2 2 0 1 5267 5266 5139
10021 2 2 0 1 5140 5267 5139
10022 2 2 0 1 5268 5267 5140
10023 2 2 0 1 5141 5268 5140
10024 2 2 0 1 5269 5268 5141
10025 2 2 0 1 5142 5269 5141
10026 2 2 0 1 5270 5269 5142
10027 2 2 0 1 5143 5270 5142
10028 2 2 0 1 5271 5270 5143
10029 2 2 0 1 5144 5271 5143
10030 2 2 0 1 5272 5271 5144
10031 2 2 0 1 5145 5272 5144
10032 2 2 0 1 5273 5272 5145
10033 2 2 0 1 5146 5273 5145
10034 2 2 0 1 5274 5273 5146
10035 2 2 0 1 5147 5274 5146
10036 2 2 0 1 5275 5274 5147
10037 2 2 0 1 5148 5275 5147
10038 2 2 0 1 5276 5275 5148
10039 2 2 0 1 5149 5276 5148
10040 2 2 0 1 5277 5276 5149
10041 2 2 0 1 5150 5277 5149
10042 2 2 0 1 5278 5277 5150
10043 2 2 0 1 5151 5278 5150
10044 2 2 0 1 5279 5278 5151
10045 2 2 0 1 5152 5279 5151
10046 2 2 0 1 5280 5279 5152
10047 2 2 0 1 5153 5280 5152
10048 2 2 0 1 5281 5280 5153
10049 2 2 0 1 5154 5281 5153
10050 2 2 0 1 5282 5281 5154
10051 2 2 0 1 5155 5282 5154
10052 2 2 0 1 5283 5282 5155
10053 2 2 0 1 5156 5283 5155
10054 2 2 0 1 5284 5283 5156
10055 2 2 0 1 5157 5284 5156
10056 2 2 0 1 5285 5284 5157
10057 2 2 0 1 5158 5285 5157
10058 2 2 0 1 5286 5285 5158
10059 2 2 0 1 5159 5286 5158
10060 2 2 0 1 5287 5286 5159
10061 2 2 0 1 5160 5287 5159
10062 2 2 0 1 5288 5287 5160
10063 2 2 0 1 5289 5161 5160
10064 2 2 0 1 5289 5288 5160
10065 2 2 0 1 5290 5162 5161
10066 2 2 0 1 5290 5289 5161
10067 2 2 0 1 5291 5163 5162
10068 2 2 0 1 5291 5290 5162
10069 2 2 0 1 5292 5164 5163
10070 2 2 0 1 5292 5291 5163
10071 2 2 0 1 5293 5165 5164
10072 2 2 0 1 5293 5292 5164
10073 2 2 0 1 5294 5166 5165
10074 2 2 0 1 5294 5293 5165
10075 2 2 0 1 5295 5167 5166
10076 2 2 0 1 5295 5294 5166
10077 2 2 0 1 5296 5168 5167
10078 2 2 0 1 5296 5295 5167
10079 2 2 0 1 5297 5169 5168
10080 2 2 0 1 5297 5296 5168
10081 2 2 0 1 5298 5170 5169
10082 2 2 0 1 5298 5297 5169
10083 2 2 0 1 5299 5171 5170
10084 2 2 0 1 5299 5298 5170
10085 2 2 0 1 5300 5172 5171
10086 2 2 0 1 5300 5299 5171
10087 2 2 0 1 5301 5173 5172
10088 2 2 0 1 5301 5300 5172
10089 2 2 0 1 5302 5174 5173
10090 2 2 0 1 5302 5301 5173
10091 2 2 0 1 5303 5175 5174
10092 2 2 0 1 5303 5302 5174
10093 2 2 0 1 5304 5176 5175
10094 2 2 0 1 5304 5303 5175
10095 2 2 0 1 5305 5177 5176
10096 2 2 0 1 5305 5304 5176
10097 2 2 0 1 5306 5178 5177
10098 2 2 0 1 5306 5305 5177
10099 2 2 0 1 5307 5179 5178
10100 2 2 0 1 5307 5306 5178
10101 2 2 0 1 5308 5180 5179
10102 2 2 0 1 5308 5307 5179
10103 2 2 0 1 5309 5181 5180
10104 2 2 0 1 5309 5308 5180
10105 2 2 0 1 5310 5182 5181
10106 2 2 0 1 5310 5309 5181
10107 2 2 0 1 5311 5183 5182
10108 2 2 0 1 5311 5310 5182
10109 2 2 0 1 5312 5184 5183
10110 2 2 0 1 5312 5311 5183
10111 2 2 0 1 5313 5185 5184
10112 2 2 0 1 5313 5312 5184
10113 2 2 0 1 5186 5313 5185
10114 2 2 0 1 5314 5313 5186
10115 2 2 0 1 5187 5314 5186
10116 2 2 0 1 5315 5314 5187
10117 2 2 0 1 5188 5315 5187
10118 2 2 0 1 5316 5315 5188
10119 2 2 0 1 5189 5316 5188
10120 2 2 0 1 5317 5316 5189
10121 2 2 0 1 5190 5317 5189
10122 2 2 0 1 5318 5317 5190
10123 2 2 0 1 5191 5318 5190
10124 2 2 0 1 5319 5318 5191
10125 2 2 0 1 5192 5319 5191
10126 2 2 0 1 5320 5319 5192
10127 2 2 0 1 5193 5320 5192
10128 2 2 0 1 5321 5320 5193
10129 2 2 0 1 5194 5321 5193
10130 2 2 0 1 5322 5321 5194
10131 2 2 0 1 5195 5322 5194
10132 2 2 0 1 5323 5322 5195
10133 2 2 0 1 5196 5323 5195
10134 2 2 0 1 5324 5323 5196
10135 2 2 0 1 5197 5324 5196
10136 2 2 0 1 5325 5324 5197
10137 2 2 0 1 5198 5325 5197
10138 2 2 0 1 5326 5325 5198
10139 2 2 0 1 5199 5326 5198
10140 2 2 0 1 5327 5326 5199
10141 2 2 0 1 5200 5327 5199
10142 2 2 0 1 5328 5327 5200
10143 2 2 0 1 5201 5328 5200
10144 2 2 0 1 5329 5328 5201
10145 2 2 0 1 5202 5329 5201
10146 2 2 0 1 5330 5329 5202
10147 2 2 0 1 5203 5330 5202
10148 2 2 0 1 5331 5330 5203
10149 2 2 0 1 5204 5331 5203
10150 2 2 0 1 5332 5331 5204
10151 2 2 0 1 5205 5332 5204
10152 2 2 0 1 5333 5332 5205
10153 2 2 0 1 5206 5333 5205
10154 2 2 0 1 5334 5333 5206
10155 2 2 0 1 5207 5334 5206
10156 2 2 0 1 5335 5334 5207
10157 2 2 0 1 5208 5335 5207
10158 2 2 0 1 5336 5335 5208
10159 2 2 0 1 5209 5336 5208
10160 2 2 0 1 5337 5336 5209
10161 2 2 0 1 5210 5337 5209
10162 2 2 0 1 5338 5337 5210
10163 2 2 0 1 5339 5211 5210
10164 2 2 0 1 5339 5338 5210
10165 2 2 0 1 5340 5212 5211
10166 2 2 0 1 5340 5339 5211
10167 2 2 0 1 5341 5213 5212
10168 2 2 0 1 5341 5340 5212
10169 2 2 0 1 5342 5214 5213
10170 2 2 0 1 5342 5341 5213
10171 2 2 0 1 5343 5215 5214
10172 2 2 0 1 5343 5342 5214
10173 2 2 0 1 5344 5216 5215
10174 2 2 0 1 5344 5343 5215
10175 2 2 0 1 5345 5217 5216
10176 2 2 0 1 5345 5344 5216
10177 2 2 0 1 5346 5218 5217
10178 2 2 0 1 5346 5345 5217
10179 2 2 0 1 5347 5219 5218
10180 2 2 0 1 5347 5346 5218
10181 2 2 0 1 5348 5220 5219
10182 2 2 0 1 5348 5347 5219
10183 2 2 0 1 5349 5221 5220
10184 2 2 0 1 5349 5348 5220
10185 2 2 0 1 5350 5222 5221
10186 2 2 0 1 5350 5349 5221
10187 2 2 0 1 5351 5223 5222
10188 2 2 0 1 5351 5350 5222
10189 2 2 0 1 5352 5224 5223
10190 2 2 0 1 5352 5351 5223
10191 2 2 0 1 5353 5225 5224
10192 2 2 0 1 5353 5352 5224
10193 2 2 0 1 5354 5226 5225
10194 2 2 0 1 5354 5353 5225
10195 2 2 0 1 5355 5227 5226
10196 2 2 0 1 5355 5354 5226
10197 2 2 0 1 5356 5228 5227
10198 2 2 0 1 5356 5355 5227
10199 2 2 0 1 5357 5229 5228
10200 2 2 0 1 5357 5356 5228
10201 2 2 0 1 5358 5230 5229
10202 2 2 0 1 5358 5357 5229
10203 2 2 0 1 5359 5231 5230
10204 2 2 0 1 5359 5358 5230
10205 2 2 0 1 5360 5232 5231
10206 2 2 0 1 5360 5359 5231
10207 2 2 0 1 5361 5233 5232
10208 2 2 0 1 5361 5360 5232
10209 2 2 0 1 5362 5234 5233
10210 2 2 0 1 5362 5361 5233
10211 2 2 0 1 5363 5235 5234
10212 2 2 0 1 5363 5362 5234
10213 2 2 0 1 5364 5236 5235
10214 2 2 0 1 5364 5363 5235
10215 2 2 0 1 5365 5237 5236
10216 2 2 0 1 5365 5364 5236
10217 2 2 0 1 5366 5238 5237
10218 2 2 0 1 5366 5365 5237
10219 2 2 0 1 5367 5239 5238
10220 2 2 0 1 5367 5366 5238
10221 2 2 0 1 5368 5240 5239
10222 2 2 0 1 5368 5367 5239
10223 2 2 0 1 5369 5241 5240
10224 2 2 0 1 5369 5368 5240
10225 2 2 0 1 5370 5242 5241
10226 2 2 0 1 5370 5369 5241
10227 2 2 0 1 5371 5243 5242
10228 2 2 0 1 5371 5370 5242
10229 2 2 0 1 5372 5244 5243
10230 2 2 0 1 5372 5371 5243
10231 2 2 0 1 5373 5245 5244
10232 2 2 0 1 5373 5372 5244
10233 2 2 0 1 5374 5246 5245
10234 2 2 0 1 5374 5373 5245
10235 2 2 0 1 5375 5247 5246
10236 2 2 0 1 5375 5374 5246
10237 2 2 0 1 5376 5248 5247
10238 2 2 0 1 5376 5375 5247
10239 2 2 0 1 5249 5121 5248
10240 2 2 0 1 5249 5376 5248
10241 2 2 0 1 5250 5377 5249
10242 2 2 0 1 5378 5377 5250
10243 2 2 0 1 5251 5378 5250
10244 2 2 0 1 5379 5378 5251
10245 2 2 0 1 5252 5379 5251
10246 2 2 0 1 5380 5379 5252
10247 2 2 0 1 5253 5380 5252
10248 2 2 0 1 5381 5380 5253
10249 2 2 0 1 5254 5381 5253
10250 2 2 0 1 5382 5381 5254
10251 2 2 0 1 5255 5382 5254
10252 2 2 0 1 5383 5382 5255
10253 2 2 0 1 5256 5383 5255
10254 2 2 0 1 5384 5383 5256
10255 2 2 0 1 5257 5384 5256
10256 2 2 0 1 5385 5384 5257
10257 2 2 0 1 5258 5385 5257
10258 2 2 0 1 5386 5385 5258
10259 2 2 0 1 5259 5386 5258
10260 2 2 0 1 5387 5386 5259
10261 2 2 0 1 5260 5387 5259
10262 2 2 0 1 5388 5387 5260
10263 2 2 0 1 5261 5388 5260
10264 2 2 0 1 5389 5388 5261
10265 2 2 0 1 5262 5389 5261
10266 2 2 0 1 5390 5389 5262
10267 2 2 0 1 5263 5390 5262
10268 2 2 0 1 5391 5390 5263
10269 2 2 0 1 5264 5391 5263
10270 2 2 0 1 5392 5391 5264
10271 2 2 0 1 5265 5392 5264
10272 2 2 0 1 5393 5392 5265
10273 2 2 0 1 5266 5393 5265
10274 2 2 0 1 5394 5393 5266
10275 2 2 0 1 5267 5394 5266
10276 2 2 0 1 5395 5394 5267
10277 2 2 0 1 5268 5395 5267
10278 2 2 0 1 5396 5395 5268
10279 2 2 0 1 5269 5396 5268
10280 2 2 0 1 5397 5396 5269
10281 2 2 0 1 5270 5397 5269
10282 2 2 0 1 5398 5397 5270
10283 2 2 0 1 5271 5398 5270
10284 2 2 0 1 5399 5398 5271
10285 2 2 0 1 5272 5399 5271
10286 2 2 0 1 5400 5399 5272
10287 2 2 0 1 5273 5400 5272
10288 2 2 0 1 5401 5400 5273
10289 2 2 0 1 5274 5401 5273
10290 2 2 0 1 5402 5401 5274
10291 2 2 0 1 5275 5402 5274
10292 2 2 0 1 5403 5402 5275
10293 2 2 0 1 5276 5403 5275
10294 2 2 0 1 5404 5403 5276
10295 2 2 0 1 5277 5404 5276
10296 2 2 0 1 5405 5404 5277
10297 2 2 0 1 5278 5405 5277
10298 2 2 0 1 5406 5405 5278
10299 2 2 0 1 5279 5406 5278
10300 2 2 0 1 5407 5406 5279
10301 2 2 0 1 5280 5407 5279
10302 2 2 0 1 5408 5407 5280
10303 2 2 0 1 5281 5408 5280
10304 2 2 0 1 5409 5408 5281
10305 2 2 0 1 5282 5409 5281
10306 2 2 0 1 5410 5409 5282
10307 2 2 0 1 5283 5410 5282
10308 2 2 0 1 5411 5410 5283
10309 2 2 0 1 5284 5411 5283
10310 2 2 0 1 5412 5411 5284
10311 2 2 0 1 5285 5412 5284
10312 2 2 0 1 5413 5412 5285
10313 2 2 0 1 5286 5413 5285
10314 2 2 0 1 5414 5413 5286
10315 2 2 0 1 5287 5414 5286
10316 2 2 0 1 5415 5414 5287
10317 2 2 0 1 5288 5415 5287
10318 2 2 0 1 5416 5415 5288
10319 2 2 0 1 5417 5289 5288
10320 2 2 0 1 5417 5416 5288
10321 2 2 0 1 5418 5290 5289
10322 2 2 0 1 5418 5417 5289
10323 2 2 0 1 5419 5291 5290
10324 2 2 0 1 5419 5418 5290
10325 2 2 0 1 5420 5292 5291
10326 2 2 0 1 5420 5419 5291
10327 2 2 0 1 5421 5293 5292
10328 2 2 0 1 5421 5420 5292
10329 2 2 0 1 5422 5294 5293
10330 2 2 0 1 5422 5421 5293
10331 2 2 0 1 5423 5295 5294
10332 2 2 0 1 5423 5422 5294
10333 2 2 0 1 5424 5296 5295
10334 2 2 0 1 5424 5423 5295
10335 2 2 0 1 5425 5297 5296
10336 2 2 0 1 5425 5424 5296
10337 2 2 0 1 5426 5298 5297
10338 2 2 0 1 5426 5425 5297
10339 2 2 0 1 5427 5299 5298
10340 2 2 0 1 5427 5426 5298
10341 2 2 0 1 5428 5300 5299
10342 2 2 0 1 5428 5427 5299
10343 2 2 0 1 5429 5301 5300
10344 2 2 0 1 5429 5428 5300
10345 2 2 0 1 5430 5302 5301
10346 2 2 0 1 5430 5429 5301
10347 2 2 0 1 5431 5303 5302
10348 2 2 0 1 5431 5430 5302
10349 2 2 0 1 5432 5304 5303
10350 2 2 0 1 5432 5431 5303
10351 2 2 0 1 5433 5305 5304
10352 2 2 0 1 5433 5432 5304
10353 2 2 0 1 5434 5306 5305
10354 2 2 0 1 5434 5433 5305
10355 2 2 0 1 5435 5307 5306
10356 2 2 0 1 5435 5434 5306
10357 2 2 0 1 5436 5308 5307
10358 2 2 0 1 5436 5435 5307
10359 2 2 0 1 5437 5309 5308
10360 2 2 0 1 5437 5436 5308
10361 2 2 0 1 5438 5310 5309
10362 2 2 0 1 5438 5437 5309
10363 2 2 0 1 5439 5311 5310
10364 2 2 0 1 5439 5438 5310
10365 2 2 0 1 5440 5312 5311
10366 2 2 0 1 5440 5439 5311
10367 2 2 0 1 5441 5313 5312
10368 2 2 0 1 5441 5440 5312
10369 2 2 0 1 5314 5441 5313
10370 2 2 0 1 5442 5441 5314
10371 2 2 0 1 5315 5442 5314
10372 2 2 0 1 5443 5442 5315
10373 2 2 0 1 5316 5443 5315
10374 2 2 0 1 5444 5443 5316
10375 2 2 0 1 5317 5444 5316
10376 2 2 0 1 5445 5444 5317
10377 2 2 0 1 5318 5445 5317
10378 2 2 0 1 5446 5445 5318
10379 2 2 0 1 5319 5446 5318
10380 2 2 0 1 5447 5446 5319
10381 2 2 0 1 5320 5447 5319
10382 2 2 0 1 5448 5447 5320
10383 2 2 0 1 5321 5448 5320
10384 2 2 0 1 5449 5448 5321
10385 2 2 0 1 5322 5449 5321
10386 2 2 0 1 5450 5449 5322
10387 2 2 0 1 5323 5450 5322
10388 2 2 0 1 5451 5450 5323
10389 2 2 0 1 5324 5451 5323
10390 2 2 0 1 5452 5451 5324
10391 2 2 0 1 5325 5452 5324
10392 2 2 0 1 5453 5452 5325
10393 2 2 0 1 5326 5453 5325
10394 2 2 0 1 5454 5453 5326
10395 2 2 0 1 5327 5454 5326
10396 2 2 0 1 5455 5454 5327
10397 2 2 0 1 5328 5455 5327
10398 2 2 0 1 5456 5455 5328
10399 2 2 0 1 5329 5456 5328
10400 2 2 0 1 5457 5456 5329
10401 2 2 0 1 5330 5457 5329
10402 2 2 0 1 5458 5457 5330
10403 2 2 0 1 5331 5458 5330
10404 2 2 0 1 5459 5458 5331
10405 2 2 0 1 5332 5459 5331
10406 2 2 0 1 5460 5459 5332
10407 2 2 0 1 5333 5460 5332
10408 2 2 0 1 5461 5460 5333
10409 2 2 0 1 5334 5461 5333
10410 2 2 0 1 5462 5461 5334
10411 2 2 0 1 5335 5462 5334
10412 2 2 0 1 5463 5462 5335
10413 2 2 0 1 5336 5463 5335
10414 2 2 0 1 5464 5463 5336
10415 2 2 0 1 5337 5464 5336
10416 2 2 0 1 5465 5464 5337
10417 2 2 0 1 5338 5465 5337
10418 2 2 0 1 5466 5465 5338
10419 2 2 0 1 5467 5339 5338
10420 2 2 0 1 5467 5466 5338
10421 2 2 0 1 5468 5340 5339
10422 2 2 0 1 5468 5467 5339
10423 2 2 0 1 5469 5341 5340
10424 2 2 0 1 5469 5468 5340
10425 2 2 0 1 5470 5342 5341
10426 2 2 0 1 5470 5469 5341
10427 2 2 0 1 5471 5343 5342
10428 2 2 0 1 5471 5470 5342
10429 2 2 0 1 5472 5344 5343
10430 2 2 0 1 5472 5471 5343
10431 2 2 0 1 5473 5345 5344
10432 2 2 0 1 5473 5472 5344
10433 2 2 0 1 5474 5346 5345
10434 2 2 0 1 5474 5473 5345
10435 2 2 0 1 5475 5347 5346
10436 2 2 0 1 5475 5474 5346
10437 2 2 0 1 5476 5348 5347
10438 2 2 0 1 5476 5475 5347
10439 2 2 0 1 5477 5349 5348
10440 2 2 0 1 5477 5476 5348
10441 2 2 0 1 5478 5350 5349
10442 2 2 0 1 5478 5477 5349
10443 2 2 0 1 5479 5351 5350
10444 2 2 0 1 5479 5478 5350
10445 2 2 0 1 5480 5352 5351
10446 2 2 0 1 5480 5479 5351
10447 2 2 0 1 5481 5353 5352
10448 2 2 0 1 5481 5480 5352
10449 2 2 0 1 5482 5354 5353
10450 2 2 0 1 5482 5481 5353
10451 2 2 0 1 5483 5355 5354
10452 2 2 0 1 5483 5482 5354
10453 2 2 0 1 5484 5356 5355
10454 2 2 0 1 5484 5483 5355
10455 2 2 0 1 5485 5357 5356
10456 2 2 0 1 5485 5484 5356
10457 2 2 0 1 5486 5358 5357
10458 2 2 0 1 5486 5485 5357
10459 2 2 0 1 5487 5359 5358
10460 2 2 0 1 5487 5486 5358
10461 2 2 0 1 5488 5360 5359
10462 2 2 0 1 5488 5487 5359
10463 2 2 0 1 5489 5361 5360
10464 2 2 0 1 5489 5488 5360
10465 2 2 0 1 5490 5362 5361
10466 2 2 0 1 5490 5489 5361
10467 2 2 0 1 5491 5363 5362
10468 2 2 0 1 5491 5490 5362
10469 2 2 0 1 5492 5364 5363
10470 2 2 0 1 5492 5491 5363
10471 2 2 0 1 5493 5365 5364
10472 2 2 0 1 5493 5492 5364
10473 2 2 0 1 5494 5366 5365
10474 2 2 0 1 5494 5493 5365
10475 2 2 0 1 5495 5367 5366
10476 2 2 0 1 5495 5494 5366
10477 2 2 0 1 5496 5368 5367
10478 2 2 0 1 5496 5495 5367
10479 2 2 0 1 5497 5369 5368
10480 2 2 0 1 5497 5496 5368
10481 2 2 0 1 5498 5370 5369
10482 2 2 0 1 5498 5497 5369
10483 2 2 0 1 5499 5371 5370
10484 2 2 0 1 5499 5498 5370
10485 2 2 0 1 5500 5372 5371
10486 2 2 0 1 5500 5499 5371
10487 2 2 0 1 5501 5373 5372
10488 2 2 0 1 5501 5500 5372
10489 2 2 0 1 5502 5374 5373
10490 2 2 0 1 5502 5501 5373
10491 2 2 0 1 5503 5375 5374
10492 2 2 0 1 5503 5502 5374
10493 2 2 0 1 5504 5376 5375
10494 2 2 0 1 5504 5503 5375
10495 2 2 0 1 5377 5249 5376
10496 2 2 0 1 5377 5504 5376
10497 2 2 0 1 5378 5505 5377
10498 2 2 0 1 5506 5505 5378
10499 2 2 0 1 5379 5506 5378
10500 2 2 0 1 5507 5506 5379
10501 2 2 0 1 5380 5507 5379
10502 2 2 0 1 5508 5507 5380
10503 2 2 0 1 5381 5508 5380
10504 2 2 0 1 5509 5508 5381
10505 2 2 0 1 5382 5509 5381
10506 2 2 0 1 5510 5509 5382
10507 2 2 0 1 5383 5510 5382
10508 2 2 0 1 5511 5510 5383
10509 2 2 0 1 5384 5511 5383
10510 2 2 0 1 5512 5511 5384
10511 2 2 0 1 5385 5512 5384
10512 2 2 0 1 5513 5512 5385
10513 2 2 0 1 5386 5513 5385
10514 2 2 0 1 5514 5513 5386
10515 2 2 0 1 5387 5514 5386
10516 2 2 0 1 5515 5514 5387
10517 2 2 0 1 5388 5515 5387
10518 2 2 0 1 5516 5515 5388
10519 2 2 0 1 5389 5516 5388
10520 2 2 0 1 5517 5516 5389
10521 2 2 0 1 5390 5517 5389
10522 2 2 0 1 5518 5517 5390
10523 2 2 0 1 5391 5518 5390
10524 2 2 0 1 5519 5518 5391
10525 2 2 0 1 5392 5519 5391
10526 2 2 0 1 5520 5519 5392
10527 2 2 0 1 5393 5520 5392
10528 2 2 0 1 5521 5520 5393
10529 2 2 0 1 5394 5521 5393
10530 2 2 0 1 5522 5521 5394
10531 2 2 0 1 5395 5522 5394
10532 2 2 0 1 5523 5522 5395
10533 2 2 0 1 5396 5523 5395
10534 2 2 0 1 5524 5523 5396
10535 2 2 0 1 5397 5524 5396
10536 2 2 0 1 5525 5524 5397
10537 2 2 0 1 5398 5525 5397
10538 2 2 0 1 5526 5525 5398
10539 2 2 0 1 5399 5526 5398
10540 2 2 0 1 5527 5526 5399
10541 2 2 0 1 5400 5527 5399
10542 2 2 0 1 5528 5527 5400
10543 2 2 0 1 5401 5528 5400
10544 2 2 0 1 5529 5528 5401
10545 2 2 0 1 5402 5529 5401
10546 2 2 0 1 5530 5529 5402
10547 2 2 0 1 5403 5530 5402
10548 2 2 0 1 5531 5530 5403
10549 2 2 0 1 5404 5531 5403
10550 2 2 0 1 5532 5531 5404
10551 2 2 0 1 5405 5532 5404
10552 2 2 0 1 5533 5532 5405
10553 2 2 0 1 5406 5533 5405
10554 2 2 0 1 5534 5533 5406
10555 2 2 0 1 5407 5534 5406
10556 2 2 0 1 5535 5534 5407
10557 2 2 0 1 5408 5535 5407
10558 2 2 0 1 5536 5535 5408
10559 2 2 0 1 5409 5536 5408
10560 2 2 0 1 5537 5536 5409
10561 2 2 0 1 5410 5537 5409
10562 2 2 0 1 5538 5537 5410
10563 2 2 0 1 5411 5538 5410
10564 2 2 0 1 5539 5538 5411
10565 2 2 0 1 5412 5539 5411
10566 2 2 0 1 5540 5539 5412
10567 2 2 0 1 5413 5540 5412
10568 2 2 0 1 5541 5540 5413
10569 2 2 0 1 5414 5541 5413
10570 2 2 0 1 5542 5541 5414
10571 2 2 0 1 5415 5542 5414
10572 2 2 0 1 5543 5542 5415
10573 2 2 0 1 5416 5543 5415
10574 2 2 0 1 5544 5543 5416
10575 2 2 0 1 5417 5544 5416
10576 2 2 0 1 5545 5544 5417
10577 2 2 0 1 5418 5545 5417
10578 2 2 0 1 5546 5545 5418
10579 2 2 0 1 5547 5419 5418
10580 2 2 0 1 5547 5546 5418
10581 2 2 0 1 5548 5420 5419
10582 2 2 0 1 5548 5547 5419
10583 2 2 0 1 5549 5421 5420
10584 2 2 0 1 5549 5548 5420
10585 2 2 0 1 5550 5422 5421
10586 2 2 0 1 5550 5549 5421
10587 2 2 0 1 5551 5423 5422
10588 2 2 0 1 5551 5550 5422
10589 2 2 0 1 5552 5424 5423
10590 2 2 0 1 5552 5551 5423
10591 2 2 0 1 5553 5425 5424
10592 2 2 0 1 5553 5552 5424
10593 2 2 0 1 5554 5426 5425
10594 2 2 0 1 5554 5553 5425
10595 2 2 0 1 5555 5427 5426
10596 2 2 0 1 5555 5554 5426
10597 2 2 0 1 5556 5428 5427
10598 2 2 0 1 5556 5555 5427
10599 2 2 0 1 5557 5429 5428
10600 2 2 0 1 5557 5556 5428
10601 2 2 0 1 5558 5430 5429
10602 2 2 0 1 5558 5557 5429
10603 2 2 0 1 5559 5431 5430
10604 2 2 0 1 5559 5558 5430
10605 2 2 0 1 5560 5432 5431
10606 2 2 0 1 5560 5559 5431
10607 2 2 0 1 5561 5433 5432
10608 2 2 0 1 5561 5560 5432
10609 2 2 0 1 5562 5434 5433
10610 2 2 0 1 5562 5561 5433
10611 2 2 0 1 5563 5435 5434
10612 2 2 0 1 5563 5562 5434
10613 2 2 0 1 5564 5436 5435
10614 2 2 0 1 5564 5563 5435
10615 2 2 0 1 5565 5437 5436
10616 2 2 0 1 5565 5564 5436
10617 2 2 0 1 5566 5438 5437
10618 2 2 0 1 5566 5565 5437
10619 2 2 0 1 5567 5439 5438
10620 2 2 0 1 5567 5566 5438
10621 2 2 0 1 5568 5440 5439
10622 2 2 0 1 5568 5567 5439
10623 2 2 0 1 5569 5441 5440
10624 2 2 0 1 5569 5568 5440
10625 2 2 0 1 5442 5569 5441
10626 2 2 0 1 5570 5569 5442
10627 2 2 0 1 5443 5570 5442
10628 2 2 0 1 5571 5570 5443
10629 2 2 0 1 5444 5571 5443
10630 2 2 0 1 5572 5571 5444
10631 2 2 0 1 5445 5572 5444
10632 2 2 0 1 5573 5572 5445
10633 2 2 0 1 5446 5573 5445
10634 2 2 0 1 5574 5573 5446
10635 2 2 0 1 5447 5574 5446
10636 2 2 0 1 5575 5574 5447
10637 2 2 0 1 5448 5575 5447
10638 2 2 0 1 5576 5575 5448
10639 2 2 0 1 5449 5576 5448
10640 2 2 0 1 5577 5576 5449
10641 2 2 0 1 5450 5577 5449
10642 2 2 0 1 5578 5577 5450
10643 2 2 0 1 5451 5578 5450
10644 2 2 0 1 5579 5578 5451
10645 2 2 0 1 5452 5579 5451
10646 2 2 0 1 5580 5579 5452
10647 2 2 0 1 5453 5580 5452
10648 2 2 0 1 5581 5580 5453
10649 2 2 0 1 5454 5581 5453
10650 2 2 0 1 5582 5581 5454
10651 2 2 0 1 5455 5582 5454
10652 2 2 0 1 5583 5582 5455
10653 2 2 0 1 5456 5583 5455
10654 2 2 0 1 5584 5583 5456
10655 2 2 0 1 5457 5584 5456
10656 2 2 0 1 5585 5584 5457
10657 2 2 0 1 5458 5585 5457
10658 2 2 0 1 5586 5585 5458
10659 2 2 0 1 5459 5586 5458
10660 2 2 0 1 5587 5586 5459
10661 2 2 0 1 5460 5587 5459
10662 2 2 0 1 5588 5587 5460
10663 2 2 0 1 5461 5588 5460
10664 2 2 0 1 5589 5588 5461
10665 2 2 0 1 5462 5589 5461
10666 2 2 0 1 5590 5589 5462
10667 2 2 0 1 5463 5590 5462
10668 2 2 0 1 5591 5590 5463
10669 2 2 0 1 5464 5591 5463
10670 2 2 0 1 5592 5591 5464
10671 2 2 0 1 5593 5465 5464
10672 2 2 0 1 5593 5592 5464
10673 2 2 0 1 5594 5466 5465
10674 2 2 0 1 5594 5593 5465
10675 2 2 0 1 5595 5467 5466
10676 2 2 0 1 5595 5594 5466
10677 2 2 0 1 5596 5468 5467
10678 2 2 0 1 5596 5595 5467
10679 2 2 0 1 5597 5469 5468
10680 2 2 0 1 5597 5596 5468
10681 2 2 0 1 5598 5470 5469
10682 2 2 0 1 5598 5597 5469
10683 2 2 0 1 5599 5471 5470
10684 2 2 0 1 5599 5598 5470
10685 2 2 0 1 5600 5472 5471
10686 2 2 0 1 5600 5599 5471
10687 2 2 0 1 5601 5473 5472
10688 2 2 0 1 5601 5600 5472
10689 2 2 0 1 5602 5474 5473
10690 2 2 0 1 5602 5601 5473
10691 2 2 0 1 5603 5475 5474
10692 2 2 0 1 5603 5602 5474
10693 2 2 0 1 5604 5476 5475
10694 2 2 0 1 5604 5603 5475
10695 2 2 0 1 5605 5477 5476
10696 2 2 0 1 5605 5604 5476
10697 2 2 0 1 5606 5478 5477
10698 2 2 0 1 5606 5605 5477
10699 2 2 0 1 5607 5479 5478
10700 2 2 0 1 5607 5606 5478
10701 2 2 0 1 5608 5480 5479
10702 2 2 0 1 5608 5607 5479
10703 2 2 0 1 5609 5481 5480
10704 2 2 0 1 5609 5608 5480
10705 2 2 0 1 5610 5482 5481
10706 2 2 0 1 5610 5609 5481
10707 2 2 0 1 5611 5483 5482
10708 2 2 0 1 5611 5610 5482
10709 2 2 0 1 5612 5484 5483
10710 2 2 0 1 5612 5611 5483
10711 2 2 0 1 5613 5485 5484
10712 2 2 0 1 5613 5612 5484
10713 2 2 0 1 5614 5486 5485
10714 2 2 0 1 5614 5613 5485
10715 2 2 0 1 5615 5487 5486
10716 2 2 0 1 5615 5614 5486
10717 2 2 0 1 5616 5488 5487
10718 2 2 0 1 5616 5615 5487
10719 2 2 0 1 5617 5489 5488
10720 2 2 0 1 5617 5616 5488
10721 2 2 0 1 5618 5490 5489
10722 2 2 0 1 5618 5617 5489
10723 2 2 0 1 5619 5491 5490
10724 2 2 0 1 5619 5618 5490
10725 2 2 0 1 5620 5492 5491
10726 2 2 0 1 5620 5619 5491
10727 2 2 0 1 5621 5493 5492
10728 2 2 0 1 5621 5620 5492
10729 2 2 0 1 5622 5494 5493
10730 2 2 0 1 5622 5621 5493
10731 2 2 0 1 5623 5495 5494
10732 2 2 0 1 5623 5622 5494
10733 2 2 0 1 5624 5496 5495
10734 2 2 0 1 5624 5623 5495
10735 2 2 0 1 5625 5497 5496
10736 2 2 0 1 5625 5624 5496
10737 2 2 0 1 5626 5498 5497
10738 2 2 0 1 5626 5625 5497
10739 2 2 0 1 5627 5499 5498
10740 2 2 0 1 5627 5626 5498
10741 2 2 0 1 5628 5500 5499
10742 2 2 0 1 5628 5627 5499
10743 2 2 0 1 5629 5501 5500
10744 2 2 0 1 5629 5628 5500
10745 2 2 0 1 5630 5502 5501
10746 2 2 0 1 5630 5629 5501
10747 2 2 0 1 5631 5503 5502
10748 2 2 0 1 5631 5630 5502
10749 2 2 0 1 5632 5504 5503
10750 2 2 0 1 5632 5631 5503
10751 2 2 0 1 5505 5377 5504
10752 2 2 0 1 5505 5632 5504
10753 2 2 0 1 5506 5633 5505
10754 2 2 0 1 5634 5633 5506
10755 2 2 0 1 5507 5634 5506
10756 2 2 0 1 5635 5634 5507
10757 2 2 0 1 5508 5635 5507
10758 2 2 0 1 5636 5635 5508
10759 2 2 0 1 5509 5636 5508
10760 2 2 0 1 5637 5636 5509
10761 2 2 0 1 5510 5637 5509
10762 2 2 0 1 5638 5637 5510
10763 2 2 0 1 5511 5638 5510
10764 2 2 0 1 5639 5638 5511
10765 2 2 0 1 5512 5639 5511
10766 2 2 0 1 5640 5639 5512
10767 2 2 0 1 5513 5640 5512
10768 2 2 0 1 5641 5640 5513
10769 2 2 0 1 5514 5641 5513
10770 2 2 0 1 5642 5641 5514
10771 2 2 0 1 5515 5642 5514
10772 2 2 0 1 5643 5642 5515
10773 2 2 0 1 5516 5643 5515
10774 2 2 0 1 5644 5643 5516
10775 2 2 0 1 5517 5644 5516
10776 2 2 0 1 5645 5644 5517
10777 2 2 0 1 5518 5645 5517
10778 2 2 0 1 5646 5645 5518
10779 2 2 0 1 5519 5646 5518
10780 2 2 0 1 5647 5646 5519
10781 2 2 0 1 5520 5647 5519
10782 2 2 0 1 5648 5647 5520
10783 2 2 0 1 5521 5648 5520
10784 2 2 0 1 5649 5648 5521
10785 2 2 0 1 5522 5649 5521
10786 2 2 0 1 5650 5649 5522
10787 2 2 0 1 5523 5650 5522
10788 2 2 0 1 5651 5650 5523
10789 2 2 0 1 5524 5651 5523
10790 2 2 0 1 5652 5651 5524
10791 2 2 0 1 5525 5652 5524
10792 2 2 0 1 5653 5652 5525
10793 2 2 0 1 5526 5653 5525
10794 2 2 0 1 5654 5653 5526
10795 2 2 0 1 5527 5654 5526
10796 2 2 0 1 5655 5654 5527
10797 2 2 0 1 5528 5655 5527
10798 2 2 0 1 5656 5655 5528
10799 2 2 0 1 5529 5656 5528
10800 2 2 0 1 5657 5656 5529
10801 2 2 0 1 5530 5657 5529
10802 2 2 0 1 5658 5657 5530
10803 2 2 0 1 5531 5658 5530
10804 2 2 0 1 5659 5658 5531
10805 2 2 0 1 5532 5659 5531
10806 2 2 0 1 5660 5659 5532
10807 2 2 0 1 5533 5660 5532
10808 2 2 0 1 5661 5660 5533
10809 2 2 0 1 5534 5661 5533
10810 2 2 0 1 5662 5661 5534
10811 2 2 0 1 5535 5662 5534
10812 2 2 0 1 5663 5662 5535
10813 2 2 0 1 5536 5663 5535
10814 2 2 0 1 5664 5663 5536
10815 2 2 0 1 5537 5664 5536
10816 2 2 0 1 5665 5664 5537
10817 2 2 0 1 5538 5665 5537
10818 2 2 0 1 5666 5665 5538
10819 2 2 0 1 5539 5666 5538
10820 2 2 0 1 5667 5666 5539
10821 2 2 0 1 5540 5667 5539
10822 2 2 0 1 5668 5667 5540
10823 2 2 0 1 5541 5668 5540
10824 2 2 0 1 5669 5668 5541
10825 2 2 0 1 5542 5669 5541
10826 2 2 0 1 5670 5669 5542
10827 2 2 0 1 5543 5670 5542
10828 2 2 0 1 5671 5670 5543
10829 2 2 0 1 5544 5671 5543
10830 2 2 0 1 5672 5671 5544
10831 2 2 0 1 5545 5672 5544
10832 2 2 0 1 5673 5672 5545
10833 2 2 0 1 5674 5546 5545
10834 2 2 0 1 5674 5673 5545
10835 2 2 0 1 5675 5547 5546
10836 2 2 0 1 5675 5674 5546
10837 2 2 0 1 5676 5548 5547
10838 2 2 0 1 5676 5675 5547
10839 2 2 0 1 5677 5549 5548
10840 2 2 0 1 5677 5676 5548
10841 2 2 0 1 5678 5550 5549
10842 2 2 0 1 5678 5677 5549
10843 2 2 0 1 5679 5551 5550
10844 2 2 0 1 5679 5678 5550
10845 2 2 0 1 5680 5552 5551
10846 2 2 0 1 5680 5679 5551
10847 2 2 0 1 5681 5553 5552
10848 2 2 0 1 5681 5680 5552
10849 2 2 0 1 5682 5554 5553
10850 2 2 0 1 5682 5681 5553
10851 2 2 0 1 5683 5555 5554
10852 2 2 0 1 5683 5682 5554
10853 2 2 0 1 5684 5556 5555
10854 2 2 0 1 5684 5683 5555
10855 2 2 0 1 5685 5557 5556
10856 2 2 0 1 5685 5684 5556
10857 2 2 0 1 5686 5558 5557
10858 2 2 0 1 5686 5685 5557
10859 2 2 0 1 5687 5559 5558
10860 2 2 0 1 5687 5686 5558
10861 2 2 0 1 5688 5560 5559
10862 2 2 0 1 5688 5687 5559
10863 2 2 0 1 5689 5561 5560
10864 2 2 0 1 5689 5688 5560
10865 2 2 0 1 5690 5562 5561
10866 2 2 0 1 5690 5689 5561
10867 2 2 0 1 5691 5563 5562
10868 2 2 0 1 5691 5690 5562
10869 2 2 0 1 5692 5564 5563
10870 2 2 0 1 5692 5691 5563
10871 2 2 0 1 5693 5565 5564
10872 2 2 0 1 5693 5692 5564
10873 2 2 0 1 5694 5566 5565
10874 2 2 0 1 5694 5693 5565
10875 2 2 0 1 5695 5567 5566
10876 2 2 0 1 5695 5694 5566
10877 2 2 0 1 5696 5568 5567
10878 2 2 0 1 5696 5695 5567
10879 2 2 0 1 5697 5569 5568
10880 2 2 0 1 5697 5696 5568
10881 2 2 0 1 5570 5697 5569
10882 2 2 0 1 5698 5697 5570
10883 2 2 0 1 5571 5698 5570
10884 2 2 0 1 5699 5698 5571
10885 2 2 0 1 5572 5699 5571
10886 2 2 0 1 5700 5699 5572
10887 2 2 0 1 5573 5700 5572
10888 2 2 0 1 5701 5700 5573
10889 2 2 0 1 5574 5701 5573
10890 2 2 0 1 5702 5701 5574
10891 2 2 0 1 5575 5702 5574
10892 2 2 0 1 5703 5702 5575
10893 2 2 0 1 5576 5703 5575
10894 2 2 0 1 5704 5703 5576
10895 2 2 0 1 5577 5704 5576
10896 2 2 0 1 5705 5704 5577
10897 2 2 0 1 5578 5705 5577
10898 2 2 0 1 5706 5705 5578
10899 2 2 0 1 5579 5706 5578
10900 2 2 0 1 5707 5706 5579
10901 2 2 0 1 5580 5707 5579
10902 2 2 0 1 5708 5707 5580
10903 2 2 0 1 5581 5708 5580
10904 2 2 0 1 5709 5708 5581
10905 2 2 0 1 5582 5709 5581
10906 2 2 0 1 5710 5709 5582
10907 2 2 0 1 5583 5710 5582
10908 2 2 0 1 5711 5710 5583
10909 2 2 0 1 5584 5711 5583
10910 2 2 0 1 5712 5711 5584
10911 2 2 0 1 5585 5712 5584
10912 2 2 0 1 5713 5712 5585
10913 2 2 0 1 5586 5713 5585
10914 2 2 0 1 5714 5713 5586
10915 2 2 0 1 5587 5714 5586
10916 2 2 0 1 5715 5714 5587
10917 2 2 0 1 5588 5715 5587
10918 2 2 0 1 5716 5715 5588
10919 2 2 0 1 5589 5716 5588
10920 2 2 0 1 5717 5716 5589
10921 2 2 0 1 5590 5717 5589
10922 2 2 0 1 5718 5717 5590
10923 2 2 0 1 5591 5718 5590
10924 2 2 0 1 5719 5718 5591
10925 2 2 0 1 5592 5719 5591
10926 2 2 0 1 5720 5719 5592
10927 2 2 0 1 5593 5720 5592
10928 2 2 0 1 5721 5720 5593
10929 2 2 0 1 5722 5594 5593
10930 2 2 0 1 5722 5721 5593
10931 2 2 0 1 5723 5595 5594
10932 2 2 0 1 5723 5722 5594
10933 2 2 0 1 5724 5596 5595
10934 2 2 0 1 5724 5723 5595
10935 2 2 0 1 5725 5597 5596
10936 2 2 0 1 5725 5724 5596
10937 2 2 0 1 5726 5598 5597
10938 2 2 0 1 5726 5725 5597
10939 2 2 0 1 5727 5599 5598
10940 2 2 0 1 5727 5726 5598
10941 2 2 0 1 5728 5600 5599
10942 2 2 0 1 5728 5727 5599
10943 2 2 0 1 5729 5601 5600
10944 2 2 0 1 5729 5728 5600
10945 2 2 0 1 5730 5602 5601
10946 2 2 0 1 5730 5729 5601
10947 2 2 0 1 5731 5603 5602
10948 2 2 0 1 5731 5730 5602
10949 2 2 0 1 5732 5604 5603
10950 2 2 0 1 5732 5731 5603
10951 2 2 0 1 5733 5605 5604
10952 2 2 0 1 5733 5732 5604
10953 2 2 0 1 5734 5606 5605
10954 2 2 0 1 5734 5733 5605
10955 2 2 0 1 5735 5607 5606
10956 2 2 0 1 5735 5734 5606
10957 2 2 0 1 5736 5608 5607
10958 2 2 0 1 5736 5735 5607
10959 2 2 0 1 5737 5609 5608
10960 2 2 0 1 5737 5736 5608
10961 2 2 0 1 5738 5610 5609
10962 2 2 0 1 5738 5737 5609
10963 2 2 0 1 5739 5611 5610
10964 2 2 0 1 5739 5738 5610
10965 2 2 0 1 5740 5612 5611
10966 2 2 0 1 5740 5739 5611
10967 2 2 0 1 5741 5613 5612
10968 2 2 0 1 5741 5740 5612
10969 2 2 0 1 5742 5614 5613
10970 2 2 0 1 5742 5741 5613
10971 2 2 0 1 5743 5615 5614
10972 2 2 0 1 5743 5742 5614
10973 2 2 0 1 5744 5616 5615
10974 2 2 0 1 5744 5743 5615
10975 2 2 0 1 5745 5617 5616
10976 2 2 0 1 5745 5744 5616
10977 2 2 0 1 5746 5618 5617
10978 2 2 0 1 5746 5745 5617
10979 2 2 0 1 5747 5619 5618
10980 2 2 0 1 5747 5746 5618
10981 2 2 0 1 5748 5620 5619
10982 2 2 0 1 5748 5747 5619
10983 2 2 0 1 5749 5621 5620
10984 2 2 0 1 5749 5748 5620
10985 2 2 0 1 5750 5622 5621
10986 2 2 0 1 5750 5749 5621
10987 2 2 0 1 5751 5623 5622
10988 2 2 0 1 5751 5750 5622
10989 2 2 0 1 5752 5624 5623
10990 2 2 0 1 5752 5751 5623
10991 2 2 0 1 5753 5625 5624
10992 2 2 0 1 5753 5752 5624
10993 2 2 0 1 5754 5626 5625
10994 2 2 0 1 5754 5753 5625
10995 2 2 0 1 5755 5627 5626
10996 2 2 0 1 5755 5754 5626
10997 2 2 0 1 5756 5628 5627
10998 2 2 0 1 5756 5755 5627
10999 2 2 0 1 5757 5629 5628
11000 2 2 0 1 5757 5756 5628
11001 2 2 0 1 5758 5630 5629
11002 2 2 0 1 5758 5757 5629
11003 2 2 0 1 5759 5631 5630
11004 2 2 0 1 5759 5758 5630
11005 2 2 0 1 5760 5632 5631
11006 2 2 0 1 5760 5759 5631
11007 2 2 0 1 5633 5505 5632
11008 2 2 0 1 5633 5760 5632
11009 2 2 0 1 5634 5761 5633
11010 2 2 0 1 5762 5761 5634
11011 2 2 0 1 5635 5762 5634
11012 2 2 0 1 5763 5762 5635
11013 2 2 0 1 5636 5763 5635
11014 2 2 0 1 5764 5763 5636
11015 2 2 0 1 5637 5764 5636
11016 2 2 0 1 5765 5764 5637
11017 2 2 0 1 5638 5765 5637
11018 2 2 0 1 5766 5765 5638
11019 2 2 0 1 5639 5766 5638
11020 2 2 0 1 5767 5766 5639
11021 2 2 0 1 5640 5767 5639
11022 2 2 0 1 5768 5767 5640
11023 2 2 0 1 5641 5768 5640
11024 2 2 0 1 5769 5768 5641
11025 2 2 0 1 5642 5769 5641
11026 2 2 0 1 5770 5769 5642
11027 2 2 0 1 5643 5770 5642
11028 2 2 0 1 5771 5770 5643
11029 2 2 0 1 5644 5771 5643
11030 2 2 0 1 5772 5771 5644
11031 2 2 0 1 5645 5772 5644
11032 2 2 0 1 5773 5772 5645
11033 2 2 0 1 5646 5773 5645
11034 2 2 0 1 5774 5773 5646
11035 2 2 0 1 5647 5774 5646
11036 2 2 0 1 5775 5774 5647
11037 2 2 0 1 5648 5775 5647
11038 2 2 0 1 5776 5775 5648
11039 2 2 0 1 5649 5776 5648
11040 2 2 0 1 5777 5776 5649
11041 2 2 0 1 5650 5777 5649
11042 2 2 0 1 5778 5777 5650
11043 2 2 0 1 5651 5778 5650
11044 2 2 0 1 5779 5778 5651
11045 2 2 0 1 5652 5779 5651
11046 2 2 0 1 5780 5779 5652
11047 2 2 0 1 5653 5780 5652
11048 2 2 0 1 5781 5780 5653
11049 2 2 0 1 5654 5781 5653
11050 2 2 0 1 5782 5781 5654
11051 2 2 0 1 5655 5782 5654
11052 2 2 0 1 5783 5782 5655
11053 2 2 0 1 5656 5783 5655
11054 2 2 0 1 5784 5783 5656
11055 2 2 0 1 5657 5784 5656
11056 2 2 0 1 5785 5784 5657
11057 2 2 0 1 5658 5785 5657
11058 2 2 0 1 5786 5785 5658
11059 2 2 0 1 5659 5786 5658
11060 2 2 0 1 5787 5786 5659
11061 2 2 0 1 5660 5787 5659
11062 2 2 0 1 5788 5787 5660
11063 2 2 0 1 5661 5788 5660
11064 2 2 0 1 5789 5788 5661
11065 2 2 0 1 5662 5789 5661
11066 2 2 0 1 5790 5789 5662
11067 2 2 0 1 5663 5790 5662
11068 2 2 0 1 5791 5790 5663
11069 2 2 0 1 5664 5791 5663
11070 2 2 0 1 5792 5791 5664
11071 2 2 0 1 5665 5792 5664
11072 2 2 0 1 5793 5792 5665
11073 2 2 0 1 5666 5793 5665
11074 2 2 0 1 5794 5793 5666
11075 2 2 0 1 5667 5794 5666
11076 2 2 0 1 5795 5794 5667
11077 2 2 0 1 5668 5795 5667
11078 2 2 0 1 5796 5795 5668
11079 2 2 0 1 5669 5796 5668
11080 2 2 0 1 5797 5796 5669
11081 2 2 0 1 5670 5797 5669
11082 2 2 0 1 5798 5797 5670
11083 2 2 0 1 5671 5798 5670
11084 2 2 0 1 5799 5798 5671
11085 2 2 0 1 5672 5799 5671
11086 2 2 0 1 5800 5799 5672
11087 2 2 0 1 5673 5800 5672
11088 2 2 0 1 5801 5800 5673
11089 2 2 0 1 5674 5801 5673
11090 2 2 0 1 5802 5801 5674
11091 2 2 0 1 5803 5675 5674
11092 2 2 0 1 5803 5802 5674
11093 2 2 0 1 5804 5676 5675
11094 2 2 0 1 5804 5803 5675
11095 2 2 0 1 5805 5677 5676
11096 2 2 0 1 5805 5804 5676
11097 2 2 0 1 5806 5678 5677
11098 2 2 0 1 5806 5805 5677
11099 2 2 0 1 5807 5679 5678
11100 2 2 0 1 5807 5806 5678
11101 2 2 0 1 5808 5680 5679
11102 2 2 0 1 5808 5807 5679
11103 2 2 0 1 5809 5681 5680
11104 2 2 0 1 5809 5808 5680
11105 2 2 0 1 5810 5682 5681
11106 2 2 0 1 5810 5809 5681
11107 2 2 0 1 5811 5683 5682
11108 2 2 0 1 5811 5810 5682
11109 2 2 0 1 5812 5684 5683
11110 2 2 0 1 5812 5811 5683
11111 2 2 0 1 5813 5685 5684
11112 2 2 0 1 5813 5812 5684
11113 2 2 0 1 5814 5686 5685
11114 2 2 0 1 5814 5813 5685
11115 2 2 0 1 5815 5687 5686
11116 2 2 0 1 5815 5814 5686
11117 2 2 0 1 5816 5688 5687
11118 2 2 0 1 5816 5815 5687
11119 2 2 0 1 5817 5689 5688
11120 2 2 0 1 5817 5816 5688
11121 2 2 0 1 5818 5690 5689
11122 2 2 0 1 5818 5817 5689
11123 2 2 0 1 5819 5691 5690
11124 2 2 0 1 5819 5818 5690
11125 2 2 0 1 5820 5692 5691
11126 2 2 0 1 5820 5819 5691
11127 2 2 0 1 5821 5693 5692
11128 2 2 0 1 5821 5820 5692
11129 2 2 0 1 5822 5694 5693
11130 2 2 0 1 5822 5821 5693
11131 2 2 0 1 5823 5695 5694
11132 2 2 0 1 5823 5822 5694
11133 2 2 0 1 5824 5696 5695
11134 2 2 0 1 5824 5823 5695
11135 2 2 0 1 5825 5697 5696
11136 2 2 0 1 5825 5824 5696
11137 2 2 0 1 5698 5825 5697
11138 2 2 0 1 5826 5825 5698
11139 2 2 0 1 5699 5826 5698
11140 2 2 0 1 5827 5826 5699
11141 2 2 0 1 5700 5827 5699
11142 2 2 0 1 5828 5827 5700
11143 2 2 0 1 5701 5828 5700
11144 2 2 0 1 5829 5828 5701
11145 2 2 0 1 5702 5829 5701
11146 2 2 0 1 5830 5829 5702
11147 2 2 0 1 5703 5830 5702
11148 2 2 0 1 5831 5830 5703
11149 2 2 0 1 5704 5831 5703
11150 2 2 0 1 5832 5831 5704
11151 2 2 0 1 5705 5832 5704
11152 2 2 0 1 5833 5832 5705
11153 2 2 0 1 5706 5833 5705
11154 2 2 0 1 5834 5833 5706
11155 2 2 0 1 5707 5834 5706
11156 2 2 0 1 5835 5834 5707
11157 2 2 0 1 5708 5835 5707
11158 2 2 0 1 5836 5835 5708
11159 2 2 0 1 5709 5836 5708
11160 2 2 0 1 5837 5836 5709
11161 2 2 0 1 5710 5837 5709
11162 2 2 0 1 5838 5837 5710
11163 2 2 0 1 5711 5838 5710
11164 2 2 0 1 5839 5838 5711
11165 2 2 0 1 5712 5839 5711
11166 2 2 0 1 5840 5839 5712
11167 2 2 0 1 5713 5840 5712
11168 2 2 0 1 5841 5840 5713
11169 2 2 0 1 5714 5841 5713
11170 2 2 0 1 5842 5841 5714
11171 2 2 0 1 5715 5842 5714
11172 2 2 0 1 5843 5842 5715
11173 2 2 0 1 5716 5843 5715
11174 2 2 0 1 5844 5843 5716
11175 2 2 0 1 5717 5844 5716
11176 2 2 0 1 5845 5844 5717
11177 2 2 0 1 5718 5845 5717
11178 2 2 0 1 5846 5845 5718
11179 2 2 0 1 5719 5846 5718
11180 2 2 0 1 5847 5846 5719
11181 2 2 0 1 5720 5847 5719
11182 2 2 0 1 5848 5847 5720
11183 2 2 0 1 5849 5721 5720
11184 2 2 0 1 5849 5848 5720
11185 2 2 0 1 5850 5722 5721
11186 2 2 0 1 5850 5849 5721
11187 2 2 0 1 5851 5723 5722
11188 2 2 0 1 5851 5850 5722
11189 2 2 0 1 5852 5724 5723
11190 2 2 0 1 5852 5851 5723
11191 2 2 0 1 5853 5725 5724
11192 2 2 0 1 5853 5852 5724
11193 2 2 0 1 5854 5726 5725
11194 2 2 0 1 5854 5853 5725
11195 2 2 0 1 5855 5727 5726
11196 2 2 0 1 5855 5854 5726
11197 2 2 0 1 5856 5728 5727
11198 2 2 0 1 5856 5855 5727
11199 2 2 0 1 5857 5729 5728
11200 2 2 0 1 5857 5856 5728
11201 2 2 0 1 5858 5730 5729
11202 2 2 0 1 5858 5857 5729
11203 2 2 0 1 5859 5731 5730
11204 2 2 0 1 5859 5858 5730
11205 2 2 0 1 5860 5732 5731
11206 2 2 0 1 5860 5859 5731
11207 2 2 0 1 5861 5733 5732
11208 2 2 0 1 5861 5860 5732
11209 2 2 0 1 5862 5734 5733
11210 2 2 0 1 5862 5861 5733
11211 2 2 0 1 5863 5735 5734
11212 2 2 0 1 5863 5862 5734
11213 2 2 0 1 5864 5736 5735
11214 2 2 0 1 5864 5863 5735
11215 2 2 0 1 5865 5737 5736
11216 2 2 0 1 5865 5864 5736
11217 2 2 0 1 5866 5738 5737
11218 2 2 0 1 5866 5865 5737
11219 2 2 0 1 5867 5739 5738
11220 2 2 0 1 5867 5866 5738
11221 2 2 0 1 5868 5740 5739
11222 2 2 0 1 5868 5867 5739
11223 2 2 0 1 5869 5741 5740
11224 2 2 0 1 5869 5868 5740
11225 2 2 0 1 5870 5742 5741
11226 2 2 0 1 5870 5869 5741
11227 2 2 0 1 5871 5743 5742
11228 2 2 0 1 5871 5870 5742
11229 2 2 0 1 5872 5744 5743
11230 2 2 0 1 5872 5871 5743
11231 2 2 0 1 5873 5745 5744
11232 2 2 0 1 5873 5872 5744
11233 2 2 0 1 5874 5746 5745
11234 2 2 0 1 5874 5873 5745
11235 2 2 0 1 5875 5747 5746
11236 2 2 0 1 5875 5874 5746
11237 2 2 0 1 5876 5748 5747
11238 2 2 0 1 5876 5875 5747
11239 2 2 0 1 5877 5749 5748
11240 2 2 0 1 5877 5876 5748
11241 2 2 0 1 5878 5750 5749
11242 2 2 0 1 5878 5877 5749
11243 2 2 0 1 5879 5751 5750
11244 2 2 0 1 5879 5878 5750
11245 2 2 0 1 5880 5752 5751
11246 2 2 0 1 5880 5879 5751
11247 2 2 0 1 5881 5753 5752
11248 2 2 0 1 5881 5880 5752
11249 2 2 0 1 5882 5754 5753
11250 2 2 0 1 5882 5881 5753
11251 2 2 0 1 5883 5755 5754
11252 2 2 0 1 5883 5882 5754
11253 2 2 0 1 5884 5756 5755
11254 2 2 0 1 5884 5883 5755
11255 2 2 0 1 5885 5757 5756
11256 2 2 0 1 5885 5884 5756
11257 2 2 0 1 5886 5758 5757
11258 2 2 0 1 5886 5885 5757
11259 2 2 0 1 5887 5759 5758
11260 2 2 0 1 5887 5886 5758
11261 2 2 0 1 5888 5760 5759
11262 2 2 0 1 5888 5887 5759
11263 2 2 0 1 5761 5633 5760
11264 2 2 0 1 5761 5888 5760
11265 2 2 0 1 5762 5889 5761
11266 2 2 0 1 5890 5889 5762
11267 2 2 0 1 5763 5890 5762
11268 2 2 0 1 5891 5890 5763
11269 2 2 0 1 5764 5891 5763
11270 2 2 0 1 5892 5891 5764
11271 2 2 0 1 5765 5892 5764
11272 2 2 0 1 5893 5892 5765
11273 2 2 0 1 5766 5893 5765
11274 2 2 0 1 5894 5893 5766
11275 2 2 0 1 5767 5894 5766
11276 2 2 0 1 5895 5894 5767
11277 2 2 0 1 5768 5895 5767
11278 2 2 0 1 5896 5895 5768
11279 2 2 0 1 5769 5896 5768
11280 2 2 0 1 5897 5896 5769
11281 2 2 0 1 5770 5897 5769
11282 2 2 0 1 5898 5897 5770
11283 2 2 0 1 5771 5898 5770
11284 2 2 0 1 5899 5898 5771
11285 2 2 0 1 5772 5899 5771
11286 2 2 0 1 5900 5899 5772
11287 2 2 0 1 5773 5900 5772
11288 2 2 0 1 5901 5900 5773
11289 2 2 0 1 5774 5901 5773
11290 2 2 0 1 5902 5901 5774
11291 2 2 0 1 5775 5902 5774
11292 2 2 0 1 5903 5902 5775
11293 2 2 0 1 5776 5903 5775
11294 2 2 0 1 5904 5903 5776
11295 2 2 0 1 5777 5904 5776
11296 2 2 0 1 5905 5904 5777
11297 2 2 0 1 5778 5905 5777
11298 2 2 0 1 5906 5905 5778
11299 2 2 0 1 5779 5906 5778
11300 2 2 0 1 5907 5906 5779
11301 2 2 0 1 5780 5907 5779
11302 2 2 0 1 5908 5907 5780
11303 2 2 0 1 5781 5908 5780
11304 2 2 0 1 5909 5908 5781
11305 2 2 0 1 5782 5909 5781
11306 2 2 0 1 5910 5909 5782
11307 2 2 0 1 5783 5910 5782
11308 2 2 0 1 5911 5910 5783
11309 2 2 0 1 5784 5911 5783
11310 2 2 0 1 5912 5911 5784
11311 2 2 0 1 5785 5912 5784
11312 2 2 0 1 5913 5912 5785
11313 2 2 0 1 5786 5913 5785
11314 2 2 0 1 5914 5913 5786
11315 2 2 0 1 5787 5914 5786
11316 2 2 0 1 5915 5914 5787
11317 2 2 0 1 5788 5915 5787
11318 2 2 0 1 5916 5915 5788
11319 2 2 0 1 5789 5916 5788
11320 2 2 0 1 5917 5916 5789
11321 2 2 0 1 5790 5917 5789
11322 2 2 0 1 5918 5917 5790
11323 2 2 0 1 5791 5918 5790
11324 2 2 0 1 5919 5918 5791
11325 2 2 0 1 5792 5919 5791
11326 2 2 0 1 5920 5919 5792
11327 2 2 0 1 5793 5920 5792
11328 2 2 0 1 5921 5920 5793
11329 2 2 0 1 5794 5921 5793
11330 2 2 0 1 5922 5921 5794
11331 2 2 0 1 5795 5922 5794
11332 2 2 0 1 5923 5922 5795
11333 2 2 0 1 5796 5923 5795
11334 2 2 0 1 5924 5923 5796
11335 2 2 0 1 5797 5924 5796
11336 2 2 0 1 5925 5924 5797
11337 2 2 0 1 5798 5925 5797
11338 2 2 0 1 5926 5925 5798
11339 2 2 0 1 5799 5926 5798
11340 2 2 0 1 5927 5926 5799
11341 2 2 0 1 5800 5927 5799
11342 2 2 0 1 5928 5927 5800
11343 2 2 0 1 5801 5928 5800
11344 2 2 0 1 5929 5928 5801
11345 2 2 0 1 5930 5802 5801
11346 2 2 0 1 5930 5929 5801
11347 2 2 0 1 5931 5803 5802
11348 2 2 0 1 5931 5930 5802
11349 2 2 0 1 5932 5804 5803
11350 2 2 0 1 5932 5931 5803
11351 2 2 0 1 5933 5805 5804
11352 2 2 0 1 5933 5932 5804
11353 2 2 0 1 5934 5806 5805
11354 2 2 0 1 5934 5933 5805
11355 2 2 0 1 5935 5807 5806
11356 2 2 0 1 5935 5934 5806
11357 2 2 0 1 5936 5808 5807
11358 2 2 0 1 5936 5935 5807
11359 2 2 0 1 5937 5809 5808
11360 2 2 0 1 5937 5936 5808
11361 2 2 0 1 5938 5810 5809
11362 2 2 0 1 5938 5937 5809
11363 2 2 0 1 5939 5811 5810
11364 2 2 0 1 5939 5938 5810
11365 2 2 0 1 5940 5812 5811
11366 2 2 0 1 5940 5939 5811
11367 2 2 0 1 5941 5813 5812
11368 2 2 0 1 5941 5940 5812
11369 2 2 0 1 5942 5814 5813
11370 2 2 0 1 5942 5941 5813
11371 2 2 0 1 5943 5815 5814
11372 2 2 0 1 5943 5942 5814
11373 2 2 0 1 5944 5816 5815
11374 2 2 0 1 5944 5943 5815
11375 2 2 0 1 5945 5817 5816
11376 2 2 0 1 5945 5944 5816
11377 2 2 0 1 5946 5818 5817
11378 2 2 0 1 5946 5945 5817
11379 2 2 0 1 5947 5819 5818
11380 2 2 0 1 5947 5946 5818
11381 2 2 0 1 5948 5820 5819
11382 2 2 0 1 5948 5947 5819
11383 2 2 0 1 5949 5821 5820
11384 2 2 0 1 5949 5948 5820
11385 2 2 0 1 5950 5822 5821
11386 2 2 0 1 5950 5949 5821
11387 2 2 0 1 5951 5823 5822
11388 2 2 0 1 5951 5950 5822
11389 2 2 0 1 5952 5824 5823
11390 2 2 0 1 5952 5951 5823
11391 2 2 0 1 5953 5825 5824
11392 2 2 0 1 5953 5952 5824
11393 2 2 0 1 5826 5953 5825
11394 2 2 0 1 5954 5953 5826
11395 2 2 0 1 5827 5954 5826
11396 2 2 0 1 5955 5954 5827
11397 2 2 0 1 5828 5955 5827
11398 2 2 0 1 5956 5955 5828
11399 2 2 0 1 5829 5956 5828
11400 2 2 0 1 5957 5956 5829
11401 2 2 0 1 5830 5957 5829
11402 2 2 0 1 5958 5957 5830
11403 2 2 0 1 5831 5958 5830
11404 2 2 0 1 5959 5958 5831
11405 2 2 0 1 5832 5959 5831
11406 2 2 0 1 5960 5959 5832
11407 2 2 0 1 5833 5960 5832
11408 2 2 0 1 5961 5960 5833
11409 2 2 0 1 5834 5961 5833
11410 2 2 0 1 5962 5961 5834
11411 2 2 0 1 5835 5962 5834
11412 2 2 0 1 5963 5962 5835
11413 2 2 0 1 5836 5963 5835
11414 2 2 0 1 5964 5963 5836
11415 2 2 0 1 5837 5964 5836
11416 2 2 0 1 5965 5964 5837
11417 2 2 0 1 5838 5965 5837
11418 2 2 0 1 5966 5965 5838
11419 2 2 0 1 5839 5966 5838
11420 2 2 0 1 5967 5966 5839
11421 2 2 0 1 5840 5967 5839
11422 2 2 0 1 5968 5967 5840
11423 2 2 0 1 5841 5968 5840
11424 2 2 0 1 5969 5968 5841
11425 2 2 0 1 5842 5969 5841
11426 2 2 0 1 5970 5969 5842
11427 2 2 0 1 5843 5970 5842
11428 2 2 0 1 5971 5970 5843
11429 2 2 0 1 5844 5971 5843
11430 2 2 0 1 5972 5971 5844
11431 2 2 0 1 5845 5972 5844
11432 2 2 0 1 5973 5972 5845
11433 2 2 0 1 5846 5973 5845
11434 2 2 0 1 5974 5973 5846
11435 2 2 0 1 5847 5974 5846
11436 2 2 0 1 5975 5974 5847
11437 2 2 0 1 5848 5975 5847
11438 2 2 0 1 5976 5975 5848
11439 2 2 0 1 5849 5976 5848
11440 2 2 0 1 5977 5976 5849
11441 2 2 0 1 5978 5850 5849
11442 2 2 0 1 5978 5977 5849
11443 2 2 0 1 5979 5851 5850
11444 2 2 0 1 5979 5978 5850
11445 2 2 0 1 5980 5852 5851
11446 2 2 0 1 5980 5979 5851
11447 2 2 0 1 5981 5853 5852
11448 2 2 0 1 5981 5980 5852
11449 2 2 0 1 5982 5854 5853
11450 2 2 0 1 5982 5981 5853
11451 2 2 0 1 5983 5855 5854
11452 2 2 0 1 5983 5982 5854
11453 2 2 0 1 5984 5856 5855
11454 2 2 0 1 5984 5983 5855
11455 2 2 0 1 5985 5857 5856
11456 2 2 0 1 5985 5984 5856
11457 2 2 0 1 5986 5858 5857
11458 2 2 0 1 5986 5985 5857
11459 2 2 0 1 5987 5859 5858
11460 2 2 0 1 5987 5986 5858
11461 2 2 0 1 5988 5860 5859
11462 2 2 0 1 5988 5987 5859
11463 2 2 0 1 5989 5861 5860
11464 2 2 0 1 5989 5988 5860
11465 2 2 0 1 5990 5862 5861
11466 2 2 0 1 5990 5989 5861
11467 2 2 0 1 5991 5863 5862
11468 2 2 0 1 5991 5990 5862
11469 2 2 0 1 5992 5864 5863
11470 2 2 0 1 5992 5991 5863
11471 2 2 0 1 5993 5865 5864
11472 2 2 0 1 5993 5992 5864
11473 2 2 0 1 5994 5866 5865
11474 2 2 0 1 5994 5993 5865
11475 2 2 0 1 5995 5867 5866
11476 2 2 0 1 5995 5994 5866
11477 2 2 0 1 5996 5868 5867
11478 2 2 0 1 5996 5995 5867
11479 2 2 0 1 5997 5869 5868
11480 2 2 0 1 5997 5996 5868
11481 2 2 0 1 5998 5870 5869
11482 2 2 0 1 5998 5997 5869
11483 2 2 0 1 5999 5871 5870
11484 2 2 0 1 5999 5998 5870
11485 2 2 0 1 6000 5872 5871
11486 2 2 0 1 6000 5999 5871
11487 2 2 0 1 6001 5873 5872
11488 2 2 0 1 6001 6000 5872
11489 2 2 0 1 6002 5874 5873
11490 2 2 0 1 6002 6001 5873
11491 2 2 0 1 6003 5875 5874
11492 2 2 0 1 6003 6002 5874
11493 2 2 0 1 6004 5876 5875
11494 2 2 0 1 6004 6003 5875
11495 2 2 0 1 6005 5877 5876
11496 2 2 0 1 6005 6004 5876
11497 2 2 0 1 6006 5878 5877
11498 2 2 0 1 6006 6005 5877
11499 2 2 0 1 6007 5879 5878
11500 2 2 0 1 6007 6006 5878
11501 2 2 0 1 6008 5880 5879
11502 2 2 0 1 6008 6007 5879
11503 2 2 0 1 6009 5881 5880
11504 2 2 0 1 6009 6008 5880
11505 2 2 0 1 6010 5882 5881
11506 2 2 0 1 6010 6009 5881
11507 2 2 0 1 6011 5883 5882
11508 2 2 0 1 6011 6010 5882
11509 2 2 0 1 6012 5884 5883
11510 2 2 0 1 6012 6011 5883
11511 2 2 0 1 6013 5885 5884
11512 2 2 0 1 6013 6012 5884
11513 2 2 0 1 6014 5886 5885
11514 2 2 0 1 6014 6013 5885
11515 2 2 0 1 6015 5887 5886
11516 2 2 0 1 6015 6014 5886
11517 2 2 0 1 6016 5888 5887
11518 2 2 0 1 6016 6015 5887
11519 2 2 0 1 5889 5761 5888
11520 2 2 0 1 5889 6016 5888
11521 2 2 0 1 5890 6017 5889
11522 2 2 0 1 6018 6017 5890
11523 2 2 0 1 5891 6018 5890
11524 2 2 0 1 6019 6018 5891
11525 2 2 0 1 5892 6019 5891
11526 2 2 0 1 6020 6019 5892
11527 2 2 0 1 5893 6020 5892
11528 2 2 0 1 6021 6020 5893
11529 2 2 0 1 5894 6021 5893
11530 2 2 0 1 6022 6021 5894
11531 2 2 0 1 5895 6022 5894
11532 2 2 0 1 6023 6022 5895
11533 2 2 0 1 5896 6023 5895
11534 2 2 0 1 6024 6023 5896
11535 2 2 0 1 5897 6024 5896
11536 2 2 0 1 6025 6024 5897
11537 2 2 0 1 5898 6025 5897
11538 2 2 0 1 6026 6025 5898
11539 2 2 0 1 5899 6026 5898
11540 2 2 0 1 6027 6026 5899
11541 2 2 0 1 5900 6027 5899
11542 2 2 0 1 6028 6027 5900
11543 2 2 0 1 5901 6028 5900
11544 2 2 0 1 6029 6028 5901
11545 2 2 0 1 5902 6029 5901
11546 2 2 0 1 6030 6029 5902
11547 2 2 0 1 5903 6030 5902
11548 2 2 0 1 6031 6030 5903
11549 2 2 0 1 5904 6031 5903
11550 2 2 0 1 6032 6031 5904
11551 2 2 0 1 5905 6032 5904
11552 2 2 0 1 6033 6032 5905
11553 2 2 0 1 5906 6033 5905
11554 2 2 0 1 6034 6033 5906
11555 2 2 0 1 5907 6034 5906
11556 2 2 0 1 6035 6034 5907
11557 2 2 0 1 5908 6035 5907
11558 2 2 0 1 6036 6035 5908
11559 2 2 0 1 5909 6036 5908
11560 2 2 0 1 6037 6036 5909
11561 2 2 0 1 5910 6037 5909
11562 2 2 0 1 6038 6037 5910
11563 2 2 0 1 5911 6038 5910
11564 2 2 0 1 6039 6038 5911
11565 2 2 0 1 5912 6039 5911
11566 2 2 0 1 6040 6039 5912
11567 2 2 0 1 5913 6040 5912
11568 2 2 0 1 6041 6040 5913
11569 2 2 0 1 5914 6041 5913
11570 2 2 0 1 6042 6041 5914
11571 2 2 0 1 5915 6042 5914
11572 2 2 0 1 6043 6042 5915
11573 2 2 0 1 5916 6043 5915
11574 2 2 0 1 6044 6043 5916
11575 2 2 0 1 5917 6044 5916
11576 2 2 0 1 6045 6044 5917
11577 2 2 0 1 5918 6045 5917
11578 2 2 0 1 6046 6045 5918
11579 2 2 0 1 5919 6046 5918
11580 2 2 0 1 6047 6046 5919
11581 2 2 0 1 5920 6047 5919
11582 2 2 0 1 6048 6047 5920
11583 2 2 0 1 5921 6048 5920
11584 2 2 0 1 6049 6048 5921
11585 2 2 0 1 5922 6049 5921
11586 2 2 0 1 6050 6049 5922
11587 2 2 0 1 5923 6050 5922
11588 2 2 0 1 6051 6050 5923
11589 2 2 0 1 5924 6051 5923
11590 2 2 0 1 6052 6051 5924
11591 2 2 0 1 5925 6052 5924
11592 2 2 0 1 6053 6052 5925
11593 2 2 0 1 5926 6053 5925
11594 2 2 0 1 6054 6053 5926
11595 2 2 0 1 5927 6054 5926
11596 2 2 0 1 6055 6054 5927
11597 2 2 0 1 6056 5928 5927
11598 2 2 0 1 6056 6055 5927
11599 2 2 0 1 6057 5929 5928
11600 2 2 0 1 6057 6056 5928
11601 2 2 0 1 6058 5930 5929
11602 2 2 0 1 6058 6057 5929
11603 2 2 0 1 6059 5931 5930
11604 2 2 0 1 6059 6058 5930
11605 2 2 0 1 6060 5932 5931
11606 2 2 0 1 6060 6059 5931
11607 2 2 0 1 6061 5933 5932
11608 2 2 0 1 6061 6060 5932
11609 2 2 0 1 6062 5934 5933
11610 2 2 0 1 6062 6061 5933
11611 2 2 0 1 6063 5935 5934
11612 2 2 0 1 6063 6062 5934
11613 2 2 0 1 6064 5936 5935
11614 2 2 0 1 6064 6063 5935
11615 2 2 0 1 6065 5937 5936
11616 2 2 0 1 6065 6064 5936
11617 2 2 0 1 6066 5938 5937
11618 2 2 0 1 6066 6065 5937
11619 2 2 0 1 6067 5939 5938
11620 2 2 0 1 6067 6066 5938
11621 2 2 0 1 6068 5940 5939
11622 2 2 0 1 6068 6067 5939
11623 2 2 0 1 6069 5941 5940
11624 2 2 0 1 6069 6068 5940
11625 2 2 0 1 6070 5942 5941
11626 2 2 0 1 6070 6069 5941
11627 2 2 0 1 6071 5943 5942
11628 2 2 0 1 6071 6070 5942
11629 2 2 0 1 6072 5944 5943
11630 2 2 0 1 6072 6071 5943
11631 2 2 0 1 6073 5945 5944
11632 2 2 0 1 6073 6072 5944
11633 2 2 0 1 6074 5946 5945
11634 2 2 0 1 6074 6073 5945
11635 2 2 0 1 6075 5947 5946
11636 2 2 0 1 6075 6074 5946
11637 2 2 0 1 6076 5948 5947
11638 2 2 0 1 6076 6075 5947
11639 2 2 0 1 6077 5949 5948
11640 2 2 0 1 6077 6076 5948
11641 2 2 0 1 6078 5950 5949
11642 2 2 0 1 6078 6077 5949
11643 2 2 0 1 6079 5951 5950
11644 2 2 0 1 6079 6078 5950
11645 2 2 0 1 6080 5952 5951
11646 2 2 0 1 6080 6079 5951
11647 2 2 0 1 6081 5953 5952
11648 2 2 0 1 6081 6080 5952
11649 2 2 0 1 5954 6081 5953
11650 2 2 0 1 6082 6081 5954
11651 2 2 0 1 5955 6082 5954
11652 2 2 0 1 6083 6082 5955
11653 2 2 0 1 5956 6083 5955
11654 2 2 0 1 6084 6083 5956
11655 2 2 0 1 5957 6084 5956
11656 2 2 0 1 6085 6084 5957
11657 2 2 0 1 5958 6085 5957
11658 2 2 0 1 6086 6085 5958
11659 2 2 0 1 5959 6086 5958
11660 2 2 0 1 6087 6086 5959
11661 2 2 0 1 5960 6087 5959
11662 2 2 0 1 6088 6087 5960
11663 2 2 0 1 5961 6088 5960
11664 2 2 0 1 6089 6088 5961
11665 2 2 0 1 5962 6089 5961
11666 2 2 0 1 6090 6089 5962
11667 2 2 0 1 5963 6090 5962
11668 2 2 0 1 6091 6090 5963
11669 2 2 0 1 5964 6091 5963
11670 2 2 0 1 6092 6091 5964
11671 2 2 0 1 5965 6092 5964
11672 2 2 0 1 6093 6092 5965
11673 2 2 0 1 5966 6093 5965
11674 2 2 0 1 6094 6093 5966
11675 2 2 0 1 5967 6094 5966
11676 2 2 0 1 6095 6094 5967
11677 2 2 0 1 5968 6095 5967
11678 2 2 0 1 6096 6095 5968
11679 2 2 0 1 5969 6096 5968
11680 2 2 0 1 6097 6096 5969
11681 2 2 0 1 5970 6097 5969
11682 2 2 0 1 6098 6097 5970
11683 2 2 0 1 5971 6098 5970
11684 2 2 0 1 6099 6098 5971
11685 2 2 0 1 5972 6099 5971
11686 2 2 0 1 6100 6099 5972
11687 2 2 0 1 5973 6100 5972
11688 2 2 0 1 6101 6100 5973
11689 2 2 0 1 5974 6101 5973
11690 2 2 0 1 6102 6101 5974
11691 2 2 0 1 5975 6102 5974
11692 2 2 0 1 6103 6102 5975
11693 2 2 0 1 5976 6103 5975
11694 2 2 0 1 6104 6103 5976
11695 2 2 0 1 5977 6104 5976
11696 2 2 0 1 6105 6104 5977
11697 2 2 0 1 5978 6105 5977
11698 2 2 0 1 6106 6105 5978
11699 2 2 0 1 5979 6106 5978
11700 2 2 0 1 6107 6106 5979
11701 2 2 0 1 6108 5980 5979
11702 2 2 0 1 6108 6107 5979
11703 2 2 0 1 6109 5981 5980
11704 2 2 0 1 6109 6108 5980
11705 2 2 0 1 6110 5982 5981
11706 2 2 0 1 6110 6109 5981
11707 2 2 0 1 6111 5983 5982
11708 2 2 0 1 6111 6110 5982
11709 2 2 0 1 6112 5984 5983
11710 2 2 0 1 6112 6111 5983
11711 2 2 0 1 6113 5985 5984
11712 2 2 0 1 6113 6112 5984
11713 2 2 0 1 6114 5986 5985
11714 2 2 0 1 6114 6113 5985
11715 2 2 0 1 6115 5987 5986
11716 2 2 0 1 6115 6114 5986
11717 2 2 0 1 6116 5988 5987
11718 2 2 0 1 6116 6115 5987
11719 2 2 0 1 6117 5989 5988
11720 2 2 0 1 6117 6116 5988
11721 2 2 0 1 6118 5990 5989
11722 2 2 0 1 6118 6117 5989
11723 2 2 0 1 6119 5991 5990
11724 2 2 0 1 6119 6118 5990
11725 2 2 0 1 6120 5992 5991
11726 2 2 0 1 6120 6119 5991
11727 2 2 0 1 6121 5993 5992
11728 2 2 0 1 6121 6120 5992
11729 2 2 0 1 6122 5994 5993
11730 2 2 0 1 6122 6121 5993
11731 2 2 0 1 6123 5995 5994
11732 2 2 0 1 6123 6122 5994
11733 2 2 0 1 6124 5996 5995
11734 2 2 0 1 6124 6123 5995
11735 2 2 0 1 6125 5997 5996
11736 2 2 0 1 6125 6124 5996
11737 2 2 0 1 6126 5998 5997
11738 2 2 0 1 6126 6125 5997
11739 2 2 0 1 6127 5999 5998
11740 2 2 0 1 6127 6126 5998
11741 2 2 0 1 6128 6000 5999
11742 2 2 0 1 6128 6127 5999
11743 2 2 0 1 6129 6001 6000
11744 2 2 0 1 6129 6128 6000
11745 2 2 0 1 6130 6002 6001
11746 2 2 0 1 6130 6129 6001
11747 2 2 0 1 6131 6003 6002
11748 2 2 0 1 6131 6130 6002
11749 2 2 0 1 6132 6004 6003
11750 2 2 0 1 6132 6131 6003
11751 2 2 0 1 6133 6005 6004
11752 2 2 0 1 6133 6132 6004
11753 2 2 0 1 6134 6006 6005
11754 2 2 0 1 6134 6133 6005
11755 2 2 0 1 6135 6007 6006
11756 2 2 0 1 6135 6134 6006
11757 2 2 0 1 6136 6008 6007
11758 2 2 0 1 6136 6135 6007
11759 2 2 0 1 6137 6009 6008
11760 2 2 0 1 6137 6136 6008
11761 2 2 0 1 6138 6010 6009
11762 2 2 0 1 6138 6137 6009
11763 2 2 0 1 6139 6011 6010
11764 2 2 0 1 6139 6138 6010
11765 2 2 0 1 6140 6012 6011
11766 2 2 0 1 6140 6139 6011
11767 2 2 0 1 6141 6013 6012
11768 2 2 0 1 6141 6140 6012
11769 2 2 0 1 6142 6014 6013
11770 2 2 0 1 6142 6141 6013
11771 2 2 0 1 6143 6015 6014
11772 2 2 0 1 6143 6142 6014
11773 2 2 0 1 6144 6016 6015
11774 2 2 0 1 6144 6143 6015
11775 2 2 0 1 6017 5889 6016
11776 2 2 0 1 6017 6144 6016
11777 2 2 0 1 6018 6145 6017
11778 2 2 0 1 6146 6145 6018
11779 2 2 0 1 6019 6146 6018
11780 2 2 0 1 6147 6146 6019
11781 2 2 0 1 6020 6147 6019
11782 2 2 0 1 6148 6147 6020
11783 2 2 0 1 6021 6148 6020
11784 2 2 0 1 6149 6148 6021
11785 2 2 0 1 6022 6149 6021
11786 2 2 0 1 6150 6149 6022
11787 2 2 0 1 6023 6150 6022
11788 2 2 0 1 6151 6150 6023
11789 2 2 0 1 6024 6151 6023
11790 2 2 0 1 6152 6151 6024
11791 2 2 0 1 6025 6152 6024
11792 2 2 0 1 6153 6152 6025
11793 2 2 0 1 6026 6153 6025
11794 2 2 0 1 6154 6153 6026
11795 2 2 0 1 6027 6154 6026
11796 2 2 0 1 6155 6154 6027
11797 2 2 0 1 6028 6155 6027
11798 2 2 0 1 6156 6155 6028
11799 2 2 0 1 6029 6156 6028
11800 2 2 0 1 6157 6156 6029
11801 2 2 0 1 6030 6157 6029
11802 2 2 0 1 6158 6157 6030
11803 2 2 0 1 6031 6158 6030
11804 2 2 0 1 6159 6158 6031
11805 2 2 0 1 6032 6159 6031
11806 2 2 0 1 6160 6159 6032
11807 2 2 0 1 6033 6160 6032
11808 2 2 0 1 6161 6160 6033
11809 2 2 0 1 6034 6161 6033
11810 2 2 0 1 6162 6161 6034
11811 2 2 0 1 6035 6162 6034
11812 2 2 0 1 6163 6162 6035
11813 2 2 0 1 6036 6163 6035
11814 2 2 0 1 6164 6163 6036
11815 2 2 0 1 6037 6164 6036
11816 2 2 0 1 6165 6164 6037
11817 2 2 0 1 6038 6165 6037
11818 2 2 0 1 6166 6165 6038
11819 2 2 0 1 6039 6166 6038
11820 2 2 0 1 6167 6166 6039
11821 2 2 0 1 6040 6167 6039
11822 2 2 0 1 6168 6167 6040
11823 2 2 0 1 6041 6168 6040
11824 2 2 0 1 6169 6168 6041
11825 2 2 0 1 6042 6169 6041
11826 2 2 0 1 6170 6169 6042
11827 2 2 0 1 6043 6170 6042
11828 2 2 0 1 6171 6170 6043
11829 2 2 0 1 6044 6171 6043
11830 2 2 0 1 6172 6171 6044
11831 2 2 0 1 6045 6172 6044
11832 2 2 0 1 6173 6172 6045
11833 2 2 0 1 6046 6173 6045
11834 2 2 0 1 6174 6173 6046
11835 2 2 0 1 6047 6174 6046
11836 2 2 0 1 6175 6174 6047
11837 2 2 0 1 6048 6175 6047
11838 2 2 0 1 6176 6175 6048
11839 2 2 0 1 6049 6176 6048
11840 2 2 0 1 6177 6176 6049
11841 2 2 0 1 6050 6177 6049
11842 2 2 0 1 6178 6177 6050
11843 2 2 0 1 6051 6178 6050
11844 2 2 0 1 6179 6178 6051
11845 2 2 0 1 6052 6179 6051
11846 2 2 0 1 6180 6179 6052
11847 2 2 0 1 6053 6180 6052
11848 2 2 0 1 6181 6180 6053
11849 2 2 0 1 6054 6181 6053
11850 2 2 0 1 6182 6181 6054
11851 2 2 0 1 6055 6182 6054
11852 2 2 0 1 6183 6182 6055
11853 2 2 0 1 6184 6056 6055
11854 2 2 0 1 6184 6183 6055
11855 2 2 0 1 6185 6057 6056
11856 2 2 0 1 6185 6184 6056
11857 2 2 0 1 6186 6058 6057
11858 2 2 0 1 6186 6185 6057
11859 2 2 0 1 6187 6059 6058
11860 2 2 0 1 6187 6186 6058
11861 2 2 0 1 6188 6060 6059
11862 2 2 0 1 6188 6187 6059
11863 2 2 0 1 6189 6061 6060
11864 2 2 0 1 6189 6188 6060
11865 2 2 0 1 6190 6062 6061
11866 2 2 0 1 6190 6189 6061
11867 2 2 0 1 6191 6063 6062
11868 2 2 0 1 6191 6190 6062
11869 2 2 0 1 6192 6064 6063
11870 2 2 0 1 6192 6191 6063
11871 2 2 0 1 6193 6065 6064
11872 2 2 0 1 6193 6192 6064
11873 2 2 0 1 6194 6066 6065
11874 2 2 0 1 6194 6193 6065
11875 2 2 0 1 6195 6067 6066
11876 2 2 0 1 6195 6194 6066
11877 2 2 0 1 6196 6068 6067
11878 2 2 0 1 6196 6195 6067
11879 2 2 0 1 6197 6069 6068
11880 2 2 0 1 6197 6196 6068
11881 2 2 0 1 6198 6070 6069
11882 2 2 0 1 6198 6197 6069
11883 2 2 0 1 6199 6071 6070
11884 2 2 0 1 6199 6198 6070
11885 2 2 0 1 6200 6072 6071
11886 2 2 0 1 6200 6199 6071
11887 2 2 0 1 6201 6073 6072
11888 2 2 0 1 6201 6200 6072
11889 2 2 0 1 6202 6074 6073
11890 2 2 0 1 6202 6201 6073
11891 2 2 0 1 6203 6075 6074
11892 2 2 0 1 6203 6202 6074
11893 2 2 0 1 6204 6076 6075
11894 2 2 0 1 6204 6203 6075
11895 2 2 0 1 6205 6077 6076
11896 2 2 0 1 6205 6204 6076
11897 2 2 0 1 6206 6078 6077
11898 2 2 0 1 6206 6205 6077
11899 2 2 0 1 6207 6079 6078
11900 2 2 0 1 6207 6206 6078
11901 2 2 0 1 6208 6080 6079
11902 2 2 0 1 6208 6207 6079
11903 2 2 0 1 6209 6081 6080
11904 2 2 0 1 6209 6208 6080
11905 2 2 0 1 6082 6209 6081
11906 2 2 0 1 6210 6209 6082
11907 2 2 0 1 6083 6210 6082
11908 2 2 0 1 6211 6210 6083
11909 2 2 0 1 6084 6211 6083
11910 2 2 0 1 6212 6211 6084
11911 2 2 0 1 6085 6212 6084
11912 2 2 0 1 6213 6212 6085
11913 2 2 0 1 6086 6213 6085
11914 2 2 0 1 6214 6213 6086
11915 2 2 0 1 6087 6214 6086
11916 2 2 0 1 6215 6214 6087
11917 2 2 0 1 6088 6215 6087
11918 2 2 0 1 6216 6215 6088
11919 2 2 0 1 6089 6216 6088
11920 2 2 0 1 6217 6216 6089
11921 2 2 0 1 6090 6217 6089
11922 2 2 0 1 6218 6217 6090
11923 2 2 0 1 6091 6218 6090
11924 2 2 0 1 6219 6218 6091
11925 2 2 0 1 6092 6219 6091
11926 2 2 0 1 6220 6219 6092
11927 2 2 0 1 6093 6220 6092
11928 2 2 0 1 6221 6220 6093
11929 2 2 0 1 6094 6221 6093
11930 2 2 0 1 6222 6221 6094
11931 2 2 0 1 6095 6222 6094
11932 2 2 0 1 6223 6222 6095
11933 2 2 0 1 6096 6223 6095
11934 2 2 0 1 6224 6223 6096
11935 2 2 0 1 6097 6224 6096
11936 2 2 0 1 6225 6224 6097
11937 2 2 0 1 6098 6225 6097
11938 2 2 0 1 6226 6225 6098
11939 2 2 0 1 6099 6226 6098
11940 2 2 0 1 6227 6226 6099
11941 2 2 0 1 6100 6227 6099
11942 2 2 0 1 6228 6227 6100
11943 2 2 0 1 6101 6228 6100
11944 2 2 0 1 6229 6228 6101
11945 2 2 0 1 6102 6229 6101
11946 2 2 0 1 6230 6229 6102
11947 2 2 0 1 6103 6230 6102
11948 2 2 0 1 6231 6230 6103
11949 2 2 0 1 6104 6231 6103
11950 2 2 0 1 6232 6231 6104
11951 2 2 0 1 6105 6232 6104
11952 2 2 0 1 6233 6232 6105
11953 2 2 0 1 6106 6233 6105
11954 2 2 0 1 6234 6233 6106
11955 2 2 0 1 6107 6234 6106
11956 2 2 0 1 6235 6234 6107
11957 2 2 0 1 6236 6108 6107
11958 2 2 0 1 6236 6235 6107
11959 2 2 0 1 6237 6109 6108
11960 2 2 0 1 6237 6236 6108
11961 2 2 0 1 6238 6110 6109
11962 2 2 0 1 6238 6237 6109
11963 2 2 0 1 6239 6111 6110
11964 2 2 0 1 6239 6238 6110
11965 2 2 0 1 6240 6112 6111
11966 2 2 0 1 6240 6239 6111
11967 2 2 0 1 6241 6113 6112
11968 2 2 0 1 6241 6240 6112
11969 2 2 0 1 6242 6114 6113
11970 2 2 0 1 6242 6241 6113
11971 2 2 0 1 6243 6115 6114
11972 2 2 0 1 6243 6242 6114
11973 2 2 0 1 6244 6116 6115
11974 2 2 0 1 6244 6243 6115
11975 2 2 0 1 6245 6117 6116
11976 2 2 0 1 6245 6244 6116
11977 2 2 0 1 6246 6118 6117
11978 2 2 0 1 6246 6245 6117
11979 2 2 0 1 6247 6119 6118
11980 2 2 0 1 6247 6246 6118
11981 2 2 0 1 6248 6120 6119
11982 2 2 0 1 6248 6247 6119
11983 2 2 0 1 6249 6121 6120
11984 2 2 0 1 6249 6248 6120
11985 2 2 0 1 6250 6122 6121
11986 2 2 0 1 6250 6249 6121
11987 2 2 0 1 6251 6123 6122
11988 2 2 0 1 6251 6250 6122
11989 2 2 0 1 6252 6124 6123
11990 2 2 0 1 6252 6251 6123
11991 2 2 0 1 6253 6125 6124
11992 2 2 0 1 6253 6252 6124
11993 2 2 0 1 6254 6126 6125
11994 2 2 0 1 6254 6253 6125
11995 2 2 0 1 6255 6127 6126
11996 2 2 0 1 6255 6254 6126
11997 2 2 0 1 6256 6128 6127
11998 2 2 0 1 6256 6255 6127
11999 2 2 0 1 6257 6129 6128
12000 2 2 0 1 6257 6256 6128
12001 2 2 0 1 6258 6130 6129
12002 2 2 0 1 6258 6257 6129
12003 2 2 0 1 6259 6131 6130
12004 2 2 0 1 6259 6258 6130
12005 2 2 0 1 6260 6132 6131
12006 2 2 0 1 6260 6259 6131
12007 2 2 0 1 6261 6133 6132
12008 2 2 0 1 6261 6260 6132
12009 2 2 0 1 6262 6134 6133
12010 2 2 0 1 6262 6261 6133
12011 2 2 0 1 6263 6135 6134
12012 2 2 0 1 6263 6262 6134
12013 2 2 0 1 6264 6136 6135
12014 2 2 0 1 6264 6263 6135
12015 2 2 0 1 6265 6137 6136
12016 2 2 0 1 6265 6264 6136
12017 2 2 0 1 6266 6138 6137
12018 2 2 0 1 6266 6265 6137
12019 2 2 0 1 6267 6139 6138
12020 2 2 0 1 6267 6266 6138
12021 2 2 0 1 6268 6140 6139
12022 2 2 0 1 6268 6267 6139
12023 2 2 0 1 6269 6141 6140
12024 2 2 0 1 6269 6268 6140
12025 2 2 0 1 6270 6142 6141
12026 2 2 0 1 6270 6269 6141
12027 2 2 0 1 6271 6143 6142
12028 2 2 0 1 6271 6270 6142
12029 2 2 0 1 6272 6144 6143
12030 2 2 0 1 6272 6271 6143
12031 2 2 0 1 6145 6017 6144
12032 2 2 0 1 6145 6272 6144
12033 2 2 0 1 6146 6273 6145
12034 2 2 0 1 6274 6273 6146
12035 2 2 0 1 6147 6274 6146
12036 2 2 0 1 6275 6274 6147
12037 2 2 0 1 6148 6275 6147
12038 2 2 0 1 6276 6275 6148
12039 2 2 0 1 6149 6276 6148
12040 2 2 0 1 6277 6276 6149
12041 2 2 0 1 6150 6277 6149
12042 2 2 0 1 6278 6277 6150
12043 2 2 0 1 6151 6278 6150
12044 2 2 0 1 6279 6278 6151
12045 2 2 0 1 6152 6279 6151
12046 2 2 0 1 6280 6279 6152
12047 2 2 0 1 6153 6280 6152
12048 2 2 0 1 6281 6280 6153
12049 2 2 0 1 6154 6281 6153
12050 2 2 0 1 6282 6281 6154
12051 2 2 0 1 6155 6282 6154
12052 2 2 0 1 6283 6282 6155
12053 2 2 0 1 6156 6283 6155
12054 2 2 0 1 6284 6283 6156
12055 2 2 0 1 6157 6284 6156
12056 2 2 0 1 6285 6284 6157
12057 2 2 0 1 6158 6285 6157
12058 2 2 0 1 6286 6285 6158
12059 2 2 0 1 6159 6286 6158
12060 2 2 0 1 6287 6286 6159
12061 2 2 0 1 6160 6287 6159
12062 2 2 0 1 6288 6287 6160
12063 2 2 0 1 6161 6288 6160
12064 2 2 0 1 6289 6288 6161
12065 2 2 0 1 6162 6289 6161
12066 2 2 0 1 6290 6289 6162
12067 2 2 0 1 6163 6290 6162
12068 2 2 0 1 6291 6290 6163
12069 2 2 0 1 6164 6291 6163
12070 2 2 0 1 6292 6291 6164
12071 2 2 0 1 6165 6292 6164
12072 2 2 0 1 6293 6292 6165
12073 2 2 0 1 6166 6293 6165
12074 2 2 0 1 6294 6293 6166
12075 2 2 0 1 6167 6294 6166
12076 2 2 0 1 6295 6294 6167
12077 2 2 0 1 6168 6295 6167
12078 2 2 0 1 6296 6295 6168
12079 2 2 0 1 6169 6296 6168
12080 2 2 0 1 6297 6296 6169
12081 2 2 0 1 6170 6297 6169
12082 2 2 0 1 6298 6297 6170
12083 2 2 0 1 6171 6298 6170
12084 2 2 0 1 6299 6298 6171
12085 2 2 0 1 6172 6299 6171
12086 2 2 0 1 6300 6299 6172
12087 2 2 0 1 6173 6300 6172
12088 2 2 0 1 6301 6300 6173
12089 2 2 0 1 6174 6301 6173
12090 2 2 0 1 6302 6301 6174
12091 2 2 0 1 6175 6302 6174
12092 2 2 0 1 6303 6302 6175
12093 2 2 0 1 6176 6303 6175
12094 2 2 0 1 6304 6303 6176
12095 2 2 0 1 6177 6304 6176
12096 2 2 0 1 6305 6304 6177
12097 2 2 0 1 6178 6305 6177
12098 2 2 0 1 6306 6305 6178
12099 2 2 0 1 6179 6306 6178
12100 2 2 0 1 6307 6306 6179
12101 2 2 0 1 6180 6307 6179
12102 2 2 0 1 6308 6307 6180
12103 2 2 0 1 6181 6308 6180
12104 2 2 0 1 6309 6308 6181
12105 2 2 0 1 6182 6309 6181
12106 2 2 0 1 6310 6309 6182
12107 2 2 0 1 6183 6310 6182
12108 2 2 0 1 6311 6310 6183
12109 2 2 0 1 6312 6184 6183
12110 2 2 0 1 6312 6311 6183
12111 2 2 0 1 6313 6185 6184
12112 2 2 0 1 6313 6312 6184
12113 2 2 0 1 6314 6186 6185
12114 2 2 0 1 6314 6313 6185
12115 2 2 0 1 6315 6187 6186
12116 2 2 0 1 6315 6314 6186
12117 2 2 0 1 6316 6188 6187
12118 2 2 0 1 6316 6315 6187
12119 2 2 0 1 6317 6189 6188
12120 2 2 0 1 6317 6316 6188
12121 2 2 0 1 6318 6190 6189
12122 2 2 0 1 6318 6317 6189
12123 2 2 0 1 6319 6191 6190
12124 2 2 0 1 6319 6318 6190
12125 2 2 0 1 6320 6192 6191
12126 2 2 0 1 6320 6319 6191
12127 2 2 0 1 6321 6193 6192
12128 2 2 0 1 6321 6320 6192
12129 2 2 0 1 6322 6194 6193
12130 2 2 0 1 6322 6321 6193
12131 2 2 0 1 6323 6195 6194
12132 2 2 0 1 6323 6322 6194
12133 2 2 0 1 6324 6196 6195
12134 2 2 0 1 6324 6323 6195
12135 2 2 0 1 6325 6197 6196
12136 2 2 0 1 6325 6324 6196
12137 2 2 0 1 6326 6198 6197
12138 2 2 0 1 6326 6325 6197
12139 2 2 0 1 6327 6199 6198
12140 2 2 0 1 6327 6326 6198
12141 2 2 0 1 6328 6200 6199
12142 2 2 0 1 6328 6327 6199
12143 2 2 0 1 6329 6201 6200
12144 2 2 0 1 6329 6328 6200
12145 2 2 0 1 6330 6202 6201
12146 2 2 0 1 6330 6329 6201
12147 2 2 0 1 6331 6203 6202
12148 2 2 0 1 6331 6330 6202
12149 2 2 0 1 6332 6204 6203
12150 2 2 0 1 6332 6331 6203
12151 2 2 0 1 6333 6205 6204
12152 2 2 0 1 6333 6332 6204
12153 2 2 0 1 6334 6206 6205
12154 2 2 0 1 6334 6333 6205
12155 2 2 0 1 6335 6207 6206
12156 2 2 0 1 6335 6334 6206
12157 2 2 0 1 6336 6208 6207
12158 2 2 0 1 6336 6335 6207
12159 2 2 0 1 6337 6209 6208
12160 2 2 0 1 6337 6336 6208
12161 2 2 0 1 6210 6337 6209
12162 2 2 0 1 6338 6337 6210
12163 2 2 0 1 6211 6338 6210
12164 2 2 0 1 6339 6338 6211
12165 2 2 0 1 6212 6339 6211
12166 2 2 0 1 6340 6339 6212
12167 2 2 0 1 6213 6340 6212
12168 2 2 0 1 6341 6340 6213
12169 2 2 0 1 6214 6341 6213
12170 2 2 0 1 6342 6341 6214
12171 2 2 0 1 6215 6342 6214
12172 2 2 0 1 6343 6342 6215
12173 2 2 0 1 6216 6343 6215
12174 2 2 0 1 6344 6343 6216
12175 2 2 0 1 6217 6344 6216
12176 2 2 0 1 6345 6344 6217
12177 2 2 0 1 6218 6345 6217
12178 2 2 0 1 6346 6345 6218
12179 2 2 0 1 6219 6346 6218
12180 2 2 0 1 6347 6346 6219
12181 2 2 0 1 6220 6347 6219
12182 2 2 0 1 6348 6347 6220
12183 2 2 0 1 6221 6348 6220
12184 2 2 0 1 6349 6348 6221
12185 2 2 0 1 6222 6349 6221
12186 2 2 0 1 6350 6349 6222
12187 2 2 0 1 6223 6350 6222
12188 2 2 0 1 6351 6350 6223
12189 2 2 0 1 6224 6351 6223
12190 2 2 0 1 6352 6351 6224
12191 2 2 0 1 6225 6352 6224
12192 2 2 0 1 6353 6352 6225
12193 2 2 0 1 6226 6353 6225
12194 2 2 0 1 6354 6353 6226
12195 2 2 0 1 6227 6354 6226
12196 2 2 0 1 6355 6354 6227
12197 2 2 0 1 6228 6355 6227
12198 2 2 0 1 6356 6355 6228
12199 2 2 0 1 6229 6356 6228
12200 2 2 0 1 6357 6356 6229
12201 2 2 0 1 6230 6357 6229
12202 2 2 0 1 6358 6357 6230
12203 2 2 0 1 6231 6358 6230
12204 2 2 0 1 6359 6358 6231
12205 2 2 0 1 6232 6359 6231
12206 2 2 0 1 6360 6359 6232
12207 2 2 0 1 6233 6360 6232
12208 2 2 0 1 6361 6360 6233
12209 2 2 0 1 6234 6361 6233
12210 2 2 0 1 6362 6361 6234
12211 2 2 0 1 6235 6362 6234
12212 2 2 0 1 6363 6362 6235
12213 2 2 0 1 6364 6236 6235
12214 2 2 0 1 6364 6363 6235
12215 2 2 0 1 6365 6237 6236
12216 2 2 0 1 6365 6364 6236
12217 2 2 0 1 6366 6238 6237
12218 2 2 0 1 6366 6365 6237
12219 2 2 0 1 6367 6239 6238
12220 2 2 0 1 6367 6366 6238
12221 2 2 0 1 6368 6240 6239
12222 2 2 0 1 6368 6367 6239
12223 2 2 0 1 6369 6241 6240
12224 2 2 0 1 6369 6368 6240
12225 2 2 0 1 6370 6242 6241
12226 2 2 0 1 6370 6369 6241
12227 2 2 0 1 6371 6243 6242
12228 2 2 0 1 6371 6370 6242
12229 2 2 0 1 6372 6244 6243
12230 2 2 0 1 6372 6371 6243
12231 2 2 0 1 6373 6245 6244
12232 2 2 0 1 6373 6372 6244
12233 2 2 0 1 6374 6246 6245
12234 2 2 0 1 6374 6373 6245
12235 2 2 0 1 6375 6247 6246
12236 2 2 0 1 6375 6374 6246
12237 2 2 0 1 6376 6248 6247
12238 2 2 0 1 6376 6375 6247
12239 2 2 0 1 6377 6249 6248
12240 2 2 0 1 6377 6376 6248
12241 2 2 0 1 6378 6250 6249
12242 2 2 0 1 6378 6377 6249
12243 2 2 0 1 6379 6251 6250
12244 2 2 0 1 6379 6378 6250
12245 2 2 0 1 6380 6252 6251
12246 2 2 0 1 6380 6379 6251
12247 2 2 0 1 6381 6253 6252
12248 2 2 0 1 6381 6380 6252
12249 2 2 0 1 6382 6254 6253
12250 2 2 0 1 6382 6381 6253
12251 2 2 0 1 6383 6255 6254
12252 2 2 0 1 6383 6382 6254
12253 2 2 0 1 6384 6256 6255
12254 2 2 0 1 6384 6383 6255
12255 2 2 0 1 6385 6257 6256
12256 2 2 0 1 6385 6384 6256
12257 2 2 0 1 6386 6258 6257
12258 2 2 0 1 6386 6385 6257
12259 2 2 0 1 6387 6259 6258
12260 2 2 0 1 6387 6386 6258
12261 2 2 0 1 6388 6260 6259
12262 2 2 0 1 6388 6387 6259
12263 2 2 0 1 6389 6261 6260
12264 2 2 0 1 6389 6388 6260
12265 2 2 0 1 6390 6262 6261
12266 2 2 0 1 6390 6389 6261
12267 2 2 0 1 6391 6263 6262
12268 2 2 0 1 6391 6390 6262
12269 2 2 0 1 6392 6264 6263
12270 2 2 0 1 6392 6391 6263
12271 2 2 0 1 6393 6265 6264
12272 2 2 0 1 6393 6392 6264
12273 2 2 0 1 6394 6266 6265
12274 2 2 0 1 6394 6393 6265
12275 2 2 0 1 6395 6267 6266
12276 2 2 0 1 6395 6394 6266
12277 2 2 0 1 6396 6268 6267
12278 2 2 0 1 6396 6395 6267
12279 2 2 0 1 6397 6269 6268
12280 2 2 0 1 6397 6396 6268
12281 2 2 0 1 6398 6270 6269
12282 2 2 0 1 6398 6397 6269
12283 2 2 0 1 6399 6271 6270
12284 2 2 0 1 6399 6398 6270
12285 2 2 0 1 6400 6272 6271
12286 2 2 0 1 6400 6399 6271
12287 2 2 0 1 6273 6145 6272
12288 2 2 0 1 6273 6400 6272
12289 2 2 0 1 6274 6401 6273
12290 2 2 0 1 6402 6401 6274
12291 2 2 0 1 6275 6402 6274
12292 2 2 0 1 6403 6402 6275
12293 2 2 0 1 6276 6403 6275
12294 2 2 0 1 6404 6403 6276
12295 2 2 0 1 6277 6404 6276
12296 2 2 0 1 6405 6404 6277
12297 2 2 0 1 6278 6405 6277
12298 2 2 0 1 6406 6405 6278
12299 2 2 0 1 6279 6406 6278
12300 2 2 0 1 6407 6406 6279
12301 2 2 0 1 6280 6407 6279
12302 2 2 0 1 6408 6407 6280
12303 2 2 0 1 6281 6408 6280
12304 2 2 0 1 6409 6408 6281
12305 2 2 0 1 6282 6409 6281
12306 2 2 0 1 6410 6409 6282
12307 2 2 0 1 6283 6410 6282
12308 2 2 0 1 6411 6410 6283
12309 2 2 0 1 6284 6411 6283
12310 2 2 0 1 6412 6411 6284
12311 2 2 0 1 6285 6412 6284
12312 2 2 0 1 6413 6412 6285
12313 2 2 0 1 6286 6413 6285
12314 2 2 0 1 6414 6413 6286
12315 2 2 0 1 6287 6414 6286
12316 2 2 0 1 6415 6414 6287
12317 2 2 0 1 6288 6415 6287
12318 2 2 0 1 6416 6415 6288
12319 2 2 0 1 6289 6416 6288
12320 2 2 0 1 6417 6416 6289
12321 2 2 0 1 6290 6417 6289
12322 2 2 0 1 6418 6417 6290
12323 2 2 0 1 6291 6418 6290
12324 2 2 0 1 6419 6418 6291
12325 2 2 0 1 6292 6419 6291
12326 2 2 0 1 6420 6419 6292
12327 2 2 0 1 6293 6420 6292
12328 2 2 0 1 6421 6420 6293
12329 2 2 0 1 6294 6421 6293
12330 2 2 0 1 6422 6421 6294
12331 2 2 0 1 6295 6422 6294
12332 2 2 0 1 6423 6422 6295
12333 2 2 0 1 6296 6423 6295
12334 2 2 0 1 6424 6423 6296
12335 2 2 0 1 6297 6424 6296
12336 2 2 0 1 6425 6424 6297
12337 2 2 0 1 6298 6425 6297
12338 2 2 0 1 6426 6425 6298
12339 2 2 0 1 6299 6426 6298
12340 2 2 0 1 6427 6426 6299
12341 2 2 0 1 6300 6427 6299
12342 2 2 0 1 6428 6427 6300
12343 2 2 0 1 6301 6428 6300
12344 2 2 0 1 6429 6428 6301
12345 2 2 0 1 6302 6429 6301
12346 2 2 0 1 6430 6429 6302
12347 2 2 0 1 6303 6430 6302
12348 2 2 0 1 6431 6430 6303
12349 2 2 0 1 6304 6431 6303
12350 2 2 0 1 6432 6431 6304
12351 2 2 0 1 6305 6432 6304
12352 2 2 0 1 6433 6432 6305
12353 2 2 0 1 6306 6433 6305
12354 2 2 0 1 6434 6433 6306
12355 2 2 0 1 6307 6434 6306
12356 2 2 0 1 6435 6434 6307
12357 2 2 0 1 6308 6435 6307
12358 2 2 0 1 6436 6435 6308
12359 2 2 0 1 6309 6436 6308
12360 2 2 0 1 6437 6436 6309
12361 2 2 0 1 6310 6437 6309
12362 2 2 0 1 6438 6437 6310
12363 2 2 0 1 6311 6438 6310
12364 2 2 0 1 6439 6438 6311
12365 2 2 0 1 6312 6439 6311
12366 2 2 0 1 6440 6439 6312
12367 2 2 0 1 6313 6440 6312
12368 2 2 0 1 6441 6440 6313
12369 2 2 0 1 6314 6441 6313
12370 2 2 0 1 6442 6441 6314
12371 2 2 0 1 6443 6315 6314
12372 2 2 0 1 6443 6442 6314
12373 2 2 0 1 6444 6316 6315
12374 2 2 0 1 6444 6443 6315
12375 2 2 0 1 6445 6317 6316
12376 2 2 0 1 6445 6444 6316
12377 2 2 0 1 6446 6318 6317
12378 2 2 0 1 6446 6445 6317
12379 2 2 0 1 6447 6319 6318
12380 2 2 0 1 6447 6446 6318
12381 2 2 0 1 6448 6320 6319
12382 2 2 0 1 6448 6447 6319
12383 2 2 0 1 6449 6321 6320
12384 2 2 0 1 6449 6448 6320
12385 2 2 0 1 6450 6322 6321
12386 2 2 0 1 6450 6449 6321
12387 2 2 0 1 6451 6323 6322
12388 2 2 0 1 6451 6450 6322
12389 2 2 0 1 6452 6324 6323
12390 2 2 0 1 6452 6451 6323
12391 2 2 0 1 6453 6325 6324
12392 2 2 0 1 6453 6452 6324
12393 2 2 0 1 6454 6326 6325
12394 2 2 0 1 6454 6453 6325
12395 2 2 0 1 6455 6327 6326
12396 2 2 0 1 6455 6454 6326
12397 2 2 0 1 6456 6328 6327
12398 2 2 0 1 6456 6455 6327
12399 2 2 0 1 6457 6329 6328
12400 2 2 0 1 6457 6456 6328
12401 2 2 0 1 6458 6330 6329
12402 2 2 0 1 6458 6457 6329
12403 2 2 0 1 6459 6331 6330
12404 2 2 0 1 6459 6458 6330
12405 2 2 0 1 6460 6332 6331
12406 2 2 0 1 6460 6459 6331
12407 2 2 0 1 6461 6333 6332
12408 2 2 0 1 6461 6460 6332
12409 2 2 0 1 6462 6334 6333
12410 2 2 0 1 6462 6461 6333
12411 2 2 0 1 6463 6335 6334
12412 2 2 0 1 6463 6462 6334
12413 2 2 0 1 6464 6336 6335
12414 2 2 0 1 6464 6463 6335
12415 2 2 0 1 6465 6337 6336
12416 2 2 0 1 6465 6464 6336
12417 2 2 0 1 6338 6465 6337
12418 2 2 0 1 6466 6465 6338
12419 2 2 0 1 6339 6466 6338
12420 2 2 0 1 6467 6466 6339
12421 2 2 0 1 6340 6467 6339
12422 2 2 0 1 6468 6467 6340
12423 2 2 0 1 6341 6468 6340
12424 2 2 0 1 6469 6468 6341
12425 2 2 0 1 6342 6469 6341
12426 2 2 0 1 6470 6469 6342
12427 2 2 0 1 6343 6470 6342
12428 2 2 0 1 6471 6470 6343
12429 2 2 0 1 6344 6471 6343
12430 2 2 0 1 6472 6471 6344
12431 2 2 0 1 6345 6472 6344
12432 2 2 0 1 6473 6472 6345
12433 2 2 0 1 6346 6473 6345
12434 2 2 0 1 6474 6473 6346
12435 2 2 0 1 6347 6474 6346
12436 2 2 0 1 6475 6474 6347
12437 2 2 0 1 6348 6475 6347
12438 2 2 0 1 6476 6475 6348
12439 2 2 0 1 6349 6476 6348
12440 2 2 0 1 6477 6476 6349
12441 2 2 0 1 6350 6477 6349
12442 2 2 0 1 6478 6477 6350
12443 2 2 0 1 6351 6478 6350
12444 2 2 0 1 6479 6478 6351
12445 2 2 0 1 6352 6479 6351
12446 2 2 0 1 6480 6479 6352
12447 2 2 0 1 6353 6480 6352
12448 2 2 0 1 6481 6480 6353
12449 2 2 0 1 6354 6481 6353
12450 2 2 0 1 6482 6481 6354
12451 2 2 0 1 6355 6482 6354
12452 2 2 0 1 6483 6482 6355
12453 2 2 0 1 6356 6483 6355
12454 2 2 0 1 6484 6483 6356
12455 2 2 0 1 6357 6484 6356
12456 2 2 0 1 6485 6484 6357
12457 2 2 0 1 6358 6485 6357
12458 2 2 0 1 6486 6485 6358
12459 2 2 0 1 6359 6486 6358
12460 2 2 0 1 6487 6486 6359
12461 2 2 0 1 6360 6487 6359
12462 2 2 0 1 6488 6487 6360
12463 2 2 0 1 6489 6361 6360
12464 2 2 0 1 6489 6488 6360
12465 2 2 0 1 6490 6362 6361
12466 2 2 0 1 6490 6489 6361
12467 2 2 0 1 6491 6363 6362
12468 2 2 0 1 6491 6490 6362
12469 2 2 0 1 6492 6364 6363
12470 2 2 0 1 6492 6491 6363
12471 2 2 0 1 6493 6365 6364
12472 2 2 0 1 6493 6492 6364
12473 2 2 0 1 6494 6366 6365
12474 2 2 0 1 6494 6493 6365
12475 2 2 0 1 6495 6367 6366
12476 2 2 0 1 6495 6494 6366
12477 2 2 0 1 6496 6368 6367
12478 2 2 0 1 6496 6495 6367
12479 2 2 0 1 6497 6369 6368
12480 2 2 0 1 6497 6496 6368
12481 2 2 0 1 6498 6370 6369
12482 2 2 0 1 6498 6497 6369
12483 2 2 0 1 6499 6371 6370
12484 2 2 0 1 6499 6498 6370
12485 2 2 0 1 6500 6372 6371
12486 2 2 0 1 6500 6499 6371
12487 2 2 0 1 6501 6373 6372
12488 2 2 0 1 6501 6500 6372
12489 2 2 0 1 6502 6374 6373
12490 2 2 0 1 6502 6501 6373
12491 2 2 0 1 6503 6375 6374
12492 2 2 0 1 6503 6502 6374
12493 2 2 0 1 6504 6376 6375
12494 2 2 0 1 6504 6503 6375
12495 2 2 0 1 6505 6377 6376
12496 2 2 0 1 6505 6504 6376
12497 2 2 0 1 6506 6378 6377
12498 2 2 0 1 6506 6505 6377
12499 2 2 0 1 6507 6379 6378
12500 2 2 0 1 6507 6506 6378
12501 2 2 0 1 6508 6380 6379
12502 2 2 0 1 6508 6507 6379
12503 2 2 0 1 6509 6381 6380
12504 2 2 0 1 6509 6508 6380
12505 2 2 0 1 6510 6382 6381
12506 2 2 0 1 6510 6509 6381
12507 2 2 0 1 6511 6383 6382
12508 2 2 0 1 6511 6510 6382
12509 2 2 0 1 6512 6384 6383
12510 2 2 0 1 6512 6511 6383
12511 2 2 0 1 6513 6385 6384
12512 2 2 0 1 6513 6512 6384
12513 2 2 0 1 6514 6386 6385
12514 2 2 0 1 6514 6513 6385
12515 2 2 0 1 6515 6387 6386
12516 2 2 0 1 6515 6514 6386
12517 2 2 0 1 6516 6388 6387
12518 2 2 0 1 6516 6515 6387
12519 2 2 0 1 6517 6389 6388
12520 2 2 0 1 6517 6516 6388
12521 2 2 0 1 6518 6390 6389
12522 2 2 0 1 6518 6517 6389
12523 2 2 0 1 6519 6391 6390
12524 2 2 0 1 6519 6518 6390
12525 2 2 0 1 6520 6392 6391
12526 2 2 0 1 6520 6519 6391
12527 2 2 0 1 6521 6393 6392
12528 2 2 0 1 6521 6520 6392
12529 2 2 0 1 6522 6394 6393
12530 2 2 0 1 6522 6521 6393
12531 2 2 0 1 6523 6395 6394
12532 2 2 0 1 6523 6522 6394
12533 2 2 0 1 6524 6396 6395
12534 2 2 0 1 6524 6523 6395
12535 2 2 0 1 6525 6397 6396
12536 2 2 0 1 6525 6524 6396
12537 2 2 0 1 6526 6398 6397
12538 2 2 0 1 6526 6525 6397
12539 2 2 0 1 6527 6399 6398
12540 2 2 0 1 6527 6526 6398
12541 2 2 0 1 6528 6400 6399
12542 2 2 0 1 6528 6527 6399
12543 2 2 0 1 6401 6273 6400
12544 2 2 0 1 6401 6528 6400
12545 2 2 0 1 6402 6529 6401
12546 2 2 0 1 6530 6529 6402
12547 2 2 0 1 6403 6530 6402
12548 2 2 0 1 6531 6530 6403
12549 2 2 0 1 6404 6531 6403
12550 2 2 0 1 6532 6531 6404
12551 2 2 0 1 6405 6532 6404
12552 2 2 0 1 6533 6532 6405
12553 2 2 0 1 6406 6533 6405
12554 2 2 0 1 6534 6533 6406
12555 2 2 0 1 6407 6534 6406
12556 2 2 0 1 6535 6534 6407
12557 2 2 0 1 6408 6535 6407
12558 2 2 0 1 6536 6535 6408
12559 2 2 0 1 6409 6536 6408
12560 2 2 0 1 6537 6536 6409
12561 2 2 0 1 6410 6537 6409
12562 2 2 0 1 6538 6537 6410
12563 2 2 0 1 6411 6538 6410
12564 2 2 0 1 6539 6538 6411
12565 2 2 0 1 6412 6539 6411
12566 2 2 0 1 6540 6539 6412
12567 2 2 0 1 6413 6540 6412
12568 2 2 0 1 6541 6540 6413
12569 2 2 0 1 6414 6541 6413
12570 2 2 0 1 6542 6541 6414
12571 2 2 0 1 6415 6542 6414
12572 2 2 0 1 6543 6542 6415
12573 2 2 0 1 6416 6543 6415
12574 2 2 0 1 6544 6543 6416
12575 2 2 0 1 6417 6544 6416
12576 2 2 0 1 6545 6544 6417
12577 2 2 0 1 6418 6545 6417
12578 2 2 0 1 6546 6545 6418
12579 2 2 0 1 6419 6546 6418
12580 2 2 0 1 6547 6546 6419
12581 2 2 0 1 6420 6547 6419
12582 2 2 0 1 6548 6547 6420
12583 2 2 0 1 6421 6548 6420
12584 2 2 0 1 6549 6548 6421
12585 2 2 0 1 6422 6549 6421
12586 2 2 0 1 6550 6549 6422
12587 2 2 0 1 6423 6550 6422
12588 2 2 0 1 6551 6550 6423
12589 2 2 0 1 6424 6551 6423
12590 2 2 0 1 6552 6551 6424
12591 2 2 0 1 6425 6552 6424
12592 2 2 0 1 6553 6552 6425
12593 2 2 0 1 6426 6553 6425
12594 2 2 0 1 6554 6553 6426
12595 2 2 0 1 6427 6554 6426
12596 2 2 0 1 6555 6554 6427
12597 2 2 0 1 6428 6555 6427
12598 2 2 0 1 6556 6555 6428
12599 2 2 0 1 6429 6556 6428
12600 2 2 0 1 6557 6556 6429
12601 2 2 0 1 6430 6557 6429
12602 2 2 0 1 6558 6557 6430
12603 2 2 0 1 6431 6558 6430
12604 2 2 0 1 6559 6558 6431
12605 2 2 0 1 6432 6559 6431
12606 2 2 0 1 6560 6559 6432
12607 2 2 0 1 6433 6560 6432
12608 2 2 0 1 6561 6560 6433
12609 2 2 0 1 6434 6561 6433
12610 2 2 0 1 6562 6561 6434
12611 2 2 0 1 6435 6562 6434
12612 2 2 0 1 6563 6562 6435
12613 2 2 0 1 6436 6563 6435
12614 2 2 0 1 6564 6563 6436
12615 2 2 0 1 6437 6564 6436
12616 2 2 0 1 6565 6564 6437
12617 2 2 0 1 6438 6565 6437
12618 2 2 0 1 6566 6565 6438
12619 2 2 0 1 6439 6566 6438
12620 2 2 0 1 6567 6566 6439
12621 2 2 0 1 6440 6567 6439
12622 2 2 0 1 6568 6567 6440
12623 2 2 0 1 6441 6568 6440
12624 2 2 0 1 6569 6568 6441
12625 2 2 0 1 6570 6442 6441
12626 2 2 0 1 6570 6569 6441
12627 2 2 0 1 6571 6443 6442
12628 2 2 0 1 6571 6570 6442
12629 2 2 0 1 6572 6444 6443
12630 2 2 0 1 6572 6571 6443
12631 2 2 0 1 6573 6445 6444
12632 2 2 0 1 6573 6572 6444
12633 2 2 0 1 6574 6446 6445
12634 2 2 0 1 6574 6573 6445
12635 2 2 0 1 6575 6447 6446
12636 2 2 0 1 6575 6574 6446
12637 2 2 0 1 6576 6448 6447
12638 2 2 0 1 6576 6575 6447
12639 2 2 0 1 6577 6449 6448
12640 2 2 0 1 6577 6576 6448
12641 2 2 0 1 6578 6450 6449
12642 2 2 0 1 6578 6577 6449
12643 2 2 0 1 6579 6451 6450
12644 2 2 0 1 6579 6578 6450
12645 2 2 0 1 6580 6452 6451
12646 2 2 0 1 6580 6579 6451
12647 2 2 0 1 6581 6453 6452
12648 2 2 0 1 6581 6580 6452
12649 2 2 0 1 6582 6454 6453
12650 2 2 0 1 6582 6581 6453
12651 2 2 0 1 6583 6455 6454
12652 2 2 0 1 6583 6582 6454
12653 2 2 0 1 6584 6456 6455
12654 2 2 0 1 6584 6583 6455
12655 2 2 0 1 6585 6457 6456
12656 2 2 0 1 6585 6584 6456
12657 2 2 0 1 6586 6458 6457
12658 2 2 0 1 6586 6585 6457
12659 2 2 0 1 6587 6459 6458
12660 2 2 0 1 6587 6586 6458
12661 2 2 0 1 6588 6460 6459
12662 2 2 0 1 6588 6587 6459
12663 2 2 0 1 6589 6461 6460
12664 2 2 0 1 6589 6588 6460
12665 2 2 0 1 6590 6462 6461
12666 2 2 0 1 6590 6589 6461
12667 2 2 0 1 6591 6463 6462
12668 2 2 0 1 6591 6590 6462
12669 2 2 0 1 6592 6464 6463
12670 2 2 0 1 6592 6591 6463
12671 2 2 0 1 6593 6465 6464
12672 2 2 0 1 6593 6592 6464
12673 2 2 0 1 6466 6593 6465
12674 2 2 0 1 6594 6593 6466
12675 2 2 0 1 6467 6594 6466
12676 2 2 0 1 6595 6594 6467
12677 2 2 0 1 6468 6595 6467
12678 2 2 0 1 6596 6595 6468
12679 2 2 0 1 6469 6596 6468
12680 2 2 0 1 6597 6596 6469
12681 2 2 0 1 6470 6597 6469
12682 2 2 0 1 6598 6597 6470
12683 2 2 0 1 6471 6598 6470
12684 2 2 0 1 6599 6598 6471
12685 2 2 0 1 6472 6599 6471
12686 2 2 0 1 6600 6599 6472
12687 2 2 0 1 6473 6600 6472
12688 2 2 0 1 6601 6600 6473
12689 2 2 0 1 6474 6601 6473
12690 2 2 0 1 6602 6601 6474
12691 2 2 0 1 6475 6602 6474
12692 2 2 0 1 6603 6602 6475
12693 2 2 0 1 6476 6603 6475
12694 2 2 0 1 6604 6603 6476
12695 2 2 0 1 6477 6604 6476
12696 2 2 0 1 6605 6604 6477
12697 2 2 0 1 6478 6605 6477
12698 2 2 0 1 6606 6605 6478
12699 2 2 0 1 6479 6606 6478
12700 2 2 0 1 6607 6606 6479
12701 2 2 0 1 6480 6607 6479
12702 2 2 0 1 6608 6607 6480
12703 2 2 0 1 6481 6608 6480
12704 2 2 0 1 6609 6608 6481
12705 2 2 0 1 6482 6609 6481
12706 2 2 0 1 6610 6609 6482
12707 2 2 0 1 6483 6610 6482
12708 2 2 0 1 6611 6610 6483
12709 2 2 0 1 6484 6611 6483
12710 2 2 0 1 6612 6611 6484
12711 2 2 0 1 6485 6612 6484
12712 2 2 0 1 6613 6612 6485
12713 2 2 0 1 6486 6613 6485
12714 2 2 0 1 6614 6613 6486
12715 2 2 0 1 6487 6614 6486
12716 2 2 0 1 6615 6614 6487
12717 2 2 0 1 6488 6615 6487
12718 2 2 0 1 6616 6615 6488
12719 2 2 0 1 6489 6616 6488
12720 2 2 0 1 6617 6616 6489
12721 2 2 0 1 6618 6490 6489
12722 2 2 0 1 6618 6617 6489
12723 2 2 0 1 6619 6491 6490
12724 2 2 0 1 6619 6618 6490
12725 2 2 0 1 6620 6492 6491
12726 2 2 0 1 6620 6619 6491
12727 2 2 0 1 6621 6493 6492
12728 2 2 0 1 6621 6620 6492
12729 2 2 0 1 6622 6494 6493
12730 2 2 0 1 6622 6621 6493
12731 2 2 0 1 6623 6495 6494
12732 2 2 0 1 6623 6622 6494
12733 2 2 0 1 6624 6496 6495
12734 2 2 0 1 6624 6623 6495
12735 2 2 0 1 6625 6497 6496
12736 2 2 0 1 6625 6624 6496
12737 2 2 0 1 6626 6498 6497
12738 2 2 0 1 6626 6625 6497
12739 2 2 0 1 6627 6499 6498
12740 2 2 0 1 6627 6626 6498
12741 2 2 0 1 6628 6500 6499
12742 2 2 0 1 6628 6627 6499
12743 2 2 0 1 6629 6501 6500
12744 2 2 0 1 6629 6628 6500
12745 2 2 0 1 6630 6502 6501
12746 2 2 0 1 6630 6629 6501
12747 2 2 0 1 6631 6503 6502
12748 2 2 0 1 6631 6630 6502
12749 2 2 0 1 6632 6504 6503
12750 2 2 0 1 6632 6631 6503
12751 2 2 0 1 6633 6505 6504
12752 2 2 0 1 6633 6632 6504
12753 2 2 0 1 6634 6506 6505
12754 2 2 0 1 6634 6633 6505
12755 2 2 0 1 6635 6507 6506
12756 2 2 0 1 6635 6634 6506
12757 2 2 0 1 6636 6508 6507
12758 2 2 0 1 6636 6635 6507
12759 2 2 0 1 6637 6509 6508
12760 2 2 0 1 6637 6636 6508
12761 2 2 0 1 6638 6510 6509
12762 2 2 0 1 6638 6637 6509
12763 2 2 0 1 6639 6511 6510
12764 2 2 0 1 6639 6638 6510
12765 2 2 0 1 6640 6512 6511
12766 2 2 0 1 6640 6639 6511
12767 2 2 0 1 6641 6513 6512
12768 2 2 0 1 6641 6640 6512
12769 2 2 0 1 6642 6514 6513
12770 2 2 0 1 6642 6641 6513
12771 2 2 0 1 6643 6515 6514
12772 2 2 0 1 6643 6642 6514
12773 2 2 0 1 6644 6516 6515
12774 2 2 0 1 6644 6643 6515
12775 2 2 0 1 6645 6517 6516
12776 2 2 0 1 6645 6644 6516
12777 2 2 0 1 6646 6518 6517
12778 2 2 0 1 6646 6645 6517
12779 2 2 0 1 6647 6519 6518
12780 2 2 0 1 6647 6646 6518
12781 2 2 0 1 6648 6520 6519
12782 2 2 0 1 6648 6647 6519
12783 2 2 0 1 6649 6521 6520
12784 2 2 0 1 6649 6648 6520
12785 2 2 0 1 6650 6522 6521
12786 2 2 0 1 6650 6649 6521
12787 2 2 0 1 6651 6523 6522
12788 2 2 0 1 6651 6650 6522
12789 2 2 0 1 6652 6524 6523
12790 2 2 0 1 6652 6651 6523
12791 2 2 0 1 6653 6525 6524
12792 2 2 0 1 6653 6652 6524
12793 2 2 0 1 6654 6526 6525
12794 2 2 0 1 6654 6653 6525
12795 2 2 0 1 6655 6527 6526
12796 2 2 0 1 6655 6654 6526
12797 2 2 0 1 6656 6528 6527
12798 2 2 0 1 6656 6655 6527
12799 2 2 0 1 6529 6401 6528
12800 2 2 0 1 6529 6656 6528
12801 2 2 0 1 6530 6657 6529
12802 2 2 0 1 6658 6657 6530
12803 2 2 0 1 6531 6658 6530
12804 2 2 0 1 6659 6658 6531
12805 2 2 0 1 6532 6659 6531
12806 2 2 0 1 6660 6659 6532
12807 2 2 0 1 6533 6660 6532
12808 2 2 0 1 6661 6660 6533
12809 2 2 0 1 6534 6661 6533
12810 2 2 0 1 6662 6661 6534
12811 2 2 0 1 6535 6662 6534
12812 2 2 0 1 6663 6662 6535
12813 2 2 0 1 6536 6663 6535
12814 2 2 0 1 6664 6663 6536
12815 2 2 0 1 6537 6664 6536
12816 2 2 0 1 6665 6664 6537
12817 2 2 0 1 6538 6665 6537
12818 2 2 0 1 6666 6665 6538
12819 2 2 0 1 6539 6666 6538
12820 2 2 0 1 6667 6666 6539
12821 2 2 0 1 6540 6667 6539
12822 2 2 0 1 6668 6667 6540
12823 2 2 0 1 6541 6668 6540
12824 2 2 0 1 6669 6668 6541
12825 2 2 0 1 6542 6669 6541
12826 2 2 0 1 6670 6669 6542
12827 2 2 0 1 6543 6670 6542
12828 2 2 0 1 6671 6670 6543
12829 2 2 0 1 6544 6671 6543
12830 2 2 0 1 6672 6671 6544
12831 2 2 0 1 6545 6672 6544
12832 2 2 0 1 6673 6672 6545
12833 2 2 0 1 6546 6673 6545
12834 2 2 0 1 6674 6673 6546
12835 2 2 0 1 6547 6674 6546
12836 2 2 0 1 6675 6674 6547
12837 2 2 0 1 6548 6675 6547
12838 2 2 0 1 6676 6675 6548
12839 2 2 0 1 6549 6676 6548
12840 2 2 0 1 6677 6676 6549
12841 2 2 0 1 6550 6677 6549
12842 2 2 0 1 6678 6677 6550
12843 2 2 0 1 6551 6678 6550
12844 2 2 0 1 6679 6678 6551
12845 2 2 0 1 6552 6679 6551
12846 2 2 0 1 6680 6679 6552
12847 2 2 0 1 6553 6680 6552
12848 2 2 0 1 6681 6680 6553
12849 2 2 0 1 6554 6681 6553
12850 2 2 0 1 6682 6681 6554
12851 2 2 0 1 6555 6682 6554
12852 2 2 0 1 6683 6682 6555
12853 2 2 0 1 6556 6683 6555
12854 2 2 0 1 6684 6683 6556
12855 2 2 0 1 6557 6684 6556
12856 2 2 0 1 6685 6684 6557
12857 2 2 0 1 6558 6685 6557
12858 2 2 0 1 6686 6685 6558
12859 2 2 0 1 6559 6686 6558
12860 2 2 0 1 6687 6686 6559
12861 2 2 0 1 6560 6687 6559
12862 2 2 0 1 6688 6687 6560
12863 2 2 0 1 6561 6688 6560
12864 2 2 0 1 6689 6688 6561
12865 2 2 0 1 6562 6689 6561
12866 2 2 0 1 6690 6689 6562
12867 2 2 0 1 6563 6690 6562
12868 2 2 0 1 6691 6690 6563
12869 2 2 0 1 6564 6691 6563
12870 2 2 0 1 6692 6691 6564
12871 2 2 0 1 6565 6692 6564
12872 2 2 0 1 6693 6692 6565
12873 2 2 0 1 6566 6693 6565
12874 2 2 0 1 6694 6693 6566
12875 2 2 0 1 6567 6694 6566
12876 2 2 0 1 6695 6694 6567
12877 2 2 0 1 6568 6695 6567
12878 2 2 0 1 6696 6695 6568
12879 2 2 0 1 6569 6696 6568
12880 2 2 0 1 6697 6696 6569
12881 2 2 0 1 6698 6570 6569
12882 2 2 0 1 6698 6697 6569
12883 2 2 0 1 6699 6571 6570
12884 2 2 0 1 6699 6698 6570
12885 2 2 0 1 6700 6572 6571
12886 2 2 0 1 6700 6699 6571
12887 2 2 0 1 6701 6573 6572
12888 2 2 0 1 6701 6700 6572
12889 2 2 0 1 6702 6574 6573
12890 2 2 0 1 6702 6701 6573
12891 2 2 0 1 6703 6575 6574
12892 2 2 0 1 6703 6702 6574
12893 2 2 0 1 6704 6576 6575
12894 2 2 0 1 6704 6703 6575
12895 2 2 0 1 6705 6577 6576
12896 2 2 0 1 6705 6704 6576
12897 2 2 0 1 6706 6578 6577
12898 2 2 0 1 6706 6705 6577
12899 2 2 0 1 6707 6579 6578
12900 2 2 0 1 6707 6706 6578
12901 2 2 0 1 6708 6580 6579
12902 2 2 0 1 6708 6707 6579
12903 2 2 0 1 6709 6581 6580
12904 2 2 0 1 6709 6708 6580
12905 2 2 0 1 6710 6582 6581
12906 2 2 0 1 6710 6709 6581
12907 2 2 0 1 6711 6583 6582
12908 2 2 0 1 6711 6710 6582
12909 2 2 0 1 6712 6584 6583
12910 2 2 0 1 6712 6711 6583
12911 2 2 0 1 6713 6585 6584
12912 2 2 0 1 6713 6712 6584
12913 2 2 0 1 6714 6586 6585
12914 2 2 0 1 6714 6713 6585
12915 2 2 0 1 6715 6587 6586
12916 2 2 0 1 6715 6714 6586
12917 2 2 0 1 6716 6588 6587
12918 2 2 0 1 6716 6715 6587
12919 2 2 0 1 6717 6589 6588
12920 2 2 0 1 6717 6716 6588
12921 2 2 0 1 6718 6590 6589
12922 2 2 0 1 6718 6717 6589
12923 2 2 0 1 6719 6591 6590
12924 2 2 0 1 6719 6718 6590
12925 2 2 0 1 6720 6592 6591
12926 2 2 0 1 6720 6719 6591
12927 2 2 0 1 6721 6593 6592
12928 2 2 0 1 6721 6720 6592
12929 2 2 0 1 6594 6721 6593
12930 2 2 0 1 6722 6721 6594
12931 2 2 0 1 6595 6722 6594
12932 2 2 0 1 6723 6722 6595
12933 2 2 0 1 6596 6723 6595
12934 2 2 0 1 6724 6723 6596
12935 2 2 0 1 6597 6724 6596
12936 2 2 0 1 6725 6724 6597
12937 2 2 0 1 6598 6725 6597
12938 2 2 0 1 6726 6725 6598
12939 2 2 0 1 6599 6726 6598
12940 2 2 0 1 6727 6726 6599
12941 2 2 0 1 6600 6727 6599
12942 2 2 0 1 6728 6727 6600
12943 2 2 0 1 6601 6728 6600
12944 2 2 0 1 6729 6728 6601
12945 2 2 0 1 6602 6729 6601
12946 2 2 0 1 6730 6729 6602
12947 2 2 0 1 6603 6730 6602
12948 2 2 0 1 6731 6730 6603
12949 2 2 0 1 6604 6731 6603
12950 2 2 0 1 6732 6731 6604
12951 2 2 0 1 6605 6732 6604
12952 2 2 0 1 6733 6732 6605
12953 2 2 0 1 6606 6733 6605
12954 2 2 0 1 6734 6733 6606
12955 2 2 0 1 6607 6734 6606
12956 2 2 0 1 6735 6734 6607
12957 2 2 0 1 6608 6735 6607
12958 2 2 0 1 6736 6735 6608
12959 2 2 0 1 6609 6736 6608
12960 2 2 0 1 6737 6736 6609
12961 2 2 0 1 6610 6737 6609
12962 2 2 0 1 6738 6737 6610
12963 2 2 0 1 6611 6738 6610
12964 2 2 0 1 6739 6738 6611
12965 2 2 0 1 6612 6739 6611
12966 2 2 0 1 6740 6739 6612
12967 2 2 0 1 6613 6740 6612
12968 2 2 0 1 6741 6740 6613
12969 2 2 0 1 6614 6741 6613
12970 2 2 0 1 6742 6741 6614
12971 2 2 0 1 6615 6742 6614
12972 2 2 0 1 6743 6742 6615
12973 2 2 0 1 6616 6743 6615
12974 2 2 0 1 6744 6743 6616
12975 2 2 0 1 6617 6744 6616
12976 2 2 0 1 6745 6744 6617
12977 2 2 0 1 6746 6618 6617
12978 2 2 0 1 6746 6745 6617
12979 2 2 0 1 6747 6619 6618
12980 2 2 0 1 6747 6746 6618
12981 2 2 0 1 6748 6620 6619
12982 2 2 0 1 6748 6747 6619
12983 2 2 0 1 6749 6621 6620
12984 2 2 0 1 6749 6748 6620
12985 2 2 0 1 6750 6622 6621
12986 2 2 0 1 6750 6749 6621
12987 2 2 0 1 6751 6623 6622
12988 2 2 0 1 6751 6750 6622
12989 2 2 0 1 6752 6624 6623
12990 2 2 0 1 6752 6751 6623
12991 2 2 0 1 6753 6625 6624
12992 2 2 0 1 6753 6752 6624
12993 2 2 0 1 6754 6626 6625
12994 2 2 0 1 6754 6753 6625
12995 2 2 0 1 6755 6627 6626
12996 2 2 0 1 6755 6754 6626
12997 2 2 0 1 6756 6628 6627
12998 2 2 0 1 6756 6755 6627
12999 2 2 0 1 6757 6629 6628
13000 2 2 0 1 6757 6756 6628
13001 2 2 0 1 6758 6630 6629
13002 2 2 0 1 6758 6757 6629
13003 2 2 0 1 6759 6631 6630
13004 2 2 0 1 6759 6758 6630
13005 2 2 0 1 6760 6632 6631
13006 2 2 0 1 6760 6759 6631
13007 2 2 0 1 6761 6633 6632
13008 2 2 0 1 6761 6760 6632
13009 2 2 0 1 6762 6634 6633
13010 2 2 0 1 6762 6761 6633
13011 2 2 0 1 6763 6635 6634
13012 2 2 0 1 6763 6762 6634
13013 2 2 0 1 6764 6636 6635
13014 2 2 0 1 6764 6763 6635
13015 2 2 0 1 6765 6637 6636
13016 2 2 0 1 6765 6764 6636
13017 2 2 0 1 6766 6638 6637
13018 2 2 0 1 6766 6765 6637
13019 2 2 0 1 6767 6639 6638
13020 2 2 0 1 6767 6766 6638
13021 2 2 0 1 6768 6640 6639
13022 2 2 0 1 6768 6767 6639
13023 2 2 0 1 6769 6641 6640
13024 2 2 0 1 6769 6768 6640
13025 2 2 0 1 6770 6642 6641
13026 2 2 0 1 6770 6769 6641
13027 2 2 0 1 6771 6643 6642
13028 2 2 0 1 6771 6770 6642
13029 2 2 0 1 6772 6644 6643
13030 2 2 0 1 6772 6771 6643
13031 2 2 0 1 6773 6645 6644
13032 2 2 0 1 6773 6772 6644
13033 2 2 0 1 6774 6646 6645
13034 2 2 0 1 6774 6773 6645
13035 2 2 0 1 6775 6647 6646
13036 2 2 0 1 6775 6774 6646
13037 2 2 0 1 6776 6648 6647
13038 2 2 0 1 6776 6775 6647
13039 2 2 0 1 6777 6649 6648
13040 2 2 0 1 6777 6776 6648
13041 2 2 0 1 6778 6650 6649
13042 2 2 0 1 6778 6777 6649
13043 2 2 0 1 6779 6651 6650
13044 2 2 0 1 6779 6778 6650
13045 2 2 0 1 6780 6652 6651
13046 2 2 0 1 6780 6779 6651
13047 2 2 0 1 6781 6653 6652
13048 2 2 0 1 6781 6780 6652
13049 2 2 0 1 6782 6654 6653
13050 2 2 0 1 6782 6781 6653
13051 2 2 0 1 6783 6655 6654
13052 2 2 0 1 6783 6782 6654
13053 2 2 0 1 6784 6656 6655
13054 2 2 0 1 6784 6783 6655
13055 2 2 0 1 6657 6529 6656
13056 2 2 0 1 6657 6784 6656
13057 2 2 0 1 6658 6785 6657
13058 2 2 0 1 6786 6785 6658
13059 2 2 0 1 6659 6786 6658
13060 2 2 0 1 6787 6786 6659
13061 2 2 0 1 6660 6787 6659
13062 2 2 0 1 6788 6787 6660
13063 2 2 0 1 6661 6788 6660
13064 2 2 0 1 6789 6788 6661
13065 2 2 0 1 6662 6789 6661
13066 2 2 0 1 6790 6789 6662
13067 2 2 0 1 6663 6790 6662
13068 2 2 0 1 6791 6790 6663
13069 2 2 0 1 6664 6791 6663
13070 2 2 0 1 6792 6791 6664
13071 2 2 0 1 6665 6792 6664
13072 2 2 0 1 6793 6792 6665
13073 2 2 0 1 6666 6793 6665
13074 2 2 0 1 6794 6793 6666
13075 2 2 0 1 6667 6794 6666
13076 2 2 0 1 6795 6794 6667
13077 2 2 0 1 6668 6795 6667
13078 2 2 0 1 6796 6795 6668
13079 2 2 0 1 6669 6796 6668
13080 2 2 0 1 6797 6796 6669
13081 2 2 0 1 6670 6797 6669
13082 2 2 0 1 6798 6797 6670
13083 2 2 0 1 6671 6798 6670
13084 2 2 0 1 6799 6798 6671
13085 2 2 0 1 6672 6799 6671
13086 2 2 0 1 6800 6799 6672
13087 2 2 0 1 6673 6800 6672
13088 2 2 0 1 6801 6800 6673
13089 2 2 0 1 6674 6801 6673
13090 2 2 0 1 6802 6801 6674
13091 2 2 0 1 6675 6802 6674
13092 2 2 0 1 6803 6802 6675
13093 2 2 0 1 6676 6803 6675
13094 2 2 0 1 6804 6803 6676
13095 2 2 0 1 6677 6804 6676
13096 2 2 0 1 6805 6804 6677
13097 2 2 0 1 6678 6805 6677
13098 2 2 0 1 6806 6805 6678
13099 2 2 0 1 6679 6806 6678
13100 2 2 0 1 6807 6806 6679
13101 2 2 0 1 6680 6807 6679
13102 2 2 0 1 6808 6807 6680
13103 2 2 0 1 6681 6808 6680
13104 2 2 0 1 6809 6808 6681
13105 2 2 0 1 6682 6809 6681
13106 2 2 0 1 6810 6809 6682
13107 2 2 0 1 6683 6810 6682
13108 2 2 0 1 6811 6810 6683
13109 2 2 0 1 6684 6811 6683
13110 2 2 0 1 6812 6811 6684
13111 2 2 0 1 6685 6812 6684
13112 2 2 0 1 6813 6812 6685
13113 2 2 0 1 6686 6813 6685
13114 2 2 0 1 6814 6813 6686
13115 2 2 0 1 6687 6814 6686
13116 2 2 0 1 6815 6814 6687
13117 2 2 0 1 6688 6815 6687
13118 2 2 0 1 6816 6815 6688
13119 2 2 0 1 6689 6816 6688
13120 2 2 0 1 6817 6816 6689
13121 2 2 0 1 6690 6817 6689
13122 2 2 0 1 6818 6817 6690
13123 2 2 0 1 6691 6818 6690
13124 2 2 0 1 6819 6818 6691
13125 2 2 0 1 6692 6819 6691
13126 2 2 0 1 6820 6819 6692
13127 2 2 0 1 6693 6820 6692
13128 2 2 0 1 6821 6820 6693
13129 2 2 0 1 6694 6821 6693
13130 2 2 0 1 6822 6821 6694
13131 2 2 0 1 6695 6822 6694
13132 2 2 0 1 6823 6822 6695
13133 2 2 0 1 6696 6823 6695
13134 2 2 0 1 6824 6823 6696
13135 2 2 0 1 6825 6697 6696
13136 2 2 0 1 6825 6824 6696
13137 2 2 0 1 6826 6698 6697
13138 2 2 0 1 6826 6825 6697
13139 2 2 0 1 6827 6699 6698
13140 2 2 0 1 6827 6826 6698
13141 2 2 0 1 6828 6700 6699
13142 2 2 0 1 6828 6827 6699
13143 2 2 0 1 6829 6701 6700
13144 2 2 0 1 6829 6828 6700
13145 2 2 0 1 6830 6702 6701
13146 2 2 0 1 6830 6829 6701
13147 2 2 0 1 6831 6703 6702
13148 2 2 0 1 6831 6830 6702
13149 2 2 0 1 6832 6704 6703
13150 2 2 0 1 6832 6831 6703
13151 2 2 0 1 6833 6705 6704
13152 2 2 0 1 6833 6832 6704
13153 2 2 0 1 6834 6706 6705
13154 2 2 0 1 6834 6833 6705
13155 2 2 0 1 6835 6707 6706
13156 2 2 0 1 6835 6834 6706
13157 2 2 0 1 6836 6708 6707
13158 2 2 0 1 6836 6835 6707
13159 2 2 0 1 6837 6709 6708
13160 2 2 0 1 6837 6836 6708
13161 2 2 0 1 6838 6710 6709
13162 2 2 0 1 6838 6837 6709
13163 2 2 0 1 6839 6711 6710
13164 2 2 0 1 6839 6838 6710
13165 2 2 0 1 6840 6712 6711
13166 2 2 0 1 6840 6839 6711
13167 2 2 0 1 6841 6713 6712
13168 2 2 0 1 6841 6840 6712
13169 2 2 0 1 6842 6714 6713
13170 2 2 0 1 6842 6841 6713
13171 2 2 0 1 6843 6715 6714
13172 2 2 0 1 6843 6842 6714
13173 2 2 0 1 6844 6716 6715
13174 2 2 0 1 6844 6843 6715
13175 2 2 0 1 6845 6717 6716
13176 2 2 0 1 6845 6844 6716
13177 2 2 0 1 6846 6718 6717
13178 2 2 0 1 6846 6845 6717
13179 2 2 0 1 6847 6719 6718
13180 2 2 0 1 6847 6846 6718
13181 2 2 0 1 6848 6720 6719
13182 2 2 0 1 6848 6847 6719
13183 2 2 0 1 6849 6721 6720
13184 2 2 0 1 6849 6848 6720
13185 2 2 0 1 6722 6849 6721
13186 2 2 0 1 6850 6849 6722
13187 2 2 0 1 6723 6850 6722
13188 2 2 0 1 6851 6850 6723
13189 2 2 0 1 6724 6851 6723
13190 2 2 0 1 6852 6851 6724
13191 2 2 0 1 6725 6852 6724
13192 2 2 0 1 6853 6852 6725
13193 2 2 0 1 6726 6853 6725
13194 2 2 0 1 6854 6853 6726
13195 2 2 0 1 6727 6854 6726
13196 2 2 0 1 6855 6854 6727
13197 2 2 0 1 6728 6855 6727
13198 2 2 0 1 6856 6855 6728
13199 2 2 0 1 6729 6856 6728
13200 2 2 0 1 6857 6856 6729
13201 2 2 0 1 6730 6857 6729
13202 2 2 0 1 6858 6857 6730
13203 2 2 0 1 6731 6858 6730
13204 2 2 0 1 6859 6858 6731
13205 2 2 0 1 6732 6859 6731
13206 2 2 0 1 6860 6859 6732
13207 2 2 0 1 6733 6860 6732
13208 2 2 0 1 6861 6860 6733
13209 2 2 0 1 6734 6861 6733
13210 2 2 0 1 6862 6861 6734
13211 2 2 0 1 6735 6862 6734
13212 2 2 0 1 6863 6862 6735
13213 2 2 0 1 6736 6863 6735
13214 2 2 0 1 6864 6863 6736
13215 2 2 0 1 6737 6864 6736
13216 2 2 0 1 6865 6864 6737
13217 2 2 0 1 6738 6865 6737
13218 2 2 0 1 6866 6865 6738
13219 2 2 0 1 6739 6866 6738
13220 2 2 0 1 6867 6866 6739
13221 2 2 0 1 6740 6867 6739
13222 2 2 0 1 6868 6867 6740
13223 2 2 0 1 6741 6868 6740
13224 2 2 0 1 6869 6868 6741
13225 2 2 0 1 6742 6869 6741
13226 2 2 0 1 6870 6869 6742
13227 2 2 0 1 6743 6870 6742
13228 2 2 0 1 6871 6870 6743
13229 2 2 0 1 6744 6871 6743
13230 2 2 0 1 6872 6871 6744
13231 2 2 0 1 6745 6872 6744
13232 2 2 0 1 6873 6872 6745
13233 2 2 0 1 6746 6873 6745
13234 2 2 0 1 6874 6873 6746
13235 2 2 0 1 6875 6747 6746
13236 2 2 0 1 6875 6874 6746
13237 2 2 0 1 6876 6748 6747
13238 2 2 0 1 6876 6875 6747
13239 2 2 0 1 6877 6749 6748
13240 2 2 0 1 6877 6876 6748
13241 2 2 0 1 6878 6750 6749
13242 2 2 0 1 6878 6877 6749
13243 2 2 0 1 6879 6751 6750
13244 2 2 0 1 6879 6878 6750
13245 2 2 0 1 6880 6752 6751
13246 2 2 0 1 6880 6879 6751
13247 2 2 0 1 6881 6753 6752
13248 2 2 0 1 6881 6880 6752
13249 2 2 0 1 6882 6754 6753
13250 2 2 0 1 6882 6881 6753
13251 2 2 0 1 6883 6755 6754
13252 2 2 0 1 6883 6882 6754
13253 2 2 0 1 6884 6756 6755
13254 2 2 0 1 6884 6883 6755
13255 2 2 0 1 6885 6757 6756
13256 2 2 0 1 6885 6884 6756
13257 2 2 0 1 6886 6758 6757
13258 2 2 0 1 6886 6885 6757
13259 2 2 0 1 6887 6759 6758
13260 2 2 0 1 6887 6886 6758
13261 2 2 0 1 6888 6760 6759
13262 2 2 0 1 6888 6887 6759
13263 2 2 0 1 6889 6761 6760
13264 2 2 0 1 6889 6888 6760
13265 2 2 0 1 6890 6762 6761
13266 2 2 0 1 6890 6889 6761
13267 2 2 0 1 6891 6763 6762
13268 2 2 0 1 6891 6890 6762
13269 2 2 0 1 6892 6764 6763
13270 2 2 0 1 6892 6891 6763
13271 2 2 0 1 6893 6765 6764
13272 2 2 0 1 6893 6892 6764
13273 2 2 0 1 6894 6766 6765
13274 2 2 0 1 6894 6893 6765
13275 2 2 0 1 6895 6767 6766
13276 2 2 0 1 6895 6894 6766
13277 2 2 0 1 6896 6768 6767
13278 2 2 0 1 6896 6895 6767
13279 2 2 0 1 6897 6769 6768
13280 2 2 0 1 6897 6896 6768
13281 2 2 0 1 6898 6770 6769
13282 2 2 0 1 6898 6897 6769
13283 2 2 0 1 6899 6771 6770
13284 2 2 0 1 6899 6898 6770
13285 2 2 0 1 6900 6772 6771
13286 2 2 0 1 6900 6899 6771
13287 2 2 0 1 6901 6773 6772
13288 2 2 0 1 6901 6900 6772
13289 2 2 0 1 6902 6774 6773
13290 2 2 0 1 6902 6901 6773
13291 2 2 0 1 6903 6775 6774
13292 2 2 0 1 6903 6902 6774
13293 2 2 0 1 6904 6776 6775
13294 2 2 0 1 6904 6903 6775
13295 2 2 0 1 6905 6777 6776
13296 2 2 0 1 6905 6904 6776
13297 2 2 0 1 6906 6778 6777
13298 2 2 0 1 6906 6905 6777
13299 2 2 0 1 6907 6779 6778
13300 2 2 0 1 6907 6906 6778
13301 2 2 0 1 6908 6780 6779
13302 2 2 0 1 6908 6907 6779
13303 2 2 0 1 6909 6781 6780
13304 2 2 0 1 6909 6908 6780
13305 2 2 0 1 6910 6782 6781
13306 2 2 0 1 6910 6909 6781
13307 2 2 0 1 6911 6783 6782
13308 2 2 0 1 6911 6910 6782
13309 2 2 0 1 6912 6784 6783
13310 2 2 0 1 6912 6911 6783
13311 2 2 0 1 6785 6657 6784
13312 2 2 0 1 6785 6912 6784
13313 2 2 0 1 6786 6913 6785
13314 2 2 0 1 6914 6913 6786
13315 2 2 0 1 6787 6914 6786
13316 2 2 0 1 6915 6914 6787
13317 2 2 0 1 6788 6915 6787
13318 2 2 0 1 6916 6915 6788
13319 2 2 0 1 6789 6916 6788
13320 2 2 0 1 6917 6916 6789
13321 2 2 0 1 6790 6917 6789
13322 2 2 0 1 6918 6917 6790
13323 2 2 0 1 6791 6918 6790
13324 2 2 0 1 6919 6918 6791
13325 2 2 0 1 6792 6919 6791
13326 2 2 0 1 6920 6919 6792
13327 2 2 0 1 6793 6920 6792
13328 2 2 0 1 6921 6920 6793
13329 2 2 0 1 6794 6921 6793
13330 2 2 0 1 6922 6921 6794
13331 2 2 0 1 6795 6922 6794
13332 2 2 0 1 6923 6922 6795
13333 2 2 0 1 6796 6923 6795
13334 2 2 0 1 6924 6923 6796
13335 2 2 0 1 6797 6924 6796
13336 2 2 0 1 6925 6924 6797
13337 2 2 0 1 6798 6925 6797
13338 2 2 0 1 6926 6925 6798
13339 2 2 0 1 6799 6926 6798
13340 2 2 0 1 6927 6926 6799
13341 2 2 0 1 6800 6927 6799
13342 2 2 0 1 6928 6927 6800
13343 2 2 0 1 6801 6928 6800
13344 2 2 0 1 6929 6928 6801
13345 2 2 0 1 6802 6929 6801
13346 2 2 0 1 6930 6929 6802
13347 2 2 0 1 6803 6930 6802
13348 2 2 0 1 6931 6930 6803
13349 2 2 0 1 6804 6931 6803
13350 2 2 0 1 6932 6931 6804
13351 2 2 0 1 6805 6932 6804
13352 2 2 0 1 6933 6932 6805
13353 2 2 0 1 6806 6933 6805
13354 2 2 0 1 6934 6933 6806
13355 2 2 0 1 6807 6934 6806
13356 2 2 0 1 6935 6934 6807
13357 2 2 0 1 6808 6935 6807
13358 2 2 0 1 6936 6935 6808
13359 2 2 0 1 6809 6936 6808
13360 2 2 0 1 6937 6936 6809
13361 2 2 0 1 6810 6937 6809
13362 2 2 0 1 6938 6937 6810
13363 2 2 0 1 6811 6938 6810
13364 2 2 0 1 6939 6938 6811
13365 2 2 0 1 6812 6939 6811
13366 2 2 0 1 6940 6939 6812
13367 2 2 0 1 6813 6940 6812
13368 2 2 0 1 6941 6940 6813
13369 2 2 0 1 6814 6941 6813
13370 2 2 0 1 6942 6941 6814
13371 2 2 0 1 6815 6942 6814
13372 2 2 0 1 6943 6942 6815
13373 2 2 0 1 6816 6943 6815
13374 2 2 0 1 6944 6943 6816
13375 2 2 0 1 6817 6944 6816
13376 2 2 0 1 6945 6944 6817
13377 2 2 0 1 6818 6945 6817
13378 2 2 0 1 6946 6945 6818
13379 2 2 0 1 6819 6946 6818
13380 2 2 0 1 6947 6946 6819
13381 2 2 0 1 6820 6947 6819
13382 2 2 0 1 6948 6947 6820
13383 2 2 0 1 6821 6948 6820
13384 2 2 0 1 6949 6948 6821
13385 2 2 0 1 6822 6949 6821
13386 2 2 0 1 6950 6949 6822
13387 2 2 0 1 6823 6950 6822
13388 2 2 0 1 6951 6950 6823
13389 2 2 0 1 6952 6824 6823
13390 2 2 0 1 6952 6951 6823
13391 2 2 0 1 6953 6825 6824
13392 2 2 0 1 6953 6952 6824
13393 2 2 0 1 6954 6826 6825
13394 2 2 0 1 6954 6953 6825
13395 2 2 0 1 6955 6827 6826
13396 2 2 0 1 6955 6954 6826
13397 2 2 0 1 6956 6828 6827
13398 2 2 0 1 6956 6955 6827
13399 2 2 0 1 6957 6829 6828
13400 2 2 0 1 6957 6956 6828
13401 2 2 0 1 6958 6830 6829
13402 2 2 0 1 6958 6957 6829
13403 2 2 0 1 6959 6831 6830
13404 2 2 0 1 6959 6958 6830
13405 2 2 0 1 6960 6832 6831
13406 2 2 0 1 6960 6959 6831
13407 2 2 0 1 6961 6833 6832
13408 2 2 0 1 6961 6960 6832
13409 2 2 0 1 6962 6834 6833
13410 2 2 0 1 6962 6961 6833
13411 2 2 0 1 6963 6835 6834
13412 2 2 0 1 6963 6962 6834
13413 2 2 0 1 6964 6836 6835
13414 2 2 0 1 6964 6963 6835
13415 2 2 0 1 6965 6837 6836
13416 2 2 0 1 6965 6964 6836
13417 2 2 0 1 6966 6838 6837
13418 2 2 0 1 6966 6965 6837
13419 2 2 0 1 6967 6839 6838
13420 2 2 0 1 6967 6966 6838
13421 2 2 0 1 6968 6840 6839
13422 2 2 0 1 6968 6967 6839
13423 2 2 0 1 6969 6841 6840
13424 2 2 0 1 6969 6968 6840
13425 2 2 0 1 6970 6842 6841
13426 2 2 0 1 6970 6969 6841
13427 2 2 0 1 6971 6843 6842
13428 2 2 0 1 6971 6970 6842
13429 2 2 0 1 6972 6844 6843
13430 2 2 0 1 6972 6971 6843
13431 2 2 0 1 6973 6845 6844
13432 2 2 0 1 6973 6972 6844
13433 2 2 0 1 6974 6846 6845
13434 2 2 0 1 6974 6973 6845
13435 2 2 0 1 6975 6847 6846
13436 2 2 0 1 6975 6974 6846
13437 2 2 0 1 6976 6848 6847
13438 2 2 0 1 6976 6975 6847
13439 2 2 0 1 6977 6849 6848
13440 2 2 0 1 6977 6976 6848
13441 2 2 0 1 6850 6977 6849
13442 2 2 0 1 6978 6977 6850
13443 2 2 0 1 6851 6978 6850
13444 2 2 0 1 6979 6978 6851
13445 2 2 0 1 6852 6979 6851
13446 2 2 0 1 6980 6979 6852
13447 2 2 0 1 6853 6980 6852
13448 2 2 0 1 6981 6980 6853
13449 2 2 0 1 6854 6981 6853
13450 2 2 0 1 6982 6981 6854
13451 2 2 0 1 6855 6982 6854
13452 2 2 0 1 6983 6982 6855
13453 2 2 0 1 6856 6983 6855
13454 2 2 0 1 6984 6983 6856
13455 2 2 0 1 6857 6984 6856
13456 2 2 0 1 6985 6984 6857
13457 2 2 0 1 6858 6985 6857
13458 2 2 0 1 6986 6985 6858
13459 2 2 0 1 6859 6986 6858
13460 2 2 0 1 6987 6986 6859
13461 2 2 0 1 6860 6987 6859
13462 2 2 0 1 6988 6987 6860
13463 2 2 0 1 6861 6988 6860
13464 2 2 0 1 6989 6988 6861
13465 2 2 0 1 6862 6989 6861
13466 2 2 0 1 6990 6989 6862
13467 2 2 0 1 6863 6990 6862
13468 2 2 0 1 6991 6990 6863
13469 2 2 0 1 6864 6991 6863
13470 2 2 0 1 6992 6991 6864
13471 2 2 0 1 6865 6992 6864
13472 2 2 0 1 6993 6992 6865
13473 2 2 0 1 6866 6993 6865
13474 2 2 0 1 6994 6993 6866
13475 2 2 0 1 6867 6994 6866
13476 2 2 0 1 6995 6994 6867
13477 2 2 0 1 6868 6995 6867
13478 2 2 0 1 6996 6995 6868
13479 2 2 0 1 6869 6996 6868
13480 2 2 0 1 6997 6996 6869
13481 2 2 0 1 6870 6997 6869
13482 2 2 0 1 6998 6997 6870
13483 2 2 0 1 6871 6998 6870
13484 2 2 0 1 6999 6998 6871
13485 2 2 0 1 6872 6999 6871
13486 2 2 0 1 7000 6999 6872
13487 2 2 0 1 6873 7000 6872
13488 2 2 0 1 7001 7000 6873
13489 2 2 0 1 6874 7001 6873
13490 2 2 0 1 7002 7001 6874
13491 2 2 0 1 6875 7002 6874
13492 2 2 0 1 7003 7002 6875
13493 2 2 0 1 7004 6876 6875
13494 2 2 0 1 7004 7003 6875
13495 2 2 0 1 7005 6877 6876
13496 2 2 0 1 7005 7004 6876
13497 2 2 0 1 7006 6878 6877
13498 2 2 0 1 7006 7005 6877
13499 2 2 0 1 7007 6879 6878
13500 2 2 0 1 7007 7006 6878
13501 2 2 0 1 7008 6880 6879
13502 2 2 0 1 7008 7007 6879
13503 2 2 0 1 7009 6881 6880
13504 2 2 0 1 7009 7008 6880
13505 2 2 0 1 7010 6882 6881
13506 2 2 0 1 7010 7009 6881
13507 2 2 0 1 7011 6883 6882
13508 2 2 0 1 7011 7010 6882
13509 2 2 0 1 7012 6884 6883
13510 2 2 0 1 7012 7011 6883
13511 2 2 0 1 7013 6885 6884
13512 2 2 0 1 7013 7012 6884
13513 2 2 0 1 7014 6886 6885
13514 2 2 0 1 7014 7013 6885
13515 2 2 0 1 7015 6887 6886
13516 2 2 0 1 7015 7014 6886
13517 2 2 0 1 7016 6888 6887
13518 2 2 0 1 7016 7015 6887
13519 2 2 0 1 7017 6889 6888
13520 2 2 0 1 7017 7016 6888
13521 2 2 0 1 7018 6890 6889
13522 2 2 0 1 7018 7017 6889
13523 2 2 0 1 7019 6891 6890
13524 2 2 0 1 7019 7018 6890
13525 2 2 0 1 7020 6892 6891
13526 2 2 0 1 7020 7019 6891
13527 2 2 0 1 7021 6893 6892
13528 2 2 0 1 7021 7020 6892
13529 2 2 0 1 7022 6894 6893
13530 2 2 0 1 7022 7021 6893
13531 2 2 0 1 7023 6895 6894
13532 2 2 0 1 7023 7022 6894
13533 2 2 0 1 7024 6896 6895
13534 2 2 0 1 7024 7023 6895
13535 2 2 0 1 7025 6897 6896
13536 2 2 0 1 7025 7024 6896
13537 2 2 0 1 7026 6898 6897
13538 2 2 0 1 7026 7025 6897
13539 2 2 0 1 7027 6899 6898
13540 2 2 0 1 7027 7026 6898
13541 2 2 0 1 7028 6900 6899
13542 2 2 0 1 7028 7027 6899
13543 2 2 0 1 7029 6901 6900
13544 2 2 0 1 7029 7028 6900
13545 2 2 0 1 7030 6902 6901
13546 2 2 0 1 7030 7029 6901
13547 2 2 0 1 7031 6903 6902
13548 2 2 0 1 7031 7030 6902
13549 2 2 0 1 7032 6904 6903
13550 2 2 0 1 7032 7031 6903
13551 2 2 0 1 7033 6905 6904
13552 2 2 0 1 7033 7032 6904
13553 2 2 0 1 7034 6906 6905
13554 2 2 0 1 7034 7033 6905
13555 2 2 0 1 7035 6907 6906
13556 2 2 0 1 7035 7034 6906
13557 2 2 0 1 7036 6908 6907
13558 2 2 0 1 7036 7035 6907
13559 2 2 0 1 7037 6909 6908
13560 2 2 0 1 7037 7036 6908
13561 2 2 0 1 7038 6910 6909
13562 2 2 0 1 7038 7037 6909
13563 2 2 0 1 7039 6911 6910
13564 2 2 0 1 7039 7038 6910
13565 2 2 0 1 7040 6912 6911
13566 2 2 0 1 7040 7039 6911
13567 2 2 0 1 6913 6785 6912
13568 2 2 0 1 6913 7040 6912
13569 2 2 0 1 6914 7041 6913
13570 2 2 0 1 7042 7041 6914
13571 2 2 0 1 6915 7042 6914
13572 2 2 0 1 7043 7042 6915
13573 2 2 0 1 6916 7043 6915
13574 2 2 0 1 7044 7043 6916
13575 2 2 0 1 6917 7044 6916
13576 2 2 0 1 7045 7044 6917
13577 2 2 0 1 6918 7045 6917
13578 2 2 0 1 7046 7045 6918
13579 2 2 0 1 6919 7046 6918
13580 2 2 0 1 7047 7046 6919
13581 2 2 0 1 6920 7047 6919
13582 2 2 0 1 7048 7047 6920
13583 2 2 0 1 6921 7048 6920
13584 2 2 0 1 7049 7048 6921
13585 2 2 0 1 6922 7049 6921
13586 2 2 0 1 7050 7049 6922
13587 2 2 0 1 6923 7050 6922
13588 2 2 0 1 7051 7050 6923
13589 2 2 0 1 6924 7051 6923
13590 2 2 0 1 7052 7051 6924
13591 2 2 0 1 6925 7052 6924
13592 2 2 0 1 7053 7052 6925
13593 2 2 0 1 6926 7053 6925
13594 2 2 0 1 7054 7053 6926
13595 2 2 0 1 6927 7054 6926
13596 2 2 0 1 7055 7054 6927
13597 2 2 0 1 6928 7055 6927
13598 2 2 0 1 7056 7055 6928
13599 2 2 0 1 6929 7056 6928
13600 2 2 0 1 7057 7056 6929
13601 2 2 0 1 6930 7057 6929
13602 2 2 0 1 7058 7057 6930
13603 2 2 0 1 6931 7058 6930
13604 2 2 0 1 7059 7058 6931
13605 2 2 0 1 6932 7059 6931
13606 2 2 0 1 7060 7059 6932
13607 2 2 0 1 6933 7060 6932
13608 2 2 0 1 7061 7060 6933
13609 2 2 0 1 6934 7061 6933
13610 2 2 0 1 7062 7061 6934
13611 2 2 0 1 6935 7062 6934
13612 2 2 0 1 7063 7062 6935
13613 2 2 0 1 6936 7063 6935
13614 2 2 0 1 7064 7063 6936
13615 2 2 0 1 6937 7064 6936
13616 2 2 0 1 7065 7064 6937
13617 2 2 0 1 6938 7065 6937
13618 2 2 0 1 7066 7065 6938
13619 2 2 0 1 6939 7066 6938
13620 2 2 0 1 7067 7066 6939
13621 2 2 0 1 6940 7067 6939
13622 2 2 0 1 7068 7067 6940
13623 2 2 0 1 6941 7068 6940
13624 2 2 0 1 7069 7068 6941
13625 2 2 0 1 6942 7069 6941
13626 2 2 0 1 7070 7069 6942
13627 2 2 0 1 6943 7070 6942
13628 2 2 0 1 7071 7070 6943
13629 2 2 0 1 6944 7071 6943
13630 2 2 0 1 7072 7071 6944
13631 2 2 0 1 6945 7072 6944
13632 2 2 0 1 7073 7072 6945
13633 2 2 0 1 6946 7073 6945
13634 2 2 0 1 7074 7073 6946
13635 2 2 0 1 6947 7074 6946
13636 2 2 0 1 7075 7074 6947
13637 2 2 0 1 6948 7075 6947
13638 2 2 0 1 7076 7075 6948
13639 2 2 0 1 6949 7076 6948
13640 2 2 0 1 7077 7076 6949
13641 2 2 0 1 6950 7077 6949
13642 2 2 0 1 7078 7077 6950
13643 2 2 0 1 7079 6951 6950
13644 2 2 0 1 7079 7078 6950
13645 2 2 0 1 7080 6952 6951
13646 2 2 0 1 7080 7079 6951
13647 2 2 0 1 7081 6953 6952
13648 2 2 0 1 7081 7080 6952
13649 2 2 0 1 7082 6954 6953
13650 2 2 0 1 7082 7081 6953
13651 2 2 0 1 7083 6955 6954
13652 2 2 0 1 7083 7082 6954
13653 2 2 0 1 7084 6956 6955
13654 2 2 0 1 7084 7083 6955
13655 2 2 0 1 7085 6957 6956
13656 2 2 0 1 7085 7084 6956
13657 2 2 0 1 7086 6958 6957
13658 2 2 0 1 7086 7085 6957
13659 2 2 0 1 7087 6959 6958
13660 2 2 0 1 7087 7086 6958
13661 2 2 0 1 7088 6960 6959
13662 2 2 0 1 7088 7087 6959
13663 2 2 0 1 7089 6961 6960
13664 2 2 0 1 7089 7088 6960
13665 2 2 0 1 7090 6962 6961
13666 2 2 0 1 7090 7089 6961
13667 2 2 0 1 7091 6963 6962
13668 2 2 0 1 7091 7090 6962
13669 2 2 0 1 7092 6964 6963
13670 2 2 0 1 7092 7091 6963
13671 2 2 0 1 7093 6965 6964
13672 2 2 0 1 7093 7092 6964
13673 2 2 0 1 7094 6966 6965
13674 2 2 0 1 7094 7093 6965
13675 2 2 0 1 7095 6967 6966
13676 2 2 0 1 7095 7094 6966
13677 2 2 0 1 7096 6968 6967
13678 2 2 0 1 7096 7095 6967
13679 2 2 0 1 7097 6969 6968
13680 2 2 0 1 7097 7096 6968
13681 2 2 0 1 7098 6970 6969
13682 2 2 0 1 7098 7097 6969
13683 2 2 0 1 7099 6971 6970
13684 2 2 0 1 7099 7098 6970
13685 2 2 0 1 7100 6972 6971
13686 2 2 0 1 7100 7099 6971
13687 2 2 0 1 7101 6973 6972
13688 2 2 0 1 7101 7100 6972
13689 2 2 0 1 7102 6974 6973
13690 2 2 0 1 7102 7101 6973
13691 2 2 0 1 7103 6975 6974
13692 2 2 0 1 7103 7102 6974
13693 2 2 0 1 7104 6976 6975
13694 2 2 0 1 7104 7103 6975
13695 2 2 0 1 7105 6977 6976
13696 2 2 0 1 7105 7104 6976
13697 2 2 0 1 6978 7105 6977
13698 2 2 0 1 7106 7105 6978
13699 2 2 0 1 6979 7106 6978
13700 2 2 0 1 7107 7106 6979
13701 2 2 0 1 6980 7107 6979
13702 2 2 0 1 7108 7107 6980
13703 2 2 0 1 6981 7108 6980
13704 2 2 0 1 7109 7108 6981
13705 2 2 0 1 6982 7109 6981
13706 2 2 0 1 7110 7109 6982
13707 2 2 0 1 6983 7110 6982
13708 2 2 0 1 7111 7110 6983
13709 2 2 0 1 6984 7111 6983
13710 2 2 0 1 7112 7111 6984
13711 2 2 0 1 6985 7112 6984
13712 2 2 0 1 7113 7112 6985
13713 2 2 0 1 6986 7113 6985
13714 2 2 0 1 7114 7113 6986
13715 2 2 0 1 6987 7114 6986
13716 2 2 0 1 7115 7114 6987
13717 2 2 0 1 6988 7115 6987
13718 2 2 0 1 7116 7115 6988
13719 2 2 0 1 6989 7116 6988
13720 2 2 0 1 7117 7116 6989
13721 2 2 0 1 6990 7117 6989
13722 2 2 0 1 7118 7117 6990
13723 2 2 0 1 6991 7118 6990
13724 2 2 0 1 7119 7118 6991
13725 2 2 0 1 6992 7119 6991
13726 2 2 0 1 7120 7119 6992
13727 2 2 0 1 6993 7120 6992
13728 2 2 0 1 7121 7120 6993
13729 2 2 0 1 6994 7121 6993
13730 2 2 0 1 7122 7121 6994
13731 2 2 0 1 6995 7122 6994
13732 2 2 0 1 7123 7122 6995
13733 2 2 0 1 6996 7123 6995
13734 2 2 0 1 7124 7123 6996
13735 2 2 0 1 6997 7124 6996
13736 2 2 0 1 7125 7124 6997
13737 2 2 0 1 6998 7125 6997
13738 2 2 0 1 7126 7125 6998
13739 2 2 0 1 6999 7126 6998
13740 2 2 0 1 7127 7126 6999
13741 2 2 0 1 7000 7127 6999
13742 2 2 0 1 7128 7127 7000
13743 2 2 0 1 7001 7128 7000
13744 2 2 0 1 7129 7128 7001
13745 2 2 0 1 7002 7129 7001
13746 2 2 0 1 7130 7129 7002
13747 2 2 0 1 7003 7130 7002
13748 2 2 0 1 7131 7130 7003
13749 2 2 0 1 7004 7131 7003
13750 2 2 0 1 7132 7131 7004
13751 2 2 0 1 7133 7005 7004
13752 2 2 0 1 7133 7132 7004
13753 2 2 0 1 7134 7006 7005
13754 2 2 0 1 7134 7133 7005
13755 2 2 0 1 7135 7007 7006
13756 2 2 0 1 7135 7134 7006
13757 2 2 0 1 7136 7008 7007
13758 2 2 0 1 7136 7135 7007
13759 2 2 0 1 7137 7009 7008
13760 2 2 0 1 7137 7136 7008
13761 2 2 0 1 7138 7010 7009
13762 2 2 0 1 7138 7137 7009
13763 2 2 0 1 7139 7011 7010
13764 2 2 0 1 7139 7138 7010
13765 2 2 0 1 7140 7012 7011
13766 2 2 0 1 7140 7139 7011
13767 2 2 0 1 7141 7013 7012
13768 2 2 0 1 7141 7140 7012
13769 2 2 0 1 7142 7014 7013
13770 2 2 0 1 7142 7141 7013
13771 2 2 0 1 7143 7015 7014
13772 2 2 0 1 7143 7142 7014
13773 2 2 0 1 7144 7016 7015
13774 2 2 0 1 7144 7143 7015
13775 2 2 0 1 7145 7017 7016
13776 2 2 0 1 7145 7144 7016
13777 2 2 0 1 7146 7018 7017
13778 2 2 0 1 7146 7145 7017
13779 2 2 0 1 7147 7019 7018
13780 2 2 0 1 7147 7146 7018
13781 2 2 0 1 7148 7020 7019
13782 2 2 0 1 7148 7147 7019
13783 2 2 0 1 7149 7021 7020
13784 2 2 0 1 7149 7148 7020
13785 2 2 0 1 7150 7022 7021
13786 2 2 0 1 7150 7149 7021
13787 2 2 0 1 7151 7023 7022
13788 2 2 0 1 7151 7150 7022
13789 2 2 0 1 7152 7024 7023
13790 2 2 0 1 7152 7151 7023
13791 2 2 0 1 7153 7025 7024
13792 2 2 0 1 7153 7152 7024
13793 2 2 0 1 7154 7026 7025
13794 2 2 0 1 7154 7153 7025
13795 2 2 0 1 7155 7027 7026
13796 2 2 0 1 7155 7154 7026
13797 2 2 0 1 7156 7028 7027
13798 2 2 0 1 7156 7155 7027
13799 2 2 0 1 7157 7029 7028
13800 2 2 0 1 7157 7156 7028
13801 2 2 0 1 7158 7030 7029
13802 2 2 0 1 7158 7157 7029
13803 2 2 0 1 7159 7031 7030
13804 2 2 0 1 7159 7158 7030
13805 2 2 0 1 7160 7032 7031
13806 2 2 0 1 7160 7159 7031
13807 2 2 0 1 7161 7033 7032
13808 2 2 0 1 7161 7160 7032
13809 2 2 0 1 7162 7034 7033
13810 2 2 0 1 7162 7161 7033
13811 2 2 0 1 7163 7035 7034
13812 2 2 0 1 7163 7162 7034
13813 2 2 0 1 7164 7036 7035
13814 2 2 0 1 7164 7163 7035
13815 2 2 0 1 7165 7037 7036
13816 2 2 0 1 7165 7164 7036
13817 2 2 0 1 7166 7038 7037
13818 2 2 0 1 7166 7165 7037
13819 2 2 0 1 7167 7039 7038
13820 2 2 0 1 7167 7166 7038
13821 2 2 0 1 7168 7040 7039
13822 2 2 0 1 7168 7167 7039
13823 2 2 0 1 7041 6913 7040
13824 2 2 0 1 7041 7168 7040
13825 2 2 0 1 7042 7169 7041
13826 2 2 0 1 7170 7169 7042
13827 2 2 0 1 7043 7170 7042
13828 2 2 0 1 7171 7170 7043
13829 2 2 0 1 7044 7171 7043
13830 2 2 0 1 7172 7171 7044
13831 2 2 0 1 7045 7172 7044
13832 2 2 0 1 7173 7172 7045
13833 2 2 0 1 7046 7173 7045
13834 2 2 0 1 7174 7173 7046
13835 2 2 0 1 7047 7174 7046
13836 2 2 0 1 7175 7174 7047
13837 2 2 0 1 7048 7175 7047
13838 2 2 0 1 7176 7175 7048
13839 2 2 0 1 7049 7176 7048
13840 2 2 0 1 7177 7176 7049
13841 2 2 0 1 7050 7177 7049
13842 2 2 0 1 7178 7177 7050
13843 2 2 0 1 7051 7178 7050
13844 2 2 0 1 7179 7178 7051
13845 2 2 0 1 7052 7179 7051
13846 2 2 0 1 7180 7179 7052
13847 2 2 0 1 7053 7180 7052
13848 2 2 0 1 7181 7180 7053
13849 2 2 0 1 7054 7181 7053
13850 2 2 0 1 7182 7181 7054
13851 2 2 0 1 7055 7182 7054
13852 2 2 0 1 7183 7182 7055
13853 2 2 0 1 7056 7183 7055
13854 2 2 0 1 7184 7183 7056
13855 2 2 0 1 7057 7184 7056
13856 2 2 0 1 7185 7184 7057
13857 2 2 0 1 7058 7185 7057
13858 2 2 0 1 7186 7185 7058
13859 2 2 0 1 7059 7186 7058
13860 2 2 0 1 7187 7186 7059
13861 2 2 0 1 7060 7187 7059
13862 2 2 0 1 7188 7187 7060
13863 2 2 0 1 7061 7188 7060
13864 2 2 0 1 7189 7188 7061
13865 2 2 0 1 7062 7189 7061
13866 2 2 0 1 7190 7189 7062
13867 2 2 0 1 7063 7190 7062
13868 2 2 0 1 7191 7190 7063
13869 2 2 0 1 7064 7191 7063
13870 2 2 0 1 7192 7191 7064
13871 2 2 0 1 7065 7192 7064
13872 2 2 0 1 7193 7192 7065
13873 2 2 0 1 7066 7193 7065
13874 2 2 0 1 7194 7193 7066
13875 2 2 0 1 7067 7194 7066
13876 2 2 0 1 7195 7194 7067
13877 2 2 0 1 7068 7195 7067
13878 2 2 0 1 7196 7195 7068
13879 2 2 0 1 7069 7196 7068
13880 2 2 0 1 7197 7196 7069
13881 2 2 0 1 7070 7197 7069
13882 2 2 0 1 7198 7197 7070
13883 2 2 0 1 7071 7198 7070
13884 2 2 0 1 7199 7198 7071
13885 2 2 0 1 7072 7199 7071
13886 2 2 0 1 7200 7199 7072
13887 2 2 0 1 7073 7200 7072
13888 2 2 0 1 7201 7200 7073
13889 2 2 0 1 7074 7201 7073
13890 2 2 0 1 7202 7201 7074
13891 2 2 0 1 7075 7202 7074
13892 2 2 0 1 7203 7202 7075
13893 2 2 0 1 7076 7203 7075
13894 2 2 0 1 7204 7203 7076
13895 2 2 0 1 7077 7204 7076
13896 2 2 0 1 7205 7204 7077
13897 2 2 0 1 7206 7078 7077
13898 2 2 0 1 7206 7205 7077
13899 2 2 0 1 7207 7079 7078
13900 2 2 0 1 7207 7206 7078
13901 2 2 0 1 7208 7080 7079
13902 2 2 0 1 7208 7207 7079
13903 2 2 0 1 7209 7081 7080
13904 2 2 0 1 7209 7208 7080
13905 2 2 0 1 7210 7082 7081
13906 2 2 0 1 7210 7209 7081
13907 2 2 0 1 7211 7083 7082
13908 2 2 0 1 7211 7210 7082
13909 2 2 0 1 7212 7084 7083
13910 2 2 0 1 7212 7211 7083
13911 2 2 0 1 7213 7085 7084
13912 2 2 0 1 7213 7212 7084
13913 2 2 0 1 7214 7086 7085
13914 2 2 0 1 7214 7213 7085
13915 2 2 0 1 7215 7087 7086
13916 2 2 0 1 7215 7214 7086
13917 2 2 0 1 7216 7088 7087
13918 2 2 0 1 7216 7215 7087
13919 2 2 0 1 7217 7089 7088
13920 2 2 0 1 7217 7216 7088
13921 2 2 0 1 7218 7090 7089
13922 2 2 0 1 7218 7217 7089
13923 2 2 0 1 7219 7091 7090
13924 2 2 0 1 7219 7218 7090
13925 2 2 0 1 7220 7092 7091
13926 2 2 0 1 7220 7219 7091
13927 2 2 0 1 7221 7093 7092
13928 2 2 0 1 7221 7220 7092
13929 2 2 0 1 7222 7094 7093
13930 2 2 0 1 7222 7221 7093
13931 2 2 0 1 7223 7095 7094
13932 2 2 0 1 7223 7222 7094
13933 2 2 0 1 7224 7096 7095
13934 2 2 0 1 7224 7223 7095
13935 2 2 0 1 7225 7097 7096
13936 2 2 0 1 7225 7224 7096
13937 2 2 0 1 7226 7098 7097
13938 2 2 0 1 7226 7225 7097
13939 2 2 0 1 7227 7099 7098
13940 2 2 0 1 7227 7226 7098
13941 2 2 0 1 7228 7100 7099
13942 2 2 0 1 7228 7227 7099
13943 2 2 0 1 7229 7101 7100
13944 2 2 0 1 7229 7228 7100
13945 2 2 0 1 7230 7102 7101
13946 2 2 0 1 7230 7229 7101
13947 2 2 0 1 7231 7103 7102
13948 2 2 0 1 7231 7230 7102
13949 2 2 0 1 7232 7104 7103
13950 2 2 0 1 7232 7231 7103
13951 2 2 0 1 7233 7105 7104
13952 2 2 0 1 7233 7232 7104
13953 2 2 0 1 7106 7233 7105
13954 2 2 0 1 7234 7233 7106
13955 2 2 0 1 7107 7234 7106
13956 2 2 0 1 7235 7234 7107
13957 2 2 0 1 7108 7235 7107
13958 2 2 0 1 7236 7235 7108
13959 2 2 0 1 7109 7236 7108
13960 2 2 0 1 7237 7236 7109
13961 2 2 0 1 7110 7237 7109
13962 2 2 0 1 7238 7237 7110
13963 2 2 0 1 7111 7238 7110
13964 2 2 0 1 7239 7238 7111
13965 2 2 0 1 7112 7239 7111
13966 2 2 0 1 7240 7239 7112
13967 2 2 0 1 7113 7240 7112
13968 2 2 0 1 7241 7240 7113
13969 2 2 0 1 7114 7241 7113
13970 2 2 0 1 7242 7241 7114
13971 2 2 0 1 7115 7242 7114
13972 2 2 0 1 7243 7242 7115
13973 2 2 0 1 7116 7243 7115
13974 2 2 0 1 7244 7243 7116
13975 2 2 0 1 7117 7244 7116
13976 2 2 0 1 7245 7244 7117
13977 2 2 0 1 7118 7245 7117
13978 2 2 0 1 7246 7245 7118
13979 2 2 0 1 7119 7246 7118
13980 2 2 0 1 7247 7246 7119
13981 2 2 0 1 7120 7247 7119
13982 2 2 0 1 7248 7247 7120
13983 2 2 0 1 7121 7248 7120
13984 2 2 0 1 7249 7248 7121
13985 2 2 0 1 7122 7249 7121
13986 2 2 0 1 7250 7249 7122
13987 2 2 0 1 7123 7250 7122
13988 2 2 0 1 7251 7250 7123
13989 2 2 0 1 7124 7251 7123
13990 2 2 0 1 7252 7251 7124
13991 2 2 0 1 7125 7252 7124
13992 2 2 0 1 7253 7252 7125
13993 2 2 0 1 7126 7253 7125
13994 2 2 0 1 7254 7253 7126
13995 2 2 0 1 7127 7254 7126
13996 2 2 0 1 7255 7254 7127
13997 2 2 0 1 7128 7255 7127
13998 2 2 0 1 7256 7255 7128
13999 2 2 0 1 7129 7256 7128
14000 2 2 0 1 7257 7256 7129
14001 2 2 0 1 7130 7257 7129
14002 2 2 0 1 7258 7257 7130
14003 2 2 0 1 7131 7258 7130
14004 2 2 0 1 7259 7258 7131
14005 2 2 0 1 7132 7259 7131
14006 2 2 0 1 7260 7259 7132
14007 2 2 0 1 7133 7260 7132
14008 2 2 0 1 7261 7260 7133
14009 2 2 0 1 7262 7134 7133
14010 2 2 0 1 7262 7261 7133
14011 2 2 0 1 7263 7135 7134
14012 2 2 0 1 7263 7262 7134
14013 2 2 0 1 7264 7136 7135
14014 2 2 0 1 7264 7263 7135
14015 2 2 0 1 7265 7137 7136
14016 2 2 0 1 7265 7264 7136
14017 2 2 0 1 7266 7138 7137
14018 2 2 0 1 7266 7265 7137
14019 2 2 0 1 7267 7139 7138
14020 2 2 0 1 7267 7266 7138
14021 2 2 0 1 7268 7140 7139
14022 2 2 0 1 7268 7267 7139
14023 2 2 0 1 7269 7141 7140
14024 2 2 0 1 7269 7268 7140
14025 2 2 0 1 7270 7142 7141
14026 2 2 0 1 7270 7269 7141
14027 2 2 0 1 7271 7143 7142
14028 2 2 0 1 7271 7270 7142
14029 2 2 0 1 7272 7144 7143
14030 2 2 0 1 7272 7271 7143
14031 2 2 0 1 7273 7145 7144
14032 2 2 0 1 7273 7272 7144
14033 2 2 0 1 7274 7146 7145
14034 2 2 0 1 7274 7273 7145
14035 2 2 0 1 7275 7147 7146
14036 2 2 0 1 7275 7274 7146
14037 2 2 0 1 7276 7148 7147
14038 2 2 0 1 7276 7275 7147
14039 2 2 0 1 7277 7149 7148
14040 2 2 0 1 7277 7276 7148
14041 2 2 0 1 7278 7150 7149
14042 2 2 0 1 7278 7277 7149
14043 2 2 0 1 7279 7151 7150
14044 2 2 0 1 7279 7278 7150
14045 2 2 0 1 7280 7152 7151
14046 2 2 0 1 7280 7279 7151
14047 2 2 0 1 7281 7153 7152
14048 2 2 0 1 7281 7280 7152
14049 2 2 0 1 7282 7154 7153
14050 2 2 0 1 7282 7281 7153
14051 2 2 0 1 7283 7155 7154
14052 2 2 0 1 7283 7282 7154
14053 2 2 0 1 7284 7156 7155
14054 2 2 0 1 7284 7283 7155
14055 2 2 0 1 7285 7157 7156
14056 2 2 0 1 7285 7284 7156
14057 2 2 0 1 7286 7158 7157
14058 2 2 0 1 7286 7285 7157
14059 2 2 0 1 7287 7159 7158
14060 2 2 0 1 7287 7286 7158
14061 2 2 0 1 7288 7160 7159
14062 2 2 0 1 7288 7287 7159
14063 2 2 0 1 7289 7161 7160
14064 2 2 0 1 7289 7288 7160
14065 2 2 0 1 7290 7162 7161
14066 2 2 0 1 7290 7289 7161
14067 2 2 0 1 7291 7163 7162
14068 2 2 0 1 7291 7290 7162
14069 2 2 0 1 7292 7164 7163
14070 2 2 0 1 7292 7291 7163
14071 2 2 0 1 7293 7165 7164
14072 2 2 0 1 7293 7292 7164
14073 2 2 0 1 7294 7166 7165
14074 2 2 0 1 7294 7293 7165
14075 2 2 0 1 7295 7167 7166
14076 2 2 0 1 7295 7294 7166
14077 2 2 0 1 7296 7168 7167
14078 2 2 0 1 7296 7295 7167
14079 2 2 0 1 7169 7041 7168
14080 2 2 0 1 7169 7296 7168
14081 2 2 0 1 7170 7297 7169
14082 2 2 0 1 7298 7297 7170
14083 2 2 0 1 7171 7298 7170
14084 2 2 0 1 7299 7298 7171
14085 2 2 0 1 7172 7299 7171
14086 2 2 0 1 7300 7299 7172
14087 2 2 0 1 7173 7300 7172
14088 2 2 0 1 7301 7300 7173
14089 2 2 0 1 7174 7301 7173
14090 2 2 0 1 7302 7301 7174
14091 2 2 0 1 7175 7302 7174
14092 2 2 0 1 7303 7302 7175
14093 2 2 0 1 7176 7303 7175
14094 2 2 0 1 7304 7303 7176
14095 2 2 0 1 7177 7304 7176
14096 2 2 0 1 7305 7304 7177
14097 2 2 0 1 7178 7305 7177
14098 2 2 0 1 7306 7305 7178
14099 2 2 0 1 7179 7306 7178
14100 2 2 0 1 7307 7306 7179
14101 2 2 0 1 7180 7307 7179
14102 2 2 0 1 7308 7307 7180
14103 2 2 0 1 7181 7308 7180
14104 2 2 0 1 7309 7308 7181
14105 2 2 0 1 7182 7309 7181
14106 2 2 0 1 7310 7309 7182
14107 2 2 0 1 7183 7310 7182
14108 2 2 0 1 7311 7310 7183
14109 2 2 0 1 7184 7311 7183
14110 2 2 0 1 7312 7311 7184
14111 2 2 0 1 7185 7312 7184
14112 2 2 0 1 7313 7312 7185
14113 2 2 0 1 7186 7313 7185
14114 2 2 0 1 7314 7313 7186
14115 2 2 0 1 7187 7314 7186
14116 2 2 0 1 7315 7314 7187
14117 2 2 0 1 7188 7315 7187
14118 2 2 0 1 7316 7315 7188
14119 2 2 0 1 7189 7316 7188
14120 2 2 0 1 7317 7316 7189
14121 2 2 0 1 7190 7317 7189
14122 2 2 0 1 7318 7317 7190
14123 2 2 0 1 7191 7318 7190
14124 2 2 0 1 7319 7318 7191
14125 2 2 0 1 7192 7319 7191
14126 2 2 0 1 7320 7319 7192
14127 2 2 0 1 7193 7320 7192
14128 2 2 0 1 7321 7320 7193
14129 2 2 0 1 7194 7321 7193
14130 2 2 0 1 7322 7321 7194
14131 2 2 0 1 7195 7322 7194
14132 2 2 0 1 7323 7322 7195
14133 2 2 0 1 7196 7323 7195
14134 2 2 0 1 7324 7323 7196
14135 2 2 0 1 7197 7324 7196
14136 2 2 0 1 7325 7324 7197
14137 2 2 0 1 7198 7325 7197
14138 2 2 0 1 7326 7325 7198
14139 2 2 0 1 7199 7326 7198
14140 2 2 0 1 7327 7326 7199
14141 2 2 0 1 7200 7327 7199
14142 2 2 0 1 7328 7327 7200
14143 2 2 0 1 7201 7328 7200
14144 2 2 0 1 7329 7328 7201
14145 2 2 0 1 7202 7329 7201
14146 2 2 0 1 7330 7329 7202
14147 2 2 0 1 7203 7330 7202
14148 2 2 0 1 7331 7330 7203
14149 2 2 0 1 7204 7331 7203
14150 2 2 0 1 7332 7331 7204
14151 2 2 0 1 7205 7332 7204
14152 2 2 0 1 7333 7332 7205
14153 2 2 0 1 7334 7206 7205
14154 2 2 0 1 7334 7333 7205
14155 2 2 0 1 7335 7207 7206
14156 2 2 0 1 7335 7334 7206
14157 2 2 0 1 7336 7208 7207
14158 2 2 0 1 7336 7335 7207
14159 2 2 0 1 7337 7209 7208
14160 2 2 0 1 7337 7336 7208
14161 2 2 0 1 7338 7210 7209
14162 2 2 0 1 7338 7337 7209
14163 2 2 0 1 7339 7211 7210
14164 2 2 0 1 7339 7338 7210
14165 2 2 0 1 7340 7212 7211
14166 2 2 0 1 7340 7339 7211
14167 2 2 0 1 7341 7213 7212
14168 2 2 0 1 7341 7340 7212
14169 2 2 0 1 7342 7214 7213
14170 2 2 0 1 7342 7341 7213
14171 2 2 0 1 7343 7215 7214
14172 2 2 0 1 7343 7342 7214
14173 2 2 0 1 7344 7216 7215
14174 2 2 0 1 7344 7343 7215
14175 2 2 0 1 7345 7217 7216
14176 2 2 0 1 7345 7344 7216
14177 2 2 0 1 7346 7218 7217
14178 2 2 0 1 7346 7345 7217
14179 2 2 0 1 7347 7219 7218
14180 2 2 0 1 7347 7346 7218
14181 2 2 0 1 7348 7220 7219
14182 2 2 0 1 7348 7347 7219
14183 2 2 0 1 7349 7221 7220
14184 2 2 0 1 7349 7348 7220
14185 2 2 0 1 7350 7222 7221
14186 2 2 0 1 7350 7349 7221
14187 2 2 0 1 7351 7223 7222
14188 2 2 0 1 7351 7350 7222
14189 2 2 0 1 7352 7224 7223
14190 2 2 0 1 7352 7351 7223
14191 2 2 0 1 7353 7225 7224
14192 2 2 0 1 7353 7352 7224
14193 2 2 0 1 7354 7226 7225
14194 2 2 0 1 7354 7353 7225
14195 2 2 0 1 7355 7227 7226
14196 2 2 0 1 7355 7354 7226
14197 2 2 0 1 7356 7228 7227
14198 2 2 0 1 7356 7355 7227
14199 2 2 0 1 7357 7229 7228
14200 2 2 0 1 7357 7356 7228
14201 2 2 0 1 7358 7230 7229
14202 2 2 0 1 7358 7357 7229
14203 2 2 0 1 7359 7231 7230
14204 2 2 0 1 7359 7358 7230
14205 2 2 0 1 7360 7232 7231
14206 2 2 0 1 7360 7359 7231
14207 2 2 0 1 7361 7233 7232
14208 2 2 0 1 7361 7360 7232
14209 2 2 0 1 7234 7361 7233
14210 2 2 0 1 7362 7361 7234
14211 2 2 0 1 7235 7362 7234
14212 2 2 0 1 7363 7362 7235
14213 2 2 0 1 7236 7363 7235
14214 2 2 0 1 7364 7363 7236
14215 2 2 0 1 7237 7364 7236
14216 2 2 0 1 7365 7364 7237
14217 2 2 0 1 7238 7365 7237
14218 2 2 0 1 7366 7365 7238
14219 2 2 0 1 7239 7366 7238
14220 2 2 0 1 7367 7366 7239
14221 2 2 0 1 7240 7367 7239
14222 2 2 0 1 7368 7367 7240
14223 2 2 0 1 7241 7368 7240
14224 2 2 0 1 7369 7368 7241
14225 2 2 0 1 7242 7369 7241
14226 2 2 0 1 7370 7369 7242
14227 2 2 0 1 7243 7370 7242
14228 2 2 0 1 7371 7370 7243
14229 2 2 0 1 7244 7371 7243
14230 2 2 0 1 7372 7371 7244
14231 2 2 0 1 7245 7372 7244
14232 2 2 0 1 7373 7372 7245
14233 2 2 0 1 7246 7373 7245
14234 2 2 0 1 7374 7373 7246
14235 2 2 0 1 7247 7374 7246
14236 2 2 0 1 7375 7374 7247
14237 2 2 0 1 7248 7375 7247
14238 2 2 0 1 7376 7375 7248
14239 2 2 0 1 7249 7376 7248
14240 2 2 0 1 7377 7376 7249
14241 2 2 0 1 7250 7377 7249
14242 2 2 0 1 7378 7377 7250
14243 2 2 0 1 7251 7378 7250
14244 2 2 0 1 7379 7378 7251
14245 2 2 0 1 7252 7379 7251
14246 2 2 0 1 7380 7379 7252
14247 2 2 0 1 7253 7380 7252
14248 2 2 0 1 7381 7380 7253
14249 2 2 0 1 7254 7381 7253
14250 2 2 0 1 7382 7381 7254
14251 2 2 0 1 7255 7382 7254
14252 2 2 0 1 7383 7382 7255
14253 2 2 0 1 7256 7383 7255
14254 2 2 0 1 7384 7383 7256
14255 2 2 0 1 7257 7384 7256
14256 2 2 0 1 7385 7384 7257
14257 2 2 0 1 7258 7385 7257
14258 2 2 0 1 7386 7385 7258
14259 2 2 0 1 7259 7386 7258
14260 2 2 0 1 7387 7386 7259
14261 2 2 0 1 7260 7387 7259
14262 2 2 0 1 7388 7387 7260
14263 2 2 0 1 7261 7388 7260
14264 2 2 0 1 7389 7388 7261
14265 2 2 0 1 7390 7262 7261
14266 2 2 0 1 7390 7389 7261
14267 2 2 0 1 7391 7263 7262
14268 2 2 0 1 7391 7390 7262
14269 2 2 0 1 7392 7264 7263
14270 2 2 0 1 7392 7391 7263
14271 2 2 0 1 7393 7265 7264
14272 2 2 0 1 7393 7392 7264
14273 2 2 0 1 7394 7266 7265
14274 2 2 0 1 7394 7393 7265
14275 2 2 0 1 7395 7267 7266
14276 2 2 0 1 7395 7394 7266
14277 2 2 0 1 7396 7268 7267
14278 2 2 0 1 7396 7395 7267
14279 2 2 0 1 7397 7269 7268
14280 2 2 0 1 7397 7396 7268
14281 2 2 0 1 7398 7270 7269
14282 2 2 0 1 7398 7397 7269
14283 2 2 0 1 7399 7271 7270
14284 2 2 0 1 7399 7398 7270
14285 2 2 0 1 7400 7272 7271
14286 2 2 0 1 7400 7399 7271
14287 2 2 0 1 7401 7273 7272
14288 2 2 0 1 7401 7400 7272
14289 2 2 0 1 7402 7274 7273
14290 2 2 0 1 7402 7401 7273
14291 2 2 0 1 7403 7275 7274
14292 2 2 0 1 7403 7402 7274
14293 2 2 0 1 7404 7276 7275
14294 2 2 0 1 7404 7403 7275
14295 2 2 0 1 7405 7277 7276
14296 2 2 0 1 7405 7404 7276
14297 2 2 0 1 7406 7278 7277
14298 2 2 0 1 7406 7405 7277
14299 2 2 0 1 7407 7279 7278
14300 2 2 0 1 7407 7406 7278
14301 2 2 0 1 7408 7280 7279
14302 2 2 0 1 7408 7407 7279
14303 2 2 0 1 7409 7281 7280
14304 2 2 0 1 7409 7408 7280
14305 2 2 0 1 7410 7282 7281
14306 2 2 0 1 7410 7409 7281
14307 2 2 0 1 7411 7283 7282
14308 2 2 0 1 7411 7410 7282
14309 2 2 0 1 7412 7284 7283
14310 2 2 0 1 7412 7411 7283
14311 2 2 0 1 7413 7285 7284
14312 2 2 0 1 7413 7412 7284
14313 2 2 0 1 7414 7286 7285
14314 2 2 0 1 7414 7413 7285
14315 2 2 0 1 7415 7287 7286
14316 2 2 0 1 7415 7414 7286
14317 2 2 0 1 7416 7288 7287
14318 2 2 0 1 7416 7415 7287
14319 2 2 0 1 7417 7289 7288
14320 2 2 0 1 7417 7416 7288
14321 2 2 0 1 7418 7290 7289
14322 2 2 0 1 7418 7417 7289
14323 2 2 0 1 7419 7291 7290
14324 2 2 0 1 7419 7418 7290
14325 2 2 0 1 7420 7292 7291
14326 2 2 0 1 7420 7419 7291
14327 2 2 0 1 7421 7293 7292
14328 2 2 0 1 7421 7420 7292
14329 2 2 0 1 7422 7294 7293
14330 2 2 0 1 7422 7421 7293
14331 2 2 0 1 7423 7295 7294
14332 2 2 0 1 7423 7422 7294
14333 2 2 0 1 7424 7296 7295
14334 2 2 0 1 7424 7423 7295
14335 2 2 0 1 7297 7169 7296
14336 2 2 0 1 7297 7424 7296
14337 2 2 0 1 7298 7425 7297
14338 2 2 0 1 7426 7425 7298
14339 2 2 0 1 7299 7426 7298
14340 2 2 0 1 7427 7426 7299
14341 2 2 0 1 7300 7427 7299
14342 2 2 0 1 7428 7427 7300
14343 2 2 0 1 7301 7428 7300
14344 2 2 0 1 7429 7428 7301
14345 2 2 0 1 7302 7429 7301
14346 2 2 0 1 7430 7429 7302
14347 2 2 0 1 7303 7430 7302
14348 2 2 0 1 7431 7430 7303
14349 2 2 0 1 7304 7431 7303
14350 2 2 0 1 7432 7431 7304
14351 2 2 0 1 7305 7432 7304
14352 2 2 0 1 7433 7432 7305
14353 2 2 0 1 7306 7433 7305
14354 2 2 0 1 7434 7433 7306
14355 2 2 0 1 7307 7434 7306
14356 2 2 0 1 7435 7434 7307
14357 2 2 0 1 7308 7435 7307
14358 2 2 0 1 7436 7435 7308
14359 2 2 0 1 7309 7436 7308
14360 2 2 0 1 7437 7436 7309
14361 2 2 0 1 7310 7437 7309
14362 2 2 0 1 7438 7437 7310
14363 2 2 0 1 7311 7438 7310
14364 2 2 0 1 7439 7438 7311
14365 2 2 0 1 7312 7439 7311
14366 2 2 0 1 7440 7439 7312
14367 2 2 0 1 7313 7440 7312
14368 2 2 0 1 7441 7440 7313
14369 2 2 0 1 7314 7441 7313
14370 2 2 0 1 7442 7441 7314
14371 2 2 0 1 7315 7442 7314
14372 2 2 0 1 7443 7442 7315
14373 2 2 0 1 7316 7443 7315
14374 2 2 0 1 7444 7443 7316
14375 2 2 0 1 7317 7444 7316
14376 2 2 0 1 7445 7444 7317
14377 2 2 0 1 7318 7445 7317
14378 2 2 0 1 7446 7445 7318
14379 2 2 0 1 7319 7446 7318
14380 2 2 0 1 7447 7446 7319
14381 2 2 0 1 7320 7447 7319
14382 2 2 0 1 7448 7447 7320
14383 2 2 0 1 7321 7448 7320
14384 2 2 0 1 7449 7448 7321
14385 2 2 0 1 7322 7449 7321
14386 2 2 0 1 7450 7449 7322
14387 2 2 0 1 7323 7450 7322
14388 2 2 0 1 7451 7450 7323
14389 2 2 0 1 7324 7451 7323
14390 2 2 0 1 7452 7451 7324
14391 2 2 0 1 7325 7452 7324
14392 2 2 0 1 7453 7452 7325
14393 2 2 0 1 7326 7453 7325
14394 2 2 0 1 7454 7453 7326
14395 2 2 0 1 7327 7454 7326
14396 2 2 0 1 7455 7454 7327
14397 2 2 0 1 7328 7455 7327
14398 2 2 0 1 7456 7455 7328
14399 2 2 0 1 7329 7456 7328
14400 2 2 0 1 7457 7456 7329
14401 2 2 0 1 7330 7457 7329
14402 2 2 0 1 7458 7457 7330
14403 2 2 0 1 7331 7458 7330
14404 2 2 0 1 7459 7458 7331
14405 2 2 0 1 7332 7459 7331
14406 2 2 0 1 7460 7459 7332
14407 2 2 0 1 7461 7333 7332
14408 2 2 0 1 7461 7460 7332
14409 2 2 0 1 7462 7334 7333
14410 2 2 0 1 7462 7461 7333
14411 2 2 0 1 7463 7335 7334
14412 2 2 0 1 7463 7462 7334
14413 2 2 0 1 7464 7336 7335
14414 2 2 0 1 7464 7463 7335
14415 2 2 0 1 7465 7337 7336
14416 2 2 0 1 7465 7464 7336
14417 2 2 0 1 7466 7338 7337
14418 2 2 0 1 7466 7465 7337
14419 2 2 0 1 7467 7339 7338
14420 2 2 0 1 7467 7466 7338
14421 2 2 0 1 7468 7340 7339
14422 2 2 0 1 7468 7467 7339
14423 2 2 0 1 7469 7341 7340
14424 2 2 0 1 7469 7468 7340
14425 2 2 0 1 7470 7342 7341
14426 2 2 0 1 7470 7469 7341
14427 2 2 0 1 7471 7343 7342
14428 2 2 0 1 7471 7470 7342
14429 2 2 0 1 7472 7344 7343
14430 2 2 0 1 7472 7471 7343
14431 2 2 0 1 7473 7345 7344
14432 2 2 0 1 7473 7472 7344
14433 2 2 0 1 7474 7346 7345
14434 2 2 0 1 7474 7473 7345
14435 2 2 0 1 7475 7347 7346
14436 2 2 0 1 7475 7474 7346
14437 2 2 0 1 7476 7348 7347
14438 2 2 0 1 7476 7475 7347
14439 2 2 0 1 7477 7349 7348
14440 2 2 0 1 7477 7476 7348
14441 2 2 0 1 7478 7350 7349
14442 2 2 0 1 7478 7477 7349
14443 2 2 0 1 7479 7351 7350
14444 2 2 0 1 7479 7478 7350
14445 2 2 0 1 7480 7352 7351
14446 2 2 0 1 7480 7479 7351
14447 2 2 0 1 7481 7353 7352
14448 2 2 0 1 7481 7480 7352
14449 2 2 0 1 7482 7354 7353
14450 2 2 0 1 7482 7481 7353
14451 2 2 0 1 7483 7355 7354
14452 2 2 0 1 7483 7482 7354
14453 2 2 0 1 7484 7356 7355
14454 2 2 0 1 7484 7483 7355
14455 2 2 0 1 7485 7357 7356
14456 2 2 0 1 7485 7484 7356
14457 2 2 0 1 7486 7358 7357
14458 2 2 0 1 7486 7485 7357
14459 2 2 0 1 7487 7359 7358
14460 2 2 0 1 7487 7486 7358
14461 2 2 0 1 7488 7360 7359
14462 2 2 0 1 7488 7487 7359
14463 2 2 0 1 7489 7361 7360
14464 2 2 0 1 7489 7488 7360
14465 2 2 0 1 7362 7489 7361
14466 2 2 0 1 7490 7489 7362
14467 2 2 0 1 7363 7490 7362
14468 2 2 0 1 7491 7490 7363
14469 2 2 0 1 7364 7491 7363
14470 2 2 0 1 7492 7491 7364
14471 2 2 0 1 7365 7492 7364
14472 2 2 0 1 7493 7492 7365
14473 2 2 0 1 7366 7493 7365
14474 2 2 0 1 7494 7493 7366
14475 2 2 0 1 7367 7494 7366
14476 2 2 0 1 7495 7494 7367
14477 2 2 0 1 7368 7495 7367
14478 2 2 0 1 7496 7495 7368
14479 2 2 0 1 7369 7496 7368
14480 2 2 0 1 7497 7496 7369
14481 2 2 0 1 7370 7497 7369
14482 2 2 0 1 7498 7497 7370
14483 2 2 0 1 7371 7498 7370
14484 2 2 0 1 7499 7498 7371
14485 2 2 0 1 7372 7499 7371
14486 2 2 0 1 7500 7499 7372
14487 2 2 0 1 7373 7500 7372
14488 2 2 0 1 7501 7500 7373
14489 2 2 0 1 7374 7501 7373
14490 2 2 0 1 7502 7501 7374
14491 2 2 0 1 7375 7502 7374
14492 2 2 0 1 7503 7502 7375
14493 2 2 0 1 7376 7503 7375
14494 2 2 0 1 7504 7503 7376
14495 2 2 0 1 7377 7504 7376
14496 2 2 0 1 7505 7504 7377
14497 2 2 0 1 7378 7505 7377
14498 2 2 0 1 7506 7505 7378
14499 2 2 0 1 7379 7506 7378
14500 2 2 0 1 7507 7506 7379
14501 2 2 0 1 7380 7507 7379
14502 2 2 0 1 7508 7507 7380
14503 2 2 0 1 7381 7508 7380
14504 2 2 0 1 7509 7508 7381
14505 2 2 0 1 7382 7509 7381
14506 2 2 0 1 7510 7509 7382
14507 2 2 0 1 7383 7510 7382
14508 2 2 0 1 7511 7510 7383
14509 2 2 0 1 7384 7511 7383
14510 2 2 0 1 7512 7511 7384
14511 2 2 0 1 7385 7512 7384
14512 2 2 0 1 7513 7512 7385
14513 2 2 0 1 7386 7513 7385
14514 2 2 0 1 7514 7513 7386
14515 2 2 0 1 7387 7514 7386
14516 2 2 0 1 7515 7514 7387
14517 2 2 0 1 7388 7515 7387
14518 2 2 0 1 7516 7515 7388
14519 2 2 0 1 7389 7516 7388
14520 2 2 0 1 7517 7516 7389
14521 2 2 0 1 7390 7517 7389
14522 2 2 0 1 7518 7517 7390
14523 2 2 0 1 7519 7391 7390
14524 2 2 0 1 7519 7518 7390
14525 2 2 0 1 7520 7392 7391
14526 2 2 0 1 7520 7519 7391
14527 2 2 0 1 7521 7393 7392
14528 2 2 0 1 7521 7520 7392
14529 2 2 0 1 7522 7394 7393
14530 2 2 0 1 7522 7521 7393
14531 2 2 0 1 7523 7395 7394
14532 2 2 0 1 7523 7522 7394
14533 2 2 0 1 7524 7396 7395
14534 2 2 0 1 7524 7523 7395
14535 2 2 0 1 7525 7397 7396
14536 2 2 0 1 7525 7524 7396
14537 2 2 0 1 7526 7398 7397
14538 2 2 0 1 7526 7525 7397
14539 2 2 0 1 7527 7399 7398
14540 2 2 0 1 7527 7526 7398
14541 2 2 0 1 7528 7400 7399
14542 2 2 0 1 7528 7527 7399
14543 2 2 0 1 7529 7401 7400
14544 2 2 0 1 7529 7528 7400
14545 2 2 0 1 7530 7402 7401
14546 2 2 0 1 7530 7529 7401
14547 2 2 0 1 7531 7403 7402
14548 2 2 0 1 7531 7530 7402
14549 2 2 0 1 7532 7404 7403
14550 2 2 0 1 7532 7531 7403
14551 2 2 0 1 7533 7405 7404
14552 2 2 0 1 7533 7532 7404
14553 2 2 0 1 7534 7406 7405
14554 2 2 0 1 7534 7533 7405
14555 2 2 0 1 7535 7407 7406
14556 2 2 0 1 7535 7534 7406
14557 2 2 0 1 7536 7408 7407
14558 2 2 0 1 7536 7535 7407
14559 2 2 0 1 7537 7409 7408
14560 2 2 0 1 7537 7536 7408
14561 2 2 0 1 7538 7410 7409
14562 2 2 0 1 7538 7537 7409
14563 2 2 0 1 7539 7411 7410
14564 2 2 0 1 7539 7538 7410
14565 2 2 0 1 7540 7412 7411
14566 2 2 0 1 7540 7539 7411
14567 2 2 0 1 7541 7413 7412
14568 2 2 0 1 7541 7540 7412
14569 2 2 0 1 7542 7414 7413
14570 2 2 0 1 7542 7541 7413
14571 2 2 0 1 7543 7415 7414
14572 2 2 0 1 7543 7542 7414
14573 2 2 0 1 7544 7416 7415
14574 2 2 0 1 7544 7543 7415
14575 2 2 0 1 7545 7417 7416
14576 2 2 0 1 7545 7544 7416
14577 2 2 0 1 7546 7418 7417
14578 2 2 0 1 7546 7545 7417
14579 2 2 0 1 7547 7419 7418
14580 2 2 0 1 7547 7546 7418
14581 2 2 0 1 7548 7420 7419
14582 2 2 0 1 7548 7547 7419
14583 2 2 0 1 7549 7421 7420
14584 2 2 0 1 7549 7548 7420
14585 2 2 0 1 7550 7422 7421
14586 2 2 0 1 7550 7549 7421
14587 2 2 0 1 7551 7423 7422
14588 2 2 0 1 7551 7550 7422
14589 2 2 0 1 7552 7424 7423
14590 2 2 0 1 7552 7551 7423
14591 2 2 0 1 7425 7297 7424
14592 2 2 0 1 7425 7552 7424
14593 2 2 0 1 7426 7553 7425
14594 2 2 0 1 7554 7553 7426
14595 2 2 0 1 7427 7554 7426
14596 2 2 0 1 7555 7554 7427
14597 2 2 0 1 7428 7555 7427
14598 2 2 0 1 7556 7555 7428
14599 2 2 0 1 7429 7556 7428
14600 2 2 0 1 7557 7556 7429
14601 2 2 0 1 7430 7557 7429
14602 2 2 0 1 7558 7557 7430
14603 2 2 0 1 7431 7558 7430
14604 2 2 0 1 7559 7558 7431
14605 2 2 0 1 7432 7559 7431
14606 2 2 0 1 7560 7559 7432
14607 2 2 0 1 7433 7560 7432
14608 2 2 0 1 7561 7560 7433
14609 2 2 0 1 7434 7561 7433
14610 2 2 0 1 7562 7561 7434
14611 2 2 0 1 7435 7562 7434
14612 2 2 0 1 7563 7562 7435
14613 2 2 0 1 7436 7563 7435
14614 2 2 0 1 7564 7563 7436
14615 2 2 0 1 7437 7564 7436
14616 2 2 0 1 7565 7564 7437
14617 2 2 0 1 7438 7565 7437
14618 2 2 0 1 7566 7565 7438
14619 2 2 0 1 7439 7566 7438
14620 2 2 0 1 7567 7566 7439
14621 2 2 0 1 7440 7567 7439
14622 2 2 0 1 7568 7567 7440
14623 2 2 0 1 7441 7568 7440
14624 2 2 0 1 7569 7568 7441
14625 2 2 0 1 7442 7569 7441
14626 2 2 0 1 7570 7569 7442
14627 2 2 0 1 7443 7570 7442
14628 2 2 0 1 7571 7570 7443
14629 2 2 0 1 7444 7571 7443
14630 2 2 0 1 7572 7571 7444
14631 2 2 0 1 7445 7572 7444
14632 2 2 0 1 7573 7572 7445
14633 2 2 0 1 7446 7573 7445
14634 2 2 0 1 7574 7573 7446
14635 2 2 0 1 7447 7574 7446
14636 2 2 0 1 7575 7574 7447
14637 2 2 0 1 7448 7575 7447
14638 2 2 0 1 7576 7575 7448
14639 2 2 0 1 7449 7576 7448
14640 2 2 0 1 7577 7576 7449
14641 2 2 0 1 7450 7577 7449
14642 2 2 0 1 7578 7577 7450
14643 2 2 0 1 7451 7578 7450
14644 2 2 0 1 7579 7578 7451
14645 2 2 0 1 7452 7579 7451
14646 2 2 0 1 7580 7579 7452
14647 2 2 0 1 7453 7580 7452
14648 2 2 0 1 7581 7580 7453
14649 2 2 0 1 7454 7581 7453
14650 2 2 0 1 7582 7581 7454
14651 2 2 0 1 7455 7582 7454
14652 2 2 0 1 7583 7582 7455
14653 2 2 0 1 7456 7583 7455
14654 2 2 0 1 7584 7583 7456
14655 2 2 0 1 7457 7584 7456
14656 2 2 0 1 7585 7584 7457
14657 2 2 0 1 7458 7585 7457
14658 2 2 0 1 7586 7585 7458
14659 2 2 0 1 7459 7586 7458
14660 2 2 0 1 7587 7586 7459
14661 2 2 0 1 7460 7587 7459
14662 2 2 0 1 7588 7587 7460
14663 2 2 0 1 7589 7461 7460
14664 2 2 0 1 7589 7588 7460
14665 2 2 0 1 7590 7462 7461
14666 2 2 0 1 7590 7589 7461
14667 2 2 0 1 7591 7463 7462
14668 2 2 0 1 7591 7590 7462
14669 2 2 0 1 7592 7464 7463
14670 2 2 0 1 7592 7591 7463
14671 2 2 0 1 7593 7465 7464
14672 2 2 0 1 7593 7592 7464
14673 2 2 0 1 7594 7466 7465
14674 2 2 0 1 7594 7593 7465
14675 2 2 0 1 7595 7467 7466
14676 2 2 0 1 7595 7594 7466
14677 2 2 0 1 7596 7468 7467
14678 2 2 0 1 7596 7595 7467
14679 2 2 0 1 7597 7469 7468
14680 2 2 0 1 7597 7596 7468
14681 2 2 0 1 7598 7470 7469
14682 2 2 0 1 7598 7597 7469
14683 2 2 0 1 7599 7471 7470
14684 2 2 0 1 7599 7598 7470
14685 2 2 0 1 7600 7472 7471
14686 2 2 0 1 7600 7599 7471
14687 2 2 0 1 7601 7473 7472
14688 2 2 0 1 7601 7600 7472
14689 2 2 0 1 7602 7474 7473
14690 2 2 0 1 7602 7601 7473
14691 2 2 0 1 7603 7475 7474
14692 2 2 0 1 7603 7602 7474
14693 2 2 0 1 7604 7476 7475
14694 2 2 0 1 7604 7603 7475
14695 2 2 0 1 7605 7477 7476
14696 2 2 0 1 7605 7604 7476
14697 2 2 0 1 7606 7478 7477
14698 2 2 0 1 7606 7605 7477
14699 2 2 0 1 7607 7479 7478
14700 2 2 0 1 7607 7606 7478
14701 2 2 0 1 7608 7480 7479
14702 2 2 0 1 7608 7607 7479
14703 2 2 0 1 7609 7481 7480
14704 2 2 0 1 7609 7608 7480
14705 2 2 0 1 7610 7482 7481
14706 2 2 0 1 7610 7609 7481
14707 2 2 0 1 7611 7483 7482
14708 2 2 0 1 7611 7610 7482
14709 2 2 0 1 7612 7484 7483
14710 2 2 0 1 7612 7611 7483
14711 2 2 0 1 7613 7485 7484
14712 2 2 0 1 7613 7612 7484
14713 2 2 0 1 7614 7486 7485
14714 2 2 0 1 7614 7613 7485
14715 2 2 0 1 7615 7487 7486
14716 2 2 0 1 7615 7614 7486
14717 2 2 0 1 7616 7488 7487
14718 2 2 0 1 7616 7615 7487
14719 2 2 0 1 7617 7489 7488
14720 2 2 0 1 7617 7616 7488
14721 2 2 0 1 7490 7617 7489
14722 2 2 0 1 7618 7617 7490
14723 2 2 0 1 7491 7618 7490
14724 2 2 0 1 7619 7618 7491
14725 2 2 0 1 7492 7619 7491
14726 2 2 0 1 7620 7619 7492
14727 2 2 0 1 7493 7620 7492
14728 2 2 0 1 7621 7620 7493
14729 2 2 0 1 7494 7621 7493
14730 2 2 0 1 7622 7621 7494
14731 2 2 0 1 7495 7622 7494
14732 2 2 0 1 7623 7622 7495
14733 2 2 0 1 7496 7623 7495
14734 2 2 0 1 7624 7623 7496
14735 2 2 0 1 7497 7624 7496
14736 2 2 0 1 7625 7624 7497
14737 2 2 0 1 7498 7625 7497
14738 2 2 0 1 7626 7625 7498
14739 2 2 0 1 7499 7626 7498
14740 2 2 0 1 7627 7626 7499
14741 2 2 0 1 7500 7627 7499
14742 2 2 0 1 7628 7627 7500
14743 2 2 0 1 7501 7628 7500
14744 2 2 0 1 7629 7628 7501
14745 2 2 0 1 7502 7629 7501
14746 2 2 0 1 7630 7629 7502
14747 2 2 0 1 7503 7630 7502
14748 2 2 0 1 7631 7630 7503
14749 2 2 0 1 7504 7631 7503
14750 2 2 0 1 7632 7631 7504
14751 2 2 0 1 7505 7632 7504
14752 2 2 0 1 7633 7632 7505
14753 2 2 0 1 7506 7633 7505
14754 2 2 0 1 7634 7633 7506
14755 2 2 0 1 7507 7634 7506
14756 2 2 0 1 7635 7634 7507
14757 2 2 0 1 7508 7635 7507
14758 2 2 0 1 7636 7635 7508
14759 2 2 0 1 7509 7636 7508
14760 2 2 0 1 7637 7636 7509
14761 2 2 0 1 7510 7637 7509
14762 2 2 0 1 7638 7637 7510
14763 2 2 0 1 7511 7638 7510
14764 2 2 0 1 7639 7638 7511
14765 2 2 0 1 7512 7639 7511
14766 2 2 0 1 7640 7639 7512
14767 2 2 0 1 7513 7640 7512
14768 2 2 0 1 7641 7640 7513
14769 2 2 0 1 7514 7641 7513
14770 2 2 0 1 7642 7641 7514
14771 2 2 0 1 7515 7642 7514
14772 2 2 0 1 7643 7642 7515
14773 2 2 0 1 7516 7643 7515
14774 2 2 0 1 7644 7643 7516
14775 2 2 0 1 7517 7644 7516
14776 2 2 0 1 7645 7644 7517
14777 2 2 0 1 7518 7645 7517
14778 2 2 0 1 7646 7645 7518
14779 2 2 0 1 7647 7519 7518
14780 2 2 0 1 7647 7646 7518
14781 2 2 0 1 7648 7520 7519
14782 2 2 0 1 7648 7647 7519
14783 2 2 0 1 7649 7521 7520
14784 2 2 0 1 7649 7648 7520
14785 2 2 0 1 7650 7522 7521
14786 2 2 0 1 7650 7649 7521
14787 2 2 0 1 7651 7523 7522
14788 2 2 0 1 7651 7650 7522
14789 2 2 0 1 7652 7524 7523
14790 2 2 0 1 7652 7651 7523
14791 2 2 0 1 7653 7525 7524
14792 2 2 0 1 7653 7652 7524
14793 2 2 0 1 7654 7526 7525
14794 2 2 0 1 7654 7653 7525
14795 2 2 0 1 7655 7527 7526
14796 2 2 0 1 7655 7654 7526
14797 2 2 0 1 7656 7528 7527
14798 2 2 0 1 7656 7655 7527
14799 2 2 0 1 7657 7529 7528
14800 2 2 0 1 7657 7656 7528
14801 2 2 0 1 7658 7530 7529
14802 2 2 0 1 7658 7657 7529
14803 2 2 0 1 7659 7531 7530
14804 2 2 0 1 7659 7658 7530
14805 2 2 0 1 7660 7532 7531
14806 2 2 0 1 7660 7659 7531
14807 2 2 0 1 7661 7533 7532
14808 2 2 0 1 7661 7660 7532
14809 2 2 0 1 7662 7534 7533
14810 2 2 0 1 7662 7661 7533
14811 2 2 0 1 7663 7535 7534
14812 2 2 0 1 7663 7662 7534
14813 2 2 0 1 7664 7536 7535
14814 2 2 0 1 7664 7663 7535
14815 2 2 0 1 7665 7537 7536
14816 2 2 0 1 7665 7664 7536
14817 2 2 0 1 7666 7538 7537
14818 2 2 0 1 7666 7665 7537
14819 2 2 0 1 7667 7539 7538
14820 2 2 0 1 7667 7666 7538
14821 2 2 0 1 7668 7540 7539
14822 2 2 0 1 7668 7667 7539
14823 2 2 0 1 7669 7541 7540
14824 2 2 0 1 7669 7668 7540
14825 2 2 0 1 7670 7542 7541
14826 2 2 0 1 7670 7669 7541
14827 2 2 0 1 7671 7543 7542
14828 2 2 0 1 7671 7670 7542
14829 2 2 0 1 7672 7544 7543
14830 2 2 0 1 7672 7671 7543
14831 2 2 0 1 7673 7545 7544
14832 2 2 0 1 7673 7672 7544
14833 2 2 0 1 7674 7546 7545
14834 2 2 0 1 7674 7673 7545
14835 2 2 0 1 7675 7547 7546
14836 2 2 0 1 7675 7674 7546
14837 2 2 0 1 7676 7548 7547
14838 2 2 0 1 7676 7675 7547
14839 2 2 0 1 7677 7549 7548
14840 2 2 0 1 7677 7676 7548
14841 2 2 0 1 7678 7550 7549
14842 2 2 0 1 7678 7677 7549
14843 2 2 0 1 7679 7551 7550
14844 2 2 0 1 7679 7678 7550
14845 2 2 0 1 7680 7552 7551
14846 2 2 0 1 7680 7679 7551
14847 2 2 0 1 7553 7425 7552
14848 2 2 0 1 7553 7680 7552
14849 2 2 0 1 7554 7681 7553
14850 2 2 0 1 7682 7681 7554
14851 2 2 0 1 7555 7682 7554
14852 2 2 0 1 7683 7682 7555
14853 2 2 0 1 7556 7683 7555
14854 2 2 0 1 7684 7683 7556
14855 2 2 0 1 7557 7684 7556
14856 2 2 0 1 7685 7684 7557
14857 2 2 0 1 7558 7685 7557
14858 2 2 0 1 7686 7685 7558
14859 2 2 0 1 7559 7686 7558
14860 2 2 0 1 7687 7686 7559
14861 2 2 0 1 7560 7687 7559
14862 2 2 0 1 7688 7687 7560
14863 2 2 0 1 7561 7688 7560
14864 2 2 0 1 7689 7688 7561
14865 2 2 0 1 7562 7689 7561
14866 2 2 0 1 7690 7689 7562
14867 2 2 0 1 7563 7690 7562
14868 2 2 0 1 7691 7690 7563
14869 2 2 0 1 7564 7691 7563
14870 2 2 0 1 7692 7691 7564
14871 2 2 0 1 7565 7692 7564
14872 2 2 0 1 7693 7692 7565
14873 2 2 0 1 7566 7693 7565
14874 2 2 0 1 7694 7693 7566
14875 2 2 0 1 7567 7694 7566
14876 2 2 0 1 7695 7694 7567
14877 2 2 0 1 7568 7695 7567
14878 2 2 0 1 7696 7695 7568
14879 2 2 0 1 7569 7696 7568
14880 2 2 0 1 7697 7696 7569
14881 2 2 0 1 7570 7697 7569
14882 2 2 0 1 7698 7697 7570
14883 2 2 0 1 7571 7698 7570
14884 2 2 0 1 7699 7698 7571
14885 2 2 0 1 7572 7699 7571
14886 2 2 0 1 7700 7699 7572
14887 2 2 0 1 7573 7700 7572
14888 2 2 0 1 7701 7700 7573
14889 2 2 0 1 7574 7701 7573
14890 2 2 0 1 7702 7701 7574
14891 2 2 0 1 7575 7702 7574
14892 2 2 0 1 7703 7702 7575
14893 2 2 0 1 7576 7703 7575
14894 2 2 0 1 7704 7703 7576
14895 2 2 0 1 7577 7704 7576
14896 2 2 0 1 7705 7704 7577
14897 2 2 0 1 7578 7705 7577
14898 2 2 0 1 7706 7705 7578
14899 2 2 0 1 7579 7706 7578
14900 2 2 0 1 7707 7706 7579
14901 2 2 0 1 7580 7707 7579
14902 2 2 0 1 7708 7707 7580
14903 2 2 0 1 7581 7708 7580
14904 2 2 0 1 7709 7708 7581
14905 2 2 0 1 7582 7709 7581
14906 2 2 0 1 7710 7709 7582
14907 2 2 0 1 7583 7710 7582
14908 2 2 0 1 7711 7710 7583
14909 2 2 0 1 7584 7711 7583
14910 2 2 0 1 7712 7711 7584
14911 2 2 0 1 7585 7712 7584
14912 2 2 0 1 7713 7712 7585
14913 2 2 0 1 7586 7713 7585
14914 2 2 0 1 7714 7713 7586
14915 2 2 0 1 7587 7714 7586
14916 2 2 0 1 7715 7714 7587
14917 2 2 0 1 7716 7588 7587
14918 2 2 0 1 7716 7715 7587
14919 2 2 0 1 7717 7589 7588
14920 2 2 0 1 7717 7716 7588
14921 2 2 0 1 7718 7590 7589
14922 2 2 0 1 7718 7717 7589
14923 2 2 0 1 7719 7591 7590
14924 2 2 0 1 7719 7718 7590
14925 2 2 0 1 7720 7592 7591
14926 2 2 0 1 7720 7719 7591
14927 2 2 0 1 7721 7593 7592
14928 2 2 0 1 7721 7720 7592
14929 2 2 0 1 7722 7594 7593
14930 2 2 0 1 7722 7721 7593
14931 2 2 0 1 7723 7595 7594
14932 2 2 0 1 7723 7722 7594
14933 2 2 0 1 7724 7596 7595
14934 2 2 0 1 7724 7723 7595
14935 2 2 0 1 7725 7597 7596
14936 2 2 0 1 7725 7724 7596
14937 2 2 0 1 7726 7598 7597
14938 2 2 0 1 7726 7725 7597
14939 2 2 0 1 7727 7599 7598
14940 2 2 0 1 7727 7726 7598
14941 2 2 0 1 7728 7600 7599
14942 2 2 0 1 7728 7727 7599
14943 2 2 0 1 7729 7601 7600
14944 2 2 0 1 7729 7728 7600
14945 2 2 0 1 7730 7602 7601
14946 2 2 0 1 7730 7729 7601
14947 2 2 0 1 7731 7603 7602
14948 2 2 0 1 7731 7730 7602
14949 2 2 0 1 7732 7604 7603
14950 2 2 0 1 7732 7731 7603
14951 2 2 0 1 7733 7605 7604
14952 2 2 0 1 7733 7732 7604
14953 2 2 0 1 7734 7606 7605
14954 2 2 0 1 7734 7733 7605
14955 2 2 0 1 7735 7607 7606
14956 2 2 0 1 7735 7734 7606
14957 2 2 0 1 7736 7608 7607
14958 2 2 0 1 7736 7735 7607
14959 2 2 0 1 7737 7609 7608
14960 2 2 0 1 7737 7736 7608
14961 2 2 0 1 7738 7610 7609
14962 2 2 0 1 7738 7737 7609
14963 2 2 0 1 7739 7611 7610
14964 2 2 0 1 7739 7738 7610
14965 2 2 0 1 7740 7612 7611
14966 2 2 0 1 7740 7739 7611
14967 2 2 0 1 7741 7613 7612
14968 2 2 0 1 7741 7740 7612
14969 2 2 0 1 7742 7614 7613
14970 2 2 0 1 7742 7741 7613
14971 2 2 0 1 7743 7615 7614
14972 2 2 0 1 7743 7742 7614
14973 2 2 0 1 7744 7616 7615
14974 2 2 0 1 7744 7743 7615
14975 2 2 0 1 7745 7617 7616
14976 2 2 0 1 7745 7744 7616
14977 2 2 0 1 7618 7745 7617
14978 2 2 0 1 7746 7745 7618
14979 2 2 0 1 7619 7746 7618
14980 2 2 0 1 7747 7746 7619
14981 2 2 0 1 7620 7747 7619
14982 2 2 0 1 7748 7747 7620
14983 2 2 0 1 7621 7748 7620
14984 2 2 0 1 7749 7748 7621
14985 2 2 0 1 7622 7749 7621
14986 2 2 0 1 7750 7749 7622
14987 2 2 0 1 7623 7750 7622
14988 2 2 0 1 7751 7750 7623
14989 2 2 0 1 7624 7751 7623
14990 2 2 0 1 7752 7751 7624
14991 2 2 0 1 7625 7752 7624
14992 2 2 0 1 7753 7752 7625
14993 2 2 0 1 7626 7753 7625
14994 2 2 0 1 7754 7753 7626
14995 2 2 0 1 7627 7754 7626
14996 2 2 0 1 7755 7754 7627
14997 2 2 0 1 7628 7755 7627
14998 2 2 0 1 7756 7755 7628
14999 2 2 0 1 7629 7756 7628
15000 2 2 0 1 7757 7756 7629
15001 2 2 0 1 7630 7757 7629
15002 2 2 0 1 7758 7757 7630
15003 2 2 0 1 7631 7758 7630
15004 2 2 0 1 7759 7758 7631
15005 2 2 0 1 7632 7759 7631
15006 2 2 0 1 7760 7759 7632
15007 2 2 0 1 7633 7760 7632
15008 2 2 0 1 7761 7760 7633
15009 2 2 0 1 7634 7761 7633
15010 2 2 0 1 7762 7761 7634
15011 2 2 0 1 7635 7762 7634
15012 2 2 0 1 7763 7762 7635
15013 2 2 0 1 7636 7763 7635
15014 2 2 0 1 7764 7763 7636
15015 2 2 0 1 7637 7764 7636
15016 2 2 0 1 7765 7764 7637
15017 2 2 0 1 7638 7765 7637
15018 2 2 0 1 7766 7765 7638
15019 2 2 0 1 7639 7766 7638
15020 2 2 0 1 7767 7766 7639
15021 2 2 0 1 7640 7767 7639
15022 2 2 0 1 7768 7767 7640
15023 2 2 0 1 7641 7768 7640
15024 2 2 0 1 7769 7768 7641
15025 2 2 0 1 7642 7769 7641
15026 2 2 0 1 7770 7769 7642
15027 2 2 0 1 7643 7770 7642
15028 2 2 0 1 7771 7770 7643
15029 2 2 0 1 7644 7771 7643
15030 2 2 0 1 7772 7771 7644
15031 2 2 0 1 7645 7772 7644
15032 2 2 0 1 7773 7772 7645
15033 2 2 0 1 7646 7773 7645
15034 2 2 0 1 7774 7773 7646
15035 2 2 0 1 7647 7774 7646
15036 2 2 0 1 7775 7774 7647
15037 2 2 0 1 7776 7648 7647
15038 2 2 0 1 7776 7775 7647
15039 2 2 0 1 7777 7649 7648
15040 2 2 0 1 7777 7776 7648
15041 2 2 0 1 7778 7650 7649
15042 2 2 0 1 7778 7777 7649
15043 2 2 0 1 7779 7651 7650
15044 2 2 0 1 7779 7778 7650
15045 2 2 0 1 7780 7652 7651
15046 2 2 0 1 7780 7779 7651
15047 2 2 0 1 7781 7653 7652
15048 2 2 0 1 7781 7780 7652
15049 2 2 0 1 7782 7654 7653
15050 2 2 0 1 7782 7781 7653
15051 2 2 0 1 7783 7655 7654
15052 2 2 0 1 7783 7782 7654
15053 2 2 0 1 7784 7656 7655
15054 2 2 0 1 7784 7783 7655
15055 2 2 0 1 7785 7657 7656
15056 2 2 0 1 7785 7784 7656
15057 2 2 0 1 7786 7658 7657
15058 2 2 0 1 7786 7785 7657
15059 2 2 0 1 7787 7659 7658
15060 2 2 0 1 7787 7786 7658
15061 2 2 0 1 7788 7660 7659
15062 2 2 0 1 7788 7787 7659
15063 2 2 0 1 7789 7661 7660
15064 2 2 0 1 7789 7788 7660
15065 2 2 0 1 7790 7662 7661
15066 2 2 0 1 7790 7789 7661
15067 2 2 0 1 7791 7663 7662
15068 2 2 0 1 7791 7790 7662
15069 2 2 0 1 7792 7664 7663
15070 2 2 0 1 7792 7791 7663
15071 2 2 0 1 7793 7665 7664
15072 2 2 0 1 7793 7792 7664
15073 2 2 0 1 7794 7666 7665
15074 2 2 0 1 7794 7793 7665
15075 2 2 0 1 7795 7667 7666
15076 2 2 0 1 7795 7794 7666
15077 2 2 0 1 7796 7668 7667
15078 2 2 0 1 7796 7795 7667
15079 2 2 0 1 7797 7669 7668
15080 2 2 0 1 7797 7796 7668
15081 2 2 0 1 7798 7670 7669
15082 2 2 0 1 7798 7797 7669
15083 2 2 0 1 7799 7671 7670
15084 2 2 0 1 7799 7798 7670
15085 2 2 0 1 7800 7672 7671
15086 2 2 0 1 7800 7799 7671
15087 2 2 0 1 7801 7673 7672
15088 2 2 0 1 7801 7800 7672
15089 2 2 0 1 7802 7674 7673
15090 2 2 0 1 7802 7801 7673
15091 2 2 0 1 7803 7675 7674
15092 2 2 0 1 7803 7802 7674
15093 2 2 0 1 7804 7676 7675
15094 2 2 0 1 7804 7803 7675
15095 2 2 0 1 7805 7677 7676
15096 2 2 0 1 7805 7804 7676
15097 2 2 0 1 7806 7678 7677
15098 2 2 0 1 7806 7805 7677
15099 2 2 0 1 7807 7679 7678
15100 2 2 0 1 7807 7806 7678
15101 2 2 0 1 7808 7680 7679
15102 2 2 0 1 7808 7807 7679
15103 2 2 0 1 7681 7553 7680
15104 2 2 0 1 7681 7808 7680
15105 2 2 0 1 7682 7809 7681
15106 2 2 0 1 7810 7809 7682
15107 2 2 0 1 7683 7810 7682
15108 2 2 0 1 7811 7810 7683
15109 2 2 0 1 7684 7811 7683
15110 2 2 0 1 7812 7811 7684
15111 2 2 0 1 7685 7812 7684
15112 2 2 0 1 7813 7812 7685
15113 2 2 0 1 7686 7813 7685
15114 2 2 0 1 7814 7813 7686
15115 2 2 0 1 7687 7814 7686
15116 2 2 0 1 7815 7814 7687
15117 2 2 0 1 7688 7815 7687
15118 2 2 0 1 7816 7815 7688
15119 2 2 0 1 7689 7816 7688
15120 2 2 0 1 7817 7816 7689
15121 2 2 0 1 7690 7817 7689
15122 2 2 0 1 7818 7817 7690
15123 2 2 0 1 7691 7818 7690
15124 2 2 0 1 7819 7818 7691
15125 2 2 0 1 7692 7819 7691
15126 2 2 0 1 7820 7819 7692
15127 2 2 0 1 7693 7820 7692
15128 2 2 0 1 7821 7820 7693
15129 2 2 0 1 7694 7821 7693
15130 2 2 0 1 7822 7821 7694
15131 2 2 0 1 7695 7822 7694
15132 2 2 0 1 7823 7822 7695
15133 2 2 0 1 7696 7823 7695
15134 2 2 0 1 7824 7823 7696
15135 2 2 0 1 7697 7824 7696
15136 2 2 0 1 7825 7824 7697
15137 2 2 0 1 7698 7825 7697
15138 2 2 0 1 7826 7825 7698
15139 2 2 0 1 7699 7826 7698
15140 2 2 0 1 7827 7826 7699
15141 2 2 0 1 7700 7827 7699
15142 2 2 0 1 7828 7827 7700
15143 2 2 0 1 7701 7828 7700
15144 2 2 0 1 7829 7828 7701
15145 2 2 0 1 7702 7829 7701
15146 2 2 0 1 7830 7829 7702
15147 2 2 0 1 7703 7830 7702
15148 2 2 0 1 7831 7830 7703
15149 2 2 0 1 7704 7831 7703
15150 2 2 0 1 7832 7831 7704
15151 2 2 0 1 7705 7832 7704
15152 2 2 0 1 7833 7832 7705
15153 2 2 0 1 7706 7833 7705
15154 2 2 0 1 7834 7833 7706
15155 2 2 0 1 7707 7834 7706
15156 2 2 0 1 7835 7834 7707
15157 2 2 0 1 7708 7835 7707
15158 2 2 0 1 7836 7835 7708
15159 2 2 0 1 7709 7836 7708
15160 2 2 0 1 7837 7836 7709
15161 2 2 0 1 7710 7837 7709
15162 2 2 0 1 7838 7837 7710
15163 2 2 0 1 7711 7838 7710
15164 2 2 0 1 7839 7838 7711
15165 2 2 0 1 7712 7839 7711
15166 2 2 0 1 7840 7839 7712
15167 2 2 0 1 7713 7840 7712
15168 2 2 0 1 7841 7840 7713
15169 2 2 0 1 7714 7841 7713
15170 2 2 0 1 7842 7841 7714
15171 2 2 0 1 7715 7842 7714
15172 2 2 0 1 7843 7842 7715
15173 2 2 0 1 7844 7716 7715
15174 2 2 0 1 7844 7843 7715
15175 2 2 0 1 7845 7717 7716
15176 2 2 0 1 7845 7844 7716
15177 2 2 0 1 7846 7718 7717
15178 2 2 0 1 7846 7845 7717
15179 2 2 0 1 7847 7719 7718
15180 2 2 0 1 7847 7846 7718
15181 2 2 0 1 7848 7720 7719
15182 2 2 0 1 7848 7847 7719
15183 2 2 0 1 7849 7721 7720
15184 2 2 0 1 7849 7848 7720
15185 2 2 0 1 7850 7722 7721
15186 2 2 0 1 7850 7849 7721
15187 2 2 0 1 7851 7723 7722
15188 2 2 0 1 7851 7850 7722
15189 2 2 0 1 7852 7724 7723
15190 2 2 0 1 7852 7851 7723
15191 2 2 0 1 7853 7725 7724
15192 2 2 0 1 7853 7852 7724
15193 2 2 0 1 7854 7726 7725
15194 2 2 0 1 7854 7853 7725
15195 2 2 0 1 7855 7727 7726
15196 2 2 0 1 7855 7854 7726
15197 2 2 0 1 7856 7728 7727
15198 2 2 0 1 7856 7855 7727
15199 2 2 0 1 7857 7729 7728
15200 2 2 0 1 7857 7856 7728
15201 2 2 0 1 7858 7730 7729
15202 2 2 0 1 7858 7857 7729
15203 2 2 0 1 7859 7731 7730
15204 2 2 0 1 7859 7858 7730
15205 2 2 0 1 7860 7732 7731
15206 2 2 0 1 7860 7859 7731
15207 2 2 0 1 7861 7733 7732
15208 2 2 0 1 7861 7860 7732
15209 2 2 0 1 7862 7734 7733
15210 2 2 0 1 7862 7861 7733
15211 2 2 0 1 7863 7735 7734
15212 2 2 0 1 7863 7862 7734
15213 2 2 0 1 7864 7736 7735
15214 2 2 0 1 7864 7863 7735
15215 2 2 0 1 7865 7737 7736
15216 2 2 0 1 7865 7864 7736
15217 2 2 0 1 7866 7738 7737
15218 2 2 0 1 7866 7865 7737
15219 2 2 0 1 7867 7739 7738
15220 2 2 0 1 7867 7866 7738
15221 2 2 0 1 7868 7740 7739
15222 2 2 0 1 7868 7867 7739
15223 2 2 0 1 7869 7741 7740
15224 2 2 0 1 7869 7868 7740
15225 2 2 0 1 7870 7742 7741
15226 2 2 0 1 7870 7869 7741
15227 2 2 0 1 7871 7743 7742
15228 2 2 0 1 7871 7870 7742
15229 2 2 0 1 7872 7744 7743
15230 2 2 0 1 7872 7871 7743
15231 2 2 0 1 7873 7745 7744
15232 2 2 0 1 7873 7872 7744
15233 2 2 0 1 7746 7873 7745
15234 2 2 0 1 7874 7873 7746
15235 2 2 0 1 7747 7874 7746
15236 2 2 0 1 7875 7874 7747
15237 2 2 0 1 7748 7875 7747
15238 2 2 0 1 7876 7875 7748
15239 2 2 0 1 7749 7876 7748
15240 2 2 0 1 7877 7876 7749
15241 2 2 0 1 7750 7877 7749
15242 2 2 0 1 7878 7877 7750
15243 2 2 0 1 7751 7878 7750
15244 2 2 0 1 7879 7878 7751
15245 2 2 0 1 7752 7879 7751
15246 2 2 0 1 7880 7879 7752
15247 2 2 0 1 7753 7880 7752
15248 2 2 0 1 7881 7880 7753
15249 2 2 0 1 7754 7881 7753
15250 2 2 0 1 7882 7881 7754
15251 2 2 0 1 7755 7882 7754
15252 2 2 0 1 7883 7882 7755
15253 2 2 0 1 7756 7883 7755
15254 2 2 0 1 7884 7883 7756
15255 2 2 0 1 7757 7884 7756
15256 2 2 0 1 7885 7884 7757
15257 2 2 0 1 7758 7885 7757
15258 2 2 0 1 7886 7885 7758
15259 2 2 0 1 7759 7886 7758
15260 2 2 0 1 7887 7886 7759
15261 2 2 0 1 7760 7887 7759
15262 2 2 0 1 7888 7887 7760
15263 2 2 0 1 7761 7888 7760
15264 2 2 0 1 7889 7888 7761
15265 2 2 0 1 7762 7889 7761
15266 2 2 0 1 7890 7889 7762
15267 2 2 0 1 7763 7890 7762
15268 2 2 0 1 7891 7890 7763
15269 2 2 0 1 7764 7891 7763
15270 2 2 0 1 7892 7891 7764
15271 2 2 0 1 7765 7892 7764
15272 2 2 0 1 7893 7892 7765
15273 2 2 0 1 7766 7893 7765
15274 2 2 0 1 7894 7893 7766
15275 2 2 0 1 7767 7894 7766
15276 2 2 0 1 7895 7894 7767
15277 2 2 0 1 7768 7895 7767
15278 2 2 0 1 7896 7895 7768
15279 2 2 0 1 7769 7896 7768
15280 2 2 0 1 7897 7896 7769
15281 2 2 0 1 7770 7897 7769
15282 2 2 0 1 7898 7897 7770
15283 2 2 0 1 7771 7898 7770
15284 2 2 0 1 7899 7898 7771
15285 2 2 0 1 7772 7899 7771
15286 2 2 0 1 7900 7899 7772
15287 2 2 0 1 7773 7900 7772
15288 2 2 0 1 7901 7900 7773
15289 2 2 0 1 7774 7901 7773
15290 2 2 0 1 7902 7901 7774
15291 2 2 0 1 7775 7902 7774
15292 2 2 0 1 7903 7902 7775
15293 2 2 0 1 7904 7776 7775
15294 2 2 0 1 7904 7903 7775
15295 2 2 0 1 7905 7777 7776
15296 2 2 0 1 7905 7904 7776
15297 2 2 0 1 7906 7778 7777
15298 2 2 0 1 7906 7905 7777
15299 2 2 0 1 7907 7779 7778
15300 2 2 0 1 7907 7906 7778
15301 2 2 0 1 7908 7780 7779
15302 2 2 0 1 7908 7907 7779
15303 2 2 0 1 7909 7781 7780
15304 2 2 0 1 7909 7908 7780
15305 2 2 0 1 7910 7782 7781
15306 2 2 0 1 7910 7909 7781
15307 2 2 0 1 7911 7783 7782
15308 2 2 0 1 7911 7910 7782
15309 2 2 0 1 7912 7784 7783
15310 2 2 0 1 7912 7911 7783
15311 2 2 0 1 7913 7785 7784
15312 2 2 0 1 7913 7912 7784
15313 2 2 0 1 7914 7786 7785
15314 2 2 0 1 7914 7913 7785
15315 2 2 0 1 7915 7787 7786
15316 2 2 0 1 7915 7914 7786
15317 2 2 0 1 7916 7788 7787
15318 2 2 0 1 7916 7915 7787
15319 2 2 0 1 7917 7789 7788
15320 2 2 0 1 7917 7916 7788
15321 2 2 0 1 7918 7790 7789
15322 2 2 0 1 7918 7917 7789
15323 2 2 0 1 7919 7791 7790
15324 2 2 0 1 7919 7918 7790
15325 2 2 0 1 7920 7792 7791
15326 2 2 0 1 7920 7919 7791
15327 2 2 0 1 7921 7793 7792
15328 2 2 0 1 7921 7920 7792
15329 2 2 0 1 7922 7794 7793
15330 2 2 0 1 7922 7921 7793
15331 2 2 0 1 7923 7795 7794
15332 2 2 0 1 7923 7922 7794
15333 2 2 0 1 7924 7796 7795
15334 2 2 0 1 7924 7923 7795
15335 2 2 0 1 7925 7797 7796
15336 2 2 0 1 7925 7924 7796
15337 2 2 0 1 7926 7798 7797
15338 2 2 0 1 7926 7925 7797
15339 2 2 0 1 7927 7799 7798
15340 2 2 0 1 7927 7926 7798
15341 2 2 0 1 7928 7800 7799
15342 2 2 0 1 7928 7927 7799
15343 2 2 0 1 7929 7801 7800
15344 2 2 0 1 7929 7928 7800
15345 2 2 0 1 7930 7802 7801
15346 2 2 0 1 7930 7929 7801
15347 2 2 0 1 7931 7803 7802
15348 2 2 0 1 7931 7930 7802
15349 2 2 0 1 7932 7804 7803
15350 2 2 0 1 7932 7931 7803
15351 2 2 0 1 7933 7805 7804
15352 2 2 0 1 7933 7932 7804
15353 2 2 0 1 7934 7806 7805
15354 2 2 0 1 7934 7933 7805
15355 2 2 0 1 7935 7807 7806
15356 2 2 0 1 7935 7934 7806
15357 2 2 0 1 7936 7808 7807
15358 2 2 0 1 7936 7935 7807
15359 2 2 0 1 7809 7681 7808
15360 2 2 0 1 7809 7936 7808
15361 2 2 0 1 7810 7937 7809
15362 2 2 0 1 7938 7937 7810
15363 2 2 0 1 7811 7938 7810
15364 2 2 0 1 7939 7938 7811
15365 2 2 0 1 7812 7939 7811
15366 2 2 0 1 7940 7939 7812
15367 2 2 0 1 7813 7940 7812
15368 2 2 0 1 7941 7940 7813
15369 2 2 0 1 7814 7941 7813
15370 2 2 0 1 7942 7941 7814
15371 2 2 0 1 7815 7942 7814
15372 2 2 0 1 7943 7942 7815
15373 2 2 0 1 7816 7943 7815
15374 2 2 0 1 7944 7943 7816
15375 2 2 0 1 7817 7944 7816
15376 2 2 0 1 7945 7944 7817
15377 2 2 0 1 7818 7945 7817
15378 2 2 0 1 7946 7945 7818
15379 2 2 0 1 7819 7946 7818
15380 2 2 0 1 7947 7946 7819
15381 2 2 0 1 7820 7947 7819
15382 2 2 0 1 7948 7947 7820
15383 2 2 0 1 7821 7948 7820
15384 2 2 0 1 7949 7948 7821
15385 2 2 0 1 7822 7949 7821
15386 2 2 0 1 7950 7949 7822
15387 2 2 0 1 7823 7950 7822
15388 2 2 0 1 7951 7950 7823
15389 2 2 0 1 7824 7951 7823
15390 2 2 0 1 7952 7951 7824
15391 2 2 0 1 7825 7952 7824
15392 2 2 0 1 7953 7952 7825
15393 2 2 0 1 7826 7953 7825
15394 2 2 0 1 7954 7953 7826
15395 2 2 0 1 7827 7954 7826
15396 2 2 0 1 7955 7954 7827
15397 2 2 0 1 7828 7955 7827
15398 2 2 0 1 7956 7955 7828
15399 2 2 0 1 7829 7956 7828
15400 2 2 0 1 7957 7956 7829
15401 2 2 0 1 7830 7957 7829
15402 2 2 0 1 7958 7957 7830
15403 2 2 0 1 7831 7958 7830
15404 2 2 0 1 7959 7958 7831
15405 2 2 0 1 7832 7959 7831
15406 2 2 0 1 7960 7959 7832
15407 2 2 0 1 7833 7960 7832
15408 2 2 0 1 7961 7960 7833
15409 2 2 0 1 7834 7961 7833
15410 2 2 0 1 7962 7961 7834
15411 2 2 0 1 7835 7962 7834
15412 2 2 0 1 7963 7962 7835
15413 2 2 0 1 7836 7963 7835
15414 2 2 0 1 7964 7963 7836
15415 2 2 0 1 7837 7964 7836
15416 2 2 0 1 7965 7964 7837
15417 2 2 0 1 7838 7965 7837
15418 2 2 0 1 7966 7965 7838
15419 2 2 0 1 7839 7966 7838
15420 2 2 0 1 7967 7966 7839
15421 2 2 0 1 7840 7967 7839
15422 2 2 0 1 7968 7967 7840
15423 2 2 0 1 7841 7968 7840
15424 2 2 0 1 7969 7968 7841
15425 2 2 0 1 7842 7969 7841
15426 2 2 0 1 7970 7969 7842
15427 2 2 0 1 7843 7970 7842
15428 2 2 0 1 7971 7970 7843
15429 2 2 0 1 7972 7844 7843
15430 2 2 0 1 7972 7971 7843
15431 2 2 0 1 7973 7845 7844
15432 2 2 0 1 7973 7972 7844
15433 2 2 0 1 7974 7846 7845
15434 2 2 0 1 7974 7973 7845
15435 2 2 0 1 7975 7847 7846
15436 2 2 0 1 7975 7974 7846
15437 2 2 0 1 7976 7848 7847
15438 2 2 0 1 7976 7975 7847
15439 2 2 0 1 7977 7849 7848
15440 2 2 0 1 7977 7976 7848
15441 2 2 0 1 7978 7850 7849
15442 2 2 0 1 7978 7977 7849
15443 2 2 0 1 7979 7851 7850
15444 2 2 0 1 7979 7978 7850
15445 2 2 0 1 7980 7852 7851
15446 2 2 0 1 7980 7979 7851
15447 2 2 0 1 7981 7853 7852
15448 2 2 0 1 7981 7980 7852
15449 2 2 0 1 7982 7854 7853
15450 2 2 0 1 7982 7981 7853
15451 2 2 0 1 7983 7855 7854
15452 2 2 0 1 7983 7982 7854
15453 2 2 0 1 7984 7856 7855
15454 2 2 0 1 7984 7983 7855
15455 2 2 0 1 7985 7857 7856
15456 2 2 0 1 7985 7984 7856
15457 2 2 0 1 7986 7858 7857
15458 2 2 0 1 7986 7985 7857
15459 2 2 0 1 7987 7859 7858
15460 2 2 0 1 7987 7986 7858
15461 2 2 0 1 7988 7860 7859
15462 2 2 0 1 7988 7987 7859
15463 2 2 0 1 7989 7861 7860
15464 2 2 0 1 7989 7988 7860
15465 2 2 0 1 7990 7862 7861
15466 2 2 0 1 7990 7989 7861
15467 2 2 0 1 7991 7863 7862
15468 2 2 0 1 7991 7990 7862
15469 2 2 0 1 7992 7864 7863
15470 2 2 0 1 7992 7991 7863
15471 2 2 0 1 7993 7865 7864
15472 2 2 0 1 7993 7992 7864
15473 2 2 0 1 7994 7866 7865
15474 2 2 0 1 7994 7993 7865
15475 2 2 0 1 7995 7867 7866
15476 2 2 0 1 7995 7994 7866
15477 2 2 0 1 7996 7868 7867
15478 2 2 0 1 7996 7995 7867
15479 2 2 0 1 7997 7869 7868
15480 2 2 0 1 7997 7996 7868
15481 2 2 0 1 7998 7870 7869
15482 2 2 0 1 7998 7997 7869
15483 2 2 0 1 7999 7871 7870
15484 2 2 0 1 7999 7998 7870
15485 2 2 0 1 8000 7872 7871
15486 2 2 0 1 8000 7999 7871
15487 2 2 0 1 8001 7873 7872
15488 2 2 0 1 8001 8000 7872
15489 2 2 0 1 7874 8001 7873
15490 2 2 0 1 8002 8001 7874
15491 2 2 0 1 7875 8002 7874
15492 2 2 0 1 8003 8002 7875
15493 2 2 0 1 7876 8003 7875
15494 2 2 0 1 8004 8003 7876
15495 2 2 0 1 7877 8004 7876
15496 2 2 0 1 8005 8004 7877
15497 2 2 0 1 7878 8005 7877
15498 2 2 0 1 8006 8005 7878
15499 2 2 0 1 7879 8006 7878
15500 2 2 0 1 8007 8006 7879
15501 2 2 0 1 7880 8007 7879
15502 2 2 0 1 8008 8007 7880
15503 2 2 0 1 7881 8008 7880
15504 2 2 0 1 8009 8008 7881
15505 2 2 0 1 7882 8009 7881
15506 2 2 0 1 8010 8009 7882
15507 2 2 0 1 7883 8010 7882
15508 2 2 0 1 8011 8010 7883
15509 2 2 0 1 7884 8011 7883
15510 2 2 0 1 8012 8011 7884
15511 2 2 0 1 7885 8012 7884
15512 2 2 0 1 8013 8012 7885
15513 2 2 0 1 7886 8013 7885
15514 2 2 0 1 8014 8013 7886
15515 2 2 0 1 7887 8014 7886
15516 2 2 0 1 8015 8014 7887
15517 2 2 0 1 7888 8015 7887
15518 2 2 0 1 8016 8015 7888
15519 2 2 0 1 7889 8016 7888
15520 2 2 0 1 8017 8016 7889
15521 2 2 0 1 7890 8017 7889
15522 2 2 0 1 8018 8017 7890
15523 2 2 0 1 7891 8018 7890
15524 2 2 0 1 8019 8018 7891
15525 2 2 0 1 7892 8019 7891
15526 2 2 0 1 8020 8019 7892
15527 2 2 0 1 7893 8020 7892
15528 2 2 0 1 8021 8020 7893
15529 2 2 0 1 7894 8021 7893
15530 2 2 0 1 8022 8021 7894
15531 2 2 0 1 7895 8022 7894
15532 2 2 0 1 8023 8022 7895
15533 2 2 0 1 7896 8023 7895
15534 2 2 0 1 8024 8023 7896
15535 2 2 0 1 7897 8024 7896
15536 2 2 0 1 8025 8024 7897
15537 2 2 0 1 7898 8025 7897
15538 2 2 0 1 8026 8025 7898
15539 2 2 0 1 7899 8026 7898
15540 2 2 0 1 8027 8026 7899
15541 2 2 0 1 7900 8027 7899
15542 2 2 0 1 8028 8027 7900
15543 2 2 0 1 7901 8028 7900
15544 2 2 0 1 8029 8028 7901
15545 2 2 0 1 7902 8029 7901
15546 2 2 0 1 8030 8029 7902
15547 2 2 0 1 7903 8030 7902
15548 2 2 0 1 8031 8030 7903
15549 2 2 0 1 8032 7904 7903
15550 2 2 0 1 8032 8031 7903
15551 2 2 0 1 8033 7905 7904
15552 2 2 0 1 8033 8032 7904
15553 2 2 0 1 8034 7906 7905
15554 2 2 0 1 8034 8033 7905
15555 2 2 0 1 8035 7907 7906
15556 2 2 0 1 8035 8034 7906
15557 2 2 0 1 8036 7908 7907
15558 2 2 0 1 8036 8035 7907
15559 2 2 0 1 8037 7909 7908
15560 2 2 0 1 8037 8036 7908
15561 2 2 0 1 8038 7910 7909
15562 2 2 0 1 8038 8037 7909
15563 2 2 0 1 8039 7911 7910
15564 2 2 0 1 8039 8038 7910
15565 2 2 0 1 8040 7912 7911
15566 2 2 0 1 8040 8039 7911
15567 2 2 0 1 8041 7913 7912
15568 2 2 0 1 8041 8040 7912
15569 2 2 0 1 8042 7914 7913
15570 2 2 0 1 8042 8041 7913
15571 2 2 0 1 8043 7915 7914
15572 2 2 0 1 8043 8042 7914
15573 2 2 0 1 8044 7916 7915
15574 2 2 0 1 8044 8043 7915
15575 2 2 0 1 8045 7917 7916
15576 2 2 0 1 8045 8044 7916
15577 2 2 0 1 8046 7918 7917
15578 2 2 0 1 8046 8045 7917
15579 2 2 0 1 8047 7919 7918
15580 2 2 0 1 8047 8046 7918
15581 2 2 0 1 8048 7920 7919
15582 2 2 0 1 8048 8047 7919
15583 2 2 0 1 8049 7921 7920
15584 2 2 0 1 8049 8048 7920
15585 2 2 0 1 8050 7922 7921
15586 2 2 0 1 8050 8049 7921
15587 2 2 0 1 8051 7923 7922
15588 2 2 0 1 8051 8050 7922
15589 2 2 0 1 8052 7924 7923
15590 2 2 0 1 8052 8051 7923
15591 2 2 0 1 8053 7925 7924
15592 2 2 0 1 8053 8052 7924
15593 2 2 0 1 8054 7926 7925
15594 2 2 0 1 8054 8053 7925
15595 2 2 0 1 8055 7927 7926
15596 2 2 0 1 8055 8054 7926
15597 2 2 0 1 8056 7928 7927
15598 2 2 0 1 8056 8055 7927
15599 2 2 0 1 8057 7929 7928
15600 2 2 0 1 8057 8056 7928
15601 2 2 0 1 8058 7930 7929
15602 2 2 0 1 8058 8057 7929
15603 2 2 0 1 8059 7931 7930
15604 2 2 0 1 8059 8058 7930
15605 2 2 0 1 8060 7932 7931
15606 2 2 0 1 8060 8059 7931
15607 2 2 0 1 8061 7933 7932
15608 2 2 0 1 8061 8060 7932
15609 2 2 0 1 8062 7934 7933
15610 2 2 0 1 8062 8061 7933
15611 2 2 0 1 8063 7935 7934
15612 2 2 0 1 8063 8062 7934
15613 2 2 0 1 8064 7936 7935
15614 2 2 0 1 8064 8063 7935
15615 2 2 0 1 7937 7809 7936
15616 2 2 0 1 7937 8064 7936
15617 2 2 0 1 8065 3844 3843
15618 2 2 0 1 8065 8066 3843
15619 2 2 0 1 3845 8065 3844
15620 2 2 0 1 8067 8065 3845
15621 2 2 0 1 3846 8067 3845
15622 2 2 0 1 8068 8067 3846
15623 2 2 0 1 3847 8068 3846
15624 2 2 0 1 8069 8068 3847
15625 2 2 0 1 3848 8069 3847
15626 2 2 0 1 8070 8069 3848
15627 2 2 0 1 3849 8070 3848
15628 2 2 0 1 8071 8070 3849
15629 2 2 0 1 3850 8071 3849
15630 2 2 0 1 8072 8071 3850
15631 2 2 0 1 3851 8072 3850
15632 2 2 0 1 8073 8072 3851
15633 2 2 0 1 3852 8073 3851
15634 2 2 0 1 8074 8073 3852
15635 2 2 0 1 3853 8074 3852
15636 2 2 0 1 8075 8074 3853
15637 2 2 0 1 3854 8075 3853
15638 2 2 0 1 8076 8075 3854
15639 2 2 0 1 3855 8076 3854
15640 2 2 0 1 8077 8076 3855
15641 2 2 0 1 3856 8077 3855
15642 2 2 0 1 8078 8077 3856
15643 2 2 0 1 8066 3841 3842
15644 2 2 0 1 8066 3843 3841
15645 2 2 0 1 3856 8078 8079
15646 2 2 0 1 8080 3966 3967
15647 2 2 0 1 8080 8066 3967
15648 2 2 0 1 3965 8080 3966
15649 2 2 0 1 8081 8080 3965
15650 2 2 0 1 3964 8081 3965
15651 2 2 0 1 8082 8081 3964
15652 2 2 0 1 3963 8082 3964
15653 2 2 0 1 8083 8082 3963
15654 2 2 0 1 3962 8083 3963
15655 2 2 0 1 8084 8083 3962
15656 2 2 0 1 3961 8084 3962
15657 2 2 0 1 8085 8084 3961
15658 2 2 0 1 3960 8085 3961
15659 2 2 0 1 8086 8085 3960
15660 2 2 0 1 3959 8086 3960
15661 2 2 0 1 8087 8086 3959
15662 2 2 0 1 3958 8087 3959
15663 2 2 0 1 8088 8087 3958
15664 2 2 0 1 3957 8088 3958
15665 2 2 0 1 8089 8088 3957
15666 2 2 0 1 3956 8089 3957
15667 2 2 0 1 8090 8089 3956
15668 2 2 0 1 3955 8090 3956
15669 2 2 0 1 8091 8090 3955
15670 2 2 0 1 3954 8091 3955
15671 2 2 0 1 8092 8091 3954
15672 2 2 0 1 8066 3968 3842
15673 2 2 0 1 8066 3967 3968
15674 2 2 0 1 3954 8092 8093
15675 2 2 0 1 8094 8068 8067
15676 2 2 0 1 8094 8095 8067
15677 2 2 0 1 8096 8069 8068
15678 2 2 0 1 8096 8094 8068
15679 2 2 0 1 8097 8070 8069
15680 2 2 0 1 8097 8096 8069
15681 2 2 0 1 8098 8071 8070
15682 2 2 0 1 8098 8097 8070
15683 2 2 0 1 8099 8072 8071
15684 2 2 0 1 8099 8098 8071
15685 2 2 0 1 8073 8099 8072
15686 2 2 0 1 8100 8099 8073
15687 2 2 0 1 8074 8100 8073
15688 2 2 0 1 8101 8100 8074
15689 2 2 0 1 8075 8101 8074
15690 2 2 0 1 8102 8101 8075
15691 2 2 0 1 8076 8102 8075
15692 2 2 0 1 8103 8102 8076
15693 2 2 0 1 8077 8103 8076
15694 2 2 0 1 8104 8103 8077
15695 2 2 0 1 8078 8104 8077
15696 2 2 0 1 8105 8104 8078
15697 2 2 0 1 8106 8105 8078
15698 2 2 0 1 8107 8105 8106
15699 2 2 0 1 8079 8107 8106
15700 2 2 0 1 8108 8107 8079
15701 2 2 0 1 8095 8065 8066
15702 2 2 0 1 8095 8067 8065
15703 2 2 0 1 8079 8108 8109
15704 2 2 0 1 8110 8082 8081
15705 2 2 0 1 8110 8095 8081
15706 2 2 0 1 8111 8083 8082
15707 2 2 0 1 8111 8110 8082
15708 2 2 0 1 8112 8084 8083
15709 2 2 0 1 8112 8111 8083
15710 2 2 0 1 8113 8085 8084
15711 2 2 0 1 8113 8112 8084
15712 2 2 0 1 8114 8086 8085
15713 2 2 0 1 8114 8113 8085
15714 2 2 0 1 8087 8114 8086
15715 2 2 0 1 8115 8114 8087
15716 2 2 0 1 8088 8115 8087
15717 2 2 0 1 8116 8115 8088
15718 2 2 0 1 8089 8116 8088
15719 2 2 0 1 8117 8116 8089
15720 2 2 0 1 8090 8117 8089
15721 2 2 0 1 8118 8117 8090
15722 2 2 0 1 8091 8118 8090
15723 2 2 0 1 8119 8118 8091
15724 2 2 0 1 8092 8119 8091
15725 2 2 0 1 8120 8119 8092
15726 2 2 0 1 8121 8120 8092
15727 2 2 0 1 8122 8120 8121
15728 2 2 0 1 8093 8122 8121
15729 2 2 0 1 8123 8122 8093
15730 2 2 0 1 8095 8080 8066
15731 2 2 0 1 8095 8081 8080
15732 2 2 0 1 8093 8123 8124
15733 2 2 0 1 3969 8096 8094
15734 2 2 0 1 3969 3971 8094
15735 2 2 0 1 3973 8097 8096
15736 2 2 0 1 3973 3969 8096
15737 2 2 0 1 3975 8098 8097
15738 2 2 0 1 3975 3973 8097
15739 2 2 0 1 3977 8099 8098
15740 2 2 0 1 3977 3975 8098
15741 2 2 0 1 3979 8100 8099
15742 2 2 0 1 3979 3977 8099
15743 2 2 0 1 8101 3979 8100
15744 2 2 0 1 3981 3979 8101
15745 2 2 0 1 8102 3981 8101
15746 2 2 0 1 3983 3981 8102
15747 2 2 0 1 8103 3983 8102
15748 2 2 0 1 3985 3983 8103
15749 2 2 0 1 8104 3985 8103
15750 2 2 0 1 3987 3985 8104
15751 2 2 0 1 8105 3987 8104
15752 2 2 0 1 3989 3987 8105
15753 2 2 0 1 8107 3989 8105
15754 2 2 0 1 3991 3989 8107
15755 2 2 0 1 8108 3991 8107
15756 2 2 0 1 3993 3991 8108
15757 2 2 0 1 8125 3993 8108
15758 2 2 0 1 3995 3993 8125
15759 2 2 0 1 8109 3995 8125
15760 2 2 0 1 3997 3995 8109
15761 2 2 0 1 3971 8094 8095
15762 2 2 0 1 8109 3997 3999
15763 2 2 0 1 4224 8111 8110
15764 2 2 0 1 4224 3971 8110
15765 2 2 0 1 4222 8112 8111
15766 2 2 0 1 4222 4224 8111
15767 2 2 0 1 4220 8113 8112
15768 2 2 0 1 4220 4222 8112
15769 2 2 0 1 4218 8114 8113
15770 2 2 0 1 4218 4220 8113
15771 2 2 0 1 4216 8115 8114
15772 2 2 0 1 4216 4218 8114
15773 2 2 0 1 8116 4216 8115
15774 2 2 0 1 4214 4216 8116
15775 2 2 0 1 8117 4214 8116
15776 2 2 0 1 4212 4214 8117
15777 2 2 0 1 8118 4212 8117
15778 2 2 0 1 4210 4212 8118
15779 2 2 0 1 8119 4210 8118
15780 2 2 0 1 4208 4210 8119
15781 2 2 0 1 8120 4208 8119
15782 2 2 0 1 4206 4208 8120
15783 2 2 0 1 8122 4206 8120
15784 2 2 0 1 4204 4206 8122
15785 2 2 0 1 8123 4204 8122
15786 2 2 0 1 4202 4204 8123
15787 2 2 0 1 8126 4202 8123
15788 2 2 0 1 4200 4202 8126
15789 2 2 0 1 8124 4200 8126
15790 2 2 0 1 4198 4200 8124
15791 2 2 0 1 3971 8110 8095
15792 2 2 0 1 8124 4198 4196
15793 2 2 0 1 3882 8127 3881
15794 2 2 0 1 8128 8127 3882
15795 2 2 0 1 8129 3883 3882
15796 2 2 0 1 8129 8128 3882
15797 2 2 0 1 8130 3884 3883
15798 2 2 0 1 8130 8129 3883
15799 2 2 0 1 8131 3885 3884
15800 2 2 0 1 8131 8130 3884
15801 2 2 0 1 8132 3886 3885
15802 2 2 0 1 8132 8131 3885
15803 2 2 0 1 8133 3887 3886
15804 2 2 0 1 8133 8132 3886
15805 2 2 0 1 8134 3888 3887
15806 2 2 0 1 8134 8133 3887
15807 2 2 0 1 8135 3889 3888
15808 2 2 0 1 8135 8134 3888
15809 2 2 0 1 8136 3890 3889
15810 2 2 0 1 8136 8135 3889
15811 2 2 0 1 8137 3891 3890
15812 2 2 0 1 8137 8136 3890
15813 2 2 0 1 8138 3892 3891
15814 2 2 0 1 8138 8137 3891
15815 2 2 0 1 8139 3893 3892
15816 2 2 0 1 8139 8138 3892
15817 2 2 0 1 8140 3894 3893
15818 2 2 0 1 8140 8139 3893
15819 2 2 0 1 8141 3895 3894
15820 2 2 0 1 8141 8140 3894
15821 2 2 0 1 8142 3896 3895
15822 2 2 0 1 8142 8141 3895
15823 2 2 0 1 8143 3897 3896
15824 2 2 0 1 8143 8142 3896
15825 2 2 0 1 8144 3898 3897
15826 2 2 0 1 8144 8143 3897
15827 2 2 0 1 8145 3899 3898
15828 2 2 0 1 8145 8144 3898
15829 2 2 0 1 8146 3900 3899
15830 2 2 0 1 8146 8145 3899
15831 2 2 0 1 8147 3901 3900
15832 2 2 0 1 8147 8146 3900
15833 2 2 0 1 8148 3902 3901
15834 2 2 0 1 8148 8147 3901
15835 2 2 0 1 8149 3903 3902
15836 2 2 0 1 8149 8148 3902
15837 2 2 0 1 8150 3904 3903
15838 2 2 0 1 8150 8149 3903
15839 2 2 0 1 8151 3905 3904
15840 2 2 0 1 8151 8150 3904
15841 2 2 0 1 3906 8151 3905
15842 2 2 0 1 8152 8151 3906
15843 2 2 0 1 3907 8152 3906
15844 2 2 0 1 8153 8152 3907
15845 2 2 0 1 3908 8153 3907
15846 2 2 0 1 8154 8153 3908
15847 2 2 0 1 3909 8154 3908
15848 2 2 0 1 8155 8154 3909
15849 2 2 0 1 3910 8155 3909
15850 2 2 0 1 8156 8155 3910
15851 2 2 0 1 3911 8156 3910
15852 2 2 0 1 8157 8156 3911
15853 2 2 0 1 3912 8157 3911
15854 2 2 0 1 8158 8157 3912
15855 2 2 0 1 3913 8158 3912
15856 2 2 0 1 8159 8158 3913
15857 2 2 0 1 3914 8159 3913
15858 2 2 0 1 8160 8159 3914
15859 2 2 0 1 3915 8160 3914
15860 2 2 0 1 8161 8160 3915
15861 2 2 0 1 3916 8161 3915
15862 2 2 0 1 8162 8161 3916
15863 2 2 0 1 3917 8162 3916
15864 2 2 0 1 8163 8162 3917
15865 2 2 0 1 3918 8163 3917
15866 2 2 0 1 8164 8163 3918
15867 2 2 0 1 3919 8164 3918
15868 2 2 0 1 8165 8164 3919
15869 2 2 0 1 3920 8165 3919
15870 2 2 0 1 8166 8165 3920
15871 2 2 0 1 3921 8166 3920
15872 2 2 0 1 8167 8166 3921
15873 2 2 0 1 3922 8167 3921
15874 2 2 0 1 8168 8167 3922
15875 2 2 0 1 3923 8168 3922
15876 2 2 0 1 8169 8168 3923
15877 2 2 0 1 3924 8169 3923
15878 2 2 0 1 8170 8169 3924
15879 2 2 0 1 3925 8170 3924
15880 2 2 0 1 8171 8170 3925
15881 2 2 0 1 3926 8171 3925
15882 2 2 0 1 8172 8171 3926
15883 2 2 0 1 3927 8172 3926
15884 2 2 0 1 8173 8172 3927
15885 2 2 0 1 3928 8173 3927
15886 2 2 0 1 8174 8173 3928
15887 2 2 0 1 8175 3929 3928
15888 2 2 0 1 8175 8174 3928
15889 2 2 0 1 8128 8176 8127
15890 2 2 0 1 8177 8176 8128
15891 2 2 0 1 8178 8129 8128
15892 2 2 0 1 8178 8177 8128
15893 2 2 0 1 8179 8130 8129
15894 2 2 0 1 8179 8178 8129
15895 2 2 0 1 8180 8131 8130
15896 2 2 0 1 8180 8179 8130
15897 2 2 0 1 8181 8132 8131
15898 2 2 0 1 8181 8180 8131
15899 2 2 0 1 8182 8133 8132
15900 2 2 0 1 8182 8181 8132
15901 2 2 0 1 8183 8134 8133
15902 2 2 0 1 8183 8182 8133
15903 2 2 0 1 8184 8135 8134
15904 2 2 0 1 8184 8183 8134
15905 2 2 0 1 8185 8136 8135
15906 2 2 0 1 8185 8184 8135
15907 2 2 0 1 8186 8137 8136
15908 2 2 0 1 8186 8185 8136
15909 2 2 0 1 8187 8138 8137
15910 2 2 0 1 8187 8186 8137
15911 2 2 0 1 8188 8139 8138
15912 2 2 0 1 8188 8187 8138
15913 2 2 0 1 8189 8140 8139
15914 2 2 0 1 8189 8188 8139
15915 2 2 0 1 8190 8141 8140
15916 2 2 0 1 8190 8189 8140
15917 2 2 0 1 8191 8142 8141
15918 2 2 0 1 8191 8190 8141
15919 2 2 0 1 8192 8143 8142
15920 2 2 0 1 8192 8191 8142
15921 2 2 0 1 8193 8144 8143
15922 2 2 0 1 8193 8192 8143
15923 2 2 0 1 8194 8145 8144
15924 2 2 0 1 8194 8193 8144
15925 2 2 0 1 8195 8146 8145
15926 2 2 0 1 8195 8194 8145
15927 2 2 0 1 8196 8147 8146
15928 2 2 0 1 8196 8195 8146
15929 2 2 0 1 8197 8148 8147
15930 2 2 0 1 8197 8196 8147
15931 2 2 0 1 8198 8149 8148
15932 2 2 0 1 8198 8197 8148
15933 2 2 0 1 8199 8150 8149
15934 2 2 0 1 8199 8198 8149
15935 2 2 0 1 8200 8151 8150
15936 2 2 0 1 8200 8199 8150
15937 2 2 0 1 8152 8200 8151
15938 2 2 0 1 8201 8200 8152
15939 2 2 0 1 8153 8201 8152
15940 2 2 0 1 8202 8201 8153
15941 2 2 0 1 8154 8202 8153
15942 2 2 0 1 8203 8202 8154
15943 2 2 0 1 8155 8203 8154
15944 2 2 0 1 8204 8203 8155
15945 2 2 0 1 8156 8204 8155
15946 2 2 0 1 8205 8204 8156
15947 2 2 0 1 8157 8205 8156
15948 2 2 0 1 8206 8205 8157
15949 2 2 0 1 8158 8206 8157
15950 2 2 0 1 8207 8206 8158
15951 2 2 0 1 8159 8207 8158
15952 2 2 0 1 8208 8207 8159
15953 2 2 0 1 8160 8208 8159
15954 2 2 0 1 8209 8208 8160
15955 2 2 0 1 8161 8209 8160
15956 2 2 0 1 8210 8209 8161
15957 2 2 0 1 8162 8210 8161
15958 2 2 0 1 8211 8210 8162
15959 2 2 0 1 8163 8211 8162
15960 2 2 0 1 8212 8211 8163
15961 2 2 0 1 8164 8212 8163
15962 2 2 0 1 8213 8212 8164
15963 2 2 0 1 8165 8213 8164
15964 2 2 0 1 8214 8213 8165
15965 2 2 0 1 8166 8214 8165
15966 2 2 0 1 8215 8214 8166
15967 2 2 0 1 8167 8215 8166
15968 2 2 0 1 8216 8215 8167
15969 2 2 0 1 8168 8216 8167
15970 2 2 0 1 8217 8216 8168
15971 2 2 0 1 8169 8217 8168
15972 2 2 0 1 8218 8217 8169
15973 2 2 0 1 8170 8218 8169
15974 2 2 0 1 8219 8218 8170
15975 2 2 0 1 8171 8219 8170
15976 2 2 0 1 8220 8219 8171
15977 2 2 0 1 8172 8220 8171
15978 2 2 0 1 8221 8220 8172
15979 2 2 0 1 8173 8221 8172
15980 2 2 0 1 8222 8221 8173
15981 2 2 0 1 8174 8222 8173
15982 2 2 0 1 8223 8222 8174
15983 2 2 0 1 8224 8175 8174
15984 2 2 0 1 8224 8223 8174
15985 2 2 0 1 8177 4049 8176
15986 2 2 0 1 4051 4049 8177
15987 2 2 0 1 4054 8178 8177
15988 2 2 0 1 4054 4051 8177
15989 2 2 0 1 4056 8179 8178
15990 2 2 0 1 4056 4054 8178
15991 2 2 0 1 4058 8180 8179
15992 2 2 0 1 4058 4056 8179
15993 2 2 0 1 4060 8181 8180
15994 2 2 0 1 4060 4058 8180
15995 2 2 0 1 4062 8182 8181
15996 2 2 0 1 4062 4060 8181
15997 2 2 0 1 4064 8183 8182
15998 2 2 0 1 4064 4062 8182
15999 2 2 0 1 4066 8184 8183
16000 2 2 0 1 4066 4064 8183
16001 2 2 0 1 4068 8185 8184
16002 2 2 0 1 4068 4066 8184
16003 2 2 0 1 4070 8186 8185
16004 2 2 0 1 4070 4068 8185
16005 2 2 0 1 4072 8187 8186
16006 2 2 0 1 4072 4070 8186
16007 2 2 0 1 4074 8188 8187
16008 2 2 0 1 4074 4072 8187
16009 2 2 0 1 4076 8189 8188
16010 2 2 0 1 4076 4074 8188
16011 2 2 0 1 4078 8190 8189
16012 2 2 0 1 4078 4076 8189
16013 2 2 0 1 4080 8191 8190
16014 2 2 0 1 4080 4078 8190
16015 2 2 0 1 4082 8192 8191
16016 2 2 0 1 4082 4080 8191
16017 2 2 0 1 4084 8193 8192
16018 2 2 0 1 4084 4082 8192
16019 2 2 0 1 4086 8194 8193
16020 2 2 0 1 4086 4084 8193
16021 2 2 0 1 4088 8195 8194
16022 2 2 0 1 4088 4086 8194
16023 2 2 0 1 4090 8196 8195
16024 2 2 0 1 4090 4088 8195
16025 2 2 0 1 4092 8197 8196
16026 2 2 0 1 4092 4090 8196
16027 2 2 0 1 4094 8198 8197
16028 2 2 0 1 4094 4092 8197
16029 2 2 0 1 4096 8199 8198
16030 2 2 0 1 4096 4094 8198
16031 2 2 0 1 4098 8200 8199
16032 2 2 0 1 4098 4096 8199
16033 2 2 0 1 8201 4098 8200
16034 2 2 0 1 4099 4098 8201
16035 2 2 0 1 8202 4099 8201
16036 2 2 0 1 4101 4099 8202
16037 2 2 0 1 8203 4101 8202
16038 2 2 0 1 4103 4101 8203
16039 2 2 0 1 8204 4103 8203
16040 2 2 0 1 4105 4103 8204
16041 2 2 0 1 8205 4105 8204
16042 2 2 0 1 4107 4105 8205
16043 2 2 0 1 8206 4107 8205
16044 2 2 0 1 4109 4107 8206
16045 2 2 0 1 8207 4109 8206
16046 2 2 0 1 4111 4109 8207
16047 2 2 0 1 8208 4111 8207
16048 2 2 0 1 4113 4111 8208
16049 2 2 0 1 8209 4113 8208
16050 2 2 0 1 4115 4113 8209
16051 2 2 0 1 8210 4115 8209
16052 2 2 0 1 4117 4115 8210
16053 2 2 0 1 8211 4117 8210
16054 2 2 0 1 4119 4117 8211
16055 2 2 0 1 8212 4119 8211
16056 2 2 0 1 4121 4119 8212
16057 2 2 0 1 8213 4121 8212
16058 2 2 0 1 4123 4121 8213
16059 2 2 0 1 8214 4123 8213
16060 2 2 0 1 4125 4123 8214
16061 2 2 0 1 8215 4125 8214
16062 2 2 0 1 4127 4125 8215
16063 2 2 0 1 8216 4127 8215
16064 2 2 0 1 4129 4127 8216
16065 2 2 0 1 8217 4129 8216
16066 2 2 0 1 4131 4129 8217
16067 2 2 0 1 8218 4131 8217
16068 2 2 0 1 4133 4131 8218
16069 2 2 0 1 8219 4133 8218
16070 2 2 0 1 4135 4133 8219
16071 2 2 0 1 8220 4135 8219
16072 2 2 0 1 4137 4135 8220
16073 2 2 0 1 8221 4137 8220
16074 2 2 0 1 4139 4137 8221
16075 2 2 0 1 8222 4139 8221
16076 2 2 0 1 4141 4139 8222
16077 2 2 0 1 8223 4141 8222
16078 2 2 0 1 4143 4141 8223
16079 2 2 0 1 4146 8224 8223
16080 2 2 0 1 4146 4143 8223
16081 2 2 0 1 3860 8079 3859
16082 2 2 0 1 8225 8079 3860
16083 2 2 0 1 3861 8225 3860
16084 2 2 0 1 8226 8225 3861
16085 2 2 0 1 3862 8226 3861
16086 2 2 0 1 8227 8226 3862
16087 2 2 0 1 3863 8227 3862
16088 2 2 0 1 8228 8227 3863
16089 2 2 0 1 3864 8228 3863
16090 2 2 0 1 8229 8228 3864
16091 2 2 0 1 3865 8229 3864
16092 2 2 0 1 8230 8229 3865
16093 2 2 0 1 3866 8230 3865
16094 2 2 0 1 8231 8230 3866
16095 2 2 0 1 8232 3867 3866
16096 2 2 0 1 8232 8231 3866
16097 2 2 0 1 8233 3868 3867
16098 2 2 0 1 8233 8232 3867
16099 2 2 0 1 8234 3869 3868
16100 2 2 0 1 8234 8233 3868
16101 2 2 0 1 8235 3870 3869
16102 2 2 0 1 8235 8234 3869
16103 2 2 0 1 8236 3871 3870
16104 2 2 0 1 8236 8235 3870
16105 2 2 0 1 8237 3872 3871
16106 2 2 0 1 8237 8236 3871
16107 2 2 0 1 8238 8237 3872
16108 2 2 0 1 8239 8238 3872
16109 2 2 0 1 3873 8239 3872
16110 2 2 0 1 8240 8239 3873
16111 2 2 0 1 3874 8240 3873
16112 2 2 0 1 8241 8240 3874
16113 2 2 0 1 3875 8241 3874
16114 2 2 0 1 8242 8241 3875
16115 2 2 0 1 3876 8242 3875
16116 2 2 0 1 8243 8242 3876
16117 2 2 0 1 8244 3877 3876
16118 2 2 0 1 8244 8243 3876
16119 2 2 0 1 8245 3878 3877
16120 2 2 0 1 8245 8244 3877
16121 2 2 0 1 8246 3879 3878
16122 2 2 0 1 8246 8245 3878
16123 2 2 0 1 8247 3880 3879
16124 2 2 0 1 8247 8246 3879
16125 2 2 0 1 8248 3881 3880
16126 2 2 0 1 8248 8247 3880
16127 2 2 0 1 8079 3857 3856
16128 2 2 0 1 8079 3858 3857
16129 2 2 0 1 8079 3859 3858
16130 2 2 0 1 3881 8127 8248
16131 2 2 0 1 8227 8109 8226
16132 2 2 0 1 8249 8109 8227
16133 2 2 0 1 8228 8249 8227
16134 2 2 0 1 8250 8249 8228
16135 2 2 0 1 8229 8250 8228
16136 2 2 0 1 8251 8250 8229
16137 2 2 0 1 8230 8251 8229
16138 2 2 0 1 8252 8251 8230
16139 2 2 0 1 8231 8252 8230
16140 2 2 0 1 8253 8252 8231
16141 2 2 0 1 8232 8253 8231
16142 2 2 0 1 8254 8253 8232
16143 2 2 0 1 8233 8254 8232
16144 2 2 0 1 8255 8254 8233
16145 2 2 0 1 8256 8234 8233
16146 2 2 0 1 8256 8255 8233
16147 2 2 0 1 8257 8256 8234
16148 2 2 0 1 8258 8257 8234
16149 2 2 0 1 8235 8258 8234
16150 2 2 0 1 8259 8258 8235
16151 2 2 0 1 8236 8259 8235
16152 2 2 0 1 8260 8259 8236
16153 2 2 0 1 8237 8260 8236
16154 2 2 0 1 8261 8260 8237
16155 2 2 0 1 8238 8261 8237
16156 2 2 0 1 8262 8261 8238
16157 2 2 0 1 8239 8262 8238
16158 2 2 0 1 8263 8262 8239
16159 2 2 0 1 8240 8263 8239
16160 2 2 0 1 8264 8263 8240
16161 2 2 0 1 8241 8264 8240
16162 2 2 0 1 8265 8264 8241
16163 2 2 0 1 8242 8265 8241
16164 2 2 0 1 8266 8265 8242
16165 2 2 0 1 8243 8266 8242
16166 2 2 0 1 8267 8266 8243
16167 2 2 0 1 8244 8267 8243
16168 2 2 0 1 8268 8267 8244
16169 2 2 0 1 8245 8268 8244
16170 2 2 0 1 8269 8268 8245
16171 2 2 0 1 8246 8269 8245
16172 2 2 0 1 8270 8269 8246
16173 2 2 0 1 8247 8270 8246
16174 2 2 0 1 8271 8270 8247
16175 2 2 0 1 8248 8271 8247
16176 2 2 0 1 8272 8271 8248
16177 2 2 0 1 8127 8272 8248
16178 2 2 0 1 8176 8272 8127
16179 2 2 0 1 8109 8225 8079
16180 2 2 0 1 8109 8226 8225
16181 2 2 0 1 8250 3999 8249
16182 2 2 0 1 4001 3999 8250
16183 2 2 0 1 8251 4001 8250
16184 2 2 0 1 4003 4001 8251
16185 2 2 0 1 8252 4003 8251
16186 2 2 0 1 4005 4003 8252
16187 2 2 0 1 8253 4005 8252
16188 2 2 0 1 4007 4005 8253
16189 2 2 0 1 8254 4007 8253
16190 2 2 0 1 4009 4007 8254
16191 2 2 0 1 8255 4009 8254
16192 2 2 0 1 4011 4009 8255
16193 2 2 0 1 8256 4011 8255
16194 2 2 0 1 4013 4011 8256
16195 2 2 0 1 8257 4013 8256
16196 2 2 0 1 4015 4013 8257
16197 2 2 0 1 8258 4015 8257
16198 2 2 0 1 4017 4015 8258
16199 2 2 0 1 8259 4017 8258
16200 2 2 0 1 4019 4017 8259
16201 2 2 0 1 8260 4019 8259
16202 2 2 0 1 4021 4019 8260
16203 2 2 0 1 8261 4021 8260
16204 2 2 0 1 4023 4021 8261
16205 2 2 0 1 8262 4023 8261
16206 2 2 0 1 4025 4023 8262
16207 2 2 0 1 8263 4025 8262
16208 2 2 0 1 4027 4025 8263
16209 2 2 0 1 4029 8264 8263
16210 2 2 0 1 4029 4027 8263
16211 2 2 0 1 4031 8265 8264
16212 2 2 0 1 4031 4029 8264
16213 2 2 0 1 4033 8266 8265
16214 2 2 0 1 4033 4031 8265
16215 2 2 0 1 4035 8267 8266
16216 2 2 0 1 4035 4033 8266
16217 2 2 0 1 4037 8268 8267
16218 2 2 0 1 4037 4035 8267
16219 2 2 0 1 4039 8269 8268
16220 2 2 0 1 4039 4037 8268
16221 2 2 0 1 4041 8270 8269
16222 2 2 0 1 4041 4039 8269
16223 2 2 0 1 4043 8271 8270
16224 2 2 0 1 4043 4041 8270
16225 2 2 0 1 4045 8272 8271
16226 2 2 0 1 4045 4043 8271
16227 2 2 0 1 4047 8176 8272
16228 2 2 0 1 4047 4045 8272
16229 2 2 0 1 3999 8249 8109
16230 2 2 0 1 8176 4049 4047
16231 2 2 0 1 3950 8093 3951
16232 2 2 0 1 8273 8093 3950
16233 2 2 0 1 3949 8273 3950
16234 2 2 0 1 8274 8273 3949
16235 2 2 0 1 3948 8274 3949
16236 2 2 0 1 8275 8274 3948
16237 2 2 0 1 3947 8275 3948
16238 2 2 0 1 8276 8275 3947
16239 2 2 0 1 3946 8276 3947
16240 2 2 0 1 8277 8276 3946
16241 2 2 0 1 3945 8277 3946
16242 2 2 0 1 8278 8277 3945
16243 2 2 0 1 3944 8278 3945
16244 2 2 0 1 8279 8278 3944
16245 2 2 0 1 8280 3943 3944
16246 2 2 0 1 8280 8279 3944
16247 2 2 0 1 8281 3942 3943
16248 2 2 0 1 8281 8280 3943
16249 2 2 0 1 8282 3941 3942
16250 2 2 0 1 8282 8281 3942
16251 2 2 0 1 8283 3940 3941
16252 2 2 0 1 8283 8282 3941
16253 2 2 0 1 8284 3939 3940
16254 2 2 0 1 8284 8283 3940
16255 2 2 0 1 8285 3938 3939
16256 2 2 0 1 8285 8284 3939
16257 2 2 0 1 8286 8285 3938
16258 2 2 0 1 8287 8286 3938
16259 2 2 0 1 3937 8287 3938
16260 2 2 0 1 8288 8287 3937
16261 2 2 0 1 3936 8288 3937
16262 2 2 0 1 8289 8288 3936
16263 2 2 0 1 3935 8289 3936
16264 2 2 0 1 8290 8289 3935
16265 2 2 0 1 3934 8290 3935
16266 2 2 0 1 8291 8290 3934
16267 2 2 0 1 8292 3933 3934
16268 2 2 0 1 8292 8291 3934
16269 2 2 0 1 8293 3932 3933
16270 2 2 0 1 8293 8292 3933
16271 2 2 0 1 8294 3931 3932
16272 2 2 0 1 8294 8293 3932
16273 2 2 0 1 8295 3930 3931
16274 2 2 0 1 8295 8294 3931
16275 2 2 0 1 8296 3929 3930
16276 2 2 0 1 8296 8295 3930
16277 2 2 0 1 8093 3953 3954
16278 2 2 0 1 8093 3952 3953
16279 2 2 0 1 8093 3951 3952
16280 2 2 0 1 3929 8175 8296
16281 2 2 0 1 8275 8124 8274
16282 2 2 0 1 8297 8124 8275
16283 2 2 0 1 8276 8297 8275
16284 2 2 0 1 8298 8297 8276
16285 2 2 0 1 8277 8298 8276
16286 2 2 0 1 8299 8298 8277
16287 2 2 0 1 8278 8299 8277
16288 2 2 0 1 8300 8299 8278
16289 2 2 0 1 8279 8300 8278
16290 2 2 0 1 8301 8300 8279
16291 2 2 0 1 8280 8301 8279
16292 2 2 0 1 8302 8301 8280
16293 2 2 0 1 8281 8302 8280
16294 2 2 0 1 8303 8302 8281
16295 2 2 0 1 8304 8282 8281
16296 2 2 0 1 8304 8303 8281
16297 2 2 0 1 8305 8304 8282
16298 2 2 0 1 8306 8305 8282
16299 2 2 0 1 8283 8306 8282
16300 2 2 0 1 8307 8306 8283
16301 2 2 0 1 8284 8307 8283
16302 2 2 0 1 8308 8307 8284
16303 2 2 0 1 8285 8308 8284
16304 2 2 0 1 8309 8308 8285
16305 2 2 0 1 8286 8309 8285
16306 2 2 0 1 8310 8309 8286
16307 2 2 0 1 8287 8310 8286
16308 2 2 0 1 8311 8310 8287
16309 2 2 0 1 8288 8311 8287
16310 2 2 0 1 8312 8311 8288
16311 2 2 0 1 8289 8312 8288
16312 2 2 0 1 8313 8312 8289
16313 2 2 0 1 8290 8313 8289
16314 2 2 0 1 8314 8313 8290
16315 2 2 0 1 8291 8314 8290
16316 2 2 0 1 8315 8314 8291
16317 2 2 0 1 8292 8315 8291
16318 2 2 0 1 8316 8315 8292
16319 2 2 0 1 8293 8316 8292
16320 2 2 0 1 8317 8316 8293
16321 2 2 0 1 8294 8317 8293
16322 2 2 0 1 8318 8317 8294
16323 2 2 0 1 8295 8318 8294
16324 2 2 0 1 8319 8318 8295
16325 2 2 0 1 8296 8319 8295
16326 2 2 0 1 8320 8319 8296
16327 2 2 0 1 8175 8320 8296
16328 2 2 0 1 8224 8320 8175
16329 2 2 0 1 8124 8273 8093
16330 2 2 0 1 8124 8274 8273
16331 2 2 0 1 8298 4196 8297
16332 2 2 0 1 4194 4196 8298
16333 2 2 0 1 8299 4194 8298
16334 2 2 0 1 4192 4194 8299
16335 2 2 0 1 8300 4192 8299
16336 2 2 0 1 4190 4192 8300
16337 2 2 0 1 8301 4190 8300
16338 2 2 0 1 4188 4190 8301
16339 2 2 0 1 8302 4188 8301
16340 2 2 0 1 4186 4188 8302
16341 2 2 0 1 8303 4186 8302
16342 2 2 0 1 4184 4186 8303
16343 2 2 0 1 8304 4184 8303
16344 2 2 0 1 4182 4184 8304
16345 2 2 0 1 8305 4182 8304
16346 2 2 0 1 4180 4182 8305
16347 2 2 0 1 8306 4180 8305
16348 2 2 0 1 4178 4180 8306
16349 2 2 0 1 8307 4178 8306
16350 2 2 0 1 4176 4178 8307
16351 2 2 0 1 8308 4176 8307
16352 2 2 0 1 4174 4176 8308
16353 2 2 0 1 8309 4174 8308
16354 2 2 0 1 4172 4174 8309
16355 2 2 0 1 8310 4172 8309
16356 2 2 0 1 4170 4172 8310
16357 2 2 0 1 8311 4170 8310
16358 2 2 0 1 4168 4170 8311
16359 2 2 0 1 4166 8312 8311
16360 2 2 0 1 4166 4168 8311
16361 2 2 0 1 4164 8313 8312
16362 2 2 0 1 4164 4166 8312
16363 2 2 0 1 4162 8314 8313
16364 2 2 0 1 4162 4164 8313
16365 2 2 0 1 4160 8315 8314
16366 2 2 0 1 4160 4162 8314
16367 2 2 0 1 4158 8316 8315
16368 2 2 0 1 4158 4160 8315
16369 2 2 0 1 4156 8317 8316
16370 2 2 0 1 4156 4158 8316
16371 2 2 0 1 4154 8318 8317
16372 2 2 0 1 4154 4156 8317
16373 2 2 0 1 4152 8319 8318
16374 2 2 0 1 4152 4154 8318
16375 2 2 0 1 4150 8320 8319
16376 2 2 0 1 4150 4152 8319
16377 2 2 0 1 4148 8224 8320
16378 2 2 0 1 4148 4150 8320
16379 2 2 0 1 4196 8297 8124
16380 2 2 0 1 8224 4146 4148
$EndElements
